# Blender 4.3.2
# www.blender.org
mtllib lights.mtl
o green
v 0.033919 0.089924 -0.006598
v 0.032559 0.089924 -0.012567
v 0.033919 0.088713 -0.006479
v 0.034378 0.089924 -0.000390
v 0.033919 0.091135 -0.006479
v 0.032559 0.092299 -0.012333
v 0.033919 0.092299 -0.006126
v 0.032559 0.094584 -0.011640
v 0.033919 0.093373 -0.005552
v 0.032559 0.096689 -0.010515
v 0.033919 0.094313 -0.004780
v 0.032559 0.098534 -0.009001
v 0.033919 0.095085 -0.003839
v 0.032559 0.100049 -0.007156
v 0.033919 0.095659 -0.002766
v 0.032559 0.101174 -0.005050
v 0.033919 0.096012 -0.001601
v 0.032559 0.101867 -0.002766
v 0.033919 0.096132 -0.000390
v 0.032559 0.102101 -0.000390
v 0.033919 0.096012 0.000821
v 0.032559 0.101867 0.001985
v 0.033919 0.095659 0.001985
v 0.032559 0.101174 0.004269
v 0.033919 0.095085 0.003058
v 0.032559 0.100049 0.006375
v 0.033919 0.094313 0.003999
v 0.032559 0.098534 0.008220
v 0.033919 0.093373 0.004771
v 0.032559 0.096689 0.009734
v 0.033919 0.092299 0.005345
v 0.032559 0.094584 0.010860
v 0.033919 0.091135 0.005698
v 0.032559 0.092299 0.011553
v 0.033919 0.089924 0.005817
v 0.032559 0.089924 0.011786
v 0.033919 0.088713 0.005698
v 0.032559 0.087548 0.011553
v 0.033919 0.087548 0.005345
v 0.032559 0.085264 0.010860
v 0.033919 0.086475 0.004771
v 0.032559 0.083159 0.009734
v 0.033919 0.085534 0.003999
v 0.032559 0.081313 0.008220
v 0.033919 0.084762 0.003058
v 0.032559 0.079799 0.006375
v 0.033919 0.084189 0.001985
v 0.032559 0.078674 0.004269
v 0.033919 0.083835 0.000821
v 0.032559 0.077981 0.001985
v 0.033919 0.083716 -0.000390
v 0.032559 0.077747 -0.000390
v 0.033919 0.083835 -0.001601
v 0.032559 0.077981 -0.002766
v 0.033919 0.084189 -0.002766
v 0.032559 0.078674 -0.005050
v 0.033919 0.084762 -0.003839
v 0.032559 0.079799 -0.007156
v 0.033919 0.085534 -0.004780
v 0.032559 0.081313 -0.009001
v 0.033919 0.086475 -0.005552
v 0.032559 0.083159 -0.010515
v 0.033919 0.087548 -0.006126
v 0.032559 0.085264 -0.011640
v 0.030351 0.083159 -0.016723
v 0.032559 0.087548 -0.012333
v 0.030351 0.086475 -0.017729
v 0.027378 0.085534 -0.022458
v 0.030351 0.089924 -0.018069
v 0.027378 0.089924 -0.022890
v 0.030351 0.093373 -0.017729
v 0.027378 0.094313 -0.022458
v 0.030351 0.096689 -0.016723
v 0.027378 0.098534 -0.021178
v 0.030351 0.099745 -0.015089
v 0.027378 0.102424 -0.019098
v 0.030351 0.102424 -0.012891
v 0.027378 0.105834 -0.016300
v 0.030351 0.104623 -0.010212
v 0.027378 0.108632 -0.012891
v 0.030351 0.106256 -0.007156
v 0.027378 0.110711 -0.009001
v 0.030351 0.107262 -0.003839
v 0.027378 0.111992 -0.004780
v 0.030351 0.107602 -0.000390
v 0.027378 0.112424 -0.000390
v 0.030351 0.107262 0.003058
v 0.027378 0.111992 0.003999
v 0.030351 0.106256 0.006375
v 0.027378 0.110711 0.008220
v 0.030351 0.104623 0.009431
v 0.027378 0.108632 0.012110
v 0.030351 0.102424 0.012110
v 0.027378 0.105834 0.015519
v 0.030351 0.099745 0.014308
v 0.027378 0.102424 0.018318
v 0.030351 0.096689 0.015942
v 0.027378 0.098534 0.020397
v 0.030351 0.093373 0.016948
v 0.027378 0.094313 0.021677
v 0.030351 0.089924 0.017288
v 0.027378 0.089924 0.022110
v 0.030351 0.086475 0.016948
v 0.027378 0.085534 0.021677
v 0.030351 0.083159 0.015942
v 0.027378 0.081313 0.020397
v 0.030351 0.080102 0.014308
v 0.027378 0.077424 0.018318
v 0.030351 0.077424 0.012110
v 0.027378 0.074014 0.015519
v 0.030351 0.075225 0.009431
v 0.027378 0.071216 0.012110
v 0.030351 0.073591 0.006375
v 0.027378 0.069137 0.008220
v 0.030351 0.072585 0.003058
v 0.027378 0.067856 0.003999
v 0.030351 0.072246 -0.000390
v 0.027378 0.067424 -0.000390
v 0.030351 0.072585 -0.003839
v 0.027378 0.067856 -0.004780
v 0.030351 0.073591 -0.007156
v 0.027378 0.069137 -0.009001
v 0.030351 0.075225 -0.010212
v 0.027378 0.071216 -0.012891
v 0.030351 0.077424 -0.012891
v 0.027378 0.074014 -0.016300
v 0.030351 0.080102 -0.015089
v 0.027378 0.077424 -0.019098
v 0.027378 0.081313 -0.021178
vn 0.9748 0.0219 -0.2221
vn 0.9748 -0.0219 -0.2221
vn 0.9972 -0.0073 -0.0738
vn 0.9972 0.0073 -0.0738
vn 0.9748 0.0648 -0.2136
vn 0.9972 0.0215 -0.0709
vn 0.9748 0.1052 -0.1968
vn 0.9972 0.0349 -0.0654
vn 0.9748 0.1416 -0.1725
vn 0.9972 0.0470 -0.0573
vn 0.9748 0.1725 -0.1416
vn 0.9972 0.0573 -0.0470
vn 0.9748 0.1968 -0.1052
vn 0.9972 0.0654 -0.0349
vn 0.9748 0.2136 -0.0648
vn 0.9972 0.0709 -0.0215
vn 0.9748 0.2221 -0.0219
vn 0.9972 0.0738 -0.0073
vn 0.9748 0.2221 0.0219
vn 0.9972 0.0738 0.0073
vn 0.9748 0.2136 0.0648
vn 0.9972 0.0709 0.0215
vn 0.9748 0.1968 0.1052
vn 0.9972 0.0654 0.0349
vn 0.9748 0.1725 0.1416
vn 0.9972 0.0573 0.0470
vn 0.9972 0.0470 0.0573
vn 0.9748 0.1416 0.1725
vn 0.9748 0.1052 0.1968
vn 0.9972 0.0349 0.0654
vn 0.9748 0.0648 0.2136
vn 0.9972 0.0215 0.0709
vn 0.9748 0.0219 0.2221
vn 0.9972 0.0073 0.0738
vn 0.9748 -0.0219 0.2221
vn 0.9972 -0.0073 0.0738
vn 0.9748 -0.0648 0.2136
vn 0.9972 -0.0215 0.0709
vn 0.9748 -0.1052 0.1968
vn 0.9972 -0.0349 0.0654
vn 0.9748 -0.1416 0.1725
vn 0.9972 -0.0470 0.0573
vn 0.9748 -0.1725 0.1416
vn 0.9972 -0.0573 0.0470
vn 0.9748 -0.1968 0.1052
vn 0.9972 -0.0654 0.0349
vn 0.9748 -0.2136 0.0648
vn 0.9972 -0.0709 0.0215
vn 0.9748 -0.2221 0.0219
vn 0.9972 -0.0738 0.0073
vn 0.9748 -0.2221 -0.0219
vn 0.9972 -0.0738 -0.0073
vn 0.9748 -0.2136 -0.0648
vn 0.9972 -0.0709 -0.0215
vn 0.9748 -0.1968 -0.1052
vn 0.9972 -0.0654 -0.0349
vn 0.9748 -0.1725 -0.1416
vn 0.9972 -0.0573 -0.0470
vn 0.9748 -0.1416 -0.1725
vn 0.9972 -0.0470 -0.0573
vn 0.9748 -0.1052 -0.1968
vn 0.9972 -0.0349 -0.0654
vn 0.9748 -0.0648 -0.2136
vn 0.9972 -0.0215 -0.0709
vn 0.9274 -0.1764 -0.3299
vn 0.9274 -0.1086 -0.3580
vn 0.9274 -0.0367 -0.3723
vn 0.8501 -0.1529 -0.5039
vn 0.8501 -0.0516 -0.5240
vn 0.9274 0.0367 -0.3723
vn 0.8501 0.0516 -0.5240
vn 0.9274 0.1086 -0.3580
vn 0.8501 0.1529 -0.5039
vn 0.9274 0.1764 -0.3299
vn 0.8501 0.2482 -0.4644
vn 0.9274 0.2373 -0.2892
vn 0.8501 0.3340 -0.4070
vn 0.9274 0.2892 -0.2373
vn 0.8501 0.4070 -0.3340
vn 0.9274 0.3299 -0.1764
vn 0.8501 0.4644 -0.2482
vn 0.9274 0.3580 -0.1086
vn 0.8501 0.5039 -0.1529
vn 0.9274 0.3723 -0.0367
vn 0.8501 0.5240 -0.0516
vn 0.9274 0.3723 0.0367
vn 0.8501 0.5240 0.0516
vn 0.9274 0.3580 0.1086
vn 0.8501 0.5039 0.1529
vn 0.9274 0.3299 0.1764
vn 0.8501 0.4644 0.2482
vn 0.9274 0.2892 0.2373
vn 0.8501 0.4070 0.3340
vn 0.9274 0.2373 0.2892
vn 0.8501 0.3340 0.4070
vn 0.9274 0.1764 0.3299
vn 0.8501 0.2482 0.4644
vn 0.9274 0.1086 0.3580
vn 0.8501 0.1529 0.5039
vn 0.9274 0.0367 0.3723
vn 0.8501 0.0516 0.5240
vn 0.9274 -0.0367 0.3723
vn 0.8501 -0.0516 0.5240
vn 0.9274 -0.1086 0.3580
vn 0.8501 -0.1529 0.5039
vn 0.9274 -0.1764 0.3299
vn 0.8501 -0.2482 0.4644
vn 0.9274 -0.2373 0.2892
vn 0.8501 -0.3340 0.4070
vn 0.9274 -0.2892 0.2373
vn 0.8501 -0.4070 0.3340
vn 0.9274 -0.3299 0.1764
vn 0.8501 -0.4644 0.2482
vn 0.9274 -0.3580 0.1086
vn 0.8501 -0.5039 0.1529
vn 0.9274 -0.3723 0.0367
vn 0.8501 -0.5240 0.0516
vn 0.9274 -0.3723 -0.0367
vn 0.8501 -0.5240 -0.0516
vn 0.9274 -0.3580 -0.1086
vn 0.8501 -0.5039 -0.1529
vn 0.9274 -0.3299 -0.1764
vn 0.8501 -0.4644 -0.2482
vn 0.9274 -0.2892 -0.2373
vn 0.8501 -0.4070 -0.3340
vn 0.9274 -0.2373 -0.2892
vn 0.8501 -0.3340 -0.4070
vn 0.8501 -0.2482 -0.4644
vt 0.781250 0.875000
vt 0.750000 0.937500
vt 0.750000 0.875000
vt 0.718750 0.875000
vt 0.734375 1.000000
vt 0.718750 0.937500
vt 0.781250 0.937500
vt 0.765625 1.000000
vt 0.812500 0.937500
vt 0.812500 0.875000
vt 0.796875 1.000000
vt 0.843750 0.937500
vt 0.843750 0.875000
vt 0.828125 1.000000
vt 0.875000 0.875000
vt 0.875000 0.937500
vt 0.859375 1.000000
vt 0.906250 0.875000
vt 0.906250 0.937500
vt 0.890625 1.000000
vt 0.937500 0.937500
vt 0.937500 0.875000
vt 0.921876 1.000000
vt 0.968750 0.937500
vt 0.968750 0.875000
vt 0.953126 1.000000
vt 1.000000 0.937500
vt 1.000000 0.875000
vt 0.984376 1.000000
vt 0.031250 0.937500
vt 0.000000 0.875000
vt 0.031250 0.875000
vt 0.015625 1.000000
vt 0.000000 0.937500
vt 0.062500 0.875000
vt 0.062500 0.937500
vt 0.046875 1.000000
vt 0.093750 0.937500
vt 0.093750 0.875000
vt 0.078125 1.000000
vt 0.125000 0.937500
vt 0.125000 0.875000
vt 0.109375 1.000000
vt 0.156250 0.937500
vt 0.140625 1.000000
vt 0.156250 0.875000
vt 0.187500 0.937500
vt 0.187500 0.875000
vt 0.171875 1.000000
vt 0.218750 0.937500
vt 0.218750 0.875000
vt 0.203125 1.000000
vt 0.250000 0.937500
vt 0.250000 0.875000
vt 0.234375 1.000000
vt 0.281250 0.875000
vt 0.281250 0.937500
vt 0.265625 1.000000
vt 0.312500 0.937500
vt 0.312500 0.875000
vt 0.296875 1.000000
vt 0.343750 0.937500
vt 0.343750 0.875000
vt 0.328125 1.000000
vt 0.375000 0.937500
vt 0.375000 0.875000
vt 0.359375 1.000000
vt 0.406250 0.875000
vt 0.406250 0.937500
vt 0.390624 1.000000
vt 0.437500 0.875000
vt 0.437500 0.937500
vt 0.421874 1.000000
vt 0.468750 0.937500
vt 0.468750 0.875000
vt 0.453124 1.000000
vt 0.500000 0.937500
vt 0.500000 0.875000
vt 0.484374 1.000000
vt 0.531250 0.937500
vt 0.531250 0.875000
vt 0.515625 1.000000
vt 0.562500 0.937500
vt 0.562500 0.875000
vt 0.546875 1.000000
vt 0.593750 0.875000
vt 0.593750 0.937500
vt 0.578125 1.000000
vt 0.625000 0.875000
vt 0.625000 0.937500
vt 0.609375 1.000000
vt 0.656250 0.875000
vt 0.656250 0.937500
vt 0.640625 1.000000
vt 0.687500 0.937500
vt 0.687500 0.875000
vt 0.671875 1.000000
vt 0.703125 1.000000
vt 0.656250 0.812500
vt 0.687500 0.812500
vt 0.718750 0.812500
vt 0.750000 0.812500
vt 0.687500 0.750000
vt 0.718750 0.750000
vt 0.750000 0.750000
vt 0.781250 0.812500
vt 0.781250 0.750000
vt 0.812500 0.812500
vt 0.812500 0.750000
vt 0.843750 0.812500
vt 0.843750 0.750000
vt 0.875000 0.812500
vt 0.875000 0.750000
vt 0.906250 0.812500
vt 0.906250 0.750000
vt 0.937500 0.812500
vt 0.937500 0.750000
vt 0.968750 0.812500
vt 0.968750 0.750000
vt 1.000000 0.812500
vt 1.000000 0.750000
vt 0.000000 0.812500
vt 0.031250 0.812500
vt 0.000000 0.750000
vt 0.031250 0.750000
vt 0.062500 0.812500
vt 0.062500 0.750000
vt 0.093750 0.812500
vt 0.093750 0.750000
vt 0.125000 0.812500
vt 0.125000 0.750000
vt 0.156250 0.812500
vt 0.156250 0.750000
vt 0.187500 0.812500
vt 0.187500 0.750000
vt 0.218750 0.812500
vt 0.218750 0.750000
vt 0.250000 0.812500
vt 0.250000 0.750000
vt 0.281250 0.812500
vt 0.281250 0.750000
vt 0.312500 0.812500
vt 0.312500 0.750000
vt 0.343750 0.812500
vt 0.343750 0.750000
vt 0.375000 0.812500
vt 0.375000 0.750000
vt 0.406250 0.812500
vt 0.406250 0.750000
vt 0.437500 0.812500
vt 0.437500 0.750000
vt 0.468750 0.812500
vt 0.468750 0.750000
vt 0.500000 0.812500
vt 0.500000 0.750000
vt 0.531250 0.812500
vt 0.531250 0.750000
vt 0.562500 0.812500
vt 0.562500 0.750000
vt 0.593750 0.812500
vt 0.593750 0.750000
vt 0.625000 0.812500
vt 0.625000 0.750000
vt 0.656250 0.750000
s 0
usemtl Material.001
f 6/1/1 1/2/1 2/3/1
f 1/2/2 66/4/2 2/3/2
f 1/2/3 4/5/3 3/6/3
f 5/7/4 4/8/4 1/2/4
f 7/9/5 6/1/5 8/10/5
f 7/9/6 4/11/6 5/7/6
f 9/12/7 8/10/7 10/13/7
f 9/12/8 4/14/8 7/9/8
f 12/15/9 9/12/9 10/13/9
f 11/16/10 4/17/10 9/12/10
f 14/18/11 11/16/11 12/15/11
f 13/19/12 4/20/12 11/16/12
f 15/21/13 14/18/13 16/22/13
f 15/21/14 4/23/14 13/19/14
f 17/24/15 16/22/15 18/25/15
f 17/24/16 4/26/16 15/21/16
f 19/27/17 18/25/17 20/28/17
f 19/27/18 4/29/18 17/24/18
f 21/30/19 20/31/19 22/32/19
f 21/30/20 4/33/20 19/34/20
f 24/35/21 21/30/21 22/32/21
f 23/36/22 4/37/22 21/30/22
f 25/38/23 24/35/23 26/39/23
f 25/38/24 4/40/24 23/36/24
f 27/41/25 26/39/25 28/42/25
f 27/41/26 4/43/26 25/38/26
f 29/44/27 4/45/27 27/41/27
f 30/46/28 27/41/28 28/42/28
f 31/47/29 30/46/29 32/48/29
f 31/47/30 4/49/30 29/44/30
f 33/50/31 32/48/31 34/51/31
f 33/50/32 4/52/32 31/47/32
f 35/53/33 34/51/33 36/54/33
f 35/53/34 4/55/34 33/50/34
f 38/56/35 35/53/35 36/54/35
f 37/57/36 4/58/36 35/53/36
f 39/59/37 38/56/37 40/60/37
f 39/59/38 4/61/38 37/57/38
f 41/62/39 40/60/39 42/63/39
f 41/62/40 4/64/40 39/59/40
f 43/65/41 42/63/41 44/66/41
f 43/65/42 4/67/42 41/62/42
f 46/68/43 43/65/43 44/66/43
f 45/69/44 4/70/44 43/65/44
f 48/71/45 45/69/45 46/68/45
f 47/72/46 4/73/46 45/69/46
f 49/74/47 48/71/47 50/75/47
f 49/74/48 4/76/48 47/72/48
f 51/77/49 50/75/49 52/78/49
f 51/77/50 4/79/50 49/74/50
f 53/80/51 52/78/51 54/81/51
f 53/80/52 4/82/52 51/77/52
f 55/83/53 54/81/53 56/84/53
f 55/83/54 4/85/54 53/80/54
f 58/86/55 55/83/55 56/84/55
f 57/87/56 4/88/56 55/83/56
f 60/89/57 57/87/57 58/86/57
f 59/90/58 4/91/58 57/87/58
f 62/92/59 59/90/59 60/89/59
f 61/93/60 4/94/60 59/90/60
f 63/95/61 62/92/61 64/96/61
f 63/95/62 4/97/62 61/93/62
f 66/4/63 63/95/63 64/96/63
f 3/6/64 4/98/64 63/95/64
f 64/96/65 127/99/65 65/100/65
f 67/101/66 64/96/66 65/100/66
f 2/3/67 67/101/67 69/102/67
f 67/101/68 129/103/68 68/104/68
f 69/102/69 68/104/69 70/105/69
f 71/106/70 2/3/70 69/102/70
f 72/107/71 69/102/71 70/105/71
f 8/10/72 71/106/72 73/108/72
f 73/108/73 72/107/73 74/109/73
f 75/110/74 8/10/74 73/108/74
f 76/111/75 73/108/75 74/109/75
f 77/112/76 10/13/76 75/110/76
f 78/113/77 75/110/77 76/111/77
f 14/18/78 77/112/78 79/114/78
f 80/115/79 77/112/79 78/113/79
f 16/22/80 79/114/80 81/116/80
f 82/117/81 79/114/81 80/115/81
f 18/25/82 81/116/82 83/118/82
f 84/119/83 81/116/83 82/117/83
f 20/28/84 83/118/84 85/120/84
f 86/121/85 83/118/85 84/119/85
f 22/32/86 85/122/86 87/123/86
f 87/123/87 86/124/87 88/125/87
f 24/35/88 87/123/88 89/126/88
f 90/127/89 87/123/89 88/125/89
f 26/39/90 89/126/90 91/128/90
f 92/129/91 89/126/91 90/127/91
f 28/42/92 91/128/92 93/130/92
f 94/131/93 91/128/93 92/129/93
f 95/132/94 28/42/94 93/130/94
f 96/133/95 93/130/95 94/131/95
f 32/48/96 95/132/96 97/134/96
f 98/135/97 95/132/97 96/133/97
f 34/51/98 97/134/98 99/136/98
f 100/137/99 97/134/99 98/135/99
f 101/138/100 34/51/100 99/136/100
f 102/139/101 99/136/101 100/137/101
f 38/56/102 101/138/102 103/140/102
f 103/140/103 102/139/103 104/141/103
f 105/142/104 38/56/104 103/140/104
f 106/143/105 103/140/105 104/141/105
f 42/63/106 105/142/106 107/144/106
f 107/144/107 106/143/107 108/145/107
f 44/66/108 107/144/108 109/146/108
f 109/146/109 108/145/109 110/147/109
f 46/68/110 109/146/110 111/148/110
f 111/148/111 110/147/111 112/149/111
f 113/150/112 46/68/112 111/148/112
f 113/150/113 112/149/113 114/151/113
f 50/75/114 113/150/114 115/152/114
f 115/152/115 114/151/115 116/153/115
f 117/154/116 50/75/116 115/152/116
f 117/154/117 116/153/117 118/155/117
f 119/156/118 52/78/118 117/154/118
f 119/156/119 118/155/119 120/157/119
f 121/158/120 54/81/120 119/156/120
f 122/159/121 119/156/121 120/157/121
f 58/86/122 121/158/122 123/160/122
f 124/161/123 121/158/123 122/159/123
f 125/162/124 58/86/124 123/160/124
f 126/163/125 123/160/125 124/161/125
f 127/99/126 60/89/126 125/162/126
f 128/164/127 125/162/127 126/163/127
f 65/100/128 128/164/128 129/103/128
f 6/1/1 5/7/1 1/2/1
f 1/2/2 3/6/2 66/4/2
f 7/9/5 5/7/5 6/1/5
f 9/12/7 7/9/7 8/10/7
f 12/15/9 11/16/9 9/12/9
f 14/18/11 13/19/11 11/16/11
f 15/21/13 13/19/13 14/18/13
f 17/24/15 15/21/15 16/22/15
f 19/27/17 17/24/17 18/25/17
f 21/30/19 19/34/19 20/31/19
f 24/35/21 23/36/21 21/30/21
f 25/38/23 23/36/23 24/35/23
f 27/41/25 25/38/25 26/39/25
f 30/46/28 29/44/28 27/41/28
f 31/47/29 29/44/29 30/46/29
f 33/50/31 31/47/31 32/48/31
f 35/53/33 33/50/33 34/51/33
f 38/56/35 37/57/35 35/53/35
f 39/59/37 37/57/37 38/56/37
f 41/62/39 39/59/39 40/60/39
f 43/65/41 41/62/41 42/63/41
f 46/68/43 45/69/43 43/65/43
f 48/71/45 47/72/45 45/69/45
f 49/74/47 47/72/47 48/71/47
f 51/77/49 49/74/49 50/75/49
f 53/80/51 51/77/51 52/78/51
f 55/83/53 53/80/53 54/81/53
f 58/86/55 57/87/55 55/83/55
f 60/89/57 59/90/57 57/87/57
f 62/92/59 61/93/59 59/90/59
f 63/95/61 61/93/61 62/92/61
f 66/4/63 3/6/63 63/95/63
f 64/96/65 62/92/65 127/99/65
f 67/101/66 66/4/66 64/96/66
f 2/3/67 66/4/67 67/101/67
f 67/101/68 65/100/68 129/103/68
f 69/102/69 67/101/69 68/104/69
f 71/106/70 6/1/70 2/3/70
f 72/107/71 71/106/71 69/102/71
f 8/10/72 6/1/72 71/106/72
f 73/108/73 71/106/73 72/107/73
f 75/110/74 10/13/74 8/10/74
f 76/111/75 75/110/75 73/108/75
f 77/112/76 12/15/76 10/13/76
f 78/113/77 77/112/77 75/110/77
f 14/18/78 12/15/78 77/112/78
f 80/115/79 79/114/79 77/112/79
f 16/22/80 14/18/80 79/114/80
f 82/117/81 81/116/81 79/114/81
f 18/25/82 16/22/82 81/116/82
f 84/119/83 83/118/83 81/116/83
f 20/28/84 18/25/84 83/118/84
f 86/121/85 85/120/85 83/118/85
f 22/32/86 20/31/86 85/122/86
f 87/123/87 85/122/87 86/124/87
f 24/35/88 22/32/88 87/123/88
f 90/127/89 89/126/89 87/123/89
f 26/39/90 24/35/90 89/126/90
f 92/129/91 91/128/91 89/126/91
f 28/42/92 26/39/92 91/128/92
f 94/131/93 93/130/93 91/128/93
f 95/132/94 30/46/94 28/42/94
f 96/133/95 95/132/95 93/130/95
f 32/48/96 30/46/96 95/132/96
f 98/135/97 97/134/97 95/132/97
f 34/51/98 32/48/98 97/134/98
f 100/137/99 99/136/99 97/134/99
f 101/138/100 36/54/100 34/51/100
f 102/139/101 101/138/101 99/136/101
f 38/56/102 36/54/102 101/138/102
f 103/140/103 101/138/103 102/139/103
f 105/142/104 40/60/104 38/56/104
f 106/143/105 105/142/105 103/140/105
f 42/63/106 40/60/106 105/142/106
f 107/144/107 105/142/107 106/143/107
f 44/66/108 42/63/108 107/144/108
f 109/146/109 107/144/109 108/145/109
f 46/68/110 44/66/110 109/146/110
f 111/148/111 109/146/111 110/147/111
f 113/150/112 48/71/112 46/68/112
f 113/150/113 111/148/113 112/149/113
f 50/75/114 48/71/114 113/150/114
f 115/152/115 113/150/115 114/151/115
f 117/154/116 52/78/116 50/75/116
f 117/154/117 115/152/117 116/153/117
f 119/156/118 54/81/118 52/78/118
f 119/156/119 117/154/119 118/155/119
f 121/158/120 56/84/120 54/81/120
f 122/159/121 121/158/121 119/156/121
f 58/86/122 56/84/122 121/158/122
f 124/161/123 123/160/123 121/158/123
f 125/162/124 60/89/124 58/86/124
f 126/163/125 125/162/125 123/160/125
f 127/99/126 62/92/126 60/89/126
f 128/164/127 127/99/127 125/162/127
f 65/100/128 127/99/128 128/164/128
o body
v -0.028986 0.090947 -0.033275
v 0.028259 0.090947 -0.033275
v -0.028986 0.085134 -0.032650
v 0.028260 0.085134 -0.032650
v -0.028986 0.079544 -0.030798
v 0.028260 0.079544 -0.030798
v -0.028986 0.074393 -0.027791
v 0.028260 0.074393 -0.027791
v -0.028986 0.069877 -0.023745
v 0.028260 0.069877 -0.023745
v -0.028986 0.066171 -0.018814
v 0.028260 0.066171 -0.018814
v -0.028986 0.063418 -0.013189
v 0.028260 0.063418 -0.013189
v -0.028986 0.061722 -0.007085
v 0.028260 0.061722 -0.007085
v -0.028986 0.061150 -0.000737
v 0.028260 0.061150 -0.000737
v -0.028986 0.061722 0.005611
v 0.028260 0.061722 0.005611
v -0.028986 0.063418 0.011714
v 0.028260 0.063418 0.011714
v -0.028986 0.066171 0.017340
v 0.028260 0.066171 0.017340
v -0.028986 0.069877 0.022270
v 0.028260 0.069877 0.022270
v -0.028986 0.074393 0.026317
v 0.028260 0.074393 0.026317
v -0.028986 0.079544 0.029324
v 0.028260 0.079544 0.029324
v -0.028986 0.085134 0.031175
v 0.028260 0.085134 0.031175
v -0.028986 0.090947 0.031801
v 0.028259 0.090947 0.031801
v -0.028986 0.096760 0.031175
v 0.028259 0.096760 0.031175
v -0.028986 0.102350 0.029324
v 0.028259 0.102350 0.029324
v -0.028986 0.107501 0.026317
v 0.028259 0.107501 0.026317
v -0.028986 0.112017 0.022270
v 0.028259 0.112017 0.022270
v -0.028986 0.115722 0.017340
v 0.028259 0.115722 0.017340
v -0.028986 0.118476 0.011714
v 0.028259 0.118476 0.011714
v -0.028986 0.120171 0.005611
v 0.028259 0.120171 0.005611
v -0.028986 0.120744 -0.000737
v 0.028259 0.120744 -0.000737
v -0.028986 0.120171 -0.007085
v 0.028259 0.120171 -0.007085
v -0.028986 0.118476 -0.013189
v 0.028259 0.118476 -0.013189
v -0.028986 0.115722 -0.018814
v 0.028259 0.115722 -0.018814
v -0.028986 0.112017 -0.023745
v 0.028259 0.112017 -0.023745
v -0.028986 0.107501 -0.027791
v 0.028259 0.107501 -0.027791
v -0.028986 0.102350 -0.030798
v 0.028259 0.102350 -0.030798
v -0.028986 0.096760 -0.032650
v 0.028259 0.096760 -0.032650
v -0.028986 0.090947 0.031801
v -0.028986 0.210135 0.031801
v -0.028986 0.090947 -0.033275
v -0.028986 0.210135 -0.033275
v 0.028259 0.090947 0.031801
v 0.028259 0.210135 0.031801
v 0.028259 0.090947 -0.033275
v 0.028259 0.210135 -0.033275
v 0.028260 0.204017 -0.016868
v -0.028986 0.204017 -0.016868
v 0.028260 0.207016 -0.017861
v -0.028986 0.207016 -0.017861
v 0.028260 0.198830 -0.013083
v -0.028986 0.198830 -0.013083
v 0.028260 0.201252 0.013780
v -0.028986 0.201252 0.013780
v 0.028260 0.204017 0.015393
v -0.028986 0.204017 0.015393
v 0.028259 0.196841 -0.010437
v -0.028986 0.196841 -0.010437
v 0.028260 0.207016 0.016387
v -0.028986 0.207016 0.016387
v 0.028259 0.194454 0.002669
v -0.028986 0.194454 0.002669
v 0.028260 0.198830 0.011608
v -0.028986 0.198830 0.011608
v 0.028259 0.195364 0.005944
v -0.028986 0.195364 0.005944
v 0.028259 0.194147 -0.000737
v -0.028986 0.194147 -0.000737
v 0.028259 0.210135 0.016722
v -0.028986 0.210135 0.016722
v 0.028259 0.210135 -0.018197
v -0.028986 0.210135 -0.018197
v 0.028259 0.194454 -0.004143
v -0.028986 0.194454 -0.004143
v 0.028260 0.201252 -0.015254
v -0.028986 0.201252 -0.015254
v 0.028259 0.195364 -0.007419
v -0.028986 0.195364 -0.007419
v 0.028259 0.196841 0.008963
v -0.028986 0.196841 0.008963
v -0.028986 0.195726 -0.008159
v -0.028986 0.199424 -0.013616
v 0.028259 0.204752 0.015637
v 0.028260 0.203339 -0.016472
v -0.028986 0.195140 0.005141
v 0.028259 0.194378 -0.003308
v 0.028260 0.194222 0.000098
v 0.028260 0.196479 -0.009697
v 0.028260 0.199424 0.012141
v -0.028986 0.201931 -0.015650
v -0.028986 0.209370 0.016640
v 0.028259 0.206280 -0.017617
v -0.028986 0.194677 -0.004947
v -0.028986 0.200658 0.013247
v 0.028259 0.194677 0.003472
v 0.028260 0.195726 0.006685
v 0.028260 0.209370 -0.018114
v 0.028260 0.197329 0.009612
v -0.028986 0.198342 0.010959
v -0.028986 0.196479 0.008222
v -0.028986 0.207781 -0.017943
v 0.028259 0.200658 -0.014722
v -0.028986 0.194378 0.001833
v 0.028260 0.207781 0.016469
v 0.028259 0.201931 0.014176
v -0.028986 0.203339 0.014997
v 0.028259 0.198342 -0.012434
v -0.028986 0.197329 -0.011086
v -0.028986 0.194222 -0.001573
v 0.028259 0.195140 -0.006615
v -0.028986 0.206280 0.016143
v -0.028986 0.210135 -0.033275
v 0.028259 0.210135 -0.033275
v -0.028986 0.204322 -0.032650
v 0.028260 0.204322 -0.032650
v -0.028986 0.198732 -0.030798
v 0.028260 0.198732 -0.030798
v -0.028986 0.193581 -0.027791
v 0.028260 0.193581 -0.027791
v -0.028986 0.189066 -0.023745
v 0.028260 0.189066 -0.023745
v -0.028986 0.185360 -0.018814
v 0.028260 0.185360 -0.018814
v -0.028986 0.182606 -0.013189
v 0.028260 0.182606 -0.013189
v -0.028986 0.180911 -0.007085
v 0.028260 0.180911 -0.007085
v -0.028986 0.180338 -0.000737
v 0.028260 0.180338 -0.000737
v -0.028986 0.180911 0.005611
v 0.028260 0.180911 0.005611
v -0.028986 0.182606 0.011714
v 0.028260 0.182606 0.011714
v -0.028986 0.185360 0.017340
v 0.028260 0.185360 0.017340
v -0.028986 0.189066 0.022270
v 0.028260 0.189066 0.022270
v -0.028986 0.193581 0.026317
v 0.028260 0.193581 0.026317
v -0.028986 0.198732 0.029324
v 0.028260 0.198732 0.029324
v -0.028986 0.204322 0.031175
v 0.028260 0.204322 0.031175
v -0.028986 0.210135 0.031801
v 0.028259 0.210135 0.031801
v -0.028986 0.215948 0.031175
v 0.028259 0.215948 0.031175
v -0.028986 0.221538 0.029324
v 0.028260 0.221538 0.029324
v -0.028986 0.226690 0.026317
v 0.028259 0.226690 0.026317
v -0.028986 0.231205 0.022270
v 0.028259 0.231205 0.022270
v -0.028986 0.234911 0.017340
v 0.028259 0.234911 0.017340
v -0.028986 0.237664 0.011714
v 0.028259 0.237664 0.011714
v -0.028986 0.239360 0.005611
v 0.028259 0.239360 0.005611
v -0.028986 0.239933 -0.000737
v 0.028259 0.239933 -0.000737
v -0.028986 0.239360 -0.007085
v 0.028259 0.239360 -0.007085
v -0.028986 0.237664 -0.013189
v 0.028259 0.237664 -0.013189
v -0.028986 0.234911 -0.018814
v 0.028259 0.234911 -0.018814
v -0.028986 0.231205 -0.023745
v 0.028259 0.231205 -0.023745
v -0.028986 0.226690 -0.027791
v 0.028259 0.226690 -0.027791
v -0.028986 0.221538 -0.030798
v 0.028260 0.221538 -0.030798
v -0.028986 0.215948 -0.032650
v 0.028259 0.215948 -0.032650
v -0.028986 0.106629 0.002669
v 0.028259 0.106629 0.002669
v 0.028259 0.106629 0.002669
v -0.028986 0.106629 0.002669
v 0.028259 0.106936 -0.000737
v -0.028986 0.106936 -0.000737
v 0.028259 0.106936 -0.000737
v -0.028986 0.106936 -0.000737
v 0.028259 0.106628 -0.004143
v -0.028986 0.106629 -0.004143
v 0.028259 0.106628 -0.004143
v -0.028986 0.106629 -0.004143
v 0.028259 0.105719 -0.007419
v -0.028986 0.105719 -0.007419
v 0.028259 0.105719 -0.007419
v -0.028986 0.105719 -0.007419
v -0.028986 0.084828 0.015393
v 0.028259 0.084828 0.015393
v -0.028986 0.077653 0.008963
v 0.028259 0.077653 0.008963
v -0.028986 0.087828 0.016387
v 0.028259 0.087828 0.016387
v 0.028260 0.079641 -0.013083
v -0.028986 0.079641 -0.013083
v 0.028260 0.082064 -0.015254
v -0.028986 0.082064 -0.015254
v 0.028259 0.097066 -0.016868
v -0.028986 0.097066 -0.016868
v 0.028259 0.097066 -0.016868
v -0.028986 0.097066 -0.016868
v 0.028259 0.099830 -0.015254
v -0.028986 0.099830 -0.015254
v 0.028259 0.099830 -0.015254
v -0.028986 0.099830 -0.015254
v 0.028260 0.077653 -0.010437
v -0.028986 0.077653 -0.010437
v 0.028259 0.102253 -0.013083
v -0.028986 0.102253 -0.013083
v 0.028259 0.102253 -0.013083
v -0.028986 0.102253 -0.013083
v -0.028986 0.079641 0.011608
v 0.028259 0.079641 0.011608
v -0.028986 0.090947 0.016722
v 0.028259 0.090947 0.016722
v 0.028259 0.090947 0.016722
v -0.015722 0.090947 0.016722
v -0.028986 0.090947 0.016722
v -0.028986 0.082064 0.013780
v 0.028259 0.082064 0.013780
v -0.028986 0.076175 0.005944
v 0.028260 0.076175 0.005944
v -0.028986 0.105719 0.005944
v 0.028259 0.105719 0.005944
v 0.028259 0.105719 0.005944
v -0.028986 0.105719 0.005944
v 0.028260 0.084828 -0.016868
v -0.028986 0.084828 -0.016868
v 0.028259 0.104241 -0.010437
v -0.028986 0.104241 -0.010437
v 0.028259 0.104241 -0.010437
v -0.028986 0.104241 -0.010437
v -0.028986 0.094066 0.016387
v 0.028259 0.094066 0.016387
v 0.028259 0.094066 0.016387
v -0.028986 0.094066 0.016387
v -0.028986 0.097066 0.015393
v 0.028259 0.097066 0.015393
v 0.028259 0.097066 0.015393
v -0.028986 0.097066 0.015393
v -0.028986 0.075265 -0.004143
v 0.028260 0.075265 -0.004143
v 0.028260 0.076175 -0.007419
v -0.028986 0.076175 -0.007419
v 0.028259 0.087828 -0.017861
v -0.028986 0.087828 -0.017861
v 0.028259 0.090947 -0.018197
v -0.028986 0.090947 -0.018197
v 0.028259 0.090947 -0.018197
v -0.028986 0.090947 -0.018197
v -0.028986 0.099830 0.013780
v 0.028259 0.099830 0.013780
v 0.028259 0.099830 0.013780
v -0.028986 0.099830 0.013780
v -0.028986 0.104241 0.008963
v 0.028259 0.104241 0.008963
v 0.028259 0.104241 0.008963
v -0.028986 0.104241 0.008963
v -0.028986 0.102253 0.011608
v 0.028259 0.102253 0.011608
v 0.028259 0.102253 0.011608
v -0.028986 0.102253 0.011608
v 0.028259 0.094066 -0.017861
v -0.028986 0.094066 -0.017861
v 0.028259 0.094066 -0.017861
v -0.028986 0.094066 -0.017861
v -0.028986 0.075265 0.002669
v 0.028260 0.075265 0.002669
v -0.028986 0.074958 -0.000737
v 0.028260 0.074958 -0.000737
v 0.028260 0.225817 0.002669
v -0.028986 0.225817 0.002669
v 0.028260 0.226124 -0.000737
v -0.028986 0.226124 -0.000737
v 0.028260 0.225817 -0.004143
v -0.028986 0.225817 -0.004143
v 0.028260 0.224907 -0.007419
v -0.028986 0.224907 -0.007419
v 0.028260 0.204017 0.015393
v -0.028986 0.204017 0.015393
v -0.028986 0.196841 0.008963
v 0.028260 0.196841 0.008963
v 0.028260 0.207016 0.016387
v -0.028986 0.207016 0.016387
v 0.028260 0.198830 -0.013083
v -0.028986 0.198830 -0.013083
v 0.028260 0.201252 -0.015254
v -0.028986 0.201252 -0.015254
v 0.028260 0.216254 -0.016868
v -0.028986 0.216254 -0.016868
v 0.028260 0.219018 -0.015254
v -0.028986 0.219018 -0.015254
v 0.028260 0.196841 -0.010437
v -0.028986 0.196841 -0.010437
v 0.028260 0.221441 -0.013083
v -0.028986 0.221441 -0.013083
v -0.028986 0.198830 0.011608
v 0.028260 0.198830 0.011608
v 0.028260 0.207251 0.016412
v 0.028259 0.210135 0.016722
v -0.028986 0.210135 0.016722
v 0.028260 0.201252 0.013780
v -0.028986 0.201252 0.013780
v -0.028986 0.195364 0.005944
v 0.028260 0.195364 0.005944
v 0.028259 0.224907 0.005944
v -0.028986 0.224907 0.005944
v 0.028260 0.204017 -0.016868
v -0.028986 0.204017 -0.016868
v 0.028260 0.223430 -0.010437
v -0.028986 0.223430 -0.010437
v 0.028259 0.213255 0.016387
v -0.028986 0.213255 0.016387
v 0.028259 0.216254 0.015393
v -0.028986 0.216254 0.015393
v -0.028986 0.194454 -0.004143
v 0.028260 0.194454 -0.004143
v -0.028986 0.195364 -0.007419
v 0.028260 0.195364 -0.007419
v 0.028260 0.207016 -0.017861
v -0.028986 0.207016 -0.017861
v 0.028260 0.210135 -0.018197
v -0.028986 0.210135 -0.018197
v 0.028259 0.219018 0.013780
v -0.028986 0.219018 0.013780
v 0.028259 0.223430 0.008963
v -0.028986 0.223430 0.008963
v 0.028259 0.221441 0.011608
v -0.028986 0.221441 0.011608
v 0.028260 0.203085 0.014850
v 0.028260 0.213255 -0.017861
v -0.028986 0.213255 -0.017861
v -0.028986 0.194454 0.002669
v 0.028260 0.194454 0.002669
v -0.028986 0.194147 -0.000737
v 0.028260 0.194147 -0.000737
v -0.028986 0.204752 -0.017111
v 0.028260 0.166223 0.002669
v -0.028986 0.166223 0.002669
v 0.028259 0.166530 -0.000737
v -0.028986 0.166530 -0.000737
v 0.028260 0.166223 -0.004143
v -0.028986 0.166223 -0.004143
v 0.028259 0.165313 -0.007419
v -0.028986 0.165313 -0.007419
v 0.028259 0.144422 0.015393
v -0.028986 0.144422 0.015393
v 0.028259 0.137247 0.008963
v -0.028986 0.137247 0.008963
v 0.028259 0.147422 0.016387
v -0.028986 0.147422 0.016387
v -0.028986 0.139235 -0.013083
v 0.028259 0.139235 -0.013083
v -0.028986 0.141658 -0.015254
v 0.028260 0.141658 -0.015254
v -0.028986 0.156660 -0.016868
v 0.028260 0.156660 -0.016868
v -0.028986 0.159424 -0.015254
v 0.028260 0.159424 -0.015254
v 0.028259 0.137247 -0.010437
v -0.028986 0.137247 -0.010437
v -0.028986 0.161847 -0.013083
v 0.028260 0.161847 -0.013083
v 0.028259 0.139235 0.011608
v -0.028986 0.139235 0.011608
v 0.028259 0.150541 0.016722
v -0.028986 0.150541 0.016722
v 0.028259 0.141658 0.013780
v -0.028986 0.141658 0.013780
v 0.028259 0.135769 0.005944
v -0.028986 0.135769 0.005944
v 0.028259 0.165313 0.005944
v -0.028986 0.165313 0.005944
v -0.028986 0.144422 -0.016868
v 0.028260 0.144422 -0.016868
v 0.028259 0.163835 -0.010437
v -0.028986 0.163835 -0.010437
v 0.028259 0.153660 0.016387
v -0.028986 0.153660 0.016387
v 0.028259 0.156660 0.015393
v -0.028986 0.156660 0.015393
v 0.028260 0.134860 -0.004143
v -0.028986 0.134860 -0.004143
v 0.028259 0.135769 -0.007419
v -0.028986 0.135769 -0.007419
v -0.028986 0.147422 -0.017861
v 0.028260 0.147422 -0.017861
v -0.028986 0.150541 -0.018197
v 0.028260 0.150541 -0.018197
v 0.028259 0.159424 0.013780
v -0.028986 0.159424 0.013780
v 0.028259 0.163835 0.008963
v -0.028986 0.163835 0.008963
v 0.028259 0.161847 0.011608
v -0.028986 0.161847 0.011608
v -0.028986 0.153660 -0.017861
v 0.028260 0.153660 -0.017861
v 0.028259 0.134860 0.002669
v -0.028986 0.134860 0.002669
v 0.028259 0.134552 -0.000737
v -0.028986 0.134552 -0.000737
v -0.037272 0.006981 -0.045125
v -0.037306 0.007039 0.044526
v -0.037805 0.022063 -0.001762
v 0.037130 0.007056 -0.045025
v 0.037096 0.007115 0.044625
v 0.036597 0.022298 -0.001662
v -0.037272 0.006981 -0.045125
v -0.037306 0.007039 0.044526
v 0.037130 0.007056 -0.045025
v 0.037096 0.007115 0.044625
v -0.037184 -0.000067 -0.044875
v -0.037218 -0.000008 0.044776
v 0.037218 0.000008 -0.044776
v 0.037184 0.000067 0.044875
v -0.010712 0.016454 0.009774
v -0.010712 0.076048 0.009774
v -0.010712 0.016454 -0.011249
v -0.010712 0.076048 -0.011249
v 0.009985 0.016454 0.009774
v 0.009985 0.076048 0.009774
v 0.009985 0.016454 -0.011249
v 0.009985 0.076048 -0.011249
v 0.025945 0.210135 -0.033275
v 0.023573 0.210135 -0.033275
v 0.025945 0.204322 -0.032650
v 0.023573 0.204322 -0.032650
v 0.025945 0.198732 -0.030798
v 0.023573 0.198732 -0.030798
v 0.025945 0.193581 -0.027791
v 0.023573 0.193581 -0.027791
v 0.025945 0.189066 -0.023745
v 0.023573 0.189066 -0.023745
v 0.025945 0.185360 -0.018814
v 0.023573 0.185360 -0.018814
v 0.025945 0.182606 -0.013189
v 0.023573 0.182606 -0.013189
v 0.025945 0.180911 -0.007085
v 0.023573 0.180911 -0.007085
v 0.025945 0.180338 -0.000737
v 0.023573 0.180338 -0.000737
v 0.025945 0.180911 0.005611
v 0.023573 0.180911 0.005611
v 0.025945 0.182606 0.011714
v 0.023573 0.182606 0.011714
v 0.025945 0.185360 0.017340
v 0.023573 0.185360 0.017340
v 0.025945 0.189066 0.022270
v 0.023573 0.189066 0.022270
v 0.025945 0.193581 0.026317
v 0.023573 0.193581 0.026317
v 0.025945 0.198732 0.029324
v 0.023573 0.198732 0.029324
v 0.025945 0.204322 0.031175
v 0.023573 0.204322 0.031175
v 0.025945 0.210135 0.031801
v 0.023573 0.210135 0.031801
v 0.026329 0.215948 0.031175
v 0.026441 0.215948 0.031175
v 0.027059 0.221538 0.029324
v 0.033245 0.221538 0.029324
v 0.027222 0.226690 0.026317
v 0.040295 0.226690 0.026317
v 0.027222 0.231205 0.022270
v 0.046488 0.231205 0.022270
v 0.027222 0.234911 0.017340
v 0.050812 0.234911 0.017340
v 0.027222 0.237664 0.011714
v 0.052195 0.237664 0.011714
v 0.027222 0.239360 0.005611
v 0.052195 0.239360 0.005611
v 0.027222 0.239933 -0.000737
v 0.052195 0.239933 -0.000737
v 0.027222 0.239360 -0.007085
v 0.052195 0.239360 -0.007085
v 0.027222 0.237664 -0.013189
v 0.052195 0.237664 -0.013189
v 0.027222 0.234911 -0.018814
v 0.050812 0.234911 -0.018814
v 0.027222 0.231205 -0.023745
v 0.046488 0.231205 -0.023745
v 0.027222 0.226690 -0.027791
v 0.040295 0.226690 -0.027791
v 0.027059 0.221538 -0.030798
v 0.033245 0.221538 -0.030798
v 0.026329 0.215948 -0.032650
v 0.026441 0.215948 -0.032650
v 0.051239 0.232195 -0.010715
v 0.027222 0.232195 -0.010715
v 0.047899 0.229989 -0.015223
v 0.027222 0.229989 -0.015223
v 0.023573 0.200998 -0.024826
v 0.025945 0.200998 -0.024826
v 0.023573 0.205477 -0.026310
v 0.025945 0.205477 -0.026310
v 0.052195 0.233554 -0.005824
v 0.027222 0.233554 -0.005824
v 0.023573 0.193251 -0.019174
v 0.025945 0.193251 -0.019174
v 0.023573 0.196870 0.020942
v 0.025945 0.196870 0.020942
v 0.023573 0.200998 0.023352
v 0.025945 0.200998 0.023352
v 0.023573 0.190282 -0.015223
v 0.025945 0.190282 -0.015223
v 0.023573 0.205477 0.024835
v 0.025945 0.205477 0.024835
v 0.030217 0.219273 0.023352
v 0.026785 0.219273 0.023352
v 0.052195 0.234013 -0.000737
v 0.027222 0.234013 -0.000737
v 0.030217 0.219273 -0.024826
v 0.026785 0.219273 -0.024826
v 0.036394 0.223401 0.020942
v 0.027211 0.223401 0.020942
v 0.023573 0.186717 0.004349
v 0.025945 0.186717 0.004349
v 0.023573 0.193251 0.017700
v 0.025945 0.193251 0.017700
v 0.023573 0.188075 0.009241
v 0.025945 0.188075 0.009241
v 0.023573 0.186258 -0.000737
v 0.025945 0.186258 -0.000737
v 0.042666 0.227019 -0.019174
v 0.027222 0.227019 -0.019174
v 0.036394 0.223401 -0.022417
v 0.027211 0.223401 -0.022417
v 0.023573 0.210135 0.025336
v 0.025945 0.210135 0.025336
v 0.023573 0.210135 -0.026811
v 0.025945 0.210135 -0.026811
v 0.023573 0.186717 -0.005824
v 0.025945 0.186717 -0.005824
v 0.023573 0.196870 -0.022417
v 0.025945 0.196870 -0.022417
v 0.023573 0.188075 -0.010715
v 0.025945 0.188075 -0.010715
v 0.051239 0.232195 0.009241
v 0.027222 0.232195 0.009241
v 0.047899 0.229989 0.013749
v 0.027222 0.229989 0.013749
v 0.052195 0.233554 0.004349
v 0.027222 0.233554 0.004349
v 0.042666 0.227019 0.017700
v 0.027222 0.227019 0.017700
v 0.025470 0.214794 0.024835
v 0.026200 0.214794 0.024835
v 0.023573 0.190282 0.013749
v 0.025945 0.190282 0.013749
v 0.025470 0.214794 -0.026310
v 0.026200 0.214794 -0.026310
v 0.025945 0.150541 -0.033275
v 0.023573 0.150541 -0.033275
v 0.025945 0.144728 -0.032650
v 0.023573 0.144728 -0.032650
v 0.025945 0.139138 -0.030798
v 0.023573 0.139138 -0.030798
v 0.025945 0.133987 -0.027791
v 0.023573 0.133987 -0.027791
v 0.025945 0.129471 -0.023745
v 0.023573 0.129471 -0.023745
v 0.025945 0.125766 -0.018814
v 0.023573 0.125766 -0.018814
v 0.025945 0.123012 -0.013189
v 0.023573 0.123012 -0.013189
v 0.025945 0.121317 -0.007085
v 0.023573 0.121317 -0.007085
v 0.025945 0.120744 -0.000737
v 0.023573 0.120744 -0.000737
v 0.025945 0.121317 0.005611
v 0.023573 0.121317 0.005611
v 0.025945 0.123012 0.011714
v 0.023573 0.123012 0.011714
v 0.025945 0.125766 0.017340
v 0.023573 0.125766 0.017340
v 0.025945 0.129471 0.022270
v 0.023573 0.129471 0.022270
v 0.025945 0.133987 0.026317
v 0.023573 0.133987 0.026317
v 0.025945 0.139138 0.029324
v 0.023573 0.139138 0.029324
v 0.025945 0.144728 0.031175
v 0.023573 0.144728 0.031175
v 0.025945 0.150541 0.031801
v 0.023573 0.150541 0.031801
v 0.026329 0.156354 0.031175
v 0.026441 0.156354 0.031175
v 0.027059 0.161944 0.029324
v 0.033245 0.161944 0.029324
v 0.027222 0.167096 0.026317
v 0.040295 0.167096 0.026317
v 0.027222 0.171611 0.022270
v 0.046488 0.171611 0.022270
v 0.027222 0.175317 0.017340
v 0.050812 0.175317 0.017340
v 0.027222 0.178070 0.011714
v 0.052195 0.178070 0.011714
v 0.027222 0.179766 0.005611
v 0.052195 0.179766 0.005611
v 0.027222 0.180338 -0.000737
v 0.052195 0.180338 -0.000737
v 0.027222 0.179766 -0.007085
v 0.052195 0.179766 -0.007085
v 0.027222 0.178070 -0.013189
v 0.052195 0.178070 -0.013189
v 0.027222 0.175317 -0.018814
v 0.050812 0.175317 -0.018814
v 0.027222 0.171611 -0.023745
v 0.046488 0.171611 -0.023745
v 0.027222 0.167095 -0.027791
v 0.040295 0.167095 -0.027791
v 0.027059 0.161944 -0.030798
v 0.033245 0.161944 -0.030798
v 0.026329 0.156354 -0.032650
v 0.026441 0.156354 -0.032650
v 0.051239 0.172601 -0.010715
v 0.027222 0.172601 -0.010715
v 0.047899 0.170395 -0.015223
v 0.027222 0.170395 -0.015223
v 0.023573 0.141404 -0.024826
v 0.025945 0.141404 -0.024826
v 0.023573 0.145883 -0.026310
v 0.025945 0.145883 -0.026310
v 0.052195 0.173960 -0.005824
v 0.027222 0.173960 -0.005824
v 0.023573 0.133657 -0.019174
v 0.025945 0.133657 -0.019174
v 0.023573 0.137276 0.020942
v 0.025945 0.137276 0.020942
v 0.023573 0.141404 0.023352
v 0.025945 0.141404 0.023352
v 0.023573 0.130688 -0.015223
v 0.025945 0.130688 -0.015223
v 0.023573 0.145883 0.024835
v 0.025945 0.145883 0.024835
v 0.030217 0.159679 0.023352
v 0.026785 0.159679 0.023352
v 0.052195 0.174419 -0.000737
v 0.027222 0.174419 -0.000737
v 0.030217 0.159679 -0.024826
v 0.026785 0.159679 -0.024826
v 0.036394 0.163807 0.020942
v 0.027211 0.163807 0.020942
v 0.023573 0.127122 0.004349
v 0.025945 0.127122 0.004349
v 0.023573 0.133657 0.017700
v 0.025945 0.133657 0.017700
v 0.023573 0.128481 0.009241
v 0.025945 0.128481 0.009241
v 0.023573 0.126664 -0.000737
v 0.025945 0.126664 -0.000737
v 0.042666 0.167425 -0.019174
v 0.027222 0.167425 -0.019174
v 0.036394 0.163807 -0.022417
v 0.027211 0.163807 -0.022417
v 0.023573 0.150541 0.025336
v 0.025945 0.150541 0.025336
v 0.023573 0.150541 -0.026811
v 0.025945 0.150541 -0.026811
v 0.023573 0.127122 -0.005824
v 0.025945 0.127122 -0.005824
v 0.023573 0.137276 -0.022417
v 0.025945 0.137276 -0.022417
v 0.023573 0.128481 -0.010715
v 0.025945 0.128481 -0.010715
v 0.051239 0.172601 0.009241
v 0.027222 0.172601 0.009241
v 0.047899 0.170395 0.013749
v 0.027222 0.170395 0.013749
v 0.052195 0.173960 0.004349
v 0.027222 0.173960 0.004349
v 0.042666 0.167425 0.017700
v 0.027222 0.167425 0.017700
v 0.025470 0.155199 0.024835
v 0.026200 0.155199 0.024835
v 0.023573 0.130688 0.013749
v 0.025945 0.130688 0.013749
v 0.025470 0.155199 -0.026310
v 0.026200 0.155199 -0.026310
v 0.025945 0.090947 -0.033275
v 0.023573 0.090947 -0.033275
v 0.025945 0.085134 -0.032650
v 0.023573 0.085134 -0.032650
v 0.025945 0.079544 -0.030798
v 0.023573 0.079544 -0.030798
v 0.025945 0.074392 -0.027791
v 0.023573 0.074392 -0.027791
v 0.025945 0.069877 -0.023745
v 0.023573 0.069877 -0.023745
v 0.025945 0.066171 -0.018814
v 0.023573 0.066171 -0.018814
v 0.025945 0.063418 -0.013189
v 0.023573 0.063418 -0.013189
v 0.025945 0.061722 -0.007085
v 0.023573 0.061722 -0.007085
v 0.025945 0.061150 -0.000737
v 0.023573 0.061150 -0.000737
v 0.025945 0.061722 0.005611
v 0.023573 0.061722 0.005611
v 0.025945 0.063418 0.011714
v 0.023573 0.063418 0.011714
v 0.025945 0.066171 0.017340
v 0.023573 0.066171 0.017340
v 0.025945 0.069877 0.022270
v 0.023573 0.069877 0.022270
v 0.025945 0.074393 0.026317
v 0.023573 0.074392 0.026317
v 0.025945 0.079544 0.029324
v 0.023573 0.079544 0.029324
v 0.025945 0.085134 0.031175
v 0.023573 0.085134 0.031175
v 0.025945 0.090947 0.031801
v 0.023573 0.090947 0.031801
v 0.026329 0.096760 0.031175
v 0.026441 0.096760 0.031175
v 0.027059 0.102350 0.029324
v 0.033245 0.102350 0.029324
v 0.027222 0.107501 0.026317
v 0.040295 0.107501 0.026317
v 0.027222 0.112017 0.022270
v 0.046488 0.112017 0.022270
v 0.027222 0.115722 0.017340
v 0.050812 0.115722 0.017340
v 0.027222 0.118476 0.011714
v 0.052195 0.118476 0.011714
v 0.027222 0.120171 0.005611
v 0.052195 0.120171 0.005611
v 0.027222 0.120744 -0.000737
v 0.052195 0.120744 -0.000737
v 0.027222 0.120171 -0.007085
v 0.052195 0.120171 -0.007085
v 0.027222 0.118476 -0.013189
v 0.052195 0.118476 -0.013189
v 0.027222 0.115722 -0.018814
v 0.050812 0.115722 -0.018814
v 0.027222 0.112017 -0.023745
v 0.046488 0.112017 -0.023745
v 0.027222 0.107501 -0.027791
v 0.040295 0.107501 -0.027791
v 0.027059 0.102350 -0.030798
v 0.033245 0.102350 -0.030798
v 0.026329 0.096760 -0.032650
v 0.026441 0.096760 -0.032650
v 0.051239 0.113007 -0.010715
v 0.027222 0.113007 -0.010715
v 0.047899 0.110800 -0.015223
v 0.027222 0.110800 -0.015223
v 0.023573 0.081809 -0.024826
v 0.025945 0.081809 -0.024826
v 0.023573 0.086289 -0.026310
v 0.025945 0.086289 -0.026310
v 0.052195 0.114366 -0.005824
v 0.027222 0.114366 -0.005824
v 0.023573 0.074063 -0.019174
v 0.025945 0.074063 -0.019174
v 0.023573 0.077681 0.020942
v 0.025945 0.077681 0.020942
v 0.023573 0.081809 0.023352
v 0.025945 0.081809 0.023352
v 0.023573 0.071093 -0.015223
v 0.025945 0.071093 -0.015223
v 0.023573 0.086289 0.024835
v 0.025945 0.086289 0.024835
v 0.030217 0.100084 0.023352
v 0.026785 0.100084 0.023352
v 0.052195 0.114824 -0.000737
v 0.027222 0.114824 -0.000737
v 0.030217 0.100084 -0.024826
v 0.026785 0.100084 -0.024826
v 0.036394 0.104213 0.020942
v 0.027211 0.104213 0.020942
v 0.023573 0.067528 0.004349
v 0.025945 0.067528 0.004349
v 0.023573 0.074063 0.017700
v 0.025945 0.074063 0.017700
v 0.023573 0.068887 0.009241
v 0.025945 0.068887 0.009241
v 0.023573 0.067069 -0.000737
v 0.025945 0.067069 -0.000737
v 0.042666 0.107831 -0.019174
v 0.027222 0.107831 -0.019174
v 0.036394 0.104212 -0.022417
v 0.027211 0.104212 -0.022417
v 0.023573 0.090947 0.025336
v 0.025945 0.090947 0.025336
v 0.023573 0.090947 -0.026811
v 0.025945 0.090947 -0.026811
v 0.023573 0.067528 -0.005824
v 0.025945 0.067528 -0.005824
v 0.023573 0.077681 -0.022417
v 0.025945 0.077681 -0.022417
v 0.023573 0.068887 -0.010715
v 0.025945 0.068887 -0.010715
v 0.051239 0.113007 0.009241
v 0.027222 0.113007 0.009241
v 0.047899 0.110800 0.013749
v 0.027222 0.110800 0.013749
v 0.052195 0.114366 0.004349
v 0.027222 0.114366 0.004349
v 0.042666 0.107831 0.017700
v 0.027222 0.107831 0.017700
v 0.025470 0.095605 0.024835
v 0.026200 0.095605 0.024835
v 0.023573 0.071093 0.013749
v 0.025945 0.071093 0.013749
v 0.025470 0.095605 -0.026310
v 0.026200 0.095605 -0.026310
v -0.029888 0.128374 0.021498
v -0.029888 0.169732 0.021498
v -0.029888 0.128374 -0.019860
v -0.029888 0.169732 -0.019860
v -0.029305 0.128374 0.021498
v -0.029305 0.169732 0.021498
v -0.029305 0.128374 -0.019860
v -0.029305 0.169732 -0.019860
v -0.029888 0.188374 0.021498
v -0.029888 0.229732 0.021498
v -0.029888 0.188374 -0.019860
v -0.029888 0.229732 -0.019860
v -0.029305 0.188374 0.021498
v -0.029305 0.229732 0.021498
v -0.029305 0.188374 -0.019860
v -0.029305 0.229732 -0.019860
v -0.029919 0.074060 0.023671
v -0.029919 0.124046 0.023671
v -0.029919 0.074060 -0.022032
v -0.029919 0.124046 -0.022032
v -0.029274 0.074060 0.023671
v -0.029274 0.124046 0.023671
v -0.029274 0.074060 -0.022032
v -0.029274 0.124046 -0.022032
v 0.037130 0.007056 -0.045025
v 0.037096 0.007115 0.044625
v 0.036597 0.022298 -0.001662
vn -0.0000 -0.1069 -0.9943
vn -0.0000 -0.3144 -0.9493
vn -0.0000 -0.5041 -0.8637
vn -0.0000 -0.6674 -0.7447
vn -0.0000 -0.7994 -0.6008
vn -0.0000 -0.8982 -0.4396
vn -0.0000 -0.9635 -0.2677
vn -0.0000 -0.9960 -0.0898
vn -0.0000 -0.9960 0.0898
vn -0.0000 -0.9635 0.2677
vn -0.0000 -0.8982 0.4396
vn -0.0000 -0.7994 0.6008
vn -0.0000 -0.6674 0.7447
vn -0.0000 -0.5041 0.8636
vn -0.0000 -0.3144 0.9493
vn -0.0000 -0.1069 0.9943
vn -0.0000 0.1069 0.9943
vn -0.0000 0.3144 0.9493
vn -0.0000 0.5041 0.8637
vn -0.0000 0.6674 0.7447
vn -0.0000 0.7994 0.6008
vn -0.0000 0.8982 0.4396
vn -0.0000 0.9635 0.2677
vn -0.0000 0.9960 0.0898
vn -0.0000 0.9960 -0.0898
vn -0.0000 0.9635 -0.2677
vn -0.0000 0.8982 -0.4396
vn -0.0000 0.7994 -0.6008
vn -0.0000 0.6674 -0.7447
vn -0.0000 0.5041 -0.8637
vn 1.0000 -0.0000 -0.0000
vn -0.0000 0.3144 -0.9493
vn -0.0000 0.1069 -0.9943
vn -1.0000 -0.0000 -0.0000
vn -0.0000 -0.0000 -1.0000
vn -0.0000 -0.0000 1.0000
vn -0.0000 -1.0000 -0.0000
vn -0.0000 1.0000 -0.0000
vn -0.0014 0.0354 0.9994
vn -0.0005 0.9434 -0.3316
vn -0.0034 0.9511 0.3087
vn -0.0000 -0.0000 -0.0000
vn 0.0010 -1.0000 0.0007
vn 0.0014 -0.0354 -0.9994
vn -0.9999 -0.0125 -0.0004
vn 0.9999 0.0125 0.0004
vn -0.0000 0.5041 0.8636
vn -0.0000 0.5041 -0.8636
vn -0.0000 0.3145 -0.9493
vn -0.9944 0.1059 -0.0055
vn -0.0000 -0.8982 0.4397
vn -0.0000 -0.5041 -0.8636
vn -0.0000 -0.5041 0.8637
vn -0.9985 0.0547 -0.0000
vn -0.0000 0.8982 -0.4397
vn 0.9994 0.0339 0.0004
vn -0.0026 0.9445 -0.3285
vn -0.0014 0.9502 0.3117
vn 0.8930 -0.4466 0.0555
vn 0.6305 -0.7758 0.0253
vn 0.6030 -0.7962 -0.0496
vn 0.6441 -0.7504 -0.1485
vn 0.5410 -0.8329 -0.1170
vn 0.7646 -0.6082 -0.2133
vn 0.9658 -0.2262 -0.1268
vn 0.9873 -0.1533 0.0426
vn 0.9827 -0.0393 -0.1812
vn 0.7439 -0.6208 -0.2474
vn 0.6903 -0.7231 -0.0259
vn 0.5974 -0.7741 -0.2094
vn 0.5630 -0.8260 -0.0279
vn 0.9261 -0.3772 -0.0000
vn -0.9977 0.0669 -0.0082
vn -0.9996 0.0242 0.0128
vn -0.9917 0.1284 0.0032
vn -0.9917 0.1284 0.0031
vn -1.0000 0.0012 -0.0013
vn -1.0000 0.0016 0.0015
vn 0.8930 -0.4466 -0.0555
vn 0.6030 -0.7962 0.0496
vn 0.6305 -0.7758 -0.0253
vn 0.7646 -0.6082 0.2133
vn 0.6441 -0.7504 0.1485
vn 0.5974 -0.7741 0.2094
vn 0.9873 -0.1533 -0.0426
vn 0.9658 -0.2262 0.1268
vn 0.5630 -0.8260 0.0279
vn 0.6903 -0.7231 0.0259
vn 0.9827 -0.0393 0.1812
vn 0.7439 -0.6208 0.2474
vn 0.5410 -0.8329 0.1170
vn -1.0000 0.0012 0.0013
vn -0.9917 0.1284 -0.0032
vn -0.9996 0.0242 -0.0128
vn -0.9977 0.0669 0.0082
vn -0.9944 0.1059 0.0055
vn -1.0000 0.0016 -0.0015
vn -0.9917 0.1284 -0.0031
vn -0.0000 -0.8982 -0.4397
vn 0.9827 -0.0394 -0.1812
vt 1.000000 1.000000
vt 0.968750 0.500000
vt 1.000000 0.500000
vt 0.968750 1.000000
vt 0.937500 0.500000
vt 0.937500 1.000000
vt 0.906250 0.500000
vt 0.906250 1.000000
vt 0.875000 0.500000
vt 0.875000 1.000000
vt 0.843750 0.500000
vt 0.843750 1.000000
vt 0.812500 0.500000
vt 0.812500 1.000000
vt 0.781250 0.500000
vt 0.781250 1.000000
vt 0.750000 0.500000
vt 0.750000 1.000000
vt 0.718750 0.500000
vt 0.718750 1.000000
vt 0.687500 0.500000
vt 0.687500 1.000000
vt 0.656250 0.500000
vt 0.656250 1.000000
vt 0.625000 0.500000
vt 0.625000 1.000000
vt 0.593750 0.500000
vt 0.593750 1.000000
vt 0.562500 0.500000
vt 0.562500 1.000000
vt 0.531250 0.500000
vt 0.531250 1.000000
vt 0.500000 0.500000
vt 0.500000 1.000000
vt 0.468750 0.500000
vt 0.468750 1.000000
vt 0.437500 0.500000
vt 0.437500 1.000000
vt 0.406250 0.500000
vt 0.406250 1.000000
vt 0.375000 0.500000
vt 0.375000 1.000000
vt 0.343750 0.500000
vt 0.343750 1.000000
vt 0.312500 0.500000
vt 0.312500 1.000000
vt 0.281250 0.500000
vt 0.281250 1.000000
vt 0.250000 0.500000
vt 0.250000 1.000000
vt 0.218750 0.500000
vt 0.218750 1.000000
vt 0.187500 0.500000
vt 0.187500 1.000000
vt 0.156250 0.500000
vt 0.156250 1.000000
vt 0.125000 0.500000
vt 0.125000 1.000000
vt 0.093750 0.500000
vt 0.093750 1.000000
vt 0.062500 0.500000
vt 0.275124 0.376307
vt 0.299283 0.368979
vt 0.341844 0.471731
vt 0.062500 1.000000
vt 0.031250 0.500000
vt 0.031250 1.000000
vt 0.000000 0.500000
vt 0.775124 0.376307
vt 0.750000 0.378782
vt 0.796822 0.485389
vt 0.625000 0.000000
vt 0.506540 0.059214
vt 0.500002 0.057927
vt 0.625000 0.250000
vt 0.375000 0.250000
vt 0.506560 0.559205
vt 0.500001 0.557929
vt 0.375000 0.750000
vt 0.125000 0.557926
vt 0.625000 0.557926
vt 0.875000 0.692074
vt 0.625000 0.750000
vt 0.625000 0.692074
vt 0.299283 0.368979
vt 0.775124 0.376307
vt 0.203178 0.014612
vt 0.250000 0.121218
vt 0.224876 0.123693
vt 0.182926 0.692074
vt 0.125000 0.750000
vt 0.796822 0.014611
vt 0.750000 0.121218
vt 0.775124 0.123693
vt 0.224876 0.123693
vt 0.750000 0.121218
vt 0.775124 0.123693
vt 0.532880 0.138075
vt 0.592108 0.138085
vt 0.592576 0.141172
vt 0.594016 0.650668
vt 0.530955 0.650693
vt 0.592576 0.641172
vt 0.957846 0.130000
vt 0.250000 0.490000
vt 0.250000 0.250000
vt 0.457846 0.130000
vt 0.750000 0.490000
vt 0.375000 0.000000
vt 0.287520 0.438625
vt 0.296822 0.485389
vt 0.250000 0.442320
vt 0.676402 0.427681
vt 0.643153 0.409909
vt 0.658156 0.471731
vt 0.718750 0.791599
vt 0.750000 0.708401
vt 0.718750 0.708401
vt 0.625000 0.791599
vt 0.656250 0.708401
vt 0.625000 0.708401
vt 0.656250 0.791599
vt 0.687500 0.708401
vt 0.218750 0.791599
vt 0.250000 0.708401
vt 0.218750 0.708401
vt 0.781250 0.791599
vt 0.812500 0.708401
vt 0.781250 0.708401
vt 0.750000 0.791599
vt 0.843750 0.791599
vt 0.875000 0.708401
vt 0.843750 0.708401
vt 0.000000 0.708401
vt 0.031250 0.791599
vt 0.031250 0.708401
vt 0.468750 0.791599
vt 0.500000 0.708401
vt 0.468750 0.708401
vt 0.156250 0.791599
vt 0.187500 0.708401
vt 0.156250 0.708401
vt 0.500000 0.791599
vt 0.531250 0.708401
vt 0.062500 0.708401
vt 0.906250 0.791599
vt 0.906250 0.708401
vt 0.406250 0.708401
vt 0.437500 0.791599
vt 0.437500 0.708401
vt 0.296822 0.014611
vt 0.287520 0.061375
vt 0.250000 0.057679
vt 0.937500 0.791599
vt 0.937500 0.708401
vt 0.593750 0.791599
vt 0.593750 0.708401
vt 0.093750 0.791599
vt 0.125000 0.708401
vt 0.093750 0.708401
vt 0.187500 0.791599
vt 0.562500 0.791599
vt 0.562500 0.708401
vt 0.375000 0.708401
vt 0.406250 0.791599
vt 0.312500 0.708401
vt 0.343750 0.791599
vt 0.343750 0.708401
vt 0.968750 0.708401
vt 1.000000 0.791599
vt 1.000000 0.708401
vt 0.250000 0.791599
vt 0.281250 0.708401
vt 0.062500 0.791599
vt 0.968750 0.791599
vt 0.531250 0.791599
vt 0.312500 0.791599
vt 0.125000 0.791599
vt 0.375000 0.791599
vt 0.750000 0.057679
vt 0.750000 0.010000
vt 0.712480 0.061375
vt 0.875000 0.791599
vt 0.250000 0.378782
vt 0.203179 0.485389
vt 0.224876 0.376307
vt 0.158156 0.471731
vt 0.116663 0.449553
vt 0.200718 0.368979
vt 0.080295 0.419706
vt 0.178453 0.357078
vt 0.050447 0.383337
vt 0.142922 0.321547
vt 0.028269 0.341844
vt 0.131021 0.299282
vt 0.014612 0.296822
vt 0.010000 0.250000
vt 0.123693 0.275124
vt 0.121218 0.250000
vt 0.383337 0.449553
vt 0.449553 0.383337
vt 0.419706 0.419706
vt 0.357078 0.321547
vt 0.341062 0.341062
vt 0.485389 0.296822
vt 0.471731 0.341844
vt 0.376307 0.275124
vt 0.368979 0.299282
vt 0.378782 0.250000
vt 0.490000 0.250000
vt 0.158938 0.341062
vt 0.321547 0.357078
vt 0.000000 1.000000
vt 0.703179 0.485389
vt 0.724876 0.376307
vt 0.841844 0.471731
vt 0.883337 0.449553
vt 0.799283 0.368979
vt 0.919706 0.419706
vt 0.841062 0.341062
vt 0.949553 0.383337
vt 0.857078 0.321547
vt 0.971731 0.341844
vt 0.868979 0.299283
vt 0.985389 0.296822
vt 0.876307 0.275124
vt 0.990000 0.250000
vt 0.878782 0.250000
vt 0.700717 0.368979
vt 0.616663 0.449553
vt 0.550448 0.383337
vt 0.580295 0.419706
vt 0.658938 0.341063
vt 0.678453 0.357078
vt 0.514612 0.296822
vt 0.528269 0.341844
vt 0.631022 0.299283
vt 0.642922 0.321547
vt 0.621218 0.250000
vt 0.510000 0.250000
vt 0.623693 0.275124
vt 0.821547 0.357078
vt 0.375000 0.057926
vt 0.381543 0.059215
vt 0.387833 0.063031
vt 0.625000 0.057926
vt 0.623395 0.058242
vt 0.618457 0.059215
vt 0.393634 0.069231
vt 0.398713 0.077573
vt 0.616914 0.060151
vt 0.612166 0.063032
vt 0.493477 0.059236
vt 0.487168 0.063034
vt 0.476286 0.077569
vt 0.610744 0.064552
vt 0.606368 0.069230
vt 0.605121 0.071276
vt 0.601286 0.077572
vt 0.402891 0.087736
vt 0.523627 0.077589
vt 0.600263 0.080065
vt 0.466460 0.125000
vt 0.408537 0.125000
vt 0.407891 0.111914
vt 0.467103 0.111915
vt 0.405935 0.099342
vt 0.469042 0.099344
vt 0.597115 0.087736
vt 0.527885 0.087733
vt 0.596355 0.090580
vt 0.594016 0.099332
vt 0.530994 0.099342
vt 0.593548 0.102419
vt 0.592108 0.111915
vt 0.532889 0.111916
vt 0.591950 0.115124
vt 0.591463 0.125000
vt 0.533534 0.125001
vt 0.471443 0.087868
vt 0.481363 0.069229
vt 0.518628 0.069229
vt 0.512833 0.063030
vt 0.375000 0.557926
vt 0.381545 0.559217
vt 0.387833 0.563031
vt 0.623395 0.558242
vt 0.618457 0.559215
vt 0.616914 0.560151
vt 0.612166 0.563032
vt 0.393630 0.569230
vt 0.398715 0.577572
vt 0.610744 0.564552
vt 0.493460 0.559216
vt 0.487163 0.563034
vt 0.476288 0.577571
vt 0.606368 0.569230
vt 0.605121 0.571276
vt 0.402881 0.587736
vt 0.601286 0.577572
vt 0.523742 0.577567
vt 0.600263 0.580065
vt 0.518633 0.569230
vt 0.466469 0.625005
vt 0.408542 0.624998
vt 0.467104 0.611913
vt 0.407892 0.611914
vt 0.406000 0.599329
vt 0.468940 0.599294
vt 0.597115 0.587736
vt 0.527836 0.587726
vt 0.596355 0.590581
vt 0.594016 0.599332
vt 0.530969 0.599319
vt 0.471694 0.587823
vt 0.591950 0.615125
vt 0.591463 0.625000
vt 0.533539 0.624996
vt 0.532896 0.611911
vt 0.592108 0.611915
vt 0.593548 0.602419
vt 0.481367 0.569229
vt 0.512835 0.563035
vt 0.875000 0.557926
vt 0.875000 0.750000
vt 0.250000 0.378782
vt 0.224876 0.376307
vt 0.178453 0.357078
vt 0.142922 0.321547
vt 0.131021 0.299283
vt 0.123693 0.275124
vt 0.121219 0.250000
vt 0.357078 0.321547
vt 0.341062 0.341062
vt 0.376307 0.275124
vt 0.368979 0.299282
vt 0.378782 0.250000
vt 0.158938 0.341063
vt 0.321547 0.357078
vt 0.724876 0.376307
vt 0.799283 0.368979
vt 0.841062 0.341062
vt 0.857078 0.321547
vt 0.868979 0.299282
vt 0.876307 0.275124
vt 0.878781 0.250000
vt 0.700717 0.368979
vt 0.658938 0.341062
vt 0.678453 0.357078
vt 0.631021 0.299283
vt 0.642922 0.321547
vt 0.621218 0.250000
vt 0.623693 0.275124
vt 0.821547 0.357078
vt 0.485389 0.203178
vt 0.376307 0.224876
vt 0.449553 0.116663
vt 0.471731 0.158156
vt 0.368979 0.200717
vt 0.383337 0.050447
vt 0.419706 0.080294
vt 0.321547 0.142922
vt 0.341062 0.158937
vt 0.341844 0.028269
vt 0.299283 0.131021
vt 0.250000 0.010000
vt 0.275124 0.123693
vt 0.116663 0.050447
vt 0.158156 0.028269
vt 0.200717 0.131021
vt 0.050447 0.116663
vt 0.080294 0.080294
vt 0.142922 0.178453
vt 0.158937 0.158938
vt 0.014611 0.203178
vt 0.028269 0.158156
vt 0.123693 0.224876
vt 0.131021 0.200717
vt 0.357078 0.178453
vt 0.178453 0.142922
vt 0.125000 0.692074
vt 0.375000 0.692074
vt 0.514611 0.203178
vt 0.623693 0.224876
vt 0.550447 0.116663
vt 0.528269 0.158156
vt 0.631021 0.200717
vt 0.616663 0.050447
vt 0.580294 0.080294
vt 0.678453 0.142922
vt 0.658937 0.158938
vt 0.703178 0.014612
vt 0.658156 0.028269
vt 0.700717 0.131021
vt 0.724876 0.123693
vt 0.883337 0.050447
vt 0.841844 0.028269
vt 0.799282 0.131021
vt 0.949553 0.116663
vt 0.919706 0.080294
vt 0.857078 0.178453
vt 0.841062 0.158937
vt 0.985389 0.203178
vt 0.971731 0.158156
vt 0.876308 0.224876
vt 0.868979 0.200717
vt 0.642922 0.178453
vt 0.821547 0.142922
vt 0.376307 0.224876
vt 0.368979 0.200717
vt 0.321547 0.142922
vt 0.299282 0.131021
vt 0.200718 0.131021
vt 0.142922 0.178453
vt 0.158937 0.158938
vt 0.123693 0.224876
vt 0.131021 0.200718
vt 0.357078 0.178453
vt 0.623693 0.224876
vt 0.631021 0.200718
vt 0.678452 0.142922
vt 0.658937 0.158938
vt 0.700717 0.131021
vt 0.724876 0.123693
vt 0.799282 0.131021
vt 0.857078 0.178453
vt 0.841062 0.158938
vt 0.876307 0.224876
vt 0.642922 0.178453
vt 0.821547 0.142922
vt 0.407892 0.138087
vt 0.467104 0.138085
vt 0.405999 0.150671
vt 0.469010 0.150663
vt 0.402883 0.162263
vt 0.472118 0.162263
vt 0.398718 0.172425
vt 0.476270 0.172430
vt 0.393635 0.180768
vt 0.481367 0.180771
vt 0.387831 0.186969
vt 0.487163 0.186973
vt 0.375000 0.192074
vt 0.381545 0.190784
vt 0.493439 0.190802
vt 0.500004 0.192071
vt 0.620062 0.191101
vt 0.625000 0.192074
vt 0.618457 0.190785
vt 0.613709 0.187904
vt 0.612166 0.186968
vt 0.506553 0.190801
vt 0.512834 0.186968
vt 0.607790 0.182290
vt 0.601286 0.172428
vt 0.602533 0.174475
vt 0.523833 0.172449
vt 0.606368 0.180770
vt 0.518633 0.180766
vt 0.597115 0.162264
vt 0.598138 0.164757
vt 0.527930 0.162253
vt 0.530993 0.150658
vt 0.594776 0.153513
vt 0.591621 0.128210
vt 0.594016 0.150668
vt 0.407900 0.638085
vt 0.467123 0.638082
vt 0.406003 0.650670
vt 0.469009 0.650669
vt 0.402894 0.662263
vt 0.472378 0.662316
vt 0.398711 0.672429
vt 0.476310 0.672431
vt 0.393633 0.680770
vt 0.481378 0.680773
vt 0.387833 0.686968
vt 0.487167 0.686965
vt 0.381541 0.690786
vt 0.493460 0.690784
vt 0.499996 0.692076
vt 0.620062 0.691101
vt 0.618951 0.690882
vt 0.618457 0.690785
vt 0.613709 0.687904
vt 0.506542 0.690786
vt 0.512836 0.686965
vt 0.612166 0.686968
vt 0.610213 0.684880
vt 0.518629 0.680767
vt 0.523740 0.672434
vt 0.607790 0.682290
vt 0.606368 0.680770
vt 0.602533 0.674475
vt 0.527832 0.662273
vt 0.598138 0.664758
vt 0.601286 0.672428
vt 0.594776 0.653513
vt 0.532870 0.638073
vt 0.591621 0.628210
vt 0.592108 0.638086
vt 0.597115 0.662264
vt 0.323598 0.427681
vt 0.212480 0.438625
vt 0.176403 0.427681
vt 0.143153 0.409909
vt 0.114009 0.385991
vt 0.090091 0.356848
vt 0.072319 0.323598
vt 0.061375 0.287520
vt 0.057679 0.250000
vt 0.385991 0.385991
vt 0.356847 0.409909
vt 0.409909 0.356848
vt 0.427681 0.323598
vt 0.442320 0.250000
vt 0.438625 0.287520
vt 0.712480 0.438625
vt 0.750000 0.442320
vt 0.787520 0.438625
vt 0.823598 0.427681
vt 0.856848 0.409909
vt 0.885991 0.385991
vt 0.909909 0.356848
vt 0.927681 0.323598
vt 0.938625 0.287520
vt 0.942321 0.250000
vt 0.614009 0.385991
vt 0.590092 0.356848
vt 0.572319 0.323598
vt 0.557679 0.250000
vt 0.561375 0.287520
vt 0.687500 0.791599
vt 0.812500 0.791599
vt 0.000000 0.791599
vt 0.438625 0.212480
vt 0.409909 0.143152
vt 0.427681 0.176402
vt 0.356847 0.090091
vt 0.385991 0.114009
vt 0.323598 0.072319
vt 0.212480 0.061375
vt 0.143152 0.090091
vt 0.176402 0.072319
vt 0.090091 0.143153
vt 0.114009 0.114009
vt 0.072319 0.176402
vt 0.061375 0.212480
vt 0.281250 0.791599
vt 0.561375 0.212480
vt 0.590091 0.143153
vt 0.572319 0.176402
vt 0.643152 0.090091
vt 0.614009 0.114009
vt 0.676402 0.072319
vt 0.787520 0.061375
vt 0.823598 0.072319
vt 0.885991 0.114009
vt 0.856847 0.090091
vt 0.909909 0.143152
vt 0.927681 0.176402
vt 0.938625 0.212480
s 0
usemtl Material.004
f 131/165/129 132/166/129 130/167/129
f 133/168/130 134/169/130 132/166/130
f 135/170/131 136/171/131 134/169/131
f 137/172/132 138/173/132 136/171/132
f 139/174/133 140/175/133 138/173/133
f 141/176/134 142/177/134 140/175/134
f 143/178/135 144/179/135 142/177/135
f 145/180/136 146/181/136 144/179/136
f 147/182/137 148/183/137 146/181/137
f 149/184/138 150/185/138 148/183/138
f 151/186/139 152/187/139 150/185/139
f 153/188/140 154/189/140 152/187/140
f 155/190/141 156/191/141 154/189/141
f 157/192/142 158/193/142 156/191/142
f 159/194/143 160/195/143 158/193/143
f 161/196/144 162/197/144 160/195/144
f 163/198/145 164/199/145 162/197/145
f 165/200/146 166/201/146 164/199/146
f 167/202/147 168/203/147 166/201/147
f 169/204/148 170/205/148 168/203/148
f 171/206/149 172/207/149 170/205/149
f 173/208/150 174/209/150 172/207/150
f 175/210/151 176/211/151 174/209/151
f 177/212/152 178/213/152 176/211/152
f 179/214/153 180/215/153 178/213/153
f 181/216/154 182/217/154 180/215/154
f 183/218/155 184/219/155 182/217/155
f 185/220/156 186/221/156 184/219/156
f 187/222/157 188/223/157 186/221/157
f 189/224/158 190/225/158 188/223/158
f 404/226/159 386/227/159 135/228/159
f 191/229/160 192/230/160 190/225/160
f 193/231/161 130/232/161 192/230/161
f 405/233/162 407/234/162 132/235/162
f 195/236/162 538/237/162 526/238/162
f 197/239/163 200/205/163 196/240/163
f 201/189/159 556/241/159 548/242/159
f 198/243/164 195/190/164 194/206/164
f 200/205/165 409/244/165 196/221/165
f 197/173/166 226/245/166 201/189/166
f 225/246/166 199/247/166 224/248/166
f 267/167/129 270/168/129 269/166/129
f 270/168/130 271/169/130 269/166/130
f 272/170/131 273/171/131 271/169/131
f 274/172/132 275/173/132 273/171/132
f 276/174/133 277/175/133 275/173/133
f 278/176/134 279/177/134 277/175/134
f 280/178/135 281/179/135 279/177/135
f 282/180/136 283/181/136 281/179/136
f 284/182/137 285/183/137 283/181/137
f 286/184/138 287/185/138 285/183/138
f 288/186/139 289/187/139 287/185/139
f 290/188/140 291/189/140 289/187/140
f 291/189/141 294/192/141 293/191/141
f 293/191/142 296/194/142 295/193/142
f 295/193/143 298/196/143 297/195/143
f 298/196/144 299/197/144 297/195/144
f 300/198/145 301/199/145 299/197/145
f 302/200/146 303/201/146 301/199/146
f 303/201/147 306/204/147 305/203/147
f 306/204/148 307/205/148 305/203/148
f 308/206/149 309/207/149 307/205/149
f 310/208/150 311/209/150 309/207/150
f 312/210/151 313/211/151 311/209/151
f 314/212/152 315/213/152 313/211/152
f 316/214/153 317/215/153 315/213/153
f 317/215/154 320/218/154 319/217/154
f 319/217/155 322/220/155 321/219/155
f 322/220/156 323/221/156 321/219/156
f 324/222/157 325/223/157 323/221/157
f 326/224/158 327/225/158 325/223/158
f 479/226/159 467/249/159 272/228/159
f 327/225/160 330/231/160 329/230/160
f 330/231/161 267/232/161 329/230/161
f 480/250/162 482/234/162 269/235/162
f 165/251/159 374/252/159 393/253/159
f 376/254/165 198/243/165 194/255/165
f 160/256/162 373/257/162 351/258/162
f 302/251/159 459/252/159 471/259/159
f 297/256/162 460/260/162 443/261/162
f 502/262/162 229/263/162 248/264/162
f 220/265/159 531/266/159 250/267/159
f 565/268/167 572/268/167 574/268/167
f 561/269/168 566/270/168 569/269/168
f 570/271/159 993/270/159 566/270/159
f 562/271/169 566/270/169 563/270/169
f 568/268/159 561/272/159 567/272/159
f 567/272/170 569/272/170 564/272/170
f 564/272/159 570/268/159 565/268/159
f 565/268/170 562/268/170 568/268/170
f 572/268/171 573/272/171 574/268/171
f 564/272/172 571/272/172 567/272/172
f 568/268/173 571/272/173 572/268/173
f 565/268/174 573/272/174 564/272/174
f 576/236/162 577/240/162 575/273/162
f 578/239/163 581/205/163 577/240/163
f 582/189/159 579/243/159 581/205/159
f 579/243/164 576/190/164 575/206/164
f 577/221/165 579/243/165 575/255/165
f 578/173/166 580/247/166 582/189/166
f 584/165/145 585/166/145 583/167/145
f 586/168/146 587/169/146 585/166/146
f 588/170/175 589/171/175 587/169/175
f 590/172/148 591/173/148 589/171/148
f 592/174/149 593/175/149 591/173/149
f 594/176/150 595/177/150 593/175/150
f 596/178/151 597/179/151 595/177/151
f 598/180/152 599/181/152 597/179/152
f 600/182/153 601/183/153 599/181/153
f 602/184/154 603/185/154 601/183/154
f 604/186/155 605/187/155 603/185/155
f 605/187/156 608/190/156 607/189/156
f 607/189/157 610/192/157 609/191/157
f 610/192/176 611/193/176 609/191/176
f 611/193/160 614/196/160 613/195/160
f 614/196/161 615/197/161 613/195/161
f 615/197/145 618/200/145 617/199/145
f 618/200/146 619/201/146 617/199/146
f 620/202/147 621/203/147 619/201/147
f 622/204/148 623/205/148 621/203/148
f 624/206/149 625/207/149 623/205/149
f 626/208/150 627/209/150 625/207/150
f 627/209/151 630/212/151 629/211/151
f 630/212/152 631/213/152 629/211/152
f 632/214/153 633/215/153 631/213/153
f 634/216/154 635/217/154 633/215/154
f 635/217/155 638/220/155 637/219/155
f 637/219/156 640/222/156 639/221/156
f 639/221/157 642/224/157 641/223/157
f 641/223/158 644/229/158 643/225/158
f 653/274/159 586/275/159 689/276/159
f 643/225/177 646/231/177 645/230/177
f 646/231/161 583/232/161 645/230/161
f 672/277/178 686/278/178 643/279/178
f 675/280/137 682/281/137 676/282/137
f 677/283/140 708/284/140 678/285/140
f 707/286/179 680/287/179 708/284/179
f 655/288/137 670/289/137 656/290/137
f 691/291/135 696/292/135 692/293/135
f 681/294/136 692/293/136 682/281/136
f 663/295/133 658/296/133 664/297/133
f 690/298/161 709/299/161 710/300/161
f 705/301/145 688/302/145 706/303/145
f 649/304/139 648/305/139 650/306/139
f 687/307/144 666/308/144 688/302/144
f 709/299/160 672/309/160 710/300/160
f 658/296/132 693/310/132 694/311/132
f 674/312/131 667/313/131 668/314/131
f 614/315/159 665/316/159 687/317/159
f 694/311/180 651/318/180 652/319/180
f 659/320/141 678/285/141 660/321/141
f 685/322/141 684/323/141 686/324/141
f 647/325/138 656/290/138 648/305/138
f 661/326/181 660/321/181 662/327/181
f 704/328/132 673/329/132 674/312/132
f 698/330/134 699/331/134 700/332/134
f 654/333/129 689/334/129 690/335/129
f 696/292/134 663/295/134 664/297/134
f 669/336/136 702/337/136 670/289/136
f 680/287/138 675/280/138 676/282/138
f 668/314/146 705/301/146 706/303/146
f 671/338/181 686/324/181 672/309/181
f 652/319/130 653/339/130 654/333/130
f 665/340/143 662/327/143 666/308/143
f 702/337/135 697/341/135 698/330/135
f 683/342/140 650/306/140 684/323/140
f 700/332/133 703/343/133 704/328/133
f 688/344/182 615/345/182 706/346/182
f 712/165/145 713/166/145 711/167/145
f 714/168/146 715/169/146 713/166/146
f 716/170/175 717/171/175 715/169/175
f 718/172/148 719/173/148 717/171/148
f 720/174/149 721/175/149 719/173/149
f 722/176/150 723/177/150 721/175/150
f 724/178/151 725/179/151 723/177/151
f 726/180/152 727/181/152 725/179/152
f 728/182/153 729/183/153 727/181/153
f 730/184/154 731/185/154 729/183/154
f 732/186/155 733/187/155 731/185/155
f 734/188/156 735/189/156 733/187/156
f 736/190/157 737/191/157 735/189/157
f 738/192/176 739/193/176 737/191/176
f 739/193/160 742/196/160 741/195/160
f 741/195/161 744/198/161 743/197/161
f 743/197/145 746/200/145 745/199/145
f 746/200/146 747/201/146 745/199/146
f 748/202/147 749/203/147 747/201/147
f 750/204/148 751/205/148 749/203/148
f 752/206/149 753/207/149 751/205/149
f 754/208/150 755/209/150 753/207/150
f 755/209/151 758/212/151 757/211/151
f 757/211/152 760/214/152 759/213/152
f 760/214/153 761/215/153 759/213/153
f 762/216/154 763/217/154 761/215/154
f 763/217/155 766/220/155 765/219/155
f 765/219/156 768/222/156 767/221/156
f 767/221/157 770/224/157 769/223/157
f 769/223/158 772/229/158 771/225/158
f 781/274/159 714/275/159 817/276/159
f 771/225/160 774/231/160 773/230/160
f 774/231/161 711/232/161 773/230/161
f 800/277/178 814/278/178 771/279/178
f 803/280/137 810/281/137 804/282/137
f 805/283/140 836/284/140 806/285/140
f 835/286/139 808/287/139 836/284/139
f 783/288/137 798/289/137 784/290/137
f 819/291/135 824/292/135 820/293/135
f 810/281/136 819/291/136 820/293/136
f 792/297/133 785/347/133 786/296/133
f 818/298/161 837/299/161 838/300/161
f 833/301/145 816/302/145 834/303/145
f 777/304/179 776/305/179 778/306/179
f 815/307/144 794/308/144 816/302/144
f 837/299/160 800/309/160 838/300/160
f 786/296/132 821/310/132 822/311/132
f 802/312/131 795/313/131 796/314/131
f 742/315/159 793/316/159 815/317/159
f 821/310/131 780/319/131 822/311/131
f 787/320/141 806/285/141 788/321/141
f 813/322/141 812/323/141 814/324/141
f 775/325/138 784/290/138 776/305/138
f 789/326/142 788/321/142 790/327/142
f 832/328/132 801/329/132 802/312/132
f 826/330/134 827/331/134 828/332/134
f 782/333/129 817/334/129 818/335/129
f 824/292/134 791/295/134 792/297/134
f 797/336/136 830/337/136 798/289/136
f 808/287/138 803/280/138 804/282/138
f 796/314/146 833/301/146 834/303/146
f 799/338/181 814/324/181 800/309/181
f 780/319/130 781/339/130 782/333/130
f 793/340/143 790/327/143 794/308/143
f 830/337/135 825/341/135 826/330/135
f 811/342/140 778/306/140 812/323/140
f 828/332/133 831/343/133 832/328/133
f 816/344/182 743/345/182 834/346/182
f 840/165/145 841/166/145 839/167/145
f 842/168/146 843/169/146 841/166/146
f 844/170/147 845/171/147 843/169/147
f 846/172/148 847/173/148 845/171/148
f 848/174/149 849/175/149 847/173/149
f 850/176/150 851/177/150 849/175/150
f 852/178/151 853/179/151 851/177/151
f 854/180/152 855/181/152 853/179/152
f 856/182/153 857/183/153 855/181/153
f 858/184/154 859/185/154 857/183/154
f 860/186/155 861/187/155 859/185/155
f 862/188/156 863/189/156 861/187/156
f 863/189/157 866/192/157 865/191/157
f 865/191/176 868/194/176 867/193/176
f 867/193/160 870/196/160 869/195/160
f 869/195/161 872/198/161 871/197/161
f 871/197/145 874/200/145 873/199/145
f 874/200/146 875/201/146 873/199/146
f 876/202/147 877/203/147 875/201/147
f 878/204/148 879/205/148 877/203/148
f 880/206/149 881/207/149 879/205/149
f 882/208/150 883/209/150 881/207/150
f 883/209/151 886/212/151 885/211/151
f 886/212/152 887/213/152 885/211/152
f 888/214/153 889/215/153 887/213/153
f 890/216/154 891/217/154 889/215/154
f 891/217/183 894/220/183 893/219/183
f 893/219/156 896/222/156 895/221/156
f 895/221/157 898/224/157 897/223/157
f 897/223/158 900/229/158 899/225/158
f 909/274/159 842/275/159 945/276/159
f 899/225/160 902/231/160 901/230/160
f 902/231/161 839/232/161 901/230/161
f 928/277/178 942/278/178 899/279/178
f 931/280/137 938/281/137 932/282/137
f 933/283/140 964/284/140 934/285/140
f 963/286/139 936/287/139 964/284/139
f 911/288/137 926/289/137 912/290/137
f 947/291/135 952/292/135 948/293/135
f 938/281/136 947/291/136 948/293/136
f 920/297/133 913/347/133 914/296/133
f 946/298/161 965/299/161 966/300/161
f 961/301/145 944/302/145 962/303/145
f 905/304/139 904/305/139 906/306/139
f 943/307/144 922/308/144 944/302/144
f 965/299/160 928/309/160 966/300/160
f 914/296/132 949/310/132 950/311/132
f 930/312/131 923/313/131 924/314/131
f 870/315/159 921/316/159 943/317/159
f 949/310/131 908/319/131 950/311/131
f 915/320/141 934/285/141 916/321/141
f 941/322/141 940/323/141 942/324/141
f 903/325/138 912/290/138 904/305/138
f 917/326/142 916/321/142 918/327/142
f 960/328/132 929/329/132 930/312/132
f 954/330/134 955/331/134 956/332/134
f 910/333/129 945/334/129 946/335/129
f 952/292/134 919/295/134 920/297/134
f 925/336/136 958/337/136 926/289/136
f 936/287/138 931/280/138 932/282/138
f 924/314/146 961/301/146 962/303/146
f 927/338/181 942/324/181 928/309/181
f 907/318/130 910/333/130 908/319/130
f 921/340/143 918/327/143 922/308/143
f 958/337/135 953/341/135 954/330/135
f 939/342/140 906/306/140 940/323/140
f 956/332/133 959/343/133 960/328/133
f 944/344/182 871/345/182 962/346/182
f 968/236/162 969/240/162 967/273/162
f 970/239/163 973/205/163 969/240/163
f 974/189/159 971/243/159 973/205/159
f 972/247/164 967/206/164 971/243/164
f 973/205/165 967/255/165 969/221/165
f 970/173/166 972/247/166 974/189/166
f 976/236/162 977/240/162 975/273/162
f 978/239/163 981/205/163 977/240/163
f 982/189/159 979/243/159 981/205/159
f 980/247/164 975/206/164 979/243/164
f 981/205/165 975/255/165 977/221/165
f 978/173/166 980/247/166 982/189/166
f 984/236/162 985/240/162 983/273/162
f 986/239/163 989/205/163 985/240/163
f 990/189/159 987/243/159 989/205/159
f 988/247/164 983/206/164 987/243/164
f 989/205/165 983/255/165 985/221/165
f 986/173/166 988/247/166 990/189/166
f 991/269/184 993/270/184 992/271/184
f 566/270/159 991/269/159 569/269/159
f 569/272/159 992/268/159 570/268/159
f 131/165/129 133/168/129 132/166/129
f 133/168/130 135/170/130 134/169/130
f 135/170/131 137/172/131 136/171/131
f 137/172/132 139/174/132 138/173/132
f 139/174/133 141/176/133 140/175/133
f 141/176/134 143/178/134 142/177/134
f 143/178/135 145/180/135 144/179/135
f 145/180/136 147/182/136 146/181/136
f 147/182/137 149/184/137 148/183/137
f 149/184/138 151/186/138 150/185/138
f 151/186/139 153/188/139 152/187/139
f 153/188/140 155/190/140 154/189/140
f 155/190/141 157/192/141 156/191/141
f 157/192/142 159/194/142 158/193/142
f 159/194/143 161/196/143 160/195/143
f 161/196/144 163/198/144 162/197/144
f 163/198/145 165/200/145 164/199/145
f 165/200/146 167/202/146 166/201/146
f 167/202/147 169/204/147 168/203/147
f 169/204/148 171/206/148 170/205/148
f 171/206/149 173/208/149 172/207/149
f 173/208/150 175/210/150 174/209/150
f 175/210/151 177/212/151 176/211/151
f 177/212/152 179/214/152 178/213/152
f 179/214/153 181/216/153 180/215/153
f 181/216/154 183/218/154 182/217/154
f 183/218/155 185/220/155 184/219/155
f 185/220/156 187/222/156 186/221/156
f 187/222/157 189/224/157 188/223/157
f 189/224/158 191/229/158 190/225/158
f 135/228/159 133/275/159 404/226/159
f 133/275/159 131/269/159 406/348/159
f 131/269/159 193/349/159 422/350/159
f 193/349/159 191/351/159 422/350/159
f 191/351/159 189/352/159 357/353/159
f 189/352/159 187/354/159 361/355/159
f 357/353/159 189/352/159 361/355/159
f 187/354/159 185/356/159 388/357/159
f 185/356/159 183/358/159 343/359/159
f 183/358/159 181/360/159 343/359/159
f 181/360/159 179/361/159 339/362/159
f 343/359/159 181/360/159 339/362/159
f 179/361/159 335/363/159 339/362/159
f 185/356/159 343/359/159 388/357/159
f 422/350/159 191/351/159 357/353/159
f 137/364/159 135/228/159 386/227/159
f 133/275/159 406/348/159 404/226/159
f 141/365/159 139/366/159 365/367/159
f 139/366/159 137/364/159 353/368/159
f 365/367/159 139/366/159 353/368/159
f 145/369/159 143/370/159 401/371/159
f 143/370/159 141/365/159 402/372/159
f 401/371/159 143/370/159 402/372/159
f 429/373/159 147/374/159 401/371/159
f 147/374/159 145/369/159 401/371/159
f 402/372/159 141/365/159 365/367/159
f 187/354/159 388/357/159 367/375/159
f 187/354/159 367/375/159 361/355/159
f 355/376/159 353/368/159 137/364/159
f 386/227/159 355/376/159 137/364/159
f 131/269/159 422/350/159 406/348/159
f 191/229/160 193/231/160 192/230/160
f 193/231/161 131/377/161 130/232/161
f 192/378/162 130/272/162 423/379/162
f 130/272/162 132/235/162 407/234/162
f 423/379/162 130/272/162 407/234/162
f 132/235/162 134/380/162 405/233/162
f 134/380/162 136/381/162 387/382/162
f 405/233/162 134/380/162 387/382/162
f 136/381/162 138/383/162 354/384/162
f 138/383/162 140/385/162 366/386/162
f 140/385/162 142/387/162 403/388/162
f 142/387/162 144/389/162 400/390/162
f 144/389/162 146/391/162 400/390/162
f 146/391/162 428/392/162 400/390/162
f 138/383/162 366/386/162 354/384/162
f 142/387/162 400/390/162 403/388/162
f 192/378/162 423/379/162 358/393/162
f 188/394/162 190/279/162 358/393/162
f 190/279/162 192/378/162 358/393/162
f 184/395/162 186/396/162 368/397/162
f 186/396/162 188/394/162 362/398/162
f 180/399/162 182/400/162 344/401/162
f 182/400/162 184/395/162 389/402/162
f 336/403/162 178/404/162 340/405/162
f 178/404/162 180/399/162 340/405/162
f 182/400/162 389/402/162 344/401/162
f 186/396/162 362/398/162 368/397/162
f 362/398/162 188/394/162 358/393/162
f 140/385/162 403/388/162 366/386/162
f 344/401/162 340/405/162 180/399/162
f 368/397/162 389/402/162 184/395/162
f 136/381/162 354/384/162 356/406/162
f 136/381/162 356/406/162 387/382/162
f 377/407/162 194/273/162 395/408/162
f 194/273/162 195/236/162 526/238/162
f 395/408/162 194/273/162 399/409/162
f 195/236/162 225/410/162 246/411/162
f 195/236/162 246/411/162 215/412/162
f 399/409/162 194/273/162 413/413/162
f 413/413/162 194/273/162 421/414/162
f 195/236/162 215/412/162 266/415/162
f 195/236/162 266/415/162 211/416/162
f 510/417/162 194/273/162 526/238/162
f 194/273/162 510/417/162 506/418/162
f 421/414/162 194/273/162 524/419/162
f 195/236/162 211/416/162 261/420/162
f 209/421/162 249/422/162 195/236/162
f 249/422/162 219/423/162 195/236/162
f 195/236/162 261/420/162 209/421/162
f 417/424/162 421/414/162 524/419/162
f 195/236/162 219/423/162 554/425/162
f 219/423/162 254/426/162 554/425/162
f 560/427/162 338/428/162 334/429/162
f 558/430/162 560/427/162 334/429/162
f 558/430/162 334/429/162 385/431/162
f 530/432/162 558/430/162 385/431/162
f 254/426/162 235/433/162 552/434/162
f 235/433/162 255/435/162 552/434/162
f 255/435/162 221/436/162 532/437/162
f 221/436/162 240/438/162 532/437/162
f 240/438/162 217/439/162 498/440/162
f 258/441/162 223/442/162 500/443/162
f 217/439/162 258/441/162 498/440/162
f 258/441/162 500/443/162 498/440/162
f 240/438/162 498/440/162 532/437/162
f 255/435/162 532/437/162 552/434/162
f 530/432/162 385/431/162 417/424/162
f 508/444/162 530/432/162 417/424/162
f 254/426/162 552/434/162 554/425/162
f 524/419/162 508/444/162 417/424/162
f 528/445/162 524/419/162 194/273/162
f 195/236/162 554/425/162 550/446/162
f 195/236/162 550/446/162 540/447/162
f 506/418/162 528/445/162 194/273/162
f 195/236/162 540/447/162 538/237/162
f 197/239/163 201/189/163 200/205/163
f 408/448/159 200/205/159 424/449/159
f 200/205/159 201/189/159 548/242/159
f 424/449/159 200/205/159 359/450/159
f 201/189/159 226/245/159 252/451/159
f 204/452/159 247/453/159 201/189/159
f 247/453/159 202/454/159 201/189/159
f 201/189/159 252/451/159 204/452/159
f 359/450/159 200/205/159 363/455/159
f 363/455/159 200/205/159 369/456/159
f 201/189/159 202/454/159 239/457/159
f 546/458/159 200/205/159 548/242/159
f 200/205/159 546/458/159 534/459/159
f 369/456/159 200/205/159 512/460/159
f 201/189/159 239/457/159 230/461/159
f 201/189/159 230/461/159 257/462/159
f 390/463/159 369/456/159 512/460/159
f 201/189/159 257/462/159 206/464/159
f 201/189/159 206/464/159 522/465/159
f 206/464/159 262/466/159 522/465/159
f 201/189/159 522/465/159 518/467/159
f 559/468/159 337/469/159 541/470/159
f 337/469/159 341/471/159 541/470/159
f 541/470/159 341/471/159 345/472/159
f 543/473/159 541/470/159 345/472/159
f 262/466/159 212/474/159 535/475/159
f 212/474/159 243/476/159 535/475/159
f 243/476/159 232/477/159 503/478/159
f 535/475/159 243/476/159 503/478/159
f 543/473/159 345/472/159 519/479/159
f 345/472/159 390/463/159 519/479/159
f 241/480/159 222/481/159 499/482/159
f 241/480/159 499/482/159 501/483/159
f 228/484/159 241/480/159 501/483/159
f 228/484/159 501/483/159 265/485/159
f 501/483/159 503/478/159 265/485/159
f 265/485/159 503/478/159 232/477/159
f 535/475/159 522/465/159 262/466/159
f 512/460/159 519/479/159 390/463/159
f 514/486/159 512/460/159 200/205/159
f 201/189/159 518/467/159 516/487/159
f 534/459/159 514/486/159 200/205/159
f 201/189/159 516/487/159 556/241/159
f 198/243/164 199/247/164 195/190/164
f 200/205/165 408/448/165 409/244/165
f 197/173/166 227/488/166 226/245/166
f 225/246/166 195/489/166 199/247/166
f 267/167/129 268/165/129 270/168/129
f 270/168/130 272/170/130 271/169/130
f 272/170/180 274/172/180 273/171/180
f 274/172/132 276/174/132 275/173/132
f 276/174/133 278/176/133 277/175/133
f 278/176/134 280/178/134 279/177/134
f 280/178/135 282/180/135 281/179/135
f 282/180/136 284/182/136 283/181/136
f 284/182/137 286/184/137 285/183/137
f 286/184/138 288/186/138 287/185/138
f 288/186/139 290/188/139 289/187/139
f 290/188/140 292/190/140 291/189/140
f 291/189/141 292/190/141 294/192/141
f 293/191/142 294/192/142 296/194/142
f 295/193/143 296/194/143 298/196/143
f 298/196/144 300/198/144 299/197/144
f 300/198/145 302/200/145 301/199/145
f 302/200/146 304/202/146 303/201/146
f 303/201/147 304/202/147 306/204/147
f 306/204/148 308/206/148 307/205/148
f 308/206/149 310/208/149 309/207/149
f 310/208/150 312/210/150 311/209/150
f 312/210/151 314/212/151 313/211/151
f 314/212/152 316/214/152 315/213/152
f 316/214/153 318/216/153 317/215/153
f 317/215/154 318/216/154 320/218/154
f 319/217/155 320/218/155 322/220/155
f 322/220/156 324/222/156 323/221/156
f 324/222/157 326/224/157 325/223/157
f 326/224/158 328/229/158 327/225/158
f 272/228/159 270/275/159 479/226/159
f 270/275/159 268/269/159 481/490/159
f 268/269/159 330/349/159 490/491/159
f 330/349/159 328/351/159 490/491/159
f 328/351/159 326/352/159 448/353/159
f 326/352/159 324/354/159 450/492/159
f 448/353/159 326/352/159 450/492/159
f 324/354/159 322/356/159 469/493/159
f 322/356/159 320/358/159 436/494/159
f 320/358/159 318/360/159 436/494/159
f 318/360/159 316/361/159 434/495/159
f 436/494/159 318/360/159 434/495/159
f 316/361/159 432/496/159 434/495/159
f 322/356/159 436/494/159 469/493/159
f 490/491/159 328/351/159 448/353/159
f 274/364/159 272/228/159 467/249/159
f 270/275/159 481/490/159 479/226/159
f 278/365/159 276/366/159 452/497/159
f 276/366/159 274/364/159 444/498/159
f 452/497/159 276/366/159 444/498/159
f 282/369/159 280/370/159 476/499/159
f 280/370/159 278/365/159 478/500/159
f 476/499/159 280/370/159 478/500/159
f 495/501/159 284/374/159 476/499/159
f 284/374/159 282/369/159 476/499/159
f 478/500/159 278/365/159 452/497/159
f 324/354/159 469/493/159 454/502/159
f 324/354/159 454/502/159 450/492/159
f 446/503/159 444/498/159 274/364/159
f 467/249/159 446/503/159 274/364/159
f 268/269/159 490/491/159 481/490/159
f 327/225/160 328/229/160 330/231/160
f 330/231/161 268/377/161 267/232/161
f 329/378/162 267/272/162 491/504/162
f 267/272/162 269/235/162 482/234/162
f 491/504/162 267/272/162 482/234/162
f 269/235/162 271/380/162 480/250/162
f 271/380/162 273/381/162 468/505/162
f 480/250/162 271/380/162 468/505/162
f 273/381/162 275/383/162 445/506/162
f 275/383/162 277/385/162 453/507/162
f 277/385/162 279/387/162 477/508/162
f 279/387/162 281/389/162 475/509/162
f 281/389/162 283/391/162 494/510/162
f 281/389/162 494/510/162 475/509/162
f 275/383/162 453/507/162 445/506/162
f 279/387/162 475/509/162 477/508/162
f 329/378/162 491/504/162 449/511/162
f 325/394/162 327/279/162 449/511/162
f 327/279/162 329/378/162 449/511/162
f 321/395/162 323/396/162 455/512/162
f 323/396/162 325/394/162 451/513/162
f 317/399/162 319/400/162 437/514/162
f 319/400/162 321/395/162 470/515/162
f 433/516/162 315/404/162 317/399/162
f 435/517/162 433/516/162 317/399/162
f 319/400/162 470/515/162 437/514/162
f 323/396/162 451/513/162 455/512/162
f 451/513/162 325/394/162 449/511/162
f 277/385/162 477/508/162 453/507/162
f 437/514/162 435/517/162 317/399/162
f 455/512/162 470/515/162 321/395/162
f 273/381/162 445/506/162 447/518/162
f 273/381/162 447/518/162 468/505/162
f 149/519/159 147/374/159 429/373/159
f 149/519/159 429/373/159 427/520/159
f 153/521/159 151/522/159 381/523/159
f 151/522/159 149/519/159 427/520/159
f 157/524/159 155/525/159 379/526/159
f 155/525/159 153/521/159 372/527/159
f 379/526/159 155/525/159 372/527/159
f 161/315/159 159/528/159 348/529/159
f 159/528/159 157/524/159 348/529/159
f 165/251/159 163/530/159 374/252/159
f 163/530/159 161/315/159 352/531/159
f 169/532/159 167/533/159 397/534/159
f 167/533/159 165/251/159 393/253/159
f 173/535/159 171/536/159 415/537/159
f 171/536/159 169/532/159 419/538/159
f 415/537/159 171/536/159 419/538/159
f 177/539/159 175/540/159 332/541/159
f 175/540/159 173/535/159 383/542/159
f 332/541/159 175/540/159 383/542/159
f 335/363/159 179/361/159 332/541/159
f 179/361/159 177/539/159 332/541/159
f 167/533/159 393/253/159 397/534/159
f 163/530/159 352/531/159 374/252/159
f 352/531/159 161/315/159 348/529/159
f 348/529/159 157/524/159 379/526/159
f 151/522/159 427/520/159 381/523/159
f 383/542/159 173/535/159 415/537/159
f 153/521/159 381/523/159 350/543/159
f 153/521/159 350/543/159 372/527/159
f 411/544/159 419/538/159 169/532/159
f 397/534/159 411/544/159 169/532/159
f 194/255/165 377/545/165 376/254/165
f 376/254/165 375/546/165 198/243/165
f 176/547/162 178/404/162 336/403/162
f 176/547/162 336/403/162 331/548/162
f 172/549/162 174/550/162 382/551/162
f 174/550/162 176/547/162 331/548/162
f 168/552/162 170/553/162 410/554/162
f 170/553/162 172/549/162 418/555/162
f 410/554/162 170/553/162 418/555/162
f 164/556/162 166/557/162 396/558/162
f 166/557/162 168/552/162 396/558/162
f 160/256/162 162/345/162 373/257/162
f 162/345/162 164/556/162 392/559/162
f 156/560/162 158/561/162 347/562/162
f 158/561/162 160/256/162 351/258/162
f 152/563/162 154/564/162 349/565/162
f 154/564/162 156/560/162 371/566/162
f 349/565/162 154/564/162 371/566/162
f 148/567/162 150/568/162 426/569/162
f 150/568/162 152/563/162 380/570/162
f 426/569/162 150/568/162 380/570/162
f 428/392/162 146/391/162 148/567/162
f 426/569/162 428/392/162 148/567/162
f 158/561/162 351/258/162 347/562/162
f 162/345/162 392/559/162 373/257/162
f 392/559/162 164/556/162 396/558/162
f 396/558/162 168/552/162 410/554/162
f 174/550/162 331/548/162 382/551/162
f 380/570/162 152/563/162 349/565/162
f 172/549/162 382/551/162 414/571/162
f 172/549/162 414/571/162 418/555/162
f 378/572/162 371/566/162 156/560/162
f 347/562/162 378/572/162 156/560/162
f 286/519/159 284/374/159 493/573/159
f 284/374/159 495/501/159 493/573/159
f 290/521/159 288/522/159 464/574/159
f 288/522/159 286/519/159 493/573/159
f 294/524/159 292/525/159 461/575/159
f 292/525/159 290/521/159 457/527/159
f 461/575/159 292/525/159 457/527/159
f 298/315/159 296/528/159 438/576/159
f 296/528/159 294/524/159 438/576/159
f 302/251/159 300/530/159 459/252/159
f 300/530/159 298/315/159 442/531/159
f 306/532/159 304/533/159 473/577/159
f 304/533/159 302/251/159 471/259/159
f 310/535/159 308/536/159 485/578/159
f 308/536/159 306/532/159 487/579/159
f 485/578/159 308/536/159 487/579/159
f 314/539/159 312/540/159 430/580/159
f 312/540/159 310/535/159 465/581/159
f 430/580/159 312/540/159 465/581/159
f 432/496/159 316/361/159 314/539/159
f 430/580/159 432/496/159 314/539/159
f 304/533/159 471/259/159 473/577/159
f 300/530/159 442/531/159 459/252/159
f 442/531/159 298/315/159 438/576/159
f 438/576/159 294/524/159 461/575/159
f 288/522/159 493/573/159 464/574/159
f 465/581/159 310/535/159 485/578/159
f 290/521/159 464/574/159 441/582/159
f 290/521/159 441/582/159 457/527/159
f 483/544/159 487/579/159 306/532/159
f 473/577/159 483/544/159 306/532/159
f 313/547/162 315/404/162 433/516/162
f 313/547/162 433/516/162 431/583/162
f 309/549/162 311/550/162 466/584/162
f 311/550/162 313/547/162 431/583/162
f 305/552/162 307/553/162 484/585/162
f 307/553/162 309/549/162 488/586/162
f 484/585/162 307/553/162 488/586/162
f 301/556/162 303/557/162 474/587/162
f 303/557/162 305/552/162 474/587/162
f 297/256/162 299/345/162 460/260/162
f 299/345/162 301/556/162 472/588/162
f 293/560/162 295/561/162 439/589/162
f 295/561/162 297/256/162 443/261/162
f 289/563/162 291/564/162 440/590/162
f 291/564/162 293/560/162 456/591/162
f 440/590/162 291/564/162 456/591/162
f 285/567/162 287/568/162 492/592/162
f 287/568/162 289/563/162 463/570/162
f 492/592/162 287/568/162 463/570/162
f 494/510/162 283/391/162 285/567/162
f 492/592/162 494/510/162 285/567/162
f 295/561/162 443/261/162 439/589/162
f 299/345/162 472/588/162 460/260/162
f 472/588/162 301/556/162 474/587/162
f 474/587/162 305/552/162 484/585/162
f 311/550/162 431/583/162 466/584/162
f 463/570/162 289/563/162 440/590/162
f 309/549/162 466/584/162 486/593/162
f 309/549/162 486/593/162 488/586/162
f 462/594/162 456/591/162 293/560/162
f 439/589/162 462/594/162 293/560/162
f 342/595/162 338/428/162 560/427/162
f 342/595/162 560/427/162 542/596/162
f 346/597/162 342/595/162 544/598/162
f 342/595/162 542/596/162 544/598/162
f 391/599/162 346/597/162 520/600/162
f 346/597/162 544/598/162 520/600/162
f 370/601/162 391/599/162 511/602/162
f 391/599/162 520/600/162 511/602/162
f 364/603/162 370/601/162 196/240/162
f 370/601/162 511/602/162 196/240/162
f 511/602/162 513/604/162 196/240/162
f 360/605/162 364/603/162 196/240/162
f 513/604/162 533/606/162 196/240/162
f 196/240/162 409/607/162 425/608/162
f 425/608/162 360/605/162 196/240/162
f 533/606/162 545/609/162 196/240/162
f 197/239/162 196/240/162 547/610/162
f 256/611/162 227/612/162 197/239/162
f 205/613/162 256/611/162 197/239/162
f 196/240/162 545/609/162 547/610/162
f 496/614/162 205/613/162 197/239/162
f 203/615/162 496/614/162 197/239/162
f 197/239/162 547/610/162 555/616/162
f 197/239/162 555/616/162 515/617/162
f 245/618/162 203/615/162 197/239/162
f 207/619/162 237/620/162 521/621/162
f 237/620/162 231/622/162 197/239/162
f 231/622/162 245/618/162 197/239/162
f 197/239/162 515/617/162 517/623/162
f 197/239/162 517/623/162 521/621/162
f 237/620/162 197/239/162 521/621/162
f 213/624/162 263/625/162 536/626/162
f 263/625/162 207/619/162 521/621/162
f 536/626/162 263/625/162 521/621/162
f 536/626/162 504/627/162 236/628/162
f 213/624/162 536/626/162 236/628/162
f 502/262/162 500/443/162 264/629/162
f 500/443/162 223/442/162 264/629/162
f 504/627/162 502/262/162 248/264/162
f 236/628/162 504/627/162 233/630/162
f 233/630/162 504/627/162 248/264/162
f 502/262/162 264/629/162 229/263/162
f 333/631/159 337/469/159 559/468/159
f 333/631/159 559/468/159 557/632/159
f 384/633/159 333/631/159 557/632/159
f 384/633/159 557/632/159 529/634/159
f 416/635/159 384/633/159 529/634/159
f 416/635/159 529/634/159 507/636/159
f 420/637/159 416/635/159 507/636/159
f 420/637/159 507/636/159 523/638/159
f 412/639/159 420/637/159 198/243/159
f 420/637/159 523/638/159 198/243/159
f 523/638/159 527/640/159 198/243/159
f 398/641/159 412/639/159 198/243/159
f 527/640/159 505/642/159 198/243/159
f 198/243/159 375/546/159 394/643/159
f 394/643/159 398/641/159 198/243/159
f 505/642/159 509/644/159 198/243/159
f 199/247/159 198/243/159 525/645/159
f 259/646/159 224/248/159 199/247/159
f 458/647/159 259/646/159 199/247/159
f 198/243/159 509/644/159 525/645/159
f 214/648/159 458/647/159 199/247/159
f 238/649/159 214/648/159 199/247/159
f 199/247/159 525/645/159 537/650/159
f 199/247/159 537/650/159 539/651/159
f 210/652/159 238/649/159 199/247/159
f 489/653/159 210/652/159 199/247/159
f 199/247/159 539/651/159 549/654/159
f 199/247/159 549/654/159 553/655/159
f 260/656/159 489/653/159 199/247/159
f 208/657/159 260/656/159 199/247/159
f 199/247/159 553/655/159 244/658/159
f 553/655/159 551/659/159 253/660/159
f 218/661/159 553/655/159 253/660/159
f 553/655/159 218/661/159 244/658/159
f 551/659/159 531/266/159 251/662/159
f 244/658/159 208/657/159 199/247/159
f 531/266/159 497/663/159 250/267/159
f 497/663/159 499/482/159 242/664/159
f 499/482/159 222/481/159 242/664/159
f 242/664/159 216/665/159 497/663/159
f 253/660/159 551/659/159 234/666/159
f 234/666/159 551/659/159 251/662/159
f 497/663/159 216/665/159 250/267/159
f 220/265/159 251/662/159 531/266/159
f 565/268/167 568/268/167 572/268/167
f 561/269/185 563/270/185 566/270/185
f 570/271/159 992/271/159 993/270/159
f 562/271/186 570/271/186 566/270/186
f 568/268/159 562/268/159 561/272/159
f 567/272/170 561/272/170 569/272/170
f 564/272/159 569/272/159 570/268/159
f 565/268/170 570/268/170 562/268/170
f 572/268/171 571/272/171 573/272/171
f 564/272/172 573/272/172 571/272/172
f 568/268/173 567/272/173 571/272/173
f 565/268/174 574/268/174 573/272/174
f 576/236/162 578/239/162 577/240/162
f 578/239/163 582/189/163 581/205/163
f 582/189/159 580/247/159 579/243/159
f 579/243/164 580/247/164 576/190/164
f 577/221/165 581/205/165 579/243/165
f 578/173/166 576/489/166 580/247/166
f 584/165/145 586/168/145 585/166/145
f 586/168/146 588/170/146 587/169/146
f 588/170/175 590/172/175 589/171/175
f 590/172/148 592/174/148 591/173/148
f 592/174/149 594/176/149 593/175/149
f 594/176/150 596/178/150 595/177/150
f 596/178/151 598/180/151 597/179/151
f 598/180/152 600/182/152 599/181/152
f 600/182/153 602/184/153 601/183/153
f 602/184/154 604/186/154 603/185/154
f 604/186/155 606/188/155 605/187/155
f 605/187/156 606/188/156 608/190/156
f 607/189/157 608/190/157 610/192/157
f 610/192/176 612/194/176 611/193/176
f 611/193/160 612/194/160 614/196/160
f 614/196/161 616/198/161 615/197/161
f 615/197/129 616/198/129 618/200/129
f 618/200/146 620/202/146 619/201/146
f 620/202/147 622/204/147 621/203/147
f 622/204/148 624/206/148 623/205/148
f 624/206/149 626/208/149 625/207/149
f 626/208/150 628/210/150 627/209/150
f 627/209/151 628/210/151 630/212/151
f 630/212/152 632/214/152 631/213/152
f 632/214/153 634/216/153 633/215/153
f 634/216/154 636/218/154 635/217/154
f 635/217/155 636/218/155 638/220/155
f 637/219/156 638/220/156 640/222/156
f 639/221/157 640/222/157 642/224/157
f 641/223/158 642/224/158 644/229/158
f 588/228/159 586/275/159 653/274/159
f 586/275/159 584/269/159 689/276/159
f 588/228/159 653/274/159 651/667/159
f 584/269/187 646/349/187 709/668/187
f 646/349/188 644/351/188 671/669/188
f 644/351/189 642/352/189 685/670/189
f 642/352/190 640/354/190 683/671/190
f 685/670/191 642/352/191 683/671/191
f 640/354/192 638/356/192 649/672/192
f 638/356/193 636/358/193 647/673/193
f 636/358/194 634/360/194 647/673/194
f 634/360/159 632/361/159 655/674/159
f 647/673/195 634/360/195 655/674/195
f 632/361/159 669/675/159 655/674/159
f 638/356/196 647/673/196 649/672/196
f 646/349/197 671/669/197 709/668/197
f 590/364/159 588/228/159 651/667/159
f 594/365/159 592/366/159 657/676/159
f 592/366/159 590/364/159 693/677/159
f 594/365/159 657/676/159 663/678/159
f 598/369/159 596/370/159 695/679/159
f 596/370/159 594/365/159 663/678/159
f 681/680/159 600/374/159 598/369/159
f 691/681/159 681/680/159 598/369/159
f 596/370/159 663/678/159 695/679/159
f 695/679/159 691/681/159 598/369/159
f 640/354/198 649/672/198 683/671/198
f 657/676/159 592/366/159 693/677/159
f 644/351/199 685/670/199 671/669/199
f 651/667/159 693/677/159 590/364/159
f 584/269/200 709/668/200 689/276/200
f 643/225/160 644/229/160 646/231/160
f 646/231/144 584/377/144 583/232/144
f 645/378/201 583/272/201 710/682/201
f 583/272/162 585/235/162 690/683/162
f 585/235/162 587/380/162 654/684/162
f 587/380/162 589/381/162 652/685/162
f 654/684/162 587/380/162 652/685/162
f 589/381/162 591/383/162 694/686/162
f 591/383/162 593/385/162 658/687/162
f 658/687/162 593/385/162 664/688/162
f 593/385/162 595/387/162 664/688/162
f 595/387/162 597/389/162 696/689/162
f 664/688/162 595/387/162 696/689/162
f 597/389/162 599/391/162 692/690/162
f 599/391/162 682/691/162 692/690/162
f 583/272/182 690/683/182 710/682/182
f 690/683/162 585/235/162 654/684/162
f 641/394/202 643/279/202 686/278/202
f 643/279/203 645/378/203 672/277/203
f 672/277/204 645/378/204 710/682/204
f 637/395/162 639/396/162 684/692/162
f 639/396/205 641/394/205 686/278/205
f 637/395/162 684/692/162 650/693/162
f 633/399/162 635/400/162 648/694/162
f 635/400/162 637/395/162 650/693/162
f 670/695/162 631/404/162 656/696/162
f 631/404/162 633/399/162 656/696/162
f 635/400/162 650/693/162 648/694/162
f 597/389/162 692/690/162 696/689/162
f 648/694/162 656/696/162 633/399/162
f 591/383/162 658/687/162 694/686/162
f 684/692/206 639/396/206 686/278/206
f 589/381/162 694/686/162 652/685/162
f 675/280/137 681/294/137 682/281/137
f 677/283/140 707/286/140 708/284/140
f 707/286/139 679/697/139 680/287/139
f 655/288/137 669/336/137 670/289/137
f 691/291/135 695/698/135 696/292/135
f 681/294/136 691/291/136 692/293/136
f 663/295/133 657/347/133 658/296/133
f 690/298/161 689/699/161 709/299/161
f 705/301/145 687/307/145 688/302/145
f 649/304/139 647/325/139 648/305/139
f 687/307/144 665/340/144 666/308/144
f 709/299/143 671/338/143 672/309/143
f 658/296/132 657/347/132 693/310/132
f 674/312/131 673/329/131 667/313/131
f 602/519/159 600/374/159 681/680/159
f 602/519/159 681/680/159 675/700/159
f 606/521/159 604/522/159 707/701/159
f 604/522/159 602/519/159 679/702/159
f 679/702/159 602/519/159 675/700/159
f 610/524/159 608/525/159 659/703/159
f 608/525/159 606/521/159 677/704/159
f 614/315/159 612/528/159 665/316/159
f 612/528/159 610/524/159 661/705/159
f 661/705/159 610/524/159 659/703/159
f 618/251/207 616/530/207 705/706/207
f 616/530/159 614/315/159 687/317/159
f 705/706/200 616/530/200 687/317/200
f 622/532/208 620/533/208 673/707/208
f 620/533/209 618/251/209 667/708/209
f 626/535/210 624/536/210 699/709/210
f 624/536/211 622/532/211 703/710/211
f 699/709/212 624/536/212 703/710/212
f 630/539/213 628/540/213 697/711/213
f 628/540/214 626/535/214 697/711/214
f 669/675/159 632/361/159 701/712/159
f 632/361/159 630/539/159 701/712/159
f 620/533/215 667/708/215 673/707/215
f 667/708/216 618/251/216 705/706/216
f 608/525/159 677/704/159 659/703/159
f 604/522/159 679/702/159 707/701/159
f 697/711/217 701/712/217 630/539/217
f 699/709/218 697/711/218 626/535/218
f 606/521/159 707/701/159 677/704/159
f 673/707/219 703/710/219 622/532/219
f 612/528/159 661/705/159 665/316/159
f 694/311/131 693/310/131 651/318/131
f 659/320/141 677/283/141 678/285/141
f 685/322/141 683/342/141 684/323/141
f 647/325/138 655/288/138 656/290/138
f 661/326/181 659/320/181 660/321/181
f 704/328/132 703/343/132 673/329/132
f 698/330/134 697/341/134 699/331/134
f 654/333/129 653/339/129 689/334/129
f 696/292/134 695/698/134 663/295/134
f 669/336/136 701/713/136 702/337/136
f 680/287/138 679/697/138 675/280/138
f 668/314/130 667/313/130 705/301/130
f 671/338/181 685/322/181 686/324/181
f 652/319/130 651/318/130 653/339/130
f 665/340/143 661/326/143 662/327/143
f 702/337/135 701/713/135 697/341/135
f 683/342/140 649/304/140 650/306/140
f 700/332/133 699/331/133 703/343/133
f 629/547/162 631/404/162 702/714/162
f 631/404/162 670/695/162 702/714/162
f 625/549/162 627/550/162 700/715/162
f 627/550/162 629/547/162 698/716/162
f 698/716/162 629/547/162 702/714/162
f 621/552/220 623/553/220 674/717/220
f 623/553/162 625/549/162 704/718/162
f 617/556/221 619/557/221 668/719/221
f 619/557/222 621/552/222 674/717/222
f 613/256/162 615/345/162 688/344/162
f 615/345/223 617/556/223 706/346/223
f 613/256/162 688/344/162 666/720/162
f 609/560/162 611/561/162 662/721/162
f 611/561/162 613/256/162 666/720/162
f 662/721/162 611/561/162 666/720/162
f 605/563/162 607/564/162 678/722/162
f 607/564/162 609/560/162 660/723/162
f 605/563/162 678/722/162 708/724/162
f 601/567/162 603/568/162 680/725/162
f 603/568/162 605/563/162 708/724/162
f 682/691/162 599/391/162 676/726/162
f 599/391/162 601/567/162 676/726/162
f 603/568/162 708/724/162 680/725/162
f 619/557/224 674/717/224 668/719/224
f 623/553/225 704/718/225 674/717/225
f 627/550/162 698/716/162 700/715/162
f 680/725/162 676/726/162 601/567/162
f 625/549/162 700/715/162 704/718/162
f 678/722/162 607/564/162 660/723/162
f 662/721/162 660/723/162 609/560/162
f 617/556/226 668/719/226 706/346/226
f 712/165/145 714/168/145 713/166/145
f 714/168/146 716/170/146 715/169/146
f 716/170/175 718/172/175 717/171/175
f 718/172/148 720/174/148 719/173/148
f 720/174/149 722/176/149 721/175/149
f 722/176/150 724/178/150 723/177/150
f 724/178/151 726/180/151 725/179/151
f 726/180/152 728/182/152 727/181/152
f 728/182/153 730/184/153 729/183/153
f 730/184/154 732/186/154 731/185/154
f 732/186/155 734/188/155 733/187/155
f 734/188/156 736/190/156 735/189/156
f 736/190/157 738/192/157 737/191/157
f 738/192/158 740/194/158 739/193/158
f 739/193/160 740/194/160 742/196/160
f 741/195/161 742/196/161 744/198/161
f 743/197/129 744/198/129 746/200/129
f 746/200/146 748/202/146 747/201/146
f 748/202/147 750/204/147 749/203/147
f 750/204/148 752/206/148 751/205/148
f 752/206/149 754/208/149 753/207/149
f 754/208/150 756/210/150 755/209/150
f 755/209/151 756/210/151 758/212/151
f 757/211/152 758/212/152 760/214/152
f 760/214/153 762/216/153 761/215/153
f 762/216/154 764/218/154 763/217/154
f 763/217/155 764/218/155 766/220/155
f 765/219/156 766/220/156 768/222/156
f 767/221/157 768/222/157 770/224/157
f 769/223/158 770/224/158 772/229/158
f 716/228/159 714/275/159 781/274/159
f 714/275/159 712/269/159 817/276/159
f 716/228/159 781/274/159 779/667/159
f 712/269/187 774/349/187 837/668/187
f 774/349/188 772/351/188 799/669/188
f 772/351/189 770/352/189 813/670/189
f 770/352/190 768/354/190 811/671/190
f 813/670/191 770/352/191 811/671/191
f 768/354/192 766/356/192 777/672/192
f 766/356/193 764/358/193 775/673/193
f 764/358/194 762/360/194 775/673/194
f 762/360/159 760/361/159 783/674/159
f 775/673/195 762/360/195 783/674/195
f 760/361/159 797/675/159 783/674/159
f 766/356/196 775/673/196 777/672/196
f 774/349/197 799/669/197 837/668/197
f 718/364/159 716/228/159 779/667/159
f 722/365/159 720/366/159 785/676/159
f 720/366/159 718/364/159 821/677/159
f 722/365/159 785/676/159 791/678/159
f 726/369/159 724/370/159 823/679/159
f 724/370/159 722/365/159 791/678/159
f 809/680/159 728/374/159 726/369/159
f 819/681/159 809/680/159 726/369/159
f 724/370/159 791/678/159 823/679/159
f 823/679/159 819/681/159 726/369/159
f 768/354/198 777/672/198 811/671/198
f 785/676/159 720/366/159 821/677/159
f 772/351/199 813/670/199 799/669/199
f 779/667/159 821/677/159 718/364/159
f 712/269/200 837/668/200 817/276/200
f 771/225/160 772/229/160 774/231/160
f 774/231/144 712/377/144 711/232/144
f 773/378/201 711/272/201 838/682/201
f 711/272/162 713/235/162 818/683/162
f 713/235/162 715/380/162 782/684/162
f 715/380/162 717/381/162 780/685/162
f 782/684/162 715/380/162 780/685/162
f 717/381/162 719/383/162 822/686/162
f 719/383/162 721/385/162 786/687/162
f 786/687/162 721/385/162 792/688/162
f 721/385/162 723/387/162 792/688/162
f 723/387/162 725/389/162 824/689/162
f 792/688/162 723/387/162 824/689/162
f 725/389/162 727/391/162 820/690/162
f 727/391/162 810/691/162 820/690/162
f 711/272/182 818/683/182 838/682/182
f 818/683/162 713/235/162 782/684/162
f 769/394/202 771/279/202 814/278/202
f 771/279/203 773/378/203 800/277/203
f 800/277/204 773/378/204 838/682/204
f 765/395/162 767/396/162 812/692/162
f 767/396/205 769/394/205 814/278/205
f 765/395/162 812/692/162 778/693/162
f 761/399/162 763/400/162 776/694/162
f 763/400/162 765/395/162 778/693/162
f 798/695/162 759/404/162 784/696/162
f 759/404/162 761/399/162 784/696/162
f 763/400/162 778/693/162 776/694/162
f 725/389/162 820/690/162 824/689/162
f 776/694/162 784/696/162 761/399/162
f 719/383/162 786/687/162 822/686/162
f 812/692/206 767/396/206 814/278/206
f 717/381/162 822/686/162 780/685/162
f 803/280/137 809/294/137 810/281/137
f 805/283/140 835/286/140 836/284/140
f 835/286/139 807/697/139 808/287/139
f 783/288/137 797/336/137 798/289/137
f 819/291/135 823/698/135 824/292/135
f 810/281/136 809/294/136 819/291/136
f 792/297/133 791/295/133 785/347/133
f 818/298/161 817/699/161 837/299/161
f 833/301/145 815/307/145 816/302/145
f 777/304/139 775/325/139 776/305/139
f 815/307/144 793/340/144 794/308/144
f 837/299/143 799/338/143 800/309/143
f 786/296/132 785/347/132 821/310/132
f 802/312/131 801/329/131 795/313/131
f 730/519/159 728/374/159 809/680/159
f 730/519/159 809/680/159 803/700/159
f 734/521/159 732/522/159 835/701/159
f 732/522/159 730/519/159 807/702/159
f 807/702/159 730/519/159 803/700/159
f 738/524/159 736/525/159 787/703/159
f 736/525/159 734/521/159 805/704/159
f 742/315/159 740/528/159 793/316/159
f 740/528/159 738/524/159 789/705/159
f 789/705/159 738/524/159 787/703/159
f 746/251/207 744/530/207 833/706/207
f 744/530/159 742/315/159 815/317/159
f 833/706/200 744/530/200 815/317/200
f 750/532/208 748/533/208 801/707/208
f 748/533/209 746/251/209 795/708/209
f 754/535/210 752/536/210 827/709/210
f 752/536/211 750/532/211 831/710/211
f 827/709/212 752/536/212 831/710/212
f 758/539/213 756/540/213 825/711/213
f 756/540/214 754/535/214 825/711/214
f 797/675/159 760/361/159 829/712/159
f 760/361/159 758/539/159 829/712/159
f 748/533/215 795/708/215 801/707/215
f 795/708/216 746/251/216 833/706/216
f 736/525/159 805/704/159 787/703/159
f 732/522/159 807/702/159 835/701/159
f 825/711/217 829/712/217 758/539/217
f 827/709/218 825/711/218 754/535/218
f 734/521/159 835/701/159 805/704/159
f 801/707/219 831/710/219 750/532/219
f 740/528/159 789/705/159 793/316/159
f 821/310/180 779/318/180 780/319/180
f 787/320/141 805/283/141 806/285/141
f 813/322/141 811/342/141 812/323/141
f 775/325/138 783/288/138 784/290/138
f 789/326/181 787/320/181 788/321/181
f 832/328/132 831/343/132 801/329/132
f 826/330/227 825/341/227 827/331/227
f 782/333/129 781/339/129 817/334/129
f 824/292/134 823/698/134 791/295/134
f 797/336/136 829/713/136 830/337/136
f 808/287/138 807/697/138 803/280/138
f 796/314/130 795/313/130 833/301/130
f 799/338/181 813/322/181 814/324/181
f 780/319/130 779/318/130 781/339/130
f 793/340/143 789/326/143 790/327/143
f 830/337/135 829/713/135 825/341/135
f 811/342/140 777/304/140 778/306/140
f 828/332/133 827/331/133 831/343/133
f 757/547/162 759/404/162 830/714/162
f 759/404/162 798/695/162 830/714/162
f 753/549/162 755/550/162 828/715/162
f 755/550/162 757/547/162 826/716/162
f 826/716/162 757/547/162 830/714/162
f 749/552/220 751/553/220 802/717/220
f 751/553/162 753/549/162 832/718/162
f 745/556/221 747/557/221 796/719/221
f 747/557/222 749/552/222 802/717/222
f 741/256/162 743/345/162 816/344/162
f 743/345/223 745/556/223 834/346/223
f 741/256/162 816/344/162 794/720/162
f 737/560/162 739/561/162 790/721/162
f 739/561/162 741/256/162 794/720/162
f 790/721/162 739/561/162 794/720/162
f 733/563/162 735/564/162 806/722/162
f 735/564/162 737/560/162 788/723/162
f 733/563/162 806/722/162 836/724/162
f 729/567/162 731/568/162 808/725/162
f 731/568/162 733/563/162 836/724/162
f 810/691/162 727/391/162 804/726/162
f 727/391/162 729/567/162 804/726/162
f 731/568/162 836/724/162 808/725/162
f 747/557/224 802/717/224 796/719/224
f 751/553/225 832/718/225 802/717/225
f 755/550/162 826/716/162 828/715/162
f 808/725/162 804/726/162 729/567/162
f 753/549/162 828/715/162 832/718/162
f 806/722/162 735/564/162 788/723/162
f 790/721/162 788/723/162 737/560/162
f 745/556/226 796/719/226 834/346/226
f 840/165/145 842/168/145 841/166/145
f 842/168/146 844/170/146 843/169/146
f 844/170/147 846/172/147 845/171/147
f 846/172/148 848/174/148 847/173/148
f 848/174/149 850/176/149 849/175/149
f 850/176/150 852/178/150 851/177/150
f 852/178/151 854/180/151 853/179/151
f 854/180/152 856/182/152 855/181/152
f 856/182/153 858/184/153 857/183/153
f 858/184/154 860/186/154 859/185/154
f 860/186/155 862/188/155 861/187/155
f 862/188/156 864/190/156 863/189/156
f 863/189/157 864/190/157 866/192/157
f 865/191/158 866/192/158 868/194/158
f 867/193/160 868/194/160 870/196/160
f 869/195/161 870/196/161 872/198/161
f 871/197/129 872/198/129 874/200/129
f 874/200/146 876/202/146 875/201/146
f 876/202/147 878/204/147 877/203/147
f 878/204/148 880/206/148 879/205/148
f 880/206/149 882/208/149 881/207/149
f 882/208/150 884/210/150 883/209/150
f 883/209/151 884/210/151 886/212/151
f 886/212/152 888/214/152 887/213/152
f 888/214/153 890/216/153 889/215/153
f 890/216/154 892/218/154 891/217/154
f 891/217/155 892/218/155 894/220/155
f 893/219/156 894/220/156 896/222/156
f 895/221/157 896/222/157 898/224/157
f 897/223/158 898/224/158 900/229/158
f 844/228/159 842/275/159 909/274/159
f 842/275/159 840/269/159 945/276/159
f 844/228/159 909/274/159 907/667/159
f 840/269/187 902/349/187 965/668/187
f 902/349/188 900/351/188 927/669/188
f 900/351/189 898/352/189 941/670/189
f 898/352/190 896/354/190 939/671/190
f 941/670/191 898/352/191 939/671/191
f 896/354/192 894/356/192 905/672/192
f 894/356/193 892/358/193 903/673/193
f 892/358/194 890/360/194 903/673/194
f 890/360/159 888/361/159 911/674/159
f 903/673/228 890/360/228 911/674/228
f 888/361/159 925/675/159 911/674/159
f 894/356/196 903/673/196 905/672/196
f 902/349/197 927/669/197 965/668/197
f 846/364/159 844/228/159 907/667/159
f 850/365/159 848/366/159 913/676/159
f 848/366/159 846/364/159 949/677/159
f 850/365/159 913/676/159 919/678/159
f 854/369/159 852/370/159 951/679/159
f 852/370/159 850/365/159 919/678/159
f 937/680/159 856/374/159 854/369/159
f 947/681/159 937/680/159 854/369/159
f 852/370/159 919/678/159 951/679/159
f 951/679/159 947/681/159 854/369/159
f 896/354/198 905/672/198 939/671/198
f 913/676/159 848/366/159 949/677/159
f 900/351/199 941/670/199 927/669/199
f 907/667/159 949/677/159 846/364/159
f 840/269/200 965/668/200 945/276/200
f 899/225/160 900/229/160 902/231/160
f 902/231/144 840/377/144 839/232/144
f 901/378/201 839/272/201 966/682/201
f 839/272/162 841/235/162 946/683/162
f 841/235/162 843/380/162 910/684/162
f 843/380/162 845/381/162 908/685/162
f 910/684/162 843/380/162 908/685/162
f 845/381/162 847/383/162 950/686/162
f 847/383/162 849/385/162 914/687/162
f 914/687/162 849/385/162 920/688/162
f 849/385/162 851/387/162 920/688/162
f 851/387/162 853/389/162 952/689/162
f 920/688/162 851/387/162 952/689/162
f 853/389/162 855/391/162 948/690/162
f 855/391/162 938/691/162 948/690/162
f 839/272/182 946/683/182 966/682/182
f 946/683/162 841/235/162 910/684/162
f 897/394/202 899/279/202 942/278/202
f 899/279/203 901/378/203 928/277/203
f 928/277/204 901/378/204 966/682/204
f 893/395/162 895/396/162 940/692/162
f 895/396/205 897/394/205 942/278/205
f 893/395/162 940/692/162 906/693/162
f 889/399/162 891/400/162 904/694/162
f 891/400/162 893/395/162 906/693/162
f 926/695/162 887/404/162 912/696/162
f 887/404/162 889/399/162 912/696/162
f 891/400/162 906/693/162 904/694/162
f 853/389/162 948/690/162 952/689/162
f 904/694/162 912/696/162 889/399/162
f 847/383/162 914/687/162 950/686/162
f 940/692/206 895/396/206 942/278/206
f 845/381/162 950/686/162 908/685/162
f 931/280/137 937/294/137 938/281/137
f 933/283/140 963/286/140 964/284/140
f 963/286/139 935/697/139 936/287/139
f 911/288/137 925/336/137 926/289/137
f 947/291/135 951/698/135 952/292/135
f 938/281/136 937/294/136 947/291/136
f 920/297/133 919/295/133 913/347/133
f 946/298/161 945/699/161 965/299/161
f 961/301/145 943/307/145 944/302/145
f 905/304/139 903/325/139 904/305/139
f 943/307/144 921/340/144 922/308/144
f 965/299/143 927/338/143 928/309/143
f 914/296/132 913/347/132 949/310/132
f 930/312/131 929/329/131 923/313/131
f 858/519/159 856/374/159 937/680/159
f 858/519/159 937/680/159 931/700/159
f 862/521/159 860/522/159 963/701/159
f 860/522/159 858/519/159 935/702/159
f 935/702/159 858/519/159 931/700/159
f 866/524/159 864/525/159 915/703/159
f 864/525/159 862/521/159 933/704/159
f 870/315/159 868/528/159 921/316/159
f 868/528/159 866/524/159 917/705/159
f 917/705/159 866/524/159 915/703/159
f 874/251/207 872/530/207 961/706/207
f 872/530/159 870/315/159 943/317/159
f 961/706/200 872/530/200 943/317/200
f 878/532/208 876/533/208 929/707/208
f 876/533/209 874/251/209 923/708/209
f 882/535/210 880/536/210 955/709/210
f 880/536/211 878/532/211 959/710/211
f 955/709/212 880/536/212 959/710/212
f 886/539/213 884/540/213 953/711/213
f 884/540/214 882/535/214 953/711/214
f 925/675/159 888/361/159 957/712/159
f 888/361/159 886/539/159 957/712/159
f 876/533/215 923/708/215 929/707/215
f 923/708/216 874/251/216 961/706/216
f 864/525/159 933/704/159 915/703/159
f 860/522/159 935/702/159 963/701/159
f 953/711/217 957/712/217 886/539/217
f 955/709/218 953/711/218 882/535/218
f 862/521/159 963/701/159 933/704/159
f 929/707/219 959/710/219 878/532/219
f 868/528/159 917/705/159 921/316/159
f 949/310/131 907/318/131 908/319/131
f 915/320/141 933/283/141 934/285/141
f 941/322/141 939/342/141 940/323/141
f 903/325/138 911/288/138 912/290/138
f 917/326/181 915/320/181 916/321/181
f 960/328/132 959/343/132 929/329/132
f 954/330/134 953/341/134 955/331/134
f 910/333/129 909/339/129 945/334/129
f 952/292/134 951/698/134 919/295/134
f 925/336/136 957/713/136 958/337/136
f 936/287/138 935/697/138 931/280/138
f 924/314/130 923/313/130 961/301/130
f 927/338/181 941/322/181 942/324/181
f 907/318/130 909/339/130 910/333/130
f 921/340/143 917/326/143 918/327/143
f 958/337/135 957/713/135 953/341/135
f 939/342/140 905/304/140 906/306/140
f 956/332/133 955/331/133 959/343/133
f 885/547/162 887/404/162 958/714/162
f 887/404/162 926/695/162 958/714/162
f 881/549/162 883/550/162 956/715/162
f 883/550/162 885/547/162 954/716/162
f 954/716/162 885/547/162 958/714/162
f 877/552/220 879/553/220 930/717/220
f 879/553/162 881/549/162 960/718/162
f 873/556/221 875/557/221 924/719/221
f 875/557/222 877/552/222 930/717/222
f 869/256/162 871/345/162 944/344/162
f 871/345/223 873/556/223 962/346/223
f 869/256/162 944/344/162 922/720/162
f 865/560/162 867/561/162 918/721/162
f 867/561/162 869/256/162 922/720/162
f 918/721/162 867/561/162 922/720/162
f 861/563/162 863/564/162 934/722/162
f 863/564/162 865/560/162 916/723/162
f 861/563/162 934/722/162 964/724/162
f 857/567/162 859/568/162 936/725/162
f 859/568/162 861/563/162 964/724/162
f 938/691/162 855/391/162 932/726/162
f 855/391/162 857/567/162 932/726/162
f 859/568/162 964/724/162 936/725/162
f 875/557/224 930/717/224 924/719/224
f 879/553/225 960/718/225 930/717/225
f 883/550/162 954/716/162 956/715/162
f 936/725/162 932/726/162 857/567/162
f 881/549/162 956/715/162 960/718/162
f 934/722/162 863/564/162 916/723/162
f 918/721/162 916/723/162 865/560/162
f 873/556/226 924/719/226 962/346/226
f 968/236/162 970/239/162 969/240/162
f 970/239/163 974/189/163 973/205/163
f 974/189/159 972/247/159 971/243/159
f 972/247/164 968/190/164 967/206/164
f 973/205/165 971/243/165 967/255/165
f 970/173/166 968/489/166 972/247/166
f 976/236/162 978/239/162 977/240/162
f 978/239/163 982/189/163 981/205/163
f 982/189/159 980/247/159 979/243/159
f 980/247/164 976/190/164 975/206/164
f 981/205/165 979/243/165 975/255/165
f 978/173/166 976/489/166 980/247/166
f 984/236/162 986/239/162 985/240/162
f 986/239/163 990/189/163 989/205/163
f 990/189/159 988/247/159 987/243/159
f 988/247/164 984/190/164 983/206/164
f 989/205/165 987/243/165 983/255/165
f 986/173/166 984/489/166 988/247/166
f 566/270/159 993/270/159 991/269/159
f 569/272/159 991/272/159 992/268/159
l 225 215
l 203 205
o yellow
v 0.033919 0.149924 -0.006598
v 0.032559 0.149924 -0.012567
v 0.033919 0.148713 -0.006479
v 0.034378 0.149924 -0.000390
v 0.033919 0.151135 -0.006479
v 0.032559 0.152299 -0.012333
v 0.033919 0.152299 -0.006126
v 0.032559 0.154584 -0.011640
v 0.033919 0.153373 -0.005552
v 0.032559 0.156689 -0.010515
v 0.033919 0.154313 -0.004780
v 0.032559 0.158534 -0.009001
v 0.033919 0.155085 -0.003839
v 0.032559 0.160049 -0.007156
v 0.033919 0.155659 -0.002766
v 0.032559 0.161174 -0.005050
v 0.033919 0.156012 -0.001601
v 0.032559 0.161867 -0.002766
v 0.033919 0.156132 -0.000390
v 0.032559 0.162101 -0.000390
v 0.033919 0.156012 0.000821
v 0.032559 0.161867 0.001985
v 0.033919 0.155659 0.001985
v 0.032559 0.161174 0.004269
v 0.033919 0.155085 0.003058
v 0.032559 0.160049 0.006375
v 0.033919 0.154313 0.003999
v 0.032559 0.158534 0.008220
v 0.033919 0.153373 0.004771
v 0.032559 0.156689 0.009734
v 0.033919 0.152299 0.005345
v 0.032559 0.154584 0.010860
v 0.033919 0.151135 0.005698
v 0.032559 0.152299 0.011553
v 0.033919 0.149924 0.005817
v 0.032559 0.149924 0.011786
v 0.033919 0.148713 0.005698
v 0.032559 0.147548 0.011553
v 0.033919 0.147548 0.005345
v 0.032559 0.145264 0.010860
v 0.033919 0.146475 0.004771
v 0.032559 0.143159 0.009734
v 0.033919 0.145534 0.003999
v 0.032559 0.141313 0.008220
v 0.033919 0.144762 0.003058
v 0.032559 0.139799 0.006375
v 0.033919 0.144189 0.001985
v 0.032559 0.138674 0.004269
v 0.033919 0.143835 0.000821
v 0.032559 0.137981 0.001985
v 0.033919 0.143716 -0.000390
v 0.032559 0.137747 -0.000390
v 0.033919 0.143835 -0.001601
v 0.032559 0.137981 -0.002766
v 0.033919 0.144189 -0.002766
v 0.032559 0.138674 -0.005050
v 0.033919 0.144762 -0.003839
v 0.032559 0.139799 -0.007156
v 0.033919 0.145534 -0.004780
v 0.032559 0.141313 -0.009001
v 0.033919 0.146475 -0.005552
v 0.032559 0.143159 -0.010515
v 0.033919 0.147548 -0.006126
v 0.032559 0.145264 -0.011640
v 0.030351 0.143159 -0.016723
v 0.032559 0.147548 -0.012333
v 0.030351 0.146475 -0.017729
v 0.027378 0.145534 -0.022458
v 0.030351 0.149924 -0.018069
v 0.027378 0.149924 -0.022890
v 0.030351 0.153373 -0.017729
v 0.027378 0.154313 -0.022458
v 0.030351 0.156689 -0.016723
v 0.027378 0.158534 -0.021178
v 0.030351 0.159745 -0.015089
v 0.027378 0.162424 -0.019098
v 0.030351 0.162424 -0.012891
v 0.027378 0.165834 -0.016300
v 0.030351 0.164623 -0.010212
v 0.027378 0.168632 -0.012891
v 0.030351 0.166256 -0.007156
v 0.027378 0.170711 -0.009001
v 0.030351 0.167262 -0.003839
v 0.027378 0.171992 -0.004780
v 0.030351 0.167602 -0.000390
v 0.027378 0.172424 -0.000390
v 0.030351 0.167262 0.003058
v 0.027378 0.171992 0.003999
v 0.030351 0.166256 0.006375
v 0.027378 0.170711 0.008220
v 0.030351 0.164623 0.009431
v 0.027378 0.168632 0.012110
v 0.030351 0.162424 0.012110
v 0.027378 0.165834 0.015519
v 0.030351 0.159745 0.014308
v 0.027378 0.162424 0.018318
v 0.030351 0.156689 0.015942
v 0.027378 0.158534 0.020397
v 0.030351 0.153373 0.016948
v 0.027378 0.154313 0.021677
v 0.030351 0.149924 0.017288
v 0.027378 0.149924 0.022110
v 0.030351 0.146475 0.016948
v 0.027378 0.145534 0.021677
v 0.030351 0.143159 0.015942
v 0.027378 0.141313 0.020397
v 0.030351 0.140102 0.014308
v 0.027378 0.137424 0.018318
v 0.030351 0.137424 0.012110
v 0.027378 0.134014 0.015519
v 0.030351 0.135225 0.009431
v 0.027378 0.131216 0.012110
v 0.030351 0.133591 0.006375
v 0.027378 0.129137 0.008220
v 0.030351 0.132585 0.003058
v 0.027378 0.127856 0.003999
v 0.030351 0.132246 -0.000390
v 0.027378 0.127424 -0.000390
v 0.030351 0.132585 -0.003839
v 0.027378 0.127856 -0.004780
v 0.030351 0.133591 -0.007156
v 0.027378 0.129137 -0.009001
v 0.030351 0.135225 -0.010212
v 0.027378 0.131216 -0.012891
v 0.030351 0.137424 -0.012891
v 0.027378 0.134014 -0.016300
v 0.030351 0.140102 -0.015089
v 0.027378 0.137424 -0.019098
v 0.027378 0.141313 -0.021178
vn 0.9748 0.0219 -0.2221
vn 0.9748 -0.0219 -0.2221
vn 0.9972 -0.0073 -0.0738
vn 0.9972 0.0073 -0.0738
vn 0.9748 0.0648 -0.2136
vn 0.9972 0.0215 -0.0709
vn 0.9748 0.1052 -0.1968
vn 0.9972 0.0349 -0.0654
vn 0.9748 0.1416 -0.1725
vn 0.9972 0.0470 -0.0573
vn 0.9748 0.1725 -0.1416
vn 0.9972 0.0573 -0.0470
vn 0.9748 0.1968 -0.1052
vn 0.9972 0.0654 -0.0349
vn 0.9748 0.2136 -0.0648
vn 0.9972 0.0709 -0.0215
vn 0.9748 0.2221 -0.0219
vn 0.9972 0.0738 -0.0073
vn 0.9748 0.2221 0.0219
vn 0.9972 0.0738 0.0073
vn 0.9748 0.2136 0.0648
vn 0.9972 0.0709 0.0215
vn 0.9748 0.1968 0.1052
vn 0.9972 0.0654 0.0349
vn 0.9748 0.1725 0.1416
vn 0.9972 0.0573 0.0470
vn 0.9972 0.0470 0.0573
vn 0.9748 0.1416 0.1725
vn 0.9748 0.1052 0.1968
vn 0.9972 0.0349 0.0654
vn 0.9748 0.0648 0.2136
vn 0.9972 0.0215 0.0709
vn 0.9748 0.0219 0.2221
vn 0.9972 0.0073 0.0738
vn 0.9748 -0.0219 0.2221
vn 0.9972 -0.0073 0.0738
vn 0.9748 -0.0648 0.2136
vn 0.9972 -0.0215 0.0709
vn 0.9748 -0.1052 0.1968
vn 0.9972 -0.0349 0.0654
vn 0.9748 -0.1416 0.1725
vn 0.9972 -0.0470 0.0573
vn 0.9748 -0.1725 0.1416
vn 0.9972 -0.0573 0.0470
vn 0.9748 -0.1968 0.1052
vn 0.9972 -0.0654 0.0349
vn 0.9748 -0.2136 0.0648
vn 0.9972 -0.0709 0.0215
vn 0.9748 -0.2221 0.0219
vn 0.9972 -0.0738 0.0073
vn 0.9748 -0.2221 -0.0219
vn 0.9972 -0.0738 -0.0073
vn 0.9748 -0.2136 -0.0648
vn 0.9972 -0.0709 -0.0215
vn 0.9748 -0.1968 -0.1052
vn 0.9972 -0.0654 -0.0349
vn 0.9748 -0.1725 -0.1416
vn 0.9972 -0.0573 -0.0470
vn 0.9748 -0.1416 -0.1725
vn 0.9972 -0.0470 -0.0573
vn 0.9748 -0.1052 -0.1968
vn 0.9972 -0.0349 -0.0654
vn 0.9748 -0.0648 -0.2136
vn 0.9972 -0.0215 -0.0709
vn 0.9274 -0.1764 -0.3299
vn 0.9274 -0.1086 -0.3580
vn 0.9274 -0.0367 -0.3723
vn 0.8501 -0.1529 -0.5039
vn 0.8501 -0.0516 -0.5240
vn 0.9274 0.0367 -0.3723
vn 0.8501 0.0516 -0.5240
vn 0.9274 0.1086 -0.3580
vn 0.8501 0.1529 -0.5039
vn 0.9274 0.1764 -0.3299
vn 0.8501 0.2482 -0.4644
vn 0.9274 0.2373 -0.2892
vn 0.8501 0.3340 -0.4070
vn 0.9274 0.2892 -0.2373
vn 0.8501 0.4070 -0.3340
vn 0.9274 0.3299 -0.1764
vn 0.8501 0.4644 -0.2482
vn 0.9274 0.3580 -0.1086
vn 0.8501 0.5039 -0.1529
vn 0.9274 0.3723 -0.0367
vn 0.8501 0.5240 -0.0516
vn 0.9274 0.3723 0.0367
vn 0.8501 0.5240 0.0516
vn 0.9274 0.3580 0.1086
vn 0.8501 0.5039 0.1529
vn 0.9274 0.3299 0.1764
vn 0.8501 0.4644 0.2482
vn 0.9274 0.2892 0.2373
vn 0.8501 0.4070 0.3340
vn 0.9274 0.2373 0.2892
vn 0.8501 0.3340 0.4070
vn 0.9274 0.1764 0.3299
vn 0.8501 0.2482 0.4644
vn 0.9274 0.1086 0.3580
vn 0.8501 0.1529 0.5039
vn 0.9274 0.0367 0.3723
vn 0.8501 0.0516 0.5240
vn 0.9274 -0.0367 0.3723
vn 0.8501 -0.0516 0.5240
vn 0.9274 -0.1086 0.3580
vn 0.8501 -0.1529 0.5039
vn 0.9274 -0.1764 0.3299
vn 0.8501 -0.2482 0.4644
vn 0.9274 -0.2373 0.2892
vn 0.8501 -0.3340 0.4070
vn 0.9274 -0.2892 0.2373
vn 0.8501 -0.4070 0.3340
vn 0.9274 -0.3299 0.1764
vn 0.8501 -0.4644 0.2482
vn 0.9274 -0.3580 0.1086
vn 0.8501 -0.5039 0.1529
vn 0.9274 -0.3723 0.0367
vn 0.8501 -0.5240 0.0516
vn 0.9274 -0.3723 -0.0367
vn 0.8501 -0.5240 -0.0516
vn 0.9274 -0.3580 -0.1086
vn 0.8501 -0.5039 -0.1529
vn 0.9274 -0.3299 -0.1764
vn 0.8501 -0.4644 -0.2482
vn 0.9274 -0.2892 -0.2373
vn 0.8501 -0.4070 -0.3340
vn 0.9274 -0.2373 -0.2892
vn 0.8501 -0.3340 -0.4070
vn 0.8501 -0.2482 -0.4644
vt 0.781250 0.875000
vt 0.750000 0.937500
vt 0.750000 0.875000
vt 0.718750 0.875000
vt 0.734375 1.000000
vt 0.718750 0.937500
vt 0.781250 0.937500
vt 0.765625 1.000000
vt 0.812500 0.937500
vt 0.812500 0.875000
vt 0.796875 1.000000
vt 0.843750 0.937500
vt 0.843750 0.875000
vt 0.828125 1.000000
vt 0.875000 0.875000
vt 0.875000 0.937500
vt 0.859375 1.000000
vt 0.906250 0.875000
vt 0.906250 0.937500
vt 0.890625 1.000000
vt 0.937500 0.937500
vt 0.937500 0.875000
vt 0.921876 1.000000
vt 0.968750 0.937500
vt 0.968750 0.875000
vt 0.953126 1.000000
vt 1.000000 0.937500
vt 1.000000 0.875000
vt 0.984376 1.000000
vt 0.031250 0.937500
vt 0.000000 0.875000
vt 0.031250 0.875000
vt 0.015625 1.000000
vt 0.000000 0.937500
vt 0.062500 0.875000
vt 0.062500 0.937500
vt 0.046875 1.000000
vt 0.093750 0.937500
vt 0.093750 0.875000
vt 0.078125 1.000000
vt 0.125000 0.937500
vt 0.125000 0.875000
vt 0.109375 1.000000
vt 0.156250 0.937500
vt 0.140625 1.000000
vt 0.156250 0.875000
vt 0.187500 0.937500
vt 0.187500 0.875000
vt 0.171875 1.000000
vt 0.218750 0.937500
vt 0.218750 0.875000
vt 0.203125 1.000000
vt 0.250000 0.937500
vt 0.250000 0.875000
vt 0.234375 1.000000
vt 0.281250 0.875000
vt 0.281250 0.937500
vt 0.265625 1.000000
vt 0.312500 0.937500
vt 0.312500 0.875000
vt 0.296875 1.000000
vt 0.343750 0.937500
vt 0.343750 0.875000
vt 0.328125 1.000000
vt 0.375000 0.937500
vt 0.375000 0.875000
vt 0.359375 1.000000
vt 0.406250 0.875000
vt 0.406250 0.937500
vt 0.390624 1.000000
vt 0.437500 0.875000
vt 0.437500 0.937500
vt 0.421874 1.000000
vt 0.468750 0.937500
vt 0.468750 0.875000
vt 0.453124 1.000000
vt 0.500000 0.937500
vt 0.500000 0.875000
vt 0.484374 1.000000
vt 0.531250 0.937500
vt 0.531250 0.875000
vt 0.515625 1.000000
vt 0.562500 0.937500
vt 0.562500 0.875000
vt 0.546875 1.000000
vt 0.593750 0.875000
vt 0.593750 0.937500
vt 0.578125 1.000000
vt 0.625000 0.875000
vt 0.625000 0.937500
vt 0.609375 1.000000
vt 0.656250 0.875000
vt 0.656250 0.937500
vt 0.640625 1.000000
vt 0.687500 0.937500
vt 0.687500 0.875000
vt 0.671875 1.000000
vt 0.703125 1.000000
vt 0.656250 0.812500
vt 0.687500 0.812500
vt 0.718750 0.812500
vt 0.750000 0.812500
vt 0.687500 0.750000
vt 0.718750 0.750000
vt 0.750000 0.750000
vt 0.781250 0.812500
vt 0.781250 0.750000
vt 0.812500 0.812500
vt 0.812500 0.750000
vt 0.843750 0.812500
vt 0.843750 0.750000
vt 0.875000 0.812500
vt 0.875000 0.750000
vt 0.906250 0.812500
vt 0.906250 0.750000
vt 0.937500 0.812500
vt 0.937500 0.750000
vt 0.968750 0.812500
vt 0.968750 0.750000
vt 1.000000 0.812500
vt 1.000000 0.750000
vt 0.000000 0.812500
vt 0.031250 0.812500
vt 0.000000 0.750000
vt 0.031250 0.750000
vt 0.062500 0.812500
vt 0.062500 0.750000
vt 0.093750 0.812500
vt 0.093750 0.750000
vt 0.125000 0.812500
vt 0.125000 0.750000
vt 0.156250 0.812500
vt 0.156250 0.750000
vt 0.187500 0.812500
vt 0.187500 0.750000
vt 0.218750 0.812500
vt 0.218750 0.750000
vt 0.250000 0.812500
vt 0.250000 0.750000
vt 0.281250 0.812500
vt 0.281250 0.750000
vt 0.312500 0.812500
vt 0.312500 0.750000
vt 0.343750 0.812500
vt 0.343750 0.750000
vt 0.375000 0.812500
vt 0.375000 0.750000
vt 0.406250 0.812500
vt 0.406250 0.750000
vt 0.437500 0.812500
vt 0.437500 0.750000
vt 0.468750 0.812500
vt 0.468750 0.750000
vt 0.500000 0.812500
vt 0.500000 0.750000
vt 0.531250 0.812500
vt 0.531250 0.750000
vt 0.562500 0.812500
vt 0.562500 0.750000
vt 0.593750 0.812500
vt 0.593750 0.750000
vt 0.625000 0.812500
vt 0.625000 0.750000
vt 0.656250 0.750000
s 0
usemtl Material.002
f 999/727/229 994/728/229 995/729/229
f 994/728/230 1059/730/230 995/729/230
f 994/728/231 997/731/231 996/732/231
f 998/733/232 997/734/232 994/728/232
f 1000/735/233 999/727/233 1001/736/233
f 1000/735/234 997/737/234 998/733/234
f 1002/738/235 1001/736/235 1003/739/235
f 1002/738/236 997/740/236 1000/735/236
f 1005/741/237 1002/738/237 1003/739/237
f 1004/742/238 997/743/238 1002/738/238
f 1007/744/239 1004/742/239 1005/741/239
f 1006/745/240 997/746/240 1004/742/240
f 1008/747/241 1007/744/241 1009/748/241
f 1008/747/242 997/749/242 1006/745/242
f 1010/750/243 1009/748/243 1011/751/243
f 1010/750/244 997/752/244 1008/747/244
f 1012/753/245 1011/751/245 1013/754/245
f 1012/753/246 997/755/246 1010/750/246
f 1014/756/247 1013/757/247 1015/758/247
f 1014/756/248 997/759/248 1012/760/248
f 1017/761/249 1014/756/249 1015/758/249
f 1016/762/250 997/763/250 1014/756/250
f 1018/764/251 1017/761/251 1019/765/251
f 1018/764/252 997/766/252 1016/762/252
f 1020/767/253 1019/765/253 1021/768/253
f 1020/767/254 997/769/254 1018/764/254
f 1022/770/255 997/771/255 1020/767/255
f 1023/772/256 1020/767/256 1021/768/256
f 1024/773/257 1023/772/257 1025/774/257
f 1024/773/258 997/775/258 1022/770/258
f 1026/776/259 1025/774/259 1027/777/259
f 1026/776/260 997/778/260 1024/773/260
f 1028/779/261 1027/777/261 1029/780/261
f 1028/779/262 997/781/262 1026/776/262
f 1031/782/263 1028/779/263 1029/780/263
f 1030/783/264 997/784/264 1028/779/264
f 1032/785/265 1031/782/265 1033/786/265
f 1032/785/266 997/787/266 1030/783/266
f 1034/788/267 1033/786/267 1035/789/267
f 1034/788/268 997/790/268 1032/785/268
f 1036/791/269 1035/789/269 1037/792/269
f 1036/791/270 997/793/270 1034/788/270
f 1039/794/271 1036/791/271 1037/792/271
f 1038/795/272 997/796/272 1036/791/272
f 1041/797/273 1038/795/273 1039/794/273
f 1040/798/274 997/799/274 1038/795/274
f 1042/800/275 1041/797/275 1043/801/275
f 1042/800/276 997/802/276 1040/798/276
f 1044/803/277 1043/801/277 1045/804/277
f 1044/803/278 997/805/278 1042/800/278
f 1046/806/279 1045/804/279 1047/807/279
f 1046/806/280 997/808/280 1044/803/280
f 1048/809/281 1047/807/281 1049/810/281
f 1048/809/282 997/811/282 1046/806/282
f 1051/812/283 1048/809/283 1049/810/283
f 1050/813/284 997/814/284 1048/809/284
f 1053/815/285 1050/813/285 1051/812/285
f 1052/816/286 997/817/286 1050/813/286
f 1055/818/287 1052/816/287 1053/815/287
f 1054/819/288 997/820/288 1052/816/288
f 1056/821/289 1055/818/289 1057/822/289
f 1056/821/290 997/823/290 1054/819/290
f 1059/730/291 1056/821/291 1057/822/291
f 996/732/292 997/824/292 1056/821/292
f 1057/822/293 1120/825/293 1058/826/293
f 1060/827/294 1057/822/294 1058/826/294
f 995/729/295 1060/827/295 1062/828/295
f 1060/827/296 1122/829/296 1061/830/296
f 1062/828/297 1061/830/297 1063/831/297
f 1064/832/298 995/729/298 1062/828/298
f 1065/833/299 1062/828/299 1063/831/299
f 1001/736/300 1064/832/300 1066/834/300
f 1066/834/301 1065/833/301 1067/835/301
f 1068/836/302 1001/736/302 1066/834/302
f 1069/837/303 1066/834/303 1067/835/303
f 1070/838/304 1003/739/304 1068/836/304
f 1071/839/305 1068/836/305 1069/837/305
f 1007/744/306 1070/838/306 1072/840/306
f 1073/841/307 1070/838/307 1071/839/307
f 1009/748/308 1072/840/308 1074/842/308
f 1075/843/309 1072/840/309 1073/841/309
f 1011/751/310 1074/842/310 1076/844/310
f 1077/845/311 1074/842/311 1075/843/311
f 1013/754/312 1076/844/312 1078/846/312
f 1079/847/313 1076/844/313 1077/845/313
f 1015/758/314 1078/848/314 1080/849/314
f 1080/849/315 1079/850/315 1081/851/315
f 1017/761/316 1080/849/316 1082/852/316
f 1083/853/317 1080/849/317 1081/851/317
f 1019/765/318 1082/852/318 1084/854/318
f 1085/855/319 1082/852/319 1083/853/319
f 1021/768/320 1084/854/320 1086/856/320
f 1087/857/321 1084/854/321 1085/855/321
f 1088/858/322 1021/768/322 1086/856/322
f 1089/859/323 1086/856/323 1087/857/323
f 1025/774/324 1088/858/324 1090/860/324
f 1091/861/325 1088/858/325 1089/859/325
f 1027/777/326 1090/860/326 1092/862/326
f 1093/863/327 1090/860/327 1091/861/327
f 1094/864/328 1027/777/328 1092/862/328
f 1095/865/329 1092/862/329 1093/863/329
f 1031/782/330 1094/864/330 1096/866/330
f 1096/866/331 1095/865/331 1097/867/331
f 1098/868/332 1031/782/332 1096/866/332
f 1099/869/333 1096/866/333 1097/867/333
f 1035/789/334 1098/868/334 1100/870/334
f 1100/870/335 1099/869/335 1101/871/335
f 1037/792/336 1100/870/336 1102/872/336
f 1102/872/337 1101/871/337 1103/873/337
f 1039/794/338 1102/872/338 1104/874/338
f 1104/874/339 1103/873/339 1105/875/339
f 1106/876/340 1039/794/340 1104/874/340
f 1106/876/341 1105/875/341 1107/877/341
f 1043/801/342 1106/876/342 1108/878/342
f 1108/878/343 1107/877/343 1109/879/343
f 1110/880/344 1043/801/344 1108/878/344
f 1110/880/345 1109/879/345 1111/881/345
f 1112/882/346 1045/804/346 1110/880/346
f 1112/882/347 1111/881/347 1113/883/347
f 1114/884/348 1047/807/348 1112/882/348
f 1115/885/349 1112/882/349 1113/883/349
f 1051/812/350 1114/884/350 1116/886/350
f 1117/887/351 1114/884/351 1115/885/351
f 1118/888/352 1051/812/352 1116/886/352
f 1119/889/353 1116/886/353 1117/887/353
f 1120/825/354 1053/815/354 1118/888/354
f 1121/890/355 1118/888/355 1119/889/355
f 1058/826/356 1121/890/356 1122/829/356
f 999/727/229 998/733/229 994/728/229
f 994/728/230 996/732/230 1059/730/230
f 1000/735/233 998/733/233 999/727/233
f 1002/738/235 1000/735/235 1001/736/235
f 1005/741/237 1004/742/237 1002/738/237
f 1007/744/239 1006/745/239 1004/742/239
f 1008/747/241 1006/745/241 1007/744/241
f 1010/750/243 1008/747/243 1009/748/243
f 1012/753/245 1010/750/245 1011/751/245
f 1014/756/247 1012/760/247 1013/757/247
f 1017/761/249 1016/762/249 1014/756/249
f 1018/764/251 1016/762/251 1017/761/251
f 1020/767/253 1018/764/253 1019/765/253
f 1023/772/256 1022/770/256 1020/767/256
f 1024/773/257 1022/770/257 1023/772/257
f 1026/776/259 1024/773/259 1025/774/259
f 1028/779/261 1026/776/261 1027/777/261
f 1031/782/263 1030/783/263 1028/779/263
f 1032/785/265 1030/783/265 1031/782/265
f 1034/788/267 1032/785/267 1033/786/267
f 1036/791/269 1034/788/269 1035/789/269
f 1039/794/271 1038/795/271 1036/791/271
f 1041/797/273 1040/798/273 1038/795/273
f 1042/800/275 1040/798/275 1041/797/275
f 1044/803/277 1042/800/277 1043/801/277
f 1046/806/279 1044/803/279 1045/804/279
f 1048/809/281 1046/806/281 1047/807/281
f 1051/812/283 1050/813/283 1048/809/283
f 1053/815/285 1052/816/285 1050/813/285
f 1055/818/287 1054/819/287 1052/816/287
f 1056/821/289 1054/819/289 1055/818/289
f 1059/730/291 996/732/291 1056/821/291
f 1057/822/293 1055/818/293 1120/825/293
f 1060/827/294 1059/730/294 1057/822/294
f 995/729/295 1059/730/295 1060/827/295
f 1060/827/296 1058/826/296 1122/829/296
f 1062/828/297 1060/827/297 1061/830/297
f 1064/832/298 999/727/298 995/729/298
f 1065/833/299 1064/832/299 1062/828/299
f 1001/736/300 999/727/300 1064/832/300
f 1066/834/301 1064/832/301 1065/833/301
f 1068/836/302 1003/739/302 1001/736/302
f 1069/837/303 1068/836/303 1066/834/303
f 1070/838/304 1005/741/304 1003/739/304
f 1071/839/305 1070/838/305 1068/836/305
f 1007/744/306 1005/741/306 1070/838/306
f 1073/841/307 1072/840/307 1070/838/307
f 1009/748/308 1007/744/308 1072/840/308
f 1075/843/309 1074/842/309 1072/840/309
f 1011/751/310 1009/748/310 1074/842/310
f 1077/845/311 1076/844/311 1074/842/311
f 1013/754/312 1011/751/312 1076/844/312
f 1079/847/313 1078/846/313 1076/844/313
f 1015/758/314 1013/757/314 1078/848/314
f 1080/849/315 1078/848/315 1079/850/315
f 1017/761/316 1015/758/316 1080/849/316
f 1083/853/317 1082/852/317 1080/849/317
f 1019/765/318 1017/761/318 1082/852/318
f 1085/855/319 1084/854/319 1082/852/319
f 1021/768/320 1019/765/320 1084/854/320
f 1087/857/321 1086/856/321 1084/854/321
f 1088/858/322 1023/772/322 1021/768/322
f 1089/859/323 1088/858/323 1086/856/323
f 1025/774/324 1023/772/324 1088/858/324
f 1091/861/325 1090/860/325 1088/858/325
f 1027/777/326 1025/774/326 1090/860/326
f 1093/863/327 1092/862/327 1090/860/327
f 1094/864/328 1029/780/328 1027/777/328
f 1095/865/329 1094/864/329 1092/862/329
f 1031/782/330 1029/780/330 1094/864/330
f 1096/866/331 1094/864/331 1095/865/331
f 1098/868/332 1033/786/332 1031/782/332
f 1099/869/333 1098/868/333 1096/866/333
f 1035/789/334 1033/786/334 1098/868/334
f 1100/870/335 1098/868/335 1099/869/335
f 1037/792/336 1035/789/336 1100/870/336
f 1102/872/337 1100/870/337 1101/871/337
f 1039/794/338 1037/792/338 1102/872/338
f 1104/874/339 1102/872/339 1103/873/339
f 1106/876/340 1041/797/340 1039/794/340
f 1106/876/341 1104/874/341 1105/875/341
f 1043/801/342 1041/797/342 1106/876/342
f 1108/878/343 1106/876/343 1107/877/343
f 1110/880/344 1045/804/344 1043/801/344
f 1110/880/345 1108/878/345 1109/879/345
f 1112/882/346 1047/807/346 1045/804/346
f 1112/882/347 1110/880/347 1111/881/347
f 1114/884/348 1049/810/348 1047/807/348
f 1115/885/349 1114/884/349 1112/882/349
f 1051/812/350 1049/810/350 1114/884/350
f 1117/887/351 1116/886/351 1114/884/351
f 1118/888/352 1053/815/352 1051/812/352
f 1119/889/353 1118/888/353 1116/886/353
f 1120/825/354 1055/818/354 1053/815/354
f 1121/890/355 1120/825/355 1118/888/355
f 1058/826/356 1120/825/356 1121/890/356
o red
v 0.033919 0.209924 -0.006598
v 0.032559 0.209924 -0.012567
v 0.033919 0.208713 -0.006479
v 0.034378 0.209924 -0.000390
v 0.033919 0.211135 -0.006479
v 0.032559 0.212299 -0.012333
v 0.033919 0.212299 -0.006126
v 0.032559 0.214584 -0.011640
v 0.033919 0.213373 -0.005552
v 0.032559 0.216689 -0.010515
v 0.033919 0.214313 -0.004780
v 0.032559 0.218534 -0.009001
v 0.033919 0.215085 -0.003839
v 0.032559 0.220049 -0.007156
v 0.033919 0.215659 -0.002766
v 0.032559 0.221174 -0.005050
v 0.033919 0.216012 -0.001601
v 0.032559 0.221867 -0.002766
v 0.033919 0.216132 -0.000390
v 0.032559 0.222101 -0.000390
v 0.033919 0.216012 0.000821
v 0.032559 0.221867 0.001985
v 0.033919 0.215659 0.001985
v 0.032559 0.221174 0.004269
v 0.033919 0.215085 0.003058
v 0.032559 0.220049 0.006375
v 0.033919 0.214313 0.003999
v 0.032559 0.218534 0.008220
v 0.033919 0.213373 0.004771
v 0.032559 0.216689 0.009734
v 0.033919 0.212299 0.005345
v 0.032559 0.214584 0.010860
v 0.033919 0.211135 0.005698
v 0.032559 0.212299 0.011553
v 0.033919 0.209924 0.005817
v 0.032559 0.209924 0.011786
v 0.033919 0.208713 0.005698
v 0.032559 0.207548 0.011553
v 0.033919 0.207548 0.005345
v 0.032559 0.205264 0.010860
v 0.033919 0.206475 0.004771
v 0.032559 0.203159 0.009734
v 0.033919 0.205534 0.003999
v 0.032559 0.201313 0.008220
v 0.033919 0.204762 0.003058
v 0.032559 0.199799 0.006375
v 0.033919 0.204189 0.001985
v 0.032559 0.198674 0.004269
v 0.033919 0.203835 0.000821
v 0.032559 0.197981 0.001985
v 0.033919 0.203716 -0.000390
v 0.032559 0.197747 -0.000390
v 0.033919 0.203835 -0.001601
v 0.032559 0.197981 -0.002766
v 0.033919 0.204189 -0.002766
v 0.032559 0.198674 -0.005050
v 0.033919 0.204762 -0.003839
v 0.032559 0.199799 -0.007156
v 0.033919 0.205534 -0.004780
v 0.032559 0.201313 -0.009001
v 0.033919 0.206475 -0.005552
v 0.032559 0.203159 -0.010515
v 0.033919 0.207548 -0.006126
v 0.032559 0.205264 -0.011640
v 0.030351 0.203159 -0.016723
v 0.032559 0.207548 -0.012333
v 0.030351 0.206475 -0.017729
v 0.027378 0.205534 -0.022458
v 0.030351 0.209924 -0.018069
v 0.027378 0.209924 -0.022890
v 0.030351 0.213373 -0.017729
v 0.027378 0.214313 -0.022458
v 0.030351 0.216689 -0.016723
v 0.027378 0.218534 -0.021178
v 0.030351 0.219745 -0.015089
v 0.027378 0.222424 -0.019098
v 0.030351 0.222424 -0.012891
v 0.027378 0.225834 -0.016300
v 0.030351 0.224623 -0.010212
v 0.027378 0.228632 -0.012891
v 0.030351 0.226256 -0.007156
v 0.027378 0.230711 -0.009001
v 0.030351 0.227262 -0.003839
v 0.027378 0.231992 -0.004780
v 0.030351 0.227602 -0.000390
v 0.027378 0.232424 -0.000390
v 0.030351 0.227262 0.003058
v 0.027378 0.231992 0.003999
v 0.030351 0.226256 0.006375
v 0.027378 0.230711 0.008220
v 0.030351 0.224623 0.009431
v 0.027378 0.228632 0.012110
v 0.030351 0.222424 0.012110
v 0.027378 0.225834 0.015519
v 0.030351 0.219745 0.014308
v 0.027378 0.222424 0.018318
v 0.030351 0.216689 0.015942
v 0.027378 0.218534 0.020397
v 0.030351 0.213373 0.016948
v 0.027378 0.214313 0.021677
v 0.030351 0.209924 0.017288
v 0.027378 0.209924 0.022110
v 0.030351 0.206475 0.016948
v 0.027378 0.205534 0.021677
v 0.030351 0.203159 0.015942
v 0.027378 0.201313 0.020397
v 0.030351 0.200102 0.014308
v 0.027378 0.197424 0.018318
v 0.030351 0.197424 0.012110
v 0.027378 0.194014 0.015519
v 0.030351 0.195225 0.009431
v 0.027378 0.191216 0.012110
v 0.030351 0.193591 0.006375
v 0.027378 0.189137 0.008220
v 0.030351 0.192585 0.003058
v 0.027378 0.187856 0.003999
v 0.030351 0.192246 -0.000390
v 0.027378 0.187424 -0.000390
v 0.030351 0.192585 -0.003839
v 0.027378 0.187856 -0.004780
v 0.030351 0.193591 -0.007156
v 0.027378 0.189137 -0.009001
v 0.030351 0.195225 -0.010212
v 0.027378 0.191216 -0.012891
v 0.030351 0.197424 -0.012891
v 0.027378 0.194014 -0.016300
v 0.030351 0.200102 -0.015089
v 0.027378 0.197424 -0.019098
v 0.027378 0.201313 -0.021178
vn 0.9748 0.0219 -0.2221
vn 0.9748 -0.0219 -0.2221
vn 0.9972 -0.0073 -0.0738
vn 0.9972 0.0073 -0.0738
vn 0.9748 0.0648 -0.2136
vn 0.9972 0.0215 -0.0709
vn 0.9748 0.1052 -0.1968
vn 0.9972 0.0349 -0.0654
vn 0.9748 0.1416 -0.1725
vn 0.9972 0.0470 -0.0573
vn 0.9748 0.1725 -0.1416
vn 0.9972 0.0573 -0.0470
vn 0.9748 0.1968 -0.1052
vn 0.9972 0.0654 -0.0349
vn 0.9748 0.2136 -0.0648
vn 0.9972 0.0709 -0.0215
vn 0.9748 0.2221 -0.0219
vn 0.9972 0.0738 -0.0073
vn 0.9748 0.2221 0.0219
vn 0.9972 0.0738 0.0073
vn 0.9748 0.2136 0.0648
vn 0.9972 0.0709 0.0215
vn 0.9748 0.1968 0.1052
vn 0.9972 0.0654 0.0349
vn 0.9748 0.1725 0.1416
vn 0.9972 0.0573 0.0470
vn 0.9972 0.0470 0.0573
vn 0.9748 0.1416 0.1725
vn 0.9748 0.1052 0.1968
vn 0.9972 0.0349 0.0654
vn 0.9748 0.0648 0.2136
vn 0.9972 0.0215 0.0709
vn 0.9748 0.0219 0.2221
vn 0.9972 0.0073 0.0738
vn 0.9748 -0.0219 0.2221
vn 0.9972 -0.0073 0.0738
vn 0.9748 -0.0648 0.2136
vn 0.9972 -0.0215 0.0709
vn 0.9748 -0.1052 0.1968
vn 0.9972 -0.0349 0.0654
vn 0.9748 -0.1416 0.1725
vn 0.9972 -0.0470 0.0573
vn 0.9748 -0.1725 0.1416
vn 0.9972 -0.0573 0.0470
vn 0.9748 -0.1968 0.1052
vn 0.9972 -0.0654 0.0349
vn 0.9748 -0.2136 0.0648
vn 0.9972 -0.0709 0.0215
vn 0.9748 -0.2221 0.0219
vn 0.9972 -0.0738 0.0073
vn 0.9748 -0.2221 -0.0219
vn 0.9972 -0.0738 -0.0073
vn 0.9748 -0.2136 -0.0648
vn 0.9972 -0.0709 -0.0215
vn 0.9748 -0.1968 -0.1052
vn 0.9972 -0.0654 -0.0349
vn 0.9748 -0.1725 -0.1416
vn 0.9972 -0.0573 -0.0470
vn 0.9748 -0.1416 -0.1725
vn 0.9972 -0.0470 -0.0573
vn 0.9748 -0.1052 -0.1968
vn 0.9972 -0.0349 -0.0654
vn 0.9748 -0.0648 -0.2136
vn 0.9972 -0.0215 -0.0709
vn 0.9274 -0.1764 -0.3299
vn 0.9274 -0.1086 -0.3580
vn 0.9274 -0.0367 -0.3723
vn 0.8501 -0.1529 -0.5039
vn 0.8501 -0.0516 -0.5240
vn 0.9274 0.0367 -0.3723
vn 0.8501 0.0516 -0.5240
vn 0.9274 0.1086 -0.3580
vn 0.8501 0.1529 -0.5039
vn 0.9274 0.1764 -0.3299
vn 0.8501 0.2482 -0.4644
vn 0.9274 0.2373 -0.2892
vn 0.8501 0.3340 -0.4070
vn 0.9274 0.2892 -0.2373
vn 0.8501 0.4070 -0.3340
vn 0.9274 0.3299 -0.1764
vn 0.8501 0.4644 -0.2482
vn 0.9274 0.3580 -0.1086
vn 0.8501 0.5039 -0.1529
vn 0.9274 0.3723 -0.0367
vn 0.8501 0.5240 -0.0516
vn 0.9274 0.3723 0.0367
vn 0.8501 0.5240 0.0516
vn 0.9274 0.3580 0.1086
vn 0.8501 0.5039 0.1529
vn 0.9274 0.3299 0.1764
vn 0.8501 0.4644 0.2482
vn 0.9274 0.2892 0.2373
vn 0.8501 0.4070 0.3340
vn 0.9274 0.2373 0.2892
vn 0.8501 0.3340 0.4070
vn 0.9274 0.1764 0.3299
vn 0.8501 0.2482 0.4644
vn 0.9274 0.1086 0.3580
vn 0.8501 0.1529 0.5039
vn 0.9274 0.0367 0.3723
vn 0.8501 0.0516 0.5240
vn 0.9274 -0.0367 0.3723
vn 0.8501 -0.0516 0.5240
vn 0.9274 -0.1086 0.3580
vn 0.8501 -0.1529 0.5039
vn 0.9274 -0.1764 0.3299
vn 0.8501 -0.2482 0.4644
vn 0.9274 -0.2373 0.2892
vn 0.8501 -0.3340 0.4070
vn 0.9274 -0.2892 0.2373
vn 0.8501 -0.4070 0.3340
vn 0.9274 -0.3299 0.1764
vn 0.8501 -0.4644 0.2482
vn 0.9274 -0.3580 0.1086
vn 0.8501 -0.5039 0.1529
vn 0.9274 -0.3723 0.0367
vn 0.8501 -0.5240 0.0516
vn 0.9274 -0.3723 -0.0367
vn 0.8501 -0.5240 -0.0516
vn 0.9274 -0.3580 -0.1086
vn 0.8501 -0.5039 -0.1529
vn 0.9274 -0.3299 -0.1764
vn 0.8501 -0.4644 -0.2482
vn 0.9274 -0.2892 -0.2373
vn 0.8501 -0.4070 -0.3340
vn 0.9274 -0.2373 -0.2892
vn 0.8501 -0.3340 -0.4070
vn 0.8501 -0.2482 -0.4644
vt 0.781250 0.875000
vt 0.750000 0.937500
vt 0.750000 0.875000
vt 0.718750 0.875000
vt 0.734375 1.000000
vt 0.718750 0.937500
vt 0.781250 0.937500
vt 0.765625 1.000000
vt 0.812500 0.937500
vt 0.812500 0.875000
vt 0.796875 1.000000
vt 0.843750 0.937500
vt 0.843750 0.875000
vt 0.828125 1.000000
vt 0.875000 0.875000
vt 0.875000 0.937500
vt 0.859375 1.000000
vt 0.906250 0.875000
vt 0.906250 0.937500
vt 0.890625 1.000000
vt 0.937500 0.937500
vt 0.937500 0.875000
vt 0.921876 1.000000
vt 0.968750 0.937500
vt 0.968750 0.875000
vt 0.953126 1.000000
vt 1.000000 0.937500
vt 1.000000 0.875000
vt 0.984376 1.000000
vt 0.031250 0.937500
vt 0.000000 0.875000
vt 0.031250 0.875000
vt 0.015625 1.000000
vt 0.000000 0.937500
vt 0.062500 0.875000
vt 0.062500 0.937500
vt 0.046875 1.000000
vt 0.093750 0.937500
vt 0.093750 0.875000
vt 0.078125 1.000000
vt 0.125000 0.937500
vt 0.125000 0.875000
vt 0.109375 1.000000
vt 0.156250 0.937500
vt 0.140625 1.000000
vt 0.156250 0.875000
vt 0.187500 0.937500
vt 0.187500 0.875000
vt 0.171875 1.000000
vt 0.218750 0.937500
vt 0.218750 0.875000
vt 0.203125 1.000000
vt 0.250000 0.937500
vt 0.250000 0.875000
vt 0.234375 1.000000
vt 0.281250 0.875000
vt 0.281250 0.937500
vt 0.265625 1.000000
vt 0.312500 0.937500
vt 0.312500 0.875000
vt 0.296875 1.000000
vt 0.343750 0.937500
vt 0.343750 0.875000
vt 0.328125 1.000000
vt 0.375000 0.937500
vt 0.375000 0.875000
vt 0.359375 1.000000
vt 0.406250 0.875000
vt 0.406250 0.937500
vt 0.390624 1.000000
vt 0.437500 0.875000
vt 0.437500 0.937500
vt 0.421874 1.000000
vt 0.468750 0.937500
vt 0.468750 0.875000
vt 0.453124 1.000000
vt 0.500000 0.937500
vt 0.500000 0.875000
vt 0.484374 1.000000
vt 0.531250 0.937500
vt 0.531250 0.875000
vt 0.515625 1.000000
vt 0.562500 0.937500
vt 0.562500 0.875000
vt 0.546875 1.000000
vt 0.593750 0.875000
vt 0.593750 0.937500
vt 0.578125 1.000000
vt 0.625000 0.875000
vt 0.625000 0.937500
vt 0.609375 1.000000
vt 0.656250 0.875000
vt 0.656250 0.937500
vt 0.640625 1.000000
vt 0.687500 0.937500
vt 0.687500 0.875000
vt 0.671875 1.000000
vt 0.703125 1.000000
vt 0.656250 0.812500
vt 0.687500 0.812500
vt 0.718750 0.812500
vt 0.750000 0.812500
vt 0.687500 0.750000
vt 0.718750 0.750000
vt 0.750000 0.750000
vt 0.781250 0.812500
vt 0.781250 0.750000
vt 0.812500 0.812500
vt 0.812500 0.750000
vt 0.843750 0.812500
vt 0.843750 0.750000
vt 0.875000 0.812500
vt 0.875000 0.750000
vt 0.906250 0.812500
vt 0.906250 0.750000
vt 0.937500 0.812500
vt 0.937500 0.750000
vt 0.968750 0.812500
vt 0.968750 0.750000
vt 1.000000 0.812500
vt 1.000000 0.750000
vt 0.000000 0.812500
vt 0.031250 0.812500
vt 0.000000 0.750000
vt 0.031250 0.750000
vt 0.062500 0.812500
vt 0.062500 0.750000
vt 0.093750 0.812500
vt 0.093750 0.750000
vt 0.125000 0.812500
vt 0.125000 0.750000
vt 0.156250 0.812500
vt 0.156250 0.750000
vt 0.187500 0.812500
vt 0.187500 0.750000
vt 0.218750 0.812500
vt 0.218750 0.750000
vt 0.250000 0.812500
vt 0.250000 0.750000
vt 0.281250 0.812500
vt 0.281250 0.750000
vt 0.312500 0.812500
vt 0.312500 0.750000
vt 0.343750 0.812500
vt 0.343750 0.750000
vt 0.375000 0.812500
vt 0.375000 0.750000
vt 0.406250 0.812500
vt 0.406250 0.750000
vt 0.437500 0.812500
vt 0.437500 0.750000
vt 0.468750 0.812500
vt 0.468750 0.750000
vt 0.500000 0.812500
vt 0.500000 0.750000
vt 0.531250 0.812500
vt 0.531250 0.750000
vt 0.562500 0.812500
vt 0.562500 0.750000
vt 0.593750 0.812500
vt 0.593750 0.750000
vt 0.625000 0.812500
vt 0.625000 0.750000
vt 0.656250 0.750000
s 0
usemtl Material.003
f 1128/891/357 1123/892/357 1124/893/357
f 1123/892/358 1188/894/358 1124/893/358
f 1123/892/359 1126/895/359 1125/896/359
f 1127/897/360 1126/898/360 1123/892/360
f 1129/899/361 1128/891/361 1130/900/361
f 1129/899/362 1126/901/362 1127/897/362
f 1131/902/363 1130/900/363 1132/903/363
f 1131/902/364 1126/904/364 1129/899/364
f 1134/905/365 1131/902/365 1132/903/365
f 1133/906/366 1126/907/366 1131/902/366
f 1136/908/367 1133/906/367 1134/905/367
f 1135/909/368 1126/910/368 1133/906/368
f 1137/911/369 1136/908/369 1138/912/369
f 1137/911/370 1126/913/370 1135/909/370
f 1139/914/371 1138/912/371 1140/915/371
f 1139/914/372 1126/916/372 1137/911/372
f 1141/917/373 1140/915/373 1142/918/373
f 1141/917/374 1126/919/374 1139/914/374
f 1143/920/375 1142/921/375 1144/922/375
f 1143/920/376 1126/923/376 1141/924/376
f 1146/925/377 1143/920/377 1144/922/377
f 1145/926/378 1126/927/378 1143/920/378
f 1147/928/379 1146/925/379 1148/929/379
f 1147/928/380 1126/930/380 1145/926/380
f 1149/931/381 1148/929/381 1150/932/381
f 1149/931/382 1126/933/382 1147/928/382
f 1151/934/383 1126/935/383 1149/931/383
f 1152/936/384 1149/931/384 1150/932/384
f 1153/937/385 1152/936/385 1154/938/385
f 1153/937/386 1126/939/386 1151/934/386
f 1155/940/387 1154/938/387 1156/941/387
f 1155/940/388 1126/942/388 1153/937/388
f 1157/943/389 1156/941/389 1158/944/389
f 1157/943/390 1126/945/390 1155/940/390
f 1160/946/391 1157/943/391 1158/944/391
f 1159/947/392 1126/948/392 1157/943/392
f 1161/949/393 1160/946/393 1162/950/393
f 1161/949/394 1126/951/394 1159/947/394
f 1163/952/395 1162/950/395 1164/953/395
f 1163/952/396 1126/954/396 1161/949/396
f 1165/955/397 1164/953/397 1166/956/397
f 1165/955/398 1126/957/398 1163/952/398
f 1168/958/399 1165/955/399 1166/956/399
f 1167/959/400 1126/960/400 1165/955/400
f 1170/961/401 1167/959/401 1168/958/401
f 1169/962/402 1126/963/402 1167/959/402
f 1171/964/403 1170/961/403 1172/965/403
f 1171/964/404 1126/966/404 1169/962/404
f 1173/967/405 1172/965/405 1174/968/405
f 1173/967/406 1126/969/406 1171/964/406
f 1175/970/407 1174/968/407 1176/971/407
f 1175/970/408 1126/972/408 1173/967/408
f 1177/973/409 1176/971/409 1178/974/409
f 1177/973/410 1126/975/410 1175/970/410
f 1180/976/411 1177/973/411 1178/974/411
f 1179/977/412 1126/978/412 1177/973/412
f 1182/979/413 1179/977/413 1180/976/413
f 1181/980/414 1126/981/414 1179/977/414
f 1184/982/415 1181/980/415 1182/979/415
f 1183/983/416 1126/984/416 1181/980/416
f 1185/985/417 1184/982/417 1186/986/417
f 1185/985/418 1126/987/418 1183/983/418
f 1188/894/419 1185/985/419 1186/986/419
f 1125/896/420 1126/988/420 1185/985/420
f 1186/986/421 1249/989/421 1187/990/421
f 1189/991/422 1186/986/422 1187/990/422
f 1124/893/423 1189/991/423 1191/992/423
f 1189/991/424 1251/993/424 1190/994/424
f 1191/992/425 1190/994/425 1192/995/425
f 1193/996/426 1124/893/426 1191/992/426
f 1194/997/427 1191/992/427 1192/995/427
f 1130/900/428 1193/996/428 1195/998/428
f 1195/998/429 1194/997/429 1196/999/429
f 1197/1000/430 1130/900/430 1195/998/430
f 1198/1001/431 1195/998/431 1196/999/431
f 1199/1002/432 1132/903/432 1197/1000/432
f 1200/1003/433 1197/1000/433 1198/1001/433
f 1136/908/434 1199/1002/434 1201/1004/434
f 1202/1005/435 1199/1002/435 1200/1003/435
f 1138/912/436 1201/1004/436 1203/1006/436
f 1204/1007/437 1201/1004/437 1202/1005/437
f 1140/915/438 1203/1006/438 1205/1008/438
f 1206/1009/439 1203/1006/439 1204/1007/439
f 1142/918/440 1205/1008/440 1207/1010/440
f 1208/1011/441 1205/1008/441 1206/1009/441
f 1144/922/442 1207/1012/442 1209/1013/442
f 1209/1013/443 1208/1014/443 1210/1015/443
f 1146/925/444 1209/1013/444 1211/1016/444
f 1212/1017/445 1209/1013/445 1210/1015/445
f 1148/929/446 1211/1016/446 1213/1018/446
f 1214/1019/447 1211/1016/447 1212/1017/447
f 1150/932/448 1213/1018/448 1215/1020/448
f 1216/1021/449 1213/1018/449 1214/1019/449
f 1217/1022/450 1150/932/450 1215/1020/450
f 1218/1023/451 1215/1020/451 1216/1021/451
f 1154/938/452 1217/1022/452 1219/1024/452
f 1220/1025/453 1217/1022/453 1218/1023/453
f 1156/941/454 1219/1024/454 1221/1026/454
f 1222/1027/455 1219/1024/455 1220/1025/455
f 1223/1028/456 1156/941/456 1221/1026/456
f 1224/1029/457 1221/1026/457 1222/1027/457
f 1160/946/458 1223/1028/458 1225/1030/458
f 1225/1030/459 1224/1029/459 1226/1031/459
f 1227/1032/460 1160/946/460 1225/1030/460
f 1228/1033/461 1225/1030/461 1226/1031/461
f 1164/953/462 1227/1032/462 1229/1034/462
f 1229/1034/463 1228/1033/463 1230/1035/463
f 1166/956/464 1229/1034/464 1231/1036/464
f 1231/1036/465 1230/1035/465 1232/1037/465
f 1168/958/466 1231/1036/466 1233/1038/466
f 1233/1038/467 1232/1037/467 1234/1039/467
f 1235/1040/468 1168/958/468 1233/1038/468
f 1235/1040/469 1234/1039/469 1236/1041/469
f 1172/965/470 1235/1040/470 1237/1042/470
f 1237/1042/471 1236/1041/471 1238/1043/471
f 1239/1044/472 1172/965/472 1237/1042/472
f 1239/1044/473 1238/1043/473 1240/1045/473
f 1241/1046/474 1174/968/474 1239/1044/474
f 1241/1046/475 1240/1045/475 1242/1047/475
f 1243/1048/476 1176/971/476 1241/1046/476
f 1244/1049/477 1241/1046/477 1242/1047/477
f 1180/976/478 1243/1048/478 1245/1050/478
f 1246/1051/479 1243/1048/479 1244/1049/479
f 1247/1052/480 1180/976/480 1245/1050/480
f 1248/1053/481 1245/1050/481 1246/1051/481
f 1249/989/482 1182/979/482 1247/1052/482
f 1250/1054/483 1247/1052/483 1248/1053/483
f 1187/990/484 1250/1054/484 1251/993/484
f 1128/891/357 1127/897/357 1123/892/357
f 1123/892/358 1125/896/358 1188/894/358
f 1129/899/361 1127/897/361 1128/891/361
f 1131/902/363 1129/899/363 1130/900/363
f 1134/905/365 1133/906/365 1131/902/365
f 1136/908/367 1135/909/367 1133/906/367
f 1137/911/369 1135/909/369 1136/908/369
f 1139/914/371 1137/911/371 1138/912/371
f 1141/917/373 1139/914/373 1140/915/373
f 1143/920/375 1141/924/375 1142/921/375
f 1146/925/377 1145/926/377 1143/920/377
f 1147/928/379 1145/926/379 1146/925/379
f 1149/931/381 1147/928/381 1148/929/381
f 1152/936/384 1151/934/384 1149/931/384
f 1153/937/385 1151/934/385 1152/936/385
f 1155/940/387 1153/937/387 1154/938/387
f 1157/943/389 1155/940/389 1156/941/389
f 1160/946/391 1159/947/391 1157/943/391
f 1161/949/393 1159/947/393 1160/946/393
f 1163/952/395 1161/949/395 1162/950/395
f 1165/955/397 1163/952/397 1164/953/397
f 1168/958/399 1167/959/399 1165/955/399
f 1170/961/401 1169/962/401 1167/959/401
f 1171/964/403 1169/962/403 1170/961/403
f 1173/967/405 1171/964/405 1172/965/405
f 1175/970/407 1173/967/407 1174/968/407
f 1177/973/409 1175/970/409 1176/971/409
f 1180/976/411 1179/977/411 1177/973/411
f 1182/979/413 1181/980/413 1179/977/413
f 1184/982/415 1183/983/415 1181/980/415
f 1185/985/417 1183/983/417 1184/982/417
f 1188/894/419 1125/896/419 1185/985/419
f 1186/986/421 1184/982/421 1249/989/421
f 1189/991/422 1188/894/422 1186/986/422
f 1124/893/423 1188/894/423 1189/991/423
f 1189/991/424 1187/990/424 1251/993/424
f 1191/992/425 1189/991/425 1190/994/425
f 1193/996/426 1128/891/426 1124/893/426
f 1194/997/427 1193/996/427 1191/992/427
f 1130/900/428 1128/891/428 1193/996/428
f 1195/998/429 1193/996/429 1194/997/429
f 1197/1000/430 1132/903/430 1130/900/430
f 1198/1001/431 1197/1000/431 1195/998/431
f 1199/1002/432 1134/905/432 1132/903/432
f 1200/1003/433 1199/1002/433 1197/1000/433
f 1136/908/434 1134/905/434 1199/1002/434
f 1202/1005/435 1201/1004/435 1199/1002/435
f 1138/912/436 1136/908/436 1201/1004/436
f 1204/1007/437 1203/1006/437 1201/1004/437
f 1140/915/438 1138/912/438 1203/1006/438
f 1206/1009/439 1205/1008/439 1203/1006/439
f 1142/918/440 1140/915/440 1205/1008/440
f 1208/1011/441 1207/1010/441 1205/1008/441
f 1144/922/442 1142/921/442 1207/1012/442
f 1209/1013/443 1207/1012/443 1208/1014/443
f 1146/925/444 1144/922/444 1209/1013/444
f 1212/1017/445 1211/1016/445 1209/1013/445
f 1148/929/446 1146/925/446 1211/1016/446
f 1214/1019/447 1213/1018/447 1211/1016/447
f 1150/932/448 1148/929/448 1213/1018/448
f 1216/1021/449 1215/1020/449 1213/1018/449
f 1217/1022/450 1152/936/450 1150/932/450
f 1218/1023/451 1217/1022/451 1215/1020/451
f 1154/938/452 1152/936/452 1217/1022/452
f 1220/1025/453 1219/1024/453 1217/1022/453
f 1156/941/454 1154/938/454 1219/1024/454
f 1222/1027/455 1221/1026/455 1219/1024/455
f 1223/1028/456 1158/944/456 1156/941/456
f 1224/1029/457 1223/1028/457 1221/1026/457
f 1160/946/458 1158/944/458 1223/1028/458
f 1225/1030/459 1223/1028/459 1224/1029/459
f 1227/1032/460 1162/950/460 1160/946/460
f 1228/1033/461 1227/1032/461 1225/1030/461
f 1164/953/462 1162/950/462 1227/1032/462
f 1229/1034/463 1227/1032/463 1228/1033/463
f 1166/956/464 1164/953/464 1229/1034/464
f 1231/1036/465 1229/1034/465 1230/1035/465
f 1168/958/466 1166/956/466 1231/1036/466
f 1233/1038/467 1231/1036/467 1232/1037/467
f 1235/1040/468 1170/961/468 1168/958/468
f 1235/1040/469 1233/1038/469 1234/1039/469
f 1172/965/470 1170/961/470 1235/1040/470
f 1237/1042/471 1235/1040/471 1236/1041/471
f 1239/1044/472 1174/968/472 1172/965/472
f 1239/1044/473 1237/1042/473 1238/1043/473
f 1241/1046/474 1176/971/474 1174/968/474
f 1241/1046/475 1239/1044/475 1240/1045/475
f 1243/1048/476 1178/974/476 1176/971/476
f 1244/1049/477 1243/1048/477 1241/1046/477
f 1180/976/478 1178/974/478 1243/1048/478
f 1246/1051/479 1245/1050/479 1243/1048/479
f 1247/1052/480 1182/979/480 1180/976/480
f 1248/1053/481 1247/1052/481 1245/1050/481
f 1249/989/482 1184/982/482 1182/979/482
f 1250/1054/483 1249/989/483 1247/1052/483
f 1187/990/484 1249/989/484 1250/1054/484
