3.830 0.726 -3.138
3.798 0.725 -3.140
3.766 0.725 -3.142
3.733 0.725 -3.144
3.701 0.725 -3.146
3.669 0.724 -3.148
3.637 0.724 -3.150
3.605 0.724 -3.151
3.573 0.725 -3.153
3.540 0.725 -3.155
3.508 0.725 -3.156
3.476 0.726 -3.157
3.444 0.726 -3.159
3.411 0.727 -3.160
3.379 0.727 -3.161
3.347 0.728 -3.163
3.315 0.729 -3.164
3.283 0.729 -3.165
3.250 0.730 -3.166
3.218 0.731 -3.167
3.186 0.732 -3.167
3.154 0.733 -3.168
3.121 0.734 -3.169
3.089 0.735 -3.170
3.057 0.736 -3.170
3.025 0.737 -3.171
2.992 0.738 -3.171
2.960 0.739 -3.172
2.928 0.740 -3.172
2.896 0.741 -3.172
2.864 0.742 -3.172
2.831 0.743 -3.173
2.799 0.744 -3.173
2.767 0.746 -3.173
2.735 0.747 -3.173
2.702 0.748 -3.172
2.670 0.749 -3.172
2.638 0.750 -3.172
2.606 0.751 -3.172
2.574 0.751 -3.171
2.541 0.752 -3.171
2.509 0.753 -3.170
2.477 0.754 -3.170
2.445 0.755 -3.169
2.413 0.755 -3.167
2.381 0.756 -3.166
2.348 0.756 -3.164
2.316 0.757 -3.162
2.284 0.757 -3.159
2.252 0.758 -3.156
2.220 0.758 -3.153
2.188 0.758 -3.150
2.156 0.758 -3.146
2.123 0.758 -3.142
2.091 0.758 -3.138
2.059 0.758 -3.133
2.027 0.757 -3.128
1.995 0.757 -3.123
1.963 0.756 -3.117
1.931 0.756 -3.112
1.899 0.755 -3.106
1.867 0.754 -3.099
1.835 0.753 -3.093
1.803 0.752 -3.087
1.770 0.751 -3.085
1.738 0.750 -3.084
1.706 0.749 -3.087
1.674 0.748 -3.092
1.642 0.748 -3.100
1.609 0.747 -3.111
1.577 0.746 -3.124
1.545 0.746 -3.141
1.512 0.746 -3.160
1.479 0.746 -3.181
1.447 0.746 -3.206
1.414 0.747 -3.234
1.382 0.749 -3.264
1.350 0.752 -3.297
1.318 0.755 -3.333
1.286 0.760 -3.372
1.254 0.766 -3.414
1.223 0.773 -3.457
1.192 0.782 -3.503
1.161 0.793 -3.550
1.131 0.805 -3.595
1.102 0.818 -3.641
1.072 0.833 -3.687
1.044 0.850 -3.733
1.017 0.868 -3.780
0.990 0.887 -3.829
0.964 0.907 -3.879
0.940 0.929 -3.931
0.917 0.952 -3.986
0.895 0.976 -4.043
0.874 1.001 -4.101
0.855 1.027 -4.157
0.837 1.054 -4.211
0.821 1.082 -4.262
0.806 1.110 -4.311
0.792 1.140 -4.356
0.780 1.170 -4.399
0.769 1.200 -4.439
0.759 1.231 -4.476
0.750 1.263 -4.510
0.743 1.295 -4.541
0.736 1.327 -4.570
0.731 1.360 -4.596
0.726 1.392 -4.620
0.723 1.425 -4.641
0.720 1.458 -4.661
0.719 1.491 -4.679
0.718 1.524 -4.696
0.717 1.557 -4.710
0.718 1.589 -4.724
0.719 1.621 -4.735
0.721 1.653 -4.746
0.723 1.685 -4.754
0.726 1.716 -4.760
0.730 1.746 -4.763
0.730 1.746 -4.765
0.731 1.778 -4.764
0.731 1.811 -4.760
0.732 1.843 -4.755
0.732 1.875 -4.747
0.732 1.907 -4.738
0.732 1.940 -4.731
0.732 1.972 -4.725
0.732 2.004 -4.719
0.731 2.036 -4.714
0.731 2.068 -4.710
0.730 2.100 -4.707
0.730 2.132 -4.704
0.729 2.165 -4.702
0.729 2.197 -4.701
0.729 2.229 -4.700
0.728 2.261 -4.700
0.728 2.293 -4.701
0.728 2.325 -4.703
0.728 2.357 -4.705
0.728 2.390 -4.707
0.728 2.422 -4.711
0.729 2.454 -4.715
0.730 2.487 -4.719
0.730 2.519 -4.725
0.731 2.551 -4.731
0.733 2.584 -4.736
0.734 2.616 -4.740
0.735 2.649 -4.741
0.737 2.681 -4.741
0.738 2.713 -4.739
0.739 2.745 -4.734
0.740 2.778 -4.728
0.740 2.810 -4.719
0.740 2.842 -4.709
0.740 2.873 -4.696
0.740 2.905 -4.682
0.738 2.936 -4.666
0.737 2.968 -4.648
0.734 3.000 -4.628
0.731 3.032 -4.607
0.727 3.064 -4.584
0.722 3.097 -4.560
0.715 3.131 -4.534
0.708 3.165 -4.508
0.701 3.200 -4.481
0.693 3.235 -4.464
0.686 3.270 -4.470
0.679 3.304 -4.498
0.674 3.338 -4.552
0.670 3.370 -4.634
0.668 3.402 -4.752
0.669 3.432 -4.891
0.672 3.461 -5.034
0.678 3.487 -5.179
0.687 3.512 -5.327
0.700 3.534 -5.477
0.717 3.554 -5.620
0.737 3.572 -5.745
0.759 3.588 -5.851
0.785 3.603 -5.937
0.812 3.615 -6.006
0.842 3.626 -6.060
0.874 3.636 -6.102
0.907 3.644 -6.132
0.942 3.651 -6.153
0.979 3.657 -6.164
1.016 3.662 -6.172
1.053 3.665 -6.181
1.092 3.668 -6.190
1.130 3.671 -6.200
1.168 3.673 -6.211
1.207 3.674 -6.223
1.244 3.675 -6.236
1.281 3.676 -6.251
1.317 3.677 -6.267
1.352 3.677 -6.286
1.386 3.678 -6.307
1.419 3.678 -6.328
1.451 3.678 -6.345
1.483 3.678 -6.356
1.514 3.678 -6.360
1.546 3.678 -6.359
1.576 3.678 -6.350
1.607 3.678 -6.335
1.638 3.677 -6.314
1.669 3.676 -6.288
1.699 3.675 -6.257
1.731 3.674 -6.228
1.762 3.673 -6.206
1.794 3.672 -6.189
1.826 3.672 -6.179
1.859 3.673 -6.173
1.892 3.674 -6.173
1.926 3.676 -6.177
1.960 3.679 -6.187
1.995 3.682 -6.201
2.030 3.687 -6.221
2.065 3.691 -6.247
2.100 3.695 -6.279
2.134 3.698 -6.319
2.168 3.700 -6.367
2.200 3.701 -6.425
2.232 3.700 -6.494
2.262 3.696 -6.574
2.290 3.691 -6.667
2.316 3.682 -6.773
2.341 3.670 -6.890
2.363 3.655 -7.017
2.383 3.637 -7.140
2.401 3.616 -7.250
2.418 3.592 -7.345
2.432 3.565 -7.428
2.445 3.537 -7.498
2.457 3.507 -7.559
2.467 3.475 -7.611
2.475 3.441 -7.655
2.483 3.406 -7.693
2.489 3.370 -7.726
2.494 3.334 -7.754
2.498 3.297 -7.778
2.502 3.259 -7.798
2.505 3.222 -7.815
2.507 3.184 -7.830
2.508 3.147 -7.841
2.510 3.110 -7.850
2.511 3.075 -7.857
2.511 3.040 -7.860
2.512 3.006 -7.861
2.512 2.972 -7.861
2.512 2.940 -7.860
2.512 2.908 -7.860
2.512 2.876 -7.859
2.512 2.845 -7.858
2.511 2.814 -7.857
2.511 2.783 -7.856
2.511 2.753 -7.855
2.510 2.722 -7.853
2.510 2.692 -7.852
2.509 2.661 -7.851
2.509 2.631 -7.849
2.508 2.600 -7.848
2.508 2.569 -7.846
2.508 2.537 -7.845
2.508 2.505 -7.843
2.508 2.473 -7.842
2.508 2.440 -7.840
2.509 2.406 -7.839
2.509 2.371 -7.837
2.510 2.336 -7.835
2.510 2.336 -7.833
2.512 2.304 -7.832
2.514 2.273 -7.832
2.515 2.241 -7.831
2.517 2.209 -7.832
2.518 2.177 -7.833
2.519 2.145 -7.834
2.519 2.113 -7.836
2.520 2.080 -7.838
2.520 2.048 -7.841
2.520 2.016 -7.844
2.520 1.984 -7.848
2.520 1.951 -7.852
2.520 1.919 -7.857
2.519 1.887 -7.862
2.519 1.855 -7.867
2.518 1.822 -7.873
2.517 1.790 -7.880
2.516 1.758 -7.887
2.515 1.726 -7.894
2.514 1.694 -7.900
2.513 1.662 -7.903
2.512 1.630 -7.902
2.511 1.599 -7.899
2.510 1.567 -7.893
2.509 1.535 -7.883
2.508 1.504 -7.871
2.507 1.472 -7.855
2.506 1.441 -7.837
2.507 1.409 -7.816
2.507 1.376 -7.792
2.509 1.343 -7.767
2.511 1.310 -7.743
2.515 1.275 -7.718
2.519 1.241 -7.695
2.524 1.206 -7.671
2.530 1.170 -7.648
2.537 1.135 -7.626
2.544 1.099 -7.604
2.553 1.063 -7.583
2.562 1.027 -7.562
2.573 0.991 -7.541
2.584 0.955 -7.520
2.596 0.920 -7.498
2.609 0.885 -7.476
2.622 0.850 -7.452
2.637 0.815 -7.428
2.652 0.782 -7.402
2.668 0.749 -7.374
2.685 0.716 -7.344
2.702 0.685 -7.312
2.720 0.654 -7.277
2.739 0.625 -7.240
2.759 0.596 -7.199
2.780 0.569 -7.154
2.801 0.543 -7.104
2.823 0.518 -7.050
2.846 0.494 -6.991
2.869 0.472 -6.925
2.894 0.452 -6.853
2.919 0.433 -6.774
2.944 0.416 -6.694
2.970 0.401 -6.619
2.997 0.388 -6.550
3.025 0.377 -6.487
3.053 0.368 -6.432
3.082 0.360 -6.384
3.111 0.356 -6.344
3.141 0.353 -6.310
3.172 0.353 -6.284
3.203 0.354 -6.264
3.235 0.357 -6.251
3.267 0.361 -6.241
3.299 0.365 -6.234
3.332 0.370 -6.229
3.364 0.375 -6.225
3.397 0.380 -6.224
3.430 0.384 -6.224
3.462 0.387 -6.226
3.494 0.389 -6.230
3.527 0.390 -6.236
3.559 0.390 -6.243
3.591 0.390 -6.252
3.623 0.388 -6.259
3.655 0.387 -6.267
3.687 0.385 -6.273
3.719 0.383 -6.280
3.751 0.381 -6.285
3.783 0.379 -6.290
3.815 0.377 -6.295
3.846 0.375 -6.299
3.878 0.374 -6.302
3.910 0.374 -6.305
3.942 0.373 -6.307
3.974 0.373 -6.309
4.007 0.373 -6.310
4.039 0.373 -6.311
4.071 0.374 -6.311
4.103 0.374 -6.310
4.135 0.375 -6.309
4.167 0.375 -6.307
4.199 0.376 -6.305
4.231 0.376 -6.302
4.263 0.376 -6.299
4.295 0.377 -6.296
4.327 0.377 -6.294
4.360 0.377 -6.291
4.392 0.377 -6.289
4.424 0.377 -6.286
4.456 0.377 -6.284
4.488 0.376 -6.282
4.520 0.376 -6.280
4.552 0.376 -6.278
4.584 0.376 -6.276
4.616 0.376 -6.275
4.648 0.376 -6.273
4.680 0.376 -6.272
4.712 0.376 -6.271
4.744 0.376 -6.270
4.776 0.376 -6.269
4.808 0.376 -6.269
4.840 0.376 -6.268
4.872 0.376 -6.268
4.904 0.376 -6.267
4.937 0.376 -6.267
4.969 0.376 -6.267
5.001 0.376 -6.268
5.033 0.376 -6.269
5.065 0.376 -6.270
5.097 0.376 -6.271
5.129 0.376 -6.273
5.161 0.376 -6.275
5.193 0.375 -6.277
5.225 0.375 -6.280
5.257 0.376 -6.282
5.289 0.376 -6.285
5.321 0.376 -6.289
5.353 0.376 -6.293
5.385 0.376 -6.296
5.417 0.377 -6.301
5.449 0.377 -6.305
5.481 0.378 -6.310
5.513 0.378 -6.315
5.545 0.378 -6.320
5.577 0.378 -6.324
5.609 0.378 -6.326
5.641 0.378 -6.326
5.674 0.377 -6.322
5.706 0.376 -6.317
5.738 0.375 -6.309
5.771 0.374 -6.298
5.803 0.373 -6.285
5.835 0.371 -6.270
5.868 0.370 -6.251
5.900 0.370 -6.230
5.932 0.370 -6.206
5.964 0.370 -6.180
5.996 0.372 -6.150
6.028 0.375 -6.118
6.060 0.379 -6.082
6.091 0.384 -6.044
6.122 0.391 -6.003
6.153 0.400 -5.960
6.183 0.410 -5.914
6.213 0.421 -5.865
6.242 0.434 -5.817
6.271 0.448 -5.770
6.300 0.464 -5.725
6.328 0.481 -5.680
6.355 0.499 -5.637
6.382 0.518 -5.594
6.408 0.538 -5.552
6.433 0.560 -5.511
6.457 0.582 -5.470
6.481 0.605 -5.428
6.503 0.629 -5.387
6.525 0.654 -5.345
6.545 0.680 -5.303
6.564 0.706 -5.260
6.582 0.734 -5.216
6.599 0.761 -5.172
6.613 0.790 -5.125
6.627 0.819 -5.078
6.638 0.849 -5.029
6.648 0.879 -4.978
6.656 0.910 -4.928
6.662 0.941 -4.880
6.666 0.972 -4.837
6.669 1.004 -4.796
6.671 1.036 -4.759
6.672 1.068 -4.726
6.671 1.100 -4.696
6.670 1.133 -4.669
6.668 1.166 -4.646
6.666 1.198 -4.626
6.663 1.231 -4.610
6.660 1.263 -4.596
6.657 1.295 -4.586
6.655 1.328 -4.579
6.652 1.360 -4.575
6.649 1.392 -4.574
6.646 1.424 -4.576
6.644 1.456 -4.581
6.641 1.488 -4.589
6.639 1.519 -4.600
6.636 1.551 -4.614
6.634 1.583 -4.630
6.632 1.615 -4.645
6.630 1.647 -4.658
6.628 1.679 -4.671
6.627 1.711 -4.684
6.625 1.743 -4.695
6.624 1.775 -4.705
6.623 1.807 -4.714
6.622 1.839 -4.722
6.621 1.871 -4.729
6.620 1.903 -4.735
6.620 1.935 -4.740
6.620 1.967 -4.744
6.620 1.999 -4.747
6.620 2.031 -4.749
6.620 2.063 -4.750
6.621 2.095 -4.750
6.622 2.127 -4.748
6.622 2.160 -4.746
6.623 2.192 -4.743
6.624 2.224 -4.739
6.625 2.256 -4.735
6.626 2.288 -4.732
6.627 2.320 -4.728
6.628 2.352 -4.725
6.629 2.384 -4.721
6.630 2.416 -4.718
6.631 2.448 -4.715
6.632 2.480 -4.711
6.632 2.512 -4.708
6.633 2.544 -4.705
6.633 2.576 -4.702
6.633 2.608 -4.699
6.633 2.641 -4.696
6.633 2.673 -4.693
6.632 2.705 -4.690
6.632 2.737 -4.687
6.631 2.769 -4.684
6.629 2.801 -4.682
6.628 2.832 -4.679
6.626 2.864 -4.676
6.624 2.896 -4.675
6.623 2.928 -4.676
6.621 2.960 -4.680
6.620 2.992 -4.686
6.618 3.024 -4.695
6.618 3.056 -4.707
6.618 3.088 -4.722
6.618 3.121 -4.739
6.619 3.153 -4.759
6.621 3.186 -4.782
6.624 3.218 -4.799
6.627 3.251 -4.804
6.630 3.284 -4.796
6.632 3.316 -4.775
6.634 3.349 -4.740
6.635 3.381 -4.692
6.634 3.413 -4.630
6.632 3.445 -4.554
6.628 3.477 -4.467
6.622 3.508 -4.370
6.613 3.538 -4.282
6.601 3.568 -4.218
6.586 3.598 -4.176
6.570 3.627 -4.152
6.552 3.655 -4.146
6.534 3.684 -4.157
6.516 3.712 -4.186
6.499 3.740 -4.236
6.483 3.768 -4.308
6.469 3.796 -4.408
6.458 3.824 -4.538
6.451 3.852 -4.679
6.447 3.880 -4.805
6.447 3.909 -4.914
6.451 3.938 -5.003
6.458 3.967 -5.073
6.467 3.996 -5.127
6.479 4.026 -5.166
6.493 4.055 -5.191
6.508 4.085 -5.203
6.524 4.115 -5.202
6.540 4.145 -5.194
6.557 4.176 -5.179
6.574 4.206 -5.159
6.590 4.237 -5.133
6.606 4.268 -5.101
6.619 4.299 -5.062
6.632 4.330 -5.016
6.642 4.362 -4.963
6.649 4.393 -4.901
6.655 4.425 -4.833
6.658 4.457 -4.765
6.660 4.489 -4.707
6.660 4.521 -4.659
6.659 4.553 -4.621
6.657 4.585 -4.593
6.654 4.617 -4.575
6.650 4.649 -4.566
6.646 4.682 -4.567
6.643 4.714 -4.577
6.639 4.746 -4.597
6.635 4.779 -4.622
6.633 4.811 -4.647
6.630 4.844 -4.673
6.628 4.876 -4.699
6.627 4.908 -4.726
6.626 4.940 -4.754
6.627 4.972 -4.782
6.628 5.004 -4.811
6.630 5.036 -4.841
6.633 5.068 -4.871
6.637 5.099 -4.903
6.643 5.131 -4.935
6.649 5.162 -4.967
6.657 5.193 -5.001
6.666 5.224 -5.035
6.676 5.255 -5.070
6.687 5.285 -5.106
6.699 5.315 -5.142
6.712 5.344 -5.179
6.726 5.373 -5.217
6.742 5.402 -5.255
6.758 5.430 -5.290
6.775 5.458 -5.319
6.793 5.485 -5.341
6.812 5.512 -5.357
6.831 5.538 -5.366
6.851 5.564 -5.370
6.871 5.590 -5.367
6.891 5.616 -5.359
6.910 5.642 -5.344
6.930 5.667 -5.322
6.948 5.693 -5.294
6.966 5.719 -5.257
6.983 5.745 -5.211
6.998 5.772 -5.157
7.012 5.799 -5.093
7.024 5.827 -5.020
7.034 5.856 -4.939
7.043 5.885 -4.850
7.049 5.915 -4.756
7.052 5.946 -4.658
7.053 5.978 -4.576
7.051 6.011 -4.523
7.046 6.045 -4.496
7.038 6.081 -4.492
7.026 6.118 -4.513
7.010 6.156 -4.564
7.010 6.156 -4.624
7.014 6.187 -4.664
7.015 6.218 -4.678
7.016 6.249 -4.666
7.014 6.281 -4.630
7.012 6.313 -4.586
7.007 6.346 -4.544
7.001 6.378 -4.504
6.994 6.410 -4.463
6.985 6.442 -4.422
6.975 6.474 -4.378
6.963 6.505 -4.331
6.950 6.536 -4.280
6.936 6.566 -4.224
6.920 6.596 -4.160
6.903 6.625 -4.093
6.885 6.652 -4.026
6.865 6.679 -3.961
6.845 6.704 -3.897
6.823 6.729 -3.836
6.800 6.752 -3.777
6.776 6.773 -3.722
6.751 6.793 -3.669
6.725 6.811 -3.619
6.698 6.827 -3.573
6.670 6.841 -3.530
6.641 6.854 -3.490
6.611 6.865 -3.453
6.581 6.875 -3.419
6.550 6.883 -3.388
6.519 6.890 -3.359
6.487 6.896 -3.332
6.454 6.901 -3.308
6.422 6.906 -3.286
6.389 6.910 -3.266
6.356 6.913 -3.247
6.324 6.917 -3.230
6.291 6.920 -3.214
6.259 6.923 -3.200
6.226 6.925 -3.187
6.194 6.928 -3.175
6.162 6.930 -3.165
6.130 6.932 -3.157
6.098 6.933 -3.150
6.066 6.934 -3.145
6.034 6.935 -3.141
6.002 6.936 -3.136
5.971 6.936 -3.129
5.940 6.936 -3.118
5.908 6.935 -3.105
5.877 6.934 -3.088
5.845 6.932 -3.070
5.814 6.930 -3.048
5.782 6.926 -3.024
5.749 6.922 -2.998
5.716 6.917 -2.970
5.682 6.911 -2.946
5.648 6.904 -2.934
5.613 6.897 -2.932
5.579 6.890 -2.942
5.544 6.883 -2.963
5.510 6.877 -2.997
5.477 6.872 -3.045
5.444 6.868 -3.111
5.413 6.867 -3.199
5.383 6.867 -3.310
5.354 6.871 -3.448
5.328 6.877 -3.598
5.303 6.887 -3.742
5.280 6.900 -3.876
5.260 6.916 -3.997
5.242 6.935 -4.104
5.225 6.958 -4.197
5.210 6.983 -4.279
5.197 7.010 -4.350
5.185 7.039 -4.413
5.175 7.070 -4.468
5.166 7.103 -4.515
5.158 7.138 -4.556
5.152 7.173 -4.589
5.147 7.210 -4.618
5.142 7.247 -4.641
5.139 7.285 -4.660
5.136 7.323 -4.676
5.134 7.361 -4.688
5.132 7.399 -4.696
5.131 7.437 -4.702
5.130 7.474 -4.703
5.130 7.510 -4.703
5.130 7.545 -4.703
5.130 7.579 -4.703
5.130 7.613 -4.703
5.130 7.645 -4.704
5.130 7.677 -4.705
5.130 7.703 -4.706
5.130 7.724 -4.708
5.130 7.745 -4.711
5.130 7.766 -4.714
5.130 7.786 -4.717
5.130 7.807 -4.719
5.130 7.827 -4.720
5.130 7.847 -4.719
5.130 7.868 -4.716
5.130 7.889 -4.712
5.130 7.909 -4.707
5.129 7.930 -4.701
5.129 7.951 -4.695
5.128 7.972 -4.689
5.128 7.994 -4.682
5.127 8.015 -4.675
5.126 8.036 -4.668
5.125 8.058 -4.660
5.124 8.085 -4.652
5.122 8.117 -4.642
5.120 8.150 -4.632
5.118 8.182 -4.621
5.115 8.214 -4.609
5.112 8.247 -4.596
5.109 8.279 -4.582
5.105 8.311 -4.567
5.101 8.343 -4.553
5.096 8.375 -4.539
5.091 8.407 -4.525
5.086 8.438 -4.511
5.080 8.470 -4.497
5.073 8.501 -4.483
5.067 8.533 -4.469
5.059 8.564 -4.455
5.051 8.595 -4.441
5.043 8.626 -4.427
5.034 8.656 -4.413
5.025 8.687 -4.399
5.015 8.717 -4.385
5.004 8.748 -4.371
4.993 8.778 -4.356
4.982 8.808 -4.342
4.970 8.838 -4.328
4.958 8.867 -4.314
4.945 8.897 -4.300
4.932 8.926 -4.286
4.919 8.956 -4.272
4.905 8.985 -4.257
4.891 9.014 -4.243
4.877 9.043 -4.229
4.863 9.072 -4.214
4.848 9.100 -4.200
4.832 9.128 -4.186
4.817 9.156 -4.171
4.801 9.184 -4.157
4.785 9.212 -4.142
4.768 9.239 -4.128
4.751 9.266 -4.113
4.733 9.293 -4.099
4.715 9.319 -4.084
4.696 9.345 -4.069
4.677 9.371 -4.054
4.657 9.397 -4.039
4.637 9.422 -4.025
4.617 9.446 -4.010
4.596 9.471 -3.995
4.575 9.495 -3.980
4.553 9.519 -3.965
4.532 9.542 -3.951
4.509 9.566 -3.937
4.487 9.589 -3.923
4.464 9.612 -3.909
4.441 9.634 -3.895
4.418 9.657 -3.881
4.395 9.679 -3.867
4.371 9.701 -3.854
4.348 9.722 -3.840
4.323 9.743 -3.826
4.299 9.764 -3.813
4.275 9.785 -3.800
4.250 9.805 -3.786
4.224 9.825 -3.773
4.199 9.845 -3.759
4.173 9.864 -3.746
4.147 9.882 -3.732
4.121 9.901 -3.719
4.094 9.918 -3.705
4.067 9.936 -3.691
4.040 9.953 -3.677
4.013 9.969 -3.662
3.985 9.985 -3.647
3.956 10.000 -3.631
3.928 10.015 -3.615
3.899 10.029 -3.599
3.870 10.043 -3.583
3.840 10.056 -3.566
3.840 10.056 -3.549
3.810 10.068 -3.531
3.780 10.080 -3.514
3.750 10.092 -3.496
3.719 10.102 -3.478
3.689 10.112 -3.460
3.658 10.122 -3.441
3.628 10.131 -3.423
3.597 10.139 -3.404
3.566 10.147 -3.386
3.535 10.154 -3.367
3.503 10.161 -3.349
3.472 10.168 -3.332
3.441 10.174 -3.315
3.409 10.179 -3.299
3.378 10.184 -3.283
3.346 10.189 -3.268
3.314 10.194 -3.253
3.283 10.198 -3.239
3.251 10.202 -3.225
3.219 10.205 -3.211
3.187 10.208 -3.198
3.155 10.211 -3.185
3.123 10.214 -3.172
3.091 10.217 -3.160
3.059 10.219 -3.148
3.027 10.221 -3.136
2.994 10.223 -3.125
2.962 10.224 -3.114
2.930 10.225 -3.103
2.898 10.225 -3.092
2.866 10.225 -3.082
2.834 10.224 -3.071
2.802 10.223 -3.061
2.770 10.221 -3.051
2.738 10.218 -3.041
2.707 10.214 -3.030
2.675 10.210 -3.019
2.643 10.205 -3.008
2.612 10.199 -2.996
2.581 10.193 -2.984
2.549 10.186 -2.971
2.518 10.179 -2.958
2.497 10.174 -2.945
2.476 10.169 -2.933
2.456 10.163 -2.922
2.435 10.158 -2.911
2.414 10.153 -2.901
2.393 10.147 -2.892
2.373 10.142 -2.885
2.352 10.136 -2.879
2.331 10.131 -2.874
2.310 10.126 -2.871
2.290 10.121 -2.870
2.269 10.115 -2.869
2.248 10.110 -2.871
2.227 10.105 -2.874
2.206 10.100 -2.878
2.186 10.096 -2.885
2.165 10.091 -2.892
2.144 10.086 -2.902
2.123 10.082 -2.912
2.102 10.078 -2.924
2.081 10.074 -2.938
2.060 10.070 -2.953
2.039 10.066 -2.968
2.018 10.063 -2.985
1.997 10.060 -3.003
1.976 10.057 -3.021
1.954 10.054 -3.040
1.933 10.052 -3.060
1.912 10.049 -3.080
1.890 10.047 -3.099
1.869 10.045 -3.114
1.848 10.044 -3.126
1.826 10.042 -3.136
1.805 10.041 -3.143
1.783 10.040 -3.147
1.762 10.039 -3.149
1.730 10.038 -3.149
1.698 10.037 -3.146
1.666 10.036 -3.142
1.634 10.036 -3.136
1.602 10.036 -3.127
1.571 10.036 -3.118
1.539 10.036 -3.107
1.508 10.036 -3.094
1.477 10.036 -3.080
1.445 10.036 -3.065
1.413 10.035 -3.048
1.381 10.034 -3.031
1.349 10.032 -3.012
1.316 10.029 -2.998
1.282 10.025 -2.991
1.248 10.020 -2.992
1.213 10.015 -3.001
1.178 10.009 -3.017
1.143 10.004 -3.043
1.109 9.999 -3.078
1.075 9.995 -3.125
1.042 9.992 -3.185
1.010 9.991 -3.261
0.979 9.992 -3.356
0.950 9.995 -3.466
0.922 10.001 -3.582
0.896 10.010 -3.701
0.873 10.022 -3.820
0.851 10.038 -3.935
0.832 10.057 -4.044
0.814 10.079 -4.146
0.799 10.103 -4.238
0.785 10.130 -4.321
0.773 10.159 -4.395
0.762 10.190 -4.458
0.753 10.223 -4.510
0.745 10.257 -4.553
0.738 10.292 -4.589
0.733 10.328 -4.619
0.729 10.365 -4.644
0.725 10.403 -4.665
0.723 10.440 -4.683
0.721 10.478 -4.698
0.720 10.515 -4.709
0.720 10.552 -4.719
0.720 10.588 -4.729
0.720 10.624 -4.738
0.721 10.658 -4.747
0.722 10.692 -4.755
0.724 10.724 -4.762
0.725 10.757 -4.768
0.727 10.788 -4.772
0.729 10.819 -4.776
0.731 10.850 -4.778
0.733 10.881 -4.780
0.735 10.912 -4.783
0.738 10.942 -4.787
0.740 10.973 -4.792
0.742 11.004 -4.798
0.744 11.035 -4.805
0.747 11.067 -4.814
0.749 11.098 -4.823
0.752 11.130 -4.833
0.755 11.162 -4.844
0.759 11.194 -4.856
0.764 11.226 -4.870
0.769 11.258 -4.890
0.775 11.290 -4.914
0.782 11.322 -4.943
0.790 11.354 -4.977
0.798 11.386 -5.017
0.808 11.418 -5.063
0.820 11.450 -5.114
0.832 11.481 -5.171
0.846 11.511 -5.234
0.861 11.541 -5.300
0.877 11.569 -5.364
0.895 11.596 -5.427
0.914 11.621 -5.490
0.935 11.645 -5.554
0.958 11.667 -5.618
0.981 11.687 -5.683
1.007 11.705 -5.751
1.034 11.721 -5.820
1.062 11.735 -5.892
1.092 11.747 -5.962
1.122 11.757 -6.025
1.154 11.766 -6.080
1.186 11.774 -6.128
1.218 11.780 -6.167
1.251 11.786 -6.200
1.284 11.790 -6.225
1.317 11.794 -6.243
1.350 11.797 -6.255
1.383 11.799 -6.259
1.415 11.801 -6.260
1.448 11.803 -6.261
1.480 11.804 -6.262
1.512 11.805 -6.263
1.544 11.806 -6.264
1.575 11.806 -6.265
1.607 11.806 -6.266
1.639 11.806 -6.267
1.671 11.806 -6.268
1.702 11.806 -6.269
1.734 11.806 -6.270
1.766 11.806 -6.271
1.798 11.806 -6.272
1.830 11.806 -6.273
1.862 11.806 -6.273
1.894 11.806 -6.274
1.926 11.806 -6.275
1.958 11.806 -6.276
1.990 11.806 -6.276
2.022 11.806 -6.277
2.054 11.806 -6.278
2.087 11.806 -6.278
2.119 11.806 -6.279
2.151 11.806 -6.280
2.183 11.806 -6.280
2.215 11.806 -6.281
2.247 11.806 -6.281
2.279 11.806 -6.282
2.311 11.806 -6.282
2.343 11.806 -6.283
2.375 11.806 -6.283
2.407 11.806 -6.284
2.439 11.806 -6.284
2.471 11.806 -6.284
2.503 11.806 -6.285
2.535 11.806 -6.285
2.567 11.806 -6.285
2.599 11.806 -6.286
2.631 11.806 -6.286
2.663 11.806 -6.286
2.695 11.806 -6.286
2.727 11.806 -6.287
2.759 11.806 -6.287
2.791 11.806 -6.287
2.823 11.806 -6.287
2.856 11.806 -6.287
2.888 11.806 -6.287
2.920 11.806 -6.287
2.952 11.806 -6.287
2.984 11.806 -6.287
3.016 11.806 -6.287
3.048 11.806 -6.287
3.080 11.806 -6.287
3.112 11.806 -6.287
3.144 11.806 -6.287
3.176 11.806 -6.287
3.208 11.806 -6.287
3.240 11.806 -6.287
3.272 11.806 -6.286
3.304 11.806 -6.286
3.336 11.806 -6.286
3.368 11.806 -6.286
3.400 11.806 -6.285
3.432 11.806 -6.285
3.464 11.806 -6.285
3.496 11.806 -6.285
3.528 11.806 -6.284
3.560 11.806 -6.284
3.592 11.806 -6.283
3.624 11.806 -6.283
3.656 11.806 -6.282
3.688 11.806 -6.282
3.721 11.806 -6.281
3.753 11.806 -6.281
3.785 11.806 -6.280
3.817 11.806 -6.280
3.849 11.806 -6.279
3.881 11.806 -6.278
3.913 11.806 -6.278
3.945 11.806 -6.277
3.977 11.806 -6.276
4.009 11.806 -6.276
4.041 11.806 -6.275
4.073 11.806 -6.274
4.105 11.805 -6.274
4.137 11.805 -6.273
4.169 11.805 -6.273
4.201 11.805 -6.272
4.233 11.805 -6.272
4.265 11.805 -6.271
4.297 11.805 -6.271
4.329 11.806 -6.271
4.361 11.806 -6.271
4.393 11.806 -6.271
4.425 11.807 -6.271
4.457 11.808 -6.271
4.489 11.808 -6.271
4.521 11.809 -6.271
4.553 11.810 -6.271
4.585 11.811 -6.272
4.617 11.812 -6.272
4.649 11.813 -6.273
4.682 11.814 -6.273
4.714 11.815 -6.274
4.746 11.816 -6.275
4.778 11.817 -6.275
4.810 11.817 -6.276
4.842 11.818 -6.277
4.874 11.819 -6.278
4.906 11.819 -6.279
4.938 11.819 -6.280
4.970 11.819 -6.281
5.002 11.819 -6.283
5.034 11.819 -6.284
5.066 11.818 -6.285
5.098 11.817 -6.287
5.130 11.816 -6.289
5.130 11.816 -6.290
5.162 11.814 -6.292
5.194 11.813 -6.294
5.226 11.812 -6.296
5.258 11.811 -6.298
5.290 11.810 -6.299
5.322 11.809 -6.301
5.354 11.808 -6.303
5.386 11.807 -6.305
5.418 11.807 -6.306
5.451 11.807 -6.306
5.483 11.806 -6.307
5.515 11.806 -6.307
5.547 11.806 -6.307
5.579 11.806 -6.306
5.611 11.806 -6.305
5.643 11.806 -6.304
5.675 11.806 -6.302
5.707 11.806 -6.300
5.739 11.806 -6.298
5.771 11.806 -6.295
5.803 11.806 -6.292
5.835 11.806 -6.289
5.867 11.806 -6.286
5.900 11.806 -6.282
5.932 11.806 -6.278
5.964 11.806 -6.273
5.996 11.806 -6.268
6.028 11.806 -6.264
6.060 11.806 -6.261
6.092 11.806 -6.259
6.124 11.805 -6.258
6.156 11.805 -6.258
6.188 11.806 -6.260
6.220 11.806 -6.263
6.252 11.806 -6.267
6.284 11.806 -6.272
6.317 11.806 -6.278
6.349 11.807 -6.286
6.381 11.807 -6.295
6.413 11.807 -6.306
6.445 11.807 -6.317
6.477 11.807 -6.330
6.509 11.806 -6.345
6.541 11.804 -6.361
6.573 11.803 -6.378
6.605 11.800 -6.397
6.637 11.797 -6.417
6.669 11.794 -6.436
6.701 11.789 -6.454
6.732 11.784 -6.469
6.764 11.779 -6.484
6.796 11.773 -6.498
6.827 11.768 -6.512
6.796 11.773 -6.502
6.838 11.766 -6.454
6.880 11.758 -6.399
6.922 11.751 -6.364
6.964 11.744 -6.343
7.007 11.739 -6.327
7.049 11.734 -6.312
7.092 11.731 -6.299
7.134 11.730 -6.288
7.177 11.729 -6.279
7.220 11.729 -6.272
7.263 11.730 -6.268
7.305 11.731 -6.266
7.348 11.733 -6.266
7.391 11.735 -6.270
7.434 11.737 -6.274
7.477 11.739 -6.277
7.520 11.741 -6.279
7.562 11.743 -6.280
7.605 11.744 -6.280
7.648 11.745 -6.279
7.691 11.746 -6.277
7.733 11.746 -6.275
7.776 11.746 -6.271
7.819 11.745 -6.267
7.861 11.744 -6.263
7.904 11.743 -6.261
7.947 11.742 -6.262
7.989 11.740 -6.265
8.032 11.739 -6.270
8.075 11.738 -6.278
8.118 11.737 -6.288
8.161 11.736 -6.300
8.204 11.736 -6.315
8.246 11.736 -6.331
8.289 11.736 -6.349
8.332 11.736 -6.366
8.375 11.736 -6.383
8.418 11.735 -6.400
8.460 11.733 -6.416
8.503 11.730 -6.431
8.545 11.725 -6.446
8.587 11.719 -6.461
8.629 11.712 -6.475
8.671 11.703 -6.489
8.713 11.693 -6.503
8.754 11.683 -6.516
8.796 11.671 -6.529
8.837 11.659 -6.541
8.878 11.646 -6.553
8.919 11.633 -6.565
8.960 11.620 -6.576
9.000 11.607 -6.587
9.041 11.593 -6.597
9.082 11.580 -6.608
9.122 11.566 -6.617
9.163 11.552 -6.627
9.203 11.539 -6.636
9.243 11.525 -6.645
9.284 11.511 -6.654
9.325 11.498 -6.662
9.365 11.484 -6.670
9.406 11.470 -6.678
9.446 11.456 -6.685
9.486 11.441 -6.693
9.526 11.426 -6.699
9.566 11.410 -6.706
9.605 11.393 -6.712
9.644 11.375 -6.717
9.682 11.356 -6.723
9.720 11.337 -6.728
9.758 11.317 -6.733
9.796 11.297 -6.737
9.833 11.276 -6.741
9.871 11.255 -6.745
9.908 11.235 -6.748
9.946 11.214 -6.751
9.983 11.193 -6.754
10.021 11.173 -6.756
10.059 11.154 -6.758
10.097 11.134 -6.760
10.135 11.115 -6.761
10.174 11.096 -6.762
10.212 11.077 -6.762
10.251 11.059 -6.762
10.289 11.041 -6.762
10.328 11.023 -6.761
10.367 11.005 -6.760
10.406 10.988 -6.758
10.445 10.970 -6.757
10.484 10.952 -6.754
10.523 10.934 -6.752
10.561 10.916 -6.749
10.600 10.897 -6.745
10.638 10.877 -6.741
10.675 10.857 -6.737
10.713 10.836 -6.733
10.750 10.815 -6.728
10.787 10.793 -6.722
10.824 10.772 -6.717
10.862 10.751 -6.711
10.899 10.731 -6.704
10.937 10.712 -6.697
10.976 10.693 -6.690
11.015 10.676 -6.682
11.054 10.660 -6.674
11.094 10.645 -6.666
11.134 10.631 -6.657
11.175 10.617 -6.647
11.216 10.603 -6.638
11.256 10.590 -6.628
11.297 10.577 -6.617
11.338 10.563 -6.606
11.379 10.550 -6.595
11.419 10.536 -6.584
11.460 10.523 -6.572
11.501 10.510 -6.559
11.542 10.497 -6.547
11.583 10.484 -6.534
11.624 10.473 -6.522
11.665 10.462 -6.511
11.706 10.452 -6.499
11.748 10.444 -6.488
11.790 10.436 -6.477
11.832 10.429 -6.467
11.874 10.422 -6.456
11.917 10.416 -6.446
11.959 10.410 -6.436
12.002 10.404 -6.427
12.044 10.398 -6.418
12.087 10.392 -6.408
12.129 10.386 -6.400
12.171 10.379 -6.391
12.214 10.373 -6.383
12.256 10.366 -6.375
12.298 10.361 -6.367
12.341 10.355 -6.359
12.383 10.351 -6.352
12.426 10.347 -6.345
12.468 10.344 -6.338
12.511 10.343 -6.331
12.554 10.342 -6.325
12.596 10.342 -6.318
12.639 10.342 -6.312
12.682 10.343 -6.307
12.725 10.344 -6.301
12.768 10.345 -6.296
12.810 10.346 -6.291
12.853 10.347 -6.286
12.896 10.347 -6.281
12.939 10.348 -6.276
12.982 10.348 -6.272
13.024 10.348 -6.268
13.067 10.348 -6.264
13.110 10.347 -6.261
13.153 10.347 -6.257
13.195 10.346 -6.254
13.238 10.345 -6.251
13.281 10.344 -6.248
13.323 10.343 -6.245
13.366 10.342 -6.243
13.409 10.341 -6.240
13.452 10.340 -6.237
13.494 10.339 -6.234
13.537 10.337 -6.231
13.580 10.336 -6.229
13.580 10.336 -6.228
13.622 10.342 -6.228
13.665 10.348 -6.228
13.707 10.353 -6.229
13.750 10.358 -6.231
13.771 10.361 -6.233
13.802 10.364 -6.236
13.834 10.367 -6.238
13.866 10.370 -6.242
13.898 10.373 -6.245
13.930 10.375 -6.250
13.962 10.378 -6.254
13.994 10.380 -6.259
14.026 10.381 -6.264
14.058 10.383 -6.269
14.090 10.384 -6.273
14.122 10.385 -6.277
14.154 10.386 -6.280
14.186 10.387 -6.283
14.218 10.387 -6.285
14.250 10.387 -6.286
14.282 10.387 -6.287
14.314 10.386 -6.288
14.346 10.385 -6.288
14.378 10.384 -6.287
14.410 10.383 -6.286
14.442 10.382 -6.284
14.474 10.381 -6.281
14.506 10.379 -6.279
14.538 10.378 -6.275
14.570 10.377 -6.271
14.602 10.376 -6.267
14.634 10.376 -6.262
14.666 10.376 -6.257
14.698 10.376 -6.253
14.730 10.377 -6.251
14.762 10.378 -6.253
14.794 10.379 -6.257
14.826 10.380 -6.264
14.859 10.381 -6.274
14.891 10.382 -6.287
14.923 10.383 -6.303
14.955 10.383 -6.321
14.987 10.383 -6.343
15.019 10.381 -6.368
15.051 10.379 -6.396
15.083 10.376 -6.428
15.115 10.371 -6.463
15.147 10.366 -6.502
15.178 10.359 -6.545
15.210 10.351 -6.592
15.241 10.341 -6.643
15.272 10.331 -6.697
15.303 10.319 -6.755
15.333 10.306 -6.816
15.362 10.292 -6.874
15.391 10.277 -6.925
15.419 10.260 -6.967
15.446 10.243 -7.002
15.473 10.224 -7.029
15.498 10.204 -7.049
15.523 10.182 -7.063
15.547 10.160 -7.070
15.569 10.137 -7.070
15.591 10.112 -7.065
15.613 10.088 -7.052
15.635 10.063 -7.033
15.656 10.039 -7.007
15.678 10.015 -6.974
15.700 9.992 -6.934
15.724 9.971 -6.885
15.748 9.951 -6.829
15.773 9.932 -6.765
15.800 9.916 -6.693
15.829 9.902 -6.614
15.859 9.891 -6.535
15.890 9.882 -6.460
15.922 9.875 -6.390
15.955 9.870 -6.323
15.989 9.868 -6.258
16.023 9.868 -6.196
16.057 9.870 -6.135
16.091 9.874 -6.074
16.124 9.881 -6.014
16.157 9.889 -5.952
16.189 9.899 -5.889
16.219 9.911 -5.825
16.248 9.925 -5.762
16.276 9.941 -5.702
16.302 9.959 -5.644
16.327 9.978 -5.589
16.351 9.998 -5.538
16.374 10.020 -5.490
16.396 10.043 -5.446
16.417 10.067 -5.406
16.438 10.092 -5.370
16.459 10.117 -5.341
16.479 10.143 -5.325
16.500 10.170 -5.319
16.520 10.197 -5.325
16.542 10.224 -5.343
16.563 10.250 -5.372
16.585 10.277 -5.414
16.608 10.302 -5.471
16.631 10.327 -5.544
16.654 10.350 -5.633
16.679 10.372 -5.730
16.704 10.392 -5.822
16.730 10.409 -5.908
16.756 10.425 -5.988
16.784 10.437 -6.061
16.812 10.447 -6.127
16.841 10.453 -6.186
16.871 10.456 -6.240
16.902 10.457 -6.287
16.934 10.456 -6.330
16.966 10.453 -6.366
16.998 10.448 -6.396
17.031 10.443 -6.419
17.064 10.437 -6.436
17.097 10.430 -6.446
17.130 10.424 -6.450
17.163 10.419 -6.448
17.196 10.414 -6.439
17.228 10.410 -6.424
17.261 10.407 -6.402
17.293 10.405 -6.374
17.325 10.404 -6.345
17.357 10.403 -6.319
17.389 10.403 -6.296
17.421 10.403 -6.278
17.452 10.404 -6.263
17.484 10.404 -6.252
17.516 10.405 -6.245
17.547 10.406 -6.242
17.579 10.406 -6.242
17.611 10.407 -6.246
17.643 10.407 -6.252
17.675 10.407 -6.257
17.707 10.407 -6.262
17.739 10.406 -6.266
17.771 10.406 -6.270
17.803 10.406 -6.273
17.835 10.406 -6.275
17.867 10.406 -6.277
17.900 10.406 -6.279
17.932 10.406 -6.280
17.964 10.406 -6.280
17.996 10.407 -6.280
18.028 10.407 -6.280
18.060 10.408 -6.279
18.092 10.409 -6.277
18.124 10.409 -6.275
18.156 10.410 -6.272
18.188 10.411 -6.269
18.220 10.412 -6.265
18.252 10.414 -6.261
18.284 10.415 -6.256
18.316 10.416 -6.253
18.348 10.417 -6.250
18.380 10.418 -6.247
18.412 10.419 -6.246
18.444 10.420 -6.245
18.476 10.421 -6.244
18.508 10.422 -6.245
18.540 10.423 -6.246
18.572 10.424 -6.247
18.604 10.425 -6.250
18.636 10.425 -6.253
18.668 10.426 -6.257
18.700 10.426 -6.262
18.700 10.426 -6.268
18.732 10.426 -6.275
18.764 10.426 -6.282
18.796 10.425 -6.290
18.828 10.424 -6.299
18.860 10.424 -6.308
18.892 10.423 -6.318
18.924 10.421 -6.326
18.956 10.420 -6.333
18.988 10.419 -6.336
19.020 10.418 -6.338
19.052 10.417 -6.337
19.084 10.416 -6.335
19.116 10.415 -6.330
19.148 10.414 -6.323
19.180 10.414 -6.314
19.212 10.414 -6.304
19.244 10.414 -6.291
19.276 10.414 -6.275
19.308 10.415 -6.258
19.340 10.417 -6.239
19.372 10.418 -6.217
19.404 10.421 -6.193
19.437 10.424 -6.166
19.469 10.427 -6.137
19.501 10.431 -6.105
19.533 10.436 -6.071
19.565 10.441 -6.034
19.597 10.448 -5.995
19.628 10.455 -5.958
19.659 10.463 -5.921
19.690 10.472 -5.884
19.721 10.482 -5.848
19.751 10.494 -5.813
19.780 10.506 -5.778
19.809 10.520 -5.743
19.837 10.535 -5.709
19.864 10.552 -5.675
19.891 10.570 -5.642
19.917 10.589 -5.610
19.942 10.609 -5.577
19.967 10.630 -5.545
19.991 10.652 -5.514
20.014 10.675 -5.482
20.036 10.698 -5.451
20.057 10.723 -5.420
20.078 10.748 -5.389
20.098 10.773 -5.358
20.117 10.799 -5.328
20.135 10.826 -5.297
20.153 10.853 -5.268
20.170 10.880 -5.239
20.186 10.908 -5.210
20.201 10.936 -5.182
20.216 10.965 -5.155
20.229 10.994 -5.128
20.243 11.023 -5.101
20.255 11.053 -5.075
20.267 11.082 -5.050
20.279 11.113 -5.025
20.290 11.143 -5.000
20.300 11.174 -4.976
20.309 11.204 -4.952
20.318 11.235 -4.928
20.326 11.267 -4.905
20.334 11.298 -4.882
20.340 11.329 -4.859
20.346 11.361 -4.836
20.351 11.393 -4.813
20.355 11.425 -4.791
20.358 11.456 -4.770
20.360 11.488 -4.751
20.361 11.520 -4.732
20.362 11.552 -4.715
20.361 11.584 -4.699
20.360 11.616 -4.685
20.358 11.648 -4.671
20.356 11.680 -4.659
20.354 11.712 -4.648
20.351 11.744 -4.638
20.348 11.776 -4.630
20.345 11.808 -4.623
20.342 11.840 -4.617
20.339 11.872 -4.612
20.337 11.904 -4.608
20.335 11.936 -4.606
20.332 11.968 -4.605
20.330 12.000 -4.605
20.328 12.032 -4.607
20.326 12.064 -4.609
20.324 12.096 -4.612
20.321 12.128 -4.613
20.319 12.160 -4.613
20.316 12.192 -4.612
20.313 12.224 -4.610
20.309 12.255 -4.606
20.305 12.287 -4.601
20.300 12.319 -4.595
20.296 12.350 -4.587
20.290 12.382 -4.578
20.285 12.414 -4.568
20.279 12.445 -4.557
20.273 12.477 -4.544
20.266 12.508 -4.530
20.260 12.539 -4.515
20.253 12.571 -4.499
20.246 12.602 -4.481
20.238 12.633 -4.462
20.231 12.665 -4.443
20.223 12.696 -4.422
20.215 12.727 -4.400
20.206 12.758 -4.378
20.197 12.788 -4.356
20.188 12.819 -4.332
20.177 12.849 -4.308
20.166 12.880 -4.283
20.155 12.909 -4.258
20.142 12.939 -4.231
20.129 12.968 -4.203
20.114 12.997 -4.174
20.099 13.026 -4.144
20.082 13.054 -4.113
20.065 13.081 -4.080
20.046 13.108 -4.045
20.027 13.134 -4.009
20.006 13.159 -3.971
19.985 13.184 -3.931
19.962 13.207 -3.889
19.939 13.229 -3.846
19.915 13.250 -3.800
19.889 13.269 -3.752
19.863 13.288 -3.705
19.836 13.304 -3.659
19.808 13.320 -3.616
19.779 13.334 -3.575
19.750 13.347 -3.537
19.720 13.359 -3.501
19.690 13.370 -3.468
19.659 13.380 -3.437
19.628 13.390 -3.409
19.596 13.398 -3.382
19.565 13.406 -3.358
19.533 13.413 -3.336
19.501 13.420 -3.316
19.470 13.426 -3.297
19.438 13.432 -3.281
19.406 13.437 -3.267
19.375 13.442 -3.254
19.343 13.446 -3.243
19.311 13.450 -3.233
19.279 13.454 -3.226
19.248 13.457 -3.219
19.216 13.460 -3.212
19.184 13.463 -3.206
19.152 13.465 -3.200
19.120 13.467 -3.194
19.088 13.469 -3.188
19.056 13.470 -3.183
19.024 13.471 -3.178
18.992 13.472 -3.173
18.960 13.473 -3.168
18.928 13.474 -3.164
18.896 13.474 -3.160
18.864 13.475 -3.156
18.832 13.475 -3.152
18.800 13.476 -3.149
18.768 13.476 -3.146
18.736 13.476 -3.143
18.704 13.477 -3.141
18.672 13.477 -3.138
18.639 13.477 -3.137
18.607 13.477 -3.135
18.575 13.477 -3.133
18.543 13.478 -3.132
18.511 13.478 -3.131
18.479 13.477 -3.130
18.447 13.477 -3.129
18.415 13.477 -3.129
18.383 13.476 -3.128
18.351 13.475 -3.128
18.319 13.474 -3.128
18.287 13.473 -3.129
18.255 13.472 -3.129
18.223 13.471 -3.129
18.191 13.470 -3.130
18.159 13.469 -3.131
18.127 13.468 -3.132
18.095 13.467 -3.134
18.063 13.467 -3.135
18.031 13.466 -3.137
17.999 13.466 -3.138
17.967 13.466 -3.141
17.935 13.466 -3.143
17.903 13.467 -3.145
17.871 13.468 -3.147
17.839 13.469 -3.148
17.807 13.470 -3.150
17.775 13.471 -3.151
17.743 13.472 -3.152
17.711 13.473 -3.152
17.679 13.474 -3.153
17.647 13.475 -3.153
17.615 13.476 -3.153
17.583 13.477 -3.152
17.550 13.478 -3.152
17.518 13.478 -3.151
17.486 13.479 -3.149
17.454 13.479 -3.148
17.422 13.479 -3.146
17.390 13.479 -3.144
17.358 13.479 -3.142
17.326 13.478 -3.140
17.294 13.477 -3.137
17.262 13.477 -3.134
17.230 13.476 -3.130
17.198 13.474 -3.125
17.166 13.473 -3.118
17.134 13.471 -3.110
17.102 13.470 -3.100
17.070 13.467 -3.089
17.039 13.465 -3.077
17.007 13.462 -3.062
16.975 13.459 -3.047
16.943 13.456 -3.029
16.911 13.452 -3.011
16.879 13.448 -2.990
16.847 13.444 -2.969
16.815 13.439 -2.946
16.783 13.434 -2.921
16.751 13.429 -2.895
16.719 13.422 -2.868
16.688 13.415 -2.840
16.657 13.407 -2.810
16.626 13.399 -2.780
16.595 13.389 -2.749
16.565 13.378 -2.718
16.535 13.367 -2.687
16.506 13.354 -2.656
16.477 13.339 -2.624
16.449 13.324 -2.591
16.422 13.307 -2.557
16.395 13.290 -2.521
16.369 13.271 -2.485
16.343 13.251 -2.446
16.318 13.230 -2.406
16.294 13.208 -2.365
16.271 13.186 -2.326
16.249 13.162 -2.288
16.227 13.138 -2.253
16.206 13.114 -2.220
16.186 13.088 -2.190
16.167 13.062 -2.162
16.148 13.036 -2.137
16.131 13.009 -2.115
16.114 12.982 -2.095
16.098 12.954 -2.077
16.082 12.926 -2.059
16.067 12.898 -2.041
16.053 12.869 -2.022
16.039 12.840 -2.004
16.025 12.811 -1.986
16.012 12.781 -1.967
16.000 12.752 -1.949
15.988 12.722 -1.930
15.976 12.692 -1.910
15.965 12.662 -1.891
15.955 12.631 -1.871
15.945 12.601 -1.850
15.935 12.570 -1.829
15.927 12.539 -1.808
15.919 12.508 -1.786
15.912 12.477 -1.764
15.905 12.445 -1.741
15.900 12.414 -1.717
15.895 12.382 -1.692
15.891 12.350 -1.668
15.888 12.318 -1.646
15.885 12.286 -1.626
15.883 12.254 -1.608
15.882 12.222 -1.591
15.881 12.190 -1.577
15.880 12.158 -1.565
15.880 12.126 -1.555
15.880 12.094 -1.546
15.880 12.062 -1.540
15.880 12.030 -1.536
15.880 11.998 -1.534
15.881 11.967 -1.534
15.881 11.935 -1.536
15.882 11.903 -1.540
15.882 11.872 -1.546
15.882 11.840 -1.554
15.882 11.808 -1.564
15.882 11.776 -1.576
15.882 11.744 -1.590
15.881 11.711 -1.605
15.881 11.678 -1.623
15.880 11.645 -1.642
15.878 11.612 -1.663
15.876 11.578 -1.687
15.874 11.544 -1.713
15.871 11.511 -1.741
15.867 11.477 -1.772
15.862 11.444 -1.805
15.856 11.411 -1.841
15.849 11.379 -1.880
15.841 11.347 -1.922
15.831 11.316 -1.967
15.820 11.286 -2.015
15.807 11.257 -2.066
15.793 11.229 -2.120
15.776 11.203 -2.177
15.758 11.177 -2.237
15.737 11.153 -2.299
15.715 11.131 -2.362
15.690 11.109 -2.427
15.665 11.089 -2.481
15.638 11.069 -2.515
15.612 11.050 -2.529
15.585 11.031 -2.524
15.558 11.011 -2.499
15.533 10.992 -2.451
15.508 10.971 -2.383
15.486 10.949 -2.299
15.465 10.926 -2.201
15.447 10.902 -2.090
15.432 10.875 -1.972
15.420 10.847 -1.863
15.410 10.818 -1.771
15.402 10.787 -1.695
15.397 10.755 -1.633
15.393 10.723 -1.582
15.392 10.689 -1.541
15.391 10.655 -1.507
15.392 10.621 -1.481
15.395 10.587 -1.461
15.398 10.552 -1.447
15.402 10.518 -1.433
15.407 10.485 -1.411
15.413 10.452 -1.381
15.420 10.419 -1.342
15.427 10.387 -1.295
15.436 10.356 -1.239
15.447 10.325 -1.173
15.458 10.295 -1.097
15.472 10.266 -1.014
15.486 10.239 -0.924
15.503 10.212 -0.840
15.521 10.187 -0.776
15.542 10.162 -0.729
15.564 10.139 -0.699
15.588 10.117 -0.684
15.612 10.096 -0.683
15.638 10.074 -0.698
15.663 10.054 -0.728
15.688 10.033 -0.774
15.713 10.012 -0.838
15.737 9.990 -0.911
15.759 9.967 -0.981
15.779 9.944 -1.048
15.798 9.919 -1.112
15.814 9.893 -1.172
15.827 9.866 -1.228
15.838 9.837 -1.279
15.848 9.807 -1.326
15.855 9.776 -1.368
15.861 9.745 -1.407
15.865 9.712 -1.441
15.868 9.679 -1.472
15.870 9.646 -1.499
15.871 9.612 -1.522
15.871 9.578 -1.543
15.871 9.544 -1.560
15.870 9.511 -1.574
15.870 9.477 -1.585
15.870 9.444 -1.594
15.869 9.411 -1.599
15.869 9.379 -1.602
15.869 9.346 -1.603
15.869 9.314 -1.604
15.869 9.283 -1.604
15.869 9.251 -1.604
15.869 9.219 -1.603
15.870 9.188 -1.602
15.870 9.156 -1.600
15.870 9.124 -1.598
15.870 9.093 -1.596
15.870 9.061 -1.593
15.870 9.029 -1.589
15.870 8.997 -1.586
15.870 8.965 -1.581
15.871 8.933 -1.576
15.871 8.901 -1.571
15.870 8.869 -1.566
15.870 8.837 -1.560
15.870 8.805 -1.553
15.870 8.772 -1.546
15.870 8.740 -1.539
15.870 8.708 -1.533
15.870 8.676 -1.528
15.869 8.644 -1.524
15.869 8.612 -1.522
15.869 8.580 -1.521
15.869 8.548 -1.522
15.869 8.516 -1.524
15.869 8.484 -1.528
15.869 8.452 -1.533
15.869 8.420 -1.539
15.869 8.388 -1.547
15.870 8.356 -1.557
15.870 8.324 -1.568
15.871 8.291 -1.580
15.872 8.259 -1.594
15.872 8.227 -1.610
15.873 8.195 -1.627
15.873 8.163 -1.645
15.873 8.131 -1.666
15.872 8.099 -1.688
15.870 8.067 -1.711
15.868 8.035 -1.736
15.865 8.003 -1.760
15.861 7.971 -1.783
15.856 7.940 -1.806
15.850 7.908 -1.829
15.843 7.877 -1.851
15.835 7.846 -1.873
15.826 7.815 -1.894
15.816 7.784 -1.915
15.805 7.754 -1.935
15.794 7.724 -1.954
15.781 7.694 -1.973
15.768 7.664 -1.992
15.755 7.635 -2.010
15.740 7.606 -2.027
15.725 7.578 -2.044
15.710 7.550 -2.061
15.693 7.522 -2.077
15.677 7.495 -2.092
15.660 7.468 -2.107
15.643 7.441 -2.120
15.625 7.414 -2.131
15.608 7.387 -2.139
15.590 7.361 -2.144
15.572 7.334 -2.147
15.554 7.307 -2.148
15.536 7.280 -2.146
15.519 7.253 -2.142
15.501 7.226 -2.135
15.484 7.199 -2.125
15.467 7.172 -2.113
15.451 7.144 -2.098
15.435 7.116 -2.081
15.420 7.088 -2.060
15.405 7.059 -2.038
15.391 7.030 -2.012
15.378 7.001 -1.983
15.366 6.972 -1.952
15.355 6.942 -1.918
15.345 6.911 -1.881
15.336 6.881 -1.842
15.327 6.850 -1.803
15.320 6.818 -1.766
15.314 6.787 -1.733
15.308 6.755 -1.701
15.303 6.723 -1.673
15.299 6.691 -1.647
15.296 6.659 -1.623
15.293 6.627 -1.602
15.291 6.595 -1.583
15.289 6.563 -1.567
15.289 6.530 -1.552
15.288 6.498 -1.540
15.288 6.466 -1.530
15.289 6.434 -1.522
15.289 6.402 -1.516
15.291 6.370 -1.512
15.292 6.338 -1.510
15.294 6.306 -1.510
15.295 6.274 -1.512
15.297 6.242 -1.517
15.299 6.210 -1.522
15.301 6.178 -1.528
15.303 6.146 -1.533
15.305 6.114 -1.539
15.307 6.082 -1.544
15.308 6.050 -1.549
15.309 6.018 -1.554
15.311 5.986 -1.559
15.311 5.954 -1.564
15.312 5.922 -1.569
15.312 5.890 -1.574
15.311 5.858 -1.578
15.310 5.826 -1.582
15.310 5.826 -1.586
15.311 5.794 -1.590
15.311 5.762 -1.594
15.312 5.730 -1.597
15.311 5.697 -1.601
15.311 5.665 -1.603
15.310 5.633 -1.606
15.308 5.601 -1.609
15.307 5.569 -1.611
15.305 5.537 -1.613
15.304 5.505 -1.614
15.302 5.473 -1.615
15.300 5.441 -1.616
15.298 5.409 -1.616
15.295 5.377 -1.615
15.293 5.345 -1.615
15.291 5.312 -1.614
15.289 5.280 -1.612
15.287 5.248 -1.611
15.286 5.216 -1.609
15.284 5.184 -1.606
15.282 5.152 -1.603
15.281 5.120 -1.600
15.280 5.088 -1.596
15.280 5.056 -1.592
15.280 5.024 -1.588
15.280 4.992 -1.583
15.280 4.960 -1.578
15.280 4.927 -1.572
15.281 4.895 -1.567
15.282 4.863 -1.562
15.283 4.831 -1.557
15.284 4.799 -1.553
15.285 4.767 -1.549
15.286 4.735 -1.546
15.287 4.703 -1.544
15.289 4.671 -1.541
15.290 4.638 -1.540
15.291 4.606 -1.539
15.291 4.574 -1.538
15.292 4.542 -1.538
15.293 4.510 -1.538
15.293 4.478 -1.539
15.294 4.446 -1.541
15.294 4.414 -1.543
15.295 4.381 -1.545
15.295 4.349 -1.548
15.295 4.317 -1.552
15.295 4.285 -1.556
15.295 4.253 -1.560
15.295 4.221 -1.565
15.295 4.189 -1.569
15.295 4.157 -1.573
15.295 4.124 -1.577
15.295 4.092 -1.580
15.294 4.060 -1.582
15.294 4.028 -1.584
15.294 3.996 -1.585
15.293 3.964 -1.586
15.293 3.932 -1.587
15.293 3.900 -1.587
15.292 3.867 -1.589
15.291 3.777 -1.593
15.291 3.756 -1.599
15.291 3.735 -1.601
15.290 3.713 -1.601
15.290 3.692 -1.601
15.290 3.671 -1.599
15.290 3.649 -1.597
15.289 3.628 -1.594
15.289 3.607 -1.591
15.289 3.585 -1.587
15.289 3.564 -1.584
15.288 3.543 -1.581
15.288 3.521 -1.579
15.288 3.500 -1.576
15.288 3.479 -1.573
15.288 3.457 -1.571
15.288 3.436 -1.569
15.288 3.414 -1.566
15.288 3.393 -1.564
15.288 3.372 -1.562
15.287 3.350 -1.560
15.288 3.329 -1.558
15.288 3.308 -1.557
15.288 3.286 -1.555
15.288 3.265 -1.554
15.288 3.244 -1.553
15.288 3.222 -1.551
15.288 3.201 -1.550
15.288 3.180 -1.549
15.289 3.158 -1.548
15.289 3.137 -1.548
15.289 3.116 -1.547
15.290 3.094 -1.546
15.290 3.073 -1.546
15.291 3.052 -1.546
15.291 3.030 -1.546
15.292 3.009 -1.546
15.292 2.988 -1.546
15.293 2.966 -1.546
15.293 2.945 -1.546
15.294 2.924 -1.546
15.294 2.902 -1.547
15.295 2.881 -1.547
15.296 2.860 -1.548
15.296 2.838 -1.549
15.297 2.817 -1.550
15.298 2.796 -1.551
15.298 2.774 -1.552
15.299 2.753 -1.553
15.299 2.732 -1.555
15.300 2.710 -1.556
15.300 2.689 -1.558
15.301 2.668 -1.560
15.301 2.646 -1.562
15.302 2.625 -1.564
15.302 2.604 -1.566
15.302 2.582 -1.568
15.303 2.561 -1.570
15.303 2.540 -1.573
15.303 2.518 -1.575
15.303 2.497 -1.578
15.303 2.475 -1.581
15.303 2.454 -1.584
15.302 2.433 -1.587
15.302 2.411 -1.590
15.302 2.390 -1.594
15.301 2.369 -1.598
15.301 2.347 -1.601
15.300 2.326 -1.605
15.300 2.326 -1.610
15.298 2.305 -1.614
15.297 2.285 -1.617
15.295 2.264 -1.621
15.293 2.243 -1.623
15.292 2.222 -1.625
15.290 2.200 -1.627
15.289 2.179 -1.628
15.288 2.158 -1.629
15.287 2.137 -1.629
15.286 2.115 -1.628
15.285 2.094 -1.626
15.284 2.072 -1.620
15.285 2.104 -1.612
15.284 2.072 -1.604
15.282 2.040 -1.596
15.281 2.007 -1.590
15.281 1.974 -1.585
15.280 1.942 -1.581
15.280 1.909 -1.577
15.279 1.877 -1.573
15.279 1.844 -1.568
15.280 1.812 -1.563
15.280 1.780 -1.558
15.281 1.747 -1.553
15.282 1.715 -1.547
15.283 1.683 -1.540
15.285 1.652 -1.534
15.286 1.620 -1.527
15.288 1.589 -1.520
15.291 1.558 -1.513
15.293 1.527 -1.506
15.296 1.496 -1.499
15.299 1.466 -1.492
15.302 1.435 -1.486
15.305 1.404 -1.479
15.307 1.373 -1.473
15.310 1.341 -1.467
15.313 1.309 -1.461
15.315 1.276 -1.456
15.317 1.243 -1.451
15.319 1.208 -1.446
15.320 1.173 -1.435
15.322 1.137 -1.411
15.324 1.101 -1.370
15.327 1.066 -1.306
15.332 1.034 -1.207
15.340 1.004 -1.062
15.351 0.979 -0.869
15.367 0.959 -0.637
15.387 0.944 -0.396
15.411 0.934 -0.180
15.438 0.928 -0.021
15.469 0.926 0.081
15.502 0.926 0.143
15.536 0.930 0.176
15.573 0.935 0.188
15.610 0.942 0.187
15.648 0.949 0.179
15.686 0.956 0.165
15.723 0.963 0.145
15.759 0.969 0.116
15.794 0.974 0.083
15.828 0.977 0.052
15.861 0.979 0.021
15.893 0.981 -0.008
15.925 0.981 -0.035
15.956 0.981 -0.060
15.987 0.979 -0.083
16.018 0.977 -0.102
16.048 0.974 -0.119
16.079 0.971 -0.132
16.110 0.967 -0.142
16.141 0.963 -0.147
16.173 0.959 -0.145
16.205 0.954 -0.136
16.237 0.950 -0.120
16.270 0.946 -0.096
16.302 0.942 -0.065
16.335 0.939 -0.028
16.367 0.938 0.016
16.399 0.937 0.066
16.431 0.938 0.121
16.463 0.941 0.176
16.494 0.945 0.228
16.524 0.951 0.277
16.555 0.960 0.322
16.584 0.970 0.366
16.613 0.982 0.408
16.642 0.995 0.448
16.671 1.010 0.486
16.699 1.026 0.524
16.726 1.043 0.562
16.754 1.062 0.599
16.781 1.081 0.636
16.808 1.101 0.673
16.835 1.122 0.711
16.861 1.143 0.750
16.887 1.165 0.790
16.913 1.187 0.831
16.937 1.210 0.875
16.961 1.233 0.921
16.983 1.257 0.970
17.005 1.282 1.021
17.024 1.308 1.075
17.041 1.334 1.129
17.057 1.361 1.184
17.070 1.389 1.240
17.080 1.417 1.296
17.088 1.447 1.351
17.094 1.477 1.405
17.097 1.508 1.458
17.099 1.540 1.508
17.099 1.572 1.557
17.097 1.604 1.599
17.095 1.637 1.632
17.092 1.670 1.656
17.089 1.703 1.672
17.085 1.736 1.680
17.082 1.769 1.681
17.080 1.802 1.674
17.078 1.835 1.661
17.076 1.867 1.643
17.075 1.900 1.618
17.075 1.932 1.594
17.075 1.964 1.574
17.077 2.059 1.554
17.077 2.081 1.532
17.078 2.102 1.512
17.079 2.123 1.497
17.079 2.144 1.487
17.080 2.165 1.485
17.080 2.187 1.491
17.081 2.208 1.507
17.081 2.229 1.526
17.081 2.250 1.543
17.081 2.272 1.556
17.081 2.293 1.568
17.081 2.314 1.577
17.081 2.336 1.585
17.081 2.357 1.590
17.081 2.378 1.593
17.081 2.400 1.594
17.081 2.421 1.593
17.081 2.443 1.591
17.081 2.464 1.589
17.080 2.485 1.587
17.080 2.507 1.586
17.080 2.528 1.584
17.080 2.550 1.583
17.080 2.571 1.581
17.080 2.593 1.580
17.080 2.614 1.578
17.080 2.636 1.577
17.080 2.657 1.576
17.080 2.678 1.575
17.080 2.700 1.574
17.080 2.721 1.572
17.080 2.743 1.571
17.080 2.764 1.571
17.080 2.785 1.570
17.080 2.807 1.569
17.080 2.828 1.568
17.080 2.849 1.567
17.080 2.871 1.567
17.080 2.892 1.566
17.080 2.913 1.566
17.080 2.934 1.565
17.080 2.955 1.565
17.080 2.977 1.565
17.080 2.998 1.565
17.080 3.019 1.565
17.080 3.040 1.565
17.080 3.061 1.565
17.080 3.082 1.565
17.080 3.103 1.565
17.080 3.124 1.562
17.080 3.146 1.548
17.080 3.188 1.555
17.080 3.146 1.565
17.080 3.178 1.567
17.080 3.210 1.568
17.080 3.242 1.569
17.080 3.275 1.569
17.080 3.308 1.572
17.080 3.341 1.582
17.080 3.374 1.598
17.079 3.408 1.620
17.078 3.441 1.650
17.077 3.474 1.688
17.074 3.507 1.734
17.070 3.540 1.788
17.065 3.572 1.851
17.057 3.603 1.921
17.048 3.633 2.000
17.037 3.662 2.079
17.024 3.689 2.156
17.008 3.716 2.229
16.989 3.740 2.298
16.969 3.764 2.364
16.946 3.786 2.427
16.921 3.807 2.486
16.895 3.827 2.542
16.868 3.845 2.596
16.839 3.863 2.647
16.810 3.879 2.693
16.780 3.895 2.730
16.750 3.909 2.761
16.719 3.922 2.785
16.689 3.935 2.803
16.658 3.946 2.815
16.628 3.957 2.828
16.597 3.967 2.848
16.567 3.976 2.872
16.536 3.985 2.900
16.506 3.993 2.930
16.475 4.000 2.957
16.444 4.007 2.978
16.413 4.013 2.994
16.381 4.018 3.006
16.349 4.023 3.015
16.317 4.028 3.021
16.285 4.032 3.024
16.252 4.036 3.024
16.219 4.039 3.021
16.185 4.043 3.015
16.151 4.046 3.004
16.118 4.050 2.985
16.084 4.054 2.956
16.052 4.060 2.918
16.019 4.066 2.870
15.988 4.073 2.811
15.958 4.082 2.742
15.928 4.093 2.663
15.901 4.105 2.576
15.874 4.120 2.483
15.850 4.137 2.387
15.827 4.157 2.297
15.806 4.178 2.218
15.787 4.202 2.150
15.769 4.228 2.089
15.753 4.255 2.035
15.739 4.284 1.987
15.726 4.314 1.942
15.714 4.346 1.901
15.703 4.378 1.862
15.694 4.411 1.824
15.686 4.445 1.788
15.679 4.479 1.753
15.673 4.514 1.721
15.668 4.548 1.690
15.664 4.583 1.662
15.661 4.617 1.636
15.658 4.651 1.612
15.657 4.684 1.591
15.655 4.717 1.572
15.655 4.749 1.556
15.655 4.781 1.542
15.655 4.813 1.531
15.655 4.845 1.523
15.656 4.876 1.517
15.657 4.908 1.514
15.658 4.939 1.513
15.659 4.971 1.516
15.660 5.002 1.521
15.661 5.034 1.529
15.661 5.065 1.539
15.661 5.097 1.551
15.662 5.129 1.561
15.662 5.161 1.570
15.662 5.193 1.579
15.661 5.225 1.586
15.661 5.258 1.592
15.661 5.290 1.596
15.661 5.322 1.600
15.660 5.354 1.603
15.660 5.386 1.604
15.660 5.419 1.605
15.659 5.451 1.604
15.659 5.483 1.602
15.659 5.515 1.599
15.659 5.547 1.595
15.659 5.579 1.590
15.659 5.611 1.584
15.659 5.643 1.577
15.659 5.675 1.568
15.659 5.707 1.559
15.660 5.739 1.548
15.660 5.771 1.538
15.661 5.803 1.529
15.661 5.835 1.522
15.662 5.867 1.517
15.663 5.899 1.513
15.664 5.931 1.510
15.665 5.963 1.509
15.665 5.996 1.510
15.666 6.028 1.513
15.667 6.060 1.517
15.668 6.092 1.522
15.669 6.123 1.529
15.670 6.155 1.538
15.671 6.187 1.548
15.672 6.219 1.560
15.673 6.251 1.573
15.673 6.283 1.588
15.674 6.315 1.604
15.674 6.347 1.622
15.674 6.379 1.641
15.674 6.411 1.658
15.673 6.443 1.668
15.672 6.475 1.672
15.671 6.508 1.669
15.669 6.540 1.659
15.667 6.573 1.643
15.665 6.606 1.620
15.663 6.638 1.590
15.662 6.671 1.553
15.661 6.704 1.508
15.660 6.736 1.457
15.661 6.768 1.403
15.662 6.800 1.352
15.666 6.832 1.304
15.670 6.863 1.259
15.677 6.893 1.218
15.685 6.923 1.179
15.696 6.953 1.142
15.708 6.982 1.109
15.722 7.010 1.078
15.737 7.038 1.049
15.754 7.066 1.023
15.771 7.093 1.000
15.790 7.120 0.980
15.809 7.146 0.963
15.829 7.172 0.950
15.850 7.198 0.939
15.870 7.224 0.932
15.891 7.250 0.927
15.912 7.275 0.926
15.932 7.301 0.928
15.952 7.326 0.933
15.972 7.351 0.941
15.992 7.377 0.953
16.011 7.403 0.967
16.029 7.429 0.985
16.047 7.455 1.006
16.064 7.482 1.030
16.080 7.509 1.057
16.095 7.537 1.087
16.109 7.565 1.120
16.123 7.594 1.154
16.135 7.623 1.186
16.146 7.653 1.217
16.157 7.683 1.245
16.166 7.714 1.273
16.175 7.745 1.298
16.183 7.776 1.323
16.191 7.808 1.346
16.198 7.839 1.368
16.204 7.871 1.388
16.210 7.904 1.408
16.215 7.936 1.426
16.219 7.968 1.443
16.224 8.000 1.460
16.227 8.033 1.475
16.231 8.065 1.489
16.234 8.097 1.503
16.237 8.129 1.516
16.240 8.161 1.528
16.243 8.193 1.539
16.245 8.224 1.549
16.248 8.255 1.559
16.250 8.286 1.568
16.250 8.286 1.576
16.248 8.318 1.583
16.246 8.350 1.589
16.245 8.382 1.594
16.244 8.414 1.597
16.242 8.446 1.600
16.242 8.478 1.601
16.241 8.510 1.601
16.240 8.543 1.600
16.240 8.575 1.598
16.240 8.607 1.596
16.240 8.639 1.592
16.240 8.672 1.588
16.240 8.704 1.582
16.241 8.736 1.576
16.241 8.768 1.569
16.242 8.801 1.562
16.243 8.833 1.553
16.244 8.865 1.544
16.245 8.897 1.537
16.246 8.929 1.532
16.247 8.961 1.527
16.248 8.993 1.525
16.249 9.025 1.524
16.250 9.057 1.524
16.252 9.089 1.526
16.253 9.120 1.529
16.254 9.152 1.534
16.255 9.184 1.540
16.256 9.216 1.547
16.256 9.248 1.557
16.256 9.280 1.567
16.256 9.312 1.579
16.255 9.345 1.593
16.253 9.377 1.608
16.251 9.410 1.625
16.248 9.443 1.643
16.245 9.477 1.663
16.241 9.510 1.684
16.237 9.544 1.700
16.233 9.578 1.707
16.229 9.612 1.703
16.226 9.645 1.689
16.223 9.678 1.664
16.221 9.711 1.629
16.220 9.744 1.581
16.220 9.776 1.521
16.222 9.807 1.449
16.226 9.838 1.365
16.232 9.868 1.276
16.239 9.897 1.191
16.250 9.925 1.111
16.262 9.952 1.036
16.277 9.978 0.965
16.295 10.004 0.898
16.314 10.028 0.835
16.335 10.051 0.776
16.358 10.074 0.720
16.383 10.096 0.667
16.408 10.118 0.621
16.436 10.138 0.587
16.464 10.159 0.562
16.493 10.178 0.547
16.522 10.198 0.540
16.553 10.216 0.543
16.583 10.235 0.556
16.613 10.254 0.579
16.642 10.272 0.614
16.671 10.291 0.663
16.698 10.311 0.729
16.723 10.331 0.810
16.747 10.353 0.902
16.767 10.375 1.005
16.785 10.399 1.116
16.800 10.424 1.231
16.812 10.451 1.345
16.819 10.479 1.453
16.823 10.509 1.553
16.824 10.540 1.643
16.821 10.573 1.721
16.815 10.605 1.789
16.807 10.638 1.853
16.796 10.671 1.919
16.783 10.704 1.993
16.768 10.736 2.083
16.752 10.767 2.181
16.733 10.797 2.268
16.714 10.825 2.334
16.693 10.851 2.376
16.671 10.877 2.390
16.649 10.901 2.389
16.626 10.924 2.382
16.603 10.946 2.371
16.579 10.969 2.354
16.556 10.990 2.332
16.534 11.013 2.305
16.512 11.035 2.272
16.491 11.058 2.233
16.471 11.082 2.186
16.452 11.107 2.133
16.435 11.133 2.076
16.419 11.160 2.024
16.404 11.189 1.975
16.390 11.218 1.930
16.378 11.248 1.891
16.367 11.278 1.856
16.356 11.309 1.827
16.347 11.341 1.802
16.338 11.373 1.782
16.331 11.405 1.768
16.324 11.437 1.758
16.318 11.469 1.750
16.312 11.501 1.741
16.307 11.533 1.730
16.303 11.565 1.719
16.299 11.597 1.705
16.295 11.629 1.691
16.292 11.661 1.675
16.290 11.693 1.658
16.287 11.725 1.639
16.285 11.757 1.619
16.283 11.789 1.600
16.281 11.821 1.586
16.279 11.853 1.576
16.277 11.885 1.572
16.275 11.917 1.572
16.274 11.949 1.578
16.272 11.981 1.588
16.270 12.013 1.603
16.269 12.045 1.623
16.267 12.077 1.648
16.265 12.109 1.671
16.264 12.141 1.686
16.262 12.173 1.693
16.261 12.206 1.691
16.259 12.238 1.682
16.257 12.270 1.665
16.256 12.303 1.639
16.255 12.335 1.606
16.255 12.367 1.563
16.255 12.399 1.513
16.257 12.432 1.460
16.259 12.464 1.408
16.262 12.496 1.357
16.266 12.528 1.308
16.272 12.559 1.260
16.279 12.591 1.213
16.287 12.622 1.166
16.298 12.653 1.120
16.310 12.684 1.075
16.323 12.714 1.029
16.338 12.744 0.984
16.354 12.772 0.938
16.372 12.800 0.892
16.392 12.826 0.845
16.412 12.851 0.797
16.434 12.875 0.749
16.458 12.897 0.699
16.482 12.918 0.647
16.508 12.937 0.594
16.536 12.954 0.540
16.564 12.969 0.483
16.593 12.983 0.427
16.623 12.996 0.374
16.654 13.007 0.324
16.685 13.016 0.278
16.717 13.025 0.234
16.749 13.032 0.195
16.781 13.038 0.158
16.813 13.044 0.125
16.846 13.048 0.096
16.878 13.051 0.069
16.910 13.054 0.045
16.942 13.056 0.025
16.974 13.058 0.007
17.007 13.059 -0.009
17.039 13.059 -0.022
17.071 13.059 -0.032
17.103 13.059 -0.039
17.135 13.058 -0.045
17.167 13.057 -0.048
17.199 13.056 -0.048
17.231 13.055 -0.046
17.263 13.054 -0.042
17.295 13.054 -0.039
17.327 13.053 -0.036
17.359 13.052 -0.033
17.391 13.051 -0.030
17.424 13.050 -0.027
17.456 13.049 -0.024
17.488 13.048 -0.021
17.520 13.047 -0.019
17.552 13.047 -0.016
17.584 13.046 -0.013
17.617 13.046 -0.011
17.649 13.045 -0.009
17.681 13.045 -0.007
17.713 13.044 -0.005
17.745 13.044 -0.003
17.777 13.044 -0.001
17.809 13.044 0.001
17.842 13.044 0.002
17.874 13.044 0.004
17.906 13.045 0.005
17.938 13.045 0.006
17.970 13.046 0.007
17.970 13.046 0.008
18.002 13.046 0.009
18.034 13.045 0.009
18.066 13.045 0.010
18.098 13.045 0.010
18.130 13.045 0.010
18.162 13.045 0.010
18.194 13.045 0.010
18.226 13.045 0.010
18.258 13.045 0.009
18.290 13.046 0.009
18.322 13.046 0.008
18.354 13.046 0.008
18.386 13.046 0.007
18.418 13.046 0.006
18.451 13.047 0.005
18.483 13.047 0.003
18.515 13.047 0.002
18.547 13.047 0.001
18.579 13.047 -0.001
18.611 13.047 -0.002
18.643 13.047 -0.002
18.675 13.047 -0.003
18.707 13.046 -0.004
18.738 13.046 -0.004
18.770 13.045 -0.004
18.802 13.045 -0.004
18.834 13.044 -0.004
18.866 13.044 -0.004
18.897 13.044 -0.004
18.929 13.043 -0.003
18.961 13.043 -0.003
18.993 13.043 -0.002
19.025 13.044 -0.001
19.058 13.044 -0.000
19.090 13.045 0.001
19.123 13.047 0.003
19.156 13.048 0.004
19.189 13.050 0.006
19.222 13.052 0.004
19.255 13.053 -0.007
19.287 13.053 -0.026
19.320 13.053 -0.054
19.352 13.052 -0.091
19.384 13.049 -0.137
19.415 13.045 -0.193
19.446 13.039 -0.257
19.476 13.031 -0.331
19.505 13.020 -0.411
19.533 13.008 -0.490
19.561 12.993 -0.561
19.588 12.976 -0.624
19.614 12.958 -0.680
19.640 12.938 -0.730
19.664 12.916 -0.775
19.688 12.893 -0.815
19.711 12.869 -0.851
19.733 12.845 -0.883
19.755 12.819 -0.912
19.775 12.792 -0.940
19.795 12.766 -0.970
19.814 12.738 -1.002
19.832 12.711 -1.037
19.849 12.683 -1.074
19.865 12.654 -1.114
19.879 12.625 -1.156
19.893 12.596 -1.202
19.905 12.567 -1.251
19.916 12.537 -1.303
19.926 12.507 -1.358
19.934 12.476 -1.412
19.940 12.445 -1.461
19.945 12.414 -1.503
19.948 12.383 -1.540
19.951 12.351 -1.570
19.952 12.319 -1.594
19.952 12.287 -1.611
19.951 12.255 -1.623
19.950 12.223 -1.629
19.948 12.190 -1.629
19.946 12.158 -1.625
19.944 12.126 -1.621
19.942 12.093 -1.616
19.940 12.061 -1.610
19.938 12.029 -1.603
19.937 11.996 -1.596
19.936 11.964 -1.588
19.935 11.932 -1.579
19.935 11.900 -1.570
19.935 11.868 -1.560
19.935 11.836 -1.550
19.936 11.804 -1.542
19.936 11.772 -1.536
19.938 11.741 -1.532
19.939 11.709 -1.529
19.940 11.677 -1.528
19.942 11.645 -1.528
19.944 11.613 -1.530
19.946 11.581 -1.533
19.948 11.549 -1.538
19.949 11.517 -1.546
19.950 11.485 -1.559
19.950 11.453 -1.577
19.949 11.421 -1.600
19.948 11.389 -1.629
19.946 11.357 -1.663
19.943 11.325 -1.703
19.938 11.292 -1.749
19.932 11.260 -1.801
19.925 11.228 -1.859
19.916 11.196 -1.924
19.906 11.164 -1.990
19.894 11.134 -2.055
19.881 11.103 -2.117
19.867 11.074 -2.177
19.851 11.046 -2.236
19.833 11.019 -2.294
19.814 10.994 -2.352
19.793 10.970 -2.409
19.771 10.947 -2.467
19.747 10.927 -2.526
19.721 10.908 -2.584
19.694 10.890 -2.640
19.666 10.874 -2.693
19.637 10.860 -2.743
19.607 10.847 -2.790
19.577 10.835 -2.834
19.546 10.825 -2.874
19.514 10.815 -2.911
19.482 10.807 -2.945
19.450 10.800 -2.975
19.418 10.794 -3.002
19.386 10.788 -3.026
19.354 10.784 -3.047
19.322 10.780 -3.066
19.290 10.776 -3.081
19.258 10.774 -3.094
19.226 10.771 -3.105
19.194 10.770 -3.113
19.162 10.768 -3.118
19.130 10.767 -3.121
19.099 10.767 -3.121
19.067 10.766 -3.120
19.035 10.766 -3.119
19.003 10.765 -3.119
18.971 10.765 -3.118
18.939 10.765 -3.118
18.907 10.765 -3.118
18.875 10.765 -3.117
18.843 10.765 -3.117
18.811 10.765 -3.118
18.779 10.765 -3.118
18.747 10.765 -3.118
18.714 10.766 -3.119
18.682 10.766 -3.120
18.650 10.766 -3.121
18.618 10.766 -3.122
18.586 10.767 -3.123
18.554 10.767 -3.124
18.522 10.767 -3.125
18.490 10.767 -3.127
18.458 10.768 -3.129
18.426 10.768 -3.130
18.394 10.767 -3.132
18.362 10.767 -3.134
18.330 10.767 -3.137
18.298 10.766 -3.139
18.266 10.765 -3.141
18.234 10.764 -3.144
18.202 10.763 -3.146
18.170 10.762 -3.149
18.138 10.761 -3.152
18.106 10.760 -3.155
18.074 10.759 -3.158
18.042 10.758 -3.161
18.010 10.757 -3.165
17.978 10.757 -3.168
17.946 10.756 -3.172
17.914 10.756 -3.176
17.882 10.756 -3.180
17.850 10.757 -3.184
17.818 10.758 -3.189
17.786 10.759 -3.193
17.753 10.760 -3.197
17.721 10.762 -3.201
17.689 10.764 -3.203
17.657 10.766 -3.204
17.625 10.768 -3.204
17.594 10.770 -3.203
17.562 10.773 -3.201
17.530 10.776 -3.198
17.499 10.779 -3.194
17.467 10.782 -3.190
17.436 10.785 -3.184
17.405 10.788 -3.177
17.373 10.791 -3.169
17.341 10.793 -3.161
17.310 10.795 -3.151
17.278 10.796 -3.141
17.245 10.797 -3.130
17.213 10.798 -3.118
17.180 10.797 -3.105
17.146 10.796 -3.092
17.113 10.794 -3.078
17.078 10.791 -3.070
17.044 10.788 -3.071
17.010 10.785 -3.083
16.976 10.782 -3.106
16.942 10.780 -3.141
16.909 10.779 -3.189
16.876 10.780 -3.251
16.845 10.782 -3.329
16.814 10.785 -3.426
16.784 10.791 -3.541
16.756 10.800 -3.658
16.729 10.811 -3.759
16.703 10.826 -3.843
16.679 10.844 -3.910
16.657 10.864 -3.960
16.635 10.886 -3.994
16.614 10.910 -4.014
16.593 10.935 -4.020
16.573 10.961 -4.013
16.553 10.988 -3.994
16.532 11.014 -3.966
16.511 11.040 -3.934
16.489 11.066 -3.899
16.466 11.090 -3.859
16.442 11.112 -3.816
16.417 11.133 -3.768
16.390 11.152 -3.716
16.363 11.169 -3.661
16.334 11.185 -3.601
16.305 11.199 -3.537
16.275 11.211 -3.470
16.244 11.221 -3.404
16.212 11.230 -3.341
16.180 11.237 -3.281
16.148 11.242 -3.223
16.115 11.246 -3.167
16.082 11.248 -3.111
16.050 11.248 -3.054
16.017 11.247 -2.997
15.984 11.243 -2.939
15.951 11.239 -2.878
15.919 11.232 -2.816
15.888 11.224 -2.757
15.857 11.214 -2.701
15.827 11.202 -2.649
15.797 11.189 -2.602
15.769 11.174 -2.559
15.741 11.157 -2.521
15.715 11.138 -2.487
15.690 11.118 -2.459
15.666 11.097 -2.436
15.642 11.075 -2.419
15.619 11.052 -2.412
15.596 11.029 -2.413
15.573 11.006 -2.423
15.549 10.984 -2.441
15.526 10.963 -2.470
15.501 10.942 -2.508
15.476 10.923 -2.556
15.450 10.906 -2.616
15.423 10.891 -2.687
15.395 10.878 -2.762
15.365 10.866 -2.829
15.335 10.856 -2.889
15.304 10.848 -2.940
15.273 10.841 -2.983
15.240 10.835 -3.017
15.208 10.830 -3.044
15.175 10.825 -3.062
15.142 10.822 -3.073
15.110 10.819 -3.077
15.077 10.816 -3.073
15.044 10.813 -3.067
15.012 10.810 -3.064
14.980 10.808 -3.063
14.948 10.806 -3.064
14.916 10.804 -3.068
14.884 10.802 -3.075
14.852 10.800 -3.084
14.820 10.799 -3.095
14.788 10.798 -3.110
14.757 10.797 -3.127
14.725 10.796 -3.144
14.693 10.796 -3.157
14.661 10.796 -3.167
14.629 10.796 -3.173
14.598 10.796 -3.175
14.566 10.796 -3.174
14.534 10.797 -3.169
14.501 10.797 -3.159
14.469 10.797 -3.147
14.437 10.797 -3.130
14.405 10.797 -3.109
14.373 10.797 -3.090
14.341 10.797 -3.076
14.309 10.796 -3.067
14.277 10.794 -3.064
14.245 10.793 -3.066
14.213 10.791 -3.073
14.181 10.790 -3.085
14.149 10.788 -3.102
14.117 10.787 -3.124
14.085 10.786 -3.150
14.053 10.785 -3.176
14.021 10.784 -3.199
13.989 10.785 -3.220
13.957 10.785 -3.240
13.925 10.787 -3.260
13.893 10.789 -3.282
13.861 10.792 -3.298
13.829 10.795 -3.292
13.797 10.799 -3.269
13.766 10.803 -3.243
13.790 10.799 -3.222
13.748 10.805 -3.204
13.706 10.810 -3.189
13.663 10.815 -3.178
13.621 10.820 -3.168
13.579 10.824 -3.160
13.536 10.828 -3.154
13.494 10.830 -3.149
13.451 10.831 -3.146
13.409 10.832 -3.144
13.366 10.832 -3.143
13.323 10.831 -3.142
13.281 10.830 -3.142
13.238 10.828 -3.143
13.195 10.827 -3.144
13.153 10.825 -3.145
13.110 10.823 -3.146
13.068 10.821 -3.148
13.025 10.819 -3.150
12.982 10.817 -3.152
12.940 10.816 -3.155
12.897 10.815 -3.158
12.855 10.815 -3.161
12.812 10.816 -3.165
12.770 10.817 -3.169
12.727 10.819 -3.173
12.685 10.821 -3.178
12.642 10.825 -3.183
12.600 10.828 -3.188
12.557 10.832 -3.194
12.515 10.836 -3.200
12.472 10.841 -3.206
12.430 10.845 -3.213
12.388 10.849 -3.220
12.345 10.854 -3.228
12.303 10.858 -3.236
12.261 10.862 -3.244
12.218 10.867 -3.252
12.176 10.871 -3.261
12.134 10.876 -3.271
12.091 10.880 -3.281
12.049 10.885 -3.291
12.006 10.890 -3.301
11.964 10.895 -3.312
11.922 10.900 -3.323
11.879 10.906 -3.335
11.837 10.912 -3.347
11.795 10.919 -3.359
11.753 10.926 -3.372
11.711 10.934 -3.385
11.670 10.944 -3.398
11.629 10.954 -3.411
11.588 10.965 -3.425
11.547 10.977 -3.438
11.506 10.990 -3.451
11.466 11.004 -3.464
11.426 11.018 -3.476
11.386 11.033 -3.487
11.346 11.048 -3.499
11.306 11.064 -3.510
11.266 11.079 -3.520
11.227 11.095 -3.530
11.187 11.111 -3.540
11.148 11.128 -3.550
11.109 11.144 -3.559
11.070 11.161 -3.568
11.031 11.179 -3.576
10.992 11.196 -3.584
10.954 11.214 -3.592
10.915 11.233 -3.600
10.877 11.252 -3.607
10.839 11.271 -3.614
10.801 11.291 -3.620
10.764 11.310 -3.626
10.726 11.331 -3.632
10.689 11.351 -3.637
10.652 11.372 -3.641
10.615 11.393 -3.645
10.578 11.415 -3.649
10.541 11.436 -3.652
10.504 11.458 -3.654
10.468 11.480 -3.656
10.431 11.501 -3.658
10.394 11.523 -3.659
10.357 11.544 -3.659
10.320 11.564 -3.659
10.282 11.585 -3.659
10.245 11.604 -3.658
10.207 11.624 -3.656
10.169 11.643 -3.654
10.131 11.662 -3.652
10.092 11.680 -3.649
10.054 11.699 -3.645
10.016 11.718 -3.641
9.978 11.737 -3.637
9.940 11.756 -3.632
9.902 11.776 -3.626
9.864 11.796 -3.620
9.827 11.816 -3.613
9.789 11.836 -3.606
9.752 11.856 -3.599
9.714 11.877 -3.590
9.677 11.897 -3.582
9.639 11.916 -3.573
9.601 11.936 -3.563
9.563 11.954 -3.553
9.524 11.973 -3.542
9.486 11.990 -3.531
9.447 12.008 -3.519
9.408 12.025 -3.507
9.368 12.041 -3.494
9.329 12.057 -3.480
9.289 12.072 -3.467
9.249 12.087 -3.453
9.208 12.101 -3.439
9.168 12.114 -3.426
9.127 12.127 -3.413
9.086 12.139 -3.400
9.045 12.151 -3.387
9.004 12.161 -3.375
8.962 12.170 -3.363
8.920 12.179 -3.351
8.879 12.186 -3.339
8.836 12.192 -3.328
8.794 12.198 -3.317
8.752 12.202 -3.306
8.710 12.206 -3.295
8.667 12.210 -3.284
8.625 12.214 -3.274
8.582 12.217 -3.264
8.540 12.222 -3.254
8.497 12.226 -3.245
8.455 12.232 -3.235
8.413 12.238 -3.226
8.371 12.244 -3.217
8.328 12.251 -3.209
8.286 12.257 -3.201
8.244 12.263 -3.194
8.202 12.269 -3.187
8.160 12.273 -3.181
8.117 12.277 -3.176
8.075 12.280 -3.171
8.032 12.281 -3.166
7.990 12.282 -3.162
7.947 12.282 -3.159
7.905 12.281 -3.156
7.862 12.280 -3.153
7.819 12.279 -3.152
7.777 12.277 -3.150
7.734 12.276 -3.150
7.692 12.274 -3.149
7.649 12.273 -3.150
7.607 12.272 -3.151
7.564 12.271 -3.152
7.522 12.271 -3.153
7.479 12.272 -3.154
7.436 12.273 -3.155
7.394 12.274 -3.155
7.351 12.277 -3.154
7.308 12.280 -3.153
7.265 12.283 -3.152
7.221 12.286 -3.150
7.178 12.289 -3.148
7.136 12.290 -3.145
7.093 12.289 -3.141
7.051 12.287 -3.098
7.009 12.282 -2.985
6.968 12.273 -2.828
6.927 12.262 -2.725
6.887 12.248 -2.719
6.796 12.215 -2.773
6.766 12.204 -2.846
6.735 12.195 -2.932
6.704 12.187 -3.011
6.673 12.181 -3.067
6.642 12.177 -3.106
6.610 12.174 -3.139
6.578 12.172 -3.166
6.546 12.172 -3.187
6.514 12.173 -3.202
6.482 12.174 -3.212
6.450 12.176 -3.215
6.417 12.179 -3.213
6.385 12.181 -3.205
6.352 12.184 -3.191
6.320 12.186 -3.176
6.288 12.188 -3.162
6.256 12.189 -3.150
6.223 12.190 -3.139
6.191 12.190 -3.131
6.159 12.191 -3.124
6.127 12.190 -3.120
6.095 12.190 -3.117
6.064 12.189 -3.115
6.032 12.189 -3.116
6.000 12.188 -3.117
5.968 12.187 -3.119
5.936 12.186 -3.120
5.904 12.185 -3.121
5.872 12.184 -3.123
5.840 12.183 -3.124
5.808 12.182 -3.125
5.776 12.181 -3.126
5.744 12.180 -3.128
5.712 12.179 -3.129
5.680 12.178 -3.130
5.648 12.177 -3.131
5.616 12.177 -3.132
5.584 12.176 -3.133
5.552 12.176 -3.134
5.520 12.176 -3.135
5.488 12.175 -3.136
5.456 12.175 -3.137
5.424 12.175 -3.138
5.392 12.175 -3.139
5.360 12.176 -3.139
5.328 12.176 -3.140
5.296 12.176 -3.141
5.264 12.176 -3.142
5.232 12.176 -3.142
5.199 12.176 -3.143
5.167 12.176 -3.144
5.135 12.176 -3.144
5.103 12.176 -3.145
5.071 12.176 -3.145
5.039 12.175 -3.146
5.007 12.175 -3.146
4.975 12.175 -3.147
4.943 12.175 -3.147
4.911 12.175 -3.148
4.879 12.175 -3.148
4.847 12.175 -3.148
4.815 12.176 -3.149
4.783 12.176 -3.149
4.751 12.177 -3.149
4.719 12.178 -3.149
4.687 12.179 -3.150
4.655 12.180 -3.150
4.623 12.181 -3.150
4.591 12.182 -3.150
4.559 12.183 -3.150
4.527 12.184 -3.150
4.495 12.184 -3.150
4.463 12.185 -3.150
4.431 12.186 -3.150
4.399 12.186 -3.150
4.367 12.187 -3.150
4.335 12.187 -3.149
4.303 12.187 -3.149
4.271 12.187 -3.149
4.239 12.187 -3.149
4.207 12.187 -3.148
4.175 12.187 -3.148
4.143 12.186 -3.148
4.111 12.186 -3.147
4.079 12.186 -3.147
4.047 12.186 -3.147
4.015 12.186 -3.146
3.983 12.186 -3.146
3.951 12.186 -3.145
3.919 12.186 -3.144
3.887 12.187 -3.144
3.855 12.187 -3.143
3.823 12.187 -3.143
3.791 12.187 -3.142
3.759 12.187 -3.141
3.727 12.187 -3.140
3.695 12.186 -3.140
3.663 12.186 -3.139
3.631 12.186 -3.138
3.599 12.185 -3.137
3.567 12.184 -3.136
3.535 12.183 -3.135
3.503 12.182 -3.134
3.471 12.181 -3.133
3.439 12.180 -3.132
3.407 12.179 -3.131
3.375 12.178 -3.130
3.343 12.178 -3.129
3.311 12.177 -3.129
3.278 12.176 -3.128
3.246 12.176 -3.127
3.214 12.175 -3.127
3.182 12.175 -3.126
3.150 12.175 -3.126
3.118 12.175 -3.126
3.086 12.175 -3.126
3.054 12.175 -3.125
3.022 12.175 -3.125
2.990 12.175 -3.126
2.958 12.175 -3.126
2.926 12.176 -3.126
2.894 12.176 -3.126
2.862 12.176 -3.127
2.830 12.177 -3.128
2.798 12.177 -3.128
2.766 12.177 -3.129
2.734 12.177 -3.130
2.702 12.177 -3.131
2.670 12.177 -3.132
2.638 12.177 -3.133
2.606 12.177 -3.135
2.574 12.177 -3.136
2.542 12.176 -3.138
2.510 12.176 -3.140
2.510 12.176 -3.142
2.478 12.175 -3.144
2.446 12.174 -3.146
2.414 12.174 -3.148
2.382 12.173 -3.150
2.350 12.173 -3.152
2.318 12.173 -3.154
2.285 12.173 -3.157
2.253 12.174 -3.159
2.221 12.174 -3.162
2.189 12.175 -3.165
2.157 12.175 -3.167
2.125 12.176 -3.170
2.093 12.177 -3.173
2.061 12.178 -3.176
2.029 12.179 -3.177
1.997 12.180 -3.178
1.965 12.181 -3.178
1.933 12.182 -3.177
1.901 12.183 -3.175
1.869 12.183 -3.173
1.837 12.184 -3.169
1.805 12.185 -3.165
1.772 12.186 -3.159
1.740 12.186 -3.153
1.708 12.187 -3.146
1.676 12.187 -3.138
1.644 12.187 -3.130
1.612 12.187 -3.120
1.580 12.186 -3.110
1.548 12.186 -3.098
1.516 12.185 -3.086
1.484 12.184 -3.073
1.452 12.182 -3.059
1.420 12.180 -3.044
1.388 12.178 -3.028
1.356 12.175 -3.011
1.324 12.171 -2.994
1.292 12.167 -2.975
1.260 12.163 -2.955
1.228 12.158 -2.934
1.196 12.152 -2.912
1.165 12.145 -2.889
1.134 12.138 -2.864
1.103 12.130 -2.839
1.072 12.121 -2.812
1.041 12.111 -2.784
1.011 12.100 -2.754
0.981 12.088 -2.724
0.951 12.075 -2.692
0.922 12.061 -2.658
0.893 12.046 -2.624
0.865 12.030 -2.588
0.837 12.014 -2.552
0.810 11.996 -2.514
0.784 11.977 -2.476
0.758 11.957 -2.440
0.733 11.937 -2.405
0.709 11.915 -2.370
0.686 11.893 -2.337
0.664 11.869 -2.305
0.643 11.845 -2.274
0.623 11.820 -2.244
0.604 11.795 -2.214
0.586 11.769 -2.185
0.568 11.742 -2.157
0.551 11.714 -2.129
0.534 11.687 -2.102
0.519 11.659 -2.075
0.503 11.630 -2.049
0.488 11.601 -2.023
0.473 11.572 -1.997
0.459 11.543 -1.971
0.445 11.514 -1.945
0.431 11.485 -1.919
0.418 11.455 -1.893
0.405 11.425 -1.868
0.393 11.395 -1.843
0.382 11.365 -1.818
0.371 11.335 -1.794
0.362 11.305 -1.771
0.353 11.274 -1.749
0.346 11.243 -1.728
0.339 11.212 -1.707
0.334 11.180 -1.688
0.330 11.149 -1.669
0.327 11.117 -1.651
0.324 11.085 -1.634
0.323 11.053 -1.618
0.323 11.020 -1.603
0.323 10.988 -1.589
0.323 10.956 -1.576
0.325 10.924 -1.563
0.326 10.891 -1.552
0.328 10.859 -1.541
0.331 10.827 -1.532
0.333 10.795 -1.523
0.336 10.763 -1.515
0.339 10.731 -1.508
0.341 10.699 -1.502
0.344 10.667 -1.497
0.347 10.635 -1.493
0.349 10.603 -1.490
0.352 10.571 -1.488
0.354 10.539 -1.486
0.356 10.507 -1.486
0.358 10.475 -1.486
0.360 10.443 -1.488
0.362 10.412 -1.490
0.363 10.380 -1.493
0.365 10.348 -1.497
0.366 10.316 -1.502
0.367 10.284 -1.508
0.368 10.252 -1.515
0.369 10.220 -1.523
0.370 10.187 -1.532
0.370 10.155 -1.541
0.371 10.123 -1.551
0.371 10.091 -1.560
0.371 10.059 -1.568
0.372 10.027 -1.576
0.372 9.995 -1.583
0.372 9.963 -1.589
0.372 9.931 -1.595
0.371 9.899 -1.600
0.371 9.867 -1.605
0.371 9.835 -1.609
0.370 9.802 -1.612
0.370 9.770 -1.614
0.369 9.738 -1.616
0.369 9.706 -1.617
0.368 9.674 -1.618
0.367 9.642 -1.618
0.367 9.610 -1.617
0.366 9.577 -1.616
0.365 9.545 -1.614
0.364 9.513 -1.611
0.363 9.481 -1.608
0.362 9.449 -1.605
0.361 9.417 -1.603
0.360 9.385 -1.600
0.359 9.353 -1.598
0.358 9.320 -1.595
0.357 9.288 -1.593
0.356 9.256 -1.591
0.355 9.224 -1.589
0.354 9.192 -1.587
0.352 9.160 -1.586
0.351 9.128 -1.584
0.350 9.096 -1.583
0.349 9.064 -1.582
0.348 9.031 -1.581
0.347 8.999 -1.580
0.346 8.967 -1.579
0.345 8.935 -1.578
0.344 8.903 -1.577
0.344 8.871 -1.577
0.343 8.839 -1.576
0.342 8.807 -1.576
0.341 8.775 -1.576
0.341 8.743 -1.576
0.340 8.711 -1.576
0.340 8.679 -1.576
0.339 8.647 -1.577
0.339 8.615 -1.577
0.339 8.583 -1.578
0.338 8.551 -1.579
0.338 8.519 -1.580
0.338 8.486 -1.581
0.338 8.454 -1.582
0.339 8.422 -1.584
0.339 8.390 -1.585
0.339 8.358 -1.587
0.340 8.326 -1.588
0.340 8.326 -1.590
0.342 8.292 -1.593
0.343 8.259 -1.595
0.344 8.226 -1.597
0.345 8.193 -1.599
0.345 8.161 -1.600
0.345 8.129 -1.600
0.345 8.097 -1.599
0.344 8.066 -1.597
0.343 8.035 -1.594
0.342 8.004 -1.590
0.341 7.973 -1.585
0.340 7.942 -1.579
0.339 7.911 -1.572
0.338 7.880 -1.565
0.337 7.849 -1.556
0.336 7.818 -1.547
0.336 7.786 -1.537
0.336 7.755 -1.526
0.336 7.723 -1.515
0.337 7.691 -1.503
0.338 7.659 -1.490
0.339 7.627 -1.477
0.342 7.594 -1.464
0.344 7.560 -1.450
0.348 7.526 -1.436
0.352 7.492 -1.421
0.357 7.457 -1.406
0.362 7.422 -1.391
0.368 7.386 -1.375
0.376 7.351 -1.359
0.383 7.314 -1.342
0.392 7.278 -1.324
0.401 7.242 -1.306
0.411 7.206 -1.286
0.422 7.170 -1.266
0.433 7.134 -1.245
0.445 7.099 -1.222
0.458 7.063 -1.199
0.472 7.029 -1.174
0.486 6.995 -1.147
0.501 6.961 -1.119
0.517 6.928 -1.090
0.533 6.896 -1.058
0.551 6.865 -1.025
0.569 6.834 -0.990
0.587 6.805 -0.953
0.606 6.776 -0.914
0.626 6.749 -0.872
0.647 6.723 -0.827
0.669 6.699 -0.779
0.691 6.675 -0.726
0.714 6.654 -0.670
0.737 6.633 -0.609
0.761 6.615 -0.544
0.786 6.598 -0.473
0.812 6.583 -0.400
0.838 6.569 -0.330
0.865 6.558 -0.262
0.893 6.549 -0.198
0.921 6.541 -0.138
0.950 6.536 -0.082
0.980 6.534 -0.030
1.011 6.533 0.017
1.042 6.534 0.059
1.073 6.536 0.097
1.105 6.540 0.128
1.137 6.544 0.149
1.170 6.549 0.161
1.202 6.554 0.164
1.235 6.559 0.157
1.268 6.564 0.142
1.300 6.567 0.118
1.333 6.569 0.086
1.366 6.571 0.044
1.398 6.572 -0.006
1.430 6.571 -0.055
1.462 6.571 -0.094
1.494 6.569 -0.122
1.526 6.568 -0.139
1.558 6.565 -0.147
1.590 6.563 -0.144
1.621 6.560 -0.131
1.653 6.557 -0.108
1.684 6.555 -0.074
1.716 6.552 -0.030
1.747 6.550 0.017
1.779 6.548 0.054
1.810 6.546 0.083
1.842 6.545 0.102
1.875 6.545 0.113
1.908 6.545 0.114
1.941 6.547 0.106
1.975 6.549 0.089
2.010 6.551 0.063
2.045 6.554 0.027
2.079 6.557 -0.018
2.113 6.559 -0.069
2.147 6.561 -0.122
2.180 6.561 -0.179
2.212 6.560 -0.241
2.243 6.556 -0.308
2.272 6.551 -0.382
2.300 6.543 -0.463
2.326 6.533 -0.552
2.350 6.519 -0.649
2.372 6.502 -0.756
2.391 6.482 -0.862
2.409 6.460 -0.961
2.425 6.435 -1.051
2.440 6.408 -1.132
2.453 6.379 -1.203
2.464 6.348 -1.265
2.474 6.316 -1.320
2.483 6.282 -1.367
2.491 6.248 -1.408
2.497 6.212 -1.443
2.503 6.176 -1.474
2.507 6.140 -1.500
2.511 6.103 -1.521
2.514 6.066 -1.539
2.517 6.029 -1.554
2.519 5.993 -1.565
2.520 5.958 -1.573
2.521 5.923 -1.578
2.522 5.889 -1.579
2.522 5.856 -1.578
2.523 5.823 -1.575
2.523 5.791 -1.572
2.522 5.759 -1.569
2.522 5.728 -1.567
2.522 5.697 -1.565
2.521 5.666 -1.563
2.521 5.635 -1.561
2.520 5.604 -1.560
2.520 5.573 -1.559
2.520 5.542 -1.559
2.519 5.510 -1.559
2.519 5.479 -1.559
2.519 5.447 -1.560
2.519 5.415 -1.561
2.518 5.382 -1.562
2.518 5.350 -1.564
2.519 5.318 -1.567
2.519 5.286 -1.569
2.519 5.253 -1.572
2.520 5.221 -1.575
2.520 5.188 -1.579
2.521 5.156 -1.582
2.521 5.124 -1.585
2.522 5.091 -1.586
2.523 5.059 -1.587
2.523 5.027 -1.587
2.524 4.995 -1.587
2.524 4.963 -1.585
2.524 4.931 -1.584
2.523 4.899 -1.581
2.522 4.867 -1.578
2.521 4.836 -1.574
2.519 4.804 -1.570
2.517 4.773 -1.568
2.515 4.741 -1.567
2.513 4.709 -1.567
2.511 4.677 -1.568
2.510 4.644 -1.571
2.510 4.611 -1.574
2.511 4.577 -1.579
2.513 4.543 -1.586
2.515 4.508 -1.594
2.516 4.474 -1.608
2.518 4.440 -1.631
2.518 4.406 -1.666
2.517 4.374 -1.712
2.515 4.342 -1.771
2.511 4.312 -1.843
2.505 4.283 -1.928
2.496 4.256 -2.025
2.485 4.230 -2.132
2.470 4.207 -2.245
2.453 4.186 -2.358
2.433 4.167 -2.462
2.410 4.149 -2.551
2.385 4.133 -2.628
2.358 4.119 -2.696
2.329 4.107 -2.755
2.298 4.095 -2.808
2.266 4.086 -2.856
2.233 4.077 -2.900
2.198 4.070 -2.942
2.162 4.064 -2.981
2.125 4.059 -3.017
2.088 4.055 -3.049
2.050 4.052 -3.077
2.012 4.049 -3.103
1.973 4.047 -3.126
1.935 4.046 -3.147
1.897 4.045 -3.166
1.860 4.045 -3.184
1.823 4.045 -3.200
1.787 4.045 -3.216
1.752 4.046 -3.229
1.718 4.046 -3.239
1.686 4.047 -3.245
1.655 4.047 -3.246
1.625 4.047 -3.242
1.598 4.047 -3.232
1.573 4.047 -3.217
1.550 4.046 -3.196
1.550 4.046 -3.172
1.521 4.049 -3.146
1.491 4.051 -3.119
1.459 4.053 -3.095
1.427 4.053 -3.072
1.395 4.053 -3.051
1.361 4.051 -3.031
1.327 4.049 -3.011
1.293 4.046 -2.992
1.258 4.043 -2.974
1.223 4.038 -2.956
1.187 4.032 -2.938
1.151 4.026 -2.920
1.115 4.019 -2.901
1.079 4.011 -2.883
1.043 4.003 -2.864
1.007 3.993 -2.845
0.971 3.983 -2.825
0.936 3.972 -2.804
0.900 3.960 -2.782
0.865 3.947 -2.759
0.831 3.934 -2.735
0.797 3.919 -2.710
0.763 3.904 -2.683
0.730 3.889 -2.655
0.698 3.872 -2.625
0.667 3.855 -2.594
0.637 3.837 -2.561
0.607 3.818 -2.526
0.579 3.798 -2.488
0.552 3.778 -2.448
0.526 3.757 -2.406
0.501 3.735 -2.360
0.477 3.713 -2.312
0.455 3.690 -2.260
0.435 3.666 -2.206
0.416 3.641 -2.148
0.398 3.616 -2.087
0.383 3.590 -2.022
0.369 3.563 -1.955
0.357 3.536 -1.886
0.346 3.508 -1.814
0.338 3.479 -1.741
0.332 3.450 -1.673
0.328 3.419 -1.615
0.326 3.389 -1.566
0.326 3.357 -1.528
0.327 3.326 -1.499
0.329 3.294 -1.478
0.333 3.261 -1.465
0.336 3.228 -1.460
0.340 3.196 -1.463
0.344 3.163 -1.472
0.348 3.130 -1.489
0.351 3.097 -1.509
0.353 3.065 -1.526
0.354 3.032 -1.541
0.355 3.000 -1.554
0.356 2.968 -1.565
0.355 2.936 -1.574
0.355 2.903 -1.581
0.354 2.871 -1.586
0.353 2.839 -1.589
0.352 2.807 -1.589
0.351 2.776 -1.589
0.350 2.744 -1.589
0.350 2.712 -1.588
0.349 2.679 -1.588
0.349 2.647 -1.588
0.349 2.615 -1.588
0.349 2.583 -1.587
0.349 2.551 -1.587
0.350 2.519 -1.587
0.350 2.487 -1.587
0.350 2.454 -1.587
0.350 2.422 -1.587
0.350 2.390 -1.587
0.350 2.358 -1.586
0.350 2.326 -1.586
0.349 2.293 -1.586
0.349 2.261 -1.586
0.348 2.229 -1.586
0.347 2.197 -1.586
0.346 2.165 -1.587
0.345 2.133 -1.586
0.344 2.100 -1.586
0.343 2.068 -1.585
0.342 2.036 -1.584
0.341 2.004 -1.583
0.340 1.972 -1.581
0.339 1.940 -1.578
0.338 1.908 -1.576
0.338 1.876 -1.572
0.337 1.843 -1.569
0.337 1.811 -1.564
0.336 1.779 -1.559
0.336 1.747 -1.553
0.337 1.715 -1.547
0.337 1.683 -1.540
0.338 1.650 -1.533
0.339 1.618 -1.525
0.340 1.586 -1.517
0.340 1.586 -1.509
0.344 1.556 -1.502
0.349 1.525 -1.494
0.353 1.494 -1.486
0.356 1.462 -1.476
0.360 1.430 -1.466
0.364 1.398 -1.454
0.368 1.366 -1.441
0.372 1.334 -1.427
0.377 1.301 -1.411
0.381 1.269 -1.394
0.387 1.236 -1.376
0.392 1.204 -1.356
0.398 1.172 -1.334
0.405 1.140 -1.311
0.412 1.108 -1.286
0.420 1.077 -1.259
0.429 1.046 -1.230
0.439 1.015 -1.198
0.449 0.985 -1.165
0.461 0.955 -1.129
0.474 0.925 -1.090
0.488 0.897 -1.049
0.503 0.869 -1.007
0.519 0.841 -0.966
0.537 0.815 -0.926
0.555 0.789 -0.887
0.575 0.763 -0.849
0.596 0.739 -0.812
0.618 0.715 -0.777
0.641 0.692 -0.743
0.665 0.670 -0.710
0.689 0.648 -0.679
0.714 0.628 -0.648
0.740 0.608 -0.619
0.766 0.589 -0.591
0.793 0.570 -0.564
0.820 0.553 -0.538
0.848 0.536 -0.514
0.875 0.520 -0.490
0.904 0.504 -0.467
0.932 0.489 -0.445
0.961 0.475 -0.424
0.990 0.462 -0.404
1.020 0.450 -0.384
1.050 0.438 -0.362
1.080 0.426 -0.339
1.111 0.416 -0.315
1.141 0.406 -0.289
1.172 0.397 -0.262
1.203 0.388 -0.233
1.235 0.380 -0.203
1.266 0.373 -0.172
1.298 0.367 -0.138
1.329 0.361 -0.106
1.361 0.356 -0.076
1.393 0.352 -0.048
1.425 0.349 -0.024
1.457 0.347 -0.002
1.489 0.346 0.018
1.521 0.345 0.035
1.553 0.346 0.049
1.585 0.347 0.060
1.617 0.349 0.069
1.649 0.351 0.076
1.681 0.354 0.083
1.713 0.358 0.089
1.745 0.361 0.093
1.777 0.365 0.097
1.809 0.369 0.100
1.841 0.373 0.103
1.873 0.378 0.104
1.905 0.382 0.105
1.937 0.386 0.105
1.969 0.389 0.104
2.001 0.393 0.102
2.033 0.396 0.100
2.065 0.399 0.096
2.097 0.401 0.092
2.129 0.404 0.087
2.161 0.406 0.081
2.193 0.408 0.074
2.225 0.410 0.066
2.257 0.411 0.058
2.289 0.413 0.049
2.321 0.414 0.039
2.353 0.415 0.030
2.385 0.416 0.022
2.417 0.416 0.014
2.449 0.417 0.006
2.481 0.417 -0.000
2.514 0.417 -0.007
2.546 0.417 -0.013
2.578 0.417 -0.018
2.610 0.417 -0.023
2.642 0.417 -0.027
2.674 0.416 -0.031
2.706 0.415 -0.034
2.738 0.415 -0.037
2.770 0.414 -0.039
2.803 0.413 -0.041
2.835 0.412 -0.042
2.867 0.411 -0.043
2.899 0.410 -0.043
2.931 0.409 -0.043
2.963 0.407 -0.042
2.995 0.406 -0.042
3.027 0.405 -0.041
3.060 0.403 -0.041
3.092 0.402 -0.040
3.124 0.401 -0.039
3.156 0.399 -0.039
3.188 0.398 -0.038
3.220 0.396 -0.038
3.252 0.395 -0.037
3.284 0.393 -0.036
3.317 0.392 -0.036
3.349 0.390 -0.035
3.381 0.389 -0.034
3.413 0.388 -0.033
3.445 0.386 -0.033
3.477 0.385 -0.032
3.509 0.384 -0.031
3.541 0.383 -0.030
3.573 0.381 -0.029
3.606 0.380 -0.028
3.638 0.380 -0.027
3.670 0.379 -0.026
3.702 0.378 -0.025
3.734 0.377 -0.024
3.766 0.377 -0.022
3.798 0.376 -0.021
3.830 0.376 -0.020
3.830 0.376 -0.018
3.862 0.376 -0.017
3.894 0.376 -0.015
3.926 0.376 -0.013
3.958 0.376 -0.012
3.990 0.376 -0.010
4.022 0.376 -0.009
4.054 0.376 -0.007
4.086 0.376 -0.005
4.118 0.376 -0.004
4.150 0.376 -0.002
4.182 0.376 -0.000
4.214 0.376 0.001
4.246 0.376 0.003
4.278 0.376 0.005
4.310 0.376 0.006
4.342 0.376 0.007
4.374 0.376 0.008
4.406 0.376 0.009
4.438 0.376 0.010
4.470 0.376 0.011
4.502 0.376 0.012
4.534 0.376 0.012
4.566 0.376 0.012
4.598 0.376 0.013
4.630 0.376 0.013
4.662 0.376 0.013
4.694 0.376 0.013
4.726 0.376 0.012
4.758 0.376 0.012
4.790 0.376 0.011
4.822 0.376 0.011
4.854 0.376 0.010
4.886 0.376 0.009
4.918 0.376 0.008
4.950 0.376 0.007
4.982 0.376 0.006
5.014 0.376 0.004
5.046 0.376 0.003
5.078 0.376 0.001
5.110 0.376 -0.001
5.142 0.376 -0.003
5.174 0.376 -0.005
5.206 0.376 -0.007
5.239 0.376 -0.009
5.271 0.376 -0.012
5.303 0.376 -0.015
5.335 0.376 -0.017
5.367 0.376 -0.020
5.399 0.376 -0.023
5.431 0.377 -0.026
5.463 0.377 -0.030
5.495 0.377 -0.033
5.527 0.378 -0.037
5.559 0.378 -0.041
5.591 0.378 -0.043
5.623 0.377 -0.043
5.655 0.377 -0.041
5.687 0.377 -0.036
5.719 0.376 -0.028
5.751 0.375 -0.018
5.783 0.374 -0.006
5.815 0.373 0.009
5.847 0.372 0.025
5.879 0.372 0.043
5.911 0.372 0.063
5.943 0.372 0.084
5.975 0.373 0.108
6.007 0.375 0.134
6.039 0.378 0.164
6.071 0.381 0.197
6.103 0.386 0.235
6.135 0.393 0.278
6.167 0.401 0.327
6.198 0.410 0.384
6.230 0.420 0.449
6.260 0.433 0.521
6.290 0.446 0.592
6.318 0.462 0.662
6.346 0.479 0.729
6.372 0.499 0.791
6.397 0.520 0.847
6.420 0.543 0.896
6.441 0.568 0.939
6.461 0.595 0.974
6.479 0.623 1.003
6.495 0.653 1.021
6.511 0.683 1.026
6.527 0.714 1.018
6.542 0.744 0.997
6.558 0.773 0.962
6.574 0.800 0.912
6.591 0.826 0.843
6.610 0.850 0.754
6.630 0.870 0.640
6.653 0.888 0.499
6.677 0.901 0.352
6.705 0.912 0.224
6.734 0.919 0.118
6.764 0.924 0.035
6.796 0.927 -0.029
6.829 0.928 -0.074
6.863 0.927 -0.103
6.898 0.925 -0.116
6.933 0.923 -0.116
6.968 0.920 -0.102
7.003 0.918 -0.073
7.037 0.916 -0.040
7.071 0.914 -0.010
7.104 0.914 0.015
7.137 0.913 0.036
7.169 0.914 0.053
7.201 0.915 0.065
7.233 0.916 0.073
7.264 0.917 0.077
7.295 0.919 0.075
7.327 0.921 0.069
7.358 0.923 0.061
7.389 0.925 0.053
7.420 0.927 0.045
7.452 0.928 0.038
7.484 0.930 0.031
7.515 0.931 0.024
7.547 0.933 0.018
7.579 0.934 0.012
7.611 0.934 0.007
7.644 0.935 0.003
7.676 0.936 -0.001
7.708 0.936 -0.004
7.740 0.936 -0.008
7.772 0.936 -0.010
7.805 0.936 -0.013
7.837 0.935 -0.014
7.869 0.935 -0.012
7.901 0.934 -0.009
7.933 0.933 -0.008
7.965 0.932 -0.008
8.114 0.927 -0.011
8.135 0.927 -0.014
8.157 0.926 -0.018
8.178 0.926 -0.023
8.199 0.926 -0.024
8.221 0.925 -0.022
8.242 0.925 -0.018
8.263 0.925 -0.016
8.284 0.925 -0.014
8.306 0.925 -0.013
8.327 0.925 -0.013
8.349 0.925 -0.013
8.370 0.925 -0.012
8.391 0.925 -0.012
8.413 0.925 -0.011
8.434 0.925 -0.010
8.455 0.925 -0.010
8.477 0.926 -0.009
8.498 0.926 -0.008
8.519 0.926 -0.007
8.541 0.926 -0.006
8.562 0.926 -0.005
8.583 0.926 -0.004
8.605 0.926 -0.003
8.626 0.926 -0.003
8.647 0.926 -0.002
8.669 0.927 -0.001
8.690 0.927 -0.000
8.711 0.927 0.000
8.733 0.927 0.002
8.754 0.927 0.003
8.775 0.927 0.005
8.797 0.927 0.008
8.818 0.926 0.007
8.765 0.927 0.005
8.797 0.927 0.005
8.829 0.926 0.005
8.861 0.926 0.005
8.893 0.926 0.006
8.925 0.926 0.006
8.957 0.926 0.006
8.989 0.926 0.007
9.021 0.925 0.007
9.053 0.925 0.008
9.085 0.925 0.008
9.117 0.925 0.009
9.149 0.925 0.009
9.181 0.925 0.010
9.213 0.925 0.010
9.245 0.925 0.010
9.277 0.926 0.011
9.309 0.926 0.011
9.341 0.927 0.011
9.373 0.928 0.012
9.405 0.929 0.012
9.437 0.930 0.012
9.469 0.931 0.013
9.501 0.932 0.013
9.533 0.933 0.013
9.565 0.934 0.014
9.597 0.934 0.014
9.629 0.935 0.014
9.661 0.936 0.014
9.693 0.936 0.014
9.725 0.936 0.015
9.757 0.936 0.015
9.789 0.936 0.015
9.821 0.936 0.015
9.853 0.936 0.015
9.885 0.936 0.015
9.917 0.936 0.015
9.949 0.936 0.016
9.981 0.935 0.016
10.013 0.936 0.016
10.045 0.936 0.016
10.077 0.936 0.016
10.109 0.937 0.016
10.141 0.938 0.016
10.173 0.939 0.016
10.205 0.940 0.016
10.237 0.941 0.016
10.269 0.942 0.016
10.301 0.943 0.016
10.333 0.944 0.016
10.365 0.945 0.016
10.397 0.945 0.015
10.429 0.946 0.015
10.461 0.946 0.015
10.493 0.946 0.015
10.525 0.947 0.015
10.557 0.946 0.015
10.589 0.946 0.015
10.621 0.946 0.014
10.653 0.946 0.014
10.685 0.946 0.014
10.717 0.946 0.014
10.749 0.946 0.013
10.781 0.946 0.013
10.813 0.946 0.013
10.845 0.946 0.013
10.877 0.947 0.012
10.909 0.948 0.012
10.941 0.949 0.012
10.973 0.950 0.011
11.005 0.951 0.011
11.037 0.952 0.011
11.069 0.953 0.010
11.101 0.954 0.010
11.133 0.954 0.009
11.165 0.955 0.009
11.197 0.956 0.009
11.229 0.956 0.008
11.261 0.957 0.008
11.293 0.957 0.007
11.325 0.957 0.007
11.357 0.957 0.006
11.389 0.957 0.006
11.421 0.957 0.005
11.453 0.957 0.005
11.485 0.957 0.004
11.517 0.956 0.003
11.549 0.956 0.003
11.581 0.956 0.002
11.613 0.956 0.002
11.645 0.956 0.001
11.677 0.956 0.001
11.709 0.956 0.000
11.741 0.956 -0.001
11.773 0.956 -0.001
11.806 0.956 -0.002
11.838 0.956 -0.002
11.870 0.956 -0.002
11.902 0.956 -0.003
11.934 0.956 -0.003
11.966 0.956 -0.004
11.998 0.956 -0.004
12.030 0.956 -0.004
12.062 0.956 -0.005
12.094 0.956 -0.005
12.126 0.956 -0.005
12.158 0.956 -0.006
12.190 0.956 -0.006
12.222 0.956 -0.006
12.254 0.956 -0.007
12.286 0.956 -0.007
12.318 0.956 -0.007
12.350 0.956 -0.007
12.382 0.956 -0.007
12.414 0.956 -0.008
12.446 0.957 -0.008
12.478 0.957 -0.008
12.510 0.957 -0.008
12.542 0.957 -0.008
12.574 0.957 -0.008
12.606 0.957 -0.008
12.638 0.957 -0.008
12.670 0.956 -0.008
12.702 0.956 -0.008
12.734 0.956 -0.008
12.766 0.955 -0.008
12.798 0.954 -0.008
12.830 0.954 -0.008
12.862 0.953 -0.008
12.894 0.952 -0.008
12.926 0.951 -0.008
12.958 0.950 -0.008
12.990 0.949 -0.008
13.022 0.948 -0.007
13.054 0.947 -0.007
13.086 0.946 -0.007
13.118 0.945 -0.007
13.150 0.945 -0.007
13.182 0.944 -0.006
13.214 0.944 -0.006
13.246 0.943 -0.006
13.278 0.943 -0.006
13.310 0.943 -0.005
13.342 0.943 -0.005
13.374 0.943 -0.005
13.406 0.944 -0.004
13.438 0.945 -0.004
13.470 0.946 -0.004
13.470 0.946 -0.003
13.502 0.946 -0.003
13.534 0.947 -0.002
13.566 0.947 -0.002
13.598 0.947 -0.001
13.630 0.947 -0.000
13.662 0.947 0.000
13.695 0.947 0.001
13.727 0.947 0.001
13.759 0.947 0.002
13.791 0.946 0.002
13.823 0.946 0.003
13.855 0.946 0.004
13.887 0.946 0.004
13.919 0.946 0.005
13.951 0.945 0.006
13.983 0.945 0.006
14.015 0.945 0.007
14.047 0.945 0.008
14.080 0.945 0.008
14.112 0.945 0.009
14.144 0.945 0.010
14.176 0.945 0.011
14.208 0.946 0.012
14.240 0.946 0.012
14.272 0.947 0.013
14.304 0.947 0.014
14.336 0.948 0.014
14.368 0.949 0.015
14.400 0.950 0.016
14.432 0.950 0.016
14.464 0.951 0.017
14.496 0.952 0.017
14.528 0.953 0.017
14.561 0.954 0.018
14.593 0.955 0.018
14.625 0.956 0.018
14.657 0.958 0.019
14.689 0.959 0.019
14.721 0.960 0.019
14.753 0.961 0.019
14.785 0.961 0.019
14.817 0.962 0.019
14.849 0.963 0.019
14.881 0.964 0.019
14.913 0.965 0.019
14.945 0.965 0.019
14.977 0.966 0.018
15.010 0.966 0.018
15.042 0.967 0.018
15.074 0.967 0.018
15.106 0.967 0.017
15.138 0.967 0.017
15.170 0.967 0.016
15.202 0.967 0.016
15.234 0.967 0.015
15.266 0.967 0.015
15.298 0.967 0.014
15.330 0.966 0.013
15.362 0.966 0.013
15.394 0.966 0.012
15.427 0.965 0.011
15.459 0.965 0.010
15.491 0.965 0.009
15.523 0.965 0.008
15.555 0.964 0.007
15.587 0.964 0.006
15.619 0.964 0.004
15.651 0.965 0.002
15.683 0.965 -0.000
15.715 0.965 -0.003
15.747 0.966 -0.006
15.779 0.967 -0.009
15.811 0.968 -0.013
15.843 0.969 -0.017
15.875 0.970 -0.021
15.907 0.971 -0.026
15.939 0.971 -0.031
15.971 0.972 -0.036
16.003 0.971 -0.041
16.035 0.971 -0.047
16.068 0.970 -0.054
16.100 0.968 -0.061
16.132 0.965 -0.068
16.165 0.961 -0.075
16.198 0.958 -0.083
16.230 0.954 -0.087
16.263 0.949 -0.083
16.295 0.946 -0.071
16.327 0.943 -0.051
16.360 0.940 -0.023
16.391 0.939 0.014
16.423 0.939 0.060
16.454 0.940 0.114
16.485 0.944 0.177
16.516 0.949 0.246
16.546 0.957 0.316
16.576 0.966 0.378
16.605 0.977 0.433
16.634 0.990 0.481
16.662 1.005 0.524
16.691 1.021 0.560
16.719 1.038 0.591
16.746 1.056 0.618
16.773 1.075 0.639
16.801 1.095 0.657
16.827 1.116 0.675
16.854 1.137 0.697
16.880 1.159 0.724
16.906 1.181 0.757
16.931 1.204 0.795
16.955 1.227 0.840
16.978 1.251 0.892
16.999 1.276 0.952
17.019 1.301 1.021
17.037 1.327 1.100
17.053 1.354 1.189
17.067 1.382 1.278
17.078 1.410 1.359
17.087 1.439 1.429
17.093 1.469 1.488
17.097 1.500 1.536
17.098 1.532 1.573
17.099 1.564 1.599
17.098 1.596 1.616
17.096 1.629 1.624
17.093 1.662 1.623
17.090 1.695 1.619
17.086 1.728 1.617
17.083 1.761 1.617
17.080 1.794 1.619
17.078 1.827 1.624
17.076 1.860 1.609
17.075 1.892 1.587
17.075 1.924 1.577
17.075 1.956 1.577
17.078 2.112 1.586
17.079 2.133 1.578
17.079 2.154 1.571
17.080 2.175 1.565
17.080 2.197 1.560
17.081 2.218 1.556
17.081 2.239 1.553
17.081 2.260 1.552
17.081 2.282 1.551
17.081 2.303 1.552
17.081 2.324 1.554
17.081 2.346 1.556
17.081 2.367 1.558
17.081 2.388 1.560
17.081 2.410 1.562
17.081 2.431 1.564
17.081 2.453 1.565
17.081 2.474 1.567
17.080 2.496 1.569
17.080 2.517 1.570
17.080 2.538 1.572
17.080 2.560 1.573
17.080 2.581 1.574
17.080 2.603 1.575
17.080 2.624 1.577
17.080 2.646 1.578
17.080 2.667 1.579
17.080 2.689 1.580
17.080 2.710 1.580
17.080 2.731 1.581
17.080 2.753 1.582
17.080 2.774 1.583
17.080 2.796 1.583
17.080 2.817 1.583
17.080 2.838 1.583
17.080 2.860 1.583
17.080 2.881 1.582
17.080 2.902 1.580
17.080 2.923 1.579
17.080 2.944 1.577
17.080 2.966 1.575
17.080 2.987 1.573
17.080 3.008 1.570
17.080 3.029 1.567
17.080 3.050 1.564
17.080 3.071 1.560
17.080 3.092 1.556
17.080 3.113 1.550
17.080 3.135 1.542
17.080 3.156 1.530
17.080 3.177 1.512
17.080 3.199 1.481
17.080 3.220 1.468
17.080 3.171 1.507
17.080 3.203 1.541
17.080 3.236 1.558
17.080 3.268 1.570
17.080 3.301 1.583
17.080 3.334 1.600
17.080 3.368 1.622
17.079 3.401 1.649
17.079 3.435 1.680
17.077 3.468 1.714
17.074 3.501 1.752
17.071 3.534 1.795
17.065 3.566 1.843
17.059 3.597 1.897
17.050 3.627 1.957
17.039 3.656 2.022
17.026 3.684 2.093
17.011 3.711 2.169
16.993 3.736 2.250
16.973 3.760 2.334
16.951 3.782 2.415
16.926 3.804 2.486
16.901 3.824 2.548
16.874 3.842 2.603
16.845 3.860 2.651
16.816 3.876 2.693
16.786 3.892 2.729
16.755 3.906 2.761
16.724 3.920 2.789
16.693 3.933 2.814
16.662 3.944 2.836
16.631 3.955 2.857
16.600 3.965 2.878
16.569 3.975 2.898
16.538 3.983 2.917
16.507 3.991 2.934
16.476 3.999 2.951
16.445 4.005 2.965
16.413 4.012 2.979
16.382 4.017 2.990
16.351 4.022 3.001
16.319 4.027 3.012
16.288 4.031 3.022
16.257 4.035 3.031
16.225 4.039 3.041
16.194 4.042 3.050
16.162 4.045 3.059
16.130 4.048 3.067
16.099 4.050 3.075
16.067 4.052 3.083
16.035 4.054 3.090
16.004 4.055 3.097
15.972 4.057 3.104
15.940 4.058 3.111
15.908 4.058 3.117
15.876 4.059 3.123
15.844 4.060 3.128
15.812 4.060 3.133
15.780 4.060 3.138
15.748 4.060 3.143
15.716 4.060 3.147
15.684 4.059 3.151
15.652 4.059 3.155
15.620 4.058 3.158
15.588 4.057 3.161
15.555 4.056 3.164
15.523 4.055 3.166
15.491 4.054 3.168
15.459 4.053 3.170
15.426 4.052 3.172
15.394 4.051 3.173
15.362 4.050 3.174
15.330 4.049 3.174
15.297 4.047 3.175
15.265 4.046 3.175
15.233 4.045 3.174
15.201 4.044 3.174
15.168 4.042 3.173
15.136 4.041 3.172
15.104 4.040 3.170
15.071 4.039 3.168
15.039 4.038 3.167
15.007 4.037 3.165
14.975 4.037 3.163
14.942 4.036 3.161
14.910 4.036 3.160
14.878 4.035 3.158
14.846 4.035 3.156
14.814 4.035 3.155
14.781 4.035 3.153
14.749 4.035 3.152
14.717 4.036 3.151
14.685 4.037 3.150
14.653 4.037 3.148
14.621 4.038 3.147
14.589 4.039 3.146
14.556 4.041 3.145
14.524 4.042 3.144
14.492 4.043 3.143
14.460 4.044 3.142
14.428 4.045 3.142
14.396 4.045 3.141
14.364 4.046 3.140
14.332 4.046 3.140
14.300 4.046 3.139
14.268 4.046 3.138
14.236 4.045 3.138
14.204 4.044 3.138
14.172 4.043 3.137
14.140 4.042 3.137
14.108 4.041 3.137
14.076 4.040 3.137
14.044 4.039 3.137
14.011 4.038 3.137
13.979 4.037 3.137
13.947 4.036 3.137
13.915 4.036 3.137
13.883 4.035 3.137
13.851 4.035 3.137
13.819 4.035 3.138
13.787 4.035 3.138
13.755 4.035 3.139
13.723 4.035 3.139
13.691 4.035 3.140
13.659 4.035 3.140
13.627 4.036 3.140
13.594 4.036 3.141
13.562 4.036 3.141
13.530 4.036 3.142
13.498 4.036 3.142
13.466 4.036 3.142
13.434 4.036 3.143
13.402 4.036 3.143
13.370 4.036 3.143
13.338 4.036 3.144
13.306 4.036 3.144
13.274 4.036 3.144
13.242 4.036 3.145
13.210 4.036 3.145
13.177 4.036 3.145
13.145 4.036 3.145
13.113 4.036 3.145
13.081 4.036 3.146
13.049 4.036 3.146
13.017 4.036 3.146
12.985 4.036 3.146
12.953 4.036 3.146
12.921 4.036 3.146
12.889 4.036 3.146
12.857 4.036 3.146
12.825 4.036 3.147
12.793 4.036 3.147
12.760 4.036 3.147
12.728 4.036 3.147
12.696 4.036 3.147
12.664 4.036 3.147
12.632 4.036 3.147
12.600 4.036 3.147
12.568 4.036 3.146
12.536 4.036 3.146
12.504 4.036 3.146
12.472 4.036 3.146
12.440 4.036 3.146
12.408 4.036 3.146
12.375 4.036 3.146
12.343 4.036 3.146
12.311 4.037 3.146
12.279 4.037 3.145
12.247 4.037 3.145
12.215 4.037 3.145
12.183 4.037 3.145
12.151 4.037 3.145
12.119 4.037 3.145
12.087 4.037 3.145
12.055 4.036 3.145
12.023 4.036 3.145
11.991 4.035 3.145
11.958 4.034 3.144
11.926 4.033 3.144
11.894 4.032 3.144
11.862 4.031 3.144
11.830 4.030 3.144
11.798 4.029 3.144
11.766 4.029 3.144
11.734 4.028 3.144
11.702 4.027 3.144
11.670 4.026 3.143
11.638 4.026 3.143
11.606 4.025 3.143
11.574 4.025 3.143
11.542 4.025 3.143
11.510 4.025 3.143
11.477 4.025 3.143
11.445 4.025 3.143
11.413 4.025 3.143
11.381 4.025 3.143
11.349 4.025 3.143
11.317 4.026 3.142
11.285 4.026 3.142
11.253 4.026 3.142
11.221 4.027 3.142
11.189 4.027 3.142
11.157 4.027 3.142
11.125 4.027 3.142
11.092 4.027 3.142
11.060 4.027 3.142
11.028 4.027 3.142
10.996 4.027 3.142
10.964 4.027 3.142
10.932 4.027 3.141
10.900 4.026 3.141
10.900 4.026 3.141
10.868 4.028 3.141
10.836 4.029 3.141
10.804 4.030 3.141
10.772 4.031 3.141
10.740 4.032 3.141
10.708 4.033 3.141
10.675 4.034 3.141
10.643 4.034 3.141
10.611 4.035 3.141
10.579 4.035 3.141
10.547 4.036 3.141
10.515 4.036 3.141
10.483 4.036 3.140
10.451 4.036 3.140
10.419 4.036 3.140
10.387 4.036 3.140
10.355 4.036 3.140
10.323 4.036 3.140
10.290 4.036 3.140
10.258 4.036 3.140
10.226 4.036 3.140
10.194 4.036 3.140
10.162 4.036 3.140
10.130 4.036 3.140
10.098 4.036 3.140
10.066 4.036 3.140
10.034 4.036 3.140
10.002 4.036 3.140
9.969 4.036 3.140
9.937 4.036 3.140
9.905 4.036 3.139
9.873 4.036 3.139
9.841 4.036 3.139
9.809 4.036 3.139
9.777 4.036 3.139
9.745 4.036 3.139
9.713 4.036 3.140
9.681 4.036 3.140
9.649 4.036 3.140
9.617 4.036 3.140
9.584 4.036 3.140
9.426 4.036 3.140
9.404 4.036 3.139
9.383 4.036 3.138
9.362 4.036 3.137
9.340 4.036 3.137
9.319 4.036 3.137
9.297 4.036 3.137
9.276 4.036 3.138
9.255 4.036 3.138
9.233 4.036 3.138
9.212 4.036 3.138
9.191 4.036 3.138
9.169 4.036 3.138
9.148 4.036 3.137
9.127 4.036 3.137
9.105 4.036 3.137
9.084 4.036 3.137
9.062 4.036 3.137
9.041 4.036 3.137
9.020 4.036 3.137
8.998 4.036 3.137
8.977 4.036 3.137
8.956 4.036 3.137
8.934 4.036 3.137
8.913 4.036 3.137
8.891 4.036 3.137
8.870 4.036 3.137
8.849 4.036 3.137
8.827 4.036 3.137
8.806 4.036 3.137
8.785 4.036 3.136
8.763 4.036 3.136
8.742 4.036 3.134
8.720 4.036 3.130
8.699 4.036 3.127
8.750 4.036 3.133
8.718 4.036 3.137
8.686 4.036 3.139
8.654 4.036 3.139
8.622 4.036 3.139
8.590 4.036 3.139
8.558 4.036 3.139
8.525 4.036 3.139
8.493 4.036 3.139
8.461 4.036 3.139
8.429 4.036 3.139
8.397 4.036 3.139
8.365 4.036 3.139
8.333 4.036 3.139
8.301 4.036 3.139
8.269 4.036 3.139
8.237 4.036 3.139
8.205 4.036 3.139
8.172 4.036 3.139
8.140 4.036 3.139
8.108 4.036 3.139
8.076 4.036 3.139
8.044 4.036 3.139
8.012 4.036 3.139
7.980 4.036 3.139
7.948 4.036 3.139
7.916 4.036 3.139
7.884 4.036 3.139
7.852 4.036 3.139
7.819 4.036 3.139
7.787 4.036 3.139
7.755 4.036 3.139
7.723 4.036 3.139
7.691 4.036 3.139
7.659 4.036 3.139
7.627 4.036 3.139
7.595 4.036 3.139
7.563 4.036 3.139
7.531 4.036 3.139
7.499 4.036 3.139
7.466 4.036 3.139
7.434 4.036 3.140
7.402 4.036 3.140
7.370 4.036 3.140
7.338 4.036 3.140
7.306 4.037 3.140
7.274 4.037 3.140
7.242 4.037 3.140
7.210 4.037 3.140
7.178 4.038 3.140
7.146 4.038 3.140
7.113 4.038 3.140
7.081 4.038 3.140
7.049 4.039 3.140
7.017 4.039 3.140
6.985 4.039 3.140
6.953 4.039 3.140
6.921 4.040 3.140
6.889 4.040 3.140
6.857 4.040 3.140
6.825 4.041 3.140
6.793 4.041 3.140
6.761 4.041 3.140
6.728 4.042 3.140
6.696 4.042 3.140
6.664 4.042 3.140
6.632 4.043 3.140
6.600 4.043 3.140
6.568 4.043 3.139
6.536 4.043 3.139
6.504 4.044 3.139
6.472 4.044 3.139
6.440 4.044 3.139
6.408 4.044 3.139
6.375 4.045 3.139
6.343 4.045 3.139
6.311 4.045 3.139
6.279 4.045 3.139
6.247 4.045 3.139
6.215 4.046 3.139
6.183 4.046 3.139
6.151 4.046 3.139
6.119 4.046 3.139
6.087 4.046 3.139
6.054 4.046 3.139
6.022 4.046 3.138
5.990 4.046 3.138
5.958 4.046 3.138
5.926 4.046 3.138
5.894 4.046 3.138
5.862 4.046 3.138
5.830 4.046 3.138
5.798 4.046 3.138
5.766 4.046 3.138
5.734 4.046 3.138
5.701 4.046 3.138
5.669 4.046 3.137
5.637 4.046 3.137
5.605 4.046 3.137
5.573 4.046 3.137
5.541 4.046 3.137
5.509 4.046 3.137
5.477 4.046 3.137
5.445 4.046 3.137
5.413 4.047 3.136
5.381 4.047 3.136
5.349 4.047 3.136
5.317 4.047 3.136
5.285 4.047 3.136
5.253 4.047 3.136
5.221 4.047 3.136
5.189 4.047 3.135
5.157 4.047 3.135
5.125 4.048 3.135
5.093 4.048 3.135
5.061 4.048 3.135
5.029 4.048 3.135
4.997 4.048 3.134
4.965 4.048 3.134
4.933 4.048 3.134
4.901 4.048 3.134
4.869 4.048 3.134
4.837 4.048 3.134
4.805 4.048 3.134
4.773 4.048 3.134
4.740 4.048 3.134
4.708 4.048 3.134
4.676 4.048 3.134
4.644 4.048 3.135
4.612 4.048 3.135
4.580 4.048 3.136
4.548 4.048 3.136
4.516 4.048 3.137
4.483 4.048 3.138
4.451 4.048 3.138
4.419 4.048 3.139
4.387 4.048 3.140
4.355 4.048 3.142
4.322 4.047 3.143
4.290 4.047 3.144
4.258 4.047 3.145
4.226 4.047 3.147
4.193 4.046 3.148
4.161 4.046 3.150
4.129 4.046 3.152
4.096 4.045 3.153
4.064 4.045 3.155
4.032 4.045 3.157
4.000 4.044 3.159
3.967 4.044 3.161
3.935 4.044 3.163
3.903 4.044 3.165
3.871 4.044 3.168
3.840 4.045 3.170
3.808 4.046 3.173
3.776 4.046 3.175
3.745 4.047 3.178
3.713 4.048 3.180
3.682 4.049 3.183
3.650 4.050 3.186
3.619 4.051 3.189
3.587 4.051 3.192
3.554 4.050 3.195
3.521 4.049 3.196
3.488 4.047 3.193
3.454 4.045 3.186
3.420 4.041 3.175
3.385 4.037 3.159
3.350 4.033 3.140
3.316 4.029 3.115
3.281 4.025 3.084
3.248 4.023 3.048
3.215 4.021 3.006
3.183 4.022 2.956
3.152 4.024 2.898
3.123 4.028 2.830
3.096 4.036 2.752
3.070 4.046 2.664
3.047 4.059 2.568
3.025 4.076 2.464
3.006 4.096 2.357
2.988 4.118 2.248
2.972 4.143 2.141
2.958 4.169 2.040
2.945 4.198 1.951
2.934 4.229 1.880
2.924 4.262 1.822
2.916 4.295 1.773
2.908 4.330 1.733
2.902 4.366 1.698
2.897 4.403 1.669
2.892 4.440 1.643
2.889 4.477 1.620
2.886 4.514 1.600
2.884 4.552 1.582
2.882 4.588 1.565
2.880 4.625 1.551
2.879 4.660 1.539
2.878 4.695 1.531
2.878 4.729 1.525
2.878 4.762 1.523
2.877 4.794 1.525
2.877 4.826 1.531
2.878 4.858 1.540
2.878 4.889 1.551
2.878 4.920 1.560
2.879 4.950 1.569
2.879 4.981 1.577
2.880 5.011 1.584
2.880 5.042 1.590
2.881 5.072 1.595
2.882 5.102 1.599
2.882 5.133 1.602
2.882 5.164 1.604
2.882 5.196 1.606
2.883 5.228 1.606
2.882 5.260 1.605
2.882 5.293 1.603
2.882 5.326 1.600
2.881 5.361 1.597
2.880 5.396 1.592
2.880 5.396 1.586
2.876 5.430 1.579
2.874 5.464 1.572
2.872 5.497 1.563
2.871 5.529 1.555
2.871 5.561 1.550
2.871 5.593 1.546
2.873 5.625 1.545
2.874 5.657 1.545
2.875 5.688 1.548
2.877 5.719 1.553
2.879 5.751 1.560
2.880 5.782 1.569
2.881 5.814 1.580
2.882 5.846 1.592
2.882 5.878 1.607
2.882 5.910 1.624
2.881 5.943 1.642
2.879 5.976 1.662
2.875 6.010 1.683
2.871 6.044 1.706
2.866 6.079 1.731
2.860 6.113 1.756
2.853 6.148 1.783
2.845 6.183 1.811
2.836 6.217 1.839
2.826 6.252 1.866
2.816 6.287 1.893
2.804 6.321 1.920
2.792 6.355 1.947
2.779 6.389 1.975
2.765 6.423 2.003
2.750 6.456 2.031
2.734 6.488 2.060
2.717 6.520 2.091
2.700 6.551 2.123
2.681 6.582 2.156
2.662 6.611 2.191
2.643 6.640 2.229
2.622 6.668 2.269
2.601 6.694 2.312
2.579 6.720 2.358
2.556 6.744 2.407
2.532 6.768 2.460
2.508 6.790 2.518
2.483 6.810 2.581
2.458 6.829 2.645
2.431 6.847 2.707
2.404 6.863 2.766
2.377 6.877 2.823
2.348 6.890 2.875
2.320 6.901 2.923
2.290 6.910 2.968
2.260 6.917 3.007
2.229 6.922 3.043
2.198 6.926 3.074
2.166 6.928 3.101
2.134 6.928 3.124
2.102 6.928 3.142
2.069 6.927 3.158
2.036 6.925 3.169
2.003 6.922 3.177
1.970 6.919 3.181
1.937 6.917 3.181
1.904 6.914 3.179
1.872 6.911 3.173
1.839 6.909 3.165
1.807 6.907 3.159
1.774 6.905 3.152
1.742 6.904 3.147
1.710 6.903 3.141
1.678 6.902 3.137
1.646 6.902 3.132
1.614 6.903 3.128
1.582 6.904 3.125
1.551 6.906 3.122
1.519 6.908 3.119
1.488 6.911 3.117
1.456 6.914 3.116
1.425 6.918 3.116
1.393 6.921 3.116
1.360 6.923 3.118
1.328 6.925 3.120
1.294 6.926 3.121
1.260 6.926 3.124
1.225 6.925 3.126
1.190 6.924 3.129
1.155 6.922 3.127
1.121 6.921 3.114
1.086 6.921 3.089
1.053 6.921 3.052
1.020 6.923 3.000
0.989 6.926 2.931
0.959 6.931 2.842
0.931 6.939 2.732
0.904 6.950 2.600
0.880 6.963 2.449
0.858 6.980 2.301
0.839 7.000 2.172
0.821 7.022 2.065
0.805 7.047 1.977
0.791 7.074 1.906
0.779 7.103 1.848
0.768 7.134 1.801
0.758 7.167 1.765
0.750 7.201 1.736
0.744 7.236 1.715
0.738 7.272 1.698
0.733 7.308 1.682
0.729 7.345 1.667
0.726 7.382 1.653
0.724 7.419 1.640
0.722 7.456 1.627
0.720 7.492 1.616
0.719 7.527 1.605
0.718 7.562 1.595
0.718 7.596 1.586
0.717 7.629 1.577
0.717 7.662 1.569
0.717 7.694 1.562
0.717 7.725 1.556
0.717 7.757 1.550
0.718 7.788 1.545
0.718 7.819 1.541
0.719 7.849 1.539
0.720 7.880 1.537
0.721 7.910 1.537
0.722 7.941 1.537
0.722 7.972 1.538
0.723 8.003 1.540
0.724 8.034 1.541
0.725 8.066 1.542
0.726 8.098 1.544
0.727 8.130 1.545
0.728 8.163 1.547
0.729 8.197 1.549
0.729 8.231 1.551
0.730 8.266 1.553
0.730 8.266 1.555
0.728 8.300 1.557
0.726 8.333 1.559
0.725 8.366 1.562
0.724 8.399 1.564
0.724 8.431 1.567
0.724 8.463 1.570
0.725 8.495 1.572
0.726 8.527 1.575
0.727 8.558 1.578
0.728 8.589 1.581
0.729 8.620 1.584
0.730 8.651 1.588
0.731 8.682 1.591
0.733 8.713 1.594
0.734 8.744 1.597
0.734 8.776 1.600
0.735 8.807 1.603
0.735 8.838 1.605
0.735 8.870 1.608
0.734 8.902 1.611
0.733 8.934 1.613
0.731 8.967 1.616
0.729 9.000 1.619
0.726 9.034 1.622
0.722 9.068 1.625
0.718 9.102 1.629
0.713 9.137 1.632
0.707 9.172 1.636
0.702 9.207 1.640
0.697 9.242 1.645
0.692 9.276 1.643
0.689 9.310 1.627
0.687 9.343 1.594
0.687 9.375 1.543
0.689 9.405 1.471
0.693 9.434 1.374
0.701 9.461 1.251
0.711 9.486 1.103
0.725 9.509 0.935
0.742 9.530 0.760
0.762 9.549 0.605
0.785 9.566 0.485
0.810 9.581 0.391
0.838 9.594 0.317
0.868 9.606 0.259
0.899 9.616 0.211
0.933 9.625 0.172
0.967 9.633 0.140
1.003 9.639 0.113
1.039 9.644 0.090
1.076 9.648 0.069
1.113 9.651 0.048
1.151 9.653 0.029
1.188 9.655 0.010
1.226 9.656 -0.007
1.262 9.656 -0.023
1.298 9.656 -0.035
1.332 9.655 -0.043
1.366 9.655 -0.045
1.399 9.653 -0.044
1.432 9.652 -0.041
1.464 9.650 -0.042
1.605 9.641 -0.054
1.625 9.639 -0.085
1.646 9.638 -0.133
1.667 9.636 -0.141
1.688 9.635 -0.114
1.709 9.633 -0.091
1.730 9.632 -0.070
1.752 9.631 -0.050
1.773 9.630 -0.029
1.794 9.629 -0.006
1.816 9.628 0.015
1.838 9.628 0.037
1.859 9.628 0.058
1.881 9.628 0.078
1.902 9.629 0.098
1.924 9.630 0.118
1.945 9.631 0.137
1.967 9.633 0.155
1.988 9.635 0.173
2.009 9.638 0.190
2.030 9.642 0.207
2.051 9.646 0.222
2.072 9.651 0.237
2.092 9.656 0.251
2.113 9.662 0.264
2.133 9.669 0.275
2.153 9.676 0.286
2.173 9.683 0.296
2.193 9.691 0.305
2.213 9.698 0.319
2.233 9.707 0.348
2.253 9.715 0.396
2.272 9.723 0.478
2.292 9.732 0.627
2.312 9.740 0.927
2.332 9.748 1.100
2.278 9.725 0.748
2.308 9.738 0.396
2.337 9.751 0.272
2.367 9.763 0.254
2.397 9.775 0.263
2.428 9.786 0.269
2.458 9.797 0.270
2.489 9.807 0.268
2.520 9.816 0.262
2.551 9.825 0.251
2.582 9.833 0.236
2.613 9.840 0.218
2.645 9.847 0.194
2.676 9.853 0.167
2.708 9.858 0.139
2.740 9.863 0.112
2.772 9.866 0.086
2.804 9.869 0.061
2.836 9.871 0.037
2.868 9.873 0.013
2.900 9.873 -0.009
2.932 9.873 -0.031
2.965 9.873 -0.052
2.997 9.871 -0.073
3.029 9.869 -0.093
3.061 9.867 -0.113
3.093 9.863 -0.131
3.125 9.859 -0.149
3.157 9.855 -0.167
3.189 9.850 -0.184
3.220 9.844 -0.200
3.252 9.838 -0.215
3.283 9.832 -0.229
3.315 9.824 -0.243
3.346 9.817 -0.257
3.377 9.809 -0.270
3.408 9.800 -0.284
3.439 9.791 -0.298
3.470 9.782 -0.313
3.500 9.772 -0.327
3.531 9.762 -0.342
3.562 9.752 -0.357
3.592 9.741 -0.372
3.622 9.730 -0.388
3.652 9.718 -0.403
3.682 9.706 -0.419
3.712 9.694 -0.436
3.741 9.681 -0.452
3.770 9.667 -0.469
3.799 9.653 -0.486
3.828 9.639 -0.504
3.856 9.624 -0.521
3.884 9.608 -0.539
3.912 9.592 -0.558
3.939 9.575 -0.576
3.966 9.557 -0.595
3.993 9.539 -0.615
4.019 9.520 -0.634
4.045 9.501 -0.654
4.070 9.482 -0.674
4.095 9.461 -0.695
4.120 9.441 -0.716
4.144 9.419 -0.737
4.168 9.398 -0.758
4.192 9.376 -0.780
4.215 9.353 -0.802
4.237 9.330 -0.824
4.259 9.307 -0.847
4.281 9.283 -0.870
4.302 9.259 -0.893
4.323 9.234 -0.916
4.344 9.209 -0.939
4.363 9.184 -0.963
4.383 9.158 -0.987
4.402 9.132 -1.011
4.420 9.106 -1.011
4.420 9.106 -1.011
4.420 9.106 -1.011
4.420 9.106 -1.011
4.420 9.106 -1.011
4.420 9.106 -1.011
4.420 9.106 -1.011
4.420 9.106 -1.011
4.420 9.106 -1.011
4.420 9.106 -1.011
4.420 9.106 -1.011
4.420 9.106 -1.011
4.420 9.106 -1.011
4.420 9.106 -1.011
4.420 9.106 -1.011
4.420 9.106 -1.011
4.420 9.106 -1.011
4.420 9.106 -1.011
4.420 9.106 -1.011
4.420 9.106 -1.011
4.420 9.106 -1.011
4.420 9.106 -1.011
4.420 9.106 -1.011
4.420 9.106 -1.011
4.420 9.106 -1.011
4.420 9.106 -1.011
4.420 9.106 -1.011
4.420 9.106 -1.011
4.420 9.106 -1.011
4.420 9.106 -1.011
4.420 9.106 -1.011
4.420 9.106 -1.011
4.420 9.106 -1.011
4.420 9.106 -1.011
4.420 9.106 -1.011
4.420 9.106 -1.011
4.420 9.106 -1.011
4.420 9.106 -1.011
4.420 9.106 -1.011
4.420 9.106 -1.011
4.420 9.106 -1.011
4.420 9.106 -1.011
4.420 9.106 -1.011
4.420 9.106 -1.011
4.420 9.106 -1.011
