0.000 0.000 -0.015
0.025 0.000 -0.014
0.050 0.000 -0.012
0.075 0.000 -0.011
0.101 0.000 -0.010
0.126 0.000 -0.009
0.151 0.000 -0.008
0.176 0.000 -0.007
0.201 0.000 -0.006
0.226 0.000 -0.005
0.252 0.000 -0.004
0.277 0.000 -0.003
0.302 0.000 -0.003
0.327 0.000 -0.002
0.352 0.000 -0.001
0.377 0.000 -0.000
0.403 0.000 0.000
0.428 0.000 0.001
0.453 0.000 0.001
0.478 0.000 0.002
0.503 0.000 0.002
0.528 0.000 0.003
0.554 0.000 0.003
0.579 0.000 0.003
0.604 0.000 0.004
0.629 0.000 0.004
0.654 0.000 0.004
0.680 0.000 0.004
0.705 0.000 0.004
0.730 0.000 0.004
0.755 0.000 0.004
0.780 0.000 0.004
0.806 0.000 0.004
0.831 0.000 0.004
0.856 0.000 0.004
0.881 0.000 0.004
0.906 0.000 0.004
0.932 0.000 0.003
0.957 0.000 0.003
0.982 0.000 0.003
1.007 0.000 0.002
1.032 0.000 0.002
1.058 0.000 0.001
1.083 0.000 0.001
1.108 0.000 0.000
1.133 0.000 -0.000
1.158 0.000 -0.001
1.184 0.000 -0.002
1.209 0.000 -0.002
1.234 0.000 -0.003
1.259 0.000 -0.004
1.284 0.000 -0.005
1.309 0.000 -0.006
1.335 0.000 -0.006
1.360 0.000 -0.007
1.385 0.000 -0.008
1.410 0.000 -0.008
1.435 0.000 -0.009
1.460 0.000 -0.009
1.485 0.000 -0.009
1.511 0.000 -0.009
1.536 0.000 -0.009
1.561 0.000 -0.008
1.586 0.000 -0.008
1.611 0.000 -0.007
1.636 0.000 -0.007
1.661 0.000 -0.006
1.686 0.000 -0.005
1.712 0.000 -0.004
1.737 0.000 -0.003
1.762 0.000 -0.002
1.787 0.000 -0.000
1.812 0.000 0.001
1.837 0.000 0.003
1.862 0.000 0.005
1.887 0.000 0.007
1.912 0.000 0.009
1.937 0.000 0.012
1.962 0.000 0.016
1.987 0.000 0.021
2.012 0.000 0.025
2.038 0.000 0.028
2.063 0.000 0.030
2.088 0.000 0.030
2.113 0.000 0.030
2.138 0.000 0.028
2.163 0.000 0.025
2.188 0.000 0.021
2.214 0.000 0.015
2.239 0.000 0.008
2.264 0.000 0.001
2.290 0.000 -0.007
2.315 0.000 -0.014
2.341 0.000 -0.021
2.366 0.000 -0.026
2.391 0.000 -0.031
2.417 0.000 -0.036
2.442 0.000 -0.039
2.467 0.000 -0.042
2.493 0.000 -0.043
2.518 0.000 -0.044
2.543 0.000 -0.043
2.568 0.000 -0.041
2.593 0.000 -0.038
2.618 0.000 -0.033
2.644 0.000 -0.028
2.669 0.000 -0.022
2.694 0.000 -0.016
2.720 0.000 -0.010
2.745 0.000 -0.006
2.771 0.000 -0.002
2.796 0.000 0.002
2.822 0.000 0.004
2.848 0.000 0.006
2.873 0.000 0.006
2.899 0.000 0.006
2.925 0.000 0.004
2.950 0.000 0.000
2.976 0.000 -0.005
3.001 0.000 -0.012
3.027 0.000 -0.018
3.052 0.000 -0.024
3.077 0.000 -0.029
3.102 0.000 -0.033
3.127 0.000 -0.037
3.153 0.000 -0.040
3.178 0.000 -0.042
3.203 0.000 -0.044
3.228 0.000 -0.044
3.254 0.000 -0.043
3.279 0.000 -0.042
3.305 0.000 -0.039
3.330 0.000 -0.035
3.356 0.000 -0.031
3.382 0.000 -0.026
3.408 0.000 -0.021
3.433 0.000 -0.015
3.459 0.000 -0.010
3.485 0.000 -0.004
3.511 0.000 0.002
3.537 0.000 0.008
3.562 0.000 0.014
3.588 0.000 0.021
3.614 0.000 0.027
3.639 0.000 0.034
3.664 0.000 0.041
3.689 0.000 0.048
3.714 0.000 0.055
3.739 0.000 0.063
3.764 0.000 0.071
3.788 0.000 0.080
3.812 0.000 1.530
3.812 0.000 -0.019
3.837 0.000 -0.025
3.862 0.000 -0.031
3.887 0.000 -0.034
3.913 0.000 -0.036
3.938 0.000 -0.037
3.963 0.000 -0.036
3.988 0.000 -0.035
4.013 0.000 -0.033
4.038 0.000 -0.032
4.063 0.000 -0.030
4.088 0.000 -0.028
4.113 0.000 -0.027
4.139 0.000 -0.025
4.164 0.000 -0.023
4.189 0.000 -0.021
4.214 0.000 -0.018
4.239 0.000 -0.016
4.264 0.000 -0.013
4.289 0.000 -0.011
4.314 0.000 -0.008
4.339 0.000 -0.005
4.364 0.000 -0.002
4.389 0.000 0.001
4.414 0.000 0.005
4.440 0.000 0.009
4.465 0.000 0.012
4.490 0.000 0.016
4.515 0.000 0.020
4.540 0.000 0.024
4.565 0.000 0.029
4.591 0.000 0.032
4.616 0.000 0.034
4.641 0.000 0.035
4.667 0.000 0.036
4.692 0.000 0.036
4.717 0.000 0.036
4.743 0.000 0.035
4.768 0.000 0.034
4.793 0.000 0.032
4.818 0.000 0.030
4.843 0.000 0.028
4.868 0.000 0.024
4.893 0.000 0.021
4.918 0.000 0.016
4.943 0.000 0.011
4.967 0.000 0.005
4.992 0.000 -0.003
5.016 0.000 -0.011
5.041 0.000 -0.021
5.066 0.000 -0.031
5.091 0.000 -0.042
5.116 0.000 -0.053
5.142 0.000 -0.064
5.168 0.000 -0.074
5.195 0.000 -0.079
5.223 0.000 -0.077
5.250 0.000 -0.069
5.278 0.000 -0.055
5.306 0.000 -0.038
5.334 0.000 -0.023
5.361 0.000 -0.010
5.388 0.000 0.003
5.414 0.000 0.015
5.440 0.000 0.026
5.465 0.000 0.037
5.489 0.000 0.047
5.512 0.000 0.056
5.534 0.000 0.065
5.556 0.000 0.072
5.576 0.000 0.075
5.597 0.000 0.060
5.617 0.000 0.027
5.637 0.000 -0.010
5.658 0.000 -0.036
5.679 0.000 -0.053
5.701 0.000 -0.063
5.724 0.000 -0.066
5.748 0.000 -0.066
5.772 0.000 -0.062
5.798 0.000 -0.057
5.824 0.000 -0.050
5.851 0.000 -0.042
5.879 0.000 -0.033
5.907 0.000 -0.023
5.936 0.000 -0.012
5.965 0.000 -0.002
5.995 0.000 0.006
6.025 0.000 0.011
6.055 0.000 0.015
6.085 0.000 0.017
6.115 0.000 0.018
6.144 0.000 0.016
6.174 0.000 0.013
6.203 0.000 0.009
6.232 0.000 0.002
6.259 0.000 -0.005
6.287 0.000 -0.011
6.314 0.000 -0.018
6.340 0.000 -0.024
6.366 0.000 -0.028
6.391 0.000 -0.031
6.416 0.000 -0.032
6.441 0.000 -0.031
6.465 0.000 -0.029
6.489 0.000 -0.025
6.513 0.000 -0.018
6.537 0.000 -0.010
6.561 0.000 -0.000
6.585 0.000 0.011
6.609 0.000 0.024
6.633 0.000 0.036
6.658 0.000 0.044
6.682 0.000 0.049
6.707 0.000 0.050
6.731 0.000 0.047
6.756 0.000 0.041
6.782 0.000 0.031
6.807 0.000 0.019
6.833 0.000 0.003
6.859 0.000 -0.014
6.886 0.000 -0.031
6.913 0.000 -0.043
6.940 0.000 -0.048
6.968 0.000 -0.048
6.995 0.000 -0.043
7.023 0.000 -0.035
7.050 0.000 -0.029
7.077 0.000 -0.023
7.103 0.000 -0.018
7.129 0.000 -0.014
7.154 0.000 -0.011
7.179 0.000 -0.008
7.203 0.000 -0.006
7.225 0.000 -0.005
7.248 0.000 -0.002
7.269 0.000 0.001
7.290 0.000 -0.000
7.311 0.000 -0.014
7.332 0.000 -0.029
7.354 0.000 -0.038
7.376 0.000 -0.041
7.398 0.000 -0.041
7.421 0.000 -0.039
7.445 0.000 -0.036
7.470 0.000 -0.032
7.495 0.000 -0.027
7.521 0.000 -0.023
7.548 0.000 -0.019
7.575 0.000 -0.016
7.603 0.000 -0.013
7.631 0.000 -0.010
7.660 0.000 -0.008
7.689 0.000 -0.007
7.718 0.000 -0.007
7.747 0.000 -0.008
7.777 0.000 -0.009
7.806 0.000 -0.010
7.835 0.000 -0.011
7.864 0.000 -0.012
7.893 0.000 -0.014
7.921 0.000 -0.014
7.949 0.000 -0.014
7.976 0.000 -0.012
8.002 0.000 -0.008
8.028 0.000 -0.003
8.054 0.000 0.001
8.079 0.000 0.005
8.104 0.000 0.008
8.129 0.000 0.011
8.153 0.000 0.014
8.178 0.000 0.016
8.202 0.000 0.018
8.226 0.000 0.020
8.250 0.000 0.021
8.273 0.000 0.022
8.297 0.000 0.022
8.321 0.000 0.022
8.345 0.000 0.021
8.368 0.000 0.020
8.392 0.000 0.018
8.416 0.000 0.016
8.441 0.000 0.013
8.465 0.000 0.011
8.490 0.000 0.007
8.515 0.000 0.004
8.541 0.000 0.000
8.566 0.000 -0.004
8.593 0.000 -0.008
8.619 0.000 -0.013
8.646 0.000 -0.018
8.674 0.000 -1.563
8.674 0.000 -0.059
8.699 0.000 -0.053
8.724 0.000 -0.046
8.749 0.000 -0.040
8.773 0.000 -0.035
8.798 0.000 -0.029
8.823 0.000 -0.024
8.848 0.000 -0.020
8.874 0.000 -0.015
8.899 0.000 -0.011
8.924 0.000 -0.007
8.949 0.000 -0.004
8.974 0.000 -0.000
8.999 0.000 0.003
9.025 0.000 0.005
9.050 0.000 0.008
9.075 0.000 0.010
9.100 0.000 0.012
9.126 0.000 0.014
9.151 0.000 0.015
9.176 0.000 0.016
9.201 0.000 0.017
9.226 0.000 0.017
9.251 0.000 0.018
9.277 0.000 0.018
9.302 0.000 0.018
9.327 0.000 0.018
9.351 0.000 0.019
9.376 0.000 0.020
9.401 0.000 0.023
9.426 0.000 0.026
9.451 0.000 0.029
9.475 0.000 0.031
9.500 0.000 0.031
9.524 0.000 0.030
9.549 0.000 0.027
9.574 0.000 0.024
9.599 0.000 0.019
9.625 0.000 0.014
9.650 0.000 0.007
9.676 0.000 0.000
9.702 0.000 -0.006
9.729 0.000 -0.011
9.756 0.000 -0.014
9.784 0.000 -0.016
9.812 0.000 -0.018
9.840 0.000 -0.018
9.868 0.000 -0.018
9.897 0.000 -0.017
9.925 0.000 -0.015
9.954 0.000 -0.013
9.983 0.000 -0.011
10.012 0.000 -0.009
10.042 0.000 -0.007
10.071 0.000 -0.005
10.100 0.000 -0.003
10.129 0.000 -0.002
10.159 0.000 -0.001
10.188 0.000 0.000
10.217 0.000 0.001
10.246 0.000 0.002
10.275 0.000 0.003
10.303 0.000 0.004
10.331 0.000 0.006
10.360 0.000 0.007
10.387 0.000 0.009
10.415 0.000 0.011
10.442 0.000 0.014
10.470 0.000 0.017
10.496 0.000 0.021
10.523 0.000 0.026
10.549 0.000 0.032
10.575 0.000 0.038
10.600 0.000 0.046
10.625 0.000 0.056
10.650 0.000 0.067
10.675 0.000 0.080
10.699 0.000 0.094
10.723 0.000 0.107
10.746 0.000 0.116
10.770 0.000 0.119
10.793 0.000 0.116
10.817 0.000 0.107
10.840 0.000 0.093
10.863 0.000 0.072
10.886 0.000 0.046
10.910 0.000 0.016
10.933 0.000 -0.012
10.957 0.000 -0.036
10.982 0.000 -0.057
11.006 0.000 -0.074
11.031 0.000 -0.088
11.056 0.000 -0.098
11.082 0.000 -0.103
11.107 0.000 -0.103
11.133 0.000 -0.098
11.159 0.000 -0.088
11.184 0.000 -0.073
11.210 0.000 -0.053
11.236 0.000 -0.028
11.261 0.000 -0.003
11.287 0.000 0.018
11.312 0.000 0.036
11.337 0.000 0.050
11.362 0.000 0.061
11.387 0.000 0.069
11.412 0.000 0.074
11.437 0.000 0.077
11.462 0.000 0.078
11.487 0.000 0.077
11.512 0.000 0.073
11.537 0.000 0.067
11.562 0.000 0.059
11.587 0.000 0.049
11.612 0.000 0.036
11.637 0.000 0.023
11.662 0.000 0.011
11.687 0.000 -0.000
11.712 0.000 -0.010
11.737 0.000 -0.018
11.762 0.000 -0.026
11.787 0.000 -0.032
11.812 0.000 -0.036
11.837 0.000 -0.040
11.863 0.000 -0.042
11.888 0.000 -0.043
11.913 0.000 -0.043
11.938 0.000 -0.042
11.963 0.000 -0.039
11.988 0.000 -0.036
12.013 0.000 -0.031
12.038 0.000 -0.027
12.063 0.000 -0.022
12.088 0.000 -0.018
12.113 0.000 -0.015
12.138 0.000 -0.011
12.163 0.000 -0.008
12.189 0.000 -0.005
12.214 0.000 -0.003
12.239 0.000 -0.001
12.264 0.000 0.001
12.289 0.000 0.003
12.314 0.000 0.004
12.339 0.000 0.005
12.364 0.000 0.006
12.389 0.000 0.007
12.414 0.000 0.007
12.439 0.000 0.008
12.464 0.000 0.009
12.489 0.000 0.010
12.514 0.000 0.010
12.539 0.000 0.011
12.564 0.000 0.012
12.589 0.000 0.014
12.614 0.000 0.015
12.639 0.000 0.016
12.664 0.000 0.017
12.690 0.000 0.019
12.715 0.000 0.020
12.740 0.000 0.021
12.765 0.000 0.022
12.790 0.000 0.023
12.815 0.000 0.023
12.840 0.000 0.023
12.865 0.000 0.022
12.890 0.000 0.021
12.915 0.000 0.019
12.940 0.000 0.017
12.965 0.000 0.014
12.990 0.000 0.011
13.015 0.000 0.008
13.040 0.000 0.004
13.065 0.000 -0.000
13.090 0.000 -0.005
13.115 0.000 -0.010
13.141 0.000 -0.016
13.165 0.000 -0.021
13.190 0.000 -0.025
13.215 0.000 -0.030
13.240 0.000 -0.033
13.265 0.000 -0.037
13.290 0.000 -0.040
13.315 0.000 -0.042
13.340 0.000 -0.044
13.365 0.000 -0.045
13.391 0.000 -0.044
13.416 0.000 -0.040
13.441 0.000 -0.034
13.466 0.000 -0.026
13.491 0.000 -0.016
13.516 0.000 -0.004
13.542 0.000 0.007
13.567 0.000 0.017
13.592 0.000 0.025
13.618 0.000 0.031
13.643 0.000 0.037
13.668 0.000 0.041
13.694 0.000 0.043
13.719 0.000 0.044
13.744 0.000 0.044
13.769 0.000 0.043
13.794 0.000 0.040
13.819 0.000 0.035
13.844 0.000 0.029
13.868 0.000 0.022
13.893 0.000 0.014
13.918 0.000 0.007
13.943 0.000 0.004
13.968 0.000 0.002
13.993 0.000 0.004
14.018 0.000 0.007
14.043 0.000 0.011
14.068 0.000 0.015
14.094 0.000 0.019
14.119 0.000 0.022
14.145 0.000 0.025
14.170 0.000 0.028
14.196 0.000 0.031
14.221 0.000 0.033
14.247 0.000 0.036
14.273 0.000 0.038
14.299 0.000 0.040
14.325 0.000 0.041
14.350 0.000 0.042
14.376 0.000 0.041
14.402 0.000 0.040
14.428 0.000 0.038
14.453 0.000 0.035
14.479 0.000 0.031
14.504 0.000 0.027
14.530 0.000 0.021
14.555 0.000 0.015
14.580 0.000 0.008
14.605 0.000 0.000
14.630 0.000 -0.008
14.655 0.000 -0.017
14.679 0.000 -0.025
14.704 0.000 -0.030
14.729 0.000 -0.033
14.754 0.000 -0.035
14.778 0.000 -0.036
14.803 0.000 -0.035
14.828 0.000 -0.032
14.854 0.000 -0.029
14.879 0.000 -0.024
14.904 0.000 -0.019
14.930 0.000 -0.013
14.955 0.000 -0.005
14.981 0.000 0.003
15.006 0.000 0.011
15.032 0.000 0.021
15.057 0.000 0.031
15.083 0.000 0.039
15.108 0.000 0.046
15.133 0.000 0.051
15.158 0.000 0.054
15.183 0.000 0.056
15.209 0.000 0.055
15.234 0.000 0.054
15.259 0.000 0.050
15.284 0.000 0.045
15.308 0.000 0.038
15.333 0.000 0.029
15.358 0.000 0.020
15.383 0.000 0.012
15.408 0.000 0.004
15.433 0.000 -0.002
15.458 0.000 -0.008
15.483 0.000 -0.013
15.508 0.000 -0.018
15.533 0.000 -0.022
15.558 0.000 -0.025
15.583 0.000 -0.028
15.608 0.000 -0.030
15.633 0.000 -0.032
15.658 0.000 -0.033
15.684 0.000 -0.033
15.709 0.000 -0.033
15.734 0.000 -0.032
15.759 0.000 -0.030
15.784 0.000 -0.028
15.809 0.000 -0.025
15.834 0.000 -0.021
15.859 0.000 -0.018
15.884 0.000 -0.015
15.909 0.000 -0.011
15.934 0.000 -0.007
15.959 0.000 -0.003
15.984 0.000 0.001
16.009 0.000 0.005
16.034 0.000 0.008
16.059 0.000 0.011
16.085 0.000 0.014
16.110 0.000 0.016
16.135 0.000 0.018
16.160 0.000 0.019
16.185 0.000 0.020
16.210 0.000 0.020
16.235 0.000 0.020
16.260 0.000 0.020
16.285 0.000 0.019
16.310 0.000 0.018
16.335 0.000 0.016
16.360 0.000 0.015
16.385 0.000 0.012
16.411 0.000 0.010
16.436 0.000 0.007
16.461 0.000 0.003
16.486 0.000 -0.000
16.511 0.000 -0.005
16.536 0.000 -0.009
16.561 0.000 -0.014
16.586 0.000 -0.019
16.611 0.000 -0.022
16.636 0.000 -0.023
16.661 0.000 -0.022
16.685 0.000 -0.020
16.710 0.000 -0.018
16.735 0.000 -0.015
16.760 0.000 -0.012
16.785 0.000 -0.008
16.810 0.000 -0.005
16.835 0.000 -0.000
16.861 0.000 0.004
16.886 0.000 0.009
16.911 0.000 0.014
16.936 0.000 0.019
16.962 0.000 0.022
16.987 0.000 0.018
17.013 0.000 0.011
17.039 0.000 0.006
17.064 0.000 0.002
17.090 0.000 -0.001
17.116 0.000 -0.002
17.141 0.000 -0.002
17.166 0.000 0.000
17.192 0.000 0.003
17.217 0.000 0.008
17.241 0.000 0.013
17.266 0.000 0.020
17.291 0.000 0.026
17.316 0.000 0.033
17.341 0.000 0.032
17.366 0.000 0.026
17.392 0.000 0.020
17.418 0.000 0.014
17.444 0.000 0.008
17.470 0.000 0.001
17.497 0.000 -0.005
17.523 0.000 -0.012
17.549 0.000 -0.020
17.574 0.000 -0.030
17.599 0.000 -0.041
17.624 0.000 -0.054
17.647 0.000 -0.070
17.670 0.000 -0.077
17.693 0.000 -0.067
17.715 0.000 -0.055
17.738 0.000 -0.045
17.760 0.000 -0.036
17.783 0.000 -0.029
17.807 0.000 -0.024
17.831 0.000 -0.020
17.855 0.000 -0.017
17.880 0.000 -0.015
17.906 0.000 -0.015
17.932 0.000 -0.014
17.959 0.000 -0.015
17.986 0.000 -0.015
18.013 0.000 -0.013
18.040 0.000 -0.009
18.067 0.000 -0.002
18.094 0.000 0.006
18.121 0.000 0.017
18.148 0.000 0.031
18.175 0.000 0.041
18.201 0.000 0.043
18.227 0.000 0.036
18.252 0.000 0.026
18.278 0.000 0.018
18.303 0.000 0.011
18.328 0.000 0.006
18.353 0.000 0.003
18.378 0.000 0.001
18.403 0.000 0.001
18.428 0.000 0.003
18.453 0.000 0.006
18.478 0.000 0.011
18.504 0.000 0.016
18.529 0.000 0.019
18.555 0.000 0.020
18.580 0.000 0.020
18.605 0.000 0.017
18.631 0.000 0.010
18.656 0.000 0.002
18.682 0.000 -0.006
18.707 0.000 -0.012
18.732 0.000 -0.018
18.758 0.000 -0.022
18.783 0.000 -0.025
18.808 0.000 -0.028
18.833 0.000 -0.029
18.858 0.000 -0.030
18.883 0.000 -0.029
18.908 0.000 -0.027
18.933 0.000 -0.025
18.958 0.000 -0.021
18.983 0.000 -0.017
19.008 0.000 -0.012
19.033 0.000 -0.009
19.058 0.000 -0.006
19.083 0.000 -0.004
19.108 0.000 -0.003
19.133 0.000 -0.003
19.158 0.000 -0.004
19.183 0.000 -0.005
19.208 0.000 -0.007
19.234 0.000 -0.009
19.259 0.000 -0.013
19.284 0.000 -0.016
19.310 0.000 -0.021
19.335 0.000 -0.023
19.361 0.000 -0.021
19.386 0.000 -0.017
19.412 0.000 -0.013
19.437 0.000 -0.009
19.463 0.000 -0.006
19.489 0.000 -0.002
19.514 0.000 0.001
19.539 0.000 0.004
19.565 0.000 0.007
19.590 0.000 0.009
19.615 0.000 0.011
19.640 0.000 0.013
19.665 0.000 0.015
19.690 0.000 0.018
19.714 0.000 0.020
19.738 0.000 0.023
19.762 0.000 0.026
19.786 0.000 0.030
19.810 0.000 0.034
19.833 0.000 0.039
19.857 0.000 0.044
19.881 0.000 0.050
19.905 0.000 0.056
19.929 0.000 0.063
19.954 0.000 0.069
19.979 0.000 0.064
20.005 0.000 0.041
20.032 0.000 0.002
20.061 0.000 -0.051
20.090 0.000 -0.117
20.121 0.000 -0.198
20.154 0.000 1.724
20.154 0.000 0.224
20.178 0.000 0.141
20.202 0.000 0.077
20.226 0.000 0.031
20.251 0.000 0.004
20.276 0.000 -0.006
20.301 0.000 -0.009
20.327 0.000 -0.014
20.352 0.000 -0.018
20.378 0.000 -0.023
20.404 0.000 -0.027
20.430 0.000 -0.029
20.456 0.000 -0.031
20.482 0.000 -0.031
20.508 0.000 -0.029
20.534 0.000 -0.024
20.561 0.000 -0.016
20.587 0.000 -0.005
20.613 0.000 0.011
20.639 0.000 0.029
20.665 0.000 0.046
20.691 0.000 0.061
20.716 0.000 0.075
20.742 0.000 0.086
20.768 0.000 0.094
20.793 0.000 0.099
20.818 0.000 0.100
20.843 0.000 0.098
20.868 0.000 0.091
20.893 0.000 0.081
20.918 0.000 0.066
20.942 0.000 0.050
20.967 0.000 0.035
20.992 0.000 0.020
21.016 0.000 0.008
21.041 0.000 -0.004
21.066 0.000 -0.013
21.091 0.000 -0.022
21.117 0.000 -0.028
21.142 0.000 -0.033
21.168 0.000 -0.037
21.193 0.000 -0.040
21.219 0.000 -0.041
21.245 0.000 -0.040
21.270 0.000 -0.039
21.296 0.000 -0.035
21.322 0.000 -0.029
21.347 0.000 -0.023
21.373 0.000 -0.016
21.398 0.000 -0.011
21.424 0.000 -0.005
21.449 0.000 0.001
21.474 0.000 0.006
21.499 0.000 0.011
21.525 0.000 0.015
21.550 0.000 0.020
21.574 0.000 0.024
21.599 0.000 0.028
21.624 0.000 0.031
21.649 0.000 0.034
21.673 0.000 0.037
21.698 0.000 0.039
21.723 0.000 0.040
21.747 0.000 0.039
21.772 0.000 0.037
21.796 0.000 0.033
21.821 0.000 0.028
21.846 0.000 0.022
21.871 0.000 0.015
21.897 0.000 0.008
21.923 0.000 -0.000
21.950 0.000 -0.005
21.977 0.000 -0.008
22.004 0.000 -0.010
22.032 0.000 -0.013
22.060 0.000 -0.016
22.087 0.000 -0.020
22.115 0.000 -0.024
22.142 0.000 -0.029
22.168 0.000 -0.034
22.194 0.000 -0.041
22.219 0.000 -0.049
22.243 0.000 -0.058
22.267 0.000 -0.068
22.290 0.000 -0.079
22.311 0.000 -0.083
22.333 0.000 -0.072
22.353 0.000 -0.054
22.374 0.000 -0.036
22.394 0.000 -0.022
22.415 0.000 -0.011
22.436 0.000 -0.003
22.458 0.000 0.001
22.480 0.000 0.003
22.503 0.000 0.002
22.528 0.000 -0.001
22.552 0.000 -0.005
22.578 0.000 -0.010
22.605 0.000 -0.015
22.632 0.000 -0.019
22.659 0.000 -0.021
22.688 0.000 -0.022
22.717 0.000 -0.023
22.746 0.000 -0.023
22.775 0.000 -0.022
22.805 0.000 -0.021
22.835 0.000 -0.019
22.865 0.000 -0.017
22.895 0.000 -0.014
22.925 0.000 -0.011
22.954 0.000 -0.007
22.983 0.000 -0.002
23.011 0.000 0.002
23.039 0.000 0.006
23.066 0.000 0.009
23.093 0.000 0.011
23.119 0.000 0.013
23.145 0.000 0.014
23.170 0.000 0.015
23.195 0.000 0.014
23.212 0.000 0.013
23.228 0.000 0.011
23.244 0.000 0.009
23.260 0.000 0.006
23.276 0.000 0.002
23.292 0.000 -0.002
23.308 0.000 -0.006
23.324 0.000 -0.009
23.340 0.000 -0.012
23.356 0.000 -0.014
23.372 0.000 -0.015
23.388 0.000 -0.015
23.405 0.000 -0.015
23.421 0.000 -0.014
23.437 0.000 -0.012
23.453 0.000 -0.011
23.470 0.000 -0.009
23.486 0.000 -0.007
23.503 0.000 -0.006
23.520 0.000 -0.004
23.536 0.000 -0.002
23.553 0.000 -0.000
23.570 0.000 0.002
23.586 0.000 0.003
23.613 0.000 0.003
23.638 0.000 0.004
23.663 0.000 0.005
23.689 0.000 0.005
23.714 0.000 0.007
23.740 0.000 0.008
23.765 0.000 0.010
23.790 0.000 0.012
23.816 0.000 0.014
23.841 0.000 0.015
23.866 0.000 0.016
23.891 0.000 0.017
23.916 0.000 0.017
23.942 0.000 0.017
23.967 0.000 0.016
23.992 0.000 0.015
24.017 0.000 0.014
24.042 0.000 0.013
24.067 0.000 0.011
24.092 0.000 0.009
24.117 0.000 0.006
24.142 0.000 0.004
24.167 0.000 0.001
24.192 0.000 -0.002
24.217 0.000 -0.004
24.242 0.000 -0.005
24.267 0.000 -0.006
24.292 0.000 -0.007
24.317 0.000 -0.008
24.342 0.000 -0.008
24.368 0.000 -0.007
24.393 0.000 -0.006
24.418 0.000 -0.005
24.443 0.000 -0.003
24.468 0.000 -0.001
24.493 0.000 0.001
24.518 0.000 0.004
24.544 0.000 0.007
24.569 0.000 0.010
24.594 0.000 0.012
24.619 0.000 0.014
24.644 0.000 0.016
24.669 0.000 0.017
24.695 0.000 0.018
24.720 0.000 0.018
24.745 0.000 0.018
24.770 0.000 0.017
24.795 0.000 0.016
24.820 0.000 0.015
24.845 0.000 0.013
24.870 0.000 0.011
24.895 0.000 0.008
24.920 0.000 0.005
24.945 0.000 0.002
24.970 0.000 -0.001
24.996 0.000 -0.003
25.021 0.000 -0.004
25.046 0.000 -0.005
25.071 0.000 -0.006
25.096 0.000 -0.006
25.121 0.000 -0.006
25.146 0.000 -0.005
25.171 0.000 -0.004
25.196 0.000 -0.002
25.222 0.000 -0.000
25.247 0.000 0.002
25.272 0.000 0.005
25.297 0.000 0.008
25.322 0.000 0.011
25.347 0.000 0.014
25.373 0.000 0.016
25.398 0.000 0.018
25.423 0.000 0.020
25.448 0.000 0.021
25.473 0.000 0.022
25.498 0.000 0.023
25.523 0.000 0.024
25.548 0.000 0.024
25.573 0.000 0.023
25.599 0.000 0.023
25.624 0.000 0.022
25.649 0.000 0.021
25.674 0.000 0.020
25.699 0.000 0.018
25.724 0.000 0.016
25.749 0.000 0.014
25.774 0.000 0.011
25.799 0.000 0.009
25.824 0.000 0.006
25.849 0.000 0.003
25.874 0.000 0.000
25.899 0.000 -0.003
25.924 0.000 -0.006
25.950 0.000 -0.009
25.975 0.000 -0.012
26.000 0.000 -0.016
26.025 0.000 -0.019
26.050 0.000 -0.023
26.076 0.000 2.718
26.076 0.000 -0.013
26.101 0.000 -0.015
26.126 0.000 -0.017
26.152 0.000 -0.018
26.177 0.000 -0.020
26.202 0.000 -0.020
26.227 0.000 -0.020
26.252 0.000 -0.020
26.277 0.000 -0.019
26.302 0.000 -0.018
26.327 0.000 -0.017
26.352 0.000 -0.015
26.377 0.000 -0.012
26.402 0.000 -0.010
26.427 0.000 -0.007
26.452 0.000 -0.005
26.477 0.000 -0.002
26.502 0.000 0.001
26.527 0.000 0.004
26.552 0.000 0.007
26.577 0.000 0.010
26.602 0.000 0.013
26.627 0.000 0.016
26.652 0.000 0.019
26.677 0.000 0.023
26.702 0.000 0.026
26.727 0.000 0.030
26.752 0.000 0.034
26.777 0.000 0.038
26.802 0.000 0.042
26.827 0.000 0.046
26.852 0.000 0.050
26.878 0.000 0.052
26.903 0.000 0.054
26.928 0.000 0.054
26.953 0.000 0.053
26.978 0.000 0.051
27.003 0.000 0.047
27.028 0.000 0.043
27.053 0.000 0.037
27.078 0.000 0.031
27.103 0.000 0.023
27.128 0.000 0.014
27.153 0.000 0.004
27.178 0.000 -0.007
27.203 0.000 -0.019
27.228 0.000 -0.030
27.253 0.000 -0.040
27.278 0.000 -0.047
27.303 0.000 -0.053
27.328 0.000 -0.057
27.353 0.000 -0.059
27.378 0.000 -0.059
27.403 0.000 -0.054
27.411 0.000 -0.047
27.428 0.000 -0.041
27.445 0.000 -0.034
27.461 0.000 -0.028
27.478 0.000 -0.021
27.495 0.000 -0.014
27.512 0.000 -0.008
27.528 0.000 -0.001
27.545 0.000 0.004
27.562 0.000 0.010
27.579 0.000 0.014
27.595 0.000 0.018
27.612 0.000 0.022
27.629 0.000 0.025
27.646 0.000 0.027
27.662 0.000 0.029
27.679 0.000 0.030
27.696 0.000 0.031
27.712 0.000 0.032
27.729 0.000 0.032
27.746 0.000 0.032
27.762 0.000 0.031
27.779 0.000 0.030
27.796 0.000 0.028
27.812 0.000 0.026
27.829 0.000 0.024
27.846 0.000 0.021
27.862 0.000 0.018
27.879 0.000 0.015
27.896 0.000 0.011
27.912 0.000 0.007
27.929 0.000 0.003
27.946 0.000 -0.002
27.963 0.000 -0.007
27.979 0.000 -0.012
27.996 0.000 -0.018
28.013 0.000 -0.025
28.029 0.000 -0.032
28.046 0.000 -0.040
28.063 0.000 -0.045
28.080 0.000 -0.050
28.097 0.000 -0.053
28.113 0.000 -0.054
28.130 0.000 -0.054
28.147 0.000 -0.053
28.164 0.000 -0.050
28.180 0.000 -0.045
28.205 0.000 -0.038
28.231 0.000 -0.030
28.256 0.000 -0.021
28.281 0.000 -0.012
28.305 0.000 -0.002
28.330 0.000 0.008
28.355 0.000 0.019
28.380 0.000 0.028
28.404 0.000 0.036
28.429 0.000 0.043
28.453 0.000 0.048
28.478 0.000 0.051
28.502 0.000 0.052
28.527 0.000 0.052
28.552 0.000 0.051
28.577 0.000 0.048
28.603 0.000 0.045
28.628 0.000 0.037
28.655 0.000 0.024
28.681 0.000 0.010
28.708 0.000 -0.003
28.736 0.000 -0.015
28.763 0.000 -0.026
28.791 0.000 -0.036
28.818 0.000 -0.045
28.845 0.000 -0.055
28.872 0.000 -0.065
28.898 0.000 -0.074
28.924 0.000 -0.084
28.949 0.000 -0.094
28.973 0.000 -0.104
28.996 0.000 -0.110
29.019 0.000 -0.106
29.041 0.000 -0.091
29.062 0.000 -0.064
29.083 0.000 -0.034
29.104 0.000 -0.010
29.125 0.000 0.009
29.146 0.000 0.021
29.168 0.000 0.027
29.190 0.000 0.028
29.213 0.000 0.026
29.237 0.000 0.021
29.262 0.000 0.014
29.287 0.000 0.007
29.313 0.000 0.003
29.340 0.000 -0.001
29.368 0.000 -0.003
29.396 0.000 -0.005
29.424 0.000 -0.006
29.453 0.000 -0.007
29.482 0.000 -0.008
29.511 0.000 -0.009
29.541 0.000 -0.011
29.570 0.000 -0.013
29.600 0.000 -0.015
29.629 0.000 -0.018
29.658 0.000 -0.021
29.686 0.000 -0.024
29.714 0.000 -0.027
29.741 0.000 -0.030
29.768 0.000 -0.031
29.794 0.000 -0.031
29.820 0.000 -0.029
29.845 0.000 -0.027
29.871 0.000 -0.023
29.895 0.000 -0.018
29.920 0.000 -0.011
29.944 0.000 -0.003
29.968 0.000 0.006
29.992 0.000 0.015
30.016 0.000 0.020
30.040 0.000 0.023
30.064 0.000 0.024
30.088 0.000 0.022
30.113 0.000 0.019
30.137 0.000 0.017
30.162 0.000 0.015
30.186 0.000 0.013
30.211 0.000 0.011
30.236 0.000 0.009
30.261 0.000 0.007
30.286 0.000 0.005
30.311 0.000 0.003
30.336 0.000 0.001
30.362 0.000 -0.001
30.387 0.000 -0.004
30.413 0.000 -0.007
30.438 0.000 -0.010
30.464 0.000 -0.015
30.490 0.000 -0.020
30.516 0.000 -0.025
30.542 0.000 -0.032
30.569 0.000 -0.038
30.595 0.000 -0.045
30.621 0.000 -0.052
30.647 0.000 -0.057
30.672 0.000 -0.060
30.698 0.000 -0.059
30.723 0.000 -0.056
30.748 0.000 -0.050
30.773 0.000 -0.041
30.798 0.000 -0.029
30.822 0.000 -0.016
30.847 0.000 0.000
30.871 0.000 0.013
30.895 0.000 0.020
30.920 0.000 0.020
30.944 0.000 0.012
30.969 0.000 0.001
30.994 0.000 -0.010
31.019 0.000 -0.020
31.045 0.000 -0.030
31.071 0.000 -0.038
31.096 0.000 -0.044
31.122 0.000 -0.049
31.148 0.000 -0.052
31.174 0.000 -0.054
31.200 0.000 -0.054
31.226 0.000 -0.052
31.252 0.000 -0.047
31.278 0.000 -0.039
31.303 0.000 -0.030
31.328 0.000 -0.021
31.354 0.000 -0.013
31.379 0.000 -0.006
31.404 0.000 0.001
31.429 0.000 0.006
31.454 0.000 0.011
31.478 0.000 0.014
31.503 0.000 0.017
31.528 0.000 0.019
31.553 0.000 0.020
31.577 0.000 0.020
31.602 0.000 0.019
31.627 0.000 0.018
31.652 0.000 0.016
31.677 0.000 0.015
31.702 0.000 0.013
31.727 0.000 0.012
31.752 0.000 0.011
31.777 0.000 0.010
31.802 0.000 0.009
31.827 0.000 0.008
31.852 0.000 0.008
31.877 0.000 0.007
31.902 0.000 0.006
31.927 0.000 0.006
31.952 0.000 0.005
31.977 0.000 0.005
32.002 0.000 0.004
32.027 0.000 0.004
32.052 0.000 0.004
32.078 0.000 0.003
32.103 0.000 0.003
32.128 0.000 0.003
32.153 0.000 0.002
32.178 0.000 0.002
32.203 0.000 0.002
32.228 0.000 0.001
32.253 0.000 0.001
32.278 0.000 0.000
32.303 0.000 0.000
32.328 0.000 -0.000
32.353 0.000 -0.001
32.378 0.000 -0.001
32.403 0.000 -0.001
32.428 0.000 -0.002
32.453 0.000 -0.002
32.478 0.000 -0.002
32.503 0.000 -0.003
32.528 0.000 -0.003
32.553 0.000 -0.003
32.578 0.000 -0.003
32.603 0.000 -0.004
32.628 0.000 -0.004
32.653 0.000 -0.004
32.678 0.000 -0.004
32.703 0.000 -0.004
32.728 0.000 -0.004
32.753 0.000 -0.004
32.778 0.000 -0.005
32.803 0.000 -0.005
32.828 0.000 -0.005
32.853 0.000 -0.005
32.878 0.000 -0.005
32.903 0.000 -0.005
32.928 0.000 -0.005
32.953 0.000 -0.005
32.978 0.000 -0.005
33.003 0.000 -0.004
33.028 0.000 -0.004
33.053 0.000 -0.004
33.078 0.000 -0.004
33.103 0.000 -0.004
33.128 0.000 -0.004
33.153 0.000 -0.004
33.178 0.000 -0.003
33.203 0.000 -0.003
33.228 0.000 -0.003
33.253 0.000 -0.003
33.278 0.000 -0.003
33.303 0.000 -0.002
33.328 0.000 -0.002
33.353 0.000 -0.002
33.378 0.000 -0.002
33.403 0.000 -0.002
33.428 0.000 -0.002
33.453 0.000 -0.002
33.478 0.000 -0.001
33.503 0.000 -0.001
33.528 0.000 -0.001
33.553 0.000 -0.001
33.578 0.000 -0.001
33.603 0.000 -0.000
33.628 0.000 0.000
33.654 0.000 0.001
33.679 0.000 0.002
33.704 0.000 0.002
33.729 0.000 0.003
33.754 0.000 0.004
33.779 0.000 0.005
33.804 0.000 0.006
33.829 0.000 0.008
33.854 0.000 0.009
33.879 0.000 0.010
33.904 0.000 0.012
33.929 0.000 0.013
33.954 0.000 0.014
33.979 0.000 0.014
34.004 0.000 0.014
34.029 0.000 0.014
34.054 0.000 0.014
34.079 0.000 0.013
34.104 0.000 0.012
34.129 0.000 0.010
34.154 0.000 0.009
34.179 0.000 0.007
34.204 0.000 0.004
34.229 0.000 0.002
34.254 0.000 -0.001
34.279 0.000 -0.004
34.304 0.000 -0.007
34.329 0.000 -0.010
34.354 0.000 -0.012
34.379 0.000 -0.014
34.404 0.000 -0.015
34.429 0.000 -0.017
34.454 0.000 -0.018
34.479 0.000 -0.019
34.504 0.000 -0.019
34.529 0.000 -0.019
34.554 0.000 -0.019
34.579 0.000 -0.019
34.604 0.000 -0.018
34.629 0.000 -0.017
34.654 0.000 -0.016
34.679 0.000 -0.014
34.704 0.000 -0.013
34.729 0.000 -0.010
34.754 0.000 -0.008
34.779 0.000 -0.005
34.804 0.000 -0.002
34.829 0.000 0.001
34.854 0.000 0.004
34.879 0.000 0.008
34.904 0.000 0.012
34.929 0.000 0.017
34.954 0.000 0.021
34.979 0.000 0.026
35.005 0.000 0.032
35.030 0.000 -0.005
35.030 0.000 0.045
35.055 0.000 0.039
35.080 0.000 0.034
35.105 0.000 0.029
35.130 0.000 0.023
35.155 0.000 0.018
35.180 0.000 0.014
35.205 0.000 0.009
35.230 0.000 0.004
35.255 0.000 0.000
35.280 0.000 -0.004
35.305 0.000 -0.007
35.330 0.000 -0.010
35.355 0.000 -0.013
35.381 0.000 -0.016
35.406 0.000 -0.017
35.431 0.000 -0.019
35.456 0.000 -0.020
35.481 0.000 -0.021
35.506 0.000 -0.021
35.531 0.000 -0.021
35.556 0.000 -0.021
35.581 0.000 -0.020
35.606 0.000 -0.019
35.631 0.000 -0.018
35.656 0.000 -0.016
35.681 0.000 -0.014
35.706 0.000 -0.011
35.731 0.000 -0.008
35.757 0.000 -0.005
35.782 0.000 -0.001
35.807 0.000 0.003
35.832 0.000 0.007
35.857 0.000 0.011
35.882 0.000 0.015
35.907 0.000 0.018
35.932 0.000 0.021
35.957 0.000 0.022
35.982 0.000 0.023
36.007 0.000 0.023
36.032 0.000 0.022
36.057 0.000 0.020
36.082 0.000 0.017
36.107 0.000 0.014
36.132 0.000 0.009
36.158 0.000 0.004
36.183 0.000 -0.001
36.208 0.000 -0.006
36.233 0.000 -0.010
36.258 0.000 -0.013
36.283 0.000 -0.016
36.308 0.000 -0.017
36.333 0.000 -0.019
36.358 0.000 -0.019
36.384 0.000 -0.019
36.409 0.000 -0.018
36.434 0.000 -0.016
36.459 0.000 -0.014
36.484 0.000 -0.011
36.509 0.000 -0.007
36.534 0.000 -0.002
36.559 0.000 0.002
36.584 0.000 0.001
36.609 0.000 -0.004
36.634 0.000 -0.017
36.659 0.000 -0.040
36.684 0.000 -0.081
36.709 0.000 -0.156
36.734 0.000 2.990
36.774 0.000 -0.015
36.808 0.000 0.053
36.841 0.000 0.069
36.874 0.000 0.071
36.908 0.000 0.068
36.941 0.000 0.060
36.974 0.000 0.048
37.007 0.000 0.032
37.041 0.000 0.017
37.074 0.000 0.003
37.107 0.000 -0.009
37.140 0.000 -0.018
37.174 0.000 -0.026
37.207 0.000 -0.031
37.240 0.000 -0.035
37.274 0.000 -0.036
37.307 0.000 -0.036
37.341 0.000 -0.034
37.374 0.000 -0.030
37.407 0.000 -0.024
37.441 0.000 -0.019
37.474 0.000 -0.013
37.507 0.000 -0.007
37.541 0.000 -0.001
37.574 0.000 0.005
37.607 0.000 0.011
37.641 0.000 0.018
37.674 0.000 0.024
37.707 0.000 0.031
37.740 0.000 0.038
37.774 0.000 0.045
37.807 0.000 0.049
37.840 0.000 0.051
37.873 0.000 0.051
37.907 0.000 0.049
37.940 0.000 0.044
37.973 0.000 0.037
38.006 0.000 0.028
38.040 0.000 0.017
38.073 0.000 0.003
38.106 0.000 -0.013
38.140 0.000 -0.030
38.173 0.000 -0.046
38.207 0.000 -0.060
38.240 0.000 -0.070
38.273 0.000 -0.078
38.307 0.000 -0.082
38.340 0.000 -0.083
38.374 0.000 -0.080
38.407 0.000 -0.074
38.440 0.000 -0.064
38.473 0.000 -0.051
38.506 0.000 -0.034
38.540 0.000 -0.016
38.573 0.000 -0.000
38.606 0.000 0.014
38.639 0.000 0.025
38.672 0.000 0.034
38.706 0.000 0.042
38.739 0.000 0.047
38.773 0.000 0.049
38.806 0.000 0.050
38.840 0.000 0.049
38.873 0.000 0.046
38.906 0.000 0.041
38.940 0.000 0.035
38.973 0.000 0.029
39.006 0.000 0.023
39.040 0.000 0.016
39.073 0.000 0.009
39.106 0.000 0.002
39.140 0.000 -0.006
39.173 0.000 -0.014
39.206 0.000 -0.022
39.239 0.000 -0.030
39.273 0.000 -0.039
39.306 0.000 -0.046
39.339 0.000 -0.052
39.373 0.000 -0.055
39.406 0.000 -0.056
39.439 0.000 -0.055
39.473 0.000 -0.052
39.506 0.000 -0.047
39.539 0.000 -0.040
39.573 0.000 -0.030
39.606 0.000 -0.019
39.639 0.000 -0.006
39.672 0.000 0.008
39.706 0.000 0.020
39.739 0.000 0.031
39.772 0.000 0.039
39.805 0.000 0.045
39.839 0.000 0.049
39.872 0.000 0.051
39.905 0.000 0.051
39.939 0.000 0.049
39.972 0.000 0.045
40.005 0.000 0.039
40.039 0.000 0.031
40.072 0.000 0.023
40.105 0.000 0.015
40.139 0.000 0.008
40.172 0.000 0.000
40.205 0.000 -0.007
40.239 0.000 -0.013
40.272 0.000 -0.020
40.305 0.000 -0.026
40.338 0.000 -0.032
40.372 0.000 -0.038
40.405 0.000 -0.043
40.438 0.000 -0.047
40.472 0.000 -0.050
40.505 0.000 -0.050
40.538 0.000 -0.048
40.571 0.000 -0.045
40.605 0.000 -0.039
40.638 0.000 -0.031
40.671 0.000 -0.021
40.705 0.000 -0.009
40.738 0.000 0.004
40.771 0.000 0.020
40.805 0.000 0.037
40.838 0.000 0.051
40.871 0.000 0.061
40.905 0.000 0.068
40.938 0.000 0.072
40.971 0.000 0.073
41.005 0.000 0.070
41.038 0.000 0.064
41.071 0.000 0.055
41.105 0.000 0.042
41.138 0.000 0.026
41.171 0.000 0.007
41.204 0.000 -0.010
41.237 0.000 -0.025
41.270 0.000 -0.036
41.304 0.000 -0.045
41.337 0.000 -0.051
41.370 0.000 -0.053
41.404 0.000 -0.053
41.437 0.000 -0.050
41.470 0.000 -0.044
41.504 0.000 -0.035
41.537 0.000 -0.023
41.571 0.000 -0.010
41.604 0.000 0.002
41.638 0.000 0.011
41.671 0.000 0.019
41.704 0.000 0.024
41.738 0.000 0.028
41.771 0.000 0.029
41.804 0.000 0.028
41.837 0.000 0.024
41.871 0.000 0.018
41.904 0.000 0.009
41.937 0.000 -0.001
41.970 0.000 -0.010
42.003 0.000 -0.017
42.037 0.000 -0.021
42.070 0.000 -0.024
42.103 0.000 -0.024
42.137 0.000 -0.022
42.170 0.000 -0.017
42.203 0.000 -0.011
42.237 0.000 -0.002
42.270 0.000 0.008
42.303 0.000 0.021
42.337 0.000 0.032
42.370 0.000 0.042
42.404 0.000 0.048
42.437 0.000 0.053
42.470 0.000 0.054
42.504 0.000 0.054
42.537 0.000 0.051
42.570 0.000 0.045
42.603 0.000 0.037
42.637 0.000 0.027
42.670 0.000 0.014
42.703 0.000 -0.000
42.736 0.000 -0.012
42.769 0.000 -0.023
42.803 0.000 -0.031
42.836 0.000 -0.038
42.869 0.000 -0.042
42.903 0.000 -0.045
42.936 0.000 -0.046
42.969 0.000 -0.045
43.003 0.000 -0.041
43.036 0.000 -0.036
43.069 0.000 -0.030
43.103 0.000 -0.023
43.136 0.000 -0.016
43.169 0.000 -0.010
43.203 0.000 -0.004
43.236 0.000 0.002
43.269 0.000 0.007
43.303 0.000 0.012
43.336 0.000 0.016
43.369 0.000 0.020
43.402 0.000 0.024
43.436 0.000 0.027
43.469 0.000 0.030
43.502 0.000 0.033
43.536 0.000 0.036
43.569 0.000 0.040
43.602 0.000 0.043
43.635 0.000 0.047
43.669 0.000 0.050
43.702 0.000 0.054
43.735 0.000 0.059
43.769 0.000 0.064
43.802 0.000 0.072
43.835 0.000 0.051
43.835 0.000 -0.090
43.869 0.000 -0.096
43.902 0.000 -0.101
43.935 0.000 -0.087
44.060 0.000 -0.058
44.085 0.000 -0.006
44.110 0.000 0.032
44.135 0.000 0.021
44.160 0.000 0.017
44.185 0.000 0.018
44.210 0.000 0.021
44.235 0.000 0.022
44.260 0.000 0.023
44.285 0.000 0.023
44.310 0.000 0.022
44.335 0.000 0.021
44.360 0.000 0.018
44.385 0.000 0.017
44.411 0.000 0.016
44.436 0.000 0.015
44.461 0.000 0.015
44.486 0.000 0.015
44.511 0.000 0.016
44.536 0.000 0.017
44.561 0.000 0.019
44.586 0.000 0.020
44.611 0.000 0.022
44.636 0.000 0.022
44.661 0.000 0.022
44.686 0.000 0.021
44.711 0.000 0.019
44.736 0.000 0.017
44.761 0.000 0.014
44.786 0.000 0.010
44.811 0.000 0.006
44.836 0.000 0.001
44.861 0.000 -0.005
44.886 0.000 -0.011
44.911 0.000 -0.019
44.936 0.000 -0.027
44.961 0.000 -0.034
44.986 0.000 -0.040
45.011 0.000 -0.043
45.036 0.000 -0.045
45.061 0.000 -0.046
45.086 0.000 -0.046
45.111 0.000 -0.045
45.136 0.000 -0.043
45.161 0.000 -0.040
45.186 0.000 -0.036
45.211 0.000 -0.031
45.236 0.000 -0.026
45.261 0.000 -0.019
45.286 0.000 -0.011
45.311 0.000 -0.003
45.336 0.000 0.005
45.361 0.000 0.012
45.387 0.000 0.017
45.412 0.000 0.021
45.437 0.000 0.022
45.463 0.000 0.022
45.488 0.000 0.020
45.514 0.000 0.016
45.539 0.000 0.010
45.565 0.000 0.003
45.590 0.000 -0.005
45.616 0.000 -0.014
45.641 0.000 -0.024
45.667 0.000 -0.035
45.692 0.000 -0.044
45.717 0.000 -0.047
45.743 0.000 -0.045
45.768 0.000 -0.038
45.794 0.000 -0.025
45.819 0.000 -0.009
45.845 0.000 0.010
45.870 0.000 0.026
45.896 0.000 0.038
45.921 0.000 0.047
45.947 0.000 0.051
45.972 0.000 0.052
45.998 0.000 0.050
46.023 0.000 0.045
46.048 0.000 0.038
46.073 0.000 0.031
46.098 0.000 0.022
46.123 0.000 0.012
46.148 0.000 -0.000
46.172 0.000 -0.013
46.197 0.000 -0.027
46.221 0.000 -0.039
46.246 0.000 -0.042
46.271 0.000 -0.038
46.296 0.000 -0.027
46.322 0.000 -0.013
46.348 0.000 0.000
46.374 0.000 0.008
46.400 0.000 0.013
46.427 0.000 0.017
46.453 0.000 0.020
46.480 0.000 0.024
46.506 0.000 0.030
46.533 0.000 0.037
46.559 0.000 0.045
46.585 0.000 0.050
46.612 0.000 0.053
46.637 0.000 0.053
46.663 0.000 0.048
46.688 0.000 0.039
46.713 0.000 0.029
46.738 0.000 0.021
46.762 0.000 0.015
46.787 0.000 0.011
46.811 0.000 0.009
46.836 0.000 0.010
46.861 0.000 0.013
46.886 0.000 0.018
46.911 0.000 0.022
46.936 0.000 0.024
46.962 0.000 0.026
46.987 0.000 0.027
47.014 0.000 0.026
47.040 0.000 0.025
47.066 0.000 0.023
47.093 0.000 0.020
47.120 0.000 0.016
47.147 0.000 0.010
47.173 0.000 0.003
47.200 0.000 -0.006
47.226 0.000 -0.017
47.253 0.000 -0.031
47.278 0.000 -0.047
47.304 0.000 -0.068
47.329 0.000 -0.092
47.353 0.000 -0.120
47.378 0.000 -0.145
47.401 0.000 -0.155
47.425 0.000 -0.151
47.448 0.000 -0.132
47.472 0.000 -0.107
47.495 0.000 -0.082
47.519 0.000 -0.058
47.543 0.000 -0.035
47.567 0.000 -0.013
47.592 0.000 0.007
47.617 0.000 0.027
47.643 0.000 0.046
47.669 0.000 0.065
47.695 0.000 0.081
47.721 0.000 0.090
47.747 0.000 0.092
47.773 0.000 0.088
47.800 0.000 0.077
47.826 0.000 0.060
47.852 0.000 0.042
47.877 0.000 0.026
47.903 0.000 0.011
47.928 0.000 -0.003
47.953 0.000 -0.015
47.978 0.000 -0.024
48.003 0.000 -0.032
48.028 0.000 -0.039
48.053 0.000 -0.043
48.078 0.000 -0.045
48.102 0.000 -0.045
48.127 0.000 -0.044
48.152 0.000 -0.040
48.177 0.000 -0.034
48.202 0.000 -0.027
48.226 0.000 -0.019
48.251 0.000 -0.012
48.276 0.000 -0.005
48.301 0.000 0.000
48.326 0.000 0.005
48.351 0.000 0.010
48.376 0.000 0.013
48.401 0.000 0.016
48.426 0.000 0.018
48.451 0.000 0.020
48.476 0.000 0.020
48.501 0.000 0.020
48.526 0.000 0.020
48.551 0.000 0.018
48.576 0.000 0.016
48.602 0.000 0.014
48.627 0.000 0.011
48.652 0.000 0.009
48.677 0.000 0.007
48.702 0.000 0.005
48.727 0.000 0.003
48.752 0.000 0.001
48.777 0.000 -0.000
48.802 0.000 -0.002
48.827 0.000 -0.003
48.852 0.000 -0.004
48.877 0.000 -0.005
48.902 0.000 -0.006
48.927 0.000 -0.007
48.952 0.000 -0.008
48.977 0.000 -0.009
49.002 0.000 -0.009
49.027 0.000 -0.010
49.052 0.000 -0.010
49.077 0.000 -0.010
49.102 0.000 -0.010
49.127 0.000 -0.010
49.152 0.000 -0.010
49.177 0.000 -0.009
49.202 0.000 -0.008
49.227 0.000 -0.008
49.252 0.000 -0.007
49.277 0.000 -0.006
49.302 0.000 -0.004
49.327 0.000 -0.003
49.352 0.000 0.004
49.352 0.000 0.001
49.377 0.000 0.004
49.402 0.000 0.008
49.427 0.000 0.011
49.452 0.000 0.014
49.477 0.000 0.015
49.502 0.000 0.016
49.527 0.000 0.016
49.552 0.000 0.015
49.577 0.000 0.013
49.602 0.000 0.010
49.627 0.000 0.007
49.652 0.000 0.003
49.677 0.000 -0.000
49.702 0.000 -0.003
49.727 0.000 -0.005
49.752 0.000 -0.007
49.777 0.000 -0.009
49.802 0.000 -0.010
49.827 0.000 -0.010
49.852 0.000 -0.011
49.877 0.000 -0.010
49.902 0.000 -0.010
49.927 0.000 -0.009
49.952 0.000 -0.007
49.977 0.000 -0.005
50.002 0.000 -0.003
50.027 0.000 0.001
50.052 0.000 0.004
50.077 0.000 0.009
50.103 0.000 0.014
50.128 0.000 0.019
50.153 0.000 0.024
50.178 0.000 0.030
50.204 0.000 0.035
50.229 0.000 0.041
50.254 0.000 0.046
50.280 0.000 0.051
50.305 0.000 0.055
50.330 0.000 0.057
50.355 0.000 0.058
50.380 0.000 0.056
50.405 0.000 0.052
50.430 0.000 0.046
50.455 0.000 0.038
50.480 0.000 0.028
50.505 0.000 0.018
50.530 0.000 0.009
50.555 0.000 0.001
50.580 0.000 -0.006
50.605 0.000 -0.012
50.631 0.000 -0.017
50.656 0.000 -0.021
50.681 0.000 -0.024
50.706 0.000 -0.027
50.732 0.000 -0.028
50.757 0.000 -0.029
50.782 0.000 -0.029
50.808 0.000 -0.029
50.833 0.000 -0.027
50.858 0.000 -0.025
50.884 0.000 -0.023
50.909 0.000 -0.020
50.934 0.000 -0.016
50.959 0.000 -0.013
50.984 0.000 -0.009
51.009 0.000 -0.005
51.034 0.000 -0.001
51.059 0.000 0.003
51.085 0.000 0.006
51.110 0.000 0.010
51.135 0.000 0.014
51.160 0.000 0.018
51.185 0.000 0.022
51.210 0.000 0.026
51.235 0.000 0.031
51.260 0.000 0.035
51.286 0.000 0.038
51.311 0.000 0.040
51.336 0.000 0.042
51.361 0.000 0.042
51.386 0.000 0.042
51.411 0.000 0.041
51.437 0.000 0.039
51.462 0.000 0.037
51.487 0.000 0.033
51.512 0.000 0.029
51.537 0.000 0.024
51.562 0.000 0.018
51.587 0.000 0.011
51.612 0.000 0.003
51.637 0.000 -0.006
51.662 0.000 -0.013
51.687 0.000 -0.019
51.712 0.000 -0.024
51.737 0.000 -0.028
51.762 0.000 -0.030
51.787 0.000 -0.031
51.812 0.000 -0.030
51.837 0.000 -0.029
51.862 0.000 -0.026
51.887 0.000 -0.021
51.912 0.000 -0.016
51.937 0.000 -0.009
51.962 0.000 -0.001
51.988 0.000 0.008
52.013 0.000 0.018
52.038 0.000 0.027
52.063 0.000 0.035
52.088 0.000 0.040
52.113 0.000 0.044
52.138 0.000 0.046
52.163 0.000 0.046
52.188 0.000 0.044
52.213 0.000 0.040
52.238 0.000 0.035
52.263 0.000 0.028
52.288 0.000 0.020
52.313 0.000 0.012
52.338 0.000 0.003
52.363 0.000 -0.005
52.388 0.000 -0.014
52.413 0.000 -0.022
52.438 0.000 -0.029
52.463 0.000 -0.035
52.488 0.000 -0.039
52.513 0.000 -0.042
52.538 0.000 -0.044
52.563 0.000 -0.044
52.588 0.000 -0.044
52.613 0.000 -0.042
52.638 0.000 -0.039
52.663 0.000 -0.034
52.688 0.000 -0.028
52.713 0.000 -0.022
52.738 0.000 -0.014
52.763 0.000 -0.004
52.789 0.000 0.005
52.814 0.000 0.015
52.839 0.000 0.023
52.864 0.000 0.031
52.889 0.000 0.038
52.914 0.000 0.044
52.939 0.000 0.049
52.964 0.000 0.053
52.989 0.000 0.055
53.014 0.000 0.057
53.039 0.000 0.057
53.064 0.000 0.056
53.089 0.000 0.054
53.114 0.000 0.052
53.140 0.000 0.048
53.165 0.000 0.044
53.190 0.000 0.040
53.215 0.000 0.036
53.241 0.000 0.032
53.266 0.000 0.028
53.292 0.000 0.024
53.317 0.000 0.020
53.343 0.000 0.016
53.368 0.000 0.011
53.393 0.000 0.007
53.418 0.000 0.002
53.444 0.000 -0.003
53.469 0.000 -0.008
53.494 0.000 -0.014
53.519 0.000 -0.020
53.544 0.000 -0.025
53.569 0.000 -0.028
53.594 0.000 -0.028
53.619 0.000 -0.028
53.644 0.000 -0.027
53.669 0.000 -0.025
53.694 0.000 -0.023
53.719 0.000 -0.020
53.744 0.000 -0.017
53.769 0.000 -0.013
53.795 0.000 -0.009
53.820 0.000 -0.004
53.845 0.000 0.001
53.871 0.000 0.006
53.896 0.000 0.012
53.922 0.000 0.018
53.947 0.000 0.024
53.972 0.000 0.028
53.997 0.000 0.031
54.023 0.000 0.034
54.048 0.000 0.035
54.073 0.000 0.036
54.098 0.000 0.035
54.123 0.000 0.034
54.148 0.000 0.032
54.173 0.000 0.029
54.198 0.000 0.026
54.223 0.000 0.021
54.248 0.000 0.017
54.272 0.000 0.012
54.297 0.000 0.008
54.322 0.000 0.004
54.347 0.000 0.001
54.372 0.000 -0.002
54.397 0.000 -0.004
54.422 0.000 -0.007
54.447 0.000 -0.008
54.472 0.000 -0.009
54.497 0.000 -0.010
54.522 0.000 -0.010
54.547 0.000 -0.010
54.573 0.000 -0.010
54.598 0.000 -0.009
54.623 0.000 -0.007
54.648 0.000 -0.006
54.673 0.000 -0.003
54.698 0.000 -0.001
54.723 0.000 0.001
54.748 0.000 0.003
54.773 0.000 0.005
54.798 0.000 0.006
54.823 0.000 0.006
54.848 0.000 0.007
54.873 0.000 0.006
54.898 0.000 0.006
54.923 0.000 0.005
54.948 0.000 0.003
54.973 0.000 0.002
54.998 0.000 -0.001
55.023 0.000 -0.004
55.048 0.000 -0.007
55.073 0.000 -0.010
55.098 0.000 -0.014
55.123 0.000 -0.016
55.148 0.000 -0.018
55.173 0.000 -0.019
55.198 0.000 -0.020
55.223 0.000 -0.020
55.248 0.000 -0.020
55.273 0.000 -0.019
55.298 0.000 -0.017
55.323 0.000 -0.014
55.348 0.000 -0.011
55.373 0.000 -0.008
55.398 0.000 -0.003
55.423 0.000 0.001
55.448 0.000 0.007
55.473 0.000 0.012
55.498 0.000 0.016
55.523 0.000 0.020
55.548 0.000 0.022
55.573 0.000 0.024
55.599 0.000 0.026
55.624 0.000 0.027
55.649 0.000 0.027
55.674 0.000 0.027
55.699 0.000 0.026
55.724 0.000 0.025
55.749 0.000 0.024
55.774 0.000 0.022
55.799 0.000 0.019
55.824 0.000 0.016
55.849 0.000 0.013
55.874 0.000 0.010
55.899 0.000 0.007
55.924 0.000 0.004
55.949 0.000 0.001
55.974 0.000 -0.001
55.999 0.000 -0.004
56.024 0.000 -0.007
56.049 0.000 -0.009
56.074 0.000 -0.012
56.099 0.000 -0.014
56.124 0.000 -0.016
56.149 0.000 -0.019
56.174 0.000 -0.021
56.199 0.000 -0.023
56.224 0.000 -0.025
56.249 0.000 -0.027
56.274 0.000 -0.028
56.299 0.000 -0.029
56.324 0.000 -0.029
56.349 0.000 -0.028
56.374 0.000 -0.026
56.399 0.000 -0.024
56.424 0.000 -0.022
56.449 0.000 -0.018
56.474 0.000 -0.014
56.499 0.000 -0.009
56.524 0.000 -0.004
56.549 0.000 0.003
56.574 0.000 0.010
56.600 0.000 0.017
56.625 0.000 0.024
56.650 0.000 0.030
56.675 0.000 0.036
56.701 0.000 0.041
56.726 0.000 0.045
56.751 0.000 0.048
56.776 0.000 0.051
56.802 0.000 0.052
56.827 0.000 0.053
56.852 0.000 0.053
56.877 0.000 0.051
56.902 0.000 0.048
56.927 0.000 0.043
56.952 0.000 0.036
56.977 0.000 0.027
57.002 0.000 0.019
57.027 0.000 0.012
57.052 0.000 0.005
57.077 0.000 0.000
57.102 0.000 -0.003
57.127 0.000 -0.006
57.153 0.000 -0.007
57.178 0.000 -0.007
57.203 0.000 -0.006
57.228 0.000 -0.003
57.254 0.000 0.000
57.279 0.000 0.003
57.304 0.000 0.005
57.330 0.000 0.007
57.355 0.000 0.008
57.380 0.000 0.008
57.405 0.000 0.008
57.430 0.000 0.008
57.455 0.000 0.008
57.480 0.000 0.007
57.506 0.000 0.005
57.531 0.000 0.004
57.556 0.000 0.002
57.581 0.000 0.000
57.606 0.000 -0.001
57.631 0.000 -0.001
57.656 0.000 0.000
57.681 0.000 0.002
57.706 0.000 0.005
57.731 0.000 0.008
57.757 0.000 0.012
57.782 0.000 0.015
57.807 0.000 0.017
57.832 0.000 0.019
57.857 0.000 0.020
57.882 0.000 0.021
57.907 0.000 0.021
57.932 0.000 0.020
57.957 0.000 0.019
57.983 0.000 0.017
58.008 0.000 0.014
58.033 0.000 0.011
58.058 0.000 0.008
58.083 0.000 0.004
58.108 0.000 -0.001
58.133 0.000 -0.005
58.158 0.000 -0.008
58.183 0.000 -0.009
58.208 0.000 -0.009
58.233 0.000 -0.008
58.258 0.000 -0.006
58.283 0.000 -0.005
58.308 0.000 -0.003
58.333 0.000 -0.001
58.358 0.000 0.001
58.384 0.000 0.003
58.409 0.000 0.005
58.434 0.000 0.007
58.459 0.000 0.009
58.484 0.000 0.011
58.508 0.000 0.013
58.533 0.000 0.015
58.558 0.000 0.016
58.583 0.000 0.016
58.607 0.000 0.016
58.632 0.000 0.016
58.657 0.000 0.015
58.682 0.000 0.013
58.707 0.000 0.011
58.731 0.000 0.009
58.757 0.000 0.006
58.782 0.000 0.002
58.807 0.000 -0.002
58.832 0.000 -0.007
58.858 0.000 -0.012
58.884 0.000 -0.018
58.910 0.000 -0.024
58.936 0.000 -0.028
58.962 0.000 -0.032
58.989 0.000 -0.036
59.015 0.000 -0.038
59.042 0.000 -0.040
59.068 0.000 -0.042
59.094 0.000 -0.042
59.120 0.000 -0.041
59.146 0.000 -0.039
59.172 0.000 -0.036
59.197 0.000 -0.032
59.222 0.000 -0.026
59.248 0.000 -0.018
59.272 0.000 -0.009
59.297 0.000 0.003
59.322 0.000 0.016
59.346 0.000 0.030
59.371 0.000 0.047
59.395 0.000 0.065
59.420 0.000 0.079
59.445 0.000 0.082
59.470 0.000 0.074
59.496 0.000 0.056
59.521 0.000 0.029
59.547 0.000 0.001
59.573 0.000 -0.020
59.599 0.000 -0.035
59.625 0.000 -0.044
59.650 0.000 -0.047
59.675 0.000 -0.041
59.700 0.000 -0.025
59.725 0.000 -0.002
59.749 0.000 0.017
59.773 0.000 0.029
59.797 0.000 0.033
59.821 0.000 0.036
59.845 0.000 0.037
59.869 0.000 0.035
59.893 0.000 0.030
59.918 0.000 0.023
59.943 0.000 0.016
59.968 0.000 0.009
59.994 0.000 0.003
60.020 0.000 -0.002
60.046 0.000 -0.005
60.073 0.000 -0.007
60.100 0.000 -0.006
60.127 0.000 -0.003
60.154 0.000 0.002
60.180 0.000 0.008
60.207 0.000 0.013
60.234 0.000 0.017
60.260 0.000 0.021
60.286 0.000 0.026
60.312 0.000 0.031
60.337 0.000 0.035
60.363 0.000 0.040
60.388 0.000 0.044
60.413 0.000 0.048
60.438 0.000 0.050
60.463 0.000 0.052
60.487 0.000 0.052
60.512 0.000 0.051
60.536 0.000 0.048
60.561 0.000 0.039
60.586 0.000 0.027
60.611 0.000 0.015
60.636 0.000 0.004
60.661 0.000 -0.006
60.687 0.000 -0.016
60.713 0.000 -0.026
60.738 0.000 -0.035
60.764 0.000 -0.044
60.790 0.000 -0.053
60.815 0.000 -0.062
60.840 0.000 -0.071
60.865 0.000 -0.079
60.889 0.000 -0.083
60.913 0.000 -0.074
60.937 0.000 -0.054
60.961 0.000 -0.033
60.985 0.000 -0.014
61.009 0.000 0.002
61.033 0.000 0.015
61.058 0.000 0.025
61.082 0.000 0.033
61.107 0.000 0.039
61.133 0.000 0.043
61.158 0.000 0.044
61.184 0.000 0.044
61.210 0.000 0.042
61.236 0.000 0.039
61.263 0.000 0.034
61.289 0.000 0.028
61.316 0.000 0.020
61.342 0.000 0.011
61.368 0.000 0.000
61.394 0.000 -0.012
61.420 0.000 -0.022
61.446 0.000 -0.030
61.472 0.000 -0.036
61.497 0.000 -0.040
61.522 0.000 -0.041
61.547 0.000 -0.042
61.572 0.000 -0.042
61.597 0.000 -0.042
61.622 0.000 -0.041
61.646 0.000 -0.040
61.671 0.000 -0.039
61.696 0.000 -0.037
61.720 0.000 -0.035
61.745 0.000 -0.032
61.770 0.000 -0.029
61.794 0.000 -0.025
61.819 0.000 -0.022
61.844 0.000 -0.018
61.869 0.000 -0.014
61.894 0.000 -0.010
61.919 0.000 -0.006
61.944 0.000 -0.002
61.969 0.000 0.003
61.994 0.000 0.008
62.020 0.000 0.013
62.045 0.000 0.018
62.070 0.000 0.023
62.095 0.000 0.028
62.120 0.000 0.034
62.145 0.000 0.039
62.170 0.000 0.044
62.195 0.000 0.049
62.220 0.000 0.052
62.245 0.000 0.054
62.270 0.000 0.055
62.295 0.000 0.055
62.320 0.000 0.053
62.345 0.000 0.050
62.370 0.000 0.046
62.395 0.000 0.041
62.420 0.000 0.035
62.445 0.000 0.027
62.470 0.000 0.018
62.495 0.000 0.008
62.520 0.000 -0.003
62.545 0.000 -0.014
62.571 0.000 -0.023
62.596 0.000 -0.031
62.621 0.000 -0.039
62.646 0.000 -0.045
62.671 0.000 -0.051
62.696 0.000 -0.056
62.721 0.000 -0.059
62.746 0.000 -0.062
62.771 0.000 -0.063
62.796 0.000 -0.064
62.821 0.000 -0.064
62.846 0.000 -0.063
62.871 0.000 -0.060
62.896 0.000 -0.055
62.921 0.000 -0.050
62.946 0.000 -0.044
62.971 0.000 -0.039
62.996 0.000 -0.034
63.021 0.000 -0.029
63.047 0.000 -0.024
63.072 0.000 -0.019
63.097 0.000 -0.014
63.122 0.000 -0.009
63.147 0.000 -0.004
63.173 0.000 0.001
63.198 0.000 0.006
63.223 0.000 0.011
63.248 0.000 0.017
63.273 0.000 0.022
63.298 0.000 0.028
63.323 0.000 0.032
63.348 0.000 0.035
63.373 0.000 0.038
63.398 0.000 0.039
63.423 0.000 0.040
63.448 0.000 0.040
63.473 0.000 0.038
63.498 0.000 0.036
63.523 0.000 0.033
63.548 0.000 0.030
63.573 0.000 0.027
63.598 0.000 0.024
63.624 0.000 0.021
63.649 0.000 0.018
63.674 0.000 0.015
63.699 0.000 0.012
63.724 0.000 0.008
63.749 0.000 0.005
63.775 0.000 0.002
63.800 0.000 -0.002
63.825 0.000 -0.005
63.850 0.000 -0.008
63.875 0.000 -0.012
63.900 0.000 -0.015
63.925 0.000 -0.019
63.950 0.000 -0.023
63.975 0.000 -0.026
64.000 0.000 -0.030
64.025 0.000 -0.033
64.050 0.000 -0.035
64.075 0.000 -0.035
64.100 0.000 -0.033
64.125 0.000 -0.027
64.150 0.000 -0.020
64.175 0.000 -0.012
64.200 0.000 -0.004
64.225 0.000 0.003
64.250 0.000 0.009
64.276 0.000 0.014
64.301 0.000 0.019
64.326 0.000 0.023
64.351 0.000 0.026
64.376 0.000 0.028
64.402 0.000 0.030
64.427 0.000 0.031
64.452 0.000 0.031
64.477 0.000 0.031
64.502 0.000 0.030
64.527 0.000 0.029
64.552 0.000 0.028
64.577 0.000 0.026
64.602 0.000 0.024
64.627 0.000 0.021
64.652 0.000 0.018
64.677 0.000 0.015
64.702 0.000 0.012
64.727 0.000 0.008
64.752 0.000 0.003
64.777 0.000 -0.001
64.802 0.000 -0.007
64.827 0.000 -0.011
64.852 0.000 -0.015
64.877 0.000 -0.018
64.902 0.000 -0.020
64.927 0.000 -0.021
64.952 0.000 -0.020
64.977 0.000 -0.019
65.002 0.000 -0.016
65.027 0.000 -0.013
65.052 0.000 -0.008
65.077 0.000 -0.002
65.102 0.000 0.005
65.128 0.000 0.013
65.153 0.000 0.022
65.178 0.000 -1.587
65.178 0.000 -0.050
65.203 0.000 -0.042
65.228 0.000 -0.035
65.253 0.000 -0.028
65.278 0.000 -0.021
65.303 0.000 -0.015
65.328 0.000 -0.010
65.353 0.000 -0.005
65.378 0.000 0.000
65.403 0.000 0.005
65.428 0.000 0.009
65.453 0.000 0.012
65.478 0.000 0.015
65.503 0.000 0.018
65.528 0.000 0.020
65.553 0.000 0.022
65.578 0.000 0.023
65.603 0.000 0.024
65.628 0.000 0.025
65.653 0.000 0.024
65.678 0.000 0.024
65.703 0.000 0.023
65.728 0.000 0.021
65.753 0.000 0.020
65.778 0.000 0.017
65.803 0.000 0.014
65.828 0.000 0.011
65.853 0.000 0.007
65.878 0.000 0.003
65.903 0.000 -0.002
65.928 0.000 -0.007
65.953 0.000 -0.012
65.978 0.000 -0.016
66.003 0.000 -0.019
66.028 0.000 -0.022
66.053 0.000 -0.024
66.078 0.000 -0.024
66.103 0.000 -0.025
66.128 0.000 -0.024
66.153 0.000 -0.023
66.178 0.000 -0.022
66.203 0.000 -0.021
66.228 0.000 -0.019
66.253 0.000 -0.017
66.278 0.000 -0.014
66.303 0.000 -0.011
66.328 0.000 -0.008
66.353 0.000 -0.005
66.378 0.000 -0.001
66.403 0.000 0.002
66.428 0.000 0.005
66.453 0.000 0.008
66.478 0.000 0.011
66.503 0.000 0.013
66.528 0.000 0.014
66.553 0.000 0.016
66.578 0.000 0.017
66.603 0.000 0.017
66.628 0.000 0.017
66.654 0.000 0.017
66.679 0.000 0.017
66.704 0.000 0.016
66.729 0.000 0.015
66.754 0.000 0.013
66.779 0.000 0.012
66.804 0.000 0.010
66.829 0.000 0.008
66.854 0.000 0.006
66.879 0.000 0.005
66.904 0.000 0.003
66.929 0.000 0.002
66.954 0.000 0.000
66.979 0.000 -0.001
67.004 0.000 -0.002
67.029 0.000 -0.002
67.054 0.000 -0.003
67.079 0.000 -0.004
67.104 0.000 -0.004
67.129 0.000 -0.005
67.154 0.000 -0.006
67.212 0.000 -0.008
67.229 0.000 -0.010
67.245 0.000 -0.013
67.262 0.000 -0.015
67.279 0.000 -0.016
67.295 0.000 -0.016
67.312 0.000 -0.016
67.329 0.000 -0.015
67.345 0.000 -0.014
67.362 0.000 -0.013
67.379 0.000 -0.011
67.395 0.000 -0.009
67.412 0.000 -0.007
67.429 0.000 -0.006
67.445 0.000 -0.004
67.462 0.000 -0.003
67.479 0.000 -0.002
67.495 0.000 -0.000
67.512 0.000 0.001
67.529 0.000 0.002
67.545 0.000 0.003
67.562 0.000 0.004
67.579 0.000 0.005
67.595 0.000 0.005
67.612 0.000 0.006
67.629 0.000 0.007
67.646 0.000 0.007
67.662 0.000 0.007
67.679 0.000 0.008
67.696 0.000 0.008
67.712 0.000 0.008
67.729 0.000 0.008
67.746 0.000 0.008
67.762 0.000 0.008
67.779 0.000 0.008
67.796 0.000 0.008
67.812 0.000 0.007
67.829 0.000 0.007
67.846 0.000 0.006
67.862 0.000 0.005
67.879 0.000 0.005
67.896 0.000 0.004
67.912 0.000 0.003
67.929 0.000 0.002
67.946 0.000 0.001
67.962 0.000 0.000
67.979 0.000 -0.000
67.996 0.000 -0.001
68.012 0.000 -0.002
68.029 0.000 -0.002
68.046 0.000 -0.003
68.062 0.000 -0.003
68.079 0.000 -0.004
68.096 0.000 -0.004
68.112 0.000 -0.004
68.129 0.000 -0.004
68.146 0.000 -0.004
68.162 0.000 -0.004
68.179 0.000 -0.004
68.196 0.000 -0.004
68.212 0.000 -0.004
68.229 0.000 -0.004
68.246 0.000 -0.003
68.262 0.000 -0.003
68.279 0.000 -0.003
68.296 0.000 -0.002
68.312 0.000 -0.002
68.329 0.000 -0.001
68.346 0.000 -0.001
68.362 0.000 -0.001
68.379 0.000 -0.001
68.396 0.000 -0.000
68.412 0.000 -0.000
68.429 0.000 -0.000
68.446 0.000 -0.000
68.462 0.000 -0.000
68.479 0.000 -0.000
68.496 0.000 -0.001
68.512 0.000 -0.001
68.529 0.000 -0.001
68.546 0.000 -0.002
68.562 0.000 -0.003
68.579 0.000 -0.004
68.596 0.000 -0.005
68.612 0.000 -0.006
68.629 0.000 -0.007
68.646 0.000 -0.009
68.662 0.000 -0.011
68.679 0.000 -1.620
68.679 0.000 0.031
68.695 0.000 0.022
68.711 0.000 0.014
68.728 0.000 0.006
68.744 0.000 0.001
68.761 0.000 -0.004
68.777 0.000 -0.007
68.794 0.000 -0.010
68.810 0.000 -0.011
68.827 0.000 -0.011
68.843 0.000 -0.011
68.860 0.000 -0.009
68.877 0.000 -0.008
68.894 0.000 3.139
68.877 0.000 0.003
68.936 0.000 0.002
68.961 0.000 0.002
68.986 0.000 0.003
69.012 0.000 0.003
69.037 0.000 0.003
69.062 0.000 0.003
69.088 0.000 0.004
69.113 0.000 0.004
69.139 0.000 0.005
69.164 0.000 0.006
69.189 0.000 0.007
69.215 0.000 0.009
69.240 0.000 0.010
69.265 0.000 0.011
69.290 0.000 0.011
69.315 0.000 0.011
69.340 0.000 0.010
69.365 0.000 0.009
69.390 0.000 0.007
69.414 0.000 0.004
69.439 0.000 0.001
69.463 0.000 -0.003
69.488 0.000 -0.006
69.512 0.000 -0.009
69.536 0.000 -0.011
69.560 0.000 -0.012
69.584 0.000 -0.013
69.608 0.000 -0.012
69.632 0.000 -0.011
69.656 0.000 -0.009
69.681 0.000 -0.006
69.706 0.000 -0.003
69.731 0.000 0.002
69.757 0.000 0.006
69.783 0.000 0.011
69.809 0.000 0.017
69.836 0.000 0.022
69.864 0.000 0.023
69.892 0.000 0.011
69.920 0.000 -0.004
69.948 0.000 -0.012
69.975 0.000 -0.013
70.001 0.000 -0.006
70.026 0.000 0.014
70.048 0.000 0.052
70.069 0.000 0.111
70.089 0.000 0.157
70.109 0.000 0.165
70.129 0.000 0.148
70.150 0.000 0.120
70.172 0.000 0.088
70.195 0.000 0.054
70.221 0.000 0.025
70.247 0.000 0.005
70.275 0.000 -0.008
70.304 0.000 -0.016
70.333 0.000 -0.021
70.363 0.000 -0.022
70.393 0.000 -0.021
70.423 0.000 -0.016
70.453 0.000 -0.008
70.482 0.000 0.001
70.510 0.000 0.007
70.537 0.000 0.008
70.563 0.000 0.003
70.589 0.000 -0.004
70.615 0.000 -0.009
70.640 0.000 -0.013
70.664 0.000 -0.015
70.689 0.000 -0.016
70.713 0.000 -0.016
70.737 0.000 -0.015
70.761 0.000 -0.013
70.785 0.000 -0.010
70.809 0.000 -0.005
70.833 0.000 -0.000
70.857 0.000 0.006
70.882 0.000 0.011
70.907 0.000 0.016
70.932 0.000 0.020
70.958 0.000 0.024
70.983 0.000 0.027
71.009 0.000 0.030
71.034 0.000 0.032
71.060 0.000 0.034
71.085 0.000 0.035
71.110 0.000 0.034
71.135 0.000 0.032
71.160 0.000 0.028
71.185 0.000 0.022
71.210 0.000 0.013
71.234 0.000 0.001
71.259 0.000 -0.013
71.283 0.000 -0.026
71.308 0.000 -0.037
71.332 0.000 -0.046
71.357 0.000 -0.053
71.381 0.000 -0.058
71.406 0.000 -0.060
71.431 0.000 -0.059
71.457 0.000 -0.056
71.482 0.000 -0.051
71.508 0.000 -0.042
71.534 0.000 -0.031
71.560 0.000 -0.017
71.586 0.000 -0.001
71.612 0.000 0.019
71.639 0.000 0.039
71.665 0.000 0.058
71.692 0.000 0.075
71.718 0.000 0.089
71.745 0.000 0.102
71.771 0.000 0.113
71.797 0.000 0.121
71.822 0.000 0.127
71.848 0.000 0.131
71.873 0.000 0.132
71.898 0.000 0.129
71.922 0.000 0.119
71.946 0.000 0.103
71.971 0.000 0.080
71.994 0.000 0.050
72.018 0.000 0.017
72.042 0.000 -0.012
72.066 0.000 -0.036
72.090 0.000 -0.056
72.115 0.000 -0.071
72.139 0.000 -0.082
72.164 0.000 -0.089
72.190 0.000 -0.092
72.215 0.000 -0.092
72.241 0.000 -0.089
72.267 0.000 -0.082
72.293 0.000 -0.072
72.319 0.000 -0.060
72.345 0.000 -0.044
72.371 0.000 -0.024
72.396 0.000 -0.003
72.422 0.000 0.016
72.447 0.000 0.031
72.473 0.000 0.043
72.498 0.000 0.053
72.523 0.000 0.058
72.548 0.000 0.061
72.573 0.000 0.065
72.631 0.000 0.066
72.648 0.000 0.063
72.664 0.000 0.059
72.681 0.000 0.055
72.697 0.000 0.051
72.714 0.000 0.045
72.730 0.000 0.039
72.747 0.000 0.030
72.763 0.000 0.021
72.780 0.000 0.011
72.796 0.000 0.002
72.813 0.000 -0.005
72.830 0.000 -0.012
72.846 0.000 -0.017
72.863 0.000 -0.022
72.879 0.000 -0.025
72.896 0.000 -0.028
72.913 0.000 -0.031
72.929 0.000 -0.033
72.946 0.000 -0.034
72.963 0.000 -0.035
72.979 0.000 -0.035
72.996 0.000 -0.034
73.013 0.000 -0.033
73.030 0.000 -0.031
73.046 0.000 -0.029
73.063 0.000 -0.027
73.080 0.000 -0.025
73.096 0.000 -0.022
73.113 0.000 -0.020
73.130 0.000 -0.017
73.147 0.000 -0.014
73.163 0.000 -0.011
73.180 0.000 -0.009
73.197 0.000 -0.006
73.214 0.000 -0.004
73.230 0.000 -0.001
73.247 0.000 0.001
73.264 0.000 0.003
73.281 0.000 0.005
73.297 0.000 0.006
73.314 0.000 0.008
73.331 0.000 0.009
73.347 0.000 0.010
73.364 0.000 0.011
73.381 0.000 0.012
73.397 0.000 0.013
73.414 0.000 0.014
73.431 0.000 0.014
73.447 0.000 0.015
73.464 0.000 0.015
73.480 0.000 0.015
73.497 0.000 0.015
73.514 0.000 0.015
73.530 0.000 0.014
73.547 0.000 0.014
73.563 0.000 0.014
73.580 0.000 0.013
73.596 0.000 0.013
73.612 0.000 0.012
73.629 0.000 0.012
73.645 0.000 0.011
73.662 0.000 0.010
73.678 0.000 0.010
73.695 0.000 0.008
73.711 0.000 0.007
73.728 0.000 0.005
73.744 0.000 0.003
73.761 0.000 -3.140
73.744 0.000 0.000
73.803 0.000 -0.001
73.828 0.000 -0.003
73.853 0.000 -0.004
73.878 0.000 -0.005
73.904 0.000 -0.006
73.929 0.000 -0.007
73.955 0.000 -0.009
73.981 0.000 -0.012
74.007 0.000 -0.013
74.033 0.000 -0.014
74.059 0.000 -0.013
74.085 0.000 -0.011
74.111 0.000 -0.008
74.137 0.000 -0.004
74.163 0.000 0.002
74.188 0.000 0.010
74.213 0.000 0.018
74.238 0.000 0.028
74.262 0.000 0.038
74.286 0.000 0.048
74.310 0.000 0.057
74.334 0.000 0.060
74.359 0.000 0.058
74.383 0.000 0.055
74.407 0.000 0.050
74.432 0.000 0.044
74.457 0.000 0.037
74.482 0.000 0.030
74.507 0.000 0.024
74.533 0.000 0.017
74.559 0.000 0.011
74.585 0.000 0.005
74.611 0.000 -0.001
74.637 0.000 -0.006
74.664 0.000 -0.009
74.690 0.000 -0.009
74.716 0.000 -0.007
74.742 0.000 -0.003
74.767 0.000 0.002
74.793 0.000 0.007
74.818 0.000 0.011
74.843 0.000 0.015
74.868 0.000 0.019
74.892 0.000 0.023
74.917 0.000 0.026
74.942 0.000 0.028
74.966 0.000 0.029
74.991 0.000 0.028
75.016 0.000 0.027
75.041 0.000 0.023
75.066 0.000 0.018
75.091 0.000 0.013
75.116 0.000 0.006
75.141 0.000 -0.002
75.167 0.000 -0.010
75.193 0.000 -0.019
75.219 0.000 -0.027
75.245 0.000 -0.032
75.271 0.000 -0.034
75.298 0.000 -0.034
75.324 0.000 -0.033
75.350 0.000 -0.032
75.376 0.000 -0.032
75.402 0.000 -0.032
75.428 0.000 -0.034
75.453 0.000 -0.035
75.478 0.000 -0.037
75.503 0.000 -0.039
75.527 0.000 -0.039
75.551 0.000 -0.038
75.575 0.000 -0.035
75.598 0.000 -0.028
75.621 0.000 -0.023
75.645 0.000 -0.022
75.668 0.000 -0.022
75.692 0.000 -0.018
75.716 0.000 -0.013
75.740 0.000 -0.007
75.765 0.000 -0.001
75.790 0.000 0.006
75.815 0.000 0.012
75.841 0.000 0.017
75.867 0.000 0.021
75.894 0.000 0.025
75.920 0.000 0.027
75.947 0.000 0.028
75.974 0.000 0.027
76.002 0.000 0.025
76.029 0.000 0.023
76.056 0.000 0.019
76.083 0.000 0.016
76.111 0.000 0.012
76.137 0.000 0.008
76.164 0.000 0.004
76.190 0.000 0.000
76.216 0.000 -0.003
76.242 0.000 -0.006
76.267 0.000 -0.009
76.292 0.000 -0.011
76.317 0.000 -0.014
76.342 0.000 -0.017
76.367 0.000 -0.019
76.392 0.000 -0.022
76.416 0.000 -0.025
76.441 0.000 -0.028
76.465 0.000 -0.030
76.490 0.000 -0.033
76.514 0.000 -0.036
76.539 0.000 -0.039
76.564 0.000 -0.039
76.588 0.000 -0.038
76.613 0.000 -0.035
76.638 0.000 -0.030
76.663 0.000 -0.025
76.688 0.000 -0.019
76.713 0.000 -0.014
76.738 0.000 -0.009
76.763 0.000 -0.004
76.788 0.000 0.000
76.813 0.000 0.004
76.839 0.000 0.008
76.864 0.000 0.012
76.889 0.000 0.015
76.914 0.000 0.018
76.939 0.000 0.021
76.964 0.000 0.023
76.989 0.000 0.025
77.014 0.000 0.026
77.039 0.000 0.026
77.064 0.000 0.026
77.089 0.000 0.026
77.114 0.000 0.025
77.139 0.000 0.024
77.164 0.000 0.022
77.189 0.000 0.020
77.214 0.000 0.017
77.239 0.000 0.014
77.264 0.000 0.011
77.289 0.000 0.007
77.314 0.000 0.002
77.339 0.000 -0.003
77.364 0.000 -0.008
77.389 0.000 -0.011
77.414 0.000 -0.015
77.439 0.000 -0.017
77.464 0.000 -0.019
77.489 0.000 -0.021
77.514 0.000 -0.022
77.539 0.000 -0.022
77.564 0.000 -0.022
77.589 0.000 -0.021
77.614 0.000 -0.020
77.639 0.000 -0.018
77.664 0.000 -0.015
77.689 0.000 -0.012
77.714 0.000 -0.009
77.739 0.000 -0.006
77.764 0.000 -0.003
77.789 0.000 0.001
77.813 0.000 0.005
77.838 0.000 0.009
77.863 0.000 0.013
77.888 0.000 0.017
77.913 0.000 0.022
77.938 0.000 0.027
77.963 0.000 0.032
77.988 0.000 0.035
78.014 0.000 0.034
78.039 0.000 0.029
78.064 0.000 0.021
78.090 0.000 0.012
78.116 0.000 0.004
78.141 0.000 -0.004
78.167 0.000 -0.012
78.192 0.000 -0.019
78.218 0.000 -0.027
78.243 0.000 -0.034
78.268 0.000 -0.042
78.294 0.000 -0.049
78.319 0.000 -0.054
78.343 0.000 -0.054
78.368 0.000 -0.050
78.392 0.000 -0.041
78.417 0.000 -0.028
78.441 0.000 -0.011
78.466 0.000 0.003
78.490 0.000 0.014
78.514 0.000 0.021
78.539 0.000 0.024
78.564 0.000 0.024
78.589 0.000 0.021
78.614 0.000 0.014
78.639 0.000 0.007
78.664 0.000 0.000
78.690 0.000 -0.005
78.716 0.000 -0.010
78.741 0.000 -0.013
78.767 0.000 -0.016
78.793 0.000 -0.018
78.819 0.000 -0.018
78.844 0.000 -0.018
78.870 0.000 -0.016
78.895 0.000 -0.012
78.921 0.000 -0.006
78.946 0.000 0.002
78.971 0.000 0.011
78.997 0.000 0.018
79.022 0.000 0.024
79.047 0.000 0.028
79.071 0.000 0.031
79.096 0.000 0.033
79.121 0.000 0.033
79.146 0.000 0.031
79.170 0.000 0.028
79.195 0.000 0.022
79.220 0.000 0.017
79.244 0.000 0.012
79.269 0.000 0.009
79.294 0.000 0.006
79.319 0.000 0.004
79.344 0.000 0.002
79.369 0.000 -0.000
79.394 0.000 -0.002
79.419 0.000 -0.004
79.444 0.000 -0.005
79.469 0.000 -0.006
79.495 0.000 -0.006
79.520 0.000 -0.006
79.546 0.000 -0.006
79.571 0.000 -0.006
79.597 0.000 -0.005
79.622 0.000 -0.004
79.647 0.000 -0.002
79.673 0.000 -0.000
79.698 0.000 0.002
79.724 0.000 0.005
79.749 0.000 0.008
79.774 0.000 0.012
79.799 0.000 0.016
79.825 0.000 0.020
79.849 0.000 0.025
79.874 0.000 0.030
79.899 0.000 0.036
79.923 0.000 0.043
79.948 0.000 0.050
79.972 0.000 1.548
79.972 0.000 -0.079
79.996 0.000 -0.068
80.021 0.000 -0.057
80.046 0.000 -0.046
80.071 0.000 -0.037
80.096 0.000 -0.028
80.121 0.000 -0.020
80.146 0.000 -0.012
80.171 0.000 -0.005
80.197 0.000 0.001
80.222 0.000 0.006
80.247 0.000 0.011
80.272 0.000 0.015
80.297 0.000 0.018
80.322 0.000 0.021
80.347 0.000 0.024
80.373 0.000 0.025
80.398 0.000 0.026
80.423 0.000 0.027
80.448 0.000 0.027
80.473 0.000 0.026
80.498 0.000 0.025
80.523 0.000 0.024
80.548 0.000 0.021
80.574 0.000 0.018
80.599 0.000 0.015
80.624 0.000 0.013
80.649 0.000 0.011
80.673 0.000 0.010
80.698 0.000 0.009
80.723 0.000 0.009
80.748 0.000 0.009
80.773 0.000 0.008
80.798 0.000 0.007
80.822 0.000 0.005
80.847 0.000 0.003
80.872 0.000 -0.000
80.897 0.000 -0.004
80.922 0.000 -0.008
80.947 0.000 -0.012
80.972 0.000 -0.017
80.997 0.000 -0.022
81.022 0.000 -0.027
81.047 0.000 -0.033
81.073 0.000 -0.039
81.099 0.000 -0.045
81.125 0.000 -0.049
81.151 0.000 -0.049
81.177 0.000 -0.044
81.204 0.000 -0.035
81.230 0.000 -0.021
81.257 0.000 -0.007
81.283 0.000 0.005
81.309 0.000 0.015
81.336 0.000 0.023
81.362 0.000 0.029
81.387 0.000 0.032
81.413 0.000 0.034
81.438 0.000 0.034
81.463 0.000 0.031
81.488 0.000 0.027
81.512 0.000 0.021
81.536 0.000 0.013
81.559 0.000 0.003
81.583 0.000 -0.003
81.606 0.000 -0.001
81.630 0.000 0.004
81.653 0.000 0.007
81.677 0.000 0.008
81.700 0.000 0.008
81.724 0.000 0.005
81.749 0.000 -0.001
81.774 0.000 -0.008
81.799 0.000 -0.018
81.825 0.000 -0.030
81.851 0.000 -0.044
81.877 0.000 -0.060
81.904 0.000 -0.074
81.931 0.000 -0.082
81.958 0.000 -0.084
81.985 0.000 -0.081
82.013 0.000 -0.073
82.041 0.000 -0.063
82.068 0.000 -0.052
82.096 0.000 -0.037
82.123 0.000 -0.020
82.150 0.000 0.001
82.177 0.000 0.026
82.203 0.000 0.055
82.229 0.000 0.088
82.254 0.000 0.124
82.279 0.000 0.155
82.303 0.000 0.173
82.326 0.000 0.175
82.349 0.000 0.162
82.372 0.000 0.135
82.395 0.000 0.100
82.418 0.000 0.068
82.441 0.000 0.042
82.465 0.000 0.024
82.489 0.000 0.011
82.514 0.000 0.005
82.540 0.000 0.004
82.566 0.000 0.007
82.592 0.000 0.013
82.619 0.000 0.019
82.647 0.000 0.023
82.674 0.000 0.025
82.702 0.000 0.023
82.729 0.000 0.019
82.757 0.000 0.010
82.784 0.000 -0.003
82.810 0.000 -0.017
82.837 0.000 -0.029
82.863 0.000 -0.039
82.888 0.000 -0.047
82.914 0.000 -0.052
82.939 0.000 -0.055
82.964 0.000 -0.055
82.989 0.000 -0.053
83.014 0.000 -0.049
83.039 0.000 -0.042
83.063 0.000 -0.033
83.088 0.000 -0.021
83.112 0.000 -0.007
83.136 0.000 0.009
83.161 0.000 0.026
83.185 0.000 0.040
83.209 0.000 0.047
83.234 0.000 0.046
83.259 0.000 0.041
83.284 0.000 0.034
83.309 0.000 0.028
83.334 0.000 0.021
83.359 0.000 0.013
83.385 0.000 0.006
83.410 0.000 -0.001
83.436 0.000 -0.007
83.462 0.000 -0.014
83.487 0.000 -0.019
83.513 0.000 -0.025
83.539 0.000 -0.029
83.564 0.000 -0.033
83.590 0.000 -0.036
83.615 0.000 -0.037
83.641 0.000 -0.038
83.666 0.000 -0.038
83.691 0.000 -0.037
83.716 0.000 -0.035
83.741 0.000 -0.032
83.766 0.000 -0.029
83.791 0.000 -0.025
83.816 0.000 -0.020
83.841 0.000 -0.014
83.866 0.000 -0.008
83.891 0.000 -0.001
83.915 0.000 0.005
83.940 0.000 0.010
83.965 0.000 0.014
83.990 0.000 0.018
84.015 0.000 0.020
84.040 0.000 0.022
84.065 0.000 0.024
84.090 0.000 0.024
84.115 0.000 0.024
84.140 0.000 0.023
84.165 0.000 0.022
84.190 0.000 0.020
84.216 0.000 0.017
84.241 0.000 0.013
84.266 0.000 0.008
84.291 0.000 0.002
84.316 0.000 -0.006
84.341 0.000 -0.014
84.367 0.000 -0.020
84.392 0.000 -0.026
84.417 0.000 -0.030
84.442 0.000 -0.033
84.467 0.000 -0.034
84.492 0.000 -0.035
84.518 0.000 -0.034
84.543 0.000 -0.031
84.568 0.000 -0.028
84.593 0.000 -0.024
84.618 0.000 -0.020
84.643 0.000 -0.015
84.668 0.000 -0.010
84.693 0.000 -0.005
84.719 0.000 -0.002
84.744 0.000 -0.001
84.770 0.000 -0.002
84.795 0.000 -0.005
84.821 0.000 -0.010
84.847 0.000 -0.016
84.872 0.000 -0.024
84.898 0.000 -0.032
84.924 0.000 -0.039
84.949 0.000 -0.042
84.975 0.000 -0.043
85.000 0.000 -0.039
85.025 0.000 -0.033
85.051 0.000 -0.024
85.076 0.000 -0.012
85.101 0.000 0.001
85.126 0.000 0.012
85.151 0.000 0.020
85.176 0.000 0.026
85.201 0.000 0.029
85.226 0.000 0.029
85.251 0.000 0.026
85.277 0.000 0.023
85.302 0.000 0.018
85.328 0.000 0.013
85.353 0.000 0.007
85.379 0.000 0.002
85.405 0.000 -0.004
85.430 0.000 -0.010
85.456 0.000 -0.015
85.481 0.000 -0.020
85.506 0.000 -0.024
85.532 0.000 -0.027
85.557 0.000 -0.029
85.582 0.000 -0.031
85.607 0.000 -0.033
85.632 0.000 -0.034
85.657 0.000 -0.034
85.682 0.000 -0.034
85.707 0.000 -0.034
85.732 0.000 -0.033
85.757 0.000 -0.032
85.782 0.000 -0.030
85.807 0.000 -0.028
85.832 0.000 -0.026
85.857 0.000 -0.023
85.882 0.000 -0.018
85.907 0.000 -0.012
85.932 0.000 -0.007
85.957 0.000 -0.002
85.982 0.000 0.002
86.007 0.000 0.006
86.032 0.000 0.009
86.057 0.000 0.012
86.082 0.000 0.015
86.108 0.000 0.017
86.133 0.000 0.019
86.158 0.000 0.021
86.183 0.000 0.022
86.208 0.000 0.022
86.233 0.000 0.022
86.258 0.000 0.022
86.283 0.000 0.021
86.308 0.000 0.020
86.333 0.000 0.019
86.358 0.000 0.017
86.383 0.000 0.014
86.408 0.000 0.011
86.433 0.000 0.008
86.459 0.000 0.004
86.484 0.000 0.000
86.509 0.000 -0.004
86.534 0.000 -0.009
86.559 0.000 -0.015
86.584 0.000 -0.021
86.609 0.000 -0.001
86.609 0.000 0.009
86.634 0.000 0.005
86.658 0.000 0.002
86.683 0.000 -0.002
86.708 0.000 -0.005
86.733 0.000 -0.007
86.758 0.000 -0.009
86.783 0.000 -0.011
86.808 0.000 -0.013
86.833 0.000 -0.014
86.858 0.000 -0.015
86.883 0.000 -0.015
86.909 0.000 -0.015
86.934 0.000 -0.015
86.959 0.000 -0.015
86.984 0.000 -0.014
87.009 0.000 -0.013
87.034 0.000 -0.011
87.059 0.000 -0.010
87.084 0.000 -0.007
87.109 0.000 -0.005
87.134 0.000 -0.002
87.159 0.000 0.001
87.184 0.000 0.004
87.209 0.000 0.008
87.234 0.000 0.011
87.259 0.000 0.014
87.284 0.000 0.018
87.309 0.000 0.021
87.334 0.000 0.024
87.359 0.000 0.027
87.384 0.000 0.030
87.409 0.000 0.031
87.433 0.000 0.031
87.458 0.000 0.031
87.483 0.000 0.029
87.508 0.000 0.026
87.533 0.000 0.022
87.558 0.000 0.017
87.582 0.000 0.012
87.607 0.000 0.005
87.633 0.000 -0.003
87.658 0.000 -0.012
87.683 0.000 -0.022
87.708 0.000 -0.033
87.734 0.000 -0.044
87.759 0.000 -0.055
87.785 0.000 -0.061
87.811 0.000 -0.064
87.836 0.000 -0.063
87.862 0.000 -0.057
87.888 0.000 -0.050
87.913 0.000 -0.042
87.939 0.000 -0.034
87.964 0.000 -0.026
87.989 0.000 -0.018
88.014 0.000 -0.010
88.039 0.000 -0.001
88.063 0.000 0.009
88.088 0.000 0.019
88.112 0.000 0.030
88.136 0.000 0.039
88.161 0.000 0.041
88.185 0.000 0.036
88.210 0.000 0.029
88.234 0.000 0.023
88.259 0.000 0.017
88.284 0.000 0.012
88.310 0.000 0.008
88.335 0.000 0.004
88.361 0.000 -0.000
88.387 0.000 -0.004
88.413 0.000 -0.008
88.439 0.000 -0.012
88.465 0.000 -0.017
88.491 0.000 -0.022
88.517 0.000 -0.026
88.543 0.000 -0.030
88.569 0.000 -0.033
88.595 0.000 -0.036
88.620 0.000 -0.038
88.646 0.000 -0.040
88.671 0.000 -0.042
88.697 0.000 -0.042
88.722 0.000 -0.043
88.747 0.000 -0.042
88.772 0.000 -0.041
88.797 0.000 -0.040
88.821 0.000 -0.038
88.846 0.000 -0.035
88.871 0.000 -0.031
88.895 0.000 -0.023
88.920 0.000 -0.016
88.945 0.000 -0.010
88.969 0.000 -0.004
88.994 0.000 0.000
89.019 0.000 0.004
89.044 0.000 0.007
89.069 0.000 0.010
89.094 0.000 0.012
89.119 0.000 0.013
89.145 0.000 0.013
89.170 0.000 0.013
89.195 0.000 0.011
89.221 0.000 0.008
89.246 0.000 0.003
89.271 0.000 -0.003
89.297 0.000 -0.008
89.322 0.000 -0.012
89.347 0.000 -0.014
89.372 0.000 -0.015
89.397 0.000 -0.015
89.422 0.000 -0.012
89.447 0.000 -0.009
89.472 0.000 -0.004
89.497 0.000 0.003
89.522 0.000 0.009
89.547 0.000 0.013
89.572 0.000 0.015
89.597 0.000 0.016
89.622 0.000 0.014
89.647 0.000 0.010
89.672 0.000 0.006
89.696 0.000 0.002
89.721 0.000 -0.002
89.746 0.000 -0.005
89.771 0.000 -0.008
89.796 0.000 -0.010
89.821 0.000 -0.012
89.846 0.000 -0.013
89.871 0.000 -0.014
89.896 0.000 -0.014
89.921 0.000 -0.014
89.946 0.000 -0.013
89.971 0.000 -0.012
89.997 0.000 -0.011
90.022 0.000 -0.010
90.048 0.000 -0.010
90.073 0.000 -0.012
90.099 0.000 -0.015
90.125 0.000 -0.020
90.151 0.000 -0.026
90.177 0.000 -0.034
90.202 0.000 -0.041
90.228 0.000 -0.046
90.254 0.000 -0.049
90.279 0.000 -0.051
90.304 0.000 -0.050
90.329 0.000 -0.047
90.355 0.000 -0.041
90.379 0.000 -0.034
90.404 0.000 -0.024
90.429 0.000 -0.013
90.454 0.000 -0.005
90.478 0.000 -0.000
90.503 0.000 0.001
90.528 0.000 0.000
90.553 0.000 -0.001
90.579 0.000 -0.002
90.604 0.000 -0.002
90.629 0.000 -0.003
90.655 0.000 -0.004
90.681 0.000 -0.005
90.706 0.000 -0.005
90.732 0.000 -0.006
90.758 0.000 -0.007
90.784 0.000 -0.008
90.809 0.000 -0.009
90.835 0.000 -0.009
90.860 0.000 -0.009
90.886 0.000 -0.010
90.911 0.000 -0.010
90.936 0.000 -0.010
90.961 0.000 -0.010
90.986 0.000 -0.010
91.011 0.000 -0.010
91.036 0.000 -0.010
91.061 0.000 -0.010
91.086 0.000 -0.010
91.110 0.000 -0.009
91.135 0.000 -0.009
91.160 0.000 -0.008
91.185 0.000 -0.008
91.210 0.000 -0.008
91.235 0.000 -0.008
91.260 0.000 -0.007
91.285 0.000 -0.007
91.310 0.000 -0.007
91.335 0.000 -0.006
91.360 0.000 -0.005
91.385 0.000 -0.005
91.410 0.000 -0.004
91.435 0.000 -0.003
91.460 0.000 -0.002
91.485 0.000 -0.001
91.510 0.000 0.000
91.535 0.000 0.002
91.560 0.000 0.003
91.585 0.000 0.004
91.610 0.000 0.006
91.635 0.000 0.007
91.660 0.000 0.008
91.685 0.000 0.009
91.710 0.000 0.009
91.735 0.000 0.010
91.760 0.000 0.010
91.785 0.000 0.011
91.810 0.000 0.011
91.835 0.000 0.011
91.860 0.000 0.011
91.885 0.000 0.009
91.910 0.000 0.007
91.935 0.000 0.005
91.960 0.000 0.001
91.985 0.000 -0.002
92.010 0.000 -0.004
92.035 0.000 -0.007
92.060 0.000 -0.008
92.085 0.000 -0.010
92.110 0.000 -0.011
92.135 0.000 -0.011
92.160 0.000 -0.012
92.185 0.000 -0.011
92.210 0.000 -0.011
92.235 0.000 -0.010
92.260 0.000 -0.009
92.285 0.000 -0.007
92.310 0.000 -0.005
92.335 0.000 -0.002
92.360 0.000 -0.001
92.385 0.000 0.001
92.411 0.000 0.001
92.436 0.000 0.000
92.461 0.000 -0.001
92.486 0.000 -0.003
92.511 0.000 -0.005
92.536 0.000 -0.006
92.561 0.000 -0.006
92.586 0.000 -0.006
92.611 0.000 -0.005
92.636 0.000 -0.003
92.661 0.000 -0.001
92.686 0.000 0.002
92.711 0.000 0.006
92.735 0.000 0.010
92.760 0.000 0.013
92.785 0.000 0.015
92.809 0.000 0.016
92.834 0.000 0.016
92.859 0.000 0.016
92.883 0.000 0.014
92.908 0.000 0.012
92.933 0.000 0.009
92.958 0.000 0.005
92.983 0.000 0.001
93.008 0.000 -0.004
93.034 0.000 -0.010
93.059 0.000 -0.016
93.085 0.000 -0.023
93.112 0.000 -0.027
93.138 0.000 -0.024
93.165 0.000 -0.016
93.192 0.000 -0.006
93.218 0.000 0.003
93.245 0.000 0.009
93.272 0.000 0.013
93.298 0.000 0.015
93.324 0.000 0.015
93.350 0.000 0.013
93.376 0.000 0.008
93.400 0.000 -0.000
93.425 0.000 -0.012
93.449 0.000 -0.029
93.472 0.000 -0.050
93.496 0.000 -0.075
93.518 0.000 -0.092
93.541 0.000 -0.094
93.564 0.000 -0.090
93.587 0.000 -0.083
93.611 0.000 -0.075
93.635 0.000 -0.064
93.660 0.000 -0.052
93.685 0.000 -0.039
93.710 0.000 -0.024
93.736 0.000 -0.007
93.762 0.000 0.011
93.788 0.000 0.031
93.814 0.000 0.054
93.841 0.000 0.073
93.867 0.000 0.082
93.893 0.000 0.081
93.919 0.000 0.073
93.945 0.000 0.062
93.970 0.000 0.052
93.996 0.000 0.042
94.021 0.000 0.033
94.047 0.000 0.024
94.072 0.000 0.017
94.097 0.000 0.011
94.123 0.000 0.005
94.148 0.000 0.001
94.174 0.000 -0.002
94.199 0.000 -0.004
94.225 0.000 -0.004
94.250 0.000 -0.002
94.276 0.000 0.000
94.301 0.000 0.005
94.327 0.000 0.010
94.353 0.000 0.017
94.378 0.000 0.025
94.404 0.000 0.033
94.430 0.000 0.043
94.456 0.000 0.054
94.481 0.000 0.065
94.507 0.000 0.074
94.532 0.000 0.079
94.558 0.000 0.079
94.583 0.000 0.074
94.608 0.000 0.065
94.633 0.000 0.051
94.658 0.000 0.031
94.684 0.000 0.008
94.709 0.000 -0.017
94.734 0.000 -0.037
94.759 0.000 -0.052
94.784 0.000 -0.064
94.810 0.000 -0.070
94.835 0.000 -0.074
94.860 0.000 -0.074
94.886 0.000 -0.073
94.911 0.000 -0.068
94.936 0.000 -0.062
94.961 0.000 -0.052
94.986 0.000 -0.040
95.011 0.000 -0.025
95.036 0.000 -0.007
95.060 0.000 0.013
95.084 0.000 0.032
95.109 0.000 0.043
95.133 0.000 0.043
95.158 0.000 0.038
95.182 0.000 0.032
95.207 0.000 0.026
95.232 0.000 0.019
95.257 0.000 0.012
95.283 0.000 0.005
95.308 0.000 -0.002
95.334 0.000 -0.008
95.360 0.000 -0.014
95.386 0.000 -0.019
95.411 0.000 -0.024
95.437 0.000 -0.029
95.463 0.000 -0.033
95.488 0.000 -0.034
95.514 0.000 -0.033
95.539 0.000 -0.032
95.564 0.000 -0.030
95.590 0.000 -0.028
95.615 0.000 -0.025
95.640 0.000 -0.022
95.664 0.000 -0.019
95.689 0.000 -0.015
95.714 0.000 -0.010
95.739 0.000 -0.005
95.764 0.000 0.000
95.789 0.000 0.006
95.813 0.000 0.012
95.838 0.000 0.018
95.863 0.000 0.024
95.888 0.000 0.028
95.913 0.000 0.031
95.938 0.000 0.033
95.963 0.000 0.034
95.988 0.000 0.034
96.013 0.000 0.033
96.038 0.000 0.031
96.063 0.000 0.028
96.088 0.000 0.023
96.113 0.000 0.018
96.138 0.000 0.011
96.163 0.000 0.004
96.188 0.000 -0.005
96.213 0.000 -0.015
96.238 0.000 -0.024
96.263 0.000 -0.032
96.288 0.000 -0.038
96.313 0.000 -0.042
96.338 0.000 -0.044
96.364 0.000 -0.045
96.389 0.000 -0.044
96.414 0.000 -0.041
96.439 0.000 -0.037
96.464 0.000 -0.030
96.489 0.000 -0.022
96.514 0.000 -0.013
96.539 0.000 -0.003
96.563 0.000 0.009
96.588 0.000 0.021
96.613 0.000 0.034
96.638 0.000 0.044
96.663 0.000 0.049
96.688 0.000 0.045
96.713 0.000 0.020
96.738 0.000 -0.090
96.763 0.000 -0.176
96.788 0.000 -3.132
96.825 0.000 0.039
96.858 0.000 0.036
96.892 0.000 0.031
96.925 0.000 0.025
96.958 0.000 0.018
96.992 0.000 0.009
97.025 0.000 -0.002
97.058 0.000 -0.014
97.092 0.000 -0.024
97.125 0.000 -0.029
97.158 0.000 -0.031
97.191 0.000 -0.030
97.225 0.000 -0.025
97.258 0.000 -0.016
97.291 0.000 -0.006
97.325 0.000 0.002
97.358 0.000 0.009
97.391 0.000 0.014
97.425 0.000 0.018
97.458 0.000 0.020
97.492 0.000 0.021
97.525 0.000 0.020
97.558 0.000 0.018
97.592 0.000 0.014
97.625 0.000 0.009
97.658 0.000 0.002
97.691 0.000 -0.006
97.725 0.000 -0.014
97.758 0.000 -0.018
97.791 0.000 -0.020
97.825 0.000 -0.018
97.858 0.000 -0.017
97.891 0.000 -0.015
97.924 0.000 -0.013
97.958 0.000 -0.010
97.991 0.000 -0.008
98.024 0.000 -0.005
98.058 0.000 -0.001
98.091 0.000 0.002
98.124 0.000 0.006
98.158 0.000 0.009
98.191 0.000 0.010
98.224 0.000 0.010
98.258 0.000 0.009
98.291 0.000 0.009
98.324 0.000 0.008
98.357 0.000 0.006
98.391 0.000 0.004
98.424 0.000 0.002
98.457 0.000 -0.001
98.491 0.000 -0.004
98.524 0.000 -0.008
98.557 0.000 -0.012
98.591 0.000 -0.016
98.624 0.000 -0.019
98.657 0.000 -0.021
98.691 0.000 -0.022
98.724 0.000 -0.023
98.757 0.000 -0.022
98.791 0.000 -0.021
98.824 0.000 -0.018
98.857 0.000 -0.015
98.891 0.000 -0.010
98.924 0.000 -0.005
98.957 0.000 0.002
98.990 0.000 0.007
99.024 0.000 0.011
99.057 0.000 0.013
99.090 0.000 0.014
99.123 0.000 0.015
99.157 0.000 0.014
99.190 0.000 0.013
99.223 0.000 0.010
99.257 0.000 0.007
99.290 0.000 0.002
99.324 0.000 -0.003
99.357 0.000 -0.008
99.390 0.000 -0.013
99.424 0.000 -0.017
99.457 0.000 -0.020
99.490 0.000 -0.023
99.524 0.000 -0.024
99.557 0.000 -0.024
99.590 0.000 -0.024
99.624 0.000 -0.023
99.657 0.000 -0.021
99.690 0.000 -0.018
99.723 0.000 -0.015
99.757 0.000 -0.011
99.790 0.000 -0.006
99.823 0.000 -0.002
99.857 0.000 0.002
99.890 0.000 0.007
99.923 0.000 0.011
99.956 0.000 0.016
99.990 0.000 0.020
100.023 0.000 0.024
100.056 0.000 0.028
100.090 0.000 0.032
100.123 0.000 0.035
100.156 0.000 0.037
100.190 0.000 0.038
100.223 0.000 0.037
100.256 0.000 0.035
100.290 0.000 0.032
100.323 0.000 0.027
100.356 0.000 0.021
100.390 0.000 0.014
100.423 0.000 0.006
100.456 0.000 -0.004
100.489 0.000 -0.015
100.523 0.000 -0.025
100.556 0.000 -0.033
100.589 0.000 -0.040
100.623 0.000 -0.044
100.656 0.000 -0.047
100.689 0.000 -0.048
100.722 0.000 -0.047
100.756 0.000 -0.044
100.789 0.000 -0.039
100.822 0.000 -0.032
100.856 0.000 -0.023
100.889 0.000 -0.013
100.922 0.000 -0.004
100.956 0.000 0.003
100.989 0.000 0.010
101.022 0.000 0.015
101.056 0.000 0.019
101.089 0.000 0.022
101.122 0.000 0.024
101.155 0.000 0.025
101.189 0.000 0.025
101.222 0.000 0.023
101.255 0.000 0.021
101.289 0.000 0.019
101.322 0.000 0.017
101.355 0.000 0.015
101.388 0.000 0.014
101.422 0.000 0.013
101.455 0.000 0.013
101.488 0.000 0.014
101.522 0.000 0.014
101.555 0.000 0.015
101.588 0.000 0.017
101.622 0.000 0.019
101.655 0.000 0.021
101.689 0.000 0.022
101.722 0.000 0.021
101.755 0.000 0.019
101.789 0.000 0.016
101.822 0.000 0.012
101.855 0.000 0.006
101.889 0.000 -0.000
101.922 0.000 -0.009
101.955 0.000 -0.018
101.989 0.000 -0.029
102.022 0.000 -0.040
102.055 0.000 -0.049
102.088 0.000 -0.056
102.122 0.000 -0.059
102.155 0.000 -0.060
102.188 0.000 -0.058
102.222 0.000 -0.052
102.255 0.000 -0.044
102.288 0.000 -0.033
102.322 0.000 -0.019
102.355 0.000 -0.002
102.388 0.000 0.018
102.422 0.000 0.038
102.455 0.000 0.055
102.488 0.000 0.068
102.522 0.000 0.078
102.555 0.000 0.085
102.588 0.000 0.087
102.622 0.000 0.086
102.655 0.000 0.082
102.688 0.000 0.074
102.721 0.000 0.062
102.755 0.000 0.047
102.788 0.000 0.030
102.821 0.000 0.014
102.854 0.000 -0.001
102.888 0.000 -0.014
102.921 0.000 -0.025
102.954 0.000 -0.034
102.988 0.000 -0.042
103.021 0.000 -0.048
103.054 0.000 -0.053
103.088 0.000 -0.056
103.121 0.000 -0.057
103.155 0.000 -0.057
103.188 0.000 -0.055
103.221 0.000 -0.053
103.254 0.000 -0.049
103.288 0.000 -0.045
103.321 0.000 -0.040
103.354 0.000 -0.034
103.387 0.000 -0.028
103.420 0.000 -0.019
103.454 0.000 -0.006
103.487 0.000 0.010
103.521 0.000 0.029
103.554 0.000 0.050
103.588 0.000 0.068
103.622 0.000 0.081
103.656 0.000 0.090
103.689 0.000 0.094
103.723 0.000 0.094
103.757 0.000 0.089
103.790 0.000 0.078
103.823 0.000 0.062
103.856 0.000 0.043
103.889 0.000 0.018
103.922 0.000 -0.017
103.955 0.000 -0.052
103.988 0.000 -0.087
104.117 0.000 -0.011
104.142 0.000 0.080
104.167 0.000 0.048
104.192 0.000 -0.025
104.217 0.000 -0.106
104.242 0.000 -0.143
104.267 0.000 -0.142
104.291 0.000 -0.114
104.316 0.000 -0.076
104.341 0.000 -0.042
104.366 0.000 -0.013
104.391 0.000 0.012
104.416 0.000 0.033
104.441 0.000 0.050
104.467 0.000 0.063
104.492 0.000 0.071
104.517 0.000 0.076
104.543 0.000 0.077
104.568 0.000 0.073
104.593 0.000 0.066
104.619 0.000 0.057
104.644 0.000 0.047
104.669 0.000 0.039
104.694 0.000 0.031
104.719 0.000 0.023
104.744 0.000 0.016
104.769 0.000 0.010
104.794 0.000 0.004
104.819 0.000 -0.001
104.844 0.000 -0.006
104.869 0.000 -0.010
104.894 0.000 -0.013
104.919 0.000 -0.016
104.944 0.000 -0.019
104.969 0.000 -0.020
104.994 0.000 -0.022
105.019 0.000 -0.022
105.044 0.000 -0.023
105.069 0.000 -0.023
105.094 0.000 -0.023
105.119 0.000 -0.023
105.144 0.000 -0.023
105.169 0.000 -0.022
105.194 0.000 -0.021
105.219 0.000 -0.020
105.244 0.000 -0.018
105.269 0.000 -0.017
105.294 0.000 -0.015
105.319 0.000 -0.013
105.344 0.000 -0.010
105.369 0.000 -0.008
105.394 0.000 -0.005
105.419 0.000 -0.003
105.444 0.000 -0.001
105.469 0.000 0.000
105.494 0.000 0.001
105.519 0.000 0.002
105.544 0.000 0.002
105.569 0.000 0.003
105.594 0.000 0.002
105.619 0.000 0.002
105.644 0.000 0.001
105.669 0.000 0.000
105.694 0.000 -0.001
105.719 0.000 -0.003
105.744 0.000 -0.005
105.769 0.000 -0.007
105.794 0.000 -0.008
105.819 0.000 -0.009
105.844 0.000 -0.010
105.869 0.000 -0.010
105.894 0.000 -0.010
105.919 0.000 -0.009
105.944 0.000 -0.008
105.969 0.000 -0.006
105.994 0.000 -0.005
106.019 0.000 -0.002
106.044 0.000 0.000
106.069 0.000 0.003
106.094 0.000 0.007
106.119 0.000 0.010
106.144 0.000 0.014
106.169 0.000 0.017
106.194 0.000 0.020
106.219 0.000 0.022
106.244 0.000 0.024
106.269 0.000 0.025
106.294 0.000 0.025
106.319 0.000 0.025
106.344 0.000 0.025
106.369 0.000 0.024
106.394 0.000 0.022
106.419 0.000 0.020
106.444 0.000 0.017
106.469 0.000 0.014
106.494 0.000 0.010
106.519 0.000 0.007
106.544 0.000 0.003
106.569 0.000 0.000
106.594 0.000 -0.002
106.619 0.000 -0.005
106.644 0.000 -0.006
106.669 0.000 -0.008
106.694 0.000 -0.009
106.719 0.000 -0.009
106.744 0.000 -0.009
106.769 0.000 -0.009
106.794 0.000 -0.008
106.819 0.000 -0.007
106.844 0.000 -0.006
106.869 0.000 -0.004
106.894 0.000 -0.001
106.919 0.000 0.000
106.944 0.000 0.002
106.969 0.000 0.003
106.994 0.000 0.004
107.019 0.000 0.004
107.044 0.000 0.004
107.069 0.000 0.004
107.094 0.000 0.003
107.119 0.000 0.002
107.144 0.000 0.000
107.169 0.000 -0.002
107.194 0.000 -0.004
107.219 0.000 -0.006
107.244 0.000 -0.009
107.269 0.000 -0.013
107.294 0.000 -0.016
107.319 0.000 -0.018
107.344 0.000 -0.020
107.369 0.000 -0.021
107.394 0.000 -0.022
107.419 0.000 -0.023
107.444 0.000 -0.023
107.469 0.000 -0.022
107.494 0.000 -0.021
107.519 0.000 -0.020
107.544 0.000 -0.018
107.569 0.000 -0.015
107.594 0.000 -0.012
107.619 0.000 -0.009
107.644 0.000 -0.005
107.669 0.000 -0.002
107.694 0.000 0.002
107.719 0.000 0.005
107.744 0.000 0.008
107.769 0.000 0.011
107.794 0.000 0.013
107.819 0.000 0.015
107.844 0.000 0.017
107.869 0.000 0.019
107.894 0.000 0.020
107.919 0.000 0.021
107.944 0.000 0.021
107.969 0.000 0.022
107.994 0.000 0.022
108.019 0.000 0.022
108.044 0.000 0.021
108.069 0.000 0.020
108.094 0.000 0.019
108.119 0.000 0.018
108.144 0.000 0.016
108.169 0.000 0.014
108.194 0.000 0.012
108.219 0.000 0.009
108.244 0.000 0.006
108.269 0.000 0.003
108.294 0.000 -0.000
108.319 0.000 -0.004
108.344 0.000 -0.008
108.369 0.000 -0.012
108.394 0.000 -0.016
108.419 0.000 3.140
108.419 0.000 -0.036
108.444 0.000 -0.031
108.470 0.000 -0.026
108.495 0.000 -0.022
108.520 0.000 -0.018
108.545 0.000 -0.015
108.570 0.000 -0.012
108.595 0.000 -0.009
108.620 0.000 -0.006
108.645 0.000 -0.004
108.670 0.000 -0.002
108.696 0.000 -0.000
108.721 0.000 0.001
108.746 0.000 0.002
108.771 0.000 0.003
108.796 0.000 0.003
108.821 0.000 0.004
108.846 0.000 0.003
108.871 0.000 0.003
108.896 0.000 0.002
108.921 0.000 0.002
108.947 0.000 0.002
108.972 0.000 0.002
108.997 0.000 0.002
109.022 0.000 0.002
109.047 0.000 0.002
109.072 0.000 0.002
109.097 0.000 0.003
109.122 0.000 0.003
109.147 0.000 0.004
109.173 0.000 0.005
109.198 0.000 0.005
109.223 0.000 0.006
109.248 0.000 0.006
109.273 0.000 0.006
109.298 0.000 0.007
109.323 0.000 0.007
109.348 0.000 0.006
109.373 0.000 0.006
109.399 0.000 0.006
109.424 0.000 0.005
109.449 0.000 0.005
109.474 0.000 0.004
109.499 0.000 0.003
109.524 0.000 0.002
109.549 0.000 0.001
109.574 0.000 0.000
109.600 0.000 -0.000
109.625 0.000 -0.000
109.650 0.000 0.000
109.675 0.000 0.001
109.700 0.000 0.002
109.726 0.000 0.004
109.751 0.000 0.006
109.776 0.000 0.009
109.801 0.000 0.012
109.826 0.000 0.016
109.852 0.000 0.020
109.877 0.000 0.024
109.902 0.000 0.028
109.927 0.000 0.030
109.952 0.000 0.032
109.978 0.000 0.033
110.003 0.000 0.034
110.029 0.000 0.034
110.054 0.000 0.034
110.079 0.000 0.033
110.105 0.000 0.031
110.130 0.000 0.029
110.155 0.000 0.026
110.181 0.000 0.022
110.206 0.000 0.017
110.231 0.000 0.012
110.257 0.000 0.006
110.282 0.000 -0.002
110.307 0.000 -0.010
110.332 0.000 -0.019
110.357 0.000 -0.026
110.382 0.000 -0.033
110.407 0.000 -0.037
110.432 0.000 -0.041
110.457 0.000 -0.043
110.482 0.000 -0.043
110.507 0.000 -0.042
110.532 0.000 -0.039
110.558 0.000 -0.035
110.583 0.000 -0.029
110.608 0.000 -0.021
110.634 0.000 -0.012
110.659 0.000 -0.002
110.685 0.000 0.010
110.710 0.000 0.023
110.735 0.000 0.036
110.761 0.000 0.046
110.786 0.000 0.056
110.812 0.000 0.064
110.837 0.000 0.070
110.862 0.000 0.075
110.888 0.000 0.079
110.913 0.000 0.081
110.938 0.000 0.081
110.963 0.000 0.079
110.988 0.000 0.074
111.013 0.000 0.068
111.038 0.000 0.059
111.063 0.000 0.048
111.088 0.000 0.035
111.113 0.000 0.023
111.138 0.000 0.012
111.163 0.000 0.003
111.188 0.000 -0.006
111.213 0.000 -0.014
111.238 0.000 -0.020
111.263 0.000 -0.026
111.288 0.000 -0.031
111.314 0.000 -0.035
111.339 0.000 -0.037
111.364 0.000 -0.039
111.390 0.000 -0.040
111.415 0.000 -0.041
111.440 0.000 -0.040
111.466 0.000 -0.038
111.491 0.000 -0.037
111.516 0.000 -0.034
111.541 0.000 -0.032
111.566 0.000 -0.029
111.591 0.000 -0.026
111.616 0.000 -0.022
111.641 0.000 -0.017
111.667 0.000 -0.012
111.692 0.000 -0.006
111.717 0.000 -0.001
111.742 0.000 0.005
111.767 0.000 0.009
111.792 0.000 0.014
111.817 0.000 0.017
111.842 0.000 0.021
111.867 0.000 0.023
111.892 0.000 0.025
111.917 0.000 0.027
111.942 0.000 0.028
111.967 0.000 0.029
111.992 0.000 0.029
112.017 0.000 0.029
112.042 0.000 0.028
112.067 0.000 0.026
112.092 0.000 0.025
112.118 0.000 0.022
112.143 0.000 0.019
112.168 0.000 0.016
112.193 0.000 0.012
112.218 0.000 0.008
112.243 0.000 0.004
112.268 0.000 0.000
112.293 0.000 -0.003
112.318 0.000 -0.006
112.344 0.000 -0.009
112.369 0.000 -0.011
112.394 0.000 -0.013
112.419 0.000 -0.015
112.444 0.000 -0.017
112.469 0.000 -0.018
112.494 0.000 -0.020
112.519 0.000 -0.020
112.545 0.000 -0.021
112.570 0.000 -0.021
112.595 0.000 -0.022
112.620 0.000 -0.021
112.645 0.000 -0.021
112.670 0.000 -0.020
112.696 0.000 -0.019
112.721 0.000 -0.018
112.746 0.000 -0.017
112.771 0.000 -0.015
112.796 0.000 -0.013
112.821 0.000 -0.010
112.847 0.000 -0.008
112.872 0.000 -0.005
112.897 0.000 -0.003
112.922 0.000 -0.000
112.947 0.000 0.002
112.972 0.000 0.004
112.998 0.000 0.006
113.023 0.000 0.007
113.048 0.000 0.009
113.073 0.000 0.011
113.098 0.000 0.012
113.123 0.000 0.013
113.149 0.000 0.014
113.174 0.000 0.015
113.199 0.000 0.016
113.224 0.000 0.017
113.249 0.000 0.017
113.274 0.000 0.018
113.299 0.000 0.018
113.324 0.000 0.018
113.350 0.000 0.018
113.375 0.000 0.018
113.400 0.000 0.017
113.425 0.000 0.017
113.450 0.000 0.016
113.475 0.000 0.015
113.500 0.000 0.015
113.525 0.000 0.013
113.550 0.000 0.012
113.575 0.000 0.011
113.601 0.000 0.009
113.626 0.000 0.007
113.651 0.000 0.006
113.676 0.000 0.004
113.701 0.000 0.001
113.726 0.000 -0.001
113.751 0.000 -0.003
113.776 0.000 -0.006
113.801 0.000 -0.009
113.826 0.000 -0.012
113.852 0.000 -0.015
113.877 0.000 -0.018
113.902 0.000 -0.021
113.927 0.000 -0.025
113.952 0.000 -0.029
113.977 0.000 -1.582
113.977 0.000 -0.073
114.004 0.000 -0.062
114.030 0.000 -0.051
114.056 0.000 -0.042
114.082 0.000 -0.033
114.107 0.000 -0.024
114.132 0.000 -0.017
114.157 0.000 -0.011
114.182 0.000 -0.005
114.207 0.000 -0.000
114.231 0.000 0.005
114.256 0.000 0.009
114.280 0.000 0.014
114.304 0.000 0.017
114.329 0.000 0.021
114.353 0.000 0.024
114.377 0.000 0.026
114.401 0.000 0.028
114.425 0.000 0.030
114.450 0.000 0.031
114.474 0.000 0.032
114.498 0.000 0.032
114.523 0.000 0.032
114.547 0.000 0.031
114.572 0.000 0.030
114.597 0.000 0.029
114.622 0.000 0.027
114.647 0.000 0.025
114.673 0.000 0.022
114.698 0.000 0.019
114.724 0.000 0.016
114.751 0.000 0.013
114.777 0.000 0.009
114.804 0.000 0.005
114.832 0.000 0.002
114.859 0.000 -0.001
114.887 0.000 -0.003
114.915 0.000 -0.006
114.944 0.000 -0.007
114.973 0.000 -0.009
115.002 0.000 -0.010
115.031 0.000 -0.011
115.060 0.000 -0.011
115.089 0.000 -0.012
115.118 0.000 -0.012
115.148 0.000 -0.012
115.177 0.000 -0.011
115.206 0.000 -0.010
115.236 0.000 -0.009
115.265 0.000 -0.008
115.294 0.000 -0.006
115.323 0.000 -0.004
115.352 0.000 -0.002
115.380 0.000 0.000
115.409 0.000 0.003
115.437 0.000 0.006
115.465 0.000 0.009
115.493 0.000 0.012
115.520 0.000 0.015
115.547 0.000 0.019
115.574 0.000 0.023
115.600 0.000 0.026
115.627 0.000 0.029
115.652 0.000 0.032
115.678 0.000 0.035
115.703 0.000 0.038
115.728 0.000 0.041
115.752 0.000 0.044
115.776 0.000 0.047
115.800 0.000 0.051
115.824 0.000 0.056
115.847 0.000 0.061
115.870 0.000 0.067
115.894 0.000 0.073
115.916 0.000 0.078
115.939 0.000 0.077
115.962 0.000 0.070
115.985 0.000 0.058
116.008 0.000 0.040
116.031 0.000 0.021
116.055 0.000 0.004
116.079 0.000 -0.009
116.103 0.000 -0.019
116.128 0.000 -0.027
116.153 0.000 -0.031
116.178 0.000 -0.034
116.204 0.000 -0.034
116.229 0.000 -0.032
116.255 0.000 -0.027
116.281 0.000 -0.019
116.307 0.000 -0.008
116.332 0.000 0.006
116.358 0.000 0.021
116.384 0.000 0.033
116.409 0.000 0.040
116.434 0.000 0.042
116.460 0.000 0.040
116.485 0.000 0.034
116.510 0.000 0.024
116.535 0.000 0.009
116.560 0.000 -0.007
116.585 0.000 -0.019
116.610 0.000 -0.029
116.635 0.000 -0.035
116.660 0.000 -0.038
116.685 0.000 -0.038
116.709 0.000 -0.035
116.734 0.000 -0.029
116.759 0.000 -0.021
116.783 0.000 -0.011
116.808 0.000 0.002
116.832 0.000 0.017
116.857 0.000 0.035
116.882 0.000 0.051
116.907 0.000 0.059
116.932 0.000 0.060
116.958 0.000 0.054
116.984 0.000 0.043
117.010 0.000 0.029
117.037 0.000 0.017
117.064 0.000 0.005
117.091 0.000 -0.007
117.118 0.000 -0.019
117.145 0.000 -0.031
117.172 0.000 -0.043
117.199 0.000 -0.055
117.225 0.000 -0.066
117.250 0.000 -0.073
117.275 0.000 -0.076
117.300 0.000 -0.074
117.323 0.000 -0.066
117.346 0.000 -0.052
117.369 0.000 -0.030
117.391 0.000 -0.002
117.412 0.000 0.023
117.434 0.000 0.039
117.455 0.000 0.045
117.477 0.000 0.043
117.499 0.000 0.032
117.522 0.000 0.019
117.546 0.000 0.010
117.570 0.000 0.002
117.595 0.000 -0.003
117.620 0.000 -0.007
117.646 0.000 -0.010
117.673 0.000 -0.012
117.700 0.000 -0.014
117.728 0.000 -0.016
117.756 0.000 -0.017
117.784 0.000 -0.018
117.813 0.000 -0.019
117.842 0.000 -0.021
117.871 0.000 -0.022
117.900 0.000 -0.024
117.928 0.000 -0.026
117.957 0.000 -0.029
117.985 0.000 -0.031
118.013 0.000 -0.033
118.041 0.000 -0.034
118.068 0.000 -0.034
118.094 0.000 -0.032
118.120 0.000 -0.029
118.146 0.000 -0.025
118.171 0.000 -0.018
118.196 0.000 -0.011
118.221 0.000 -0.003
118.245 0.000 0.005
118.269 0.000 0.011
118.294 0.000 0.016
118.318 0.000 0.021
118.342 0.000 0.024
118.366 0.000 0.026
118.390 0.000 0.027
118.415 0.000 0.028
118.439 0.000 0.027
118.464 0.000 0.026
118.489 0.000 0.025
118.513 0.000 0.023
118.538 0.000 0.021
118.563 0.000 0.018
118.588 0.000 0.015
118.614 0.000 0.012
118.639 0.000 0.008
118.664 0.000 0.004
118.689 0.000 -0.001
118.714 0.000 -0.006
118.740 0.000 -0.011
118.765 0.000 -0.017
118.790 0.000 -0.024
118.816 0.000 -0.029
118.841 0.000 -0.035
118.866 0.000 -0.040
118.891 0.000 -0.043
118.917 0.000 -0.045
118.942 0.000 -0.044
118.967 0.000 -0.041
118.992 0.000 -0.036
119.017 0.000 -0.029
119.042 0.000 -0.019
119.067 0.000 -0.007
119.092 0.000 0.007
119.116 0.000 0.023
119.141 0.000 0.042
119.166 0.000 0.061
119.191 0.000 0.077
119.215 0.000 0.085
119.240 0.000 0.086
119.265 0.000 0.079
119.290 0.000 0.064
119.315 0.000 0.043
119.341 0.000 0.016
119.367 0.000 -0.010
119.393 0.000 -0.031
119.420 0.000 -0.047
119.447 0.000 -0.060
119.474 0.000 -0.070
119.501 0.000 -0.076
119.528 0.000 -0.079
119.554 0.000 -0.080
119.580 0.000 -0.081
119.606 0.000 -0.080
119.631 0.000 -0.078
119.655 0.000 -0.074
119.679 0.000 -0.068
119.702 0.000 -0.058
119.724 0.000 -0.043
119.746 0.000 -0.023
119.768 0.000 -0.006
119.789 0.000 0.005
119.810 0.000 0.009
119.832 0.000 0.008
119.854 0.000 0.004
119.877 0.000 0.001
119.900 0.000 0.002
119.923 0.000 0.004
119.948 0.000 0.007
119.973 0.000 0.011
119.998 0.000 0.015
120.025 0.000 0.018
120.052 0.000 0.021
120.079 0.000 0.023
120.107 0.000 0.024
120.136 0.000 0.024
120.165 0.000 0.023
120.194 0.000 0.022
120.224 0.000 0.019
120.253 0.000 0.016
120.283 0.000 0.013
120.313 0.000 0.009
120.343 0.000 0.005
120.373 0.000 0.001
120.402 0.000 -0.004
120.432 0.000 -0.009
120.460 0.000 -0.014
120.489 0.000 -0.020
120.517 0.000 -0.026
120.544 0.000 -0.032
120.571 0.000 -0.039
120.597 0.000 -0.046
120.621 0.000 -0.054
120.645 0.000 -0.061
120.668 0.000 -0.069
120.690 0.000 -0.077
120.710 0.000 -0.086
120.730 0.000 -0.098
120.747 0.000 3.096
120.747 0.000 0.073
120.770 0.000 0.061
120.794 0.000 0.052
120.818 0.000 0.045
120.842 0.000 0.040
120.867 0.000 0.035
120.893 0.000 0.031
120.919 0.000 0.027
120.945 0.000 0.023
120.972 0.000 0.019
120.999 0.000 0.015
121.026 0.000 0.012
121.054 0.000 0.009
121.082 0.000 0.006
121.110 0.000 0.003
121.139 0.000 0.001
121.167 0.000 -0.001
121.196 0.000 -0.003
121.225 0.000 -0.005
121.254 0.000 -0.006
121.283 0.000 -0.007
121.312 0.000 -0.007
121.342 0.000 -0.007
121.371 0.000 -0.007
121.400 0.000 -0.006
121.429 0.000 -0.005
121.458 0.000 -0.003
121.487 0.000 -0.001
121.516 0.000 0.002
121.545 0.000 0.006
121.574 0.000 0.010
121.602 0.000 0.015
121.630 0.000 0.021
121.658 0.000 0.026
121.686 0.000 0.030
121.713 0.000 0.035
121.740 0.000 0.039
121.767 0.000 0.042
121.794 0.000 0.045
121.820 0.000 0.047
121.846 0.000 0.049
121.872 0.000 0.050
121.898 0.000 0.051
121.923 0.000 0.050
121.948 0.000 0.049
121.972 0.000 0.046
121.997 0.000 0.043
122.021 0.000 0.039
122.045 0.000 0.034
122.068 0.000 0.028
122.092 0.000 0.021
122.115 0.000 0.013
122.139 0.000 0.004
122.162 0.000 -0.005
122.185 0.000 -0.014
122.209 0.000 -0.024
122.233 0.000 -0.030
122.257 0.000 -0.029
122.281 0.000 -0.024
122.306 0.000 -0.018
122.331 0.000 -0.013
122.356 0.000 -0.007
122.381 0.000 -0.002
122.407 0.000 0.004
122.433 0.000 0.010
122.458 0.000 0.015
122.484 0.000 0.021
122.510 0.000 0.027
122.536 0.000 0.034
122.562 0.000 0.038
122.587 0.000 0.036
122.613 0.000 0.031
122.638 0.000 0.026
122.663 0.000 0.022
122.689 0.000 0.018
122.714 0.000 0.014
122.739 0.000 0.010
122.764 0.000 0.006
122.789 0.000 0.002
122.814 0.000 -0.001
122.839 0.000 -0.005
122.864 0.000 -0.008
122.889 0.000 -0.011
122.914 0.000 -0.014
122.939 0.000 -0.018
122.965 0.000 -0.020
122.990 0.000 -0.022
123.015 0.000 -0.024
123.040 0.000 -0.025
123.065 0.000 -0.025
123.090 0.000 -0.025
123.115 0.000 -0.024
123.141 0.000 -0.023
123.166 0.000 -0.021
123.191 0.000 -0.019
123.216 0.000 -0.016
123.242 0.000 -0.012
123.267 0.000 -0.008
123.292 0.000 -0.003
123.317 0.000 0.001
123.342 0.000 0.006
123.368 0.000 0.010
123.393 0.000 0.013
123.418 0.000 0.016
123.443 0.000 0.018
123.468 0.000 0.019
123.494 0.000 0.020
123.519 0.000 0.021
123.544 0.000 0.021
123.569 0.000 0.020
123.594 0.000 0.019
123.619 0.000 0.018
123.645 0.000 0.016
123.670 0.000 0.015
123.695 0.000 0.014
123.720 0.000 0.013
123.745 0.000 0.012
123.770 0.000 0.011
123.796 0.000 0.009
123.821 0.000 0.008
123.846 0.000 0.007
123.871 0.000 0.006
123.896 0.000 0.005
123.921 0.000 0.004
123.947 0.000 0.003
123.972 0.000 0.002
123.997 0.000 0.002
124.022 0.000 0.001
124.047 0.000 0.000
124.073 0.000 -1.522
124.073 0.000 -0.088
124.097 0.000 -0.072
124.121 0.000 -0.057
124.145 0.000 -0.043
124.170 0.000 -0.031
124.195 0.000 -0.020
124.220 0.000 -0.010
124.245 0.000 -0.001
124.270 0.000 0.007
124.295 0.000 0.014
124.321 0.000 0.020
124.346 0.000 0.025
124.372 0.000 0.030
124.398 0.000 0.034
124.423 0.000 0.037
124.449 0.000 0.039
124.474 0.000 0.040
124.500 0.000 0.041
124.525 0.000 0.041
124.551 0.000 0.040
124.576 0.000 0.039
124.602 0.000 0.037
124.627 0.000 0.034
124.652 0.000 0.030
124.677 0.000 0.026
124.702 0.000 0.022
124.727 0.000 0.016
124.752 0.000 0.011
124.777 0.000 0.004
124.802 0.000 -0.003
124.827 0.000 -0.009
124.852 0.000 -0.014
124.877 0.000 -0.017
124.902 0.000 -0.018
124.927 0.000 -0.018
124.952 0.000 -0.018
124.977 0.000 -0.017
125.002 0.000 -0.017
125.028 0.000 -0.015
125.053 0.000 -0.014
125.079 0.000 -0.012
125.104 0.000 -0.010
125.129 0.000 -0.007
125.155 0.000 -0.004
125.180 0.000 -0.002
125.206 0.000 0.001
125.231 0.000 0.004
125.256 0.000 0.007
125.281 0.000 0.009
125.306 0.000 0.012
125.332 0.000 0.014
125.357 0.000 0.016
125.382 0.000 0.019
125.407 0.000 0.021
125.432 0.000 0.024
125.457 0.000 0.027
125.482 0.000 0.030
125.507 0.000 0.033
125.533 0.000 0.037
125.558 0.000 0.041
125.583 0.000 0.044
125.608 0.000 0.047
125.633 0.000 0.050
125.658 0.000 0.051
125.684 0.000 0.052
125.709 0.000 0.052
125.734 0.000 0.050
125.759 0.000 0.048
125.785 0.000 0.046
125.810 0.000 0.042
125.835 0.000 0.037
125.860 0.000 0.031
125.885 0.000 0.024
125.910 0.000 0.016
125.935 0.000 0.007
125.960 0.000 -0.003
125.985 0.000 -0.012
126.010 0.000 -0.020
126.035 0.000 -0.028
126.060 0.000 -0.034
126.085 0.000 -0.039
126.110 0.000 -0.043
126.135 0.000 -0.046
126.160 0.000 -0.048
126.185 0.000 -0.049
126.211 0.000 -0.049
126.236 0.000 -0.048
126.261 0.000 -0.046
126.286 0.000 -0.043
126.311 0.000 -0.039
126.336 0.000 -0.034
126.362 0.000 -0.028
126.387 0.000 -0.021
126.412 0.000 -0.014
126.437 0.000 -0.006
126.462 0.000 0.002
126.487 0.000 0.008
126.512 0.000 0.014
126.538 0.000 0.020
126.563 0.000 0.024
126.588 0.000 0.028
126.613 0.000 0.031
126.638 0.000 0.033
126.663 0.000 0.035
126.688 0.000 0.036
126.713 0.000 0.036
126.738 0.000 0.035
126.763 0.000 0.034
126.788 0.000 0.032
126.813 0.000 0.029
126.838 0.000 0.026
126.864 0.000 0.022
126.889 0.000 0.017
126.914 0.000 0.013
126.939 0.000 0.009
126.964 0.000 0.005
126.989 0.000 0.002
127.014 0.000 -0.001
127.039 0.000 -0.004
127.064 0.000 -0.007
127.089 0.000 -0.009
127.114 0.000 -0.011
127.139 0.000 -0.013
127.164 0.000 -0.015
127.189 0.000 -0.016
127.215 0.000 -0.017
127.240 0.000 -0.018
127.265 0.000 -0.018
127.290 0.000 -0.019
127.315 0.000 -0.019
127.340 0.000 -0.018
127.365 0.000 -0.018
127.390 0.000 -0.017
127.415 0.000 -0.016
127.440 0.000 -0.015
127.466 0.000 -0.013
127.491 0.000 -0.011
127.516 0.000 -0.009
127.541 0.000 -0.007
127.566 0.000 -0.005
127.591 0.000 -0.003
127.616 0.000 -0.001
127.641 0.000 0.000
127.667 0.000 0.002
127.692 0.000 0.003
127.717 0.000 0.004
127.742 0.000 0.005
127.767 0.000 0.006
127.792 0.000 0.007
127.817 0.000 0.008
127.842 0.000 0.008
127.867 0.000 0.009
127.893 0.000 0.009
127.918 0.000 0.009
127.943 0.000 0.009
127.968 0.000 0.009
127.993 0.000 0.008
128.018 0.000 0.008
128.043 0.000 0.007
128.068 0.000 0.006
128.093 0.000 0.005
128.118 0.000 0.004
128.143 0.000 0.003
128.168 0.000 0.002
128.194 0.000 0.001
128.219 0.000 -0.001
128.244 0.000 -0.003
128.269 0.000 -0.005
128.294 0.000 -0.007
128.319 0.000 -0.015
128.319 0.000 -0.014
128.344 0.000 -0.013
128.369 0.000 -0.012
128.394 0.000 -0.011
128.419 0.000 -0.010
128.444 0.000 -0.009
128.469 0.000 -0.008
128.494 0.000 -0.007
128.519 0.000 -0.006
128.544 0.000 -0.005
128.569 0.000 -0.004
128.594 0.000 -0.003
128.619 0.000 -0.002
128.644 0.000 -0.001
128.669 0.000 -0.000
128.694 0.000 0.001
128.719 0.000 0.002
128.744 0.000 0.002
128.769 0.000 0.003
128.794 0.000 0.004
128.819 0.000 0.005
128.844 0.000 0.005
128.869 0.000 0.006
128.894 0.000 0.006
128.919 0.000 0.007
128.944 0.000 0.007
128.969 0.000 0.007
128.994 0.000 0.008
129.019 0.000 0.008
129.044 0.000 0.008
129.070 0.000 0.008
129.095 0.000 0.008
129.120 0.000 0.008
129.145 0.000 0.008
129.170 0.000 0.008
129.195 0.000 0.008
129.220 0.000 0.008
129.245 0.000 0.008
129.270 0.000 0.008
129.295 0.000 0.008
129.320 0.000 0.008
129.345 0.000 0.008
129.370 0.000 0.007
129.395 0.000 0.007
129.420 0.000 0.007
129.445 0.000 0.007
129.470 0.000 0.006
129.495 0.000 0.006
129.520 0.000 0.005
129.545 0.000 0.004
129.570 0.000 0.003
129.595 0.000 0.002
129.620 0.000 0.001
129.645 0.000 -0.001
129.670 0.000 -0.003
129.695 0.000 -0.005
129.720 0.000 -0.007
129.745 0.000 -0.010
129.770 0.000 -0.012
129.795 0.000 -0.015
129.820 0.000 -0.018
129.845 0.000 -0.021
129.870 0.000 -0.023
129.895 0.000 -0.025
129.920 0.000 -0.027
129.945 0.000 -0.028
129.970 0.000 -0.028
129.995 0.000 -0.028
130.021 0.000 -0.028
130.046 0.000 -0.027
130.071 0.000 -0.026
130.096 0.000 -0.024
130.121 0.000 -0.022
130.146 0.000 -0.019
130.171 0.000 -0.013
130.196 0.000 -0.005
130.221 0.000 0.003
130.246 0.000 0.010
130.271 0.000 0.017
130.296 0.000 0.023
130.321 0.000 0.028
130.346 0.000 0.032
130.371 0.000 0.035
130.396 0.000 0.038
130.421 0.000 0.040
130.446 0.000 0.041
130.471 0.000 0.042
130.496 0.000 0.042
130.521 0.000 0.042
130.546 0.000 0.042
130.571 0.000 0.042
130.597 0.000 0.042
130.622 0.000 0.042
130.648 0.000 0.043
130.674 0.000 0.044
130.700 0.000 0.044
130.725 0.000 0.045
130.751 0.000 0.045
130.777 0.000 0.043
130.802 0.000 0.040
130.828 0.000 0.035
130.853 0.000 0.025
130.879 0.000 0.012
130.904 0.000 -0.004
130.929 0.000 -0.024
130.955 0.000 -0.046
130.981 0.000 -0.069
131.007 0.000 -0.082
131.033 0.000 -0.084
131.059 0.000 -0.075
131.086 0.000 -0.054
131.113 0.000 -0.024
131.139 0.000 0.018
131.166 0.000 0.057
131.192 0.000 0.083
131.218 0.000 0.094
131.243 0.000 0.091
131.268 0.000 0.071
131.292 0.000 0.029
131.315 0.000 -0.036
131.338 0.000 -0.096
131.360 0.000 -0.119
131.382 0.000 -0.119
131.405 0.000 -0.106
131.427 0.000 -0.086
131.450 0.000 -0.060
131.474 0.000 -0.035
131.499 0.000 -0.016
131.524 0.000 -0.002
131.550 0.000 0.009
131.576 0.000 0.016
131.603 0.000 0.019
131.630 0.000 0.020
131.658 0.000 0.019
131.685 0.000 0.015
131.713 0.000 0.008
131.740 0.000 -0.001
131.767 0.000 -0.010
131.793 0.000 -0.015
131.819 0.000 -0.014
131.845 0.000 -0.011
131.870 0.000 -0.008
131.896 0.000 -0.005
131.921 0.000 -0.002
131.945 0.000 -0.000
131.970 0.000 0.002
131.995 0.000 0.003
132.019 0.000 0.004
132.044 0.000 0.004
132.068 0.000 0.003
132.093 0.000 0.002
132.117 0.000 0.001
132.142 0.000 -0.001
132.166 0.000 -0.004
132.191 0.000 -0.006
132.216 0.000 -0.007
132.241 0.000 -0.008
132.266 0.000 -0.009
132.291 0.000 -0.009
132.316 0.000 -0.009
132.341 0.000 -0.008
132.366 0.000 -0.007
132.391 0.000 -0.006
132.416 0.000 -0.004
132.442 0.000 -0.002
132.467 0.000 -0.000
132.492 0.000 0.002
132.517 0.000 0.005
132.542 0.000 0.008
132.567 0.000 0.011
132.592 0.000 0.014
132.617 0.000 0.017
132.643 0.000 0.020
132.668 0.000 0.022
132.693 0.000 0.022
132.793 0.000 0.018
132.809 0.000 0.011
132.826 0.000 0.004
132.843 0.000 -0.000
132.859 0.000 -0.001
132.876 0.000 -0.003
132.893 0.000 -0.005
132.909 0.000 -0.006
132.926 0.000 -0.008
132.942 0.000 -0.009
132.959 0.000 -0.011
132.976 0.000 -0.012
132.993 0.000 -0.013
133.009 0.000 -0.014
133.026 0.000 -0.015
133.043 0.000 -0.016
133.059 0.000 -0.016
133.076 0.000 -0.017
133.093 0.000 -0.017
133.109 0.000 -0.017
133.126 0.000 -0.017
133.143 0.000 -0.017
133.159 0.000 -0.017
133.176 0.000 -0.016
133.193 0.000 -0.016
133.209 0.000 -0.015
133.226 0.000 -0.014
133.243 0.000 -0.013
133.260 0.000 -0.012
133.276 0.000 -0.011
133.293 0.000 -0.010
133.310 0.000 -0.009
133.326 0.000 -0.007
133.343 0.000 -0.006
133.360 0.000 -0.005
133.376 0.000 -0.004
133.393 0.000 -0.002
133.410 0.000 -0.001
133.426 0.000 -0.000
133.443 0.000 0.001
133.460 0.000 0.003
133.476 0.000 0.004
133.493 0.000 0.007
133.510 0.000 0.011
133.526 0.000 -3.130
133.493 0.000 0.009
133.585 0.000 0.008
133.610 0.000 0.008
133.635 0.000 0.008
133.660 0.000 0.009
133.685 0.000 0.011
133.710 0.000 0.012
133.735 0.000 0.013
133.760 0.000 0.014
133.785 0.000 0.014
133.810 0.000 0.014
133.835 0.000 0.014
133.860 0.000 0.013
133.885 0.000 0.012
133.910 0.000 0.011
133.935 0.000 0.009
133.960 0.000 0.007
133.985 0.000 0.005
134.010 0.000 0.002
134.035 0.000 -0.001
134.060 0.000 -0.004
134.085 0.000 -0.008
134.110 0.000 -0.011
134.135 0.000 -0.014
134.160 0.000 -0.016
134.185 0.000 -0.018
134.210 0.000 -0.019
134.236 0.000 -0.019
134.261 0.000 -0.019
134.286 0.000 -0.019
134.311 0.000 -0.017
134.336 0.000 -0.015
134.361 0.000 -0.013
134.386 0.000 -0.010
134.411 0.000 -0.006
134.436 0.000 -0.002
134.461 0.000 0.002
134.486 0.000 0.007
134.511 0.000 0.011
134.536 0.000 0.015
134.561 0.000 0.017
134.586 0.000 0.019
134.611 0.000 0.021
134.636 0.000 0.022
134.661 0.000 0.022
134.686 0.000 0.021
134.711 0.000 0.020
134.736 0.000 0.018
134.761 0.000 0.015
134.786 0.000 0.012
134.811 0.000 0.008
134.836 0.000 0.004
134.861 0.000 -0.001
134.886 0.000 -0.005
134.911 0.000 -0.009
134.936 0.000 -0.012
134.961 0.000 -0.014
134.986 0.000 -0.016
135.011 0.000 -0.016
135.036 0.000 -0.017
135.061 0.000 -0.016
135.086 0.000 -0.015
135.111 0.000 -0.013
135.136 0.000 -0.011
135.161 0.000 -0.008
135.186 0.000 -0.004
135.211 0.000 0.000
135.237 0.000 0.005
135.262 0.000 0.009
135.287 0.000 0.013
135.312 0.000 0.016
135.337 0.000 0.018
135.362 0.000 0.020
135.387 0.000 0.021
135.412 0.000 0.021
135.437 0.000 0.021
135.462 0.000 0.019
135.487 0.000 0.018
135.512 0.000 0.015
135.537 0.000 0.012
135.562 0.000 0.009
135.587 0.000 0.004
135.612 0.000 -0.001
135.637 0.000 -0.005
135.662 0.000 -0.009
135.687 0.000 -0.013
135.712 0.000 -0.016
135.737 0.000 -0.018
135.762 0.000 -0.019
135.787 0.000 -0.021
135.812 0.000 -0.021
135.837 0.000 -0.021
135.862 0.000 -0.020
135.887 0.000 -0.019
135.912 0.000 -0.017
135.937 0.000 -0.015
135.962 0.000 -0.012
135.987 0.000 -0.008
136.012 0.000 -0.005
136.037 0.000 -0.001
136.062 0.000 0.001
136.087 0.000 0.004
136.112 0.000 0.006
136.137 0.000 0.008
136.162 0.000 0.009
136.187 0.000 0.010
136.212 0.000 0.011
136.237 0.000 0.011
136.263 0.000 0.011
136.288 0.000 0.011
136.313 0.000 0.010
136.338 0.000 0.009
136.363 0.000 0.007
136.388 0.000 0.006
136.413 0.000 0.004
136.438 0.000 0.003
136.463 0.000 0.002
136.488 0.000 0.000
136.513 0.000 -0.001
136.538 0.000 -0.002
136.563 0.000 -0.002
136.588 0.000 -0.003
136.613 0.000 -0.003
136.638 0.000 -0.004
136.663 0.000 -0.004
136.688 0.000 -0.004
136.713 0.000 -0.004
136.738 0.000 -0.004
136.763 0.000 -0.004
136.788 0.000 -0.004
136.813 0.000 -0.004
136.838 0.000 -0.004
136.863 0.000 -0.004
136.888 0.000 -0.005
136.913 0.000 -0.005
136.938 0.000 -0.005
136.963 0.000 -0.006
136.988 0.000 -0.007
137.013 0.000 -0.007
137.038 0.000 -0.008
137.063 0.000 -0.009
137.088 0.000 -0.010
137.113 0.000 -0.011
137.138 0.000 -0.012
137.163 0.000 -0.013
137.188 0.000 -0.013
137.213 0.000 -0.013
137.239 0.000 -0.013
137.264 0.000 -0.013
137.289 0.000 -0.012
137.314 0.000 -0.011
137.339 0.000 -0.009
137.364 0.000 -0.008
137.389 0.000 -0.006
137.414 0.000 -0.004
137.439 0.000 -0.001
137.464 0.000 0.002
137.489 0.000 0.005
137.514 0.000 0.008
137.539 0.000 0.011
137.564 0.000 0.013
137.589 0.000 0.015
137.614 0.000 0.017
137.639 0.000 0.019
137.664 0.000 0.020
137.689 0.000 0.021
137.714 0.000 0.022
137.739 0.000 0.022
137.764 0.000 0.022
137.789 0.000 0.022
137.814 0.000 0.021
137.839 0.000 0.020
137.864 0.000 0.019
137.889 0.000 0.017
137.914 0.000 0.015
137.939 0.000 0.013
137.964 0.000 0.010
137.989 0.000 0.007
138.014 0.000 0.004
138.039 0.000 0.001
138.064 0.000 -0.003
138.089 0.000 -0.007
138.114 0.000 -0.012
138.139 0.000 -0.017
138.164 0.000 -0.022
138.189 0.000 -0.027
138.214 0.000 -0.033
138.240 0.000 -0.039
138.265 0.000 -0.003
138.265 0.000 -0.015
138.290 0.000 -0.012
138.315 0.000 -0.009
138.340 0.000 -0.007
138.365 0.000 -0.004
138.390 0.000 -0.002
138.415 0.000 -0.000
138.440 0.000 0.002
138.465 0.000 0.003
138.490 0.000 0.005
138.515 0.000 0.006
138.540 0.000 0.008
138.565 0.000 0.009
138.590 0.000 0.010
138.615 0.000 0.010
138.640 0.000 0.011
138.665 0.000 0.011
138.690 0.000 0.012
138.715 0.000 0.012
138.740 0.000 0.012
138.765 0.000 0.011
138.790 0.000 0.011
138.815 0.000 0.010
138.840 0.000 0.010
138.865 0.000 0.009
138.890 0.000 0.008
138.915 0.000 0.007
138.940 0.000 0.005
138.965 0.000 0.004
138.990 0.000 0.002
139.015 0.000 0.000
139.040 0.000 -0.001
139.065 0.000 -0.003
139.090 0.000 -0.004
139.115 0.000 -0.006
139.140 0.000 -0.007
139.165 0.000 -0.008
139.190 0.000 -0.009
139.215 0.000 -0.010
139.240 0.000 -0.010
139.265 0.000 -0.011
139.291 0.000 -0.011
139.316 0.000 -0.012
139.341 0.000 -0.012
139.366 0.000 -0.012
139.391 0.000 -0.012
139.416 0.000 -0.012
139.441 0.000 -0.012
139.466 0.000 -0.011
139.491 0.000 -0.011
139.516 0.000 -0.010
139.541 0.000 -0.010
139.566 0.000 -0.009
139.591 0.000 -0.008
139.616 0.000 -0.007
139.641 0.000 -0.006
139.666 0.000 -0.005
139.691 0.000 -0.003
139.716 0.000 -0.002
139.741 0.000 -0.000
139.766 0.000 0.001
139.791 0.000 0.003
139.816 0.000 0.005
139.841 0.000 0.006
139.866 0.000 0.008
139.891 0.000 0.009
139.916 0.000 0.010
139.941 0.000 0.011
139.966 0.000 0.012
139.991 0.000 0.013
140.016 0.000 0.014
140.041 0.000 0.014
140.066 0.000 0.015
140.091 0.000 0.015
140.116 0.000 0.016
140.141 0.000 0.016
140.166 0.000 0.016
140.191 0.000 0.015
140.216 0.000 0.014
140.242 0.000 0.013
140.267 0.000 0.011
140.292 0.000 0.009
140.317 0.000 0.007
140.342 0.000 0.004
140.367 0.000 0.001
140.392 0.000 -0.002
140.417 0.000 -0.006
140.442 0.000 -0.011
140.467 0.000 -0.016
140.492 0.000 -0.022
140.517 0.000 -0.028
140.542 0.000 -0.034
140.567 0.000 -0.038
140.592 0.000 -0.041
140.616 0.000 -0.043
140.641 0.000 -0.043
140.666 0.000 -0.041
140.691 0.000 -0.038
140.716 0.000 -0.033
140.741 0.000 -0.027
140.766 0.000 -0.019
140.791 0.000 -0.010
140.816 0.000 0.000
140.841 0.000 0.012
140.867 0.000 0.026
140.892 0.000 0.040
140.917 0.000 0.055
140.943 0.000 0.066
140.968 0.000 0.072
140.994 0.000 0.073
141.020 0.000 0.069
141.045 0.000 0.061
141.071 0.000 0.050
141.096 0.000 0.040
141.121 0.000 0.029
141.147 0.000 0.018
141.172 0.000 0.008
141.196 0.000 -0.003
141.221 0.000 -0.015
141.246 0.000 -0.026
141.270 0.000 -0.038
141.294 0.000 -0.050
141.318 0.000 -0.055
141.342 0.000 -0.053
141.367 0.000 -0.044
141.391 0.000 -0.032
141.416 0.000 -0.021
141.440 0.000 -0.012
141.465 0.000 -0.003
141.491 0.000 0.004
141.516 0.000 0.011
141.542 0.000 0.017
141.568 0.000 0.022
141.594 0.000 0.027
141.620 0.000 0.031
141.646 0.000 0.036
141.673 0.000 0.040
141.699 0.000 0.041
141.726 0.000 0.040
141.752 0.000 0.038
141.779 0.000 0.036
141.805 0.000 0.034
141.831 0.000 0.032
141.857 0.000 0.029
141.883 0.000 0.026
141.908 0.000 0.023
141.933 0.000 0.020
141.958 0.000 0.017
141.983 0.000 0.015
142.007 0.000 0.013
142.031 0.000 0.012
142.055 0.000 0.012
142.078 0.000 0.013
142.102 0.000 0.014
142.126 0.000 0.016
142.151 0.000 0.017
142.175 0.000 0.017
142.200 0.000 0.017
142.225 0.000 0.015
142.250 0.000 0.013
142.276 0.000 0.010
142.302 0.000 0.005
142.328 0.000 -0.000
142.353 0.000 -0.006
142.380 0.000 -0.012
142.406 0.000 -0.016
142.431 0.000 -0.014
142.457 0.000 -0.009
142.483 0.000 -0.003
142.508 0.000 0.002
142.534 0.000 0.007
142.559 0.000 0.011
142.584 0.000 0.015
142.609 0.000 0.019
142.634 0.000 0.029
142.747 0.000 0.031
142.763 0.000 0.025
142.780 0.000 0.019
142.796 0.000 0.013
142.813 0.000 0.005
142.829 0.000 -0.003
142.846 0.000 -0.010
142.863 0.000 -0.017
142.879 0.000 -0.023
142.896 0.000 -0.029
142.912 0.000 -0.033
142.929 0.000 -0.035
142.946 0.000 -0.036
142.962 0.000 -0.036
142.979 0.000 -0.035
142.996 0.000 -0.032
143.012 0.000 -0.028
143.029 0.000 -0.025
143.046 0.000 -0.022
143.062 0.000 -0.019
143.079 0.000 -0.016
143.096 0.000 -0.014
143.112 0.000 -0.011
143.129 0.000 -0.008
143.146 0.000 -0.006
143.163 0.000 -0.003
143.179 0.000 -0.001
143.196 0.000 0.002
143.213 0.000 0.004
143.230 0.000 0.007
143.246 0.000 0.009
143.263 0.000 0.011
143.280 0.000 0.012
143.297 0.000 0.014
143.313 0.000 0.015
143.330 0.000 0.016
143.347 0.000 0.017
143.363 0.000 0.018
143.380 0.000 0.018
143.397 0.000 0.019
143.414 0.000 0.019
143.430 0.000 0.019
143.447 0.000 0.018
143.464 0.000 0.018
143.480 0.000 0.017
143.497 0.000 0.016
143.513 0.000 0.015
143.530 0.000 0.013
143.547 0.000 0.011
143.563 0.000 0.010
143.580 0.000 0.007
143.596 0.000 0.005
143.613 0.000 0.003
143.629 0.000 0.001
143.646 0.000 -0.002
143.662 0.000 -0.004
143.679 0.000 -0.007
143.695 0.000 -0.009
143.711 0.000 -0.013
143.728 0.000 -0.017
143.744 0.000 -0.022
143.761 0.000 -0.028
143.777 0.000 -0.036
143.794 0.000 -0.043
143.811 0.000 -0.048
143.827 0.000 -0.051
143.844 0.000 -0.051
143.861 0.000 3.092
143.890 0.000 -0.045
143.915 0.000 -0.039
143.941 0.000 -0.032
143.966 0.000 -0.023
143.992 0.000 -0.012
144.017 0.000 0.000
144.043 0.000 0.014
144.069 0.000 0.025
144.095 0.000 0.034
144.121 0.000 0.042
144.147 0.000 0.049
144.174 0.000 0.054
144.200 0.000 0.059
144.225 0.000 0.064
144.251 0.000 0.068
144.276 0.000 0.070
144.301 0.000 0.068
144.326 0.000 0.063
144.350 0.000 0.055
144.374 0.000 0.042
144.398 0.000 0.026
144.422 0.000 0.008
144.446 0.000 -0.006
144.471 0.000 -0.014
144.495 0.000 -0.017
144.520 0.000 -0.016
144.544 0.000 -0.012
144.570 0.000 -0.006
144.595 0.000 -0.001
144.621 0.000 0.003
144.647 0.000 0.006
144.673 0.000 0.009
144.699 0.000 0.011
144.725 0.000 0.013
144.752 0.000 0.015
144.778 0.000 0.017
144.804 0.000 0.018
144.831 0.000 0.019
144.856 0.000 0.018
144.882 0.000 0.016
144.908 0.000 0.013
144.933 0.000 0.011
144.959 0.000 0.010
144.984 0.000 0.008
145.009 0.000 0.007
145.034 0.000 0.006
145.059 0.000 0.005
145.084 0.000 0.004
145.109 0.000 0.004
145.133 0.000 0.004
145.158 0.000 0.004
145.183 0.000 0.004
145.208 0.000 0.004
145.232 0.000 0.004
145.257 0.000 0.005
145.282 0.000 0.006
145.306 0.000 0.007
145.331 0.000 0.008
145.356 0.000 0.009
145.381 0.000 0.010
145.405 0.000 0.010
145.430 0.000 0.011
145.455 0.000 0.011
145.480 0.000 0.011
145.505 0.000 0.011
145.529 0.000 0.011
145.554 0.000 0.011
145.579 0.000 0.010
145.604 0.000 0.010
145.629 0.000 0.010
145.654 0.000 0.009
145.679 0.000 0.008
145.704 0.000 0.007
145.728 0.000 0.006
145.753 0.000 0.005
145.778 0.000 0.004
145.803 0.000 0.002
145.828 0.000 0.001
145.853 0.000 -0.001
145.879 0.000 -0.002
145.904 0.000 -0.004
145.929 0.000 -0.005
145.954 0.000 -0.006
145.979 0.000 -0.008
146.004 0.000 -0.009
146.029 0.000 -0.010
146.054 0.000 -0.010
146.079 0.000 -0.011
146.105 0.000 -0.012
146.130 0.000 -0.012
146.155 0.000 -0.013
146.180 0.000 -0.013
146.205 0.000 -0.013
146.230 0.000 -0.013
146.256 0.000 -0.013
146.281 0.000 -0.013
146.306 0.000 -0.013
146.331 0.000 -0.012
146.356 0.000 -0.012
146.382 0.000 -0.011
146.407 0.000 -0.011
146.432 0.000 -0.010
146.457 0.000 -0.009
146.482 0.000 -0.008
146.508 0.000 -0.007
146.533 0.000 -0.006
146.558 0.000 -0.004
146.583 0.000 -0.002
146.608 0.000 -0.000
146.633 0.000 0.002
146.659 0.000 0.005
146.684 0.000 0.007
146.709 0.000 0.010
146.734 0.000 0.013
146.759 0.000 0.017
146.784 0.000 0.021
146.809 0.000 0.025
146.834 0.000 0.028
146.859 0.000 0.032
146.884 0.000 0.034
146.910 0.000 0.036
146.935 0.000 0.037
146.960 0.000 0.037
146.985 0.000 0.036
147.010 0.000 0.035
147.035 0.000 0.032
147.060 0.000 0.029
147.085 0.000 0.026
147.110 0.000 0.021
147.135 0.000 0.016
147.160 0.000 0.010
147.185 0.000 0.003
147.210 0.000 -0.004
147.235 0.000 -0.012
147.260 0.000 -0.018
147.285 0.000 -0.024
147.310 0.000 -0.028
147.335 0.000 -0.032
147.360 0.000 -0.035
147.385 0.000 -0.037
147.410 0.000 -0.039
147.435 0.000 -0.039
147.460 0.000 -0.039
147.485 0.000 -0.038
147.510 0.000 -0.036
147.535 0.000 -0.033
147.560 0.000 -0.029
147.585 0.000 -0.025
147.610 0.000 -0.020
147.635 0.000 -0.015
147.660 0.000 -0.011
147.685 0.000 -0.008
147.710 0.000 -0.004
147.735 0.000 -0.001
147.760 0.000 0.001
147.785 0.000 0.003
147.810 0.000 0.005
147.835 0.000 0.007
147.860 0.000 0.008
147.885 0.000 0.008
147.910 0.000 0.009
147.935 0.000 0.008
147.960 0.000 0.008
147.985 0.000 0.007
148.010 0.000 0.006
148.035 0.000 0.006
148.061 0.000 0.005
148.086 0.000 0.005
148.111 0.000 0.004
148.136 0.000 0.004
148.161 0.000 0.004
148.186 0.000 0.004
148.211 0.000 0.004
148.236 0.000 0.004
148.261 0.000 0.004
148.286 0.000 0.004
148.311 0.000 0.005
148.336 0.000 0.005
148.361 0.000 0.006
148.386 0.000 0.007
148.411 0.000 0.007
148.436 0.000 0.007
148.461 0.000 0.008
148.486 0.000 0.008
148.511 0.000 0.008
148.536 0.000 0.008
148.561 0.000 0.008
148.586 0.000 0.008
148.611 0.000 0.008
148.636 0.000 0.008
148.661 0.000 0.008
148.686 0.000 0.008
148.711 0.000 0.008
148.736 0.000 0.007
148.761 0.000 0.007
148.786 0.000 0.007
148.811 0.000 0.006
148.836 0.000 0.006
148.861 0.000 0.006
148.886 0.000 0.006
148.911 0.000 0.007
148.936 0.000 0.007
148.961 0.000 0.007
148.986 0.000 0.008
149.011 0.000 0.008
149.036 0.000 0.008
149.061 0.000 0.009
149.086 0.000 0.010
149.111 0.000 0.011
149.136 0.000 0.011
149.162 0.000 0.011
149.187 0.000 0.011
149.212 0.000 0.011
149.237 0.000 0.010
149.262 0.000 0.009
149.287 0.000 0.008
149.312 0.000 0.006
149.337 0.000 0.004
149.362 0.000 0.002
149.387 0.000 -0.001
149.412 0.000 -0.004
149.437 0.000 -0.007
149.462 0.000 -0.010
149.487 0.000 -0.014
149.512 0.000 -0.018
149.537 0.000 -0.021
149.562 0.000 -0.024
149.587 0.000 -0.026
149.612 0.000 -0.028
149.637 0.000 -0.029
149.662 0.000 -0.030
149.687 0.000 -0.030
149.712 0.000 -0.030
149.737 0.000 -0.029
149.762 0.000 -0.028
149.787 0.000 -0.026
149.812 0.000 -0.024
149.837 0.000 -0.022
149.862 0.000 -0.019
149.887 0.000 -0.015
149.912 0.000 -0.012
149.937 0.000 -0.009
149.962 0.000 -0.007
149.987 0.000 -0.005
150.012 0.000 -0.002
150.037 0.000 -0.000
150.062 0.000 0.001
150.087 0.000 0.003
150.112 0.000 0.004
150.137 0.000 0.005
150.162 0.000 0.006
150.187 0.000 0.006
150.212 0.000 0.006
150.238 0.000 0.007
150.263 0.000 0.006
150.288 0.000 0.006
150.313 0.000 0.005
150.338 0.000 0.005
150.363 0.000 0.004
150.388 0.000 0.002
150.413 0.000 0.001
150.438 0.000 -0.001
150.463 0.000 -0.003
150.488 0.000 -0.005
150.513 0.000 -0.008
150.538 0.000 -0.010
150.563 0.000 -0.013
150.588 0.000 -0.016
150.613 0.000 -0.020
150.638 0.000 3.138
150.638 0.000 3.138
150.663 0.000 0.040
150.688 0.000 0.037
150.713 0.000 0.033
150.738 0.000 0.030
150.763 0.000 0.027
150.788 0.000 0.024
150.813 0.000 0.021
150.838 0.000 0.018
150.863 0.000 0.016
150.888 0.000 0.013
150.913 0.000 0.011
150.938 0.000 0.009
150.963 0.000 0.007
150.988 0.000 0.005
151.013 0.000 0.003
151.038 0.000 0.002
151.063 0.000 0.000
151.088 0.000 -0.001
151.113 0.000 -0.002
151.138 0.000 -0.003
151.163 0.000 -0.004
151.189 0.000 -0.005
151.214 0.000 -0.005
151.239 0.000 -0.006
151.264 0.000 -0.006
151.289 0.000 -0.006
151.314 0.000 -0.006
151.339 0.000 -0.006
151.364 0.000 -0.006
151.389 0.000 -0.005
151.414 0.000 -0.005
151.439 0.000 -0.004
151.464 0.000 -0.004
151.489 0.000 -0.004
151.514 0.000 -0.003
151.539 0.000 -0.003
151.564 0.000 -0.003
151.589 0.000 -0.002
151.614 0.000 -0.002
151.639 0.000 -0.002
151.664 0.000 -0.002
151.689 0.000 -0.002
151.714 0.000 -0.002
151.739 0.000 -0.002
151.764 0.000 -0.002
151.789 0.000 -0.001
151.814 0.000 -0.001
151.839 0.000 -0.001
151.864 0.000 -0.001
151.889 0.000 -0.001
151.914 0.000 -0.001
151.939 0.000 -0.001
151.964 0.000 -0.001
152.073 0.000 -0.001
152.089 0.000 -0.001
152.106 0.000 -0.002
152.123 0.000 -0.001
152.140 0.000 -0.001
152.156 0.000 -0.001
152.173 0.000 -0.001
152.190 0.000 -0.001
152.206 0.000 -0.001
152.223 0.000 -0.001
152.240 0.000 -0.000
152.256 0.000 -0.000
152.273 0.000 -0.000
152.290 0.000 -0.000
152.306 0.000 0.000
152.323 0.000 0.000
152.340 0.000 0.000
152.356 0.000 0.000
152.373 0.000 0.000
152.390 0.000 0.000
152.406 0.000 0.001
152.423 0.000 0.001
152.440 0.000 0.001
152.457 0.000 0.001
152.473 0.000 0.001
152.490 0.000 0.001
152.507 0.000 0.001
152.523 0.000 0.001
152.540 0.000 0.001
152.557 0.000 0.001
152.573 0.000 0.001
152.590 0.000 0.001
152.607 0.000 0.001
152.623 0.000 0.001
152.640 0.000 0.001
152.657 0.000 0.001
152.673 0.000 0.001
152.690 0.000 0.001
152.707 0.000 0.001
152.724 0.000 0.001
152.740 0.000 0.001
152.757 0.000 0.002
152.774 0.000 0.004
152.790 0.000 0.005
152.807 0.000 -3.140
152.849 0.000 0.001
152.874 0.000 0.001
152.899 0.000 0.001
152.924 0.000 0.000
152.949 0.000 0.000
152.974 0.000 0.000
152.999 0.000 0.000
153.024 0.000 0.000
153.049 0.000 0.000
153.074 0.000 0.000
153.099 0.000 0.000
153.124 0.000 0.000
153.149 0.000 0.000
153.174 0.000 -0.000
153.199 0.000 -0.000
153.224 0.000 -0.000
153.249 0.000 -0.000
153.274 0.000 -0.000
153.299 0.000 -0.000
153.324 0.000 -0.000
153.349 0.000 -0.000
153.374 0.000 -0.000
153.399 0.000 -0.000
153.424 0.000 -0.000
153.449 0.000 -0.001
153.474 0.000 -0.001
153.499 0.000 -0.001
153.524 0.000 -0.001
153.549 0.000 -0.001
153.574 0.000 -0.001
153.599 0.000 -0.001
153.624 0.000 -0.001
153.650 0.000 -0.002
153.675 0.000 -0.002
153.700 0.000 -0.002
153.725 0.000 -0.002
153.750 0.000 -0.003
153.775 0.000 -0.003
153.800 0.000 -0.003
153.825 0.000 -0.003
153.850 0.000 -0.003
153.875 0.000 -0.003
153.900 0.000 -0.003
153.925 0.000 -0.003
153.950 0.000 -0.003
153.975 0.000 -0.003
154.000 0.000 -0.003
154.025 0.000 -0.003
154.050 0.000 -0.003
154.075 0.000 -0.003
154.100 0.000 -0.002
154.125 0.000 -0.002
154.150 0.000 -0.001
154.175 0.000 -0.001
154.200 0.000 -0.001
154.225 0.000 -0.000
154.250 0.000 -0.000
154.275 0.000 0.000
154.300 0.000 0.001
154.325 0.000 0.001
154.350 0.000 0.001
154.375 0.000 0.001
154.400 0.000 0.002
154.425 0.000 0.002
154.450 0.000 0.002
154.475 0.000 0.002
154.500 0.000 0.002
154.525 0.000 0.003
154.550 0.000 0.003
154.575 0.000 0.003
154.601 0.000 0.003
154.626 0.000 0.003
154.651 0.000 0.003
154.676 0.000 0.003
154.701 0.000 0.003
154.726 0.000 0.003
154.751 0.000 0.003
154.776 0.000 0.003
154.801 0.000 0.003
154.826 0.000 0.003
154.851 0.000 0.003
154.876 0.000 0.003
154.901 0.000 0.003
154.926 0.000 0.003
154.951 0.000 0.003
154.976 0.000 0.003
155.001 0.000 0.003
155.026 0.000 0.003
155.051 0.000 0.002
155.076 0.000 0.002
155.101 0.000 0.002
155.126 0.000 0.002
155.151 0.000 0.002
155.176 0.000 0.001
155.201 0.000 0.001
155.226 0.000 0.001
155.251 0.000 0.000
155.276 0.000 0.000
155.301 0.000 -0.000
155.326 0.000 -0.001
155.351 0.000 -0.001
155.376 0.000 -0.001
155.401 0.000 -0.002
155.426 0.000 -0.002
155.451 0.000 -0.003
155.476 0.000 -0.003
155.502 0.000 -0.003
155.527 0.000 -0.004
155.552 0.000 -0.004
155.577 0.000 -0.005
155.602 0.000 -0.005
155.627 0.000 -0.005
155.652 0.000 -0.005
155.677 0.000 -0.005
155.702 0.000 -0.005
155.727 0.000 -0.005
155.752 0.000 -0.005
155.777 0.000 -0.005
155.802 0.000 -0.005
155.827 0.000 -0.005
155.852 0.000 -0.004
155.877 0.000 -0.004
155.902 0.000 -0.003
155.927 0.000 -0.003
155.952 0.000 -0.002
155.977 0.000 -0.002
156.002 0.000 -0.001
156.027 0.000 -0.001
156.052 0.000 -0.001
156.077 0.000 -0.000
156.102 0.000 0.000
156.127 0.000 0.001
156.152 0.000 0.001
156.177 0.000 0.001
156.202 0.000 0.002
156.227 0.000 0.002
156.252 0.000 0.002
156.277 0.000 0.003
156.302 0.000 0.003
156.327 0.000 0.003
156.352 0.000 0.004
156.377 0.000 0.004
156.402 0.000 0.004
156.427 0.000 0.004
156.452 0.000 0.005
156.476 0.000 0.005
156.501 0.000 0.005
156.526 0.000 0.005
156.551 0.000 0.006
156.576 0.000 0.006
156.601 0.000 0.006
156.626 0.000 0.006
156.651 0.000 0.006
156.676 0.000 0.006
156.701 0.000 0.006
156.726 0.000 0.006
156.751 0.000 0.007
156.776 0.000 0.007
156.801 0.000 0.007
156.826 0.000 0.006
156.851 0.000 0.006
156.876 0.000 0.006
156.901 0.000 0.006
156.926 0.000 0.005
156.951 0.000 0.005
156.976 0.000 0.004
157.002 0.000 0.003
157.027 0.000 0.002
157.052 0.000 0.002
157.077 0.000 0.001
157.102 0.000 -0.001
157.127 0.000 -0.002
157.152 0.000 -0.003
157.177 0.000 -0.004
157.202 0.000 -0.006
157.227 0.000 -0.007
157.252 0.000 -0.009
157.278 0.000 -0.010
157.303 0.000 -0.012
157.328 0.000 -0.014
157.353 0.000 -0.016
157.378 0.000 -0.018
157.403 0.000 -0.020
157.428 0.000 -0.022
157.454 0.000 -0.024
157.479 0.000 -0.025
157.504 0.000 -0.025
157.529 0.000 -0.025
157.555 0.000 -0.024
157.580 0.000 -0.022
157.605 0.000 -0.020
157.630 0.000 -0.016
157.655 0.000 -0.012
157.680 0.000 -0.008
157.705 0.000 -0.002
157.730 0.000 0.004
157.755 0.000 0.012
157.780 0.000 0.019
157.804 0.000 0.028
157.829 0.000 0.037
157.854 0.000 0.045
157.878 0.000 0.051
157.903 0.000 0.054
157.927 0.000 0.056
157.952 0.000 0.055
157.976 0.000 0.052
158.001 0.000 0.048
158.026 0.000 0.041
158.051 0.000 0.033
158.077 0.000 0.024
158.102 0.000 0.011
158.128 0.000 -0.005
158.155 0.000 -0.024
158.182 0.000 -0.039
158.209 0.000 -0.051
158.236 0.000 -0.059
158.263 0.000 -0.065
158.291 0.000 -0.067
158.318 0.000 -0.067
158.345 0.000 -0.063
158.371 0.000 -0.056
158.397 0.000 -0.045
158.422 0.000 -0.030
158.447 0.000 -0.013
158.471 0.000 -0.000
158.494 0.000 0.010
158.516 0.000 0.019
158.538 0.000 0.026
158.559 0.000 0.031
158.580 0.000 0.024
158.601 0.000 0.016
158.623 0.000 0.012
158.644 0.000 0.012
158.667 0.000 0.013
158.689 0.000 0.013
158.713 0.000 0.012
158.737 0.000 0.011
158.762 0.000 0.009
158.788 0.000 0.007
158.814 0.000 0.005
158.841 0.000 0.003
158.868 0.000 0.001
158.896 0.000 -0.001
158.924 0.000 -0.003
158.953 0.000 -0.006
158.982 0.000 -0.008
159.011 0.000 -0.011
159.040 0.000 -0.014
159.070 0.000 -0.018
159.099 0.000 -0.021
159.128 0.000 -0.026
159.156 0.000 -0.030
159.185 0.000 -0.034
159.213 0.000 -0.038
159.240 0.000 -0.041
159.267 0.000 -0.042
159.293 0.000 -0.041
159.319 0.000 -0.039
159.345 0.000 -0.035
159.370 0.000 -0.030
159.395 0.000 -0.023
159.419 0.000 -0.014
159.444 0.000 -0.005
159.468 0.000 0.003
159.492 0.000 0.010
159.516 0.000 0.016
159.539 0.000 0.022
159.563 0.000 0.026
159.587 0.000 0.030
159.610 0.000 0.032
159.634 0.000 0.034
159.658 0.000 0.035
159.682 0.000 0.035
159.706 0.000 0.033
159.730 0.000 0.031
159.755 0.000 0.029
159.779 0.000 0.025
159.804 0.000 0.020
159.830 0.000 0.015
159.855 0.000 0.009
159.881 0.000 0.002
159.908 0.000 -0.005
159.935 0.000 -0.013
159.963 0.000 1.583
159.963 0.000 1.580
159.989 0.000 -0.085
160.016 0.000 -0.066
160.041 0.000 -0.049
160.067 0.000 -0.035
160.093 0.000 -0.022
160.118 0.000 -0.010
160.143 0.000 0.001
160.167 0.000 0.011
160.192 0.000 0.020
160.217 0.000 0.027
160.241 0.000 0.033
160.266 0.000 0.038
160.290 0.000 0.041
160.315 0.000 0.043
160.339 0.000 0.043
160.364 0.000 0.042
160.389 0.000 0.040
160.413 0.000 0.036
160.438 0.000 0.032
160.463 0.000 0.026
160.489 0.000 0.019
160.515 0.000 0.011
160.540 0.000 0.004
160.567 0.000 -0.002
160.593 0.000 -0.006
160.620 0.000 -0.009
160.647 0.000 -0.011
160.674 0.000 -0.012
160.702 0.000 -0.012
160.730 0.000 -0.011
160.757 0.000 -0.010
160.785 0.000 -0.010
160.813 0.000 -0.009
160.842 0.000 -0.008
160.870 0.000 -0.008
160.898 0.000 -0.007
160.926 0.000 -0.006
160.955 0.000 -0.006
160.983 0.000 -0.005
161.011 0.000 -0.004
161.039 0.000 -0.003
161.068 0.000 -0.002
161.096 0.000 -0.000
161.123 0.000 0.001
161.151 0.000 0.003
161.179 0.000 0.005
161.206 0.000 0.008
161.234 0.000 0.011
161.261 0.000 0.014
161.287 0.000 0.018
161.314 0.000 0.023
161.341 0.000 0.028
161.367 0.000 0.034
161.393 0.000 0.041
161.419 0.000 0.049
161.444 0.000 0.057
161.469 0.000 0.066
161.494 0.000 0.075
161.519 0.000 0.081
161.544 0.000 0.085
161.569 0.000 0.086
161.593 0.000 0.083
161.617 0.000 0.078
161.641 0.000 0.069
161.665 0.000 0.057
161.689 0.000 0.042
161.713 0.000 0.024
161.738 0.000 0.005
161.762 0.000 -0.011
161.786 0.000 -0.024
161.811 0.000 -0.035
161.836 0.000 -0.043
161.860 0.000 -0.049
161.886 0.000 -0.052
161.911 0.000 -0.053
161.936 0.000 -0.052
161.962 0.000 -0.048
161.988 0.000 -0.042
162.014 0.000 -0.035
162.039 0.000 -0.025
162.065 0.000 -0.013
162.091 0.000 -0.001
162.116 0.000 0.010
162.142 0.000 0.021
162.167 0.000 0.029
162.193 0.000 0.036
162.218 0.000 0.040
162.243 0.000 0.043
162.268 0.000 0.044
162.293 0.000 0.042
162.318 0.000 0.039
162.343 0.000 0.034
162.368 0.000 0.028
162.393 0.000 0.019
162.417 0.000 0.009
162.442 0.000 -0.003
162.466 0.000 -0.020
162.491 0.000 -0.037
162.515 0.000 -0.047
162.540 0.000 -0.050
162.565 0.000 -0.047
162.590 0.000 -0.037
162.615 0.000 -0.020
162.640 0.000 0.004
162.666 0.000 0.025
162.692 0.000 0.033
162.718 0.000 0.032
162.744 0.000 0.029
162.771 0.000 0.023
162.799 0.000 0.015
162.826 0.000 0.006
162.853 0.000 -0.002
162.880 0.000 -0.009
162.907 0.000 -0.015
162.933 0.000 -0.021
162.959 0.000 -0.025
162.984 0.000 -0.029
163.009 0.000 -0.032
163.033 0.000 -0.033
163.056 0.000 -0.034
163.078 0.000 -0.034
163.101 0.000 -0.033
163.122 0.000 -0.037
163.144 0.000 -0.047
163.165 0.000 -0.054
163.187 0.000 -0.058
163.209 0.000 -0.060
163.232 0.000 -0.060
163.255 0.000 -0.058
163.279 0.000 -0.054
163.304 0.000 -0.049
163.330 0.000 -0.043
163.356 0.000 -0.037
163.382 0.000 -0.029
163.410 0.000 -0.021
163.437 0.000 -0.011
163.465 0.000 -0.002
163.494 0.000 0.004
163.522 0.000 0.010
163.551 0.000 0.013
163.580 0.000 0.016
163.609 0.000 0.017
163.638 0.000 0.016
163.666 0.000 0.015
163.695 0.000 0.012
163.722 0.000 0.008
163.750 0.000 0.005
163.776 0.000 0.002
163.803 0.000 -0.000
163.829 0.000 -0.003
163.854 0.000 -0.005
163.880 0.000 -0.006
163.905 0.000 -0.008
163.929 0.000 -0.009
163.954 0.000 -0.010
163.978 0.000 -0.010
164.002 0.000 -0.010
164.026 0.000 -0.009
164.050 0.000 -0.008
164.074 0.000 -0.007
164.098 0.000 -0.005
164.121 0.000 -0.003
164.145 0.000 -0.001
164.169 0.000 0.001
164.193 0.000 0.003
164.217 0.000 0.004
164.242 0.000 0.005
164.266 0.000 0.005
164.291 0.000 0.005
164.316 0.000 0.005
164.341 0.000 0.005
164.367 0.000 0.004
164.393 0.000 0.003
164.420 0.000 0.002
164.446 0.000 0.000
164.474 0.000 1.556
164.474 0.000 -0.083
164.500 0.000 -0.068
164.527 0.000 -0.054
164.553 0.000 -0.040
164.578 0.000 -0.027
164.604 0.000 -0.015
164.629 0.000 -0.004
164.654 0.000 0.006
164.679 0.000 0.015
164.704 0.000 0.023
164.728 0.000 0.030
164.753 0.000 0.036
164.777 0.000 0.041
164.801 0.000 0.044
164.826 0.000 0.047
164.850 0.000 0.049
164.874 0.000 0.050
164.898 0.000 0.049
164.923 0.000 0.048
164.947 0.000 0.045
164.971 0.000 0.042
164.996 0.000 0.037
165.020 0.000 0.032
165.045 0.000 0.025
165.069 0.000 0.017
165.094 0.000 0.009
165.119 0.000 -0.000
165.145 0.000 -0.010
165.170 0.000 -0.021
165.196 0.000 -0.032
165.222 0.000 -0.044
165.248 0.000 -0.056
165.275 0.000 -0.068
165.302 0.000 -0.079
165.329 0.000 -0.084
165.357 0.000 -0.083
165.385 0.000 -0.077
165.412 0.000 -0.065
165.440 0.000 -0.048
165.467 0.000 -0.028
165.494 0.000 -0.010
165.520 0.000 0.006
165.546 0.000 0.021
165.571 0.000 0.034
165.595 0.000 0.046
165.619 0.000 0.056
165.642 0.000 0.065
165.664 0.000 0.071
165.685 0.000 0.075
165.706 0.000 0.071
165.727 0.000 0.051
165.748 0.000 0.017
165.770 0.000 -0.015
165.791 0.000 -0.036
165.814 0.000 -0.048
165.837 0.000 -0.053
165.861 0.000 -0.055
165.885 0.000 -0.053
165.911 0.000 -0.050
165.937 0.000 -0.045
165.963 0.000 -0.040
165.990 0.000 -0.034
166.018 0.000 -0.029
166.047 0.000 -0.023
166.075 0.000 -0.017
166.104 0.000 -0.012
166.134 0.000 -0.009
166.163 0.000 -0.008
166.192 0.000 -0.008
166.221 0.000 -0.009
166.250 0.000 -0.010
166.279 0.000 -0.011
166.308 0.000 -0.013
166.335 0.000 -0.014
166.362 0.000 -0.015
166.389 0.000 -0.014
166.415 0.000 -0.013
166.441 0.000 -0.010
166.466 0.000 0.002
166.491 0.000 0.022
166.516 0.000 0.036
166.642 0.000 0.027
166.658 0.000 -0.011
166.675 0.000 -0.079
166.691 0.000 -0.097
166.707 0.000 -0.062
166.724 0.000 -0.040
166.740 0.000 -0.025
166.757 0.000 -0.014
166.773 0.000 -0.005
166.790 0.000 0.002
166.807 0.000 0.008
166.824 0.000 0.015
166.840 0.000 0.020
166.857 0.000 0.025
166.874 0.000 0.029
166.891 0.000 0.032
166.908 0.000 0.034
166.925 0.000 0.035
166.941 0.000 0.036
166.958 0.000 0.035
166.975 0.000 0.033
166.992 0.000 0.029
167.009 0.000 0.024
167.025 0.000 0.018
167.042 0.000 0.010
167.059 0.000 0.002
167.075 0.000 -0.008
167.092 0.000 -0.018
167.108 0.000 -0.027
167.125 0.000 -0.034
167.142 0.000 -0.040
167.158 0.000 -0.043
167.175 0.000 -0.045
167.191 0.000 -0.045
167.208 0.000 -0.042
167.225 0.000 -0.038
167.241 0.000 -0.030
167.258 0.000 -0.014
167.275 0.000 0.011
167.291 0.000 0.047
167.308 0.000 0.099
167.325 0.000 0.174
167.342 0.000 0.283
167.358 0.000 -2.787
167.404 0.000 0.283
167.429 0.000 0.128
167.455 0.000 -0.017
167.480 0.000 -0.095
167.505 0.000 -0.117
167.530 0.000 -0.109
167.556 0.000 -0.088
167.581 0.000 -0.067
167.606 0.000 -0.049
167.631 0.000 -0.033
167.656 0.000 -0.019
167.681 0.000 -0.007
167.707 0.000 0.002
167.732 0.000 0.009
167.757 0.000 0.014
167.782 0.000 0.017
167.807 0.000 0.017
167.832 0.000 0.015
167.857 0.000 0.011
167.882 0.000 0.007
167.907 0.000 0.004
167.932 0.000 0.001
167.957 0.000 -0.001
167.983 0.000 -0.002
168.008 0.000 -0.004
168.033 0.000 -0.005
168.058 0.000 -0.006
168.083 0.000 -0.006
168.108 0.000 -0.007
168.133 0.000 -0.007
168.158 0.000 -0.008
168.183 0.000 -0.008
168.209 0.000 -0.009
168.234 0.000 -0.009
168.259 0.000 -0.009
168.284 0.000 -0.009
168.309 0.000 -0.009
168.334 0.000 -0.009
168.359 0.000 -0.008
168.384 0.000 -0.008
168.409 0.000 -0.007
168.434 0.000 -0.007
168.459 0.000 -0.006
168.485 0.000 -0.005
168.510 0.000 -0.004
168.535 0.000 -0.003
168.560 0.000 -0.003
168.585 0.000 -0.003
168.610 0.000 -0.004
168.635 0.000 -0.005
168.660 0.000 -0.007
168.685 0.000 -0.009
168.710 0.000 -0.012
168.735 0.000 -0.014
168.761 0.000 -0.015
168.786 0.000 -0.017
168.811 0.000 -0.018
168.836 0.000 -0.018
168.861 0.000 -0.019
168.886 0.000 -0.018
168.911 0.000 -0.018
168.936 0.000 -0.017
168.961 0.000 -0.016
168.986 0.000 -0.014
169.011 0.000 -0.012
169.037 0.000 -0.010
169.062 0.000 -0.007
169.087 0.000 -0.004
169.112 0.000 -0.001
169.137 0.000 0.001
169.162 0.000 0.003
169.187 0.000 0.004
169.212 0.000 0.005
169.237 0.000 0.006
169.262 0.000 0.007
169.287 0.000 0.007
169.312 0.000 0.007
169.338 0.000 0.006
169.363 0.000 0.006
169.388 0.000 0.005
169.413 0.000 0.003
169.438 0.000 0.001
169.463 0.000 -0.000
169.488 0.000 -0.003
169.514 0.000 -0.005
169.539 0.000 -0.008
169.564 0.000 -0.011
169.589 0.000 -0.014
169.614 0.000 -0.018
169.639 0.000 -0.021
169.664 0.000 -0.025
169.689 0.000 -0.029
169.715 0.000 -0.034
169.740 0.000 -0.038
169.765 0.000 -0.042
169.790 0.000 -0.047
169.815 0.000 -0.052
169.840 0.000 -1.014
169.840 0.000 -1.014
169.840 0.000 -1.014
169.840 0.000 -1.014
169.840 0.000 -1.014
169.840 0.000 -1.014
169.840 0.000 -1.014
169.840 0.000 -1.014
169.840 0.000 -1.014
169.840 0.000 -1.014
169.840 0.000 -1.014
169.840 0.000 -1.014
169.840 0.000 -1.014
169.840 0.000 -1.014
169.840 0.000 -1.014
169.840 0.000 -1.014
169.840 0.000 -1.014
169.840 0.000 -1.014
169.840 0.000 -1.014
169.840 0.000 -1.014
169.840 0.000 -1.014
169.840 0.000 -1.014
169.840 0.000 -1.014
169.840 0.000 -1.014
169.840 0.000 -1.014
169.840 0.000 -1.014
169.840 0.000 -1.014
169.840 0.000 -1.014
169.840 0.000 -1.014
169.840 0.000 -1.014
169.840 0.000 -1.014
169.840 0.000 -1.014
169.840 0.000 -1.014
169.840 0.000 -1.014
169.840 0.000 -1.014
169.840 0.000 -1.014
169.840 0.000 -1.014
169.840 0.000 -1.014
169.840 0.000 -1.014
169.840 0.000 -1.014
169.840 0.000 -1.014
169.840 0.000 -1.014
169.840 0.000 -1.014
169.840 0.000 -1.014
169.840 0.000 -1.014
