3.830 0.726 -3.140
3.805 0.726 -3.141
3.780 0.725 -3.142
3.755 0.725 -3.144
3.729 0.725 -3.145
3.704 0.725 -3.147
3.679 0.724 -3.148
3.654 0.724 -3.149
3.629 0.724 -3.150
3.604 0.724 -3.152
3.578 0.725 -3.153
3.553 0.725 -3.154
3.528 0.725 -3.155
3.503 0.725 -3.156
3.478 0.726 -3.157
3.453 0.726 -3.158
3.427 0.726 -3.159
3.402 0.727 -3.160
3.377 0.727 -3.161
3.352 0.728 -3.162
3.327 0.728 -3.163
3.302 0.729 -3.163
3.276 0.730 -3.164
3.251 0.730 -3.165
3.226 0.731 -3.166
3.201 0.732 -3.166
3.176 0.732 -3.167
3.150 0.733 -3.168
3.125 0.734 -3.168
3.100 0.735 -3.169
3.075 0.735 -3.169
3.050 0.736 -3.170
3.025 0.737 -3.170
2.999 0.738 -3.171
2.974 0.739 -3.171
2.949 0.739 -3.171
2.924 0.740 -3.172
2.899 0.741 -3.172
2.873 0.742 -3.172
2.848 0.743 -3.172
2.823 0.744 -3.173
2.798 0.745 -3.173
2.773 0.745 -3.173
2.748 0.746 -3.173
2.722 0.747 -3.173
2.697 0.748 -3.173
2.672 0.749 -3.173
2.647 0.749 -3.173
2.622 0.750 -3.173
2.596 0.751 -3.172
2.571 0.751 -3.172
2.546 0.752 -3.172
2.521 0.753 -3.172
2.496 0.753 -3.171
2.471 0.754 -3.171
2.446 0.755 -3.170
2.420 0.755 -3.169
2.395 0.756 -3.168
2.370 0.756 -3.167
2.345 0.756 -3.165
2.320 0.757 -3.163
2.295 0.757 -3.161
2.270 0.757 -3.159
2.245 0.758 -3.157
2.219 0.758 -3.154
2.194 0.758 -3.152
2.169 0.758 -3.149
2.144 0.758 -3.145
2.119 0.758 -3.142
2.094 0.758 -3.139
2.069 0.758 -3.135
2.044 0.758 -3.131
2.019 0.757 -3.127
1.994 0.757 -3.122
1.968 0.757 -3.118
1.943 0.756 -3.113
1.918 0.756 -3.108
1.893 0.755 -3.103
1.868 0.754 -3.097
1.843 0.754 -3.092
1.818 0.753 -3.087
1.793 0.752 -3.083
1.768 0.751 -3.082
1.743 0.750 -3.082
1.718 0.750 -3.083
1.693 0.749 -3.086
1.667 0.748 -3.091
1.642 0.748 -3.098
1.617 0.747 -3.106
1.592 0.747 -3.116
1.566 0.746 -3.127
1.541 0.746 -3.140
1.515 0.746 -3.155
1.490 0.746 -3.172
1.465 0.746 -3.190
1.439 0.746 -3.210
1.414 0.747 -3.231
1.389 0.749 -3.255
1.363 0.750 -3.280
1.338 0.753 -3.306
1.313 0.756 -3.334
1.288 0.760 -3.363
1.264 0.764 -3.394
1.239 0.769 -3.426
1.215 0.776 -3.459
1.190 0.783 -3.493
1.166 0.791 -3.527
1.143 0.800 -3.561
1.119 0.810 -3.595
1.096 0.821 -3.629
1.074 0.833 -3.663
1.051 0.845 -3.698
1.030 0.859 -3.734
1.008 0.873 -3.771
0.988 0.888 -3.809
0.968 0.904 -3.849
0.948 0.921 -3.891
0.930 0.939 -3.934
0.912 0.957 -3.980
0.895 0.976 -4.028
0.878 0.995 -4.078
0.863 1.015 -4.125
0.849 1.036 -4.172
0.835 1.057 -4.216
0.822 1.079 -4.259
0.810 1.101 -4.299
0.799 1.124 -4.337
0.789 1.147 -4.373
0.780 1.170 -4.406
0.771 1.194 -4.438
0.763 1.218 -4.466
0.756 1.243 -4.493
0.749 1.268 -4.517
0.743 1.293 -4.539
0.738 1.318 -4.560
0.734 1.343 -4.579
0.730 1.369 -4.597
0.726 1.394 -4.614
0.723 1.420 -4.630
0.721 1.446 -4.644
0.720 1.471 -4.658
0.718 1.497 -4.671
0.718 1.523 -4.683
0.717 1.548 -4.694
0.718 1.574 -4.704
0.718 1.599 -4.714
0.719 1.624 -4.722
0.721 1.649 -4.730
0.723 1.674 -4.738
0.725 1.698 -4.744
0.727 1.722 -4.749
0.730 1.746 -4.753
0.730 1.746 -4.756
0.731 1.771 -4.757
0.731 1.796 -4.758
0.731 1.822 -4.757
0.732 1.847 -4.755
0.732 1.872 -4.752
0.732 1.897 -4.748
0.732 1.922 -4.744
0.732 1.947 -4.740
0.732 1.972 -4.736
0.732 1.998 -4.733
0.731 2.023 -4.729
0.731 2.048 -4.727
0.731 2.073 -4.724
0.730 2.098 -4.721
0.730 2.123 -4.719
0.730 2.148 -4.717
0.729 2.173 -4.716
0.729 2.198 -4.714
0.729 2.223 -4.713
0.728 2.248 -4.712
0.728 2.273 -4.711
0.728 2.298 -4.710
0.728 2.323 -4.710
0.728 2.349 -4.710
0.728 2.374 -4.710
0.728 2.399 -4.710
0.728 2.424 -4.710
0.729 2.449 -4.711
0.729 2.474 -4.711
0.730 2.500 -4.712
0.731 2.525 -4.714
0.731 2.550 -4.715
0.732 2.575 -4.716
0.733 2.601 -4.717
0.734 2.626 -4.717
0.735 2.651 -4.716
0.736 2.677 -4.715
0.737 2.702 -4.713
0.738 2.727 -4.710
0.739 2.752 -4.707
0.740 2.777 -4.703
0.740 2.802 -4.699
0.740 2.827 -4.694
0.740 2.852 -4.688
0.740 2.877 -4.682
0.740 2.901 -4.676
0.739 2.926 -4.669
0.738 2.950 -4.661
0.736 2.975 -4.653
0.734 3.000 -4.644
0.732 3.025 -4.635
0.729 3.050 -4.625
0.725 3.075 -4.614
0.721 3.101 -4.603
0.716 3.128 -4.592
0.711 3.155 -4.580
0.705 3.182 -4.567
0.699 3.209 -4.554
0.693 3.236 -4.544
0.687 3.263 -4.542
0.682 3.290 -4.547
0.677 3.316 -4.560
0.673 3.342 -4.582
0.670 3.368 -4.613
0.669 3.393 -4.655
0.668 3.417 -4.709
0.669 3.440 -4.778
0.672 3.462 -4.863
0.676 3.483 -4.967
0.683 3.502 -5.090
0.692 3.521 -5.230
0.703 3.538 -5.383
0.716 3.553 -5.530
0.731 3.568 -5.656
0.748 3.581 -5.761
0.766 3.593 -5.848
0.786 3.604 -5.919
0.808 3.614 -5.978
0.831 3.622 -6.026
0.855 3.630 -6.065
0.880 3.638 -6.098
0.906 3.644 -6.124
0.934 3.649 -6.145
0.961 3.654 -6.161
0.990 3.658 -6.173
1.019 3.662 -6.183
1.048 3.665 -6.193
1.078 3.667 -6.202
1.108 3.670 -6.211
1.138 3.671 -6.220
1.168 3.673 -6.228
1.198 3.674 -6.237
1.227 3.675 -6.245
1.256 3.675 -6.254
1.285 3.676 -6.262
1.313 3.676 -6.270
1.340 3.677 -6.279
1.367 3.677 -6.287
1.393 3.678 -6.295
1.419 3.678 -6.302
1.444 3.678 -6.308
1.469 3.678 -6.313
1.494 3.678 -6.316
1.519 3.678 -6.317
1.543 3.678 -6.316
1.567 3.678 -6.314
1.591 3.678 -6.310
1.615 3.677 -6.305
1.639 3.677 -6.298
1.663 3.676 -6.290
1.687 3.675 -6.281
1.711 3.675 -6.272
1.735 3.674 -6.264
1.760 3.673 -6.256
1.785 3.673 -6.249
1.810 3.672 -6.243
1.835 3.672 -6.238
1.861 3.673 -6.233
1.886 3.673 -6.228
1.913 3.675 -6.224
1.939 3.677 -6.220
1.966 3.679 -6.217
1.993 3.682 -6.214
2.021 3.686 -6.211
2.048 3.689 -6.209
2.075 3.692 -6.210
2.102 3.695 -6.218
2.129 3.698 -6.234
2.155 3.699 -6.258
2.181 3.701 -6.291
2.206 3.701 -6.334
2.231 3.700 -6.388
2.254 3.697 -6.454
2.277 3.694 -6.534
2.299 3.688 -6.626
2.319 3.681 -6.732
2.338 3.672 -6.849
2.356 3.661 -6.973
2.372 3.647 -7.091
2.387 3.632 -7.194
2.401 3.616 -7.282
2.414 3.597 -7.358
2.426 3.577 -7.423
2.437 3.556 -7.479
2.447 3.534 -7.527
2.456 3.510 -7.569
2.464 3.485 -7.606
2.471 3.460 -7.638
2.477 3.433 -7.666
2.483 3.406 -7.691
2.488 3.378 -7.714
2.492 3.349 -7.734
2.496 3.321 -7.753
2.499 3.292 -7.770
2.502 3.262 -7.785
2.504 3.233 -7.799
2.506 3.204 -7.811
2.507 3.174 -7.822
2.508 3.146 -7.831
2.509 3.117 -7.839
2.510 3.089 -7.845
2.511 3.061 -7.849
2.511 3.034 -7.851
2.512 3.008 -7.852
2.512 2.982 -7.851
2.512 2.956 -7.851
2.512 2.931 -7.851
2.512 2.906 -7.850
2.512 2.881 -7.850
2.512 2.857 -7.850
2.512 2.832 -7.849
2.511 2.808 -7.849
2.511 2.784 -7.849
2.511 2.760 -7.849
2.510 2.737 -7.848
2.510 2.713 -7.848
2.510 2.689 -7.848
2.509 2.666 -7.848
2.509 2.642 -7.848
2.509 2.618 -7.847
2.508 2.594 -7.847
2.508 2.569 -7.847
2.508 2.545 -7.847
2.508 2.520 -7.847
2.508 2.495 -7.847
2.508 2.469 -7.847
2.508 2.444 -7.847
2.508 2.417 -7.847
2.509 2.391 -7.847
2.509 2.364 -7.847
2.510 2.336 -7.847
2.510 2.336 -7.847
2.512 2.311 -7.847
2.513 2.287 -7.847
2.514 2.262 -7.847
2.516 2.237 -7.848
2.517 2.212 -7.848
2.518 2.187 -7.848
2.518 2.162 -7.849
2.519 2.137 -7.849
2.519 2.112 -7.850
2.520 2.086 -7.851
2.520 2.061 -7.852
2.520 2.036 -7.852
2.520 2.011 -7.853
2.520 1.986 -7.854
2.520 1.960 -7.855
2.520 1.935 -7.856
2.519 1.910 -7.858
2.519 1.885 -7.859
2.519 1.859 -7.860
2.518 1.834 -7.861
2.518 1.809 -7.863
2.517 1.784 -7.864
2.516 1.759 -7.866
2.515 1.734 -7.867
2.515 1.709 -7.869
2.514 1.684 -7.870
2.513 1.659 -7.870
2.512 1.634 -7.870
2.511 1.609 -7.868
2.510 1.585 -7.865
2.509 1.560 -7.861
2.509 1.535 -7.855
2.508 1.511 -7.849
2.507 1.486 -7.842
2.507 1.461 -7.834
2.506 1.436 -7.825
2.507 1.411 -7.815
2.507 1.386 -7.804
2.508 1.360 -7.792
2.509 1.334 -7.780
2.511 1.308 -7.766
2.514 1.282 -7.751
2.517 1.255 -7.736
2.521 1.227 -7.720
2.525 1.200 -7.704
2.529 1.172 -7.686
2.535 1.144 -7.668
2.540 1.116 -7.650
2.547 1.088 -7.631
2.554 1.060 -7.611
2.561 1.032 -7.591
2.569 1.004 -7.571
2.577 0.976 -7.552
2.586 0.948 -7.532
2.595 0.920 -7.512
2.605 0.893 -7.492
2.616 0.866 -7.471
2.627 0.839 -7.451
2.638 0.812 -7.429
2.650 0.786 -7.407
2.662 0.760 -7.384
2.675 0.734 -7.361
2.689 0.709 -7.336
2.702 0.685 -7.310
2.717 0.661 -7.283
2.731 0.637 -7.254
2.746 0.614 -7.223
2.762 0.592 -7.191
2.778 0.571 -7.156
2.795 0.550 -7.119
2.812 0.530 -7.080
2.829 0.511 -7.037
2.847 0.493 -6.992
2.865 0.476 -6.942
2.884 0.460 -6.890
2.903 0.445 -6.833
2.923 0.430 -6.772
2.943 0.417 -6.710
2.963 0.405 -6.651
2.984 0.394 -6.594
3.005 0.384 -6.542
3.027 0.376 -6.493
3.049 0.369 -6.449
3.071 0.363 -6.409
3.094 0.358 -6.374
3.117 0.355 -6.343
3.141 0.353 -6.317
3.165 0.353 -6.295
3.189 0.353 -6.276
3.214 0.355 -6.262
3.239 0.357 -6.252
3.264 0.360 -6.245
3.289 0.364 -6.238
3.314 0.367 -6.233
3.339 0.371 -6.229
3.365 0.375 -6.226
3.390 0.379 -6.224
3.416 0.382 -6.224
3.441 0.385 -6.224
3.467 0.387 -6.226
3.492 0.389 -6.229
3.517 0.390 -6.233
3.543 0.390 -6.238
3.568 0.390 -6.244
3.593 0.390 -6.250
3.618 0.389 -6.256
3.643 0.388 -6.262
3.668 0.386 -6.267
3.693 0.385 -6.273
3.718 0.383 -6.277
3.742 0.381 -6.282
3.767 0.380 -6.286
3.792 0.378 -6.290
3.817 0.377 -6.293
3.842 0.375 -6.297
3.867 0.375 -6.299
3.892 0.374 -6.302
3.917 0.373 -6.304
3.942 0.373 -6.306
3.967 0.373 -6.308
3.992 0.373 -6.309
4.017 0.373 -6.310
4.042 0.373 -6.310
4.068 0.374 -6.310
4.093 0.374 -6.310
4.118 0.375 -6.310
4.143 0.375 -6.309
4.168 0.375 -6.308
4.193 0.376 -6.306
4.218 0.376 -6.304
4.243 0.376 -6.302
4.268 0.377 -6.300
4.293 0.377 -6.299
4.318 0.377 -6.297
4.343 0.377 -6.295
4.368 0.377 -6.293
4.394 0.377 -6.291
4.419 0.377 -6.290
4.444 0.377 -6.288
4.469 0.376 -6.286
4.494 0.376 -6.285
4.519 0.376 -6.283
4.544 0.376 -6.282
4.569 0.376 -6.280
4.594 0.376 -6.279
4.619 0.376 -6.277
4.644 0.376 -6.276
4.669 0.376 -6.275
4.694 0.376 -6.273
4.719 0.376 -6.272
4.744 0.376 -6.271
4.769 0.376 -6.270
4.794 0.376 -6.269
4.819 0.376 -6.267
4.844 0.376 -6.266
4.869 0.376 -6.265
4.894 0.376 -6.264
4.920 0.376 -6.264
4.945 0.376 -6.263
4.970 0.376 -6.263
4.995 0.376 -6.263
5.020 0.376 -6.263
5.045 0.376 -6.264
5.070 0.376 -6.264
5.095 0.376 -6.265
5.120 0.376 -6.266
5.145 0.376 -6.268
5.170 0.375 -6.270
5.195 0.375 -6.272
5.220 0.375 -6.274
5.245 0.376 -6.276
5.270 0.376 -6.279
5.295 0.376 -6.282
5.320 0.376 -6.285
5.345 0.376 -6.289
5.370 0.376 -6.292
5.395 0.377 -6.296
5.420 0.377 -6.300
5.445 0.377 -6.305
5.470 0.377 -6.310
5.495 0.378 -6.314
5.520 0.378 -6.320
5.545 0.378 -6.325
5.570 0.378 -6.330
5.596 0.378 -6.333
5.621 0.378 -6.334
5.646 0.378 -6.334
5.671 0.377 -6.332
5.696 0.377 -6.329
5.721 0.376 -6.324
5.747 0.375 -6.318
5.772 0.374 -6.310
5.797 0.373 -6.300
5.823 0.372 -6.289
5.848 0.371 -6.275
5.873 0.370 -6.261
5.898 0.370 -6.244
5.924 0.370 -6.226
5.949 0.370 -6.205
5.974 0.371 -6.183
5.999 0.372 -6.159
6.023 0.374 -6.133
6.048 0.377 -6.106
6.073 0.381 -6.076
6.097 0.385 -6.045
6.121 0.391 -6.012
6.145 0.397 -5.977
6.169 0.405 -5.940
6.193 0.413 -5.902
6.216 0.422 -5.863
6.239 0.433 -5.824
6.262 0.443 -5.786
6.284 0.455 -5.749
6.306 0.468 -5.713
6.328 0.481 -5.678
6.349 0.495 -5.644
6.370 0.510 -5.610
6.391 0.525 -5.577
6.411 0.541 -5.545
6.431 0.558 -5.512
6.450 0.575 -5.481
6.469 0.593 -5.449
6.487 0.611 -5.417
6.504 0.630 -5.386
6.521 0.650 -5.354
6.537 0.670 -5.322
6.553 0.690 -5.290
6.568 0.711 -5.258
6.581 0.732 -5.224
6.594 0.754 -5.191
6.606 0.776 -5.156
6.618 0.799 -5.121
6.628 0.821 -5.085
6.637 0.845 -5.048
6.645 0.868 -5.010
6.652 0.892 -4.970
6.657 0.916 -4.931
6.662 0.940 -4.893
6.666 0.965 -4.857
6.668 0.989 -4.823
6.670 1.014 -4.792
6.671 1.039 -4.762
6.672 1.065 -4.734
6.672 1.090 -4.709
6.671 1.115 -4.686
6.670 1.141 -4.665
6.668 1.166 -4.646
6.666 1.192 -4.630
6.664 1.217 -4.615
6.662 1.242 -4.603
6.660 1.268 -4.593
6.658 1.293 -4.585
6.655 1.318 -4.578
6.653 1.343 -4.574
6.651 1.369 -4.572
6.649 1.394 -4.572
6.647 1.419 -4.574
6.645 1.443 -4.577
6.643 1.468 -4.583
6.641 1.493 -4.591
6.639 1.518 -4.600
6.637 1.543 -4.612
6.635 1.568 -4.624
6.633 1.593 -4.636
6.632 1.618 -4.647
6.630 1.642 -4.658
6.629 1.667 -4.668
6.627 1.692 -4.677
6.626 1.717 -4.686
6.625 1.742 -4.694
6.624 1.767 -4.701
6.623 1.792 -4.708
6.622 1.817 -4.715
6.622 1.843 -4.721
6.621 1.868 -4.726
6.621 1.893 -4.731
6.620 1.918 -4.735
6.620 1.943 -4.738
6.620 1.968 -4.741
6.620 1.993 -4.744
6.620 2.018 -4.745
6.620 2.043 -4.747
6.620 2.068 -4.747
6.621 2.093 -4.747
6.621 2.118 -4.747
6.622 2.143 -4.746
6.623 2.168 -4.744
6.623 2.193 -4.741
6.624 2.218 -4.739
6.625 2.244 -4.736
6.626 2.269 -4.734
6.626 2.294 -4.731
6.627 2.319 -4.728
6.628 2.344 -4.726
6.629 2.369 -4.723
6.630 2.394 -4.721
6.630 2.419 -4.718
6.631 2.444 -4.716
6.632 2.469 -4.713
6.632 2.494 -4.711
6.633 2.519 -4.708
6.633 2.544 -4.706
6.633 2.569 -4.704
6.633 2.594 -4.701
6.633 2.620 -4.699
6.633 2.645 -4.697
6.633 2.670 -4.695
6.633 2.695 -4.692
6.632 2.720 -4.690
6.631 2.745 -4.688
6.631 2.770 -4.686
6.630 2.795 -4.684
6.628 2.820 -4.682
6.627 2.844 -4.680
6.626 2.869 -4.678
6.624 2.894 -4.677
6.623 2.919 -4.677
6.622 2.944 -4.679
6.621 2.969 -4.682
6.619 2.994 -4.687
6.619 3.019 -4.693
6.618 3.044 -4.700
6.618 3.069 -4.709
6.618 3.094 -4.720
6.618 3.120 -4.731
6.619 3.145 -4.745
6.620 3.170 -4.760
6.622 3.196 -4.776
6.624 3.221 -4.789
6.626 3.247 -4.795
6.629 3.273 -4.794
6.631 3.298 -4.785
6.633 3.324 -4.769
6.634 3.349 -4.745
6.635 3.374 -4.713
6.635 3.400 -4.672
6.634 3.425 -4.624
6.632 3.449 -4.568
6.629 3.474 -4.505
6.624 3.498 -4.434
6.618 3.522 -4.359
6.610 3.546 -4.289
6.600 3.569 -4.234
6.589 3.592 -4.192
6.577 3.615 -4.164
6.563 3.638 -4.147
6.549 3.660 -4.141
6.535 3.682 -4.146
6.521 3.704 -4.163
6.507 3.726 -4.192
6.494 3.748 -4.235
6.482 3.770 -4.293
6.471 3.792 -4.369
6.462 3.814 -4.464
6.455 3.836 -4.568
6.450 3.858 -4.668
6.447 3.880 -4.762
6.447 3.902 -4.848
6.449 3.925 -4.924
6.453 3.947 -4.991
6.459 3.970 -5.049
6.466 3.993 -5.098
6.475 4.016 -5.138
6.485 4.039 -5.171
6.496 4.062 -5.196
6.508 4.085 -5.216
6.520 4.109 -5.229
6.533 4.132 -5.235
6.546 4.156 -5.233
6.560 4.180 -5.222
6.573 4.204 -5.204
6.586 4.228 -5.177
6.598 4.252 -5.141
6.609 4.276 -5.095
6.620 4.300 -5.045
6.630 4.325 -4.996
6.638 4.349 -4.948
6.645 4.374 -4.902
6.650 4.399 -4.858
6.654 4.423 -4.817
6.657 4.448 -4.778
6.659 4.473 -4.742
6.660 4.498 -4.708
6.660 4.523 -4.678
6.659 4.548 -4.651
6.657 4.573 -4.626
6.655 4.599 -4.605
6.653 4.624 -4.588
6.650 4.649 -4.577
6.647 4.674 -4.573
6.644 4.700 -4.575
6.641 4.725 -4.584
6.638 4.750 -4.599
6.636 4.775 -4.617
6.633 4.801 -4.636
6.631 4.826 -4.655
6.630 4.851 -4.674
6.628 4.876 -4.694
6.627 4.902 -4.715
6.627 4.927 -4.736
6.627 4.952 -4.757
6.627 4.977 -4.779
6.628 5.002 -4.801
6.629 5.027 -4.824
6.631 5.052 -4.848
6.634 5.076 -4.871
6.638 5.101 -4.896
6.642 5.126 -4.921
6.647 5.150 -4.946
6.652 5.174 -4.972
6.658 5.199 -4.999
6.665 5.223 -5.026
6.673 5.247 -5.053
6.681 5.270 -5.081
6.690 5.294 -5.109
6.700 5.317 -5.138
6.710 5.340 -5.167
6.721 5.363 -5.197
6.733 5.386 -5.227
6.745 5.408 -5.257
6.758 5.430 -5.285
6.771 5.452 -5.309
6.785 5.473 -5.329
6.799 5.494 -5.345
6.814 5.515 -5.357
6.829 5.536 -5.365
6.845 5.556 -5.370
6.860 5.576 -5.370
6.876 5.597 -5.367
6.891 5.617 -5.360
6.907 5.637 -5.350
6.922 5.657 -5.335
6.937 5.677 -5.316
6.951 5.697 -5.293
6.965 5.717 -5.265
6.978 5.738 -5.232
6.990 5.759 -5.193
7.002 5.780 -5.150
7.013 5.801 -5.101
7.022 5.823 -5.046
7.031 5.845 -4.987
7.038 5.867 -4.922
7.044 5.890 -4.854
7.049 5.914 -4.782
7.052 5.938 -4.708
7.053 5.963 -4.633
7.053 5.988 -4.569
7.051 6.014 -4.524
7.047 6.041 -4.497
7.041 6.068 -4.487
7.033 6.097 -4.492
7.023 6.126 -4.515
7.010 6.156 -4.560
7.010 6.156 -4.611
7.013 6.180 -4.650
7.015 6.204 -4.673
7.016 6.229 -4.678
7.016 6.253 -4.666
7.015 6.278 -4.638
7.013 6.303 -4.605
7.010 6.329 -4.573
7.006 6.354 -4.542
7.001 6.379 -4.512
6.995 6.404 -4.482
6.989 6.429 -4.451
6.981 6.454 -4.419
6.973 6.479 -4.385
6.964 6.504 -4.349
6.954 6.528 -4.310
6.943 6.552 -4.267
6.931 6.575 -4.221
6.919 6.598 -4.169
6.905 6.621 -4.115
6.891 6.642 -4.061
6.877 6.664 -4.007
6.861 6.684 -3.954
6.845 6.704 -3.902
6.828 6.723 -3.852
6.811 6.741 -3.804
6.792 6.759 -3.757
6.773 6.775 -3.713
6.754 6.791 -3.670
6.734 6.805 -3.630
6.713 6.819 -3.593
6.691 6.831 -3.557
6.669 6.842 -3.524
6.647 6.852 -3.493
6.624 6.861 -3.465
6.600 6.869 -3.438
6.576 6.876 -3.414
6.552 6.883 -3.391
6.527 6.888 -3.371
6.503 6.893 -3.352
6.477 6.898 -3.335
6.452 6.902 -3.320
6.427 6.905 -3.306
6.401 6.908 -3.294
6.376 6.911 -3.284
6.350 6.914 -3.274
6.324 6.917 -3.264
6.299 6.919 -3.254
6.273 6.921 -3.243
6.248 6.923 -3.232
6.223 6.925 -3.221
6.198 6.927 -3.210
6.172 6.929 -3.198
6.147 6.931 -3.186
6.122 6.932 -3.174
6.097 6.933 -3.162
6.072 6.934 -3.150
6.048 6.935 -3.138
6.023 6.936 -3.125
5.998 6.936 -3.112
5.973 6.936 -3.100
5.949 6.936 -3.087
5.924 6.936 -3.074
5.900 6.935 -3.061
5.875 6.934 -3.048
5.851 6.932 -3.035
5.826 6.931 -3.022
5.801 6.928 -3.010
5.776 6.926 -2.997
5.750 6.922 -2.984
5.724 6.918 -2.972
5.698 6.914 -2.959
5.672 6.909 -2.950
5.645 6.903 -2.946
5.618 6.898 -2.949
5.591 6.892 -2.957
5.564 6.887 -2.971
5.537 6.881 -2.991
5.510 6.877 -3.019
5.484 6.873 -3.055
5.458 6.870 -3.100
5.433 6.868 -3.155
5.409 6.867 -3.223
5.385 6.867 -3.303
5.363 6.869 -3.399
5.341 6.873 -3.503
5.321 6.879 -3.608
5.302 6.887 -3.712
5.284 6.897 -3.812
5.268 6.909 -3.907
5.253 6.923 -3.997
5.239 6.939 -4.080
5.226 6.957 -4.156
5.214 6.976 -4.226
5.203 6.996 -4.289
5.193 7.018 -4.347
5.184 7.042 -4.400
5.176 7.066 -4.448
5.169 7.091 -4.490
5.163 7.118 -4.526
5.157 7.145 -4.558
5.152 7.173 -4.585
5.148 7.201 -4.609
5.144 7.230 -4.629
5.141 7.260 -4.646
5.138 7.289 -4.661
5.136 7.319 -4.673
5.134 7.349 -4.683
5.133 7.379 -4.690
5.132 7.409 -4.696
5.131 7.438 -4.699
5.131 7.467 -4.700
5.130 7.495 -4.700
5.130 7.523 -4.700
5.130 7.551 -4.700
5.130 7.577 -4.700
5.130 7.603 -4.701
5.130 7.629 -4.701
5.130 7.654 -4.702
5.130 7.679 -4.703
5.130 7.696 -4.705
5.130 7.712 -4.707
5.130 7.728 -4.709
5.130 7.744 -4.711
5.130 7.760 -4.714
5.130 7.776 -4.717
5.130 7.792 -4.720
5.130 7.808 -4.721
5.130 7.824 -4.722
5.130 7.840 -4.722
5.130 7.856 -4.721
5.130 7.873 -4.719
5.130 7.889 -4.716
5.130 7.905 -4.712
5.130 7.921 -4.707
5.129 7.938 -4.702
5.129 7.954 -4.697
5.129 7.970 -4.692
5.128 7.987 -4.687
5.128 8.004 -4.682
5.127 8.020 -4.676
5.126 8.037 -4.671
5.126 8.054 -4.664
5.125 8.070 -4.658
5.124 8.097 -4.651
5.122 8.122 -4.643
5.120 8.147 -4.635
5.119 8.173 -4.627
5.117 8.198 -4.618
5.114 8.223 -4.608
5.112 8.248 -4.597
5.109 8.274 -4.586
5.106 8.299 -4.575
5.103 8.324 -4.564
5.100 8.349 -4.553
5.096 8.374 -4.542
5.092 8.399 -4.531
5.088 8.423 -4.520
5.084 8.448 -4.509
5.079 8.473 -4.498
5.074 8.497 -4.487
5.069 8.522 -4.476
5.063 8.546 -4.465
5.058 8.571 -4.454
5.051 8.595 -4.443
5.045 8.619 -4.432
5.038 8.643 -4.421
5.031 8.667 -4.410
5.023 8.691 -4.399
5.016 8.715 -4.388
5.007 8.738 -4.377
4.999 8.762 -4.366
4.990 8.786 -4.355
4.981 8.809 -4.344
4.972 8.832 -4.333
4.963 8.856 -4.322
4.953 8.879 -4.311
4.943 8.902 -4.300
4.933 8.925 -4.289
4.922 8.948 -4.278
4.912 8.971 -4.267
4.901 8.994 -4.256
4.890 9.016 -4.245
4.879 9.039 -4.234
4.868 9.061 -4.223
4.856 9.084 -4.212
4.845 9.106 -4.201
4.833 9.128 -4.190
4.821 9.150 -4.178
4.808 9.172 -4.167
4.796 9.194 -4.156
4.783 9.215 -4.145
4.769 9.236 -4.133
4.756 9.258 -4.122
4.742 9.279 -4.111
4.728 9.299 -4.099
4.714 9.320 -4.088
4.700 9.340 -4.077
4.685 9.361 -4.065
4.670 9.381 -4.054
4.654 9.400 -4.042
4.639 9.420 -4.031
4.623 9.439 -4.019
4.607 9.459 -4.007
4.590 9.478 -3.996
4.574 9.496 -3.984
4.557 9.515 -3.973
4.540 9.534 -3.961
4.522 9.552 -3.950
4.505 9.570 -3.939
4.488 9.588 -3.928
4.470 9.606 -3.917
4.452 9.624 -3.906
4.434 9.641 -3.895
4.416 9.659 -3.884
4.398 9.676 -3.873
4.379 9.693 -3.862
4.361 9.710 -3.851
4.342 9.727 -3.840
4.323 9.744 -3.830
4.304 9.760 -3.819
4.285 9.776 -3.808
4.266 9.792 -3.797
4.246 9.808 -3.787
4.226 9.823 -3.776
4.207 9.839 -3.765
4.187 9.854 -3.755
4.166 9.869 -3.744
4.146 9.883 -3.733
4.125 9.898 -3.722
4.105 9.912 -3.711
4.084 9.925 -3.700
4.063 9.939 -3.689
4.041 9.952 -3.677
4.020 9.965 -3.665
3.998 9.977 -3.654
3.976 9.990 -3.641
3.954 10.001 -3.629
3.932 10.013 -3.617
3.909 10.024 -3.604
3.886 10.035 -3.591
3.863 10.046 -3.578
3.840 10.056 -3.565
3.840 10.056 -3.552
3.817 10.066 -3.538
3.793 10.075 -3.525
3.770 10.084 -3.511
3.746 10.093 -3.497
3.722 10.101 -3.483
3.699 10.109 -3.469
3.675 10.117 -3.455
3.651 10.124 -3.441
3.627 10.131 -3.427
3.603 10.137 -3.412
3.578 10.144 -3.398
3.554 10.150 -3.383
3.530 10.155 -3.369
3.506 10.161 -3.355
3.481 10.166 -3.341
3.457 10.171 -3.328
3.432 10.175 -3.315
3.408 10.180 -3.302
3.383 10.184 -3.290
3.358 10.187 -3.278
3.333 10.191 -3.266
3.309 10.195 -3.255
3.284 10.198 -3.243
3.259 10.201 -3.232
3.234 10.204 -3.222
3.209 10.206 -3.211
3.184 10.209 -3.201
3.159 10.211 -3.191
3.134 10.213 -3.181
3.109 10.215 -3.171
3.084 10.217 -3.162
3.059 10.219 -3.153
3.034 10.221 -3.144
3.009 10.222 -3.135
2.984 10.223 -3.126
2.959 10.224 -3.118
2.934 10.225 -3.109
2.908 10.225 -3.101
2.883 10.225 -3.093
2.858 10.225 -3.085
2.833 10.224 -3.077
2.808 10.223 -3.069
2.783 10.222 -3.062
2.759 10.220 -3.054
2.734 10.218 -3.046
2.709 10.215 -3.037
2.684 10.211 -3.029
2.660 10.208 -3.020
2.635 10.203 -3.011
2.611 10.199 -3.001
2.586 10.194 -2.991
2.562 10.189 -2.980
2.537 10.183 -2.968
2.529 10.181 -2.957
2.513 10.177 -2.945
2.496 10.174 -2.935
2.480 10.170 -2.924
2.464 10.165 -2.914
2.448 10.161 -2.905
2.432 10.157 -2.896
2.415 10.153 -2.889
2.399 10.149 -2.882
2.383 10.145 -2.877
2.367 10.140 -2.873
2.351 10.136 -2.870
2.334 10.132 -2.869
2.318 10.128 -2.868
2.302 10.124 -2.868
2.286 10.120 -2.869
2.270 10.116 -2.870
2.253 10.112 -2.872
2.237 10.108 -2.875
2.221 10.104 -2.879
2.205 10.100 -2.884
2.188 10.096 -2.889
2.172 10.093 -2.896
2.156 10.089 -2.903
2.140 10.086 -2.910
2.123 10.082 -2.919
2.107 10.079 -2.928
2.090 10.076 -2.938
2.074 10.073 -2.948
2.058 10.070 -2.959
2.041 10.067 -2.971
2.025 10.064 -2.983
2.008 10.061 -2.997
1.992 10.059 -3.010
1.975 10.057 -3.024
1.959 10.055 -3.039
1.942 10.053 -3.055
1.925 10.051 -3.070
1.909 10.049 -3.086
1.892 10.047 -3.099
1.875 10.046 -3.111
1.859 10.045 -3.121
1.842 10.043 -3.129
1.825 10.042 -3.136
1.808 10.041 -3.141
1.792 10.040 -3.144
1.775 10.039 -3.146
1.750 10.038 -3.147
1.725 10.038 -3.146
1.700 10.037 -3.144
1.675 10.037 -3.141
1.650 10.036 -3.136
1.625 10.036 -3.131
1.600 10.036 -3.125
1.576 10.036 -3.118
1.551 10.036 -3.110
1.527 10.036 -3.101
1.502 10.036 -3.092
1.478 10.036 -3.081
1.453 10.036 -3.070
1.428 10.036 -3.058
1.403 10.035 -3.045
1.378 10.034 -3.031
1.353 10.032 -3.016
1.327 10.030 -3.004
1.301 10.027 -2.996
1.275 10.024 -2.992
1.248 10.020 -2.993
1.221 10.016 -2.999
1.194 10.012 -3.009
1.166 10.007 -3.025
1.139 10.003 -3.045
1.112 9.999 -3.072
1.086 9.996 -3.106
1.060 9.994 -3.147
1.034 9.992 -3.197
1.009 9.991 -3.256
0.985 9.992 -3.327
0.962 9.993 -3.405
0.939 9.997 -3.488
0.918 10.002 -3.573
0.898 10.009 -3.662
0.879 10.018 -3.751
0.862 10.030 -3.839
0.846 10.043 -3.926
0.831 10.058 -4.009
0.817 10.075 -4.089
0.804 10.093 -4.164
0.793 10.114 -4.234
0.783 10.135 -4.299
0.773 10.158 -4.358
0.765 10.182 -4.411
0.757 10.207 -4.457
0.750 10.233 -4.496
0.744 10.259 -4.531
0.739 10.287 -4.561
0.735 10.315 -4.588
0.731 10.344 -4.612
0.728 10.373 -4.634
0.725 10.402 -4.654
0.723 10.431 -4.672
0.722 10.461 -4.689
0.721 10.490 -4.704
0.720 10.519 -4.718
0.720 10.548 -4.732
0.720 10.577 -4.745
0.720 10.604 -4.756
0.721 10.632 -4.766
0.721 10.658 -4.775
0.722 10.685 -4.782
0.723 10.710 -4.787
0.724 10.736 -4.790
0.725 10.761 -4.792
0.727 10.786 -4.791
0.728 10.810 -4.788
0.730 10.834 -4.784
0.732 10.858 -4.777
0.733 10.882 -4.770
0.735 10.906 -4.765
0.737 10.930 -4.762
0.738 10.954 -4.761
0.740 10.978 -4.762
0.742 11.002 -4.764
0.744 11.027 -4.769
0.745 11.051 -4.775
0.747 11.076 -4.783
0.749 11.100 -4.793
0.752 11.125 -4.805
0.754 11.150 -4.818
0.757 11.175 -4.833
0.760 11.200 -4.849
0.764 11.225 -4.868
0.768 11.250 -4.888
0.772 11.275 -4.910
0.777 11.300 -4.935
0.782 11.325 -4.961
0.789 11.350 -4.990
0.795 11.375 -5.021
0.803 11.400 -5.054
0.811 11.425 -5.089
0.820 11.450 -5.127
0.829 11.474 -5.168
0.840 11.498 -5.211
0.851 11.521 -5.255
0.863 11.544 -5.299
0.876 11.566 -5.343
0.889 11.587 -5.388
0.904 11.608 -5.434
0.919 11.627 -5.481
0.936 11.646 -5.529
0.953 11.663 -5.578
0.971 11.679 -5.629
0.991 11.694 -5.683
1.011 11.707 -5.738
1.032 11.720 -5.796
1.054 11.731 -5.856
1.077 11.741 -5.916
1.100 11.750 -5.971
1.124 11.758 -6.021
1.149 11.765 -6.067
1.173 11.771 -6.107
1.199 11.777 -6.142
1.224 11.781 -6.172
1.250 11.786 -6.197
1.276 11.789 -6.218
1.301 11.792 -6.234
1.327 11.795 -6.246
1.353 11.797 -6.254
1.378 11.799 -6.257
1.404 11.801 -6.258
1.429 11.802 -6.258
1.454 11.803 -6.259
1.479 11.804 -6.260
1.504 11.805 -6.261
1.529 11.805 -6.262
1.554 11.806 -6.263
1.579 11.806 -6.264
1.604 11.806 -6.265
1.629 11.806 -6.265
1.653 11.806 -6.266
1.678 11.806 -6.267
1.703 11.806 -6.268
1.728 11.806 -6.268
1.753 11.806 -6.269
1.777 11.806 -6.270
1.802 11.806 -6.271
1.827 11.806 -6.271
1.852 11.806 -6.272
1.877 11.806 -6.273
1.902 11.806 -6.273
1.927 11.806 -6.274
1.953 11.806 -6.275
1.978 11.806 -6.275
2.003 11.806 -6.276
2.028 11.806 -6.276
2.053 11.806 -6.277
2.078 11.806 -6.278
2.103 11.806 -6.278
2.128 11.806 -6.279
2.153 11.806 -6.279
2.178 11.806 -6.280
2.203 11.806 -6.280
2.228 11.806 -6.281
2.253 11.806 -6.281
2.278 11.806 -6.281
2.303 11.806 -6.282
2.328 11.806 -6.282
2.353 11.806 -6.283
2.378 11.806 -6.283
2.403 11.806 -6.283
2.428 11.806 -6.284
2.453 11.806 -6.284
2.478 11.806 -6.284
2.503 11.806 -6.285
2.528 11.806 -6.285
2.553 11.806 -6.285
2.578 11.806 -6.286
2.603 11.806 -6.286
2.628 11.806 -6.286
2.653 11.806 -6.286
2.678 11.806 -6.286
2.703 11.806 -6.287
2.728 11.806 -6.287
2.753 11.806 -6.287
2.778 11.806 -6.287
2.803 11.806 -6.287
2.829 11.806 -6.287
2.854 11.806 -6.287
2.879 11.806 -6.288
2.904 11.806 -6.288
2.929 11.806 -6.288
2.954 11.806 -6.288
2.979 11.806 -6.288
3.004 11.806 -6.288
3.029 11.806 -6.288
3.054 11.806 -6.288
3.079 11.806 -6.288
3.104 11.806 -6.288
3.129 11.806 -6.288
3.154 11.806 -6.288
3.179 11.806 -6.287
3.204 11.806 -6.287
3.229 11.806 -6.287
3.254 11.806 -6.287
3.279 11.806 -6.287
3.304 11.806 -6.287
3.329 11.806 -6.287
3.354 11.806 -6.286
3.379 11.806 -6.286
3.404 11.806 -6.286
3.429 11.806 -6.286
3.454 11.806 -6.285
3.479 11.806 -6.285
3.504 11.806 -6.285
3.529 11.806 -6.284
3.554 11.806 -6.284
3.579 11.806 -6.284
3.604 11.806 -6.283
3.629 11.806 -6.283
3.654 11.806 -6.283
3.679 11.806 -6.282
3.704 11.806 -6.282
3.729 11.806 -6.282
3.754 11.806 -6.281
3.779 11.806 -6.281
3.804 11.806 -6.280
3.829 11.806 -6.280
3.854 11.806 -6.279
3.879 11.806 -6.279
3.904 11.806 -6.278
3.929 11.806 -6.278
3.954 11.806 -6.277
3.979 11.806 -6.277
4.004 11.806 -6.276
4.029 11.806 -6.275
4.054 11.806 -6.275
4.079 11.806 -6.274
4.104 11.805 -6.274
4.129 11.805 -6.273
4.154 11.805 -6.273
4.179 11.805 -6.272
4.204 11.805 -6.272
4.230 11.805 -6.272
4.255 11.805 -6.272
4.280 11.805 -6.271
4.305 11.805 -6.271
4.330 11.806 -6.271
4.355 11.806 -6.271
4.380 11.806 -6.271
4.405 11.807 -6.271
4.430 11.807 -6.271
4.455 11.808 -6.271
4.480 11.808 -6.271
4.505 11.809 -6.271
4.530 11.810 -6.271
4.555 11.810 -6.271
4.580 11.811 -6.272
4.605 11.812 -6.272
4.630 11.813 -6.272
4.655 11.813 -6.273
4.680 11.814 -6.273
4.705 11.815 -6.273
4.730 11.815 -6.274
4.755 11.816 -6.275
4.780 11.817 -6.275
4.805 11.817 -6.276
4.830 11.818 -6.276
4.855 11.818 -6.277
4.880 11.819 -6.278
4.905 11.819 -6.279
4.930 11.819 -6.280
4.955 11.819 -6.281
4.980 11.819 -6.281
5.005 11.819 -6.282
5.030 11.819 -6.284
5.055 11.818 -6.285
5.080 11.818 -6.286
5.105 11.817 -6.287
5.130 11.816 -6.288
5.130 11.816 -6.289
5.155 11.815 -6.291
5.180 11.814 -6.292
5.205 11.812 -6.293
5.230 11.812 -6.295
5.255 11.811 -6.296
5.280 11.810 -6.298
5.305 11.809 -6.299
5.330 11.809 -6.301
5.355 11.808 -6.302
5.381 11.807 -6.303
5.406 11.807 -6.304
5.431 11.807 -6.305
5.456 11.806 -6.306
5.481 11.806 -6.306
5.506 11.806 -6.306
5.531 11.806 -6.306
5.556 11.806 -6.306
5.581 11.806 -6.306
5.606 11.806 -6.305
5.631 11.806 -6.304
5.656 11.806 -6.303
5.681 11.806 -6.302
5.706 11.806 -6.301
5.731 11.806 -6.299
5.757 11.806 -6.297
5.782 11.806 -6.295
5.807 11.806 -6.293
5.832 11.806 -6.290
5.857 11.806 -6.288
5.882 11.806 -6.285
5.907 11.806 -6.282
5.932 11.806 -6.279
5.957 11.806 -6.275
5.982 11.806 -6.271
6.007 11.806 -6.268
6.032 11.806 -6.265
6.057 11.806 -6.263
6.082 11.806 -6.262
6.107 11.806 -6.261
6.132 11.805 -6.261
6.157 11.805 -6.262
6.183 11.806 -6.263
6.208 11.806 -6.265
6.233 11.806 -6.267
6.258 11.806 -6.270
6.283 11.806 -6.274
6.308 11.806 -6.279
6.333 11.807 -6.284
6.358 11.807 -6.289
6.383 11.807 -6.296
6.409 11.807 -6.303
6.434 11.807 -6.311
6.459 11.807 -6.319
6.484 11.806 -6.328
6.509 11.806 -6.338
6.534 11.805 -6.348
6.559 11.804 -6.359
6.584 11.802 -6.371
6.609 11.800 -6.384
6.634 11.798 -6.397
6.659 11.795 -6.410
6.684 11.792 -6.425
6.708 11.788 -6.443
6.733 11.784 -6.466
6.758 11.780 -6.497
6.783 11.776 -6.543
6.807 11.771 -6.621
6.832 11.767 -6.615
6.793 11.774 -6.478
6.826 11.768 -6.412
6.858 11.762 -6.391
6.891 11.756 -6.382
6.924 11.750 -6.372
6.957 11.745 -6.363
6.990 11.741 -6.353
7.023 11.737 -6.344
7.056 11.734 -6.335
7.089 11.731 -6.326
7.122 11.730 -6.317
7.155 11.729 -6.309
7.189 11.729 -6.302
7.222 11.729 -6.294
7.255 11.730 -6.288
7.289 11.731 -6.281
7.322 11.732 -6.276
7.356 11.733 -6.270
7.389 11.735 -6.265
7.422 11.737 -6.261
7.456 11.738 -6.258
7.489 11.740 -6.255
7.522 11.741 -6.252
7.556 11.742 -6.250
7.589 11.743 -6.249
7.622 11.744 -6.249
7.655 11.745 -6.248
7.689 11.746 -6.249
7.722 11.746 -6.250
7.755 11.746 -6.252
7.788 11.746 -6.254
7.822 11.745 -6.257
7.855 11.745 -6.260
7.888 11.744 -6.264
7.921 11.743 -6.269
7.955 11.741 -6.274
7.988 11.740 -6.280
8.021 11.739 -6.286
8.054 11.738 -6.293
8.088 11.737 -6.301
8.121 11.736 -6.309
8.154 11.736 -6.318
8.188 11.736 -6.327
8.221 11.736 -6.337
8.255 11.736 -6.348
8.288 11.736 -6.359
8.321 11.736 -6.370
8.355 11.736 -6.381
8.388 11.736 -6.392
8.421 11.735 -6.402
8.455 11.733 -6.413
8.488 11.731 -6.424
8.521 11.728 -6.434
8.554 11.724 -6.445
8.587 11.719 -6.455
8.619 11.714 -6.465
8.652 11.707 -6.475
8.684 11.700 -6.485
8.717 11.692 -6.495
8.749 11.684 -6.505
8.781 11.675 -6.515
8.813 11.666 -6.525
8.846 11.656 -6.534
8.877 11.646 -6.544
8.909 11.636 -6.553
8.941 11.626 -6.562
8.973 11.616 -6.571
9.005 11.605 -6.580
9.036 11.595 -6.589
9.068 11.584 -6.598
9.099 11.574 -6.607
9.131 11.563 -6.615
9.162 11.552 -6.623
9.194 11.542 -6.631
9.225 11.531 -6.639
9.257 11.520 -6.647
9.288 11.510 -6.654
9.320 11.499 -6.661
9.352 11.489 -6.667
9.383 11.478 -6.674
9.415 11.467 -6.680
9.446 11.456 -6.686
9.477 11.444 -6.691
9.508 11.432 -6.697
9.539 11.420 -6.702
9.570 11.408 -6.707
9.601 11.395 -6.711
9.631 11.381 -6.716
9.661 11.367 -6.720
9.691 11.352 -6.724
9.721 11.337 -6.728
9.750 11.321 -6.731
9.779 11.306 -6.734
9.809 11.290 -6.737
9.838 11.274 -6.740
9.867 11.257 -6.742
9.896 11.241 -6.745
9.925 11.225 -6.747
9.955 11.209 -6.748
9.984 11.193 -6.750
10.013 11.177 -6.752
10.043 11.162 -6.753
10.072 11.147 -6.754
10.102 11.131 -6.755
10.132 11.117 -6.756
10.162 11.102 -6.757
10.191 11.087 -6.757
10.221 11.073 -6.757
10.252 11.059 -6.758
10.282 11.044 -6.757
10.312 11.031 -6.757
10.342 11.017 -6.757
10.373 11.003 -6.756
10.403 10.989 -6.755
10.433 10.976 -6.755
10.464 10.962 -6.753
10.494 10.948 -6.752
10.524 10.934 -6.751
10.554 10.919 -6.749
10.584 10.905 -6.747
10.614 10.890 -6.745
10.643 10.874 -6.743
10.672 10.858 -6.741
10.702 10.842 -6.738
10.731 10.826 -6.735
10.760 10.809 -6.732
10.789 10.793 -6.729
10.817 10.776 -6.725
10.847 10.760 -6.721
10.876 10.744 -6.717
10.905 10.728 -6.712
10.935 10.713 -6.707
10.965 10.699 -6.702
10.995 10.685 -6.696
11.025 10.672 -6.690
11.056 10.659 -6.684
11.087 10.648 -6.678
11.118 10.636 -6.671
11.150 10.625 -6.663
11.181 10.614 -6.656
11.213 10.604 -6.648
11.245 10.594 -6.640
11.277 10.583 -6.631
11.308 10.573 -6.622
11.340 10.563 -6.613
11.372 10.552 -6.604
11.404 10.542 -6.594
11.435 10.531 -6.584
11.467 10.521 -6.573
11.499 10.510 -6.563
11.530 10.500 -6.552
11.562 10.490 -6.541
11.594 10.481 -6.531
11.626 10.472 -6.521
11.658 10.464 -6.511
11.690 10.456 -6.501
11.723 10.449 -6.492
11.755 10.442 -6.482
11.788 10.436 -6.473
11.821 10.431 -6.465
11.854 10.425 -6.456
11.887 10.420 -6.448
11.920 10.416 -6.439
11.953 10.411 -6.431
11.986 10.406 -6.424
12.019 10.402 -6.416
12.052 10.397 -6.409
12.085 10.392 -6.402
12.118 10.387 -6.395
12.151 10.382 -6.388
12.184 10.377 -6.381
12.217 10.372 -6.375
12.250 10.367 -6.369
12.283 10.363 -6.363
12.316 10.358 -6.357
12.349 10.354 -6.352
12.382 10.351 -6.346
12.415 10.348 -6.341
12.448 10.345 -6.336
12.481 10.344 -6.331
12.514 10.343 -6.327
12.548 10.342 -6.322
12.581 10.342 -6.318
12.614 10.342 -6.314
12.648 10.342 -6.310
12.681 10.343 -6.306
12.714 10.343 -6.303
12.748 10.344 -6.300
12.781 10.345 -6.296
12.814 10.346 -6.293
12.848 10.347 -6.291
12.881 10.347 -6.288
12.914 10.347 -6.286
12.948 10.348 -6.283
12.981 10.348 -6.281
13.014 10.348 -6.279
13.048 10.348 -6.278
13.081 10.347 -6.276
13.114 10.347 -6.275
13.147 10.347 -6.274
13.181 10.346 -6.273
13.214 10.346 -6.272
13.247 10.345 -6.271
13.280 10.344 -6.270
13.314 10.344 -6.268
13.347 10.343 -6.266
13.380 10.342 -6.264
13.414 10.341 -6.262
13.447 10.340 -6.259
13.480 10.339 -6.255
13.513 10.338 -6.250
13.547 10.337 -6.243
13.580 10.336 -6.232
13.580 10.336 -6.229
13.613 10.341 -6.241
13.646 10.345 -6.253
13.679 10.350 -6.256
13.803 10.364 -6.242
13.828 10.367 -6.195
13.853 10.369 -6.163
13.878 10.371 -6.180
13.903 10.373 -6.188
13.928 10.375 -6.193
13.953 10.377 -6.196
13.978 10.379 -6.200
14.003 10.380 -6.205
14.028 10.381 -6.211
14.053 10.383 -6.218
14.078 10.384 -6.226
14.103 10.385 -6.234
14.128 10.385 -6.242
14.153 10.386 -6.249
14.178 10.386 -6.256
14.203 10.387 -6.263
14.228 10.387 -6.269
14.253 10.387 -6.275
14.278 10.387 -6.280
14.303 10.386 -6.285
14.328 10.386 -6.289
14.353 10.385 -6.293
14.378 10.384 -6.297
14.403 10.383 -6.300
14.428 10.383 -6.302
14.453 10.382 -6.304
14.478 10.380 -6.305
14.503 10.380 -6.306
14.528 10.379 -6.307
14.553 10.378 -6.307
14.578 10.377 -6.306
14.603 10.376 -6.305
14.628 10.376 -6.303
14.653 10.376 -6.301
14.678 10.376 -6.299
14.703 10.376 -6.296
14.728 10.377 -6.292
14.753 10.377 -6.290
14.778 10.378 -6.288
14.803 10.379 -6.289
14.828 10.380 -6.291
14.853 10.381 -6.295
14.878 10.382 -6.301
14.903 10.383 -6.308
14.928 10.383 -6.317
14.953 10.383 -6.328
14.978 10.383 -6.340
15.003 10.382 -6.354
15.028 10.381 -6.370
15.053 10.379 -6.388
15.078 10.376 -6.408
15.103 10.373 -6.429
15.128 10.369 -6.453
15.153 10.364 -6.479
15.177 10.359 -6.506
15.202 10.353 -6.536
15.227 10.346 -6.568
15.251 10.338 -6.602
15.275 10.330 -6.638
15.299 10.321 -6.676
15.322 10.311 -6.715
15.345 10.300 -6.757
15.368 10.289 -6.800
15.391 10.277 -6.844
15.413 10.264 -6.887
15.434 10.251 -6.924
15.455 10.236 -6.958
15.476 10.221 -6.987
15.496 10.206 -7.012
15.515 10.189 -7.033
15.534 10.172 -7.050
15.552 10.154 -7.063
15.570 10.136 -7.073
15.587 10.117 -7.080
15.604 10.098 -7.083
15.621 10.079 -7.083
15.638 10.060 -7.079
15.655 10.041 -7.070
15.672 10.022 -7.055
15.689 10.004 -7.033
15.707 9.986 -7.005
15.725 9.970 -6.970
15.744 9.954 -6.929
15.763 9.939 -6.881
15.784 9.925 -6.826
15.805 9.913 -6.766
15.827 9.903 -6.701
15.851 9.893 -6.632
15.875 9.886 -6.560
15.900 9.879 -6.488
15.925 9.874 -6.420
15.951 9.871 -6.358
15.977 9.869 -6.302
16.003 9.868 -6.248
16.030 9.868 -6.196
16.056 9.870 -6.144
16.083 9.873 -6.090
16.109 9.878 -6.034
16.135 9.883 -5.978
16.160 9.890 -5.922
16.185 9.898 -5.867
16.209 9.907 -5.814
16.233 9.917 -5.764
16.255 9.929 -5.716
16.277 9.941 -5.671
16.297 9.955 -5.627
16.317 9.969 -5.586
16.336 9.985 -5.547
16.354 10.001 -5.510
16.372 10.018 -5.475
16.389 10.036 -5.441
16.406 10.054 -5.412
16.423 10.073 -5.387
16.439 10.093 -5.369
16.455 10.113 -5.355
16.471 10.133 -5.347
16.487 10.153 -5.344
16.503 10.174 -5.346
16.519 10.195 -5.352
16.536 10.216 -5.364
16.552 10.237 -5.380
16.569 10.258 -5.402
16.587 10.278 -5.429
16.604 10.298 -5.462
16.622 10.318 -5.502
16.640 10.337 -5.550
16.659 10.354 -5.607
16.678 10.371 -5.672
16.697 10.387 -5.749
16.717 10.401 -5.836
16.738 10.414 -5.926
16.759 10.426 -6.010
16.780 10.436 -6.087
16.802 10.444 -6.155
16.825 10.450 -6.214
16.848 10.454 -6.264
16.871 10.456 -6.305
16.895 10.457 -6.338
16.920 10.457 -6.364
16.944 10.455 -6.382
16.970 10.452 -6.393
16.995 10.449 -6.397
17.020 10.445 -6.394
17.046 10.440 -6.388
17.072 10.435 -6.382
17.098 10.430 -6.376
17.123 10.425 -6.370
17.149 10.421 -6.365
17.175 10.417 -6.359
17.201 10.413 -6.354
17.226 10.410 -6.349
17.251 10.408 -6.344
17.277 10.406 -6.339
17.302 10.405 -6.334
17.327 10.404 -6.330
17.352 10.403 -6.325
17.377 10.403 -6.321
17.401 10.403 -6.317
17.426 10.403 -6.313
17.451 10.404 -6.309
17.476 10.404 -6.305
17.501 10.405 -6.302
17.525 10.405 -6.298
17.550 10.406 -6.295
17.575 10.406 -6.292
17.600 10.406 -6.289
17.625 10.407 -6.286
17.650 10.407 -6.283
17.675 10.407 -6.280
17.700 10.407 -6.278
17.725 10.407 -6.275
17.750 10.406 -6.273
17.775 10.406 -6.271
17.800 10.406 -6.269
17.825 10.406 -6.267
17.850 10.406 -6.265
17.875 10.406 -6.263
17.900 10.406 -6.262
17.925 10.406 -6.261
17.950 10.406 -6.259
17.975 10.406 -6.258
18.000 10.407 -6.257
18.025 10.407 -6.256
18.050 10.408 -6.255
18.075 10.408 -6.255
18.100 10.409 -6.254
18.125 10.409 -6.254
18.150 10.410 -6.254
18.175 10.411 -6.254
18.200 10.412 -6.254
18.225 10.413 -6.254
18.250 10.414 -6.254
18.275 10.414 -6.255
18.300 10.415 -6.255
18.325 10.416 -6.256
18.350 10.417 -6.257
18.375 10.418 -6.258
18.400 10.419 -6.259
18.425 10.420 -6.260
18.450 10.421 -6.261
18.475 10.421 -6.263
18.500 10.422 -6.264
18.525 10.423 -6.266
18.550 10.423 -6.267
18.575 10.424 -6.269
18.600 10.425 -6.271
18.625 10.425 -6.273
18.650 10.425 -6.275
18.675 10.426 -6.277
18.700 10.426 -6.280
18.700 10.426 -6.282
18.725 10.426 -6.284
18.750 10.426 -6.287
18.775 10.426 -6.290
18.800 10.425 -6.292
18.825 10.425 -6.295
18.850 10.424 -6.298
18.875 10.423 -6.301
18.900 10.422 -6.304
18.925 10.421 -6.307
18.950 10.420 -6.310
18.975 10.420 -6.313
19.000 10.419 -6.316
19.025 10.418 -6.317
19.050 10.417 -6.317
19.075 10.416 -6.316
19.100 10.415 -6.314
19.125 10.415 -6.311
19.150 10.414 -6.306
19.175 10.414 -6.301
19.200 10.414 -6.294
19.225 10.414 -6.286
19.250 10.414 -6.277
19.275 10.414 -6.266
19.300 10.415 -6.255
19.325 10.416 -6.242
19.350 10.417 -6.228
19.375 10.419 -6.212
19.400 10.420 -6.195
19.425 10.423 -6.177
19.450 10.425 -6.158
19.475 10.428 -6.137
19.501 10.431 -6.115
19.526 10.435 -6.091
19.551 10.439 -6.067
19.575 10.443 -6.040
19.600 10.448 -6.013
19.625 10.454 -5.984
19.649 10.460 -5.954
19.674 10.467 -5.925
19.698 10.474 -5.896
19.721 10.483 -5.868
19.745 10.491 -5.840
19.768 10.501 -5.812
19.791 10.511 -5.785
19.813 10.522 -5.758
19.835 10.534 -5.731
19.856 10.547 -5.705
19.878 10.560 -5.678
19.898 10.575 -5.652
19.918 10.590 -5.627
19.938 10.605 -5.601
19.957 10.621 -5.576
19.976 10.638 -5.551
19.995 10.656 -5.525
20.013 10.674 -5.500
20.030 10.692 -5.476
20.047 10.711 -5.451
20.064 10.730 -5.426
20.080 10.750 -5.401
20.095 10.770 -5.376
20.110 10.790 -5.352
20.125 10.810 -5.327
20.139 10.831 -5.302
20.152 10.852 -5.277
20.166 10.874 -5.253
20.178 10.895 -5.229
20.191 10.917 -5.206
20.202 10.939 -5.183
20.214 10.962 -5.160
20.225 10.984 -5.138
20.235 11.007 -5.117
20.246 11.030 -5.095
20.255 11.053 -5.074
20.265 11.076 -5.054
20.274 11.100 -5.034
20.283 11.123 -5.014
20.291 11.147 -4.995
20.299 11.171 -4.976
20.306 11.195 -4.958
20.314 11.219 -4.939
20.320 11.243 -4.921
20.327 11.268 -4.904
20.332 11.292 -4.886
20.338 11.317 -4.869
20.342 11.341 -4.852
20.347 11.366 -4.836
20.351 11.391 -4.819
20.354 11.416 -4.803
20.357 11.441 -4.787
20.359 11.465 -4.772
20.360 11.490 -4.757
20.361 11.515 -4.742
20.362 11.540 -4.729
20.362 11.565 -4.716
20.361 11.590 -4.703
20.360 11.615 -4.692
20.359 11.640 -4.681
20.357 11.665 -4.671
20.355 11.690 -4.661
20.353 11.715 -4.652
20.351 11.740 -4.644
20.349 11.765 -4.637
20.347 11.790 -4.630
20.344 11.815 -4.624
20.342 11.840 -4.618
20.340 11.865 -4.614
20.338 11.890 -4.610
20.336 11.915 -4.607
20.334 11.940 -4.604
20.333 11.965 -4.602
20.331 11.990 -4.601
20.329 12.015 -4.600
20.328 12.040 -4.600
20.326 12.065 -4.601
20.324 12.090 -4.603
20.322 12.115 -4.605
20.320 12.140 -4.607
20.318 12.165 -4.609
20.316 12.190 -4.609
20.313 12.215 -4.609
20.311 12.239 -4.607
20.308 12.264 -4.605
20.305 12.289 -4.602
20.301 12.314 -4.598
20.297 12.338 -4.594
20.293 12.363 -4.588
20.289 12.388 -4.582
20.285 12.412 -4.574
20.280 12.437 -4.566
20.276 12.462 -4.557
20.271 12.486 -4.547
20.266 12.511 -4.537
20.261 12.535 -4.525
20.255 12.560 -4.513
20.250 12.584 -4.500
20.244 12.609 -4.486
20.238 12.633 -4.471
20.232 12.657 -4.455
20.226 12.682 -4.439
20.220 12.706 -4.422
20.214 12.730 -4.404
20.207 12.754 -4.386
20.200 12.779 -4.367
20.193 12.802 -4.349
20.185 12.826 -4.329
20.177 12.850 -4.310
20.169 12.874 -4.290
20.160 12.897 -4.270
20.150 12.920 -4.250
20.140 12.943 -4.229
20.130 12.966 -4.207
20.119 12.989 -4.185
20.107 13.011 -4.163
20.094 13.033 -4.139
20.081 13.055 -4.115
20.068 13.077 -4.091
20.054 13.098 -4.065
20.039 13.118 -4.039
20.023 13.139 -4.011
20.007 13.158 -3.983
19.991 13.177 -3.954
19.973 13.196 -3.924
19.956 13.213 -3.892
19.937 13.231 -3.860
19.918 13.247 -3.826
19.899 13.262 -3.792
19.878 13.277 -3.756
19.858 13.291 -3.719
19.836 13.304 -3.682
19.815 13.316 -3.646
19.792 13.328 -3.612
19.770 13.338 -3.579
19.747 13.348 -3.547
19.724 13.358 -3.518
19.700 13.367 -3.489
19.676 13.375 -3.462
19.652 13.382 -3.437
19.627 13.390 -3.413
19.603 13.396 -3.390
19.578 13.403 -3.369
19.554 13.409 -3.350
19.529 13.414 -3.332
19.504 13.419 -3.315
19.479 13.424 -3.299
19.455 13.429 -3.285
19.430 13.433 -3.271
19.405 13.437 -3.259
19.380 13.441 -3.249
19.355 13.445 -3.239
19.331 13.448 -3.231
19.306 13.451 -3.223
19.281 13.454 -3.217
19.256 13.457 -3.212
19.231 13.459 -3.208
19.207 13.461 -3.204
19.182 13.463 -3.201
19.157 13.465 -3.197
19.132 13.466 -3.194
19.107 13.468 -3.191
19.082 13.469 -3.187
19.057 13.470 -3.184
19.032 13.471 -3.181
19.007 13.472 -3.178
18.982 13.473 -3.175
18.957 13.473 -3.172
18.932 13.474 -3.170
18.907 13.474 -3.167
18.882 13.475 -3.164
18.857 13.475 -3.162
18.832 13.475 -3.159
18.807 13.476 -3.157
18.782 13.476 -3.154
18.757 13.476 -3.152
18.732 13.476 -3.150
18.707 13.477 -3.148
18.682 13.477 -3.146
18.657 13.477 -3.144
18.632 13.477 -3.142
18.607 13.477 -3.140
18.582 13.477 -3.138
18.557 13.478 -3.136
18.531 13.478 -3.135
18.506 13.477 -3.133
18.481 13.477 -3.132
18.456 13.477 -3.131
18.431 13.477 -3.130
18.406 13.477 -3.129
18.381 13.476 -3.128
18.356 13.475 -3.128
18.331 13.475 -3.127
18.306 13.474 -3.127
18.281 13.473 -3.127
18.256 13.472 -3.127
18.231 13.471 -3.127
18.206 13.471 -3.127
18.181 13.470 -3.128
18.156 13.469 -3.128
18.131 13.468 -3.129
18.106 13.468 -3.130
18.081 13.467 -3.131
18.056 13.467 -3.132
18.031 13.466 -3.133
18.006 13.466 -3.135
17.981 13.466 -3.136
17.956 13.466 -3.138
17.931 13.467 -3.140
17.906 13.467 -3.142
17.881 13.468 -3.144
17.856 13.468 -3.146
17.831 13.469 -3.147
17.806 13.470 -3.149
17.781 13.471 -3.150
17.756 13.471 -3.151
17.731 13.472 -3.152
17.706 13.473 -3.152
17.681 13.474 -3.153
17.656 13.475 -3.153
17.631 13.476 -3.153
17.606 13.476 -3.153
17.581 13.477 -3.153
17.556 13.478 -3.152
17.531 13.478 -3.152
17.506 13.478 -3.151
17.481 13.479 -3.150
17.456 13.479 -3.149
17.431 13.479 -3.147
17.406 13.479 -3.146
17.381 13.479 -3.144
17.356 13.478 -3.142
17.331 13.478 -3.140
17.306 13.478 -3.138
17.281 13.477 -3.136
17.256 13.476 -3.133
17.231 13.476 -3.130
17.206 13.475 -3.127
17.181 13.474 -3.123
17.156 13.473 -3.118
17.131 13.471 -3.112
17.106 13.470 -3.105
17.081 13.468 -3.097
17.056 13.466 -3.088
17.031 13.464 -3.078
17.006 13.462 -3.068
16.981 13.460 -3.056
16.956 13.458 -3.043
16.931 13.455 -3.030
16.907 13.452 -3.016
16.882 13.449 -3.000
16.857 13.446 -2.984
16.832 13.442 -2.967
16.807 13.438 -2.948
16.782 13.434 -2.929
16.757 13.430 -2.909
16.732 13.425 -2.888
16.707 13.420 -2.866
16.683 13.414 -2.844
16.658 13.408 -2.820
16.634 13.401 -2.796
16.610 13.394 -2.771
16.586 13.386 -2.745
16.563 13.378 -2.719
16.540 13.368 -2.693
16.517 13.359 -2.668
16.494 13.348 -2.642
16.472 13.337 -2.616
16.450 13.324 -2.591
16.428 13.312 -2.565
16.407 13.298 -2.538
16.387 13.284 -2.512
16.366 13.269 -2.485
16.346 13.253 -2.457
16.327 13.237 -2.429
16.308 13.221 -2.400
16.289 13.203 -2.371
16.271 13.186 -2.341
16.254 13.167 -2.312
16.236 13.149 -2.285
16.220 13.130 -2.258
16.204 13.110 -2.232
16.188 13.091 -2.208
16.173 13.071 -2.185
16.158 13.050 -2.163
16.144 13.030 -2.142
16.130 13.009 -2.122
16.117 12.987 -2.104
16.104 12.966 -2.087
16.092 12.944 -2.071
16.080 12.922 -2.056
16.068 12.900 -2.041
16.057 12.877 -2.026
16.046 12.855 -2.011
16.035 12.832 -1.996
16.025 12.809 -1.981
16.014 12.786 -1.966
16.005 12.763 -1.951
15.995 12.740 -1.936
15.986 12.717 -1.921
15.977 12.693 -1.906
15.968 12.670 -1.891
15.960 12.646 -1.876
15.951 12.622 -1.860
15.944 12.598 -1.845
15.937 12.574 -1.830
15.930 12.550 -1.814
15.923 12.526 -1.799
15.917 12.502 -1.783
15.912 12.477 -1.767
15.907 12.453 -1.751
15.902 12.428 -1.735
15.898 12.403 -1.719
15.894 12.379 -1.702
15.891 12.354 -1.686
15.889 12.329 -1.669
15.886 12.304 -1.652
15.885 12.279 -1.637
15.883 12.254 -1.623
15.882 12.229 -1.610
15.881 12.204 -1.598
15.880 12.178 -1.587
15.880 12.153 -1.578
15.880 12.128 -1.569
15.880 12.103 -1.562
15.880 12.078 -1.556
15.880 12.053 -1.551
15.880 12.028 -1.547
15.880 12.004 -1.544
15.881 11.979 -1.543
15.881 11.954 -1.542
15.881 11.929 -1.543
15.882 11.905 -1.545
15.882 11.880 -1.548
15.882 11.855 -1.552
15.882 11.830 -1.557
15.882 11.805 -1.564
15.882 11.780 -1.571
15.882 11.755 -1.580
15.882 11.730 -1.590
15.881 11.704 -1.601
15.881 11.679 -1.612
15.880 11.653 -1.626
15.879 11.627 -1.640
15.878 11.601 -1.656
15.876 11.575 -1.674
15.874 11.548 -1.693
15.872 11.522 -1.714
15.869 11.496 -1.736
15.866 11.470 -1.760
15.862 11.444 -1.786
15.858 11.418 -1.814
15.853 11.393 -1.843
15.847 11.368 -1.874
15.840 11.343 -1.907
15.832 11.319 -1.942
15.824 11.295 -1.979
15.814 11.272 -2.018
15.804 11.250 -2.059
15.792 11.228 -2.101
15.779 11.207 -2.145
15.766 11.187 -2.190
15.750 11.168 -2.236
15.734 11.149 -2.284
15.716 11.132 -2.332
15.697 11.115 -2.380
15.678 11.099 -2.429
15.657 11.083 -2.478
15.637 11.068 -2.518
15.616 11.053 -2.543
15.595 11.038 -2.552
15.574 11.023 -2.547
15.553 11.008 -2.526
15.533 10.992 -2.487
15.514 10.976 -2.426
15.496 10.960 -2.348
15.479 10.942 -2.263
15.463 10.924 -2.173
15.449 10.905 -2.083
15.437 10.885 -1.997
15.426 10.863 -1.918
15.417 10.841 -1.849
15.410 10.818 -1.790
15.404 10.794 -1.739
15.399 10.769 -1.695
15.395 10.744 -1.655
15.393 10.718 -1.620
15.392 10.692 -1.588
15.391 10.666 -1.558
15.392 10.639 -1.531
15.393 10.613 -1.505
15.395 10.586 -1.480
15.397 10.559 -1.456
15.400 10.532 -1.432
15.404 10.506 -1.407
15.408 10.480 -1.382
15.412 10.454 -1.353
15.417 10.428 -1.321
15.423 10.403 -1.287
15.430 10.378 -1.249
15.437 10.354 -1.209
15.445 10.330 -1.166
15.454 10.306 -1.120
15.463 10.284 -1.072
15.474 10.261 -1.022
15.486 10.240 -0.971
15.499 10.219 -0.919
15.512 10.199 -0.866
15.528 10.179 -0.818
15.544 10.160 -0.779
15.561 10.142 -0.750
15.579 10.125 -0.728
15.598 10.108 -0.715
15.618 10.091 -0.710
15.637 10.075 -0.713
15.657 10.058 -0.723
15.677 10.042 -0.742
15.697 10.026 -0.768
15.716 10.009 -0.803
15.734 9.992 -0.848
15.752 9.975 -0.901
15.769 9.957 -0.959
15.784 9.938 -1.016
15.798 9.919 -1.070
15.811 9.898 -1.122
15.822 9.877 -1.171
15.831 9.855 -1.217
15.840 9.833 -1.261
15.847 9.809 -1.301
15.853 9.785 -1.339
15.858 9.761 -1.374
15.862 9.736 -1.406
15.865 9.711 -1.435
15.867 9.685 -1.462
15.869 9.659 -1.486
15.870 9.633 -1.508
15.871 9.606 -1.527
15.871 9.580 -1.545
15.871 9.553 -1.560
15.871 9.527 -1.573
15.870 9.501 -1.585
15.870 9.475 -1.594
15.870 9.449 -1.601
15.869 9.423 -1.607
15.869 9.398 -1.611
15.869 9.372 -1.613
15.869 9.347 -1.613
15.869 9.322 -1.612
15.869 9.297 -1.611
15.869 9.272 -1.609
15.869 9.248 -1.608
15.869 9.223 -1.606
15.870 9.198 -1.604
15.870 9.173 -1.602
15.870 9.149 -1.600
15.870 9.124 -1.598
15.870 9.099 -1.595
15.870 9.075 -1.592
15.870 9.050 -1.589
15.870 9.025 -1.586
15.870 9.000 -1.583
15.870 8.975 -1.580
15.870 8.950 -1.576
15.871 8.925 -1.572
15.871 8.900 -1.568
15.870 8.875 -1.564
15.870 8.850 -1.560
15.870 8.824 -1.556
15.870 8.799 -1.552
15.870 8.774 -1.547
15.870 8.749 -1.543
15.870 8.724 -1.538
15.870 8.699 -1.533
15.870 8.674 -1.529
15.869 8.649 -1.525
15.869 8.624 -1.523
15.869 8.599 -1.521
15.869 8.574 -1.521
15.869 8.549 -1.521
15.869 8.524 -1.522
15.869 8.499 -1.524
15.869 8.474 -1.527
15.869 8.449 -1.530
15.869 8.424 -1.535
15.869 8.399 -1.540
15.870 8.374 -1.547
15.870 8.349 -1.554
15.870 8.324 -1.562
15.871 8.299 -1.571
15.872 8.273 -1.582
15.872 8.248 -1.593
15.873 8.223 -1.605
15.873 8.198 -1.618
15.873 8.173 -1.632
15.873 8.148 -1.647
15.872 8.123 -1.663
15.872 8.098 -1.680
15.870 8.073 -1.698
15.869 8.048 -1.717
15.867 8.023 -1.738
15.864 7.998 -1.758
15.861 7.973 -1.779
15.857 7.949 -1.798
15.853 7.924 -1.818
15.848 7.900 -1.837
15.842 7.875 -1.855
15.836 7.851 -1.873
15.829 7.827 -1.891
15.822 7.803 -1.908
15.814 7.779 -1.924
15.805 7.755 -1.940
15.797 7.731 -1.956
15.787 7.708 -1.971
15.777 7.685 -1.985
15.767 7.662 -1.999
15.756 7.639 -2.012
15.745 7.616 -2.025
15.734 7.594 -2.037
15.722 7.572 -2.049
15.710 7.550 -2.060
15.697 7.529 -2.071
15.684 7.507 -2.081
15.671 7.486 -2.091
15.658 7.465 -2.100
15.645 7.444 -2.108
15.631 7.423 -2.117
15.617 7.402 -2.124
15.603 7.381 -2.130
15.589 7.360 -2.134
15.576 7.339 -2.137
15.562 7.318 -2.138
15.548 7.297 -2.138
15.534 7.277 -2.137
15.520 7.255 -2.134
15.506 7.234 -2.129
15.493 7.213 -2.124
15.479 7.192 -2.116
15.466 7.170 -2.108
15.453 7.149 -2.098
15.441 7.127 -2.086
15.429 7.105 -2.073
15.417 7.083 -2.058
15.406 7.061 -2.042
15.395 7.038 -2.024
15.384 7.015 -2.004
15.374 6.992 -1.983
15.365 6.969 -1.961
15.356 6.946 -1.936
15.348 6.922 -1.911
15.341 6.899 -1.883
15.334 6.874 -1.854
15.328 6.850 -1.824
15.322 6.826 -1.793
15.316 6.801 -1.765
15.312 6.777 -1.738
15.307 6.752 -1.712
15.304 6.727 -1.688
15.300 6.702 -1.666
15.297 6.677 -1.646
15.295 6.652 -1.626
15.293 6.627 -1.609
15.291 6.601 -1.593
15.290 6.576 -1.578
15.289 6.551 -1.564
15.288 6.526 -1.553
15.288 6.501 -1.542
15.288 6.476 -1.533
15.288 6.451 -1.525
15.289 6.426 -1.518
15.289 6.401 -1.513
15.290 6.376 -1.509
15.291 6.351 -1.506
15.293 6.326 -1.504
15.294 6.301 -1.504
15.295 6.276 -1.505
15.297 6.251 -1.507
15.298 6.226 -1.511
15.300 6.201 -1.516
15.301 6.176 -1.522
15.303 6.151 -1.527
15.304 6.126 -1.533
15.306 6.101 -1.538
15.307 6.076 -1.543
15.308 6.051 -1.548
15.309 6.026 -1.553
15.310 6.001 -1.558
15.311 5.976 -1.563
15.311 5.951 -1.567
15.312 5.926 -1.572
15.312 5.901 -1.576
15.311 5.876 -1.580
15.311 5.851 -1.583
15.310 5.826 -1.587
15.310 5.826 -1.590
15.311 5.801 -1.593
15.311 5.776 -1.596
15.311 5.751 -1.599
15.311 5.726 -1.601
15.311 5.701 -1.603
15.311 5.676 -1.605
15.310 5.651 -1.607
15.309 5.626 -1.609
15.308 5.601 -1.610
15.307 5.576 -1.611
15.306 5.551 -1.612
15.305 5.526 -1.612
15.303 5.501 -1.613
15.302 5.476 -1.613
15.300 5.451 -1.613
15.299 5.426 -1.613
15.297 5.401 -1.613
15.295 5.376 -1.612
15.294 5.351 -1.612
15.292 5.326 -1.611
15.291 5.301 -1.610
15.289 5.276 -1.609
15.287 5.251 -1.608
15.286 5.226 -1.606
15.285 5.201 -1.604
15.284 5.176 -1.603
15.282 5.151 -1.601
15.282 5.126 -1.598
15.281 5.101 -1.596
15.280 5.076 -1.594
15.280 5.051 -1.591
15.280 5.026 -1.588
15.280 5.001 -1.585
15.280 4.977 -1.581
15.280 4.952 -1.578
15.280 4.927 -1.574
15.281 4.902 -1.570
15.282 4.877 -1.567
15.282 4.852 -1.563
15.283 4.827 -1.560
15.284 4.802 -1.557
15.285 4.777 -1.554
15.286 4.752 -1.551
15.287 4.726 -1.549
15.287 4.701 -1.547
15.288 4.676 -1.545
15.289 4.651 -1.544
15.290 4.626 -1.542
15.291 4.601 -1.542
15.291 4.576 -1.541
15.292 4.551 -1.541
15.293 4.526 -1.540
15.293 4.501 -1.541
15.293 4.476 -1.541
15.294 4.451 -1.542
15.294 4.426 -1.543
15.294 4.401 -1.544
15.295 4.376 -1.546
15.295 4.351 -1.548
15.295 4.326 -1.550
15.295 4.301 -1.552
15.295 4.276 -1.555
15.295 4.251 -1.558
15.295 4.226 -1.561
15.295 4.201 -1.564
15.295 4.176 -1.567
15.295 4.151 -1.570
15.295 4.126 -1.573
15.295 4.101 -1.575
15.295 4.076 -1.577
15.294 4.051 -1.579
15.294 4.026 -1.581
15.294 4.001 -1.583
15.294 3.976 -1.584
15.293 3.951 -1.586
15.293 3.926 -1.587
15.293 3.901 -1.587
15.292 3.876 -1.588
15.292 3.851 -1.590
15.291 3.793 -1.591
15.291 3.776 -1.594
15.291 3.759 -1.597
15.291 3.743 -1.599
15.290 3.726 -1.599
15.290 3.709 -1.599
15.290 3.693 -1.598
15.290 3.676 -1.597
15.290 3.659 -1.596
15.289 3.643 -1.595
15.289 3.626 -1.593
15.289 3.609 -1.590
15.289 3.593 -1.588
15.289 3.576 -1.586
15.289 3.559 -1.584
15.288 3.543 -1.582
15.288 3.526 -1.580
15.288 3.509 -1.579
15.288 3.493 -1.577
15.288 3.476 -1.575
15.288 3.459 -1.573
15.288 3.443 -1.572
15.288 3.426 -1.570
15.288 3.409 -1.568
15.288 3.393 -1.567
15.288 3.376 -1.565
15.287 3.359 -1.564
15.287 3.343 -1.563
15.288 3.326 -1.561
15.288 3.309 -1.560
15.288 3.293 -1.559
15.288 3.276 -1.558
15.288 3.259 -1.557
15.288 3.243 -1.556
15.288 3.226 -1.555
15.288 3.209 -1.554
15.288 3.193 -1.553
15.288 3.176 -1.552
15.289 3.159 -1.551
15.289 3.143 -1.550
15.289 3.126 -1.550
15.289 3.109 -1.549
15.290 3.093 -1.548
15.290 3.076 -1.548
15.290 3.059 -1.547
15.291 3.043 -1.547
15.291 3.026 -1.547
15.292 3.009 -1.546
15.292 2.993 -1.546
15.292 2.976 -1.546
15.293 2.959 -1.546
15.293 2.943 -1.545
15.294 2.926 -1.545
15.294 2.909 -1.545
15.295 2.893 -1.545
15.295 2.876 -1.546
15.296 2.859 -1.546
15.296 2.843 -1.546
15.297 2.826 -1.546
15.297 2.809 -1.546
15.298 2.793 -1.547
15.298 2.776 -1.547
15.299 2.759 -1.547
15.299 2.743 -1.548
15.300 2.726 -1.549
15.300 2.709 -1.549
15.300 2.693 -1.550
15.301 2.676 -1.551
15.301 2.659 -1.552
15.301 2.643 -1.554
15.302 2.626 -1.555
15.302 2.609 -1.557
15.302 2.593 -1.559
15.302 2.576 -1.561
15.303 2.559 -1.563
15.303 2.543 -1.566
15.303 2.526 -1.568
15.303 2.509 -1.571
15.303 2.493 -1.574
15.303 2.476 -1.578
15.303 2.459 -1.581
15.303 2.443 -1.585
15.302 2.426 -1.589
15.302 2.409 -1.593
15.302 2.393 -1.598
15.301 2.376 -1.603
15.301 2.359 -1.608
15.301 2.343 -1.614
15.300 2.326 -1.620
15.300 2.326 -1.626
15.299 2.310 -1.633
15.297 2.294 -1.638
15.296 2.277 -1.642
15.295 2.261 -1.645
15.293 2.245 -1.646
15.292 2.228 -1.647
15.291 2.212 -1.646
15.290 2.195 -1.644
15.289 2.179 -1.641
15.288 2.162 -1.637
15.287 2.145 -1.633
15.286 2.129 -1.628
15.285 2.112 -1.623
15.286 2.129 -1.618
15.285 2.104 -1.613
15.284 2.078 -1.608
15.283 2.053 -1.603
15.282 2.028 -1.598
15.281 2.002 -1.593
15.281 1.977 -1.588
15.280 1.952 -1.582
15.280 1.926 -1.576
15.279 1.901 -1.570
15.279 1.875 -1.564
15.279 1.850 -1.557
15.280 1.825 -1.550
15.280 1.799 -1.543
15.280 1.774 -1.536
15.281 1.749 -1.530
15.282 1.724 -1.524
15.283 1.699 -1.519
15.284 1.674 -1.514
15.285 1.650 -1.509
15.286 1.625 -1.505
15.288 1.600 -1.501
15.289 1.576 -1.498
15.291 1.552 -1.495
15.293 1.528 -1.493
15.295 1.504 -1.491
15.297 1.480 -1.490
15.300 1.456 -1.489
15.302 1.432 -1.488
15.304 1.408 -1.489
15.306 1.384 -1.490
15.309 1.359 -1.491
15.311 1.335 -1.493
15.313 1.310 -1.495
15.315 1.284 -1.498
15.316 1.258 -1.502
15.318 1.231 -1.506
15.319 1.204 -1.510
15.320 1.177 -1.515
15.321 1.149 -1.520
15.322 1.120 -1.514
15.324 1.093 -1.487
15.327 1.066 -1.436
15.330 1.040 -1.353
15.336 1.016 -1.228
15.343 0.995 -1.046
15.353 0.976 -0.797
15.365 0.960 -0.535
15.380 0.948 -0.327
15.398 0.938 -0.174
15.417 0.932 -0.067
15.439 0.928 0.007
15.463 0.926 0.054
15.488 0.926 0.087
15.515 0.927 0.115
15.542 0.931 0.136
15.571 0.935 0.152
15.600 0.940 0.164
15.629 0.945 0.170
15.658 0.951 0.172
15.688 0.957 0.169
15.717 0.962 0.161
15.745 0.967 0.148
15.773 0.971 0.131
15.800 0.974 0.108
15.827 0.977 0.079
15.853 0.979 0.048
15.878 0.980 0.020
15.903 0.981 -0.007
15.927 0.981 -0.031
15.952 0.981 -0.053
15.976 0.980 -0.073
16.000 0.978 -0.090
16.024 0.977 -0.104
16.048 0.975 -0.115
16.072 0.972 -0.123
16.096 0.969 -0.128
16.120 0.966 -0.131
16.144 0.963 -0.130
16.169 0.959 -0.126
16.194 0.956 -0.119
16.219 0.952 -0.109
16.244 0.949 -0.095
16.270 0.946 -0.079
16.295 0.943 -0.059
16.320 0.940 -0.036
16.346 0.939 -0.010
16.371 0.938 0.019
16.396 0.937 0.050
16.421 0.938 0.084
16.446 0.939 0.121
16.470 0.941 0.160
16.495 0.945 0.199
16.519 0.950 0.236
16.542 0.956 0.272
16.566 0.963 0.307
16.589 0.971 0.341
16.611 0.981 0.374
16.634 0.991 0.406
16.656 1.002 0.438
16.678 1.014 0.469
16.700 1.027 0.500
16.722 1.040 0.531
16.743 1.054 0.562
16.764 1.069 0.594
16.786 1.084 0.625
16.807 1.100 0.657
16.827 1.116 0.689
16.848 1.132 0.723
16.869 1.149 0.757
16.889 1.166 0.792
16.909 1.184 0.828
16.928 1.201 0.865
16.947 1.219 0.904
16.965 1.238 0.945
16.983 1.257 0.987
16.999 1.276 1.032
17.015 1.296 1.078
17.030 1.316 1.125
17.043 1.336 1.171
17.055 1.357 1.215
17.066 1.379 1.257
17.075 1.401 1.297
17.082 1.424 1.335
17.088 1.447 1.371
17.093 1.470 1.404
17.096 1.494 1.435
17.098 1.519 1.464
17.099 1.543 1.490
17.099 1.568 1.514
17.098 1.594 1.536
17.096 1.619 1.556
17.094 1.645 1.573
17.092 1.671 1.588
17.090 1.696 1.601
17.087 1.722 1.612
17.084 1.748 1.621
17.082 1.774 1.628
17.080 1.800 1.633
17.078 1.825 1.637
17.077 1.851 1.638
17.076 1.876 1.637
17.075 1.901 1.635
17.075 1.926 1.631
17.075 1.951 1.625
17.075 1.976 1.618
17.076 2.034 1.612
17.077 2.051 1.607
17.077 2.067 1.602
17.078 2.084 1.597
17.078 2.100 1.593
17.078 2.117 1.588
17.079 2.133 1.583
17.079 2.150 1.577
17.080 2.166 1.570
17.080 2.183 1.564
17.080 2.199 1.558
17.081 2.216 1.553
17.081 2.233 1.549
17.081 2.249 1.546
17.081 2.266 1.544
17.081 2.282 1.542
17.081 2.299 1.541
17.081 2.316 1.540
17.081 2.332 1.540
17.081 2.349 1.540
17.081 2.366 1.541
17.081 2.382 1.542
17.081 2.399 1.543
17.081 2.416 1.545
17.081 2.432 1.547
17.081 2.449 1.549
17.081 2.466 1.552
17.081 2.483 1.554
17.080 2.499 1.556
17.080 2.516 1.558
17.080 2.533 1.560
17.080 2.550 1.562
17.080 2.566 1.564
17.080 2.583 1.566
17.080 2.600 1.568
17.080 2.617 1.570
17.080 2.633 1.571
17.080 2.650 1.573
17.080 2.667 1.574
17.080 2.683 1.576
17.080 2.700 1.577
17.080 2.717 1.578
17.080 2.734 1.579
17.080 2.750 1.580
17.080 2.767 1.581
17.080 2.784 1.582
17.080 2.800 1.582
17.080 2.817 1.583
17.080 2.834 1.583
17.080 2.850 1.583
17.080 2.867 1.584
17.080 2.883 1.584
17.080 2.900 1.584
17.080 2.916 1.584
17.080 2.933 1.584
17.080 2.950 1.584
17.080 2.966 1.583
17.080 2.982 1.583
17.080 2.999 1.583
17.080 3.015 1.583
17.080 3.032 1.582
17.080 3.048 1.582
17.080 3.065 1.581
17.080 3.081 1.580
17.080 3.098 1.579
17.080 3.114 1.578
17.080 3.131 1.576
17.080 3.147 1.575
17.080 3.164 1.573
17.080 3.147 1.571
17.080 3.172 1.570
17.080 3.197 1.569
17.080 3.223 1.568
17.080 3.248 1.566
17.080 3.273 1.565
17.080 3.299 1.564
17.080 3.325 1.563
17.080 3.351 1.564
17.080 3.377 1.570
17.080 3.403 1.582
17.079 3.429 1.598
17.078 3.455 1.621
17.076 3.481 1.649
17.074 3.507 1.684
17.071 3.532 1.725
17.067 3.557 1.773
17.062 3.582 1.827
17.057 3.606 1.889
17.050 3.629 1.957
17.041 3.652 2.031
17.032 3.674 2.111
17.021 3.695 2.188
17.008 3.716 2.258
16.994 3.735 2.321
16.978 3.754 2.377
16.961 3.772 2.427
16.943 3.789 2.472
16.924 3.805 2.512
16.904 3.821 2.548
16.883 3.836 2.580
16.861 3.850 2.609
16.839 3.863 2.635
16.816 3.876 2.658
16.793 3.888 2.679
16.769 3.900 2.700
16.745 3.911 2.721
16.721 3.921 2.743
16.698 3.931 2.766
16.674 3.940 2.789
16.650 3.949 2.811
16.626 3.958 2.834
16.603 3.965 2.856
16.579 3.973 2.877
16.555 3.980 2.898
16.531 3.986 2.917
16.507 3.992 2.935
16.483 3.998 2.952
16.459 4.003 2.967
16.435 4.008 2.979
16.410 4.013 2.990
16.386 4.017 2.998
16.361 4.021 3.005
16.336 4.025 3.009
16.311 4.029 3.013
16.286 4.032 3.014
16.260 4.035 3.014
16.234 4.038 3.013
16.208 4.040 3.009
16.182 4.043 3.004
16.156 4.046 2.997
16.129 4.049 2.987
16.103 4.052 2.971
16.077 4.055 2.950
16.052 4.060 2.923
16.027 4.064 2.890
16.002 4.070 2.851
15.978 4.076 2.806
15.954 4.083 2.754
15.932 4.092 2.696
15.910 4.101 2.632
15.889 4.112 2.564
15.869 4.124 2.492
15.850 4.137 2.418
15.832 4.152 2.344
15.815 4.169 2.275
15.799 4.187 2.213
15.785 4.206 2.157
15.771 4.226 2.108
15.758 4.247 2.063
15.746 4.269 2.022
15.735 4.292 1.985
15.725 4.316 1.951
15.716 4.340 1.919
15.707 4.365 1.888
15.700 4.391 1.860
15.693 4.417 1.832
15.686 4.443 1.805
15.681 4.470 1.779
15.676 4.496 1.753
15.672 4.523 1.729
15.668 4.550 1.705
15.665 4.577 1.683
15.662 4.604 1.662
15.660 4.630 1.641
15.658 4.657 1.623
15.657 4.682 1.605
15.656 4.708 1.589
15.655 4.734 1.574
15.655 4.759 1.561
15.655 4.784 1.549
15.655 4.809 1.539
15.655 4.833 1.530
15.656 4.858 1.523
15.656 4.883 1.517
15.657 4.907 1.513
15.658 4.932 1.510
15.659 4.956 1.509
15.659 4.981 1.509
15.660 5.005 1.511
15.660 5.030 1.515
15.661 5.055 1.520
15.661 5.080 1.527
15.661 5.104 1.535
15.662 5.129 1.544
15.662 5.154 1.552
15.662 5.179 1.560
15.661 5.204 1.567
15.661 5.230 1.573
15.661 5.255 1.579
15.661 5.280 1.584
15.661 5.305 1.589
15.661 5.330 1.592
15.660 5.355 1.596
15.660 5.380 1.598
15.660 5.405 1.600
15.660 5.430 1.602
15.659 5.455 1.602
15.659 5.481 1.602
15.659 5.506 1.602
15.659 5.531 1.601
15.659 5.556 1.599
15.659 5.581 1.596
15.659 5.605 1.593
15.659 5.630 1.590
15.659 5.655 1.586
15.659 5.680 1.581
15.659 5.705 1.575
15.660 5.730 1.569
15.660 5.755 1.562
15.660 5.780 1.555
15.661 5.805 1.548
15.661 5.830 1.541
15.662 5.855 1.536
15.662 5.880 1.531
15.663 5.905 1.527
15.664 5.931 1.524
15.664 5.956 1.521
15.665 5.981 1.519
15.666 6.006 1.519
15.667 6.031 1.519
15.667 6.056 1.519
15.668 6.080 1.521
15.669 6.105 1.523
15.670 6.130 1.526
15.670 6.155 1.530
15.671 6.180 1.535
15.672 6.205 1.540
15.672 6.230 1.547
15.673 6.255 1.554
15.673 6.280 1.561
15.674 6.304 1.570
15.674 6.329 1.580
15.674 6.354 1.590
15.674 6.379 1.601
15.674 6.404 1.613
15.673 6.429 1.625
15.673 6.455 1.636
15.672 6.480 1.644
15.671 6.505 1.648
15.670 6.530 1.648
15.668 6.556 1.645
15.667 6.581 1.638
15.665 6.607 1.627
15.664 6.633 1.613
15.662 6.658 1.595
15.661 6.684 1.573
15.660 6.709 1.547
15.660 6.734 1.517
15.660 6.759 1.483
15.661 6.784 1.447
15.663 6.809 1.411
15.666 6.834 1.374
15.669 6.858 1.338
15.674 6.882 1.302
15.680 6.905 1.265
15.687 6.929 1.229
15.695 6.952 1.193
15.704 6.974 1.157
15.715 6.997 1.121
15.726 7.019 1.086
15.738 7.040 1.050
15.751 7.062 1.015
15.765 7.083 0.983
15.779 7.104 0.955
15.794 7.125 0.931
15.809 7.146 0.912
15.825 7.166 0.896
15.840 7.187 0.885
15.856 7.207 0.877
15.873 7.227 0.873
15.889 7.247 0.872
15.905 7.267 0.875
15.921 7.286 0.883
15.937 7.306 0.894
15.952 7.326 0.909
15.968 7.346 0.926
15.983 7.366 0.945
15.998 7.386 0.964
16.013 7.406 0.984
16.027 7.426 1.005
16.041 7.447 1.026
16.055 7.468 1.048
16.068 7.489 1.070
16.080 7.510 1.092
16.092 7.532 1.115
16.104 7.553 1.138
16.114 7.576 1.162
16.125 7.598 1.185
16.134 7.621 1.207
16.143 7.644 1.229
16.152 7.668 1.250
16.160 7.691 1.269
16.167 7.715 1.288
16.174 7.740 1.306
16.180 7.764 1.323
16.186 7.788 1.340
16.192 7.813 1.355
16.197 7.838 1.370
16.202 7.863 1.384
16.207 7.888 1.398
16.211 7.913 1.411
16.215 7.938 1.423
16.219 7.963 1.435
16.222 7.989 1.447
16.225 8.014 1.458
16.228 8.039 1.468
16.231 8.064 1.478
16.233 8.089 1.487
16.236 8.115 1.496
16.238 8.139 1.505
16.240 8.164 1.513
16.242 8.189 1.521
16.244 8.214 1.528
16.246 8.238 1.535
16.248 8.262 1.542
16.250 8.286 1.548
16.250 8.286 1.554
16.248 8.311 1.560
16.247 8.336 1.565
16.246 8.361 1.570
16.245 8.386 1.574
16.244 8.411 1.578
16.243 8.436 1.581
16.242 8.461 1.584
16.241 8.486 1.586
16.241 8.511 1.588
16.240 8.536 1.589
16.240 8.561 1.589
16.240 8.586 1.589
16.240 8.611 1.589
16.240 8.636 1.588
16.240 8.662 1.587
16.240 8.687 1.586
16.240 8.712 1.584
16.241 8.737 1.581
16.241 8.762 1.578
16.242 8.787 1.575
16.242 8.812 1.571
16.243 8.838 1.567
16.244 8.863 1.563
16.244 8.888 1.558
16.245 8.913 1.553
16.246 8.938 1.549
16.247 8.963 1.545
16.248 8.988 1.542
16.249 9.012 1.540
16.250 9.037 1.539
16.251 9.062 1.539
16.252 9.087 1.539
16.253 9.112 1.540
16.254 9.136 1.542
16.254 9.161 1.544
16.255 9.186 1.547
16.256 9.211 1.551
16.256 9.236 1.556
16.256 9.261 1.562
16.256 9.286 1.568
16.256 9.311 1.575
16.255 9.336 1.583
16.254 9.361 1.591
16.253 9.387 1.600
16.251 9.413 1.610
16.249 9.438 1.621
16.246 9.465 1.632
16.243 9.491 1.644
16.240 9.517 1.657
16.237 9.543 1.671
16.234 9.570 1.681
16.231 9.596 1.686
16.228 9.622 1.685
16.225 9.648 1.678
16.223 9.674 1.664
16.221 9.700 1.645
16.220 9.725 1.619
16.220 9.750 1.586
16.220 9.775 1.546
16.222 9.800 1.499
16.224 9.824 1.445
16.228 9.848 1.383
16.232 9.871 1.314
16.238 9.894 1.243
16.246 9.916 1.175
16.255 9.937 1.109
16.265 9.958 1.047
16.277 9.978 0.987
16.291 9.998 0.930
16.305 10.017 0.875
16.321 10.036 0.823
16.338 10.054 0.773
16.356 10.072 0.724
16.375 10.089 0.678
16.394 10.106 0.633
16.415 10.123 0.590
16.436 10.139 0.551
16.458 10.155 0.522
16.480 10.170 0.501
16.503 10.185 0.489
16.527 10.200 0.484
16.550 10.215 0.488
16.574 10.229 0.500
16.597 10.244 0.520
16.620 10.258 0.550
16.643 10.273 0.589
16.666 10.288 0.640
16.687 10.303 0.703
16.708 10.318 0.778
16.727 10.334 0.866
16.745 10.351 0.960
16.762 10.368 1.050
16.777 10.386 1.137
16.790 10.405 1.220
16.801 10.425 1.299
16.810 10.446 1.375
16.817 10.468 1.447
16.821 10.491 1.517
16.823 10.514 1.583
16.824 10.539 1.648
16.822 10.564 1.712
16.818 10.589 1.774
16.813 10.615 1.836
16.807 10.640 1.896
16.798 10.666 1.952
16.789 10.692 2.004
16.778 10.717 2.051
16.766 10.741 2.094
16.752 10.766 2.133
16.738 10.789 2.168
16.723 10.811 2.200
16.707 10.833 2.227
16.691 10.854 2.252
16.674 10.873 2.273
16.657 10.892 2.290
16.639 10.911 2.305
16.621 10.928 2.317
16.603 10.946 2.324
16.585 10.963 2.327
16.567 10.980 2.327
16.549 10.997 2.322
16.532 11.015 2.313
16.515 11.032 2.300
16.498 11.050 2.283
16.482 11.068 2.261
16.467 11.087 2.234
16.452 11.107 2.203
16.439 11.127 2.167
16.426 11.148 2.126
16.414 11.170 2.083
16.402 11.192 2.041
16.392 11.214 2.002
16.382 11.238 1.964
16.373 11.261 1.928
16.364 11.285 1.894
16.356 11.310 1.863
16.349 11.334 1.833
16.342 11.359 1.806
16.336 11.384 1.780
16.330 11.409 1.757
16.324 11.434 1.736
16.319 11.459 1.716
16.315 11.484 1.699
16.311 11.509 1.684
16.307 11.534 1.670
16.304 11.559 1.659
16.300 11.584 1.649
16.298 11.609 1.640
16.295 11.634 1.634
16.293 11.659 1.629
16.290 11.684 1.626
16.288 11.708 1.625
16.287 11.733 1.625
16.285 11.758 1.627
16.283 11.783 1.631
16.282 11.808 1.635
16.280 11.833 1.639
16.279 11.858 1.642
16.277 11.882 1.645
16.276 11.907 1.646
16.275 11.932 1.648
16.273 11.957 1.648
16.272 11.982 1.648
16.271 12.007 1.647
16.269 12.032 1.646
16.268 12.057 1.644
16.267 12.082 1.641
16.265 12.107 1.638
16.264 12.132 1.634
16.263 12.158 1.628
16.262 12.183 1.621
16.260 12.208 1.613
16.259 12.233 1.603
16.258 12.258 1.592
16.257 12.283 1.580
16.256 12.309 1.566
16.255 12.334 1.551
16.255 12.359 1.534
16.255 12.384 1.516
16.256 12.409 1.497
16.257 12.434 1.477
16.258 12.459 1.455
16.260 12.484 1.431
16.263 12.509 1.404
16.267 12.534 1.376
16.271 12.559 1.346
16.277 12.583 1.313
16.283 12.608 1.278
16.291 12.632 1.240
16.299 12.657 1.201
16.308 12.680 1.159
16.318 12.704 1.114
16.329 12.727 1.068
16.341 12.750 1.020
16.354 12.772 0.969
16.368 12.794 0.920
16.383 12.815 0.872
16.398 12.835 0.827
16.415 12.854 0.783
16.432 12.873 0.740
16.450 12.890 0.699
16.469 12.907 0.659
16.488 12.922 0.619
16.509 12.937 0.579
16.530 12.950 0.540
16.552 12.963 0.501
16.574 12.974 0.461
16.597 12.985 0.421
16.620 12.995 0.381
16.644 13.003 0.342
16.668 13.011 0.305
16.693 13.019 0.269
16.717 13.025 0.235
16.742 13.031 0.203
16.767 13.036 0.172
16.793 13.040 0.144
16.818 13.044 0.117
16.843 13.048 0.093
16.868 13.051 0.070
16.893 13.053 0.050
16.919 13.055 0.031
16.944 13.056 0.014
16.969 13.057 -0.001
16.994 13.058 -0.014
17.019 13.059 -0.026
17.044 13.059 -0.035
17.069 13.059 -0.043
17.094 13.059 -0.049
17.119 13.058 -0.053
17.144 13.058 -0.055
17.169 13.057 -0.056
17.194 13.056 -0.055
17.219 13.056 -0.052
17.244 13.055 -0.047
17.269 13.054 -0.042
17.294 13.054 -0.036
17.319 13.053 -0.031
17.344 13.052 -0.027
17.369 13.051 -0.022
17.394 13.051 -0.018
17.419 13.050 -0.014
17.444 13.049 -0.011
17.469 13.049 -0.007
17.494 13.048 -0.004
17.519 13.047 -0.001
17.544 13.047 0.001
17.569 13.046 0.003
17.594 13.046 0.005
17.619 13.045 0.007
17.644 13.045 0.008
17.669 13.045 0.009
17.695 13.044 0.010
17.720 13.044 0.010
17.745 13.044 0.011
17.770 13.044 0.010
17.795 13.044 0.010
17.820 13.044 0.009
17.845 13.044 0.008
17.870 13.044 0.007
17.895 13.045 0.005
17.920 13.045 0.003
17.945 13.045 0.001
17.970 13.046 -0.001
17.970 13.046 -0.002
17.995 13.046 -0.004
18.020 13.045 -0.005
18.045 13.045 -0.007
18.070 13.045 -0.008
18.095 13.045 -0.008
18.120 13.045 -0.009
18.145 13.045 -0.010
18.170 13.045 -0.010
18.195 13.045 -0.010
18.220 13.045 -0.010
18.245 13.045 -0.010
18.270 13.046 -0.010
18.295 13.046 -0.009
18.320 13.046 -0.008
18.345 13.046 -0.008
18.370 13.046 -0.007
18.395 13.046 -0.006
18.420 13.046 -0.004
18.445 13.047 -0.003
18.470 13.047 -0.001
18.495 13.047 0.001
18.521 13.047 0.003
18.546 13.047 0.005
18.571 13.047 0.007
18.596 13.047 0.009
18.621 13.047 0.010
18.645 13.047 0.012
18.670 13.047 0.013
18.695 13.046 0.014
18.720 13.046 0.014
18.745 13.046 0.015
18.770 13.045 0.015
18.795 13.045 0.015
18.819 13.045 0.015
18.844 13.044 0.014
18.869 13.044 0.014
18.894 13.044 0.013
18.919 13.043 0.012
18.944 13.043 0.010
18.969 13.043 0.009
18.994 13.043 0.007
19.019 13.043 0.005
19.044 13.044 0.003
19.069 13.045 0.000
19.095 13.045 -0.002
19.120 13.046 -0.005
19.146 13.048 -0.008
19.172 13.049 -0.012
19.197 13.050 -0.015
19.223 13.052 -0.019
19.249 13.053 -0.026
19.274 13.053 -0.036
19.300 13.053 -0.051
19.325 13.053 -0.071
19.350 13.052 -0.095
19.375 13.050 -0.124
19.400 13.047 -0.158
19.424 13.043 -0.197
19.448 13.038 -0.240
19.471 13.032 -0.289
19.494 13.024 -0.341
19.517 13.015 -0.398
19.539 13.005 -0.458
19.561 12.993 -0.517
19.582 12.981 -0.571
19.602 12.967 -0.622
19.622 12.952 -0.669
19.642 12.936 -0.712
19.661 12.919 -0.752
19.680 12.901 -0.789
19.698 12.883 -0.824
19.716 12.864 -0.856
19.733 12.844 -0.887
19.750 12.824 -0.915
19.766 12.804 -0.943
19.782 12.783 -0.969
19.797 12.762 -0.995
19.812 12.741 -1.022
19.826 12.719 -1.049
19.840 12.698 -1.077
19.853 12.676 -1.106
19.865 12.653 -1.136
19.877 12.631 -1.167
19.888 12.608 -1.198
19.898 12.585 -1.230
19.907 12.562 -1.263
19.915 12.539 -1.297
19.923 12.515 -1.332
19.930 12.492 -1.368
19.936 12.468 -1.403
19.940 12.443 -1.435
19.944 12.419 -1.465
19.947 12.395 -1.493
19.950 12.370 -1.517
19.951 12.345 -1.540
19.952 12.320 -1.559
19.952 12.295 -1.576
19.952 12.270 -1.591
19.951 12.245 -1.603
19.950 12.220 -1.613
19.948 12.195 -1.620
19.947 12.170 -1.624
19.945 12.144 -1.627
19.943 12.119 -1.628
19.942 12.094 -1.628
19.940 12.068 -1.627
19.939 12.043 -1.624
19.938 12.018 -1.620
19.937 11.993 -1.615
19.936 11.968 -1.608
19.935 11.943 -1.600
19.935 11.918 -1.590
19.935 11.893 -1.579
19.935 11.868 -1.567
19.935 11.843 -1.554
19.935 11.818 -1.541
19.936 11.793 -1.530
19.937 11.768 -1.521
19.937 11.743 -1.515
19.938 11.718 -1.511
19.940 11.693 -1.509
19.941 11.668 -1.509
19.942 11.643 -1.511
19.944 11.619 -1.515
19.945 11.594 -1.522
19.947 11.569 -1.530
19.948 11.544 -1.541
19.949 11.519 -1.554
19.949 11.494 -1.569
19.950 11.469 -1.585
19.950 11.444 -1.603
19.949 11.419 -1.624
19.948 11.394 -1.646
19.947 11.369 -1.670
19.945 11.344 -1.697
19.942 11.318 -1.726
19.938 11.293 -1.757
19.934 11.268 -1.791
19.928 11.243 -1.827
19.922 11.218 -1.866
19.915 11.193 -1.907
19.907 11.168 -1.951
19.898 11.144 -1.996
19.889 11.120 -2.042
19.878 11.097 -2.087
19.867 11.074 -2.133
19.854 11.052 -2.179
19.841 11.031 -2.226
19.827 11.010 -2.272
19.811 10.990 -2.319
19.795 10.972 -2.367
19.778 10.954 -2.415
19.760 10.937 -2.463
19.740 10.922 -2.512
19.720 10.907 -2.562
19.699 10.893 -2.610
19.678 10.881 -2.655
19.656 10.869 -2.697
19.633 10.858 -2.736
19.609 10.848 -2.772
19.586 10.839 -2.806
19.561 10.830 -2.837
19.537 10.822 -2.867
19.512 10.815 -2.894
19.487 10.808 -2.919
19.462 10.803 -2.942
19.437 10.797 -2.964
19.412 10.793 -2.984
19.387 10.788 -3.003
19.362 10.785 -3.021
19.337 10.781 -3.037
19.312 10.779 -3.053
19.287 10.776 -3.067
19.262 10.774 -3.080
19.237 10.772 -3.092
19.212 10.771 -3.102
19.187 10.769 -3.111
19.162 10.768 -3.119
19.138 10.768 -3.125
19.113 10.767 -3.130
19.088 10.766 -3.133
19.063 10.766 -3.136
19.038 10.766 -3.138
19.013 10.765 -3.140
18.988 10.765 -3.142
18.963 10.765 -3.144
18.938 10.765 -3.145
18.913 10.765 -3.147
18.888 10.765 -3.148
18.863 10.765 -3.148
18.838 10.765 -3.149
18.813 10.765 -3.149
18.788 10.765 -3.149
18.763 10.765 -3.149
18.738 10.765 -3.149
18.713 10.766 -3.149
18.688 10.766 -3.148
18.663 10.766 -3.147
18.638 10.766 -3.146
18.613 10.767 -3.144
18.588 10.767 -3.143
18.563 10.767 -3.141
18.538 10.767 -3.139
18.513 10.767 -3.137
18.488 10.767 -3.134
18.463 10.768 -3.132
18.438 10.768 -3.129
18.413 10.768 -3.126
18.388 10.767 -3.123
18.363 10.767 -3.120
18.338 10.767 -3.118
18.313 10.766 -3.116
18.288 10.766 -3.115
18.263 10.765 -3.114
18.238 10.765 -3.114
18.213 10.764 -3.114
18.188 10.763 -3.114
18.163 10.762 -3.115
18.138 10.761 -3.117
18.113 10.760 -3.119
18.088 10.759 -3.121
18.063 10.759 -3.124
18.038 10.758 -3.127
18.013 10.757 -3.130
17.988 10.757 -3.135
17.963 10.756 -3.139
17.938 10.756 -3.144
17.913 10.756 -3.150
17.888 10.756 -3.155
17.863 10.756 -3.162
17.838 10.757 -3.169
17.813 10.758 -3.176
17.787 10.759 -3.184
17.762 10.760 -3.192
17.737 10.761 -3.200
17.712 10.762 -3.207
17.687 10.764 -3.213
17.662 10.765 -3.218
17.637 10.767 -3.222
17.613 10.769 -3.225
17.588 10.771 -3.227
17.563 10.773 -3.228
17.538 10.775 -3.228
17.514 10.778 -3.227
17.489 10.780 -3.225
17.465 10.782 -3.222
17.440 10.785 -3.218
17.416 10.787 -3.214
17.391 10.789 -3.208
17.366 10.791 -3.201
17.342 10.793 -3.193
17.317 10.795 -3.185
17.292 10.796 -3.175
17.267 10.797 -3.165
17.242 10.797 -3.154
17.216 10.798 -3.142
17.190 10.797 -3.129
17.165 10.797 -3.116
17.138 10.795 -3.101
17.112 10.794 -3.086
17.085 10.791 -3.071
17.058 10.789 -3.059
17.032 10.787 -3.054
17.005 10.785 -3.057
16.978 10.782 -3.067
16.952 10.781 -3.084
16.926 10.780 -3.110
16.900 10.779 -3.145
16.875 10.780 -3.190
16.850 10.781 -3.246
16.826 10.784 -3.314
16.802 10.788 -3.395
16.779 10.793 -3.491
16.757 10.800 -3.599
16.736 10.808 -3.708
16.715 10.819 -3.803
16.696 10.831 -3.882
16.678 10.845 -3.946
16.660 10.861 -3.996
16.643 10.878 -4.033
16.626 10.896 -4.057
16.610 10.915 -4.071
16.594 10.934 -4.073
16.578 10.955 -4.065
16.562 10.975 -4.047
16.546 10.996 -4.019
16.530 11.017 -3.981
16.514 11.037 -3.937
16.497 11.057 -3.895
16.479 11.077 -3.853
16.461 11.095 -3.812
16.442 11.112 -3.772
16.422 11.129 -3.732
16.402 11.144 -3.692
16.381 11.158 -3.653
16.359 11.171 -3.613
16.337 11.183 -3.574
16.314 11.194 -3.535
16.291 11.204 -3.496
16.267 11.213 -3.456
16.243 11.221 -3.416
16.218 11.228 -3.376
16.193 11.234 -3.335
16.168 11.239 -3.293
16.143 11.243 -3.250
16.117 11.245 -3.206
16.092 11.247 -3.161
16.066 11.248 -3.114
16.040 11.248 -3.067
16.015 11.246 -3.018
15.989 11.244 -2.967
15.963 11.241 -2.915
15.938 11.236 -2.862
15.913 11.231 -2.810
15.889 11.224 -2.761
15.864 11.217 -2.716
15.841 11.208 -2.674
15.817 11.199 -2.636
15.794 11.188 -2.601
15.772 11.176 -2.570
15.751 11.163 -2.543
15.730 11.149 -2.518
15.710 11.134 -2.496
15.690 11.118 -2.478
15.671 11.102 -2.462
15.653 11.084 -2.449
15.634 11.067 -2.440
15.616 11.049 -2.435
15.598 11.031 -2.435
15.580 11.014 -2.439
15.562 10.996 -2.448
15.544 10.979 -2.461
15.525 10.962 -2.480
15.506 10.946 -2.503
15.487 10.931 -2.532
15.467 10.917 -2.566
15.446 10.904 -2.605
15.425 10.892 -2.651
15.403 10.881 -2.701
15.380 10.872 -2.754
15.357 10.864 -2.803
15.333 10.856 -2.848
15.309 10.849 -2.889
15.285 10.844 -2.927
15.260 10.838 -2.960
15.235 10.834 -2.990
15.209 10.830 -3.016
15.184 10.827 -3.038
15.158 10.824 -3.056
15.133 10.821 -3.071
15.107 10.818 -3.082
15.081 10.816 -3.090
15.056 10.814 -3.095
15.031 10.812 -3.098
15.005 10.810 -3.100
14.980 10.808 -3.103
14.955 10.806 -3.105
14.930 10.805 -3.107
14.905 10.803 -3.108
14.880 10.802 -3.110
14.855 10.801 -3.111
14.831 10.799 -3.112
14.806 10.799 -3.113
14.781 10.798 -3.114
14.756 10.797 -3.114
14.732 10.796 -3.115
14.707 10.796 -3.115
14.682 10.796 -3.115
14.657 10.796 -3.115
14.632 10.796 -3.116
14.607 10.796 -3.116
14.582 10.796 -3.117
14.557 10.796 -3.118
14.532 10.797 -3.118
14.507 10.797 -3.119
14.482 10.797 -3.120
14.457 10.797 -3.121
14.432 10.797 -3.122
14.407 10.797 -3.123
14.382 10.797 -3.125
14.357 10.797 -3.126
14.332 10.796 -3.128
14.307 10.796 -3.129
14.282 10.795 -3.131
14.257 10.794 -3.132
14.232 10.792 -3.134
14.207 10.791 -3.136
14.182 10.790 -3.138
14.156 10.789 -3.139
14.131 10.788 -3.141
14.106 10.786 -3.143
14.082 10.786 -3.145
14.057 10.785 -3.148
14.032 10.785 -3.151
14.007 10.784 -3.154
13.982 10.785 -3.158
13.957 10.785 -3.163
13.932 10.786 -3.169
13.907 10.788 -3.175
13.882 10.790 -3.183
13.857 10.792 -3.199
13.832 10.795 -3.233
13.808 10.797 -3.350
13.783 10.800 -3.441
13.758 10.803 -3.255
13.794 10.799 -3.225
13.761 10.803 -3.232
13.728 10.807 -3.237
13.695 10.811 -3.239
13.662 10.816 -3.239
13.629 10.819 -3.237
13.596 10.823 -3.232
13.562 10.826 -3.226
13.529 10.828 -3.217
13.496 10.830 -3.206
13.463 10.831 -3.194
13.429 10.832 -3.179
13.396 10.832 -3.161
13.363 10.832 -3.142
13.330 10.831 -3.123
13.296 10.830 -3.107
13.263 10.829 -3.095
13.230 10.828 -3.085
13.196 10.827 -3.078
13.163 10.825 -3.074
13.130 10.824 -3.074
13.096 10.822 -3.076
13.063 10.821 -3.081
13.030 10.819 -3.089
12.996 10.818 -3.100
12.963 10.817 -3.115
12.930 10.816 -3.132
12.896 10.815 -3.149
12.863 10.815 -3.166
12.830 10.815 -3.180
12.797 10.816 -3.193
12.763 10.817 -3.205
12.730 10.819 -3.214
12.697 10.821 -3.223
12.664 10.823 -3.229
12.631 10.825 -3.234
12.597 10.828 -3.238
12.564 10.831 -3.240
12.531 10.835 -3.240
12.498 10.838 -3.239
12.465 10.841 -3.237
12.432 10.845 -3.236
12.398 10.848 -3.235
12.365 10.852 -3.235
12.332 10.855 -3.236
12.299 10.859 -3.237
12.266 10.862 -3.239
12.233 10.865 -3.241
12.200 10.869 -3.245
12.167 10.872 -3.248
12.134 10.876 -3.253
12.100 10.879 -3.258
12.067 10.883 -3.263
12.034 10.887 -3.270
12.001 10.890 -3.277
11.968 10.894 -3.284
11.935 10.898 -3.292
11.902 10.903 -3.301
11.869 10.907 -3.311
11.836 10.912 -3.321
11.803 10.917 -3.331
11.770 10.923 -3.343
11.737 10.929 -3.355
11.705 10.936 -3.367
11.672 10.943 -3.380
11.640 10.951 -3.394
11.608 10.960 -3.408
11.576 10.969 -3.422
11.544 10.978 -3.436
11.512 10.988 -3.449
11.481 10.999 -3.462
11.449 11.010 -3.474
11.418 11.021 -3.486
11.386 11.033 -3.497
11.355 11.045 -3.507
11.324 11.057 -3.518
11.293 11.069 -3.527
11.262 11.081 -3.536
11.231 11.093 -3.545
11.200 11.106 -3.553
11.169 11.119 -3.561
11.139 11.132 -3.568
11.108 11.145 -3.575
11.077 11.158 -3.582
11.047 11.171 -3.588
11.017 11.185 -3.593
10.986 11.199 -3.598
10.956 11.213 -3.603
10.926 11.227 -3.607
10.896 11.242 -3.611
10.866 11.257 -3.614
10.837 11.272 -3.617
10.807 11.287 -3.620
10.778 11.303 -3.622
10.748 11.319 -3.624
10.719 11.335 -3.626
10.690 11.351 -3.628
10.661 11.367 -3.630
10.632 11.383 -3.632
10.603 11.400 -3.633
10.574 11.417 -3.635
10.545 11.434 -3.636
10.517 11.451 -3.638
10.488 11.467 -3.639
10.459 11.484 -3.640
10.431 11.501 -3.641
10.402 11.518 -3.642
10.373 11.535 -3.642
10.344 11.551 -3.643
10.315 11.567 -3.643
10.286 11.583 -3.644
10.256 11.599 -3.644
10.227 11.614 -3.644
10.197 11.629 -3.644
10.167 11.644 -3.644
10.137 11.658 -3.644
10.107 11.673 -3.643
10.078 11.688 -3.643
10.048 11.702 -3.642
10.018 11.717 -3.641
9.988 11.732 -3.640
9.958 11.747 -3.638
9.928 11.762 -3.636
9.899 11.777 -3.633
9.869 11.793 -3.630
9.840 11.809 -3.626
9.811 11.824 -3.622
9.782 11.840 -3.618
9.752 11.856 -3.613
9.723 11.872 -3.607
9.694 11.888 -3.601
9.664 11.903 -3.595
9.635 11.918 -3.588
9.605 11.934 -3.581
9.575 11.948 -3.573
9.545 11.963 -3.565
9.515 11.977 -3.556
9.485 11.991 -3.547
9.454 12.004 -3.537
9.424 12.018 -3.527
9.393 12.031 -3.516
9.362 12.043 -3.505
9.331 12.056 -3.494
9.300 12.068 -3.482
9.269 12.079 -3.469
9.237 12.091 -3.456
9.206 12.102 -3.444
9.174 12.112 -3.432
9.142 12.122 -3.420
9.110 12.132 -3.408
9.078 12.141 -3.397
9.046 12.150 -3.386
9.014 12.159 -3.375
8.981 12.166 -3.364
8.949 12.173 -3.354
8.916 12.180 -3.344
8.884 12.185 -3.334
8.851 12.190 -3.324
8.818 12.195 -3.315
8.785 12.199 -3.306
8.752 12.202 -3.297
8.718 12.205 -3.288
8.685 12.208 -3.280
8.652 12.211 -3.272
8.619 12.214 -3.264
8.586 12.217 -3.256
8.552 12.220 -3.249
8.519 12.224 -3.242
8.486 12.228 -3.235
8.453 12.232 -3.228
8.420 12.237 -3.222
8.387 12.242 -3.216
8.354 12.247 -3.210
8.321 12.252 -3.204
8.288 12.257 -3.199
8.255 12.262 -3.194
8.222 12.266 -3.190
8.189 12.270 -3.185
8.156 12.274 -3.182
8.123 12.277 -3.178
8.090 12.279 -3.175
8.057 12.280 -3.172
8.024 12.281 -3.170
7.990 12.282 -3.168
7.957 12.282 -3.166
7.924 12.282 -3.165
7.890 12.281 -3.164
7.857 12.280 -3.163
7.823 12.279 -3.162
7.790 12.278 -3.162
7.757 12.277 -3.163
7.724 12.275 -3.163
7.690 12.274 -3.164
7.657 12.273 -3.166
7.624 12.272 -3.167
7.591 12.272 -3.169
7.557 12.271 -3.172
7.524 12.271 -3.175
7.491 12.271 -3.176
7.458 12.272 -3.176
7.424 12.273 -3.173
7.391 12.274 -3.168
7.357 12.276 -3.160
7.324 12.278 -3.150
7.290 12.281 -3.138
7.256 12.284 -3.123
7.223 12.286 -3.107
7.189 12.288 -3.088
7.155 12.289 -3.067
7.122 12.290 -3.044
7.089 12.289 -3.019
7.056 12.287 -2.990
7.023 12.284 -2.959
6.991 12.278 -2.932
6.958 12.271 -2.912
6.927 12.262 -2.885
6.805 12.218 -2.811
6.782 12.210 -2.741
6.758 12.202 -2.800
6.734 12.195 -2.910
6.710 12.188 -3.035
6.686 12.183 -3.119
6.661 12.179 -3.161
6.637 12.176 -3.171
6.612 12.174 -3.167
6.587 12.173 -3.164
6.562 12.172 -3.160
6.537 12.172 -3.157
6.512 12.173 -3.154
6.487 12.174 -3.151
6.462 12.176 -3.148
6.436 12.177 -3.146
6.411 12.179 -3.143
6.386 12.181 -3.141
6.361 12.183 -3.139
6.335 12.185 -3.137
6.310 12.187 -3.135
6.285 12.188 -3.134
6.260 12.189 -3.133
6.235 12.190 -3.131
6.210 12.190 -3.130
6.185 12.190 -3.130
6.160 12.191 -3.129
6.135 12.190 -3.128
6.110 12.190 -3.128
6.085 12.190 -3.128
6.060 12.189 -3.128
6.035 12.189 -3.128
6.010 12.188 -3.129
5.985 12.187 -3.129
5.960 12.187 -3.130
5.935 12.186 -3.131
5.910 12.185 -3.131
5.885 12.184 -3.132
5.860 12.183 -3.133
5.835 12.183 -3.133
5.810 12.182 -3.134
5.785 12.181 -3.134
5.760 12.180 -3.135
5.735 12.180 -3.136
5.710 12.179 -3.136
5.685 12.178 -3.137
5.660 12.178 -3.137
5.635 12.177 -3.138
5.610 12.177 -3.138
5.585 12.176 -3.139
5.560 12.176 -3.139
5.535 12.176 -3.140
5.510 12.176 -3.140
5.485 12.175 -3.141
5.460 12.175 -3.141
5.435 12.175 -3.141
5.410 12.175 -3.142
5.385 12.175 -3.142
5.360 12.176 -3.143
5.335 12.176 -3.143
5.310 12.176 -3.143
5.285 12.176 -3.144
5.260 12.176 -3.144
5.235 12.176 -3.144
5.210 12.176 -3.145
5.185 12.176 -3.145
5.160 12.176 -3.145
5.135 12.176 -3.145
5.110 12.176 -3.146
5.085 12.176 -3.146
5.060 12.176 -3.146
5.035 12.175 -3.146
5.010 12.175 -3.146
4.985 12.175 -3.147
4.960 12.175 -3.147
4.935 12.175 -3.147
4.910 12.175 -3.147
4.885 12.175 -3.147
4.860 12.175 -3.147
4.835 12.176 -3.147
4.810 12.176 -3.148
4.785 12.176 -3.148
4.760 12.177 -3.148
4.735 12.177 -3.148
4.710 12.178 -3.148
4.685 12.179 -3.148
4.660 12.179 -3.148
4.635 12.180 -3.148
4.610 12.181 -3.148
4.585 12.182 -3.148
4.560 12.183 -3.148
4.535 12.183 -3.148
4.510 12.184 -3.148
4.485 12.185 -3.148
4.460 12.185 -3.147
4.435 12.186 -3.147
4.410 12.186 -3.147
4.385 12.186 -3.147
4.360 12.187 -3.147
4.335 12.187 -3.147
4.310 12.187 -3.147
4.285 12.187 -3.146
4.260 12.187 -3.146
4.235 12.187 -3.146
4.210 12.187 -3.146
4.185 12.187 -3.146
4.160 12.186 -3.145
4.135 12.186 -3.145
4.110 12.186 -3.145
4.085 12.186 -3.145
4.060 12.186 -3.144
4.035 12.186 -3.144
4.010 12.186 -3.144
3.985 12.186 -3.143
3.960 12.186 -3.143
3.935 12.186 -3.143
3.910 12.186 -3.142
3.885 12.187 -3.142
3.860 12.187 -3.141
3.835 12.187 -3.141
3.810 12.187 -3.141
3.785 12.187 -3.140
3.760 12.187 -3.140
3.735 12.187 -3.139
3.710 12.187 -3.139
3.685 12.186 -3.138
3.660 12.186 -3.138
3.635 12.186 -3.137
3.610 12.185 -3.137
3.585 12.185 -3.136
3.560 12.184 -3.136
3.535 12.183 -3.135
3.510 12.183 -3.135
3.485 12.182 -3.134
3.460 12.181 -3.133
3.435 12.180 -3.133
3.410 12.179 -3.132
3.385 12.179 -3.131
3.360 12.178 -3.131
3.335 12.177 -3.130
3.310 12.177 -3.130
3.285 12.176 -3.129
3.260 12.176 -3.129
3.235 12.175 -3.128
3.210 12.175 -3.128
3.185 12.175 -3.128
3.160 12.175 -3.127
3.135 12.175 -3.127
3.110 12.175 -3.127
3.085 12.175 -3.127
3.060 12.175 -3.127
3.035 12.175 -3.127
3.010 12.175 -3.128
2.985 12.175 -3.128
2.960 12.175 -3.128
2.935 12.176 -3.128
2.910 12.176 -3.129
2.885 12.176 -3.129
2.860 12.176 -3.130
2.835 12.176 -3.130
2.810 12.177 -3.131
2.785 12.177 -3.132
2.760 12.177 -3.133
2.735 12.177 -3.133
2.710 12.177 -3.134
2.685 12.177 -3.135
2.660 12.177 -3.136
2.635 12.177 -3.137
2.610 12.177 -3.138
2.585 12.177 -3.140
2.560 12.177 -3.141
2.535 12.176 -3.142
2.510 12.176 -3.143
2.510 12.176 -3.144
2.485 12.175 -3.145
2.460 12.174 -3.147
2.435 12.174 -3.148
2.410 12.174 -3.149
2.384 12.173 -3.150
2.359 12.173 -3.152
2.334 12.173 -3.153
2.309 12.173 -3.154
2.284 12.173 -3.155
2.259 12.174 -3.157
2.234 12.174 -3.158
2.209 12.174 -3.159
2.184 12.175 -3.161
2.158 12.175 -3.162
2.133 12.176 -3.163
2.108 12.177 -3.165
2.083 12.177 -3.166
2.058 12.178 -3.167
2.033 12.179 -3.169
2.008 12.179 -3.169
1.983 12.180 -3.169
1.958 12.181 -3.169
1.933 12.182 -3.169
1.908 12.182 -3.168
1.882 12.183 -3.166
1.857 12.184 -3.164
1.832 12.184 -3.162
1.807 12.185 -3.160
1.782 12.185 -3.156
1.757 12.186 -3.153
1.732 12.186 -3.149
1.707 12.187 -3.145
1.682 12.187 -3.140
1.656 12.187 -3.135
1.631 12.187 -3.129
1.606 12.187 -3.123
1.581 12.186 -3.117
1.556 12.186 -3.110
1.531 12.185 -3.102
1.506 12.185 -3.095
1.481 12.183 -3.086
1.456 12.182 -3.078
1.431 12.181 -3.069
1.405 12.179 -3.059
1.380 12.177 -3.049
1.355 12.175 -3.038
1.330 12.172 -3.026
1.305 12.169 -3.012
1.280 12.166 -2.997
1.255 12.162 -2.980
1.230 12.158 -2.962
1.206 12.154 -2.942
1.181 12.149 -2.921
1.156 12.143 -2.899
1.132 12.138 -2.875
1.108 12.131 -2.850
1.083 12.124 -2.823
1.059 12.117 -2.795
1.035 12.109 -2.767
1.012 12.100 -2.738
0.988 12.091 -2.711
0.965 12.081 -2.683
0.942 12.071 -2.656
0.919 12.060 -2.629
0.896 12.048 -2.603
0.874 12.036 -2.577
0.852 12.023 -2.551
0.831 12.009 -2.525
0.810 11.995 -2.500
0.789 11.981 -2.475
0.769 11.966 -2.450
0.749 11.950 -2.425
0.730 11.933 -2.401
0.711 11.917 -2.377
0.693 11.899 -2.353
0.675 11.881 -2.330
0.659 11.863 -2.307
0.642 11.844 -2.284
0.627 11.824 -2.262
0.611 11.804 -2.240
0.597 11.784 -2.218
0.582 11.764 -2.196
0.568 11.743 -2.175
0.555 11.721 -2.153
0.542 11.700 -2.132
0.529 11.678 -2.111
0.517 11.656 -2.090
0.505 11.633 -2.069
0.493 11.611 -2.048
0.481 11.588 -2.028
0.470 11.566 -2.007
0.459 11.543 -1.986
0.447 11.520 -1.965
0.437 11.497 -1.944
0.426 11.474 -1.923
0.416 11.451 -1.902
0.406 11.427 -1.881
0.396 11.404 -1.859
0.387 11.380 -1.838
0.379 11.357 -1.817
0.371 11.333 -1.797
0.363 11.309 -1.778
0.356 11.285 -1.759
0.350 11.261 -1.741
0.344 11.237 -1.723
0.339 11.212 -1.706
0.335 11.188 -1.690
0.332 11.163 -1.674
0.329 11.138 -1.659
0.326 11.113 -1.645
0.325 11.088 -1.632
0.323 11.063 -1.619
0.323 11.038 -1.607
0.323 11.013 -1.595
0.323 10.987 -1.584
0.323 10.962 -1.574
0.324 10.937 -1.565
0.325 10.912 -1.556
0.327 10.886 -1.548
0.328 10.861 -1.540
0.330 10.836 -1.534
0.332 10.811 -1.528
0.334 10.786 -1.522
0.336 10.760 -1.517
0.338 10.735 -1.513
0.340 10.710 -1.509
0.342 10.685 -1.506
0.345 10.660 -1.503
0.347 10.636 -1.500
0.349 10.611 -1.498
0.351 10.586 -1.497
0.353 10.561 -1.496
0.354 10.536 -1.495
0.356 10.511 -1.494
0.358 10.486 -1.494
0.359 10.461 -1.495
0.361 10.436 -1.496
0.362 10.411 -1.497
0.363 10.386 -1.499
0.364 10.361 -1.501
0.365 10.336 -1.504
0.366 10.310 -1.507
0.367 10.285 -1.511
0.368 10.260 -1.515
0.368 10.235 -1.519
0.369 10.210 -1.524
0.370 10.185 -1.529
0.370 10.160 -1.535
0.371 10.135 -1.541
0.371 10.110 -1.548
0.371 10.085 -1.554
0.371 10.060 -1.561
0.372 10.035 -1.567
0.372 10.009 -1.572
0.372 9.984 -1.578
0.372 9.959 -1.582
0.372 9.934 -1.587
0.372 9.909 -1.591
0.371 9.884 -1.595
0.371 9.859 -1.599
0.371 9.834 -1.602
0.371 9.808 -1.605
0.370 9.783 -1.607
0.370 9.758 -1.610
0.369 9.733 -1.612
0.369 9.708 -1.613
0.368 9.683 -1.614
0.368 9.657 -1.615
0.367 9.632 -1.616
0.367 9.607 -1.616
0.366 9.582 -1.616
0.365 9.557 -1.615
0.364 9.532 -1.614
0.364 9.507 -1.613
0.363 9.481 -1.612
0.362 9.456 -1.610
0.361 9.431 -1.608
0.361 9.406 -1.606
0.360 9.381 -1.604
0.359 9.356 -1.602
0.358 9.330 -1.600
0.357 9.305 -1.599
0.357 9.280 -1.597
0.356 9.255 -1.596
0.355 9.230 -1.594
0.354 9.205 -1.593
0.353 9.180 -1.591
0.352 9.154 -1.590
0.351 9.129 -1.589
0.351 9.104 -1.587
0.350 9.079 -1.586
0.349 9.054 -1.585
0.348 9.029 -1.584
0.347 9.004 -1.583
0.347 8.979 -1.582
0.346 8.954 -1.582
0.345 8.928 -1.581
0.344 8.903 -1.580
0.344 8.878 -1.580
0.343 8.853 -1.579
0.342 8.828 -1.579
0.342 8.803 -1.578
0.341 8.778 -1.578
0.341 8.753 -1.577
0.340 8.728 -1.577
0.340 8.703 -1.577
0.340 8.678 -1.577
0.339 8.652 -1.577
0.339 8.627 -1.577
0.339 8.602 -1.577
0.338 8.577 -1.577
0.338 8.552 -1.577
0.338 8.527 -1.577
0.338 8.502 -1.578
0.338 8.477 -1.578
0.338 8.452 -1.579
0.339 8.427 -1.579
0.339 8.401 -1.580
0.339 8.376 -1.580
0.340 8.351 -1.581
0.340 8.326 -1.582
0.340 8.326 -1.583
0.342 8.300 -1.584
0.343 8.273 -1.585
0.344 8.247 -1.586
0.345 8.222 -1.587
0.345 8.196 -1.588
0.345 8.171 -1.589
0.345 8.146 -1.591
0.345 8.121 -1.592
0.345 8.096 -1.592
0.344 8.072 -1.592
0.343 8.047 -1.591
0.343 8.023 -1.590
0.342 7.999 -1.588
0.341 7.975 -1.585
0.340 7.950 -1.582
0.339 7.926 -1.578
0.339 7.902 -1.573
0.338 7.878 -1.568
0.337 7.854 -1.562
0.337 7.829 -1.556
0.336 7.805 -1.549
0.336 7.781 -1.542
0.336 7.756 -1.534
0.336 7.731 -1.526
0.336 7.707 -1.517
0.337 7.682 -1.508
0.338 7.656 -1.498
0.339 7.631 -1.488
0.341 7.605 -1.478
0.343 7.579 -1.467
0.345 7.553 -1.456
0.348 7.527 -1.445
0.351 7.500 -1.434
0.354 7.473 -1.422
0.358 7.445 -1.410
0.363 7.418 -1.398
0.368 7.390 -1.386
0.373 7.362 -1.373
0.379 7.334 -1.360
0.385 7.306 -1.347
0.392 7.277 -1.333
0.399 7.249 -1.319
0.407 7.221 -1.304
0.415 7.193 -1.288
0.423 7.165 -1.272
0.432 7.137 -1.256
0.442 7.109 -1.238
0.452 7.081 -1.220
0.462 7.054 -1.201
0.473 7.027 -1.182
0.484 7.000 -1.161
0.495 6.974 -1.139
0.507 6.948 -1.117
0.520 6.922 -1.093
0.533 6.897 -1.068
0.546 6.873 -1.041
0.560 6.849 -1.014
0.574 6.825 -0.985
0.589 6.802 -0.954
0.604 6.780 -0.922
0.619 6.759 -0.889
0.635 6.738 -0.855
0.652 6.718 -0.819
0.668 6.699 -0.781
0.686 6.681 -0.741
0.703 6.663 -0.699
0.721 6.647 -0.654
0.740 6.631 -0.608
0.759 6.617 -0.558
0.778 6.603 -0.506
0.798 6.591 -0.450
0.818 6.579 -0.392
0.839 6.569 -0.331
0.860 6.560 -0.270
0.881 6.552 -0.213
0.903 6.546 -0.160
0.926 6.541 -0.112
0.948 6.537 -0.069
0.972 6.534 -0.030
0.995 6.533 0.004
1.019 6.533 0.033
1.043 6.534 0.058
1.068 6.536 0.079
1.093 6.538 0.095
1.118 6.542 0.108
1.143 6.545 0.116
1.168 6.549 0.121
1.194 6.553 0.123
1.219 6.557 0.122
1.245 6.561 0.119
1.270 6.564 0.113
1.296 6.567 0.103
1.321 6.569 0.092
1.347 6.570 0.077
1.372 6.571 0.060
1.398 6.572 0.039
1.423 6.572 0.017
1.448 6.571 -0.009
1.473 6.570 -0.037
1.498 6.569 -0.064
1.523 6.568 -0.086
1.548 6.566 -0.103
1.573 6.564 -0.115
1.597 6.562 -0.122
1.622 6.560 -0.124
1.647 6.558 -0.121
1.671 6.556 -0.114
1.696 6.554 -0.103
1.720 6.552 -0.086
1.745 6.550 -0.065
1.769 6.548 -0.039
1.794 6.547 -0.008
1.819 6.546 0.022
1.844 6.545 0.047
1.869 6.545 0.066
1.895 6.545 0.081
1.921 6.546 0.090
1.947 6.547 0.094
1.974 6.549 0.093
2.001 6.551 0.087
2.028 6.553 0.075
2.055 6.555 0.058
2.082 6.557 0.034
2.109 6.559 0.005
2.135 6.560 -0.031
2.161 6.561 -0.072
2.187 6.561 -0.118
2.212 6.560 -0.169
2.236 6.557 -0.224
2.259 6.554 -0.285
2.282 6.549 -0.351
2.303 6.542 -0.422
2.323 6.534 -0.499
2.342 6.524 -0.580
2.360 6.511 -0.665
2.376 6.497 -0.753
2.392 6.482 -0.842
2.406 6.464 -0.931
2.419 6.446 -1.014
2.431 6.425 -1.087
2.442 6.404 -1.150
2.452 6.381 -1.205
2.461 6.358 -1.254
2.469 6.333 -1.296
2.477 6.307 -1.334
2.484 6.281 -1.367
2.490 6.254 -1.396
2.495 6.226 -1.423
2.500 6.198 -1.446
2.504 6.170 -1.467
2.507 6.141 -1.486
2.510 6.113 -1.504
2.513 6.084 -1.520
2.515 6.055 -1.534
2.517 6.027 -1.547
2.518 5.998 -1.559
2.519 5.970 -1.568
2.520 5.943 -1.576
2.521 5.916 -1.583
2.522 5.890 -1.587
2.522 5.864 -1.590
2.522 5.838 -1.590
2.523 5.813 -1.589
2.523 5.788 -1.585
2.523 5.763 -1.581
2.522 5.739 -1.577
2.522 5.714 -1.573
2.522 5.690 -1.569
2.521 5.666 -1.566
2.521 5.642 -1.563
2.521 5.617 -1.560
2.520 5.593 -1.558
2.520 5.569 -1.557
2.520 5.544 -1.555
2.519 5.520 -1.554
2.519 5.495 -1.554
2.519 5.470 -1.554
2.519 5.445 -1.554
2.519 5.420 -1.555
2.518 5.395 -1.556
2.518 5.370 -1.557
2.519 5.345 -1.559
2.519 5.320 -1.561
2.519 5.294 -1.563
2.519 5.269 -1.565
2.519 5.244 -1.568
2.520 5.219 -1.571
2.520 5.193 -1.575
2.521 5.168 -1.579
2.521 5.143 -1.584
2.522 5.117 -1.589
2.522 5.092 -1.594
2.523 5.067 -1.598
2.523 5.042 -1.601
2.523 5.017 -1.602
2.524 4.992 -1.603
2.524 4.967 -1.602
2.524 4.942 -1.600
2.524 4.917 -1.597
2.523 4.892 -1.592
2.522 4.867 -1.587
2.521 4.842 -1.581
2.520 4.818 -1.574
2.519 4.793 -1.566
2.517 4.769 -1.559
2.515 4.744 -1.554
2.513 4.719 -1.551
2.512 4.694 -1.550
2.511 4.669 -1.551
2.510 4.643 -1.553
2.510 4.617 -1.557
2.511 4.591 -1.562
2.512 4.564 -1.569
2.513 4.537 -1.579
2.515 4.510 -1.590
2.516 4.483 -1.605
2.517 4.457 -1.622
2.518 4.430 -1.644
2.518 4.404 -1.672
2.517 4.379 -1.707
2.516 4.354 -1.749
2.514 4.329 -1.799
2.510 4.306 -1.857
2.505 4.283 -1.923
2.498 4.262 -1.997
2.490 4.242 -2.078
2.480 4.223 -2.163
2.468 4.205 -2.252
2.455 4.188 -2.340
2.440 4.173 -2.428
2.423 4.159 -2.511
2.405 4.145 -2.586
2.385 4.133 -2.650
2.364 4.122 -2.706
2.342 4.112 -2.755
2.319 4.103 -2.797
2.294 4.094 -2.835
2.269 4.087 -2.870
2.243 4.080 -2.900
2.216 4.074 -2.928
2.189 4.069 -2.954
2.161 4.064 -2.978
2.132 4.060 -3.001
2.103 4.056 -3.022
2.073 4.054 -3.043
2.044 4.051 -3.061
2.014 4.049 -3.079
1.984 4.048 -3.095
1.954 4.047 -3.110
1.925 4.046 -3.124
1.895 4.045 -3.137
1.866 4.045 -3.149
1.837 4.045 -3.161
1.808 4.045 -3.171
1.780 4.046 -3.180
1.753 4.046 -3.188
1.726 4.046 -3.196
1.701 4.047 -3.202
1.676 4.047 -3.207
1.652 4.047 -3.209
1.629 4.047 -3.210
1.607 4.047 -3.208
1.587 4.047 -3.203
1.568 4.047 -3.196
1.550 4.046 -3.187
1.550 4.046 -3.176
1.527 4.048 -3.163
1.504 4.050 -3.148
1.480 4.052 -3.132
1.455 4.053 -3.116
1.430 4.053 -3.099
1.405 4.053 -3.083
1.379 4.052 -3.068
1.352 4.051 -3.053
1.326 4.049 -3.039
1.299 4.047 -3.025
1.272 4.044 -3.011
1.244 4.041 -2.997
1.216 4.037 -2.983
1.188 4.033 -2.969
1.160 4.028 -2.954
1.132 4.023 -2.940
1.104 4.017 -2.925
1.076 4.010 -2.910
1.048 4.004 -2.894
1.019 3.996 -2.878
0.991 3.989 -2.861
0.963 3.980 -2.844
0.935 3.971 -2.826
0.908 3.962 -2.807
0.880 3.953 -2.788
0.853 3.942 -2.767
0.826 3.932 -2.745
0.799 3.920 -2.722
0.773 3.909 -2.698
0.747 3.897 -2.672
0.722 3.884 -2.645
0.697 3.871 -2.617
0.672 3.858 -2.588
0.648 3.844 -2.558
0.625 3.829 -2.528
0.602 3.814 -2.497
0.580 3.799 -2.465
0.559 3.783 -2.432
0.538 3.767 -2.399
0.518 3.750 -2.364
0.499 3.733 -2.329
0.480 3.716 -2.292
0.463 3.698 -2.255
0.446 3.679 -2.216
0.430 3.660 -2.177
0.415 3.641 -2.136
0.402 3.621 -2.094
0.389 3.601 -2.052
0.377 3.580 -2.008
0.367 3.559 -1.964
0.357 3.538 -1.918
0.349 3.516 -1.872
0.342 3.494 -1.825
0.336 3.471 -1.778
0.332 3.448 -1.730
0.329 3.424 -1.681
0.327 3.400 -1.633
0.326 3.376 -1.588
0.326 3.351 -1.548
0.327 3.326 -1.515
0.329 3.301 -1.488
0.331 3.276 -1.467
0.334 3.251 -1.451
0.337 3.225 -1.441
0.340 3.199 -1.435
0.343 3.174 -1.435
0.346 3.148 -1.440
0.349 3.122 -1.449
0.351 3.096 -1.464
0.353 3.071 -1.483
0.354 3.046 -1.504
0.355 3.020 -1.523
0.355 2.995 -1.540
0.356 2.970 -1.555
0.355 2.944 -1.569
0.355 2.919 -1.580
0.355 2.894 -1.589
0.354 2.869 -1.597
0.353 2.844 -1.603
0.353 2.819 -1.606
0.352 2.794 -1.608
0.351 2.769 -1.608
0.350 2.744 -1.606
0.350 2.719 -1.604
0.349 2.694 -1.601
0.349 2.669 -1.599
0.349 2.644 -1.596
0.349 2.618 -1.594
0.349 2.593 -1.592
0.349 2.568 -1.590
0.349 2.543 -1.588
0.350 2.518 -1.587
0.350 2.493 -1.585
0.350 2.467 -1.584
0.350 2.442 -1.583
0.350 2.417 -1.582
0.350 2.392 -1.581
0.350 2.366 -1.580
0.350 2.341 -1.580
0.350 2.316 -1.580
0.349 2.291 -1.579
0.349 2.266 -1.579
0.348 2.240 -1.580
0.348 2.215 -1.580
0.347 2.190 -1.580
0.346 2.165 -1.581
0.346 2.140 -1.582
0.345 2.115 -1.583
0.344 2.089 -1.584
0.343 2.064 -1.585
0.342 2.039 -1.585
0.341 2.014 -1.586
0.341 1.989 -1.585
0.340 1.964 -1.585
0.339 1.939 -1.584
0.339 1.913 -1.582
0.338 1.888 -1.580
0.337 1.863 -1.578
0.337 1.838 -1.575
0.337 1.813 -1.572
0.337 1.788 -1.569
0.336 1.762 -1.565
0.336 1.737 -1.560
0.337 1.712 -1.555
0.337 1.687 -1.549
0.337 1.662 -1.543
0.338 1.636 -1.536
0.339 1.611 -1.529
0.340 1.586 -1.522
0.340 1.586 -1.514
0.343 1.562 -1.506
0.347 1.538 -1.497
0.350 1.514 -1.488
0.353 1.490 -1.479
0.356 1.465 -1.470
0.359 1.440 -1.460
0.362 1.415 -1.451
0.365 1.390 -1.440
0.368 1.365 -1.430
0.372 1.340 -1.418
0.375 1.315 -1.406
0.378 1.289 -1.394
0.382 1.264 -1.381
0.386 1.239 -1.367
0.390 1.213 -1.352
0.395 1.188 -1.337
0.400 1.163 -1.321
0.405 1.138 -1.304
0.411 1.113 -1.287
0.417 1.089 -1.269
0.424 1.064 -1.249
0.431 1.040 -1.229
0.438 1.016 -1.208
0.447 0.992 -1.185
0.455 0.969 -1.162
0.465 0.946 -1.137
0.475 0.923 -1.111
0.486 0.900 -1.084
0.497 0.878 -1.056
0.510 0.857 -1.027
0.523 0.836 -0.996
0.537 0.815 -0.965
0.551 0.794 -0.933
0.566 0.775 -0.902
0.582 0.755 -0.871
0.599 0.736 -0.841
0.616 0.718 -0.812
0.634 0.699 -0.784
0.652 0.682 -0.756
0.671 0.665 -0.729
0.690 0.648 -0.703
0.710 0.632 -0.677
0.729 0.616 -0.651
0.750 0.601 -0.626
0.770 0.586 -0.602
0.791 0.571 -0.578
0.812 0.558 -0.555
0.834 0.544 -0.532
0.855 0.531 -0.509
0.877 0.519 -0.487
0.899 0.507 -0.465
0.921 0.495 -0.443
0.944 0.484 -0.421
0.966 0.473 -0.400
0.989 0.463 -0.379
1.012 0.453 -0.358
1.036 0.443 -0.337
1.059 0.434 -0.316
1.083 0.426 -0.295
1.106 0.417 -0.275
1.130 0.409 -0.255
1.154 0.402 -0.235
1.179 0.395 -0.216
1.203 0.388 -0.198
1.227 0.382 -0.180
1.252 0.376 -0.162
1.277 0.371 -0.145
1.301 0.366 -0.129
1.326 0.362 -0.113
1.351 0.358 -0.097
1.376 0.354 -0.083
1.401 0.351 -0.068
1.426 0.349 -0.054
1.451 0.347 -0.041
1.476 0.346 -0.029
1.501 0.346 -0.016
1.526 0.345 -0.005
1.551 0.346 0.006
1.576 0.347 0.017
1.601 0.348 0.027
1.626 0.350 0.036
1.650 0.351 0.045
1.675 0.354 0.053
1.700 0.356 0.061
1.725 0.359 0.068
1.750 0.362 0.075
1.775 0.365 0.081
1.800 0.368 0.086
1.825 0.371 0.091
1.850 0.375 0.095
1.875 0.378 0.098
1.900 0.381 0.101
1.925 0.384 0.104
1.950 0.387 0.106
1.975 0.390 0.107
2.000 0.393 0.107
2.025 0.395 0.107
2.050 0.397 0.107
2.075 0.400 0.105
2.100 0.402 0.104
2.125 0.404 0.101
2.150 0.405 0.098
2.175 0.407 0.094
2.200 0.408 0.090
2.225 0.410 0.085
2.250 0.411 0.080
2.275 0.412 0.074
2.300 0.413 0.067
2.325 0.414 0.060
2.350 0.415 0.052
2.376 0.415 0.044
2.401 0.416 0.035
2.426 0.416 0.027
2.451 0.417 0.019
2.476 0.417 0.012
2.501 0.417 0.005
2.526 0.417 -0.002
2.551 0.417 -0.008
2.576 0.417 -0.014
2.601 0.417 -0.019
2.626 0.417 -0.024
2.651 0.416 -0.029
2.676 0.416 -0.033
2.701 0.416 -0.037
2.727 0.415 -0.041
2.752 0.414 -0.044
2.777 0.414 -0.046
2.802 0.413 -0.049
2.827 0.412 -0.051
2.852 0.412 -0.052
2.877 0.411 -0.053
2.902 0.410 -0.054
2.927 0.409 -0.055
2.952 0.408 -0.054
2.977 0.407 -0.054
3.003 0.406 -0.053
3.028 0.405 -0.052
3.053 0.404 -0.051
3.078 0.403 -0.049
3.103 0.401 -0.048
3.128 0.400 -0.047
3.153 0.399 -0.045
3.178 0.398 -0.044
3.203 0.397 -0.043
3.228 0.396 -0.042
3.253 0.395 -0.040
3.279 0.393 -0.039
3.304 0.392 -0.038
3.329 0.391 -0.037
3.354 0.390 -0.035
3.379 0.389 -0.034
3.404 0.388 -0.033
3.429 0.387 -0.032
3.454 0.386 -0.031
3.479 0.385 -0.030
3.504 0.384 -0.028
3.529 0.383 -0.027
3.554 0.382 -0.026
3.579 0.381 -0.025
3.605 0.380 -0.024
3.630 0.380 -0.023
3.655 0.379 -0.022
3.680 0.378 -0.021
3.705 0.378 -0.020
3.730 0.377 -0.019
3.755 0.377 -0.018
3.780 0.377 -0.017
3.805 0.376 -0.016
3.830 0.376 -0.015
3.830 0.376 -0.014
3.855 0.376 -0.012
3.880 0.376 -0.011
3.905 0.376 -0.010
3.930 0.376 -0.009
3.955 0.376 -0.008
3.980 0.376 -0.008
4.005 0.376 -0.007
4.030 0.376 -0.006
4.055 0.376 -0.005
4.080 0.376 -0.004
4.105 0.376 -0.003
4.130 0.376 -0.002
4.155 0.376 -0.001
4.180 0.376 -0.000
4.205 0.376 0.001
4.230 0.376 0.001
4.255 0.376 0.002
4.280 0.376 0.003
4.305 0.376 0.004
4.330 0.376 0.004
4.356 0.376 0.005
4.381 0.376 0.006
4.406 0.376 0.006
4.431 0.376 0.007
4.456 0.376 0.007
4.481 0.376 0.008
4.506 0.376 0.008
4.531 0.376 0.008
4.556 0.376 0.008
4.581 0.376 0.009
4.606 0.376 0.009
4.631 0.376 0.009
4.656 0.376 0.009
4.681 0.376 0.009
4.706 0.376 0.009
4.731 0.376 0.009
4.756 0.376 0.008
4.781 0.376 0.008
4.806 0.376 0.008
4.831 0.376 0.008
4.856 0.376 0.007
4.881 0.376 0.007
4.906 0.376 0.006
4.931 0.376 0.006
4.956 0.376 0.005
4.981 0.376 0.004
5.006 0.376 0.004
5.031 0.376 0.003
5.056 0.376 0.002
5.081 0.376 0.001
5.106 0.376 0.000
5.131 0.376 -0.001
5.156 0.376 -0.002
5.181 0.376 -0.003
5.206 0.376 -0.004
5.231 0.376 -0.006
5.256 0.376 -0.007
5.281 0.376 -0.008
5.306 0.376 -0.010
5.331 0.376 -0.011
5.357 0.376 -0.013
5.382 0.376 -0.014
5.407 0.377 -0.016
5.432 0.377 -0.018
5.457 0.377 -0.019
5.482 0.377 -0.021
5.507 0.377 -0.023
5.532 0.378 -0.025
5.557 0.378 -0.026
5.582 0.378 -0.028
5.607 0.378 -0.030
5.632 0.377 -0.032
5.657 0.377 -0.033
5.682 0.377 -0.033
5.707 0.376 -0.031
5.732 0.376 -0.027
5.757 0.375 -0.022
5.782 0.374 -0.015
5.807 0.373 -0.006
5.832 0.373 0.004
5.857 0.372 0.016
5.882 0.372 0.030
5.907 0.372 0.045
5.932 0.372 0.063
5.957 0.372 0.082
5.982 0.373 0.103
6.007 0.375 0.126
6.032 0.377 0.151
6.057 0.380 0.178
6.082 0.383 0.207
6.107 0.387 0.238
6.132 0.392 0.271
6.157 0.398 0.306
6.182 0.405 0.343
6.207 0.412 0.382
6.231 0.421 0.423
6.255 0.430 0.466
6.278 0.441 0.510
6.301 0.452 0.555
6.323 0.465 0.601
6.345 0.479 0.645
6.365 0.493 0.689
6.385 0.509 0.732
6.404 0.526 0.775
6.422 0.545 0.818
6.439 0.564 0.860
6.454 0.585 0.902
6.469 0.607 0.945
6.482 0.629 0.988
6.495 0.653 1.031
6.508 0.676 1.075
6.520 0.700 1.120
6.532 0.724 1.153
6.544 0.747 1.161
6.556 0.770 1.145
6.568 0.792 1.102
6.582 0.813 1.027
6.595 0.832 0.917
6.610 0.850 0.766
6.626 0.867 0.604
6.643 0.881 0.463
6.662 0.893 0.347
6.681 0.903 0.254
6.703 0.911 0.183
6.725 0.917 0.131
6.749 0.922 0.090
6.773 0.925 0.055
6.798 0.927 0.026
6.824 0.928 0.001
6.850 0.927 -0.020
6.877 0.926 -0.036
6.904 0.925 -0.048
6.932 0.923 -0.056
6.959 0.921 -0.061
6.986 0.919 -0.062
7.013 0.917 -0.059
7.040 0.915 -0.052
7.067 0.914 -0.041
7.093 0.914 -0.026
7.118 0.913 -0.009
7.144 0.913 0.006
7.169 0.914 0.020
7.194 0.914 0.032
7.219 0.915 0.043
7.244 0.916 0.051
7.268 0.918 0.058
7.293 0.919 0.062
7.317 0.920 0.065
7.341 0.922 0.065
7.366 0.923 0.064
7.390 0.925 0.060
7.415 0.926 0.054
7.439 0.928 0.048
7.464 0.929 0.042
7.489 0.930 0.037
7.514 0.931 0.032
7.539 0.932 0.027
7.564 0.933 0.023
7.589 0.934 0.019
7.614 0.935 0.015
7.639 0.935 0.011
7.664 0.936 0.008
7.689 0.936 0.004
7.715 0.936 0.001
7.740 0.936 -0.002
7.765 0.936 -0.005
7.790 0.936 -0.007
7.815 0.936 -0.009
7.840 0.935 -0.010
7.865 0.935 -0.010
7.890 0.934 -0.010
7.915 0.933 -0.010
7.940 0.933 -0.010
7.965 0.932 -0.010
8.065 0.929 -0.012
8.082 0.928 -0.018
8.099 0.928 -0.024
8.115 0.927 -0.026
8.132 0.927 -0.025
8.149 0.926 -0.024
8.165 0.926 -0.023
8.182 0.926 -0.022
8.199 0.926 -0.021
8.215 0.925 -0.020
8.232 0.925 -0.019
8.249 0.925 -0.018
8.265 0.925 -0.017
8.282 0.925 -0.016
8.299 0.925 -0.016
8.315 0.925 -0.015
8.332 0.925 -0.014
8.349 0.925 -0.013
8.365 0.925 -0.013
8.382 0.925 -0.012
8.399 0.925 -0.011
8.415 0.925 -0.011
8.432 0.925 -0.010
8.449 0.925 -0.009
8.466 0.925 -0.009
8.482 0.926 -0.008
8.499 0.926 -0.007
8.516 0.926 -0.007
8.532 0.926 -0.006
8.549 0.926 -0.005
8.566 0.926 -0.005
8.582 0.926 -0.004
8.599 0.926 -0.003
8.616 0.926 -0.003
8.632 0.926 -0.002
8.649 0.926 -0.001
8.666 0.927 -0.001
8.683 0.927 -0.000
8.699 0.927 0.001
8.716 0.927 0.001
8.733 0.927 0.002
8.749 0.927 0.003
8.766 0.927 0.006
8.783 0.927 0.009
8.799 0.927 0.009
8.766 0.927 0.007
8.791 0.927 0.005
8.816 0.926 0.004
8.841 0.926 0.004
8.866 0.926 0.004
8.891 0.926 0.005
8.916 0.926 0.005
8.941 0.926 0.006
8.966 0.926 0.006
8.991 0.926 0.007
9.016 0.925 0.007
9.041 0.925 0.008
9.066 0.925 0.008
9.091 0.925 0.008
9.116 0.925 0.009
9.141 0.925 0.009
9.166 0.925 0.009
9.191 0.925 0.010
9.216 0.925 0.010
9.241 0.925 0.010
9.266 0.925 0.011
9.291 0.926 0.011
9.316 0.926 0.011
9.341 0.927 0.012
9.366 0.928 0.012
9.391 0.928 0.012
9.417 0.929 0.012
9.442 0.930 0.013
9.467 0.931 0.013
9.492 0.931 0.013
9.517 0.932 0.013
9.542 0.933 0.013
9.567 0.934 0.014
9.592 0.934 0.014
9.617 0.935 0.014
9.642 0.935 0.014
9.667 0.936 0.014
9.692 0.936 0.015
9.717 0.936 0.015
9.742 0.936 0.015
9.767 0.936 0.015
9.792 0.936 0.015
9.817 0.936 0.015
9.842 0.936 0.015
9.867 0.936 0.015
9.892 0.936 0.016
9.917 0.936 0.016
9.942 0.936 0.016
9.967 0.935 0.016
9.992 0.936 0.016
10.017 0.936 0.016
10.042 0.936 0.016
10.067 0.936 0.016
10.092 0.937 0.016
10.117 0.937 0.016
10.142 0.938 0.016
10.167 0.938 0.016
10.192 0.939 0.016
10.217 0.940 0.016
10.242 0.941 0.016
10.267 0.942 0.016
10.292 0.942 0.016
10.317 0.943 0.016
10.342 0.944 0.016
10.367 0.945 0.016
10.392 0.945 0.016
10.417 0.946 0.016
10.442 0.946 0.016
10.467 0.946 0.015
10.492 0.946 0.015
10.517 0.947 0.015
10.542 0.946 0.015
10.567 0.946 0.015
10.592 0.946 0.015
10.617 0.946 0.015
10.642 0.946 0.014
10.668 0.946 0.014
10.693 0.946 0.014
10.718 0.946 0.014
10.743 0.946 0.014
10.768 0.946 0.014
10.793 0.946 0.013
10.818 0.946 0.013
10.843 0.946 0.013
10.868 0.947 0.013
10.893 0.947 0.012
10.918 0.948 0.012
10.943 0.949 0.012
10.968 0.949 0.012
10.993 0.950 0.011
11.018 0.951 0.011
11.043 0.952 0.011
11.068 0.953 0.011
11.093 0.953 0.010
11.118 0.954 0.010
11.143 0.955 0.010
11.168 0.955 0.009
11.193 0.956 0.009
11.218 0.956 0.009
11.243 0.957 0.008
11.268 0.957 0.008
11.293 0.957 0.007
11.318 0.957 0.007
11.343 0.957 0.007
11.368 0.957 0.006
11.393 0.957 0.006
11.418 0.957 0.005
11.443 0.957 0.005
11.468 0.957 0.005
11.493 0.957 0.004
11.518 0.956 0.004
11.543 0.956 0.003
11.568 0.956 0.003
11.593 0.956 0.002
11.618 0.956 0.002
11.643 0.956 0.001
11.668 0.956 0.001
11.693 0.956 0.000
11.718 0.956 -0.000
11.743 0.956 -0.001
11.768 0.956 -0.001
11.793 0.956 -0.001
11.819 0.956 -0.002
11.844 0.956 -0.002
11.869 0.956 -0.003
11.894 0.956 -0.003
11.919 0.956 -0.003
11.944 0.956 -0.004
11.969 0.956 -0.004
11.994 0.956 -0.004
12.019 0.956 -0.005
12.044 0.956 -0.005
12.069 0.956 -0.005
12.094 0.956 -0.006
12.119 0.956 -0.006
12.144 0.956 -0.006
12.169 0.956 -0.006
12.194 0.956 -0.007
12.219 0.956 -0.007
12.244 0.956 -0.007
12.269 0.956 -0.007
12.294 0.956 -0.008
12.319 0.956 -0.008
12.344 0.956 -0.008
12.369 0.956 -0.008
12.394 0.956 -0.008
12.419 0.956 -0.008
12.444 0.957 -0.008
12.469 0.957 -0.009
12.494 0.957 -0.009
12.519 0.957 -0.009
12.544 0.957 -0.009
12.569 0.957 -0.009
12.594 0.957 -0.009
12.619 0.957 -0.009
12.644 0.957 -0.009
12.669 0.956 -0.009
12.694 0.956 -0.009
12.719 0.956 -0.009
12.744 0.955 -0.009
12.769 0.955 -0.009
12.794 0.954 -0.009
12.819 0.954 -0.009
12.844 0.953 -0.009
12.869 0.952 -0.009
12.895 0.952 -0.009
12.920 0.951 -0.008
12.945 0.950 -0.008
12.970 0.949 -0.008
12.995 0.949 -0.008
13.020 0.948 -0.008
13.045 0.947 -0.008
13.070 0.947 -0.008
13.095 0.946 -0.007
13.120 0.945 -0.007
13.145 0.945 -0.007
13.170 0.944 -0.007
13.195 0.944 -0.007
13.220 0.943 -0.006
13.245 0.943 -0.006
13.270 0.943 -0.006
13.295 0.943 -0.006
13.320 0.943 -0.005
13.345 0.943 -0.005
13.370 0.943 -0.005
13.395 0.944 -0.005
13.420 0.944 -0.004
13.445 0.945 -0.004
13.470 0.946 -0.003
13.470 0.946 -0.003
13.495 0.946 -0.003
13.520 0.947 -0.002
13.545 0.947 -0.002
13.570 0.947 -0.001
13.595 0.947 -0.001
13.620 0.947 -0.000
13.645 0.947 0.000
13.670 0.947 0.001
13.695 0.947 0.001
13.720 0.947 0.002
13.745 0.947 0.002
13.770 0.947 0.003
13.795 0.946 0.003
13.820 0.946 0.004
13.845 0.946 0.004
13.870 0.946 0.005
13.895 0.946 0.005
13.920 0.946 0.006
13.945 0.945 0.007
13.970 0.945 0.007
13.995 0.945 0.008
14.021 0.945 0.008
14.046 0.945 0.009
14.071 0.945 0.010
14.096 0.945 0.010
14.121 0.945 0.011
14.146 0.945 0.012
14.171 0.945 0.013
14.196 0.946 0.013
14.221 0.946 0.014
14.246 0.946 0.015
14.271 0.947 0.016
14.296 0.947 0.016
14.321 0.948 0.017
14.346 0.948 0.017
14.371 0.949 0.018
14.396 0.949 0.019
14.421 0.950 0.019
14.446 0.951 0.019
14.471 0.952 0.020
14.496 0.952 0.020
14.521 0.953 0.020
14.546 0.954 0.020
14.571 0.955 0.021
14.596 0.956 0.021
14.621 0.956 0.021
14.646 0.957 0.021
14.671 0.958 0.021
14.696 0.959 0.020
14.721 0.960 0.020
14.746 0.960 0.020
14.771 0.961 0.020
14.796 0.962 0.019
14.821 0.962 0.019
14.846 0.963 0.019
14.871 0.964 0.018
14.896 0.964 0.018
14.921 0.965 0.017
14.946 0.965 0.016
14.971 0.966 0.016
14.996 0.966 0.015
15.021 0.966 0.014
15.046 0.967 0.014
15.071 0.967 0.013
15.096 0.967 0.013
15.121 0.967 0.012
15.146 0.967 0.011
15.171 0.967 0.011
15.196 0.967 0.010
15.221 0.967 0.009
15.246 0.967 0.009
15.271 0.967 0.008
15.296 0.967 0.008
15.321 0.966 0.007
15.346 0.966 0.006
15.371 0.966 0.006
15.397 0.966 0.005
15.422 0.965 0.004
15.447 0.965 0.004
15.472 0.965 0.003
15.497 0.965 0.003
15.522 0.965 0.002
15.547 0.964 0.001
15.572 0.964 0.001
15.597 0.964 0.000
15.622 0.964 -0.001
15.647 0.965 -0.001
15.672 0.965 -0.002
15.697 0.965 -0.004
15.722 0.966 -0.005
15.747 0.966 -0.006
15.772 0.967 -0.008
15.797 0.968 -0.009
15.822 0.968 -0.011
15.846 0.969 -0.013
15.871 0.970 -0.015
15.896 0.971 -0.017
15.921 0.971 -0.019
15.946 0.972 -0.021
15.971 0.972 -0.024
15.996 0.972 -0.026
16.021 0.971 -0.029
16.046 0.970 -0.032
16.072 0.969 -0.035
16.097 0.968 -0.038
16.122 0.966 -0.041
16.148 0.963 -0.044
16.173 0.961 -0.048
16.198 0.958 -0.052
16.224 0.954 -0.055
16.249 0.951 -0.059
16.275 0.948 -0.061
16.300 0.945 -0.058
16.325 0.943 -0.050
16.350 0.941 -0.038
16.375 0.939 -0.020
16.400 0.939 0.003
16.424 0.939 0.030
16.449 0.940 0.063
16.473 0.942 0.102
16.497 0.946 0.145
16.521 0.950 0.193
16.544 0.956 0.245
16.567 0.963 0.302
16.590 0.972 0.358
16.613 0.981 0.410
16.636 0.991 0.456
16.658 1.002 0.499
16.680 1.015 0.537
16.702 1.028 0.572
16.724 1.041 0.603
16.745 1.055 0.630
16.767 1.070 0.655
16.788 1.086 0.677
16.809 1.102 0.696
16.830 1.118 0.712
16.850 1.134 0.726
16.871 1.151 0.741
16.891 1.168 0.758
16.911 1.186 0.777
16.931 1.204 0.800
16.950 1.222 0.827
16.968 1.240 0.857
16.985 1.259 0.891
17.002 1.278 0.929
17.017 1.298 0.972
17.031 1.318 1.020
17.045 1.339 1.074
17.056 1.360 1.133
17.067 1.382 1.198
17.076 1.404 1.269
17.083 1.426 1.340
17.089 1.450 1.405
17.093 1.473 1.463
17.096 1.497 1.514
17.098 1.522 1.558
17.099 1.547 1.594
17.099 1.572 1.622
17.098 1.597 1.644
17.096 1.622 1.659
17.094 1.648 1.668
17.092 1.674 1.671
17.089 1.700 1.667
17.087 1.726 1.658
17.084 1.752 1.647
17.082 1.777 1.636
17.079 1.803 1.625
17.078 1.829 1.616
17.077 1.854 1.607
17.076 1.879 1.599
17.075 1.905 1.592
17.075 1.930 1.586
17.075 1.955 1.581
17.075 1.980 1.577
17.078 2.093 1.573
17.078 2.109 1.568
17.079 2.126 1.563
17.079 2.142 1.558
17.080 2.159 1.553
17.080 2.175 1.548
17.080 2.192 1.544
17.081 2.208 1.540
17.081 2.225 1.536
17.081 2.241 1.534
17.081 2.258 1.532
17.081 2.275 1.531
17.081 2.291 1.532
17.081 2.308 1.534
17.081 2.325 1.537
17.081 2.341 1.542
17.081 2.358 1.546
17.081 2.375 1.551
17.081 2.391 1.555
17.081 2.408 1.558
17.081 2.425 1.562
17.081 2.441 1.565
17.081 2.458 1.568
17.081 2.475 1.570
17.080 2.492 1.573
17.080 2.508 1.575
17.080 2.525 1.577
17.080 2.542 1.579
17.080 2.559 1.580
17.080 2.575 1.582
17.080 2.592 1.583
17.080 2.609 1.584
17.080 2.626 1.585
17.080 2.642 1.586
17.080 2.659 1.587
17.080 2.676 1.588
17.080 2.692 1.588
17.080 2.709 1.588
17.080 2.726 1.589
17.080 2.743 1.588
17.080 2.759 1.588
17.080 2.776 1.588
17.080 2.793 1.587
17.080 2.809 1.587
17.080 2.826 1.586
17.080 2.843 1.585
17.080 2.859 1.583
17.080 2.876 1.582
17.080 2.892 1.580
17.080 2.909 1.578
17.080 2.925 1.576
17.080 2.942 1.574
17.080 2.958 1.572
17.080 2.975 1.570
17.080 2.991 1.568
17.080 3.008 1.566
17.080 3.024 1.563
17.080 3.041 1.561
17.080 3.057 1.558
17.080 3.074 1.554
17.080 3.090 1.549
17.080 3.107 1.543
17.080 3.123 1.535
17.080 3.140 1.528
17.080 3.156 1.523
17.080 3.173 1.520
17.080 3.190 1.520
17.080 3.206 1.522
17.080 3.177 1.526
17.080 3.202 1.532
17.080 3.227 1.540
17.080 3.252 1.549
17.080 3.278 1.560
17.080 3.304 1.573
17.080 3.329 1.587
17.080 3.355 1.603
17.080 3.382 1.621
17.079 3.408 1.642
17.079 3.434 1.665
17.077 3.460 1.692
17.076 3.486 1.723
17.073 3.511 1.758
17.070 3.537 1.798
17.066 3.562 1.841
17.061 3.586 1.886
17.055 3.610 1.934
17.048 3.633 1.984
17.039 3.656 2.037
17.030 3.678 2.091
17.018 3.699 2.147
17.005 3.719 2.204
16.991 3.739 2.261
16.975 3.757 2.318
16.958 3.775 2.375
16.940 3.792 2.430
16.921 3.808 2.482
16.900 3.824 2.529
16.879 3.838 2.572
16.858 3.852 2.611
16.835 3.866 2.646
16.812 3.879 2.677
16.789 3.891 2.706
16.765 3.902 2.732
16.741 3.913 2.756
16.717 3.923 2.777
16.692 3.933 2.797
16.668 3.942 2.815
16.644 3.951 2.831
16.620 3.959 2.846
16.596 3.967 2.861
16.571 3.974 2.876
16.547 3.981 2.891
16.523 3.987 2.905
16.498 3.993 2.920
16.474 3.999 2.933
16.450 4.004 2.947
16.425 4.009 2.960
16.401 4.014 2.972
16.377 4.018 2.984
16.352 4.022 2.995
16.328 4.026 3.006
16.303 4.029 3.016
16.279 4.033 3.025
16.254 4.035 3.035
16.230 4.038 3.044
16.205 4.041 3.053
16.181 4.043 3.061
16.156 4.045 3.069
16.131 4.047 3.077
16.107 4.049 3.084
16.082 4.051 3.091
16.057 4.053 3.098
16.032 4.054 3.104
16.008 4.055 3.110
15.983 4.056 3.116
15.958 4.057 3.121
15.933 4.058 3.126
15.908 4.058 3.131
15.883 4.059 3.135
15.858 4.059 3.139
15.833 4.060 3.142
15.809 4.060 3.146
15.784 4.060 3.148
15.759 4.060 3.151
15.734 4.060 3.153
15.709 4.059 3.155
15.684 4.059 3.157
15.658 4.059 3.158
15.633 4.058 3.160
15.608 4.058 3.161
15.583 4.057 3.162
15.558 4.056 3.163
15.533 4.056 3.164
15.508 4.055 3.164
15.483 4.054 3.165
15.458 4.053 3.166
15.433 4.052 3.166
15.407 4.051 3.167
15.382 4.051 3.167
15.357 4.050 3.167
15.332 4.049 3.167
15.307 4.048 3.167
15.282 4.047 3.167
15.256 4.046 3.167
15.231 4.045 3.166
15.206 4.044 3.166
15.181 4.043 3.165
15.156 4.042 3.165
15.130 4.041 3.164
15.105 4.040 3.163
15.080 4.039 3.162
15.055 4.039 3.161
15.030 4.038 3.160
15.005 4.037 3.159
14.979 4.037 3.158
14.954 4.036 3.157
14.929 4.036 3.156
14.904 4.036 3.154
14.879 4.035 3.153
14.854 4.035 3.152
14.829 4.035 3.152
14.803 4.035 3.151
14.778 4.035 3.150
14.753 4.035 3.149
14.728 4.036 3.148
14.703 4.036 3.147
14.678 4.037 3.146
14.653 4.037 3.146
14.628 4.038 3.145
14.603 4.039 3.144
14.578 4.040 3.144
14.553 4.041 3.143
14.528 4.042 3.142
14.503 4.042 3.142
14.478 4.043 3.141
14.453 4.044 3.141
14.428 4.045 3.140
14.403 4.045 3.140
14.378 4.046 3.140
14.353 4.046 3.139
14.328 4.046 3.139
14.303 4.046 3.139
14.278 4.046 3.138
14.253 4.045 3.138
14.228 4.045 3.138
14.203 4.044 3.138
14.178 4.044 3.138
14.153 4.043 3.138
14.128 4.042 3.138
14.103 4.041 3.137
14.078 4.040 3.137
14.053 4.039 3.138
14.028 4.038 3.138
14.003 4.038 3.138
13.978 4.037 3.138
13.953 4.036 3.138
13.928 4.036 3.138
13.903 4.035 3.138
13.878 4.035 3.139
13.853 4.035 3.139
13.828 4.035 3.139
13.802 4.035 3.140
13.777 4.035 3.140
13.752 4.035 3.140
13.727 4.035 3.141
13.702 4.035 3.141
13.677 4.035 3.142
13.652 4.035 3.142
13.627 4.036 3.143
13.602 4.036 3.143
13.577 4.036 3.144
13.552 4.036 3.144
13.527 4.036 3.144
13.502 4.036 3.145
13.477 4.036 3.145
13.452 4.036 3.146
13.427 4.036 3.146
13.402 4.036 3.146
13.377 4.036 3.147
13.352 4.036 3.147
13.327 4.036 3.147
13.302 4.036 3.147
13.277 4.036 3.148
13.252 4.036 3.148
13.227 4.036 3.148
13.202 4.036 3.148
13.177 4.036 3.149
13.152 4.036 3.149
13.127 4.036 3.149
13.102 4.036 3.149
13.077 4.036 3.149
13.052 4.036 3.149
13.027 4.036 3.149
13.002 4.036 3.149
12.977 4.036 3.150
12.952 4.036 3.150
12.927 4.036 3.150
12.902 4.036 3.150
12.877 4.036 3.150
12.852 4.036 3.150
12.827 4.036 3.150
12.802 4.036 3.150
12.777 4.036 3.150
12.752 4.036 3.150
12.727 4.036 3.150
12.702 4.036 3.149
12.676 4.036 3.149
12.651 4.036 3.149
12.626 4.036 3.149
12.601 4.036 3.149
12.576 4.036 3.149
12.551 4.036 3.149
12.526 4.036 3.148
12.501 4.036 3.148
12.476 4.036 3.148
12.451 4.036 3.148
12.426 4.036 3.148
12.401 4.036 3.147
12.376 4.036 3.147
12.351 4.036 3.147
12.326 4.037 3.147
12.301 4.037 3.146
12.276 4.037 3.146
12.251 4.037 3.146
12.226 4.037 3.146
12.201 4.037 3.145
12.176 4.037 3.145
12.151 4.037 3.145
12.126 4.037 3.145
12.101 4.037 3.144
12.076 4.036 3.144
12.051 4.036 3.144
12.026 4.036 3.144
12.001 4.035 3.144
11.976 4.035 3.143
11.951 4.034 3.143
11.926 4.033 3.143
11.901 4.033 3.143
11.876 4.032 3.143
11.851 4.031 3.142
11.826 4.030 3.142
11.801 4.030 3.142
11.776 4.029 3.142
11.751 4.028 3.142
11.726 4.027 3.142
11.701 4.027 3.141
11.676 4.026 3.141
11.651 4.026 3.141
11.626 4.025 3.141
11.601 4.025 3.141
11.576 4.025 3.141
11.551 4.025 3.141
11.526 4.025 3.140
11.501 4.025 3.140
11.476 4.025 3.140
11.451 4.025 3.140
11.425 4.025 3.140
11.400 4.025 3.140
11.375 4.025 3.140
11.350 4.025 3.139
11.325 4.026 3.139
11.300 4.026 3.139
11.275 4.026 3.139
11.250 4.026 3.139
11.225 4.026 3.139
11.200 4.027 3.139
11.175 4.027 3.139
11.150 4.027 3.139
11.125 4.027 3.139
11.100 4.027 3.138
11.075 4.027 3.138
11.050 4.027 3.138
11.025 4.027 3.138
11.000 4.027 3.138
10.975 4.027 3.138
10.950 4.027 3.138
10.925 4.026 3.138
10.900 4.026 3.138
10.900 4.026 3.138
10.875 4.027 3.138
10.850 4.028 3.138
10.825 4.029 3.138
10.800 4.030 3.138
10.775 4.031 3.138
10.750 4.032 3.138
10.725 4.033 3.138
10.700 4.033 3.138
10.675 4.034 3.138
10.650 4.034 3.138
10.625 4.035 3.138
10.600 4.035 3.138
10.575 4.035 3.138
10.550 4.036 3.138
10.525 4.036 3.138
10.500 4.036 3.138
10.475 4.036 3.138
10.450 4.036 3.138
10.425 4.036 3.138
10.400 4.036 3.138
10.375 4.036 3.138
10.350 4.036 3.138
10.325 4.036 3.138
10.299 4.036 3.138
10.274 4.036 3.138
10.249 4.036 3.138
10.224 4.036 3.138
10.199 4.036 3.138
10.174 4.036 3.138
10.149 4.036 3.138
10.124 4.036 3.138
10.099 4.036 3.138
10.074 4.036 3.139
10.049 4.036 3.139
10.024 4.036 3.139
9.999 4.036 3.139
9.974 4.036 3.139
9.949 4.036 3.139
9.924 4.036 3.139
9.899 4.036 3.139
9.874 4.036 3.139
9.849 4.036 3.139
9.824 4.036 3.139
9.799 4.036 3.139
9.774 4.036 3.139
9.749 4.036 3.140
9.724 4.036 3.140
9.699 4.036 3.140
9.674 4.036 3.140
9.649 4.036 3.141
9.624 4.036 3.141
9.599 4.036 3.141
9.574 4.036 3.141
9.465 4.036 3.141
9.449 4.036 3.140
9.432 4.036 3.140
9.415 4.036 3.140
9.398 4.036 3.141
9.382 4.036 3.141
9.365 4.036 3.141
9.348 4.036 3.141
9.332 4.036 3.141
9.315 4.036 3.141
9.298 4.036 3.141
9.282 4.036 3.141
9.265 4.036 3.141
9.248 4.036 3.142
9.232 4.036 3.142
9.215 4.036 3.142
9.198 4.036 3.142
9.182 4.036 3.142
9.165 4.036 3.142
9.148 4.036 3.142
9.132 4.036 3.142
9.115 4.036 3.142
9.098 4.036 3.142
9.081 4.036 3.142
9.065 4.036 3.142
9.048 4.036 3.142
9.031 4.036 3.142
9.015 4.036 3.142
8.998 4.036 3.142
8.981 4.036 3.142
8.965 4.036 3.143
8.948 4.036 3.143
8.931 4.036 3.143
8.915 4.036 3.143
8.898 4.036 3.143
8.881 4.036 3.143
8.865 4.036 3.143
8.848 4.036 3.142
8.831 4.036 3.142
8.815 4.036 3.142
8.798 4.036 3.143
8.781 4.036 3.143
8.764 4.036 3.146
8.748 4.036 3.146
8.731 4.036 3.144
8.773 4.036 3.143
8.748 4.036 3.142
8.723 4.036 3.142
8.698 4.036 3.142
8.673 4.036 3.142
8.648 4.036 3.142
8.623 4.036 3.142
8.598 4.036 3.142
8.573 4.036 3.142
8.548 4.036 3.142
8.523 4.036 3.142
8.498 4.036 3.142
8.472 4.036 3.142
8.447 4.036 3.142
8.422 4.036 3.142
8.397 4.036 3.142
8.372 4.036 3.141
8.347 4.036 3.141
8.322 4.036 3.141
8.297 4.036 3.141
8.272 4.036 3.141
8.247 4.036 3.141
8.222 4.036 3.141
8.197 4.036 3.141
8.172 4.036 3.141
8.147 4.036 3.141
8.122 4.036 3.141
8.097 4.036 3.141
8.072 4.036 3.140
8.047 4.036 3.140
8.022 4.036 3.140
7.997 4.036 3.140
7.972 4.036 3.140
7.947 4.036 3.140
7.922 4.036 3.140
7.897 4.036 3.140
7.872 4.036 3.140
7.847 4.036 3.140
7.822 4.036 3.139
7.797 4.036 3.139
7.772 4.036 3.139
7.747 4.036 3.139
7.722 4.036 3.139
7.697 4.036 3.139
7.672 4.036 3.139
7.647 4.036 3.138
7.622 4.036 3.138
7.597 4.036 3.138
7.572 4.036 3.138
7.546 4.036 3.138
7.521 4.036 3.138
7.496 4.036 3.138
7.471 4.036 3.137
7.446 4.036 3.137
7.421 4.036 3.137
7.396 4.036 3.137
7.371 4.036 3.137
7.346 4.036 3.137
7.321 4.037 3.137
7.296 4.037 3.137
7.271 4.037 3.136
7.246 4.037 3.136
7.221 4.037 3.136
7.196 4.037 3.136
7.171 4.038 3.136
7.146 4.038 3.136
7.121 4.038 3.136
7.096 4.038 3.136
7.071 4.038 3.136
7.046 4.039 3.136
7.021 4.039 3.135
6.996 4.039 3.135
6.971 4.039 3.135
6.946 4.039 3.135
6.921 4.040 3.135
6.896 4.040 3.135
6.871 4.040 3.135
6.846 4.040 3.135
6.821 4.041 3.135
6.796 4.041 3.135
6.771 4.041 3.135
6.746 4.041 3.135
6.721 4.042 3.135
6.696 4.042 3.135
6.671 4.042 3.135
6.646 4.042 3.135
6.621 4.043 3.135
6.596 4.043 3.135
6.571 4.043 3.135
6.545 4.043 3.135
6.520 4.044 3.135
6.495 4.044 3.135
6.470 4.044 3.135
6.445 4.044 3.135
6.420 4.044 3.135
6.395 4.045 3.135
6.370 4.045 3.135
6.345 4.045 3.135
6.320 4.045 3.135
6.295 4.045 3.135
6.270 4.045 3.135
6.245 4.045 3.136
6.220 4.046 3.136
6.195 4.046 3.136
6.170 4.046 3.136
6.145 4.046 3.136
6.120 4.046 3.136
6.095 4.046 3.136
6.070 4.046 3.136
6.045 4.046 3.136
6.020 4.046 3.136
5.995 4.046 3.136
5.970 4.046 3.137
5.945 4.046 3.137
5.920 4.046 3.137
5.895 4.046 3.137
5.870 4.046 3.137
5.845 4.046 3.137
5.820 4.046 3.137
5.795 4.046 3.138
5.770 4.046 3.138
5.745 4.046 3.138
5.720 4.046 3.138
5.695 4.046 3.138
5.670 4.046 3.138
5.645 4.046 3.139
5.620 4.046 3.139
5.595 4.046 3.139
5.570 4.046 3.139
5.545 4.046 3.139
5.520 4.046 3.139
5.495 4.046 3.140
5.470 4.046 3.140
5.445 4.046 3.140
5.420 4.047 3.140
5.395 4.047 3.141
5.370 4.047 3.141
5.345 4.047 3.141
5.320 4.047 3.141
5.295 4.047 3.141
5.270 4.047 3.142
5.245 4.047 3.142
5.220 4.047 3.142
5.195 4.047 3.142
5.170 4.047 3.143
5.145 4.047 3.143
5.120 4.048 3.143
5.095 4.048 3.144
5.070 4.048 3.144
5.045 4.048 3.144
5.020 4.048 3.144
4.995 4.048 3.145
4.970 4.048 3.145
4.945 4.048 3.145
4.920 4.048 3.146
4.895 4.048 3.146
4.870 4.048 3.146
4.845 4.048 3.147
4.820 4.048 3.147
4.795 4.048 3.147
4.770 4.048 3.147
4.745 4.048 3.147
4.720 4.048 3.147
4.695 4.048 3.147
4.670 4.048 3.147
4.645 4.048 3.146
4.620 4.048 3.146
4.595 4.048 3.146
4.570 4.048 3.145
4.545 4.048 3.145
4.520 4.048 3.144
4.495 4.048 3.143
4.470 4.048 3.143
4.444 4.048 3.142
4.419 4.048 3.141
4.394 4.048 3.140
4.369 4.048 3.139
4.344 4.047 3.138
4.319 4.047 3.137
4.294 4.047 3.136
4.269 4.047 3.134
4.243 4.047 3.133
4.218 4.046 3.132
4.193 4.046 3.130
4.168 4.046 3.129
4.143 4.046 3.128
4.117 4.045 3.127
4.092 4.045 3.127
4.067 4.045 3.127
4.042 4.045 3.127
4.017 4.044 3.128
3.992 4.044 3.129
3.966 4.044 3.131
3.941 4.044 3.132
3.916 4.044 3.134
3.891 4.044 3.137
3.867 4.045 3.139
3.842 4.045 3.142
3.817 4.045 3.146
3.792 4.046 3.150
3.768 4.047 3.154
3.743 4.047 3.158
3.719 4.048 3.163
3.694 4.049 3.167
3.670 4.050 3.173
3.645 4.050 3.178
3.620 4.051 3.184
3.595 4.051 3.190
3.570 4.051 3.197
3.545 4.050 3.204
3.519 4.049 3.209
3.493 4.048 3.213
3.467 4.046 3.214
3.440 4.043 3.213
3.413 4.040 3.210
3.386 4.037 3.204
3.359 4.034 3.196
3.332 4.030 3.185
3.305 4.027 3.171
3.278 4.025 3.154
3.252 4.023 3.134
3.226 4.022 3.111
3.201 4.021 3.083
3.176 4.022 3.047
3.153 4.024 2.996
3.130 4.027 2.931
3.108 4.032 2.852
3.087 4.039 2.757
3.067 4.047 2.651
3.049 4.058 2.536
3.032 4.070 2.425
3.016 4.084 2.327
3.002 4.100 2.241
2.988 4.118 2.164
2.975 4.137 2.096
2.964 4.157 2.034
2.953 4.179 1.977
2.944 4.202 1.927
2.935 4.226 1.883
2.927 4.251 1.843
2.920 4.277 1.807
2.914 4.304 1.775
2.908 4.331 1.746
2.903 4.359 1.720
2.899 4.387 1.696
2.895 4.416 1.675
2.892 4.445 1.655
2.889 4.474 1.637
2.887 4.503 1.621
2.885 4.532 1.606
2.883 4.561 1.592
2.882 4.590 1.580
2.881 4.618 1.569
2.880 4.646 1.559
2.879 4.673 1.552
2.878 4.700 1.545
2.878 4.727 1.541
2.878 4.753 1.539
2.877 4.778 1.538
2.877 4.803 1.539
2.877 4.828 1.543
2.878 4.853 1.548
2.878 4.877 1.554
2.878 4.901 1.560
2.878 4.925 1.565
2.879 4.949 1.570
2.879 4.973 1.574
2.880 4.997 1.579
2.880 5.020 1.582
2.881 5.044 1.585
2.881 5.068 1.588
2.881 5.092 1.590
2.882 5.115 1.592
2.882 5.139 1.594
2.882 5.164 1.595
2.882 5.188 1.595
2.883 5.213 1.595
2.883 5.238 1.595
2.882 5.263 1.594
2.882 5.289 1.593
2.882 5.315 1.591
2.881 5.342 1.589
2.881 5.369 1.586
2.880 5.396 1.583
2.880 5.396 1.580
2.877 5.423 1.576
2.875 5.449 1.571
2.873 5.475 1.566
2.872 5.500 1.561
2.871 5.526 1.556
2.871 5.551 1.552
2.871 5.576 1.550
2.872 5.601 1.548
2.873 5.625 1.548
2.874 5.650 1.549
2.875 5.674 1.552
2.876 5.699 1.555
2.877 5.723 1.559
2.879 5.748 1.565
2.880 5.772 1.572
2.881 5.797 1.580
2.882 5.821 1.588
2.882 5.846 1.598
2.882 5.871 1.609
2.882 5.896 1.621
2.882 5.922 1.634
2.881 5.947 1.648
2.879 5.973 1.663
2.876 5.999 1.679
2.874 6.026 1.696
2.870 6.052 1.713
2.866 6.079 1.731
2.861 6.106 1.750
2.856 6.133 1.769
2.850 6.160 1.789
2.844 6.187 1.810
2.837 6.214 1.830
2.830 6.241 1.850
2.822 6.268 1.870
2.813 6.295 1.890
2.804 6.322 1.910
2.794 6.349 1.930
2.784 6.375 1.951
2.774 6.401 1.972
2.763 6.427 1.993
2.751 6.453 2.016
2.739 6.478 2.038
2.726 6.503 2.062
2.713 6.528 2.086
2.699 6.552 2.111
2.685 6.576 2.138
2.670 6.599 2.165
2.655 6.622 2.194
2.640 6.644 2.224
2.624 6.665 2.256
2.607 6.686 2.289
2.590 6.707 2.324
2.573 6.726 2.361
2.555 6.745 2.400
2.537 6.763 2.441
2.518 6.781 2.485
2.499 6.797 2.531
2.480 6.813 2.578
2.460 6.828 2.623
2.439 6.842 2.668
2.418 6.855 2.712
2.397 6.867 2.754
2.376 6.878 2.794
2.354 6.888 2.833
2.331 6.897 2.869
2.309 6.904 2.904
2.285 6.911 2.937
2.262 6.916 2.968
2.238 6.921 2.997
2.214 6.924 3.025
2.189 6.926 3.050
2.165 6.928 3.074
2.140 6.928 3.095
2.115 6.928 3.116
2.089 6.928 3.134
2.064 6.926 3.151
2.038 6.925 3.166
2.013 6.923 3.180
1.987 6.921 3.192
1.961 6.919 3.203
1.936 6.916 3.212
1.910 6.914 3.220
1.885 6.912 3.227
1.859 6.910 3.231
1.834 6.909 3.233
1.808 6.907 3.232
1.783 6.906 3.228
1.758 6.904 3.222
1.733 6.904 3.212
1.708 6.903 3.200
1.683 6.902 3.185
1.658 6.902 3.167
1.633 6.903 3.146
1.609 6.903 3.123
1.584 6.904 3.097
1.559 6.905 3.068
1.535 6.907 3.037
1.510 6.909 3.010
1.486 6.911 2.995
1.461 6.914 2.991
1.437 6.916 2.998
1.412 6.919 3.016
1.387 6.921 3.045
1.362 6.923 3.085
1.336 6.925 3.125
1.310 6.926 3.157
1.284 6.926 3.180
1.258 6.926 3.195
1.231 6.925 3.200
1.203 6.924 3.197
1.176 6.923 3.187
1.149 6.922 3.172
1.122 6.921 3.152
1.095 6.921 3.126
1.069 6.921 3.094
1.043 6.921 3.055
1.018 6.923 3.008
0.994 6.925 2.952
0.970 6.929 2.885
0.947 6.934 2.808
0.926 6.941 2.718
0.905 6.949 2.616
0.886 6.960 2.502
0.869 6.972 2.387
0.852 6.986 2.281
0.837 7.002 2.186
0.823 7.019 2.102
0.811 7.038 2.029
0.799 7.058 1.966
0.788 7.080 1.912
0.779 7.103 1.866
0.770 7.127 1.827
0.763 7.151 1.794
0.756 7.177 1.766
0.750 7.204 1.744
0.744 7.231 1.725
0.740 7.259 1.710
0.736 7.287 1.695
0.732 7.315 1.682
0.729 7.344 1.669
0.727 7.373 1.657
0.725 7.402 1.646
0.723 7.430 1.636
0.722 7.459 1.626
0.721 7.487 1.616
0.720 7.515 1.608
0.719 7.542 1.599
0.718 7.569 1.592
0.718 7.595 1.584
0.717 7.621 1.577
0.717 7.647 1.571
0.717 7.672 1.565
0.717 7.697 1.559
0.717 7.722 1.554
0.717 7.746 1.550
0.718 7.770 1.546
0.718 7.794 1.543
0.718 7.818 1.541
0.719 7.842 1.539
0.719 7.866 1.538
0.720 7.890 1.538
0.721 7.914 1.539
0.721 7.937 1.540
0.722 7.961 1.542
0.723 7.985 1.543
0.724 8.010 1.544
0.724 8.034 1.545
0.725 8.058 1.546
0.726 8.083 1.548
0.727 8.108 1.549
0.727 8.134 1.550
0.728 8.159 1.551
0.728 8.185 1.552
0.729 8.212 1.554
0.730 8.239 1.555
0.730 8.266 1.556
0.730 8.266 1.557
0.728 8.292 1.559
0.727 8.319 1.560
0.726 8.345 1.561
0.725 8.370 1.563
0.724 8.396 1.564
0.724 8.421 1.565
0.724 8.446 1.567
0.724 8.471 1.568
0.725 8.496 1.569
0.725 8.520 1.571
0.726 8.545 1.572
0.727 8.569 1.574
0.728 8.593 1.576
0.729 8.618 1.577
0.730 8.642 1.579
0.731 8.666 1.582
0.732 8.690 1.584
0.733 8.714 1.586
0.733 8.739 1.589
0.734 8.763 1.591
0.735 8.787 1.594
0.735 8.812 1.597
0.735 8.836 1.600
0.735 8.861 1.602
0.735 8.886 1.605
0.734 8.911 1.608
0.733 8.936 1.612
0.732 8.962 1.615
0.730 8.987 1.618
0.728 9.013 1.622
0.725 9.040 1.626
0.722 9.066 1.630
0.719 9.093 1.634
0.715 9.120 1.639
0.711 9.147 1.643
0.707 9.175 1.649
0.702 9.202 1.654
0.698 9.229 1.660
0.695 9.256 1.662
0.691 9.283 1.656
0.689 9.309 1.641
0.687 9.335 1.616
0.687 9.360 1.581
0.687 9.384 1.535
0.689 9.408 1.475
0.693 9.430 1.401
0.698 9.452 1.311
0.705 9.472 1.205
0.714 9.491 1.083
0.725 9.509 0.951
0.738 9.525 0.812
0.753 9.541 0.684
0.769 9.555 0.577
0.788 9.568 0.488
0.808 9.579 0.414
0.829 9.590 0.352
0.851 9.600 0.301
0.875 9.609 0.257
0.900 9.616 0.220
0.926 9.623 0.188
0.952 9.630 0.160
0.980 9.635 0.136
1.007 9.640 0.116
1.036 9.644 0.098
1.065 9.647 0.082
1.094 9.650 0.065
1.123 9.652 0.049
1.152 9.653 0.034
1.182 9.655 0.020
1.211 9.655 0.006
1.239 9.656 -0.006
1.268 9.656 -0.018
1.295 9.656 -0.028
1.323 9.656 -0.036
1.349 9.655 -0.044
1.375 9.654 -0.050
1.401 9.653 -0.054
1.426 9.652 -0.048
1.451 9.651 -0.034
1.476 9.650 -0.032
1.602 9.641 -0.046
1.618 9.640 -0.085
1.634 9.639 -0.152
1.650 9.637 -0.169
1.667 9.636 -0.133
1.683 9.635 -0.108
1.699 9.634 -0.090
1.716 9.633 -0.076
1.733 9.632 -0.062
1.749 9.631 -0.049
1.766 9.630 -0.036
1.783 9.629 -0.022
1.800 9.629 -0.008
1.816 9.628 0.006
1.833 9.628 0.021
1.850 9.628 0.035
1.867 9.628 0.050
1.884 9.628 0.065
1.901 9.629 0.080
1.917 9.629 0.094
1.934 9.630 0.109
1.951 9.632 0.123
1.968 9.633 0.137
1.984 9.635 0.151
2.001 9.637 0.164
2.017 9.640 0.178
2.034 9.643 0.192
2.050 9.646 0.206
2.066 9.650 0.220
2.082 9.654 0.234
2.098 9.658 0.249
2.114 9.663 0.264
2.130 9.668 0.279
2.145 9.673 0.294
2.161 9.679 0.310
2.177 9.684 0.326
2.192 9.690 0.345
2.208 9.696 0.369
2.223 9.703 0.401
2.239 9.709 0.443
2.254 9.715 0.499
2.270 9.722 0.576
2.285 9.729 0.686
2.301 9.735 0.757
2.258 9.717 0.684
2.282 9.727 0.531
2.305 9.737 0.384
2.328 9.747 0.301
2.351 9.757 0.270
2.375 9.766 0.266
2.398 9.775 0.272
2.422 9.784 0.276
2.445 9.793 0.278
2.469 9.801 0.278
2.493 9.808 0.276
2.517 9.816 0.270
2.541 9.823 0.263
2.566 9.829 0.253
2.590 9.835 0.240
2.615 9.841 0.225
2.639 9.846 0.208
2.664 9.851 0.188
2.688 9.855 0.166
2.713 9.859 0.143
2.738 9.862 0.122
2.763 9.865 0.101
2.788 9.868 0.080
2.813 9.870 0.060
2.838 9.871 0.041
2.863 9.872 0.023
2.888 9.873 0.005
2.913 9.873 -0.013
2.938 9.873 -0.030
2.963 9.873 -0.047
2.989 9.872 -0.063
3.014 9.870 -0.079
3.039 9.869 -0.095
3.064 9.866 -0.110
3.089 9.864 -0.125
3.114 9.861 -0.140
3.139 9.858 -0.154
3.163 9.854 -0.168
3.188 9.850 -0.181
3.213 9.846 -0.194
3.238 9.841 -0.206
3.262 9.836 -0.218
3.287 9.831 -0.230
3.311 9.825 -0.241
3.335 9.819 -0.251
3.360 9.813 -0.261
3.384 9.807 -0.272
3.408 9.800 -0.283
3.432 9.793 -0.293
3.456 9.786 -0.304
3.480 9.779 -0.315
3.504 9.771 -0.326
3.528 9.763 -0.338
3.552 9.755 -0.349
3.576 9.747 -0.361
3.599 9.738 -0.372
3.623 9.730 -0.384
3.646 9.721 -0.397
3.670 9.711 -0.409
3.693 9.702 -0.421
3.716 9.692 -0.434
3.739 9.682 -0.447
3.762 9.672 -0.460
3.784 9.661 -0.473
3.807 9.650 -0.486
3.829 9.638 -0.500
3.851 9.626 -0.513
3.873 9.614 -0.527
3.895 9.602 -0.541
3.916 9.589 -0.556
3.938 9.576 -0.570
3.959 9.562 -0.585
3.979 9.548 -0.600
4.000 9.534 -0.615
4.020 9.519 -0.630
4.041 9.504 -0.646
4.061 9.489 -0.662
4.080 9.473 -0.678
4.100 9.458 -0.694
4.119 9.441 -0.710
4.138 9.425 -0.727
4.157 9.408 -0.743
4.175 9.391 -0.760
4.193 9.374 -0.777
4.211 9.356 -0.795
4.229 9.338 -0.812
4.247 9.320 -0.830
4.264 9.302 -0.847
4.281 9.283 -0.865
4.297 9.264 -0.883
4.314 9.245 -0.902
4.330 9.226 -0.920
4.346 9.207 -0.939
4.361 9.187 -0.957
4.376 9.167 -0.976
4.391 9.147 -0.995
4.406 9.126 -1.014
4.420 9.106 -1.014
4.420 9.106 -1.014
4.420 9.106 -1.014
4.420 9.106 -1.014
4.420 9.106 -1.014
4.420 9.106 -1.014
4.420 9.106 -1.014
4.420 9.106 -1.014
4.420 9.106 -1.014
4.420 9.106 -1.014
4.420 9.106 -1.014
4.420 9.106 -1.014
4.420 9.106 -1.014
4.420 9.106 -1.014
4.420 9.106 -1.014
4.420 9.106 -1.014
4.420 9.106 -1.014
4.420 9.106 -1.014
4.420 9.106 -1.014
4.420 9.106 -1.014
4.420 9.106 -1.014
4.420 9.106 -1.014
4.420 9.106 -1.014
4.420 9.106 -1.014
4.420 9.106 -1.014
4.420 9.106 -1.014
4.420 9.106 -1.014
4.420 9.106 -1.014
4.420 9.106 -1.014
4.420 9.106 -1.014
4.420 9.106 -1.014
4.420 9.106 -1.014
4.420 9.106 -1.014
4.420 9.106 -1.014
4.420 9.106 -1.014
4.420 9.106 -1.014
4.420 9.106 -1.014
4.420 9.106 -1.014
4.420 9.106 -1.014
4.420 9.106 -1.014
4.420 9.106 -1.014
4.420 9.106 -1.014
4.420 9.106 -1.014
4.420 9.106 -1.014
4.420 9.106 -1.014
