0.3400 5.2360 -1.4835
0.3452 5.2019 -1.5051
0.3492 5.1684 -1.5247
0.3522 5.1353 -1.5423
0.3541 5.1026 -1.5576
0.3553 5.0703 -1.5705
0.3557 5.0384 -1.5810
0.3555 5.0066 -1.5889
0.3549 4.9751 -1.5943
0.3538 4.9437 -1.5970
0.3525 4.9124 -1.5970
0.3511 4.8810 -1.5944
0.3497 4.8497 -1.5891
0.3484 4.8182 -1.5812
0.3473 4.7866 -1.5708
0.3466 4.7548 -1.5579
0.3463 4.7228 -1.5427
0.3466 4.6904 -1.5253
0.3476 4.6576 -1.5057
0.3494 4.6243 -1.4843
0.3521 4.5906 -1.4611
0.3558 4.5564 -1.4364
0.3605 4.5219 -1.4113
0.3661 4.4870 -1.3867
0.3726 4.4519 -1.3625
0.3800 4.4167 -1.3384
0.3883 4.3814 -1.3144
0.3976 4.3460 -1.2903
0.4077 4.3108 -1.2659
0.4187 4.2757 -1.2410
0.4306 4.2408 -1.2156
0.4433 4.2062 -1.1895
0.4569 4.1720 -1.1624
0.4713 4.1383 -1.1344
0.4866 4.1051 -1.1051
0.5026 4.0724 -1.0744
0.5195 4.0405 -1.0421
0.5372 4.0093 -1.0080
0.5557 3.9789 -0.9719
0.5749 3.9495 -0.9336
0.5950 3.9210 -0.8927
0.6158 3.8936 -0.8491
0.6373 3.8673 -0.8025
0.6596 3.8422 -0.7527
0.6827 3.8184 -0.7007
0.7064 3.7960 -0.6480
0.7309 3.7750 -0.5946
0.7560 3.7555 -0.5408
0.7819 3.7376 -0.4865
0.8085 3.7213 -0.4320
0.8357 3.7068 -0.3774
0.8636 3.6941 -0.3229
0.8921 3.6833 -0.2685
0.9213 3.6744 -0.2144
0.9512 3.6676 -0.1607
0.9816 3.6629 -0.1104
1.0127 3.6601 -0.0664
1.0442 3.6590 -0.0285
1.0761 3.6592 0.0032
1.1084 3.6606 0.0291
1.1410 3.6629 0.0492
1.1737 3.6657 0.0638
1.2066 3.6687 0.0730
1.2395 3.6718 0.0770
1.2723 3.6747 0.0757
1.3051 3.6770 0.0693
1.3377 3.6786 0.0604
1.3701 3.6797 0.0521
1.4025 3.6803 0.0442
1.4347 3.6805 0.0368
1.4669 3.6803 0.0299
1.4990 3.6799 0.0235
1.5311 3.6792 0.0176
1.5631 3.6785 0.0121
1.5952 3.6776 0.0072
1.6272 3.6769 0.0027
1.6593 3.6762 -0.0013
1.6914 3.6757 -0.0048
1.7235 3.6754 -0.0078
1.7557 3.6752 -0.0103
1.7879 3.6752 -0.0123
1.8202 3.6753 -0.0138
1.8524 3.6755 -0.0148
1.8847 3.6757 -0.0153
1.9170 3.6759 -0.0154
1.9492 3.6761 -0.0149
1.9815 3.6763 -0.0140
2.0137 3.6765 -0.0128
2.0460 3.6767 -0.0116
2.0783 3.6769 -0.0105
2.1105 3.6770 -0.0094
2.1428 3.6772 -0.0084
2.1750 3.6773 -0.0074
2.2072 3.6774 -0.0064
2.2395 3.6775 -0.0054
2.2717 3.6776 -0.0045
2.3040 3.6776 -0.0037
2.3362 3.6777 -0.0028
2.3684 3.6777 -0.0020
2.4006 3.6778 -0.0013
2.4329 3.6778 -0.0005
2.4651 3.6778 0.0002
2.4973 3.6778 0.0008
2.5295 3.6778 0.0014
2.5617 3.6778 0.0020
2.5939 3.6778 0.0025
2.6261 3.6777 0.0031
2.6584 3.6777 0.0035
2.6906 3.6777 0.0039
2.7228 3.6776 0.0043
2.7550 3.6776 0.0047
2.7872 3.6775 0.0050
2.8194 3.6774 0.0053
2.8516 3.6774 0.0055
2.8838 3.6773 0.0058
2.9160 3.6772 0.0059
2.9482 3.6772 0.0061
2.9804 3.6771 0.0062
3.0126 3.6770 0.0062
3.0448 3.6769 0.0062
3.0770 3.6768 0.0062
3.1092 3.6768 0.0062
3.1414 3.6767 0.0061
3.1736 3.6766 0.0060
3.2058 3.6765 0.0058
3.2380 3.6765 0.0056
3.2702 3.6764 0.0054
3.3024 3.6763 0.0051
3.3346 3.6762 0.0048
3.3668 3.6762 0.0045
3.3990 3.6761 0.0036
3.4312 3.6761 0.0018
3.4634 3.6760 -0.0010
3.4956 3.6760 -0.0049
3.5278 3.6759 -0.0099
3.5600 3.6759 -0.0160
3.5922 3.6759 -0.0234
3.6244 3.6759 -0.0321
3.6567 3.6758 -0.0423
3.6889 3.6758 -0.0542
3.7211 3.6759 -0.0679
3.7533 3.6759 -0.0800
3.7855 3.6759 -0.0865
3.8178 3.6759 -0.0868
3.8500 3.6760 -0.0808
3.8500 3.6760 -0.0686
3.8762 3.6671 -0.0506
3.9041 3.6609 -0.0274
3.9337 3.6572 -0.0000
3.9648 3.6556 0.0307
3.9970 3.6560 0.0636
4.0304 3.6579 0.0977
4.0646 3.6611 0.1263
4.0995 3.6654 0.1448
4.1349 3.6705 0.1549
4.1707 3.6761 0.1573
4.2066 3.6819 0.1525
4.2425 3.6877 0.1403
4.2781 3.6931 0.1202
4.3134 3.6979 0.0911
4.3481 3.7019 0.0514
4.3820 3.7047 -0.0015
4.4149 3.7060 -0.0711
4.4468 3.7057 -0.1560
4.4773 3.7033 -0.2516
4.5063 3.6987 -0.3570
4.5336 3.6915 -0.4700
4.5590 3.6816 -0.5871
4.5825 3.6685 -0.7042
4.6038 3.6524 -0.8170
4.6232 3.6333 -0.9222
4.6406 3.6116 -1.0174
4.6564 3.5874 -1.1019
4.6704 3.5610 -1.1735
4.6829 3.5325 -1.2326
4.6940 3.5022 -1.2819
4.7037 3.4704 -1.3235
4.7121 3.4371 -1.3589
4.7194 3.4026 -1.3893
4.7256 3.3672 -1.4157
4.7309 3.3311 -1.4387
4.7354 3.2944 -1.4590
4.7392 3.2575 -1.4770
4.7423 3.2204 -1.4930
4.7449 3.1834 -1.5077
4.7470 3.1468 -1.5214
4.7489 3.1107 -1.5339
4.7505 3.0754 -1.5451
4.7520 3.0409 -1.5548
4.7533 3.0072 -1.5628
4.7545 2.9742 -1.5690
4.7556 2.9418 -1.5733
4.7565 2.9099 -1.5757
4.7574 2.8784 -1.5760
4.7581 2.8471 -1.5743
4.7587 2.8161 -1.5717
4.7592 2.7852 -1.5693
4.7596 2.7543 -1.5672
4.7599 2.7232 -1.5653
4.7601 2.6920 -1.5637
4.7602 2.6606 -1.5624
4.7603 2.6289 -1.5613
4.7603 2.5971 -1.5605
4.7602 2.5651 -1.5599
4.7602 2.5330 -1.5596
4.7601 2.5007 -1.5595
4.7600 2.4684 -1.5597
4.7599 2.4361 -1.5601
4.7599 2.4037 -1.5608
4.7599 2.3713 -1.5617
4.7600 2.3390 -1.5629
4.7601 2.3067 -1.5643
4.7603 2.2745 -1.5659
4.7606 2.2423 -1.5678
4.7608 2.2102 -1.5700
4.7610 2.1781 -1.5724
4.7612 2.1461 -1.5750
4.7613 2.1140 -1.5777
4.7613 2.0820 -1.5801
4.7612 2.0501 -1.5824
4.7609 2.0181 -1.5844
4.7605 1.9862 -1.5863
4.7600 1.9543 -1.5879
4.7592 1.9223 -1.5894
4.7582 1.8904 -1.5906
4.7572 1.8585 -1.5916
4.7561 1.8265 -1.5924
4.7549 1.7945 -1.5931
4.7538 1.7625 -1.5935
4.7527 1.7305 -1.5937
4.7518 1.6984 -1.5937
4.7510 1.6662 -1.5935
4.7504 1.6340 -1.5931
4.7500 1.6018 -1.5924
4.7500 1.5694 -1.5916
4.7501 1.5371 -1.5906
4.7504 1.5047 -1.5893
4.7508 1.4724 -1.5879
4.7510 1.4402 -1.5862
4.7512 1.4081 -1.5864
4.7511 1.3763 -1.5905
4.7507 1.3446 -1.5987
4.7499 1.3132 -1.6110
4.7486 1.2822 -1.6276
4.7467 1.2515 -1.6487
4.7441 1.2212 -1.6745
4.7408 1.1914 -1.7054
4.7365 1.1620 -1.7414
4.7314 1.1332 -1.7831
4.7251 1.1050 -1.8304
4.7178 1.0774 -1.8837
4.7092 1.0505 -1.9430
4.6993 1.0243 -2.0079
4.6880 0.9989 -2.0783
4.6752 0.9743 -2.1532
4.6608 0.9505 -2.2318
4.6447 0.9276 -2.3127
4.6268 0.9057 -2.3946
4.6071 0.8847 -2.4760
4.5854 0.8648 -2.5554
4.5617 0.8459 -2.6247
4.5359 0.8282 -2.6793
4.5078 0.8116 -2.7230
4.4774 0.7962 -2.7580
4.4446 0.7821 -2.7861
4.4093 0.7692 -2.8083
4.3714 0.7577 -2.9129
4.3308 0.7476 -3.0302
4.2874 0.7389 -3.1142
4.2412 0.7317 -3.1166
3.8300 0.7260 -3.0337
3.7978 0.7255 -3.0561
3.7657 0.7250 -3.0806
3.7335 0.7247 -3.1058
3.7013 0.7245 -3.1299
3.6691 0.7244 -3.1509
3.6369 0.7244 -3.1672
3.6047 0.7245 -3.1786
3.5725 0.7246 -3.1860
3.5403 0.7249 -3.1899
3.5081 0.7252 -3.1905
3.4759 0.7256 -3.1878
3.4437 0.7261 -3.1837
3.4114 0.7266 -3.1798
3.3792 0.7272 -3.1763
3.3470 0.7279 -3.1730
3.3148 0.7286 -3.1701
3.2826 0.7294 -3.1674
3.2503 0.7302 -3.1652
3.2181 0.7311 -3.1632
3.1859 0.7320 -3.1616
3.1536 0.7329 -3.1604
3.1214 0.7339 -3.1596
3.0892 0.7349 -3.1591
3.0570 0.7359 -3.1589
3.0247 0.7370 -3.1592
2.9925 0.7380 -3.1598
2.9603 0.7391 -3.1609
2.9280 0.7402 -3.1622
2.8958 0.7413 -3.1640
2.8636 0.7423 -3.1661
2.8314 0.7434 -3.1687
2.7991 0.7445 -3.1716
2.7669 0.7455 -3.1744
2.7347 0.7466 -3.1767
2.7025 0.7476 -3.1786
2.6703 0.7486 -3.1799
2.6381 0.7496 -3.1808
2.6059 0.7505 -3.1811
2.5737 0.7514 -3.1809
2.5415 0.7523 -3.1803
2.5093 0.7531 -3.1791
2.4771 0.7539 -3.1774
2.4449 0.7546 -3.1752
2.4128 0.7553 -3.1725
2.3806 0.7559 -3.1693
2.3484 0.7564 -3.1655
2.3163 0.7569 -3.1613
2.2841 0.7573 -3.1566
2.2520 0.7576 -3.1514
2.2198 0.7578 -3.1456
2.1877 0.7580 -3.1394
2.1555 0.7581 -3.1326
2.1234 0.7581 -3.1254
2.0913 0.7579 -3.1176
2.0592 0.7577 -3.1103
2.0271 0.7574 -3.1043
1.9950 0.7570 -3.0996
1.9629 0.7565 -3.0963
1.9309 0.7558 -3.0943
1.8988 0.7550 -3.0936
1.8667 0.7542 -3.0942
1.8347 0.7533 -3.0961
1.8026 0.7523 -3.0994
1.7705 0.7513 -3.1039
1.7383 0.7504 -3.1098
1.7062 0.7494 -3.1170
1.6739 0.7485 -3.1255
1.6417 0.7477 -3.1354
1.6093 0.7469 -3.1465
1.5770 0.7463 -3.1590
1.5445 0.7458 -3.1728
1.5120 0.7455 -3.1879
1.4794 0.7456 -3.2042
1.4469 0.7461 -3.2219
1.4145 0.7472 -3.2408
1.3821 0.7490 -3.2619
1.3499 0.7517 -3.2862
1.3178 0.7553 -3.3138
1.2860 0.7601 -3.3448
1.2544 0.7660 -3.3793
1.2230 0.7733 -3.4175
1.1920 0.7821 -3.4594
1.1614 0.7925 -3.5050
1.1312 0.8045 -3.5545
1.1015 0.8181 -3.6076
1.0725 0.8331 -3.6642
1.0441 0.8496 -3.7218
1.0166 0.8675 -3.7781
0.9900 0.8868 -3.8333
0.9644 0.9073 -3.8877
0.9399 0.9290 -3.9415
0.9166 0.9519 -3.9949
0.8946 0.9759 -4.0481
0.8739 1.0009 -4.1012
0.8548 1.0269 -4.1546
0.8371 1.0539 -4.2084
0.8208 1.0817 -4.2628
0.8059 1.1103 -4.3155
0.7923 1.1396 -4.3641
0.7800 1.1696 -4.4088
0.7690 1.2002 -4.4500
0.7591 1.2313 -4.4877
0.7505 1.2628 -4.5224
0.7429 1.2948 -4.5542
0.7364 1.3270 -4.5833
0.7310 1.3596 -4.6099
0.7265 1.3923 -4.6343
0.7230 1.4252 -4.6566
0.7203 1.4581 -4.6770
0.7186 1.4910 -4.6955
0.7176 1.5238 -4.7118
0.7174 1.5565 -4.7257
0.7180 1.5890 -4.7371
0.7192 1.6212 -4.7456
0.7210 1.6531 -4.7513
0.7235 1.6845 -4.7540
0.7265 1.7155 -4.7538
0.7300 1.7460 -4.7506
0.7300 1.7460 -4.7446
0.7308 1.7784 -4.7376
0.7313 1.8107 -4.7313
0.7317 1.8429 -4.7258
0.7319 1.8752 -4.7210
0.7320 1.9074 -4.7168
0.7319 1.9396 -4.7133
0.7318 1.9718 -4.7103
0.7315 2.0039 -4.7080
0.7312 2.0361 -4.7063
0.7308 2.0682 -4.7051
0.7304 2.1003 -4.7045
0.7299 2.1324 -4.7044
0.7295 2.1646 -4.7049
0.7291 2.1967 -4.7060
0.7287 2.2288 -4.7076
0.7284 2.2610 -4.7097
0.7281 2.2931 -4.7124
0.7280 2.3253 -4.7157
0.7280 2.3575 -4.7195
0.7281 2.3897 -4.7239
0.7284 2.4220 -4.7289
0.7289 2.4543 -4.7345
0.7295 2.4866 -4.7397
0.7304 2.5190 -4.7433
0.7314 2.5514 -4.7453
0.7326 2.5838 -4.7458
0.7339 2.6162 -4.7446
0.7352 2.6486 -4.7419
0.7365 2.6809 -4.7376
0.7377 2.7132 -4.7318
0.7387 2.7455 -4.7243
0.7396 2.7776 -4.7154
0.7401 2.8096 -4.7049
0.7404 2.8415 -4.6930
0.7402 2.8732 -4.6797
0.7396 2.9048 -4.6650
0.7384 2.9363 -4.6490
0.7367 2.9678 -4.6317
0.7342 2.9995 -4.6133
0.7309 3.0316 -4.5939
0.7267 3.0641 -4.5735
0.7215 3.0972 -4.5522
0.7153 3.1310 -4.5301
0.7082 3.1654 -4.5134
0.7007 3.2001 -4.5076
0.6931 3.2350 -4.5127
0.6859 3.2697 -4.5290
0.6794 3.3040 -4.5576
0.6741 3.3376 -4.6004
0.6702 3.3703 -4.6601
0.6682 3.4019 -4.7403
0.6686 3.4321 -4.8453
0.6716 3.4607 -4.9791
0.6777 3.4873 -5.1431
0.6872 3.5119 -5.3164
0.7003 3.5341 -5.4745
0.7169 3.5542 -5.6120
0.7366 3.5723 -5.7279
0.7593 3.5884 -5.8240
0.7845 3.6027 -5.9031
0.8123 3.6153 -5.9681
0.8422 3.6263 -6.0214
0.8740 3.6359 -6.0651
0.9075 3.6440 -6.1010
0.9424 3.6510 -6.1303
0.9786 3.6567 -6.1551
1.0156 3.6615 -6.1770
1.0534 3.6654 -6.1966
1.0916 3.6684 -6.2140
1.1301 3.6708 -6.2297
1.1685 3.6726 -6.2437
1.2066 3.6740 -6.2562
1.2442 3.6750 -6.2675
1.2810 3.6758 -6.2776
1.3168 3.6765 -6.2866
1.3516 3.6771 -6.2945
1.3856 3.6776 -6.3013
1.4187 3.6780 -6.3066
1.4512 3.6783 -6.3101
1.4831 3.6784 -6.3116
1.5145 3.6784 -6.3109
1.5456 3.6783 -6.3081
1.5764 3.6780 -6.3031
1.6071 3.6775 -6.2961
1.6378 3.6769 -6.2873
1.6685 3.6760 -6.2771
1.6994 3.6751 -6.2670
1.7306 3.6740 -6.2582
1.7621 3.6731 -6.2505
1.7939 3.6724 -6.2437
1.8261 3.6722 -6.2377
1.8588 3.6726 -6.2324
1.8921 3.6737 -6.2278
1.9258 3.6757 -6.2237
1.9602 3.6787 -6.2201
1.9951 3.6825 -6.2171
2.0301 3.6866 -6.2145
2.0651 3.6909 -6.2171
2.0998 3.6947 -6.2303
2.1341 3.6979 -6.2550
2.1676 3.7000 -6.2925
2.2002 3.7007 -6.3445
2.2316 3.6996 -6.4131
2.2616 3.6964 -6.5003
2.2900 3.6907 -6.6074
2.3165 3.6820 -6.7343
2.3409 3.6702 -6.8777
2.3631 3.6550 -7.0307
2.3833 3.6367 -7.1729
2.4015 3.6155 -7.2906
2.4178 3.5917 -7.3871
2.4324 3.5655 -7.4664
2.4453 3.5371 -7.5317
2.4567 3.5067 -7.5861
2.4666 3.4747 -7.6317
2.4752 3.4411 -7.6704
2.4826 3.4063 -7.7034
2.4888 3.3705 -7.7319
2.4940 3.3339 -7.7566
2.4983 3.2967 -7.7785
2.5018 3.2592 -7.7981
2.5045 3.2215 -7.8154
2.5067 3.1841 -7.8301
2.5083 3.1469 -7.8421
2.5096 3.1104 -7.8515
2.5105 3.0747 -7.8579
2.5113 3.0398 -7.8614
2.5118 3.0058 -7.8618
2.5121 2.9724 -7.8591
2.5122 2.9397 -7.8549
2.5122 2.9076 -7.8511
2.5121 2.8759 -7.8475
2.5118 2.8446 -7.8443
2.5115 2.8137 -7.8414
2.5110 2.7830 -7.8388
2.5106 2.7525 -7.8366
2.5101 2.7221 -7.8348
2.5096 2.6917 -7.8333
2.5091 2.6612 -7.8322
2.5087 2.6306 -7.8315
2.5083 2.5998 -7.8312
2.5080 2.5686 -7.8314
2.5078 2.5372 -7.8321
2.5078 2.5052 -7.8333
2.5078 2.4727 -7.8349
2.5081 2.4397 -7.8370
2.5085 2.4059 -7.8395
2.5091 2.3714 -7.8424
2.5100 2.3360 -7.8457
2.5100 2.3360 -7.8494
2.5121 2.3044 -7.8534
2.5139 2.2726 -7.8573
2.5154 2.2408 -7.8607
2.5168 2.2089 -7.8637
2.5178 2.1769 -7.8662
2.5187 2.1448 -7.8683
2.5194 2.1126 -7.8701
2.5198 2.0805 -7.8714
2.5201 2.0482 -7.8725
2.5202 2.0160 -7.8731
2.5202 1.9837 -7.8735
2.5200 1.9514 -7.8734
2.5196 1.9191 -7.8730
2.5191 1.8868 -7.8720
2.5185 1.8545 -7.8706
2.5178 1.8223 -7.8688
2.5170 1.7901 -7.8664
2.5161 1.7580 -7.8637
2.5152 1.7259 -7.8605
2.5142 1.6940 -7.8569
2.5131 1.6621 -7.8530
2.5120 1.6303 -7.8487
2.5108 1.5986 -7.8442
2.5097 1.5670 -7.8389
2.5085 1.5355 -7.8325
2.5075 1.5040 -7.8249
2.5068 1.4724 -7.8161
2.5065 1.4406 -7.8062
2.5066 1.4085 -7.7952
2.5074 1.3760 -7.7830
2.5089 1.3431 -7.7697
2.5113 1.3095 -7.7552
2.5145 1.2754 -7.7396
2.5187 1.2408 -7.7227
2.5238 1.2057 -7.7047
2.5298 1.1703 -7.6854
2.5366 1.1346 -7.6648
2.5443 1.0987 -7.6429
2.5529 1.0628 -7.6198
2.5623 1.0268 -7.5952
2.5726 0.9910 -7.5694
2.5838 0.9552 -7.5422
2.5957 0.9197 -7.5136
2.6085 0.8845 -7.4836
2.6221 0.8498 -7.4523
2.6365 0.8155 -7.4203
2.6517 0.7818 -7.3880
2.6677 0.7487 -7.3553
2.6845 0.7164 -7.3220
2.7021 0.6849 -7.2878
2.7204 0.6543 -7.2524
2.7395 0.6247 -7.2157
2.7593 0.5962 -7.1774
2.7799 0.5688 -7.1372
2.8012 0.5426 -7.0948
2.8233 0.5178 -7.0499
2.8460 0.4944 -7.0022
2.8695 0.4725 -6.9514
2.8937 0.4521 -6.8971
2.9185 0.4334 -6.8391
2.9441 0.4164 -6.7770
2.9703 0.4012 -6.7108
2.9972 0.3880 -6.6402
3.0248 0.3767 -6.5654
3.0530 0.3675 -6.4865
3.0818 0.3605 -6.4041
3.1113 0.3556 -6.3262
3.1415 0.3531 -6.2608
3.1722 0.3527 -6.2080
3.2034 0.3540 -6.1675
3.2350 0.3568 -6.1386
3.2670 0.3606 -6.1210
3.2992 0.3651 -6.1140
3.3317 0.3701 -6.1175
3.3643 0.3751 -6.1313
3.3969 0.3798 -6.1552
3.4295 0.3839 -6.1895
3.4621 0.3870 -6.2266
3.4945 0.3890 -6.2589
3.5268 0.3900 -6.2865
3.5589 0.3902 -6.3094
3.5910 0.3896 -6.3277
3.6231 0.3885 -6.3413
3.6550 0.3868 -6.3504
3.6870 0.3849 -6.3550
3.7188 0.3828 -6.3551
3.7507 0.3807 -6.3507
3.7826 0.3786 -6.3417
3.8145 0.3768 -6.3307
3.8464 0.3753 -6.3206
3.8784 0.3742 -6.3111
3.9104 0.3735 -6.3024
3.9424 0.3731 -6.2946
3.9745 0.3730 -6.2875
4.0065 0.3731 -6.2812
4.0386 0.3734 -6.2757
4.0707 0.3738 -6.2710
4.1028 0.3743 -6.2671
4.1349 0.3749 -6.2641
4.1670 0.3754 -6.2619
4.1991 0.3759 -6.2606
4.2312 0.3762 -6.2600
4.2633 0.3765 -6.2603
4.2954 0.3767 -6.2614
4.3275 0.3767 -6.2634
4.3595 0.3768 -6.2662
4.3916 0.3767 -6.2698
4.4237 0.3766 -6.2742
4.4557 0.3765 -6.2795
4.4878 0.3764 -6.2848
4.5198 0.3763 -6.2895
4.5518 0.3761 -6.2935
4.5839 0.3760 -6.2969
4.6159 0.3759 -6.2996
4.6480 0.3759 -6.3016
4.6800 0.3759 -6.3030
4.7121 0.3759 -6.3038
4.7441 0.3759 -6.3039
4.7762 0.3759 -6.3034
4.8083 0.3760 -6.3022
4.8403 0.3760 -6.3004
4.8724 0.3760 -6.2979
4.9045 0.3760 -6.2948
4.9365 0.3760 -6.2911
4.9686 0.3760 -6.2867
5.0007 0.3759 -6.2816
5.0328 0.3759 -6.2759
5.0649 0.3758 -6.2696
5.0969 0.3757 -6.2626
5.1290 0.3756 -6.2549
5.1611 0.3755 -6.2466
5.1932 0.3755 -6.2394
5.2252 0.3755 -6.2353
5.2573 0.3755 -6.2342
5.2893 0.3757 -6.2361
5.3213 0.3759 -6.2410
5.3533 0.3761 -6.2489
5.3853 0.3765 -6.2599
5.4172 0.3769 -6.2740
5.4492 0.3773 -6.2911
5.4812 0.3776 -6.3111
5.5132 0.3779 -6.3342
5.5452 0.3781 -6.3557
5.5772 0.3782 -6.3710
5.6093 0.3781 -6.3803
5.6415 0.3778 -6.3835
5.6736 0.3773 -6.3808
5.7059 0.3764 -6.3720
5.7382 0.3753 -6.3572
5.7706 0.3740 -6.3364
5.8030 0.3726 -6.3096
5.8354 0.3713 -6.2769
5.8678 0.3703 -6.2413
5.9001 0.3697 -6.2061
5.9323 0.3697 -6.1710
5.9644 0.3704 -6.1362
5.9963 0.3720 -6.1014
6.0280 0.3748 -6.0666
6.0596 0.3787 -6.0318
6.0909 0.3841 -5.9968
6.1219 0.3911 -5.9616
6.1526 0.3996 -5.9261
6.1829 0.4096 -5.8902
6.2128 0.4211 -5.8539
6.2423 0.4341 -5.8171
6.2713 0.4484 -5.7797
6.2998 0.4639 -5.7417
6.3277 0.4808 -5.7029
6.3550 0.4988 -5.6635
6.3816 0.5180 -5.6232
6.4076 0.5383 -5.5821
6.4328 0.5596 -5.5401
6.4572 0.5818 -5.4972
6.4807 0.6050 -5.4534
6.5033 0.6291 -5.4089
6.5248 0.6541 -5.3637
6.5452 0.6798 -5.3177
6.5643 0.7063 -5.2706
6.5822 0.7335 -5.2224
6.5986 0.7614 -5.1729
6.6134 0.7900 -5.1220
6.6267 0.8191 -5.0695
6.6382 0.8488 -5.0155
6.6480 0.8789 -4.9599
6.6559 0.9096 -4.9026
6.6620 0.9406 -4.8476
6.6665 0.9721 -4.7986
6.6695 1.0038 -4.7557
6.6712 1.0358 -4.7187
6.6717 1.0680 -4.6875
6.6713 1.1004 -4.6620
6.6701 1.1329 -4.6418
6.6682 1.1655 -4.6269
6.6658 1.1981 -4.6171
6.6631 1.2307 -4.6123
6.6603 1.2631 -4.6126
6.6574 1.2955 -4.6156
6.6545 1.3277 -4.6187
6.6517 1.3598 -4.6220
6.6489 1.3919 -4.6254
6.6462 1.4238 -4.6291
6.6436 1.4557 -4.6330
6.6410 1.4876 -4.6370
6.6385 1.5194 -4.6412
6.6362 1.5512 -4.6456
6.6340 1.5830 -4.6502
6.6319 1.6148 -4.6550
6.6300 1.6467 -4.6600
6.6282 1.6786 -4.6652
6.6266 1.7106 -4.6705
6.6251 1.7426 -4.6760
6.6238 1.7746 -4.6817
6.6227 1.8066 -4.6876
6.6218 1.8387 -4.6937
6.6211 1.8708 -4.6999
6.6205 1.9029 -4.7063
6.6201 1.9350 -4.7128
6.6199 1.9671 -4.7196
6.6199 1.9992 -4.7259
6.6200 2.0313 -4.7315
6.6204 2.0634 -4.7363
6.6209 2.0954 -4.7402
6.6216 2.1275 -4.7433
6.6224 2.1595 -4.7457
6.6233 2.1915 -4.7471
6.6242 2.2236 -4.7478
6.6253 2.2556 -4.7477
6.6263 2.2877 -4.7467
6.6273 2.3197 -4.7449
6.6284 2.3517 -4.7424
6.6294 2.3838 -4.7390
6.6303 2.4159 -4.7348
6.6311 2.4480 -4.7299
6.6318 2.4801 -4.7241
6.6324 2.5122 -4.7176
6.6329 2.5443 -4.7103
6.6332 2.5764 -4.7023
6.6333 2.6085 -4.6935
6.6333 2.6406 -4.6840
6.6330 2.6726 -4.6753
6.6325 2.7046 -4.6690
6.6317 2.7366 -4.6650
6.6307 2.7686 -4.6634
6.6294 2.8005 -4.6641
6.6278 2.8324 -4.6670
6.6261 2.8643 -4.6723
6.6243 2.8962 -4.6799
6.6226 2.9280 -4.6898
6.6209 2.9599 -4.7022
6.6195 2.9919 -4.7169
6.6185 3.0239 -4.7314
6.6178 3.0560 -4.7430
6.6177 3.0882 -4.7519
6.6181 3.1205 -4.7578
6.6193 3.1529 -4.7609
6.6213 3.1855 -4.7611
6.6238 3.2182 -4.7584
6.6267 3.2510 -4.7526
6.6296 3.2837 -4.7438
6.6322 3.3164 -4.7318
6.6340 3.3489 -4.7165
6.6349 3.3813 -4.6907
6.6345 3.4134 -4.6467
6.6323 3.4452 -4.5847
6.6282 3.4767 -4.5056
6.6218 3.5077 -4.4116
6.6128 3.5382 -4.3065
6.6009 3.5682 -4.2162
6.5864 3.5977 -4.1592
6.5700 3.6267 -4.1308
6.5524 3.6554 -4.1285
6.5342 3.6838 -4.1521
6.5161 3.7120 -4.1961
6.4988 3.7400 -4.2544
6.4830 3.7679 -4.3290
6.4693 3.7959 -4.4221
6.4583 3.8239 -4.5348
6.4507 3.8521 -4.6554
6.4472 3.8804 -4.7697
6.4475 3.9090 -4.8744
6.4512 3.9378 -4.9678
6.4580 3.9668 -5.0493
6.4675 3.9961 -5.1160
6.4792 4.0255 -5.1662
6.4927 4.0551 -5.2018
6.5077 4.0850 -5.2242
6.5238 4.1150 -5.2345
6.5404 4.1452 -5.2332
6.5574 4.1756 -5.2204
6.5741 4.2062 -5.1959
6.5903 4.2369 -5.1588
6.6056 4.2678 -5.1080
6.6195 4.2989 -5.0422
6.6316 4.3302 -4.9703
6.6416 4.3616 -4.9032
6.6492 4.3931 -4.8418
6.6545 4.4248 -4.7871
6.6579 4.4566 -4.7394
6.6596 4.4886 -4.6990
6.6598 4.5206 -4.6660
6.6587 4.5527 -4.6403
6.6565 4.5849 -4.6217
6.6536 4.6171 -4.6102
6.6502 4.6494 -4.6055
6.6464 4.6818 -4.6059
6.6425 4.7141 -4.6095
6.6388 4.7465 -4.6164
6.6355 4.7789 -4.6265
6.6325 4.8112 -4.6399
6.6301 4.8435 -4.6566
6.6282 4.8758 -4.6767
6.6270 4.9080 -4.7002
6.6265 4.9401 -4.7274
6.6268 4.9722 -4.7582
6.6279 5.0042 -4.7927
6.6300 5.0360 -4.8291
6.6331 5.0678 -4.8657
6.6373 5.0994 -4.9025
6.6427 5.1308 -4.9395
6.6492 5.1621 -4.9767
6.6569 5.1932 -5.0141
6.6658 5.2240 -5.0518
6.6758 5.2546 -5.0897
6.6868 5.2848 -5.1278
6.6990 5.3148 -5.1663
6.7122 5.3443 -5.2030
6.7264 5.3735 -5.2357
6.7416 5.4022 -5.2645
6.7578 5.4304 -5.2893
6.7749 5.4582 -5.3102
6.7930 5.4854 -5.3272
6.8118 5.5121 -5.3403
6.8312 5.5384 -5.3496
6.8510 5.5644 -5.3552
6.8709 5.5902 -5.3570
6.8908 5.6159 -5.3552
6.9104 5.6416 -5.3472
6.9296 5.6672 -5.3301
6.9482 5.6930 -5.3037
6.9659 5.7191 -5.2676
6.9825 5.7454 -5.2210
6.9979 5.7721 -5.1633
7.0118 5.7994 -5.0940
7.0241 5.8271 -5.0128
7.0344 5.8556 -4.9202
7.0427 5.8848 -4.8174
7.0488 5.9149 -4.7070
7.0523 5.9458 -4.6112
7.0532 5.9778 -4.5472
7.0511 6.0109 -4.5110
7.0460 6.0452 -4.5010
7.0376 6.0807 -4.5179
7.0256 6.1176 -4.5657
7.0100 6.1560 -4.6239
7.0100 6.1560 -4.6632
7.0136 6.1865 -4.6790
7.0155 6.2176 -4.6703
7.0157 6.2492 -4.6394
7.0144 6.2811 -4.6005
7.0115 6.3133 -4.5635
7.0071 6.3456 -4.5274
7.0012 6.3779 -4.4912
6.9938 6.4101 -4.4540
6.9849 6.4422 -4.4150
6.9746 6.4740 -4.3733
6.9630 6.5053 -4.3280
6.9499 6.5362 -4.2781
6.9356 6.5664 -4.2226
6.9199 6.5959 -4.1599
6.9030 6.6246 -4.0932
6.8848 6.6523 -4.0269
6.8654 6.6789 -3.9616
6.8448 6.7044 -3.8980
6.8231 6.7287 -3.8365
6.8002 6.7515 -3.7775
6.7763 6.7729 -3.7215
6.7513 6.7927 -3.6686
6.7252 6.8108 -3.6190
6.6981 6.8270 -3.5727
6.6701 6.8415 -3.5297
6.6412 6.8541 -3.4899
6.6115 6.8652 -3.4532
6.5811 6.8747 -3.4196
6.5500 6.8830 -3.3888
6.5185 6.8901 -3.3607
6.4866 6.8962 -3.3352
6.4543 6.9015 -3.3122
6.4217 6.9060 -3.2915
6.3890 6.9099 -3.2731
6.3563 6.9134 -3.2568
6.3236 6.9166 -3.2426
6.2910 6.9197 -3.2294
6.2585 6.9225 -3.2161
6.2261 6.9252 -3.2026
6.1938 6.9276 -3.1891
6.1617 6.9297 -3.1756
6.1296 6.9316 -3.1620
6.0977 6.9332 -3.1485
6.0658 6.9345 -3.1350
6.0341 6.9354 -3.1216
6.0025 6.9359 -3.1083
5.9710 6.9361 -3.0951
5.9396 6.9359 -3.0821
5.9083 6.9352 -3.0693
5.8769 6.9340 -3.0567
5.8455 6.9321 -3.0444
5.8137 6.9296 -3.0323
5.7816 6.9263 -3.0204
5.7491 6.9221 -3.0089
5.7159 6.9170 -2.9977
5.6821 6.9109 -2.9868
5.6478 6.9041 -2.9762
5.6133 6.8969 -2.9708
5.5786 6.8897 -2.9754
5.5442 6.8828 -2.9903
5.5101 6.8768 -3.0161
5.4767 6.8718 -3.0543
5.4442 6.8684 -3.1068
5.4128 6.8668 -3.1766
5.3828 6.8674 -3.2668
5.3543 6.8707 -3.3809
5.3276 6.8770 -3.5210
5.3030 6.8866 -3.6860
5.2805 6.8997 -3.8538
5.2600 6.9160 -4.0017
5.2415 6.9355 -4.1273
5.2249 6.9578 -4.2313
5.2100 6.9826 -4.3166
5.1968 7.0098 -4.3861
5.1851 7.0392 -4.4428
5.1749 7.0705 -4.4889
5.1660 7.1034 -4.5262
5.1584 7.1378 -4.5563
5.1520 7.1734 -4.5801
5.1466 7.2099 -4.5999
5.1422 7.2472 -4.6178
5.1387 7.2851 -4.6339
5.1359 7.3232 -4.6485
5.1338 7.3614 -4.6618
5.1322 7.3994 -4.6741
5.1311 7.4370 -4.6854
5.1304 7.4740 -4.6958
5.1300 7.5101 -4.7056
5.1297 7.5452 -4.7148
5.1296 7.5793 -4.7234
5.1295 7.6127 -4.7316
5.1296 7.6453 -4.7390
5.1298 7.6773 -4.7454
5.1299 7.7035 -4.7506
5.1300 7.7243 -4.7543
5.1301 7.7450 -4.7561
5.1302 7.7655 -4.7559
5.1303 7.7860 -4.7531
5.1303 7.8065 -4.7477
5.1303 7.8270 -4.7395
5.1303 7.8475 -4.7293
5.1302 7.8680 -4.7181
5.1300 7.8887 -4.7064
5.1297 7.9094 -4.6945
5.1294 7.9303 -4.6826
5.1290 7.9513 -4.6712
5.1285 7.9724 -4.6605
5.1279 7.9936 -4.6506
5.1272 8.0148 -4.6419
5.1264 8.0362 -4.6342
5.1255 8.0575 -4.6276
5.1244 8.0790 -4.6216
5.1241 8.0852 -4.6154
5.1223 8.1175 -4.6090
5.1202 8.1498 -4.6023
5.1178 8.1821 -4.5953
5.1151 8.2145 -4.5878
5.1120 8.2468 -4.5799
5.1086 8.2790 -4.5713
5.1048 8.3111 -4.5621
5.1006 8.3431 -4.5521
5.0960 8.3749 -4.5412
5.0910 8.4067 -4.5296
5.0856 8.4384 -4.5178
5.0797 8.4699 -4.5057
5.0733 8.5013 -4.4933
5.0665 8.5326 -4.4807
5.0592 8.5637 -4.4678
5.0513 8.5947 -4.4547
5.0429 8.6256 -4.4413
5.0340 8.6563 -4.4276
5.0246 8.6869 -4.4137
5.0146 8.7174 -4.3996
5.0041 8.7477 -4.3853
4.9932 8.7778 -4.3707
4.9818 8.8078 -4.3559
4.9700 8.8377 -4.3409
4.9578 8.8674 -4.3257
4.9452 8.8970 -4.3103
4.9322 8.9265 -4.2947
4.9189 8.9558 -4.2790
4.9053 8.9849 -4.2631
4.8913 9.0140 -4.2471
4.8771 9.0428 -4.2311
4.8626 9.0715 -4.2154
4.8477 9.1001 -4.1998
4.8325 9.1284 -4.1844
4.8169 9.1565 -4.1691
4.8009 9.1843 -4.1540
4.7846 9.2119 -4.1391
4.7678 9.2392 -4.1243
4.7505 9.2663 -4.1096
4.7328 9.2930 -4.0951
4.7147 9.3194 -4.0807
4.6960 9.3454 -4.0664
4.6769 9.3712 -4.0521
4.6573 9.3965 -4.0380
4.6373 9.4216 -4.0239
4.6169 9.4463 -4.0099
4.5961 9.4708 -3.9960
4.5749 9.4949 -3.9821
4.5534 9.5188 -3.9682
4.5315 9.5424 -3.9544
4.5094 9.5657 -3.9406
4.4870 9.5888 -3.9268
4.4643 9.6117 -3.9130
4.4414 9.6343 -3.8992
4.4183 9.6567 -3.8853
4.3950 9.6788 -3.8714
4.3714 9.7006 -3.8575
4.3476 9.7222 -3.8436
4.3235 9.7434 -3.8296
4.2991 9.7643 -3.8155
4.2745 9.7849 -3.8013
4.2496 9.8051 -3.7870
4.2245 9.8250 -3.7726
4.1990 9.8445 -3.7582
4.1733 9.8636 -3.7435
4.1473 9.8823 -3.7288
4.1210 9.9005 -3.7139
4.0943 9.9183 -3.6988
4.0674 9.9357 -3.6836
4.0402 9.9525 -3.6682
4.0126 9.9689 -3.6526
3.9847 9.9848 -3.6368
3.9564 10.0001 -3.6207
3.9278 10.0149 -3.6044
3.8989 10.0292 -3.5879
3.8696 10.0429 -3.5710
3.8400 10.0560 -3.5539
3.8400 10.0560 -3.5366
3.8101 10.0685 -3.5191
3.7800 10.0803 -3.5015
3.7498 10.0915 -3.4838
3.7194 10.1022 -3.4662
3.6889 10.1122 -3.4485
3.6583 10.1217 -3.4309
3.6276 10.1306 -3.4135
3.5967 10.1389 -3.3963
3.5657 10.1468 -3.3796
3.5346 10.1542 -3.3633
3.5035 10.1611 -3.3474
3.4722 10.1676 -3.3319
3.4408 10.1736 -3.3167
3.4093 10.1792 -3.3020
3.3778 10.1844 -3.2876
3.3461 10.1893 -3.2735
3.3144 10.1937 -3.2598
3.2826 10.1979 -3.2464
3.2508 10.2017 -3.2334
3.2189 10.2052 -3.2208
3.1869 10.2085 -3.2086
3.1549 10.2114 -3.1966
3.1229 10.2142 -3.1849
3.0908 10.2167 -3.1733
3.0587 10.2190 -3.1619
3.0265 10.2210 -3.1507
2.9944 10.2227 -3.1394
2.9623 10.2240 -3.1282
2.9301 10.2248 -3.1169
2.8980 10.2252 -3.1056
2.8659 10.2250 -3.0941
2.8339 10.2243 -3.0824
2.8020 10.2229 -3.0705
2.7701 10.2208 -3.0583
2.7382 10.2180 -3.0457
2.7065 10.2144 -3.0327
2.6749 10.2099 -3.0191
2.6434 10.2048 -3.0049
2.6119 10.1991 -2.9899
2.5805 10.1927 -2.9747
2.5492 10.1859 -2.9601
2.5179 10.1787 -2.9460
2.4971 10.1737 -2.9325
2.4763 10.1686 -2.9198
2.4556 10.1633 -2.9080
2.4348 10.1580 -2.8971
2.4140 10.1527 -2.8873
2.3933 10.1473 -2.8786
2.3725 10.1419 -2.8711
2.3518 10.1365 -2.8651
2.3311 10.1311 -2.8606
2.3103 10.1258 -2.8583
2.2896 10.1206 -2.8581
2.2688 10.1154 -2.8602
2.2481 10.1103 -2.8645
2.2273 10.1053 -2.8711
2.2065 10.1004 -2.8800
2.1857 10.0956 -2.8911
2.1648 10.0910 -2.9042
2.1440 10.0864 -2.9192
2.1231 10.0821 -2.9360
2.1021 10.0779 -2.9528
2.0812 10.0739 -2.9684
2.0602 10.0700 -2.9828
2.0391 10.0664 -2.9963
2.0180 10.0630 -3.0088
1.9969 10.0597 -3.0206
1.9757 10.0568 -3.0317
1.9545 10.0540 -3.0422
1.9332 10.0515 -3.0522
1.9118 10.0492 -3.0616
1.8904 10.0472 -3.0707
1.8690 10.0453 -3.0798
1.8476 10.0437 -3.0891
1.8262 10.0422 -3.0984
1.8047 10.0410 -3.1075
1.7833 10.0399 -3.1161
1.7619 10.0389 -3.1240
1.7619 10.0389 -3.1311
1.7298 10.0378 -3.1374
1.6978 10.0370 -3.1427
1.6658 10.0364 -3.1473
1.6340 10.0361 -3.1494
1.6023 10.0360 -3.1479
1.5708 10.0361 -3.1433
1.5394 10.0362 -3.1360
1.5081 10.0363 -3.1259
1.4766 10.0363 -3.1132
1.4451 10.0359 -3.0980
1.4133 10.0351 -3.0800
1.3811 10.0337 -3.0594
1.3486 10.0317 -3.0358
1.3155 10.0288 -3.0090
1.2818 10.0250 -2.9858
1.2476 10.0202 -2.9730
1.2129 10.0149 -2.9704
1.1781 10.0093 -2.9786
1.1434 10.0039 -2.9984
1.1090 9.9990 -3.0313
1.0751 9.9950 -3.0791
1.0420 9.9922 -3.1444
1.0099 9.9910 -3.2304
0.9790 9.9919 -3.3400
0.9497 9.9951 -3.4746
0.9220 10.0010 -3.6197
0.8962 10.0100 -3.7579
0.8726 10.0224 -3.8849
0.8511 10.0381 -3.9986
0.8317 10.0570 -4.0985
0.8143 10.0788 -4.1855
0.7987 10.1033 -4.2608
0.7848 10.1301 -4.3261
0.7726 10.1591 -4.3829
0.7620 10.1900 -4.4324
0.7528 10.2226 -4.4759
0.7450 10.2567 -4.5143
0.7385 10.2920 -4.5485
0.7331 10.3282 -4.5792
0.7288 10.3651 -4.6069
0.7254 10.4025 -4.6320
0.7230 10.4402 -4.6549
0.7213 10.4778 -4.6760
0.7203 10.5153 -4.6956
0.7199 10.5522 -4.7138
0.7199 10.5884 -4.7310
0.7204 10.6237 -4.7469
0.7212 10.6580 -4.7614
0.7222 10.6915 -4.7741
0.7236 10.7243 -4.7850
0.7252 10.7565 -4.7938
0.7269 10.7882 -4.8005
0.7289 10.8194 -4.8048
0.7310 10.8504 -4.8067
0.7331 10.8811 -4.8060
0.7353 10.9118 -4.8028
0.7376 10.9424 -4.7970
0.7398 10.9732 -4.7916
0.7420 11.0042 -4.7897
0.7442 11.0354 -4.7913
0.7466 11.0667 -4.7965
0.7492 11.0983 -4.8052
0.7521 11.1300 -4.8171
0.7555 11.1618 -4.8323
0.7593 11.1937 -4.8504
0.7638 11.2257 -4.8712
0.7689 11.2578 -4.8944
0.7749 11.2899 -4.9197
0.7817 11.3221 -4.9473
0.7895 11.3543 -4.9780
0.7985 11.3864 -5.0122
0.8085 11.4183 -5.0505
0.8197 11.4499 -5.0937
0.8321 11.4809 -5.1424
0.8459 11.5112 -5.1977
0.8609 11.5406 -5.2605
0.8773 11.5689 -5.3319
0.8951 11.5958 -5.4129
0.9144 11.6213 -5.5043
0.9352 11.6452 -5.5984
0.9575 11.6672 -5.6860
0.9815 11.6871 -5.7659
1.0070 11.7050 -5.8376
1.0341 11.7207 -5.9009
1.0624 11.7346 -5.9559
1.0919 11.7467 -6.0031
1.1225 11.7572 -6.0429
1.1538 11.7662 -6.0757
1.1858 11.7739 -6.1020
1.2183 11.7803 -6.1220
1.2512 11.7857 -6.1387
1.2842 11.7902 -6.1546
1.3173 11.7938 -6.1697
1.3502 11.7969 -6.1841
1.3829 11.7994 -6.1976
1.4153 11.8014 -6.2103
1.4476 11.8030 -6.2222
1.4797 11.8042 -6.2333
1.5117 11.8051 -6.2436
1.5436 11.8057 -6.2530
1.5754 11.8061 -6.2615
1.6072 11.8062 -6.2692
1.6389 11.8062 -6.2761
1.6706 11.8062 -6.2821
1.7023 11.8061 -6.2873
1.7341 11.8060 -6.2916
1.7660 11.8059 -6.2950
1.7979 11.8058 -6.2976
1.8299 11.8058 -6.2994
1.8619 11.8058 -6.3003
1.8940 11.8058 -6.3003
1.9260 11.8058 -6.2995
1.9581 11.8058 -6.2982
1.9903 11.8059 -6.2970
2.0224 11.8059 -6.2959
2.0545 11.8060 -6.2948
2.0866 11.8060 -6.2938
2.1187 11.8060 -6.2927
2.1508 11.8060 -6.2918
2.1829 11.8060 -6.2909
2.2149 11.8061 -6.2900
2.2470 11.8061 -6.2892
2.2790 11.8061 -6.2884
2.3110 11.8061 -6.2876
2.3430 11.8060 -6.2869
2.3750 11.8060 -6.2863
2.4071 11.8060 -6.2857
2.4391 11.8060 -6.2851
2.4711 11.8060 -6.2846
2.5031 11.8060 -6.2841
2.5351 11.8060 -6.2837
2.5672 11.8060 -6.2833
2.5992 11.8060 -6.2830
2.6312 11.8060 -6.2827
2.6633 11.8060 -6.2824
2.6953 11.8060 -6.2821
2.7274 11.8060 -6.2818
2.7594 11.8060 -6.2815
2.7914 11.8060 -6.2812
2.8235 11.8060 -6.2810
2.8555 11.8060 -6.2807
2.8876 11.8060 -6.2805
2.9196 11.8060 -6.2803
2.9516 11.8060 -6.2801
2.9837 11.8060 -6.2799
3.0157 11.8060 -6.2797
3.0478 11.8060 -6.2795
3.0798 11.8060 -6.2793
3.1118 11.8060 -6.2791
3.1439 11.8060 -6.2790
3.1759 11.8060 -6.2788
3.2079 11.8060 -6.2787
3.2400 11.8060 -6.2785
3.2720 11.8060 -6.2784
3.3040 11.8060 -6.2783
3.3361 11.8060 -6.2782
3.3681 11.8060 -6.2781
3.4001 11.8059 -6.2780
3.4322 11.8059 -6.2779
3.4642 11.8059 -6.2778
3.4963 11.8059 -6.2778
3.5283 11.8059 -6.2777
3.5603 11.8060 -6.2777
3.5924 11.8060 -6.2777
3.6244 11.8060 -6.2776
3.6564 11.8060 -6.2776
3.6885 11.8061 -6.2776
3.7205 11.8061 -6.2776
3.7525 11.8062 -6.2776
3.7846 11.8062 -6.2777
3.8166 11.8062 -6.2777
3.8487 11.8062 -6.2777
3.8807 11.8062 -6.2778
3.9127 11.8062 -6.2779
3.9448 11.8062 -6.2779
3.9768 11.8061 -6.2780
4.0088 11.8060 -6.2781
4.0409 11.8058 -6.2782
4.0729 11.8057 -6.2783
4.1050 11.8055 -6.2784
4.1370 11.8053 -6.2786
4.1690 11.8052 -6.2787
4.2011 11.8051 -6.2788
4.2331 11.8051 -6.2790
4.2652 11.8052 -6.2792
4.2972 11.8053 -6.2793
4.3292 11.8055 -6.2795
4.3613 11.8059 -6.2797
4.3933 11.8064 -6.2799
4.4253 11.8070 -6.2801
4.4573 11.8077 -6.2803
4.4894 11.8085 -6.2805
4.5214 11.8093 -6.2808
4.5534 11.8102 -6.2810
4.5854 11.8112 -6.2813
4.6175 11.8122 -6.2816
4.6495 11.8131 -6.2818
4.6815 11.8141 -6.2821
4.7135 11.8150 -6.2824
4.7456 11.8159 -6.2827
4.7776 11.8167 -6.2830
4.8096 11.8174 -6.2834
4.8416 11.8180 -6.2837
4.8737 11.8185 -6.2840
4.9057 11.8189 -6.2844
4.9377 11.8191 -6.2848
4.9698 11.8191 -6.2852
5.0018 11.8189 -6.2856
5.0339 11.8185 -6.2860
5.0659 11.8179 -6.2865
5.0979 11.8171 -6.2869
5.1300 11.8160 -6.2874
5.1300 11.8160 -6.2879
5.1620 11.8144 -6.2883
5.1941 11.8129 -6.2888
5.2261 11.8117 -6.2893
5.2582 11.8105 -6.2897
5.2902 11.8096 -6.2902
5.3223 11.8087 -6.2906
5.3543 11.8080 -6.2910
5.3864 11.8074 -6.2913
5.4185 11.8069 -6.2915
5.4506 11.8065 -6.2916
5.4826 11.8062 -6.2917
5.5147 11.8060 -6.2916
5.5468 11.8058 -6.2914
5.5789 11.8057 -6.2912
5.6109 11.8057 -6.2909
5.6430 11.8057 -6.2905
5.6751 11.8057 -6.2900
5.7072 11.8057 -6.2894
5.7392 11.8058 -6.2888
5.7713 11.8059 -6.2881
5.8034 11.8059 -6.2873
5.8354 11.8060 -6.2864
5.8675 11.8060 -6.2854
5.8995 11.8060 -6.2843
5.9316 11.8059 -6.2831
5.9636 11.8059 -6.2819
5.9957 11.8058 -6.2805
6.0277 11.8057 -6.2790
6.0598 11.8056 -6.2778
6.0918 11.8055 -6.2773
6.1239 11.8055 -6.2775
6.1560 11.8055 -6.2784
6.1881 11.8055 -6.2800
6.2202 11.8057 -6.2823
6.2523 11.8059 -6.2853
6.2844 11.8061 -6.2890
6.3165 11.8065 -6.2934
6.3487 11.8068 -6.2985
6.3808 11.8070 -6.3042
6.4130 11.8071 -6.3107
6.4451 11.8070 -6.3177
6.4772 11.8065 -6.3254
6.5093 11.8057 -6.3338
6.5413 11.8045 -6.3427
6.5733 11.8027 -6.3522
6.6052 11.8004 -6.3623
6.6371 11.7974 -6.3729
6.6689 11.7937 -6.3839
6.7007 11.7893 -6.3955
6.7324 11.7844 -6.4075
6.7640 11.7791 -6.4531
6.7956 11.7735 -6.9899
6.8272 11.7677 -6.9742
6.7956 11.7735 -6.4518
6.8378 11.7658 -6.3982
6.8799 11.7581 -6.3862
6.9221 11.7508 -6.3834
6.9643 11.7442 -6.3774
7.0066 11.7386 -6.3682
7.0491 11.7342 -6.3557
7.0916 11.7313 -6.3399
7.1343 11.7295 -6.3234
7.1770 11.7288 -6.3082
7.2198 11.7290 -6.2946
7.2626 11.7299 -6.2826
7.3055 11.7313 -6.2722
7.3484 11.7331 -6.2634
7.3912 11.7351 -6.2562
7.4341 11.7371 -6.2508
7.4769 11.7391 -6.2470
7.5197 11.7409 -6.2448
7.5624 11.7425 -6.2444
7.6052 11.7439 -6.2451
7.6479 11.7450 -6.2465
7.6906 11.7458 -6.2486
7.7333 11.7461 -6.2515
7.7760 11.7460 -6.2551
7.8187 11.7455 -6.2593
7.8614 11.7445 -6.2643
7.9041 11.7432 -6.2700
7.9468 11.7417 -6.2764
7.9895 11.7402 -6.2835
8.0322 11.7388 -6.2914
8.0750 11.7375 -6.3000
8.1178 11.7366 -6.3093
8.1607 11.7360 -6.3194
8.2036 11.7359 -6.3302
8.2465 11.7361 -6.3419
8.2894 11.7363 -6.3543
8.3323 11.7364 -6.3675
8.3751 11.7360 -6.3816
8.4178 11.7349 -6.3964
8.4605 11.7330 -6.4121
8.5030 11.7299 -6.4281
8.5453 11.7253 -6.4437
8.5875 11.7193 -6.4589
8.6295 11.7118 -6.4737
8.6713 11.7031 -6.4882
8.7130 11.6933 -6.5023
8.7545 11.6825 -6.5159
8.7958 11.6709 -6.5292
8.8370 11.6588 -6.5420
8.8781 11.6461 -6.5545
8.9190 11.6331 -6.5665
8.9598 11.6200 -6.5781
9.0005 11.6066 -6.5893
9.0411 11.5932 -6.6000
9.0816 11.5796 -6.6104
9.1221 11.5660 -6.6203
9.1625 11.5523 -6.6298
9.2030 11.5386 -6.6388
9.2435 11.5249 -6.6475
9.2840 11.5113 -6.6557
9.3246 11.4976 -6.6635
9.3652 11.4839 -6.6709
9.4057 11.4699 -6.6780
9.4460 11.4556 -6.6847
9.4862 11.4409 -6.6912
9.5261 11.4255 -6.6974
9.5657 11.4095 -6.7033
9.6050 11.3927 -6.7089
9.6438 11.3750 -6.7142
9.6822 11.3564 -6.7193
9.7203 11.3371 -6.7240
9.7582 11.3172 -6.7285
9.7958 11.2969 -6.7327
9.8333 11.2762 -6.7367
9.8707 11.2554 -6.7403
9.9081 11.2346 -6.7437
9.9456 11.2139 -6.7468
9.9832 11.1934 -6.7496
10.0210 11.1733 -6.7522
10.0589 11.1535 -6.7545
10.0970 11.1340 -6.7565
10.1352 11.1148 -6.7582
10.1735 11.0959 -6.7596
10.2120 11.0773 -6.7608
10.2506 11.0589 -6.7614
10.2894 11.0409 -6.7617
10.3283 11.0231 -6.7615
10.3673 11.0055 -6.7609
10.4063 10.9879 -6.7598
10.4452 10.9703 -6.7583
10.4841 10.9525 -6.7564
10.5229 10.9344 -6.7541
10.5614 10.9159 -6.7513
10.5997 10.8969 -6.7481
10.6377 10.8772 -6.7444
10.6753 10.8568 -6.7403
10.7127 10.8359 -6.7358
10.7499 10.8147 -6.7308
10.7871 10.7933 -6.7254
10.8243 10.7721 -6.7195
10.8616 10.7513 -6.7132
10.8993 10.7311 -6.7064
10.9373 10.7117 -6.6992
10.9757 10.6934 -6.6915
11.0147 10.6762 -6.6834
11.0542 10.6602 -6.6748
11.0941 10.6450 -6.6661
11.1344 10.6305 -6.6570
11.1749 10.6167 -6.6477
11.2156 10.6032 -6.6382
11.2564 10.5899 -6.6284
11.2972 10.5767 -6.6183
11.3380 10.5634 -6.6080
11.3788 10.5498 -6.5974
11.4194 10.5363 -6.5866
11.4601 10.5228 -6.5756
11.5008 10.5095 -6.5643
11.5416 10.4966 -6.5528
11.5825 10.4843 -6.5411
11.6236 10.4728 -6.5291
11.6649 10.4620 -6.5170
11.7064 10.4523 -6.5046
11.7481 10.4436 -6.4920
11.7900 10.4358 -6.4793
11.8322 10.4287 -6.4663
11.8744 10.4222 -6.4532
11.9168 10.4161 -6.4403
11.9593 10.4101 -6.4281
12.0017 10.4043 -6.4165
12.0442 10.3983 -6.4055
12.0866 10.3921 -6.3951
12.1290 10.3856 -6.3853
12.1714 10.3790 -6.3761
12.2137 10.3726 -6.3675
12.2560 10.3664 -6.3594
12.2984 10.3605 -6.3519
12.3408 10.3553 -6.3449
12.3832 10.3507 -6.3385
12.4257 10.3470 -6.3325
12.4683 10.3443 -6.3271
12.5109 10.3426 -6.3223
12.5536 10.3418 -6.3179
12.5963 10.3416 -6.3141
12.6391 10.3420 -6.3108
12.6820 10.3427 -6.3079
12.7248 10.3437 -6.3057
12.7676 10.3448 -6.3039
12.8104 10.3458 -6.3027
12.8533 10.3466 -6.3014
12.8961 10.3472 -6.2996
12.9388 10.3476 -6.2971
12.9816 10.3478 -6.2942
13.0244 10.3478 -6.2906
13.0671 10.3476 -6.2866
13.1098 10.3472 -6.2821
13.1526 10.3467 -6.2771
13.1953 10.3461 -6.2718
13.2380 10.3453 -6.2661
13.2808 10.3444 -6.2600
13.3235 10.3434 -6.2539
13.3662 10.3423 -6.2474
13.4089 10.3412 -6.2399
13.4517 10.3399 -6.2318
13.4944 10.3387 -6.2242
13.5372 10.3373 -6.2179
13.5800 10.3360 -6.2161
13.5800 10.3360 -6.2215
13.6223 10.3421 -6.2311
13.6647 10.3479 -6.2374
13.7072 10.3532 -6.2379
13.8024 10.3640 -6.2359
13.8343 10.3671 -6.2341
13.8662 10.3701 -6.2326
13.8981 10.3728 -6.2316
13.9301 10.3753 -6.2312
13.9620 10.3775 -6.2316
13.9940 10.3796 -6.2329
14.0260 10.3813 -6.2351
14.0580 10.3829 -6.2383
14.0900 10.3842 -6.2423
14.1220 10.3852 -6.2469
14.1541 10.3860 -6.2517
14.1861 10.3866 -6.2563
14.2181 10.3869 -6.2609
14.2502 10.3869 -6.2654
14.2822 10.3866 -6.2698
14.3142 10.3861 -6.2743
14.3462 10.3853 -6.2788
14.3783 10.3843 -6.2834
14.4103 10.3832 -6.2881
14.4423 10.3819 -6.2929
14.4743 10.3806 -6.2978
14.5063 10.3794 -6.3023
14.5383 10.3782 -6.3057
14.5703 10.3772 -6.3080
14.6023 10.3764 -6.3092
14.6343 10.3759 -6.3092
14.6664 10.3757 -6.3081
14.6984 10.3760 -6.3058
14.7304 10.3767 -6.3023
14.7624 10.3777 -6.2977
14.7945 10.3789 -6.2919
14.8265 10.3802 -6.2849
14.8585 10.3814 -6.2800
14.8905 10.3824 -6.2807
14.9226 10.3830 -6.2868
14.9546 10.3831 -6.2985
14.9866 10.3825 -6.3156
15.0186 10.3812 -6.3382
15.0507 10.3790 -6.3662
15.0827 10.3757 -6.3993
15.1147 10.3712 -6.4374
15.1466 10.3655 -6.4802
15.1783 10.3586 -6.5249
15.2099 10.3506 -6.5692
15.2411 10.3413 -6.6136
15.2720 10.3308 -6.6583
15.3025 10.3192 -6.7038
15.3325 10.3063 -6.7503
15.3619 10.2922 -6.7983
15.3908 10.2769 -6.8480
15.4189 10.2605 -6.8997
15.4462 10.2428 -6.9538
15.4727 10.2239 -7.0106
15.4983 10.2038 -7.0628
15.5230 10.1825 -7.1028
15.5466 10.1600 -7.1304
15.5693 10.1365 -7.1456
15.5914 10.1123 -7.1483
15.6131 10.0878 -7.1384
15.6345 10.0633 -7.1158
15.6561 10.0389 -7.0800
15.6779 10.0152 -7.0310
15.7003 9.9923 -6.9688
15.7235 9.9707 -6.8938
15.7477 9.9505 -6.8149
15.7731 9.9322 -6.7399
15.8001 9.9160 -6.6682
15.8286 9.9022 -6.5993
15.8587 9.8907 -6.5326
15.8900 9.8817 -6.4674
15.9223 9.8749 -6.4031
15.9554 9.8704 -6.3391
15.9891 9.8682 -6.2749
16.0230 9.8681 -6.2097
16.0570 9.8702 -6.1430
16.0907 9.8744 -6.0758
16.1241 9.8806 -6.0094
16.1568 9.8888 -5.9439
16.1886 9.8990 -5.8793
16.2192 9.9112 -5.8153
16.2485 9.9252 -5.7519
16.2762 9.9410 -5.6890
16.3024 9.9586 -5.6264
16.3273 9.9777 -5.5639
16.3511 9.9982 -5.5015
16.3739 10.0200 -5.4448
16.3959 10.0430 -5.3994
16.4172 10.0669 -5.3652
16.4381 10.0917 -5.3420
16.4588 10.1172 -5.3294
16.4792 10.1433 -5.3273
16.4998 10.1698 -5.3356
16.5205 10.1966 -5.3545
16.5416 10.2235 -5.3843
16.5631 10.2503 -5.4252
16.5851 10.2767 -5.4776
16.6076 10.3023 -5.5361
16.6307 10.3269 -5.5953
16.6543 10.3502 -5.6557
16.6787 10.3719 -5.7175
16.7037 10.3917 -5.7811
16.7295 10.4094 -5.8469
16.7561 10.4246 -5.9149
16.7836 10.4371 -5.9856
16.8119 10.4465 -6.0590
16.8412 10.4528 -6.1353
16.8713 10.4562 -6.2143
16.9021 10.4570 -6.2889
16.9336 10.4557 -6.3515
16.9655 10.4527 -6.4021
16.9979 10.4482 -6.4410
17.0307 10.4428 -6.4687
17.0636 10.4367 -6.4857
17.0967 10.4304 -6.4922
17.1298 10.4243 -6.4885
17.1628 10.4186 -6.4746
17.1956 10.4139 -6.4505
17.2282 10.4101 -6.4160
17.2606 10.4073 -6.3784
17.2928 10.4053 -6.3453
17.3249 10.4040 -6.3167
17.3569 10.4033 -6.2927
17.3887 10.4032 -6.2733
17.4205 10.4034 -6.2584
17.4523 10.4038 -6.2481
17.4840 10.4045 -6.2423
17.5157 10.4052 -6.2411
17.5475 10.4058 -6.2444
17.5793 10.4063 -6.2498
17.6112 10.4066 -6.2548
17.6431 10.4067 -6.2593
17.6750 10.4067 -6.2635
17.7071 10.4066 -6.2671
17.7391 10.4065 -6.2704
17.7712 10.4063 -6.2732
17.8033 10.4061 -6.2756
17.8354 10.4060 -6.2775
17.8675 10.4059 -6.2789
17.8996 10.4058 -6.2799
17.9317 10.4059 -6.2805
17.9637 10.4062 -6.2806
17.9958 10.4066 -6.2803
18.0278 10.4071 -6.2795
18.0599 10.4078 -6.2782
18.0919 10.4086 -6.2765
18.1239 10.4094 -6.2743
18.1559 10.4104 -6.2717
18.1879 10.4114 -6.2686
18.2199 10.4125 -6.2651
18.2519 10.4136 -6.2611
18.2839 10.4147 -6.2572
18.3158 10.4158 -6.2539
18.3478 10.4170 -6.2511
18.3798 10.4181 -6.2490
18.4118 10.4193 -6.2474
18.4438 10.4203 -6.2464
18.4758 10.4214 -6.2460
18.5078 10.4223 -6.2462
18.5398 10.4232 -6.2471
18.5718 10.4240 -6.2485
18.6038 10.4247 -6.2506
18.6359 10.4253 -6.2534
18.6679 10.4257 -6.2569
18.7000 10.4260 -6.2611
18.7000 10.4260 -6.2661
18.7321 10.4260 -6.2718
18.7642 10.4257 -6.2782
18.7963 10.4252 -6.2852
18.8283 10.4245 -6.2928
18.8604 10.4236 -6.3009
18.8924 10.4226 -6.3096
18.9244 10.4214 -6.3187
18.9564 10.4203 -6.3267
18.9884 10.4191 -6.3323
19.0204 10.4179 -6.3356
19.0524 10.4169 -6.3366
19.0843 10.4159 -6.3353
19.1163 10.4150 -6.3319
19.1483 10.4144 -6.3263
19.1803 10.4140 -6.3186
19.2123 10.4138 -6.3087
19.2443 10.4140 -6.2965
19.2763 10.4145 -6.2822
19.3083 10.4154 -6.2657
19.3403 10.4167 -6.2468
19.3724 10.4185 -6.2257
19.4045 10.4208 -6.2021
19.4366 10.4236 -6.1762
19.4687 10.4270 -6.1478
19.5008 10.4310 -6.1169
19.5329 10.4358 -6.0836
19.5649 10.4412 -6.0478
19.5966 10.4476 -6.0095
19.6282 10.4548 -5.9690
19.6594 10.4629 -5.9279
19.6903 10.4721 -5.8880
19.7208 10.4823 -5.8493
19.7507 10.4937 -5.8117
19.7801 10.5063 -5.7752
19.8089 10.5202 -5.7396
19.8370 10.5354 -5.7049
19.8645 10.5520 -5.6710
19.8912 10.5697 -5.6378
19.9172 10.5887 -5.6053
19.9424 10.6087 -5.5734
19.9669 10.6298 -5.5419
19.9907 10.6518 -5.5108
20.0137 10.6746 -5.4800
20.0359 10.6983 -5.4495
20.0574 10.7226 -5.4190
20.0780 10.7477 -5.3886
20.0979 10.7732 -5.3580
20.1170 10.7993 -5.3274
20.1353 10.8258 -5.2964
20.1528 10.8528 -5.2651
20.1696 10.8802 -5.2338
20.1856 10.9081 -5.2029
20.2009 10.9363 -5.1726
20.2155 10.9648 -5.1428
20.2294 10.9938 -5.1138
20.2427 11.0230 -5.0854
20.2553 11.0526 -5.0577
20.2673 11.0824 -5.0309
20.2787 11.1125 -5.0048
20.2895 11.1429 -4.9796
20.2997 11.1735 -4.9553
20.3092 11.2043 -4.9318
20.3181 11.2354 -4.9092
20.3262 11.2666 -4.8875
20.3336 11.2979 -4.8667
20.3402 11.3294 -4.8467
20.3459 11.3610 -4.8276
20.3508 11.3927 -4.8094
20.3549 11.4245 -4.7921
20.3580 11.4564 -4.7756
20.3601 11.4882 -4.7599
20.3613 11.5202 -4.7450
20.3616 11.5521 -4.7309
20.3612 11.5841 -4.7177
20.3600 11.6160 -4.7051
20.3584 11.6480 -4.6934
20.3562 11.6800 -4.6824
20.3537 11.7120 -4.6721
20.3509 11.7441 -4.6625
20.3480 11.7761 -4.6536
20.3451 11.8081 -4.6455
20.3422 11.8402 -4.6380
20.3395 11.8722 -4.6312
20.3370 11.9042 -4.6250
20.3347 11.9363 -4.6195
20.3325 11.9683 -4.6147
20.3303 12.0003 -4.6106
20.3282 12.0323 -4.6070
20.3261 12.0642 -4.6042
20.3238 12.0962 -4.6020
20.3213 12.1281 -4.6004
20.3187 12.1600 -4.5995
20.3158 12.1918 -4.5993
20.3125 12.2236 -4.5987
20.3089 12.2554 -4.5968
20.3048 12.2871 -4.5935
20.3004 12.3188 -4.5888
20.2955 12.3505 -4.5827
20.2903 12.3821 -4.5753
20.2848 12.4136 -4.5665
20.2789 12.4451 -4.5563
20.2728 12.4766 -4.5447
20.2663 12.5080 -4.5317
20.2597 12.5394 -4.5174
20.2527 12.5708 -4.5018
20.2456 12.6021 -4.4850
20.2383 12.6334 -4.4669
20.2307 12.6646 -4.4476
20.2229 12.6957 -4.4272
20.2148 12.7268 -4.4057
20.2062 12.7577 -4.3833
20.1971 12.7885 -4.3600
20.1875 12.8191 -4.3358
20.1773 12.8495 -4.3110
20.1664 12.8796 -4.2856
20.1547 12.9095 -4.2596
20.1421 12.9391 -4.2328
20.1287 12.9684 -4.2050
20.1142 12.9973 -4.1760
20.0987 13.0258 -4.1454
20.0823 13.0539 -4.1129
20.0647 13.0814 -4.0783
20.0462 13.1082 -4.0411
20.0267 13.1342 -4.0010
20.0062 13.1594 -3.9575
19.9848 13.1836 -3.9103
19.9623 13.2068 -3.8612
19.9389 13.2289 -3.8131
19.9146 13.2498 -3.7663
19.8893 13.2693 -3.7212
19.8630 13.2875 -3.6781
19.8359 13.3043 -3.6373
19.8080 13.3198 -3.5990
19.7793 13.3340 -3.5634
19.7500 13.3471 -3.5305
19.7201 13.3591 -3.5005
19.6897 13.3702 -3.4726
19.6589 13.3803 -3.4462
19.6278 13.3896 -3.4213
19.5964 13.3981 -3.3978
19.5648 13.4059 -3.3757
19.5331 13.4132 -3.3550
19.5014 13.4199 -3.3355
19.4697 13.4261 -3.3172
19.4380 13.4318 -3.3002
19.4063 13.4371 -3.2843
19.3745 13.4420 -3.2695
19.3428 13.4465 -3.2557
19.3111 13.4505 -3.2430
19.2793 13.4542 -3.2313
19.2475 13.4574 -3.2206
19.2157 13.4604 -3.2108
19.1839 13.4630 -3.2019
19.1520 13.4652 -3.1939
19.1201 13.4672 -3.1868
19.0882 13.4689 -3.1806
19.0562 13.4703 -3.1752
19.0242 13.4715 -3.1707
18.9922 13.4725 -3.1667
18.9601 13.4733 -3.1628
18.9281 13.4740 -3.1592
18.8960 13.4745 -3.1557
18.8639 13.4749 -3.1525
18.8319 13.4753 -3.1494
18.7998 13.4756 -3.1465
18.7677 13.4759 -3.1438
18.7357 13.4762 -3.1414
18.7036 13.4765 -3.1391
18.6715 13.4768 -3.1370
18.6395 13.4771 -3.1352
18.6075 13.4773 -3.1336
18.5754 13.4775 -3.1322
18.5434 13.4775 -3.1310
18.5114 13.4775 -3.1300
18.4793 13.4774 -3.1293
18.4473 13.4771 -3.1288
18.4153 13.4767 -3.1285
18.3832 13.4761 -3.1284
18.3512 13.4753 -3.1286
18.3192 13.4744 -3.1289
18.2872 13.4734 -3.1295
18.2551 13.4723 -3.1301
18.2231 13.4712 -3.1308
18.1911 13.4701 -3.1316
18.1590 13.4690 -3.1325
18.1270 13.4681 -3.1335
18.0950 13.4673 -3.1346
18.0630 13.4666 -3.1358
18.0309 13.4662 -3.1370
17.9989 13.4660 -3.1384
17.9669 13.4661 -3.1398
17.9349 13.4664 -3.1413
17.9028 13.4670 -3.1430
17.8708 13.4678 -3.1447
17.8388 13.4687 -3.1465
17.8068 13.4697 -3.1484
17.7748 13.4708 -3.1504
17.7427 13.4719 -3.1525
17.7107 13.4731 -3.1546
17.6787 13.4742 -3.1569
17.6466 13.4752 -3.1593
17.6146 13.4762 -3.1617
17.5825 13.4770 -3.1637
17.5505 13.4776 -3.1648
17.5184 13.4782 -3.1649
17.4863 13.4786 -3.1641
17.4543 13.4788 -3.1624
17.4222 13.4789 -3.1597
17.3902 13.4788 -3.1561
17.3581 13.4785 -3.1515
17.3261 13.4781 -3.1460
17.2941 13.4775 -3.1395
17.2621 13.4767 -3.1320
17.2301 13.4757 -3.1237
17.1982 13.4745 -3.1143
17.1662 13.4731 -3.1041
17.1343 13.4714 -3.0928
17.1024 13.4696 -3.0807
17.0705 13.4674 -3.0676
17.0385 13.4650 -3.0535
17.0066 13.4623 -3.0385
16.9747 13.4594 -3.0226
16.9428 13.4561 -3.0058
16.9108 13.4524 -2.9882
16.8788 13.4485 -2.9698
16.8468 13.4442 -2.9506
16.8148 13.4395 -2.9306
16.7829 13.4343 -2.9097
16.7510 13.4286 -2.8879
16.7193 13.4222 -2.8651
16.6878 13.4152 -2.8413
16.6566 13.4073 -2.8164
16.6256 13.3986 -2.7905
16.5950 13.3890 -2.7634
16.5648 13.3783 -2.7352
16.5351 13.3666 -2.7059
16.5059 13.3537 -2.6753
16.4772 13.3395 -2.6435
16.4491 13.3240 -2.6105
16.4217 13.3074 -2.5763
16.3948 13.2896 -2.5408
16.3687 13.2707 -2.5042
16.3432 13.2508 -2.4665
16.3185 13.2300 -2.4277
16.2944 13.2082 -2.3879
16.2712 13.1856 -2.3485
16.2487 13.1623 -2.3109
16.2270 13.1382 -2.2750
16.2061 13.1135 -2.2407
16.1861 13.0883 -2.2080
16.1669 13.0624 -2.1769
16.1485 13.0361 -2.1472
16.1308 13.0093 -2.1189
16.1139 12.9820 -2.0919
16.0977 12.9544 -2.0661
16.0820 12.9263 -2.0415
16.0670 12.8979 -2.0179
16.0526 12.8692 -1.9954
16.0387 12.8402 -1.9738
16.0253 12.8110 -1.9530
16.0124 12.7815 -1.9331
15.9998 12.7518 -1.9138
15.9878 12.7220 -1.8953
15.9762 12.6919 -1.8773
15.9651 12.6617 -1.8599
15.9546 12.6313 -1.8430
15.9446 12.6008 -1.8263
15.9354 12.5701 -1.8095
15.9267 12.5392 -1.7928
15.9188 12.5081 -1.7761
15.9116 12.4769 -1.7596
15.9052 12.4455 -1.7433
15.8997 12.4139 -1.7271
15.8949 12.3822 -1.7112
15.8910 12.3504 -1.6956
15.8877 12.3185 -1.6804
15.8851 12.2864 -1.6655
15.8831 12.2544 -1.6511
15.8817 12.2222 -1.6371
15.8806 12.1901 -1.6236
15.8800 12.1580 -1.6106
15.8797 12.1259 -1.5981
15.8796 12.0938 -1.5862
15.8798 12.0619 -1.5748
15.8801 12.0300 -1.5641
15.8804 11.9982 -1.5539
15.8808 11.9666 -1.5443
15.8812 11.9349 -1.5353
15.8815 11.9033 -1.5284
15.8818 11.8716 -1.5249
15.8821 11.8398 -1.5248
15.8822 11.8079 -1.5280
15.8821 11.7758 -1.5345
15.8818 11.7435 -1.5443
15.8814 11.7110 -1.5575
15.8806 11.6782 -1.5742
15.8796 11.6451 -1.5946
15.8783 11.6117 -1.6187
15.8765 11.5781 -1.6468
15.8741 11.5444 -1.6791
15.8710 11.5108 -1.7158
15.8671 11.4773 -1.7571
15.8623 11.4441 -1.8031
15.8564 11.4113 -1.8540
15.8494 11.3790 -1.9097
15.8411 11.3474 -1.9702
15.8314 11.3164 -2.0352
15.8202 11.2864 -2.1041
15.8073 11.2573 -2.1763
15.7928 11.2293 -2.2437
15.7763 11.2026 -2.2993
15.7579 11.1771 -2.3436
15.7374 11.1532 -2.3775
15.7148 11.1306 -2.4016
15.6905 11.1094 -2.4163
15.6649 11.0890 -2.4219
15.6384 11.0694 -2.4182
15.6115 11.0501 -2.4051
15.5846 11.0309 -2.3817
15.5581 11.0115 -2.3473
15.5325 10.9916 -2.3042
15.5082 10.9710 -2.2556
15.4855 10.9493 -2.2019
15.4651 10.9263 -2.1435
15.4471 10.9017 -2.0813
15.4320 10.8753 -2.0164
15.4197 10.8472 -1.9499
15.4098 10.8177 -1.8832
15.4022 10.7870 -1.8175
15.3968 10.7552 -1.7540
15.3933 10.7225 -1.6936
15.3915 10.6891 -1.6382
15.3913 10.6553 -1.5877
15.3925 10.6211 -1.5404
15.3948 10.5867 -1.4950
15.3981 10.5525 -1.4503
15.4022 10.5184 -1.4050
15.4071 10.4848 -1.3580
15.4128 10.4516 -1.3082
15.4195 10.4189 -1.2540
15.4273 10.3869 -1.1938
15.4363 10.3555 -1.1255
15.4466 10.3249 -1.0536
15.4583 10.2952 -0.9856
15.4715 10.2665 -0.9240
15.4864 10.2387 -0.8705
15.5030 10.2120 -0.8267
15.5215 10.1865 -0.7933
15.5419 10.1623 -0.7708
15.5641 10.1392 -0.7593
15.5877 10.1170 -0.7586
15.6124 10.0955 -0.7682
15.6376 10.0745 -0.7875
15.6630 10.0536 -0.8128
15.6882 10.0327 -0.8408
15.7129 10.0115 -0.8720
15.7366 9.9898 -0.9066
15.7589 9.9674 -0.9450
15.7794 9.9439 -0.9878
15.7978 9.9193 -1.0355
15.8137 9.8931 -1.0885
15.8272 9.8656 -1.1474
15.8384 9.8369 -1.2127
15.8475 9.8070 -1.2848
15.8549 9.7762 -1.3567
15.8605 9.7445 -1.4207
15.8647 9.7121 -1.4762
15.8677 9.6792 -1.5231
15.8696 9.6458 -1.5616
15.8706 9.6121 -1.5916
15.8710 9.5783 -1.6136
15.8709 9.5444 -1.6277
15.8705 9.5106 -1.6341
15.8700 9.4771 -1.6328
15.8696 9.4440 -1.6237
15.8694 9.4112 -1.6113
15.8692 9.3787 -1.5998
15.8691 9.3464 -1.5893
15.8691 9.3144 -1.5799
15.8692 9.2825 -1.5715
15.8693 9.2508 -1.5641
15.8694 9.2192 -1.5579
15.8696 9.1876 -1.5527
15.8697 9.1560 -1.5486
15.8699 9.1244 -1.5456
15.8701 9.0928 -1.5437
15.8702 9.0610 -1.5429
15.8703 9.0291 -1.5433
15.8704 8.9971 -1.5447
15.8705 8.9651 -1.5472
15.8705 8.9331 -1.5509
15.8705 8.9010 -1.5556
15.8705 8.8688 -1.5614
15.8704 8.8367 -1.5683
15.8703 8.8045 -1.5762
15.8702 8.7724 -1.5852
15.8701 8.7402 -1.5935
15.8699 8.7081 -1.5995
15.8697 8.6760 -1.6031
15.8695 8.6440 -1.6044
15.8692 8.6120 -1.6033
15.8690 8.5800 -1.6000
15.8689 8.5479 -1.5943
15.8688 8.5159 -1.5863
15.8688 8.4839 -1.5760
15.8689 8.4519 -1.5634
15.8691 8.4199 -1.5483
15.8694 8.3878 -1.5345
15.8698 8.3557 -1.5254
15.8704 8.3236 -1.5211
15.8712 8.2915 -1.5216
15.8719 8.2593 -1.5269
15.8725 8.2272 -1.5370
15.8728 8.1950 -1.5521
15.8729 8.1629 -1.5723
15.8725 8.1308 -1.5975
15.8716 8.0988 -1.6279
15.8701 8.0668 -1.6634
15.8679 8.0349 -1.7007
15.8648 8.0030 -1.7366
15.8608 7.9713 -1.7709
15.8557 7.9397 -1.8036
15.8496 7.9082 -1.8347
15.8426 7.8769 -1.8641
15.8345 7.8458 -1.8919
15.8256 7.8148 -1.9180
15.8158 7.7841 -1.9425
15.8051 7.7537 -1.9655
15.7936 7.7236 -1.9868
15.7813 7.6937 -2.0066
15.7683 7.6642 -2.0250
15.7546 7.6351 -2.0419
15.7402 7.6063 -2.0573
15.7252 7.5780 -2.0714
15.7096 7.5500 -2.0841
15.6935 7.5223 -2.0955
15.6770 7.4950 -2.1056
15.6600 7.4678 -2.1144
15.6428 7.4408 -2.1219
15.6253 7.4140 -2.1279
15.6076 7.3873 -2.1319
15.5898 7.3606 -2.1340
15.5720 7.3339 -2.1341
15.5541 7.3072 -2.1322
15.5363 7.2804 -2.1284
15.5186 7.2534 -2.1226
15.5011 7.2263 -2.1147
15.4839 7.1990 -2.1048
15.4671 7.1716 -2.0928
15.4507 7.1439 -2.0788
15.4348 7.1159 -2.0626
15.4195 7.0877 -2.0443
15.4049 7.0592 -2.0238
15.3911 7.0303 -2.0012
15.3780 7.0012 -1.9765
15.3659 6.9716 -1.9496
15.3548 6.9417 -1.9207
15.3447 6.9113 -1.8898
15.3356 6.8806 -1.8569
15.3274 6.8496 -1.8222
15.3201 6.8184 -1.7859
15.3136 6.7869 -1.7502
15.3080 6.7551 -1.7172
15.3032 6.7232 -1.6870
15.2991 6.6912 -1.6593
15.2957 6.6591 -1.6342
15.2930 6.6269 -1.6115
15.2909 6.5948 -1.5911
15.2895 6.5626 -1.5729
15.2885 6.5304 -1.5569
15.2881 6.4983 -1.5429
15.2882 6.4662 -1.5310
15.2886 6.4342 -1.5210
15.2894 6.4022 -1.5130
15.2906 6.3702 -1.5069
15.2919 6.3382 -1.5027
15.2935 6.3062 -1.5004
15.2953 6.2742 -1.5001
15.2972 6.2423 -1.5018
15.2991 6.2103 -1.5056
15.3011 6.1783 -1.5116
15.3030 6.1464 -1.5198
15.3049 6.1144 -1.5291
15.3066 6.0824 -1.5382
15.3082 6.0505 -1.5470
15.3095 6.0185 -1.5554
15.3105 5.9865 -1.5635
15.3113 5.9544 -1.5710
15.3116 5.9224 -1.5780
15.3116 5.8903 -1.5844
15.3110 5.8582 -1.5901
15.3100 5.8260 -1.5952
15.3100 5.8260 -1.5995
15.3109 5.7939 -1.6032
15.3114 5.7617 -1.6063
15.3115 5.7296 -1.6089
15.3112 5.6975 -1.6109
15.3106 5.6653 -1.6124
15.3097 5.6332 -1.6133
15.3085 5.6011 -1.6138
15.3070 5.5690 -1.6137
15.3054 5.5370 -1.6132
15.3036 5.5049 -1.6121
15.3017 5.4728 -1.6106
15.2997 5.4407 -1.6088
15.2976 5.4086 -1.6070
15.2954 5.3766 -1.6052
15.2933 5.3445 -1.6032
15.2912 5.3124 -1.6013
15.2892 5.2804 -1.5993
15.2873 5.2483 -1.5972
15.2855 5.2162 -1.5951
15.2839 5.1841 -1.5930
15.2825 5.1521 -1.5908
15.2813 5.1200 -1.5886
15.2804 5.0879 -1.5863
15.2798 5.0558 -1.5840
15.2796 5.0237 -1.5816
15.2796 4.9916 -1.5792
15.2799 4.9595 -1.5768
15.2804 4.9274 -1.5743
15.2811 4.8953 -1.5717
15.2819 4.8632 -1.5691
15.2829 4.8311 -1.5665
15.2839 4.7990 -1.5638
15.2851 4.7669 -1.5610
15.2862 4.7348 -1.5584
15.2874 4.7026 -1.5560
15.2885 4.6705 -1.5540
15.2896 4.6384 -1.5522
15.2906 4.6063 -1.5508
15.2915 4.5741 -1.5496
15.2922 4.5420 -1.5488
15.2929 4.5099 -1.5482
15.2935 4.4778 -1.5479
15.2940 4.4457 -1.5479
15.2944 4.4135 -1.5482
15.2947 4.3814 -1.5488
15.2949 4.3493 -1.5497
15.2951 4.3172 -1.5509
15.2952 4.2850 -1.5524
15.2952 4.2529 -1.5542
15.2952 4.2208 -1.5563
15.2951 4.1887 -1.5587
15.2950 4.1566 -1.5615
15.2948 4.1244 -1.5645
15.2946 4.0923 -1.5678
15.2944 4.0602 -1.5714
15.2941 4.0281 -1.5750
15.2938 3.9959 -1.5780
15.2934 3.9638 -1.5803
15.2931 3.9317 -1.5807
15.2927 3.8996 -1.5791
15.2923 3.8675 -1.5806
15.2908 3.7560 -1.5880
15.2906 3.7347 -1.5996
15.2903 3.7133 -1.6072
15.2900 3.6920 -1.6070
15.2898 3.6706 -1.6061
15.2895 3.6493 -1.6049
15.2893 3.6279 -1.6037
15.2891 3.6066 -1.6024
15.2888 3.5852 -1.6011
15.2886 3.5639 -1.5996
15.2884 3.5426 -1.5977
15.2883 3.5212 -1.5951
15.2881 3.4999 -1.5920
15.2879 3.4785 -1.5883
15.2878 3.4572 -1.5840
15.2877 3.4358 -1.5796
15.2876 3.4145 -1.5754
15.2876 3.3931 -1.5714
15.2875 3.3718 -1.5676
15.2875 3.3505 -1.5641
15.2875 3.3291 -1.5608
15.2875 3.3078 -1.5577
15.2876 3.2864 -1.5548
15.2877 3.2651 -1.5521
15.2878 3.2437 -1.5497
15.2880 3.2224 -1.5474
15.2882 3.2011 -1.5454
15.2884 3.1797 -1.5436
15.2886 3.1584 -1.5420
15.2889 3.1370 -1.5406
15.2893 3.1157 -1.5394
15.2896 3.0944 -1.5384
15.2901 3.0730 -1.5376
15.2905 3.0517 -1.5370
15.2910 3.0303 -1.5366
15.2915 3.0090 -1.5364
15.2921 2.9877 -1.5365
15.2927 2.9663 -1.5367
15.2933 2.9450 -1.5371
15.2939 2.9236 -1.5378
15.2945 2.9023 -1.5386
15.2951 2.8810 -1.5397
15.2958 2.8596 -1.5410
15.2964 2.8383 -1.5424
15.2970 2.8169 -1.5441
15.2976 2.7956 -1.5460
15.2982 2.7743 -1.5481
15.2988 2.7529 -1.5504
15.2994 2.7316 -1.5530
15.2999 2.7102 -1.5557
15.3004 2.6889 -1.5587
15.3009 2.6676 -1.5619
15.3013 2.6462 -1.5653
15.3017 2.6249 -1.5689
15.3020 2.6035 -1.5728
15.3023 2.5822 -1.5769
15.3025 2.5608 -1.5812
15.3027 2.5395 -1.5857
15.3028 2.5182 -1.5903
15.3028 2.4968 -1.5945
15.3028 2.4755 -1.5983
15.3026 2.4541 -1.6019
15.3024 2.4328 -1.6051
15.3021 2.4114 -1.6081
15.3017 2.3901 -1.6107
15.3013 2.3687 -1.6130
15.3007 2.3474 -1.6150
15.3000 2.3260 -1.6166
15.3000 2.3260 -1.6180
15.2982 2.3054 -1.6190
15.2965 2.2846 -1.6196
15.2949 2.2637 -1.6200
15.2933 2.2427 -1.6199
15.2918 2.2217 -1.6195
15.2904 2.2005 -1.6188
15.2891 2.1792 -1.6176
15.2878 2.1579 -1.6161
15.2866 2.1365 -1.6141
15.2855 2.1150 -1.6117
15.2845 2.0935 -1.6089
15.2836 2.0720 -1.6043
15.2828 2.0503 -1.5976
15.2836 2.0720 -1.5905
15.2824 2.0395 -1.5846
15.2814 2.0070 -1.5800
15.2805 1.9745 -1.5761
15.2799 1.9419 -1.5725
15.2795 1.9093 -1.5690
15.2794 1.8768 -1.5653
15.2794 1.8443 -1.5613
15.2797 1.8119 -1.5569
15.2802 1.7795 -1.5520
15.2809 1.7473 -1.5467
15.2819 1.7153 -1.5410
15.2831 1.6834 -1.5351
15.2846 1.6516 -1.5290
15.2864 1.6201 -1.5228
15.2884 1.5889 -1.5165
15.2906 1.5579 -1.5104
15.2931 1.5271 -1.5044
15.2958 1.4965 -1.4986
15.2987 1.4659 -1.4933
15.3016 1.4352 -1.4888
15.3045 1.4043 -1.4849
15.3074 1.3730 -1.4817
15.3102 1.3414 -1.4791
15.3128 1.3092 -1.4770
15.3152 1.2764 -1.4755
15.3173 1.2428 -1.4744
15.3191 1.2083 -1.4739
15.3205 1.1728 -1.4739
15.3217 1.1367 -1.4744
15.3235 1.1008 -1.4591
15.3266 1.0662 -1.4087
15.3317 1.0337 -1.3136
15.3396 1.0043 -1.1571
15.3510 0.9790 -0.9186
15.3666 0.9587 -0.5989
15.3867 0.9438 -0.3041
15.4107 0.9337 -0.1080
15.4382 0.9279 0.0149
15.4686 0.9256 0.0892
15.5016 0.9265 0.1294
15.5365 0.9298 0.1520
15.5728 0.9350 0.1685
15.6102 0.9415 0.1795
15.6480 0.9488 0.1853
15.6857 0.9561 0.1860
15.7229 0.9631 0.1810
15.7591 0.9690 0.1676
15.7941 0.9736 0.1431
15.8280 0.9771 0.1069
15.8610 0.9795 0.0592
15.8933 0.9808 0.0014
15.9249 0.9812 -0.0555
15.9561 0.9806 -0.1020
15.9869 0.9793 -0.1382
16.0175 0.9772 -0.1646
16.0481 0.9745 -0.1815
16.0789 0.9712 -0.1892
16.1098 0.9673 -0.1879
16.1412 0.9631 -0.1773
16.1729 0.9586 -0.1575
16.2050 0.9540 -0.1280
16.2372 0.9496 -0.0885
16.2697 0.9456 -0.0437
16.3021 0.9421 0.0009
16.3346 0.9394 0.0452
16.3670 0.9377 0.0889
16.3992 0.9372 0.1320
16.4311 0.9381 0.1740
16.4627 0.9406 0.2150
16.4938 0.9449 0.2548
16.5245 0.9512 0.2932
16.5546 0.9595 0.3301
16.5843 0.9697 0.3656
16.6135 0.9815 0.4001
16.6423 0.9949 0.4345
16.6707 1.0098 0.4692
16.6987 1.0259 0.5042
16.7265 1.0433 0.5398
16.7539 1.0616 0.5763
16.7810 1.0809 0.6138
16.8079 1.1010 0.6527
16.8345 1.1217 0.6931
16.8610 1.1429 0.7352
16.8871 1.1646 0.7793
16.9126 1.1869 0.8251
16.9373 1.2098 0.8719
16.9610 1.2332 0.9201
16.9835 1.2574 0.9696
17.0045 1.2821 1.0208
17.0239 1.3076 1.0735
17.0414 1.3339 1.1280
17.0568 1.3609 1.1843
17.0699 1.3887 1.2425
17.0804 1.4174 1.3024
17.0884 1.4469 1.3640
17.0938 1.4772 1.4229
17.0972 1.5082 1.4745
17.0987 1.5397 1.5189
17.0987 1.5718 1.5560
17.0974 1.6042 1.5860
17.0951 1.6370 1.6092
17.0922 1.6700 1.6258
17.0889 1.7031 1.6360
17.0855 1.7362 1.6398
17.0822 1.7693 1.6374
17.0795 1.8022 1.6310
17.0775 1.8349 1.6234
17.0761 1.8674 1.6155
17.0753 1.8997 1.6057
17.0750 1.9319 1.5955
17.0750 1.9639 1.5929
17.0775 2.0806 1.5968
17.0781 2.1018 1.6013
17.0787 2.1230 1.6052
17.0792 2.1441 1.6059
17.0798 2.1653 1.6010
17.0802 2.1865 1.5939
17.0806 2.2078 1.5877
17.0809 2.2290 1.5823
17.0811 2.2503 1.5775
17.0812 2.2716 1.5733
17.0813 2.2929 1.5695
17.0814 2.3142 1.5661
17.0813 2.3356 1.5630
17.0813 2.3570 1.5603
17.0812 2.3783 1.5578
17.0811 2.3997 1.5555
17.0810 2.4211 1.5535
17.0808 2.4426 1.5518
17.0806 2.4640 1.5503
17.0805 2.4854 1.5491
17.0803 2.5069 1.5482
17.0802 2.5283 1.5476
17.0800 2.5498 1.5473
17.0799 2.5712 1.5472
17.0798 2.5927 1.5475
17.0798 2.6141 1.5480
17.0797 2.6356 1.5489
17.0797 2.6570 1.5500
17.0796 2.6785 1.5514
17.0796 2.6999 1.5532
17.0796 2.7213 1.5552
17.0797 2.7427 1.5575
17.0797 2.7641 1.5601
17.0797 2.7855 1.5631
17.0798 2.8068 1.5663
17.0798 2.8282 1.5699
17.0798 2.8495 1.5737
17.0799 2.8707 1.5775
17.0799 2.8920 1.5808
17.0800 2.9132 1.5837
17.0800 2.9343 1.5861
17.0800 2.9555 1.5881
17.0801 2.9766 1.5897
17.0801 2.9977 1.5907
17.0801 3.0188 1.5913
17.0801 3.0399 1.5915
17.0801 3.0610 1.5913
17.0801 3.0821 1.5906
17.0801 3.1032 1.5912
17.0801 3.1244 1.5964
17.0801 3.1457 1.6249
17.0801 3.1670 1.7363
17.0801 3.1883 1.6021
17.0801 3.1457 1.5823
17.0801 3.1776 1.5767
17.0801 3.2098 1.5732
17.0800 3.2422 1.5705
17.0800 3.2747 1.5679
17.0800 3.3076 1.5650
17.0800 3.3408 1.5657
17.0799 3.3742 1.5742
17.0794 3.4077 1.5913
17.0784 3.4412 1.6176
17.0767 3.4744 1.6538
17.0739 3.5074 1.7006
17.0699 3.5398 1.7586
17.0645 3.5716 1.8278
17.0574 3.6026 1.9078
17.0484 3.6326 1.9973
17.0373 3.6615 2.0940
17.0238 3.6892 2.1875
17.0078 3.7155 2.2697
16.9893 3.7404 2.3418
16.9686 3.7640 2.4049
16.9459 3.7862 2.4603
16.9214 3.8071 2.5091
16.8953 3.8269 2.5522
16.8679 3.8454 2.5906
16.8395 3.8629 2.6250
16.8101 3.8792 2.6560
16.7801 3.8945 2.6858
16.7497 3.9088 2.7160
16.7191 3.9222 2.7463
16.6886 3.9347 2.7768
16.6581 3.9463 2.8071
16.6276 3.9570 2.8372
16.5972 3.9670 2.8668
16.5667 3.9763 2.8959
16.5362 3.9848 2.9242
16.5055 3.9927 2.9516
16.4747 3.9999 2.9780
16.4438 4.0065 3.0012
16.4126 4.0126 3.0189
16.3811 4.0181 3.0314
16.3494 4.0232 3.0388
16.3173 4.0278 3.0411
16.2848 4.0320 3.0384
16.2519 4.0358 3.0308
16.2186 4.0393 3.0182
16.1850 4.0427 3.0006
16.1514 4.0462 2.9779
16.1178 4.0500 2.9501
16.0845 4.0544 2.9175
16.0516 4.0596 2.8802
16.0194 4.0658 2.8376
15.9880 4.0733 2.7894
15.9576 4.0822 2.7348
15.9285 4.0928 2.6734
15.9007 4.1054 2.6045
15.8744 4.1201 2.5280
15.8499 4.1372 2.4437
15.8272 4.1567 2.3521
15.8063 4.1784 2.2542
15.7870 4.2022 2.1588
15.7694 4.2279 2.0740
15.7533 4.2553 1.9997
15.7388 4.2842 1.9352
15.7256 4.3144 1.8798
15.7138 4.3458 1.8324
15.7033 4.3782 1.7922
15.6941 4.4113 1.7586
15.6860 4.4451 1.7308
15.6790 4.4793 1.7084
15.6730 4.5138 1.6909
15.6680 4.5483 1.6763
15.6640 4.5828 1.6623
15.6607 4.6169 1.6489
15.6583 4.6506 1.6363
15.6565 4.6838 1.6244
15.6554 4.7166 1.6133
15.6548 4.7491 1.6029
15.6547 4.7812 1.5933
15.6549 4.8131 1.5846
15.6555 4.8447 1.5766
15.6563 4.8762 1.5696
15.6572 4.9077 1.5634
15.6581 4.9391 1.5580
15.6591 4.9705 1.5536
15.6599 5.0020 1.5500
15.6606 5.0336 1.5474
15.6610 5.0654 1.5456
15.6614 5.0972 1.5448
15.6615 5.1292 1.5450
15.6616 5.1612 1.5460
15.6615 5.1933 1.5480
15.6614 5.2255 1.5510
15.6612 5.2577 1.5542
15.6609 5.2899 1.5573
15.6606 5.3221 1.5600
15.6603 5.3543 1.5625
15.6600 5.3865 1.5646
15.6597 5.4186 1.5665
15.6594 5.4507 1.5682
15.6592 5.4828 1.5695
15.6590 5.5149 1.5706
15.6589 5.5469 1.5714
15.6588 5.5789 1.5719
15.6588 5.6110 1.5721
15.6589 5.6430 1.5720
15.6591 5.6750 1.5717
15.6593 5.7070 1.5710
15.6596 5.7390 1.5701
15.6601 5.7710 1.5690
15.6606 5.8031 1.5675
15.6613 5.8352 1.5658
15.6620 5.8672 1.5638
15.6628 5.8993 1.5616
15.6636 5.9314 1.5594
15.6645 5.9634 1.5576
15.6655 5.9955 1.5561
15.6664 6.0275 1.5549
15.6674 6.0596 1.5541
15.6684 6.0915 1.5536
15.6693 6.1235 1.5534
15.6703 6.1554 1.5536
15.6712 6.1873 1.5541
15.6720 6.2191 1.5550
15.6727 6.2510 1.5562
15.6733 6.2829 1.5577
15.6737 6.3148 1.5596
15.6739 6.3467 1.5618
15.6739 6.3787 1.5643
15.6736 6.4108 1.5672
15.6730 6.4430 1.5705
15.6721 6.4753 1.5741
15.6709 6.5077 1.5781
15.6692 6.5402 1.5825
15.6673 6.5729 1.5872
15.6652 6.6057 1.5924
15.6633 6.6384 1.5941
15.6616 6.6711 1.5884
15.6605 6.7037 1.5751
15.6601 6.7361 1.5541
15.6607 6.7682 1.5253
15.6624 6.8001 1.4885
15.6655 6.8316 1.4438
15.6702 6.8626 1.3914
15.6767 6.8932 1.3316
15.6851 6.9232 1.2652
15.6955 6.9526 1.1933
15.7077 6.9815 1.1245
15.7216 7.0100 1.0660
15.7369 7.0380 1.0167
15.7535 7.0655 0.9759
15.7713 7.0927 0.9426
15.7899 7.1195 0.9163
15.8093 7.1460 0.8964
15.8293 7.1723 0.8826
15.8497 7.1982 0.8747
15.8703 7.2240 0.8727
15.8910 7.2496 0.8754
15.9116 7.2751 0.8815
15.9321 7.3005 0.8912
15.9523 7.3259 0.9044
15.9722 7.3514 0.9214
15.9917 7.3770 0.9422
16.0107 7.4028 0.9667
16.0291 7.4288 0.9950
16.0468 7.4552 1.0269
16.0638 7.4819 1.0622
16.0800 7.5091 1.1006
16.0952 7.5368 1.1390
16.1094 7.5650 1.1744
16.1227 7.5938 1.2069
16.1349 7.6231 1.2364
16.1463 7.6529 1.2630
16.1568 7.6831 1.2867
16.1664 7.7138 1.3077
16.1753 7.7447 1.3260
16.1835 7.7760 1.3417
16.1909 7.8076 1.3549
16.1977 7.8394 1.3656
16.2039 7.8714 1.3754
16.2096 7.9035 1.3860
16.2147 7.9358 1.3975
16.2194 7.9681 1.4100
16.2236 8.0005 1.4238
16.2275 8.0328 1.4391
16.2310 8.0651 1.4562
16.2342 8.0972 1.4756
16.2372 8.1293 1.4976
16.2400 8.1611 1.5230
16.2426 8.1928 1.5526
16.2451 8.2242 1.5832
16.2476 8.2553 1.6092
16.2500 8.2860 1.6284
16.2500 8.2860 1.6395
16.2480 8.3179 1.6427
16.2463 8.3498 1.6404
16.2448 8.3818 1.6347
16.2435 8.4139 1.6256
16.2424 8.4460 1.6131
16.2416 8.4781 1.5968
16.2409 8.5103 1.5791
16.2404 8.5425 1.5629
16.2400 8.5747 1.5483
16.2399 8.6070 1.5354
16.2399 8.6393 1.5243
16.2400 8.6715 1.5150
16.2403 8.7038 1.5075
16.2408 8.7361 1.5019
16.2413 8.7683 1.4983
16.2420 8.8006 1.4966
16.2427 8.8328 1.4968
16.2436 8.8650 1.4990
16.2446 8.8971 1.5032
16.2456 8.9292 1.5093
16.2467 8.9612 1.5174
16.2479 8.9932 1.5273
16.2492 9.0251 1.5391
16.2504 9.0569 1.5528
16.2518 9.0887 1.5682
16.2530 9.1205 1.5853
16.2542 9.1522 1.6040
16.2551 9.1840 1.6243
16.2558 9.2158 1.6433
16.2562 9.2478 1.6586
16.2563 9.2799 1.6704
16.2559 9.3121 1.6786
16.2549 9.3445 1.6835
16.2534 9.3772 1.6851
16.2513 9.4101 1.6833
16.2484 9.4433 1.6781
16.2449 9.4768 1.6696
16.2411 9.5104 1.6576
16.2369 9.5441 1.6420
16.2329 9.5779 1.6227
16.2290 9.6115 1.5994
16.2256 9.6450 1.5721
16.2228 9.6783 1.5405
16.2209 9.7112 1.5044
16.2200 9.7437 1.4637
16.2205 9.7757 1.4181
16.2224 9.8070 1.3677
16.2261 9.8378 1.3124
16.2317 9.8677 1.2524
16.2395 9.8968 1.1881
16.2496 9.9249 1.1226
16.2622 9.9521 1.0587
16.2772 9.9783 0.9967
16.2945 10.0035 0.9366
16.3139 10.0279 0.8786
16.3351 10.0515 0.8227
16.3581 10.0742 0.7688
16.3826 10.0963 0.7169
16.4085 10.1177 0.6668
16.4356 10.1385 0.6186
16.4637 10.1586 0.5720
16.4927 10.1783 0.5341
16.5224 10.1975 0.5111
16.5526 10.2163 0.5021
16.5828 10.2349 0.5070
16.6129 10.2535 0.5260
16.6423 10.2722 0.5601
16.6708 10.2913 0.6108
16.6979 10.3109 0.6801
16.7233 10.3313 0.7699
16.7466 10.3526 0.8817
16.7675 10.3749 1.0147
16.7855 10.3986 1.1518
16.8003 10.4238 1.2772
16.8116 10.4506 1.3910
16.8191 10.4792 1.4946
16.8230 10.5092 1.5895
16.8236 10.5404 1.6777
16.8209 10.5726 1.7610
16.8154 10.6052 1.8415
16.8072 10.6382 1.9207
16.7964 10.6711 2.0006
16.7835 10.7037 2.0829
16.7685 10.7357 2.1618
16.7517 10.7667 2.2291
16.7333 10.7965 2.2840
16.7136 10.8248 2.3263
16.6928 10.8515 2.3559
16.6710 10.8767 2.3731
16.6486 10.9008 2.3777
16.6257 10.9239 2.3700
16.6026 10.9464 2.3495
16.5794 10.9685 2.3160
16.5565 10.9905 2.2763
16.5339 11.0126 2.2374
16.5120 11.0350 2.1993
16.4909 11.0580 2.1622
16.4709 11.0819 2.1261
16.4521 11.1069 2.0910
16.4348 11.1330 2.0570
16.4187 11.1603 2.0242
16.4039 11.1886 1.9924
16.3904 11.2177 1.9619
16.3779 11.2476 1.9325
16.3665 11.2782 1.9042
16.3562 11.3093 1.8770
16.3468 11.3408 1.8509
16.3383 11.3727 1.8259
16.3306 11.4048 1.8019
16.3237 11.4370 1.7789
16.3175 11.4692 1.7569
16.3120 11.5013 1.7358
16.3071 11.5334 1.7156
16.3027 11.5654 1.6962
16.2988 11.5974 1.6777
16.2954 11.6293 1.6607
16.2923 11.6612 1.6459
16.2896 11.6931 1.6333
16.2871 11.7250 1.6230
16.2849 11.7569 1.6149
16.2828 11.7888 1.6091
16.2809 11.8207 1.6056
16.2790 11.8526 1.6043
16.2772 11.8846 1.6052
16.2754 11.9165 1.6084
16.2737 11.9485 1.6138
16.2719 11.9806 1.6196
16.2702 12.0126 1.6240
16.2686 12.0447 1.6270
16.2669 12.0768 1.6285
16.2653 12.1090 1.6287
16.2637 12.1412 1.6274
16.2621 12.1734 1.6247
16.2605 12.2057 1.6206
16.2589 12.2380 1.6151
16.2575 12.2703 1.6081
16.2563 12.3026 1.5980
16.2554 12.3349 1.5830
16.2551 12.3672 1.5629
16.2554 12.3995 1.5376
16.2566 12.4317 1.5072
16.2586 12.4638 1.4715
16.2617 12.4958 1.4305
16.2660 12.5276 1.3842
16.2716 12.5594 1.3329
16.2787 12.5910 1.2768
16.2874 12.6223 1.2164
16.2977 12.6535 1.1556
16.3096 12.6841 1.0976
16.3230 12.7142 1.0419
16.3379 12.7436 0.9879
16.3543 12.7722 0.9350
16.3722 12.7997 0.8827
16.3915 12.8262 0.8305
16.4122 12.8513 0.7778
16.4343 12.8751 0.7241
16.4577 12.8974 0.6688
16.4825 12.9179 0.6112
16.5085 12.9367 0.5530
16.5357 12.9538 0.4965
16.5639 12.9693 0.4420
16.5930 12.9832 0.3901
16.6230 12.9956 0.3409
16.6536 13.0066 0.2947
16.6848 13.0163 0.2517
16.7165 13.0248 0.2118
16.7486 13.0321 0.1751
16.7808 13.0384 0.1416
16.8132 13.0436 0.1113
16.8455 13.0480 0.0841
16.8778 13.0515 0.0602
16.9101 13.0542 0.0395
16.9423 13.0562 0.0219
16.9744 13.0577 0.0074
17.0065 13.0585 -0.0043
17.0386 13.0589 -0.0131
17.0707 13.0589 -0.0190
17.1027 13.0586 -0.0222
17.1348 13.0580 -0.0225
17.1668 13.0572 -0.0215
17.1989 13.0563 -0.0205
17.2309 13.0554 -0.0195
17.2630 13.0544 -0.0186
17.2951 13.0535 -0.0177
17.3272 13.0526 -0.0168
17.3593 13.0516 -0.0160
17.3914 13.0507 -0.0152
17.4236 13.0498 -0.0144
17.4557 13.0490 -0.0137
17.4879 13.0482 -0.0130
17.5200 13.0474 -0.0123
17.5522 13.0467 -0.0117
17.5843 13.0461 -0.0112
17.6165 13.0455 -0.0106
17.6487 13.0450 -0.0101
17.6808 13.0446 -0.0096
17.7130 13.0443 -0.0092
17.7451 13.0441 -0.0088
17.7773 13.0440 -0.0085
17.8094 13.0440 -0.0082
17.8416 13.0441 -0.0079
17.8737 13.0444 -0.0076
17.9058 13.0448 -0.0072
17.9379 13.0453 -0.0068
17.9700 13.0460 -0.0063
17.9700 13.0460 -0.0057
18.0018 13.0456 -0.0051
18.0337 13.0454 -0.0045
18.0657 13.0452 -0.0038
18.0976 13.0451 -0.0031
18.1297 13.0451 -0.0023
18.1617 13.0451 -0.0016
18.1937 13.0452 -0.0007
18.2258 13.0453 0.0001
18.2579 13.0455 0.0010
18.2900 13.0456 0.0020
18.3221 13.0458 0.0030
18.3543 13.0460 0.0040
18.3864 13.0462 0.0051
18.4185 13.0464 0.0062
18.4506 13.0466 0.0073
18.4827 13.0467 0.0085
18.5148 13.0468 0.0097
18.5468 13.0469 0.0108
18.5788 13.0469 0.0116
18.6108 13.0469 0.0122
18.6428 13.0467 0.0125
18.6747 13.0466 0.0126
18.7066 13.0463 0.0124
18.7384 13.0459 0.0120
18.7702 13.0454 0.0113
18.8020 13.0449 0.0103
18.8338 13.0444 0.0091
18.8656 13.0439 0.0076
18.8974 13.0435 0.0059
18.9293 13.0432 0.0039
18.9612 13.0431 0.0017
18.9933 13.0432 -0.0008
19.0255 13.0436 -0.0036
19.0578 13.0442 -0.0067
19.0903 13.0452 -0.0100
19.1230 13.0466 -0.0136
19.1559 13.0483 -0.0175
19.1889 13.0500 -0.0217
19.2218 13.0516 -0.0262
19.2547 13.0528 -0.0344
19.2874 13.0534 -0.0495
19.3199 13.0531 -0.0719
19.3520 13.0518 -0.1016
19.3837 13.0491 -0.1389
19.4150 13.0448 -0.1840
19.4457 13.0388 -0.2367
19.4757 13.0307 -0.2970
19.5050 13.0204 -0.3642
19.5335 13.0078 -0.4376
19.5612 12.9931 -0.5160
19.5882 12.9764 -0.5918
19.6143 12.9579 -0.6593
19.6397 12.9378 -0.7195
19.6643 12.9163 -0.7733
19.6880 12.8934 -0.8217
19.7110 12.8695 -0.8655
19.7332 12.8445 -0.9054
19.7546 12.8188 -0.9421
19.7752 12.7924 -0.9761
19.7949 12.7656 -1.0080
19.8138 12.7383 -1.0398
19.8318 12.7107 -1.0730
19.8487 12.6826 -1.1077
19.8646 12.6542 -1.1438
19.8794 12.6254 -1.1813
19.8929 12.5962 -1.2203
19.9052 12.5667 -1.2606
19.9161 12.5368 -1.3023
19.9256 12.5066 -1.3452
19.9337 12.4761 -1.3892
19.9401 12.4453 -1.4341
19.9450 12.4141 -1.4770
19.9485 12.3827 -1.5148
19.9507 12.3511 -1.5473
19.9517 12.3193 -1.5745
19.9518 12.2872 -1.5965
19.9511 12.2551 -1.6133
19.9498 12.2228 -1.6250
19.9480 12.1905 -1.6317
19.9460 12.1581 -1.6334
19.9438 12.1257 -1.6302
19.9417 12.0933 -1.6222
19.9397 12.0609 -1.6120
19.9381 12.0287 -1.6022
19.9368 11.9965 -1.5929
19.9359 11.9643 -1.5839
19.9352 11.9322 -1.5753
19.9349 11.9002 -1.5670
19.9349 11.8682 -1.5591
19.9351 11.8362 -1.5516
19.9357 11.8043 -1.5443
19.9365 11.7724 -1.5374
19.9376 11.7405 -1.5308
19.9389 11.7087 -1.5258
19.9405 11.6768 -1.5239
19.9423 11.6449 -1.5250
19.9441 11.6130 -1.5291
19.9459 11.5812 -1.5364
19.9475 11.5492 -1.5467
19.9488 11.5173 -1.5602
19.9497 11.4853 -1.5770
19.9499 11.4533 -1.5970
19.9495 11.4213 -1.6203
19.9482 11.3891 -1.6475
19.9459 11.3569 -1.6788
19.9425 11.3247 -1.7146
19.9379 11.2924 -1.7549
19.9320 11.2600 -1.7998
19.9247 11.2278 -1.8495
19.9160 11.1959 -1.9038
19.9059 11.1644 -1.9626
19.8943 11.1335 -2.0255
19.8813 11.1034 -2.0921
19.8668 11.0742 -2.1616
19.8508 11.0461 -2.2297
19.8332 11.0191 -2.2927
19.8140 10.9936 -2.3513
19.7932 10.9695 -2.4061
19.7707 10.9472 -2.4578
19.7467 10.9266 -2.5069
19.7212 10.9076 -2.5539
19.6944 10.8903 -2.5996
19.6664 10.8744 -2.6443
19.6373 10.8600 -2.6887
19.6074 10.8470 -2.7332
19.5768 10.8353 -2.7774
19.5456 10.8248 -2.8199
19.5139 10.8155 -2.8607
19.4819 10.8072 -2.8994
19.4498 10.8000 -2.9359
19.4176 10.7937 -2.9699
19.3855 10.7882 -3.0015
19.3535 10.7835 -3.0305
19.3216 10.7796 -3.0569
19.2896 10.7763 -3.0806
19.2577 10.7736 -3.1016
19.2259 10.7715 -3.1200
19.1940 10.7697 -3.1358
19.1622 10.7684 -3.1490
19.1304 10.7674 -3.1595
19.0985 10.7667 -3.1675
19.0666 10.7661 -3.1730
19.0347 10.7657 -3.1760
19.0028 10.7653 -3.1764
18.9708 10.7651 -3.1743
18.9388 10.7649 -3.1697
18.9068 10.7648 -3.1639
18.8748 10.7648 -3.1585
18.8427 10.7649 -3.1535
18.8107 10.7650 -3.1487
18.7786 10.7652 -3.1443
18.7466 10.7654 -3.1402
18.7145 10.7656 -3.1365
18.6824 10.7659 -3.1331
18.6504 10.7662 -3.1300
18.6183 10.7665 -3.1272
18.5863 10.7668 -3.1248
18.5542 10.7671 -3.1227
18.5222 10.7673 -3.1209
18.4902 10.7675 -3.1194
18.4581 10.7676 -3.1183
18.4261 10.7676 -3.1175
18.3941 10.7674 -3.1171
18.3621 10.7672 -3.1170
18.3301 10.7668 -3.1172
18.2981 10.7662 -3.1177
18.2662 10.7654 -3.1186
18.2342 10.7645 -3.1198
18.2022 10.7634 -3.1214
18.1702 10.7623 -3.1233
18.1383 10.7611 -3.1255
18.1063 10.7600 -3.1281
18.0743 10.7589 -3.1309
18.0423 10.7580 -3.1342
18.0102 10.7571 -3.1378
17.9782 10.7565 -3.1417
17.9461 10.7561 -3.1459
17.9140 10.7560 -3.1505
17.8819 10.7562 -3.1554
17.8498 10.7567 -3.1607
17.8177 10.7575 -3.1663
17.7855 10.7586 -3.1723
17.7534 10.7600 -3.1785
17.7213 10.7617 -3.1852
17.6893 10.7635 -3.1921
17.6573 10.7656 -3.1994
17.6254 10.7679 -3.2071
17.5936 10.7704 -3.2150
17.5619 10.7731 -3.2234
17.5303 10.7760 -3.2320
17.4988 10.7790 -3.2388
17.4674 10.7820 -3.2416
17.4360 10.7850 -3.2404
17.4046 10.7879 -3.2353
17.3731 10.7906 -3.2262
17.3415 10.7929 -3.2133
17.3097 10.7949 -3.1967
17.2777 10.7964 -3.1766
17.2454 10.7974 -3.1529
17.2128 10.7976 -3.1261
17.1798 10.7971 -3.0962
17.1464 10.7958 -3.0705
17.1126 10.7936 -3.0552
17.0785 10.7909 -3.0501
17.0442 10.7879 -3.0549
17.0100 10.7849 -3.0700
16.9759 10.7823 -3.0959
16.9422 10.7804 -3.1337
16.9090 10.7794 -3.1847
16.8764 10.7797 -3.2504
16.8446 10.7816 -3.3325
16.8138 10.7854 -3.4322
16.7841 10.7915 -3.5375
16.7557 10.8000 -3.6341
16.7287 10.8115 -3.7198
16.7033 10.8260 -3.7936
16.6794 10.8435 -3.8552
16.6567 10.8636 -3.9051
16.6349 10.8858 -3.9438
16.6139 10.9097 -3.9721
16.5934 10.9349 -3.9906
16.5731 10.9610 -3.9998
16.5528 10.9875 -4.0003
16.5322 11.0141 -3.9923
16.5111 11.0403 -3.9764
16.4892 11.0656 -3.9525
16.4664 11.0898 -3.9204
16.4423 11.1123 -3.8798
16.4169 11.1330 -3.8305
16.3904 11.1520 -3.7724
16.3628 11.1692 -3.7057
16.3342 11.1847 -3.6305
16.3048 11.1985 -3.5480
16.2746 11.2106 -3.4659
16.2437 11.2210 -3.3906
16.2122 11.2296 -3.3211
16.1803 11.2366 -3.2562
16.1479 11.2419 -3.1949
16.1153 11.2456 -3.1361
16.0824 11.2475 -3.0789
16.0495 11.2479 -3.0221
16.0166 11.2465 -2.9647
15.9839 11.2435 -2.9056
15.9514 11.2387 -2.8433
15.9193 11.2322 -2.7800
15.8877 11.2241 -2.7194
15.8567 11.2141 -2.6632
15.8265 11.2025 -2.6124
15.7971 11.1891 -2.5681
15.7687 11.1739 -2.5308
15.7414 11.1570 -2.5009
15.7153 11.1383 -2.4785
15.6901 11.1181 -2.4636
15.6658 11.0968 -2.4560
15.6421 11.0746 -2.4554
15.6189 11.0519 -2.4603
15.5958 11.0291 -2.4696
15.5727 11.0063 -2.4833
15.5494 10.9841 -2.5013
15.5258 10.9626 -2.5239
15.5015 10.9423 -2.5512
15.4764 10.9233 -2.5837
15.4503 10.9062 -2.6218
15.4230 10.8910 -2.6658
15.3946 10.8778 -2.7163
15.3653 10.8663 -2.7738
15.3351 10.8565 -2.8327
15.3041 10.8480 -2.8868
15.2725 10.8409 -2.9354
15.2405 10.8349 -2.9781
15.2080 10.8298 -3.0148
15.1753 10.8255 -3.0453
15.1424 10.8218 -3.0697
15.1096 10.8186 -3.0879
15.0768 10.8157 -3.1002
15.0442 10.8130 -3.1066
15.0119 10.8104 -3.1098
14.9796 10.8081 -3.1128
14.9475 10.8059 -3.1154
14.9156 10.8038 -3.1177
14.8837 10.8020 -3.1197
14.8519 10.8004 -3.1214
14.8202 10.7991 -3.1227
14.7884 10.7979 -3.1238
14.7567 10.7970 -3.1246
14.7250 10.7963 -3.1251
14.6932 10.7959 -3.1253
14.6614 10.7958 -3.1251
14.6295 10.7958 -3.1247
14.5975 10.7960 -3.1240
14.5655 10.7963 -3.1230
14.5335 10.7966 -3.1217
14.5015 10.7970 -3.1201
14.4694 10.7972 -3.1182
14.4373 10.7974 -3.1159
14.4052 10.7973 -3.1133
14.3731 10.7971 -3.1104
14.3410 10.7965 -3.1071
14.3089 10.7957 -3.1047
14.2768 10.7945 -3.1043
14.2447 10.7930 -3.1059
14.2126 10.7915 -3.1096
14.1806 10.7899 -3.1152
14.1485 10.7883 -3.1228
14.1165 10.7869 -3.1322
14.0845 10.7857 -3.1432
14.0525 10.7849 -3.1557
14.0206 10.7845 -3.1696
13.9887 10.7846 -3.1846
13.9567 10.7853 -3.1998
13.9249 10.7868 -3.2155
13.8930 10.7890 -3.2341
13.8611 10.7917 -3.2601
13.8293 10.7950 -3.3045
13.7975 10.7986 -3.3406
13.7657 10.8025 -3.3011
13.7904 10.7995 -3.2405
13.7480 10.8047 -3.2094
13.7057 10.8101 -3.1972
13.6634 10.8154 -3.1896
13.6210 10.8202 -3.1825
13.5786 10.8244 -3.1758
13.5362 10.8277 -3.1696
13.4937 10.8300 -3.1640
13.4511 10.8313 -3.1589
13.4085 10.8319 -3.1543
13.3659 10.8318 -3.1504
13.3233 10.8312 -3.1470
13.2807 10.8300 -3.1442
13.2380 10.8285 -3.1420
13.1954 10.8267 -3.1405
13.1528 10.8247 -3.1396
13.1101 10.8227 -3.1393
13.0675 10.8208 -3.1396
13.0250 10.8190 -3.1406
12.9824 10.8174 -3.1422
12.9398 10.8162 -3.1445
12.8973 10.8155 -3.1473
12.8547 10.8153 -3.1508
12.8122 10.8157 -3.1548
12.7697 10.8169 -3.1595
12.7272 10.8189 -3.1646
12.6847 10.8215 -3.1700
12.6422 10.8246 -3.1757
12.5997 10.8281 -3.1818
12.5573 10.8320 -3.1882
12.5148 10.8362 -3.1949
12.4724 10.8405 -3.2020
12.4300 10.8450 -3.2094
12.3876 10.8494 -3.2172
12.3453 10.8537 -3.2253
12.3029 10.8581 -3.2338
12.2606 10.8625 -3.2427
12.2183 10.8669 -3.2520
12.1759 10.8713 -3.2617
12.1336 10.8758 -3.2718
12.0912 10.8804 -3.2823
12.0488 10.8850 -3.2933
12.0064 10.8898 -3.3047
11.9640 10.8947 -3.3166
11.9217 10.9000 -3.3289
11.8794 10.9056 -3.3418
11.8372 10.9118 -3.3551
11.7951 10.9185 -3.3686
11.7532 10.9260 -3.3819
11.7115 10.9344 -3.3950
11.6700 10.9436 -3.4079
11.6287 10.9539 -3.4205
11.5877 10.9652 -3.4329
11.5469 10.9774 -3.4451
11.5064 10.9903 -3.4570
11.4660 11.0040 -3.4687
11.4258 11.0183 -3.4801
11.3857 11.0330 -3.4913
11.3458 11.0482 -3.5021
11.3060 11.0636 -3.5127
11.2663 11.0793 -3.5230
11.2267 11.0952 -3.5330
11.1873 11.1113 -3.5428
11.1479 11.1277 -3.5522
11.1087 11.1443 -3.5613
11.0697 11.1613 -3.5701
11.0308 11.1786 -3.5786
10.9921 11.1963 -3.5868
10.9535 11.2143 -3.5948
10.9152 11.2328 -3.6022
10.8770 11.2516 -3.6092
10.8390 11.2709 -3.6157
10.8012 11.2905 -3.6216
10.7636 11.3105 -3.6271
10.7261 11.3307 -3.6320
10.6888 11.3513 -3.6365
10.6516 11.3722 -3.6404
10.6146 11.3933 -3.6439
10.5777 11.4147 -3.6468
10.5410 11.4363 -3.6493
10.5043 11.4579 -3.6513
10.4676 11.4796 -3.6528
10.4308 11.5011 -3.6538
10.3940 11.5225 -3.6543
10.3570 11.5436 -3.6543
10.3199 11.5644 -3.6539
10.2825 11.5847 -3.6530
10.2448 11.6045 -3.6516
10.2069 11.6239 -3.6497
10.1688 11.6429 -3.6473
10.1306 11.6617 -3.6445
10.0923 11.6805 -3.6413
10.0540 11.6991 -3.6377
10.0158 11.7179 -3.6337
9.9777 11.7369 -3.6294
9.9397 11.7562 -3.6246
9.9019 11.7758 -3.6194
9.8642 11.7958 -3.6138
9.8267 11.8159 -3.6078
9.7892 11.8362 -3.6014
9.7517 11.8564 -3.5946
9.7142 11.8766 -3.5873
9.6766 11.8966 -3.5797
9.6389 11.9163 -3.5716
9.6009 11.9355 -3.5630
9.5627 11.9543 -3.5541
9.5243 11.9727 -3.5447
9.4856 11.9905 -3.5348
9.4467 12.0078 -3.5246
9.4075 12.0245 -3.5138
9.3681 12.0408 -3.5027
9.3285 12.0566 -3.4910
9.2887 12.0718 -3.4789
9.2486 12.0865 -3.4663
9.2083 12.1007 -3.4532
9.1678 12.1142 -3.4396
9.1270 12.1271 -3.4255
9.0861 12.1393 -3.4109
9.0450 12.1506 -3.3958
9.0036 12.1610 -3.3802
8.9621 12.1705 -3.3642
8.9204 12.1789 -3.3476
8.8785 12.1862 -3.3306
8.8364 12.1924 -3.3140
8.7942 12.1977 -3.2987
8.7519 12.2022 -3.2849
8.7095 12.2062 -3.2724
8.6671 12.2099 -3.2614
8.6246 12.2136 -3.2517
8.5821 12.2174 -3.2435
8.5397 12.2216 -3.2366
8.4973 12.2263 -3.2311
8.4550 12.2318 -3.2270
8.4128 12.2379 -3.2235
8.3706 12.2442 -3.2199
8.3285 12.2507 -3.2162
8.2864 12.2571 -3.2122
8.2442 12.2632 -3.2082
8.2020 12.2686 -3.2040
8.1597 12.2733 -3.1996
8.1174 12.2770 -3.1951
8.0749 12.2795 -3.1904
8.0324 12.2811 -3.1855
7.9898 12.2818 -3.1805
7.9472 12.2818 -3.1752
7.9045 12.2812 -3.1698
7.8619 12.2802 -3.1642
7.8192 12.2788 -3.1584
7.7766 12.2773 -3.1524
7.7340 12.2758 -3.1461
7.6915 12.2743 -3.1396
7.6490 12.2731 -3.1329
7.6066 12.2721 -3.1260
7.5641 12.2715 -3.1187
7.5216 12.2713 -3.1113
7.4790 12.2716 -3.1084
7.4363 12.2726 -3.1150
7.3935 12.2742 -3.1313
7.3506 12.2766 -3.1572
7.3076 12.2797 -3.1927
7.2645 12.2831 -3.2374
7.2214 12.2862 -3.2631
7.1785 12.2886 -3.2418
7.1357 12.2898 -3.1736
7.0931 12.2894 -3.0590
7.0509 12.2868 -2.9031
7.0091 12.2815 -2.8343
6.9678 12.2732 -2.9015
6.9270 12.2617 -2.8737
6.7959 12.2147 -2.6760
6.7655 12.2043 -2.6523
6.7350 12.1949 -2.8561
6.7042 12.1869 -3.0099
6.6731 12.1808 -3.1125
6.6418 12.1765 -3.1692
6.6102 12.1738 -3.1851
6.5784 12.1724 -3.1815
6.5464 12.1722 -3.1780
6.5142 12.1729 -3.1746
6.4820 12.1744 -3.1714
6.4496 12.1765 -3.1682
6.4172 12.1789 -3.1651
6.3848 12.1814 -3.1622
6.3524 12.1838 -3.1594
6.3201 12.1860 -3.1567
6.2878 12.1877 -3.1541
6.2556 12.1890 -3.1516
6.2235 12.1899 -3.1493
6.1914 12.1904 -3.1470
6.1594 12.1905 -3.1449
6.1274 12.1904 -3.1429
6.0955 12.1900 -3.1410
6.0635 12.1895 -3.1392
6.0316 12.1887 -3.1376
5.9997 12.1879 -3.1361
5.9678 12.1869 -3.1347
5.9358 12.1859 -3.1334
5.9039 12.1848 -3.1322
5.8719 12.1838 -3.1312
5.8399 12.1828 -3.1303
5.8080 12.1817 -3.1294
5.7759 12.1808 -3.1288
5.7439 12.1798 -3.1282
5.7119 12.1790 -3.1278
5.6799 12.1782 -3.1274
5.6478 12.1774 -3.1272
5.6158 12.1768 -3.1272
5.5838 12.1763 -3.1272
5.5517 12.1759 -3.1274
5.5197 12.1756 -3.1277
5.4877 12.1755 -3.1281
5.4556 12.1754 -3.1286
5.4236 12.1754 -3.1293
5.3916 12.1755 -3.1300
5.3596 12.1755 -3.1309
5.3276 12.1757 -3.1319
5.2955 12.1758 -3.1331
5.2635 12.1759 -3.1343
5.2315 12.1760 -3.1357
5.1995 12.1760 -3.1372
5.1675 12.1760 -3.1387
5.1355 12.1759 -3.1401
5.1034 12.1757 -3.1415
5.0714 12.1756 -3.1428
5.0394 12.1754 -3.1441
5.0074 12.1753 -3.1452
4.9753 12.1751 -3.1463
4.9433 12.1751 -3.1474
4.9113 12.1751 -3.1483
4.8793 12.1752 -3.1492
4.8473 12.1754 -3.1501
4.8152 12.1758 -3.1508
4.7832 12.1763 -3.1515
4.7512 12.1770 -3.1521
4.7192 12.1778 -3.1527
4.6872 12.1786 -3.1531
4.6552 12.1796 -3.1536
4.6232 12.1806 -3.1539
4.5912 12.1816 -3.1542
4.5592 12.1826 -3.1544
4.5272 12.1835 -3.1545
4.4951 12.1844 -3.1546
4.4631 12.1852 -3.1546
4.4311 12.1858 -3.1545
4.3991 12.1863 -3.1543
4.3671 12.1866 -3.1541
4.3351 12.1868 -3.1539
4.3031 12.1869 -3.1535
4.2710 12.1869 -3.1531
4.2390 12.1868 -3.1526
4.2070 12.1867 -3.1521
4.1750 12.1865 -3.1514
4.1429 12.1863 -3.1507
4.1109 12.1862 -3.1500
4.0789 12.1861 -3.1491
4.0469 12.1860 -3.1482
4.0148 12.1860 -3.1473
3.9828 12.1861 -3.1462
3.9508 12.1862 -3.1451
3.9188 12.1864 -3.1439
3.8868 12.1865 -3.1427
3.8547 12.1867 -3.1413
3.8227 12.1868 -3.1399
3.7907 12.1868 -3.1385
3.7587 12.1868 -3.1372
3.7267 12.1867 -3.1360
3.6946 12.1864 -3.1348
3.6626 12.1860 -3.1337
3.6306 12.1855 -3.1327
3.5986 12.1848 -3.1317
3.5666 12.1841 -3.1308
3.5346 12.1832 -3.1300
3.5026 12.1823 -3.1293
3.4706 12.1813 -3.1287
3.4386 12.1803 -3.1281
3.4065 12.1794 -3.1276
3.3745 12.1785 -3.1272
3.3425 12.1776 -3.1268
3.3105 12.1768 -3.1265
3.2785 12.1762 -3.1264
3.2465 12.1756 -3.1262
3.2145 12.1752 -3.1262
3.1825 12.1749 -3.1262
3.1504 12.1748 -3.1263
3.1184 12.1747 -3.1265
3.0864 12.1747 -3.1267
3.0544 12.1748 -3.1270
3.0223 12.1750 -3.1273
2.9903 12.1752 -3.1277
2.9583 12.1754 -3.1281
2.9263 12.1757 -3.1286
2.8943 12.1760 -3.1292
2.8622 12.1762 -3.1298
2.8302 12.1765 -3.1305
2.7982 12.1768 -3.1312
2.7662 12.1770 -3.1321
2.7341 12.1771 -3.1330
2.7021 12.1772 -3.1341
2.6701 12.1773 -3.1353
2.6381 12.1772 -3.1366
2.6060 12.1771 -3.1380
2.5740 12.1769 -3.1395
2.5420 12.1765 -3.1410
2.5100 12.1760 -3.1427
2.5100 12.1760 -3.1444
2.4779 12.1750 -3.1462
2.4458 12.1742 -3.1479
2.4137 12.1736 -3.1496
2.3817 12.1733 -3.1511
2.3496 12.1731 -3.1525
2.3175 12.1731 -3.1538
2.2854 12.1733 -3.1550
2.2534 12.1736 -3.1561
2.2213 12.1741 -3.1572
2.1892 12.1747 -3.1581
2.1572 12.1754 -3.1590
2.1251 12.1761 -3.1598
2.0931 12.1770 -3.1605
2.0610 12.1778 -3.1611
2.0289 12.1788 -3.1617
1.9969 12.1797 -3.1621
1.9648 12.1807 -3.1625
1.9328 12.1816 -3.1629
1.9007 12.1825 -3.1631
1.8686 12.1834 -3.1633
1.8366 12.1842 -3.1635
1.8045 12.1849 -3.1635
1.7724 12.1856 -3.1635
1.7404 12.1862 -3.1627
1.7083 12.1866 -3.1604
1.6762 12.1869 -3.1566
1.6441 12.1869 -3.1512
1.6120 12.1868 -3.1443
1.5800 12.1865 -3.1359
1.5479 12.1858 -3.1258
1.5158 12.1849 -3.1142
1.4838 12.1836 -3.1009
1.4517 12.1820 -3.0860
1.4197 12.1800 -3.0694
1.3876 12.1775 -3.0512
1.3556 12.1746 -3.0312
1.3236 12.1713 -3.0095
1.2917 12.1674 -2.9861
1.2598 12.1629 -2.9609
1.2281 12.1577 -2.9340
1.1964 12.1519 -2.9054
1.1649 12.1454 -2.8752
1.1336 12.1381 -2.8433
1.1025 12.1299 -2.8099
1.0716 12.1209 -2.7761
1.0410 12.1110 -2.7430
1.0107 12.1001 -2.7105
0.9806 12.0882 -2.6785
0.9509 12.0752 -2.6471
0.9217 12.0613 -2.6162
0.8929 12.0464 -2.5857
0.8646 12.0304 -2.5556
0.8369 12.0135 -2.5258
0.8099 11.9957 -2.4964
0.7835 11.9769 -2.4672
0.7580 11.9572 -2.4382
0.7332 11.9365 -2.4093
0.7093 11.9150 -2.3806
0.6864 11.8926 -2.3519
0.6645 11.8693 -2.3232
0.6435 11.8452 -2.2944
0.6234 11.8203 -2.2656
0.6042 11.7948 -2.2366
0.5857 11.7686 -2.2074
0.5680 11.7418 -2.1779
0.5509 11.7145 -2.1482
0.5345 11.6867 -2.1185
0.5185 11.6586 -2.0894
0.5030 11.6301 -2.0609
0.4879 11.6014 -2.0329
0.4732 11.5724 -2.0054
0.4588 11.5433 -1.9785
0.4446 11.5140 -1.9522
0.4309 11.4846 -1.9264
0.4177 11.4551 -1.9012
0.4051 11.4254 -1.8764
0.3931 11.3954 -1.8522
0.3818 11.3653 -1.8285
0.3713 11.3350 -1.8053
0.3618 11.3045 -1.7826
0.3532 11.2738 -1.7603
0.3456 11.2429 -1.7384
0.3392 11.2117 -1.7169
0.3339 11.1802 -1.6959
0.3298 11.1486 -1.6751
0.3267 11.1168 -1.6548
0.3245 11.0848 -1.6347
0.3231 11.0527 -1.6149
0.3226 11.0205 -1.5960
0.3227 10.9882 -1.5783
0.3234 10.9559 -1.5621
0.3247 10.9236 -1.5472
0.3263 10.8912 -1.5336
0.3284 10.8590 -1.5215
0.3307 10.8268 -1.5107
0.3332 10.7947 -1.5013
0.3358 10.7626 -1.4933
0.3386 10.7307 -1.4867
0.3413 10.6987 -1.4814
0.3441 10.6668 -1.4775
0.3468 10.6349 -1.4750
0.3494 10.6031 -1.4739
0.3519 10.5712 -1.4741
0.3542 10.5393 -1.4757
0.3563 10.5074 -1.4787
0.3583 10.4754 -1.4831
0.3601 10.4435 -1.4888
0.3618 10.4115 -1.4959
0.3633 10.3795 -1.5044
0.3647 10.3476 -1.5143
0.3659 10.3156 -1.5246
0.3671 10.2836 -1.5343
0.3680 10.2515 -1.5434
0.3689 10.2195 -1.5519
0.3696 10.1875 -1.5598
0.3703 10.1554 -1.5671
0.3708 10.1234 -1.5738
0.3712 10.0913 -1.5799
0.3715 10.0592 -1.5853
0.3716 10.0271 -1.5902
0.3717 9.9951 -1.5945
0.3717 9.9630 -1.5981
0.3716 9.9309 -1.6012
0.3714 9.8988 -1.6036
0.3712 9.8666 -1.6055
0.3708 9.8345 -1.6067
0.3704 9.8024 -1.6074
0.3699 9.7703 -1.6074
0.3694 9.7382 -1.6069
0.3688 9.7060 -1.6057
0.3681 9.6739 -1.6040
0.3673 9.6418 -1.6020
0.3666 9.6096 -1.6001
0.3657 9.5775 -1.5983
0.3649 9.5453 -1.5966
0.3640 9.5132 -1.5949
0.3630 9.4811 -1.5934
0.3620 9.4489 -1.5920
0.3610 9.4168 -1.5906
0.3600 9.3847 -1.5894
0.3589 9.3525 -1.5882
0.3579 9.3204 -1.5871
0.3568 9.2883 -1.5861
0.3557 9.2562 -1.5852
0.3546 9.2241 -1.5844
0.3535 9.1919 -1.5837
0.3525 9.1598 -1.5830
0.3514 9.1277 -1.5825
0.3503 9.0956 -1.5820
0.3493 9.0636 -1.5817
0.3482 9.0315 -1.5814
0.3472 8.9994 -1.5812
0.3463 8.9673 -1.5811
0.3453 8.9353 -1.5811
0.3444 8.9032 -1.5812
0.3436 8.8712 -1.5814
0.3428 8.8391 -1.5816
0.3420 8.8070 -1.5820
0.3413 8.7750 -1.5824
0.3407 8.7429 -1.5830
0.3401 8.7109 -1.5836
0.3396 8.6788 -1.5844
0.3391 8.6468 -1.5852
0.3388 8.6147 -1.5861
0.3385 8.5827 -1.5871
0.3384 8.5506 -1.5883
0.3383 8.5185 -1.5895
0.3383 8.4865 -1.5908
0.3384 8.4544 -1.5922
0.3386 8.4223 -1.5938
0.3390 8.3902 -1.5954
0.3394 8.3581 -1.5972
0.3400 8.3260 -1.5990
0.3400 8.3260 -1.6010
0.3420 8.2922 -1.6026
0.3435 8.2588 -1.6035
0.3445 8.2258 -1.6035
0.3450 8.1932 -1.6027
0.3452 8.1610 -1.6012
0.3450 8.1291 -1.5988
0.3445 8.0974 -1.5957
0.3438 8.0660 -1.5917
0.3430 8.0348 -1.5870
0.3420 8.0037 -1.5816
0.3409 7.9726 -1.5754
0.3399 7.9417 -1.5686
0.3388 7.9108 -1.5611
0.3378 7.8798 -1.5529
0.3370 7.8488 -1.5441
0.3364 7.8177 -1.5348
0.3360 7.7865 -1.5250
0.3358 7.7550 -1.5146
0.3361 7.7234 -1.5039
0.3367 7.6915 -1.4927
0.3378 7.6592 -1.4812
0.3394 7.6267 -1.4694
0.3415 7.5937 -1.4572
0.3442 7.5603 -1.4446
0.3476 7.5265 -1.4315
0.3517 7.4921 -1.4179
0.3566 7.4573 -1.4038
0.3622 7.4220 -1.3891
0.3685 7.3864 -1.3738
0.3755 7.3505 -1.3578
0.3833 7.3145 -1.3411
0.3918 7.2783 -1.3237
0.4011 7.2421 -1.3054
0.4111 7.2060 -1.2862
0.4218 7.1700 -1.2662
0.4332 7.1341 -1.2451
0.4454 7.0986 -1.2230
0.4582 7.0635 -1.1998
0.4718 7.0288 -1.1754
0.4862 6.9946 -1.1497
0.5012 6.9610 -1.1228
0.5170 6.9281 -1.0944
0.5334 6.8959 -1.0646
0.5506 6.8646 -1.0332
0.5685 6.8342 -0.9997
0.5871 6.8048 -0.9639
0.6064 6.7765 -0.9253
0.6265 6.7493 -0.8835
0.6472 6.7233 -0.8379
0.6686 6.6987 -0.7881
0.6908 6.6754 -0.7334
0.7136 6.6536 -0.6733
0.7371 6.6334 -0.6071
0.7614 6.6147 -0.5344
0.7863 6.5978 -0.4588
0.8120 6.5827 -0.3850
0.8383 6.5694 -0.3143
0.8653 6.5580 -0.2475
0.8930 6.5487 -0.1853
0.9214 6.5414 -0.1281
0.9505 6.5364 -0.0761
0.9803 6.5335 -0.0295
1.0107 6.5328 0.0119
1.0416 6.5339 0.0483
1.0731 6.5364 0.0798
1.1050 6.5400 0.1051
1.1372 6.5444 0.1231
1.1696 6.5493 0.1341
1.2023 6.5544 0.1383
1.2350 6.5592 0.1361
1.2678 6.5635 0.1275
1.3005 6.5670 0.1125
1.3330 6.5694 0.0912
1.3655 6.5709 0.0637
1.3979 6.5716 0.0299
1.4301 6.5715 -0.0102
1.4623 6.5707 -0.0494
1.4943 6.5693 -0.0804
1.5262 6.5675 -0.1036
1.5581 6.5653 -0.1189
1.5898 6.5629 -0.1266
1.6214 6.5602 -0.1266
1.6529 6.5575 -0.1190
1.6843 6.5548 -0.1037
1.7156 6.5522 -0.0805
1.7470 6.5498 -0.0492
1.7785 6.5478 -0.0097
1.8102 6.5462 0.0298
1.8423 6.5451 0.0608
1.8747 6.5448 0.0832
1.9077 6.5452 0.0970
1.9413 6.5465 0.1020
1.9754 6.5487 0.0980
2.0099 6.5514 0.0848
2.0446 6.5543 0.0619
2.0791 6.5570 0.0289
2.1134 6.5592 -0.0148
2.1472 6.5606 -0.0695
2.1801 6.5608 -0.1324
2.2122 6.5595 -0.2005
2.2430 6.5564 -0.2744
2.2724 6.5511 -0.3541
2.3001 6.5432 -0.4398
2.3260 6.5325 -0.5311
2.3498 6.5187 -0.6272
2.3715 6.5018 -0.7269
2.3913 6.4820 -0.8286
2.4093 6.4596 -0.9305
2.4255 6.4349 -1.0309
2.4400 6.4079 -1.1215
2.4530 6.3789 -1.1975
2.4644 6.3482 -1.2614
2.4745 6.3160 -1.3156
2.4833 6.2825 -1.3618
2.4909 6.2478 -1.4015
2.4974 6.2123 -1.4359
2.5029 6.1762 -1.4660
2.5074 6.1395 -1.4925
2.5112 6.1027 -1.5160
2.5142 6.0659 -1.5370
2.5166 6.0293 -1.5559
2.5185 5.9931 -1.5729
2.5199 5.9576 -1.5873
2.5210 5.9229 -1.5990
2.5218 5.8890 -1.6075
2.5223 5.8558 -1.6126
2.5226 5.8232 -1.6141
2.5226 5.7911 -1.6119
2.5225 5.7595 -1.6060
2.5222 5.7281 -1.5964
2.5219 5.6970 -1.5856
2.5214 5.6661 -1.5760
2.5209 5.6351 -1.5676
2.5204 5.6042 -1.5603
2.5200 5.5731 -1.5541
2.5195 5.5417 -1.5490
2.5192 5.5102 -1.5450
2.5189 5.4785 -1.5419
2.5187 5.4466 -1.5400
2.5185 5.4146 -1.5390
2.5185 5.3825 -1.5390
2.5185 5.3503 -1.5401
2.5186 5.3180 -1.5421
2.5188 5.2856 -1.5452
2.5192 5.2532 -1.5494
2.5196 5.2208 -1.5546
2.5201 5.1884 -1.5608
2.5208 5.1561 -1.5682
2.5215 5.1238 -1.5766
2.5222 5.0915 -1.5862
2.5228 5.0593 -1.5970
2.5233 5.0271 -1.6091
2.5237 4.9950 -1.6200
2.5238 4.9630 -1.6272
2.5237 4.9310 -1.6308
2.5232 4.8992 -1.6306
2.5224 4.8674 -1.6267
2.5211 4.8358 -1.6192
2.5193 4.8043 -1.6082
2.5171 4.7728 -1.5941
2.5148 4.7412 -1.5769
2.5126 4.7094 -1.5572
2.5110 4.6772 -1.5351
2.5101 4.6444 -1.5168
2.5102 4.6110 -1.5079
2.5112 4.5770 -1.5078
2.5128 4.5426 -1.5163
2.5146 4.5082 -1.5339
2.5163 4.4738 -1.5612
2.5175 4.4398 -1.5998
2.5179 4.4063 -1.6515
2.5172 4.3737 -1.7188
2.5150 4.3420 -1.8048
2.5109 4.3116 -1.9046
2.5047 4.2827 -2.0095
2.4960 4.2555 -2.1170
2.4845 4.2302 -2.2244
2.4700 4.2070 -2.3289
2.4526 4.1858 -2.4280
2.4325 4.1665 -2.5201
2.4100 4.1490 -2.6041
2.3851 4.1333 -2.6797
2.3581 4.1191 -2.7469
2.3292 4.1066 -2.8064
2.2985 4.0955 -2.8580
2.2662 4.0858 -2.9024
2.2326 4.0774 -2.9408
2.1977 4.0702 -2.9742
2.1618 4.0641 -3.0033
2.1251 4.0590 -3.0288
2.0877 4.0549 -3.0512
2.0499 4.0516 -3.0710
2.0117 4.0492 -3.0884
1.9735 4.0473 -3.1038
1.9353 4.0461 -3.1173
1.8974 4.0454 -3.1293
1.8599 4.0451 -3.1399
1.8231 4.0452 -3.1496
1.7870 4.0455 -3.1586
1.7520 4.0459 -3.1673
1.7181 4.0464 -3.1761
1.6856 4.0469 -3.1842
1.6547 4.0473 -3.1894
1.6255 4.0475 -3.1905
1.5982 4.0474 -3.1867
1.5729 4.0469 -3.1787
1.5500 4.0460 -3.1686
1.5500 4.0460 -3.1575
1.5207 4.0490 -3.1454
1.4905 4.0512 -3.1324
1.4594 4.0525 -3.1183
1.4274 4.0530 -3.1033
1.3947 4.0526 -3.0871
1.3614 4.0513 -3.0697
1.3274 4.0492 -3.0510
1.2929 4.0463 -3.0310
1.2580 4.0425 -3.0104
1.2227 4.0379 -2.9899
1.1871 4.0325 -2.9695
1.1513 4.0262 -2.9489
1.1153 4.0191 -2.9282
1.0792 4.0112 -2.9072
1.0431 4.0025 -2.8857
1.0071 3.9930 -2.8637
0.9713 3.9827 -2.8411
0.9356 3.9716 -2.8177
0.9003 3.9597 -2.7935
0.8653 3.9470 -2.7682
0.8307 3.9336 -2.7418
0.7967 3.9193 -2.7142
0.7633 3.9043 -2.6851
0.7305 3.8885 -2.6544
0.6984 3.8720 -2.6220
0.6672 3.8547 -2.5876
0.6369 3.8367 -2.5512
0.6075 3.8179 -2.5124
0.5791 3.7984 -2.4712
0.5519 3.7781 -2.4273
0.5258 3.7571 -2.3811
0.5010 3.7353 -2.3332
0.4775 3.7129 -2.2833
0.4554 3.6897 -2.2313
0.4348 3.6658 -2.1770
0.4158 3.6412 -2.1203
0.3983 3.6159 -2.0612
0.3826 3.5899 -1.9995
0.3687 3.5632 -1.9354
0.3565 3.5358 -1.8689
0.3464 3.5077 -1.8003
0.3382 3.4790 -1.7342
0.3321 3.4495 -1.6758
0.3281 3.4194 -1.6253
0.3261 3.3887 -1.5827
0.3259 3.3574 -1.5477
0.3271 3.3257 -1.5201
0.3294 3.2935 -1.4996
0.3325 3.2611 -1.4861
0.3362 3.2285 -1.4792
0.3402 3.1957 -1.4789
0.3441 3.1628 -1.4850
0.3477 3.1300 -1.4942
0.3507 3.0972 -1.5031
0.3529 3.0647 -1.5115
0.3544 3.0322 -1.5196
0.3552 2.9999 -1.5274
0.3555 2.9677 -1.5348
0.3554 2.9355 -1.5418
0.3549 2.9034 -1.5484
0.3541 2.8714 -1.5547
0.3532 2.8394 -1.5607
0.3522 2.8075 -1.5663
0.3512 2.7755 -1.5716
0.3504 2.7435 -1.5765
0.3497 2.7115 -1.5810
0.3493 2.6795 -1.5853
0.3491 2.6474 -1.5891
0.3491 2.6153 -1.5927
0.3491 2.5831 -1.5959
0.3493 2.5509 -1.5987
0.3495 2.5188 -1.6012
0.3498 2.4866 -1.6034
0.3500 2.4543 -1.6053
0.3501 2.4221 -1.6067
0.3502 2.3899 -1.6076
0.3501 2.3577 -1.6081
0.3498 2.3255 -1.6081
0.3494 2.2933 -1.6076
0.3488 2.2612 -1.6066
0.3481 2.2290 -1.6051
0.3472 2.1969 -1.6031
0.3463 2.1647 -1.6006
0.3453 2.1326 -1.5976
0.3443 2.1004 -1.5941
0.3432 2.0683 -1.5901
0.3422 2.0362 -1.5856
0.3412 2.0040 -1.5805
0.3402 1.9719 -1.5750
0.3393 1.9398 -1.5689
0.3384 1.9077 -1.5623
0.3377 1.8755 -1.5551
0.3371 1.8434 -1.5474
0.3367 1.8112 -1.5391
0.3365 1.7791 -1.5303
0.3364 1.7469 -1.5217
0.3366 1.7148 -1.5139
0.3370 1.6826 -1.5068
0.3377 1.6504 -1.5006
0.3387 1.6182 -1.4950
0.3400 1.5860 -1.4902
0.3400 1.5860 -1.4867
0.3444 1.5556 -1.4854
0.3486 1.5248 -1.4864
0.3526 1.4936 -1.4896
0.3564 1.4621 -1.4949
0.3603 1.4302 -1.4985
0.3642 1.3982 -1.4973
0.3682 1.3660 -1.4917
0.3723 1.3337 -1.4818
0.3767 1.3013 -1.4678
0.3814 1.2689 -1.4497
0.3865 1.2365 -1.4273
0.3921 1.2042 -1.4005
0.3982 1.1720 -1.3691
0.4048 1.1400 -1.3329
0.4121 1.1083 -1.2915
0.4202 1.0768 -1.2478
0.4290 1.0456 -1.2051
0.4387 1.0149 -1.1634
0.4494 0.9845 -1.1228
0.4610 0.9547 -1.0832
0.4737 0.9254 -1.0448
0.4876 0.8967 -1.0074
0.5027 0.8686 -0.9711
0.5190 0.8413 -0.9358
0.5367 0.8146 -0.9015
0.5555 0.7886 -0.8681
0.5754 0.7634 -0.8357
0.5964 0.7389 -0.8041
0.6184 0.7152 -0.7733
0.6413 0.6922 -0.7433
0.6649 0.6700 -0.7139
0.6894 0.6485 -0.6851
0.7145 0.6277 -0.6569
0.7401 0.6078 -0.6291
0.7663 0.5886 -0.6017
0.7930 0.5702 -0.5746
0.8201 0.5525 -0.5477
0.8476 0.5356 -0.5209
0.8754 0.5195 -0.4942
0.9037 0.5041 -0.4677
0.9323 0.4894 -0.4414
0.9612 0.4755 -0.4153
0.9905 0.4622 -0.3894
1.0200 0.4496 -0.3638
1.0499 0.4377 -0.3384
1.0801 0.4264 -0.3134
1.1105 0.4158 -0.2887
1.1412 0.4059 -0.2642
1.1721 0.3966 -0.2401
1.2033 0.3880 -0.2164
1.2346 0.3801 -0.1930
1.2660 0.3729 -0.1699
1.2977 0.3666 -0.1473
1.3294 0.3610 -0.1249
1.3612 0.3562 -0.1030
1.3931 0.3523 -0.0814
1.4251 0.3492 -0.0601
1.4571 0.3470 -0.0393
1.4891 0.3457 -0.0193
1.5211 0.3454 -0.0009
1.5530 0.3458 0.0161
1.5850 0.3470 0.0315
1.6170 0.3489 0.0456
1.6490 0.3514 0.0582
1.6809 0.3543 0.0695
1.7129 0.3577 0.0793
1.7448 0.3613 0.0878
1.7768 0.3653 0.0950
1.8088 0.3693 0.1009
1.8407 0.3735 0.1054
1.8727 0.3776 0.1086
1.9047 0.3817 0.1105
1.9367 0.3856 0.1112
1.9687 0.3893 0.1105
2.0007 0.3926 0.1085
2.0327 0.3958 0.1053
2.0647 0.3987 0.1007
2.0967 0.4013 0.0947
2.1287 0.4038 0.0875
2.1608 0.4060 0.0796
2.1928 0.4079 0.0719
2.2249 0.4097 0.0644
2.2569 0.4113 0.0572
2.2890 0.4127 0.0501
2.3211 0.4138 0.0432
2.3531 0.4148 0.0366
2.3852 0.4156 0.0301
2.4173 0.4163 0.0239
2.4494 0.4168 0.0180
2.4815 0.4171 0.0122
2.5136 0.4172 0.0067
2.5457 0.4173 0.0014
2.5778 0.4172 -0.0036
2.6099 0.4169 -0.0084
2.6420 0.4165 -0.0129
2.6741 0.4160 -0.0172
2.7062 0.4154 -0.0212
2.7383 0.4147 -0.0250
2.7704 0.4139 -0.0285
2.8026 0.4130 -0.0317
2.8347 0.4121 -0.0348
2.8668 0.4110 -0.0375
2.8989 0.4099 -0.0400
2.9311 0.4087 -0.0422
2.9632 0.4074 -0.0442
2.9953 0.4061 -0.0459
3.0275 0.4048 -0.0473
3.0596 0.4034 -0.0485
3.0917 0.4020 -0.0494
3.1238 0.4005 -0.0501
3.1560 0.3991 -0.0505
3.1881 0.3976 -0.0507
3.2202 0.3961 -0.0506
3.2523 0.3946 -0.0503
3.2844 0.3932 -0.0497
3.3166 0.3917 -0.0488
3.3487 0.3903 -0.0477
3.3808 0.3889 -0.0464
3.4129 0.3875 -0.0448
3.4450 0.3862 -0.0430
3.4771 0.3849 -0.0409
3.5092 0.3837 -0.0386
3.5413 0.3825 -0.0361
3.5734 0.3815 -0.0336
3.6055 0.3804 -0.0315
3.6376 0.3795 -0.0296
3.6697 0.3787 -0.0279
3.7017 0.3779 -0.0265
3.7338 0.3773 -0.0252
3.7659 0.3767 -0.0238
3.7979 0.3763 -0.0220
3.8300 0.3760 -0.0197
3.8300 0.3760 -0.0172
3.8620 0.3760 -0.0145
3.8940 0.3760 -0.0120
3.9260 0.3760 -0.0097
3.9580 0.3760 -0.0077
3.9901 0.3760 -0.0059
4.0221 0.3760 -0.0042
4.0541 0.3760 -0.0026
4.0861 0.3760 -0.0012
4.1181 0.3760 0.0002
4.1501 0.3760 0.0014
4.1821 0.3760 0.0026
4.2141 0.3760 0.0037
4.2462 0.3760 0.0048
4.2782 0.3760 0.0058
4.3102 0.3760 0.0068
4.3422 0.3760 0.0077
4.3742 0.3760 0.0085
4.4062 0.3760 0.0092
4.4382 0.3760 0.0099
4.4702 0.3760 0.0106
4.5023 0.3760 0.0111
4.5343 0.3760 0.0116
4.5663 0.3760 0.0120
4.5983 0.3760 0.0124
4.6303 0.3760 0.0127
4.6623 0.3760 0.0129
4.6943 0.3761 0.0130
4.7263 0.3761 0.0131
4.7584 0.3761 0.0131
4.7904 0.3761 0.0130
4.8224 0.3761 0.0129
4.8544 0.3761 0.0127
4.8864 0.3761 0.0124
4.9184 0.3761 0.0120
4.9504 0.3760 0.0114
4.9824 0.3760 0.0105
5.0144 0.3759 0.0095
5.0464 0.3758 0.0082
5.0785 0.3757 0.0067
5.1105 0.3757 0.0050
5.1425 0.3756 0.0032
5.1745 0.3756 0.0010
5.2065 0.3756 -0.0013
5.2385 0.3756 -0.0038
5.2705 0.3757 -0.0065
5.3025 0.3758 -0.0095
5.3346 0.3760 -0.0126
5.3666 0.3762 -0.0160
5.3986 0.3765 -0.0195
5.4306 0.3768 -0.0233
5.4627 0.3771 -0.0272
5.4947 0.3773 -0.0314
5.5267 0.3775 -0.0357
5.5587 0.3776 -0.0403
5.5907 0.3776 -0.0450
5.6227 0.3775 -0.0484
5.6547 0.3772 -0.0490
5.6867 0.3767 -0.0467
5.7187 0.3760 -0.0415
5.7507 0.3751 -0.0334
5.7827 0.3741 -0.0225
5.8146 0.3731 -0.0086
5.8466 0.3723 0.0083
5.8786 0.3717 0.0282
5.9105 0.3715 0.0511
5.9425 0.3719 0.0771
5.9745 0.3730 0.1061
6.0065 0.3748 0.1381
6.0386 0.3776 0.1732
6.0706 0.3814 0.2112
6.1027 0.3865 0.2519
6.1348 0.3928 0.2952
6.1667 0.4005 0.3408
6.1984 0.4097 0.3884
6.2295 0.4204 0.4377
6.2600 0.4326 0.4883
6.2897 0.4465 0.5399
6.3184 0.4621 0.5937
6.3459 0.4794 0.6514
6.3722 0.4986 0.7147
6.3969 0.5197 0.7857
6.4201 0.5427 0.8668
6.4414 0.5678 0.9472
6.4608 0.5948 1.0121
6.4787 0.6234 1.0589
6.4954 0.6531 1.0865
6.5113 0.6833 1.0946
6.5266 0.7137 1.0848
6.5420 0.7436 1.0586
6.5575 0.7727 1.0153
6.5738 0.8004 0.9543
6.5910 0.8262 0.8746
6.6097 0.8497 0.7755
6.6301 0.8704 0.6639
6.6526 0.8877 0.5446
6.6775 0.9015 0.4155
6.7046 0.9118 0.2752
6.7335 0.9193 0.1240
6.7641 0.9241 -0.0100
6.7961 0.9268 -0.1006
6.8292 0.9276 -0.1518
6.8632 0.9270 -0.1676
6.8978 0.9253 -0.1502
6.9327 0.9229 -0.1000
6.9677 0.9203 -0.0403
7.0026 0.9177 0.0052
7.0369 0.9156 0.0366
7.0707 0.9142 0.0541
7.1039 0.9135 0.0574
7.1367 0.9134 0.0534
7.1690 0.9138 0.0493
7.2009 0.9146 0.0453
7.2326 0.9158 0.0414
7.2640 0.9173 0.0377
7.2953 0.9190 0.0341
7.3265 0.9209 0.0307
7.3577 0.9228 0.0276
7.3890 0.9248 0.0247
7.4203 0.9266 0.0221
7.4519 0.9283 0.0198
7.4836 0.9298 0.0176
7.5154 0.9313 0.0155
7.5473 0.9325 0.0136
7.5794 0.9336 0.0117
7.6115 0.9345 0.0100
7.6436 0.9352 0.0083
7.6758 0.9357 0.0067
7.7080 0.9361 0.0052
7.7402 0.9362 0.0038
7.7724 0.9361 0.0025
7.8046 0.9358 0.0012
7.8367 0.9353 -0.0001
7.8688 0.9347 -0.0015
7.9008 0.9339 -0.0019
7.9328 0.9329 -0.0012
7.9648 0.9319 -0.0016
8.1140 0.9273 -0.0046
8.1353 0.9267 -0.0174
8.1566 0.9263 -0.0192
8.1779 0.9259 -0.0114
8.1992 0.9255 -0.0109
8.2205 0.9253 -0.0119
8.2418 0.9251 -0.0128
8.2632 0.9249 -0.0137
8.2845 0.9248 -0.0144
8.3058 0.9248 -0.0150
8.3272 0.9248 -0.0155
8.3485 0.9248 -0.0158
8.3699 0.9249 -0.0161
8.3912 0.9250 -0.0161
8.4126 0.9251 -0.0160
8.4339 0.9253 -0.0158
8.4553 0.9254 -0.0154
8.4766 0.9256 -0.0149
8.4980 0.9257 -0.0142
8.5193 0.9259 -0.0134
8.5407 0.9260 -0.0125
8.5620 0.9261 -0.0114
8.5834 0.9262 -0.0103
8.6047 0.9263 -0.0091
8.6261 0.9264 -0.0078
8.6474 0.9265 -0.0064
8.6687 0.9265 -0.0050
8.6901 0.9266 -0.0037
8.7114 0.9266 -0.0026
8.7328 0.9266 -0.0015
8.7541 0.9266 -0.0000
8.7754 0.9266 0.0039
8.7648 0.9266 0.0051
8.7968 0.9265 0.0038
8.8288 0.9264 0.0047
8.8608 0.9263 0.0055
8.8928 0.9262 0.0062
8.9248 0.9260 0.0069
8.9568 0.9258 0.0075
8.9888 0.9255 0.0081
9.0209 0.9253 0.0087
9.0529 0.9251 0.0093
9.0849 0.9249 0.0098
9.1169 0.9248 0.0103
9.1489 0.9248 0.0108
9.1809 0.9248 0.0113
9.2129 0.9250 0.0117
9.2450 0.9252 0.0121
9.2770 0.9256 0.0125
9.3090 0.9262 0.0129
9.3410 0.9269 0.0132
9.3730 0.9277 0.0135
9.4050 0.9286 0.0138
9.4370 0.9296 0.0141
9.4690 0.9306 0.0143
9.5010 0.9317 0.0145
9.5330 0.9327 0.0147
9.5650 0.9336 0.0149
9.5970 0.9344 0.0150
9.6290 0.9352 0.0152
9.6610 0.9357 0.0152
9.6930 0.9361 0.0153
9.7250 0.9363 0.0153
9.7570 0.9364 0.0154
9.7890 0.9364 0.0153
9.8210 0.9362 0.0153
9.8530 0.9360 0.0152
9.8851 0.9358 0.0152
9.9171 0.9356 0.0150
9.9491 0.9355 0.0149
9.9811 0.9355 0.0148
10.0131 0.9356 0.0147
10.0451 0.9358 0.0146
10.0771 0.9363 0.0145
10.1091 0.9369 0.0144
10.1411 0.9377 0.0142
10.1731 0.9386 0.0141
10.2051 0.9395 0.0140
10.2371 0.9406 0.0138
10.2691 0.9416 0.0137
10.3011 0.9427 0.0135
10.3331 0.9436 0.0134
10.3651 0.9445 0.0132
10.3971 0.9453 0.0131
10.4291 0.9458 0.0129
10.4611 0.9462 0.0127
10.4931 0.9465 0.0126
10.5252 0.9465 0.0124
10.5572 0.9465 0.0122
10.5892 0.9463 0.0120
10.6212 0.9461 0.0118
10.6532 0.9459 0.0116
10.6852 0.9457 0.0114
10.7172 0.9456 0.0112
10.7492 0.9456 0.0110
10.7813 0.9457 0.0108
10.8133 0.9459 0.0106
10.8453 0.9464 0.0104
10.8773 0.9470 0.0102
10.9093 0.9477 0.0100
10.9413 0.9486 0.0098
10.9733 0.9496 0.0095
11.0053 0.9506 0.0093
11.0373 0.9516 0.0091
11.0693 0.9526 0.0088
11.1013 0.9536 0.0086
11.1333 0.9545 0.0083
11.1653 0.9553 0.0081
11.1973 0.9560 0.0078
11.2293 0.9565 0.0076
11.2613 0.9568 0.0073
11.2933 0.9570 0.0070
11.3253 0.9571 0.0068
11.3573 0.9571 0.0065
11.3893 0.9571 0.0062
11.4214 0.9569 0.0059
11.4534 0.9568 0.0056
11.4854 0.9566 0.0053
11.5174 0.9563 0.0050
11.5494 0.9562 0.0048
11.5814 0.9560 0.0044
11.6134 0.9559 0.0041
11.6455 0.9558 0.0038
11.6775 0.9558 0.0035
11.7095 0.9557 0.0032
11.7415 0.9558 0.0029
11.7735 0.9558 0.0026
11.8055 0.9558 0.0022
11.8375 0.9559 0.0019
11.8695 0.9559 0.0016
11.9015 0.9560 0.0012
11.9336 0.9560 0.0009
11.9656 0.9560 0.0005
11.9976 0.9560 0.0002
12.0296 0.9560 -0.0002
12.0616 0.9559 -0.0005
12.0936 0.9559 -0.0009
12.1256 0.9559 -0.0013
12.1576 0.9558 -0.0016
12.1896 0.9558 -0.0020
12.2217 0.9558 -0.0024
12.2537 0.9558 -0.0028
12.2857 0.9559 -0.0032
12.3177 0.9560 -0.0036
12.3497 0.9561 -0.0039
12.3817 0.9562 -0.0043
12.4137 0.9564 -0.0047
12.4458 0.9565 -0.0051
12.4778 0.9567 -0.0056
12.5098 0.9568 -0.0060
12.5418 0.9569 -0.0064
12.5738 0.9569 -0.0068
12.6058 0.9568 -0.0072
12.6378 0.9567 -0.0077
12.6698 0.9565 -0.0081
12.7018 0.9561 -0.0085
12.7339 0.9556 -0.0088
12.7659 0.9550 -0.0091
12.7979 0.9543 -0.0094
12.8299 0.9535 -0.0096
12.8619 0.9527 -0.0098
12.8939 0.9517 -0.0100
12.9259 0.9508 -0.0101
12.9579 0.9498 -0.0102
12.9899 0.9488 -0.0103
13.0219 0.9479 -0.0103
13.0539 0.9470 -0.0103
13.0859 0.9461 -0.0103
13.1179 0.9453 -0.0103
13.1499 0.9446 -0.0102
13.1819 0.9440 -0.0101
13.2139 0.9435 -0.0100
13.2459 0.9431 -0.0099
13.2779 0.9430 -0.0097
13.3099 0.9429 -0.0095
13.3419 0.9431 -0.0093
13.3739 0.9435 -0.0090
13.4060 0.9441 -0.0087
13.4380 0.9449 -0.0083
13.4700 0.9460 -0.0079
13.4700 0.9460 -0.0073
13.5021 0.9464 -0.0067
13.5341 0.9466 -0.0061
13.5662 0.9468 -0.0054
13.5983 0.9469 -0.0047
13.6304 0.9470 -0.0039
13.6625 0.9469 -0.0032
13.6945 0.9469 -0.0024
13.7266 0.9467 -0.0016
13.7587 0.9466 -0.0007
13.7908 0.9464 0.0001
13.8229 0.9462 0.0010
13.8549 0.9460 0.0019
13.8870 0.9458 0.0028
13.9191 0.9456 0.0037
13.9512 0.9454 0.0047
13.9833 0.9452 0.0057
14.0154 0.9451 0.0068
14.0474 0.9450 0.0078
14.0795 0.9450 0.0089
14.1116 0.9451 0.0099
14.1437 0.9452 0.0108
14.1757 0.9454 0.0117
14.2078 0.9457 0.0126
14.2399 0.9461 0.0135
14.2720 0.9466 0.0143
14.3040 0.9472 0.0150
14.3361 0.9479 0.0158
14.3682 0.9487 0.0164
14.4002 0.9495 0.0171
14.4323 0.9504 0.0177
14.4644 0.9514 0.0183
14.4964 0.9523 0.0188
14.5285 0.9534 0.0193
14.5606 0.9544 0.0197
14.5926 0.9554 0.0201
14.6247 0.9565 0.0205
14.6568 0.9575 0.0208
14.6888 0.9586 0.0211
14.7209 0.9596 0.0213
14.7530 0.9605 0.0215
14.7850 0.9615 0.0216
14.8171 0.9624 0.0217
14.8492 0.9632 0.0218
14.8812 0.9640 0.0218
14.9133 0.9647 0.0218
14.9454 0.9653 0.0217
14.9774 0.9658 0.0216
15.0095 0.9663 0.0214
15.0416 0.9666 0.0213
15.0736 0.9668 0.0210
15.1057 0.9670 0.0207
15.1378 0.9671 0.0204
15.1698 0.9671 0.0201
15.2019 0.9670 0.0197
15.2340 0.9669 0.0192
15.2661 0.9667 0.0187
15.2982 0.9665 0.0182
15.3303 0.9663 0.0176
15.3624 0.9660 0.0170
15.3945 0.9657 0.0164
15.4266 0.9653 0.0155
15.4587 0.9650 0.0143
15.4908 0.9648 0.0128
15.5229 0.9645 0.0109
15.5550 0.9644 0.0086
15.5871 0.9643 0.0060
15.6192 0.9644 0.0030
15.6513 0.9646 -0.0004
15.6833 0.9649 -0.0041
15.7153 0.9655 -0.0081
15.7473 0.9662 -0.0126
15.7793 0.9671 -0.0174
15.8112 0.9681 -0.0226
15.8431 0.9691 -0.0281
15.8751 0.9701 -0.0340
15.9071 0.9709 -0.0404
15.9391 0.9714 -0.0471
15.9711 0.9717 -0.0542
16.0032 0.9715 -0.0617
16.0354 0.9708 -0.0696
16.0676 0.9695 -0.0779
16.1000 0.9676 -0.0866
16.1324 0.9649 -0.0928
16.1650 0.9615 -0.0933
16.1975 0.9576 -0.0882
16.2301 0.9535 -0.0773
16.2627 0.9495 -0.0606
16.2951 0.9458 -0.0380
16.3274 0.9426 -0.0093
16.3596 0.9402 0.0255
16.3915 0.9388 0.0664
16.4231 0.9388 0.1133
16.4544 0.9403 0.1661
16.4853 0.9437 0.2202
16.5158 0.9491 0.2714
16.5459 0.9566 0.3197
16.5756 0.9661 0.3650
16.6049 0.9773 0.4073
16.6338 0.9903 0.4468
16.6624 1.0048 0.4834
16.6906 1.0207 0.5174
16.7185 1.0379 0.5489
16.7461 1.0561 0.5780
16.7735 1.0753 0.6066
16.8005 1.0953 0.6368
16.8274 1.1160 0.6690
16.8540 1.1372 0.7036
16.8803 1.1589 0.7409
16.9060 1.1811 0.7814
16.9310 1.2039 0.8256
16.9551 1.2272 0.8741
16.9779 1.2512 0.9274
16.9993 1.2758 0.9861
17.0192 1.3011 1.0509
17.0371 1.3271 1.1188
17.0531 1.3540 1.1858
17.0668 1.3816 1.2512
17.0780 1.4100 1.3144
17.0866 1.4393 1.3746
17.0926 1.4694 1.4315
17.0965 1.5003 1.4848
17.0985 1.5317 1.5343
17.0988 1.5637 1.5800
17.0978 1.5961 1.6218
17.0957 1.6288 1.6599
17.0929 1.6618 1.6885
17.0897 1.6949 1.7027
17.0863 1.7281 1.7030
17.0830 1.7612 1.6896
17.0801 1.7943 1.6622
17.0779 1.8270 1.6199
17.0764 1.8596 1.5750
17.0755 1.8920 1.5533
17.0750 1.9243 1.5501
17.0750 1.9563 1.5419
17.0784 2.1117 1.5223
17.0789 2.1329 1.5310
17.0795 2.1541 1.5400
17.0800 2.1753 1.5492
17.0804 2.1965 1.5582
17.0807 2.2178 1.5666
17.0810 2.2390 1.5740
17.0812 2.2603 1.5798
17.0813 2.2816 1.5836
17.0813 2.3029 1.5851
17.0814 2.3243 1.5842
17.0813 2.3457 1.5821
17.0813 2.3670 1.5803
17.0812 2.3884 1.5786
17.0810 2.4098 1.5771
17.0809 2.4312 1.5758
17.0807 2.4527 1.5746
17.0806 2.4741 1.5735
17.0804 2.4955 1.5726
17.0803 2.5170 1.5718
17.0801 2.5384 1.5711
17.0800 2.5599 1.5705
17.0799 2.5814 1.5701
17.0798 2.6028 1.5697
17.0797 2.6243 1.5695
17.0797 2.6457 1.5694
17.0796 2.6672 1.5694
17.0796 2.6886 1.5695
17.0796 2.7101 1.5697
17.0796 2.7315 1.5701
17.0797 2.7529 1.5705
17.0797 2.7743 1.5711
17.0797 2.7956 1.5718
17.0798 2.8170 1.5725
17.0798 2.8383 1.5731
17.0798 2.8596 1.5736
17.0799 2.8808 1.5739
17.0799 2.9021 1.5740
17.0800 2.9233 1.5740
17.0800 2.9444 1.5739
17.0800 2.9655 1.5736
17.0801 2.9866 1.5732
17.0801 3.0077 1.5726
17.0801 3.0288 1.5719
17.0801 3.0499 1.5711
17.0801 3.0710 1.5702
17.0801 3.0922 1.5692
17.0802 3.1133 1.5680
17.0802 3.1346 1.5665
17.0801 3.1558 1.5649
17.0801 3.1772 1.5615
17.0801 3.1986 1.5436
17.0801 3.2417 1.3983
17.0801 3.1713 1.5565
17.0801 3.2035 1.5584
17.0801 3.2358 1.5636
17.0801 3.2684 1.5713
17.0800 3.3012 1.5813
17.0800 3.3344 1.5937
17.0799 3.3678 1.6086
17.0795 3.4013 1.6265
17.0786 3.4348 1.6478
17.0769 3.4682 1.6734
17.0743 3.5012 1.7043
17.0706 3.5338 1.7420
17.0654 3.5658 1.7913
17.0586 3.5969 1.8561
17.0500 3.6272 1.9366
17.0393 3.6564 2.0313
17.0264 3.6843 2.1371
17.0109 3.7109 2.2489
16.9930 3.7361 2.3500
16.9728 3.7599 2.4298
16.9505 3.7823 2.4924
16.9264 3.8035 2.5406
16.9007 3.8235 2.5769
16.8736 3.8423 2.6074
16.8453 3.8599 2.6374
16.8160 3.8765 2.6668
16.7860 3.8920 2.6955
16.7554 3.9065 2.7234
16.7245 3.9200 2.7505
16.6934 3.9326 2.7767
16.6624 3.9444 2.8020
16.6313 3.9553 2.8263
16.6003 3.9654 2.8497
16.5692 3.9748 2.8721
16.5381 3.9834 2.8935
16.5069 3.9914 2.9138
16.4758 3.9987 2.9331
16.4446 4.0055 2.9514
16.4133 4.0116 2.9686
16.3821 4.0172 2.9848
16.3508 4.0224 3.0000
16.3194 4.0271 3.0141
16.2880 4.0313 3.0272
16.2566 4.0352 3.0393
16.2251 4.0388 3.0506
16.1936 4.0420 3.0614
16.1620 4.0449 3.0717
16.1304 4.0476 3.0815
16.0988 4.0499 3.0907
16.0671 4.0520 3.0994
16.0353 4.0538 3.1075
16.0035 4.0553 3.1151
15.9717 4.0566 3.1222
15.9399 4.0577 3.1288
15.9080 4.0585 3.1348
15.8761 4.0591 3.1402
15.8441 4.0596 3.1452
15.8121 4.0598 3.1495
15.7801 4.0599 3.1534
15.7481 4.0598 3.1567
15.7160 4.0595 3.1595
15.6839 4.0591 3.1617
15.6518 4.0586 3.1634
15.6197 4.0580 3.1646
15.5875 4.0572 3.1652
15.5553 4.0564 3.1653
15.5232 4.0554 3.1652
15.4909 4.0544 3.1649
15.4587 4.0533 3.1647
15.4265 4.0522 3.1643
15.3942 4.0510 3.1640
15.3620 4.0498 3.1636
15.3297 4.0485 3.1632
15.2975 4.0473 3.1627
15.2652 4.0461 3.1622
15.2329 4.0448 3.1616
15.2006 4.0436 3.1610
15.1683 4.0424 3.1604
15.1360 4.0413 3.1597
15.1038 4.0402 3.1590
15.0715 4.0392 3.1582
15.0392 4.0383 3.1574
15.0069 4.0375 3.1566
14.9747 4.0367 3.1557
14.9424 4.0361 3.1548
14.9102 4.0356 3.1538
14.8779 4.0353 3.1528
14.8457 4.0351 3.1518
14.8135 4.0350 3.1509
14.7813 4.0351 3.1499
14.7491 4.0354 3.1490
14.7170 4.0359 3.1482
14.6848 4.0365 3.1474
14.6527 4.0374 3.1466
14.6206 4.0384 3.1458
14.5885 4.0394 3.1451
14.5565 4.0405 3.1444
14.5244 4.0416 3.1438
14.4924 4.0427 3.1432
14.4603 4.0437 3.1427
14.4283 4.0446 3.1421
14.3962 4.0453 3.1417
14.3642 4.0457 3.1412
14.3321 4.0460 3.1408
14.3001 4.0459 3.1404
14.2680 4.0456 3.1401
14.2360 4.0450 3.1398
14.2039 4.0443 3.1395
14.1719 4.0433 3.1393
14.1398 4.0423 3.1391
14.1077 4.0412 3.1390
14.0756 4.0401 3.1389
14.0436 4.0390 3.1388
14.0115 4.0379 3.1387
13.9794 4.0370 3.1387
13.9473 4.0362 3.1388
13.9153 4.0355 3.1388
13.8832 4.0351 3.1390
13.8511 4.0348 3.1391
13.8190 4.0347 3.1393
13.7869 4.0346 3.1395
13.7549 4.0347 3.1398
13.7228 4.0349 3.1401
13.6907 4.0351 3.1404
13.6586 4.0353 3.1408
13.6266 4.0355 3.1412
13.5945 4.0358 3.1416
13.5624 4.0360 3.1421
13.5303 4.0361 3.1426
13.4982 4.0363 3.1432
13.4662 4.0363 3.1438
13.4341 4.0363 3.1443
13.4020 4.0363 3.1448
13.3699 4.0363 3.1453
13.3378 4.0363 3.1458
13.3058 4.0362 3.1462
13.2737 4.0362 3.1466
13.2416 4.0361 3.1470
13.2095 4.0360 3.1474
13.1775 4.0360 3.1478
13.1454 4.0360 3.1481
13.1133 4.0360 3.1484
13.0812 4.0360 3.1487
13.0491 4.0360 3.1489
13.0171 4.0360 3.1491
12.9850 4.0360 3.1493
12.9529 4.0360 3.1495
12.9208 4.0360 3.1497
12.8887 4.0360 3.1498
12.8567 4.0360 3.1499
12.8246 4.0360 3.1500
12.7925 4.0360 3.1500
12.7604 4.0360 3.1501
12.7284 4.0359 3.1501
12.6963 4.0359 3.1501
12.6642 4.0358 3.1500
12.6321 4.0358 3.1499
12.6000 4.0358 3.1499
12.5680 4.0357 3.1497
12.5359 4.0357 3.1496
12.5038 4.0358 3.1494
12.4717 4.0358 3.1493
12.4396 4.0359 3.1490
12.4076 4.0361 3.1488
12.3755 4.0362 3.1485
12.3434 4.0364 3.1483
12.3113 4.0366 3.1480
12.2792 4.0368 3.1476
12.2472 4.0369 3.1473
12.2151 4.0370 3.1469
12.1830 4.0371 3.1465
12.1509 4.0370 3.1460
12.1188 4.0369 3.1456
12.0868 4.0366 3.1451
12.0547 4.0362 3.1446
12.0226 4.0357 3.1442
11.9906 4.0350 3.1437
11.9585 4.0342 3.1433
11.9264 4.0334 3.1429
11.8944 4.0324 3.1424
11.8623 4.0315 3.1421
11.8302 4.0305 3.1417
11.7982 4.0295 3.1413
11.7661 4.0285 3.1410
11.7340 4.0277 3.1406
11.7020 4.0269 3.1403
11.6699 4.0262 3.1400
11.6378 4.0256 3.1397
11.6057 4.0252 3.1395
11.5737 4.0249 3.1392
11.5416 4.0248 3.1390
11.5095 4.0247 3.1388
11.4774 4.0247 3.1385
11.4454 4.0248 3.1383
11.4133 4.0250 3.1382
11.3812 4.0252 3.1380
11.3491 4.0254 3.1378
11.3170 4.0257 3.1377
11.2849 4.0260 3.1376
11.2529 4.0262 3.1375
11.2208 4.0265 3.1373
11.1887 4.0268 3.1372
11.1566 4.0270 3.1372
11.1245 4.0272 3.1371
11.0925 4.0273 3.1370
11.0604 4.0273 3.1369
11.0283 4.0273 3.1369
10.9962 4.0271 3.1369
10.9641 4.0269 3.1369
10.9321 4.0265 3.1369
10.9000 4.0260 3.1369
10.9000 4.0260 3.1370
10.8679 4.0275 3.1371
10.8359 4.0289 3.1373
10.8038 4.0301 3.1374
10.7717 4.0312 3.1376
10.7396 4.0322 3.1378
10.7075 4.0330 3.1380
10.6755 4.0337 3.1382
10.6434 4.0344 3.1384
10.6113 4.0349 3.1386
10.5792 4.0353 3.1387
10.5471 4.0357 3.1389
10.5150 4.0360 3.1390
10.4830 4.0362 3.1392
10.4509 4.0363 3.1393
10.4188 4.0364 3.1395
10.3867 4.0365 3.1396
10.3546 4.0365 3.1397
10.3225 4.0364 3.1398
10.2904 4.0364 3.1399
10.2583 4.0363 3.1400
10.2262 4.0362 3.1401
10.1941 4.0362 3.1402
10.1620 4.0361 3.1403
10.1300 4.0360 3.1404
10.0979 4.0359 3.1405
10.0658 4.0359 3.1406
10.0337 4.0359 3.1407
10.0016 4.0359 3.1408
9.9695 4.0359 3.1408
9.9374 4.0359 3.1409
9.9053 4.0359 3.1410
9.8732 4.0359 3.1411
9.8411 4.0359 3.1411
9.8090 4.0360 3.1412
9.7770 4.0360 3.1412
9.7449 4.0360 3.1413
9.7128 4.0360 3.1414
9.6807 4.0360 3.1414
9.6486 4.0360 3.1415
9.6165 4.0360 3.1416
9.5844 4.0360 3.1416
9.4257 4.0360 3.1416
9.4043 4.0360 3.1417
9.3829 4.0360 3.1417
9.3616 4.0360 3.1417
9.3402 4.0360 3.1417
9.3188 4.0360 3.1418
9.2975 4.0360 3.1418
9.2761 4.0360 3.1418
9.2547 4.0360 3.1418
9.2334 4.0360 3.1418
9.2120 4.0360 3.1419
9.1906 4.0360 3.1419
9.1692 4.0360 3.1419
9.1479 4.0360 3.1418
9.1265 4.0360 3.1418
9.1051 4.0360 3.1418
9.0838 4.0360 3.1418
9.0624 4.0360 3.1417
9.0410 4.0360 3.1417
9.0197 4.0360 3.1417
8.9983 4.0360 3.1416
8.9769 4.0360 3.1416
8.9556 4.0360 3.1415
8.9342 4.0360 3.1415
8.9128 4.0360 3.1414
8.8914 4.0360 3.1413
8.8701 4.0360 3.1413
8.8487 4.0360 3.1412
8.8273 4.0360 3.1411
8.8060 4.0360 3.1410
8.7846 4.0360 3.1409
8.7632 4.0360 3.1406
8.7419 4.0360 3.1400
8.7205 4.0360 3.1368
8.7501 4.0360 3.1397
8.7180 4.0360 3.1407
8.6859 4.0360 3.1405
8.6538 4.0360 3.1404
8.6217 4.0360 3.1403
8.5896 4.0360 3.1402
8.5575 4.0360 3.1401
8.5254 4.0360 3.1400
8.4933 4.0360 3.1399
8.4612 4.0360 3.1398
8.4292 4.0360 3.1396
8.3971 4.0360 3.1395
8.3650 4.0360 3.1394
8.3329 4.0360 3.1393
8.3008 4.0360 3.1391
8.2687 4.0360 3.1390
8.2366 4.0360 3.1389
8.2045 4.0360 3.1388
8.1724 4.0360 3.1387
8.1403 4.0360 3.1386
8.1082 4.0360 3.1385
8.0762 4.0360 3.1383
8.0441 4.0360 3.1382
8.0120 4.0360 3.1382
7.9799 4.0360 3.1381
7.9478 4.0360 3.1380
7.9157 4.0360 3.1379
7.8836 4.0360 3.1378
7.8515 4.0360 3.1377
7.8194 4.0360 3.1376
7.7873 4.0360 3.1376
7.7552 4.0359 3.1375
7.7232 4.0359 3.1374
7.6911 4.0359 3.1374
7.6590 4.0359 3.1373
7.6269 4.0358 3.1373
7.5948 4.0358 3.1372
7.5627 4.0359 3.1372
7.5306 4.0359 3.1371
7.4985 4.0359 3.1371
7.4664 4.0360 3.1370
7.4343 4.0361 3.1370
7.4023 4.0362 3.1370
7.3702 4.0363 3.1369
7.3381 4.0365 3.1369
7.3060 4.0367 3.1369
7.2739 4.0369 3.1369
7.2418 4.0371 3.1368
7.2097 4.0373 3.1368
7.1776 4.0375 3.1368
7.1456 4.0378 3.1368
7.1135 4.0380 3.1368
7.0814 4.0383 3.1368
7.0493 4.0386 3.1368
7.0172 4.0388 3.1368
6.9851 4.0391 3.1368
6.9530 4.0394 3.1368
6.9210 4.0397 3.1369
6.8889 4.0400 3.1369
6.8568 4.0404 3.1369
6.8247 4.0407 3.1369
6.7926 4.0410 3.1370
6.7605 4.0413 3.1370
6.7284 4.0416 3.1370
6.6963 4.0419 3.1371
6.6643 4.0422 3.1371
6.6322 4.0425 3.1372
6.6001 4.0428 3.1372
6.5680 4.0431 3.1373
6.5359 4.0434 3.1373
6.5038 4.0437 3.1374
6.4717 4.0440 3.1374
6.4396 4.0442 3.1375
6.4075 4.0445 3.1376
6.3754 4.0447 3.1377
6.3433 4.0449 3.1377
6.3113 4.0451 3.1378
6.2792 4.0453 3.1379
6.2471 4.0455 3.1380
6.2150 4.0456 3.1381
6.1829 4.0458 3.1382
6.1508 4.0459 3.1383
6.1187 4.0460 3.1384
6.0866 4.0460 3.1385
6.0545 4.0461 3.1386
6.0224 4.0461 3.1387
5.9903 4.0461 3.1388
5.9582 4.0461 3.1389
5.9261 4.0461 3.1391
5.8940 4.0461 3.1392
5.8619 4.0461 3.1393
5.8298 4.0460 3.1394
5.7977 4.0460 3.1396
5.7656 4.0460 3.1397
5.7336 4.0460 3.1399
5.7015 4.0460 3.1400
5.6694 4.0460 3.1402
5.6374 4.0461 3.1403
5.6053 4.0461 3.1405
5.5733 4.0461 3.1406
5.5413 4.0462 3.1408
5.5092 4.0463 3.1409
5.4772 4.0464 3.1411
5.4452 4.0465 3.1412
5.4132 4.0466 3.1413
5.3811 4.0467 3.1414
5.3491 4.0468 3.1415
5.3171 4.0469 3.1415
5.2851 4.0470 3.1415
5.2531 4.0471 3.1416
5.2211 4.0472 3.1416
5.1890 4.0473 3.1415
5.1570 4.0474 3.1415
5.1250 4.0475 3.1415
5.0930 4.0477 3.1414
5.0610 4.0478 3.1413
5.0289 4.0479 3.1412
4.9969 4.0480 3.1411
4.9649 4.0481 3.1409
4.9328 4.0481 3.1408
4.9008 4.0482 3.1406
4.8687 4.0483 3.1404
4.8367 4.0484 3.1402
4.8046 4.0484 3.1400
4.7725 4.0484 3.1398
4.7405 4.0485 3.1395
4.7084 4.0485 3.1392
4.6763 4.0485 3.1389
4.6442 4.0485 3.1386
4.6120 4.0484 3.1383
4.5799 4.0484 3.1379
4.5478 4.0483 3.1376
4.5156 4.0483 3.1372
4.4835 4.0481 3.1368
4.4513 4.0480 3.1364
4.4191 4.0479 3.1359
4.3869 4.0477 3.1355
4.3547 4.0475 3.1350
4.3225 4.0473 3.1345
4.2902 4.0471 3.1340
4.2580 4.0468 3.1335
4.2257 4.0466 3.1329
4.1934 4.0462 3.1324
4.1611 4.0459 3.1318
4.1288 4.0455 3.1314
4.0964 4.0452 3.1316
4.0641 4.0448 3.1322
4.0318 4.0445 3.1333
3.9996 4.0443 3.1349
3.9674 4.0442 3.1369
3.9353 4.0441 3.1395
3.9033 4.0442 3.1425
3.8714 4.0445 3.1459
3.8395 4.0449 3.1498
3.8079 4.0456 3.1542
3.7763 4.0464 3.1590
3.7449 4.0474 3.1642
3.7135 4.0485 3.1698
3.6820 4.0495 3.1758
3.6505 4.0503 3.1822
3.6187 4.0508 3.1890
3.5867 4.0509 3.1961
3.5543 4.0505 3.2035
3.5215 4.0493 3.2113
3.4881 4.0474 3.2193
3.4542 4.0446 3.2276
3.4198 4.0409 3.2320
3.3851 4.0368 3.2280
3.3503 4.0326 3.2158
3.3156 4.0285 3.1946
3.2813 4.0251 3.1637
3.2476 4.0225 3.1217
3.2147 4.0213 3.0667
3.1828 4.0216 2.9967
3.1522 4.0239 2.9090
3.1231 4.0285 2.8014
3.0956 4.0357 2.6726
3.0700 4.0460 2.5352
3.0466 4.0595 2.4054
3.0252 4.0761 2.2870
3.0057 4.0956 2.1822
2.9881 4.1178 2.0915
2.9722 4.1425 2.0140
2.9580 4.1695 1.9486
2.9453 4.1984 1.8938
2.9341 4.2292 1.8482
2.9243 4.2616 1.8105
2.9158 4.2953 1.7787
2.9084 4.3302 1.7508
2.9021 4.3661 1.7263
2.8968 4.4026 1.7045
2.8924 4.4397 1.6851
2.8888 4.4770 1.6675
2.8859 4.5144 1.6517
2.8836 4.5516 1.6372
2.8818 4.5884 1.6240
2.8804 4.6247 1.6118
2.8793 4.6601 1.6004
2.8785 4.6947 1.5897
2.8779 4.7285 1.5796
2.8776 4.7617 1.5702
2.8774 4.7942 1.5619
2.8775 4.8262 1.5547
2.8777 4.8578 1.5488
2.8780 4.8889 1.5444
2.8784 4.9198 1.5415
2.8788 4.9504 1.5403
2.8794 4.9808 1.5406
2.8799 5.0112 1.5425
2.8805 5.0415 1.5451
2.8810 5.0719 1.5476
2.8815 5.1025 1.5501
2.8819 5.1332 1.5524
2.8823 5.1643 1.5547
2.8825 5.1957 1.5570
2.8826 5.2276 1.5593
2.8825 5.2599 1.5615
2.8822 5.2929 1.5638
2.8817 5.3265 1.5661
2.8810 5.3608 1.5685
2.8800 5.3960 1.5710
2.8800 5.3960 1.5735
2.8762 5.4300 1.5761
2.8735 5.4635 1.5787
2.8718 5.4965 1.5813
2.8710 5.5291 1.5839
2.8709 5.5614 1.5864
2.8715 5.5933 1.5888
2.8725 5.6251 1.5911
2.8739 5.6566 1.5933
2.8755 5.6881 1.5954
2.8771 5.7195 1.5981
2.8788 5.7509 1.6023
2.8803 5.7824 1.6079
2.8815 5.8140 1.6149
2.8822 5.8459 1.6232
2.8825 5.8780 1.6329
2.8820 5.9104 1.6439
2.8807 5.9432 1.6562
2.8785 5.9765 1.6700
2.8753 6.0102 1.6851
2.8712 6.0442 1.7017
2.8661 6.0786 1.7198
2.8600 6.1131 1.7394
2.8530 6.1478 1.7607
2.8451 6.1826 1.7836
2.8362 6.2174 1.8083
2.8265 6.2522 1.8348
2.8158 6.2868 1.8632
2.8043 6.3213 1.8935
2.7919 6.3555 1.9259
2.7786 6.3893 1.9603
2.7645 6.4227 1.9968
2.7496 6.4557 2.0343
2.7338 6.4881 2.0717
2.7171 6.5200 2.1089
2.6997 6.5511 2.1463
2.6815 6.5815 2.1838
2.6625 6.6111 2.2215
2.6427 6.6398 2.2596
2.6221 6.6675 2.2981
2.6008 6.6943 2.3373
2.5788 6.7199 2.3771
2.5560 6.7443 2.4178
2.5325 6.7676 2.4593
2.5082 6.7895 2.5019
2.4833 6.8101 2.5457
2.4577 6.8292 2.5907
2.4314 6.8468 2.6370
2.4044 6.8628 2.6848
2.3768 6.8772 2.7341
2.3485 6.8899 2.7849
2.3196 6.9007 2.8374
2.2900 6.9098 2.8914
2.2599 6.9169 2.9442
2.2291 6.9221 2.9930
2.1979 6.9256 3.0375
2.1661 6.9276 3.0778
2.1340 6.9283 3.1137
2.1016 6.9280 3.1454
2.0690 6.9267 3.1728
2.0362 6.9247 3.1963
2.0032 6.9222 3.2157
1.9702 6.9195 3.2313
1.9373 6.9166 3.2431
1.9044 6.9139 3.2512
1.8717 6.9113 3.2555
1.8391 6.9090 3.2560
1.8065 6.9069 3.2528
1.7742 6.9052 3.2458
1.7419 6.9038 3.2350
1.7097 6.9029 3.2204
1.6777 6.9024 3.2020
1.6457 6.9024 3.1797
1.6140 6.9030 3.1536
1.5823 6.9042 3.1235
1.5507 6.9060 3.0943
1.5193 6.9084 3.0704
1.4879 6.9113 3.0519
1.4564 6.9144 3.0388
1.4247 6.9176 3.0310
1.3927 6.9206 3.0286
1.3604 6.9231 3.0314
1.3275 6.9250 3.0393
1.2940 6.9260 3.0523
1.2599 6.9259 3.0703
1.2252 6.9251 3.0931
1.1903 6.9237 3.1121
1.1554 6.9223 3.1191
1.1207 6.9211 3.1139
1.0864 6.9206 3.0961
1.0529 6.9210 3.0647
1.0203 6.9227 3.0179
0.9890 6.9261 2.9535
0.9590 6.9315 2.8687
0.9308 6.9393 2.7611
0.9044 6.9498 2.6297
0.8803 6.9634 2.4896
0.8584 6.9801 2.3585
0.8386 6.9998 2.2398
0.8208 7.0222 2.1349
0.8050 7.0471 2.0436
0.7909 7.0743 1.9651
0.7785 7.1035 1.8977
0.7677 7.1344 1.8401
0.7584 7.1669 1.7908
0.7503 7.2008 1.7486
0.7435 7.2357 1.7124
0.7378 7.2715 1.6814
0.7331 7.3080 1.6549
0.7293 7.3448 1.6323
0.7262 7.3819 1.6132
0.7238 7.4188 1.5973
0.7219 7.4555 1.5843
0.7205 7.4917 1.5740
0.7193 7.5271 1.5665
0.7185 7.5618 1.5616
0.7178 7.5957 1.5595
0.7174 7.6289 1.5603
0.7171 7.6616 1.5628
0.7171 7.6938 1.5650
0.7172 7.7255 1.5671
0.7175 7.7568 1.5689
0.7179 7.7879 1.5705
0.7185 7.8187 1.5716
0.7191 7.8494 1.5725
0.7198 7.8799 1.5729
0.7207 7.9105 1.5729
0.7215 7.9411 1.5725
0.7225 7.9719 1.5717
0.7234 8.0028 1.5706
0.7244 8.0340 1.5691
0.7253 8.0656 1.5672
0.7262 8.0975 1.5651
0.7271 8.1300 1.5625
0.7280 8.1630 1.5597
0.7287 8.1966 1.5564
0.7294 8.2309 1.5528
0.7300 8.2660 1.5488
0.7300 8.2660 1.5444
0.7277 8.2999 1.5403
0.7260 8.3334 1.5371
0.7249 8.3664 1.5350
0.7243 8.3991 1.5338
0.7241 8.4314 1.5337
0.7243 8.4633 1.5345
0.7248 8.4951 1.5364
0.7256 8.5266 1.5393
0.7266 8.5579 1.5432
0.7277 8.5891 1.5480
0.7290 8.6202 1.5538
0.7302 8.6512 1.5606
0.7314 8.6822 1.5683
0.7326 8.7133 1.5770
0.7336 8.7443 1.5865
0.7343 8.7755 1.5968
0.7349 8.8069 1.6080
0.7350 8.8384 1.6199
0.7348 8.8701 1.6326
0.7342 8.9022 1.6460
0.7331 8.9345 1.6601
0.7314 8.9671 1.6747
0.7291 9.0002 1.6869
0.7261 9.0337 1.6936
0.7223 9.0676 1.6951
0.7178 9.1021 1.6914
0.7126 9.1370 1.6823
0.7071 9.1720 1.6677
0.7016 9.2071 1.6471
0.6966 9.2420 1.6201
0.6922 9.2764 1.5861
0.6889 9.3101 1.5442
0.6870 9.3429 1.4935
0.6869 9.3747 1.4330
0.6889 9.4051 1.3619
0.6933 9.4339 1.2793
0.7006 9.4610 1.1851
0.7110 9.4861 1.0798
0.7249 9.5091 0.9654
0.7420 9.5300 0.8448
0.7621 9.5488 0.7222
0.7849 9.5657 0.6018
0.8103 9.5808 0.4875
0.8381 9.5942 0.3893
0.8678 9.6060 0.3109
0.8994 9.6162 0.2474
0.9326 9.6251 0.1950
0.9670 9.6325 0.1510
1.0026 9.6388 0.1133
1.0390 9.6439 0.0804
1.0761 9.6480 0.0510
1.1135 9.6511 0.0242
1.1510 9.6534 -0.0009
1.1885 9.6549 -0.0253
1.2255 9.6558 -0.0487
1.2620 9.6561 -0.0684
1.2977 9.6559 -0.0823
1.3324 9.6554 -0.0900
1.3662 9.6545 -0.0926
1.3993 9.6534 -0.0907
1.4317 9.6519 -0.0367
1.4635 9.6502 -0.0373
1.6252 9.6393 -0.1163
1.6459 9.6377 -0.1300
1.6667 9.6362 -0.1174
1.6877 9.6347 -0.0904
1.7089 9.6333 -0.0652
1.7301 9.6320 -0.0415
1.7515 9.6308 -0.0192
1.7730 9.6297 0.0018
1.7945 9.6288 0.0218
1.8161 9.6282 0.0407
1.8377 9.6278 0.0588
1.8593 9.6277 0.0761
1.8809 9.6280 0.0927
1.9024 9.6286 0.1087
1.9240 9.6296 0.1242
1.9454 9.6311 0.1393
1.9668 9.6330 0.1540
1.9881 9.6355 0.1684
2.0093 9.6385 0.1825
2.0303 9.6421 0.1965
2.0511 9.6462 0.2104
2.0718 9.6511 0.2243
2.0923 9.6565 0.2383
2.1127 9.6624 0.2524
2.1330 9.6689 0.2655
2.1531 9.6758 0.2760
2.1732 9.6830 0.2835
2.1931 9.6906 0.2878
2.2130 9.6984 0.2892
2.2328 9.7065 0.2878
2.2527 9.7148 0.3134
2.2724 9.7231 0.4251
2.2922 9.7316 0.8715
2.3120 9.7400 1.7877
2.3318 9.7484 1.3512
2.2778 9.7254 0.6089
2.3075 9.7381 0.4056
2.3373 9.7507 0.3249
2.3672 9.7630 0.2868
2.3973 9.7749 0.2699
2.4275 9.7863 0.2678
2.4580 9.7970 0.2699
2.4887 9.8070 0.2661
2.5195 9.8164 0.2560
2.5505 9.8251 0.2394
2.5817 9.8331 0.2165
2.6131 9.8404 0.1908
2.6446 9.8470 0.1658
2.6762 9.8529 0.1414
2.7079 9.8581 0.1175
2.7398 9.8625 0.0943
2.7717 9.8662 0.0717
2.8037 9.8691 0.0497
2.8358 9.8712 0.0282
2.8680 9.8726 0.0074
2.9001 9.8733 -0.0129
2.9323 9.8733 -0.0326
2.9646 9.8726 -0.0518
2.9967 9.8713 -0.0704
3.0289 9.8693 -0.0885
3.0610 9.8666 -0.1061
3.0931 9.8633 -0.1232
3.1250 9.8594 -0.1398
3.1569 9.8550 -0.1560
3.1887 9.8499 -0.1717
3.2203 9.8443 -0.1870
3.2519 9.8382 -0.2018
3.2833 9.8316 -0.2166
3.3147 9.8244 -0.2314
3.3459 9.8168 -0.2464
3.3770 9.8088 -0.2616
3.4080 9.8003 -0.2769
3.4389 9.7914 -0.2923
3.4697 9.7821 -0.3080
3.5004 9.7724 -0.3238
3.5310 9.7623 -0.3397
3.5615 9.7519 -0.3559
3.5919 9.7412 -0.3722
3.6221 9.7300 -0.3888
3.6521 9.7184 -0.4055
3.6820 9.7064 -0.4225
3.7116 9.6939 -0.4396
3.7411 9.6810 -0.4570
3.7702 9.6675 -0.4746
3.7991 9.6535 -0.4924
3.8278 9.6389 -0.5104
3.8561 9.6237 -0.5286
3.8841 9.6080 -0.5471
3.9117 9.5916 -0.5658
3.9391 9.5747 -0.5846
3.9660 9.5571 -0.6035
3.9926 9.5390 -0.6226
4.0189 9.5204 -0.6417
4.0447 9.5012 -0.6609
4.0702 9.4815 -0.6803
4.0953 9.4613 -0.6997
4.1200 9.4406 -0.7193
4.1443 9.4194 -0.7389
4.1681 9.3977 -0.7587
4.1916 9.3756 -0.7786
4.2146 9.3530 -0.7987
4.2372 9.3300 -0.8188
4.2594 9.3066 -0.8391
4.2811 9.2828 -0.8595
4.3024 9.2586 -0.8801
4.3232 9.2340 -0.9008
4.3435 9.2091 -0.9215
4.3634 9.1838 -0.9425
4.3827 9.1582 -0.9635
4.4016 9.1322 -0.9846
4.4200 9.1060 -0.9846
4.4200 9.1060 -0.9846
4.4200 9.1060 -0.9846
4.4200 9.1060 -0.9846
4.4200 9.1060 -0.9846
4.4200 9.1060 -0.9846
4.4200 9.1060 -0.9846
4.4200 9.1060 -0.9846
4.4200 9.1060 -0.9846
4.4200 9.1060 -0.9846
4.4200 9.1060 -0.9846
4.4200 9.1060 -0.9846
4.4200 9.1060 -0.9846
4.4200 9.1060 -0.9846
4.4200 9.1060 -0.9846
4.4200 9.1060 -0.9846
4.4200 9.1060 -0.9846
4.4200 9.1060 -0.9846
4.4200 9.1060 -0.9846
4.4200 9.1060 -0.9846
4.4200 9.1060 -0.9846
4.4200 9.1060 -0.9846
4.4200 9.1060 -0.9846
4.4200 9.1060 -0.9846
4.4200 9.1060 -0.9846
4.4200 9.1060 -0.9846
4.4200 9.1060 -0.9846
4.4200 9.1060 -0.9846
4.4200 9.1060 -0.9846
4.4200 9.1060 -0.9846
4.4200 9.1060 -0.9846
4.4200 9.1060 -0.9846
4.4200 9.1060 -0.9846
4.4200 9.1060 -0.9846
4.4200 9.1060 -0.9846
4.4200 9.1060 -0.9846
4.4200 9.1060 -0.9846
4.4200 9.1060 -0.9846
4.4200 9.1060 -0.9846
4.4200 9.1060 -0.9846
4.4200 9.1060 -0.9846
4.4200 9.1060 -0.9846
4.4200 9.1060 -0.9846
4.4200 9.1060 -0.9846
4.4200 9.1060 -0.9846
