0.730 8.266 1.570
0.730 8.291 1.571
0.731 8.316 1.573
0.731 8.341 1.574
0.731 8.366 1.575
0.731 8.391 1.576
0.732 8.416 1.578
0.732 8.441 1.579
0.732 8.466 1.580
0.732 8.491 1.581
0.731 8.517 1.582
0.731 8.542 1.583
0.731 8.567 1.584
0.731 8.592 1.585
0.730 8.617 1.585
0.730 8.642 1.586
0.730 8.667 1.587
0.729 8.692 1.588
0.729 8.717 1.588
0.728 8.742 1.589
0.728 8.767 1.590
0.727 8.792 1.590
0.727 8.817 1.591
0.726 8.842 1.591
0.726 8.867 1.591
0.725 8.892 1.592
0.724 8.917 1.592
0.724 8.942 1.592
0.723 8.967 1.593
0.722 8.992 1.593
0.722 9.018 1.593
0.721 9.043 1.593
0.720 9.068 1.593
0.720 9.093 1.593
0.719 9.118 1.593
0.719 9.143 1.593
0.718 9.168 1.593
0.717 9.193 1.593
0.717 9.218 1.593
0.716 9.243 1.592
0.716 9.268 1.592
0.715 9.293 1.592
0.715 9.318 1.591
0.714 9.343 1.591
0.714 9.368 1.591
0.713 9.393 1.590
0.713 9.418 1.590
0.712 9.443 1.589
0.712 9.468 1.588
0.711 9.493 1.588
0.711 9.518 1.587
0.710 9.543 1.586
0.710 9.568 1.586
0.710 9.594 1.585
0.709 9.619 1.584
0.709 9.644 1.583
0.709 9.669 1.582
0.708 9.694 1.581
0.708 9.719 1.580
0.708 9.744 1.579
0.708 9.769 1.578
0.708 9.794 1.577
0.708 9.819 1.576
0.707 9.844 1.575
0.707 9.869 1.574
0.707 9.894 1.573
0.707 9.919 1.572
0.707 9.944 1.570
0.707 9.969 1.569
0.707 9.994 1.568
0.707 10.019 1.567
0.708 10.044 1.565
0.708 10.069 1.564
0.708 10.095 1.563
0.708 10.120 1.561
0.708 10.145 1.560
0.709 10.170 1.559
0.709 10.195 1.557
0.709 10.220 1.556
0.710 10.245 1.554
0.710 10.270 1.553
0.711 10.295 1.551
0.711 10.320 1.550
0.712 10.345 1.548
0.713 10.370 1.547
0.713 10.395 1.545
0.714 10.420 1.544
0.715 10.445 1.542
0.715 10.471 1.540
0.716 10.496 1.539
0.717 10.521 1.537
0.718 10.546 1.535
0.719 10.571 1.533
0.720 10.596 1.531
0.721 10.621 1.529
0.722 10.646 1.528
0.723 10.671 1.526
0.724 10.696 1.524
0.726 10.721 1.521
0.727 10.746 1.519
0.728 10.771 1.517
0.730 10.796 1.515
0.731 10.821 1.513
0.732 10.846 1.511
0.734 10.871 1.508
0.735 10.896 1.506
0.737 10.921 1.503
0.738 10.946 1.500
0.740 10.971 1.496
0.741 10.996 1.490
0.743 11.021 1.484
0.744 11.046 1.476
0.746 11.071 1.467
0.748 11.095 1.456
0.750 11.120 1.445
0.753 11.145 1.433
0.756 11.170 1.420
0.759 11.195 1.406
0.762 11.219 1.392
0.766 11.244 1.377
0.771 11.269 1.361
0.775 11.294 1.345
0.781 11.319 1.326
0.787 11.344 1.306
0.793 11.369 1.283
0.801 11.394 1.258
0.809 11.418 1.230
0.817 11.443 1.199
0.827 11.468 1.165
0.837 11.492 1.126
0.848 11.515 1.083
0.860 11.538 1.035
0.872 11.560 0.982
0.886 11.582 0.922
0.900 11.603 0.858
0.916 11.622 0.795
0.932 11.641 0.733
0.949 11.659 0.672
0.967 11.675 0.614
0.986 11.691 0.557
1.006 11.704 0.504
1.027 11.717 0.454
1.049 11.728 0.406
1.071 11.739 0.362
1.095 11.748 0.321
1.119 11.756 0.284
1.143 11.763 0.249
1.168 11.770 0.217
1.193 11.775 0.188
1.218 11.780 0.162
1.244 11.785 0.139
1.270 11.788 0.118
1.296 11.792 0.099
1.322 11.794 0.083
1.347 11.797 0.069
1.373 11.799 0.057
1.398 11.800 0.047
1.424 11.802 0.039
1.449 11.803 0.033
1.474 11.804 0.028
1.499 11.805 0.026
1.524 11.805 0.024
1.549 11.806 0.023
1.574 11.806 0.022
1.599 11.806 0.020
1.624 11.806 0.019
1.648 11.806 0.018
1.673 11.806 0.016
1.698 11.806 0.015
1.723 11.806 0.014
1.748 11.806 0.013
1.773 11.806 0.011
1.798 11.806 0.010
1.823 11.806 0.009
1.848 11.806 0.008
1.873 11.806 0.007
1.898 11.806 0.006
1.923 11.806 0.005
1.948 11.806 0.004
1.973 11.806 0.003
1.998 11.806 0.003
2.023 11.806 0.002
2.048 11.806 0.001
2.074 11.806 0.000
2.099 11.806 -0.001
2.124 11.806 -0.001
2.149 11.806 -0.002
2.174 11.806 -0.002
2.199 11.806 -0.003
2.224 11.806 -0.004
2.249 11.806 -0.004
2.274 11.806 -0.004
2.299 11.806 -0.005
2.324 11.806 -0.005
2.349 11.806 -0.006
2.374 11.806 -0.006
2.399 11.806 -0.006
2.424 11.806 -0.006
2.449 11.806 -0.007
2.474 11.806 -0.007
2.499 11.806 -0.007
2.525 11.806 -0.007
2.550 11.806 -0.007
2.575 11.806 -0.007
2.600 11.806 -0.007
2.625 11.806 -0.007
2.650 11.806 -0.007
2.675 11.806 -0.006
2.700 11.806 -0.006
2.725 11.806 -0.006
2.750 11.806 -0.006
2.775 11.806 -0.005
2.800 11.806 -0.005
2.825 11.806 -0.004
2.850 11.806 -0.004
2.875 11.806 -0.004
2.900 11.806 -0.003
2.925 11.806 -0.003
2.950 11.806 -0.002
2.976 11.806 -0.002
3.001 11.806 -0.002
3.026 11.806 -0.001
3.051 11.806 -0.001
3.076 11.806 -0.001
3.101 11.806 -0.000
3.126 11.806 0.000
3.151 11.806 0.000
3.176 11.806 0.001
3.201 11.806 0.001
3.226 11.806 0.001
3.251 11.806 0.002
3.276 11.806 0.002
3.301 11.806 0.002
3.326 11.806 0.002
3.351 11.806 0.003
3.376 11.806 0.003
3.401 11.806 0.003
3.426 11.806 0.003
3.452 11.806 0.003
3.477 11.806 0.004
3.502 11.806 0.004
3.527 11.806 0.004
3.552 11.806 0.004
3.577 11.806 0.004
3.602 11.806 0.005
3.627 11.806 0.005
3.652 11.806 0.005
3.677 11.806 0.005
3.702 11.806 0.005
3.727 11.806 0.005
3.752 11.806 0.005
3.777 11.806 0.006
3.802 11.806 0.006
3.827 11.806 0.006
3.852 11.806 0.006
3.877 11.806 0.006
3.902 11.806 0.006
3.928 11.806 0.006
3.953 11.806 0.006
3.978 11.806 0.006
4.003 11.806 0.006
4.028 11.806 0.006
4.053 11.806 0.006
4.078 11.806 0.006
4.103 11.806 0.006
4.128 11.805 0.006
4.153 11.805 0.006
4.178 11.805 0.006
4.203 11.805 0.006
4.228 11.805 0.006
4.253 11.805 0.006
4.278 11.805 0.006
4.303 11.805 0.006
4.328 11.806 0.006
4.353 11.806 0.006
4.379 11.806 0.006
4.404 11.807 0.006
4.429 11.807 0.006
4.454 11.808 0.005
4.479 11.808 0.005
4.504 11.809 0.005
4.529 11.810 0.005
4.554 11.810 0.005
4.579 11.811 0.005
4.604 11.812 0.005
4.629 11.813 0.004
4.654 11.813 0.004
4.679 11.814 0.004
4.704 11.815 0.004
4.729 11.815 0.004
4.754 11.816 0.003
4.779 11.817 0.003
4.804 11.817 0.003
4.829 11.818 0.003
4.854 11.818 0.003
4.879 11.819 0.002
4.904 11.819 0.002
4.930 11.819 0.002
4.955 11.819 0.001
4.980 11.819 0.001
5.005 11.819 0.001
5.030 11.819 0.001
5.055 11.818 0.000
5.080 11.818 -0.000
5.105 11.817 -0.000
5.130 11.816 -0.001
5.130 11.816 -0.001
5.155 11.815 -0.002
5.180 11.814 -0.002
5.205 11.812 -0.002
5.230 11.812 -0.003
5.255 11.811 -0.003
5.280 11.810 -0.004
5.305 11.809 -0.004
5.330 11.809 -0.004
5.355 11.808 -0.005
5.381 11.807 -0.005
5.406 11.807 -0.006
5.431 11.807 -0.006
5.456 11.806 -0.006
5.481 11.806 -0.007
5.506 11.806 -0.007
5.531 11.806 -0.008
5.556 11.806 -0.008
5.581 11.806 -0.008
5.606 11.806 -0.009
5.631 11.806 -0.009
5.656 11.806 -0.009
5.681 11.806 -0.009
5.706 11.806 -0.010
5.731 11.806 -0.010
5.757 11.806 -0.010
5.782 11.806 -0.010
5.807 11.806 -0.010
5.832 11.806 -0.010
5.857 11.806 -0.010
5.882 11.806 -0.010
5.907 11.806 -0.010
5.932 11.806 -0.010
5.957 11.806 -0.010
5.982 11.806 -0.009
6.007 11.806 -0.009
6.032 11.806 -0.009
6.057 11.806 -0.009
6.082 11.806 -0.008
6.107 11.806 -0.008
6.132 11.805 -0.008
6.157 11.805 -0.007
6.183 11.806 -0.007
6.208 11.806 -0.007
6.233 11.806 -0.008
6.258 11.806 -0.009
6.283 11.806 -0.010
6.308 11.806 -0.012
6.333 11.807 -0.014
6.358 11.807 -0.017
6.383 11.807 -0.020
6.409 11.807 -0.024
6.434 11.807 -0.028
6.459 11.807 -0.032
6.484 11.806 -0.037
6.509 11.806 -0.042
6.534 11.805 -0.048
6.559 11.804 -0.054
6.584 11.802 -0.060
6.609 11.800 -0.067
6.634 11.798 -0.074
6.659 11.795 -0.081
6.684 11.792 -0.089
6.708 11.788 -0.097
6.733 11.784 -0.106
6.758 11.780 -0.114
6.783 11.776 -0.124
6.807 11.771 -0.133
6.832 11.767 -0.143
6.826 11.768 -0.151
6.858 11.762 -0.154
6.891 11.756 -0.154
6.924 11.750 -0.150
6.957 11.745 -0.142
6.990 11.741 -0.132
7.023 11.737 -0.120
7.056 11.734 -0.106
7.089 11.731 -0.093
7.122 11.730 -0.079
7.155 11.729 -0.065
7.189 11.729 -0.049
7.222 11.729 -0.032
7.255 11.730 -0.013
7.289 11.731 0.007
7.322 11.732 0.024
7.356 11.733 0.039
7.389 11.735 0.051
7.422 11.737 0.061
7.456 11.738 0.069
7.489 11.740 0.073
7.522 11.741 0.075
7.556 11.742 0.073
7.589 11.743 0.069
7.622 11.744 0.062
7.655 11.745 0.052
7.689 11.746 0.039
7.722 11.746 0.025
7.755 11.746 0.013
7.788 11.746 0.002
7.822 11.745 -0.007
7.855 11.745 -0.016
7.888 11.744 -0.023
7.921 11.743 -0.029
7.955 11.741 -0.033
7.988 11.740 -0.037
8.021 11.739 -0.039
8.054 11.738 -0.040
8.088 11.737 -0.040
8.121 11.736 -0.039
8.154 11.736 -0.037
8.188 11.736 -0.037
8.221 11.736 -0.039
8.255 11.736 -0.042
8.288 11.736 -0.046
8.321 11.736 -0.052
8.355 11.736 -0.059
8.388 11.736 -0.068
8.421 11.735 -0.078
8.455 11.733 -0.090
8.488 11.731 -0.103
8.521 11.728 -0.117
8.554 11.724 -0.133
8.587 11.719 -0.149
8.619 11.714 -0.165
8.652 11.707 -0.181
8.684 11.700 -0.196
8.717 11.692 -0.210
8.749 11.684 -0.224
8.781 11.675 -0.238
8.813 11.666 -0.251
8.846 11.656 -0.263
8.877 11.646 -0.275
8.909 11.636 -0.287
8.941 11.626 -0.298
8.973 11.616 -0.308
9.005 11.605 -0.318
9.036 11.595 -0.327
9.068 11.584 -0.336
9.099 11.574 -0.345
9.131 11.563 -0.352
9.162 11.552 -0.360
9.194 11.542 -0.367
9.225 11.531 -0.373
9.257 11.520 -0.379
9.288 11.510 -0.384
9.320 11.499 -0.389
9.352 11.489 -0.393
9.383 11.478 -0.397
9.415 11.467 -0.400
9.446 11.456 -0.404
9.477 11.444 -0.407
9.508 11.432 -0.410
9.539 11.420 -0.413
9.570 11.408 -0.416
9.601 11.395 -0.420
9.631 11.381 -0.423
9.661 11.367 -0.427
9.691 11.352 -0.430
9.721 11.337 -0.434
9.750 11.321 -0.437
9.779 11.306 -0.441
9.809 11.290 -0.444
9.838 11.274 -0.448
9.867 11.257 -0.451
9.896 11.241 -0.455
9.925 11.225 -0.458
9.955 11.209 -0.461
9.984 11.193 -0.464
10.013 11.177 -0.466
10.043 11.162 -0.468
10.072 11.147 -0.470
10.102 11.131 -0.472
10.132 11.117 -0.474
10.162 11.102 -0.475
10.191 11.087 -0.476
10.221 11.073 -0.477
10.252 11.059 -0.478
10.282 11.044 -0.479
10.312 11.031 -0.479
10.342 11.017 -0.479
10.373 11.003 -0.478
10.403 10.989 -0.478
10.433 10.976 -0.477
10.464 10.962 -0.476
10.494 10.948 -0.474
10.524 10.934 -0.472
10.554 10.919 -0.470
10.584 10.905 -0.468
10.614 10.890 -0.466
10.643 10.874 -0.463
10.672 10.858 -0.459
10.702 10.842 -0.456
10.731 10.826 -0.452
10.760 10.809 -0.448
10.789 10.793 -0.444
10.817 10.776 -0.439
10.847 10.760 -0.434
10.876 10.744 -0.429
10.905 10.728 -0.424
10.935 10.713 -0.418
10.965 10.699 -0.412
10.995 10.685 -0.405
11.025 10.672 -0.399
11.056 10.659 -0.392
11.087 10.648 -0.385
11.118 10.636 -0.377
11.150 10.625 -0.370
11.181 10.614 -0.363
11.213 10.604 -0.355
11.245 10.594 -0.347
11.277 10.583 -0.340
11.308 10.573 -0.332
11.340 10.563 -0.324
11.372 10.552 -0.316
11.404 10.542 -0.307
11.435 10.531 -0.299
11.467 10.521 -0.290
11.499 10.510 -0.282
11.530 10.500 -0.273
11.562 10.490 -0.264
11.594 10.481 -0.255
11.626 10.472 -0.246
11.658 10.464 -0.237
11.690 10.456 -0.228
11.723 10.449 -0.219
11.755 10.442 -0.209
11.788 10.436 -0.200
11.821 10.431 -0.190
11.854 10.425 -0.181
11.887 10.420 -0.171
11.920 10.416 -0.162
11.953 10.411 -0.153
11.986 10.406 -0.144
12.019 10.402 -0.136
12.052 10.397 -0.128
12.085 10.392 -0.120
12.118 10.387 -0.112
12.151 10.382 -0.105
12.184 10.377 -0.098
12.217 10.372 -0.091
12.250 10.367 -0.084
12.283 10.363 -0.078
12.316 10.358 -0.072
12.349 10.354 -0.067
12.382 10.351 -0.061
12.415 10.348 -0.056
12.448 10.345 -0.051
12.481 10.344 -0.046
12.514 10.343 -0.042
12.548 10.342 -0.038
12.581 10.342 -0.034
12.614 10.342 -0.030
12.648 10.342 -0.027
12.681 10.343 -0.024
12.714 10.343 -0.021
12.748 10.344 -0.018
12.781 10.345 -0.016
12.814 10.346 -0.013
12.848 10.347 -0.011
12.881 10.347 -0.008
12.914 10.347 -0.005
12.948 10.348 -0.003
12.981 10.348 -0.000
13.014 10.348 0.002
13.048 10.348 0.005
13.081 10.347 0.007
13.114 10.347 0.010
13.147 10.347 0.013
13.181 10.346 0.015
13.214 10.346 0.018
13.247 10.345 0.021
13.280 10.344 0.023
13.314 10.344 0.026
13.347 10.343 0.028
13.380 10.342 0.030
13.414 10.341 0.033
13.447 10.340 0.035
13.480 10.339 0.037
13.513 10.338 0.038
13.547 10.337 0.040
13.580 10.336 0.042
13.580 10.336 0.043
13.613 10.341 0.045
13.646 10.345 0.046
13.679 10.350 0.047
13.712 10.354 0.048
13.746 10.358 0.049
13.778 10.361 0.050
13.803 10.364 0.051
13.828 10.367 0.051
13.853 10.369 0.051
13.878 10.371 0.051
13.903 10.373 0.051
13.928 10.375 0.051
13.953 10.377 0.050
13.978 10.379 0.050
14.003 10.380 0.049
14.028 10.381 0.048
14.053 10.383 0.046
14.078 10.384 0.045
14.103 10.385 0.043
14.128 10.385 0.041
14.153 10.386 0.039
14.178 10.386 0.036
14.203 10.387 0.034
14.228 10.387 0.031
14.253 10.387 0.028
14.278 10.387 0.025
14.303 10.386 0.022
14.328 10.386 0.018
14.353 10.385 0.015
14.378 10.384 0.011
14.403 10.383 0.008
14.428 10.383 0.005
14.453 10.382 0.001
14.478 10.380 -0.002
14.503 10.380 -0.005
14.528 10.379 -0.008
14.553 10.378 -0.011
14.578 10.377 -0.014
14.603 10.376 -0.016
14.628 10.376 -0.019
14.653 10.376 -0.022
14.678 10.376 -0.025
14.703 10.376 -0.027
14.728 10.377 -0.030
14.753 10.377 -0.032
14.778 10.378 -0.035
14.803 10.379 -0.037
14.828 10.380 -0.039
14.853 10.381 -0.042
14.878 10.382 -0.044
14.903 10.383 -0.046
14.928 10.383 -0.048
14.953 10.383 -0.050
14.978 10.383 -0.052
15.003 10.382 -0.056
15.028 10.381 -0.064
15.053 10.379 -0.075
15.078 10.376 -0.090
15.103 10.373 -0.109
15.128 10.369 -0.132
15.153 10.364 -0.159
15.177 10.359 -0.190
15.202 10.353 -0.224
15.227 10.346 -0.262
15.251 10.338 -0.304
15.275 10.330 -0.349
15.299 10.321 -0.398
15.322 10.311 -0.448
15.345 10.300 -0.498
15.368 10.289 -0.543
15.391 10.277 -0.583
15.413 10.264 -0.619
15.434 10.251 -0.652
15.455 10.236 -0.681
15.476 10.221 -0.706
15.496 10.206 -0.729
15.515 10.189 -0.750
15.534 10.172 -0.767
15.552 10.154 -0.783
15.570 10.136 -0.796
15.587 10.117 -0.806
15.604 10.098 -0.813
15.621 10.079 -0.814
15.638 10.060 -0.809
15.655 10.041 -0.797
15.672 10.022 -0.779
15.689 10.004 -0.753
15.707 9.986 -0.721
15.725 9.970 -0.682
15.744 9.954 -0.635
15.763 9.939 -0.582
15.784 9.925 -0.523
15.805 9.913 -0.459
15.827 9.903 -0.390
15.851 9.893 -0.320
15.875 9.886 -0.251
15.900 9.879 -0.189
15.925 9.874 -0.131
15.951 9.871 -0.076
15.977 9.869 -0.024
16.003 9.868 0.026
16.030 9.868 0.076
16.056 9.870 0.126
16.083 9.873 0.176
16.109 9.878 0.228
16.135 9.883 0.281
16.160 9.890 0.339
16.185 9.898 0.400
16.209 9.907 0.463
16.233 9.917 0.523
16.255 9.929 0.580
16.277 9.941 0.634
16.297 9.955 0.683
16.317 9.969 0.728
16.336 9.985 0.768
16.354 10.001 0.802
16.372 10.018 0.832
16.389 10.036 0.857
16.406 10.054 0.877
16.423 10.073 0.891
16.439 10.093 0.902
16.455 10.113 0.907
16.471 10.133 0.909
16.487 10.153 0.907
16.503 10.174 0.902
16.519 10.195 0.893
16.536 10.216 0.881
16.552 10.237 0.865
16.569 10.258 0.846
16.587 10.278 0.823
16.604 10.298 0.797
16.622 10.318 0.767
16.640 10.337 0.733
16.659 10.354 0.695
16.678 10.371 0.653
16.697 10.387 0.606
16.717 10.401 0.553
16.738 10.414 0.493
16.759 10.426 0.425
16.780 10.436 0.349
16.802 10.444 0.263
16.825 10.450 0.168
16.848 10.454 0.075
16.871 10.456 -0.005
16.895 10.457 -0.072
16.920 10.457 -0.126
16.944 10.455 -0.167
16.970 10.452 -0.196
16.995 10.449 -0.215
17.020 10.445 -0.224
17.046 10.440 -0.223
17.072 10.435 -0.213
17.098 10.430 -0.193
17.123 10.425 -0.164
17.149 10.421 -0.124
17.175 10.417 -0.083
17.201 10.413 -0.050
17.226 10.410 -0.025
17.251 10.408 -0.008
17.277 10.406 0.001
17.302 10.405 0.002
17.327 10.404 -0.001
17.352 10.403 -0.003
17.377 10.403 -0.006
17.401 10.403 -0.008
17.426 10.403 -0.009
17.451 10.404 -0.011
17.476 10.404 -0.012
17.501 10.405 -0.013
17.525 10.405 -0.014
17.550 10.406 -0.014
17.575 10.406 -0.014
17.600 10.406 -0.014
17.625 10.407 -0.013
17.650 10.407 -0.012
17.675 10.407 -0.011
17.700 10.407 -0.010
17.725 10.407 -0.008
17.750 10.406 -0.006
17.775 10.406 -0.004
17.800 10.406 -0.001
17.825 10.406 0.002
17.850 10.406 0.005
17.875 10.406 0.008
17.900 10.406 0.012
17.925 10.406 0.016
17.950 10.406 0.020
17.975 10.406 0.025
18.000 10.407 0.029
18.025 10.407 0.033
18.050 10.408 0.037
18.075 10.408 0.040
18.100 10.409 0.043
18.125 10.409 0.045
18.150 10.410 0.047
18.175 10.411 0.048
18.200 10.412 0.049
18.225 10.413 0.050
18.250 10.414 0.050
18.275 10.414 0.049
18.300 10.415 0.048
18.325 10.416 0.047
18.350 10.417 0.045
18.375 10.418 0.042
18.400 10.419 0.040
18.425 10.420 0.036
18.450 10.421 0.033
18.475 10.421 0.028
18.500 10.422 0.024
18.525 10.423 0.018
18.550 10.423 0.013
18.575 10.424 0.007
18.600 10.425 -0.000
18.625 10.425 -0.007
18.650 10.425 -0.014
18.675 10.426 -0.021
18.700 10.426 -0.026
18.700 10.426 -0.031
18.725 10.426 -0.035
18.750 10.426 -0.039
18.775 10.426 -0.042
18.800 10.425 -0.044
18.825 10.425 -0.045
18.850 10.424 -0.046
18.875 10.423 -0.046
18.900 10.422 -0.045
18.925 10.421 -0.043
18.950 10.420 -0.041
18.975 10.420 -0.038
19.000 10.419 -0.035
19.025 10.418 -0.030
19.050 10.417 -0.025
19.075 10.416 -0.020
19.100 10.415 -0.013
19.125 10.415 -0.006
19.150 10.414 0.001
19.175 10.414 0.010
19.200 10.414 0.018
19.225 10.414 0.028
19.250 10.414 0.038
19.275 10.414 0.049
19.300 10.415 0.060
19.325 10.416 0.072
19.350 10.417 0.085
19.375 10.419 0.099
19.400 10.420 0.113
19.425 10.423 0.127
19.450 10.425 0.143
19.475 10.428 0.159
19.501 10.431 0.176
19.526 10.435 0.194
19.551 10.439 0.213
19.575 10.443 0.232
19.600 10.448 0.253
19.625 10.454 0.274
19.649 10.460 0.297
19.674 10.467 0.320
19.698 10.474 0.344
19.721 10.483 0.370
19.745 10.491 0.396
19.768 10.501 0.423
19.791 10.511 0.452
19.813 10.522 0.482
19.835 10.534 0.512
19.856 10.547 0.544
19.878 10.560 0.576
19.898 10.575 0.610
19.918 10.590 0.644
19.938 10.605 0.676
19.957 10.621 0.708
19.976 10.638 0.739
19.995 10.656 0.769
20.013 10.674 0.798
20.030 10.692 0.827
20.047 10.711 0.855
20.064 10.730 0.881
20.080 10.750 0.908
20.095 10.770 0.933
20.110 10.790 0.958
20.125 10.810 0.982
20.139 10.831 1.006
20.152 10.852 1.029
20.166 10.874 1.051
20.178 10.895 1.073
20.191 10.917 1.095
20.202 10.939 1.116
20.214 10.962 1.137
20.225 10.984 1.158
20.235 11.007 1.179
20.246 11.030 1.199
20.255 11.053 1.219
20.265 11.076 1.239
20.274 11.100 1.258
20.283 11.123 1.278
20.291 11.147 1.297
20.299 11.171 1.316
20.306 11.195 1.335
20.314 11.219 1.353
20.320 11.243 1.371
20.327 11.268 1.388
20.332 11.292 1.405
20.338 11.317 1.422
20.342 11.341 1.437
20.347 11.366 1.453
20.351 11.391 1.468
20.354 11.416 1.482
20.357 11.441 1.496
20.359 11.465 1.509
20.360 11.490 1.521
20.361 11.515 1.533
20.362 11.540 1.545
20.362 11.565 1.556
20.361 11.590 1.566
20.360 11.615 1.576
20.359 11.640 1.585
20.357 11.665 1.594
20.355 11.690 1.602
20.353 11.715 1.609
20.351 11.740 1.616
20.349 11.765 1.622
20.347 11.790 1.628
20.344 11.815 1.634
20.342 11.840 1.639
20.340 11.865 1.645
20.338 11.890 1.650
20.336 11.915 1.655
20.334 11.940 1.660
20.333 11.965 1.665
20.331 11.990 1.670
20.329 12.015 1.675
20.328 12.040 1.679
20.326 12.065 1.684
20.324 12.090 1.689
20.322 12.115 1.693
20.320 12.140 1.697
20.318 12.165 1.702
20.316 12.190 1.706
20.313 12.215 1.710
20.311 12.239 1.714
20.308 12.264 1.718
20.305 12.289 1.722
20.301 12.314 1.725
20.297 12.338 1.729
20.293 12.363 1.733
20.289 12.388 1.736
20.285 12.412 1.739
20.280 12.437 1.743
20.276 12.462 1.746
20.271 12.486 1.750
20.266 12.511 1.754
20.261 12.535 1.760
20.255 12.560 1.767
20.250 12.584 1.775
20.244 12.609 1.784
20.238 12.633 1.794
20.232 12.657 1.805
20.226 12.682 1.817
20.220 12.706 1.831
20.214 12.730 1.845
20.207 12.754 1.861
20.200 12.779 1.877
20.193 12.802 1.895
20.185 12.826 1.914
20.177 12.850 1.934
20.169 12.874 1.956
20.160 12.897 1.978
20.150 12.920 2.002
20.140 12.943 2.027
20.130 12.966 2.052
20.119 12.989 2.079
20.107 13.011 2.107
20.094 13.033 2.136
20.081 13.055 2.166
20.068 13.077 2.197
20.054 13.098 2.228
20.039 13.118 2.258
20.023 13.139 2.289
20.007 13.158 2.320
19.991 13.177 2.351
19.973 13.196 2.382
19.956 13.213 2.414
19.937 13.231 2.446
19.918 13.247 2.478
19.899 13.262 2.511
19.878 13.277 2.546
19.858 13.291 2.580
19.836 13.304 2.616
19.815 13.316 2.653
19.792 13.328 2.690
19.770 13.338 2.724
19.747 13.348 2.757
19.724 13.358 2.787
19.700 13.367 2.815
19.676 13.375 2.841
19.652 13.382 2.865
19.627 13.390 2.887
19.603 13.396 2.907
19.578 13.403 2.925
19.554 13.409 2.940
19.529 13.414 2.954
19.504 13.419 2.965
19.479 13.424 2.976
19.455 13.429 2.986
19.430 13.433 2.995
19.405 13.437 3.005
19.380 13.441 3.014
19.355 13.445 3.023
19.331 13.448 3.031
19.306 13.451 3.039
19.281 13.454 3.047
19.256 13.457 3.054
19.231 13.459 3.061
19.207 13.461 3.068
19.182 13.463 3.075
19.157 13.465 3.081
19.132 13.466 3.087
19.107 13.468 3.092
19.082 13.469 3.097
19.057 13.470 3.102
19.032 13.471 3.107
19.007 13.472 3.111
18.982 13.473 3.115
18.957 13.473 3.118
18.932 13.474 3.121
18.907 13.474 3.124
18.882 13.475 3.127
18.857 13.475 3.129
18.832 13.475 3.131
18.807 13.476 3.133
18.782 13.476 3.134
18.757 13.476 3.136
18.732 13.476 3.137
18.707 13.477 3.139
18.682 13.477 3.140
18.657 13.477 3.142
18.632 13.477 3.143
18.607 13.477 3.144
18.582 13.477 3.145
18.557 13.478 3.146
18.531 13.478 3.147
18.506 13.477 3.148
18.481 13.477 3.148
18.456 13.477 3.149
18.431 13.477 3.150
18.406 13.477 3.150
18.381 13.476 3.151
18.356 13.475 3.151
18.331 13.475 3.152
18.306 13.474 3.152
18.281 13.473 3.152
18.256 13.472 3.152
18.231 13.471 3.152
18.206 13.471 3.152
18.181 13.470 3.152
18.156 13.469 3.152
18.131 13.468 3.152
18.106 13.468 3.152
18.081 13.467 3.151
18.056 13.467 3.151
18.031 13.466 3.150
18.006 13.466 3.150
17.981 13.466 3.149
17.956 13.466 3.148
17.931 13.467 3.147
17.906 13.467 3.147
17.881 13.468 3.146
17.856 13.468 3.145
17.831 13.469 3.144
17.806 13.470 3.142
17.781 13.471 3.141
17.756 13.471 3.140
17.731 13.472 3.138
17.706 13.473 3.137
17.681 13.474 3.135
17.656 13.475 3.134
17.631 13.476 3.132
17.606 13.476 3.130
17.581 13.477 3.129
17.556 13.478 3.127
17.531 13.478 3.125
17.506 13.478 3.123
17.481 13.479 3.121
17.456 13.479 3.120
17.431 13.479 3.120
17.406 13.479 3.121
17.381 13.479 3.122
17.356 13.478 3.124
17.331 13.478 3.127
17.306 13.478 3.130
17.281 13.477 3.134
17.256 13.476 3.139
17.231 13.476 3.145
17.206 13.475 3.152
17.181 13.474 3.159
17.156 13.473 3.167
17.131 13.471 3.176
17.106 13.470 3.185
17.081 13.468 3.196
17.056 13.466 3.207
17.031 13.464 3.218
17.006 13.462 3.231
16.981 13.460 3.244
16.956 13.458 3.259
16.931 13.455 3.273
16.907 13.452 3.289
16.882 13.449 3.305
16.857 13.446 3.323
16.832 13.442 3.340
16.807 13.438 3.359
16.782 13.434 3.377
16.757 13.430 3.396
16.732 13.425 3.415
16.707 13.420 3.435
16.683 13.414 3.454
16.658 13.408 3.474
16.634 13.401 3.495
16.610 13.394 3.515
16.586 13.386 3.536
16.563 13.378 3.558
16.540 13.368 3.580
16.517 13.359 3.602
16.494 13.348 3.625
16.472 13.337 3.648
16.450 13.324 3.672
16.428 13.312 3.697
16.407 13.298 3.721
16.387 13.284 3.747
16.366 13.269 3.773
16.346 13.253 3.799
16.327 13.237 3.826
16.308 13.221 3.853
16.289 13.203 3.881
16.271 13.186 3.910
16.254 13.167 3.939
16.236 13.149 3.968
16.220 13.130 3.997
16.204 13.110 4.026
16.188 13.091 4.053
16.173 13.071 4.080
16.158 13.050 4.105
16.144 13.030 4.130
16.130 13.009 4.154
16.117 12.987 4.176
16.104 12.966 4.199
16.092 12.944 4.220
16.080 12.922 4.241
16.068 12.900 4.260
16.057 12.877 4.280
16.046 12.855 4.298
16.035 12.832 4.316
16.025 12.809 4.333
16.014 12.786 4.350
16.005 12.763 4.366
15.995 12.740 4.382
15.986 12.717 4.397
15.977 12.693 4.411
15.968 12.670 4.425
15.960 12.646 4.439
15.951 12.622 4.452
15.944 12.598 4.465
15.937 12.574 4.478
15.930 12.550 4.490
15.923 12.526 4.502
15.917 12.502 4.514
15.912 12.477 4.526
15.907 12.453 4.538
15.902 12.428 4.550
15.898 12.403 4.561
15.894 12.379 4.573
15.891 12.354 4.584
15.889 12.329 4.595
15.886 12.304 4.606
15.885 12.279 4.617
15.883 12.254 4.627
15.882 12.229 4.637
15.881 12.204 4.647
15.880 12.178 4.657
15.880 12.153 4.666
15.880 12.128 4.675
15.880 12.103 4.684
15.880 12.078 4.692
15.880 12.053 4.700
15.880 12.028 4.707
15.880 12.004 4.715
15.881 11.979 4.722
15.881 11.954 4.728
15.881 11.929 4.734
15.882 11.905 4.740
15.882 11.880 4.745
15.882 11.855 4.747
15.882 11.830 4.748
15.882 11.805 4.747
15.882 11.780 4.743
15.882 11.755 4.738
15.882 11.730 4.731
15.881 11.704 4.721
15.881 11.679 4.710
15.880 11.653 4.696
15.879 11.627 4.681
15.878 11.601 4.663
15.876 11.575 4.643
15.874 11.548 4.620
15.872 11.522 4.595
15.869 11.496 4.568
15.866 11.470 4.538
15.862 11.444 4.505
15.858 11.418 4.469
15.853 11.393 4.430
15.847 11.368 4.389
15.840 11.343 4.345
15.832 11.319 4.298
15.824 11.295 4.248
15.814 11.272 4.196
15.804 11.250 4.142
15.792 11.228 4.086
15.779 11.207 4.034
15.766 11.187 3.988
15.750 11.168 3.950
15.734 11.149 3.918
15.716 11.132 3.892
15.697 11.115 3.873
15.678 11.099 3.859
15.657 11.083 3.850
15.637 11.068 3.847
15.616 11.053 3.850
15.595 11.038 3.858
15.574 11.023 3.872
15.553 11.008 3.892
15.533 10.992 3.919
15.514 10.976 3.951
15.496 10.960 3.989
15.479 10.942 4.032
15.463 10.924 4.081
15.449 10.905 4.135
15.437 10.885 4.194
15.426 10.863 4.258
15.417 10.841 4.326
15.410 10.818 4.398
15.404 10.794 4.471
15.399 10.769 4.546
15.395 10.744 4.620
15.393 10.718 4.693
15.392 10.692 4.756
15.391 10.666 4.802
15.392 10.639 4.835
15.393 10.613 4.855
15.395 10.586 4.864
15.397 10.559 4.861
15.400 10.532 4.849
15.404 10.506 4.836
15.408 10.480 4.836
15.412 10.454 4.847
15.417 10.428 4.872
15.423 10.403 4.912
15.430 10.378 4.967
15.437 10.354 5.039
15.445 10.330 5.119
15.454 10.306 5.195
15.463 10.284 5.265
15.474 10.261 5.328
15.486 10.240 5.383
15.499 10.219 5.430
15.512 10.199 5.470
15.528 10.179 5.501
15.544 10.160 5.525
15.561 10.142 5.541
15.579 10.125 5.550
15.598 10.108 5.552
15.618 10.091 5.546
15.637 10.075 5.536
15.657 10.058 5.522
15.677 10.042 5.504
15.697 10.026 5.483
15.716 10.009 5.458
15.734 9.992 5.428
15.752 9.975 5.394
15.769 9.957 5.356
15.784 9.938 5.312
15.798 9.919 5.264
15.811 9.898 5.211
15.822 9.877 5.153
15.831 9.855 5.089
15.840 9.833 5.026
15.847 9.809 4.969
15.853 9.785 4.917
15.858 9.761 4.871
15.862 9.736 4.831
15.865 9.711 4.796
15.867 9.685 4.767
15.869 9.659 4.742
15.870 9.633 4.723
15.871 9.606 4.708
15.871 9.580 4.698
15.871 9.553 4.693
15.871 9.527 4.692
15.870 9.501 4.693
15.870 9.475 4.694
15.870 9.449 4.695
15.869 9.423 4.697
15.869 9.398 4.698
15.869 9.372 4.699
15.869 9.347 4.700
15.869 9.322 4.701
15.869 9.297 4.703
15.869 9.272 4.704
15.869 9.248 4.705
15.869 9.223 4.706
15.870 9.198 4.707
15.870 9.173 4.708
15.870 9.149 4.710
15.870 9.124 4.711
15.870 9.099 4.712
15.870 9.075 4.713
15.870 9.050 4.714
15.870 9.025 4.716
15.870 9.000 4.717
15.870 8.975 4.718
15.870 8.950 4.719
15.871 8.925 4.720
15.871 8.900 4.721
15.870 8.875 4.723
15.870 8.850 4.724
15.870 8.824 4.725
15.870 8.799 4.726
15.870 8.774 4.726
15.870 8.749 4.727
15.870 8.724 4.727
15.870 8.699 4.727
15.870 8.674 4.726
15.869 8.649 4.726
15.869 8.624 4.725
15.869 8.599 4.724
15.869 8.574 4.723
15.869 8.549 4.721
15.869 8.524 4.720
15.869 8.499 4.718
15.869 8.474 4.716
15.869 8.449 4.713
15.869 8.424 4.711
15.869 8.399 4.708
15.870 8.374 4.705
15.870 8.349 4.702
15.870 8.324 4.698
15.871 8.299 4.695
15.872 8.273 4.691
15.872 8.248 4.686
15.873 8.223 4.682
15.873 8.198 4.677
15.873 8.173 4.673
15.873 8.148 4.667
15.872 8.123 4.659
15.872 8.098 4.650
15.870 8.073 4.639
15.869 8.048 4.626
15.867 8.023 4.612
15.864 7.998 4.596
15.861 7.973 4.578
15.857 7.949 4.558
15.853 7.924 4.537
15.848 7.900 4.514
15.842 7.875 4.489
15.836 7.851 4.463
15.829 7.827 4.435
15.822 7.803 4.407
15.814 7.779 4.380
15.805 7.755 4.355
15.797 7.731 4.331
15.787 7.708 4.308
15.777 7.685 4.287
15.767 7.662 4.267
15.756 7.639 4.248
15.745 7.616 4.230
15.734 7.594 4.213
15.722 7.572 4.198
15.710 7.550 4.183
15.697 7.529 4.169
15.684 7.507 4.157
15.671 7.486 4.146
15.658 7.465 4.136
15.645 7.444 4.129
15.631 7.423 4.122
15.617 7.402 4.118
15.603 7.381 4.115
15.589 7.360 4.113
15.576 7.339 4.113
15.562 7.318 4.115
15.548 7.297 4.118
15.534 7.277 4.123
15.520 7.255 4.130
15.506 7.234 4.138
15.493 7.213 4.148
15.479 7.192 4.160
15.466 7.170 4.173
15.453 7.149 4.188
15.441 7.127 4.205
15.429 7.105 4.224
15.417 7.083 4.244
15.406 7.061 4.267
15.395 7.038 4.291
15.384 7.015 4.316
15.374 6.992 4.344
15.365 6.969 4.372
15.356 6.946 4.401
15.348 6.922 4.429
15.341 6.899 4.456
15.334 6.874 4.481
15.328 6.850 4.505
15.322 6.826 4.527
15.316 6.801 4.548
15.312 6.777 4.568
15.307 6.752 4.587
15.304 6.727 4.605
15.300 6.702 4.621
15.297 6.677 4.637
15.295 6.652 4.651
15.293 6.627 4.664
15.291 6.601 4.676
15.290 6.576 4.688
15.289 6.551 4.698
15.288 6.526 4.707
15.288 6.501 4.715
15.288 6.476 4.722
15.288 6.451 4.729
15.289 6.426 4.734
15.289 6.401 4.738
15.290 6.376 4.742
15.291 6.351 4.744
15.293 6.326 4.746
15.294 6.301 4.747
15.295 6.276 4.747
15.297 6.251 4.747
15.298 6.226 4.747
15.300 6.201 4.746
15.301 6.176 4.746
15.303 6.151 4.745
15.304 6.126 4.744
15.306 6.101 4.743
15.307 6.076 4.742
15.308 6.051 4.740
15.309 6.026 4.739
15.310 6.001 4.737
15.311 5.976 4.735
15.311 5.951 4.733
15.312 5.926 4.731
15.312 5.901 4.728
15.311 5.876 4.726
15.311 5.851 4.723
15.310 5.826 4.720
15.310 5.826 4.717
15.311 5.801 4.713
15.311 5.776 4.710
15.311 5.751 4.706
15.311 5.726 4.703
15.311 5.701 4.699
15.311 5.676 4.695
15.310 5.651 4.691
15.309 5.626 4.687
15.308 5.601 4.683
15.307 5.576 4.680
15.306 5.551 4.677
15.305 5.526 4.674
15.303 5.501 4.672
15.302 5.476 4.670
15.300 5.451 4.668
15.299 5.426 4.667
15.297 5.401 4.666
15.295 5.376 4.665
15.294 5.351 4.665
15.292 5.326 4.665
15.291 5.301 4.665
15.289 5.276 4.666
15.287 5.251 4.667
15.286 5.226 4.668
15.285 5.201 4.670
15.284 5.176 4.671
15.282 5.151 4.674
15.282 5.126 4.676
15.281 5.101 4.679
15.280 5.076 4.682
15.280 5.051 4.685
15.280 5.026 4.689
15.280 5.001 4.693
15.280 4.977 4.697
15.280 4.952 4.701
15.280 4.927 4.706
15.281 4.902 4.709
15.282 4.877 4.713
15.282 4.852 4.716
15.283 4.827 4.719
15.284 4.802 4.722
15.285 4.777 4.725
15.286 4.752 4.727
15.287 4.726 4.730
15.287 4.701 4.731
15.288 4.676 4.733
15.289 4.651 4.735
15.290 4.626 4.736
15.291 4.601 4.737
15.291 4.576 4.737
15.292 4.551 4.738
15.293 4.526 4.738
15.293 4.501 4.738
15.293 4.476 4.738
15.294 4.451 4.738
15.294 4.426 4.737
15.294 4.401 4.736
15.295 4.376 4.735
15.295 4.351 4.733
15.295 4.326 4.731
15.295 4.301 4.730
15.295 4.276 4.728
15.295 4.251 4.726
15.295 4.226 4.724
15.295 4.201 4.723
15.295 4.176 4.721
15.295 4.151 4.720
15.295 4.126 4.718
15.295 4.101 4.717
15.295 4.076 4.715
15.294 4.051 4.714
15.294 4.026 4.713
15.294 4.001 4.712
15.294 3.976 4.711
15.293 3.951 4.710
15.293 3.926 4.709
15.293 3.901 4.708
15.292 3.876 4.707
15.292 3.851 4.706
15.291 3.793 4.705
15.291 3.776 4.704
15.291 3.759 4.702
15.291 3.743 4.701
15.290 3.726 4.700
15.290 3.709 4.698
15.290 3.693 4.697
15.290 3.676 4.697
15.290 3.659 4.696
15.289 3.643 4.696
15.289 3.626 4.696
15.289 3.609 4.696
15.289 3.593 4.696
15.289 3.576 4.696
15.289 3.559 4.696
15.288 3.543 4.696
15.288 3.526 4.696
15.288 3.509 4.697
15.288 3.493 4.697
15.288 3.476 4.698
15.288 3.459 4.698
15.288 3.443 4.699
15.288 3.426 4.700
15.288 3.409 4.701
15.288 3.393 4.702
15.288 3.376 4.703
15.287 3.359 4.704
15.287 3.343 4.706
15.288 3.326 4.707
15.288 3.309 4.708
15.288 3.293 4.710
15.288 3.276 4.711
15.288 3.259 4.713
15.288 3.243 4.715
15.288 3.226 4.717
15.288 3.209 4.719
15.288 3.193 4.720
15.288 3.176 4.722
15.289 3.159 4.724
15.289 3.143 4.725
15.289 3.126 4.726
15.289 3.109 4.728
15.290 3.093 4.729
15.290 3.076 4.730
15.290 3.059 4.731
15.291 3.043 4.732
15.291 3.026 4.733
15.292 3.009 4.734
15.292 2.993 4.734
15.292 2.976 4.735
15.293 2.959 4.735
15.293 2.943 4.736
15.294 2.926 4.736
15.294 2.909 4.736
15.295 2.893 4.737
15.295 2.876 4.737
15.296 2.859 4.737
15.296 2.843 4.736
15.297 2.826 4.736
15.297 2.809 4.736
15.298 2.793 4.735
15.298 2.776 4.735
15.299 2.759 4.734
15.299 2.743 4.734
15.300 2.726 4.733
15.300 2.709 4.732
15.300 2.693 4.731
15.301 2.676 4.730
15.301 2.659 4.729
15.301 2.643 4.728
15.302 2.626 4.726
15.302 2.609 4.725
15.302 2.593 4.724
15.302 2.576 4.722
15.303 2.559 4.720
15.303 2.543 4.718
15.303 2.526 4.716
15.303 2.509 4.714
15.303 2.493 4.712
15.303 2.476 4.710
15.303 2.459 4.708
15.303 2.443 4.705
15.302 2.426 4.703
15.302 2.409 4.700
15.302 2.393 4.697
15.301 2.376 4.695
15.301 2.359 4.692
15.301 2.343 4.688
15.300 2.326 4.685
15.300 2.326 4.683
15.299 2.310 4.680
15.297 2.294 4.678
15.296 2.277 4.675
15.295 2.261 4.673
15.293 2.245 4.672
15.292 2.228 4.670
15.291 2.212 4.669
15.290 2.195 4.668
15.289 2.179 4.667
15.288 2.162 4.666
15.287 2.145 4.666
15.286 2.129 4.666
15.285 2.112 4.668
15.286 2.129 4.674
15.285 2.104 4.680
15.284 2.078 4.687
15.283 2.053 4.692
15.282 2.028 4.694
15.281 2.002 4.696
15.281 1.977 4.697
15.280 1.952 4.698
15.280 1.926 4.700
15.279 1.901 4.702
15.279 1.875 4.704
15.279 1.850 4.707
15.280 1.825 4.709
15.280 1.799 4.712
15.280 1.774 4.715
15.281 1.749 4.719
15.282 1.724 4.722
15.283 1.699 4.726
15.284 1.674 4.730
15.285 1.650 4.734
15.286 1.625 4.738
15.288 1.600 4.742
15.289 1.576 4.747
15.291 1.552 4.752
15.293 1.528 4.757
15.295 1.504 4.763
15.297 1.480 4.768
15.300 1.456 4.774
15.302 1.432 4.779
15.304 1.408 4.784
15.306 1.384 4.790
15.309 1.359 4.795
15.311 1.335 4.799
15.313 1.310 4.804
15.315 1.284 4.808
15.316 1.258 4.812
15.318 1.231 4.816
15.319 1.204 4.819
15.320 1.177 4.827
15.321 1.149 4.843
15.322 1.120 4.868
15.324 1.093 4.906
15.327 1.066 4.958
15.330 1.040 5.032
15.336 1.016 5.138
15.343 0.995 5.281
15.353 0.976 5.453
15.365 0.960 5.642
15.380 0.948 5.828
15.398 0.938 5.992
15.417 0.932 6.123
15.439 0.928 6.224
15.463 0.926 6.296
15.488 0.926 6.349
15.515 0.927 6.389
15.542 0.931 6.421
15.571 0.935 6.446
15.600 0.940 6.467
15.629 0.945 6.484
15.658 0.951 6.495
15.688 0.957 6.497
15.717 0.962 6.490
15.745 0.967 6.471
15.773 0.971 6.441
15.800 0.974 6.400
15.827 0.977 6.356
15.853 0.979 6.315
15.878 0.980 6.278
15.903 0.981 6.246
15.927 0.981 6.217
15.952 0.981 6.193
15.976 0.980 6.174
16.000 0.978 6.158
16.024 0.977 6.147
16.048 0.975 6.140
16.072 0.972 6.138
16.096 0.969 6.139
16.120 0.966 6.145
16.144 0.963 6.154
16.169 0.959 6.165
16.194 0.956 6.179
16.219 0.952 6.194
16.244 0.949 6.212
16.270 0.946 6.232
16.295 0.943 6.254
16.320 0.940 6.278
16.346 0.939 6.305
16.371 0.938 6.334
16.396 0.937 6.366
16.421 0.938 6.399
16.446 0.939 6.435
16.470 0.941 6.471
16.495 0.945 6.507
16.519 0.950 6.541
16.542 0.956 6.575
16.566 0.963 6.608
16.589 0.971 6.641
16.611 0.981 6.672
16.634 0.991 6.703
16.656 1.002 6.734
16.678 1.014 6.763
16.700 1.027 6.792
16.722 1.040 6.821
16.743 1.054 6.849
16.764 1.069 6.876
16.786 1.084 6.903
16.807 1.100 6.930
16.827 1.116 6.958
16.848 1.132 6.986
16.869 1.149 7.014
16.889 1.166 7.042
16.909 1.184 7.071
16.928 1.201 7.101
16.947 1.219 7.131
16.965 1.238 7.162
16.983 1.257 7.194
16.999 1.276 7.227
17.015 1.296 7.261
17.030 1.316 7.299
17.043 1.336 7.344
17.055 1.357 7.397
17.066 1.379 7.458
17.075 1.401 7.529
17.082 1.424 7.610
17.088 1.447 7.700
17.093 1.470 7.787
17.096 1.494 7.857
17.098 1.519 7.909
17.099 1.543 7.945
17.099 1.568 7.965
17.098 1.594 7.969
17.096 1.619 7.958
17.094 1.645 7.941
17.092 1.671 7.925
17.090 1.696 7.911
17.087 1.722 7.898
17.084 1.748 7.887
17.082 1.774 7.877
17.080 1.800 7.869
17.078 1.825 7.862
17.077 1.851 7.857
17.076 1.876 7.852
17.075 1.901 7.850
17.075 1.926 7.848
17.075 1.951 7.848
17.075 1.976 7.849
17.076 2.034 7.849
17.077 2.051 7.849
17.077 2.067 7.849
17.078 2.084 7.849
17.078 2.100 7.850
17.078 2.117 7.850
17.079 2.133 7.851
17.079 2.150 7.852
17.080 2.166 7.853
17.080 2.183 7.853
17.080 2.199 7.854
17.081 2.216 7.854
17.081 2.233 7.855
17.081 2.249 7.855
17.081 2.266 7.855
17.081 2.282 7.856
17.081 2.299 7.856
17.081 2.316 7.856
17.081 2.332 7.857
17.081 2.349 7.857
17.081 2.366 7.857
17.081 2.382 7.857
17.081 2.399 7.857
17.081 2.416 7.857
17.081 2.432 7.857
17.081 2.449 7.857
17.081 2.466 7.857
17.081 2.483 7.857
17.080 2.499 7.857
17.080 2.516 7.857
17.080 2.533 7.857
17.080 2.550 7.856
17.080 2.566 7.856
17.080 2.583 7.856
17.080 2.600 7.855
17.080 2.617 7.855
17.080 2.633 7.855
17.080 2.650 7.854
17.080 2.667 7.854
17.080 2.683 7.853
17.080 2.700 7.852
17.080 2.717 7.852
17.080 2.734 7.851
17.080 2.750 7.850
17.080 2.767 7.850
17.080 2.784 7.849
17.080 2.800 7.848
17.080 2.817 7.847
17.080 2.834 7.846
17.080 2.850 7.845
17.080 2.867 7.845
17.080 2.883 7.844
17.080 2.900 7.843
17.080 2.916 7.842
17.080 2.933 7.842
17.080 2.950 7.842
17.080 2.966 7.842
17.080 2.982 7.842
17.080 2.999 7.843
17.080 3.015 7.844
17.080 3.032 7.845
17.080 3.048 7.847
17.080 3.065 7.848
17.080 3.081 7.851
17.080 3.098 7.853
17.080 3.114 7.856
17.080 3.131 7.860
17.080 3.147 7.863
17.080 3.164 7.866
17.080 3.147 7.869
17.080 3.172 7.872
17.080 3.197 7.874
17.080 3.223 7.875
17.080 3.248 7.877
17.080 3.273 7.879
17.080 3.299 7.881
17.080 3.325 7.884
17.080 3.351 7.887
17.080 3.377 7.891
17.080 3.403 7.898
17.079 3.429 7.909
17.078 3.455 7.925
17.076 3.481 7.947
17.074 3.507 7.974
17.071 3.532 8.007
17.067 3.557 8.047
17.062 3.582 8.093
17.057 3.606 8.145
17.050 3.629 8.205
17.041 3.652 8.270
17.032 3.674 8.342
17.021 3.695 8.419
17.008 3.716 8.499
16.994 3.735 8.576
16.978 3.754 8.644
16.961 3.772 8.705
16.943 3.789 8.758
16.924 3.805 8.805
16.904 3.821 8.847
16.883 3.836 8.883
16.861 3.850 8.914
16.839 3.863 8.942
16.816 3.876 8.965
16.793 3.888 8.986
16.769 3.900 9.003
16.745 3.911 9.017
16.721 3.921 9.030
16.698 3.931 9.044
16.674 3.940 9.059
16.650 3.949 9.076
16.626 3.958 9.094
16.603 3.965 9.112
16.579 3.973 9.132
16.555 3.980 9.152
16.531 3.986 9.173
16.507 3.992 9.194
16.483 3.998 9.216
16.459 4.003 9.238
16.435 4.008 9.260
16.410 4.013 9.282
16.386 4.017 9.302
16.361 4.021 9.317
16.336 4.025 9.328
16.311 4.029 9.335
16.286 4.032 9.338
16.260 4.035 9.337
16.234 4.038 9.332
16.208 4.040 9.323
16.182 4.043 9.310
16.156 4.046 9.294
16.129 4.049 9.273
16.103 4.052 9.247
16.077 4.055 9.217
16.052 4.060 9.184
16.027 4.064 9.147
16.002 4.070 9.108
15.978 4.076 9.065
15.954 4.083 9.018
15.932 4.092 8.968
15.910 4.101 8.914
15.889 4.112 8.856
15.869 4.124 8.795
15.850 4.137 8.729
15.832 4.152 8.661
15.815 4.169 8.589
15.799 4.187 8.515
15.785 4.206 8.444
15.771 4.226 8.379
15.758 4.247 8.321
15.746 4.269 8.268
15.735 4.292 8.222
15.725 4.316 8.180
15.716 4.340 8.143
15.707 4.365 8.110
15.700 4.391 8.081
15.693 4.417 8.055
15.686 4.443 8.033
15.681 4.470 8.013
15.676 4.496 7.996
15.672 4.523 7.981
15.668 4.550 7.967
15.665 4.577 7.953
15.662 4.604 7.940
15.660 4.630 7.927
15.658 4.657 7.915
15.657 4.682 7.904
15.656 4.708 7.893
15.655 4.734 7.883
15.655 4.759 7.874
15.655 4.784 7.865
15.655 4.809 7.858
15.655 4.833 7.851
15.656 4.858 7.844
15.656 4.883 7.839
15.657 4.907 7.834
15.658 4.932 7.831
15.659 4.956 7.827
15.659 4.981 7.825
15.660 5.005 7.824
15.660 5.030 7.823
15.661 5.055 7.823
15.661 5.080 7.824
15.661 5.104 7.826
15.662 5.129 7.829
15.662 5.154 7.832
15.662 5.179 7.837
15.661 5.204 7.841
15.661 5.230 7.846
15.661 5.255 7.849
15.661 5.280 7.853
15.661 5.305 7.856
15.661 5.330 7.859
15.660 5.355 7.861
15.660 5.380 7.863
15.660 5.405 7.865
15.660 5.430 7.866
15.659 5.455 7.867
15.659 5.481 7.868
15.659 5.506 7.868
15.659 5.531 7.868
15.659 5.556 7.867
15.659 5.581 7.866
15.659 5.605 7.865
15.659 5.630 7.863
15.659 5.655 7.861
15.659 5.680 7.859
15.659 5.705 7.856
15.660 5.730 7.853
15.660 5.755 7.850
15.660 5.780 7.846
15.661 5.805 7.842
15.661 5.830 7.837
15.662 5.855 7.832
15.662 5.880 7.828
15.663 5.905 7.824
15.664 5.931 7.820
15.664 5.956 7.817
15.665 5.981 7.815
15.666 6.006 7.814
15.667 6.031 7.813
15.667 6.056 7.813
15.668 6.080 7.813
15.669 6.105 7.814
15.670 6.130 7.815
15.670 6.155 7.817
15.671 6.180 7.820
15.672 6.205 7.824
15.672 6.230 7.828
15.673 6.255 7.832
15.673 6.280 7.837
15.674 6.304 7.843
15.674 6.329 7.850
15.674 6.354 7.857
15.674 6.379 7.865
15.674 6.404 7.873
15.673 6.429 7.883
15.673 6.455 7.892
15.672 6.480 7.903
15.671 6.505 7.914
15.670 6.530 7.926
15.668 6.556 7.935
15.667 6.581 7.940
15.665 6.607 7.938
15.664 6.633 7.931
15.662 6.658 7.919
15.661 6.684 7.901
15.660 6.709 7.876
15.660 6.734 7.846
15.660 6.759 7.810
15.661 6.784 7.768
15.663 6.809 7.721
15.666 6.834 7.667
15.669 6.858 7.609
15.674 6.882 7.551
15.680 6.905 7.498
15.687 6.929 7.451
15.695 6.952 7.409
15.704 6.974 7.372
15.715 6.997 7.340
15.726 7.019 7.312
15.738 7.040 7.288
15.751 7.062 7.268
15.765 7.083 7.251
15.779 7.104 7.238
15.794 7.125 7.228
15.809 7.146 7.222
15.825 7.166 7.218
15.840 7.187 7.215
15.856 7.207 7.213
15.873 7.227 7.213
15.889 7.247 7.214
15.905 7.267 7.215
15.921 7.286 7.219
15.937 7.306 7.223
15.952 7.326 7.229
15.968 7.346 7.236
15.983 7.366 7.244
15.998 7.386 7.254
16.013 7.406 7.265
16.027 7.426 7.277
16.041 7.447 7.291
16.055 7.468 7.306
16.068 7.489 7.322
16.080 7.510 7.340
16.092 7.532 7.358
16.104 7.553 7.378
16.114 7.576 7.399
16.125 7.598 7.422
16.134 7.621 7.445
16.143 7.644 7.469
16.152 7.668 7.494
16.160 7.691 7.520
16.167 7.715 7.546
16.174 7.740 7.572
16.180 7.764 7.596
16.186 7.788 7.618
16.192 7.813 7.639
16.197 7.838 7.659
16.202 7.863 7.677
16.207 7.888 7.694
16.211 7.913 7.710
16.215 7.938 7.724
16.219 7.963 7.738
16.222 7.989 7.751
16.225 8.014 7.763
16.228 8.039 7.775
16.231 8.064 7.785
16.233 8.089 7.795
16.236 8.115 7.805
16.238 8.139 7.814
16.240 8.164 7.822
16.242 8.189 7.830
16.244 8.214 7.837
16.246 8.238 7.843
16.248 8.262 7.848
16.250 8.286 7.852
16.250 8.286 7.855
16.248 8.311 7.858
16.247 8.336 7.859
16.246 8.361 7.860
16.245 8.386 7.860
16.244 8.411 7.860
16.243 8.436 7.860
16.242 8.461 7.859
16.241 8.486 7.859
16.241 8.511 7.858
16.240 8.536 7.857
16.240 8.561 7.856
16.240 8.586 7.855
16.240 8.611 7.854
16.240 8.636 7.852
16.240 8.662 7.851
16.240 8.687 7.849
16.240 8.712 7.847
16.241 8.737 7.845
16.241 8.762 7.843
16.242 8.787 7.841
16.242 8.812 7.838
16.243 8.838 7.836
16.244 8.863 7.833
16.244 8.888 7.830
16.245 8.913 7.827
16.246 8.938 7.824
16.247 8.963 7.821
16.248 8.988 7.817
16.249 9.012 7.814
16.250 9.037 7.810
16.251 9.062 7.807
16.252 9.087 7.806
16.253 9.112 7.807
16.254 9.136 7.811
16.254 9.161 7.816
16.255 9.186 7.823
16.256 9.211 7.832
16.256 9.236 7.843
16.256 9.261 7.857
16.256 9.286 7.872
16.256 9.311 7.889
16.255 9.336 7.908
16.254 9.361 7.930
16.253 9.387 7.950
16.251 9.413 7.966
16.249 9.438 7.978
16.246 9.465 7.985
16.243 9.491 7.989
16.240 9.517 7.988
16.237 9.543 7.984
16.234 9.570 7.975
16.231 9.596 7.961
16.228 9.622 7.944
16.225 9.648 7.922
16.223 9.674 7.896
16.221 9.700 7.865
16.220 9.725 7.831
16.220 9.750 7.794
16.220 9.775 7.755
16.222 9.800 7.714
16.224 9.824 7.670
16.228 9.848 7.623
16.232 9.871 7.573
16.238 9.894 7.520
16.246 9.916 7.465
16.255 9.937 7.406
16.265 9.958 7.345
16.277 9.978 7.282
16.291 9.998 7.217
16.305 10.017 7.150
16.321 10.036 7.087
16.338 10.054 7.032
16.356 10.072 6.984
16.375 10.089 6.944
16.394 10.106 6.911
16.415 10.123 6.884
16.436 10.139 6.863
16.458 10.155 6.847
16.480 10.170 6.837
16.503 10.185 6.831
16.527 10.200 6.831
16.550 10.215 6.836
16.574 10.229 6.846
16.597 10.244 6.861
16.620 10.258 6.881
16.643 10.273 6.906
16.666 10.288 6.938
16.687 10.303 6.976
16.708 10.318 7.021
16.727 10.334 7.075
16.745 10.351 7.136
16.762 10.368 7.206
16.777 10.386 7.286
16.790 10.405 7.374
16.801 10.425 7.469
16.810 10.446 7.571
16.817 10.468 7.677
16.821 10.491 7.777
16.823 10.514 7.866
16.824 10.539 7.946
16.822 10.564 8.017
16.818 10.589 8.081
16.813 10.615 8.139
16.807 10.640 8.193
16.798 10.666 8.244
16.789 10.692 8.292
16.778 10.717 8.338
16.766 10.741 8.384
16.752 10.766 8.429
16.738 10.789 8.476
16.723 10.811 8.521
16.707 10.833 8.561
16.691 10.854 8.595
16.674 10.873 8.624
16.657 10.892 8.646
16.639 10.911 8.661
16.621 10.928 8.670
16.603 10.946 8.671
16.585 10.963 8.666
16.567 10.980 8.653
16.549 10.997 8.633
16.532 11.015 8.605
16.515 11.032 8.571
16.498 11.050 8.529
16.482 11.068 8.485
16.467 11.087 8.444
16.452 11.107 8.405
16.439 11.127 8.368
16.426 11.148 8.334
16.414 11.170 8.302
16.402 11.192 8.272
16.392 11.214 8.244
16.382 11.238 8.218
16.373 11.261 8.193
16.364 11.285 8.170
16.356 11.310 8.148
16.349 11.334 8.128
16.342 11.359 8.109
16.336 11.384 8.090
16.330 11.409 8.072
16.324 11.434 8.055
16.319 11.459 8.038
16.315 11.484 8.022
16.311 11.509 8.006
16.307 11.534 7.991
16.304 11.559 7.977
16.300 11.584 7.964
16.298 11.609 7.951
16.295 11.634 7.939
16.293 11.659 7.927
16.290 11.684 7.917
16.288 11.708 7.908
16.287 11.733 7.901
16.285 11.758 7.895
16.283 11.783 7.891
16.282 11.808 7.888
16.280 11.833 7.887
16.279 11.858 7.888
16.277 11.882 7.890
16.276 11.907 7.894
16.275 11.932 7.899
16.273 11.957 7.906
16.272 11.982 7.914
16.271 12.007 7.923
16.269 12.032 7.929
16.268 12.057 7.933
16.267 12.082 7.936
16.265 12.107 7.936
16.264 12.132 7.935
16.263 12.158 7.932
16.262 12.183 7.926
16.260 12.208 7.919
16.259 12.233 7.910
16.258 12.258 7.899
16.257 12.283 7.886
16.256 12.309 7.871
16.255 12.334 7.854
16.255 12.359 7.836
16.255 12.384 7.815
16.256 12.409 7.793
16.257 12.434 7.769
16.258 12.459 7.743
16.260 12.484 7.714
16.263 12.509 7.684
16.267 12.534 7.652
16.271 12.559 7.617
16.277 12.583 7.580
16.283 12.608 7.542
16.291 12.632 7.501
16.299 12.657 7.459
16.308 12.680 7.416
16.318 12.704 7.373
16.329 12.727 7.331
16.341 12.750 7.290
16.354 12.772 7.248
16.368 12.794 7.206
16.383 12.815 7.164
16.398 12.835 7.121
16.415 12.854 7.077
16.432 12.873 7.033
16.450 12.890 6.987
16.469 12.907 6.940
16.488 12.922 6.891
16.509 12.937 6.840
16.530 12.950 6.790
16.552 12.963 6.742
16.574 12.974 6.697
16.597 12.985 6.655
16.620 12.995 6.615
16.644 13.003 6.579
16.668 13.011 6.545
16.693 13.019 6.515
16.717 13.025 6.487
16.742 13.031 6.462
16.767 13.036 6.440
16.793 13.040 6.420
16.818 13.044 6.403
16.843 13.048 6.388
16.868 13.051 6.374
16.893 13.053 6.360
16.919 13.055 6.347
16.944 13.056 6.335
16.969 13.057 6.323
16.994 13.058 6.313
17.019 13.059 6.303
17.044 13.059 6.294
17.069 13.059 6.285
17.094 13.059 6.278
17.119 13.058 6.271
17.144 13.058 6.264
17.169 13.057 6.259
17.194 13.056 6.254
17.219 13.056 6.250
17.244 13.055 6.247
17.269 13.054 6.244
17.294 13.054 6.242
17.319 13.053 6.241
17.344 13.052 6.241
17.369 13.051 6.241
17.394 13.051 6.242
17.419 13.050 6.244
17.444 13.049 6.246
17.469 13.049 6.250
17.494 13.048 6.254
17.519 13.047 6.258
17.544 13.047 6.262
17.569 13.046 6.266
17.594 13.046 6.270
17.619 13.045 6.273
17.644 13.045 6.276
17.669 13.045 6.279
17.695 13.044 6.282
17.720 13.044 6.284
17.745 13.044 6.287
17.770 13.044 6.289
17.795 13.044 6.290
17.820 13.044 6.292
17.845 13.044 6.293
17.870 13.044 6.294
17.895 13.045 6.294
17.920 13.045 6.295
17.945 13.045 6.295
17.970 13.046 6.295
17.970 13.046 6.294
17.995 13.046 6.294
18.020 13.045 6.293
18.045 13.045 6.292
18.070 13.045 6.290
18.095 13.045 6.288
18.120 13.045 6.286
18.145 13.045 6.284
18.170 13.045 6.283
18.195 13.045 6.281
18.220 13.045 6.279
18.245 13.045 6.278
18.270 13.046 6.277
18.295 13.046 6.276
18.320 13.046 6.275
18.345 13.046 6.275
18.370 13.046 6.274
18.395 13.046 6.274
18.420 13.046 6.274
18.445 13.047 6.274
18.470 13.047 6.275
18.495 13.047 6.275
18.521 13.047 6.276
18.546 13.047 6.277
18.571 13.047 6.278
18.596 13.047 6.279
18.621 13.047 6.280
18.645 13.047 6.281
18.670 13.047 6.283
18.695 13.046 6.285
18.720 13.046 6.287
18.745 13.046 6.289
18.770 13.045 6.291
18.795 13.045 6.294
18.819 13.045 6.296
18.844 13.044 6.298
18.869 13.044 6.300
18.894 13.044 6.301
18.919 13.043 6.302
18.944 13.043 6.303
18.969 13.043 6.303
18.994 13.043 6.304
19.019 13.043 6.303
19.044 13.044 6.303
19.069 13.045 6.302
19.095 13.045 6.301
19.120 13.046 6.300
19.146 13.048 6.298
19.172 13.049 6.294
19.197 13.050 6.287
19.223 13.052 6.276
19.249 13.053 6.261
19.274 13.053 6.243
19.300 13.053 6.220
19.325 13.053 6.193
19.350 13.052 6.163
19.375 13.050 6.128
19.400 13.047 6.090
19.424 13.043 6.047
19.448 13.038 6.001
19.471 13.032 5.952
19.494 13.024 5.902
19.517 13.015 5.853
19.539 13.005 5.807
19.561 12.993 5.763
19.582 12.981 5.720
19.602 12.967 5.679
19.622 12.952 5.640
19.642 12.936 5.602
19.661 12.919 5.565
19.680 12.901 5.529
19.698 12.883 5.494
19.716 12.864 5.460
19.733 12.844 5.427
19.750 12.824 5.394
19.766 12.804 5.362
19.782 12.783 5.330
19.797 12.762 5.299
19.812 12.741 5.267
19.826 12.719 5.236
19.840 12.698 5.204
19.853 12.676 5.172
19.865 12.653 5.140
19.877 12.631 5.107
19.888 12.608 5.074
19.898 12.585 5.040
19.907 12.562 5.005
19.915 12.539 4.969
19.923 12.515 4.933
19.930 12.492 4.898
19.936 12.468 4.866
19.940 12.443 4.835
19.944 12.419 4.807
19.947 12.395 4.780
19.950 12.370 4.756
19.951 12.345 4.734
19.952 12.320 4.714
19.952 12.295 4.697
19.952 12.270 4.682
19.951 12.245 4.669
19.950 12.220 4.658
19.948 12.195 4.650
19.947 12.170 4.644
19.945 12.144 4.641
19.943 12.119 4.639
19.942 12.094 4.640
19.940 12.068 4.643
19.939 12.043 4.648
19.938 12.018 4.655
19.937 11.993 4.665
19.936 11.968 4.677
19.935 11.943 4.691
19.935 11.918 4.707
19.935 11.893 4.725
19.935 11.868 4.743
19.935 11.843 4.759
19.935 11.818 4.772
19.936 11.793 4.783
19.937 11.768 4.791
19.937 11.743 4.797
19.938 11.718 4.801
19.940 11.693 4.803
19.941 11.668 4.802
19.942 11.643 4.799
19.944 11.619 4.793
19.945 11.594 4.785
19.947 11.569 4.775
19.948 11.544 4.762
19.949 11.519 4.747
19.949 11.494 4.730
19.950 11.469 4.710
19.950 11.444 4.687
19.949 11.419 4.662
19.948 11.394 4.635
19.947 11.369 4.605
19.945 11.344 4.573
19.942 11.318 4.538
19.938 11.293 4.502
19.934 11.268 4.463
19.928 11.243 4.422
19.922 11.218 4.380
19.915 11.193 4.337
19.907 11.168 4.295
19.898 11.144 4.254
19.889 11.120 4.214
19.878 11.097 4.173
19.867 11.074 4.132
19.854 11.052 4.091
19.841 11.031 4.049
19.827 11.010 4.005
19.811 10.990 3.960
19.795 10.972 3.913
19.778 10.954 3.865
19.760 10.937 3.813
19.740 10.922 3.762
19.720 10.907 3.712
19.699 10.893 3.664
19.678 10.881 3.619
19.656 10.869 3.577
19.633 10.858 3.538
19.609 10.848 3.501
19.586 10.839 3.467
19.561 10.830 3.436
19.537 10.822 3.408
19.512 10.815 3.382
19.487 10.808 3.360
19.462 10.803 3.339
19.437 10.797 3.321
19.412 10.793 3.303
19.387 10.788 3.287
19.362 10.785 3.271
19.337 10.781 3.256
19.312 10.779 3.242
19.287 10.776 3.228
19.262 10.774 3.216
19.237 10.772 3.204
19.212 10.771 3.193
19.187 10.769 3.183
19.162 10.768 3.174
19.138 10.768 3.166
19.113 10.767 3.158
19.088 10.766 3.152
19.063 10.766 3.146
19.038 10.766 3.141
19.013 10.765 3.137
18.988 10.765 3.133
18.963 10.765 3.131
18.938 10.765 3.129
18.913 10.765 3.128
18.888 10.765 3.127
18.863 10.765 3.128
18.838 10.765 3.129
18.813 10.765 3.131
18.788 10.765 3.134
18.763 10.765 3.137
18.738 10.765 3.140
18.713 10.766 3.143
18.688 10.766 3.146
18.663 10.766 3.148
18.638 10.766 3.150
18.613 10.767 3.152
18.588 10.767 3.154
18.563 10.767 3.155
18.538 10.767 3.157
18.513 10.767 3.158
18.488 10.767 3.159
18.463 10.768 3.159
18.438 10.768 3.160
18.413 10.768 3.160
18.388 10.767 3.160
18.363 10.767 3.160
18.338 10.767 3.160
18.313 10.766 3.160
18.288 10.766 3.159
18.263 10.765 3.158
18.238 10.765 3.157
18.213 10.764 3.156
18.188 10.763 3.154
18.163 10.762 3.153
18.138 10.761 3.151
18.113 10.760 3.149
18.088 10.759 3.146
18.063 10.759 3.144
18.038 10.758 3.142
18.013 10.757 3.139
17.988 10.757 3.136
17.963 10.756 3.134
17.938 10.756 3.131
17.913 10.756 3.128
17.888 10.756 3.125
17.863 10.756 3.121
17.838 10.757 3.118
17.813 10.758 3.115
17.787 10.759 3.111
17.762 10.760 3.108
17.737 10.761 3.104
17.712 10.762 3.100
17.687 10.764 3.097
17.662 10.765 3.093
17.637 10.767 3.089
17.613 10.769 3.085
17.588 10.771 3.081
17.563 10.773 3.077
17.538 10.775 3.073
17.514 10.778 3.069
17.489 10.780 3.065
17.465 10.782 3.060
17.440 10.785 3.057
17.416 10.787 3.056
17.391 10.789 3.058
17.366 10.791 3.061
17.342 10.793 3.066
17.317 10.795 3.074
17.292 10.796 3.083
17.267 10.797 3.095
17.242 10.797 3.109
17.216 10.798 3.126
17.190 10.797 3.144
17.165 10.797 3.165
17.138 10.795 3.189
17.112 10.794 3.215
17.085 10.791 3.238
17.058 10.789 3.252
17.032 10.787 3.258
17.005 10.785 3.255
16.978 10.782 3.243
16.952 10.781 3.221
16.926 10.780 3.189
16.900 10.779 3.147
16.875 10.780 3.093
16.850 10.781 3.027
16.826 10.784 2.949
16.802 10.788 2.861
16.779 10.793 2.764
16.757 10.800 2.669
16.736 10.808 2.586
16.715 10.819 2.516
16.696 10.831 2.458
16.678 10.845 2.409
16.660 10.861 2.370
16.643 10.878 2.338
16.626 10.896 2.314
16.610 10.915 2.297
16.594 10.934 2.286
16.578 10.955 2.282
16.562 10.975 2.283
16.546 10.996 2.291
16.530 11.017 2.306
16.514 11.037 2.326
16.497 11.057 2.350
16.479 11.077 2.378
16.461 11.095 2.409
16.442 11.112 2.444
16.422 11.129 2.483
16.402 11.144 2.525
16.381 11.158 2.570
16.359 11.171 2.618
16.337 11.183 2.667
16.314 11.194 2.718
16.291 11.204 2.769
16.267 11.213 2.820
16.243 11.221 2.869
16.218 11.228 2.914
16.193 11.234 2.958
16.168 11.239 3.000
16.143 11.243 3.042
16.117 11.245 3.083
16.092 11.247 3.125
16.066 11.248 3.167
16.040 11.248 3.211
16.015 11.246 3.258
15.989 11.244 3.308
15.963 11.241 3.361
15.938 11.236 3.419
15.913 11.231 3.479
15.889 11.224 3.537
15.864 11.217 3.592
15.841 11.208 3.643
15.817 11.199 3.689
15.794 11.188 3.729
15.772 11.176 3.764
15.751 11.163 3.793
15.730 11.149 3.815
15.710 11.134 3.832
15.690 11.118 3.844
15.671 11.102 3.849
15.653 11.084 3.849
15.634 11.067 3.845
15.616 11.049 3.839
15.598 11.031 3.830
15.580 11.014 3.818
15.562 10.996 3.804
15.544 10.979 3.787
15.525 10.962 3.766
15.506 10.946 3.743
15.487 10.931 3.717
15.467 10.917 3.687
15.446 10.904 3.654
15.425 10.892 3.616
15.403 10.881 3.575
15.380 10.872 3.529
15.357 10.864 3.482
15.333 10.856 3.438
15.309 10.849 3.397
15.285 10.844 3.359
15.260 10.838 3.325
15.235 10.834 3.295
15.209 10.830 3.269
15.184 10.827 3.246
15.158 10.824 3.227
15.133 10.821 3.212
15.107 10.818 3.201
15.081 10.816 3.193
15.056 10.814 3.189
15.031 10.812 3.187
15.005 10.810 3.185
14.980 10.808 3.183
14.955 10.806 3.181
14.930 10.805 3.179
14.905 10.803 3.177
14.880 10.802 3.176
14.855 10.801 3.174
14.831 10.799 3.173
14.806 10.799 3.171
14.781 10.798 3.170
14.756 10.797 3.169
14.732 10.796 3.167
14.707 10.796 3.166
14.682 10.796 3.165
14.657 10.796 3.164
14.632 10.796 3.163
14.607 10.796 3.163
14.582 10.796 3.162
14.557 10.796 3.161
14.532 10.797 3.161
14.507 10.797 3.160
14.482 10.797 3.160
14.457 10.797 3.159
14.432 10.797 3.159
14.407 10.797 3.159
14.382 10.797 3.159
14.357 10.797 3.158
14.332 10.796 3.158
14.307 10.796 3.157
14.282 10.795 3.156
14.257 10.794 3.154
14.232 10.792 3.152
14.207 10.791 3.150
14.182 10.790 3.147
14.156 10.789 3.144
14.131 10.788 3.141
14.106 10.786 3.138
14.082 10.786 3.134
14.057 10.785 3.130
14.032 10.785 3.125
14.007 10.784 3.121
13.982 10.785 3.116
13.957 10.785 3.111
13.932 10.786 3.105
13.907 10.788 3.099
13.882 10.790 3.092
13.857 10.792 3.085
13.832 10.795 3.077
13.808 10.797 3.070
13.783 10.800 3.064
13.758 10.803 3.058
13.761 10.803 3.053
13.728 10.807 3.049
13.695 10.811 3.047
13.662 10.816 3.046
13.629 10.819 3.048
13.596 10.823 3.051
13.562 10.826 3.056
13.529 10.828 3.063
13.496 10.830 3.071
13.463 10.831 3.080
13.429 10.832 3.092
13.396 10.832 3.104
13.363 10.832 3.119
13.330 10.831 3.135
13.296 10.830 3.154
13.263 10.829 3.172
13.230 10.828 3.187
13.196 10.827 3.199
13.163 10.825 3.207
13.130 10.824 3.213
13.096 10.822 3.215
13.063 10.821 3.213
13.030 10.819 3.209
12.996 10.818 3.201
12.963 10.817 3.190
12.930 10.816 3.175
12.896 10.815 3.157
12.863 10.815 3.135
12.830 10.815 3.114
12.797 10.816 3.094
12.763 10.817 3.077
12.730 10.819 3.062
12.697 10.821 3.050
12.664 10.823 3.039
12.631 10.825 3.032
12.597 10.828 3.026
12.564 10.831 3.023
12.531 10.835 3.022
12.498 10.838 3.023
12.465 10.841 3.027
12.432 10.845 3.033
12.398 10.848 3.041
12.365 10.852 3.049
12.332 10.855 3.056
12.299 10.859 3.061
12.266 10.862 3.063
12.233 10.865 3.064
12.200 10.869 3.064
12.167 10.872 3.061
12.134 10.876 3.056
12.100 10.879 3.050
12.067 10.883 3.041
12.034 10.887 3.031
12.001 10.890 3.019
11.968 10.894 3.005
11.935 10.898 2.990
11.902 10.903 2.975
11.869 10.907 2.961
11.836 10.912 2.947
11.803 10.917 2.934
11.770 10.923 2.921
11.737 10.929 2.908
11.705 10.936 2.896
11.672 10.943 2.884
11.640 10.951 2.872
11.608 10.960 2.860
11.576 10.969 2.849
11.544 10.978 2.838
11.512 10.988 2.828
11.481 10.999 2.818
11.449 11.010 2.808
11.418 11.021 2.799
11.386 11.033 2.789
11.355 11.045 2.780
11.324 11.057 2.772
11.293 11.069 2.763
11.262 11.081 2.755
11.231 11.093 2.748
11.200 11.106 2.740
11.169 11.119 2.733
11.139 11.132 2.726
11.108 11.145 2.719
11.077 11.158 2.713
11.047 11.171 2.707
11.017 11.185 2.701
10.986 11.199 2.695
10.956 11.213 2.690
10.926 11.227 2.684
10.896 11.242 2.679
10.866 11.257 2.675
10.837 11.272 2.670
10.807 11.287 2.666
10.778 11.303 2.662
10.748 11.319 2.658
10.719 11.335 2.654
10.690 11.351 2.651
10.661 11.367 2.647
10.632 11.383 2.644
10.603 11.400 2.642
10.574 11.417 2.639
10.545 11.434 2.637
10.517 11.451 2.635
10.488 11.467 2.633
10.459 11.484 2.632
10.431 11.501 2.630
10.402 11.518 2.629
10.373 11.535 2.628
10.344 11.551 2.628
10.315 11.567 2.627
10.286 11.583 2.627
10.256 11.599 2.627
10.227 11.614 2.628
10.197 11.629 2.629
10.167 11.644 2.630
10.137 11.658 2.632
10.107 11.673 2.634
10.078 11.688 2.636
10.048 11.702 2.638
10.018 11.717 2.641
9.988 11.732 2.644
9.958 11.747 2.648
9.928 11.762 2.652
9.899 11.777 2.656
9.869 11.793 2.661
9.840 11.809 2.666
9.811 11.824 2.671
9.782 11.840 2.676
9.752 11.856 2.682
9.723 11.872 2.689
9.694 11.888 2.695
9.664 11.903 2.702
9.635 11.918 2.709
9.605 11.934 2.717
9.575 11.948 2.725
9.545 11.963 2.733
9.515 11.977 2.742
9.485 11.991 2.751
9.454 12.004 2.759
9.424 12.018 2.768
9.393 12.031 2.777
9.362 12.043 2.786
9.331 12.056 2.796
9.300 12.068 2.805
9.269 12.079 2.815
9.237 12.091 2.824
9.206 12.102 2.834
9.174 12.112 2.844
9.142 12.122 2.854
9.110 12.132 2.864
9.078 12.141 2.874
9.046 12.150 2.884
9.014 12.159 2.895
8.981 12.166 2.906
8.949 12.173 2.916
8.916 12.180 2.927
8.884 12.185 2.938
8.851 12.190 2.949
8.818 12.195 2.961
8.785 12.199 2.972
8.752 12.202 2.983
8.718 12.205 2.995
8.685 12.208 3.007
8.652 12.211 3.018
8.619 12.214 3.028
8.586 12.217 3.038
8.552 12.220 3.046
8.519 12.224 3.053
8.486 12.228 3.059
8.453 12.232 3.065
8.420 12.237 3.069
8.387 12.242 3.072
8.354 12.247 3.074
8.321 12.252 3.075
8.288 12.257 3.076
8.255 12.262 3.075
8.222 12.266 3.073
8.189 12.270 3.071
8.156 12.274 3.071
8.123 12.277 3.072
8.090 12.279 3.074
8.057 12.280 3.078
8.024 12.281 3.082
7.990 12.282 3.088
7.957 12.282 3.096
7.924 12.282 3.104
7.890 12.281 3.114
7.857 12.280 3.125
7.823 12.279 3.138
7.790 12.278 3.152
7.757 12.277 3.164
7.724 12.275 3.174
7.690 12.274 3.181
7.657 12.273 3.185
7.624 12.272 3.186
7.591 12.272 3.184
7.557 12.271 3.179
7.524 12.271 3.170
7.491 12.271 3.159
7.458 12.272 3.145
7.424 12.273 3.127
7.391 12.274 3.107
7.357 12.276 3.083
7.324 12.278 3.055
7.290 12.281 3.034
7.256 12.284 3.028
7.223 12.286 3.037
7.189 12.288 3.062
7.155 12.289 3.103
7.122 12.290 3.162
7.089 12.289 3.238
7.056 12.287 3.316
7.023 12.284 3.380
6.991 12.278 3.432
6.958 12.271 3.470
6.927 12.262 3.496
6.895 12.251 3.510
6.863 12.240 3.513
6.829 12.227 3.506
6.805 12.218 3.488
6.782 12.210 3.458
6.758 12.202 3.416
6.734 12.195 3.361
6.710 12.188 3.291
6.686 12.183 3.219
6.661 12.179 3.161
6.637 12.176 3.118
6.612 12.174 3.089
6.587 12.173 3.076
6.562 12.172 3.078
6.537 12.172 3.088
6.512 12.173 3.097
6.487 12.174 3.106
6.462 12.176 3.114
6.436 12.177 3.121
6.411 12.179 3.127
6.386 12.181 3.132
6.361 12.183 3.137
6.335 12.185 3.141
6.310 12.187 3.144
6.285 12.188 3.146
6.260 12.189 3.148
6.235 12.190 3.148
6.210 12.190 3.148
6.185 12.190 3.149
6.160 12.191 3.149
6.135 12.190 3.149
6.110 12.190 3.149
6.085 12.190 3.150
6.060 12.189 3.150
6.035 12.189 3.150
6.010 12.188 3.150
5.985 12.187 3.150
5.960 12.187 3.150
5.935 12.186 3.150
5.910 12.185 3.150
5.885 12.184 3.150
5.860 12.183 3.150
5.835 12.183 3.150
5.810 12.182 3.150
5.785 12.181 3.150
5.760 12.180 3.150
5.735 12.180 3.150
5.710 12.179 3.150
5.685 12.178 3.150
5.660 12.178 3.150
5.635 12.177 3.150
5.610 12.177 3.149
5.585 12.176 3.149
5.560 12.176 3.149
5.535 12.176 3.149
5.510 12.176 3.149
5.485 12.175 3.148
5.460 12.175 3.148
5.435 12.175 3.148
5.410 12.175 3.148
5.385 12.175 3.147
5.360 12.176 3.147
5.335 12.176 3.147
5.310 12.176 3.146
5.285 12.176 3.146
5.260 12.176 3.145
5.235 12.176 3.145
5.210 12.176 3.144
5.185 12.176 3.144
5.160 12.176 3.143
5.135 12.176 3.143
5.110 12.176 3.142
5.085 12.176 3.142
5.060 12.176 3.141
5.035 12.175 3.141
5.010 12.175 3.140
4.985 12.175 3.140
4.960 12.175 3.139
4.935 12.175 3.138
4.910 12.175 3.138
4.885 12.175 3.137
4.860 12.175 3.136
4.835 12.176 3.136
4.810 12.176 3.135
4.785 12.176 3.135
4.760 12.177 3.134
4.735 12.177 3.134
4.710 12.178 3.133
4.685 12.179 3.133
4.660 12.179 3.132
4.635 12.180 3.132
4.610 12.181 3.132
4.585 12.182 3.131
4.560 12.183 3.131
4.535 12.183 3.131
4.510 12.184 3.131
4.485 12.185 3.131
4.460 12.185 3.131
4.435 12.186 3.131
4.410 12.186 3.131
4.385 12.186 3.131
4.360 12.187 3.131
4.335 12.187 3.131
4.310 12.187 3.131
4.285 12.187 3.131
4.260 12.187 3.131
4.235 12.187 3.131
4.210 12.187 3.132
4.185 12.187 3.132
4.160 12.186 3.132
4.135 12.186 3.133
4.110 12.186 3.133
4.085 12.186 3.134
4.060 12.186 3.134
4.035 12.186 3.135
4.010 12.186 3.135
3.985 12.186 3.136
3.960 12.186 3.137
3.935 12.186 3.137
3.910 12.186 3.138
3.885 12.187 3.139
3.860 12.187 3.140
3.835 12.187 3.140
3.810 12.187 3.141
3.785 12.187 3.142
3.760 12.187 3.143
3.735 12.187 3.144
3.710 12.187 3.145
3.685 12.186 3.146
3.660 12.186 3.147
3.635 12.186 3.148
3.610 12.185 3.150
3.585 12.185 3.151
3.560 12.184 3.152
3.535 12.183 3.153
3.510 12.183 3.154
3.485 12.182 3.155
3.460 12.181 3.156
3.435 12.180 3.157
3.410 12.179 3.158
3.385 12.179 3.159
3.360 12.178 3.159
3.335 12.177 3.160
3.310 12.177 3.160
3.285 12.176 3.160
3.260 12.176 3.161
3.235 12.175 3.161
3.210 12.175 3.161
3.185 12.175 3.161
3.160 12.175 3.161
3.135 12.175 3.161
3.110 12.175 3.160
3.085 12.175 3.160
3.060 12.175 3.160
3.035 12.175 3.159
3.010 12.175 3.159
2.985 12.175 3.158
2.960 12.175 3.157
2.935 12.176 3.156
2.910 12.176 3.155
2.885 12.176 3.154
2.860 12.176 3.153
2.835 12.176 3.152
2.810 12.177 3.151
2.785 12.177 3.150
2.760 12.177 3.148
2.735 12.177 3.147
2.710 12.177 3.146
2.685 12.177 3.145
2.660 12.177 3.143
2.635 12.177 3.142
2.610 12.177 3.141
2.585 12.177 3.140
2.560 12.177 3.138
2.535 12.176 3.137
2.510 12.176 3.136
2.510 12.176 3.134
2.485 12.175 3.133
2.460 12.174 3.132
2.435 12.174 3.130
2.410 12.174 3.129
2.385 12.173 3.127
2.360 12.173 3.126
2.334 12.173 3.125
2.309 12.173 3.123
2.284 12.173 3.122
2.259 12.174 3.120
2.234 12.174 3.119
2.209 12.174 3.117
2.184 12.175 3.116
2.159 12.175 3.116
2.134 12.176 3.115
2.109 12.177 3.115
2.084 12.177 3.115
2.059 12.178 3.115
2.034 12.179 3.116
2.009 12.179 3.116
1.984 12.180 3.118
1.959 12.181 3.119
1.934 12.182 3.120
1.909 12.182 3.122
1.883 12.183 3.124
1.858 12.184 3.127
1.833 12.184 3.129
1.808 12.185 3.132
1.783 12.185 3.135
1.758 12.186 3.138
1.733 12.186 3.142
1.708 12.187 3.146
1.683 12.187 3.150
1.658 12.187 3.154
1.633 12.187 3.159
1.608 12.187 3.163
1.583 12.187 3.168
1.558 12.186 3.174
1.533 12.185 3.179
1.508 12.185 3.186
1.482 12.184 3.194
1.457 12.182 3.202
1.432 12.181 3.211
1.407 12.179 3.222
1.382 12.177 3.233
1.357 12.175 3.245
1.332 12.172 3.258
1.307 12.169 3.272
1.282 12.166 3.287
1.257 12.162 3.303
1.233 12.159 3.321
1.208 12.154 3.339
1.183 12.149 3.358
1.159 12.144 3.378
1.134 12.138 3.400
1.110 12.132 3.422
1.086 12.125 3.446
1.062 12.118 3.471
1.038 12.110 3.497
1.014 12.101 3.524
0.990 12.092 3.552
0.967 12.082 3.581
0.944 12.072 3.611
0.921 12.061 3.642
0.899 12.049 3.673
0.876 12.037 3.703
0.855 12.024 3.733
0.833 12.011 3.761
0.812 11.997 3.789
0.791 11.983 3.816
0.771 11.967 3.843
0.751 11.952 3.869
0.732 11.936 3.894
0.713 11.919 3.918
0.695 11.901 3.942
0.678 11.884 3.965
0.661 11.865 3.988
0.644 11.846 4.011
0.629 11.827 4.033
0.613 11.807 4.054
0.599 11.787 4.076
0.584 11.766 4.096
0.570 11.745 4.117
0.557 11.724 4.137
0.544 11.703 4.157
0.531 11.681 4.177
0.519 11.659 4.197
0.507 11.637 4.217
0.495 11.614 4.236
0.483 11.592 4.256
0.472 11.569 4.275
0.460 11.546 4.295
0.449 11.524 4.314
0.438 11.501 4.333
0.428 11.478 4.352
0.417 11.455 4.371
0.407 11.431 4.390
0.398 11.408 4.409
0.389 11.385 4.427
0.380 11.361 4.446
0.372 11.337 4.463
0.364 11.314 4.481
0.357 11.290 4.499
0.351 11.265 4.516
0.345 11.241 4.533
0.340 11.217 4.549
0.336 11.192 4.565
0.332 11.167 4.581
0.330 11.142 4.597
0.327 11.117 4.612
0.326 11.092 4.627
0.325 11.067 4.641
0.324 11.042 4.656
0.324 11.017 4.669
0.324 10.991 4.683
0.324 10.966 4.696
0.325 10.941 4.709
0.326 10.916 4.721
0.327 10.891 4.733
0.328 10.866 4.746
0.330 10.841 4.758
0.331 10.816 4.771
0.332 10.792 4.783
0.334 10.767 4.796
0.336 10.742 4.808
0.337 10.718 4.821
0.339 10.693 4.833
0.342 10.668 4.846
0.344 10.642 4.859
0.347 10.617 4.871
0.351 10.591 4.884
0.354 10.564 4.897
0.359 10.538 4.910
0.363 10.511 4.922
0.369 10.483 4.935
0.374 10.455 4.948
0.380 10.427 4.961
0.386 10.399 4.973
0.393 10.371 4.986
0.401 10.343 4.999
0.408 10.315 5.012
0.416 10.286 5.024
0.425 10.258 5.037
0.434 10.230 5.049
0.443 10.202 5.062
0.453 10.174 5.075
0.464 10.146 5.088
0.474 10.118 5.103
0.485 10.091 5.118
0.497 10.064 5.134
0.509 10.038 5.151
0.521 10.012 5.170
0.534 9.986 5.189
0.548 9.961 5.210
0.561 9.936 5.233
0.575 9.912 5.257
0.590 9.889 5.283
0.605 9.866 5.311
0.620 9.844 5.342
0.636 9.822 5.375
0.653 9.802 5.411
0.669 9.782 5.449
0.686 9.763 5.492
0.704 9.745 5.538
0.722 9.729 5.588
0.740 9.713 5.642
0.759 9.698 5.700
0.778 9.684 5.763
0.798 9.671 5.831
0.818 9.659 5.903
0.838 9.649 5.979
0.859 9.640 6.054
0.881 9.632 6.121
0.902 9.626 6.181
0.924 9.620 6.233
0.947 9.617 6.278
0.970 9.614 6.314
0.993 9.614 6.344
1.017 9.614 6.366
1.041 9.616 6.382
1.066 9.619 6.392
1.090 9.622 6.396
1.115 9.626 6.394
1.140 9.631 6.387
1.166 9.636 6.374
1.191 9.641 6.359
1.216 9.645 6.346
1.242 9.649 6.334
1.267 9.653 6.323
1.293 9.656 6.312
1.318 9.658 6.301
1.343 9.660 6.291
1.368 9.660 6.280
1.393 9.660 6.274
1.418 9.660 6.272
1.443 9.659 6.270
1.468 9.657 6.259
1.549 9.649 6.235
1.566 9.647 6.227
1.582 9.646 6.221
1.599 9.644 6.215
1.616 9.642 6.210
1.632 9.640 6.207
1.649 9.638 6.204
1.666 9.636 6.203
1.683 9.635 6.203
1.699 9.633 6.205
1.716 9.632 6.207
1.733 9.630 6.211
1.750 9.629 6.217
1.767 9.628 6.223
1.784 9.627 6.231
1.800 9.627 6.240
1.817 9.626 6.249
1.834 9.626 6.260
1.851 9.626 6.271
1.868 9.626 6.284
1.885 9.626 6.297
1.901 9.627 6.312
1.918 9.628 6.328
1.935 9.629 6.345
1.951 9.630 6.363
1.968 9.632 6.382
1.984 9.634 6.403
2.001 9.637 6.425
2.017 9.639 6.448
2.033 9.642 6.470
2.049 9.646 6.494
2.065 9.650 6.518
2.081 9.654 6.542
2.097 9.658 6.567
2.113 9.663 6.593
2.129 9.668 6.619
2.145 9.673 6.645
2.160 9.679 6.673
2.176 9.685 6.700
2.191 9.691 6.729
2.207 9.697 6.758
2.222 9.703 6.781
2.238 9.709 6.791
2.253 9.716 6.789
2.233 9.707 6.777
2.257 9.717 6.755
2.280 9.727 6.726
2.303 9.737 6.692
2.326 9.746 6.661
2.350 9.756 6.635
2.373 9.766 6.614
2.397 9.775 6.595
2.420 9.784 6.579
2.444 9.792 6.564
2.468 9.800 6.549
2.492 9.808 6.534
2.516 9.815 6.520
2.540 9.822 6.505
2.564 9.829 6.490
2.589 9.835 6.475
2.613 9.840 6.460
2.638 9.846 6.445
2.662 9.850 6.430
2.687 9.855 6.415
2.712 9.859 6.401
2.737 9.862 6.386
2.762 9.865 6.371
2.787 9.868 6.356
2.812 9.870 6.341
2.837 9.871 6.326
2.862 9.872 6.311
2.887 9.873 6.297
2.912 9.873 6.282
2.937 9.873 6.267
2.962 9.873 6.253
2.987 9.872 6.238
3.013 9.870 6.224
3.038 9.869 6.209
3.063 9.866 6.195
3.088 9.864 6.181
3.113 9.861 6.166
3.138 9.858 6.152
3.162 9.854 6.138
3.187 9.850 6.124
3.212 9.846 6.110
3.237 9.841 6.097
3.261 9.836 6.083
3.286 9.831 6.069
3.310 9.825 6.056
3.335 9.820 6.043
3.359 9.814 6.029
3.383 9.807 6.016
3.407 9.800 6.003
3.431 9.794 5.989
3.456 9.786 5.976
3.480 9.779 5.963
3.503 9.771 5.950
3.527 9.764 5.937
3.551 9.756 5.924
3.575 9.747 5.911
3.599 9.739 5.898
3.622 9.730 5.885
3.646 9.721 5.872
3.669 9.712 5.859
3.692 9.702 5.846
3.715 9.692 5.834
3.738 9.682 5.821
3.761 9.672 5.808
3.784 9.661 5.795
3.806 9.650 5.782
3.829 9.638 5.769
3.851 9.627 5.756
3.873 9.615 5.743
3.894 9.602 5.730
3.916 9.589 5.717
3.937 9.576 5.704
3.958 9.562 5.691
3.979 9.548 5.677
4.000 9.534 5.664
4.020 9.519 5.651
4.040 9.505 5.637
4.060 9.489 5.624
4.080 9.474 5.610
4.100 9.458 5.597
4.119 9.442 5.583
4.138 9.425 5.569
4.157 9.408 5.555
4.175 9.391 5.541
4.193 9.374 5.527
4.211 9.356 5.513
4.229 9.338 5.499
4.246 9.320 5.485
4.264 9.302 5.470
4.281 9.283 5.455
4.297 9.265 5.441
4.314 9.245 5.428
4.330 9.226 5.417
4.345 9.207 5.406
4.361 9.187 5.396
4.376 9.167 5.388
4.391 9.147 5.380
4.406 9.127 5.374
4.420 9.106 5.369
4.420 9.106 5.365
4.441 9.089 5.362
4.460 9.071 5.361
4.479 9.053 5.360
4.497 9.035 5.361
4.514 9.016 5.360
4.530 8.996 5.354
4.545 8.976 5.344
4.560 8.956 5.330
4.574 8.935 5.311
4.587 8.914 5.288
4.599 8.892 5.262
4.611 8.870 5.232
4.622 8.848 5.199
4.632 8.825 5.163
4.641 8.802 5.125
4.651 8.779 5.086
4.659 8.756 5.046
4.667 8.732 5.003
4.674 8.708 4.959
4.681 8.684 4.917
4.688 8.660 4.879
4.694 8.636 4.864
4.711 8.554 4.894
4.714 8.537 4.938
4.717 8.521 4.930
4.720 8.504 4.919
4.723 8.488 4.905
4.725 8.471 4.887
4.727 8.454 4.867
4.730 8.438 4.846
4.732 8.421 4.826
4.734 8.404 4.810
4.736 8.388 4.795
4.738 8.371 4.784
4.740 8.355 4.774
4.742 8.338 4.767
4.743 8.321 4.762
4.745 8.305 4.760
4.747 8.288 4.759
4.748 8.272 4.760
4.749 8.255 4.764
4.751 8.238 4.770
4.752 8.222 4.778
4.753 8.205 4.786
4.754 8.188 4.792
4.755 8.172 4.797
4.756 8.155 4.799
4.757 8.138 4.799
4.758 8.122 4.798
4.758 8.105 4.794
4.759 8.088 4.789
4.760 8.072 4.781
4.760 8.055 4.772
4.761 8.038 4.761
4.761 8.021 4.748
4.762 8.005 4.734
4.762 7.988 4.719
4.762 7.971 4.704
4.763 7.954 4.691
4.763 7.938 4.679
4.763 7.921 4.669
4.763 7.904 4.658
4.763 7.887 4.647
4.763 7.871 4.634
4.763 7.854 4.629
4.763 7.837 4.645
4.763 7.861 4.668
4.763 7.836 4.686
4.763 7.811 4.697
4.762 7.786 4.708
4.762 7.761 4.718
4.761 7.736 4.727
4.761 7.711 4.735
4.760 7.686 4.742
4.759 7.662 4.749
4.759 7.637 4.754
4.758 7.612 4.759
4.758 7.587 4.764
4.758 7.562 4.768
4.759 7.537 4.771
4.760 7.511 4.774
4.762 7.485 4.777
4.764 7.458 4.779
4.767 7.431 4.781
4.770 7.404 4.780
4.773 7.377 4.773
4.776 7.350 4.761
4.779 7.323 4.742
4.781 7.297 4.717
4.783 7.270 4.685
4.784 7.245 4.644
4.783 7.220 4.595
4.782 7.196 4.536
4.779 7.172 4.467
4.775 7.150 4.386
4.769 7.129 4.295
4.761 7.109 4.194
4.752 7.090 4.091
4.740 7.073 3.994
4.726 7.057 3.905
4.711 7.042 3.823
4.694 7.028 3.749
4.675 7.016 3.683
4.655 7.004 3.623
4.633 6.994 3.570
4.611 6.984 3.522
4.587 6.975 3.479
4.562 6.967 3.440
4.536 6.960 3.406
4.510 6.954 3.375
4.482 6.948 3.346
4.455 6.943 3.321
4.426 6.939 3.298
4.397 6.935 3.277
4.368 6.931 3.257
4.339 6.928 3.240
4.310 6.926 3.223
4.281 6.923 3.209
4.252 6.921 3.195
4.223 6.919 3.183
4.195 6.917 3.171
4.167 6.916 3.161
4.139 6.914 3.151
4.113 6.913 3.142
4.086 6.911 3.134
4.060 6.910 3.127
4.035 6.909 3.120
4.009 6.908 3.114
3.985 6.907 3.109
3.960 6.906 3.105
3.936 6.905 3.102
3.911 6.905 3.100
3.887 6.905 3.099
3.863 6.904 3.099
3.839 6.905 3.101
3.815 6.905 3.103
3.791 6.906 3.107
3.767 6.907 3.112
3.743 6.908 3.118
3.719 6.910 3.125
3.694 6.911 3.133
3.670 6.912 3.143
3.645 6.914 3.153
3.620 6.915 3.164
3.595 6.916 3.176
3.569 6.917 3.188
3.544 6.917 3.201
3.518 6.917 3.215
3.492 6.917 3.229
3.465 6.916 3.243
3.439 6.914 3.258
3.412 6.912 3.272
3.384 6.909 3.286
3.357 6.905 3.300
3.329 6.901 3.315
3.302 6.897 3.329
3.274 6.892 3.344
3.246 6.886 3.359
3.218 6.879 3.375
3.190 6.872 3.391
3.163 6.865 3.408
3.135 6.857 3.425
3.107 6.848 3.443
3.080 6.839 3.461
3.053 6.829 3.481
3.026 6.819 3.501
2.999 6.808 3.522
2.973 6.797 3.545
2.947 6.785 3.569
2.921 6.773 3.594
2.896 6.760 3.621
2.871 6.747 3.649
2.846 6.733 3.680
2.823 6.719 3.712
2.799 6.704 3.746
2.777 6.689 3.783
2.754 6.673 3.822
2.733 6.657 3.863
2.712 6.640 3.904
2.692 6.623 3.945
2.673 6.606 3.987
2.654 6.588 4.028
2.637 6.569 4.069
2.620 6.551 4.110
2.604 6.531 4.150
2.589 6.512 4.190
2.575 6.492 4.229
2.562 6.471 4.268
2.550 6.450 4.306
2.539 6.429 4.343
2.530 6.407 4.380
2.521 6.385 4.415
2.514 6.363 4.450
2.507 6.340 4.484
2.503 6.317 4.517
2.499 6.293 4.550
2.496 6.269 4.581
2.495 6.245 4.612
2.495 6.221 4.641
2.496 6.196 4.670
2.497 6.171 4.699
2.499 6.146 4.726
2.501 6.121 4.753
2.504 6.095 4.779
2.507 6.070 4.803
2.510 6.044 4.822
2.513 6.019 4.837
2.516 5.993 4.847
2.519 5.968 4.854
2.521 5.942 4.856
2.523 5.917 4.854
2.524 5.892 4.848
2.525 5.866 4.838
2.526 5.841 4.824
2.526 5.816 4.806
2.526 5.791 4.783
2.525 5.766 4.756
2.525 5.741 4.725
2.524 5.716 4.694
2.524 5.691 4.668
2.523 5.666 4.647
2.522 5.641 4.630
2.521 5.616 4.618
2.520 5.591 4.611
2.520 5.567 4.609
2.519 5.542 4.611
2.519 5.517 4.618
2.518 5.492 4.630
2.518 5.467 4.647
2.518 5.442 4.669
2.518 5.417 4.695
2.518 5.391 4.723
2.518 5.366 4.746
2.518 5.341 4.765
2.518 5.316 4.780
2.518 5.291 4.791
2.519 5.266 4.797
2.519 5.241 4.799
2.520 5.216 4.797
2.520 5.191 4.790
2.521 5.165 4.779
2.521 5.140 4.764
2.522 5.115 4.745
2.522 5.090 4.721
2.523 5.065 4.697
2.523 5.040 4.676
2.524 5.014 4.659
2.524 4.989 4.646
2.524 4.964 4.636
2.524 4.939 4.630
2.524 4.914 4.627
2.523 4.889 4.628
2.522 4.864 4.632
2.521 4.839 4.640
2.520 4.815 4.650
2.518 4.790 4.664
2.516 4.765 4.681
2.515 4.740 4.699
2.513 4.715 4.718
2.512 4.690 4.736
2.510 4.665 4.755
2.510 4.640 4.773
2.510 4.614 4.792
2.511 4.588 4.810
2.513 4.561 4.829
2.515 4.535 4.848
2.518 4.508 4.867
2.522 4.481 4.886
2.526 4.454 4.906
2.531 4.427 4.926
2.537 4.400 4.946
2.543 4.372 4.966
2.550 4.345 4.987
2.558 4.318 5.008
2.566 4.291 5.029
2.575 4.264 5.051
2.584 4.237 5.073
2.594 4.211 5.096
2.605 4.184 5.119
2.616 4.158 5.143
2.628 4.132 5.167
2.640 4.107 5.192
2.653 4.082 5.217
2.666 4.057 5.243
2.680 4.032 5.269
2.694 4.008 5.295
2.709 3.985 5.322
2.724 3.962 5.349
2.740 3.940 5.376
2.757 3.918 5.404
2.774 3.897 5.433
2.791 3.876 5.462
2.809 3.857 5.493
2.827 3.838 5.524
2.845 3.819 5.556
2.864 3.802 5.589
2.884 3.785 5.624
2.904 3.769 5.659
2.924 3.754 5.696
2.945 3.740 5.735
2.966 3.727 5.775
2.987 3.715 5.816
3.009 3.704 5.860
3.031 3.694 5.905
3.054 3.685 5.951
3.076 3.677 5.999
3.100 3.671 6.049
3.123 3.665 6.101
3.147 3.661 6.154
3.171 3.658 6.208
3.195 3.656 6.263
3.220 3.655 6.315
3.245 3.655 6.359
3.270 3.655 6.396
3.295 3.657 6.424
3.320 3.658 6.445
3.346 3.661 6.459
3.371 3.663 6.466
3.397 3.666 6.466
3.423 3.670 6.460
3.448 3.673 6.448
3.474 3.677 6.428
3.500 3.680 6.403
3.526 3.683 6.371
3.552 3.686 6.334
3.577 3.689 6.295
3.603 3.692 6.262
3.628 3.694 6.232
3.654 3.695 6.206
3.679 3.696 6.182
3.704 3.696 6.159
3.729 3.695 6.139
3.754 3.694 6.122
3.778 3.691 6.113
3.802 3.687 6.115
3.826 3.682 6.127
3.850 3.676 6.150
3.850 3.676 6.180
3.870 3.669 6.211
3.892 3.663 6.238
3.914 3.659 6.262
3.937 3.657 6.283
3.962 3.656 6.302
3.987 3.656 6.319
4.012 3.657 6.335
4.038 3.659 6.349
4.065 3.661 6.363
4.092 3.664 6.375
4.120 3.668 6.387
4.148 3.672 6.398
4.176 3.677 6.409
4.204 3.681 6.417
4.232 3.686 6.420
4.259 3.690 6.417
4.287 3.694 6.407
4.315 3.698 6.392
4.342 3.701 6.370
4.368 3.704 6.341
4.394 3.705 6.303
4.420 3.706 6.256
4.445 3.706 6.198
4.469 3.704 6.128
4.492 3.701 6.045
4.514 3.697 5.948
4.535 3.691 5.844
4.555 3.683 5.742
4.574 3.674 5.643
4.591 3.663 5.549
4.607 3.649 5.461
4.622 3.634 5.380
4.636 3.618 5.307
4.649 3.600 5.239
4.661 3.580 5.179
4.671 3.559 5.124
4.681 3.537 5.074
4.690 3.514 5.029
4.698 3.489 4.988
4.705 3.464 4.951
4.712 3.438 4.918
4.718 3.411 4.889
4.723 3.384 4.863
4.727 3.356 4.840
4.731 3.328 4.820
4.735 3.299 4.803
4.738 3.270 4.789
4.741 3.242 4.776
4.743 3.213 4.766
4.745 3.184 4.759
4.747 3.155 4.753
4.748 3.127 4.749
4.749 3.099 4.748
4.751 3.072 4.747
4.752 3.045 4.747
4.753 3.018 4.746
4.754 2.992 4.745
4.755 2.967 4.745
4.756 2.942 4.744
4.756 2.917 4.743
4.757 2.892 4.742
4.758 2.868 4.740
4.758 2.843 4.739
4.759 2.819 4.738
4.759 2.795 4.736
4.759 2.771 4.735
4.760 2.747 4.733
4.760 2.722 4.731
4.760 2.698 4.730
4.760 2.674 4.728
4.760 2.649 4.726
4.760 2.624 4.724
4.760 2.600 4.722
4.760 2.575 4.720
4.760 2.550 4.717
4.760 2.525 4.715
4.760 2.499 4.713
4.760 2.474 4.711
4.760 2.449 4.708
4.760 2.424 4.706
4.760 2.399 4.704
4.760 2.373 4.702
4.760 2.348 4.700
4.760 2.323 4.698
4.760 2.298 4.697
4.760 2.273 4.696
4.761 2.247 4.695
4.761 2.222 4.694
4.761 2.197 4.693
4.761 2.172 4.693
4.761 2.147 4.693
4.761 2.122 4.693
4.761 2.097 4.693
4.761 2.073 4.694
4.761 2.048 4.694
4.761 2.023 4.695
4.761 1.998 4.696
4.760 1.973 4.697
4.760 1.948 4.699
4.759 1.923 4.700
4.758 1.898 4.702
4.758 1.873 4.704
4.757 1.848 4.706
4.756 1.823 4.709
4.755 1.799 4.711
4.754 1.774 4.714
4.753 1.749 4.717
4.753 1.724 4.720
4.752 1.699 4.721
4.751 1.673 4.722
4.751 1.648 4.722
4.750 1.623 4.722
4.750 1.598 4.720
4.750 1.573 4.717
4.750 1.548 4.714
4.750 1.522 4.709
4.750 1.497 4.704
4.751 1.472 4.697
4.751 1.447 4.690
4.751 1.422 4.682
4.751 1.397 4.672
4.751 1.372 4.662
4.751 1.347 4.650
4.750 1.323 4.637
4.749 1.299 4.624
4.748 1.274 4.609
4.747 1.251 4.593
4.745 1.227 4.575
4.742 1.204 4.557
4.739 1.180 4.537
4.736 1.158 4.516
4.732 1.135 4.494
4.727 1.113 4.471
4.722 1.091 4.444
4.716 1.070 4.413
4.709 1.049 4.377
4.701 1.029 4.337
4.693 1.009 4.291
4.683 0.989 4.241
4.673 0.970 4.185
4.662 0.952 4.126
4.649 0.934 4.063
4.636 0.916 3.997
4.621 0.900 3.928
4.606 0.883 3.858
4.589 0.868 3.788
4.571 0.853 3.719
4.552 0.839 3.656
4.531 0.825 3.604
4.509 0.812 3.561
4.485 0.800 3.524
4.460 0.789 3.484
4.434 0.778 3.435
4.406 0.768 3.384
4.377 0.759 3.354
4.346 0.751 3.363
4.313 0.744 3.448
4.278 0.737 3.160
4.242 0.732 3.157
3.830 0.726 3.400
3.805 0.726 3.290
3.780 0.725 3.233
3.755 0.725 3.197
3.729 0.725 3.173
3.704 0.725 3.155
3.679 0.724 3.140
3.654 0.724 3.128
3.629 0.724 3.118
3.604 0.724 3.110
3.578 0.725 3.103
3.553 0.725 3.100
3.528 0.725 3.098
3.503 0.725 3.100
3.478 0.726 3.103
3.453 0.726 3.108
3.427 0.726 3.112
3.402 0.727 3.116
3.377 0.727 3.119
3.352 0.728 3.122
3.327 0.728 3.124
3.302 0.729 3.125
3.276 0.730 3.126
3.251 0.730 3.126
3.226 0.731 3.126
3.201 0.732 3.126
3.176 0.732 3.124
3.150 0.733 3.123
3.125 0.734 3.121
3.100 0.735 3.119
3.075 0.735 3.117
3.050 0.736 3.116
3.025 0.737 3.114
2.999 0.738 3.113
2.974 0.739 3.112
2.949 0.739 3.111
2.924 0.740 3.110
2.899 0.741 3.109
2.873 0.742 3.108
2.848 0.743 3.108
2.823 0.744 3.107
2.798 0.745 3.107
2.773 0.745 3.107
2.748 0.746 3.107
2.722 0.747 3.107
2.697 0.748 3.107
2.672 0.749 3.107
2.647 0.749 3.108
2.622 0.750 3.108
2.596 0.751 3.109
2.571 0.751 3.109
2.546 0.752 3.110
2.521 0.753 3.111
2.496 0.753 3.113
2.471 0.754 3.114
2.446 0.755 3.115
2.420 0.755 3.117
2.395 0.756 3.118
2.370 0.756 3.120
2.345 0.756 3.122
2.320 0.757 3.124
2.295 0.757 3.126
2.270 0.757 3.128
2.245 0.758 3.131
2.219 0.758 3.133
2.194 0.758 3.136
2.169 0.758 3.139
2.144 0.758 3.141
2.119 0.758 3.144
2.094 0.758 3.147
2.069 0.758 3.151
2.044 0.758 3.154
2.019 0.757 3.157
1.994 0.757 3.161
1.968 0.757 3.165
1.943 0.756 3.168
1.918 0.756 3.172
1.893 0.755 3.176
1.868 0.754 3.180
1.843 0.754 3.185
1.818 0.753 3.189
1.793 0.752 3.192
1.768 0.751 3.194
1.743 0.750 3.195
1.718 0.750 3.194
1.693 0.749 3.191
1.667 0.748 3.187
1.642 0.748 3.181
1.617 0.747 3.174
1.592 0.747 3.165
1.566 0.746 3.154
1.541 0.746 3.142
1.515 0.746 3.128
1.490 0.746 3.113
1.465 0.746 3.095
1.439 0.746 3.076
1.414 0.747 3.056
1.389 0.749 3.033
1.363 0.750 3.009
1.338 0.753 2.983
1.313 0.756 2.956
1.288 0.760 2.926
1.264 0.764 2.895
1.239 0.769 2.863
1.215 0.776 2.829
1.190 0.783 2.794
1.166 0.791 2.758
1.143 0.800 2.720
1.119 0.810 2.682
1.096 0.821 2.645
1.074 0.833 2.608
1.051 0.845 2.572
1.030 0.859 2.535
1.008 0.873 2.498
0.988 0.888 2.460
0.968 0.904 2.422
0.948 0.921 2.383
0.930 0.939 2.343
0.912 0.957 2.302
0.895 0.976 2.259
0.878 0.995 2.214
0.863 1.015 2.168
0.849 1.036 2.121
0.835 1.057 2.077
0.822 1.079 2.034
0.810 1.101 1.993
0.799 1.124 1.954
0.789 1.147 1.917
0.780 1.170 1.883
0.771 1.194 1.851
0.763 1.218 1.821
0.756 1.243 1.793
0.749 1.268 1.768
0.743 1.293 1.744
0.738 1.318 1.723
0.734 1.343 1.703
0.730 1.369 1.684
0.726 1.394 1.667
0.723 1.420 1.650
0.721 1.446 1.635
0.720 1.471 1.621
0.718 1.497 1.607
0.718 1.523 1.595
0.717 1.548 1.584
0.718 1.574 1.573
0.718 1.599 1.563
0.719 1.624 1.555
0.721 1.649 1.547
0.723 1.674 1.540
0.725 1.698 1.534
0.727 1.722 1.529
0.730 1.746 1.525
0.730 1.746 1.522
0.731 1.771 1.521
0.731 1.796 1.520
0.731 1.822 1.521
0.732 1.847 1.523
0.732 1.872 1.527
0.732 1.897 1.531
0.732 1.922 1.536
0.732 1.947 1.543
0.732 1.972 1.551
0.732 1.998 1.558
0.731 2.023 1.565
0.731 2.048 1.571
0.731 2.073 1.576
0.730 2.098 1.580
0.730 2.123 1.584
0.730 2.148 1.587
0.729 2.173 1.589
0.729 2.198 1.591
0.729 2.223 1.592
0.728 2.248 1.593
0.728 2.273 1.592
0.728 2.298 1.591
0.728 2.323 1.590
0.728 2.349 1.588
0.728 2.374 1.585
0.728 2.399 1.582
0.728 2.424 1.578
0.729 2.449 1.573
0.729 2.474 1.567
0.730 2.500 1.561
0.731 2.525 1.554
0.731 2.550 1.547
0.732 2.575 1.539
0.733 2.601 1.529
0.734 2.626 1.519
0.735 2.651 1.510
0.736 2.677 1.505
0.737 2.702 1.503
0.738 2.727 1.504
0.739 2.752 1.509
0.740 2.777 1.517
0.740 2.802 1.529
0.740 2.827 1.544
0.740 2.852 1.562
0.740 2.877 1.583
0.740 2.901 1.607
0.739 2.926 1.633
0.738 2.950 1.662
0.736 2.975 1.692
0.734 3.000 1.720
0.732 3.025 1.743
0.729 3.050 1.760
0.725 3.075 1.772
0.721 3.101 1.780
0.716 3.128 1.783
0.711 3.155 1.782
0.705 3.182 1.777
0.699 3.209 1.766
0.693 3.236 1.751
0.687 3.263 1.730
0.682 3.290 1.703
0.677 3.316 1.670
0.673 3.342 1.629
0.670 3.368 1.582
0.669 3.393 1.527
0.668 3.417 1.464
0.669 3.440 1.393
0.672 3.462 1.312
0.676 3.483 1.222
0.683 3.502 1.124
0.692 3.521 1.019
0.703 3.538 0.910
0.716 3.553 0.800
0.731 3.568 0.692
0.748 3.581 0.588
0.766 3.593 0.496
0.786 3.604 0.420
0.808 3.614 0.356
0.831 3.622 0.302
0.855 3.630 0.257
0.880 3.638 0.219
0.906 3.644 0.186
0.934 3.649 0.157
0.961 3.654 0.133
0.990 3.658 0.111
1.019 3.662 0.093
1.048 3.665 0.077
1.078 3.667 0.063
1.108 3.670 0.051
1.138 3.671 0.039
1.168 3.673 0.028
1.198 3.674 0.017
1.227 3.675 0.007
1.256 3.675 -0.002
1.285 3.676 -0.010
1.313 3.676 -0.017
1.340 3.677 -0.023
1.367 3.677 -0.028
1.393 3.678 -0.032
1.419 3.678 -0.035
1.444 3.678 -0.036
1.469 3.678 -0.036
1.494 3.678 -0.035
1.519 3.678 -0.033
1.543 3.678 -0.029
1.567 3.678 -0.024
1.591 3.678 -0.018
1.615 3.677 -0.010
1.639 3.677 -0.002
1.663 3.676 0.008
1.687 3.675 0.019
1.711 3.675 0.031
1.735 3.674 0.044
1.760 3.673 0.058
1.785 3.673 0.073
1.810 3.672 0.087
1.835 3.672 0.096
1.861 3.673 0.103
1.886 3.673 0.106
1.913 3.675 0.107
1.939 3.677 0.104
1.966 3.679 0.097
1.993 3.682 0.088
2.021 3.686 0.075
2.048 3.689 0.059
2.075 3.692 0.038
2.102 3.695 0.014
2.129 3.698 -0.015
2.155 3.699 -0.049
2.181 3.701 -0.088
2.206 3.701 -0.133
2.231 3.700 -0.184
2.254 3.697 -0.242
2.277 3.694 -0.307
2.299 3.688 -0.379
2.319 3.681 -0.457
2.338 3.672 -0.542
2.356 3.661 -0.632
2.372 3.647 -0.725
2.387 3.632 -0.820
2.401 3.616 -0.915
2.414 3.597 -1.003
2.426 3.577 -1.079
2.437 3.556 -1.145
2.447 3.534 -1.202
2.456 3.510 -1.252
2.464 3.485 -1.296
2.471 3.460 -1.334
2.477 3.433 -1.368
2.483 3.406 -1.398
2.488 3.378 -1.425
2.492 3.349 -1.449
2.496 3.321 -1.471
2.499 3.292 -1.491
2.502 3.262 -1.509
2.504 3.233 -1.525
2.506 3.204 -1.541
2.507 3.174 -1.555
2.508 3.146 -1.568
2.509 3.117 -1.579
2.510 3.089 -1.589
2.511 3.061 -1.597
2.511 3.034 -1.604
2.512 3.008 -1.609
2.512 2.982 -1.612
2.512 2.956 -1.613
2.512 2.931 -1.613
2.512 2.906 -1.610
2.512 2.881 -1.607
2.512 2.857 -1.603
2.512 2.832 -1.598
2.511 2.808 -1.593
2.511 2.784 -1.588
2.511 2.760 -1.583
2.510 2.737 -1.577
2.510 2.713 -1.571
2.510 2.689 -1.564
2.509 2.666 -1.558
2.509 2.642 -1.551
2.509 2.618 -1.543
2.508 2.594 -1.536
2.508 2.569 -1.528
2.508 2.545 -1.521
2.508 2.520 -1.515
2.508 2.495 -1.511
2.508 2.469 -1.508
2.508 2.444 -1.506
2.508 2.417 -1.506
2.509 2.391 -1.507
2.509 2.364 -1.510
2.510 2.336 -1.514
2.510 2.336 -1.519
2.512 2.311 -1.526
2.513 2.287 -1.534
2.514 2.262 -1.543
2.516 2.237 -1.553
2.517 2.212 -1.562
2.518 2.187 -1.570
2.518 2.162 -1.578
2.519 2.137 -1.585
2.519 2.112 -1.592
2.520 2.087 -1.598
2.520 2.062 -1.603
2.520 2.037 -1.607
2.520 2.011 -1.611
2.520 1.986 -1.614
2.520 1.961 -1.616
2.520 1.936 -1.618
2.519 1.911 -1.619
2.519 1.886 -1.619
2.519 1.860 -1.619
2.518 1.835 -1.618
2.518 1.810 -1.617
2.517 1.785 -1.615
2.516 1.760 -1.612
2.515 1.735 -1.608
2.515 1.710 -1.604
2.514 1.685 -1.599
2.513 1.660 -1.594
2.512 1.635 -1.588
2.511 1.611 -1.582
2.510 1.586 -1.574
2.509 1.561 -1.567
2.509 1.537 -1.559
2.508 1.512 -1.550
2.507 1.488 -1.540
2.507 1.463 -1.530
2.506 1.438 -1.520
2.507 1.413 -1.509
2.507 1.388 -1.497
2.508 1.362 -1.485
2.509 1.336 -1.473
2.511 1.310 -1.460
2.514 1.284 -1.446
2.517 1.257 -1.432
2.520 1.230 -1.417
2.524 1.202 -1.402
2.529 1.175 -1.387
2.534 1.147 -1.371
2.540 1.119 -1.354
2.546 1.091 -1.337
2.553 1.063 -1.320
2.560 1.035 -1.302
2.568 1.007 -1.284
2.576 0.979 -1.266
2.585 0.951 -1.247
2.594 0.923 -1.228
2.604 0.896 -1.208
2.615 0.868 -1.189
2.625 0.841 -1.169
2.637 0.815 -1.148
2.649 0.788 -1.127
2.661 0.763 -1.105
2.674 0.737 -1.082
2.687 0.712 -1.058
2.701 0.687 -1.033
2.715 0.663 -1.006
2.729 0.640 -0.978
2.745 0.617 -0.947
2.760 0.595 -0.915
2.776 0.574 -0.880
2.793 0.553 -0.842
2.810 0.533 -0.803
2.827 0.514 -0.762
2.845 0.496 -0.719
2.863 0.478 -0.675
2.881 0.462 -0.630
2.901 0.447 -0.583
2.920 0.432 -0.536
2.940 0.419 -0.487
2.960 0.407 -0.437
2.981 0.396 -0.386
3.002 0.386 -0.334
3.024 0.377 -0.282
3.046 0.370 -0.229
3.068 0.364 -0.177
3.091 0.359 -0.127
3.114 0.355 -0.080
3.137 0.353 -0.035
3.161 0.353 0.008
3.185 0.353 0.049
3.210 0.354 0.086
3.234 0.357 0.118
3.259 0.360 0.140
3.284 0.363 0.153
3.310 0.367 0.157
3.335 0.371 0.153
3.360 0.375 0.139
3.386 0.378 0.117
3.411 0.382 0.092
3.437 0.385 0.070
3.462 0.387 0.049
3.487 0.389 0.031
3.513 0.390 0.015
3.538 0.390 0.001
3.563 0.390 -0.011
3.588 0.390 -0.020
3.613 0.389 -0.028
3.638 0.388 -0.033
3.663 0.386 -0.036
3.688 0.385 -0.037
3.712 0.383 -0.036
3.737 0.382 -0.034
3.762 0.380 -0.032
3.787 0.378 -0.031
3.812 0.377 -0.029
3.837 0.376 -0.027
3.862 0.375 -0.025
3.887 0.374 -0.023
3.912 0.374 -0.022
3.937 0.373 -0.020
3.962 0.373 -0.018
3.987 0.373 -0.017
4.012 0.373 -0.015
4.037 0.373 -0.014
4.062 0.374 -0.013
4.087 0.374 -0.011
4.112 0.374 -0.010
4.137 0.375 -0.009
4.162 0.375 -0.007
4.187 0.376 -0.006
4.212 0.376 -0.005
4.237 0.376 -0.004
4.262 0.376 -0.003
4.287 0.377 -0.002
4.312 0.377 -0.001
4.337 0.377 0.000
4.362 0.377 0.001
4.387 0.377 0.002
4.412 0.377 0.002
4.437 0.377 0.003
4.462 0.377 0.004
4.487 0.376 0.004
4.512 0.376 0.005
4.537 0.376 0.006
4.562 0.376 0.006
4.587 0.376 0.006
4.612 0.376 0.007
4.637 0.376 0.007
4.662 0.376 0.007
4.687 0.376 0.008
4.712 0.376 0.008
4.737 0.376 0.008
4.762 0.376 0.008
4.787 0.376 0.008
4.812 0.376 0.008
4.837 0.376 0.008
4.862 0.376 0.008
4.887 0.376 0.008
4.912 0.376 0.007
4.937 0.376 0.007
4.962 0.376 0.007
4.987 0.376 0.007
5.012 0.376 0.006
5.037 0.376 0.006
5.062 0.376 0.005
5.087 0.376 0.005
5.112 0.376 0.004
5.137 0.376 0.003
5.162 0.376 0.003
5.187 0.376 0.002
5.212 0.376 0.001
5.237 0.376 0.000
5.262 0.376 -0.001
5.287 0.376 -0.001
5.312 0.376 -0.002
5.337 0.376 -0.003
5.362 0.376 -0.004
5.387 0.376 -0.006
5.412 0.377 -0.007
5.437 0.377 -0.008
5.462 0.377 -0.009
5.487 0.377 -0.010
5.512 0.377 -0.012
5.537 0.378 -0.013
5.562 0.378 -0.015
5.587 0.378 -0.016
5.612 0.378 -0.018
5.637 0.377 -0.019
5.662 0.377 -0.021
5.687 0.377 -0.023
5.712 0.376 -0.024
5.737 0.376 -0.025
5.762 0.375 -0.024
5.787 0.374 -0.020
5.812 0.373 -0.014
5.837 0.373 -0.007
5.862 0.372 0.003
5.887 0.372 0.015
5.912 0.372 0.029
5.937 0.372 0.045
5.962 0.372 0.064
5.987 0.374 0.084
6.012 0.375 0.106
6.037 0.377 0.130
6.062 0.380 0.156
6.087 0.384 0.184
6.112 0.388 0.214
6.138 0.393 0.246
6.162 0.399 0.281
6.187 0.406 0.319
6.212 0.414 0.359
6.236 0.423 0.403
6.260 0.432 0.449
6.283 0.443 0.499
6.306 0.455 0.551
6.328 0.468 0.607
6.349 0.482 0.665
6.369 0.497 0.725
6.389 0.513 0.785
6.408 0.530 0.841
6.425 0.549 0.894
6.442 0.568 0.945
6.457 0.589 0.995
6.471 0.611 1.044
6.485 0.634 1.093
6.498 0.657 1.134
6.510 0.681 1.156
6.522 0.705 1.160
6.534 0.728 1.143
6.546 0.752 1.107
6.558 0.774 1.051
6.571 0.796 0.975
6.584 0.817 0.889
6.598 0.836 0.802
6.613 0.854 0.711
6.629 0.870 0.615
6.646 0.884 0.512
6.665 0.895 0.400
6.685 0.905 0.279
6.707 0.913 0.165
6.729 0.918 0.076
6.753 0.923 0.011
6.778 0.925 -0.032
6.803 0.927 -0.053
6.829 0.928 -0.054
6.855 0.927 -0.045
6.882 0.926 -0.037
6.909 0.925 -0.029
6.937 0.923 -0.022
6.964 0.921 -0.015
6.991 0.919 -0.009
7.018 0.917 -0.003
7.045 0.915 0.002
7.071 0.914 0.006
7.097 0.914 0.010
7.123 0.913 0.014
7.148 0.913 0.017
7.174 0.914 0.019
7.199 0.915 0.021
7.223 0.915 0.023
7.248 0.917 0.025
7.272 0.918 0.026
7.297 0.919 0.027
7.321 0.921 0.027
7.346 0.922 0.027
7.370 0.924 0.027
7.394 0.925 0.027
7.419 0.927 0.026
7.444 0.928 0.025
7.468 0.929 0.024
7.493 0.930 0.023
7.518 0.931 0.021
7.543 0.932 0.019
7.568 0.933 0.018
7.593 0.934 0.016
7.618 0.935 0.015
7.643 0.935 0.013
7.668 0.936 0.012
7.693 0.936 0.010
7.719 0.936 0.009
7.744 0.936 0.007
7.769 0.936 0.006
7.794 0.936 0.005
7.819 0.936 0.004
7.844 0.935 0.002
7.869 0.935 0.001
7.894 0.934 0.000
7.919 0.933 -0.000
7.944 0.933 -0.001
7.969 0.932 -0.001
8.066 0.929 -0.003
8.082 0.928 -0.007
8.099 0.928 -0.008
8.116 0.927 -0.009
8.132 0.927 -0.010
8.149 0.926 -0.011
8.166 0.926 -0.012
8.182 0.926 -0.012
8.199 0.926 -0.013
8.216 0.925 -0.014
8.232 0.925 -0.014
8.249 0.925 -0.014
8.266 0.925 -0.015
8.282 0.925 -0.015
8.299 0.925 -0.015
8.316 0.925 -0.016
8.332 0.925 -0.016
8.349 0.925 -0.016
8.366 0.925 -0.016
8.382 0.925 -0.016
8.399 0.925 -0.016
8.416 0.925 -0.015
8.432 0.925 -0.015
8.449 0.925 -0.015
8.466 0.925 -0.015
8.482 0.926 -0.014
8.499 0.926 -0.014
8.516 0.926 -0.013
8.533 0.926 -0.013
8.549 0.926 -0.012
8.566 0.926 -0.011
8.583 0.926 -0.010
8.599 0.926 -0.010
8.616 0.926 -0.009
8.633 0.926 -0.008
8.649 0.926 -0.006
8.666 0.927 -0.005
8.683 0.927 -0.004
8.699 0.927 -0.003
8.716 0.927 -0.002
8.733 0.927 -0.000
8.749 0.927 0.001
8.766 0.927 0.001
8.783 0.927 0.002
8.769 0.927 0.003
8.794 0.927 0.003
8.819 0.926 0.004
8.844 0.926 0.005
8.869 0.926 0.005
8.894 0.926 0.006
8.919 0.926 0.006
8.944 0.926 0.007
8.969 0.926 0.007
8.994 0.925 0.007
9.019 0.925 0.008
9.044 0.925 0.008
9.069 0.925 0.009
9.094 0.925 0.009
9.119 0.925 0.009
9.144 0.925 0.010
9.169 0.925 0.010
9.194 0.925 0.010
9.219 0.925 0.011
9.244 0.925 0.011
9.269 0.926 0.011
9.294 0.926 0.012
9.319 0.926 0.012
9.344 0.927 0.012
9.369 0.928 0.013
9.394 0.928 0.013
9.419 0.929 0.013
9.444 0.930 0.013
9.469 0.931 0.014
9.494 0.931 0.014
9.519 0.932 0.014
9.544 0.933 0.014
9.569 0.934 0.014
9.594 0.934 0.015
9.619 0.935 0.015
9.644 0.935 0.015
9.669 0.936 0.015
9.694 0.936 0.015
9.719 0.936 0.015
9.744 0.936 0.015
9.769 0.936 0.015
9.794 0.936 0.015
9.819 0.936 0.015
9.844 0.936 0.015
9.869 0.936 0.015
9.894 0.936 0.015
9.919 0.936 0.015
9.944 0.936 0.015
9.969 0.935 0.015
9.994 0.936 0.015
10.019 0.936 0.015
10.044 0.936 0.015
10.069 0.936 0.015
10.094 0.937 0.015
10.119 0.937 0.015
10.144 0.938 0.015
10.169 0.938 0.015
10.194 0.939 0.015
10.219 0.940 0.015
10.244 0.941 0.015
10.269 0.942 0.015
10.294 0.942 0.014
10.319 0.943 0.014
10.344 0.944 0.014
10.369 0.945 0.014
10.394 0.945 0.014
10.419 0.946 0.014
10.444 0.946 0.014
10.469 0.946 0.014
10.494 0.946 0.014
10.519 0.947 0.014
10.544 0.946 0.013
10.569 0.946 0.013
10.594 0.946 0.013
10.619 0.946 0.013
10.644 0.946 0.013
10.669 0.946 0.013
10.694 0.946 0.013
10.719 0.946 0.012
10.744 0.946 0.012
10.770 0.946 0.012
10.795 0.946 0.012
10.820 0.946 0.012
10.845 0.946 0.012
10.870 0.947 0.011
10.895 0.947 0.011
10.920 0.948 0.011
10.945 0.949 0.011
10.970 0.949 0.011
10.995 0.950 0.011
11.020 0.951 0.010
11.044 0.952 0.010
11.069 0.953 0.010
11.094 0.953 0.010
11.119 0.954 0.010
11.144 0.955 0.009
11.169 0.955 0.009
11.194 0.956 0.009
11.219 0.956 0.009
11.244 0.957 0.008
11.269 0.957 0.008
11.294 0.957 0.008
11.320 0.957 0.008
11.345 0.957 0.007
11.370 0.957 0.007
11.395 0.957 0.007
11.420 0.957 0.007
11.445 0.957 0.006
11.470 0.957 0.006
11.495 0.956 0.006
11.520 0.956 0.006
11.545 0.956 0.005
11.570 0.956 0.005
11.595 0.956 0.005
11.620 0.956 0.004
11.645 0.956 0.004
11.670 0.956 0.004
11.695 0.956 0.004
11.720 0.956 0.003
11.745 0.956 0.003
11.770 0.956 0.003
11.795 0.956 0.002
11.820 0.956 0.002
11.845 0.956 0.002
11.870 0.956 0.001
11.895 0.956 0.001
11.920 0.956 0.001
11.945 0.956 0.000
11.970 0.956 -0.000
11.995 0.956 -0.000
12.020 0.956 -0.001
12.045 0.956 -0.001
12.070 0.956 -0.001
12.095 0.956 -0.002
12.120 0.956 -0.002
12.145 0.956 -0.003
12.170 0.956 -0.003
12.195 0.956 -0.003
12.220 0.956 -0.004
12.245 0.956 -0.004
12.270 0.956 -0.004
12.295 0.956 -0.005
12.320 0.956 -0.005
12.345 0.956 -0.006
12.370 0.956 -0.006
12.395 0.956 -0.006
12.420 0.956 -0.007
12.445 0.957 -0.007
12.470 0.957 -0.008
12.495 0.957 -0.008
12.520 0.957 -0.009
12.545 0.957 -0.009
12.570 0.957 -0.009
12.595 0.957 -0.010
12.620 0.957 -0.010
12.645 0.957 -0.010
12.670 0.956 -0.011
12.695 0.956 -0.011
12.720 0.956 -0.011
12.745 0.955 -0.012
12.770 0.955 -0.012
12.795 0.954 -0.012
12.820 0.954 -0.012
12.845 0.953 -0.012
12.870 0.952 -0.012
12.895 0.952 -0.012
12.920 0.951 -0.012
12.945 0.950 -0.012
12.970 0.949 -0.012
12.995 0.949 -0.012
13.020 0.948 -0.012
13.045 0.947 -0.012
13.070 0.947 -0.012
13.095 0.946 -0.012
13.120 0.945 -0.012
13.145 0.945 -0.012
13.170 0.944 -0.012
13.195 0.944 -0.011
13.220 0.943 -0.011
13.245 0.943 -0.011
13.270 0.943 -0.010
13.295 0.943 -0.010
13.320 0.943 -0.010
13.345 0.943 -0.009
13.370 0.943 -0.009
13.395 0.944 -0.008
13.420 0.944 -0.008
13.445 0.945 -0.007
13.470 0.946 -0.007
13.470 0.946 -0.006
13.495 0.946 -0.005
13.520 0.947 -0.005
13.545 0.947 -0.004
13.570 0.947 -0.003
13.595 0.947 -0.003
13.620 0.947 -0.002
13.645 0.947 -0.001
13.670 0.947 -0.000
13.695 0.947 0.000
13.720 0.947 0.001
13.745 0.947 0.002
13.770 0.947 0.003
13.795 0.946 0.004
13.820 0.946 0.005
13.845 0.946 0.006
13.870 0.946 0.007
13.895 0.946 0.008
13.920 0.946 0.009
13.945 0.945 0.009
13.970 0.945 0.010
13.995 0.945 0.011
14.021 0.945 0.012
14.046 0.945 0.013
14.071 0.945 0.013
14.096 0.945 0.014
14.121 0.945 0.015
14.146 0.945 0.015
14.171 0.945 0.016
14.196 0.946 0.016
14.221 0.946 0.017
14.246 0.946 0.017
14.271 0.947 0.018
14.296 0.947 0.018
14.321 0.948 0.018
14.346 0.948 0.019
14.371 0.949 0.019
14.396 0.949 0.019
14.421 0.950 0.020
14.446 0.951 0.020
14.471 0.952 0.020
14.496 0.952 0.020
14.521 0.953 0.020
14.546 0.954 0.020
14.571 0.955 0.021
14.596 0.956 0.021
14.621 0.956 0.021
14.646 0.957 0.021
14.671 0.958 0.020
14.696 0.959 0.020
14.721 0.960 0.020
14.746 0.960 0.020
14.771 0.961 0.020
14.796 0.962 0.020
14.821 0.962 0.019
14.846 0.963 0.019
14.871 0.964 0.019
14.896 0.964 0.018
14.921 0.965 0.018
14.946 0.965 0.018
14.971 0.966 0.017
14.996 0.966 0.017
15.021 0.966 0.016
15.046 0.967 0.016
15.071 0.967 0.015
15.096 0.967 0.015
15.121 0.967 0.014
15.146 0.967 0.013
15.171 0.967 0.013
15.196 0.967 0.012
15.221 0.967 0.011
15.246 0.967 0.010
15.271 0.967 0.010
15.296 0.967 0.009
15.321 0.966 0.008
15.346 0.966 0.007
15.371 0.966 0.006
15.397 0.966 0.005
15.422 0.965 0.004
15.447 0.965 0.003
15.472 0.965 0.003
15.497 0.965 0.002
15.522 0.965 0.001
15.547 0.964 -0.001
15.572 0.964 -0.002
15.597 0.964 -0.003
15.622 0.964 -0.004
15.647 0.965 -0.005
15.672 0.965 -0.006
15.697 0.965 -0.007
15.722 0.966 -0.008
15.747 0.966 -0.010
15.772 0.967 -0.011
15.797 0.968 -0.012
15.822 0.968 -0.013
15.846 0.969 -0.015
15.871 0.970 -0.016
15.896 0.971 -0.018
15.921 0.971 -0.020
15.946 0.972 -0.022
15.971 0.972 -0.025
15.996 0.972 -0.028
16.021 0.971 -0.031
16.046 0.970 -0.035
16.072 0.969 -0.038
16.097 0.968 -0.042
16.122 0.966 -0.047
16.148 0.963 -0.051
16.173 0.961 -0.056
16.198 0.958 -0.062
16.224 0.954 -0.065
16.249 0.951 -0.064
16.275 0.948 -0.060
16.300 0.945 -0.051
16.325 0.943 -0.038
16.350 0.941 -0.021
16.375 0.939 -0.001
16.400 0.939 0.024
16.424 0.939 0.053
16.449 0.940 0.086
16.473 0.942 0.123
16.497 0.946 0.163
16.521 0.950 0.207
16.544 0.956 0.252
16.567 0.963 0.294
16.590 0.972 0.335
16.613 0.981 0.374
16.636 0.991 0.412
16.658 1.002 0.449
16.680 1.015 0.484
16.702 1.028 0.519
16.724 1.041 0.552
16.745 1.055 0.586
16.767 1.070 0.618
16.788 1.086 0.650
16.809 1.102 0.682
16.830 1.118 0.714
16.850 1.134 0.747
16.871 1.151 0.779
16.891 1.168 0.812
16.911 1.186 0.845
16.931 1.204 0.879
16.950 1.222 0.914
16.968 1.240 0.950
16.985 1.259 0.987
17.002 1.278 1.026
17.017 1.298 1.066
17.031 1.318 1.108
17.045 1.339 1.153
17.056 1.360 1.199
17.067 1.382 1.247
17.076 1.404 1.293
17.083 1.426 1.337
17.089 1.450 1.379
17.093 1.473 1.418
17.096 1.497 1.453
17.098 1.522 1.484
17.099 1.547 1.511
17.099 1.572 1.535
17.098 1.597 1.554
17.096 1.622 1.570
17.094 1.648 1.582
17.092 1.674 1.591
17.089 1.700 1.597
17.087 1.726 1.603
17.084 1.752 1.609
17.082 1.777 1.614
17.079 1.803 1.619
17.078 1.829 1.624
17.077 1.854 1.629
17.076 1.879 1.627
17.075 1.905 1.614
17.075 1.930 1.601
17.075 1.955 1.595
17.075 1.980 1.601
17.077 2.076 1.610
17.078 2.093 1.605
17.078 2.109 1.600
17.079 2.126 1.595
17.079 2.142 1.589
17.080 2.159 1.583
17.080 2.175 1.578
17.080 2.192 1.572
17.081 2.208 1.567
17.081 2.225 1.561
17.081 2.241 1.557
17.081 2.258 1.552
17.081 2.275 1.549
17.081 2.291 1.546
17.081 2.308 1.544
17.081 2.325 1.542
17.081 2.341 1.542
17.081 2.358 1.541
17.081 2.375 1.541
17.081 2.391 1.542
17.081 2.408 1.543
17.081 2.425 1.544
17.081 2.441 1.546
17.081 2.458 1.549
17.081 2.475 1.551
17.080 2.492 1.555
17.080 2.508 1.558
17.080 2.525 1.563
17.080 2.542 1.567
17.080 2.559 1.571
17.080 2.575 1.575
17.080 2.592 1.578
17.080 2.609 1.581
17.080 2.626 1.584
17.080 2.642 1.586
17.080 2.659 1.588
17.080 2.676 1.589
17.080 2.692 1.591
17.080 2.709 1.591
17.080 2.726 1.592
17.080 2.743 1.592
17.080 2.759 1.591
17.080 2.776 1.591
17.080 2.793 1.589
17.080 2.809 1.588
17.080 2.826 1.586
17.080 2.843 1.584
17.080 2.859 1.581
17.080 2.876 1.578
17.080 2.892 1.574
17.080 2.909 1.571
17.080 2.925 1.566
17.080 2.942 1.562
17.080 2.958 1.557
17.080 2.975 1.553
17.080 2.991 1.549
17.080 3.008 1.547
17.080 3.024 1.546
17.080 3.041 1.546
17.080 3.057 1.547
17.080 3.074 1.549
17.080 3.090 1.552
17.080 3.107 1.557
17.080 3.123 1.563
17.080 3.140 1.571
17.080 3.156 1.581
17.080 3.173 1.594
17.080 3.190 1.610
17.080 3.206 1.622
17.080 3.177 1.622
17.080 3.202 1.612
17.080 3.227 1.598
17.080 3.252 1.584
17.080 3.278 1.571
17.080 3.304 1.556
17.080 3.329 1.546
17.080 3.355 1.546
17.080 3.382 1.554
17.079 3.408 1.571
17.079 3.434 1.598
17.077 3.460 1.637
17.076 3.486 1.683
17.073 3.511 1.732
17.070 3.537 1.783
17.066 3.562 1.838
17.061 3.586 1.894
17.055 3.610 1.953
17.048 3.633 2.013
17.039 3.656 2.074
17.030 3.678 2.135
17.018 3.699 2.196
17.005 3.719 2.256
16.991 3.739 2.315
16.975 3.757 2.372
16.958 3.775 2.425
16.940 3.792 2.474
16.921 3.808 2.519
16.900 3.824 2.559
16.879 3.838 2.596
16.858 3.852 2.629
16.835 3.866 2.659
16.812 3.879 2.687
16.789 3.891 2.711
16.765 3.902 2.733
16.741 3.913 2.753
16.717 3.923 2.771
16.692 3.933 2.787
16.668 3.942 2.802
16.644 3.951 2.816
16.620 3.959 2.831
16.596 3.967 2.845
16.571 3.974 2.859
16.547 3.981 2.873
16.523 3.987 2.886
16.498 3.993 2.900
16.474 3.999 2.913
16.450 4.004 2.926
16.425 4.009 2.938
16.401 4.014 2.951
16.377 4.018 2.963
16.352 4.022 2.974
16.328 4.026 2.986
16.303 4.029 2.997
16.279 4.033 3.008
16.254 4.035 3.018
16.230 4.038 3.029
16.205 4.041 3.038
16.181 4.043 3.048
16.156 4.045 3.057
16.131 4.047 3.066
16.107 4.049 3.075
16.082 4.051 3.083
16.057 4.053 3.091
16.032 4.054 3.098
16.008 4.055 3.106
15.983 4.056 3.113
15.958 4.057 3.119
15.933 4.058 3.125
15.908 4.058 3.131
15.883 4.059 3.137
15.858 4.059 3.142
15.833 4.060 3.147
15.809 4.060 3.152
15.784 4.060 3.156
15.759 4.060 3.160
15.734 4.060 3.163
15.709 4.059 3.166
15.684 4.059 3.169
15.658 4.059 3.172
15.633 4.058 3.174
15.608 4.058 3.176
15.583 4.057 3.177
15.558 4.056 3.179
15.533 4.056 3.179
15.508 4.055 3.180
15.483 4.054 3.180
15.458 4.053 3.180
15.433 4.052 3.180
15.407 4.051 3.179
15.382 4.051 3.178
15.357 4.050 3.176
15.332 4.049 3.175
15.307 4.048 3.173
15.282 4.047 3.171
15.256 4.046 3.170
15.231 4.045 3.169
15.206 4.044 3.167
15.181 4.043 3.166
15.156 4.042 3.164
15.130 4.041 3.163
15.105 4.040 3.162
15.080 4.039 3.161
15.055 4.039 3.159
15.030 4.038 3.158
15.005 4.037 3.157
14.979 4.037 3.156
14.954 4.036 3.155
14.929 4.036 3.154
14.904 4.036 3.153
14.879 4.035 3.152
14.854 4.035 3.151
14.829 4.035 3.150
14.803 4.035 3.149
14.778 4.035 3.148
14.753 4.035 3.147
14.728 4.036 3.147
14.703 4.036 3.146
14.678 4.037 3.145
14.653 4.037 3.145
14.628 4.038 3.144
14.603 4.039 3.143
14.578 4.040 3.143
14.553 4.041 3.142
14.528 4.042 3.142
14.503 4.042 3.141
14.478 4.043 3.141
14.453 4.044 3.140
14.428 4.045 3.140
14.403 4.045 3.140
14.378 4.046 3.139
14.353 4.046 3.139
14.328 4.046 3.139
14.303 4.046 3.139
14.278 4.046 3.139
14.253 4.045 3.139
14.228 4.045 3.138
14.203 4.044 3.138
14.178 4.044 3.138
14.153 4.043 3.138
14.128 4.042 3.138
14.103 4.041 3.139
14.078 4.040 3.139
14.053 4.039 3.139
14.028 4.038 3.139
14.003 4.038 3.139
13.978 4.037 3.139
13.953 4.036 3.140
13.928 4.036 3.140
13.903 4.035 3.140
13.878 4.035 3.140
13.853 4.035 3.140
13.828 4.035 3.141
13.802 4.035 3.141
13.777 4.035 3.141
13.752 4.035 3.141
13.727 4.035 3.141
13.702 4.035 3.141
13.677 4.035 3.142
13.652 4.035 3.142
13.627 4.036 3.142
13.602 4.036 3.142
13.577 4.036 3.142
13.552 4.036 3.142
13.527 4.036 3.143
13.502 4.036 3.143
13.477 4.036 3.143
13.452 4.036 3.143
13.427 4.036 3.143
13.402 4.036 3.143
13.377 4.036 3.143
13.352 4.036 3.143
13.327 4.036 3.144
13.302 4.036 3.144
13.277 4.036 3.144
13.252 4.036 3.144
13.227 4.036 3.144
13.202 4.036 3.144
13.177 4.036 3.144
13.152 4.036 3.144
13.127 4.036 3.144
13.102 4.036 3.145
13.077 4.036 3.145
13.052 4.036 3.145
13.027 4.036 3.145
13.002 4.036 3.145
12.977 4.036 3.145
12.952 4.036 3.145
12.927 4.036 3.145
12.902 4.036 3.145
12.877 4.036 3.145
12.852 4.036 3.145
12.827 4.036 3.145
12.802 4.036 3.145
12.777 4.036 3.145
12.752 4.036 3.146
12.727 4.036 3.146
12.702 4.036 3.146
12.676 4.036 3.146
12.651 4.036 3.146
12.626 4.036 3.146
12.601 4.036 3.146
12.576 4.036 3.146
12.551 4.036 3.146
12.526 4.036 3.146
12.501 4.036 3.146
12.476 4.036 3.146
12.451 4.036 3.146
12.426 4.036 3.146
12.401 4.036 3.146
12.376 4.036 3.146
12.351 4.036 3.146
12.326 4.037 3.146
12.301 4.037 3.146
12.276 4.037 3.146
12.251 4.037 3.146
12.226 4.037 3.146
12.201 4.037 3.146
12.176 4.037 3.146
12.151 4.037 3.146
12.126 4.037 3.146
12.101 4.037 3.146
12.076 4.036 3.146
12.051 4.036 3.146
12.026 4.036 3.146
12.001 4.035 3.146
11.976 4.035 3.146
11.951 4.034 3.145
11.926 4.033 3.145
11.901 4.033 3.145
11.876 4.032 3.145
11.851 4.031 3.145
11.826 4.030 3.145
11.801 4.030 3.145
11.776 4.029 3.145
11.751 4.028 3.145
11.726 4.027 3.145
11.701 4.027 3.145
11.676 4.026 3.145
11.651 4.026 3.145
11.626 4.025 3.144
11.601 4.025 3.144
11.576 4.025 3.144
11.551 4.025 3.144
11.526 4.025 3.144
11.501 4.025 3.144
11.476 4.025 3.144
11.451 4.025 3.144
11.425 4.025 3.144
11.400 4.025 3.144
11.375 4.025 3.143
11.350 4.025 3.143
11.325 4.026 3.143
11.300 4.026 3.143
11.275 4.026 3.143
11.250 4.026 3.143
11.225 4.026 3.143
11.200 4.027 3.143
11.175 4.027 3.142
11.150 4.027 3.142
11.125 4.027 3.142
11.100 4.027 3.142
11.075 4.027 3.142
11.050 4.027 3.142
11.025 4.027 3.142
11.000 4.027 3.142
10.975 4.027 3.142
10.950 4.027 3.141
10.925 4.026 3.141
10.900 4.026 3.141
10.900 4.026 3.141
10.875 4.027 3.141
10.850 4.028 3.141
10.825 4.029 3.141
10.800 4.030 3.141
10.775 4.031 3.141
10.750 4.032 3.141
10.725 4.033 3.140
10.700 4.033 3.140
10.675 4.034 3.140
10.650 4.034 3.140
10.625 4.035 3.140
10.600 4.035 3.140
10.575 4.035 3.140
10.550 4.036 3.140
10.525 4.036 3.140
10.500 4.036 3.140
10.475 4.036 3.140
10.450 4.036 3.140
10.425 4.036 3.140
10.400 4.036 3.140
10.375 4.036 3.139
10.350 4.036 3.139
10.325 4.036 3.139
10.300 4.036 3.139
10.275 4.036 3.139
10.250 4.036 3.139
10.225 4.036 3.139
10.200 4.036 3.139
10.175 4.036 3.139
10.150 4.036 3.139
10.125 4.036 3.139
10.100 4.036 3.139
10.075 4.036 3.139
10.050 4.036 3.139
10.025 4.036 3.139
10.000 4.036 3.139
9.975 4.036 3.139
9.950 4.036 3.139
9.925 4.036 3.139
9.900 4.036 3.138
9.875 4.036 3.138
9.850 4.036 3.138
9.825 4.036 3.138
9.800 4.036 3.138
9.775 4.036 3.138
9.750 4.036 3.138
9.725 4.036 3.138
9.700 4.036 3.138
9.675 4.036 3.138
9.650 4.036 3.139
9.625 4.036 3.140
9.600 4.036 3.140
9.575 4.036 3.140
9.467 4.036 3.139
9.450 4.036 3.137
9.433 4.036 3.136
9.417 4.036 3.136
9.400 4.036 3.136
9.383 4.036 3.137
9.367 4.036 3.137
9.350 4.036 3.137
9.333 4.036 3.137
9.317 4.036 3.137
9.300 4.036 3.137
9.283 4.036 3.137
9.267 4.036 3.137
9.250 4.036 3.137
9.233 4.036 3.137
9.217 4.036 3.137
9.200 4.036 3.137
9.183 4.036 3.137
9.167 4.036 3.137
9.150 4.036 3.137
9.133 4.036 3.137
9.117 4.036 3.137
9.100 4.036 3.137
9.083 4.036 3.137
9.067 4.036 3.137
9.050 4.036 3.137
9.033 4.036 3.137
9.017 4.036 3.137
9.000 4.036 3.137
8.983 4.036 3.137
8.967 4.036 3.137
8.950 4.036 3.137
8.933 4.036 3.138
8.917 4.036 3.138
8.900 4.036 3.138
8.883 4.036 3.138
8.867 4.036 3.138
8.850 4.036 3.138
8.833 4.036 3.138
8.817 4.036 3.137
8.800 4.036 3.137
8.783 4.036 3.136
8.767 4.036 3.135
8.750 4.036 3.135
8.733 4.036 3.136
8.717 4.036 3.138
8.750 4.036 3.139
8.725 4.036 3.139
8.700 4.036 3.139
8.675 4.036 3.139
8.650 4.036 3.139
8.625 4.036 3.139
8.600 4.036 3.139
8.575 4.036 3.139
8.550 4.036 3.140
8.525 4.036 3.140
8.500 4.036 3.140
8.475 4.036 3.140
8.450 4.036 3.140
8.425 4.036 3.140
8.400 4.036 3.140
8.375 4.036 3.140
8.350 4.036 3.140
8.325 4.036 3.140
8.300 4.036 3.140
8.275 4.036 3.140
8.250 4.036 3.140
8.225 4.036 3.140
8.200 4.036 3.140
8.175 4.036 3.140
8.150 4.036 3.140
8.125 4.036 3.140
8.100 4.036 3.140
8.075 4.036 3.140
8.050 4.036 3.140
8.025 4.036 3.140
8.000 4.036 3.140
7.975 4.036 3.140
7.950 4.036 3.140
7.925 4.036 3.140
7.900 4.036 3.140
7.875 4.036 3.140
7.850 4.036 3.140
7.825 4.036 3.140
7.800 4.036 3.140
7.775 4.036 3.140
7.750 4.036 3.140
7.725 4.036 3.140
7.700 4.036 3.140
7.675 4.036 3.140
7.650 4.036 3.140
7.625 4.036 3.140
7.600 4.036 3.140
7.575 4.036 3.140
7.550 4.036 3.140
7.525 4.036 3.140
7.500 4.036 3.140
7.475 4.036 3.140
7.450 4.036 3.140
7.425 4.036 3.140
7.400 4.036 3.140
7.375 4.036 3.140
7.350 4.036 3.140
7.325 4.037 3.140
7.300 4.037 3.140
7.275 4.037 3.140
7.250 4.037 3.140
7.225 4.037 3.140
7.200 4.037 3.140
7.175 4.037 3.140
7.150 4.038 3.140
7.125 4.038 3.140
7.100 4.038 3.140
7.075 4.038 3.140
7.050 4.038 3.140
7.025 4.039 3.140
7.000 4.039 3.140
6.975 4.039 3.140
6.950 4.039 3.140
6.925 4.040 3.140
6.900 4.040 3.140
6.875 4.040 3.140
6.850 4.040 3.140
6.825 4.041 3.140
6.800 4.041 3.139
6.775 4.041 3.139
6.750 4.041 3.139
6.725 4.042 3.139
6.700 4.042 3.139
6.675 4.042 3.139
6.650 4.042 3.139
6.625 4.042 3.139
6.600 4.043 3.139
6.575 4.043 3.139
6.550 4.043 3.139
6.525 4.043 3.139
6.500 4.044 3.139
6.475 4.044 3.139
6.450 4.044 3.139
6.425 4.044 3.139
6.400 4.044 3.139
6.375 4.045 3.139
6.350 4.045 3.139
6.325 4.045 3.139
6.300 4.045 3.139
6.275 4.045 3.139
6.250 4.045 3.139
6.225 4.046 3.139
6.200 4.046 3.139
6.175 4.046 3.139
6.150 4.046 3.138
6.125 4.046 3.138
6.100 4.046 3.138
6.075 4.046 3.138
6.050 4.046 3.138
6.025 4.046 3.138
6.000 4.046 3.138
5.975 4.046 3.138
5.950 4.046 3.138
5.925 4.046 3.138
5.900 4.046 3.138
5.875 4.046 3.138
5.850 4.046 3.138
5.825 4.046 3.138
5.800 4.046 3.138
5.775 4.046 3.138
5.750 4.046 3.138
5.725 4.046 3.138
5.700 4.046 3.138
5.675 4.046 3.138
5.650 4.046 3.138
5.625 4.046 3.138
5.600 4.046 3.138
5.575 4.046 3.138
5.550 4.046 3.138
5.525 4.046 3.138
5.500 4.046 3.138
5.475 4.046 3.138
5.450 4.046 3.138
5.425 4.046 3.138
5.400 4.046 3.138
5.375 4.046 3.138
5.350 4.046 3.138
5.325 4.046 3.138
5.300 4.046 3.138
5.275 4.046 3.138
5.250 4.046 3.138
5.225 4.046 3.139
5.200 4.046 3.139
5.175 4.046 3.139
5.150 4.046 3.139
5.125 4.046 3.139
5.100 4.046 3.139
5.075 4.046 3.139
5.050 4.046 3.139
5.025 4.046 3.139
5.000 4.046 3.139
4.975 4.046 3.139
4.950 4.046 3.139
4.925 4.046 3.139
4.900 4.046 3.139
4.875 4.046 3.139
4.850 4.046 3.139
4.825 4.046 3.139
4.800 4.046 3.139
4.775 4.046 3.139
4.750 4.046 3.139
4.725 4.046 3.139
4.700 4.046 3.140
4.675 4.046 3.140
4.650 4.046 3.140
4.625 4.046 3.140
4.600 4.046 3.140
4.575 4.046 3.140
4.550 4.046 3.140
4.525 4.046 3.140
4.500 4.046 3.140
4.475 4.046 3.140
4.450 4.046 3.140
4.425 4.046 3.140
4.400 4.046 3.140
4.375 4.046 3.140
4.350 4.046 3.141
4.325 4.046 3.141
4.300 4.046 3.141
4.275 4.046 3.141
4.250 4.046 3.141
4.225 4.046 3.141
4.200 4.046 3.141
4.175 4.046 3.141
4.150 4.046 3.141
4.125 4.046 3.141
4.100 4.046 3.142
4.075 4.046 3.142
4.050 4.046 3.142
4.025 4.046 3.142
4.000 4.046 3.142
3.975 4.046 3.142
3.950 4.046 3.142
3.925 4.046 3.142
3.900 4.046 3.142
3.875 4.046 3.143
3.850 4.046 3.143
3.825 4.046 3.143
3.800 4.046 3.143
3.775 4.046 3.143
3.750 4.046 3.143
3.725 4.046 3.143
3.700 4.046 3.143
3.675 4.046 3.144
3.650 4.046 3.144
3.625 4.046 3.144
3.600 4.046 3.144
3.575 4.046 3.144
3.550 4.046 3.144
3.525 4.046 3.144
3.500 4.046 3.144
3.475 4.046 3.144
3.450 4.046 3.144
3.425 4.046 3.144
3.400 4.046 3.144
3.375 4.046 3.144
3.350 4.046 3.144
3.325 4.046 3.144
3.300 4.046 3.144
3.275 4.046 3.144
3.250 4.046 3.144
3.225 4.046 3.144
3.200 4.046 3.144
3.175 4.046 3.144
3.150 4.046 3.144
3.125 4.046 3.144
3.100 4.046 3.144
3.075 4.046 3.144
3.050 4.046 3.144
3.025 4.046 3.144
3.000 4.046 3.144
2.975 4.046 3.144
2.950 4.046 3.144
2.925 4.046 3.144
2.900 4.046 3.143
2.875 4.046 3.143
2.850 4.046 3.143
2.825 4.046 3.143
2.800 4.046 3.143
2.775 4.046 3.143
2.750 4.046 3.142
2.725 4.046 3.142
2.700 4.046 3.142
2.675 4.046 3.142
2.650 4.046 3.142
2.625 4.046 3.142
2.600 4.046 3.141
2.575 4.046 3.141
2.550 4.046 3.141
2.525 4.046 3.141
2.500 4.046 3.140
2.475 4.046 3.140
2.450 4.046 3.140
2.425 4.046 3.139
2.400 4.046 3.139
2.375 4.046 3.139
2.350 4.046 3.139
2.325 4.046 3.138
2.300 4.046 3.138
2.275 4.046 3.138
2.250 4.046 3.137
2.225 4.046 3.137
2.200 4.046 3.137
2.175 4.046 3.137
2.150 4.046 3.136
2.125 4.046 3.136
2.100 4.046 3.136
2.075 4.046 3.136
2.050 4.046 3.135
2.025 4.046 3.135
2.000 4.046 3.135
1.975 4.046 3.135
1.950 4.046 3.135
1.925 4.046 3.134
1.900 4.046 3.134
1.875 4.046 3.134
1.850 4.046 3.134
1.825 4.046 3.134
1.800 4.046 3.133
1.775 4.046 3.133
1.750 4.046 3.133
1.725 4.046 3.133
1.700 4.046 3.133
1.675 4.046 3.132
1.650 4.046 3.133
1.625 4.046 3.134
1.600 4.046 3.136
1.575 4.046 3.140
1.550 4.046 3.144
1.550 4.046 3.149
1.527 4.048 3.155
1.504 4.050 3.162
1.480 4.052 3.170
1.455 4.053 3.178
1.430 4.053 3.187
1.405 4.053 3.196
1.379 4.052 3.206
1.352 4.051 3.216
1.326 4.049 3.227
1.299 4.047 3.238
1.272 4.044 3.250
1.244 4.041 3.263
1.216 4.037 3.276
1.188 4.033 3.291
1.160 4.028 3.306
1.132 4.023 3.322
1.104 4.017 3.340
1.076 4.010 3.358
1.048 4.004 3.378
1.019 3.996 3.399
0.991 3.989 3.420
0.963 3.980 3.442
0.935 3.971 3.464
0.908 3.962 3.485
0.880 3.953 3.507
0.853 3.942 3.529
0.826 3.932 3.551
0.799 3.920 3.572
0.773 3.909 3.594
0.747 3.897 3.616
0.722 3.884 3.638
0.697 3.871 3.660
0.672 3.858 3.682
0.648 3.844 3.704
0.625 3.829 3.727
0.602 3.814 3.752
0.580 3.799 3.779
0.559 3.783 3.808
0.538 3.767 3.840
0.518 3.750 3.874
0.499 3.733 3.912
0.480 3.716 3.953
0.463 3.698 3.997
0.446 3.679 4.046
0.430 3.660 4.100
0.415 3.641 4.158
0.402 3.621 4.222
0.389 3.601 4.286
0.377 3.580 4.348
0.367 3.559 4.407
0.357 3.538 4.461
0.349 3.516 4.510
0.342 3.494 4.555
0.336 3.471 4.595
0.332 3.448 4.630
0.329 3.424 4.660
0.327 3.400 4.685
0.326 3.376 4.706
0.326 3.351 4.722
0.327 3.326 4.735
0.329 3.301 4.743
0.331 3.276 4.748
0.334 3.251 4.753
0.337 3.225 4.757
0.340 3.199 4.760
0.343 3.174 4.762
0.346 3.148 4.763
0.349 3.122 4.764
0.351 3.096 4.764
0.353 3.071 4.763
0.354 3.046 4.762
0.355 3.020 4.759
0.355 2.995 4.756
0.356 2.970 4.753
0.355 2.944 4.748
0.355 2.919 4.744
0.355 2.894 4.740
0.354 2.869 4.736
0.353 2.844 4.733
0.353 2.819 4.729
0.352 2.794 4.725
0.351 2.769 4.722
0.350 2.744 4.718
0.350 2.719 4.715
0.349 2.694 4.712
0.349 2.669 4.709
0.349 2.644 4.706
0.349 2.618 4.703
0.349 2.593 4.700
0.349 2.568 4.698
0.349 2.543 4.695
0.350 2.518 4.693
0.350 2.493 4.691
0.350 2.467 4.689
0.350 2.442 4.687
0.350 2.417 4.685
0.350 2.392 4.684
0.350 2.366 4.682
0.350 2.341 4.681
0.350 2.316 4.679
0.349 2.291 4.678
0.349 2.266 4.677
0.348 2.240 4.677
0.348 2.215 4.677
0.347 2.190 4.677
0.346 2.165 4.677
0.346 2.140 4.678
0.345 2.115 4.679
0.344 2.089 4.681
0.343 2.064 4.682
0.342 2.039 4.685
0.341 2.014 4.687
0.341 1.989 4.690
0.340 1.964 4.693
0.339 1.939 4.697
0.339 1.913 4.702
0.338 1.888 4.707
0.337 1.863 4.712
0.337 1.838 4.718
0.337 1.813 4.724
0.337 1.788 4.731
0.336 1.762 4.738
0.336 1.737 4.746
0.337 1.712 4.754
0.337 1.687 4.762
0.337 1.662 4.770
0.338 1.636 4.779
0.339 1.611 4.787
0.340 1.586 4.795
0.340 1.586 4.802
0.343 1.562 4.809
0.347 1.538 4.815
0.350 1.514 4.820
0.353 1.490 4.825
0.356 1.465 4.830
0.359 1.440 4.834
0.362 1.415 4.838
0.365 1.390 4.841
0.368 1.365 4.844
0.372 1.340 4.846
0.375 1.315 4.848
0.378 1.289 4.851
0.382 1.264 4.857
0.386 1.239 4.865
0.390 1.213 4.876
0.395 1.188 4.890
0.400 1.163 4.906
0.405 1.138 4.926
0.411 1.113 4.948
0.417 1.089 4.973
0.424 1.064 5.001
0.431 1.040 5.031
0.438 1.016 5.064
0.447 0.992 5.100
0.455 0.969 5.136
0.465 0.946 5.171
0.475 0.923 5.205
0.486 0.900 5.238
0.497 0.878 5.270
0.510 0.857 5.301
0.523 0.836 5.331
0.537 0.815 5.360
0.551 0.794 5.389
0.566 0.775 5.416
0.582 0.755 5.443
0.599 0.736 5.469
0.616 0.718 5.494
0.634 0.699 5.519
0.652 0.682 5.543
0.671 0.665 5.567
0.690 0.648 5.590
0.710 0.632 5.613
0.729 0.616 5.635
0.750 0.601 5.658
0.770 0.586 5.680
0.791 0.571 5.702
0.812 0.558 5.723
0.834 0.544 5.745
0.855 0.531 5.767
0.877 0.519 5.789
0.899 0.507 5.811
0.921 0.495 5.832
0.944 0.484 5.854
0.966 0.473 5.875
0.989 0.463 5.896
1.012 0.453 5.917
1.036 0.443 5.938
1.059 0.434 5.958
1.083 0.426 5.978
1.106 0.417 5.998
1.130 0.409 6.018
1.154 0.402 6.037
1.179 0.395 6.056
1.203 0.388 6.074
1.227 0.382 6.093
1.252 0.376 6.110
1.277 0.371 6.128
1.301 0.366 6.145
1.326 0.362 6.161
1.351 0.358 6.177
1.376 0.354 6.193
1.401 0.351 6.209
1.426 0.349 6.224
1.451 0.347 6.238
1.476 0.346 6.252
1.501 0.346 6.266
1.526 0.345 6.279
1.551 0.346 6.292
1.576 0.347 6.304
1.601 0.348 6.315
1.626 0.350 6.325
1.650 0.351 6.335
1.675 0.354 6.343
1.700 0.356 6.351
1.725 0.359 6.359
1.750 0.362 6.365
1.775 0.365 6.371
1.800 0.368 6.376
1.825 0.371 6.380
1.850 0.375 6.384
1.875 0.378 6.386
1.900 0.381 6.388
1.925 0.384 6.390
1.950 0.387 6.390
1.975 0.390 6.390
2.000 0.393 6.389
2.025 0.395 6.388
2.050 0.397 6.386
2.075 0.400 6.383
2.100 0.402 6.379
2.125 0.404 6.375
2.150 0.405 6.369
2.175 0.407 6.364
2.200 0.408 6.357
2.225 0.410 6.351
2.250 0.411 6.345
2.275 0.412 6.340
2.300 0.413 6.334
2.325 0.414 6.329
2.350 0.415 6.323
2.376 0.415 6.318
2.401 0.416 6.313
2.426 0.416 6.308
2.451 0.417 6.303
2.476 0.417 6.299
2.501 0.417 6.294
2.526 0.417 6.290
2.551 0.417 6.286
2.576 0.417 6.282
2.601 0.417 6.278
2.626 0.417 6.274
2.651 0.416 6.271
2.676 0.416 6.267
2.701 0.416 6.264
2.727 0.415 6.261
2.752 0.414 6.258
2.777 0.414 6.255
2.802 0.413 6.253
2.827 0.412 6.250
2.852 0.412 6.248
2.877 0.411 6.246
2.902 0.410 6.244
2.927 0.409 6.242
2.952 0.408 6.240
2.977 0.407 6.239
3.003 0.406 6.237
3.028 0.405 6.236
3.053 0.404 6.235
3.078 0.403 6.234
3.103 0.401 6.233
3.128 0.400 6.233
3.153 0.399 6.232
3.178 0.398 6.232
3.203 0.397 6.232
3.228 0.396 6.232
3.253 0.395 6.232
3.279 0.393 6.232
3.304 0.392 6.233
3.329 0.391 6.233
3.354 0.390 6.234
3.379 0.389 6.235
3.404 0.388 6.236
3.429 0.387 6.237
3.454 0.386 6.239
3.479 0.385 6.241
3.504 0.384 6.242
3.529 0.383 6.244
3.554 0.382 6.246
3.579 0.381 6.248
3.605 0.380 6.250
3.630 0.380 6.252
3.655 0.379 6.254
3.680 0.378 6.255
3.705 0.378 6.257
3.730 0.377 6.259
3.755 0.377 6.260
3.780 0.377 6.262
3.805 0.376 6.264
3.830 0.376 6.265
3.830 0.376 6.267
3.855 0.376 6.268
3.880 0.376 6.270
3.905 0.376 6.271
3.930 0.376 6.273
3.955 0.376 6.274
3.980 0.376 6.275
4.005 0.376 6.277
4.030 0.376 6.278
4.055 0.376 6.279
4.080 0.376 6.281
4.105 0.376 6.282
4.130 0.376 6.283
4.155 0.376 6.284
4.180 0.376 6.285
4.205 0.376 6.286
4.230 0.376 6.287
4.255 0.376 6.288
4.280 0.376 6.289
4.305 0.376 6.290
4.330 0.376 6.291
4.355 0.376 6.291
4.380 0.376 6.292
4.405 0.376 6.293
4.430 0.376 6.293
4.455 0.376 6.294
4.480 0.376 6.295
4.505 0.376 6.295
4.530 0.376 6.296
4.555 0.376 6.296
4.580 0.376 6.297
4.605 0.376 6.297
4.631 0.376 6.297
4.656 0.376 6.298
4.681 0.376 6.298
4.706 0.376 6.298
4.731 0.376 6.299
4.756 0.376 6.299
4.781 0.376 6.299
4.806 0.376 6.299
4.831 0.376 6.299
4.856 0.376 6.299
4.881 0.376 6.299
4.906 0.376 6.299
4.931 0.376 6.298
4.956 0.376 6.298
4.981 0.376 6.297
5.006 0.376 6.296
5.031 0.376 6.294
5.056 0.376 6.293
5.081 0.376 6.291
5.106 0.376 6.289
5.131 0.376 6.287
5.156 0.375 6.285
5.181 0.375 6.283
5.206 0.375 6.280
5.231 0.375 6.277
5.256 0.376 6.274
5.281 0.376 6.271
5.306 0.376 6.268
5.331 0.376 6.264
5.356 0.376 6.260
5.381 0.376 6.256
5.406 0.377 6.252
5.431 0.377 6.248
5.456 0.377 6.244
5.481 0.378 6.239
5.506 0.378 6.234
5.531 0.378 6.230
5.556 0.378 6.228
5.581 0.378 6.227
5.606 0.378 6.227
5.631 0.378 6.229
5.656 0.378 6.232
5.681 0.377 6.237
5.706 0.376 6.243
5.731 0.376 6.250
5.757 0.375 6.260
5.782 0.374 6.270
5.807 0.372 6.282
5.832 0.371 6.296
5.858 0.371 6.311
5.883 0.370 6.328
5.908 0.370 6.346
5.933 0.370 6.366
5.958 0.370 6.387
5.983 0.371 6.411
6.008 0.373 6.435
6.033 0.375 6.461
6.057 0.378 6.489
6.082 0.382 6.518
6.106 0.387 6.549
6.130 0.393 6.581
6.154 0.400 6.614
6.178 0.408 6.649
6.201 0.416 6.683
6.224 0.426 6.717
6.247 0.436 6.750
6.270 0.448 6.783
6.292 0.460 6.816
6.314 0.472 6.848
6.336 0.486 6.881
6.357 0.500 6.913
6.378 0.515 6.946
6.398 0.531 6.979
6.418 0.547 7.013
6.438 0.564 7.047
6.457 0.581 7.082
6.475 0.599 7.117
6.493 0.618 7.153
6.510 0.637 7.189
6.527 0.657 7.225
6.543 0.677 7.261
6.558 0.697 7.298
6.572 0.718 7.334
6.586 0.740 7.371
6.599 0.761 7.407
6.610 0.784 7.444
6.621 0.806 7.482
6.631 0.829 7.519
6.640 0.852 7.557
6.647 0.876 7.595
6.654 0.900 7.633
6.659 0.924 7.669
6.663 0.948 7.702
6.667 0.973 7.734
6.669 0.997 7.764
6.671 1.022 7.791
6.671 1.047 7.817
6.672 1.073 7.840
6.671 1.098 7.862
6.671 1.123 7.881
6.669 1.149 7.899
6.668 1.174 7.914
6.666 1.199 7.928
6.664 1.225 7.940
6.661 1.250 7.950
6.659 1.276 7.958
6.657 1.301 7.965
6.655 1.326 7.970
6.652 1.351 7.973
6.650 1.376 7.974
6.648 1.401 7.974
6.646 1.426 7.972
6.644 1.451 7.968
6.642 1.476 7.963
6.640 1.500 7.955
6.638 1.525 7.946
6.636 1.550 7.937
6.635 1.575 7.928
6.633 1.600 7.919
6.631 1.625 7.910
6.630 1.649 7.902
6.628 1.674 7.895
6.627 1.699 7.887
6.626 1.724 7.880
6.625 1.749 7.874
6.624 1.774 7.868
6.623 1.799 7.862
6.622 1.824 7.857
6.622 1.849 7.852
6.621 1.874 7.848
6.621 1.899 7.844
6.620 1.924 7.841
6.620 1.949 7.838
6.620 1.975 7.835
6.620 2.000 7.833
6.620 2.025 7.831
6.620 2.050 7.830
6.621 2.075 7.829
6.621 2.100 7.829
6.622 2.125 7.829
6.622 2.150 7.830
6.623 2.175 7.830
6.624 2.200 7.832
6.624 2.225 7.833
6.625 2.250 7.835
6.626 2.275 7.837
6.627 2.300 7.838
6.628 2.325 7.840
6.628 2.350 7.842
6.629 2.375 7.843
6.630 2.400 7.845
6.631 2.425 7.847
6.631 2.450 7.849
6.632 2.475 7.850
6.632 2.500 7.852
6.633 2.525 7.854
6.633 2.550 7.856
6.633 2.575 7.857
6.633 2.600 7.859
6.633 2.625 7.861
6.633 2.650 7.863
6.633 2.675 7.865
6.633 2.700 7.866
6.632 2.725 7.868
6.631 2.750 7.870
6.630 2.775 7.872
6.629 2.800 7.874
6.628 2.825 7.875
6.627 2.850 7.877
6.626 2.875 7.879
6.624 2.899 7.880
6.623 2.924 7.881
6.621 2.949 7.880
6.620 2.974 7.878
6.619 2.999 7.876
6.618 3.024 7.872
6.618 3.049 7.867
6.618 3.074 7.862
6.618 3.099 7.855
6.618 3.125 7.847
6.619 3.150 7.838
6.621 3.175 7.829
6.622 3.201 7.818
6.625 3.226 7.806
6.627 3.252 7.797
6.629 3.277 7.795
6.631 3.303 7.800
6.633 3.328 7.812
6.634 3.354 7.831
6.635 3.379 7.858
6.635 3.404 7.893
6.634 3.429 7.935
6.631 3.454 7.984
6.628 3.478 8.041
6.623 3.502 8.104
6.617 3.526 8.173
6.609 3.550 8.247
6.599 3.573 8.314
6.587 3.596 8.365
6.575 3.619 8.401
6.561 3.641 8.425
6.547 3.664 8.436
6.533 3.686 8.435
6.519 3.708 8.422
6.505 3.730 8.397
6.492 3.751 8.357
6.480 3.773 8.301
6.470 3.795 8.226
6.461 3.817 8.131
6.454 3.839 8.014
6.449 3.861 7.889
6.447 3.883 7.775
6.447 3.905 7.675
6.450 3.928 7.589
6.454 3.950 7.518
6.460 3.973 7.461
6.467 3.996 7.416
6.476 4.019 7.383
6.487 4.042 7.360
6.498 4.065 7.347
6.510 4.088 7.343
6.522 4.112 7.348
6.535 4.135 7.361
6.548 4.159 7.380
6.561 4.183 7.400
6.574 4.207 7.423
6.587 4.231 7.447
6.599 4.255 7.473
6.611 4.279 7.500
6.621 4.303 7.530
6.631 4.328 7.562
6.639 4.352 7.596
6.646 4.377 7.633
6.651 4.401 7.671
6.655 4.426 7.712
6.657 4.451 7.754
6.659 4.476 7.799
6.660 4.501 7.842
6.660 4.526 7.880
6.659 4.551 7.912
6.657 4.576 7.939
6.655 4.601 7.961
6.653 4.626 7.978
6.650 4.651 7.989
6.647 4.677 7.995
6.644 4.702 7.996
6.641 4.727 7.992
6.638 4.752 7.983
6.636 4.778 7.969
6.633 4.803 7.950
6.631 4.828 7.928
6.629 4.853 7.905
6.628 4.879 7.882
6.627 4.904 7.859
6.627 4.929 7.836
6.627 4.954 7.812
6.627 4.979 7.788
6.628 5.004 7.764
6.629 5.029 7.739
6.632 5.053 7.714
6.634 5.078 7.689
6.638 5.103 7.664
6.642 5.127 7.638
6.647 5.152 7.612
6.653 5.176 7.586
6.659 5.200 7.559
6.666 5.224 7.532
6.674 5.248 7.505
6.682 5.272 7.478
6.691 5.295 7.451
6.701 5.319 7.424
6.711 5.342 7.396
6.722 5.364 7.369
6.733 5.387 7.341
6.746 5.409 7.313
6.758 5.431 7.286
6.772 5.453 7.260
6.785 5.474 7.239
6.800 5.495 7.223
6.815 5.516 7.210
6.830 5.537 7.202
6.845 5.557 7.198
6.861 5.577 7.198
6.876 5.597 7.202
6.892 5.617 7.210
6.907 5.637 7.223
6.922 5.657 7.240
6.937 5.677 7.262
6.951 5.698 7.289
6.965 5.718 7.321
6.978 5.738 7.357
6.991 5.759 7.397
7.002 5.780 7.440
7.013 5.801 7.486
7.022 5.823 7.535
7.031 5.845 7.586
7.038 5.868 7.640
7.044 5.891 7.696
7.049 5.914 7.753
7.052 5.938 7.810
7.053 5.963 7.869
7.053 5.988 7.926
7.051 6.014 7.983
7.047 6.041 8.030
7.041 6.068 8.061
7.033 6.097 8.076
7.023 6.126 8.077
7.010 6.156 8.064
7.010 6.156 8.035
7.013 6.180 7.989
7.015 6.204 7.940
7.016 6.229 7.907
7.016 6.253 7.891
7.015 6.278 7.895
7.013 6.303 7.918
7.010 6.329 7.958
7.006 6.354 8.005
7.001 6.379 8.049
6.995 6.404 8.091
6.989 6.429 8.131
6.981 6.454 8.170
6.973 6.479 8.208
6.964 6.504 8.246
6.954 6.528 8.284
6.943 6.552 8.322
6.931 6.575 8.361
6.919 6.598 8.402
6.905 6.621 8.444
6.891 6.642 8.489
6.877 6.664 8.534
6.861 6.684 8.579
6.845 6.704 8.625
6.828 6.723 8.670
6.811 6.741 8.715
6.792 6.759 8.759
6.773 6.775 8.803
6.754 6.791 8.847
6.734 6.805 8.890
6.713 6.819 8.934
6.691 6.831 8.976
6.669 6.842 9.018
6.647 6.852 9.060
6.624 6.861 9.102
6.600 6.869 9.141
6.576 6.876 9.177
6.552 6.883 9.209
6.527 6.888 9.237
6.503 6.893 9.262
6.477 6.898 9.284
6.452 6.902 9.302
6.427 6.905 9.316
6.401 6.908 9.327
6.376 6.911 9.335
6.350 6.914 9.340
6.324 6.917 9.341
6.299 6.919 9.339
6.273 6.921 9.336
6.248 6.923 9.335
6.223 6.925 9.336
6.198 6.927 9.339
6.172 6.929 9.344
6.147 6.931 9.350
6.122 6.932 9.359
6.097 6.933 9.369
6.072 6.934 9.382
6.048 6.935 9.396
6.023 6.936 9.412
5.998 6.936 9.429
5.973 6.936 9.449
5.949 6.936 9.470
5.924 6.936 9.491
5.900 6.935 9.510
5.875 6.934 9.528
5.851 6.932 9.543
5.826 6.931 9.556
5.801 6.928 9.568
5.776 6.926 9.577
5.750 6.922 9.585
5.724 6.918 9.591
5.698 6.914 9.595
5.672 6.909 9.598
5.645 6.903 9.599
5.618 6.898 9.598
5.591 6.892 9.593
5.564 6.887 9.583
5.537 6.881 9.568
5.510 6.877 9.546
5.484 6.873 9.517
5.458 6.870 9.481
5.433 6.868 9.437
5.409 6.867 9.382
5.385 6.867 9.317
5.363 6.869 9.239
5.341 6.873 9.147
5.321 6.879 9.041
5.302 6.887 8.922
5.284 6.897 8.791
5.268 6.909 8.663
5.253 6.923 8.548
5.239 6.939 8.448
5.226 6.957 8.362
5.214 6.976 8.289
5.203 6.996 8.227
5.193 7.018 8.174
5.184 7.042 8.129
5.176 7.066 8.091
5.169 7.091 8.059
5.163 7.118 8.032
5.157 7.145 8.009
5.152 7.173 7.991
5.148 7.201 7.975
5.144 7.230 7.960
5.141 7.260 7.946
5.138 7.289 7.933
5.136 7.319 7.921
5.134 7.349 7.909
5.133 7.379 7.899
5.132 7.409 7.889
5.131 7.438 7.880
5.131 7.467 7.872
5.130 7.495 7.864
5.130 7.523 7.857
5.130 7.551 7.850
5.130 7.577 7.844
5.130 7.603 7.841
5.130 7.629 7.840
5.130 7.654 7.841
5.130 7.679 7.841
5.130 7.792 7.833
5.130 7.808 7.820
5.130 7.824 7.816
5.130 7.840 7.813
5.130 7.856 7.813
5.130 7.873 7.816
5.130 7.889 7.821
5.130 7.905 7.830
5.130 7.921 7.840
5.129 7.938 7.849
5.129 7.954 7.858
5.129 7.970 7.866
5.128 7.987 7.874
5.128 8.004 7.881
5.127 8.020 7.888
5.126 8.037 7.895
5.126 8.054 7.904
5.125 8.070 7.916
5.124 8.087 7.935
5.123 8.104 7.966
5.122 8.121 8.031
5.121 8.137 8.244
5.120 8.154 8.596
5.119 8.171 8.212
5.122 8.122 8.043
5.120 8.147 7.989
5.119 8.173 7.967
5.117 8.198 7.962
5.114 8.223 7.967
5.112 8.248 7.976
5.109 8.274 7.986
5.106 8.299 7.995
5.103 8.324 8.005
5.100 8.349 8.014
5.096 8.374 8.023
5.092 8.399 8.032
5.088 8.423 8.041
5.084 8.448 8.051
5.079 8.473 8.060
5.074 8.497 8.070
5.069 8.522 8.080
5.063 8.546 8.090
5.058 8.571 8.100
5.051 8.595 8.111
5.045 8.619 8.121
5.038 8.643 8.132
5.031 8.667 8.142
5.023 8.691 8.153
5.016 8.715 8.164
5.007 8.738 8.175
4.999 8.762 8.187
4.990 8.786 8.198
4.981 8.809 8.209
4.972 8.832 8.221
4.963 8.856 8.233
4.953 8.879 8.244
4.943 8.902 8.256
4.933 8.925 8.268
4.922 8.948 8.280
4.912 8.971 8.292
4.901 8.994 8.304
4.890 9.016 8.316
4.879 9.039 8.328
4.868 9.061 8.340
4.856 9.084 8.352
4.845 9.106 8.364
4.833 9.128 8.376
4.821 9.150 8.387
4.808 9.172 8.399
4.796 9.194 8.410
4.783 9.215 8.422
4.769 9.236 8.433
4.756 9.258 8.444
4.742 9.279 8.456
4.728 9.299 8.467
4.714 9.320 8.478
4.700 9.340 8.489
4.685 9.361 8.500
4.670 9.381 8.511
4.654 9.400 8.522
4.639 9.420 8.533
4.623 9.439 8.544
4.607 9.459 8.555
4.590 9.478 8.566
4.574 9.496 8.577
4.557 9.515 8.588
4.540 9.534 8.599
4.522 9.552 8.610
4.505 9.570 8.621
4.488 9.588 8.632
4.470 9.606 8.643
4.452 9.624 8.654
4.434 9.641 8.665
4.416 9.659 8.677
4.398 9.676 8.688
4.379 9.693 8.699
4.361 9.710 8.710
4.342 9.727 8.722
4.323 9.744 8.733
4.304 9.760 8.745
4.285 9.776 8.757
4.266 9.792 8.769
4.246 9.808 8.780
4.226 9.823 8.792
4.207 9.839 8.804
4.187 9.854 8.817
4.166 9.869 8.829
4.146 9.883 8.841
4.125 9.898 8.854
4.105 9.912 8.867
4.084 9.925 8.879
4.063 9.939 8.892
4.041 9.952 8.906
4.020 9.965 8.919
3.998 9.977 8.932
3.976 9.990 8.946
3.954 10.001 8.959
3.932 10.013 8.973
3.909 10.024 8.986
3.886 10.035 9.000
3.863 10.046 9.013
3.840 10.056 9.026
3.840 10.056 9.039
3.817 10.066 9.052
3.793 10.075 9.065
3.769 10.084 9.078
3.746 10.093 9.090
3.722 10.101 9.103
3.698 10.109 9.115
3.674 10.117 9.127
3.650 10.124 9.139
3.626 10.131 9.150
3.602 10.138 9.162
3.578 10.144 9.173
3.553 10.150 9.184
3.529 10.156 9.195
3.505 10.161 9.206
3.480 10.166 9.216
3.455 10.171 9.226
3.431 10.175 9.236
3.406 10.180 9.246
3.381 10.184 9.255
3.357 10.188 9.264
3.332 10.191 9.274
3.307 10.195 9.283
3.282 10.198 9.293
3.257 10.201 9.303
3.232 10.204 9.313
3.207 10.206 9.323
3.182 10.209 9.333
3.157 10.211 9.344
3.132 10.213 9.355
3.107 10.215 9.366
3.082 10.217 9.377
3.057 10.219 9.388
3.031 10.221 9.400
3.006 10.222 9.412
2.981 10.223 9.425
2.956 10.224 9.438
2.931 10.225 9.451
2.906 10.225 9.465
2.880 10.225 9.479
2.855 10.225 9.494
2.830 10.224 9.509
2.805 10.223 9.524
2.780 10.222 9.540
2.755 10.220 9.557
2.730 10.217 9.574
2.706 10.214 9.592
2.681 10.211 9.609
2.656 10.207 9.623
2.631 10.203 9.633
2.607 10.198 9.640
2.582 10.193 9.500
2.558 10.188 9.508
2.448 10.161 9.817
2.432 10.157 9.806
2.416 10.153 9.795
2.400 10.149 9.784
2.383 10.145 9.773
2.367 10.140 9.762
2.351 10.136 9.750
2.335 10.132 9.738
2.319 10.128 9.725
2.303 10.124 9.713
2.286 10.120 9.701
2.270 10.116 9.690
2.254 10.112 9.679
2.238 10.108 9.668
2.221 10.104 9.658
2.205 10.100 9.648
2.189 10.096 9.638
2.173 10.093 9.629
2.156 10.089 9.621
2.140 10.086 9.612
2.124 10.082 9.604
2.107 10.079 9.596
2.091 10.076 9.588
2.075 10.073 9.580
2.058 10.070 9.572
2.042 10.067 9.564
2.025 10.064 9.556
2.009 10.062 9.548
1.992 10.059 9.540
1.976 10.057 9.532
1.959 10.055 9.524
1.943 10.053 9.517
1.926 10.051 9.510
1.909 10.049 9.503
1.893 10.048 9.497
1.876 10.046 9.492
1.859 10.045 9.488
1.843 10.044 9.485
1.826 10.042 9.484
1.809 10.042 9.483
1.793 10.041 9.483
1.776 10.040 9.482
1.759 10.039 9.477
1.742 10.039 9.469
1.726 10.038 9.461
1.709 10.038 9.453
1.743 10.039 9.447
1.718 10.038 9.443
1.693 10.037 9.441
1.668 10.037 9.440
1.643 10.036 9.440
1.618 10.036 9.441
1.593 10.036 9.443
1.569 10.036 9.447
1.544 10.036 9.451
1.519 10.036 9.455
1.495 10.036 9.461
1.470 10.035 9.467
1.445 10.035 9.474
1.420 10.034 9.483
1.395 10.033 9.492
1.370 10.032 9.502
1.345 10.031 9.513
1.319 10.029 9.525
1.293 10.026 9.538
1.266 10.023 9.551
1.239 10.020 9.565
1.212 10.016 9.580
1.185 10.011 9.595
1.157 10.006 9.611
1.129 10.001 9.627
1.102 9.995 9.644
1.074 9.989 9.661
1.045 9.982 9.678
1.017 9.974 9.696
0.989 9.966 9.713
0.961 9.958 9.731
0.933 9.949 9.749
0.905 9.939 9.767
0.878 9.930 9.785
0.850 9.919 9.804
0.823 9.909 9.823
0.796 9.897 9.843
0.770 9.886 9.864
0.744 9.873 9.885
0.718 9.861 9.907
0.693 9.848 9.931
0.668 9.834 9.955
0.643 9.820 9.981
0.620 9.806 10.008
0.596 9.791 10.036
0.574 9.775 10.067
0.552 9.760 10.099
0.531 9.743 10.133
0.511 9.727 10.169
0.491 9.710 10.207
0.472 9.692 10.249
0.454 9.674 10.292
0.437 9.656 10.339
0.421 9.637 10.389
0.406 9.618 10.440
0.392 9.598 10.492
0.379 9.578 10.543
0.368 9.558 10.593
0.357 9.537 10.643
0.347 9.515 10.692
0.339 9.494 10.739
0.332 9.472 10.785
0.326 9.449 10.830
0.322 9.426 10.873
0.319 9.403 10.914
0.318 9.380 10.954
0.317 9.356 10.992
0.318 9.331 11.028
0.320 9.307 11.061
0.322 9.282 11.088
0.326 9.257 11.109
0.329 9.231 11.125
0.333 9.206 11.136
0.337 9.181 11.142
0.341 9.155 11.143
0.345 9.130 11.140
0.348 9.104 11.131
0.351 9.079 11.118
0.353 9.053 11.100
0.354 9.028 11.077
0.355 9.003 11.048
0.356 8.977 11.019
0.356 8.952 10.993
0.355 8.927 10.969
0.354 8.902 10.949
0.353 8.877 10.931
0.352 8.852 10.916
0.350 8.827 10.904
0.348 8.802 10.895
0.346 8.777 10.889
0.344 8.752 10.886
0.342 8.727 10.885
0.340 8.702 10.888
0.338 8.678 10.893
0.336 8.653 10.902
0.334 8.628 10.913
0.332 8.603 10.927
0.331 8.578 10.945
0.329 8.553 10.965
0.329 8.528 10.988
0.328 8.503 11.015
0.328 8.478 11.044
0.329 8.453 11.076
0.330 8.427 11.111
0.331 8.402 11.149
0.334 8.377 11.189
0.336 8.351 11.232
0.340 8.326 11.232
0.340 8.326 11.232
0.340 8.326 11.232
0.340 8.326 11.232
0.340 8.326 11.232
0.340 8.326 11.232
0.340 8.326 11.232
0.340 8.326 11.232
0.340 8.326 11.232
0.340 8.326 11.232
0.340 8.326 11.232
0.340 8.326 11.232
0.340 8.326 11.232
0.340 8.326 11.232
0.340 8.326 11.232
0.340 8.326 11.232
0.340 8.326 11.232
0.340 8.326 11.232
0.340 8.326 11.232
0.340 8.326 11.232
0.340 8.326 11.232
0.340 8.326 11.232
0.340 8.326 11.232
0.340 8.326 11.232
0.340 8.326 11.232
0.340 8.326 11.232
0.340 8.326 11.232
0.340 8.326 11.232
0.340 8.326 11.232
0.340 8.326 11.232
0.340 8.326 11.232
0.340 8.326 11.232
0.340 8.326 11.232
0.340 8.326 11.232
0.340 8.326 11.232
0.340 8.326 11.232
0.340 8.326 11.232
0.340 8.326 11.232
0.340 8.326 11.232
0.340 8.326 11.232
0.340 8.326 11.232
0.340 8.326 11.232
0.340 8.326 11.232
0.340 8.326 11.232
0.340 8.326 11.232
