t_s,cmd_speed_cm_s,cmd_steer_deg,enc_speed_cm_s,enc_cmd_speed_cm_s,yaw_deg
0.0000,1.5894571940104168e-05,0.0,0.003,-83.584,328.8
0.0783,0.5217345555623373,0.0,0.003,-83.584,328.8
0.0833,0.5556265513102213,0.0,0.042,-54.316,328.8
0.0892,0.5944236119588217,0.0,0.042,-54.316,328.8
0.0943,0.6286223729451497,0.0,0.042,-54.316,328.8
0.0995,0.6631008783976238,0.0,0.042,-54.316,0.0
0.1050,0.7002687454223633,0.0,0.042,-54.316,0.0
0.1132,0.7549190521240234,0.0,0.042,-54.316,0.0
0.1183,0.7889874776204426,0.0,0.042,-54.316,0.0
0.1235,0.8230034510294597,0.0,0.042,-54.316,0.0
0.1285,0.8569018046061199,0.0,0.042,-54.316,0.0
0.1345,0.8968607584635417,0.0,0.042,-54.316,0.0
0.1396,0.9307861328125,0.0,0.042,-54.316,0.0
0.1447,0.96465269724528,0.0,0.042,-54.316,0.0
0.1498,0.9985113143920898,0.0,0.042,-54.316,0.0
0.1602,1.0681962966918945,0.0,0.042,-54.316,0.0
0.1653,1.1023251215616863,0.0,0.042,-54.316,0.0
0.1704,1.1362202962239583,0.0,0.042,-54.316,0.0
0.1773,1.1816755930582683,0.0,0.042,-54.316,0.0
0.1823,1.2155405680338542,0.0,0.042,-54.316,0.0
0.1874,1.2494691212972004,0.0,0.042,-54.316,0.0
0.1925,1.2833499908447266,0.0,0.042,-53.525,0.0
0.1985,1.3230911890665689,0.0,0.042,-53.525,0.0
0.2036,1.3570372263590493,0.0,0.042,-53.525,0.0
0.2124,1.416184107462565,0.0,0.79,-48.252,0.0
0.2213,1.4751625061035156,0.0,0.79,-48.252,0.0
0.2263,1.5088748931884766,0.0,0.79,-48.252,0.0
0.2314,1.5427843729654946,0.0,0.79,-48.252,0.0
0.2365,1.5766684214274087,0.0,1.409,-42.275,0.0
0.2425,1.6165399551391602,0.0,1.409,-42.275,0.0
0.2476,1.6504621505737305,0.0,1.409,-42.275,0.0
0.2527,1.6843525568644204,0.0,1.409,-42.275,0.0
0.2577,1.7182381947835288,0.0,2.309,-31.465,0.0
0.2653,1.7684300740559897,0.0,2.309,-31.465,0.0
0.2708,1.8054628372192383,0.0,2.309,-31.465,0.0
0.2759,1.839451789855957,0.0,2.309,-31.465,0.0
0.2810,1.8733612696329751,0.0,2.718,-23.203,0.0
0.2870,1.913142204284668,0.0,2.718,-23.203,0.0
0.2921,1.9471247990926108,0.0,2.718,-23.203,0.0
0.2972,1.981023152669271,0.0,2.718,-23.203,0.0
0.3022,2.014908790588379,0.0,2.032,-18.721,0.0
0.3103,2.0685768127441406,0.0,2.032,-18.721,0.0
0.3154,2.102705637613932,0.0,2.032,-18.721,0.0
0.3205,2.1365912755330405,0.0,2.032,-18.721,0.0
0.3261,2.1736669540405273,0.0,1.746,-14.502,0.0
0.3321,2.2137721379597983,0.0,1.746,-14.502,0.0
0.3372,2.2476768493652344,0.0,1.746,-14.502,0.0
0.3422,2.2815704345703125,0.0,1.746,-14.502,0.0
0.3473,2.3154687881469727,0.0,2.17,-5.01,0.0
0.3552,2.368276913960775,0.0,2.17,-5.01,0.0
0.3603,2.402192751566569,0.0,2.17,-5.01,0.0
0.3654,2.4360783894856772,0.0,2.17,-5.01,0.0
0.3705,2.469954490661621,0.0,2.14,0.352,0.0
0.3764,2.509595553080241,0.0,2.14,0.352,0.0
0.3820,2.546631495157878,0.0,2.14,0.352,0.0
0.3871,2.5805362065633135,0.0,2.14,0.352,0.0
0.3922,2.614436149597168,0.0,1.626,3.252,0.0
0.3981,2.654225031534831,0.0,1.626,3.252,0.0
0.4032,2.6881440480550127,0.0,1.626,3.252,0.0
0.4098,2.7319860458374023,0.0,1.293,5.449,0.0
0.4172,2.781400680541992,0.0,1.293,5.449,0.0
0.4223,2.8153196970621748,0.0,1.293,5.449,0.0
0.4274,2.8493181864420576,0.0,1.293,5.449,0.0
0.4332,2.887749671936035,0.0,1.89,15.117,0.0
0.4412,2.9415178298950195,0.0,1.89,15.117,0.0
0.4463,2.975500424702962,0.0,1.89,15.117,0.0
0.4514,3.009403546651204,0.0,1.89,15.117,0.0
0.4565,3.0432939529418945,0.0,3.664,33.135,0.0
0.4652,3.1014569600423174,0.0,3.664,33.135,0.0
0.4703,3.135358492533366,0.0,3.664,33.135,0.0
0.4754,3.169490496317546,0.0,3.664,33.135,0.0
0.4805,3.2033904393513994,0.0,3.664,33.135,0.0
0.4856,3.2372665405273438,0.0,3.792,45.879,0.0
0.4931,3.287234306335449,0.0,3.792,45.879,0.0
0.4982,3.321145375569661,0.0,3.792,45.879,0.0
0.5033,3.3550310134887695,0.0,3.792,55.986,0.0
0.5108,3.4051513671875,0.0,3.792,55.986,0.0
0.5159,3.439413706461589,0.0,3.792,55.986,0.0
0.5210,3.473585446675618,0.0,3.792,55.986,0.0
0.5261,3.507513999938965,0.0,2.979,63.018,0.0
0.5342,3.5614681243896484,0.0,2.979,63.018,0.0
0.5393,3.5954682032267256,0.0,2.979,63.018,0.0
0.5449,3.6327775319417315,0.0,2.979,63.018,0.0
0.5500,3.6667712529500323,0.0,2.449,69.521,0.0
0.5560,3.7069114049275713,0.0,2.449,69.521,0.0
0.5611,3.7408892313639326,0.0,2.449,69.521,0.0
0.5662,3.7748654683430987,0.0,2.449,69.521,0.0
0.5713,3.8088464736938477,0.0,3.473,85.342,0.0
0.5792,3.861476580301921,0.0,3.473,85.342,0.0
0.5843,3.8954130808512373,0.0,3.473,85.342,0.0
0.5894,3.929295539855957,0.0,3.473,85.342,0.0
0.5951,3.967549006144206,0.0,3.272,94.307,0.0
0.6032,4.021437962849935,0.0,3.272,94.307,0.0
0.6098,4.065361022949219,0.0,3.272,94.307,0.0
0.6149,4.099270502726237,0.0,3.272,94.307,0.0
0.6200,4.1331736246744795,0.0,2.799,103.271,0.0
0.6272,4.181561470031738,0.0,2.799,103.271,0.0
0.6323,4.215467770894368,0.0,2.799,103.271,0.0
0.6374,4.2496490478515625,0.0,2.799,103.271,0.0
0.6425,4.283568064371745,0.0,2.799,103.271,0.0
0.6492,4.328222274780273,0.0,3.615,118.389,0.0
0.6552,4.368176460266113,0.0,3.615,118.389,0.0
0.6603,4.402268727620442,0.0,3.615,118.389,0.0
0.6654,4.4362179438273115,0.0,3.372,126.387,0.0
0.6723,4.481719334920247,0.0,3.372,126.387,0.0
0.6774,4.516115188598633,0.0,3.372,126.387,0.0
0.6825,4.550174077351888,0.0,3.372,126.387,0.0
0.6876,4.584142367045085,0.0,3.573,139.922,0.0
0.6962,4.6415360768636065,0.0,3.573,139.922,0.0
0.7021,4.680771827697754,0.0,3.573,139.922,0.0
0.7089,4.726125399271647,0.0,3.573,139.922,0.0
0.7140,4.760181109110515,0.0,3.518,150.732,0.0
0.7202,4.801478385925293,0.0,3.518,150.732,0.0
0.7253,4.835398991902669,0.0,3.518,150.732,0.0
0.7304,4.869289398193359,0.0,3.518,150.732,0.0
0.7355,4.9031829833984375,0.0,3.215,159.17,0.0
0.7415,4.943259557088216,0.0,3.215,159.17,0.0
0.7466,4.9771833419799805,0.0,3.215,159.17,0.0
0.7517,5.011088053385416,0.0,3.442,170.244,0.0
0.7612,5.074925422668457,0.0,3.442,170.244,0.0
0.7666,5.1108503341674805,0.0,3.442,170.244,0.0
0.7717,5.144850413004557,0.0,3.442,170.244,0.0
0.7768,5.178953806559244,0.0,3.292,178.33,0.0
0.7829,5.219119389851889,0.0,3.292,178.33,0.0
0.7880,5.253052711486816,0.0,3.292,178.33,0.0
0.7930,5.286963780721029,0.0,3.085,186.855,0.0
0.8012,5.341391563415527,0.0,3.085,186.855,0.0
0.8078,5.385216077168783,0.0,3.085,186.855,0.0
0.8134,5.422345797220865,0.0,3.085,186.855,0.0
0.8184,5.456264813741049,0.0,3.814,202.324,0.0
0.8252,5.501329104105631,0.0,3.814,202.324,0.0
0.8303,5.53523063659668,0.0,3.814,202.324,0.0
0.8354,5.569117863972982,0.0,3.814,202.324,0.0
0.8405,5.603008270263672,0.0,3.642,213.398,0.0
0.8492,5.661301612854004,0.0,3.642,213.398,0.0
0.8543,5.695203145345053,0.0,3.642,213.398,0.0
0.8594,5.729091962178549,0.0,3.642,213.398,0.0
0.8649,5.766288439432779,0.0,3.541,223.154,0.0
0.8709,5.806159973144531,0.0,3.541,223.154,0.0
0.8760,5.840075810750326,0.0,3.541,223.154,0.0
0.8811,5.873977343241373,0.0,3.541,223.154,0.0
0.8862,5.907869338989258,0.0,4.107,239.15,0.0
0.8932,5.954621632893881,0.0,4.107,239.15,0.0
0.8983,5.9885358810424805,0.0,4.107,239.15,0.0
0.9034,6.022427876790365,0.0,4.107,250.137,0.0
0.9132,6.087938944498697,0.0,4.107,250.137,0.0
0.9200,6.133635838826498,0.0,4.107,250.137,0.0
0.9251,6.16753896077474,0.0,4.107,250.137,0.0
0.9302,6.201430956522623,0.0,4.099,263.936,0.0
0.9374,6.249237060546875,0.0,4.099,263.936,0.0
0.9425,6.283149719238281,0.0,4.099,263.936,0.0
0.9476,6.317046483357748,0.0,4.099,263.936,0.0
0.9526,6.350928942362467,0.0,3.68,274.57,0.0
0.9612,6.407872835795084,0.0,3.68,274.57,0.0
0.9663,6.441780726114908,0.0,3.68,274.57,0.0
0.9721,6.480472882588705,0.0,3.68,274.57,0.0
0.9772,6.514377593994141,0.0,3.926,287.93,0.0
0.9831,6.554252306620279,0.0,3.926,287.93,0.0
0.9882,6.58815860748291,0.0,3.926,287.93,0.0
0.9933,6.622045834859213,0.0,3.926,287.93,0.0
0.9984,6.655920346577963,0.0,4.13,301.816,0.0
1.0062,6.708040237426758,0.0,4.13,301.816,0.0
1.0129,6.7526404062906895,0.0,4.13,301.816,0.0
1.0181,6.787139574686686,0.0,4.13,301.816,0.0
1.0232,6.82154655456543,0.0,4.253,315.879,0.0
1.0311,6.873817443847656,0.0,4.253,315.879,0.0
1.0362,6.9081274668375645,0.0,4.253,315.879,0.0
1.0414,6.9423627853393555,0.0,4.207,326.777,0.0
1.0481,6.987201372782389,0.0,4.207,326.777,0.0
1.0532,7.021117210388184,0.0,4.207,326.777,0.0
1.0583,7.055018742879232,0.0,4.207,326.777,0.0
1.0633,7.088942527770996,0.0,3.77,335.83,0.0
1.0690,7.126784324645996,0.0,3.77,335.83,0.0
1.0741,7.16062068939209,0.0,3.77,335.83,0.0
1.0792,7.194460233052572,0.0,3.77,335.83,0.0
1.0847,7.2310686111450195,0.0,3.6,347.607,0.0
1.0922,7.281176249186197,0.0,3.6,347.607,0.0
1.0973,7.315169970194498,0.0,3.6,347.607,0.0
1.1024,7.349305152893066,0.0,3.6,347.607,0.0
1.1090,7.393495241800943,0.0,2.726,353.584,0.0
1.1162,7.4413855870564785,0.0,2.726,353.584,0.0
1.1213,7.475398381551107,0.0,2.726,353.584,0.0
1.1264,7.50932534535726,0.0,2.726,353.584,0.0
1.1315,7.543244361877441,0.0,2.726,353.584,0.0
1.1366,7.57714589436849,0.0,2.531,362.285,0.0
1.1440,7.626938819885254,0.0,2.531,362.285,0.0
1.1491,7.6608673731486,0.0,2.531,362.285,0.0
1.1542,7.69481341044108,0.0,2.836,372.041,0.0
1.1612,7.741374969482422,0.0,2.836,372.041,0.0
1.1663,7.775305112202963,0.0,2.836,372.041,0.0
1.1714,7.809321085611979,0.0,2.836,372.041,0.0
1.1765,7.843227386474609,0.0,3.15,382.412,0.0
1.1852,7.901233037312826,0.0,3.15,382.412,0.0
1.1921,7.9470888773600254,0.0,3.15,382.412,0.0
1.1972,7.981041272481283,0.0,2.565,388.477,0.0
1.2062,8.04117520650228,0.0,2.565,388.477,0.0
1.2127,8.084963162740072,0.0,2.565,388.477,0.0
1.2178,8.118923505147299,0.0,2.565,388.477,0.0
1.2229,8.152829806009928,0.0,2.64,398.408,0.0
1.2304,8.202711741129557,0.0,2.64,398.408,0.0
1.2355,8.236748377482096,0.0,2.64,398.408,0.0
1.2406,8.270672162373861,0.0,2.64,398.408,0.0
1.2462,8.307948112487793,0.0,2.986,409.57,0.0
1.2544,8.362372716267904,0.0,2.986,409.57,0.0
1.2594,8.396310806274414,0.0,2.986,409.57,0.0
1.2645,8.430202802022299,0.0,2.986,409.57,0.0
1.2696,8.46409797668457,0.0,2.161,413.35,0.0
1.2783,8.522149721781412,0.0,2.161,413.35,0.0
1.2834,8.556040128072103,0.0,2.161,413.35,0.0
1.2885,8.5899289449056,0.0,2.161,413.35,0.0
1.2936,8.6238161722819,0.0,2.326,422.754,0.0
1.3022,8.681028683980307,0.0,2.326,422.754,0.0
1.3088,8.725083669026693,0.0,2.326,422.754,0.0
1.3139,8.75903606414795,0.0,2.62,430.752,0.0
1.3221,8.814311027526855,0.0,2.62,430.752,0.0
1.3272,8.848222096761068,0.0,2.62,430.752,0.0
1.3323,8.882123629252115,0.0,2.62,430.752,0.0
1.3374,8.916006088256836,0.0,2.611,438.838,0.0
1.3461,8.974321683247885,0.0,2.611,438.838,0.0
1.3517,9.011532465616861,0.0,2.611,438.838,0.0
1.3568,9.04544989267985,0.0,2.611,438.838,0.0
1.3619,9.079337120056152,0.0,2.475,446.572,0.0
1.3679,9.11939779917399,0.0,2.475,446.572,0.0
1.3730,9.153302510579428,0.0,2.475,446.572,0.0
1.3781,9.187250137329102,0.0,2.475,446.572,0.0
1.3832,9.221158027648926,0.0,4.531,469.248,0.0
1.3901,9.267651240030924,0.0,4.531,469.248,0.0
1.3952,9.301555951436361,0.0,4.531,469.248,0.0
1.4003,9.335463841756185,0.0,4.617,481.553,0.0
1.4122,9.414348602294922,0.0,4.617,481.553,0.0
1.4172,9.44826602935791,0.0,4.617,481.553,0.0
1.4223,9.48218027750651,0.0,4.617,481.553,0.0
1.4274,9.516048431396484,0.0,4.28,495.615,0.0
1.4362,9.574348131815592,0.0,4.28,495.615,0.0
1.4412,9.608262379964193,0.0,4.28,495.615,0.0
1.4463,9.642168680826822,0.0,4.28,495.615,0.0
1.4514,9.676052729288736,0.0,3.834,504.492,0.0
1.4574,9.715936978658041,0.0,3.834,504.492,0.0
1.4630,9.753174781799316,0.0,3.834,504.492,0.0
1.4681,9.78710651397705,0.0,3.834,504.492,0.0
1.4731,9.820988972981771,0.0,4.008,518.818,0.0
1.4801,9.867661794026693,0.0,4.008,518.818,0.0
1.4852,9.901564915974935,0.0,4.008,518.818,0.0
1.4903,9.935464859008789,0.0,4.008,518.818,0.0
1.4954,9.969358444213867,0.0,3.327,527.344,0.0
1.5042,10.02767562866211,0.0,3.327,527.344,0.0
1.5108,10.071857770284016,0.0,3.327,527.344,0.0
1.5159,10.106159845987957,0.0,3.327,527.344,0.0
1.5216,10.144052505493164,0.0,3.505,540.0,0.0
1.5277,10.184410413106281,0.0,3.505,540.0,0.0
1.5328,10.218575795491535,0.0,3.505,540.0,0.0
1.5379,10.252647399902344,0.0,4.407,555.645,0.0
1.5464,10.309104919433594,0.0,4.407,555.645,0.0
1.5515,10.343454678853352,0.0,4.407,555.645,0.0
1.5567,10.377721786499023,0.0,4.407,555.645,0.0
1.5618,10.411728223164875,0.0,4.407,555.645,0.0
1.5668,10.445648829142254,0.0,5.15,576.563,0.0
1.5750,10.500251452128094,0.0,5.15,576.563,0.0
1.5801,10.534143447875977,0.0,5.15,576.563,0.0
1.5852,10.56803544362386,0.0,5.754,594.756,0.0
1.5921,10.614202817281086,0.0,5.754,594.756,0.0
1.5972,10.648261706034344,0.0,5.754,594.756,0.0
1.6024,10.682458877563477,0.0,5.754,594.756,0.0
1.6090,10.72665850321452,0.0,5.855,614.268,0.0
1.6162,10.774946212768555,0.0,5.855,614.268,0.0
1.6213,10.808871587117512,0.0,5.855,614.268,0.0
1.6269,10.845980644226074,0.0,5.855,614.268,0.0
1.6320,10.879902839660645,0.0,5.677,631.758,0.0
1.6381,10.920872688293457,0.0,5.677,631.758,0.0
1.6432,10.9547758102417,0.0,5.677,631.758,0.0
1.6483,10.988680521647137,0.0,5.677,631.758,0.0
1.6534,11.02256139119466,0.0,5.749,647.754,0.0
1.6594,11.062699953715008,0.0,5.749,647.754,0.0
1.6645,11.096609433492024,0.0,5.749,647.754,0.0
1.6696,11.130483945210774,0.0,5.749,647.754,0.0
1.6747,11.164377530415852,0.0,5.583,663.398,0.0
1.6822,11.21448040008545,0.0,5.583,663.398,0.0
1.6873,11.248404184977215,0.0,5.583,663.398,0.0
1.6923,11.282288233439129,0.0,5.196,676.582,0.0
1.6991,11.327492396036785,0.0,5.196,676.582,0.0
1.7042,11.361384391784668,0.0,5.196,676.582,0.0
1.7108,11.405237515767414,0.0,4.832,688.975,0.0
1.7191,11.460884412129719,0.0,4.832,688.975,0.0
1.7242,11.494805018107098,0.0,4.832,688.975,0.0
1.7293,11.528690656026203,0.0,4.832,688.975,0.0
1.7344,11.56255563100179,0.0,3.769,696.621,0.0
1.7411,11.60757064819336,0.0,3.769,696.621,0.0
1.7462,11.641570727030437,0.0,3.769,696.621,0.0
1.7513,11.675535837809246,0.0,3.769,696.621,0.0
1.7564,11.70941988627116,0.0,4.288,715.078,0.0
1.7653,11.768705050150555,0.0,4.288,715.078,0.0
1.7704,11.802604993184406,0.0,4.288,715.078,0.0
1.7755,11.836514472961426,0.0,4.288,715.078,0.0
1.7806,11.870392163594563,0.0,4.288,715.078,0.0
1.7856,11.904287338256836,0.0,4.974,733.535,0.0
1.7932,11.954336166381836,0.0,4.974,733.535,0.0
1.7982,11.988274256388348,0.0,4.974,733.535,0.0
1.8033,12.022159894307453,0.0,6.718,761.133,0.0
1.8111,12.07382361094157,0.0,6.718,761.133,0.0
1.8162,12.107715606689453,0.0,6.718,761.133,0.0
1.8212,12.14160442352295,0.0,6.718,761.133,0.0
1.8263,12.17549482981364,0.0,7.374,786.006,0.0
1.8349,12.23278522491455,0.0,7.374,786.006,0.0
1.8400,12.266704241434734,0.0,7.374,786.006,0.0
1.8456,12.303721110026043,0.0,7.374,786.006,0.0
1.8506,12.337630589803059,0.0,6.822,804.287,0.0
1.8566,12.377533912658691,0.0,6.822,804.287,0.0
1.8617,12.411441802978516,0.0,6.822,804.287,0.0
1.8668,12.445340156555176,0.0,6.822,804.287,0.0
1.8719,12.479209899902344,0.0,6.822,828.193,0.0
1.8791,12.527435620625813,0.0,6.822,828.193,0.0
1.8842,12.561362584431965,0.0,6.822,828.193,0.0
1.8893,12.595257759094238,0.0,6.822,828.193,0.0
1.8943,12.628906567891438,0.0,6.909,848.584,0.0
1.9029,12.6860507329305,0.0,6.909,848.584,0.0
1.9095,12.729789415995281,0.0,6.909,848.584,0.0
1.9146,12.763711611429851,0.0,6.909,848.584,0.0
1.9196,12.797592480977375,0.0,6.677,869.941,0.0
1.9256,12.83762772878011,0.0,6.677,869.941,0.0
1.9307,12.871521313985188,0.0,6.677,869.941,0.0
1.9358,12.905426025390625,0.0,6.677,869.941,0.0
1.9409,12.939300537109375,0.0,6.316,890.244,0.0
1.9490,12.993356386820476,0.0,6.316,890.244,0.0
1.9559,13.03953965504964,0.0,6.316,890.244,0.0
1.9610,13.073441187540691,0.0,6.468,910.02,0.0
1.9691,13.127172787984211,0.0,6.468,910.02,0.0
1.9742,13.161080678304035,0.0,6.468,910.02,0.0
1.9792,13.19498856862386,0.0,6.468,910.02,0.0
1.9843,13.2288392384847,0.0,6.644,933.047,0.0
1.9933,13.288672765096027,0.0,6.644,933.047,0.0
1.9984,13.322795232137043,0.0,6.644,933.047,0.0
2.0036,13.3570130666097,0.0,6.644,952.383,0.0
2.0142,13.427728017171223,0.0,6.644,952.383,0.0
2.0193,13.462114334106445,0.0,6.644,952.383,0.0
2.0245,13.496667544047039,0.0,6.644,952.383,0.0
2.0296,13.530882199605305,0.0,6.454,969.961,0.0
2.0358,13.571739196777344,0.0,6.454,969.961,0.0
2.0409,13.605702718098957,0.0,6.454,969.961,0.0
2.0460,13.639973004659016,0.0,6.454,969.961,0.0
2.0511,13.67426872253418,0.0,6.746,993.955,0.0
2.0581,13.720703125,0.0,6.746,993.955,0.0
2.0659,13.77285321553548,0.0,6.746,993.955,0.0
2.0710,13.80691369374593,0.0,6.952,1014.785,0.0
2.0800,13.866340319315594,0.0,6.952,1014.785,0.0
2.0850,13.900326093037922,0.0,6.952,1014.785,0.0
2.0901,13.93422285715739,0.0,6.952,1014.785,0.0
2.0952,13.968108495076496,0.0,7.127,1039.746,0.0
2.1039,14.026176134745281,0.0,7.127,1039.746,0.0
2.1106,14.070766766866047,0.0,7.127,1039.746,0.0
2.1157,14.10483996073405,0.0,7.444,1062.949,0.0
2.1250,14.166957537333172,0.0,7.444,1062.949,0.0
2.1302,14.20118014017741,0.0,7.444,1062.949,0.0
2.1353,14.235178629557293,0.0,7.444,1062.949,0.0
2.1404,14.269137382507324,0.0,8.091,1092.217,0.0
2.1489,14.326106707255047,0.0,8.091,1092.217,0.0
2.1540,14.360036849975586,0.0,8.091,1092.217,0.0
2.1591,14.394011497497559,0.0,8.091,1092.217,0.0
2.1642,14.427927335103352,0.0,8.464,1122.012,0.0
2.1741,14.493711789449055,0.0,8.464,1122.012,0.0
2.1791,14.527638753255207,0.0,8.464,1122.012,0.0
2.1842,14.561591148376465,0.0,8.464,1122.012,0.0
2.1893,14.595540364583332,0.0,8.306,1149.609,0.0
2.1969,14.646139144897461,0.0,8.306,1149.609,0.0
2.2021,14.680369695027668,0.0,8.306,1149.609,0.0
2.2087,14.724454879760742,0.0,8.306,1149.609,0.0
2.2138,14.758488337198894,0.0,8.748,1180.459,0.0
2.2209,14.806048075358074,0.0,8.748,1180.459,0.0
2.2269,14.846328099568684,0.0,8.748,1180.459,0.0
2.2321,14.880375862121582,0.0,8.826,1206.738,0.0
2.2419,14.946047465006512,0.0,8.826,1206.738,0.0
2.2470,14.979971249898274,0.0,8.826,1206.738,0.0
2.2521,15.01386006673177,0.0,8.826,1206.738,0.0
2.2572,15.047775904337566,0.0,8.599,1234.512,0.0
2.2659,15.106004079182942,0.0,8.599,1234.512,0.0
2.2710,15.13992468516032,0.0,8.599,1234.512,0.0
2.2761,15.17381985982259,0.0,8.599,1234.512,0.0
2.2816,15.210928916931152,0.0,8.876,1265.801,0.0
2.2899,15.26605765024821,0.0,8.876,1265.801,0.0
2.2950,15.300219853719074,0.0,8.876,1265.801,0.0
2.3001,15.334219932556152,0.0,8.877,1290.234,0.0
2.3099,15.399308204650879,0.0,8.877,1290.234,0.0
2.3150,15.433260599772137,0.0,8.877,1290.234,0.0
2.3201,15.467294057210285,0.0,8.877,1290.234,0.0
2.3252,15.501254399617512,0.0,8.562,1318.711,0.0
2.3360,15.573368072509766,0.0,8.562,1318.711,0.0
2.3411,15.607280731201172,0.0,8.562,1318.711,0.0
2.3462,15.641190210978191,0.0,8.93,1346.309,0.0
2.3549,15.699272155761719,0.0,8.93,1346.309,0.0
2.3600,15.733283360799152,0.0,8.93,1346.309,0.0
2.3651,15.76720078786214,0.0,9.183,1372.939,0.0
2.3749,15.832581520080566,0.0,9.183,1372.939,0.0
2.3800,15.866610209147137,0.0,9.183,1372.939,0.0
2.3851,15.900980631510418,0.0,9.348,1401.592,0.0
2.3959,15.972665150960285,0.0,9.348,1401.592,0.0
2.4010,16.00686232248942,0.0,9.348,1401.592,0.0
2.4076,16.050848960876465,0.0,9.348,1401.592,0.0
2.4127,16.084968249003094,0.0,10.125,1438.154,0.0
2.4199,16.132763226826984,0.0,10.125,1438.154,0.0
2.4250,16.166965166727703,0.0,10.125,1438.154,0.0
2.4301,16.200987497965496,0.0,10.83,1471.113,0.0
2.4420,16.279762585957844,0.0,10.83,1471.113,0.0
2.4471,16.313692728678387,0.0,10.83,1471.113,0.0
2.4521,16.347578366597492,0.0,10.83,1471.113,0.0
2.4572,16.3814640045166,0.0,12.086,1516.465,0.0
2.4640,16.4265235265096,0.0,12.086,1516.465,0.0
2.4691,16.46053632100423,0.0,12.086,1516.465,0.0
2.4742,16.494496663411457,0.0,12.086,1516.465,0.0
2.4793,16.528476079305012,0.0,12.432,1557.773,0.0
2.4879,16.585841178894043,0.0,12.432,1557.773,0.0
2.4930,16.619761784871418,0.0,12.432,1557.773,0.0
2.4985,16.656872431437176,0.0,12.111,1590.908,0.0
2.5079,16.719322204589844,0.0,12.111,1590.908,0.0
2.5146,16.764238675435383,0.0,12.111,1590.908,0.0
2.5198,16.798537572224934,0.0,12.111,1590.908,0.0
2.5249,16.83287779490153,0.0,11.793,1629.58,0.0
2.5322,16.88136577606201,0.0,11.793,1629.58,0.0
2.5373,16.915356318155926,0.0,11.793,1629.58,0.0
2.5424,16.949346860249836,0.0,11.398,1662.012,0.0
2.5529,17.019656499226887,0.0,11.398,1662.012,0.0
2.5580,17.05361048380534,0.0,11.398,1662.012,0.0
2.5631,17.087602615356445,0.0,11.398,1694.619,0.0
2.5729,17.15251922607422,0.0,11.398,1694.619,0.0
2.5780,17.18644618988037,0.0,11.398,1694.619,0.0
2.5830,17.220325469970703,0.0,11.398,1694.619,0.0
2.5881,17.254287401835125,0.0,11.566,1733.906,0.0
2.5969,17.31237570444743,0.0,11.566,1733.906,0.0
2.6049,17.36581007639567,0.0,11.566,1733.906,0.0
2.6115,17.4100128809611,0.0,11.254,1766.162,0.0
2.6179,17.452445030212402,0.0,11.254,1766.162,0.0
2.6229,17.48627821604411,0.0,11.254,1766.162,0.0
2.6281,17.520511945088703,0.0,11.645,1800.879,0.0
2.6379,17.585891087849934,0.0,11.645,1800.879,0.0
2.6431,17.620344161987305,0.0,11.645,1800.879,0.0
2.6481,17.654318809509277,0.0,11.645,1800.879,0.0
2.6532,17.688241004943848,0.0,11.821,1840.869,0.0
2.6619,17.745755513509113,0.0,11.821,1840.869,0.0
2.6670,17.77977466583252,0.0,11.821,1840.869,0.0
2.6721,17.813711166381836,0.0,11.821,1840.869,0.0
2.6772,17.84786542256673,0.0,12.292,1884.639,0.0
2.6859,17.905831336975098,0.0,12.292,1884.639,0.0
2.6910,17.93976624806722,0.0,12.292,1884.639,0.0
2.6961,17.97378381093343,0.0,12.292,1884.639,0.0
2.7012,18.007701237996418,0.0,11.954,1922.607,0.0
2.7099,18.06570847829183,0.0,11.954,1922.607,0.0
2.7155,18.10314178466797,0.0,11.954,1922.607,0.0
2.7206,18.137062390645344,0.0,11.954,1922.607,0.0
2.7256,18.17095438639323,0.0,11.667,1956.533,0.0
2.7318,18.21182409922282,0.0,11.667,1956.533,0.0
2.7369,18.24589252471924,0.0,11.667,1956.533,0.0
2.7420,18.28018347422282,0.0,11.667,1956.533,0.0
2.7471,18.31425666809082,0.0,11.484,1994.502,0.0
2.7549,18.36581865946452,0.0,11.484,1994.502,0.0
2.7600,18.3998966217041,0.0,11.484,1994.502,0.0
2.7669,18.446016311645508,0.0,11.82,2031.855,0.0
2.7758,18.50553035736084,0.0,11.82,2031.855,0.0
2.7809,18.53944460550944,0.0,11.82,2031.855,0.0
2.7860,18.57343037923177,0.0,11.82,2031.855,0.0
2.7911,18.607492446899414,0.0,13.025,2079.316,0.0
2.8000,18.666915893554688,0.0,13.025,2079.316,0.0
2.8068,18.712108929951984,0.0,13.025,2079.316,0.0
2.8119,18.74601682027181,0.0,13.395,2120.01,0.0
2.8208,18.805492719014484,0.0,13.395,2120.01,0.0
2.8264,18.84252707163493,0.0,13.395,2120.01,0.0
2.8315,18.876434961954754,0.0,13.395,2120.01,0.0
2.8365,18.91031265258789,0.0,13.859,2162.637,0.0
2.8426,18.950756390889484,0.0,13.859,2162.637,0.0
2.8477,18.984824816385906,0.0,13.859,2162.637,0.0
2.8528,19.018791516621906,0.0,14.295,2204.561,0.0
2.8620,19.080125490824383,0.0,14.295,2204.561,0.0
2.8671,19.114023844401043,0.0,14.295,2204.561,0.0
2.8722,19.147903124491375,0.0,14.295,2204.561,0.0
2.8777,19.18495972951253,0.0,14.613,2253.955,0.0
2.8858,19.23874855041504,0.0,14.613,2253.955,0.0
2.8909,19.272735913594563,0.0,14.613,2253.955,0.0
2.8960,19.306764602661133,0.0,14.613,2253.955,0.0
2.9011,19.34071222941081,0.0,14.218,2300.801,0.0
2.9098,19.398806889851887,0.0,14.218,2300.801,0.0
2.9149,19.432727495829266,0.0,14.218,2300.801,0.0
2.9200,19.466605186462402,0.0,14.218,2300.801,0.0
2.9251,19.50048287709554,0.0,13.86,2346.504,0.0
2.9361,19.573810895284016,0.0,13.86,2346.504,0.0
2.9412,19.607830047607422,0.0,13.86,2346.504,0.0
2.9463,19.64192231496175,0.0,13.86,2385.791,0.0
2.9540,19.693395296732586,0.0,13.86,2385.791,0.0
2.9591,19.72731113433838,0.0,13.86,2385.791,0.0
2.9642,19.761203130086262,0.0,14.608,2430.791,0.0
2.9739,19.825921058654785,0.0,14.608,2430.791,0.0
2.9790,19.859968821207683,0.0,14.608,2430.791,0.0
2.9859,19.906009038289387,0.0,14.608,2430.791,0.0
2.9910,19.940009117126465,0.0,15.33,2484.316,0.0
2.9978,19.985458056132,0.0,15.33,2484.316,0.0
3.0029,20.01936435699463,0.0,15.33,2484.316,0.0
3.0095,20.06352265675863,0.0,14.688,2520.967,0.0
3.0179,20.11923313140869,0.0,14.688,2520.967,0.0
3.0231,20.15382925669352,0.0,14.688,2520.967,0.0
3.0282,20.187981923421226,0.0,14.688,2520.967,0.0
3.0333,20.22207419077555,0.0,15.481,2578.359,0.0
3.0430,20.286463101704918,0.0,15.481,2578.359,0.0
3.0481,20.32047748565674,0.0,15.481,2578.359,0.0
3.0532,20.35447597503662,0.0,15.481,2578.359,0.0
3.0583,20.38839340209961,0.0,15.766,2632.148,0.0
3.0658,20.438734690348305,0.0,15.766,2632.148,0.0
3.0709,20.472639401753746,0.0,15.766,2632.148,0.0
3.0760,20.50652186075846,0.0,16.211,2678.73,0.0
3.0858,20.572094917297363,0.0,16.211,2678.73,0.0
3.0914,20.609354972839355,0.0,16.211,2678.73,0.0
3.0965,20.643323262532554,0.0,16.211,2678.73,0.0
3.1016,20.67732810974121,0.0,15.823,2729.971,0.0
3.1098,20.73213736216227,0.0,15.823,2729.971,0.0
3.1149,20.76608339945475,0.0,15.823,2729.971,0.0
3.1200,20.800010363260903,0.0,15.713,2774.355,0.0
3.1298,20.865392684936523,0.0,15.713,2774.355,0.0
3.1349,20.899303754170738,0.0,15.713,2774.355,0.0
3.1400,20.933221181233726,0.0,15.713,2774.355,0.0
3.1456,20.970406532287598,0.0,16.378,2832.627,0.0
3.1538,21.02536837259928,0.0,16.378,2832.627,0.0
3.1589,21.05929215749105,0.0,16.378,2832.627,0.0
3.1640,21.093179384867348,0.0,16.378,2832.627,0.0
3.1691,21.127063433329262,0.0,16.389,2886.943,0.0
3.1778,21.185391743977867,0.0,16.389,2886.943,0.0
3.1829,21.219310760498047,0.0,16.389,2886.943,0.0
3.1880,21.253250439961754,0.0,16.389,2886.943,0.0
3.1931,21.28713766733805,0.0,16.498,2936.25,0.0
3.1992,21.327832539876304,0.0,16.498,2936.25,0.0
3.2047,21.364925702412926,0.0,16.498,2936.25,0.0
3.2113,21.408678690592446,0.0,16.318,2983.535,0.0
3.2198,21.465304692586265,0.0,16.318,2983.535,0.0
3.2249,21.499249140421547,0.0,16.318,2983.535,0.0
3.2300,21.53320153554281,0.0,16.318,2983.535,0.0
3.2351,21.567112604777016,0.0,16.318,3038.73,0.0
3.2438,21.62531852722168,0.0,16.318,3038.73,0.0
3.2489,21.659232775370278,0.0,16.318,3038.73,0.0
3.2558,21.705535252889,0.0,16.218,3085.488,0.0
3.2648,21.765213012695312,0.0,16.218,3085.488,0.0
3.2699,21.79912249247233,0.0,16.218,3085.488,0.0
3.2750,21.83312257130941,0.0,16.009,3129.785,0.0
3.2848,21.89869244893392,0.0,16.009,3129.785,0.0
3.2899,21.932660738627114,0.0,16.009,3129.785,0.0
3.2950,21.96664492289225,0.0,16.009,3129.785,0.0
3.3001,22.000581423441567,0.0,15.923,3183.574,0.0
3.3088,22.058752377827965,0.0,15.923,3183.574,0.0
3.3144,22.096118927001953,0.0,15.923,3183.574,0.0
3.3195,22.1300999323527,0.0,15.923,3183.574,0.0
3.3246,22.164246241251625,0.0,15.828,3230.508,0.0
3.3307,22.20475514729818,0.0,15.828,3230.508,0.0
3.3358,22.238666216532387,0.0,15.828,3230.508,0.0
3.3409,22.27257410685221,0.0,15.828,3230.508,0.0
3.3460,22.306528091430664,0.0,17.018,3292.734,0.0
3.3538,22.358551025390625,0.0,17.018,3292.734,0.0
3.3589,22.392465273539223,0.0,17.018,3292.734,0.0
3.3658,22.43889490763346,0.0,18.148,3349.248,0.0
3.3748,22.498504320780434,0.0,18.148,3349.248,0.0
3.3799,22.532434463500977,0.0,18.148,3349.248,0.0
3.3850,22.56638685862223,0.0,18.148,3349.248,0.0
3.3900,22.600299517313637,0.0,18.622,3412.705,0.0
3.3988,22.658475240071617,0.0,18.622,3412.705,0.0
3.4039,22.692386309305824,0.0,18.622,3412.705,0.0
3.4104,22.736237843831383,0.0,18.16,3464.385,0.0
3.4198,22.798487345377602,0.0,18.16,3464.385,0.0
3.4253,22.83564885457357,0.0,18.16,3464.385,0.0
3.4304,22.869551976521812,0.0,18.16,3464.385,0.0
3.4355,22.903432846069336,0.0,18.261,3520.195,0.0
3.4416,22.94421990712484,0.0,18.261,3520.195,0.0
3.4467,22.978157997131348,0.0,18.261,3520.195,0.0
3.4518,23.012137413024902,0.0,18.416,3572.402,0.0
3.4608,23.07178020477295,0.0,18.416,3572.402,0.0
3.4659,23.105716705322266,0.0,18.416,3572.402,0.0
3.4709,23.139635721842446,0.0,18.416,3572.402,0.0
3.4765,23.176843325297035,0.0,19.163,3634.277,0.0
3.4828,23.218439420064293,0.0,19.163,3634.277,0.0
3.4879,23.252347310384117,0.0,19.163,3634.277,0.0
3.4929,23.28622817993164,0.0,19.163,3634.277,0.0
3.4980,23.320104281107582,0.0,19.471,3700.811,0.0
3.5068,23.378631273905434,0.0,19.471,3700.811,0.0
3.5135,23.423032760620117,0.0,19.471,3700.811,0.0
3.5186,23.45736344655355,0.0,19.471,3700.811,0.0
3.5237,23.491621017456055,0.0,19.119,3768.75,0.0
3.5352,23.567722638448082,0.0,19.119,3768.75,0.0
3.5403,23.601737022399902,0.0,19.119,3768.75,0.0
3.5454,23.63574504852295,0.0,18.6,3819.023,0.0
3.5528,23.685145378112793,0.0,18.6,3819.023,0.0
3.5579,23.71915499369303,0.0,18.6,3819.023,0.0
3.5630,23.75316937764486,0.0,19.004,3875.186,0.0
3.5728,23.81840705871582,0.0,19.004,3875.186,0.0
3.5779,23.852346738179527,0.0,19.004,3875.186,0.0
3.5848,23.898936907450356,0.0,19.377,3933.193,0.0
3.5938,23.958346048990883,0.0,19.377,3933.193,0.0
3.5988,23.99228572845459,0.0,19.377,3933.193,0.0
3.6040,24.026336669921875,0.0,19.377,3933.193,0.0
3.6105,24.07020409901937,0.0,19.719,4000.605,0.0
3.6178,24.11850929260254,0.0,19.719,4000.605,0.0
3.6229,24.1524346669515,0.0,19.719,4000.605,0.0
3.6280,24.186342557271324,0.0,19.719,4000.605,0.0
3.6331,24.220339457194008,0.0,20.215,4061.953,0.0
3.6408,24.271955490112305,0.0,20.215,4061.953,0.0
3.6459,24.30593172709147,0.0,20.215,4061.953,0.0
3.6510,24.33992544809977,0.0,19.57,4114.16,0.0
3.6587,24.391652743021645,0.0,19.57,4114.16,0.0
3.6638,24.425573348999023,0.0,19.57,4114.16,0.0
3.6689,24.4594669342041,0.0,19.57,4114.16,0.0
3.6740,24.493350982666016,0.0,19.769,4183.066,0.0
3.6827,24.551566441853844,0.0,19.769,4183.066,0.0
3.6878,24.585576057434082,0.0,19.769,4183.066,0.0
3.6934,24.62275187174479,0.0,19.769,4183.066,0.0
3.6985,24.656774202982582,0.0,21.452,4251.621,0.0
3.7046,24.69754854838053,0.0,21.452,4251.621,0.0
3.7112,24.74141756693522,0.0,21.452,4251.621,0.0
3.7163,24.775355656941734,0.0,21.427,4310.684,0.0
3.7237,24.82495148976644,0.0,21.427,4310.684,0.0
3.7288,24.858887990315758,0.0,21.427,4310.684,0.0
3.7339,24.892775217692055,0.0,21.427,4310.684,0.0
3.7390,24.926657676696777,0.0,21.632,4385.303,0.0
3.7489,24.99250570933024,0.0,21.632,4385.303,0.0
3.7540,25.0264310836792,0.0,21.632,4385.303,0.0
3.7591,25.060394605000816,0.0,21.632,4385.303,0.0
3.7641,25.094315210978188,0.0,21.132,4453.594,0.0
3.7717,25.144990285237633,0.0,21.132,4453.594,0.0
3.7768,25.178990364074707,0.0,21.132,4453.594,0.0
3.7819,25.21289030710856,0.0,21.132,4453.594,0.0
3.7870,25.24677276611328,0.0,20.1,4518.369,0.0
3.7957,25.304851531982422,0.0,20.1,4518.369,0.0
3.8013,25.34197966257731,0.0,20.1,4518.369,0.0
3.8081,25.387605031331383,0.0,20.1,4518.369,0.0
3.8132,25.42163689931234,0.0,21.421,4596.768,0.0
3.8197,25.464975039164223,0.0,21.421,4596.768,0.0
3.8248,25.49891630808512,0.0,21.421,4596.768,0.0
3.8299,25.532825787862144,0.0,22.32,4661.191,0.0
3.8398,25.598672231038414,0.0,22.32,4661.191,0.0
3.8449,25.632624626159668,0.0,22.32,4661.191,0.0
3.8500,25.66652774810791,0.0,22.32,4661.191,0.0
3.8556,25.70406754811605,0.0,21.905,4733.525,0.0
3.8637,25.758207639058433,0.0,21.905,4733.525,0.0
3.8688,25.792129834493004,0.0,21.905,4733.525,0.0
3.8739,25.826050440470375,0.0,21.829,4794.082,0.0
3.8837,25.891448656717934,0.0,21.829,4794.082,0.0
3.8888,25.925374031066895,0.0,21.829,4794.082,0.0
3.8939,25.959277153015137,0.0,21.829,4794.082,0.0
3.8990,25.993186632792153,0.0,21.196,4863.164,0.0
3.9077,26.051359176635742,0.0,21.196,4863.164,0.0
3.9148,26.098440488179527,0.0,21.196,4863.164,0.0
3.9199,26.132467587788902,0.0,21.186,4926.709,0.0
3.9287,26.191469828287758,0.0,21.186,4926.709,0.0
3.9338,26.225387255350746,0.0,21.186,4926.709,0.0
3.9389,26.259268124898277,0.0,21.186,4926.709,0.0
3.9440,26.29317283630371,0.0,21.9,5003.174,0.0
3.9528,26.351696650187172,0.0,21.9,5003.174,0.0
3.9579,26.385699907938637,0.0,21.9,5003.174,0.0
3.9648,26.431771914164223,0.0,22.881,5074.629,0.0
3.9737,26.49148464202881,0.0,22.881,5074.629,0.0
3.9788,26.525422732035317,0.0,22.881,5074.629,0.0
3.9839,26.559551556905113,0.0,22.881,5074.629,0.0
3.9890,26.59351189931234,0.0,23.825,5157.158,0.0
3.9977,26.651277542114258,0.0,23.825,5157.158,0.0
4.0028,26.685194969177246,0.0,23.825,5157.158,0.0
4.0094,26.729321479797363,0.0,22.871,5220.527,0.0
4.0187,26.791605949401855,0.0,22.871,5220.527,0.0
4.0244,26.829420725504555,0.0,22.871,5220.527,0.0
4.0295,26.863528887430824,0.0,23.191,5291.631,0.0
4.0397,26.931207974751793,0.0,23.191,5291.631,0.0
4.0448,26.965158780415855,0.0,23.191,5291.631,0.0
4.0499,26.999567349751793,0.0,23.718,5360.801,0.0
4.0597,27.064674695332847,0.0,23.718,5360.801,0.0
4.0648,27.098668416341148,0.0,23.718,5360.801,0.0
4.0699,27.132577896118164,0.0,23.718,5360.801,0.0
4.0758,27.171684900919594,0.0,24.59,5436.914,0.0
4.0818,27.212255795796715,0.0,24.59,5436.914,0.0
4.0869,27.246170043945312,0.0,24.59,5436.914,0.0
4.0920,27.28010813395182,0.0,24.59,5436.914,0.0
4.0971,27.314090728759766,0.0,24.758,5519.619,0.0
4.1047,27.36448129018148,0.0,24.758,5519.619,0.0
4.1112,27.4082612991333,0.0,24.758,5519.619,0.0
4.1163,27.442285219828285,0.0,24.177,5584.922,0.0
4.1247,27.49816735585531,0.0,24.177,5584.922,0.0
4.1298,27.53204504648844,0.0,24.177,5584.922,0.0
4.1351,27.56758371988932,0.0,24.177,5584.922,0.0
4.1407,27.604848543802895,0.0,23.963,5659.805,0.0
4.1467,27.6448663075765,0.0,23.963,5659.805,0.0
4.1518,27.67895062764486,0.0,23.963,5659.805,0.0
4.1570,27.71301428476969,0.0,23.963,5659.805,0.0
4.1620,27.7468204498291,0.0,24.22,5742.51,0.0
4.1706,27.80409812927246,0.0,24.22,5742.51,0.0
4.1757,27.837888399759926,0.0,24.22,5742.51,0.0
4.1808,27.871742248535156,0.0,24.22,5742.51,0.0
4.1861,27.907400131225586,0.0,24.824,5827.852,0.0
4.1946,27.964177131652832,0.0,24.824,5827.852,0.0
4.1997,27.998011906941734,0.0,24.824,5827.852,0.0
4.2048,28.03185145060221,0.0,24.17,5892.539,0.0
4.2146,28.097599347432457,0.0,24.17,5892.539,0.0
4.2198,28.131699562072754,0.0,24.17,5892.539,0.0
4.2248,28.165601094563804,0.0,24.17,5892.539,0.0
4.2299,28.19957415262858,0.0,23.562,5971.465,0.0
4.2407,28.27160199483236,0.0,23.562,5971.465,0.0
4.2458,28.30556551615397,0.0,23.562,5971.465,0.0
4.2509,28.339616457621254,0.0,24.907,6046.963,0.0
4.2589,28.39289983113607,0.0,24.907,6046.963,0.0
4.2641,28.42712243398031,0.0,24.907,6046.963,0.0
4.2692,28.46121152242025,0.0,24.907,6046.963,0.0
4.2743,28.495370546976723,0.0,25.429,6133.799,0.0
4.2829,28.55240821838379,0.0,25.429,6133.799,0.0
4.2880,28.586338361104332,0.0,25.429,6133.799,0.0
4.2935,28.62337430318197,0.0,25.429,6133.799,0.0
4.2986,28.65729808807373,0.0,25.853,6211.143,0.0
4.3047,28.6976957321167,0.0,25.853,6211.143,0.0
4.3115,28.743305206298828,0.0,25.853,6211.143,0.0
4.3166,28.777360916137695,0.0,25.339,6279.521,0.0
4.3239,28.825952212015785,0.0,25.339,6279.521,0.0
4.3290,28.860038121541344,0.0,25.339,6279.521,0.0
4.3341,28.894006411234535,0.0,25.339,6279.521,0.0
4.3392,28.927922248840332,0.0,24.432,6359.238,0.0
4.3497,28.998311360677086,0.0,24.432,6359.238,0.0
4.3548,29.032328923543297,0.0,24.432,6359.238,0.0
4.3600,29.066473642985024,0.0,24.853,6435.264,0.0
4.3686,29.12424087524414,0.0,24.853,6435.264,0.0
4.3737,29.15823141733805,0.0,24.853,6435.264,0.0
4.3788,29.192212422688804,0.0,24.853,6435.264,0.0
4.3839,29.2262601852417,0.0,25.908,6526.318,0.0
4.3928,29.2856502532959,0.0,25.908,6526.318,0.0
4.3980,29.3196964263916,0.0,25.908,6526.318,0.0
4.4037,29.357701937357582,0.0,26.04,6602.52,0.0
4.4136,29.424171447753906,0.0,26.04,6602.52,0.0
4.4187,29.458181063334145,0.0,26.04,6602.52,0.0
4.4239,29.492387771606445,0.0,26.04,6602.52,0.0
4.4290,29.52656110127767,0.0,25.477,6686.895,0.0
4.4378,29.585634867350258,0.0,25.477,6686.895,0.0
4.4430,29.619666735331215,0.0,25.477,6686.895,0.0
4.4481,29.65379079182943,0.0,25.477,6686.895,0.0
4.4532,29.687771797180176,0.0,26.086,6781.465,0.0
4.4649,29.76593335469564,0.0,26.086,6781.465,0.0
4.4700,29.799844423929848,0.0,26.086,6781.465,0.0
4.4751,29.833855628967285,0.0,26.714,6858.457,0.0
4.4828,29.885573387145996,0.0,26.714,6858.457,0.0
4.4879,29.919490814208984,0.0,26.714,6858.457,0.0
4.4930,29.95338280995687,0.0,26.714,6858.457,0.0
4.4981,29.98727639516195,0.0,26.816,6948.369,0.0
4.5066,30.044074058532715,0.0,26.816,6948.369,0.0
4.5137,30.091587702433266,0.0,26.816,6948.369,0.0
4.5189,30.126198132832847,0.0,25.425,7020.527,0.0
4.5277,30.18498420715332,0.0,25.425,7020.527,0.0
4.5329,30.21906534830729,0.0,25.425,7020.527,0.0
4.5379,30.25296847025553,0.0,26.573,7099.541,0.0
4.5478,30.3187624613444,0.0,26.573,7099.541,0.0
4.5529,30.352683067321777,0.0,26.573,7099.541,0.0
4.5580,30.3865639368693,0.0,26.573,7099.541,0.0
4.5647,30.431615511576332,0.0,27.524,7195.605,0.0
4.5716,30.47748406728109,0.0,27.524,7195.605,0.0
4.5767,30.511503219604492,0.0,27.524,7195.605,0.0
4.5818,30.545617739359535,0.0,27.524,7195.605,0.0
4.5869,30.57959715525309,0.0,28.065,7290.527,0.0
4.5958,30.638820330301918,0.0,28.065,7290.527,0.0
4.6009,30.672734578450523,0.0,28.065,7290.527,0.0
4.6077,30.717927614847817,0.0,27.956,7369.189,0.0
4.6156,30.77070713043213,0.0,27.956,7369.189,0.0
4.6217,30.811001459757485,0.0,27.956,7369.189,0.0
4.6267,30.84498405456543,0.0,27.864,7451.455,0.0
4.6366,30.910731951395668,0.0,27.864,7451.455,0.0
4.6417,30.94465891520182,0.0,27.864,7451.455,0.0
4.6468,30.978546142578125,0.0,27.864,7451.455,0.0
4.6519,31.01242701212565,0.0,28.046,7546.904,0.0
4.6606,31.07065518697103,0.0,28.046,7546.904,0.0
4.6657,31.104561487833656,0.0,28.046,7546.904,0.0
4.6736,31.157590548197426,0.0,28.363,7627.676,0.0
4.6806,31.20401382446289,0.0,28.363,7627.676,0.0
4.6857,31.237937609354653,0.0,28.363,7627.676,0.0
4.6908,31.27182642618815,0.0,28.363,7627.676,0.0
4.6959,31.305699348449707,0.0,28.33,7723.301,0.0
4.7048,31.36526107788086,0.0,28.33,7723.301,0.0
4.7116,31.410373051961265,0.0,28.33,7723.301,0.0
4.7166,31.444271405537926,0.0,28.33,7723.301,0.0
4.7217,31.478147506713867,0.0,29.131,7825.693,0.0
4.7309,31.539077758789062,0.0,29.131,7825.693,0.0
4.7360,31.573012669881187,0.0,29.131,7825.693,0.0
4.7411,31.6070286432902,0.0,28.641,7902.51,0.0
4.7488,31.658614476521812,0.0,28.641,7902.51,0.0
4.7539,31.692519187927246,0.0,28.641,7902.51,0.0
4.7590,31.726398468017578,0.0,28.641,7902.51,0.0
4.7640,31.760269800821938,0.0,29.604,8007.539,0.0
4.7728,31.81854248046875,0.0,29.604,8007.539,0.0
4.7779,31.852529843648277,0.0,29.604,8007.539,0.0
4.7835,31.890180905659996,0.0,30.025,8092.881,0.0
4.7926,31.950553258260094,0.0,30.025,8092.881,0.0
4.7977,31.984461148579918,0.0,30.025,8092.881,0.0
4.8028,32.01834519704183,0.0,30.025,8092.881,0.0
4.8093,32.06204891204834,0.0,30.69,8199.229,0.0
4.8166,32.11052258809408,0.0,30.69,8199.229,0.0
4.8217,32.14442729949951,0.0,30.69,8199.229,0.0
4.8268,32.178427378336586,0.0,30.69,8199.229,0.0
4.8319,32.21252282460531,0.0,30.636,8301.094,0.0
4.8406,32.27055549621582,0.0,30.636,8301.094,0.0
4.8457,32.304474512736,0.0,30.636,8301.094,0.0
4.8508,32.338358561197914,0.0,30.636,8301.094,0.0
4.8558,32.37223466237386,0.0,30.389,8402.52,0.0
4.8646,32.43051846822103,0.0,30.389,8402.52,0.0
4.8697,32.46442159016927,0.0,30.389,8402.52,0.0
4.8748,32.49840895334879,0.0,30.389,8402.52,0.0
4.8799,32.5324821472168,0.0,29.124,8496.123,0.0
4.8908,32.60554790496826,0.0,29.124,8496.123,0.0
4.8959,32.63946692148844,0.0,29.124,8496.123,0.0
4.9010,32.67334461212158,0.0,29.414,8581.816,0.0
4.9088,32.725019454956055,0.0,29.414,8581.816,0.0
4.9138,32.75892575581869,0.0,29.414,8581.816,0.0
4.9189,32.79280503590902,0.0,29.414,8581.816,0.0
4.9240,32.82677968343099,0.0,30.475,8688.34,0.0
4.9328,32.885138193766274,0.0,30.475,8688.34,0.0
4.9379,32.91905085245768,0.0,30.475,8688.34,0.0
4.9434,32.956271171569824,0.0,29.891,8767.793,0.0
4.9528,33.01842053731283,0.0,29.891,8767.793,0.0
4.9578,33.05231889088949,0.0,29.891,8767.793,0.0
4.9629,33.08619658152262,0.0,29.891,8767.793,0.0
4.9680,33.12006950378418,0.0,29.839,8870.889,0.0
4.9766,33.17715326944987,0.0,29.839,8870.889,0.0
4.9817,33.21121692657471,0.0,29.839,8870.889,0.0
4.9868,33.245178858439125,0.0,29.839,8870.889,0.0
4.9919,33.279083569844566,0.0,30.634,8969.502,0.0
5.0007,33.337697982788086,0.0,30.634,8969.502,0.0
5.0073,33.381757736206055,0.0,30.634,8969.502,0.0
5.0124,33.41595013936361,0.0,30.883,9059.063,0.0
5.0196,33.46404870351156,0.0,30.883,9059.063,0.0
5.0247,33.498260180155434,0.0,30.883,9059.063,0.0
5.0299,33.53245576222738,0.0,30.883,9059.063,0.0
5.0350,33.566433588663735,0.0,30.242,9157.939,0.0
5.0436,33.62374941507975,0.0,30.242,9157.939,0.0
5.0507,33.67136478424072,0.0,30.242,9157.939,0.0
5.0558,33.70525995890299,0.0,29.901,9250.4,0.0
5.0656,33.77034982045492,0.0,29.901,9250.4,0.0
5.0706,33.804237047831215,0.0,29.901,9250.4,0.0
5.0757,33.83822758992513,0.0,30.655,9339.785,0.0
5.0858,33.90503247578939,0.0,30.655,9339.785,0.0
5.0908,33.93894990285238,0.0,30.655,9339.785,0.0
5.0959,33.97283395131429,0.0,30.539,9428.379,0.0
5.1077,34.05138333638509,0.0,30.539,9428.379,0.0
5.1143,34.095160166422524,0.0,30.539,9428.379,0.0
5.1194,34.12906805674235,0.0,30.717,9515.654,0.0
5.1266,34.17733669281006,0.0,30.717,9515.654,0.0
5.1317,34.21146869659424,0.0,30.717,9515.654,0.0
5.1368,34.24546082814535,0.0,31.269,9606.182,0.0
5.1465,34.31031862894694,0.0,31.269,9606.182,0.0
5.1516,34.34426466623942,0.0,31.269,9606.182,0.0
5.1567,34.37824249267578,0.0,31.269,9606.182,0.0
5.1624,34.41617647806803,0.0,31.12,9701.191,0.0
5.1685,34.45695718129476,0.0,31.12,9701.191,0.0
5.1736,34.4909938176473,0.0,31.12,9701.191,0.0
5.1788,34.525369008382164,0.0,32.505,9799.717,0.0
5.1886,34.590352376302086,0.0,32.505,9799.717,0.0
5.1936,34.62430159250895,0.0,32.505,9799.717,0.0
5.1987,34.658214251200356,0.0,32.505,9799.717,0.0
5.2038,34.692114194234215,0.0,33.339,9918.369,0.0
5.2156,34.770730336507164,0.0,33.339,9918.369,0.0
5.2207,34.80466365814209,0.0,33.339,9918.369,0.0
5.2258,34.83855406443278,0.0,33.649,10014.697,0.0
5.2336,34.89035288492838,0.0,33.649,10014.697,0.0
5.2386,34.92426077524821,0.0,33.649,10014.697,0.0
5.2437,34.95815912882487,0.0,33.885,10110.938,0.0
5.2535,35.02365589141846,0.0,33.885,10110.938,0.0
5.2586,35.05755106608073,0.0,33.885,10110.938,0.0
5.2637,35.09153207143148,0.0,33.885,10110.938,0.0
5.2697,35.131405194600426,0.0,34.437,10218.604,0.0
5.2758,35.172130266825356,0.0,34.437,10218.604,0.0
5.2809,35.20604451497396,0.0,34.437,10218.604,0.0
5.2860,35.239928563435875,0.0,34.437,10218.604,0.0
5.2911,35.273820559183754,0.0,33.757,10329.521,0.0
5.2995,35.330305099487305,0.0,33.757,10329.521,0.0
5.3046,35.36420822143555,0.0,33.757,10329.521,0.0
5.3112,35.4079262415568,0.0,33.757,10329.521,0.0
5.3163,35.44182777404785,0.0,33.678,10444.658,0.0
5.3256,35.50386428833008,0.0,33.678,10444.658,0.0
5.3307,35.53778489430746,0.0,33.678,10444.658,0.0
5.3358,35.57168324788412,0.0,34.759,10545.205,0.0
5.3435,35.62363465627035,0.0,34.759,10545.205,0.0
5.3486,35.65752665201823,0.0,34.759,10545.205,0.0
5.3537,35.69141228993734,0.0,34.759,10545.205,0.0
5.3588,35.72527885437012,0.0,33.746,10654.629,0.0
5.3675,35.783613522847496,0.0,33.746,10654.629,0.0
5.3726,35.817505518595375,0.0,33.746,10654.629,0.0
5.3805,35.870134035746254,0.0,33.697,10759.658,0.0
5.3895,35.9302028020223,0.0,33.697,10759.658,0.0
5.3946,35.96411546071371,0.0,33.697,10759.658,0.0
5.3997,35.99802176157633,0.0,34.536,10860.645,0.0
5.4095,36.06353759765625,0.0,34.536,10860.645,0.0
5.4161,36.107211112976074,0.0,34.536,10860.645,0.0
5.4212,36.141112645467125,0.0,34.536,10860.645,0.0
5.4263,36.17502530415853,0.0,34.916,10979.033,0.0
5.4356,36.23717943827311,0.0,34.916,10979.033,0.0
5.4407,36.27108256022135,0.0,34.916,10979.033,0.0
5.4457,36.304969787597656,0.0,34.916,10979.033,0.0
5.4508,36.33885860443115,0.0,34.944,11096.367,0.0
5.4575,36.38366540273031,0.0,34.944,11096.367,0.0
5.4626,36.41756534576416,0.0,34.944,11096.367,0.0
5.4677,36.45146528879801,0.0,34.865,11194.805,0.0
5.4775,36.516855557759605,0.0,34.865,11194.805,0.0
5.4826,36.55076662699381,0.0,34.865,11194.805,0.0
5.4882,36.58782482147217,0.0,34.865,11194.805,0.0
5.4933,36.62172794342041,0.0,34.394,11293.945,0.0
5.4993,36.66212876637777,0.0,34.394,11293.945,0.0
5.5044,36.69602076212565,0.0,34.394,11293.945,0.0
5.5110,36.74007256825765,0.0,34.394,11293.945,0.0
5.5161,36.77427132924398,0.0,34.231,11409.434,0.0
5.5226,36.817003885904946,0.0,34.231,11409.434,0.0
5.5277,36.8513552347819,0.0,34.231,11409.434,0.0
5.5330,36.88669045766195,0.0,33.357,11505.322,0.0
5.5446,36.964165369669594,0.0,33.357,11505.322,0.0
5.5497,36.99816068013509,0.0,33.357,11505.322,0.0
5.5548,37.03207810719808,0.0,34.847,11609.736,0.0
5.5635,37.090257008870445,0.0,34.847,11609.736,0.0
5.5686,37.124269803365074,0.0,34.847,11609.736,0.0
5.5737,37.15827306111654,0.0,34.847,11609.736,0.0
5.5788,37.19220002492269,0.0,35.555,11730.41,0.0
5.5875,37.25001494089762,0.0,35.555,11730.41,0.0
5.5931,37.2871208190918,0.0,35.555,11730.41,0.0
5.5982,37.3210334777832,0.0,35.631,11831.572,0.0
5.6075,37.383548418680824,0.0,35.631,11831.572,0.0
5.6141,37.42739677429199,0.0,35.631,11831.572,0.0
5.6192,37.461323738098145,0.0,35.631,11831.572,0.0
5.6243,37.49532222747803,0.0,36.306,11956.553,0.0
5.6315,37.543439865112305,0.0,36.306,11956.553,0.0
5.6366,37.577341397603355,0.0,36.306,11956.553,0.0
5.6417,37.611233393351235,0.0,36.56,12060.791,0.0
5.6536,37.69035816192627,0.0,36.56,12060.791,0.0
5.6587,37.72446791330973,0.0,36.56,12060.791,0.0
5.6638,37.75843620300293,0.0,36.56,12060.791,0.0
5.6689,37.79235998789469,0.0,36.236,12181.113,0.0
5.6755,37.83682187398275,0.0,36.236,12181.113,0.0
5.6806,37.87083943684896,0.0,36.236,12181.113,0.0
5.6857,37.90492375691732,0.0,36.236,12181.113,0.0
5.6908,37.938899993896484,0.0,37.199,12310.488,0.0
5.7015,38.01032702128092,0.0,37.199,12310.488,0.0
5.7081,38.054145177205406,0.0,37.199,12310.488,0.0
5.7132,38.08814843495687,0.0,37.436,12415.342,0.0
5.7195,38.1301212310791,0.0,37.436,12415.342,0.0
5.7246,38.1640370686849,0.0,37.436,12415.342,0.0
5.7297,38.19792906443278,0.0,37.436,12415.342,0.0
5.7348,38.23180675506592,0.0,36.777,12537.422,0.0
5.7435,38.28987121582031,0.0,36.777,12537.422,0.0
5.7486,38.32376956939697,0.0,36.777,12537.422,0.0
5.7536,38.35765520731608,0.0,36.777,12537.422,0.0
5.7592,38.394742012023926,0.0,38.433,12658.623,0.0
5.7653,38.43508720397949,0.0,38.433,12658.623,0.0
5.7703,38.46886952718099,0.0,38.433,12658.623,0.0
5.7754,38.50275834401449,0.0,38.339,12762.598,0.0
5.7845,38.56327215830485,0.0,38.339,12762.598,0.0
5.7896,38.59718004862467,0.0,38.339,12762.598,0.0
5.7947,38.63107204437256,0.0,38.339,12762.598,0.0
5.7997,38.66495927174886,0.0,37.806,12890.215,0.0
5.8085,38.723111152648926,0.0,37.806,12890.215,0.0
5.8155,38.770202000935875,0.0,37.806,12890.215,0.0
5.8206,38.804117838541664,0.0,37.806,12890.215,0.0
5.8257,38.83800983428955,0.0,38.626,13023.457,0.0
5.8325,38.88321081797282,0.0,38.626,13023.457,0.0
5.8376,38.91711552937826,0.0,38.626,13023.457,0.0
5.8426,38.95099004109701,0.0,38.097,13127.168,0.0
5.8525,39.01644388834635,0.0,38.097,13127.168,0.0
5.8576,39.05033906300863,0.0,38.097,13127.168,0.0
5.8626,39.08421675364176,0.0,38.097,13127.168,0.0
5.8686,39.124180475870766,0.0,37.262,13240.371,0.0
5.8747,39.16451613108317,0.0,37.262,13240.371,0.0
5.8798,39.19841607411703,0.0,37.262,13240.371,0.0
5.8848,39.232306480407715,0.0,37.262,13240.371,0.0
5.8899,39.26618576049805,0.0,38.674,13377.656,0.0
5.8985,39.323035875956215,0.0,38.674,13377.656,0.0
5.9035,39.35694535573324,0.0,38.674,13377.656,0.0
5.9101,39.40067768096924,0.0,38.674,13377.656,0.0
5.9152,39.4345760345459,0.0,38.496,13503.691,0.0
5.9245,39.49676195780436,0.0,38.496,13503.691,0.0
5.9296,39.53066825866699,0.0,38.496,13503.691,0.0
5.9347,39.56455707550049,0.0,37.989,13610.83,0.0
5.9424,39.616312980651855,0.0,37.989,13610.83,0.0
5.9475,39.65022563934326,0.0,37.989,13610.83,0.0
5.9526,39.68411445617676,0.0,37.989,13610.83,0.0
5.9577,39.71799532572428,0.0,39.607,13750.313,0.0
5.9664,39.77630774180094,0.0,39.607,13750.313,0.0
5.9715,39.810215632120766,0.0,39.607,13750.313,0.0
5.9786,39.85733509063721,0.0,39.295,13868.35,0.0
5.9884,39.92297808329264,0.0,39.295,13868.35,0.0
5.9935,39.956868489583336,0.0,39.295,13868.35,0.0
5.9986,39.99074776967367,0.0,38.779,13977.422,0.0
0.0000,40.0,0.0,38.779,13977.422,0.0
0.0066,40.0,0.0,38.779,13977.422,0.0
0.0117,40.0,0.0,38.779,13977.422,0.0
0.0167,40.0,0.0,39.979,14116.113,0.0
0.0260,40.0,0.0,39.979,14116.113,0.0
0.0311,40.0,0.0,39.979,14116.113,0.0
0.0362,40.0,0.0,39.979,14116.113,0.0
0.0413,40.0,0.0,38.721,14241.357,0.0
0.0479,40.0,0.0,38.721,14241.357,0.0
0.0530,40.0,0.0,38.721,14241.357,0.0
0.0581,40.0,0.0,39.155,14354.561,0.0
0.0679,40.0,0.0,39.155,14354.561,0.0
0.0730,40.0,0.0,39.155,14354.561,0.0
0.0786,40.0,0.0,39.155,14354.561,0.0
0.0837,40.0,0.0,40.48,14478.398,0.0
0.0897,40.0,0.0,40.48,14478.398,0.0
0.0948,40.0,0.0,40.48,14478.398,0.0
0.0999,40.0,0.0,40.48,14478.398,0.0
0.1050,40.0,0.0,39.929,14609.619,0.0
0.1129,40.0,0.0,39.929,14609.619,0.0
0.1180,40.0,0.0,39.929,14609.619,0.0
0.1231,40.0,0.0,39.616,14727.129,0.0
0.1350,40.0,0.0,39.616,14727.129,0.0
0.1401,40.0,0.0,39.616,14727.129,0.0
0.1452,40.0,0.0,39.956,14839.805,0.0
0.1539,40.0,0.0,39.956,14839.805,0.0
0.1590,40.0,0.0,39.956,14839.805,0.0
0.1641,40.0,0.0,39.956,14839.805,0.0
0.1692,40.0,0.0,39.0,14967.598,0.0
0.1779,40.0,0.0,39.0,14967.598,0.0
0.1835,40.0,0.0,39.0,14967.598,0.0
0.1886,40.0,0.0,38.908,15077.285,0.0
0.1979,40.0,0.0,38.908,15077.285,0.0
0.2030,40.0,0.0,38.908,15077.285,0.0
0.2096,40.0,0.0,38.908,15077.285,0.0
0.2147,40.0,0.0,40.057,15216.592,0.0
0.2219,40.0,0.0,40.057,15216.592,0.0
0.2270,40.0,0.0,40.057,15216.592,0.0
0.2321,40.0,0.0,39.384,15326.895,0.0
0.2440,40.0,0.0,39.384,15326.895,0.0
0.2491,40.0,0.0,39.384,15326.895,0.0
0.2542,40.0,0.0,39.623,15443.35,0.0
0.2630,40.0,0.0,39.623,15443.35,0.0
0.2680,40.0,0.0,39.623,15443.35,0.0
0.2731,40.0,0.0,39.623,15443.35,0.0
0.2782,40.0,0.0,40.47,15581.338,0.0
0.2869,40.0,0.0,40.47,15581.338,0.0
0.2925,40.0,0.0,40.47,15581.338,0.0
0.2976,40.0,0.0,40.47,15581.338,0.0
0.3027,40.0,0.0,38.567,15704.736,0.0
0.3109,40.0,0.0,38.567,15704.736,0.0
0.3160,40.0,0.0,38.567,15704.736,0.0
0.3211,40.0,0.0,38.764,15817.324,0.0
0.3311,40.0,0.0,38.764,15817.324,0.0
0.3362,40.0,0.0,38.764,15817.324,0.0
0.3413,40.0,0.0,39.18,15927.715,0.0
0.3529,40.0,0.0,39.18,15927.715,0.0
0.3580,40.0,0.0,39.18,15927.715,0.0
0.3631,40.0,0.0,39.18,15927.715,0.0
0.3682,40.0,0.0,38.773,16057.705,0.0
0.3749,40.0,0.0,38.773,16057.705,0.0
0.3800,40.0,0.0,38.773,16057.705,0.0
0.3852,40.0,0.0,38.773,16057.705,0.0
0.3903,40.0,0.0,40.106,16198.242,0.0
0.4010,40.0,0.0,40.106,16198.242,0.0
0.4076,40.0,0.0,40.106,16198.242,0.0
0.4127,40.0,0.0,40.106,16198.242,0.0
0.4178,40.0,0.0,40.929,16337.725,0.0
0.4239,40.0,0.0,40.929,16337.725,0.0
0.4290,40.0,0.0,40.929,16337.725,0.0
0.4341,40.0,0.0,40.661,16452.07,0.0
0.4429,40.0,0.0,40.661,16452.07,0.0
0.4481,40.0,0.0,40.661,16452.07,0.0
0.4532,40.0,0.0,40.661,16452.07,0.0
0.4587,40.0,0.0,40.983,16573.799,0.0
0.4648,40.0,0.0,40.983,16573.799,0.0
0.4698,40.0,0.0,40.983,16573.799,0.0
0.4749,40.0,0.0,40.983,16573.799,0.0
0.4800,40.0,0.0,39.556,16701.855,0.0
0.4879,40.0,0.0,39.556,16701.855,0.0
0.4930,40.0,0.0,39.556,16701.855,0.0
0.4981,40.0,0.0,39.065,16810.928,0.0
0.5079,40.0,0.0,39.065,16810.928,0.0
0.5150,40.0,0.0,39.065,16810.928,0.0
0.5202,40.0,0.0,39.065,16810.928,0.0
0.5253,40.0,0.0,39.965,16948.916,0.0
0.5319,40.0,0.0,39.965,16948.916,0.0
0.5370,40.0,0.0,39.965,16948.916,0.0
0.5421,40.0,0.0,39.31,17055.879,0.0
0.5519,40.0,0.0,39.31,17055.879,0.0
0.5570,40.0,0.0,39.31,17055.879,0.0
0.5621,40.0,0.0,38.965,17176.377,0.0
0.5739,40.0,0.0,38.965,17176.377,0.0
0.5790,40.0,0.0,38.965,17176.377,0.0
0.5841,40.0,0.0,39.805,17291.602,0.0
0.5939,40.0,0.0,39.805,17291.602,0.0
0.5990,40.0,0.0,39.805,17291.602,0.0
0.6041,40.0,0.0,39.805,17291.602,0.0
0.6106,40.0,0.0,39.666,17423.701,0.0
0.6179,40.0,0.0,39.666,17423.701,0.0
0.6234,40.0,0.0,39.666,17423.701,0.0
0.6285,40.0,0.0,38.664,17529.521,0.0
0.6381,40.0,0.0,38.664,17529.521,0.0
0.6432,40.0,0.0,38.664,17529.521,0.0
0.6483,40.0,0.0,38.664,17529.521,0.0
0.6534,40.0,0.0,39.09,17662.764,0.0
0.6619,40.0,0.0,39.09,17662.764,0.0
0.6670,40.0,0.0,39.09,17662.764,0.0
0.6741,40.0,0.0,38.172,17773.242,0.0
0.6829,40.0,0.0,38.172,17773.242,0.0
0.6880,40.0,0.0,38.172,17773.242,0.0
0.6930,40.0,0.0,38.172,17773.242,0.0
0.6981,40.0,0.0,38.656,17904.639,0.0
0.7069,40.0,0.0,38.656,17904.639,0.0
0.7134,40.0,0.0,38.656,17904.639,0.0
0.7185,40.0,0.0,38.656,17904.639,0.0
0.7236,40.0,0.0,39.109,18038.76,0.0
0.7301,40.0,0.0,39.109,18038.76,0.0
0.7356,40.0,0.0,39.109,18038.76,0.0
0.7407,40.0,0.0,39.109,18038.76,0.0
0.7458,40.0,0.0,39.533,18151.523,0.0
0.7519,40.0,0.0,39.533,18151.523,0.0
0.7570,40.0,0.0,39.533,18151.523,0.0
0.7620,40.0,0.0,39.083,18258.662,0.0
0.7709,40.0,0.0,39.083,18258.662,0.0
0.7759,40.0,0.0,39.083,18258.662,0.0
0.7815,40.0,0.0,39.083,18258.662,0.0
0.7866,40.0,0.0,39.083,18374.766,0.0
0.7926,40.0,0.0,39.083,18374.766,0.0
0.7977,40.0,0.0,39.083,18374.766,0.0
0.8028,40.0,0.0,39.083,18374.766,0.0
0.8094,40.0,0.0,39.368,18508.535,0.0
0.8159,40.0,0.0,39.368,18508.535,0.0
0.8209,40.0,0.0,39.368,18508.535,0.0
0.8260,40.0,0.0,39.368,18508.535,0.0
0.8311,40.0,0.0,38.53,18623.408,0.0
0.8372,40.0,0.0,38.53,18623.408,0.0
0.8427,40.0,0.0,38.53,18623.408,0.0
0.8478,40.0,0.0,37.927,18730.371,0.0
0.8578,40.0,0.0,37.927,18730.371,0.0
0.8629,40.0,0.0,37.927,18730.371,0.0
0.8680,40.0,0.0,37.927,18730.371,0.0
0.8731,40.0,0.0,38.892,18865.195,0.0
0.8818,40.0,0.0,38.892,18865.195,0.0
0.8898,40.0,0.0,38.892,18865.195,0.0
0.8949,40.0,0.0,39.417,18983.145,0.0
0.9020,40.0,0.0,39.417,18983.145,0.0
0.9086,40.0,0.0,39.417,18983.145,0.0
0.9137,40.0,0.0,39.417,18983.145,0.0
0.9188,40.0,0.0,40.54,19123.857,0.0
0.9268,40.0,0.0,40.54,19123.857,0.0
0.9319,40.0,0.0,40.54,19123.857,0.0
0.9370,40.0,0.0,40.54,19123.857,0.0
0.9421,40.0,0.0,40.24,19245.498,0.0
0.9481,40.0,0.0,40.24,19245.498,0.0
0.9537,40.0,0.0,40.24,19245.498,0.0
0.9588,40.0,0.0,39.282,19353.955,0.0
0.9688,40.0,0.0,39.282,19353.955,0.0
0.9739,40.0,0.0,39.282,19353.955,0.0
0.9790,40.0,0.0,39.282,19353.955,0.0
0.9841,40.0,0.0,39.007,19483.682,0.0
0.9920,40.0,0.0,39.007,19483.682,0.0
0.9971,40.0,0.0,39.007,19483.682,0.0
1.0027,40.0,0.0,38.223,19593.809,0.0
1.0131,40.0,0.0,38.223,19593.809,0.0
1.0182,40.0,0.0,38.223,19593.809,0.0
1.0234,40.0,0.0,38.223,19593.809,0.0
1.0284,40.0,0.0,38.842,19707.012,0.0
1.0345,40.0,0.0,38.842,19707.012,0.0
1.0396,40.0,0.0,38.842,19707.012,0.0
1.0447,40.0,0.0,38.842,19707.012,0.0
1.0498,40.0,0.0,39.766,19848.867,0.0
1.0580,40.0,0.0,39.766,19848.867,0.0
1.0636,40.0,0.0,39.766,19848.867,0.0
1.0687,40.0,0.0,39.766,19848.867,0.0
1.0738,40.0,0.0,39.93,19961.895,0.0
1.0799,40.0,0.0,39.93,19961.895,0.0
1.0850,40.0,0.0,39.93,19961.895,0.0
1.0900,40.0,0.0,39.934,20073.867,0.0
1.0988,40.0,0.0,39.934,20073.867,0.0
1.1039,40.0,0.0,39.934,20073.867,0.0
1.1110,40.0,0.0,39.492,20188.74,0.0
1.1191,40.0,0.0,39.492,20188.74,0.0
1.1241,40.0,0.0,39.492,20188.74,0.0
1.1292,40.0,0.0,39.492,20188.74,0.0
1.1343,40.0,0.0,39.794,20324.443,0.0
1.1430,40.0,0.0,39.794,20324.443,0.0
1.1481,40.0,0.0,39.794,20324.443,0.0
1.1532,40.0,0.0,39.794,20324.443,0.0
1.1583,40.0,0.0,38.383,20431.143,0.0
1.1643,40.0,0.0,38.383,20431.143,0.0
1.1699,40.0,0.0,38.383,20431.143,0.0
1.1750,40.0,0.0,38.383,20431.143,0.0
1.1800,40.0,0.0,38.999,20551.992,0.0
1.1861,40.0,0.0,38.999,20551.992,0.0
1.1912,40.0,0.0,38.999,20551.992,0.0
1.1963,40.0,0.0,40.076,20667.217,0.0
1.2050,40.0,0.0,40.076,20667.217,0.0
1.2116,40.0,0.0,40.076,20667.217,0.0
1.2167,40.0,0.0,40.076,20667.217,0.0
1.2222,40.0,0.0,39.07,20794.746,0.0
1.2290,40.0,0.0,39.07,20794.746,0.0
1.2341,40.0,0.0,39.07,20794.746,0.0
1.2392,40.0,0.0,39.07,20794.746,0.0
1.2443,40.0,0.0,39.962,20912.256,0.0
1.2503,40.0,0.0,39.962,20912.256,0.0
1.2554,40.0,0.0,39.962,20912.256,0.0
1.2605,40.0,0.0,39.962,20912.256,0.0
1.2656,40.0,0.0,39.962,20912.256,0.0
1.2720,40.0,0.0,39.726,21052.969,0.0
1.2780,40.0,0.0,39.726,21052.969,0.0
1.2831,40.0,0.0,39.726,21052.969,0.0
1.2882,40.0,0.0,38.712,21162.041,0.0
1.2950,40.0,0.0,38.712,21162.041,0.0
1.3001,40.0,0.0,38.712,21162.041,0.0
1.3067,40.0,0.0,38.712,21162.041,0.0
1.3117,40.0,0.0,39.586,21298.096,0.0
1.3190,40.0,0.0,39.586,21298.096,0.0
1.3268,40.0,0.0,39.586,21298.096,0.0
1.3319,40.0,0.0,39.169,21417.188,0.0
1.3410,40.0,0.0,39.169,21417.188,0.0
1.3461,40.0,0.0,39.169,21417.188,0.0
1.3512,40.0,0.0,39.169,21417.188,0.0
1.3562,40.0,0.0,38.713,21525.908,0.0
1.3623,40.0,0.0,38.713,21525.908,0.0
1.3674,40.0,0.0,38.713,21525.908,0.0
1.3725,40.0,0.0,38.713,21525.908,0.0
1.3780,40.0,0.0,40.14,21665.566,0.0
1.3850,40.0,0.0,40.14,21665.566,0.0
1.3901,40.0,0.0,40.14,21665.566,0.0
1.3952,40.0,0.0,40.14,21665.566,0.0
1.4002,40.0,0.0,40.251,21801.094,0.0
1.4090,40.0,0.0,40.251,21801.094,0.0
1.4141,40.0,0.0,40.251,21801.094,0.0
1.4192,40.0,0.0,40.251,21801.094,0.0
1.4242,40.0,0.0,39.977,21913.242,0.0
1.4303,40.0,0.0,39.977,21913.242,0.0
1.4358,40.0,0.0,39.977,21913.242,0.0
1.4409,40.0,0.0,39.977,21913.242,0.0
1.4460,40.0,0.0,40.414,22051.055,0.0
1.4530,40.0,0.0,40.414,22051.055,0.0
1.4581,40.0,0.0,40.414,22051.055,0.0
1.4631,40.0,0.0,40.414,22051.055,0.0
1.4682,40.0,0.0,39.288,22155.029,0.0
1.4743,40.0,0.0,39.288,22155.029,0.0
1.4794,40.0,0.0,39.288,22155.029,0.0
1.4844,40.0,0.0,39.288,22155.029,0.0
1.4900,40.0,0.0,38.023,22281.855,0.0
1.4970,40.0,0.0,38.023,22281.855,0.0
1.5021,40.0,0.0,38.023,22281.855,0.0
1.5087,40.0,0.0,38.023,22281.855,0.0
1.5138,40.0,0.0,39.73,22421.338,0.0
1.5210,40.0,0.0,39.73,22421.338,0.0
1.5261,40.0,0.0,39.73,22421.338,0.0
1.5312,40.0,0.0,39.73,22421.338,0.0
1.5363,40.0,0.0,39.526,22530.146,0.0
1.5424,40.0,0.0,39.526,22530.146,0.0
1.5479,40.0,0.0,39.526,22530.146,0.0
1.5530,40.0,0.0,39.627,22648.447,0.0
1.5620,40.0,0.0,39.627,22648.447,0.0
1.5671,40.0,0.0,39.627,22648.447,0.0
1.5721,40.0,0.0,39.627,22648.447,0.0
1.5772,40.0,0.0,40.485,22787.666,0.0
1.5860,40.0,0.0,40.485,22787.666,0.0
1.5911,40.0,0.0,40.485,22787.666,0.0
1.5978,40.0,0.0,39.137,22891.201,0.0
1.6060,40.0,0.0,39.137,22891.201,0.0
1.6125,40.0,0.0,39.137,22891.201,0.0
1.6176,40.0,0.0,39.137,22891.201,0.0
1.6227,40.0,0.0,39.663,23029.014,0.0
1.6299,40.0,0.0,39.663,23029.014,0.0
1.6350,40.0,0.0,39.663,23029.014,0.0
1.6401,40.0,0.0,39.663,23029.014,0.0
1.6452,40.0,0.0,39.658,23144.326,0.0
1.6513,40.0,0.0,39.658,23144.326,0.0
1.6569,40.0,0.0,39.658,23144.326,0.0
1.6620,40.0,0.0,39.658,23144.326,0.0
1.6671,40.0,0.0,37.979,23250.059,0.0
1.6733,40.0,0.0,37.979,23250.059,0.0
1.6784,40.0,0.0,37.979,23250.059,0.0
1.6835,40.0,0.0,38.901,23365.283,0.0
1.6920,40.0,0.0,38.901,23365.283,0.0
1.6971,40.0,0.0,38.901,23365.283,0.0
1.7022,40.0,0.0,40.465,23490.176,0.0
1.7138,40.0,0.0,40.465,23490.176,0.0
1.7189,40.0,0.0,40.465,23490.176,0.0
1.7240,40.0,0.0,40.465,23490.176,0.0
1.7291,40.0,0.0,40.29,23622.891,0.0
1.7370,40.0,0.0,40.29,23622.891,0.0
1.7420,40.0,0.0,40.29,23622.891,0.0
1.7471,40.0,0.0,40.29,23622.891,0.0
1.7522,40.0,0.0,40.183,23737.588,0.0
1.7583,40.0,0.0,40.183,23737.588,0.0
1.7634,40.0,0.0,40.183,23737.588,0.0
1.7690,40.0,0.0,40.183,23737.588,0.0
1.7743,40.0,0.0,40.23,23861.074,0.0
1.7804,40.0,0.0,40.23,23861.074,0.0
1.7855,40.0,0.0,40.23,23861.074,0.0
1.7906,40.0,0.0,40.23,23861.074,0.0
1.7957,40.0,0.0,38.474,23984.297,0.0
1.8030,40.0,0.0,38.474,23984.297,0.0
1.8098,40.0,0.0,38.474,23984.297,0.0
1.8149,40.0,0.0,38.885,24098.115,0.0
1.8233,40.0,0.0,38.885,24098.115,0.0
1.8284,40.0,0.0,38.885,24098.115,0.0
1.8335,40.0,0.0,38.885,24098.115,0.0
1.8386,40.0,0.0,39.297,24208.506,0.0
1.8446,40.0,0.0,39.297,24208.506,0.0
1.8497,40.0,0.0,39.297,24208.506,0.0
1.8548,40.0,0.0,39.297,24208.506,0.0
1.8599,40.0,0.0,38.954,24339.111,0.0
1.8669,40.0,0.0,38.954,24339.111,0.0
1.8725,40.0,0.0,38.954,24339.111,0.0
1.8776,40.0,0.0,38.954,24339.111,0.0
1.8827,40.0,0.0,40.461,24465.41,0.0
1.8887,40.0,0.0,40.461,24465.41,0.0
1.8938,40.0,0.0,40.461,24465.41,0.0
1.8989,40.0,0.0,40.816,24579.844,0.0
1.9079,40.0,0.0,40.816,24579.844,0.0
1.9145,40.0,0.0,40.816,24579.844,0.0
1.9196,40.0,0.0,39.347,24689.443,0.0
1.9308,40.0,0.0,39.347,24689.443,0.0
1.9359,40.0,0.0,39.347,24689.443,0.0
1.9410,40.0,0.0,39.347,24689.443,0.0
1.9461,40.0,0.0,39.489,24825.762,0.0
1.9529,40.0,0.0,39.489,24825.762,0.0
1.9580,40.0,0.0,39.489,24825.762,0.0
1.9631,40.0,0.0,39.489,24825.762,0.0
1.9681,40.0,0.0,39.154,24932.725,0.0
1.9742,40.0,0.0,39.154,24932.725,0.0
1.9797,40.0,0.0,39.154,24932.725,0.0
1.9848,40.0,0.0,39.154,24932.725,0.0
1.9899,40.0,0.0,38.322,25059.287,0.0
1.9969,40.0,0.0,38.322,25059.287,0.0
0.0000,39.99999523162842,0.0,38.322,25059.287,0.0
0.0066,39.95601177215576,0.0,38.322,25059.287,0.0
0.0117,39.92175102233887,0.0,39.546,25197.715,0.0
0.0189,39.874114990234375,0.0,39.546,25197.715,0.0
0.0240,39.84019915262858,0.0,39.546,25197.715,0.0
0.0291,39.806319872538246,0.0,39.546,25197.715,0.0
0.0346,39.769250551859535,0.0,39.648,25308.984,0.0
0.0407,39.72857634226481,0.0,39.648,25308.984,0.0
0.0459,39.69431400299072,0.0,39.648,25308.984,0.0
0.0510,39.660285313924156,0.0,39.648,25308.984,0.0
0.0560,39.62634563446045,0.0,38.817,25436.338,0.0
0.0629,39.580702781677246,0.0,38.817,25436.338,0.0
0.0680,39.54667091369629,0.0,38.817,25436.338,0.0
0.0731,39.51247374216715,0.0,38.817,25436.338,0.0
0.0783,39.47826703389486,0.0,39.259,25549.98,0.0
0.0858,39.42819277445475,0.0,39.259,25549.98,0.0
0.0909,39.394213358561196,0.0,39.259,25549.98,0.0
0.0960,39.360316594441734,0.0,39.259,25549.98,0.0
0.1011,39.32629267374674,0.0,39.566,25682.871,0.0
0.1087,39.275197982788086,0.0,39.566,25682.871,0.0
0.1138,39.24115498860677,0.0,39.566,25682.871,0.0
0.1189,39.20716126759847,0.0,39.566,25682.871,0.0
0.1240,39.17313893636068,0.0,38.486,25809.258,0.0
0.1309,39.12736097971598,0.0,38.486,25809.258,0.0
0.1360,39.09334182739258,0.0,38.486,25809.258,0.0
0.1429,39.04757817586263,0.0,39.398,25930.283,0.0
0.1519,38.98751258850098,0.0,39.398,25930.283,0.0
0.1570,38.9535919825236,0.0,39.398,25930.283,0.0
0.1620,38.91970952351888,0.0,39.398,25930.283,0.0
0.1671,38.88582865397135,0.0,39.364,26061.152,0.0
0.1759,38.827460606892906,0.0,39.364,26061.152,0.0
0.1810,38.79352887471517,0.0,39.364,26061.152,0.0
0.1861,38.75961462656657,0.0,39.364,26061.152,0.0
0.1912,38.72558116912842,0.0,38.832,26191.582,0.0
0.1999,38.66752624511719,0.0,38.832,26191.582,0.0
0.2050,38.633554776509605,0.0,38.832,26191.582,0.0
0.2116,38.58956654866537,0.0,38.69,26298.633,0.0
0.2199,38.534158070882164,0.0,38.69,26298.633,0.0
0.2250,38.50001176198324,0.0,38.69,26298.633,0.0
0.2301,38.46601963043213,0.0,38.69,26298.633,0.0
0.2352,38.43209902445475,0.0,38.877,26430.996,0.0
0.2439,38.37424914042155,0.0,38.877,26430.996,0.0
0.2490,38.34033012390137,0.0,38.877,26430.996,0.0
0.2545,38.30321947733561,0.0,38.877,26430.996,0.0
0.2596,38.269097010294594,0.0,39.028,26542.617,0.0
0.2657,38.228468894958496,0.0,39.028,26542.617,0.0
0.2708,38.19441159566244,0.0,39.028,26542.617,0.0
0.2760,38.16030184427897,0.0,39.028,26542.617,0.0
0.2811,38.126298586527504,0.0,38.718,26670.938,0.0
0.2879,38.080898920694985,0.0,38.718,26670.938,0.0
0.2930,38.04691632588705,0.0,38.718,26670.938,0.0
0.2981,38.012962341308594,0.0,38.718,26785.986,0.0
0.3089,37.94086774190267,0.0,38.718,26785.986,0.0
0.3154,37.8971529006958,0.0,38.718,26785.986,0.0
0.3206,37.86287943522135,0.0,38.115,26890.84,0.0
0.3289,37.807488441467285,0.0,38.115,26890.84,0.0
0.3340,37.773475646972656,0.0,38.115,26890.84,0.0
0.3391,37.73955821990967,0.0,38.115,26890.84,0.0
0.3442,37.7056614557902,0.0,37.911,27018.281,0.0
0.3529,37.64748732248942,0.0,37.911,27018.281,0.0
0.3588,37.60815302530924,0.0,37.911,27018.281,0.0
0.3639,37.574103673299156,0.0,37.911,27018.281,0.0
0.3690,37.54019578297933,0.0,37.911,27146.689,0.0
0.3769,37.487541834513344,0.0,37.911,27146.689,0.0
0.3820,37.45362917582194,0.0,37.911,27146.689,0.0
0.3870,37.419753074645996,0.0,37.911,27146.689,0.0
0.3921,37.38581816355387,0.0,38.042,27254.707,0.0
0.3983,37.34481970469157,0.0,38.042,27254.707,0.0
0.4034,37.310895919799805,0.0,38.042,27254.707,0.0
0.4100,37.26671059926351,0.0,38.042,27254.707,0.0
0.4156,37.22919464111328,0.0,38.098,27377.578,0.0
0.4217,37.18847115834554,0.0,38.098,27377.578,0.0
0.4268,37.15456008911133,0.0,38.098,27377.578,0.0
0.4319,37.12064107259115,0.0,38.681,27489.023,0.0
0.4398,37.06774075826009,0.0,38.681,27489.023,0.0
0.4449,37.03382809956869,0.0,38.681,27489.023,0.0
0.4500,36.99995040893555,0.0,38.681,27489.023,0.0
0.4551,36.96605364481608,0.0,37.597,27611.455,0.0
0.4667,36.88875516255697,0.0,37.597,27611.455,0.0
0.4718,36.85469309488932,0.0,37.597,27611.455,0.0
0.4769,36.82066281636556,0.0,36.775,27717.363,0.0
0.4848,36.76773230234782,0.0,36.775,27717.363,0.0
0.4899,36.73380215962728,0.0,36.775,27717.363,0.0
0.4950,36.69987678527832,0.0,36.775,27717.363,0.0
0.5001,36.665897369384766,0.0,37.075,27823.799,0.0
0.5077,36.61510944366455,0.0,37.075,27823.799,0.0
0.5129,36.58035437266032,0.0,37.075,27823.799,0.0
0.5181,36.54580593109131,0.0,37.17,27928.213,0.0
0.5260,36.493539810180664,0.0,37.17,27928.213,0.0
0.5311,36.459412574768066,0.0,37.17,27928.213,0.0
0.5362,36.42521858215332,0.0,37.17,27928.213,0.0
0.5413,36.39120578765869,0.0,36.894,28051.611,0.0
0.5488,36.34108702341715,0.0,36.894,28051.611,0.0
0.5540,36.306983629862465,0.0,36.894,28051.611,0.0
0.5591,36.2728214263916,0.0,36.894,28051.611,0.0
0.5642,36.23883883158366,0.0,36.894,28051.611,0.0
0.5693,36.20493253072103,0.0,36.568,28188.896,0.0
0.5778,36.14814281463623,0.0,36.568,28188.896,0.0
0.5829,36.114230155944824,0.0,36.568,28188.896,0.0
0.5879,36.08034133911133,0.0,36.125,28289.004,0.0
0.5958,36.02788766225179,0.0,36.125,28289.004,0.0
0.6009,35.99390665690104,0.0,36.125,28289.004,0.0
0.6075,35.94995657602946,0.0,36.125,28289.004,0.0
0.6126,35.91592947642008,0.0,35.723,28408.447,0.0
0.6198,35.86780707041422,0.0,35.723,28408.447,0.0
0.6255,35.83028475443522,0.0,35.723,28408.447,0.0
0.6306,35.796311696370445,0.0,35.723,28408.447,0.0
0.6356,35.76240221659342,0.0,35.857,28531.055,0.0
0.6438,35.707852045694985,0.0,35.857,28531.055,0.0
0.6489,35.67393938700358,0.0,35.857,28531.055,0.0
0.6540,35.64005692799886,0.0,35.857,28531.055,0.0
0.6591,35.606180826822914,0.0,35.53,28628.174,0.0
0.6652,35.565334955851235,0.0,35.53,28628.174,0.0
0.6703,35.53138732910156,0.0,35.53,28628.174,0.0
0.6754,35.497498512268066,0.0,35.184,28729.424,0.0
0.6849,35.434158643086754,0.0,35.184,28729.424,0.0
0.6903,35.39799849192301,0.0,35.184,28729.424,0.0
0.6954,35.36406675974528,0.0,35.184,28729.424,0.0
0.7005,35.33013184865316,0.0,35.615,28834.102,0.0
0.7084,35.27759234110514,0.0,35.615,28834.102,0.0
0.7135,35.24357000986735,0.0,35.615,28834.102,0.0
0.7186,35.209622383117676,0.0,35.747,28934.209,0.0
0.7248,35.16791820526123,0.0,35.747,28934.209,0.0
0.7299,35.13400395711263,0.0,35.747,28934.209,0.0
0.7355,35.09687741597494,0.0,35.747,28934.209,0.0
0.7406,35.06295363108317,0.0,34.982,29049.697,0.0
0.7488,35.007988611857094,0.0,34.982,29049.697,0.0
0.7539,34.97403621673584,0.0,34.982,29049.697,0.0
0.7590,34.94007269541422,0.0,34.982,29049.697,0.0
0.7641,34.90617434183756,0.0,34.677,29167.119,0.0
0.7728,34.847873051961265,0.0,34.677,29167.119,0.0
0.7779,34.813949267069496,0.0,34.677,29167.119,0.0
0.7830,34.780060450236,0.0,34.677,29167.119,0.0
0.7881,34.74618434906006,0.0,35.492,29275.049,0.0
0.7967,34.688758850097656,0.0,35.492,29275.049,0.0
0.8018,34.65477625528971,0.0,35.492,29275.049,0.0
0.8084,34.61092631022135,0.0,34.406,29366.191,0.0
0.8145,34.56995646158854,0.0,34.406,29366.191,0.0
0.8196,34.53601996103922,0.0,34.406,29366.191,0.0
0.8247,34.502132733662926,0.0,34.406,29366.191,0.0
0.8298,34.46822166442871,0.0,34.147,29481.328,0.0
0.8378,34.414679209391274,0.0,34.147,29481.328,0.0
0.8447,34.3687375386556,0.0,34.147,29481.328,0.0
0.8498,34.33483123779297,0.0,34.478,29583.809,0.0
0.8588,34.274752934773765,0.0,34.478,29583.809,0.0
0.8639,34.24081325531006,0.0,34.478,29583.809,0.0
0.8690,34.206929206848145,0.0,34.478,29583.809,0.0
0.8740,34.173027674357094,0.0,33.738,29694.639,0.0
0.8828,34.11466598510742,0.0,33.738,29694.639,0.0
0.8879,34.080661137898765,0.0,33.738,29694.639,0.0
0.8930,34.04669443766276,0.0,33.738,29694.639,0.0
0.8981,34.01279926300049,0.0,33.145,29791.934,0.0
0.9042,33.971988360087074,0.0,33.145,29791.934,0.0
0.9113,33.924973805745445,0.0,33.145,29791.934,0.0
0.9163,33.89104207356771,0.0,32.818,29882.549,0.0
0.9238,33.84135723114014,0.0,32.818,29882.549,0.0
0.9289,33.80743662516276,0.0,32.818,29882.549,0.0
0.9340,33.773558934529625,0.0,32.818,29882.549,0.0
0.9390,33.739686012268066,0.0,33.421,29997.861,0.0
0.9478,33.68148326873779,0.0,33.421,29997.861,0.0
0.9538,33.64143371582031,0.0,33.421,29997.861,0.0
0.9589,33.60752900441488,0.0,33.421,29997.861,0.0
0.9640,33.573644955952965,0.0,32.608,30089.971,0.0
0.9700,33.53323936462402,0.0,32.608,30089.971,0.0
0.9751,33.49933783213297,0.0,32.608,30089.971,0.0
0.9802,33.46543629964193,0.0,32.608,30089.971,0.0
0.9853,33.43149026234945,0.0,32.005,30195.703,0.0
0.9928,33.38150978088379,0.0,32.005,30195.703,0.0
0.9979,33.34760030110677,0.0,32.005,30195.703,0.0
1.0029,33.31371784210205,0.0,32.005,30195.703,0.0
1.0096,33.26939105987549,0.0,32.862,30302.402,0.0
1.0162,33.22512149810791,0.0,32.862,30302.402,0.0
1.0214,33.190598487854004,0.0,32.862,30302.402,0.0
1.0265,33.156420389811196,0.0,32.941,30392.49,0.0
1.0348,33.101471265157066,0.0,32.941,30392.49,0.0
1.0399,33.067474365234375,0.0,32.941,30392.49,0.0
1.0451,33.032851219177246,0.0,32.941,30392.49,0.0
1.0502,32.99883524576823,0.0,31.251,30493.213,0.0
1.0588,32.94150988260905,0.0,31.251,30493.213,0.0
1.0644,32.904319763183594,0.0,31.251,30493.213,0.0
1.0695,32.870124181111656,0.0,31.794,30585.41,0.0
1.0788,32.80815124511719,0.0,31.794,30585.41,0.0
1.0839,32.7742338180542,0.0,31.794,30585.41,0.0
1.0889,32.740346590677895,0.0,31.794,30585.41,0.0
1.0940,32.7064323425293,0.0,32.77,30698.35,0.0
1.1028,32.648231188456215,0.0,32.77,30698.35,0.0
1.1093,32.60436852773031,0.0,32.77,30698.35,0.0
1.1156,32.56234327952067,0.0,32.77,30698.35,0.0
1.1207,32.5285259882609,0.0,31.117,30796.699,0.0
1.1266,32.4891996383667,0.0,31.117,30796.699,0.0
1.1317,32.4551788965861,0.0,31.117,30796.699,0.0
1.1368,32.42108186086019,0.0,31.117,30796.699,0.0
1.1419,32.387027740478516,0.0,30.881,30885.117,0.0
1.1475,32.349890073140465,0.0,30.881,30885.117,0.0
1.1526,32.31607437133789,0.0,30.881,30885.117,0.0
1.1577,32.282284100850426,0.0,30.881,30885.117,0.0
1.1627,32.248454093933105,0.0,32.381,30999.814,0.0
1.1736,32.175866762797035,0.0,32.381,30999.814,0.0
1.1787,32.141876220703125,0.0,32.381,30999.814,0.0
1.1838,32.10792859395345,0.0,32.183,31086.299,0.0
1.1907,32.06171671549479,0.0,32.183,31086.299,0.0
1.1958,32.02778021494547,0.0,32.183,31086.299,0.0
1.2009,31.993908882141113,0.0,32.183,31086.299,0.0
1.2076,31.949502627054848,0.0,30.871,31188.252,0.0
1.2147,31.901750564575195,0.0,30.871,31188.252,0.0
1.2198,31.867833137512207,0.0,30.871,31188.252,0.0
1.2254,31.830760637919106,0.0,30.871,31188.252,0.0
1.2305,31.796857515970864,0.0,31.478,31283.086,0.0
1.2365,31.756536165873207,0.0,31.478,31283.086,0.0
1.2416,31.72264893849691,0.0,31.478,31283.086,0.0
1.2467,31.688758532206215,0.0,31.478,31283.086,0.0
1.2518,31.654863357543945,0.0,31.128,31386.094,0.0
1.2599,31.60047690073649,0.0,31.128,31386.094,0.0
1.2650,31.566580136617027,0.0,31.128,31386.094,0.0
1.2701,31.53268337249756,0.0,31.128,31386.094,0.0
1.2752,31.49878978729248,0.0,30.026,31474.336,0.0
1.2848,31.43463452657064,0.0,30.026,31474.336,0.0
1.2899,31.400718688964844,0.0,30.026,31474.336,0.0
1.2950,31.366850535074867,0.0,30.024,31561.26,0.0
1.3019,31.320470174153648,0.0,30.024,31561.26,0.0
1.3088,31.274898846944176,0.0,30.024,31561.26,0.0
1.3138,31.24100844065348,0.0,30.024,31561.26,0.0
1.3189,31.20713392893473,0.0,30.455,31664.092,0.0
1.3259,31.16053581237793,0.0,30.455,31664.092,0.0
1.3310,31.126629511515297,0.0,30.455,31664.092,0.0
1.3361,31.092734336853027,0.0,30.455,31664.092,0.0
1.3416,31.055692036946617,0.0,30.383,31759.453,0.0
1.3479,31.013997395833336,0.0,30.383,31759.453,0.0
1.3530,30.980103810628258,0.0,30.383,31759.453,0.0
1.3581,30.946205457051597,0.0,30.383,31759.453,0.0
1.3632,30.91224034627279,0.0,29.831,31840.137,0.0
1.3692,30.871715545654297,0.0,29.831,31840.137,0.0
1.3743,30.837820370992027,0.0,29.831,31840.137,0.0
1.3794,30.80395062764486,0.0,29.831,31840.137,0.0
1.3845,30.7700522740682,0.0,29.798,31941.914,0.0
1.3948,30.701560974121094,0.0,29.798,31941.914,0.0
1.3999,30.66765308380127,0.0,29.798,31941.914,0.0
1.4049,30.6337563196818,0.0,29.17,32038.33,0.0
1.4157,30.561916033426918,0.0,29.17,32038.33,0.0
1.4208,30.527973175048828,0.0,29.17,32038.33,0.0
1.4259,30.494095484415688,0.0,29.17,32038.33,0.0
1.4310,30.460216204325356,0.0,30.518,32129.033,0.0
1.4371,30.419516563415527,0.0,30.518,32129.033,0.0
1.4422,30.38561979929606,0.0,30.518,32129.033,0.0
1.4487,30.342254638671875,0.0,29.663,32216.133,0.0
1.4579,30.28059164683024,0.0,29.663,32216.133,0.0
1.4630,30.246683756510414,0.0,29.663,32216.133,0.0
1.4681,30.21280288696289,0.0,29.663,32216.133,0.0
1.4732,30.178914070129395,0.0,29.198,32314.307,0.0
1.4819,30.120719273885094,0.0,29.198,32314.307,0.0
1.4870,30.086824099222817,0.0,29.198,32314.307,0.0
1.4921,30.052940050760903,0.0,29.198,32314.307,0.0
1.4972,30.01896699269613,0.0,29.417,32413.535,0.0
1.5059,29.960718154907227,0.0,29.417,32413.535,0.0
1.5127,29.915157953898113,0.0,29.417,32413.535,0.0
1.5179,29.880825678507488,0.0,29.531,32496.855,0.0
1.5257,29.828421274820965,0.0,29.531,32496.855,0.0
1.5308,29.794344902038574,0.0,29.531,32496.855,0.0
1.5360,29.76021607716878,0.0,29.531,32496.855,0.0
1.5411,29.72619692484538,0.0,28.35,32587.822,0.0
1.5497,29.66863473256429,0.0,28.35,32587.822,0.0
1.5554,29.630627632141113,0.0,28.35,32587.822,0.0
1.5606,29.596118927001953,0.0,28.35,32587.822,0.0
1.5657,29.5620330174764,0.0,27.622,32663.848,0.0
1.5719,29.52096462249756,0.0,27.622,32663.848,0.0
1.5770,29.486996332804363,0.0,27.622,32663.848,0.0
1.5820,29.453097979227703,0.0,27.622,32663.848,0.0
1.5871,29.419229825337727,0.0,28.494,32764.043,0.0
1.5937,29.375465710957844,0.0,28.494,32764.043,0.0
1.5988,29.34134801228841,0.0,28.494,32764.043,0.0
1.6039,29.307063420613606,0.0,28.494,32764.043,0.0
1.6111,29.259332021077473,0.0,29.245,32862.742,0.0
1.6177,29.21526273091634,0.0,29.245,32862.742,0.0
1.6228,29.181335767110188,0.0,29.245,32862.742,0.0
1.6279,29.147443771362305,0.0,29.245,32862.742,0.0
1.6330,29.113545417785645,0.0,27.605,32951.516,0.0
1.6417,29.055522282918293,0.0,27.605,32951.516,0.0
1.6468,29.021592140197754,0.0,27.605,32951.516,0.0
1.6518,28.98770809173584,0.0,27.605,32951.516,0.0
1.6569,28.953828811645508,0.0,28.819,33052.414,0.0
1.6678,28.88116200764974,0.0,28.819,33052.414,0.0
1.6729,28.847250938415527,0.0,28.819,33052.414,0.0
1.6780,28.813370068868,0.0,28.571,33130.898,0.0
1.6859,28.760956128438313,0.0,28.571,33130.898,0.0
1.6909,28.727062543233234,0.0,28.571,33130.898,0.0
1.6960,28.693184852600098,0.0,28.571,33130.898,0.0
1.7011,28.65931510925293,0.0,27.249,33218.523,0.0
1.7097,28.60219160715739,0.0,27.249,33218.523,0.0
1.7153,28.564988772074383,0.0,27.249,33218.523,0.0
1.7203,28.531066576639812,0.0,27.249,33218.523,0.0
1.7254,28.497179349263508,0.0,26.451,33290.684,0.0
1.7315,28.456865946451824,0.0,26.451,33290.684,0.0
1.7366,28.422967592875164,0.0,26.451,33290.684,0.0
1.7416,28.389093081156414,0.0,26.451,33290.684,0.0
1.7467,28.355218569437664,0.0,26.584,33382.0,0.0
1.7537,28.308920860290527,0.0,26.584,33382.0,0.0
1.7587,28.27501614888509,0.0,26.584,33382.0,0.0
1.7638,28.24113368988037,0.0,26.584,33382.0,0.0
1.7695,28.20311387379964,0.0,27.347,33476.133,0.0
1.7777,28.148943583170574,0.0,27.347,33476.133,0.0
1.7827,28.11503728230794,0.0,27.347,33476.133,0.0
1.7878,28.08109760284424,0.0,27.347,33476.133,0.0
1.7929,28.047207196553547,0.0,26.523,33547.063,0.0
1.7990,28.006752332051594,0.0,26.523,33547.063,0.0
1.8041,27.972857157389324,0.0,26.523,33547.063,0.0
1.8106,27.929126421610516,0.0,26.523,33547.063,0.0
1.8157,27.895229657491047,0.0,25.957,33637.063,0.0
1.8255,27.829971313476562,0.0,25.957,33637.063,0.0
1.8306,27.79606819152832,0.0,25.957,33637.063,0.0
1.8357,27.762174606323242,0.0,26.246,33713.172,0.0
1.8426,27.71567662556966,0.0,26.246,33713.172,0.0
1.8477,27.68176555633545,0.0,26.246,33713.172,0.0
1.8528,27.647875150044758,0.0,26.246,33713.172,0.0
1.8579,27.613999048868816,0.0,26.278,33785.773,0.0
1.8640,27.573552131652832,0.0,26.278,33785.773,0.0
1.8691,27.53966172536214,0.0,26.278,33785.773,0.0
1.8742,27.505598068237305,0.0,26.278,33785.773,0.0
1.8801,27.46615727742513,0.0,25.752,33865.137,0.0
1.8861,27.425684928894043,0.0,25.752,33865.137,0.0
1.8912,27.391740481058758,0.0,25.752,33865.137,0.0
1.8963,27.35784689585368,0.0,25.752,33865.137,0.0
1.9014,27.323942184448242,0.0,25.452,33949.16,0.0
1.9092,27.271984418233234,0.0,25.452,33949.16,0.0
1.9143,27.238054275512695,0.0,25.452,33949.16,0.0
1.9194,27.204155921936035,0.0,25.452,33949.16,0.0
1.9245,27.170297304789226,0.0,24.865,34031.336,0.0
1.9357,27.095483144124348,0.0,24.865,34031.336,0.0
1.9408,27.061554590861004,0.0,24.865,34031.336,0.0
1.9458,27.027686436971027,0.0,25.007,34102.969,0.0
1.9528,26.98116620381673,0.0,25.007,34102.969,0.0
1.9579,26.9471534093221,0.0,25.007,34102.969,0.0
1.9630,26.913240750630695,0.0,25.007,34102.969,0.0
1.9681,26.879371007283527,0.0,24.667,34183.914,0.0
1.9768,26.821131706237793,0.0,24.667,34183.914,0.0
1.9819,26.787238121032715,0.0,24.667,34183.914,0.0
1.9870,26.75334294637044,0.0,24.667,34183.914,0.0
1.9925,26.71635150909424,0.0,24.516,34260.117,0.0
1.9986,26.675750414530437,0.0,24.516,34260.117,0.0
2.0037,26.641855239868164,0.0,24.516,34260.117,0.0
2.0104,26.597639719645183,0.0,24.516,34260.117,0.0
2.0155,26.563394864400227,0.0,24.143,34340.188,0.0
2.0227,26.5153169631958,0.0,24.143,34340.188,0.0
2.0278,26.48123264312744,0.0,24.143,34340.188,0.0
2.0329,26.447122891743977,0.0,24.143,34340.188,0.0
2.0380,26.413049697875977,0.0,23.202,34415.156,0.0
2.0466,26.35567824045817,0.0,23.202,34415.156,0.0
2.0518,26.32135232289632,0.0,23.202,34415.156,0.0
2.0569,26.2873633702596,0.0,23.202,34415.156,0.0
2.0620,26.25337282816569,0.0,23.223,34494.258,0.0
2.0706,26.195783615112305,0.0,23.223,34494.258,0.0
2.0757,26.161850293477375,0.0,23.223,34494.258,0.0
2.0808,26.127963066101074,0.0,23.223,34494.258,0.0
2.0859,26.094064712524414,0.0,23.706,34563.867,0.0
2.0920,26.053619384765625,0.0,23.706,34563.867,0.0
2.0995,26.00336233774821,0.0,23.706,34563.867,0.0
2.1046,25.969446500142414,0.0,23.972,34638.133,0.0
2.1126,25.915802319844563,0.0,23.972,34638.133,0.0
2.1177,25.88189125061035,0.0,23.972,34638.133,0.0
2.1228,25.847967465718586,0.0,23.972,34638.133,0.0
2.1279,25.814099311828613,0.0,22.77,34710.555,0.0
2.1366,25.755855242411297,0.0,22.77,34710.555,0.0
2.1417,25.721960067749023,0.0,22.77,34710.555,0.0
2.1468,25.68804423014323,0.0,22.77,34710.555,0.0
2.1523,25.651001930236816,0.0,23.218,34790.449,0.0
2.1606,25.595842997233074,0.0,23.218,34790.449,0.0
2.1657,25.562000274658203,0.0,23.218,34790.449,0.0
2.1708,25.52807331085205,0.0,23.218,34790.449,0.0
2.1759,25.494197209676106,0.0,23.734,34872.012,0.0
2.1846,25.43589909871419,0.0,23.734,34872.012,0.0
2.1897,25.401981671651203,0.0,23.734,34872.012,0.0
2.1948,25.368086496988933,0.0,23.734,34872.012,0.0
2.1999,25.334188143412273,0.0,24.256,34955.508,0.0
2.2115,25.256954828898113,0.0,24.256,34955.508,0.0
2.2182,25.211723645528156,0.0,24.256,34955.508,0.0
2.2233,25.17781416575114,0.0,24.165,35021.867,0.0
2.2294,25.13721466064453,0.0,24.165,35021.867,0.0
2.2345,25.103314717610676,0.0,24.165,35021.867,0.0
2.2396,25.069427490234375,0.0,24.165,35021.867,0.0
2.2447,25.03553867340088,0.0,23.297,35097.453,0.0
2.2526,24.982643127441406,0.0,23.297,35097.453,0.0
2.2577,24.948644638061523,0.0,23.297,35097.453,0.0
2.2633,24.911572138468426,0.0,23.297,35097.453,0.0
2.2684,24.877662658691406,0.0,22.837,35163.547,0.0
2.2744,24.837255477905273,0.0,22.837,35163.547,0.0
2.2795,24.80337142944336,0.0,22.837,35163.547,0.0
2.2846,24.769492149353027,0.0,22.64,35226.563,0.0
2.2936,24.70932165781657,0.0,22.64,35226.563,0.0
2.2987,24.675408999125164,0.0,22.64,35226.563,0.0
2.3038,24.64152654012044,0.0,22.64,35226.563,0.0
2.3103,24.597709973653156,0.0,22.545,35302.766,0.0
2.3176,24.549283981323242,0.0,22.545,35302.766,0.0
2.3227,24.515358606974285,0.0,22.545,35302.766,0.0
2.3278,24.481395085652668,0.0,22.545,35302.766,0.0
2.3329,24.447498321533203,0.0,21.889,35374.043,0.0
2.3418,24.387957255045574,0.0,21.889,35374.043,0.0
2.3469,24.35404618581136,0.0,21.889,35374.043,0.0
2.3520,24.320146242777508,0.0,21.889,35374.043,0.0
2.3571,24.286246299743652,0.0,21.889,35374.043,0.0
2.3621,24.25236225128174,0.0,21.805,35451.738,0.0
2.3696,24.20235315958659,0.0,21.805,35451.738,0.0
2.3747,24.168448448181152,0.0,21.805,35451.738,0.0
2.3798,24.134567578633625,0.0,22.03,35514.055,0.0
2.3868,24.088061650594074,0.0,22.03,35514.055,0.0
2.3919,24.05416965484619,0.0,22.03,35514.055,0.0
2.3970,24.02026653289795,0.0,22.03,35514.055,0.0
2.4020,23.986406326293945,0.0,20.933,35580.938,0.0
2.4106,23.92938296000163,0.0,20.933,35580.938,0.0
2.4157,23.895479838053387,0.0,20.933,35580.938,0.0
2.4213,23.85824680328369,0.0,20.933,35580.938,0.0
2.4263,23.82435480753581,0.0,21.635,35657.492,0.0
2.4346,23.7694517771403,0.0,21.635,35657.492,0.0
2.4397,23.735539118448894,0.0,21.635,35657.492,0.0
2.4448,23.701664606730144,0.0,21.635,35657.492,0.0
2.4498,23.667761484781902,0.0,22.152,35732.988,0.0
2.4588,23.608121871948242,0.0,22.152,35732.988,0.0
2.4639,23.574220339457195,0.0,22.152,35732.988,0.0
2.4690,23.540321985880535,0.0,22.152,35732.988,0.0
2.4745,23.503224054972332,0.0,21.724,35791.609,0.0
2.4806,23.462899525960285,0.0,21.724,35791.609,0.0
2.4857,23.428985277811687,0.0,21.724,35791.609,0.0
2.4907,23.39511235555013,0.0,21.724,35791.609,0.0
2.4958,23.361239433288574,0.0,21.147,35861.66,0.0
2.5028,23.314701716105144,0.0,21.147,35861.66,0.0
2.5097,23.268558184305828,0.0,21.147,35861.66,0.0
2.5148,23.234386444091797,0.0,21.521,35924.59,0.0
2.5226,23.18261464436849,0.0,21.521,35924.59,0.0
2.5285,23.14339319864909,0.0,21.521,35924.59,0.0
2.5336,23.109488487243652,0.0,21.521,35924.59,0.0
2.5387,23.075588544209797,0.0,21.323,35994.641,0.0
2.5466,23.022816975911457,0.0,21.323,35994.641,0.0
2.5517,22.988901138305664,0.0,21.323,35994.641,0.0
2.5567,22.95501708984375,0.0,21.323,35994.641,0.0
2.5618,22.921053568522137,0.0,21.245,36065.828,0.0
2.5706,22.8628667195638,0.0,21.245,36065.828,0.0
2.5757,22.828952471415203,0.0,21.245,36065.828,0.0
2.5812,22.791778246561687,0.0,21.245,36065.828,0.0
2.5863,22.757854461669922,0.0,20.855,36122.871,0.0
2.5924,22.717455228169758,0.0,20.855,36122.871,0.0
2.5975,22.683544158935547,0.0,20.855,36122.871,0.0
2.6026,22.649308840433758,0.0,20.855,36122.871,0.0
2.6092,22.605528831481934,0.0,19.957,36187.469,0.0
2.6152,22.565124829610188,0.0,19.957,36187.469,0.0
2.6203,22.53121852874756,0.0,19.957,36187.469,0.0
2.6254,22.497318585713703,0.0,19.316,36240.203,0.0
2.6346,22.436267534891766,0.0,19.316,36240.203,0.0
2.6401,22.39920934041341,0.0,19.316,36240.203,0.0
2.6452,22.365296681722004,0.0,19.316,36240.203,0.0
2.6503,22.33140468597412,0.0,19.681,36298.652,0.0
2.6564,22.2909943262736,0.0,19.681,36298.652,0.0
2.6614,22.257089614868164,0.0,19.681,36298.652,0.0
2.6665,22.223188082377117,0.0,19.681,36298.652,0.0
2.6716,22.18930721282959,0.0,20.03,36368.438,0.0
2.6796,22.136255900065105,0.0,20.03,36368.438,0.0
2.6846,22.102357546488445,0.0,20.03,36368.438,0.0
2.6906,22.062886555989582,0.0,20.03,36368.438,0.0
2.6956,22.02901045481364,0.0,20.002,36434.617,0.0
2.7036,21.97627544403076,0.0,20.002,36434.617,0.0
2.7101,21.932609875996906,0.0,20.002,36434.617,0.0
2.7152,21.898698806762695,0.0,20.002,36434.617,0.0
2.7203,21.86479886372884,0.0,18.973,36496.055,0.0
2.7276,21.816280682881672,0.0,18.973,36496.055,0.0
2.7326,21.782374382019043,0.0,18.973,36496.055,0.0
2.7377,21.74848238627116,0.0,18.973,36496.055,0.0
2.7428,21.714601516723633,0.0,19.209,36561.094,0.0
2.7524,21.65040334065755,0.0,19.209,36561.094,0.0
2.7575,21.61648114522298,0.0,19.209,36561.094,0.0
2.7626,21.58259868621826,0.0,18.655,36611.367,0.0
2.7716,21.522962252298992,0.0,18.655,36611.367,0.0
2.7766,21.4890718460083,0.0,18.655,36611.367,0.0
2.7817,21.455183029174805,0.0,18.655,36611.367,0.0
2.7868,21.421314875284832,0.0,18.068,36671.219,0.0
2.7955,21.363104184468586,0.0,18.068,36671.219,0.0
2.8011,21.325702667236328,0.0,18.068,36671.219,0.0
2.8077,21.281835238138836,0.0,18.85,36729.93,0.0
2.8165,21.223149299621582,0.0,18.85,36729.93,0.0
2.8216,21.189228693644207,0.0,18.85,36729.93,0.0
2.8267,21.155351003011067,0.0,18.85,36729.93,0.0
2.8318,21.12138907114665,0.0,19.27,36785.039,0.0
2.8379,21.08096758524577,0.0,19.27,36785.039,0.0
2.8429,21.047053337097168,0.0,19.27,36785.039,0.0
2.8480,21.013107299804688,0.0,19.27,36785.039,0.0
2.8531,20.979207356770832,0.0,18.858,36841.289,0.0
2.8616,20.922783215840656,0.0,18.858,36841.289,0.0
2.8667,20.88888168334961,0.0,18.858,36841.289,0.0
2.8718,20.854981740315754,0.0,18.159,36889.805,0.0
2.8787,20.808393160502117,0.0,18.159,36889.805,0.0
2.8839,20.77417214711507,0.0,18.159,36889.805,0.0
2.8890,20.74013551076253,0.0,18.159,36889.805,0.0
2.8941,20.70621172587077,0.0,17.601,36948.25,0.0
2.9025,20.649819374084473,0.0,17.601,36948.25,0.0
2.9105,20.59637387593587,0.0,17.601,36948.25,0.0
2.9156,20.562448501586914,0.0,17.814,37001.688,0.0
2.9237,20.508519808451336,0.0,17.814,37001.688,0.0
2.9288,20.47459125518799,0.0,17.814,37001.688,0.0
2.9339,20.440715154012043,0.0,17.814,37001.688,0.0
2.9390,20.40681521097819,0.0,18.224,37065.059,0.0
2.9477,20.348622004191082,0.0,18.224,37065.059,0.0
2.9528,20.31472682952881,0.0,18.224,37065.059,0.0
2.9579,20.280830065409344,0.0,18.224,37065.059,0.0
2.9630,20.246955553690594,0.0,18.666,37121.484,0.0
2.9692,20.20520528157552,0.0,18.666,37121.484,0.0
2.9746,20.169343948364258,0.0,18.666,37121.484,0.0
2.9797,20.135444005330402,0.0,18.666,37121.484,0.0
2.9848,20.10155200958252,0.0,18.073,37179.668,0.0
2.9925,20.049821535746258,0.0,18.073,37179.668,0.0
2.9976,20.015918413798016,0.0,18.073,37179.668,0.0
3.0027,19.982024828592934,0.0,18.073,37179.668,0.0
3.0093,19.937969843546547,0.0,17.663,37237.766,0.0
3.0194,19.870586395263672,0.0,17.663,37237.766,0.0
3.0245,19.836454391479492,0.0,17.663,37237.766,0.0
3.0296,19.802522659301758,0.0,17.663,37237.766,0.0
3.0347,19.768644968668617,0.0,17.227,37294.188,0.0
3.0408,19.72801367441813,0.0,17.227,37294.188,0.0
3.0459,19.694126447041832,0.0,17.227,37294.188,0.0
3.0510,19.660232861836754,0.0,17.227,37294.188,0.0
3.0560,19.62634245554606,0.0,16.402,37336.375,0.0
3.0621,19.586052894592285,0.0,16.402,37336.375,0.0
3.0672,19.552154541015625,0.0,16.402,37336.375,0.0
3.0723,19.51826254526774,0.0,16.402,37336.375,0.0
3.0778,19.48124885559082,0.0,16.23,37390.605,0.0
3.0839,19.440927505493164,0.0,16.23,37390.605,0.0
3.0889,19.407032330830894,0.0,16.23,37390.605,0.0
3.0940,19.373151461283364,0.0,16.23,37390.605,0.0
3.0991,19.339265823364258,0.0,17.001,37440.969,0.0
3.1052,19.29865996042887,0.0,17.001,37440.969,0.0
3.1120,19.25361156463623,0.0,17.001,37440.969,0.0
3.1170,19.21969254811605,0.0,17.001,37440.969,0.0
3.1221,19.185800552368164,0.0,17.402,37502.93,0.0
3.1314,19.12430763244629,0.0,17.402,37502.93,0.0
3.1364,19.09040609995524,0.0,17.402,37502.93,0.0
3.1415,19.056437810262047,0.0,16.947,37548.984,0.0
3.1485,19.010082880655922,0.0,16.947,37548.984,0.0
3.1536,18.976152737935386,0.0,16.947,37548.984,0.0
3.1587,18.942275047302246,0.0,16.947,37548.984,0.0
3.1637,18.90841007232666,0.0,16.157,37591.086,0.0
3.1698,18.867901166280113,0.0,16.157,37591.086,0.0
3.1749,18.834004402160645,0.0,16.157,37591.086,0.0
3.1800,18.800101280212402,0.0,16.157,37591.086,0.0
3.1855,18.7630558013916,0.0,15.177,37635.203,0.0
3.1916,18.72266928354899,0.0,15.177,37635.203,0.0
3.1967,18.688767751057945,0.0,15.177,37635.203,0.0
3.2018,18.65488052368164,0.0,15.177,37635.203,0.0
3.2084,18.610989252726235,0.0,14.668,37683.281,0.0
3.2145,18.570073445638023,0.0,14.668,37683.281,0.0
3.2196,18.536173502604164,0.0,14.668,37683.281,0.0
3.2247,18.502294222513832,0.0,14.668,37683.281,0.0
3.2297,18.468405405680336,0.0,14.857,37734.523,0.0
3.2405,18.396445910135903,0.0,14.857,37734.523,0.0
3.2456,18.362547556559242,0.0,14.857,37734.523,0.0
3.2507,18.328653971354164,0.0,14.857,37776.531,0.0
3.2585,18.276829719543457,0.0,14.857,37776.531,0.0
3.2636,18.24291229248047,0.0,14.857,37776.531,0.0
3.2686,18.20904095967611,0.0,14.857,37776.531,0.0
3.2737,18.17509174346924,0.0,15.265,37829.531,0.0
3.2825,18.11685085296631,0.0,15.265,37829.531,0.0
3.2876,18.08293024698893,0.0,15.265,37829.531,0.0
3.2926,18.04905732472738,0.0,15.265,37829.531,0.0
3.2982,18.01197052001953,0.0,15.265,37875.938,0.0
3.3045,17.97020435333252,0.0,15.265,37875.938,0.0
3.3110,17.92644659678141,0.0,15.265,37875.938,0.0
3.3161,17.892541885375977,0.0,15.265,37875.938,0.0
3.3212,17.858637173970543,0.0,15.045,37926.035,0.0
3.3287,17.80893007914225,0.0,15.045,37926.035,0.0
3.3337,17.77501106262207,0.0,15.045,37926.035,0.0
3.3388,17.741120656331383,0.0,15.045,37926.035,0.0
3.3439,17.707246144612633,0.0,14.088,37969.891,0.0
3.3525,17.650219599405922,0.0,14.088,37969.891,0.0
3.3576,17.61629581451416,0.0,14.088,37969.891,0.0
3.3626,17.582413355509438,0.0,14.088,37969.891,0.0
3.3677,17.548553148905434,0.0,13.216,38011.906,0.0
3.3765,17.49023596445719,0.0,13.216,38011.906,0.0
3.3815,17.45633602142334,0.0,13.216,38011.906,0.0
3.3866,17.422436078389488,0.0,13.216,38011.906,0.0
3.3917,17.388561566670738,0.0,12.925,38048.117,0.0
3.3978,17.348051071166992,0.0,12.925,38048.117,0.0
3.4029,17.314140001932778,0.0,12.925,38048.117,0.0
3.4099,17.267306645711265,0.0,13.758,38093.555,0.0
3.4185,17.21029758453369,0.0,13.758,38093.555,0.0
3.4235,17.17637062072754,0.0,13.758,38093.555,0.0
3.4286,17.14249928792318,0.0,13.758,38093.555,0.0
3.4337,17.10850715637207,0.0,14.194,38142.688,0.0
3.4425,17.050275802612305,0.0,14.194,38142.688,0.0
3.4475,17.016379038492836,0.0,14.194,38142.688,0.0
3.4526,16.982474327087402,0.0,14.194,38142.688,0.0
3.4585,16.943508783976235,0.0,14.194,38183.992,0.0
3.4645,16.903090476989746,0.0,14.194,38183.992,0.0
3.4696,16.869193712870278,0.0,14.194,38183.992,0.0
3.4747,16.835238138834633,0.0,13.836,38221.258,0.0
3.4834,16.77701791127523,0.0,13.836,38221.258,0.0
3.4885,16.74309571584066,0.0,13.836,38221.258,0.0
3.4936,16.709213256835938,0.0,13.836,38221.258,0.0
3.4987,16.675308545430504,0.0,13.634,38267.227,0.0
3.5076,16.61574204762777,0.0,13.634,38267.227,0.0
3.5149,16.567387580871582,0.0,13.634,38267.227,0.0
3.5200,16.533234914143883,0.0,13.634,38267.227,0.0
3.5251,16.499296824137367,0.0,13.738,38310.383,0.0
3.5312,16.458698908487953,0.0,13.738,38310.383,0.0
3.5363,16.424805323282875,0.0,13.738,38310.383,0.0
3.5414,16.39091968536377,0.0,13.738,38310.383,0.0
3.5464,16.357037226359047,0.0,13.703,38355.555,0.0
3.5535,16.310224533081055,0.0,13.703,38355.555,0.0
3.5586,16.27631982167562,0.0,13.703,38355.555,0.0
3.5663,16.224466959635414,0.0,12.665,38387.637,0.0
3.5734,16.177070935567222,0.0,12.665,38387.637,0.0
3.5785,16.143147150675453,0.0,12.665,38387.637,0.0
3.5836,16.10926787058512,0.0,12.665,38387.637,0.0
3.5887,16.07539653778076,0.0,12.454,38429.914,0.0
3.5974,16.017050743103027,0.0,12.454,38429.914,0.0
3.6025,15.983126958211265,0.0,12.454,38429.914,0.0
3.6091,15.939369201660156,0.0,12.682,38466.297,0.0
3.6174,15.883711179097496,0.0,12.682,38466.297,0.0
3.6230,15.846691131591797,0.0,12.682,38466.297,0.0
3.6281,15.812776883443199,0.0,12.682,38466.297,0.0
3.6332,15.778905550638832,0.0,13.387,38514.199,0.0
3.6414,15.723703702290855,0.0,13.387,38514.199,0.0
3.6465,15.689803759256996,0.0,13.387,38514.199,0.0
3.6516,15.655813217163086,0.0,13.387,38514.199,0.0
3.6567,15.621841748555504,0.0,13.098,38555.945,0.0
3.6654,15.563681920369469,0.0,13.098,38555.945,0.0
3.6705,15.529769261678062,0.0,13.098,38555.945,0.0
3.6763,15.491207440694176,0.0,13.098,38555.945,0.0
3.6814,15.457286834716797,0.0,12.84,38594.004,0.0
3.6875,15.416905085245766,0.0,12.84,38594.004,0.0
3.6925,15.383005142211914,0.0,12.84,38594.004,0.0
3.6976,15.349105199178062,0.0,12.506,38627.227,0.0
3.7064,15.290501912434898,0.0,12.506,38627.227,0.0
3.7130,15.24676958719889,0.0,12.506,38627.227,0.0
3.7181,15.212860107421875,0.0,12.506,38627.227,0.0
3.7232,15.178958574930824,0.0,12.506,38627.227,0.0
3.7282,15.145080884297691,0.0,11.559,38668.273,0.0
3.7357,15.09547233581543,0.0,11.559,38668.273,0.0
3.7408,15.061564445495605,0.0,11.559,38668.273,0.0
3.7459,15.027666091918945,0.0,10.877,38695.957,0.0
3.7534,14.977000554402672,0.0,10.877,38695.957,0.0
3.7585,14.943084716796875,0.0,10.877,38695.957,0.0
3.7636,14.909207026163735,0.0,10.877,38695.957,0.0
3.7687,14.875335693359375,0.0,10.16,38728.563,0.0
3.7774,14.81717904408773,0.0,10.16,38728.563,0.0
3.7825,14.783272743225098,0.0,10.16,38728.563,0.0
3.7881,14.746249516805015,0.0,10.16,38728.563,0.0
3.7931,14.712365468343101,0.0,10.408,38759.59,0.0
3.7992,14.672005971272789,0.0,10.408,38759.59,0.0
3.8043,14.6380885442098,0.0,10.408,38759.59,0.0
3.8108,14.594364166259766,0.0,10.408,38759.59,0.0
3.8159,14.560437202453613,0.0,10.683,38795.977,0.0
3.8220,14.520031611124672,0.0,10.683,38795.977,0.0
3.8271,14.486126899719238,0.0,10.683,38795.977,0.0
3.8322,14.452234903971352,0.0,10.19,38822.781,0.0
3.8435,14.376889864603676,0.0,10.19,38822.781,0.0
3.8486,14.342991511027016,0.0,10.19,38822.781,0.0
3.8536,14.309099515279136,0.0,10.19,38852.141,0.0
3.8614,14.257241884867348,0.0,10.19,38852.141,0.0
3.8665,14.223340352376304,0.0,10.19,38852.141,0.0
3.8716,14.189464251200356,0.0,10.19,38852.141,0.0
3.8767,14.155567487080894,0.0,10.249,38886.152,0.0
3.8854,14.097178777058922,0.0,10.249,38886.152,0.0
3.8905,14.063283602396645,0.0,10.249,38886.152,0.0
3.8961,14.026244481404625,0.0,10.249,38886.152,0.0
3.9012,13.992328643798828,0.0,10.12,38915.242,0.0
3.9087,13.942103385925293,0.0,10.12,38915.242,0.0
3.9138,13.908174832661949,0.0,10.12,38915.242,0.0
3.9189,13.874298731486,0.0,10.12,38915.242,0.0
3.9239,13.840409914652504,0.0,10.702,38953.211,0.0
3.9300,13.800098101298012,0.0,10.702,38953.211,0.0
3.9351,13.76620133717855,0.0,10.702,38953.211,0.0
3.9402,13.732328414916992,0.0,10.139,38979.93,0.0
3.9523,13.651040395100914,0.0,10.139,38979.93,0.0
3.9574,13.617119789123535,0.0,10.139,38979.93,0.0
3.9625,13.583240509033203,0.0,9.651,39005.945,0.0
3.9704,13.53081544240316,0.0,9.651,39005.945,0.0
3.9755,13.496915499369301,0.0,9.651,39005.945,0.0
3.9805,13.463048934936523,0.0,9.651,39005.945,0.0
3.9856,13.429161707560219,0.0,9.288,39036.094,0.0
3.9944,13.370895385742188,0.0,9.288,39036.094,0.0
3.9995,13.336989084879555,0.0,9.288,39036.094,0.0
4.0050,13.299729029337563,0.0,9.288,39036.094,0.0
4.0116,13.255674044291176,0.0,8.497,39059.734,0.0
4.0178,13.21481704711914,0.0,8.497,39059.734,0.0
4.0229,13.180530865987144,0.0,8.497,39059.734,0.0
4.0281,13.14631144205729,0.0,8.497,39059.734,0.0
4.0332,13.112160364786781,0.0,8.623,39089.707,0.0
4.0406,13.062488238016762,0.0,8.623,39089.707,0.0
4.0457,13.028539021809898,0.0,8.623,39089.707,0.0
4.0508,12.994654973347984,0.0,8.362,39112.207,0.0
4.0604,12.9304838180542,0.0,8.362,39112.207,0.0
4.0658,12.89457162221273,0.0,8.362,39112.207,0.0
4.0709,12.860658963521324,0.0,8.362,39112.207,0.0
4.0760,12.826752662658691,0.0,6.536,39128.469,0.0
4.0843,12.771010398864746,0.0,6.536,39128.469,0.0
4.0894,12.73709774017334,0.0,6.536,39128.469,0.0
4.0945,12.703208923339844,0.0,6.536,39128.469,0.0
4.0996,12.669334411621094,0.0,8.068,39157.648,0.0
4.1057,12.628936767578125,0.0,8.068,39157.648,0.0
4.1128,12.581653594970703,0.0,8.068,39157.648,0.0
4.1179,12.547464370727539,0.0,8.068,39157.648,0.0
4.1230,12.513449986775719,0.0,9.107,39191.309,0.0
4.1291,12.472648620605469,0.0,9.107,39191.309,0.0
4.1342,12.438713709513344,0.0,9.107,39191.309,0.0
4.1393,12.40482966105143,0.0,9.107,39191.309,0.0
4.1444,12.37095514933268,0.0,9.135,39221.453,0.0
4.1523,12.317736943562828,0.0,9.135,39221.453,0.0
4.1574,12.28381633758545,0.0,9.135,39221.453,0.0
4.1633,12.244366010030113,0.0,8.605,39243.781,0.0
4.1723,12.184351285298668,0.0,8.605,39243.781,0.0
4.1774,12.150462468465172,0.0,8.605,39243.781,0.0
4.1825,12.116570472717285,0.0,8.605,39243.781,0.0
4.1876,12.082686424255371,0.0,8.869,39275.684,0.0
4.1963,12.024381955464683,0.0,8.869,39275.684,0.0
4.2015,11.990227699279785,0.0,8.869,39275.684,0.0
4.2080,11.946372985839844,0.0,8.869,39299.59,0.0
4.2184,11.877196629842125,0.0,8.869,39299.59,0.0
4.2235,11.843280792236328,0.0,8.869,39299.59,0.0
4.2286,11.809399922688804,0.0,8.297,39320.594,0.0
4.2363,11.757704416910805,0.0,8.297,39320.594,0.0
4.2414,11.723785400390625,0.0,8.297,39320.594,0.0
4.2465,11.68989817301432,0.0,8.297,39320.594,0.0
4.2516,11.656039555867515,0.0,7.547,39343.977,0.0
4.2603,11.597803433736168,0.0,7.547,39343.977,0.0
4.2654,11.563919385274254,0.0,7.547,39343.977,0.0
4.2705,11.530030568440758,0.0,7.547,39343.977,0.0
4.2761,11.492985089619957,0.0,7.006,39363.836,0.0
4.2823,11.451312700907387,0.0,7.006,39363.836,0.0
4.2874,11.417393684387207,0.0,7.006,39363.836,0.0
4.2925,11.383517583211265,0.0,7.006,39363.836,0.0
4.2976,11.349625587463379,0.0,6.601,39380.801,0.0
4.3036,11.309477488199867,0.0,6.601,39380.801,0.0
4.3101,11.265780131022133,0.0,6.601,39380.801,0.0
4.3152,11.23187700907389,0.0,6.601,39380.801,0.0
4.3203,11.197988192240395,0.0,5.974,39398.906,0.0
4.3284,11.144216855367027,0.0,5.974,39398.906,0.0
4.3335,11.110293070475258,0.0,5.974,39398.906,0.0
4.3385,11.07642650604248,0.0,5.094,39410.242,0.0
4.3465,11.023384730021156,0.0,5.094,39410.242,0.0
4.3516,10.989483197530113,0.0,5.094,39410.242,0.0
4.3567,10.955605506896973,0.0,5.094,39410.242,0.0
4.3617,10.921715100606285,0.0,6.01,39431.953,0.0
4.3678,10.881638526916504,0.0,6.01,39431.953,0.0
4.3729,10.847643216451011,0.0,6.01,39431.953,0.0
4.3779,10.813759167989097,0.0,6.01,39431.953,0.0
4.3835,10.776691436767578,0.0,7.015,39456.648,0.0
4.3895,10.736498832702637,0.0,7.015,39456.648,0.0
4.3946,10.702473322550453,0.0,7.015,39456.648,0.0
4.3998,10.668180783589683,0.0,7.015,39456.648,0.0
4.4049,10.633865992228188,0.0,7.372,39481.875,0.0
4.4125,10.583036740620933,0.0,7.372,39481.875,0.0
4.4176,10.549116134643555,0.0,7.372,39481.875,0.0
4.4227,10.515238444010414,0.0,7.372,39481.875,0.0
4.4278,10.481341679890953,0.0,7.372,39481.875,0.0
4.4329,10.447443326314293,0.0,7.148,39506.836,0.0
4.4391,10.406031608581543,0.0,7.148,39506.836,0.0
4.4445,10.3700590133667,0.0,7.148,39506.836,0.0
4.4496,10.336159070332847,0.0,7.141,39526.699,0.0
4.4583,10.277954737345375,0.0,7.141,39526.699,0.0
4.4634,10.244061152140297,0.0,7.141,39526.699,0.0
4.4685,10.210177103678383,0.0,6.947,39545.594,0.0
4.4783,10.144740740458168,0.0,6.947,39545.594,0.0
4.4834,10.110843976338707,0.0,6.947,39545.594,0.0
4.4885,10.076964696248375,0.0,6.947,39545.594,0.0
4.4940,10.039920806884766,0.0,6.632,39565.109,0.0
4.5003,9.998135566711426,0.0,6.632,39565.109,0.0
4.5069,9.95405832926432,0.0,6.632,39565.109,0.0
4.5120,9.919754664103188,0.0,6.632,39565.109,0.0
4.5172,9.885225296020508,0.0,6.23,39584.617,0.0
4.5243,9.837845166524254,0.0,6.23,39584.617,0.0
4.5294,9.80386734008789,0.0,6.23,39584.617,0.0
4.5345,9.769961039225258,0.0,6.23,39584.617,0.0
4.5396,9.736072222391762,0.0,6.38,39604.656,0.0
4.5473,9.68456427256266,0.0,6.38,39604.656,0.0
4.5524,9.650627772013344,0.0,6.38,39604.656,0.0
4.5575,9.61675008138021,0.0,6.444,39622.324,0.0
4.5653,9.564962387084961,0.0,6.444,39622.324,0.0
4.5703,9.53106085459391,0.0,6.444,39622.324,0.0
4.5754,9.497175216674805,0.0,6.444,39622.324,0.0
4.5805,9.463289578755699,0.0,6.444,39643.594,0.0
4.5893,9.404865900675453,0.0,6.444,39643.594,0.0
4.5944,9.370967547098793,0.0,6.444,39643.594,0.0
4.5994,9.337102572123207,0.0,6.444,39643.594,0.0
4.6050,9.299753506978355,0.0,5.501,39657.48,0.0
4.6125,9.249771436055504,0.0,5.501,39657.48,0.0
4.6176,9.215844472249351,0.0,5.501,39657.48,0.0
4.6227,9.18189843495687,0.0,5.501,39657.48,0.0
4.6278,9.147992134094238,0.0,4.321,39667.766,0.0
4.6353,9.098267555236816,0.0,4.321,39667.766,0.0
4.6403,9.064364433288574,0.0,4.321,39667.766,0.0
4.6454,9.030467669169106,0.0,4.061,39679.277,0.0
4.6573,8.951284090677895,0.0,4.061,39679.277,0.0
4.6624,8.91740163167318,0.0,4.061,39679.277,0.0
4.6675,8.883517583211265,0.0,4.061,39679.277,0.0
4.6726,8.849636713663735,0.0,4.513,39696.766,0.0
4.6792,8.805015881856285,0.0,4.513,39696.766,0.0
4.6843,8.77110481262207,0.0,4.513,39696.766,0.0
4.6894,8.73720645904541,0.0,4.513,39696.766,0.0
4.6945,8.703316052754722,0.0,4.852,39713.906,0.0
4.7032,8.645060857137047,0.0,4.852,39713.906,0.0
4.7103,8.598027229309082,0.0,4.852,39713.906,0.0
4.7154,8.564116160074867,0.0,4.61,39726.035,0.0
4.7242,8.505058288574219,0.0,4.61,39726.035,0.0
4.7293,8.471136093139648,0.0,4.61,39726.035,0.0
4.7344,8.437274297078453,0.0,4.61,39726.035,0.0
4.7395,8.403379122416176,0.0,3.813,39736.23,0.0
4.7482,8.345101674397789,0.0,3.813,39736.23,0.0
4.7533,8.3111842473348,0.0,3.813,39736.23,0.0
4.7584,8.277304967244469,0.0,3.813,39736.23,0.0
4.7640,8.24028174082438,0.0,3.212,39743.965,0.0
4.7700,8.200267155965172,0.0,3.212,39743.965,0.0
4.7751,8.166306813557945,0.0,3.212,39743.965,0.0
4.7801,8.132397333780922,0.0,2.684,39749.68,0.0
4.7892,8.071792920430504,0.0,2.684,39749.68,0.0
4.7943,8.037878672281899,0.0,2.684,39749.68,0.0
4.7994,8.003994623819985,0.0,2.684,39749.68,0.0
4.8045,7.970094680786133,0.0,2.702,39759.609,0.0
4.8153,7.898097038269043,0.0,2.702,39759.609,0.0
4.8204,7.864189147949219,0.0,2.702,39759.609,0.0
4.8255,7.830274899800621,0.0,2.702,39759.609,0.0
4.8305,7.79639403025309,0.0,2.404,39766.992,0.0
4.8372,7.751781145731606,0.0,2.404,39766.992,0.0
4.8423,7.717881202697754,0.0,2.404,39766.992,0.0
4.8474,7.683992385864258,0.0,3.241,39777.977,0.0
4.8572,7.618490854899086,0.0,3.241,39777.977,0.0
4.8623,7.584571838378906,0.0,3.241,39777.977,0.0
4.8674,7.550687789916992,0.0,3.241,39777.977,0.0
4.8730,7.513483365376793,0.0,2.571,39785.359,0.0
4.8787,7.475382486979164,0.0,2.571,39785.359,0.0
4.8840,7.440304756164551,0.0,2.571,39785.359,0.0
4.8890,7.406357129414879,0.0,2.571,39785.359,0.0
4.8941,7.3724095026651995,0.0,3.701,39800.215,0.0
4.9004,7.330411275227867,0.0,3.701,39800.215,0.0
4.9070,7.286596298217773,0.0,3.701,39800.215,0.0
4.9121,7.252702713012695,0.0,3.701,39800.215,0.0
4.9172,7.218723297119141,0.0,3.366,39809.445,0.0
4.9233,7.177882194519043,0.0,3.366,39809.445,0.0
4.9290,7.139876683553062,0.0,3.366,39809.445,0.0
4.9341,7.106019655863442,0.0,3.366,39809.445,0.0
4.9392,7.0721610387166365,0.0,2.724,39816.563,0.0
4.9452,7.0322418212890625,0.0,2.724,39816.563,0.0
4.9502,6.9984308878580705,0.0,2.724,39816.563,0.0
4.9553,6.964616775512695,0.0,3.277,39827.898,0.0
4.9651,6.89908504486084,0.0,3.277,39827.898,0.0
4.9702,6.865307490030922,0.0,3.277,39827.898,0.0
4.9753,6.831545829772949,0.0,2.936,39834.578,0.0
4.9871,6.752440134684242,0.0,2.936,39834.578,0.0
4.9922,6.718648274739586,0.0,2.936,39834.578,0.0
4.9973,6.684835751851402,0.0,2.936,39834.578,0.0
5.0024,6.650970776875816,0.0,1.945,39838.711,0.0
5.0096,6.602892875671387,0.0,1.945,39838.711,0.0
5.0150,6.566564242045082,0.0,1.945,39838.711,0.0
5.0201,6.532449722290039,0.0,1.945,39838.711,0.0
5.0252,6.498573621114097,0.0,3.191,39854.883,0.0
5.0332,6.445190111796059,0.0,3.191,39854.883,0.0
5.0386,6.409158706665039,0.0,3.191,39854.883,0.0
5.0437,6.375373204549156,0.0,3.191,39854.883,0.0
5.0488,6.341608365376793,0.0,3.795,39866.309,0.0
5.0551,6.299077669779457,0.0,3.795,39866.309,0.0
5.0602,6.265260378519692,0.0,3.795,39866.309,0.0
5.0653,6.231446266174316,0.0,3.795,39866.309,0.0
5.0704,6.197619438171387,0.0,3.972,39880.547,0.0
5.0773,6.151585578918457,0.0,3.972,39880.547,0.0
5.0826,6.116067568461098,0.0,3.972,39880.547,0.0
5.0877,6.082169214884438,0.0,3.972,39880.547,0.0
5.0932,6.045004526774086,0.0,4.497,39895.664,0.0
5.0996,6.002456347147621,0.0,4.497,39895.664,0.0
5.1050,5.966442426045738,0.0,4.497,39895.664,0.0
5.1118,5.9215593338012695,0.0,3.905,39903.664,0.0
5.1212,5.8584721883138045,0.0,3.905,39903.664,0.0
5.1263,5.824418067932129,0.0,3.905,39903.664,0.0
5.1315,5.790290832519531,0.0,3.905,39903.664,0.0
5.1366,5.756314595540367,0.0,3.606,39914.914,0.0
5.1433,5.711070696512856,0.0,3.606,39914.914,0.0
5.1492,5.6716696421305315,0.0,3.606,39914.914,0.0
5.1543,5.637755393981934,0.0,3.606,39914.914,0.0
5.1594,5.603876113891602,0.0,3.011,39921.242,0.0
5.1655,5.563503901163735,0.0,3.011,39921.242,0.0
5.1706,5.529603958129883,0.0,3.011,39921.242,0.0
5.1756,5.495737393697105,0.0,2.289,39925.195,0.0
5.1833,5.444533030192055,0.0,2.289,39925.195,0.0
5.1887,5.408547719319664,0.0,2.289,39925.195,0.0
5.1938,5.37463982899984,0.0,2.289,39925.195,0.0
5.1989,5.340758959452309,0.0,2.083,39931.348,0.0
5.2053,5.297842025756836,0.0,2.083,39931.348,0.0
5.2122,5.251892407735191,0.0,2.083,39931.348,0.0
5.2173,5.217825571695961,0.0,2.083,39931.348,0.0
5.2224,5.1838954289754255,0.0,2.338,39940.93,0.0
5.2293,5.137802759806313,0.0,2.338,39940.93,0.0
5.2347,5.101887385050453,0.0,2.338,39940.93,0.0
5.2398,5.067984263102211,0.0,2.338,39940.93,0.0
5.2449,5.034101804097496,0.0,2.338,39940.93,0.0
5.2500,5.000232060750328,0.0,2.525,39949.719,0.0
5.2573,4.95166619618734,0.0,2.525,39949.719,0.0
5.2623,4.917764663696289,0.0,2.525,39949.719,0.0
5.2674,4.883874257405601,0.0,2.525,39956.922,0.0
5.2733,4.844533602396645,0.0,2.525,39956.922,0.0
5.2787,4.80860710144043,0.0,2.525,39956.922,0.0
5.2839,4.774311383565269,0.0,2.525,39956.922,0.0
5.2890,4.739871025085449,0.0,2.525,39965.625,0.0
5.2973,4.684429168701172,0.0,2.525,39965.625,0.0
5.3027,4.648375511169434,0.0,2.525,39965.625,0.0
5.3098,4.601214726765953,0.0,2.525,39965.625,0.0
5.3149,4.567232131958008,0.0,2.91,39975.906,0.0
5.3210,4.52637036641439,0.0,2.91,39975.906,0.0
5.3261,4.492386182149254,0.0,2.91,39975.906,0.0
5.3312,4.458367029825844,0.0,3.042,39984.258,0.0
5.3383,4.411094983418785,0.0,3.042,39984.258,0.0
5.3437,4.375030199686684,0.0,3.042,39984.258,0.0
5.3489,4.340786933898926,0.0,3.042,39984.258,0.0
5.3540,4.306624730428062,0.0,2.544,39991.113,0.0
5.3662,4.225163459777832,0.0,2.544,39991.113,0.0
5.3713,4.191222190856934,0.0,2.544,39991.113,0.0
5.3764,4.157301584879555,0.0,2.033,39994.805,0.0
5.3823,4.117814699808754,0.0,2.033,39994.805,0.0
5.3878,4.081522623697914,0.0,2.033,39994.805,0.0
5.3929,4.047409693400063,0.0,2.033,39994.805,0.0
5.3980,4.013350804646812,0.0,2.029,40002.273,0.0
5.4063,3.9578819274902344,0.0,2.029,40002.273,0.0
5.4142,3.9050229390462263,0.0,2.029,40002.273,0.0
5.4193,3.871089617411293,0.0,1.73,40005.789,0.0
5.4273,3.8179572423299177,0.0,1.73,40005.789,0.0
5.4327,3.7818988164265974,0.0,1.73,40005.789,0.0
5.4378,3.7477525075276716,0.0,1.73,40005.789,0.0
5.4429,3.71375242869059,0.0,1.73,40005.789,0.0
5.4481,3.6796045303344727,0.0,1.3,40008.43,0.0
5.4541,3.639063835144043,0.0,1.3,40008.43,0.0
5.4592,3.6050637563069685,0.0,1.3,40008.43,0.0
5.4643,3.57112248738607,0.0,1.091,40011.504,0.0
5.4762,3.491948445638023,0.0,1.091,40011.504,0.0
5.4813,3.4579054514567034,0.0,1.091,40011.504,0.0
5.4864,3.4237655003865584,0.0,1.453,40017.832,0.0
5.4933,3.3779303232828752,0.0,1.453,40017.832,0.0
5.4987,3.341905275980629,0.0,1.453,40017.832,0.0
5.5038,3.3079703648885115,0.0,3.234,40034.004,0.0
5.5153,3.2316319147745745,0.0,3.234,40034.004,0.0
5.5204,3.1972455978393555,0.0,3.234,40034.004,0.0
5.5261,3.1596167882283552,0.0,3.721,40045.344,0.0
5.5344,3.1040922800699846,0.0,3.721,40045.344,0.0
5.5399,3.0675347646077498,0.0,3.721,40045.344,0.0
5.5450,3.0333216985066755,0.0,3.721,40045.344,0.0
5.5501,2.999302546183266,0.0,4.057,40058.086,0.0
5.5562,2.9585186640421526,0.0,4.057,40058.086,0.0
5.5613,2.924524943033852,0.0,4.057,40058.086,0.0
5.5664,2.8906265894571916,0.0,4.057,40058.086,0.0
5.5715,2.856736183166504,0.0,3.533,40067.844,0.0
5.5793,2.8048086166381836,0.0,3.533,40067.844,0.0
5.5854,2.764312426249184,0.0,3.533,40067.844,0.0
5.5904,2.7303616205851213,0.0,3.533,40067.844,0.0
5.5955,2.6964569091796875,0.0,2.531,40072.586,0.0
5.6016,2.6557858784993513,0.0,2.531,40072.586,0.0
5.6082,2.611881891886391,0.0,2.531,40072.586,0.0
5.6133,2.5779549280802385,0.0,2.668,40081.555,0.0
5.6193,2.5380404790242537,0.0,2.668,40081.555,0.0
5.6247,2.5020202000935896,0.0,2.668,40081.555,0.0
5.6298,2.4679183959960938,0.0,2.668,40081.555,0.0
5.6355,2.430332501729332,0.0,3.043,40093.242,0.0
5.6433,2.3781538009643555,0.0,3.043,40093.242,0.0
5.6487,2.342144648234047,0.0,3.043,40093.242,0.0
5.6538,2.308216094970703,0.0,3.043,40093.242,0.0
5.6589,2.2742557525634766,0.0,3.043,40093.242,0.0
5.6640,2.240225474039711,0.0,2.494,40098.867,0.0
5.6700,2.1999502182006836,0.0,2.494,40098.867,0.0
5.6751,2.1660359700520857,0.0,2.494,40098.867,0.0
5.6802,2.132051785786949,0.0,2.494,40098.867,0.0
5.6853,2.0980866750081404,0.0,3.031,40111.086,0.0
5.6932,2.045377095540367,0.0,3.031,40111.086,0.0
5.6983,2.011462847391762,0.0,3.031,40111.086,0.0
5.7034,1.9775692621866838,0.0,3.535,40122.508,0.0
5.7112,1.9256337483723982,0.0,3.535,40122.508,0.0
5.7162,1.89171632130941,0.0,3.535,40122.508,0.0
5.7213,1.857830683390297,0.0,3.535,40122.508,0.0
5.7264,1.8239498138427734,0.0,3.768,40135.957,0.0
5.7333,1.7782338460286482,0.0,3.768,40135.957,0.0
5.7387,1.7418432235717773,0.0,3.768,40135.957,0.0
5.7443,1.7047055562337263,0.0,3.768,40135.957,0.0
5.7494,1.670748392740883,0.0,4.024,40150.02,0.0
5.7573,1.6181691487630232,0.0,4.024,40150.02,0.0
5.7627,1.5822251637776716,0.0,4.024,40150.02,0.0
5.7678,1.5482314427693709,0.0,4.024,40150.02,0.0
5.7729,1.5140390396118164,0.0,4.024,40150.02,0.0
5.7780,1.4798831939697266,0.0,3.074,40156.258,0.0
5.7842,1.4386765162150041,0.0,3.074,40156.258,0.0
5.7893,1.404670079549156,0.0,3.074,40156.258,0.0
5.7944,1.3707637786865234,0.0,3.259,40168.039,0.0
5.8033,1.3115755716959612,0.0,3.259,40168.039,0.0
5.8101,1.2657419840494768,0.0,3.259,40168.039,0.0
5.8152,1.2318007151285784,0.0,3.259,40168.039,0.0
5.8203,1.197894414265953,0.0,2.962,40175.859,0.0
5.8272,1.1517206827799455,0.0,2.962,40175.859,0.0
5.8326,1.1157464981079102,0.0,2.962,40175.859,0.0
5.8377,1.0818401972452776,0.0,2.962,40175.859,0.0
5.8428,1.0479386647542341,0.0,2.001,40178.848,0.0
5.8491,1.0058911641438826,0.0,2.001,40178.848,0.0
5.8547,0.9687836964925154,0.0,2.001,40178.848,0.0
5.8598,0.9348869323730469,0.0,2.001,40178.848,0.0
5.8649,0.9008757273356096,0.0,1.684,40183.418,0.0
5.8709,0.8604907989501953,0.0,1.684,40183.418,0.0
5.8760,0.8263603846232073,0.0,1.684,40183.418,0.0
5.8812,0.7918643951416016,0.0,1.684,40183.418,0.0
5.8863,0.7577848434448242,0.0,3.282,40200.734,0.0
5.8923,0.7182772954305037,0.0,3.282,40200.734,0.0
5.8977,0.6822220484415666,0.0,3.282,40200.734,0.0
5.9028,0.648296674092613,0.0,3.282,40200.734,0.0
5.9099,0.6008132298787459,0.0,3.607,40210.84,0.0
5.9159,0.5606794357299805,0.0,3.607,40210.84,0.0
5.9210,0.5267699559529646,0.0,3.607,40210.84,0.0
5.9261,0.4928906758626326,0.0,3.504,40220.859,0.0
5.9334,0.4439099629720076,0.0,3.504,40220.859,0.0
5.9388,0.4080025355021135,0.0,3.504,40220.859,0.0
5.9439,0.37411053975423414,0.0,3.504,40220.859,0.0
5.9490,0.3402344385782854,0.0,3.504,40220.859,0.0
5.9540,0.30636946360269945,0.0,3.96,40238.262,0.0
5.9651,0.2324167887369768,0.0,3.96,40238.262,0.0
5.9702,0.19851207733154297,0.0,3.96,40238.262,0.0
5.9753,0.1646280288696289,0.0,3.645,40246.258,0.0
5.9812,0.12522220611572266,0.0,3.645,40246.258,0.0
5.9866,0.08932272593180102,0.0,3.645,40246.258,0.0
5.9917,0.05543073018392164,0.0,3.645,40246.258,0.0
5.9968,0.02155621846517164,0.0,3.645,40246.258,0.0
