t_s,cmd_speed_cm_s,cmd_steer_deg,enc_speed_cm_s,enc_cmd_speed_cm_s,yaw_deg
0.0000,1.9073486328125e-05,0.0,0.032,19.688,354.8
0.0777,0.5182600021362305,0.0,0.032,19.688,354.8
0.0828,0.5522235234578451,0.0,0.032,19.688,354.8
0.0879,0.586090087890625,0.0,0.032,19.688,354.8
0.0930,0.6199026107788086,0.0,0.032,19.688,354.8
0.1000,0.6667804718017578,0.0,0.032,19.688,354.8
0.1070,0.7135581970214844,0.0,0.032,19.688,354.8
0.1121,0.7474962870279949,0.0,0.032,19.688,354.8
0.1209,0.8060916264851887,0.0,0.032,19.688,354.8
0.1260,0.8400821685791016,0.0,0.032,19.688,354.8
0.1311,0.8740297953287761,0.0,0.032,19.688,354.8
0.1362,0.908055305480957,0.0,0.032,19.688,354.8
0.1423,0.94879945119222,0.0,0.032,19.688,354.8
0.1474,0.9827423095703125,0.0,0.032,19.688,354.8
0.1525,1.016701062520345,0.0,0.032,19.688,354.8
0.1619,1.0795927047729492,0.0,0.032,19.688,354.8
0.1670,1.1134990056355794,0.0,0.032,19.688,354.8
0.1721,1.147483189900716,0.0,0.032,19.688,354.8
0.1773,1.1816787719726562,0.0,0.163,21.182,354.8
0.1868,1.2451950709025066,0.0,0.163,21.182,354.8
0.1919,1.2793366114298501,0.0,0.163,21.182,354.8
0.1970,1.3133509953816733,0.0,0.163,21.182,354.8
0.2021,1.3472700119018555,0.0,0.814,26.719,354.8
0.2128,1.4185587565104165,0.0,0.814,26.719,354.8
0.2179,1.4524666468302407,0.0,0.814,26.719,354.8
0.2230,1.4863665898640952,0.0,1.888,36.914,354.8
0.2308,1.5385198593139648,0.0,1.888,36.914,354.8
0.2359,1.5724372863769531,0.0,1.888,36.914,354.8
0.2409,1.6063054402669272,0.0,1.888,36.914,354.8
0.2460,1.640192667643229,0.0,2.75,49.307,354.8
0.2548,1.6985034942626953,0.0,2.75,49.307,354.8
0.2628,1.7519013086954751,0.0,2.75,49.307,354.8
0.2679,1.7857837677001953,0.0,2.314,53.613,354.8
0.2748,1.8318541844685874,0.0,2.314,53.613,354.8
0.2799,1.8657398223876953,0.0,2.314,53.613,354.8
0.2850,1.8997224171956382,0.0,2.314,53.613,354.8
0.2900,1.933608055114746,0.0,2.722,65.918,354.8
0.2988,1.9918632507324219,0.0,2.722,65.918,354.8
0.3039,2.025747299194336,0.0,2.722,65.918,354.8
0.3105,2.06971804300944,0.0,3.112,76.992,354.8
0.3198,2.1321932474772134,0.0,3.112,76.992,354.8
0.3249,2.166104316711426,0.0,3.112,76.992,354.8
0.3300,2.200007438659668,0.0,2.592,81.738,354.8
0.3398,2.265183130900065,0.0,2.592,81.738,354.8
0.3449,2.2990973790486655,0.0,2.592,81.738,354.8
0.3499,2.3329861958821616,0.0,2.592,81.738,354.8
0.3550,2.3668766021728516,0.0,2.831,94.307,354.8
0.3638,2.425203323364258,0.0,2.831,94.307,354.8
0.3689,2.4592018127441406,0.0,2.831,94.307,354.8
0.3746,2.4970420201619468,0.0,2.831,94.307,354.8
0.3796,2.5309864679972334,0.0,3.755,109.6,354.8
0.3858,2.5721804300944013,0.0,3.755,109.6,354.8
0.3909,2.606326738993327,0.0,3.755,109.6,354.8
0.3960,2.6403077443440752,0.0,3.755,109.6,354.8
0.4011,2.6742299397786455,0.0,3.823,123.75,354.8
0.4098,2.7320098876953125,0.0,3.823,123.75,354.8
0.4149,2.7659209569295244,0.0,3.823,123.75,354.8
0.4200,2.7997907002766924,0.0,3.99,137.285,354.8
0.4291,2.8609434763590498,0.0,3.99,137.285,354.8
0.4346,2.8970956802368164,0.0,3.99,137.285,354.8
0.4397,2.9310226440429688,0.0,3.99,137.285,354.8
0.4447,2.964908281962077,0.0,3.655,146.338,354.8
0.4508,3.0053774515787763,0.0,3.655,146.338,354.8
0.4559,3.0392662684122724,0.0,3.655,146.338,354.8
0.4610,3.073137601216634,0.0,3.655,146.338,354.8
0.4661,3.107035954793294,0.0,3.148,156.006,354.8
0.4748,3.165316581726074,0.0,3.148,156.006,354.8
0.4799,3.1992244720458984,0.0,3.148,156.006,354.8
0.4855,3.2365846633911133,0.0,3.148,156.006,354.8
0.4906,3.2705052693684893,0.0,2.606,162.949,354.8
0.4968,3.311998049418132,0.0,2.606,162.949,354.8
0.5019,3.3459027608235674,0.0,2.606,162.949,354.8
0.5085,3.3900388081868487,0.0,2.606,162.949,354.8
0.5137,3.4244267145792646,0.0,2.084,169.014,354.8
0.5209,3.472382227579753,0.0,2.084,169.014,354.8
0.5260,3.506515820821126,0.0,2.084,169.014,354.8
0.5311,3.5406414667765302,0.0,2.288,177.275,354.8
0.5429,3.6191892623901367,0.0,2.288,177.275,354.8
0.5480,3.653111457824707,0.0,2.288,177.275,354.8
0.5530,3.6869827906290693,0.0,2.288,177.275,354.8
0.5581,3.720884323120117,0.0,3.129,191.865,354.8
0.5650,3.766663869222005,0.0,3.129,191.865,354.8
0.5701,3.800594011942546,0.0,3.129,191.865,354.8
0.5752,3.8344796498616533,0.0,3.198,201.885,354.8
0.5848,3.8986047108968096,0.0,3.198,201.885,354.8
0.5899,3.9325157801310224,0.0,3.198,201.885,354.8
0.5955,3.970004717508952,0.0,3.198,201.885,354.8
0.6006,4.003915786743164,0.0,3.574,216.123,354.8
0.6088,4.058866500854492,0.0,3.574,216.123,354.8
0.6140,4.093149503072103,0.0,3.574,216.123,354.8
0.6191,4.12714163462321,0.0,3.162,223.154,354.8
0.6288,4.192004203796387,0.0,3.162,223.154,354.8
0.6339,4.225931167602539,0.0,3.162,223.154,354.8
0.6390,4.259812037150065,0.0,3.162,223.154,354.8
0.6441,4.293691317240397,0.0,2.889,233.877,354.8
0.6538,4.358730316162109,0.0,2.889,233.877,354.8
0.6589,4.392741521199544,0.0,2.889,233.877,354.8
0.6640,4.426946640014648,0.0,2.889,233.877,354.8
0.6691,4.460957845052083,0.0,3.711,250.137,354.8
0.6769,4.512654940287272,0.0,3.711,250.137,354.8
0.6820,4.546600977579753,0.0,3.711,250.137,354.8
0.6871,4.580477078755696,0.0,3.628,259.893,354.8
0.6968,4.645303090413411,0.0,3.628,259.893,354.8
0.7030,4.686463673909505,0.0,3.628,259.893,354.8
0.7096,4.730385144551595,0.0,3.757,273.252,354.8
0.7178,4.785386721293132,0.0,3.757,273.252,354.8
0.7229,4.819285074869792,0.0,3.757,273.252,354.8
0.7280,4.853188196818034,0.0,3.757,273.252,354.8
0.7331,4.887067476908366,0.0,4.067,289.072,354.8
0.7418,4.945319493611653,0.0,4.067,289.072,354.8
0.7469,4.97930367787679,0.0,4.067,289.072,354.8
0.7520,5.01323382059733,0.0,4.067,301.553,354.8
0.7618,5.078771909077963,0.0,4.067,301.553,354.8
0.7669,5.112684567769369,0.0,4.067,301.553,354.8
0.7720,5.1465606689453125,0.0,4.067,301.553,354.8
0.7771,5.180449485778809,0.0,3.979,315.352,354.8
0.7858,5.238746007283529,0.0,3.979,315.352,354.8
0.7909,5.272650718688965,0.0,3.979,315.352,354.8
0.7960,5.306526819864908,0.0,3.979,315.352,354.8
0.8011,5.340421994527182,0.0,3.643,327.568,354.8
0.8119,5.412731170654297,0.0,3.643,327.568,354.8
0.8170,5.446651776631674,0.0,3.643,327.568,354.8
0.8221,5.480551719665527,0.0,3.643,327.568,354.8
0.8272,5.514429410298666,0.0,3.012,336.094,354.8
0.8338,5.558746655782064,0.0,3.012,336.094,354.8
0.8389,5.5926354726155605,0.0,3.012,336.094,354.8
0.8440,5.626500447591146,0.0,3.012,336.094,354.8
0.8491,5.660386085510254,0.0,2.582,344.355,354.8
0.8578,5.718619028727213,0.0,2.582,344.355,354.8
0.8634,5.755942662556967,0.0,2.582,344.355,354.8
0.8685,5.789837837219238,0.0,2.782,354.287,354.8
0.8780,5.853322347005209,0.0,2.782,354.287,354.8
0.8831,5.887228647867838,0.0,2.782,354.287,354.8
0.8882,5.921098391215006,0.0,2.782,354.287,354.8
0.8932,5.954964955647787,0.0,3.269,367.646,354.8
0.9020,6.013201077779135,0.0,3.269,367.646,354.8
0.9088,6.058640480041504,0.0,3.269,367.646,354.8
0.9139,6.092632611592611,0.0,3.269,378.281,354.8
0.9249,6.165920893351236,0.0,3.269,378.281,354.8
0.9300,6.199854214986166,0.0,3.269,378.281,354.8
0.9351,6.233728726704916,0.0,3.65,391.113,354.8
0.9428,6.2854162851969395,0.0,3.65,391.113,354.8
0.9479,6.319311459859213,0.0,3.65,391.113,354.8
0.9530,6.353190739949545,0.0,3.65,391.113,354.8
0.9581,6.387082735697428,0.0,3.485,402.539,354.8
0.9668,6.445277531941732,0.0,3.485,402.539,354.8
0.9739,6.492853164672852,0.0,3.485,402.539,354.8
0.9790,6.526753107706705,0.0,3.485,402.539,354.8
0.9841,6.5606578191121425,0.0,3.33,414.404,354.8
0.9908,6.605402628580729,0.0,3.33,414.404,354.8
0.9959,6.639299392700195,0.0,3.33,414.404,354.8
1.0010,6.673173904418945,0.0,3.33,414.404,354.8
1.0076,6.717222531636557,0.0,2.791,422.139,354.8
1.0154,6.769312222798666,0.0,2.791,422.139,354.8
1.0205,6.803661982218424,0.0,2.791,422.139,354.8
1.0257,6.837943394978842,0.0,2.118,426.973,354.8
1.0368,6.912260055541992,0.0,2.118,426.973,354.8
1.0419,6.946188608805338,0.0,2.118,426.973,354.8
1.0470,6.980071067810059,0.0,2.118,426.973,354.8
1.0521,7.0139360427856445,0.0,2.737,440.684,354.8
1.0608,7.071927388509115,0.0,2.737,440.684,354.8
1.0659,7.105835278828939,0.0,2.737,440.684,354.8
1.0710,7.139803568522135,0.0,3.685,454.922,354.8
1.0808,7.205386161804199,0.0,3.685,454.922,354.8
1.0888,7.258559862772623,0.0,3.685,454.922,354.8
1.0939,7.292517026265463,0.0,3.924,468.984,354.8
1.1028,7.352091471354166,0.0,3.924,468.984,354.8
1.1094,7.396030426025391,0.0,3.924,468.984,354.8
1.1145,7.43030865987142,0.0,3.924,468.984,354.8
1.1196,7.464296023050943,0.0,4.09,483.75,354.8
1.1268,7.512008349100748,0.0,4.09,483.75,354.8
1.1319,7.545914649963379,0.0,4.09,483.75,354.8
1.1370,7.579801877339682,0.0,4.09,483.75,354.8
1.1426,7.6172033945719395,0.0,3.559,494.033,354.8
1.1488,7.65873908996582,0.0,3.559,494.033,354.8
1.1539,7.692664464314779,0.0,3.559,494.033,354.8
1.1590,7.726629575093588,0.0,3.559,494.033,354.8
1.1641,7.760880788167318,0.0,3.285,504.932,354.8
1.1728,7.818708419799805,0.0,3.285,504.932,354.8
1.1779,7.852638562520346,0.0,3.285,504.932,354.8
1.1830,7.886535326639811,0.0,2.477,509.15,354.8
1.1928,7.951930363972982,0.0,2.477,509.15,354.8
1.1999,7.999515533447266,0.0,2.477,509.15,354.8
1.2050,8.033429781595865,0.0,2.076,515.83,354.8
1.2138,8.092145919799805,0.0,2.076,515.83,354.8
1.2189,8.126152356465658,0.0,2.076,515.83,354.8
1.2240,8.16008726755778,0.0,2.076,515.83,354.8
1.2291,8.194087346394857,0.0,2.993,530.596,354.8
1.2380,8.253353436787924,0.0,2.993,530.596,354.8
1.2431,8.28726609547933,0.0,2.993,530.596,354.8
1.2482,8.321146965026855,0.0,2.993,530.596,354.8
1.2538,8.358845710754395,0.0,3.251,540.352,354.8
1.2599,8.39956283569336,0.0,3.251,540.352,354.8
1.2650,8.433518409729004,0.0,3.251,540.352,354.8
1.2701,8.46741517384847,0.0,3.251,551.25,354.8
1.2788,8.525296847025553,0.0,3.251,551.25,354.8
1.2839,8.559203147888184,0.0,3.251,551.25,354.8
1.2890,8.593079249064127,0.0,3.251,551.25,354.8
1.2940,8.626955350240072,0.0,3.712,566.455,354.8
1.3049,8.699649175008139,0.0,3.712,566.455,354.8
1.3115,8.743618329366049,0.0,3.712,566.455,354.8
1.3166,8.77752939860026,0.0,3.288,574.277,354.8
1.3228,8.818627993265787,0.0,3.288,574.277,354.8
1.3279,8.852553367614746,0.0,3.288,574.277,354.8
1.3330,8.886440594991049,0.0,3.288,574.277,354.8
1.3381,8.920437494913736,0.0,3.124,585.439,354.8
1.3468,8.978778521219889,0.0,3.124,585.439,354.8
1.3519,9.012721379597982,0.0,3.124,585.439,354.8
1.3570,9.046643575032553,0.0,3.124,585.439,354.8
1.3626,9.084146817525228,0.0,2.767,593.877,354.8
1.3708,9.138636589050293,0.0,2.767,593.877,354.8
1.3759,9.172531763712565,0.0,2.767,593.877,354.8
1.3810,9.20640786488851,0.0,2.865,603.984,354.8
1.3909,9.272821744283041,0.0,2.865,603.984,354.8
1.3960,9.3068265914917,0.0,2.865,603.984,354.8
1.4011,9.340753555297852,0.0,2.865,603.984,354.8
1.4077,9.384535153706869,0.0,3.957,622.617,354.8
1.4169,9.446021715799967,0.0,3.957,622.617,354.8
1.4220,9.480134646097818,0.0,3.957,622.617,354.8
1.4271,9.514125188191732,0.0,4.533,637.91,354.8
1.4348,9.565329551696777,0.0,4.533,637.91,354.8
1.4399,9.599237442016602,0.0,4.533,637.91,354.8
1.4450,9.63311513264974,0.0,4.533,637.91,354.8
1.4500,9.666994412740072,0.0,5.038,658.125,354.8
1.4588,9.725271860758463,0.0,5.038,658.125,354.8
1.4639,9.759157498677572,0.0,5.038,658.125,354.8
1.4709,9.806224505106607,0.0,5.106,674.121,354.8
1.4798,9.865248998006185,0.0,5.106,674.121,354.8
1.4849,9.899152119954428,0.0,5.106,674.121,354.8
1.4900,9.933034578959147,0.0,5.106,674.121,354.8
1.4950,9.966915448506674,0.0,4.745,690.205,354.8
1.5038,10.025266011555988,0.0,4.745,690.205,354.8
1.5104,10.069373448689777,0.0,4.745,690.205,354.8
1.5156,10.103696187337238,0.0,4.896,707.344,354.8
1.5249,10.165794690450031,0.0,4.896,707.344,354.8
1.5305,10.203420321146648,0.0,4.896,707.344,354.8
1.5356,10.23755709330241,0.0,4.896,707.344,354.8
1.5408,10.271708170572918,0.0,5.252,725.273,354.8
1.5468,10.312226613362629,0.0,5.252,725.273,354.8
1.5519,10.346155166625977,0.0,5.252,725.273,354.8
1.5570,10.380045572916668,0.0,5.252,725.273,354.8
1.5621,10.413934389750164,0.0,5.749,748.213,354.8
1.5698,10.465478897094727,0.0,5.749,748.213,354.8
1.5749,10.499375661214192,0.0,5.749,748.213,354.8
1.5819,10.546231269836426,0.0,5.267,762.363,354.8
1.5908,10.605543454488117,0.0,5.267,762.363,354.8
1.5960,10.63969612121582,0.0,5.267,762.363,354.8
1.6011,10.67367712656657,0.0,4.531,772.998,354.8
1.6108,10.73885440826416,0.0,4.531,772.998,354.8
1.6159,10.772768656412762,0.0,4.531,772.998,354.8
1.6210,10.80666224161784,0.0,4.531,772.998,354.8
1.6261,10.840555826822918,0.0,4.083,787.764,354.8
1.6358,10.90543270111084,0.0,4.083,787.764,354.8
1.6414,10.942811965942383,0.0,4.083,787.764,354.8
1.6465,10.976715087890625,0.0,4.083,787.764,354.8
1.6516,11.010597546895344,0.0,4.083,800.684,354.8
1.6577,11.051050821940105,0.0,4.083,800.684,354.8
1.6627,11.084945996602375,0.0,4.083,800.684,354.8
1.6678,11.118823687235516,0.0,4.083,800.684,354.8
1.6729,11.152691841125488,0.0,4.201,816.855,354.8
1.6810,11.206715901692707,0.0,4.201,816.855,354.8
1.6861,11.240612665812176,0.0,4.201,816.855,354.8
1.6921,11.280884742736816,0.0,4.555,830.918,354.8
1.7010,11.340052286783855,0.0,4.555,830.918,354.8
1.7078,11.385040283203125,0.0,4.555,830.918,354.8
1.7128,11.418944994608562,0.0,4.555,830.918,354.8
1.7179,11.452825864156086,0.0,4.158,844.893,354.8
1.7248,11.498847007751465,0.0,4.158,844.893,354.8
1.7300,11.53300126393636,0.0,4.158,844.893,354.8
1.7351,11.567002932230633,0.0,4.158,844.893,354.8
1.7401,11.600955327351887,0.0,3.908,856.23,354.8
1.7462,11.641476949055988,0.0,3.908,856.23,354.8
1.7518,11.678907076517742,0.0,3.908,856.23,354.8
1.7569,11.712805430094402,0.0,3.525,866.777,354.8
1.7668,11.778794924418133,0.0,3.525,866.777,354.8
1.7719,11.812694867451984,0.0,3.525,866.777,354.8
1.7770,11.846578915913899,0.0,3.525,866.777,354.8
1.7821,11.880466143290203,0.0,3.923,883.301,354.8
1.7910,11.940299669901531,0.0,3.923,883.301,354.8
1.7961,11.974287033081055,0.0,3.923,883.301,354.8
1.8029,12.019562721252441,0.0,5.228,904.219,354.8
1.8118,12.078766822814941,0.0,5.228,904.219,354.8
1.8169,12.112690607706707,0.0,5.228,904.219,354.8
1.8220,12.146579424540203,0.0,5.228,904.219,354.8
1.8271,12.180452346801758,0.0,5.83,927.07,354.8
1.8358,12.238720258076984,0.0,5.83,927.07,354.8
1.8409,12.272615432739258,0.0,5.83,927.07,354.8
1.8460,12.306550343831379,0.0,5.83,927.07,354.8
1.8511,12.340421676635742,0.0,6.197,948.34,354.8
1.8589,12.392597198486328,0.0,6.197,948.34,354.8
1.8640,12.42650032043457,0.0,6.197,948.34,354.8
1.8690,12.460306485493977,0.0,6.197,948.34,354.8
1.8741,12.494077682495117,0.0,7.084,977.783,354.8
1.8808,12.538394927978516,0.0,7.084,977.783,354.8
1.8858,12.572167714436848,0.0,7.084,977.783,354.8
1.8909,12.605970700581867,0.0,7.084,977.783,354.8
1.8960,12.639732360839844,0.0,7.943,1009.424,354.8
1.9048,12.698464393615723,0.0,7.943,1009.424,354.8
1.9115,12.743185361226399,0.0,7.943,1009.424,354.8
1.9165,12.776959737141926,0.0,7.748,1031.396,354.8
1.9248,12.83179759979248,0.0,7.748,1031.396,354.8
1.9298,12.865570386250813,0.0,7.748,1031.396,354.8
1.9349,12.899330457051594,0.0,7.748,1031.396,354.8
1.9400,12.933093706766766,0.0,7.512,1058.027,354.8
1.9488,12.991819381713867,0.0,7.512,1058.027,354.8
1.9538,13.025590578715008,0.0,7.512,1058.027,354.8
1.9589,13.05936336517334,0.0,7.512,1058.027,354.8
1.9642,13.094679514567058,0.0,7.687,1083.867,354.8
1.9698,13.131866455078125,0.0,7.687,1083.867,354.8
1.9748,13.165655136108398,0.0,7.687,1083.867,354.8
1.9799,13.199443817138672,0.0,7.367,1103.818,354.8
1.9898,13.26527754465739,0.0,7.367,1103.818,354.8
1.9949,13.299120267232258,0.0,7.367,1103.818,354.8
1.9999,13.332950274149578,0.0,7.367,1103.818,354.8
2.0050,13.366783459981281,0.0,5.733,1118.408,354.8
2.0139,13.425790468851726,0.0,5.733,1118.408,354.8
2.0199,13.466223080952961,0.0,5.733,1118.408,354.8
2.0250,13.500313758850098,0.0,5.733,1118.408,354.8
2.0301,13.534213701883953,0.0,6.013,1144.248,354.8
2.0362,13.574646313985188,0.0,6.013,1144.248,354.8
2.0414,13.60904375712077,0.0,6.013,1144.248,354.8
2.0465,13.643533388773601,0.0,6.013,1144.248,354.8
2.0516,13.67759068806966,0.0,8.171,1180.723,354.8
2.0599,13.732380867004395,0.0,8.171,1180.723,354.8
2.0649,13.766330083211262,0.0,8.171,1180.723,354.8
2.0719,13.812808990478516,0.0,8.171,1180.723,354.8
2.0770,13.84671688079834,0.0,8.164,1207.09,354.8
2.0831,13.887081146240234,0.0,8.164,1207.09,354.8
2.0882,13.921012878417969,0.0,8.164,1207.09,354.8
2.0932,13.954898516337078,0.0,7.905,1230.908,354.8
2.1029,14.019012451171875,0.0,7.905,1230.908,354.8
2.1094,14.062868754069012,0.0,7.905,1230.908,354.8
2.1145,14.096776644388836,0.0,7.905,1230.908,354.8
2.1196,14.13066069285075,0.0,8.015,1263.34,354.8
2.1310,14.206409454345703,0.0,8.015,1263.34,354.8
2.1360,14.24031416575114,0.0,8.015,1263.34,354.8
2.1411,14.274199803670246,0.0,7.808,1285.4,354.8
2.1489,14.32576338450114,0.0,7.808,1285.4,354.8
2.1539,14.359666506449383,0.0,7.808,1285.4,354.8
2.1590,14.393548965454102,0.0,7.808,1285.4,354.8
2.1641,14.427417119344074,0.0,7.58,1312.998,354.8
2.1729,14.485692977905273,0.0,7.58,1312.998,354.8
2.1779,14.519602457682293,0.0,7.58,1312.998,354.8
2.1836,14.557027816772461,0.0,7.58,1312.998,354.8
2.1886,14.590927759806316,0.0,8.194,1341.826,354.8
2.1947,14.631164868672688,0.0,8.194,1341.826,354.8
2.1998,14.665066401163738,0.0,8.194,1341.826,354.8
2.2048,14.698940912882488,0.0,8.512,1368.193,354.8
2.2139,14.759087562561035,0.0,8.512,1368.193,354.8
2.2189,14.792993863423664,0.0,8.512,1368.193,354.8
2.2240,14.826871554056805,0.0,8.512,1368.193,354.8
2.2291,14.86081600189209,0.0,8.428,1396.846,354.8
2.2360,14.906555811564129,0.0,8.428,1396.846,354.8
2.2414,14.942665100097656,0.0,8.428,1396.846,354.8
2.2465,14.97656027475993,0.0,8.428,1396.846,354.8
2.2516,15.010452270507812,0.0,8.841,1430.596,354.8
2.2601,15.067025820414226,0.0,8.841,1430.596,354.8
2.2651,15.100914637247723,0.0,8.841,1430.596,354.8
2.2702,15.134817759195965,0.0,8.841,1430.596,354.8
2.2753,15.168695449829102,0.0,8.734,1461.533,354.8
2.2841,15.227149327596027,0.0,8.734,1461.533,354.8
2.2899,15.265851020812988,0.0,8.734,1461.533,354.8
2.2950,15.299749374389648,0.0,8.734,1461.533,354.8
2.3000,15.333625475565594,0.0,8.248,1490.01,354.8
2.3079,15.385754903157551,0.0,8.248,1490.01,354.8
2.3129,15.419661204020183,0.0,8.248,1490.01,354.8
2.3180,15.453545252482098,0.0,8.248,1490.01,354.8
2.3231,15.487418174743652,0.0,8.2,1520.244,354.8
2.3319,15.54568926493327,0.0,8.2,1520.244,354.8
2.3369,15.579595565795898,0.0,8.2,1520.244,354.8
2.3425,15.61693509419759,0.0,8.283,1545.82,354.8
2.3519,15.679043134053547,0.0,8.283,1545.82,354.8
2.3569,15.71293830871582,0.0,8.283,1545.82,354.8
2.3620,15.746809641520183,0.0,8.283,1545.82,354.8
2.3671,15.780680974324543,0.0,8.656,1578.867,354.8
2.3759,15.839033126831055,0.0,8.656,1578.867,354.8
2.3809,15.872934659322102,0.0,8.656,1578.867,354.8
2.3860,15.906810760498047,0.0,9.28,1609.453,354.8
2.3959,15.972371101379395,0.0,9.28,1609.453,354.8
2.4015,16.00967566172282,0.0,9.28,1609.453,354.8
2.4080,16.053309440612793,0.0,9.689,1641.533,354.8
2.4169,16.112394332885742,0.0,9.689,1641.533,354.8
2.4219,16.146294275919598,0.0,9.689,1641.533,354.8
2.4270,16.180176734924316,0.0,9.689,1641.533,354.8
2.4321,16.21404965718587,0.0,10.04,1679.502,354.8
2.4409,16.272459030151367,0.0,10.04,1679.502,354.8
2.4460,16.306357383728027,0.0,10.04,1679.502,354.8
2.4519,16.346127192179363,0.0,10.04,1679.502,354.8
2.4570,16.380030314127605,0.0,10.517,1719.668,354.8
2.4649,16.432501475016277,0.0,10.517,1719.668,354.8
2.4700,16.46652062733968,0.0,10.517,1719.668,354.8
2.4751,16.50062878926595,0.0,10.517,1719.668,354.8
2.4802,16.534663836161297,0.0,10.268,1755.879,354.8
2.4889,16.592529614766438,0.0,10.268,1755.879,354.8
2.4940,16.626440684000652,0.0,10.268,1755.879,354.8
2.4990,16.66032314300537,0.0,10.268,1755.879,354.8
2.5047,16.69769287109375,0.0,9.778,1786.641,354.8
2.5122,16.748112042744953,0.0,9.778,1786.641,354.8
2.5173,16.78229808807373,0.0,9.778,1786.641,354.8
2.5225,16.81645393371582,0.0,9.778,1786.641,354.8
2.5276,16.850374539693195,0.0,9.202,1818.105,354.8
2.5348,16.898997624715168,0.0,9.202,1818.105,354.8
2.5399,16.932905515034992,0.0,9.202,1818.105,354.8
2.5450,16.966781616210938,0.0,9.756,1852.207,354.8
2.5578,17.052321434020996,0.0,9.756,1852.207,354.8
2.5629,17.086219787597656,0.0,9.756,1852.207,354.8
2.5680,17.120102246602375,0.0,11.233,1893.691,354.8
2.5759,17.17249870300293,0.0,11.233,1893.691,354.8
2.5810,17.206395467122395,0.0,11.233,1893.691,354.8
2.5860,17.240293820699055,0.0,11.233,1893.691,354.8
2.5911,17.274165153503418,0.0,11.976,1939.57,354.8
2.5999,17.33236789703369,0.0,11.976,1939.57,354.8
2.6049,17.366286913553875,0.0,11.976,1939.57,354.8
2.6120,17.413501739501953,0.0,12.072,1975.781,354.8
2.6199,17.465847333272297,0.0,12.072,1975.781,354.8
2.6250,17.499748865763348,0.0,12.072,1975.781,354.8
2.6300,17.533623377482098,0.0,12.072,1975.781,354.8
2.6351,17.56749153137207,0.0,11.725,2017.529,354.8
2.6439,17.625729242960613,0.0,11.725,2017.529,354.8
2.6489,17.65963077545166,0.0,11.725,2017.529,354.8
2.6540,17.693508466084797,0.0,11.725,2017.529,354.8
2.6591,17.727373441060383,0.0,12.041,2065.166,354.8
2.6710,17.8064759572347,0.0,12.041,2065.166,354.8
2.6761,17.840369542439777,0.0,12.041,2065.166,354.8
2.6811,17.874239285786945,0.0,12.212,2103.047,354.8
2.6889,17.92582670847575,0.0,12.212,2103.047,354.8
2.6940,17.9597266515096,0.0,12.212,2103.047,354.8
2.6990,17.993604342142742,0.0,12.212,2103.047,354.8
2.7041,18.027469317118328,0.0,12.403,2148.926,354.8
2.7129,18.08594544728597,0.0,12.403,2148.926,354.8
2.7199,18.132794698079426,0.0,12.403,2148.926,354.8
2.7250,18.166686693827312,0.0,12.403,2148.926,354.8
2.7301,18.200594584147137,0.0,12.488,2194.98,354.8
2.7369,18.24576695760091,0.0,12.488,2194.98,354.8
2.7419,18.279658953348797,0.0,12.488,2194.98,354.8
2.7470,18.31353505452474,0.0,12.796,2235.586,354.8
2.7569,18.37910493214925,0.0,12.796,2235.586,354.8
2.7620,18.413066864013672,0.0,12.796,2235.586,354.8
2.7670,18.446955680847168,0.0,12.796,2235.586,354.8
2.7721,18.480830192565918,0.0,12.637,2276.895,354.8
2.7810,18.539807001749676,0.0,12.637,2276.895,354.8
2.7861,18.57369263966878,0.0,12.637,2276.895,354.8
2.7911,18.607584635416668,0.0,12.637,2314.951,354.8
2.7989,18.65909735361735,0.0,12.637,2314.951,354.8
2.8039,18.692989349365234,0.0,12.637,2314.951,354.8
2.8105,18.736572265625,0.0,12.637,2314.951,354.8
2.8156,18.77047061920166,0.0,12.409,2360.127,354.8
2.8229,18.819209734598797,0.0,12.409,2360.127,354.8
2.8299,18.866289456685383,0.0,12.409,2360.127,354.8
2.8350,18.900179862976074,0.0,12.409,2360.127,354.8
2.8401,18.93405278523763,0.0,12.515,2405.83,354.8
2.8469,18.979109128316242,0.0,12.515,2405.83,354.8
2.8519,19.012999534606934,0.0,12.515,2405.83,354.8
2.8570,19.04687245686849,0.0,12.515,2405.83,354.8
2.8621,19.08074378967285,0.0,12.509,2451.885,354.8
2.8709,19.13908799489339,0.0,12.509,2451.885,354.8
2.8759,19.17298158009847,0.0,12.509,2451.885,354.8
2.8810,19.206857681274414,0.0,12.672,2494.512,354.8
2.8929,19.285818735758465,0.0,12.672,2494.512,354.8
2.8980,19.319736162821453,0.0,12.672,2494.512,354.8
2.9030,19.353620211283367,0.0,12.894,2535.469,354.8
2.9129,19.41911220550537,0.0,12.894,2535.469,354.8
2.9180,19.453012148539226,0.0,12.894,2535.469,354.8
2.9230,19.486902554829914,0.0,12.894,2535.469,354.8
2.9281,19.520772298177082,0.0,13.085,2583.369,354.8
2.9369,19.579060872395832,0.0,13.085,2583.369,354.8
2.9425,19.616371790568035,0.0,13.085,2583.369,354.8
2.9475,19.650274912516277,0.0,13.085,2583.369,354.8
2.9526,19.684146245320637,0.0,13.085,2631.006,354.8
2.9609,19.73908265431722,0.0,13.085,2631.006,354.8
2.9659,19.772971471150715,0.0,13.085,2631.006,354.8
2.9710,19.80683962504069,0.0,12.634,2667.129,354.8
2.9809,19.872438112894695,0.0,12.634,2667.129,354.8
2.9859,19.906330108642578,0.0,12.634,2667.129,354.8
2.9910,19.940204620361328,0.0,12.391,2709.141,354.8
3.0029,20.019561449686684,0.0,12.391,2709.141,354.8
3.0096,20.063678423563637,0.0,12.391,2709.141,354.8
3.0147,20.09786287943522,0.0,12.391,2709.141,354.8
3.0198,20.13195037841797,0.0,12.465,2754.492,354.8
3.0269,20.1794703801473,0.0,12.465,2754.492,354.8
3.0320,20.21341641743978,0.0,12.465,2754.492,354.8
3.0371,20.247302055358887,0.0,12.931,2796.68,354.8
3.0469,20.31244913736979,0.0,12.931,2796.68,354.8
3.0525,20.34975528717041,0.0,12.931,2796.68,354.8
3.0576,20.38372198740641,0.0,12.931,2796.68,354.8
3.0626,20.417610804239906,0.0,13.562,2841.855,354.8
3.0687,20.458132425944008,0.0,13.562,2841.855,354.8
3.0738,20.49203395843506,0.0,13.562,2841.855,354.8
3.0789,20.5259116490682,0.0,13.562,2841.855,354.8
3.0840,20.55978298187256,0.0,13.687,2892.129,354.8
3.0919,20.61244328816732,0.0,13.687,2892.129,354.8
3.0970,20.646333694458008,0.0,13.687,2892.129,354.8
3.1039,20.692861874898277,0.0,13.753,2937.92,354.8
3.1129,20.752434730529785,0.0,13.753,2937.92,354.8
3.1180,20.7863442103068,0.0,13.753,2937.92,354.8
3.1230,20.820225079854332,0.0,15.379,2991.357,354.8
3.1329,20.88576634724935,0.0,15.379,2991.357,354.8
3.1379,20.91965675354004,0.0,15.379,2991.357,354.8
3.1430,20.953526496887207,0.0,15.379,2991.357,354.8
3.1481,20.987391471862793,0.0,14.868,3043.916,354.8
3.1600,21.06645425160726,0.0,14.868,3043.916,354.8
3.1651,21.100351015726723,0.0,14.868,3043.916,354.8
3.1701,21.13422234853109,0.0,14.702,3088.301,354.8
3.1779,21.18579546610514,0.0,14.702,3088.301,354.8
3.1830,21.219685872395836,0.0,14.702,3088.301,354.8
3.1880,21.25356674194336,0.0,14.372,3131.807,354.8
3.1979,21.319147745768227,0.0,14.372,3131.807,354.8
3.2030,21.35303497314453,0.0,14.372,3131.807,354.8
3.2095,21.396635373433433,0.0,14.372,3131.807,354.8
3.2151,21.434028943379722,0.0,14.791,3187.266,354.8
3.2219,21.47918383280436,0.0,14.791,3187.266,354.8
3.2270,21.513075828552246,0.0,14.791,3187.266,354.8
3.2320,21.546953519185386,0.0,14.791,3187.266,354.8
3.2371,21.580828030904136,0.0,15.01,3243.076,354.8
3.2459,21.639153162638344,0.0,15.01,3243.076,354.8
3.2510,21.673046747843422,0.0,15.01,3243.076,354.8
3.2560,21.706930796305336,0.0,15.243,3289.658,354.8
3.2680,21.786473592122398,0.0,15.243,3289.658,354.8
3.2731,21.820363998413086,0.0,15.243,3289.658,354.8
3.2781,21.854236920674644,0.0,15.243,3339.404,354.8
3.2869,21.912458737691246,0.0,15.243,3339.404,354.8
3.2920,21.946350733439125,0.0,15.243,3339.404,354.8
3.2970,21.980220476786293,0.0,15.243,3339.404,354.8
3.3021,22.014094988505043,0.0,14.806,3391.348,354.8
3.3109,22.072482109069824,0.0,14.806,3391.348,354.8
3.3160,22.106377283732094,0.0,14.806,3391.348,354.8
3.3216,22.143845558166504,0.0,15.137,3439.688,354.8
3.3309,22.205805778503418,0.0,15.137,3439.688,354.8
3.3360,22.23970572153727,0.0,15.137,3439.688,354.8
3.3410,22.27358341217041,0.0,15.137,3439.688,354.8
3.3461,22.307453155517578,0.0,15.469,3497.432,354.8
3.3549,22.365827560424805,0.0,15.469,3497.432,354.8
3.3600,22.399730682373047,0.0,15.469,3497.432,354.8
3.3650,22.433608373006187,0.0,15.469,3497.432,354.8
3.3701,22.467479705810547,0.0,15.809,3558.076,354.8
3.3820,22.546614011128746,0.0,15.809,3558.076,354.8
3.3871,22.580512364705406,0.0,15.809,3558.076,354.8
3.3922,22.614399592081703,0.0,16.611,3613.271,354.8
3.3999,22.665823300679527,0.0,16.611,3613.271,354.8
3.4050,22.699721654256187,0.0,16.611,3613.271,354.8
3.4115,22.743361790974937,0.0,16.611,3613.271,354.8
3.4166,22.7772855758667,0.0,17.051,3676.729,354.8
3.4239,22.825868924458824,0.0,17.051,3676.729,354.8
3.4299,22.86609967549642,0.0,17.051,3676.729,354.8
3.4350,22.90001551310221,0.0,17.387,3732.979,354.8
3.4449,22.96581268310547,0.0,17.387,3732.979,354.8
3.4500,22.99971103668213,0.0,17.387,3732.979,354.8
3.4550,23.03358554840088,0.0,17.643,3787.822,354.8
3.4649,23.099099795023598,0.0,17.643,3787.822,354.8
3.4699,23.132993380228676,0.0,17.643,3787.822,354.8
3.4750,23.166866302490234,0.0,17.643,3787.822,354.8
3.4801,23.200740814208984,0.0,16.849,3841.523,354.8
3.4890,23.259739875793457,0.0,16.849,3841.523,354.8
3.4940,23.293631871541344,0.0,16.849,3841.523,354.8
3.4991,23.327504793802895,0.0,17.63,3898.389,354.8
3.5069,23.379155794779457,0.0,17.63,3898.389,354.8
3.5135,23.423096338907875,0.0,17.63,3898.389,354.8
3.5186,23.457287152608238,0.0,17.63,3898.389,354.8
3.5237,23.491409619649254,0.0,18.246,3967.031,354.8
3.5309,23.53921890258789,0.0,18.246,3967.031,354.8
3.5360,23.57311566670736,0.0,18.246,3967.031,354.8
3.5416,23.610808054606117,0.0,18.75,4026.797,354.8
3.5509,23.672498067220054,0.0,18.75,4026.797,354.8
3.5560,23.706399599711098,0.0,18.75,4026.797,354.8
3.5610,23.740283648173012,0.0,18.75,4026.797,354.8
3.5661,23.77415498097738,0.0,19.059,4096.494,354.8
3.5749,23.83250872294108,0.0,19.059,4096.494,354.8
3.5800,23.866402308146156,0.0,19.059,4096.494,354.8
3.5850,23.900278409322105,0.0,19.059,4096.494,354.8
3.5901,23.934149742126465,0.0,18.506,4164.873,354.8
3.6020,24.013166427612305,0.0,18.506,4164.873,354.8
3.6085,24.05693531036377,0.0,18.506,4164.873,354.8
3.6136,24.090828895568848,0.0,18.41,4220.771,354.8
3.6199,24.13249969482422,0.0,18.41,4220.771,354.8
3.6250,24.166410764058433,0.0,18.41,4220.771,354.8
3.6300,24.200290044148765,0.0,18.41,4220.771,354.8
3.6351,24.234159787495933,0.0,18.431,4288.887,354.8
3.6441,24.293882052103676,0.0,18.431,4288.887,354.8
3.6499,24.332849184672035,0.0,18.431,4288.887,354.8
3.6550,24.366744359334312,0.0,18.841,4351.025,354.8
3.6651,24.433857599894203,0.0,18.841,4351.025,354.8
3.6702,24.467755953470864,0.0,18.841,4351.025,354.8
3.6752,24.501630465189614,0.0,19.375,4412.109,354.8
3.6851,24.56719080607096,0.0,19.375,4412.109,354.8
3.6902,24.601079622904457,0.0,19.375,4412.109,354.8
3.6952,24.634954134623207,0.0,19.375,4412.109,354.8
3.7021,24.680870374043785,0.0,19.181,4480.752,354.8
3.7098,24.732128779093422,0.0,19.181,4480.752,354.8
3.7149,24.766030311584473,0.0,19.181,4480.752,354.8
3.7200,24.799909591674805,0.0,19.181,4480.752,354.8
3.7251,24.833776156107582,0.0,18.812,4548.691,354.8
3.7329,24.885851542154946,0.0,18.812,4548.691,354.8
3.7380,24.91973559061686,0.0,18.812,4548.691,354.8
3.7430,24.95361328125,0.0,19.296,4610.127,354.8
3.7529,25.01913070678711,0.0,19.296,4610.127,354.8
3.7585,25.056492487589516,0.0,19.296,4610.127,354.8
3.7636,25.090387662251793,0.0,19.296,4610.127,354.8
3.7686,25.124266942342125,0.0,19.306,4679.385,354.8
3.7769,25.179174741109215,0.0,19.306,4679.385,354.8
3.7820,25.21308263142904,0.0,19.306,4679.385,354.8
3.7870,25.246969858805336,0.0,19.122,4738.975,354.8
3.7969,25.312509536743164,0.0,19.122,4738.975,354.8
3.8020,25.346407890319824,0.0,19.122,4738.975,354.8
3.8090,25.39356072743734,0.0,19.859,4804.102,354.8
3.8179,25.45255184173584,0.0,19.859,4804.102,354.8
3.8230,25.48644701639811,0.0,19.859,4804.102,354.8
3.8280,25.520316759745278,0.0,19.859,4804.102,354.8
3.8331,25.554210344950356,0.0,19.843,4875.82,354.8
3.8419,25.612543423970543,0.0,19.843,4875.82,354.8
3.8470,25.64643700917562,0.0,19.843,4875.82,354.8
3.8520,25.68031152089437,0.0,19.843,4875.82,354.8
3.8571,25.714176495869957,0.0,19.412,4936.553,354.8
3.8632,25.754543940226235,0.0,19.412,4936.553,354.8
3.8688,25.791858037312828,0.0,19.412,4936.553,354.8
3.8739,25.825746854146324,0.0,19.932,5002.91,354.8
3.8839,25.892410278320312,0.0,19.932,5002.91,354.8
3.8889,25.92629909515381,0.0,19.932,5002.91,354.8
3.8940,25.960167249043785,0.0,20.399,5067.246,354.8
3.9039,26.025846799214683,0.0,20.399,5067.246,354.8
3.9104,26.06949965159098,0.0,20.399,5067.246,354.8
3.9155,26.103644371032715,0.0,20.75,5131.67,354.8
3.9220,26.146697998046875,0.0,20.75,5131.67,354.8
3.9285,26.19016488393148,0.0,20.75,5131.67,354.8
3.9337,26.224513053894043,0.0,20.75,5131.67,354.8
3.9388,26.25861962636312,0.0,20.751,5207.52,354.8
3.9479,26.319378217061363,0.0,20.751,5207.52,354.8
3.9530,26.353354454040527,0.0,20.751,5207.52,354.8
3.9581,26.38726234436035,0.0,20.751,5207.52,354.8
3.9632,26.421138445536293,0.0,20.516,5284.512,354.8
3.9729,26.48575782775879,0.0,20.516,5284.512,354.8
3.9785,26.52317682902018,0.0,20.516,5284.512,354.8
3.9836,26.55710538228353,0.0,20.516,5284.512,354.8
3.9886,26.59099260965983,0.0,20.643,5351.484,354.8
3.9947,26.63156032562256,0.0,20.643,5351.484,354.8
3.9998,26.665450731913246,0.0,20.643,5351.484,354.8
4.0049,26.69933636983236,0.0,20.643,5351.484,354.8
4.0119,26.745708783467613,0.0,21.261,5432.168,354.8
4.0181,26.787354151407875,0.0,21.261,5432.168,354.8
4.0232,26.82159741719564,0.0,21.261,5432.168,354.8
4.0290,26.859730084737144,0.0,22.071,5502.92,354.8
4.0379,26.91927274068197,0.0,22.071,5502.92,354.8
4.0430,26.953188578287758,0.0,22.071,5502.92,354.8
4.0481,26.98706785837809,0.0,22.071,5502.92,354.8
4.0531,27.020939191182457,0.0,21.716,5579.033,354.8
4.0619,27.07916418711344,0.0,21.716,5579.033,354.8
4.0670,27.113062540690102,0.0,21.716,5579.033,354.8
4.0720,27.14696248372396,0.0,21.716,5579.033,354.8
4.0771,27.180849711100258,0.0,20.614,5641.875,354.8
4.0832,27.221409479777016,0.0,20.614,5641.875,354.8
4.0888,27.258804639180504,0.0,20.614,5641.875,354.8
4.0939,27.292699813842773,0.0,21.641,5715.967,354.8
4.1039,27.359094619750977,0.0,21.641,5715.967,354.8
4.1107,27.404945691426597,0.0,21.641,5715.967,354.8
4.1158,27.438977559407554,0.0,22.868,5790.762,354.8
4.1239,27.49263286590576,0.0,22.868,5790.762,354.8
4.1290,27.526558240254722,0.0,22.868,5790.762,354.8
4.1341,27.560439109802246,0.0,22.868,5790.762,354.8
4.1399,27.5991153717041,0.0,23.526,5878.389,354.8
4.1479,27.652527491251625,0.0,23.526,5878.389,354.8
4.1530,27.68643538157145,0.0,23.526,5878.389,354.8
4.1580,27.720311482747398,0.0,23.526,5878.389,354.8
4.1631,27.75418440500895,0.0,22.908,5958.984,354.8
4.1719,27.812584241231285,0.0,22.908,5958.984,354.8
4.1770,27.846481005350746,0.0,22.908,5958.984,354.8
4.1821,27.88038412729899,0.0,22.908,5958.984,354.8
4.1871,27.914257049560547,0.0,22.693,6031.934,354.8
4.1932,27.954896291097008,0.0,22.693,6031.934,354.8
4.1988,27.99229462941488,0.0,22.693,6031.934,354.8
4.2039,28.02619457244873,0.0,23.135,6108.135,354.8
4.2139,28.092479705810547,0.0,23.135,6108.135,354.8
4.2190,28.12640349070231,0.0,23.135,6108.135,354.8
4.2240,28.16028118133545,0.0,23.135,6108.135,354.8
4.2291,28.194154103597008,0.0,24.003,6198.574,354.8
4.2379,28.25251738230387,0.0,24.003,6198.574,354.8
4.2430,28.28641414642334,0.0,24.003,6198.574,354.8
4.2489,28.326166470845543,0.0,23.398,6266.426,354.8
4.2579,28.38580767313639,0.0,23.398,6266.426,354.8
4.2630,28.41970125834147,0.0,23.398,6266.426,354.8
4.2680,28.45357577006022,0.0,23.398,6266.426,354.8
4.2731,28.48743438720703,0.0,22.851,6349.57,354.8
4.2819,28.545829455057778,0.0,22.851,6349.57,354.8
4.2870,28.579724629720054,0.0,22.851,6349.57,354.8
4.2920,28.613595962524414,0.0,22.851,6349.57,354.8
4.2971,28.64746411641439,0.0,24.116,6431.836,354.8
4.3050,28.69983990987142,0.0,24.116,6431.836,354.8
4.3118,28.74540170033773,0.0,24.116,6431.836,354.8
4.3169,28.779424031575523,0.0,23.963,6502.852,354.8
4.3231,28.820430437723793,0.0,23.963,6502.852,354.8
4.3282,28.854355812072754,0.0,23.963,6502.852,354.8
4.3332,28.888233502705894,0.0,23.963,6502.852,354.8
4.3383,28.922103246053062,0.0,24.283,6594.609,354.8
4.3469,28.979174296061196,0.0,24.283,6594.609,354.8
4.3520,29.013075828552246,0.0,24.283,6594.609,354.8
4.3576,29.050636291503906,0.0,24.283,6594.609,354.8
4.3627,29.084529876708984,0.0,24.016,6680.83,354.8
4.3709,29.13914521535238,0.0,24.016,6680.83,354.8
4.3760,29.173037211100258,0.0,24.016,6680.83,354.8
4.3810,29.20691649119059,0.0,24.572,6759.756,354.8
4.3909,29.272489547729492,0.0,24.572,6759.756,354.8
4.3960,29.306391080220543,0.0,24.572,6759.756,354.8
4.4010,29.340275128682457,0.0,24.572,6759.756,354.8
4.4079,29.385967254638672,0.0,25.61,6860.303,354.8
4.4180,29.45336182912191,0.0,25.61,6860.303,354.8
4.4231,29.487299919128418,0.0,25.61,6860.303,354.8
4.4282,29.521188735961914,0.0,25.842,6939.229,354.8
4.4359,29.57249323527018,0.0,25.842,6939.229,354.8
4.4410,29.60639794667562,0.0,25.842,6939.229,354.8
4.4460,29.64027245839437,0.0,25.113,7012.178,354.8
4.4559,29.705802599589028,0.0,25.113,7012.178,354.8
4.4610,29.739689826965332,0.0,25.113,7012.178,354.8
4.4680,29.786345163981117,0.0,24.757,7091.543,354.8
4.4769,29.84581152598063,0.0,24.757,7091.543,354.8
4.4820,29.879711469014488,0.0,24.757,7091.543,354.8
4.4870,29.913585980733238,0.0,24.757,7091.543,354.8
4.4921,29.947455724080406,0.0,25.224,7185.674,354.8
4.5009,30.00579516092936,0.0,25.224,7185.674,354.8
4.5075,30.050009091695152,0.0,25.224,7185.674,354.8
4.5126,30.08418401082357,0.0,25.916,7271.367,354.8
4.5219,30.14612833658854,0.0,25.916,7271.367,354.8
4.5275,30.183618863423668,0.0,25.916,7271.367,354.8
4.5326,30.217525164286293,0.0,25.916,7271.367,354.8
4.5377,30.251410802205406,0.0,25.76,7351.436,354.8
4.5438,30.291899045308433,0.0,25.76,7351.436,354.8
4.5489,30.325795809427895,0.0,25.76,7351.436,354.8
4.5540,30.359668731689453,0.0,25.002,7425.439,354.8
4.5629,30.419185956319176,0.0,25.002,7425.439,354.8
4.5680,30.453077952067055,0.0,25.002,7425.439,354.8
4.5730,30.486952463785805,0.0,25.002,7425.439,354.8
4.5787,30.524428685506187,0.0,25.887,7523.965,354.8
4.5869,30.579188664754234,0.0,25.887,7523.965,354.8
4.5920,30.61310132344564,0.0,25.887,7523.965,354.8
4.5970,30.646985371907554,0.0,26.805,7609.834,354.8
4.6069,30.712525049845375,0.0,26.805,7609.834,354.8
4.6134,30.756209691365562,0.0,26.805,7609.834,354.8
4.6185,30.790109634399414,0.0,26.805,7609.834,354.8
4.6236,30.823990503946938,0.0,26.822,7710.381,354.8
4.6319,30.879240036010742,0.0,26.822,7710.381,354.8
4.6375,30.916638374328613,0.0,26.822,7710.381,354.8
4.6426,30.950539906819664,0.0,26.822,7710.381,354.8
4.6477,30.984412829081215,0.0,26.282,7793.174,354.8
4.6538,31.025028228759766,0.0,26.282,7793.174,354.8
4.6588,31.058924992879234,0.0,26.282,7793.174,354.8
4.6639,31.092794736226402,0.0,26.282,7793.174,354.8
4.6690,31.12666130065918,0.0,26.619,7893.193,354.8
4.6769,31.179159482320152,0.0,26.619,7893.193,354.8
4.6820,31.213056246439614,0.0,26.619,7893.193,354.8
4.6889,31.259547869364418,0.0,27.53,7980.82,354.8
4.6972,31.31459871927897,0.0,27.53,7980.82,354.8
4.7023,31.348490715026855,0.0,27.53,7980.82,354.8
4.7090,31.393497784932457,0.0,27.53,7980.82,354.8
4.7141,31.427391370137535,0.0,26.943,8076.006,354.8
4.7209,31.472514470418297,0.0,26.943,8076.006,354.8
4.7260,31.506403287251793,0.0,26.943,8076.006,354.8
4.7310,31.540279388427734,0.0,26.943,8076.006,354.8
4.7361,31.57414754231771,0.0,26.7,8162.051,354.8
4.7422,31.614766120910645,0.0,26.7,8162.051,354.8
4.7478,31.65208657582601,0.0,26.7,8162.051,354.8
4.7529,31.685986518859863,0.0,27.611,8253.896,354.8
4.7629,31.752492586771645,0.0,27.611,8253.896,354.8
4.7680,31.78640047709147,0.0,27.611,8253.896,354.8
4.7730,31.820268630981445,0.0,27.984,8340.732,354.8
4.7829,31.88588778177897,0.0,27.984,8340.732,354.8
4.7880,31.91977024078369,0.0,27.984,8340.732,354.8
4.7930,31.953659057617188,0.0,27.984,8340.732,354.8
4.7987,31.991006533304848,0.0,27.72,8440.225,354.8
4.8069,32.04585393269857,0.0,27.72,8440.225,354.8
4.8137,32.09143320719401,0.0,27.72,8440.225,354.8
4.8188,32.125457127889,0.0,27.284,8523.105,354.8
4.8269,32.179250717163086,0.0,27.284,8523.105,354.8
4.8320,32.213172912597656,0.0,27.284,8523.105,354.8
4.8371,32.247069676717125,0.0,27.284,8523.105,354.8
4.8421,32.2809362411499,0.0,28.589,8637.275,354.8
4.8540,32.35994656880697,0.0,28.589,8637.275,354.8
4.8591,32.39384810129801,0.0,28.589,8637.275,354.8
4.8642,32.42772261301676,0.0,29.113,8730.176,354.8
4.8729,32.4859364827474,0.0,29.113,8730.176,354.8
4.8780,32.51983165740967,0.0,29.113,8730.176,354.8
4.8831,32.553696632385254,0.0,29.113,8730.176,354.8
4.8881,32.58756637573242,0.0,28.51,8831.953,354.8
4.8969,32.64584223429362,0.0,28.51,8831.953,354.8
4.9020,32.679735819498696,0.0,28.51,8831.953,354.8
4.9094,32.729241053263344,0.0,28.105,8916.416,354.8
4.9169,32.77925650278727,0.0,28.105,8916.416,354.8
4.9220,32.81318664550781,0.0,28.105,8916.416,354.8
4.9271,32.84707546234131,0.0,28.105,8916.416,354.8
4.9321,32.88095792134603,0.0,28.486,9022.588,354.8
4.9409,32.93927828470866,0.0,28.486,9022.588,354.8
4.9460,32.97318458557129,0.0,28.486,9022.588,354.8
4.9511,33.00706068674723,0.0,28.486,9022.588,354.8
4.9561,33.040924072265625,0.0,28.949,9130.781,354.8
4.9670,33.113133112589516,0.0,28.949,9130.781,354.8
4.9721,33.1470251083374,0.0,28.949,9130.781,354.8
4.9771,33.18095048268636,0.0,28.949,9130.781,354.8
4.9822,33.214847246805824,0.0,28.265,9231.504,354.8
4.9889,33.25918833414713,0.0,28.265,9231.504,354.8
4.9940,33.29312960306803,0.0,28.265,9231.504,354.8
4.9991,33.32700252532959,0.0,28.265,9231.504,354.8
5.0041,33.36089611053467,0.0,29.17,9340.84,354.8
5.0159,33.439648946126304,0.0,29.17,9340.84,354.8
5.0211,33.47393989562988,0.0,29.17,9340.84,354.8
5.0262,33.50785732269287,0.0,29.483,9431.543,354.8
5.0329,33.552676836649574,0.0,29.483,9431.543,354.8
5.0380,33.58681042989095,0.0,29.483,9431.543,354.8
5.0431,33.62070878346761,0.0,29.483,9431.543,354.8
5.0482,33.65467548370361,0.0,29.012,9535.43,354.8
5.0568,33.71233304341634,0.0,29.012,9535.43,354.8
5.0620,33.74644915262858,0.0,29.012,9535.43,354.8
5.0670,33.78031094868978,0.0,28.778,9627.715,354.8
5.0778,33.85223388671875,0.0,28.778,9627.715,354.8
5.0829,33.88606389363607,0.0,28.778,9627.715,354.8
5.0880,33.91989707946777,0.0,28.962,9717.1,354.8
5.0979,33.98572285970052,0.0,28.962,9717.1,354.8
5.1029,34.019602139790855,0.0,28.962,9717.1,354.8
5.1098,34.065558115641274,0.0,28.962,9717.1,354.8
5.1149,34.09956455230713,0.0,28.928,9822.305,354.8
5.1219,34.14601484934489,0.0,28.928,9822.305,354.8
5.1275,34.18346246083578,0.0,28.928,9822.305,354.8
5.1326,34.2173687616984,0.0,28.817,9909.316,354.8
5.1419,34.279303550720215,0.0,28.817,9909.316,354.8
5.1470,34.313340187072754,0.0,28.817,9909.316,354.8
5.1521,34.347333908081055,0.0,28.817,9909.316,354.8
5.1572,34.38126881917318,0.0,29.237,10018.477,354.8
5.1661,34.44072564442953,0.0,29.237,10018.477,354.8
5.1712,34.47462876637777,0.0,29.237,10018.477,354.8
5.1763,34.50850486755371,0.0,29.263,10116.299,354.8
5.1879,34.58601792653402,0.0,29.263,10116.299,354.8
5.1930,34.61991310119629,0.0,29.263,10116.299,354.8
5.1981,34.65378761291504,0.0,29.263,10116.299,354.8
5.2031,34.68765417734782,0.0,30.57,10233.018,354.8
5.2119,34.74626859029134,0.0,30.57,10233.018,354.8
5.2170,34.78025436401367,0.0,30.57,10233.018,354.8
5.2221,34.81417179107666,0.0,30.927,10329.346,354.8
5.2319,34.87938721974691,0.0,30.927,10329.346,354.8
5.2375,34.916885693868004,0.0,30.927,10329.346,354.8
5.2426,34.95079517364502,0.0,30.927,10329.346,354.8
5.2477,34.98467604319254,0.0,31.986,10449.932,354.8
5.2559,35.039450327555336,0.0,31.986,10449.932,354.8
5.2610,35.07335980733236,0.0,31.986,10449.932,354.8
5.2661,35.10723749796549,0.0,31.986,10449.932,354.8
5.2712,35.14110724131266,0.0,32.144,10566.914,354.8
5.2799,35.1993719736735,0.0,32.144,10566.914,354.8
5.2850,35.23326555887858,0.0,32.144,10566.914,354.8
5.2901,35.26714007059733,0.0,32.144,10566.914,354.8
5.2957,35.30448913574219,0.0,31.311,10668.604,354.8
5.3019,35.3460423151652,0.0,31.311,10668.604,354.8
5.3088,35.39175510406494,0.0,31.311,10668.604,354.8
5.3139,35.4257869720459,0.0,31.141,10763.789,354.8
5.3219,35.47948201497396,0.0,31.141,10763.789,354.8
5.3270,35.51340897878011,0.0,31.141,10763.789,354.8
5.3321,35.54729461669922,0.0,31.141,10763.789,354.8
5.3372,35.58116753896078,0.0,31.817,10892.285,354.8
5.3499,35.66606362660726,0.0,31.817,10892.285,354.8
5.3550,35.699968338012695,0.0,31.817,10892.285,354.8
5.3601,35.733846028645836,0.0,31.751,10987.383,354.8
5.3679,35.78602949778239,0.0,31.751,10987.383,354.8
5.3730,35.81999937693278,0.0,31.751,10987.383,354.8
5.3781,35.85388024648031,0.0,31.751,10987.383,354.8
5.3832,35.887749989827476,0.0,32.597,11110.957,354.8
5.3919,35.94604810078939,0.0,32.597,11110.957,354.8
5.3975,35.98339080810547,0.0,32.597,11110.957,354.8
5.4026,36.01729869842529,0.0,32.597,11110.957,354.8
5.4092,36.06120586395264,0.0,32.521,11229.697,354.8
5.4159,36.10611915588379,0.0,32.521,11229.697,354.8
5.4210,36.140149434407554,0.0,32.521,11229.697,354.8
5.4261,36.174047787984215,0.0,32.521,11229.697,354.8
5.4312,36.207922299702965,0.0,32.537,11348.35,354.8
5.4399,36.26594066619873,0.0,32.537,11348.35,354.8
5.4450,36.299850145975746,0.0,32.537,11348.35,354.8
5.4506,36.337178548177086,0.0,33.276,11453.379,354.8
5.4599,36.399453481038414,0.0,33.276,11453.379,354.8
5.4650,36.43354574839274,0.0,33.276,11453.379,354.8
5.4701,36.467512448628746,0.0,33.276,11453.379,354.8
5.4752,36.50141874949137,0.0,33.596,11577.305,354.8
5.4839,36.55928452809652,0.0,33.596,11577.305,354.8
5.4890,36.59318923950195,0.0,33.596,11577.305,354.8
5.4941,36.62707805633545,0.0,33.184,11675.303,354.8
5.5060,36.70666058858236,0.0,33.184,11675.303,354.8
5.5126,36.750780741373696,0.0,33.184,11675.303,354.8
5.5178,36.78513844807943,0.0,32.799,11774.707,354.8
5.5241,36.82713190714518,0.0,32.799,11774.707,354.8
5.5292,36.86129093170166,0.0,32.799,11774.707,354.8
5.5343,36.89547220865885,0.0,32.799,11774.707,354.8
5.5394,36.92945798238119,0.0,32.19,11890.723,354.8
5.5489,36.99265638987223,0.0,32.19,11890.723,354.8
5.5559,37.0395835240682,0.0,32.19,11890.723,354.8
5.5610,37.07348823547363,0.0,33.435,12003.398,354.8
5.5689,37.126100858052574,0.0,33.435,12003.398,354.8
5.5740,37.16001192728678,0.0,33.435,12003.398,354.8
5.5791,37.19388643900553,0.0,33.862,12107.549,354.8
5.5889,37.25944995880127,0.0,33.862,12107.549,354.8
5.5940,37.293596267700195,0.0,33.862,12107.549,354.8
5.5991,37.327588399251304,0.0,33.862,12107.549,354.8
5.6042,37.36152489980062,0.0,34.734,12238.242,354.8
5.6150,37.43338108062744,0.0,34.734,12238.242,354.8
5.6201,37.467308044433594,0.0,34.734,12238.242,354.8
5.6252,37.50117778778076,0.0,35.133,12346.611,354.8
5.6329,37.55274772644043,0.0,35.133,12346.611,354.8
5.6380,37.58664925893148,0.0,35.133,12346.611,354.8
5.6431,37.620530128479004,0.0,35.133,12346.611,354.8
5.6482,37.654407819112144,0.0,34.643,12470.186,354.8
5.6569,37.71258036295573,0.0,34.643,12470.186,354.8
5.6620,37.74648348490397,0.0,34.643,12470.186,354.8
5.6676,37.78383731842041,0.0,34.643,12470.186,354.8
5.6727,37.8177277247111,0.0,34.26,12579.609,354.8
5.6787,37.85822709401449,0.0,34.26,12579.609,354.8
5.6838,37.89212703704834,0.0,34.26,12579.609,354.8
5.6889,37.92599678039551,0.0,35.064,12690.615,354.8
5.6979,37.98609256744385,0.0,35.064,12690.615,354.8
5.7030,38.020056088765465,0.0,35.064,12690.615,354.8
5.7096,38.06389649709066,0.0,35.026,12801.182,354.8
5.7189,38.12596797943115,0.0,35.026,12801.182,354.8
5.7245,38.16332976023356,0.0,35.026,12801.182,354.8
5.7296,38.19722652435303,0.0,35.026,12801.182,354.8
5.7347,38.23110580444336,0.0,34.816,12911.924,354.8
5.7407,38.27166557312012,0.0,34.816,12911.924,354.8
5.7458,38.305557568868004,0.0,34.816,12911.924,354.8
5.7509,38.33942890167236,0.0,34.816,12911.924,354.8
5.7560,38.37329228719076,0.0,35.655,13046.484,354.8
5.7641,38.42730681101481,0.0,35.655,13046.484,354.8
5.7692,38.46120039621989,0.0,35.655,13046.484,354.8
5.7751,38.500820795694985,0.0,35.655,13046.484,354.8
5.7802,38.53482246398926,0.0,35.285,13162.148,354.8
5.7864,38.57621510823568,0.0,35.285,13162.148,354.8
5.7916,38.61042181650797,0.0,35.285,13162.148,354.8
5.7967,38.644534746805824,0.0,35.285,13162.148,354.8
5.8018,38.67851575215658,0.0,35.211,13292.402,354.8
5.8099,38.73275915781657,0.0,35.211,13292.402,354.8
5.8150,38.76669565836588,0.0,35.211,13292.402,354.8
5.8201,38.8005797068278,0.0,35.211,13292.402,354.8
5.8252,38.83444468180338,0.0,35.603,13412.549,354.8
5.8340,38.8934055964152,0.0,35.603,13412.549,354.8
5.8391,38.927300771077476,0.0,35.603,13412.549,354.8
5.8442,38.96117687225342,0.0,35.433,13519.951,354.8
5.8519,39.01261806488037,0.0,35.433,13519.951,354.8
5.8570,39.04652754465739,0.0,35.433,13519.951,354.8
5.8621,39.08040205637614,0.0,35.433,13519.951,354.8
5.8671,39.114273389180504,0.0,34.951,13645.723,354.8
5.8760,39.17309284210205,0.0,34.951,13645.723,354.8
5.8810,39.206997553507485,0.0,34.951,13645.723,354.8
5.8866,39.244330724080406,0.0,34.951,13645.723,354.8
5.8917,39.278225898742676,0.0,36.149,13768.066,354.8
5.8978,39.31892077128092,0.0,36.149,13768.066,354.8
5.9029,39.35281117757162,0.0,36.149,13768.066,354.8
5.9095,39.39642906188965,0.0,36.069,13875.469,354.8
5.9169,39.445974032084145,0.0,36.069,13875.469,354.8
5.9220,39.47986920674642,0.0,36.069,13875.469,354.8
5.9271,39.51374530792236,0.0,36.069,13875.469,354.8
5.9321,39.54761664072672,0.0,35.651,13989.287,354.8
5.9382,39.58829402923584,0.0,35.651,13989.287,354.8
5.9438,39.62559858957926,0.0,35.651,13989.287,354.8
5.9489,39.65948740641276,0.0,37.103,14115.059,354.8
5.9589,39.7259791692098,0.0,37.103,14115.059,354.8
5.9640,39.75987434387207,0.0,37.103,14115.059,354.8
5.9691,39.79375203450521,0.0,37.103,14115.059,354.8
5.9741,39.8276170094808,0.0,36.684,14244.873,354.8
5.9830,39.88660971323649,0.0,36.684,14244.873,354.8
5.9881,39.92063840230306,0.0,36.684,14244.873,354.8
5.9940,39.95983918507894,0.0,35.685,14351.66,354.8
0.0000,40.0,0.0,35.685,14351.66,354.8
0.0065,40.0,0.0,35.685,14351.66,354.8
0.0116,40.0,0.0,35.685,14351.66,354.8
0.0167,40.0,0.0,37.392,14495.977,354.8
0.0240,40.0,0.0,37.392,14495.977,354.8
0.0290,40.0,0.0,37.392,14495.977,354.8
0.0341,40.0,0.0,37.392,14495.977,354.8
0.0392,40.0,0.0,36.244,14604.346,354.8
0.0471,40.0,0.0,36.244,14604.346,354.8
0.0522,40.0,0.0,36.244,14604.346,354.8
0.0573,40.0,0.0,36.152,14716.23,354.8
0.0649,40.0,0.0,36.152,14716.23,354.8
0.0701,40.0,0.0,36.152,14716.23,354.8
0.0752,40.0,0.0,36.152,14716.23,354.8
0.0803,40.0,0.0,37.464,14858.35,354.8
0.0890,40.0,0.0,37.464,14858.35,354.8
0.0940,40.0,0.0,37.464,14858.35,354.8
0.0996,40.0,0.0,37.464,14858.35,354.8
0.1047,40.0,0.0,36.533,14969.883,354.8
0.1123,40.0,0.0,36.533,14969.883,354.8
0.1174,40.0,0.0,36.533,14969.883,354.8
0.1225,40.0,0.0,36.397,15082.646,354.8
0.1300,40.0,0.0,36.397,15082.646,354.8
0.1350,40.0,0.0,36.397,15082.646,354.8
0.1401,40.0,0.0,36.397,15082.646,354.8
0.1453,40.0,0.0,36.971,15219.58,354.8
0.1560,40.0,0.0,36.971,15219.58,354.8
0.1611,40.0,0.0,36.971,15219.58,354.8
0.1662,40.0,0.0,36.268,15326.631,354.8
0.1740,40.0,0.0,36.268,15326.631,354.8
0.1791,40.0,0.0,36.268,15326.631,354.8
0.1843,40.0,0.0,35.637,15433.154,354.8
0.1941,40.0,0.0,35.637,15433.154,354.8
0.1992,40.0,0.0,35.637,15433.154,354.8
0.2043,40.0,0.0,35.637,15433.154,354.8
0.2117,40.0,0.0,37.056,15575.889,354.8
0.2180,40.0,0.0,37.056,15575.889,354.8
0.2230,40.0,0.0,37.056,15575.889,354.8
0.2281,40.0,0.0,36.617,15683.818,354.8
0.2380,40.0,0.0,36.617,15683.818,354.8
0.2430,40.0,0.0,36.617,15683.818,354.8
0.2481,40.0,0.0,36.617,15683.818,354.8
0.2532,40.0,0.0,37.076,15822.07,354.8
0.2641,40.0,0.0,37.076,15822.07,354.8
0.2691,40.0,0.0,37.076,15822.07,354.8
0.2742,40.0,0.0,38.036,15941.865,354.8
0.2819,40.0,0.0,38.036,15941.865,354.8
0.2870,40.0,0.0,38.036,15941.865,354.8
0.2921,40.0,0.0,36.875,16047.773,354.8
0.3019,40.0,0.0,36.875,16047.773,354.8
0.3085,40.0,0.0,36.875,16047.773,354.8
0.3136,40.0,0.0,36.704,16166.777,354.8
0.3231,40.0,0.0,36.704,16166.777,354.8
0.3282,40.0,0.0,36.704,16166.777,354.8
0.3332,40.0,0.0,36.704,16166.777,354.8
0.3383,40.0,0.0,37.369,16304.414,354.8
0.3470,40.0,0.0,37.369,16304.414,354.8
0.3520,40.0,0.0,37.369,16304.414,354.8
0.3571,40.0,0.0,36.121,16410.146,354.8
0.3670,40.0,0.0,36.121,16410.146,354.8
0.3725,40.0,0.0,36.121,16410.146,354.8
0.3776,40.0,0.0,36.121,16410.146,354.8
0.3827,40.0,0.0,36.618,16529.678,354.8
0.3888,40.0,0.0,36.618,16529.678,354.8
0.3939,40.0,0.0,36.618,16529.678,354.8
0.3989,40.0,0.0,36.618,16529.678,354.8
0.4040,40.0,0.0,37.239,16667.666,354.8
0.4120,40.0,0.0,37.239,16667.666,354.8
0.4171,40.0,0.0,37.239,16667.666,354.8
0.4222,40.0,0.0,36.13,16784.297,354.8
0.4339,40.0,0.0,36.13,16784.297,354.8
0.4390,40.0,0.0,36.13,16784.297,354.8
0.4441,40.0,0.0,36.13,16784.297,354.8
0.4492,40.0,0.0,36.327,16920.264,354.8
0.4580,40.0,0.0,36.327,16920.264,354.8
0.4630,40.0,0.0,36.327,16920.264,354.8
0.4681,40.0,0.0,37.09,17034.346,354.8
0.4779,40.0,0.0,37.09,17034.346,354.8
0.4836,40.0,0.0,37.09,17034.346,354.8
0.4887,40.0,0.0,37.09,17034.346,354.8
0.4938,40.0,0.0,36.425,17164.424,354.8
0.5020,40.0,0.0,36.425,17164.424,354.8
0.5086,40.0,0.0,36.425,17164.424,354.8
0.5137,40.0,0.0,36.265,17275.781,354.8
0.5201,40.0,0.0,36.265,17275.781,354.8
0.5255,40.0,0.0,36.265,17275.781,354.8
0.5306,40.0,0.0,36.265,17275.781,354.8
0.5357,40.0,0.0,37.116,17402.256,354.8
0.5440,40.0,0.0,37.116,17402.256,354.8
0.5490,40.0,0.0,37.116,17402.256,354.8
0.5541,40.0,0.0,37.116,17402.256,354.8
0.5592,40.0,0.0,36.928,17537.432,354.8
0.5680,40.0,0.0,36.928,17537.432,354.8
0.5730,40.0,0.0,36.928,17537.432,354.8
0.5781,40.0,0.0,36.928,17537.432,354.8
0.5832,40.0,0.0,37.864,17679.199,354.8
0.5940,40.0,0.0,37.864,17679.199,354.8
0.5991,40.0,0.0,37.864,17679.199,354.8
0.6042,40.0,0.0,37.397,17789.941,354.8
0.6120,40.0,0.0,37.397,17789.941,354.8
0.6170,40.0,0.0,37.397,17789.941,354.8
0.6221,40.0,0.0,37.397,17789.941,354.8
0.6272,40.0,0.0,36.071,17918.965,354.8
0.6360,40.0,0.0,36.071,17918.965,354.8
0.6410,40.0,0.0,36.071,17918.965,354.8
0.6467,40.0,0.0,36.071,17918.965,354.8
0.6518,40.0,0.0,37.224,18042.715,354.8
0.6579,40.0,0.0,37.224,18042.715,354.8
0.6630,40.0,0.0,37.224,18042.715,354.8
0.6680,40.0,0.0,35.966,18145.283,354.8
0.6770,40.0,0.0,35.966,18145.283,354.8
0.6820,40.0,0.0,35.966,18145.283,354.8
0.6871,40.0,0.0,35.966,18145.283,354.8
0.6922,40.0,0.0,36.365,18265.693,354.8
0.7001,40.0,0.0,36.365,18265.693,354.8
0.7066,40.0,0.0,36.365,18265.693,354.8
0.7117,40.0,0.0,37.655,18385.576,354.8
0.7180,40.0,0.0,37.655,18385.576,354.8
0.7231,40.0,0.0,37.655,18385.576,354.8
0.7281,40.0,0.0,37.547,18497.637,354.8
0.7380,40.0,0.0,37.547,18497.637,354.8
0.7430,40.0,0.0,37.547,18497.637,354.8
0.7481,40.0,0.0,37.547,18497.637,354.8
0.7537,40.0,0.0,37.278,18634.131,354.8
0.7622,40.0,0.0,37.278,18634.131,354.8
0.7672,40.0,0.0,37.278,18634.131,354.8
0.7723,40.0,0.0,37.278,18634.131,354.8
0.7774,40.0,0.0,37.507,18770.801,354.8
0.7860,40.0,0.0,37.507,18770.801,354.8
0.7910,40.0,0.0,37.507,18770.801,354.8
0.7961,40.0,0.0,36.858,18880.84,354.8
0.8081,40.0,0.0,36.858,18880.84,354.8
0.8146,40.0,0.0,36.858,18880.84,354.8
0.8197,40.0,0.0,36.851,19000.107,354.8
0.8270,40.0,0.0,36.851,19000.107,354.8
0.8321,40.0,0.0,36.851,19000.107,354.8
0.8371,40.0,0.0,36.851,19000.107,354.8
0.8422,40.0,0.0,36.921,19134.404,354.8
0.8510,40.0,0.0,36.921,19134.404,354.8
0.8560,40.0,0.0,36.921,19134.404,354.8
0.8631,40.0,0.0,36.921,19134.404,354.8
0.8682,40.0,0.0,35.847,19255.957,354.8
0.8743,40.0,0.0,35.847,19255.957,354.8
0.8793,40.0,0.0,35.847,19255.957,354.8
0.8844,40.0,0.0,35.847,19255.957,354.8
0.8895,40.0,0.0,35.963,19389.287,354.8
0.8979,40.0,0.0,35.963,19389.287,354.8
0.9030,40.0,0.0,35.963,19389.287,354.8
0.9096,40.0,0.0,35.963,19389.287,354.8
0.9147,40.0,0.0,36.793,19521.211,354.8
0.9230,40.0,0.0,36.793,19521.211,354.8
0.9281,40.0,0.0,36.793,19521.211,354.8
0.9332,40.0,0.0,36.582,19630.371,354.8
0.9409,40.0,0.0,36.582,19630.371,354.8
0.9460,40.0,0.0,36.582,19630.371,354.8
0.9511,40.0,0.0,36.686,19743.926,354.8
0.9609,40.0,0.0,36.686,19743.926,354.8
0.9660,40.0,0.0,36.686,19743.926,354.8
0.9716,40.0,0.0,36.686,19743.926,354.8
0.9767,40.0,0.0,36.744,19877.256,354.8
0.9849,40.0,0.0,36.744,19877.256,354.8
0.9900,40.0,0.0,36.744,19877.256,354.8
0.9951,40.0,0.0,36.411,19988.438,354.8
1.0050,40.0,0.0,36.411,19988.438,354.8
1.0115,40.0,0.0,36.411,19988.438,354.8
1.0167,40.0,0.0,36.411,19988.438,354.8
1.0218,40.0,0.0,37.415,20134.248,354.8
1.0321,40.0,0.0,37.415,20134.248,354.8
1.0371,40.0,0.0,37.415,20134.248,354.8
1.0422,40.0,0.0,37.597,20248.33,354.8
1.0499,40.0,0.0,37.597,20248.33,354.8
1.0550,40.0,0.0,37.597,20248.33,354.8
1.0601,40.0,0.0,37.377,20362.412,354.8
1.0702,40.0,0.0,37.377,20362.412,354.8
1.0752,40.0,0.0,37.377,20362.412,354.8
1.0808,40.0,0.0,37.377,20362.412,354.8
1.0859,40.0,0.0,37.304,20480.537,354.8
1.0920,40.0,0.0,37.304,20480.537,354.8
1.0971,40.0,0.0,37.304,20480.537,354.8
1.1022,40.0,0.0,37.304,20480.537,354.8
1.1089,40.0,0.0,36.814,20613.691,354.8
1.1150,40.0,0.0,36.814,20613.691,354.8
1.1201,40.0,0.0,36.814,20613.691,354.8
1.1252,40.0,0.0,36.814,20613.691,354.8
1.1303,40.0,0.0,36.787,20737.441,354.8
1.1391,40.0,0.0,36.787,20737.441,354.8
1.1441,40.0,0.0,36.787,20737.441,354.8
1.1492,40.0,0.0,35.646,20840.977,354.8
1.1569,40.0,0.0,35.646,20840.977,354.8
1.1620,40.0,0.0,35.646,20840.977,354.8
1.1671,40.0,0.0,36.684,20958.926,354.8
1.1770,40.0,0.0,36.684,20958.926,354.8
1.1820,40.0,0.0,36.684,20958.926,354.8
1.1900,40.0,0.0,36.684,20958.926,354.8
1.1951,40.0,0.0,36.825,21091.904,354.8
1.2011,40.0,0.0,36.825,21091.904,354.8
1.2077,40.0,0.0,36.825,21091.904,354.8
1.2128,40.0,0.0,36.825,21091.904,354.8
1.2178,40.0,0.0,36.503,21226.025,354.8
1.2250,40.0,0.0,36.503,21226.025,354.8
1.2300,40.0,0.0,36.503,21226.025,354.8
1.2351,40.0,0.0,36.503,21226.025,354.8
1.2420,40.0,0.0,37.232,21363.926,354.8
1.2492,40.0,0.0,37.232,21363.926,354.8
1.2542,40.0,0.0,37.232,21363.926,354.8
1.2593,40.0,0.0,37.232,21363.926,354.8
1.2644,40.0,0.0,36.143,21492.422,354.8
1.2732,40.0,0.0,36.143,21492.422,354.8
1.2782,40.0,0.0,36.143,21492.422,354.8
1.2833,40.0,0.0,36.677,21607.734,354.8
1.2931,40.0,0.0,36.677,21607.734,354.8
1.2988,40.0,0.0,36.677,21607.734,354.8
1.3039,40.0,0.0,36.677,21607.734,354.8
1.3104,40.0,0.0,36.087,21736.23,354.8
1.3170,40.0,0.0,36.087,21736.23,354.8
1.3220,40.0,0.0,36.087,21736.23,354.8
1.3271,40.0,0.0,36.087,21846.357,354.8
1.3370,40.0,0.0,36.087,21846.357,354.8
1.3420,40.0,0.0,36.087,21846.357,354.8
1.3490,40.0,0.0,36.676,21967.734,354.8
1.3579,40.0,0.0,36.676,21967.734,354.8
1.3630,40.0,0.0,36.676,21967.734,354.8
1.3681,40.0,0.0,36.676,21967.734,354.8
1.3732,40.0,0.0,37.233,22104.756,354.8
1.3819,40.0,0.0,37.233,22104.756,354.8
1.3870,40.0,0.0,37.233,22104.756,354.8
1.3921,40.0,0.0,37.233,22104.756,354.8
1.3972,40.0,0.0,36.833,22220.332,354.8
1.4033,40.0,0.0,36.833,22220.332,354.8
1.4104,40.0,0.0,36.833,22220.332,354.8
1.4156,40.0,0.0,36.802,22338.545,354.8
1.4240,40.0,0.0,36.802,22338.545,354.8
1.4290,40.0,0.0,36.802,22338.545,354.8
1.4341,40.0,0.0,37.337,22455.439,354.8
1.4440,40.0,0.0,37.337,22455.439,354.8
1.4490,40.0,0.0,37.337,22455.439,354.8
1.4541,40.0,0.0,37.337,22455.439,354.8
1.4597,40.0,0.0,36.404,22583.496,354.8
1.4680,40.0,0.0,36.404,22583.496,354.8
1.4731,40.0,0.0,36.404,22583.496,354.8
1.4782,40.0,0.0,36.518,22698.193,354.8
1.4880,40.0,0.0,36.518,22698.193,354.8
1.4930,40.0,0.0,36.518,22698.193,354.8
1.4981,40.0,0.0,36.518,22698.193,354.8
1.5032,40.0,0.0,37.441,22842.949,354.8
1.5130,40.0,0.0,37.441,22842.949,354.8
1.5187,40.0,0.0,37.441,22842.949,354.8
1.5238,40.0,0.0,36.446,22955.801,354.8
1.5340,40.0,0.0,36.446,22955.801,354.8
1.5390,40.0,0.0,36.446,22955.801,354.8
1.5441,40.0,0.0,36.446,22955.801,354.8
1.5492,40.0,0.0,37.113,23095.283,354.8
1.5579,40.0,0.0,37.113,23095.283,354.8
1.5630,40.0,0.0,37.113,23095.283,354.8
1.5690,40.0,0.0,37.402,23208.574,354.8
1.5780,40.0,0.0,37.402,23208.574,354.8
1.5831,40.0,0.0,37.402,23208.574,354.8
1.5882,40.0,0.0,37.402,23208.574,354.8
1.5933,40.0,0.0,36.063,23336.631,354.8
1.6020,40.0,0.0,36.063,23336.631,354.8
1.6086,40.0,0.0,36.063,23336.631,354.8
1.6136,40.0,0.0,37.112,23459.59,354.8
1.6230,40.0,0.0,37.112,23459.59,354.8
1.6286,40.0,0.0,37.112,23459.59,354.8
1.6337,40.0,0.0,37.112,23459.59,354.8
1.6388,40.0,0.0,36.967,23575.781,354.8
1.6448,40.0,0.0,36.967,23575.781,354.8
1.6499,40.0,0.0,36.967,23575.781,354.8
1.6550,40.0,0.0,36.167,23684.063,354.8
1.6640,40.0,0.0,36.167,23684.063,354.8
1.6690,40.0,0.0,36.167,23684.063,354.8
1.6741,40.0,0.0,37.381,23803.945,354.8
1.6840,40.0,0.0,37.381,23803.945,354.8
1.6891,40.0,0.0,37.381,23803.945,354.8
1.6942,40.0,0.0,37.381,23803.945,354.8
1.6992,40.0,0.0,37.358,23938.066,354.8
1.7080,40.0,0.0,37.358,23938.066,354.8
1.7145,40.0,0.0,37.358,23938.066,354.8
1.7196,40.0,0.0,37.129,24052.236,354.8
1.7280,40.0,0.0,37.129,24052.236,354.8
1.7360,40.0,0.0,37.129,24052.236,354.8
1.7411,40.0,0.0,37.129,24052.236,354.8
1.7462,40.0,0.0,37.496,24190.4,354.8
1.7522,40.0,0.0,37.496,24190.4,354.8
1.7573,40.0,0.0,37.496,24190.4,354.8
1.7624,40.0,0.0,36.702,24297.627,354.8
1.7720,40.0,0.0,36.702,24297.627,354.8
1.7771,40.0,0.0,36.702,24297.627,354.8
1.7821,40.0,0.0,35.502,24408.809,354.8
1.7930,40.0,0.0,35.502,24408.809,354.8
1.7981,40.0,0.0,35.502,24408.809,354.8
1.8032,40.0,0.0,35.502,24408.809,354.8
1.8097,40.0,0.0,36.989,24550.049,354.8
1.8170,40.0,0.0,36.989,24550.049,354.8
1.8220,40.0,0.0,36.989,24550.049,354.8
1.8271,40.0,0.0,36.819,24659.473,354.8
1.8370,40.0,0.0,36.819,24659.473,354.8
1.8426,40.0,0.0,36.819,24659.473,354.8
1.8477,40.0,0.0,36.819,24659.473,354.8
1.8527,40.0,0.0,36.855,24779.531,354.8
1.8589,40.0,0.0,36.855,24779.531,354.8
1.8639,40.0,0.0,36.855,24779.531,354.8
1.8690,40.0,0.0,36.855,24779.531,354.8
1.8741,40.0,0.0,37.291,24916.553,354.8
1.8820,40.0,0.0,37.291,24916.553,354.8
1.8870,40.0,0.0,37.291,24916.553,354.8
1.8921,40.0,0.0,37.291,24916.553,354.8
1.8977,40.0,0.0,36.523,25030.371,354.8
1.9038,40.0,0.0,36.523,25030.371,354.8
1.9103,40.0,0.0,36.523,25030.371,354.8
1.9154,40.0,0.0,36.604,25143.662,354.8
1.9230,40.0,0.0,36.604,25143.662,354.8
1.9281,40.0,0.0,36.604,25143.662,354.8
1.9331,40.0,0.0,36.604,25143.662,354.8
1.9382,40.0,0.0,37.292,25282.09,354.8
1.9491,40.0,0.0,37.292,25282.09,354.8
1.9542,40.0,0.0,37.292,25282.09,354.8
1.9592,40.0,0.0,37.292,25282.09,354.8
1.9643,40.0,0.0,36.707,25413.223,354.8
1.9710,40.0,0.0,36.707,25413.223,354.8
1.9761,40.0,0.0,36.707,25413.223,354.8
1.9811,40.0,0.0,36.666,25526.953,354.8
1.9910,40.0,0.0,36.666,25526.953,354.8
1.9961,40.0,0.0,36.666,25526.953,354.8
0.0000,39.99999682108561,0.0,36.666,25526.953,354.8
0.0071,39.952754974365234,0.0,37.418,25660.283,354.8
0.0132,39.91219997406006,0.0,37.418,25660.283,354.8
0.0183,39.878273010253906,0.0,37.418,25660.283,354.8
0.0233,39.84438419342041,0.0,37.418,25660.283,354.8
0.0284,39.810427029927574,0.0,36.613,25790.186,354.8
0.0368,39.754815101623535,0.0,36.613,25790.186,354.8
0.0419,39.7209103902181,0.0,36.613,25790.186,354.8
0.0469,39.68702475229899,0.0,36.613,25790.186,354.8
0.0520,39.65315341949463,0.0,36.892,25910.859,354.8
0.0599,39.6008570988973,0.0,36.892,25910.859,354.8
0.0650,39.566961924235024,0.0,36.892,25910.859,354.8
0.0700,39.53307310740153,0.0,37.152,26023.711,354.8
0.0778,39.48139190673828,0.0,37.152,26023.711,354.8
0.0829,39.44750150044759,0.0,37.152,26023.711,354.8
0.0880,39.41361427307129,0.0,35.789,26126.279,354.8
0.0978,39.34810161590576,0.0,35.789,26126.279,354.8
0.1029,39.31420167287191,0.0,35.789,26126.279,354.8
0.1094,39.27044868469238,0.0,35.751,26249.238,354.8
0.1198,39.201439221700035,0.0,35.751,26249.238,354.8
0.1249,39.16752338409424,0.0,35.751,26249.238,354.8
0.1300,39.13363774617513,0.0,35.751,26249.238,354.8
0.1350,39.099766413370766,0.0,36.328,26382.92,354.8
0.1440,39.039931297302246,0.0,36.328,26382.92,354.8
0.1491,39.00587240854899,0.0,36.328,26382.92,354.8
0.1542,38.97178649902344,0.0,36.328,26382.92,354.8
0.1593,38.937815030415855,0.0,35.477,26508.955,354.8
0.1701,38.866004943847656,0.0,35.477,26508.955,354.8
0.1752,38.832000096639,0.0,35.477,26508.955,354.8
0.1803,38.79774252573649,0.0,35.477,26508.955,354.8
0.1854,38.76368999481201,0.0,36.348,26647.383,354.8
0.1920,38.72002442677816,0.0,36.348,26647.383,354.8
0.1971,38.686086336771645,0.0,36.348,26647.383,354.8
0.2022,38.6521832148234,0.0,36.348,26647.383,354.8
0.2090,38.60694090525309,0.0,36.592,26779.57,354.8
0.2158,38.561364809672035,0.0,36.592,26779.57,354.8
0.2209,38.52745056152344,0.0,36.592,26779.57,354.8
0.2265,38.490025202433266,0.0,36.592,26779.57,354.8
0.2316,38.45612049102783,0.0,35.604,26896.816,354.8
0.2378,38.414694468180336,0.0,35.604,26896.816,354.8
0.2429,38.38080406188965,0.0,35.604,26896.816,354.8
0.2480,38.34692796071371,0.0,36.235,27009.492,354.8
0.2578,38.281331062316895,0.0,36.235,27009.492,354.8
0.2629,38.24718793233236,0.0,36.235,27009.492,354.8
0.2680,38.213202158610024,0.0,36.235,27009.492,354.8
0.2731,38.179286321004234,0.0,34.831,27131.836,354.8
0.2818,38.121280670166016,0.0,34.831,27131.836,354.8
0.2869,38.087371190389,0.0,34.831,27131.836,354.8
0.2920,38.05349191029867,0.0,34.831,27131.836,354.8
0.2971,38.019633293151855,0.0,35.629,27264.99,354.8
0.3058,37.96137809753418,0.0,35.629,27264.99,354.8
0.3124,37.91764418284098,0.0,35.629,27264.99,354.8
0.3174,37.88373629252116,0.0,35.629,27264.99,354.8
0.3225,37.849857012430824,0.0,36.068,27403.594,354.8
0.3308,37.794718742370605,0.0,36.068,27403.594,354.8
0.3364,37.75736014048258,0.0,36.068,27403.594,354.8
0.3415,37.72346496582031,0.0,36.068,27403.594,354.8
0.3466,37.68958727518717,0.0,35.887,27517.061,354.8
0.3526,37.64913082122803,0.0,35.887,27517.061,354.8
0.3577,37.61523564656576,0.0,35.887,27517.061,354.8
0.3628,37.58135477701823,0.0,35.887,27517.061,354.8
0.3679,37.54749139149984,0.0,36.008,27650.039,354.8
0.3758,37.494659423828125,0.0,36.008,27650.039,354.8
0.3809,37.460506757100426,0.0,36.008,27650.039,354.8
0.3869,37.42093880971273,0.0,36.008,27759.463,354.8
0.3958,37.361372311909996,0.0,36.008,27759.463,354.8
0.4009,37.32743740081787,0.0,36.008,27759.463,354.8
0.4074,37.28380521138509,0.0,36.008,27759.463,354.8
0.4125,37.24989096323649,0.0,35.773,27889.102,354.8
0.4198,37.20138072967529,0.0,35.773,27889.102,354.8
0.4249,37.167466481526695,0.0,35.773,27889.102,354.8
0.4300,37.1335776646932,0.0,35.773,27889.102,354.8
0.4350,37.09971904754639,0.0,35.082,27999.844,354.8
0.4429,37.04744497934977,0.0,35.082,27999.844,354.8
0.4480,37.01354503631592,0.0,35.082,27999.844,354.8
0.4530,36.979668935139976,0.0,34.595,28101.973,354.8
0.4608,36.92803382873535,0.0,34.595,28101.973,354.8
0.4659,36.89406394958496,0.0,34.595,28101.973,354.8
0.4710,36.860178311665855,0.0,34.595,28101.973,354.8
0.4761,36.82630856831869,0.0,34.994,28233.193,354.8
0.4848,36.76807880401611,0.0,34.994,28233.193,354.8
0.4899,36.734182039896645,0.0,34.994,28233.193,354.8
0.4955,36.69686953226725,0.0,34.994,28233.193,354.8
0.5006,36.66299025217692,0.0,35.111,28361.602,354.8
0.5088,36.60774072011312,0.0,35.111,28361.602,354.8
0.5140,36.573540369669594,0.0,35.111,28361.602,354.8
0.5191,36.539414723714195,0.0,34.804,28465.928,354.8
0.5288,36.47444725036621,0.0,34.804,28465.928,354.8
0.5339,36.440510749816895,0.0,34.804,28465.928,354.8
0.5390,36.40662670135498,0.0,34.804,28465.928,354.8
0.5441,36.37268384297689,0.0,34.434,28595.566,354.8
0.5559,36.29408836364746,0.0,34.434,28595.566,354.8
0.5610,36.26015981038412,0.0,34.434,28595.566,354.8
0.5661,36.22627258300781,0.0,34.224,28700.684,354.8
0.5738,36.174801190694176,0.0,34.224,28700.684,354.8
0.5789,36.14090919494629,0.0,34.224,28700.684,354.8
0.5840,36.106979052225746,0.0,34.492,28805.625,354.8
0.5938,36.04132811228434,0.0,34.492,28805.625,354.8
0.5989,36.00743611653646,0.0,34.492,28805.625,354.8
0.6048,35.9677521387736,0.0,34.492,28805.625,354.8
0.6114,35.92395941416422,0.0,34.578,28933.77,354.8
0.6178,35.8813222249349,0.0,34.578,28933.77,354.8
0.6229,35.84742228190104,0.0,34.578,28933.77,354.8
0.6280,35.81354777018229,0.0,33.833,29032.471,354.8
0.6378,35.74788729349772,0.0,33.833,29032.471,354.8
0.6429,35.713982582092285,0.0,33.833,29032.471,354.8
0.6480,35.68011283874512,0.0,33.833,29032.471,354.8
0.6531,35.64623832702637,0.0,33.595,29139.785,354.8
0.6591,35.605667432149254,0.0,33.595,29139.785,354.8
0.6648,35.56823571523031,0.0,33.595,29139.785,354.8
0.6699,35.53415139516195,0.0,33.796,29249.561,354.8
0.6798,35.46788056691488,0.0,33.796,29249.561,354.8
0.6849,35.43387254079183,0.0,33.796,29249.561,354.8
0.6900,35.399909019470215,0.0,33.796,29249.561,354.8
0.6952,35.365589459737144,0.0,33.915,29373.047,354.8
0.7038,35.30801932017008,0.0,33.915,29373.047,354.8
0.7104,35.264275868733726,0.0,33.915,29373.047,354.8
0.7160,35.22669792175293,0.0,33.623,29474.473,354.8
0.7238,35.17455259958903,0.0,33.623,29474.473,354.8
0.7289,35.140604972839355,0.0,33.623,29474.473,354.8
0.7340,35.106614430745445,0.0,33.623,29474.473,354.8
0.7391,35.07269859313965,0.0,33.273,29596.201,354.8
0.7478,35.01469135284424,0.0,33.273,29596.201,354.8
0.7529,34.98075644175211,0.0,33.273,29596.201,354.8
0.7580,34.94677543640137,0.0,33.273,29596.201,354.8
0.7631,34.91285959879557,0.0,32.947,29699.736,354.8
0.7692,34.871743520100914,0.0,32.947,29699.736,354.8
0.7749,34.83428637186686,0.0,32.947,29699.736,354.8
0.7800,34.800283114115395,0.0,32.859,29805.645,354.8
0.7899,34.73408222198486,0.0,32.859,29805.645,354.8
0.7950,34.70011552174886,0.0,32.859,29805.645,354.8
0.8001,34.66620604197184,0.0,32.784,29904.258,354.8
0.8098,34.60130532582601,0.0,32.784,29904.258,354.8
0.8149,34.56735452016195,0.0,32.784,29904.258,354.8
0.8200,34.53343550364176,0.0,33.034,30011.396,354.8
0.8318,34.45481300354004,0.0,33.034,30011.396,354.8
0.8369,34.42087650299072,0.0,33.034,30011.396,354.8
0.8420,34.386960665384926,0.0,33.034,30011.396,354.8
0.8470,34.35305595397949,0.0,32.664,30129.082,354.8
0.8548,34.30134296417236,0.0,32.664,30129.082,354.8
0.8599,34.26741282145182,0.0,32.664,30129.082,354.8
0.8650,34.23348744710287,0.0,32.592,30228.574,354.8
0.8748,34.16802088419596,0.0,32.592,30228.574,354.8
0.8799,34.13405418395996,0.0,32.592,30228.574,354.8
0.8855,34.09635861714681,0.0,32.592,30228.574,354.8
0.8907,34.06226793924967,0.0,32.405,30336.416,354.8
0.8968,34.02139027913412,0.0,32.405,30336.416,354.8
0.9019,33.987463315327965,0.0,32.405,30336.416,354.8
0.9084,33.94383748372396,0.0,32.002,30432.041,354.8
0.9168,33.88802528381348,0.0,32.002,30432.041,354.8
0.9219,33.85404745737711,0.0,32.002,30432.041,354.8
0.9270,33.82011731465658,0.0,32.002,30432.041,354.8
0.9321,33.786209424336754,0.0,31.362,30545.156,354.8
0.9408,33.72788588205973,0.0,31.362,30545.156,354.8
0.9459,33.69394779205322,0.0,31.362,30545.156,354.8
0.9510,33.65997791290283,0.0,30.639,30635.244,354.8
0.9608,33.59466552734375,0.0,30.639,30635.244,354.8
0.9659,33.56071949005127,0.0,30.639,30635.244,354.8
0.9710,33.52676868438721,0.0,30.639,30635.244,354.8
0.9761,33.49275430043539,0.0,30.862,30749.238,354.8
0.9879,33.41432253519694,0.0,30.862,30749.238,354.8
0.9930,33.38015874226888,0.0,30.862,30749.238,354.8
0.9981,33.34614276885986,0.0,29.773,30845.479,354.8
1.0068,33.28798453013102,0.0,29.773,30845.479,354.8
1.0134,33.243796030680336,0.0,29.773,30845.479,354.8
1.0186,33.20955117543539,0.0,29.773,30845.479,354.8
1.0237,33.175368309020996,0.0,30.62,30962.197,354.8
1.0308,33.12798182169596,0.0,30.62,30962.197,354.8
1.0359,33.09403578440348,0.0,30.62,30962.197,354.8
1.0428,33.04771741231283,0.0,31.944,31064.59,354.8
1.0508,32.9946231842041,0.0,31.944,31064.59,354.8
1.0559,32.96069304148356,0.0,31.944,31064.59,354.8
1.0610,32.926788330078125,0.0,31.944,31064.59,354.8
1.0661,32.89288838704427,0.0,30.487,31168.74,354.8
1.0748,32.83463954925537,0.0,30.487,31168.74,354.8
1.0799,32.80068874359131,0.0,30.487,31168.74,354.8
1.0850,32.76676972707113,0.0,30.487,31168.74,354.8
1.0901,32.73286660512289,0.0,29.237,31267.09,354.8
1.0998,32.667999267578125,0.0,29.237,31267.09,354.8
1.1049,32.63395468393961,0.0,29.237,31267.09,354.8
1.1115,32.5901460647583,0.0,29.254,31358.145,354.8
1.1178,32.547877629597984,0.0,29.254,31358.145,354.8
1.1229,32.51387437184652,0.0,29.254,31358.145,354.8
1.1280,32.47993310292562,0.0,29.907,31451.572,354.8
1.1388,32.408016522725426,0.0,29.907,31451.572,354.8
1.1439,32.37381935119629,0.0,29.907,31451.572,354.8
1.1490,32.33979860941569,0.0,29.907,31451.572,354.8
1.1547,32.30211893717448,0.0,28.618,31542.012,354.8
1.1608,32.261409759521484,0.0,28.618,31542.012,354.8
1.1659,32.227301597595215,0.0,28.618,31542.012,354.8
1.1710,32.19325383504232,0.0,28.833,31632.451,354.8
1.1798,32.134599685668945,0.0,28.833,31632.451,354.8
1.1849,32.100653648376465,0.0,28.833,31632.451,354.8
1.1900,32.066733042399086,0.0,28.833,31632.451,354.8
1.1951,32.03282833099365,0.0,29.724,31744.688,354.8
1.2059,31.96059068044027,0.0,29.724,31744.688,354.8
1.2125,31.91688060760498,0.0,29.724,31744.688,354.8
1.2176,31.882929801940918,0.0,29.96,31835.391,354.8
1.2238,31.841181119283043,0.0,29.96,31835.391,354.8
1.2289,31.807198524475098,0.0,29.96,31835.391,354.8
1.2340,31.77316188812256,0.0,29.96,31835.391,354.8
1.2391,31.73921744028727,0.0,29.733,31944.023,354.8
1.2478,31.681275367736816,0.0,29.733,31944.023,354.8
1.2529,31.647330919901528,0.0,29.733,31944.023,354.8
1.2580,31.61341826121012,0.0,29.733,31944.023,354.8
1.2636,31.57588481903076,0.0,29.836,32048.965,354.8
1.2708,31.527959505716957,0.0,29.836,32048.965,354.8
1.2759,31.494007110595703,0.0,29.836,32048.965,354.8
1.2810,31.460065841674805,0.0,29.836,32048.965,354.8
1.2861,31.426151593526207,0.0,30.125,32159.092,354.8
1.2948,31.36796156565348,0.0,30.125,32159.092,354.8
1.2999,31.33401870727539,0.0,30.125,32159.092,354.8
1.3050,31.300090154012047,0.0,28.594,32243.994,354.8
1.3158,31.22783342997233,0.0,28.594,32243.994,354.8
1.3215,31.190009117126465,0.0,28.594,32243.994,354.8
1.3266,31.156036059061684,0.0,28.594,32243.994,354.8
1.3317,31.122124989827476,0.0,28.549,32336.807,354.8
1.3379,31.080970764160156,0.0,28.549,32336.807,354.8
1.3429,31.047029495239258,0.0,28.549,32336.807,354.8
1.3480,31.013127962748207,0.0,27.606,32417.139,354.8
1.3568,30.954618453979492,0.0,27.606,32417.139,354.8
1.3619,30.920686721801758,0.0,27.606,32417.139,354.8
1.3670,30.886783599853516,0.0,27.606,32417.139,354.8
1.3728,30.84806124369303,0.0,28.269,32523.311,354.8
1.3808,30.79468091328939,0.0,28.269,32523.311,354.8
1.3859,30.760652224222817,0.0,28.269,32523.311,354.8
1.3910,30.726712544759117,0.0,28.269,32523.311,354.8
1.3961,30.692804654439293,0.0,27.102,32618.32,354.8
1.4048,30.634632110595703,0.0,27.102,32618.32,354.8
1.4114,30.590764681498207,0.0,27.102,32618.32,354.8
1.4165,30.55682341257731,0.0,27.778,32711.484,354.8
1.4258,30.4945961634318,0.0,27.778,32711.484,354.8
1.4314,30.457111994425453,0.0,27.778,32711.484,354.8
1.4365,30.42318344116211,0.0,27.778,32711.484,354.8
1.4416,30.389273961385094,0.0,28.473,32805.176,354.8
1.4478,30.348283449808754,0.0,28.473,32805.176,354.8
1.4528,30.314348538716636,0.0,28.473,32805.176,354.8
1.4579,30.280440648396812,0.0,28.473,32805.176,354.8
1.4630,30.246545473734535,0.0,28.732,32910.645,354.8
1.4709,30.194152196248375,0.0,28.732,32910.645,354.8
1.4760,30.1600710550944,0.0,28.732,32910.645,354.8
1.4829,30.114316940307617,0.0,27.77,32994.492,354.8
1.4918,30.05462487538656,0.0,27.77,32994.492,354.8
1.4969,30.020651817321777,0.0,27.77,32994.492,354.8
1.5020,29.98673915863037,0.0,27.438,33078.602,354.8
1.5119,29.920908610026043,0.0,27.438,33078.602,354.8
1.5170,29.886666933695476,0.0,27.438,33078.602,354.8
1.5221,29.85250473022461,0.0,27.438,33078.602,354.8
1.5272,29.818561871846516,0.0,28.227,33189.172,354.8
1.5389,29.740567207336426,0.0,28.227,33189.172,354.8
1.5440,29.706613222757976,0.0,28.227,33189.172,354.8
1.5491,29.672662417093914,0.0,27.092,33263.703,354.8
1.5568,29.62122122446696,0.0,27.092,33263.703,354.8
1.5619,29.587279955546062,0.0,27.092,33263.703,354.8
1.5670,29.553372065226238,0.0,25.694,33339.551,354.8
1.5768,29.487919807434082,0.0,25.694,33339.551,354.8
1.5819,29.45396105448405,0.0,25.694,33339.551,354.8
1.5870,29.420016606648762,0.0,25.694,33339.551,354.8
1.5926,29.38249111175537,0.0,26.051,33425.07,354.8
1.5988,29.341392517089844,0.0,26.051,33425.07,354.8
1.6039,29.30741786956787,0.0,26.051,33425.07,354.8
1.6104,29.263696670532227,0.0,26.051,33425.07,354.8
1.6155,29.229726791381836,0.0,27.079,33527.813,354.8
1.6218,29.187804857889812,0.0,27.079,33527.813,354.8
1.6269,29.153788884480793,0.0,27.079,33527.813,354.8
1.6320,29.119712511698406,0.0,27.261,33610.164,354.8
1.6439,29.040530522664387,0.0,27.261,33610.164,354.8
1.6490,29.006590843200684,0.0,27.261,33610.164,354.8
1.6541,28.972676595052082,0.0,27.261,33610.164,354.8
1.6592,28.93876075744629,0.0,26.01,33700.43,354.8
1.6658,28.894561131795246,0.0,26.01,33700.43,354.8
1.6709,28.86060396830241,0.0,26.01,33700.43,354.8
1.6760,28.82664680480957,0.0,26.01,33700.43,354.8
1.6811,28.79271189371745,0.0,25.866,33794.734,354.8
1.6898,28.73454252878825,0.0,25.866,33794.734,354.8
1.6949,28.700610796610516,0.0,25.866,33794.734,354.8
1.7009,28.66046905517578,0.0,26.013,33879.813,354.8
1.7108,28.594495455423992,0.0,26.013,33879.813,354.8
1.7159,28.5605525970459,0.0,26.013,33879.813,354.8
1.7210,28.526604970296223,0.0,26.013,33879.813,354.8
1.7261,28.492698669433594,0.0,25.579,33970.605,354.8
1.7348,28.4345801671346,0.0,25.579,33970.605,354.8
1.7399,28.400662740071613,0.0,25.579,33970.605,354.8
1.7450,28.366697629292805,0.0,25.579,33970.605,354.8
1.7501,28.332751592000324,0.0,24.93,34060.078,354.8
1.7588,28.27442804972331,0.0,24.93,34060.078,354.8
1.7639,28.2404883702596,0.0,24.93,34060.078,354.8
1.7690,28.206578890482586,0.0,25.252,34138.211,354.8
1.7788,28.141266504923504,0.0,25.252,34138.211,354.8
1.7839,28.107306162516277,0.0,25.252,34138.211,354.8
1.7890,28.07335376739502,0.0,25.252,34138.211,354.8
1.7941,28.03944746653239,0.0,24.927,34228.301,354.8
1.8030,27.980198860168457,0.0,24.927,34228.301,354.8
1.8109,27.927271525065105,0.0,24.927,34228.301,354.8
1.8160,27.89333661397298,0.0,24.503,34307.844,354.8
1.8248,27.8345521291097,0.0,24.503,34307.844,354.8
1.8299,27.800623575846355,0.0,24.503,34307.844,354.8
1.8350,27.766717274983723,0.0,24.503,34307.844,354.8
1.8401,27.732823689778645,0.0,23.942,34394.414,354.8
1.8488,27.67454783121745,0.0,23.942,34394.414,354.8
1.8539,27.64062245686849,0.0,23.942,34394.414,354.8
1.8590,27.60671615600586,0.0,23.942,34394.414,354.8
1.8646,27.56929079691569,0.0,24.411,34485.996,354.8
1.8728,27.51458803812663,0.0,24.411,34485.996,354.8
1.8779,27.480648358662922,0.0,24.411,34485.996,354.8
1.8830,27.446591059366863,0.0,24.411,34485.996,354.8
1.8881,27.41267204284668,0.0,24.689,34576.609,354.8
1.8968,27.35470136006673,0.0,24.689,34576.609,354.8
1.9019,27.320775985717773,0.0,24.689,34576.609,354.8
1.9084,27.277081807454426,0.0,24.622,34655.188,354.8
1.9178,27.21457004547119,0.0,24.622,34655.188,354.8
1.9234,27.17707633972168,0.0,24.622,34655.188,354.8
1.9285,27.143054008483887,0.0,24.622,34655.188,354.8
1.9336,27.109138170878094,0.0,23.968,34729.277,354.8
1.9398,27.06808090209961,0.0,23.968,34729.277,354.8
1.9449,27.03414758046468,0.0,23.968,34729.277,354.8
1.9500,27.000233332316082,0.0,23.968,34729.277,354.8
1.9551,26.966328620910645,0.0,23.624,34815.148,354.8
1.9628,26.914623578389484,0.0,23.624,34815.148,354.8
1.9679,26.880706151326496,0.0,23.624,34815.148,354.8
1.9749,26.83369318644206,0.0,23.624,34815.148,354.8
1.9800,26.79976463317871,0.0,23.708,34902.422,354.8
1.9868,26.754469871520996,0.0,23.708,34902.422,354.8
1.9919,26.720507939656574,0.0,23.708,34902.422,354.8
1.9971,26.686312357584637,0.0,23.708,34902.422,354.8
2.0021,26.652342478434246,0.0,23.958,34990.578,354.8
2.0109,26.594265302022297,0.0,23.958,34990.578,354.8
2.0160,26.560014088948567,0.0,23.958,34990.578,354.8
2.0211,26.52581214904785,0.0,23.958,34990.578,354.8
2.0262,26.491791407267254,0.0,22.84,35068.797,354.8
2.0339,26.440924008687336,0.0,22.84,35068.797,354.8
2.0391,26.40602429707845,0.0,22.84,35068.797,354.8
2.0442,26.37215455373128,0.0,22.84,35068.797,354.8
2.0493,26.33823076883952,0.0,22.264,35136.828,354.8
2.0548,26.301015218098957,0.0,22.264,35136.828,354.8
2.0600,26.266913414001465,0.0,22.264,35136.828,354.8
2.0650,26.23306433359782,0.0,22.264,35136.828,354.8
2.0701,26.19925816853841,0.0,22.341,35218.742,354.8
2.0788,26.14161968231201,0.0,22.341,35218.742,354.8
2.0841,26.106239954630535,0.0,22.341,35218.742,354.8
2.0891,26.07244809468587,0.0,22.503,35288.352,354.8
2.0988,26.008081436157227,0.0,22.503,35288.352,354.8
2.1039,25.974117914835613,0.0,22.503,35288.352,354.8
2.1105,25.929972330729168,0.0,22.503,35288.352,354.8
2.1156,25.89609146118164,0.0,22.427,35370.0,354.8
2.1228,25.848054885864258,0.0,22.427,35370.0,354.8
2.1279,25.81385612487793,0.0,22.427,35370.0,354.8
2.1358,25.761159261067707,0.0,22.427,35370.0,354.8
2.1409,25.72717348734538,0.0,22.427,35451.563,354.8
2.1468,25.688002904256184,0.0,22.427,35451.563,354.8
2.1519,25.65388361612956,0.0,22.427,35451.563,354.8
2.1570,25.61999003092448,0.0,22.346,35519.5,354.8
2.1668,25.55475393931071,0.0,22.346,35519.5,354.8
2.1719,25.52078406016032,0.0,22.346,35519.5,354.8
2.1770,25.486904780069988,0.0,22.346,35519.5,354.8
2.1821,25.45282204945882,0.0,22.303,35600.801,354.8
2.1929,25.38090705871582,0.0,22.303,35600.801,354.8
2.1980,25.3469451268514,0.0,22.303,35600.801,354.8
2.2030,25.313064257303875,0.0,22.428,35670.234,354.8
2.2108,25.26148796081543,0.0,22.428,35670.234,354.8
2.2159,25.227540334065754,0.0,22.428,35670.234,354.8
2.2209,25.19367218017578,0.0,22.428,35670.234,354.8
2.2260,25.159866015116375,0.0,22.382,35751.883,354.8
2.2348,25.1015043258667,0.0,22.382,35751.883,354.8
2.2428,25.04782994588216,0.0,22.382,35751.883,354.8
2.2479,25.013963381449383,0.0,22.178,35821.844,354.8
2.2558,24.961449305216473,0.0,22.178,35821.844,354.8
2.2609,24.92760181427002,0.0,22.178,35821.844,354.8
2.2659,24.893749554951984,0.0,22.178,35821.844,354.8
2.2710,24.859938621520996,0.0,21.825,35900.422,354.8
2.2798,24.801419576009113,0.0,21.825,35900.422,354.8
2.2849,24.767268498738606,0.0,21.825,35900.422,354.8
2.2900,24.733254114786785,0.0,21.825,35900.422,354.8
2.2951,24.69929536183675,0.0,20.99,35967.305,354.8
2.3039,24.640990893046062,0.0,20.99,35967.305,354.8
2.3105,24.59675470987956,0.0,20.99,35967.305,354.8
2.3156,24.562854766845703,0.0,20.653,36029.969,354.8
2.3218,24.521562258402508,0.0,20.653,36029.969,354.8
2.3268,24.487791061401367,0.0,20.653,36029.969,354.8
2.3319,24.45400396982829,0.0,20.653,36029.969,354.8
2.3370,24.42022959391276,0.0,20.456,36103.711,354.8
2.3458,24.361629486083984,0.0,20.456,36103.711,354.8
2.3528,24.314842224121094,0.0,20.456,36103.711,354.8
2.3578,24.28106943766276,0.0,19.755,36161.367,354.8
2.3658,24.22823429107666,0.0,19.755,36161.367,354.8
2.3708,24.19442335764567,0.0,19.755,36161.367,354.8
2.3759,24.160606066385906,0.0,19.755,36161.367,354.8
2.3810,24.126709302266438,0.0,19.384,36232.031,354.8
2.3898,24.067978858947754,0.0,19.384,36232.031,354.8
2.3949,24.033883412679035,0.0,19.384,36232.031,354.8
2.4000,23.99994691212972,0.0,19.384,36232.031,354.8
2.4066,23.955864906311035,0.0,19.915,36306.738,354.8
2.4148,23.901147842407227,0.0,19.915,36306.738,354.8
2.4199,23.86723041534424,0.0,19.915,36306.738,354.8
2.4250,23.83334795633952,0.0,20.251,36370.109,354.8
2.4338,23.774716059366863,0.0,20.251,36370.109,354.8
2.4389,23.740827242533367,0.0,20.251,36370.109,354.8
2.4440,23.706940015157063,0.0,20.251,36370.109,354.8
2.4490,23.673017819722492,0.0,20.669,36447.453,354.8
2.4578,23.614686330159504,0.0,20.669,36447.453,354.8
2.4634,23.57732931772868,0.0,20.669,36447.453,354.8
2.4685,23.54342778523763,0.0,20.669,36447.453,354.8
2.4736,23.50955327351888,0.0,20.249,36516.27,354.8
2.4808,23.461413383483887,0.0,20.249,36516.27,354.8
2.4859,23.427522977193195,0.0,20.249,36516.27,354.8
2.4910,23.3935546875,0.0,20.249,36516.27,354.8
2.4961,23.359495798746746,0.0,19.984,36588.078,354.8
2.5059,23.293803532918293,0.0,19.984,36588.078,354.8
2.5127,23.248648643493652,0.0,19.984,36588.078,354.8
2.5193,23.204905192057293,0.0,20.197,36657.422,354.8
2.5274,23.150723775227863,0.0,20.197,36657.422,354.8
2.5326,23.11616579691569,0.0,20.197,36657.422,354.8
2.5377,23.08176040649414,0.0,20.197,36719.211,354.8
2.5469,23.020785649617512,0.0,20.197,36719.211,354.8
2.5521,22.986302375793457,0.0,20.197,36719.211,354.8
2.5572,22.95182704925537,0.0,20.197,36719.211,354.8
2.5624,22.917450269063313,0.0,20.197,36719.211,354.8
2.5675,22.883041699727375,0.0,20.376,36802.531,354.8
2.5758,22.827952702840168,0.0,20.376,36802.531,354.8
2.5809,22.793668111165363,0.0,20.376,36802.531,354.8
2.5861,22.759420077006023,0.0,19.213,36856.32,354.8
2.5938,22.70805835723877,0.0,19.213,36856.32,354.8
2.5989,22.674131393432617,0.0,19.213,36856.32,354.8
2.6040,22.640209197998047,0.0,19.213,36856.32,354.8
2.6105,22.596508661905926,0.0,18.929,36925.398,354.8
2.6178,22.548187573750813,0.0,18.929,36925.398,354.8
2.6248,22.50104586283366,0.0,18.929,36925.398,354.8
2.6299,22.46712525685628,0.0,18.693,36987.102,354.8
2.6398,22.40138053894043,0.0,18.693,36987.102,354.8
2.6449,22.367526690165203,0.0,18.693,36987.102,354.8
2.6500,22.333529790242512,0.0,18.693,36987.102,354.8
2.6551,22.29955991109212,0.0,18.418,37053.633,354.8
2.6638,22.241098086039226,0.0,18.418,37053.633,354.8
2.6689,22.20703919728597,0.0,18.418,37053.633,354.8
2.6740,22.173091570536297,0.0,18.418,37053.633,354.8
2.6799,22.133898735046387,0.0,18.163,37116.297,354.8
2.6868,22.087828318277996,0.0,18.163,37116.297,354.8
2.6919,22.05389181772868,0.0,18.163,37116.297,354.8
2.6970,22.01996644337972,0.0,18.163,37116.297,354.8
2.7021,21.986061731974285,0.0,17.48,37177.648,354.8
2.7108,21.92787965138753,0.0,17.48,37177.648,354.8
2.7159,21.893935203552246,0.0,17.48,37177.648,354.8
2.7210,21.860020955403645,0.0,17.48,37177.648,354.8
2.7261,21.826117833455402,0.0,16.752,37238.289,354.8
2.7378,21.747929255167644,0.0,16.752,37238.289,354.8
2.7429,21.7139991124471,0.0,16.752,37238.289,354.8
2.7480,21.680078506469727,0.0,16.562,37289.617,354.8
2.7558,21.627899805704754,0.0,16.562,37289.617,354.8
2.7609,21.59396807352702,0.0,16.562,37289.617,354.8
2.7660,21.560053825378418,0.0,16.562,37289.617,354.8
2.7711,21.52614752451579,0.0,16.562,37350.527,354.8
2.7798,21.467973391215008,0.0,16.562,37350.527,354.8
2.7854,21.43037001291911,0.0,16.562,37350.527,354.8
2.7905,21.39643669128418,0.0,16.562,37350.527,354.8
2.7956,21.36243502298991,0.0,16.404,37409.59,354.8
2.8038,21.30794684092204,0.0,16.404,37409.59,354.8
2.8104,21.264195442199707,0.0,16.404,37409.59,354.8
2.8155,21.230196952819824,0.0,16.404,37409.59,354.8
2.8206,21.19619846343994,0.0,16.609,37471.727,354.8
2.8278,21.147886912027996,0.0,16.609,37471.727,354.8
2.8329,21.113966306050617,0.0,16.609,37471.727,354.8
2.8390,21.073622703552246,0.0,16.524,37521.387,354.8
2.8478,21.014563242594402,0.0,16.524,37521.387,354.8
2.8529,20.980634689331055,0.0,16.524,37521.387,354.8
2.8580,20.946723620096844,0.0,16.524,37521.387,354.8
2.8631,20.91243267059326,0.0,16.677,37582.91,354.8
2.8718,20.854544639587402,0.0,16.677,37582.91,354.8
2.8769,20.820616086324055,0.0,16.677,37582.91,354.8
2.8820,20.78670819600423,0.0,16.677,37582.91,354.8
2.8871,20.752814610799152,0.0,17.04,37639.25,354.8
2.8932,20.712215105692547,0.0,17.04,37639.25,354.8
2.8988,20.6745449701945,0.0,17.04,37639.25,354.8
2.9039,20.64052104949951,0.0,16.859,37691.543,354.8
2.9138,20.57457447052002,0.0,16.859,37691.543,354.8
2.9189,20.540588696797688,0.0,16.859,37691.543,354.8
2.9240,20.506736437479656,0.0,15.909,37734.961,354.8
2.9338,20.441352526346844,0.0,15.909,37734.961,354.8
2.9389,20.407368342081707,0.0,15.909,37734.961,354.8
2.9440,20.37352244059245,0.0,15.66,37784.617,354.8
2.9539,20.307499567667644,0.0,15.66,37784.617,354.8
2.9590,20.27359167734782,0.0,15.66,37784.617,354.8
2.9640,20.23973782857259,0.0,16.738,37839.727,354.8
2.9738,20.174717903137207,0.0,16.738,37839.727,354.8
2.9789,20.140835444132488,0.0,16.738,37839.727,354.8
2.9840,20.10691483815511,0.0,16.738,37839.727,354.8
2.9891,20.072743097941082,0.0,16.887,37900.461,354.8
2.9978,20.014678637186687,0.0,16.887,37900.461,354.8
3.0032,19.97896353403727,0.0,16.887,37900.461,354.8
3.0110,19.926679929097496,0.0,16.14,37949.238,354.8
3.0199,19.867332776387535,0.0,16.14,37949.238,354.8
3.0259,19.827141761779785,0.0,16.14,37949.238,354.8
3.0311,19.792796770731606,0.0,16.14,37949.238,354.8
3.0362,19.758569399515785,0.0,15.673,38005.137,354.8
3.0428,19.714635213216148,0.0,15.673,38005.137,354.8
3.0479,19.680635134379067,0.0,15.673,38005.137,354.8
3.0530,19.646689097086586,0.0,15.26,38050.313,354.8
3.0639,19.574012756347656,0.0,15.26,38050.313,354.8
3.0691,19.539647102355957,0.0,15.26,38050.313,354.8
3.0742,19.505275090535484,0.0,15.26,38050.313,354.8
3.0793,19.471184412638344,0.0,15.112,38105.156,354.8
3.0868,19.421113332112633,0.0,15.112,38105.156,354.8
3.0920,19.38673814137777,0.0,15.112,38105.156,354.8
3.0972,19.352315266927086,0.0,15.283,38153.32,354.8
3.1068,19.28804715474447,0.0,15.283,38153.32,354.8
3.1138,19.24123922983805,0.0,15.283,38153.32,354.8
3.1189,19.20731862386068,0.0,15.283,38153.32,354.8
3.1240,19.17350927988688,0.0,15.616,38211.328,354.8
3.1308,19.127985636393227,0.0,15.616,38211.328,354.8
3.1359,19.09416993459066,0.0,15.616,38211.328,354.8
3.1409,19.060349464416504,0.0,15.616,38211.328,354.8
3.1460,19.026425679524742,0.0,15.895,38269.953,354.8
3.1548,18.968207041422524,0.0,15.895,38269.953,354.8
3.1598,18.934389750162758,0.0,15.895,38269.953,354.8
3.1649,18.90061378479004,0.0,15.895,38269.953,354.8
3.1703,18.864990870157875,0.0,15.248,38323.477,354.8
3.1788,18.808158238728844,0.0,15.248,38323.477,354.8
3.1839,18.77430280049642,0.0,15.248,38323.477,354.8
3.1890,18.740275700887047,0.0,15.248,38323.477,354.8
3.1941,18.705862363179527,0.0,14.186,38371.113,354.8
3.2020,18.65309238433838,0.0,14.186,38371.113,354.8
3.2087,18.608689308166504,0.0,14.186,38371.113,354.8
3.2138,18.5746431350708,0.0,13.905,38414.18,354.8
3.2249,18.500776290893555,0.0,13.905,38414.18,354.8
3.2300,18.46684773763021,0.0,13.905,38414.18,354.8
3.2351,18.43294620513916,0.0,13.266,38451.008,354.8
3.2428,18.38114102681478,0.0,13.266,38451.008,354.8
3.2480,18.346753120422363,0.0,13.266,38451.008,354.8
3.2533,18.311492602030434,0.0,13.34,38493.719,354.8
3.2628,18.248017628987633,0.0,13.34,38493.719,354.8
3.2679,18.213955561319985,0.0,13.34,38493.719,354.8
3.2731,18.179521560668945,0.0,14.191,38542.063,354.8
3.2839,18.107476234436035,0.0,14.191,38542.063,354.8
3.2890,18.073485692342125,0.0,14.191,38542.063,354.8
3.2941,18.039614359537758,0.0,14.191,38542.063,354.8
3.2991,18.005833625793457,0.0,14.689,38596.816,354.8
3.3078,17.94792811075846,0.0,14.689,38596.816,354.8
3.3144,17.9042116800944,0.0,14.689,38596.816,354.8
3.3194,17.870422999064125,0.0,14.689,38596.816,354.8
3.3245,17.836640675862633,0.0,13.055,38638.211,354.8
3.3309,17.794178326924644,0.0,13.055,38638.211,354.8
3.3362,17.75848547617594,0.0,13.055,38638.211,354.8
3.3413,17.72451400756836,0.0,13.055,38638.211,354.8
3.3464,17.690649032592773,0.0,13.333,38681.543,354.8
3.3522,17.65186150868734,0.0,13.333,38681.543,354.8
3.3573,17.618020375569664,0.0,13.333,38681.543,354.8
3.3624,17.58418560028076,0.0,13.333,38681.543,354.8
3.3675,17.550325393676758,0.0,13.918,38734.188,354.8
3.3750,17.500030199686684,0.0,13.918,38734.188,354.8
3.3801,17.46612707773844,0.0,13.918,38734.188,354.8
3.3858,17.42828687032064,0.0,13.918,38734.188,354.8
3.3908,17.394378980000816,0.0,14.006,38777.961,354.8
3.3969,17.35377470652262,0.0,14.006,38777.961,354.8
3.4020,17.319882710774742,0.0,14.006,38777.961,354.8
3.4086,17.276126543680824,0.0,13.415,38816.719,354.8
3.4168,17.22113609313965,0.0,13.415,38816.719,354.8
3.4219,17.18724091847738,0.0,13.415,38816.719,354.8
3.4270,17.153135935465492,0.0,13.415,38816.719,354.8
3.4322,17.118748029073082,0.0,13.501,38860.578,354.8
3.4399,17.067176500956215,0.0,13.501,38860.578,354.8
3.4451,17.032925287882485,0.0,13.501,38860.578,354.8
3.4502,16.99877897898356,0.0,13.169,38898.633,354.8
3.4579,16.94706439971924,0.0,13.169,38898.633,354.8
3.4630,16.913073857625328,0.0,13.169,38898.633,354.8
3.4681,16.879183451334633,0.0,12.977,38937.391,354.8
3.4778,16.81450049082438,0.0,12.977,38937.391,354.8
3.4830,16.78028424580892,0.0,12.977,38937.391,354.8
3.4908,16.72775904337565,0.0,12.977,38937.391,354.8
3.4959,16.693835258483887,0.0,12.15,38978.789,354.8
3.5020,16.653095881144203,0.0,12.15,38978.789,354.8
3.5087,16.608707110087074,0.0,12.15,38978.789,354.8
3.5138,16.574382781982422,0.0,12.15,38978.789,354.8
3.5190,16.53977711995443,0.0,11.817,39020.891,354.8
3.5252,16.49843692779541,0.0,11.817,39020.891,354.8
3.5304,16.464204788208008,0.0,11.817,39020.891,354.8
3.5355,16.43000920613607,0.0,11.817,39020.891,354.8
3.5406,16.395934422810875,0.0,11.461,39054.727,354.8
3.5479,16.347036361694336,0.0,11.461,39054.727,354.8
3.5531,16.31295680999756,0.0,11.461,39054.727,354.8
3.5582,16.278786659240723,0.0,11.461,39091.465,354.8
3.5660,16.226515769958496,0.0,11.461,39091.465,354.8
3.5711,16.192517280578613,0.0,11.461,39091.465,354.8
3.5762,16.158626874287926,0.0,11.461,39091.465,354.8
3.5813,16.12475554148356,0.0,11.888,39137.078,354.8
3.5900,16.06659253438314,0.0,11.888,39137.078,354.8
3.5951,16.03269418080648,0.0,11.888,39137.078,354.8
3.6010,15.993638038635254,0.0,11.955,39175.227,354.8
3.6118,15.92116038004557,0.0,11.955,39175.227,354.8
3.6169,15.887231826782227,0.0,11.955,39175.227,354.8
3.6220,15.853344599405922,0.0,11.955,39175.227,354.8
3.6271,15.819463729858398,0.0,12.137,39219.695,354.8
3.6350,15.766611099243164,0.0,12.137,39219.695,354.8
3.6401,15.732698440551758,0.0,12.137,39219.695,354.8
3.6452,15.698817571004234,0.0,12.137,39219.695,354.8
3.6503,15.664941469828285,0.0,12.137,39219.695,354.8
3.6570,15.620040893554688,0.0,11.511,39260.918,354.8
3.6631,15.57936509450277,0.0,11.511,39260.918,354.8
3.6682,15.545463562011719,0.0,11.511,39260.918,354.8
3.6733,15.51154931386312,0.0,10.998,39292.648,354.8
3.6800,15.466578801472984,0.0,10.998,39292.648,354.8
3.6851,15.43268839518229,0.0,10.998,39292.648,354.8
3.6902,15.39881706237793,0.0,10.998,39292.648,354.8
3.6953,15.364937782287598,0.0,10.514,39329.734,354.8
3.7040,15.306642850240074,0.0,10.514,39329.734,354.8
3.7111,15.259453455607094,0.0,10.514,39329.734,354.8
3.7162,15.225550333658852,0.0,10.514,39329.734,354.8
3.7213,15.191588401794434,0.0,10.707,39370.344,354.8
3.7280,15.146597226460777,0.0,10.707,39370.344,354.8
3.7331,15.112708409627281,0.0,10.707,39370.344,354.8
3.7382,15.078813234965004,0.0,10.707,39370.344,354.8
3.7433,15.044895807902016,0.0,10.614,39401.895,354.8
3.7494,15.0042724609375,0.0,10.614,39401.895,354.8
3.7545,14.970243771870933,0.0,10.614,39401.895,354.8
3.7596,14.936105410257973,0.0,10.841,39437.844,354.8
3.7718,14.854528109232582,0.0,10.841,39437.844,354.8
3.7769,14.820610682169594,0.0,10.841,39437.844,354.8
3.7820,14.786731402079262,0.0,10.683,39468.867,354.8
3.7890,14.739845593770347,0.0,10.683,39468.867,354.8
3.7941,14.705939292907715,0.0,10.683,39468.867,354.8
3.7992,14.672064781188965,0.0,10.683,39468.867,354.8
3.8043,14.638199806213379,0.0,9.534,39492.598,354.8
3.8118,14.58792050679525,0.0,9.534,39492.598,354.8
3.8188,14.54115549723307,0.0,9.534,39492.598,354.8
3.8239,14.507255554199219,0.0,6.975,39508.328,354.8
3.8330,14.446709950764976,0.0,6.975,39508.328,354.8
3.8381,14.412816365559898,0.0,6.975,39508.328,354.8
3.8432,14.378910064697266,0.0,6.975,39508.328,354.8
3.8482,14.345026016235352,0.0,8.538,39549.641,354.8
3.8570,14.286739031473793,0.0,8.538,39549.641,354.8
3.8621,14.25283749898275,0.0,8.538,39549.641,354.8
3.8672,14.218956629435219,0.0,9.602,39581.984,354.8
3.8790,14.139957427978516,0.0,9.602,39581.984,354.8
3.8841,14.106063842773438,0.0,9.602,39581.984,354.8
3.8892,14.07219092051188,0.0,9.602,39581.984,354.8
3.8943,14.038310050964355,0.0,10.205,39621.445,354.8
3.9010,13.993282318115234,0.0,10.205,39621.445,354.8
3.9076,13.949619928995766,0.0,10.205,39621.445,354.8
3.9126,13.91571044921875,0.0,10.434,39653.875,354.8
3.9210,13.859928448994957,0.0,10.434,39653.875,354.8
3.9279,13.813934326171875,0.0,10.434,39653.875,354.8
3.9330,13.780039151509605,0.0,10.434,39653.875,354.8
3.9381,13.746175765991211,0.0,10.128,39689.563,354.8
3.9450,13.700006802876793,0.0,10.128,39689.563,354.8
3.9501,13.666178385416664,0.0,10.128,39689.563,354.8
3.9552,13.632232348124184,0.0,10.128,39689.563,354.8
3.9603,13.598326047261558,0.0,9.837,39724.277,354.8
3.9690,13.54018052419027,0.0,9.837,39724.277,354.8
3.9741,13.506286938985191,0.0,9.837,39724.277,354.8
3.9809,13.460928599039711,0.0,8.925,39747.832,354.8
3.9890,13.406755129496254,0.0,8.925,39747.832,354.8
3.9941,13.372866312662758,0.0,8.925,39747.832,354.8
3.9992,13.338998158772789,0.0,8.925,39747.832,354.8
4.0042,13.305134773254395,0.0,8.384,39777.188,354.8
4.0131,13.246231079101562,0.0,8.384,39777.188,354.8
4.0182,13.211865425109863,0.0,8.384,39777.188,354.8
4.0234,13.177261352539062,0.0,8.384,39777.188,354.8
4.0285,13.14302921295166,0.0,8.147,39802.5,354.8
4.0369,13.087366422017418,0.0,8.147,39802.5,354.8
4.0420,13.053412437438965,0.0,8.147,39802.5,354.8
4.0471,13.019509315490723,0.0,7.769,39824.734,354.8
4.0542,12.972064018249512,0.0,7.769,39824.734,354.8
4.0593,12.938152949015297,0.0,7.769,39824.734,354.8
4.0643,12.904448509216309,0.0,7.769,39824.734,354.8
4.0694,12.870421409606934,0.0,7.813,39854.531,354.8
4.0780,12.813259760538735,0.0,7.813,39854.531,354.8
4.0831,12.77909596761068,0.0,7.813,39854.531,354.8
4.0889,12.740767796834312,0.0,8.14,39880.195,354.8
4.0980,12.679975827534996,0.0,8.14,39880.195,354.8
4.1031,12.646075884501137,0.0,8.14,39880.195,354.8
4.1097,12.602217992146812,0.0,8.14,39880.195,354.8
4.1148,12.568313280741371,0.0,7.9,39907.531,354.8
4.1231,12.512590090433754,0.0,7.9,39907.531,354.8
4.1282,12.478591601053871,0.0,7.9,39907.531,354.8
4.1333,12.444432576497398,0.0,7.9,39907.531,354.8
4.1384,12.410434087117515,0.0,7.512,39935.566,354.8
4.1499,12.33396053314209,0.0,7.512,39935.566,354.8
4.1550,12.300039927164711,0.0,7.512,39935.566,354.8
4.1601,12.266157468159996,0.0,7.797,39960.617,354.8
4.1670,12.220080693562828,0.0,7.797,39960.617,354.8
4.1721,12.186179161071777,0.0,7.797,39960.617,354.8
4.1772,12.152299880981445,0.0,7.797,39960.617,354.8
4.1822,12.118420600891113,0.0,7.887,39989.355,354.8
4.1910,12.060133616129555,0.0,7.887,39989.355,354.8
4.1961,12.02622731526693,0.0,7.887,39989.355,354.8
4.2019,11.98765436808268,0.0,7.583,40012.207,354.8
4.2120,11.920153299967446,0.0,7.583,40012.207,354.8
4.2171,11.88624064127604,0.0,7.583,40012.207,354.8
4.2221,11.852347056070961,0.0,7.583,40012.207,354.8
4.2272,11.818463007609047,0.0,7.657,40041.211,354.8
4.2360,11.760069529215492,0.0,7.657,40041.211,354.8
4.2411,11.726164817810059,0.0,7.657,40041.211,354.8
4.2462,11.69227441151937,0.0,7.657,40041.211,354.8
4.2513,11.65830453236898,0.0,7.796,40069.953,354.8
4.2618,11.58782641092936,0.0,7.796,40069.953,354.8
4.2669,11.553926467895508,0.0,7.796,40069.953,354.8
4.2720,11.520044008890785,0.0,7.796,40069.953,354.8
4.2771,11.486164728800453,0.0,7.453,40095.703,354.8
4.2840,11.440164248148598,0.0,7.453,40095.703,354.8
4.2891,11.406261126200356,0.0,7.453,40095.703,354.8
4.2941,11.372364362080894,0.0,7.453,40095.703,354.8
4.2992,11.338489850362144,0.0,7.453,40119.082,354.8
4.3053,11.298049290974937,0.0,7.453,40119.082,354.8
4.3129,11.247431437174477,0.0,7.453,40119.082,354.8
4.3180,11.213482220967613,0.0,7.453,40119.082,354.8
4.3231,11.17957274119059,0.0,7.2,40143.867,354.8
4.3292,11.138900121053062,0.0,7.2,40143.867,354.8
4.3343,11.104976336161293,0.0,7.2,40143.867,354.8
4.3394,11.070847511291504,0.0,6.385,40159.863,354.8
4.3480,11.013579368591309,0.0,6.385,40159.863,354.8
4.3531,10.97966512044271,0.0,6.385,40159.863,354.8
4.3581,10.94576358795166,0.0,6.385,40159.863,354.8
4.3632,10.911884307861328,0.0,5.483,40177.703,354.8
4.3720,10.853613217671715,0.0,5.483,40177.703,354.8
4.3770,10.819710095723472,0.0,5.483,40177.703,354.8
4.3821,10.78582763671875,0.0,5.483,40177.703,354.8
4.3872,10.751945177714028,0.0,6.149,40202.754,354.8
4.3960,10.693597793579102,0.0,6.149,40202.754,354.8
4.4010,10.659691492716469,0.0,6.149,40202.754,354.8
4.4076,10.616022745768227,0.0,6.392,40223.672,354.8
4.4160,10.560146967569985,0.0,6.392,40223.672,354.8
4.4211,10.52621841430664,0.0,6.392,40223.672,354.8
4.4267,10.488810539245605,0.0,6.392,40223.672,354.8
4.4318,10.45490105946859,0.0,5.909,40240.195,354.8
4.4378,10.414395332336426,0.0,5.909,40240.195,354.8
4.4429,10.380500157674156,0.0,5.909,40240.195,354.8
4.4480,10.346620877583824,0.0,5.909,40240.195,354.8
4.4531,10.312738418579102,0.0,5.281,40256.191,354.8
4.4610,10.260259310404457,0.0,5.281,40256.191,354.8
4.4660,10.226354598999023,0.0,5.281,40256.191,354.8
4.4711,10.192476908365883,0.0,4.997,40272.625,354.8
4.4820,10.120021502176918,0.0,4.997,40272.625,354.8
4.4871,10.085883140563965,0.0,4.997,40272.625,354.8
4.4922,10.051898956298828,0.0,4.997,40272.625,354.8
4.4973,10.018006960550942,0.0,5.765,40293.281,354.8
4.5034,9.977518717447914,0.0,5.765,40293.281,354.8
4.5100,9.933365186055504,0.0,5.765,40293.281,354.8
4.5151,9.899148941040039,0.0,5.765,40293.281,354.8
4.5203,9.864978790283203,0.0,6.223,40317.012,354.8
4.5263,9.824376106262207,0.0,6.223,40317.012,354.8
4.5320,9.786879221598305,0.0,6.223,40317.012,354.8
4.5371,9.75297292073568,0.0,6.068,40334.59,354.8
4.5460,9.693640073140465,0.0,6.068,40334.59,354.8
4.5510,9.659727414449058,0.0,6.068,40334.59,354.8
4.5561,9.625843365987144,0.0,6.068,40334.59,354.8
4.5612,9.591972033182778,0.0,5.869,40355.422,354.8
4.5700,9.533658027648926,0.0,5.869,40355.422,354.8
4.5750,9.49976603190104,0.0,5.869,40355.422,354.8
4.5801,9.465881983439125,0.0,5.869,40355.422,354.8
4.5857,9.428345362345375,0.0,5.869,40373.875,354.8
4.5918,9.38809553782145,0.0,5.869,40373.875,354.8
4.5969,9.353903134663902,0.0,5.869,40373.875,354.8
4.6020,9.319753646850586,0.0,5.433,40388.73,354.8
4.6110,9.260295232137047,0.0,5.433,40388.73,354.8
4.6160,9.226368268330894,0.0,5.433,40388.73,354.8
4.6211,9.192473093668617,0.0,5.433,40388.73,354.8
4.6262,9.158577919006348,0.0,4.493,40401.297,354.8
4.6380,9.07985051472982,0.0,4.493,40401.297,354.8
4.6431,9.045748710632324,0.0,4.493,40401.297,354.8
4.6483,9.011576970418297,0.0,4.493,40401.297,354.8
4.6534,8.977597554524742,0.0,3.434,40411.934,354.8
4.6595,8.936905860900879,0.0,3.434,40411.934,354.8
4.6646,8.90263557434082,0.0,3.434,40411.934,354.8
4.6697,8.868457476298012,0.0,4.559,40430.125,354.8
4.6790,8.806897799173989,0.0,4.559,40430.125,354.8
4.6841,8.772978782653809,0.0,4.559,40430.125,354.8
4.6891,8.73908519744873,0.0,4.559,40430.125,354.8
4.6948,8.701051076253258,0.0,4.88,40447.703,354.8
4.7020,8.653558095296226,0.0,4.88,40447.703,354.8
4.7088,8.607964515686035,0.0,4.88,40447.703,354.8
4.7139,8.574050267537437,0.0,5.2,40465.109,354.8
4.7220,8.520269393920898,0.0,5.2,40465.109,354.8
4.7270,8.486356735229492,0.0,5.2,40465.109,354.8
4.7321,8.452499707539879,0.0,5.2,40465.109,354.8
4.7372,8.418335914611816,0.0,5.2,40465.109,354.8
4.7423,8.38435173034668,0.0,5.398,40486.289,354.8
4.7499,8.334229787190758,0.0,5.398,40486.289,354.8
4.7550,8.300317128499351,0.0,5.398,40486.289,354.8
4.7600,8.266439437866211,0.0,5.398,40486.289,354.8
4.7651,8.23256333669027,0.0,5.087,40502.813,354.8
4.7712,8.192261060078941,0.0,5.087,40502.813,354.8
4.7762,8.1583563486735,0.0,5.087,40502.813,354.8
4.7813,8.124478658040367,0.0,5.087,40502.813,354.8
4.7864,8.09058666229248,0.0,4.328,40512.832,354.8
4.7924,8.05039564768473,0.0,4.328,40512.832,354.8
4.7975,8.016489346822105,0.0,4.328,40512.832,354.8
4.8049,7.967468897501625,0.0,3.664,40524.082,354.8
4.8130,7.913522720336914,0.0,3.664,40524.082,354.8
4.8181,7.879556020100914,0.0,3.664,40524.082,354.8
4.8232,7.845625877380371,0.0,3.664,40524.082,354.8
4.8282,7.811738650004067,0.0,4.126,40540.695,354.8
4.8370,7.753639221191406,0.0,4.126,40540.695,354.8
4.8420,7.719731330871582,0.0,4.126,40540.695,354.8
4.8471,7.685850461324058,0.0,4.126,40540.695,354.8
4.8522,7.651979128519692,0.0,4.079,40553.789,354.8
4.8609,7.594242095947266,0.0,4.079,40553.789,354.8
4.8660,7.560329437255859,0.0,4.079,40553.789,354.8
4.8710,7.526429494222008,0.0,4.083,40564.688,354.8
4.8780,7.48027960459391,0.0,4.083,40564.688,354.8
4.8830,7.44638125101725,0.0,4.083,40564.688,354.8
4.8881,7.412509918212891,0.0,4.083,40564.688,354.8
4.8932,7.378638585408531,0.0,2.706,40570.047,354.8
4.9020,7.320280075073242,0.0,2.706,40570.047,354.8
4.9085,7.276616096496582,0.0,2.706,40570.047,354.8
4.9148,7.234346071879067,0.0,3.334,40585.344,354.8
4.9240,7.173630396525063,0.0,3.334,40585.344,354.8
4.9290,7.139730453491211,0.0,3.334,40585.344,354.8
4.9341,7.105774879455566,0.0,3.334,40585.344,354.8
4.9392,7.071897188822426,0.0,3.429,40596.414,354.8
4.9480,7.013634045918785,0.0,3.429,40596.414,354.8
4.9530,6.979738871256508,0.0,3.429,40596.414,354.8
4.9581,6.94586912790934,0.0,3.429,40596.414,354.8
4.9632,6.9119977951049805,0.0,2.945,40604.766,354.8
4.9709,6.860931714375816,0.0,2.945,40604.766,354.8
4.9759,6.827031771341957,0.0,2.945,40604.766,354.8
4.9810,6.793163617451988,0.0,2.945,40604.766,354.8
4.9861,6.75922234853109,0.0,3.822,40622.078,354.8
4.9923,6.717953681945801,0.0,3.822,40622.078,354.8
4.9974,6.683855056762695,0.0,3.822,40622.078,354.8
5.0025,6.6499551137288435,0.0,3.699,40631.75,354.8
5.0120,6.586565971374512,0.0,3.699,40631.75,354.8
5.0171,6.552340189615883,0.0,3.699,40631.75,354.8
5.0223,6.518185933430992,0.0,3.699,40631.75,354.8
5.0279,6.480604807535805,0.0,3.584,40645.195,354.8
5.0360,6.4269304275512695,0.0,3.584,40645.195,354.8
5.0410,6.393030484517418,0.0,3.584,40645.195,354.8
5.0461,6.359154383341469,0.0,3.584,40645.195,354.8
5.0512,6.325283050537109,0.0,3.786,40658.906,354.8
5.0600,6.266946792602539,0.0,3.786,40658.906,354.8
5.0650,6.233046849568687,0.0,3.786,40658.906,354.8
5.0701,6.199167569478355,0.0,3.786,40658.906,354.8
5.0770,6.153265635172524,0.0,3.432,40670.422,354.8
5.0840,6.106956799825035,0.0,3.432,40670.422,354.8
5.0891,6.072870890299477,0.0,3.432,40670.422,354.8
5.0942,6.038471857706703,0.0,3.432,40670.422,354.8
5.0994,6.004269917805992,0.0,3.286,40681.844,354.8
5.1080,5.946871439615883,0.0,3.286,40681.844,354.8
5.1145,5.903050104777016,0.0,3.286,40681.844,354.8
5.1196,5.869139035542808,0.0,2.722,40687.91,354.8
5.1309,5.794235865275063,0.0,2.722,40687.91,354.8
5.1359,5.760335922241211,0.0,2.722,40687.91,354.8
5.1410,5.726370811462402,0.0,2.722,40687.91,354.8
5.1462,5.692129135131836,0.0,2.483,40697.141,354.8
5.1523,5.651338895161949,0.0,2.483,40697.141,354.8
5.1574,5.617260932922363,0.0,2.483,40697.141,354.8
5.1625,5.583303769429527,0.0,2.483,40697.141,354.8
5.1676,5.549414952596031,0.0,3.186,40711.465,354.8
5.1760,5.493586858113609,0.0,3.186,40711.465,354.8
5.1810,5.459677378336586,0.0,3.186,40711.465,354.8
5.1867,5.422321955362953,0.0,3.186,40711.465,354.8
5.1917,5.388425191243492,0.0,3.582,40725.0,354.8
5.1990,5.340232849121094,0.0,3.582,40725.0,354.8
5.2040,5.306334495544434,0.0,3.582,40725.0,354.8
5.2106,5.262633959452309,0.0,3.582,40725.0,354.8
5.2157,5.228727658589683,0.0,3.817,40739.852,354.8
5.2230,5.180241266886391,0.0,3.817,40739.852,354.8
5.2280,5.146346092224121,0.0,3.817,40739.852,354.8
5.2331,5.112382570902504,0.0,3.817,40739.852,354.8
5.2387,5.075047810872398,0.0,3.892,40752.422,354.8
5.2448,5.034934679667153,0.0,3.892,40752.422,354.8
5.2498,5.0010458628336565,0.0,3.892,40752.422,354.8
5.2549,4.967155456542969,0.0,3.892,40752.422,354.8
5.2600,4.933288892110191,0.0,3.712,40765.078,354.8
5.2680,4.880259831746422,0.0,3.712,40765.078,354.8
5.2730,4.846355120340981,0.0,3.712,40765.078,354.8
5.2781,4.812477429707847,0.0,3.712,40765.078,354.8
5.2832,4.778604507446289,0.0,3.008,40773.078,354.8
5.2949,4.700806935628258,0.0,3.008,40773.078,354.8
5.3000,4.6669181187947615,0.0,3.008,40773.078,354.8
5.3050,4.6330436070760115,0.0,2.368,40778.789,354.8
5.3130,4.580173492431641,0.0,2.368,40778.789,354.8
5.3181,4.546273549397789,0.0,2.368,40778.789,354.8
5.3231,4.512399037679039,0.0,2.368,40778.789,354.8
5.3282,4.4785308837890625,0.0,2.409,40788.457,354.8
5.3370,4.419746398925781,0.0,2.409,40788.457,354.8
5.3421,4.385795593261719,0.0,2.409,40788.457,354.8
5.3472,4.351903597513832,0.0,2.409,40788.457,354.8
5.3528,4.314389228820801,0.0,2.698,40798.828,354.8
5.3600,4.266821543375649,0.0,2.698,40798.828,354.8
5.3651,4.232692718505859,0.0,2.698,40798.828,354.8
5.3702,4.198711713155113,0.0,2.698,40798.828,354.8
5.3753,4.164789517720543,0.0,2.521,40807.09,354.8
5.3840,4.10663445790609,0.0,2.521,40807.09,354.8
5.3891,4.072367350260414,0.0,2.521,40807.09,354.8
5.3943,4.0381034215291365,0.0,2.521,40807.09,354.8
5.3994,4.004082679748535,0.0,2.664,40817.375,354.8
5.4090,3.940119743347168,0.0,2.664,40817.375,354.8
5.4156,3.8961617151896135,0.0,2.664,40817.375,354.8
5.4207,3.862185478210449,0.0,2.834,40826.516,354.8
5.4270,3.8201872507731096,0.0,2.834,40826.516,354.8
5.4321,3.7862491607666016,0.0,2.834,40826.516,354.8
5.4372,3.752319018046059,0.0,2.834,40826.516,354.8
5.4422,3.718414306640625,0.0,2.546,40832.578,354.8
5.4483,3.6778132120768205,0.0,2.546,40832.578,354.8
5.4534,3.643886248270668,0.0,2.546,40832.578,354.8
5.4590,3.6064370473225935,0.0,2.546,40832.578,354.8
5.4641,3.572516441345215,0.0,2.372,40841.016,354.8
5.4710,3.5268751780192034,0.0,2.372,40841.016,354.8
5.4761,3.4929021199544295,0.0,2.372,40841.016,354.8
5.4812,3.458986282348633,0.0,2.372,40841.016,354.8
5.4862,3.425091107686363,0.0,2.473,40850.332,354.8
5.4950,3.3668692906697615,0.0,2.473,40850.332,354.8
5.5001,3.332928021748863,0.0,2.473,40850.332,354.8
5.5067,3.288888931274414,0.0,2.178,40855.867,354.8
5.5189,3.2070302963256836,0.0,2.178,40855.867,354.8
5.5241,3.1727139155069963,0.0,2.178,40855.867,354.8
5.5292,3.138507207234703,0.0,1.731,40859.734,354.8
5.5360,3.0933713912963867,0.0,1.731,40859.734,354.8
5.5411,3.0590852101643904,0.0,1.731,40859.734,354.8
5.5463,3.024822870890297,0.0,1.731,40859.734,354.8
5.5514,2.990792592366539,0.0,2.682,40874.148,354.8
5.5600,2.9335037867228166,0.0,2.682,40874.148,354.8
5.5661,2.8929805755615234,0.0,2.682,40874.148,354.8
5.5711,2.859039306640625,0.0,3.557,40888.211,354.8
5.5810,2.79353459676107,0.0,3.557,40888.211,354.8
5.5861,2.759571075439453,0.0,3.557,40888.211,354.8
5.5912,2.725447018941246,0.0,3.557,40888.211,354.8
5.5963,2.6912530263264998,0.0,3.79,40900.43,354.8
5.6024,2.6504898071289062,0.0,3.79,40900.43,354.8
5.6090,2.606687545776367,0.0,3.79,40900.43,354.8
5.6141,2.572730382283531,0.0,4.285,40916.867,354.8
5.6259,2.494049072265625,0.0,4.285,40916.867,354.8
5.6310,2.460109392801918,0.0,4.285,40916.867,354.8
5.6361,2.4261935551961287,0.0,3.945,40926.531,354.8
5.6430,2.380189895629883,0.0,3.945,40926.531,354.8
5.6481,2.346256573994957,0.0,3.945,40926.531,354.8
5.6531,2.31234073638916,0.0,3.945,40926.531,354.8
5.6582,2.278447151184082,0.0,3.695,40939.277,354.8
5.6670,2.2200075785318987,0.0,3.695,40939.277,354.8
5.6721,2.1860758463541643,0.0,3.695,40939.277,354.8
5.6778,2.148073514302574,0.0,3.695,40939.277,354.8
5.6829,2.1141036351521834,0.0,2.771,40945.781,354.8
5.6910,2.0601860682169573,0.0,2.771,40945.781,354.8
5.6961,2.026247978210449,0.0,2.771,40945.781,354.8
5.7011,1.992335319519043,0.0,2.771,40945.781,354.8
5.7077,1.948685646057129,0.0,3.296,40961.516,354.8
5.7150,1.9001340866088867,0.0,3.296,40961.516,354.8
5.7201,1.866199175516762,0.0,3.296,40961.516,354.8
5.7252,1.8322928746541365,0.0,3.836,40973.641,354.8
5.7350,1.7668453852335588,0.0,3.836,40973.641,354.8
5.7401,1.7329184214274065,0.0,3.836,40973.641,354.8
5.7452,1.698993047078453,0.0,3.836,40973.641,354.8
5.7502,1.6650899251302107,0.0,3.28,40983.836,354.8
5.7590,1.6068792343139648,0.0,3.28,40983.836,354.8
5.7641,1.572949091593422,0.0,3.28,40983.836,354.8
5.7691,1.5390332539876326,0.0,3.28,40983.836,354.8
5.7742,1.5051301320393904,0.0,3.409,40995.527,354.8
5.7821,1.452838579813637,0.0,3.409,40995.527,354.8
5.7872,1.4188957214355469,0.0,3.409,40995.527,354.8
5.7923,1.384981473286949,0.0,3.409,40995.527,354.8
5.7973,1.35108153025309,0.0,3.192,41005.633,354.8
5.8034,1.3103532791137695,0.0,3.192,41005.633,354.8
5.8103,1.2646913528442383,0.0,3.192,41005.633,354.8
5.8154,1.2306324640909807,0.0,3.192,41005.633,354.8
5.8205,1.1966911951700823,0.0,2.943,41015.742,354.8
5.8270,1.1534595489501953,0.0,2.943,41015.742,354.8
5.8349,1.1007531483968123,0.0,2.943,41015.742,354.8
5.8400,1.0667705535888672,0.0,2.943,41025.059,354.8
5.8470,1.0201740264892578,0.0,2.943,41025.059,354.8
5.8521,0.9862375259399414,0.0,2.943,41025.059,354.8
5.8572,0.9522136052449568,0.0,2.943,41025.059,354.8
5.8623,0.9182929992675781,0.0,2.616,41033.055,354.8
5.8710,0.8601840337117537,0.0,2.616,41033.055,354.8
5.8761,0.8262491226196289,0.0,2.616,41033.055,354.8
5.8812,0.7923142115275041,0.0,2.616,41033.055,354.8
5.8862,0.7583840688069685,0.0,2.464,41041.141,354.8
5.8959,0.6942065556844099,0.0,2.464,41041.141,354.8
5.9010,0.6602732340494768,0.0,2.464,41041.141,354.8
5.9078,0.6144348780314104,0.0,2.859,41052.129,354.8
5.9140,0.5730581283569336,0.0,2.859,41052.129,354.8
5.9191,0.5390961964925154,0.0,2.859,41052.129,354.8
5.9242,0.5051851272583008,0.0,3.459,41064.695,354.8
5.9330,0.44685840606689453,0.0,3.459,41064.695,354.8
5.9381,0.41293303171793383,0.0,3.459,41064.695,354.8
5.9459,0.3608449300130232,0.0,3.677,41077.266,354.8
5.9540,0.3068367640177385,0.0,3.677,41077.266,354.8
5.9591,0.2729177474975586,0.0,3.677,41077.266,354.8
5.9641,0.23901621500650805,0.0,3.677,41077.266,354.8
5.9692,0.20504792531331617,0.0,3.938,41092.383,354.8
5.9761,0.15959421793619555,0.0,3.938,41092.383,354.8
5.9816,0.12293974558512133,0.0,3.938,41092.383,354.8
5.9867,0.08895556131998461,0.0,3.938,41092.383,354.8
5.9918,0.054947535196937736,0.0,3.605,41102.313,354.8
5.9990,0.006848971048988517,0.0,3.605,41102.313,354.8
