t_s,cmd_speed_cm_s,cmd_steer_deg,enc_speed_cm_s,enc_cmd_speed_cm_s,yaw_deg
0.0000,-9.5367431640625e-06,0.0,0.032,41112.598,354.8
0.0738,-0.4918273289998373,0.0,0.032,41112.598,354.8
0.0789,-0.5257097880045573,0.0,0.032,41112.598,354.8
0.0894,-0.596165657043457,0.0,0.032,41112.598,354.8
0.0946,-0.6304136912027996,0.0,0.032,41112.598,354.8
0.0997,-0.6644058227539062,0.0,0.032,41112.598,354.8
0.1065,-0.7097768783569336,0.0,0.032,41112.598,354.8
0.1133,-0.7554896672566731,0.0,0.032,41112.598,354.8
0.1184,-0.7894992828369141,0.0,0.032,41112.598,354.8
0.1235,-0.8234055836995442,0.0,0.032,41112.598,354.8
0.1305,-0.8702532450358074,0.0,0.032,41112.598,354.8
0.1356,-0.9041595458984375,0.0,0.032,41112.598,354.8
0.1412,-0.9415705998738606,0.0,0.032,41112.598,354.8
0.1463,-0.9754657745361328,0.0,0.032,41112.598,354.8
0.1523,-1.0155328114827473,0.0,0.032,41112.598,354.8
0.1574,-1.0494391123453777,0.0,0.032,41112.598,354.8
0.1625,-1.0833152135213215,0.0,0.032,41112.422,354.8
0.1715,-1.14350159962972,0.0,0.032,41112.422,354.8
0.1766,-1.1773999532063801,0.0,0.032,41112.422,354.8
0.1817,-1.2112728754679363,0.0,0.032,41112.422,354.8
0.1868,-1.2451569239298503,0.0,-0.957,41104.688,354.8
0.1985,-1.323394775390625,0.0,-0.957,41104.688,354.8
0.2036,-1.3573058446248374,0.0,-0.957,41104.688,354.8
0.2102,-1.401179631551107,0.0,-2.029,41094.93,354.8
0.2164,-1.4427200953165689,0.0,-2.029,41094.93,354.8
0.2215,-1.4766216278076172,0.0,-2.029,41094.93,354.8
0.2266,-1.5105009078979492,0.0,-2.029,41094.93,354.8
0.2317,-1.544488271077474,0.0,-2.135,41087.813,354.8
0.2404,-1.6028102238972983,0.0,-2.135,41087.813,354.8
0.2455,-1.636815071105957,0.0,-2.135,41087.813,354.8
0.2511,-1.6743135452270508,0.0,-2.135,41087.813,354.8
0.2562,-1.7082182566324868,0.0,-2.424,41077.0,354.8
0.2644,-1.7626778284708657,0.0,-2.424,41077.0,354.8
0.2695,-1.796576182047526,0.0,-2.424,41077.0,354.8
0.2746,-1.830453872680664,0.0,-3.382,41062.938,354.8
0.2844,-1.8960126241048179,0.0,-3.382,41062.938,354.8
0.2895,-1.9299093882242837,0.0,-3.382,41062.938,354.8
0.2946,-1.9638538360595703,0.0,-3.382,41062.938,354.8
0.3014,-2.0095316569010415,0.0,-3.683,41048.703,354.8
0.3094,-2.0623604456583657,0.0,-3.683,41048.703,354.8
0.3145,-2.0963462193806968,0.0,-3.683,41048.703,354.8
0.3195,-2.130244572957357,0.0,-4.383,41032.266,354.8
0.3284,-2.1893835067749023,0.0,-4.383,41032.266,354.8
0.3335,-2.2232866287231445,0.0,-4.383,41032.266,354.8
0.3386,-2.2571643193562827,0.0,-4.383,41032.266,354.8
0.3437,-2.2910277048746743,0.0,-4.623,41015.215,354.8
0.3554,-2.3692957560221353,0.0,-4.623,41015.215,354.8
0.3605,-2.403205235799154,0.0,-4.623,41015.215,354.8
0.3656,-2.4370829264322915,0.0,-4.623,41015.215,354.8
0.3706,-2.4709494908650718,0.0,-4.72,40997.637,354.8
0.3767,-2.5115156173706055,0.0,-4.72,40997.637,354.8
0.3818,-2.545410792032878,0.0,-4.72,40997.637,354.8
0.3869,-2.5792789459228516,0.0,-4.416,40985.508,354.8
0.3965,-2.643049558003743,0.0,-4.416,40985.508,354.8
0.4016,-2.6770130793253584,0.0,-4.416,40985.508,354.8
0.4090,-2.726602554321289,0.0,-4.416,40985.508,354.8
0.4141,-2.760601043701172,0.0,-4.323,40970.125,354.8
0.4204,-2.8027884165445967,0.0,-4.323,40970.125,354.8
0.4255,-2.836715380350749,0.0,-4.323,40970.125,354.8
0.4306,-2.870607376098633,0.0,-4.156,40957.82,354.8
0.4404,-2.936045328776042,0.0,-4.156,40957.82,354.8
0.4455,-2.9699500401814776,0.0,-4.156,40957.82,354.8
0.4506,-3.003832499186198,0.0,-4.156,40957.82,354.8
0.4557,-3.037705421447754,0.0,-4.459,40942.0,354.8
0.4618,-3.0785449345906573,0.0,-4.459,40942.0,354.8
0.4674,-3.115914662679036,0.0,-4.459,40942.0,354.8
0.4725,-3.1498177846272783,0.0,-4.526,40927.414,354.8
0.4824,-3.216067949930827,0.0,-4.526,40927.414,354.8
0.4875,-3.249964714050293,0.0,-4.526,40927.414,354.8
0.4926,-3.283853530883789,0.0,-4.526,40927.414,354.8
0.4977,-3.3177200953165693,0.0,-4.705,40909.836,354.8
0.5064,-3.3760960896809893,0.0,-4.705,40909.836,354.8
0.5134,-3.4224526087443037,0.0,-4.705,40909.836,354.8
0.5191,-3.4609540303548174,0.0,-4.606,40895.773,354.8
0.5275,-3.5164546966552734,0.0,-4.606,40895.773,354.8
0.5326,-3.550424575805664,0.0,-4.606,40895.773,354.8
0.5376,-3.5843149820963545,0.0,-4.178,40884.785,354.8
0.5474,-3.649430274963379,0.0,-4.178,40884.785,354.8
0.5525,-3.683338165283203,0.0,-4.178,40884.785,354.8
0.5576,-3.7172238032023115,0.0,-4.178,40884.785,354.8
0.5627,-3.751095136006673,0.0,-3.727,40872.039,354.8
0.5724,-3.815959294637044,0.0,-3.727,40872.039,354.8
0.5780,-3.8534704844156904,0.0,-3.727,40872.039,354.8
0.5831,-3.887370427449544,0.0,-3.727,40872.039,354.8
0.5882,-3.9212465286254883,0.0,-3.795,40859.031,354.8
0.5943,-3.9618810017903643,0.0,-3.795,40859.031,354.8
0.5994,-3.9957761764526367,0.0,-3.795,40859.031,354.8
0.6045,-4.02974287668864,0.0,-3.795,40859.031,354.8
0.6110,-4.073443412780762,0.0,-4.45,40839.875,354.8
0.6174,-4.116109212239583,0.0,-4.45,40839.875,354.8
0.6225,-4.150010744730632,0.0,-4.45,40839.875,354.8
0.6294,-4.196256001790364,0.0,-4.894,40823.172,354.8
0.6384,-4.256078402201335,0.0,-4.894,40823.172,354.8
0.6435,-4.289975166320801,0.0,-4.894,40823.172,354.8
0.6486,-4.323889414469401,0.0,-4.894,40823.172,354.8
0.6537,-4.357943534851074,0.0,-4.545,40808.234,354.8
0.6624,-4.416139920552571,0.0,-4.545,40808.234,354.8
0.6675,-4.450046221415202,0.0,-4.545,40808.234,354.8
0.6726,-4.4839223225911455,0.0,-4.545,40808.234,354.8
0.6777,-4.5177920659383135,0.0,-4.33,40793.289,354.8
0.6885,-4.590134620666504,0.0,-4.33,40793.289,354.8
0.6936,-4.624317487080892,0.0,-4.33,40793.289,354.8
0.6988,-4.658382733662923,0.0,-4.059,40781.777,354.8
0.7064,-4.709542592366536,0.0,-4.059,40781.777,354.8
0.7133,-4.755263328552246,0.0,-4.059,40781.777,354.8
0.7184,-4.789284070332845,0.0,-4.059,40781.777,354.8
0.7235,-4.8231808344523115,0.0,-4.387,40764.023,354.8
0.7306,-4.8704878489176435,0.0,-4.387,40764.023,354.8
0.7384,-4.92287000020345,0.0,-4.387,40764.023,354.8
0.7435,-4.956774711608887,0.0,-4.387,40748.992,354.8
0.7534,-5.0227467219034825,0.0,-4.387,40748.992,354.8
0.7585,-5.056640307108561,0.0,-4.387,40748.992,354.8
0.7636,-5.090513229370117,0.0,-4.387,40748.992,354.8
0.7687,-5.124381383260092,0.0,-3.965,40736.777,354.8
0.7774,-5.182598431905111,0.0,-3.965,40736.777,354.8
0.7825,-5.216490427652994,0.0,-3.965,40736.777,354.8
0.7876,-5.25035540262858,0.0,-3.965,40736.777,354.8
0.7926,-5.284218788146973,0.0,-3.326,40727.461,354.8
0.7989,-5.326045354207357,0.0,-3.326,40727.461,354.8
0.8043,-5.362124443054199,0.0,-3.326,40727.461,354.8
0.8112,-5.407931009928385,0.0,-3.326,40716.477,354.8
0.8194,-5.462867418924967,0.0,-3.326,40716.477,354.8
0.8245,-5.496799151102701,0.0,-3.326,40716.477,354.8
0.8296,-5.530770619710287,0.0,-3.326,40716.477,354.8
0.8347,-5.564668973286947,0.0,-3.326,40704.785,354.8
0.8434,-5.622673034667969,0.0,-3.326,40704.785,354.8
0.8490,-5.660080909729004,0.0,-3.326,40704.785,354.8
0.8541,-5.693987210591635,0.0,-3.326,40704.785,354.8
0.8592,-5.7278649012247715,0.0,-3.447,40691.164,354.8
0.8674,-5.782669385274252,0.0,-3.447,40691.164,354.8
0.8725,-5.816556612650553,0.0,-3.447,40691.164,354.8
0.8776,-5.850427945454916,0.0,-4.153,40675.695,354.8
0.8874,-5.916099548339844,0.0,-4.153,40675.695,354.8
0.8925,-5.949989954630533,0.0,-4.153,40675.695,354.8
0.9004,-6.002817153930664,0.0,-4.444,40658.555,354.8
0.9114,-6.076178550720215,0.0,-4.444,40658.555,354.8
0.9165,-6.110159556070963,0.0,-4.444,40658.555,354.8
0.9216,-6.144061088562012,0.0,-4.258,40647.129,354.8
0.9314,-6.209449768066406,0.0,-4.258,40647.129,354.8
0.9365,-6.243352890014648,0.0,-4.258,40647.129,354.8
0.9416,-6.277228991190592,0.0,-4.258,40647.129,354.8
0.9467,-6.3111066818237305,0.0,-3.699,40635.266,354.8
0.9575,-6.38340950012207,0.0,-3.699,40635.266,354.8
0.9626,-6.4173126220703125,0.0,-3.699,40635.266,354.8
0.9677,-6.451188723246256,0.0,-3.521,40625.594,354.8
0.9754,-6.502671241760254,0.0,-3.521,40625.594,354.8
0.9805,-6.536569595336914,0.0,-3.521,40625.594,354.8
0.9856,-6.570444107055664,0.0,-3.26,40616.367,354.8
0.9954,-6.636017163594564,0.0,-3.26,40616.367,354.8
1.0005,-6.669923464457193,0.0,-3.26,40616.367,354.8
1.0075,-6.716373761494955,0.0,-3.26,40616.367,354.8
1.0126,-6.750847498575846,0.0,-2.838,40607.492,354.8
1.0194,-6.796051661173502,0.0,-2.838,40607.492,354.8
1.0245,-6.830247243245443,0.0,-2.838,40607.492,354.8
1.0297,-6.864592234293619,0.0,-2.566,40600.813,354.8
1.0394,-6.9294023513793945,0.0,-2.566,40600.813,354.8
1.0445,-6.963384946187338,0.0,-2.566,40600.813,354.8
1.0496,-6.997200647989908,0.0,-2.566,40600.813,354.8
1.0547,-7.031000455220541,0.0,-2.76,40590.527,354.8
1.0604,-7.0690759023030605,0.0,-2.76,40590.527,354.8
1.0658,-7.105042139689127,0.0,-2.76,40590.527,354.8
1.0708,-7.138907114664713,0.0,-2.76,40590.527,354.8
1.0759,-7.172772089640299,0.0,-2.705,40582.793,354.8
1.0818,-7.2122907638549805,0.0,-2.705,40582.793,354.8
1.0869,-7.246187527974447,0.0,-2.705,40582.793,354.8
1.0920,-7.280069986979166,0.0,-2.705,40582.793,354.8
1.0971,-7.313938140869141,0.0,-2.036,40577.961,354.8
1.1054,-7.369575500488281,0.0,-2.036,40577.961,354.8
1.1120,-7.4136559168497715,0.0,-2.036,40577.961,354.8
1.1177,-7.451176643371582,0.0,-2.028,40570.313,354.8
1.1264,-7.509450912475586,0.0,-2.028,40570.313,354.8
1.1315,-7.5433556238810215,0.0,-2.028,40570.313,354.8
1.1366,-7.577236493428549,0.0,-2.632,40559.59,354.8
1.1464,-7.6428429285685215,0.0,-2.632,40559.59,354.8
1.1516,-7.677090962727865,0.0,-2.632,40559.59,354.8
1.1567,-7.711129188537598,0.0,-2.632,40559.59,354.8
1.1618,-7.745094299316406,0.0,-3.614,40542.539,354.8
1.1714,-7.809449831644693,0.0,-3.614,40542.539,354.8
1.1770,-7.846795717875162,0.0,-3.614,40542.539,354.8
1.1821,-7.880760828653971,0.0,-3.614,40542.539,354.8
1.1873,-7.915226618448893,0.0,-3.781,40530.148,354.8
1.1934,-7.956132888793945,0.0,-3.781,40530.148,354.8
1.1985,-7.990322113037109,0.0,-3.781,40530.148,354.8
1.2037,-8.024489084879557,0.0,-3.781,40530.148,354.8
1.2103,-8.068669637044271,0.0,-4.017,40513.977,354.8
1.2164,-8.109612464904785,0.0,-4.017,40513.977,354.8
1.2215,-8.143529891967773,0.0,-4.017,40513.977,354.8
1.2266,-8.177439371744791,0.0,-4.017,40513.977,354.8
1.2322,-8.214947382609049,0.0,-4.407,40499.383,354.8
1.2384,-8.256198565165201,0.0,-4.407,40499.383,354.8
1.2435,-8.290152549743652,0.0,-4.407,40499.383,354.8
1.2486,-8.324050903320312,0.0,-4.407,40499.383,354.8
1.2537,-8.357930183410645,0.0,-4.733,40479.961,354.8
1.2614,-8.409433364868164,0.0,-4.733,40479.961,354.8
1.2665,-8.443342844645182,0.0,-4.733,40479.961,354.8
1.2716,-8.477217356363932,0.0,-4.733,40479.961,354.8
1.2767,-8.51109504699707,0.0,-4.509,40464.578,354.8
1.2875,-8.58354409535726,0.0,-4.509,40464.578,354.8
1.2926,-8.617451985677084,0.0,-4.509,40464.578,354.8
1.2977,-8.651326497395834,0.0,-4.369,40452.273,354.8
1.3054,-8.702715237935385,0.0,-4.369,40452.273,354.8
1.3120,-8.746442794799805,0.0,-4.369,40452.273,354.8
1.3171,-8.780368169148764,0.0,-4.369,40452.273,354.8
1.3221,-8.814249038696289,0.0,-3.866,40440.059,354.8
1.3294,-8.862762451171875,0.0,-3.866,40440.059,354.8
1.3345,-8.896652857462565,0.0,-3.866,40440.059,354.8
1.3401,-8.933979670206705,0.0,-3.866,40427.402,354.8
1.3494,-8.996138572692871,0.0,-3.866,40427.402,354.8
1.3545,-9.030327796936035,0.0,-3.866,40427.402,354.8
1.3597,-9.06434694925944,0.0,-3.866,40427.402,354.8
1.3647,-9.098251660664877,0.0,-3.565,40415.891,354.8
1.3734,-9.156082471211752,0.0,-3.565,40415.891,354.8
1.3785,-9.189985593159994,0.0,-3.565,40415.891,354.8
1.3836,-9.223875999450684,0.0,-3.565,40415.891,354.8
1.3887,-9.257763226826986,0.0,-3.134,40405.695,354.8
1.4005,-9.336759249369303,0.0,-3.134,40405.695,354.8
1.4071,-9.380475680033365,0.0,-3.134,40405.695,354.8
1.4122,-9.41455364227295,0.0,-2.699,40397.43,354.8
1.4184,-9.456121126810709,0.0,-2.699,40397.43,354.8
1.4235,-9.490063985188803,0.0,-2.699,40397.43,354.8
1.4286,-9.52394962310791,0.0,-2.699,40397.43,354.8
1.4337,-9.55782413482666,0.0,-4.301,40375.371,354.8
1.4424,-9.616185824076334,0.0,-4.301,40375.371,354.8
1.4484,-9.656254450480143,0.0,-4.301,40375.371,354.8
1.4535,-9.690149625142416,0.0,-4.86,40359.551,354.8
1.4634,-9.756073951721191,0.0,-4.86,40359.551,354.8
1.4685,-9.790032704671225,0.0,-4.86,40359.551,354.8
1.4736,-9.823918342590332,0.0,-5.057,40342.938,354.8
1.4834,-9.889421463012695,0.0,-5.057,40342.938,354.8
1.4885,-9.923319816589355,0.0,-5.057,40342.938,354.8
1.4936,-9.957214991251627,0.0,-5.057,40342.938,354.8
1.5004,-10.002919832865398,0.0,-4.791,40327.207,354.8
1.5081,-10.053672790527344,0.0,-4.791,40327.207,354.8
1.5132,-10.08799393971761,0.0,-4.791,40327.207,354.8
1.5184,-10.12250582377116,0.0,-4.791,40327.207,354.8
1.5235,-10.156847635904949,0.0,-4.88,40308.836,354.8
1.5314,-10.209595362345379,0.0,-4.88,40308.836,354.8
1.5365,-10.243522326151531,0.0,-4.88,40308.836,354.8
1.5416,-10.277400016784668,0.0,-4.26,40298.379,354.8
1.5514,-10.34289836883545,0.0,-4.26,40298.379,354.8
1.5570,-10.3802490234375,0.0,-4.26,40298.379,354.8
1.5621,-10.414257049560547,0.0,-4.26,40298.379,354.8
1.5673,-10.448436737060547,0.0,-4.164,40283.086,354.8
1.5754,-10.502912203470867,0.0,-4.164,40283.086,354.8
1.5805,-10.536818504333496,0.0,-4.164,40283.086,354.8
1.5856,-10.570705731709797,0.0,-3.634,40274.383,354.8
1.5954,-10.636175473531086,0.0,-3.634,40274.383,354.8
1.6005,-10.670124689737957,0.0,-3.634,40274.383,354.8
1.6076,-10.71739673614502,0.0,-3.749,40260.762,354.8
1.6166,-10.777525901794434,0.0,-3.749,40260.762,354.8
1.6217,-10.811548233032227,0.0,-3.749,40260.762,354.8
1.6268,-10.845422744750977,0.0,-3.749,40260.762,354.8
1.6319,-10.879287719726562,0.0,-4.262,40243.625,354.8
1.6404,-10.936191876729328,0.0,-4.262,40243.625,354.8
1.6455,-10.970083872477215,0.0,-4.262,40243.625,354.8
1.6506,-11.003947257995605,0.0,-4.262,40243.625,354.8
1.6557,-11.037918726603191,0.0,-4.55,40228.594,354.8
1.6619,-11.07914924621582,0.0,-4.55,40228.594,354.8
1.6675,-11.116504669189453,0.0,-4.55,40228.594,354.8
1.6726,-11.15040938059489,0.0,-4.379,40214.969,354.8
1.6826,-11.217530568440754,0.0,-4.379,40214.969,354.8
1.6877,-11.251427332560223,0.0,-4.379,40214.969,354.8
1.6928,-11.285301844278973,0.0,-4.688,40198.445,354.8
1.7026,-11.35088284810384,0.0,-4.688,40198.445,354.8
1.7095,-11.396379470825195,0.0,-4.688,40198.445,354.8
1.7145,-11.430290540059406,0.0,-4.885,40182.363,354.8
1.7225,-11.483608881632488,0.0,-4.885,40182.363,354.8
1.7276,-11.517510414123535,0.0,-4.885,40182.363,354.8
1.7327,-11.551384925842285,0.0,-4.885,40182.363,354.8
1.7378,-11.585256258646648,0.0,-5.106,40162.766,354.8
1.7464,-11.642910639444988,0.0,-5.106,40162.766,354.8
1.7515,-11.676807403564453,0.0,-5.106,40162.766,354.8
1.7566,-11.710683504740398,0.0,-5.106,40162.766,354.8
1.7617,-11.744643847147625,0.0,-5.449,40140.703,354.8
1.7714,-11.80957317352295,0.0,-5.449,40140.703,354.8
1.7770,-11.846917470296223,0.0,-5.449,40140.703,354.8
1.7821,-11.880812644958496,0.0,-5.449,40140.703,354.8
1.7872,-11.914687156677246,0.0,-6.225,40118.117,354.8
1.7933,-11.955358187357586,0.0,-6.225,40118.117,354.8
1.7984,-11.989259719848633,0.0,-6.225,40118.117,354.8
1.8035,-12.023142178853352,0.0,-6.225,40118.117,354.8
1.8103,-12.068772315979004,0.0,-6.672,40092.715,354.8
1.8165,-12.110144297281902,0.0,-6.672,40092.715,354.8
1.8216,-12.14408238728841,0.0,-6.672,40092.715,354.8
1.8267,-12.177975972493488,0.0,-7.106,40069.336,354.8
1.8367,-12.244335810343426,0.0,-7.106,40069.336,354.8
1.8417,-12.278242111206055,0.0,-7.106,40069.336,354.8
1.8468,-12.31214205423991,0.0,-7.106,40069.336,354.8
1.8519,-12.346022923787434,0.0,-6.906,40045.516,354.8
1.8607,-12.404348055521648,0.0,-6.906,40045.516,354.8
1.8657,-12.438252766927082,0.0,-6.906,40045.516,354.8
1.8708,-12.472127278645832,0.0,-6.906,40045.516,354.8
1.8759,-12.505993843078613,0.0,-6.422,40023.633,354.8
1.8867,-12.578280766805012,0.0,-6.422,40023.633,354.8
1.8918,-12.61217753092448,0.0,-6.422,40023.633,354.8
1.8969,-12.646056811014812,0.0,-6.422,40003.328,354.8
1.9046,-12.697501182556152,0.0,-6.422,40003.328,354.8
1.9118,-12.745010058085125,0.0,-6.422,40003.328,354.8
1.9169,-12.779043515523274,0.0,-6.422,40003.328,354.8
1.9219,-12.812946637471516,0.0,-6.803,39977.313,354.8
1.9285,-12.856454849243164,0.0,-6.803,39977.313,354.8
1.9336,-12.89037545522054,0.0,-6.803,39977.313,354.8
1.9405,-12.936533292134602,0.0,-6.803,39956.75,354.8
1.9485,-12.989691098531086,0.0,-6.803,39956.75,354.8
1.9535,-13.023581504821777,0.0,-6.803,39956.75,354.8
1.9586,-13.057462374369305,0.0,-6.803,39956.75,354.8
1.9637,-13.091330528259277,0.0,-6.914,39930.734,354.8
1.9725,-13.14969539642334,0.0,-6.914,39930.734,354.8
1.9775,-13.183584213256836,0.0,-6.914,39930.734,354.8
1.9826,-13.21745713551839,0.0,-6.914,39930.734,354.8
1.9877,-13.251333236694336,0.0,-7.159,39903.484,354.8
1.9986,-13.323790232340496,0.0,-7.159,39903.484,354.8
2.0037,-13.357683817545574,0.0,-7.159,39903.484,354.8
2.0103,-13.402029673258465,0.0,-7.248,39881.953,354.8
2.0165,-13.443454106648762,0.0,-7.248,39881.953,354.8
2.0217,-13.478129704793293,0.0,-7.248,39881.953,354.8
2.0269,-13.512392044067383,0.0,-7.248,39881.953,354.8
2.0320,-13.546614646911621,0.0,-6.631,39860.07,354.8
2.0405,-13.603466351826984,0.0,-6.631,39860.07,354.8
2.0475,-13.649689356486004,0.0,-6.631,39860.07,354.8
2.0526,-13.683934211730957,0.0,-6.418,39840.293,354.8
2.0604,-13.736276626586914,0.0,-6.418,39840.293,354.8
2.0655,-13.770273526509602,0.0,-6.418,39840.293,354.8
2.0707,-13.804537455240887,0.0,-6.418,39840.293,354.8
2.0758,-13.83872667948405,0.0,-6.345,39817.18,354.8
2.0844,-13.89630635579427,0.0,-6.345,39817.18,354.8
2.0895,-13.930233319600422,0.0,-6.345,39817.18,354.8
2.0946,-13.964118957519531,0.0,-6.111,39798.984,354.8
2.1074,-14.049385388692219,0.0,-6.111,39798.984,354.8
2.1140,-14.09341812133789,0.0,-6.111,39798.984,354.8
2.1191,-14.12739912668864,0.0,-6.111,39798.984,354.8
2.1242,-14.161287943522137,0.0,-6.044,39776.219,354.8
2.1298,-14.198417663574219,0.0,-6.044,39776.219,354.8
2.1349,-14.232347806294758,0.0,-6.044,39776.219,354.8
2.1399,-14.266306559244793,0.0,-6.044,39776.219,354.8
2.1451,-14.300456047058105,0.0,-6.863,39748.008,354.8
2.1554,-14.369646708170574,0.0,-6.863,39748.008,354.8
2.1605,-14.403503735860188,0.0,-6.863,39748.008,354.8
2.1656,-14.437309900919598,0.0,-6.863,39748.008,354.8
2.1707,-14.47108268737793,0.0,-7.776,39716.543,354.8
2.1774,-14.515910148620605,0.0,-7.776,39716.543,354.8
2.1825,-14.549748102823894,0.0,-7.776,39716.543,354.8
2.1875,-14.583557446797688,0.0,-7.776,39716.543,354.8
2.1926,-14.617360432942707,0.0,-8.145,39685.516,354.8
2.2014,-14.676109949747723,0.0,-8.145,39685.516,354.8
2.2080,-14.719897905985516,0.0,-8.145,39685.516,354.8
2.2135,-14.756728808085125,0.0,-8.145,39685.516,354.8
2.2186,-14.790631930033367,0.0,-8.213,39656.688,354.8
2.2247,-14.831331570943195,0.0,-8.213,39656.688,354.8
2.2298,-14.865339597066242,0.0,-8.213,39656.688,354.8
2.2349,-14.899431864420574,0.0,-8.213,39656.688,354.8
2.2400,-14.9333922068278,0.0,-8.316,39625.84,354.8
2.2485,-14.989760716756184,0.0,-8.316,39625.84,354.8
2.2536,-15.023692448933918,0.0,-8.316,39625.84,354.8
2.2586,-15.057586034138996,0.0,-8.067,39601.492,354.8
2.2695,-15.1299254099528,0.0,-8.067,39601.492,354.8
2.2746,-15.163858731587727,0.0,-8.067,39601.492,354.8
2.2797,-15.197738011678059,0.0,-8.617,39572.051,354.8
2.2895,-15.263079007466633,0.0,-8.617,39572.051,354.8
2.2945,-15.296974182128906,0.0,-8.617,39572.051,354.8
2.2996,-15.33085823059082,0.0,-8.617,39572.051,354.8
2.3047,-15.364727973937988,0.0,-8.11,39545.332,354.8
2.3135,-15.423245429992676,0.0,-8.11,39545.332,354.8
2.3196,-15.463889439900715,0.0,-8.11,39545.332,354.8
2.3247,-15.497816403706867,0.0,-8.11,39545.332,354.8
2.3298,-15.531705220540363,0.0,-7.165,39522.039,354.8
2.3374,-15.58296839396159,0.0,-7.165,39522.039,354.8
2.3425,-15.616869926452637,0.0,-7.165,39522.039,354.8
2.3476,-15.650741259257,0.0,-6.793,39501.738,354.8
2.3577,-15.717727343241375,0.0,-6.793,39501.738,354.8
2.3627,-15.751627286275227,0.0,-6.793,39501.738,354.8
2.3678,-15.785504976908367,0.0,-9.12,39462.102,354.8
2.3785,-15.85680643717448,0.0,-9.12,39462.102,354.8
2.3836,-15.890707969665527,0.0,-9.12,39462.102,354.8
2.3887,-15.924585660298664,0.0,-10.626,39425.891,354.8
2.3975,-15.983177820841473,0.0,-10.626,39425.891,354.8
2.4026,-16.01706027984619,0.0,-10.626,39425.891,354.8
2.4092,-16.06110413869222,0.0,-10.626,39425.891,354.8
2.4143,-16.09517256418864,0.0,-11.294,39382.82,354.8
2.4215,-16.14320437113444,0.0,-11.294,39382.82,354.8
2.4266,-16.177139282226562,0.0,-11.294,39382.82,354.8
2.4322,-16.21455192565918,0.0,-11.294,39382.82,354.8
2.4373,-16.248453458150227,0.0,-11.027,39344.59,354.8
2.4455,-16.30312442779541,0.0,-11.027,39344.59,354.8
2.4506,-16.337024370829266,0.0,-11.027,39344.59,354.8
2.4556,-16.370986302693684,0.0,-10.934,39311.543,354.8
2.4655,-16.436583201090496,0.0,-10.934,39311.543,354.8
2.4706,-16.470766067504883,0.0,-10.934,39311.543,354.8
2.4757,-16.504751841227215,0.0,-10.934,39311.543,354.8
2.4808,-16.538675626118977,0.0,-10.868,39271.992,354.8
2.4895,-16.596419016520183,0.0,-10.868,39271.992,354.8
2.4945,-16.6303284962972,0.0,-10.868,39271.992,354.8
2.4996,-16.66421095530192,0.0,-10.782,39239.031,354.8
2.5095,-16.72996997833252,0.0,-10.782,39239.031,354.8
2.5165,-16.776353518168133,0.0,-10.782,39239.031,354.8
2.5217,-16.811095873514812,0.0,-10.782,39239.031,354.8
2.5268,-16.845407485961914,0.0,-11.396,39195.176,354.8
2.5335,-16.890112559000652,0.0,-11.396,39195.176,354.8
2.5415,-16.943073272705078,0.0,-11.396,39195.176,354.8
2.5466,-16.97700023651123,0.0,-11.25,39160.547,354.8
2.5545,-17.029844919840496,0.0,-11.25,39160.547,354.8
2.5596,-17.06374963124593,0.0,-11.25,39160.547,354.8
2.5646,-17.097657521565754,0.0,-11.25,39160.547,354.8
2.5697,-17.13153839111328,0.0,-11.117,39119.5,354.8
2.5785,-17.189935048421223,0.0,-11.117,39119.5,354.8
2.5836,-17.22383975982666,0.0,-11.117,39119.5,354.8
2.5887,-17.25773334503174,0.0,-11.117,39119.5,354.8
2.5943,-17.295128504435223,0.0,-11.102,39083.203,354.8
2.6005,-17.33648618062337,0.0,-11.102,39083.203,354.8
2.6071,-17.380385398864746,0.0,-11.102,39083.203,354.8
2.6121,-17.414283752441406,0.0,-11.131,39048.047,354.8
2.6205,-17.46980349222819,0.0,-11.131,39048.047,354.8
2.6256,-17.503711382548016,0.0,-11.131,39048.047,354.8
2.6306,-17.537582715352375,0.0,-11.131,39048.047,354.8
2.6357,-17.571624120076496,0.0,-11.88,39001.816,354.8
2.6466,-17.643918991088867,0.0,-11.88,39001.816,354.8
2.6517,-17.677841186523438,0.0,-11.88,39001.816,354.8
2.6568,-17.711901664733887,0.0,-12.14,38963.758,354.8
2.6645,-17.763198216756184,0.0,-12.14,38963.758,354.8
2.6696,-17.797123591105144,0.0,-12.14,38963.758,354.8
2.6747,-17.83100763956706,0.0,-12.14,38963.758,354.8
2.6797,-17.864877382914226,0.0,-12.433,38917.793,354.8
2.6885,-17.92319615681966,0.0,-12.433,38917.793,354.8
2.6936,-17.957084973653156,0.0,-12.433,38917.793,354.8
2.6987,-17.99108823140462,0.0,-12.433,38917.793,354.8
2.7043,-18.02895228068034,0.0,-11.811,38876.484,354.8
2.7125,-18.083346684773762,0.0,-11.811,38876.484,354.8
2.7176,-18.117318153381348,0.0,-11.811,38876.484,354.8
2.7227,-18.151211738586426,0.0,-12.027,38838.691,354.8
2.7325,-18.21646213531494,0.0,-12.027,38838.691,354.8
2.7376,-18.250365257263184,0.0,-12.027,38838.691,354.8
2.7426,-18.284239768981934,0.0,-12.027,38838.691,354.8
2.7477,-18.3181095123291,0.0,-11.703,38796.594,354.8
2.7586,-18.39053948720296,0.0,-11.703,38796.594,354.8
2.7637,-18.424439430236816,0.0,-11.703,38796.594,354.8
2.7687,-18.458325068155926,0.0,-12.037,38758.273,354.8
2.7765,-18.509782155354817,0.0,-12.037,38758.273,354.8
2.7816,-18.54367733001709,0.0,-12.037,38758.273,354.8
2.7866,-18.57755184173584,0.0,-12.037,38758.273,354.8
2.7917,-18.611416816711426,0.0,-12.328,38712.305,354.8
2.8005,-18.669850031534832,0.0,-12.328,38712.305,354.8
2.8073,-18.715497652689617,0.0,-12.328,38712.305,354.8
2.8130,-18.753431638081867,0.0,-12.947,38668.445,354.8
2.8215,-18.809835116068523,0.0,-12.947,38668.445,354.8
2.8266,-18.84374936421712,0.0,-12.947,38668.445,354.8
2.8316,-18.877636591593426,0.0,-12.737,38631.531,354.8
2.8415,-18.9431095123291,0.0,-12.737,38631.531,354.8
2.8466,-18.97701422373454,0.0,-12.737,38631.531,354.8
2.8516,-19.01089032491048,0.0,-12.737,38631.531,354.8
2.8567,-19.04476006825765,0.0,-12.065,38585.566,354.8
2.8695,-19.129807154337566,0.0,-12.065,38585.566,354.8
2.8746,-19.16370391845703,0.0,-12.065,38585.566,354.8
2.8796,-19.197568893432617,0.0,-12.875,38542.852,354.8
2.8875,-19.249860445658367,0.0,-12.875,38542.852,354.8
2.8926,-19.283750851949055,0.0,-12.875,38542.852,354.8
2.8976,-19.317649205525715,0.0,-12.875,38542.852,354.8
2.9027,-19.351531664530437,0.0,-13.873,38488.625,354.8
2.9115,-19.409863154093426,0.0,-13.873,38488.625,354.8
2.9166,-19.443753560384113,0.0,-13.873,38488.625,354.8
2.9222,-19.48137601216634,0.0,-13.873,38488.625,354.8
2.9273,-19.515283902486164,0.0,-13.369,38445.469,354.8
2.9335,-19.55652395884196,0.0,-13.369,38445.469,354.8
2.9386,-19.590420722961426,0.0,-13.369,38445.469,354.8
2.9436,-19.624301592508953,0.0,-13.948,38400.645,354.8
2.9535,-19.689795176188152,0.0,-13.948,38400.645,354.8
2.9586,-19.723691940307617,0.0,-13.948,38400.645,354.8
2.9636,-19.75756327311198,0.0,-13.948,38400.645,354.8
2.9687,-19.791436195373535,0.0,-13.948,38349.758,354.8
2.9795,-19.86316680908203,0.0,-13.948,38349.758,354.8
2.9846,-19.897057215372723,0.0,-13.948,38349.758,354.8
2.9896,-19.930936495463055,0.0,-13.948,38349.758,354.8
2.9947,-19.964807828267414,0.0,-14.771,38292.363,354.8
3.0015,-20.009868939717613,0.0,-14.771,38292.363,354.8
3.0084,-20.05601723988851,0.0,-14.771,38292.363,354.8
3.0136,-20.090510050455727,0.0,-15.146,38245.078,354.8
3.0216,-20.143672625223793,0.0,-15.146,38245.078,354.8
3.0267,-20.1778237024943,0.0,-15.146,38245.078,354.8
3.0324,-20.21583080291748,0.0,-15.335,38195.422,354.8
3.0425,-20.283231735229492,0.0,-15.335,38195.422,354.8
3.0476,-20.317157109578453,0.0,-15.335,38195.422,354.8
3.0527,-20.351053873697914,0.0,-15.335,38195.422,354.8
3.0577,-20.38493792215983,0.0,-16.062,38133.547,354.8
3.0665,-20.443228085835777,0.0,-16.062,38133.547,354.8
3.0716,-20.477126439412437,0.0,-16.062,38133.547,354.8
3.0767,-20.511021614074707,0.0,-16.176,38083.008,354.8
3.0895,-20.596912701924644,0.0,-16.176,38083.008,354.8
3.0947,-20.63115119934082,0.0,-16.176,38083.008,354.8
3.0998,-20.665132204691567,0.0,-16.053,38034.141,354.8
3.1075,-20.71657657623291,0.0,-16.053,38034.141,354.8
3.1141,-20.760534604390465,0.0,-16.053,38034.141,354.8
3.1192,-20.7944393157959,0.0,-16.053,38034.141,354.8
3.1242,-20.828326543172203,0.0,-15.544,37979.473,354.8
3.1315,-20.876520474751793,0.0,-15.544,37979.473,354.8
3.1366,-20.91057300567627,0.0,-15.544,37979.473,354.8
3.1423,-20.948804219563804,0.0,-15.544,37979.473,354.8
3.1474,-20.98285675048828,0.0,-15.087,37930.516,354.8
3.1536,-21.024025281270347,0.0,-15.087,37930.516,354.8
3.1587,-21.05829874674479,0.0,-15.087,37930.516,354.8
3.1639,-21.09241485595703,0.0,-15.087,37930.516,354.8
3.1690,-21.12640221913656,0.0,-15.055,37875.32,354.8
3.1775,-21.183300018310547,0.0,-15.055,37875.32,354.8
3.1826,-21.217471758524574,0.0,-15.055,37875.32,354.8
3.1877,-21.251438458760582,0.0,-15.055,37875.32,354.8
3.1945,-21.29652500152588,0.0,-14.837,37821.621,354.8
3.2015,-21.34333769480387,0.0,-14.837,37821.621,354.8
3.2082,-21.38789176940918,0.0,-14.837,37821.621,354.8
3.2133,-21.421920458475746,0.0,-14.837,37821.621,354.8
3.2184,-21.45585536956787,0.0,-15.352,37763.438,354.8
3.2255,-21.50329748789469,0.0,-15.352,37763.438,354.8
3.2306,-21.537327766418457,0.0,-15.352,37763.438,354.8
3.2357,-21.571342150370278,0.0,-15.251,37718.438,354.8
3.2476,-21.650714874267578,0.0,-15.251,37718.438,354.8
3.2527,-21.68466409047445,0.0,-15.251,37718.438,354.8
3.2578,-21.718578338623047,0.0,-15.251,37718.438,354.8
3.2629,-21.75250212351481,0.0,-16.604,37650.762,354.8
3.2695,-21.796696980794273,0.0,-16.604,37650.762,354.8
3.2746,-21.83063507080078,0.0,-16.604,37650.762,354.8
3.2797,-21.86455726623535,0.0,-17.915,37592.051,354.8
3.2895,-21.929950714111328,0.0,-17.915,37592.051,354.8
3.2946,-21.96394602457682,0.0,-17.915,37592.051,354.8
3.3016,-22.01056480407715,0.0,-17.679,37532.637,354.8
3.3126,-22.08378314971924,0.0,-17.679,37532.637,354.8
3.3177,-22.11773236592611,0.0,-17.679,37532.637,354.8
3.3228,-22.151741981506348,0.0,-16.962,37483.418,354.8
3.3325,-22.21663316090902,0.0,-16.962,37483.418,354.8
3.3376,-22.250855763753258,0.0,-16.962,37483.418,354.8
3.3428,-22.28506565093994,0.0,-16.962,37483.418,354.8
3.3479,-22.319132486979164,0.0,-17.134,37414.07,354.8
3.3605,-22.403230667114258,0.0,-17.134,37414.07,354.8
3.3656,-22.437213261922203,0.0,-17.134,37414.07,354.8
3.3707,-22.471176783243813,0.0,-18.003,37356.242,354.8
3.3787,-22.52436637878418,0.0,-18.003,37356.242,354.8
3.3838,-22.558398246765137,0.0,-18.003,37356.242,354.8
3.3889,-22.592379252115883,0.0,-18.003,37356.242,354.8
3.3939,-22.62629985809326,0.0,-18.18,37289.617,354.8
3.4025,-22.683385213216148,0.0,-18.18,37289.617,354.8
3.4118,-22.745021184285484,0.0,-18.18,37289.617,354.8
3.4169,-22.77902126312256,0.0,-18.1,37229.148,354.8
3.4245,-22.829936345418297,0.0,-18.1,37229.148,354.8
3.4296,-22.86396026611328,0.0,-18.1,37229.148,354.8
3.4347,-22.898120880126953,0.0,-17.852,37176.152,354.8
3.4445,-22.96341896057129,0.0,-17.852,37176.152,354.8
3.4496,-22.997404734293617,0.0,-17.852,37176.152,354.8
3.4547,-23.031415939331055,0.0,-17.852,37176.152,354.8
3.4598,-23.06532541910807,0.0,-18.005,37109.094,354.8
3.4685,-23.12335650126139,0.0,-18.005,37109.094,354.8
3.4736,-23.157272338867188,0.0,-18.005,37109.094,354.8
3.4787,-23.191164334615074,0.0,-18.005,37109.094,354.8
3.4838,-23.225045204162598,0.0,-18.84,37036.758,354.8
3.4925,-23.28324317932129,0.0,-18.84,37036.758,354.8
3.4976,-23.317133585611977,0.0,-18.84,37036.758,354.8
3.5027,-23.3510160446167,0.0,-18.522,36983.234,354.8
3.5126,-23.41703097025553,0.0,-18.522,36983.234,354.8
3.5177,-23.4513521194458,0.0,-18.522,36983.234,354.8
3.5234,-23.48958651224772,0.0,-18.522,36983.234,354.8
3.5286,-23.52381388346354,0.0,-17.999,36918.898,354.8
3.5365,-23.576631546020508,0.0,-17.999,36918.898,354.8
3.5416,-23.610553741455078,0.0,-17.999,36918.898,354.8
3.5467,-23.644641240437828,0.0,-17.934,36863.703,354.8
3.5565,-23.710290590922035,0.0,-17.934,36863.703,354.8
3.5617,-23.744475046793617,0.0,-17.934,36863.703,354.8
3.5668,-23.778491020202637,0.0,-17.934,36863.703,354.8
3.5735,-23.823086420694985,0.0,-16.796,36806.047,354.8
3.5805,-23.870013554890953,0.0,-16.796,36806.047,354.8
3.5856,-23.903937339782715,0.0,-16.796,36806.047,354.8
3.5907,-23.937857945760094,0.0,-16.796,36806.047,354.8
3.5958,-23.971773783365883,0.0,-18.749,36728.875,354.8
3.6047,-24.03104305267334,0.0,-18.749,36728.875,354.8
3.6113,-24.075263341267906,0.0,-18.749,36728.875,354.8
3.6164,-24.109384218851723,0.0,-20.199,36662.609,354.8
3.6245,-24.163266817728676,0.0,-20.199,36662.609,354.8
3.6305,-24.203548431396484,0.0,-20.199,36662.609,354.8
3.6356,-24.23745632171631,0.0,-20.461,36596.602,354.8
3.6455,-24.30326302846273,0.0,-20.461,36596.602,354.8
3.6506,-24.337172508239746,0.0,-20.461,36596.602,354.8
3.6557,-24.371058146158852,0.0,-20.461,36596.602,354.8
3.6607,-24.40492947896322,0.0,-20.126,36524.004,354.8
3.6697,-24.464449882507324,0.0,-20.126,36524.004,354.8
3.6748,-24.49836254119873,0.0,-20.126,36524.004,354.8
3.6798,-24.532294273376465,0.0,-20.126,36524.004,354.8
3.6854,-24.569652875264488,0.0,-20.028,36460.547,354.8
3.6916,-24.610486030578613,0.0,-20.028,36460.547,354.8
3.6967,-24.644575119018555,0.0,-20.028,36460.547,354.8
3.7018,-24.67872460683187,0.0,-20.028,36460.547,354.8
3.7087,-24.724388122558594,0.0,-20.598,36382.148,354.8
3.7148,-24.76562341054281,0.0,-20.598,36382.148,354.8
3.7199,-24.79957103729248,0.0,-20.598,36382.148,354.8
3.7250,-24.833470980326332,0.0,-20.598,36382.148,354.8
3.7301,-24.867361386617027,0.0,-20.598,36382.148,354.8
3.7352,-24.901248613993324,0.0,-21.052,36297.859,354.8
3.7426,-24.950644175211586,0.0,-21.052,36297.859,354.8
3.7477,-24.984537760416664,0.0,-21.052,36297.859,354.8
3.7528,-25.018415451049805,0.0,-20.736,36235.633,354.8
3.7605,-25.069801012674965,0.0,-20.736,36235.633,354.8
3.7656,-25.103699366251625,0.0,-20.736,36235.633,354.8
3.7706,-25.137585004170738,0.0,-20.183,36176.047,354.8
3.7805,-25.203237533569336,0.0,-20.183,36176.047,354.8
3.7856,-25.23716767628988,0.0,-20.183,36176.047,354.8
3.7935,-25.2896785736084,0.0,-20.183,36176.047,354.8
3.7985,-25.32360394795736,0.0,-19.846,36103.977,354.8
3.8047,-25.364370346069336,0.0,-19.846,36103.977,354.8
3.8112,-25.408072471618652,0.0,-19.846,36103.977,354.8
3.8163,-25.441970825195312,0.0,-19.846,36103.977,354.8
3.8214,-25.47584374745687,0.0,-20.265,36027.949,354.8
3.8287,-25.524374643961586,0.0,-20.265,36027.949,354.8
3.8337,-25.55828889211019,0.0,-20.265,36027.949,354.8
3.8388,-25.592236518859863,0.0,-20.265,36027.949,354.8
3.8454,-25.636310577392578,0.0,-21.128,35947.266,354.8
3.8525,-25.683258374532066,0.0,-21.128,35947.266,354.8
3.8576,-25.717153549194336,0.0,-21.128,35947.266,354.8
3.8627,-25.75103441874186,0.0,-21.128,35947.266,354.8
3.8677,-25.784894625345864,0.0,-21.04,35871.328,354.8
3.8767,-25.844365755716957,0.0,-21.04,35871.328,354.8
3.8817,-25.878267288208008,0.0,-21.04,35871.328,354.8
3.8868,-25.912183125813804,0.0,-21.037,35807.258,354.8
3.8967,-25.977978706359863,0.0,-21.037,35807.258,354.8
3.9024,-26.015872955322266,0.0,-21.037,35807.258,354.8
3.9090,-26.05978488922119,0.0,-21.037,35807.258,354.8
3.9141,-26.093999544779457,0.0,-20.924,35730.789,354.8
3.9205,-26.13661289215088,0.0,-20.924,35730.789,354.8
3.9256,-26.17053190867106,0.0,-20.924,35730.789,354.8
3.9307,-26.204419136047363,0.0,-21.376,35663.379,354.8
3.9405,-26.270076433817543,0.0,-21.376,35663.379,354.8
3.9456,-26.304006576538086,0.0,-21.376,35663.379,354.8
3.9507,-26.337919235229492,0.0,-21.376,35663.379,354.8
3.9563,-26.375374794006348,0.0,-22.821,35574.875,354.8
3.9645,-26.429851849873863,0.0,-22.821,35574.875,354.8
3.9696,-26.463750203450523,0.0,-22.821,35574.875,354.8
3.9746,-26.497626304626465,0.0,-22.821,35574.875,354.8
3.9797,-26.531496047973633,0.0,-23.091,35490.586,354.8
3.9885,-26.58985137939453,0.0,-23.091,35490.586,354.8
3.9936,-26.623756090799965,0.0,-23.091,35490.586,354.8
3.9986,-26.657636960347496,0.0,-23.091,35490.586,354.8
4.0037,-26.69151465098063,0.0,-22.807,35418.953,354.8
4.0119,-26.745967864990234,0.0,-22.807,35418.953,354.8
4.0170,-26.780166625976562,0.0,-22.807,35418.953,354.8
4.0221,-26.814308166503906,0.0,-22.886,35348.73,354.8
4.0295,-26.86338106791178,0.0,-22.886,35348.73,354.8
4.0346,-26.89727942148844,0.0,-22.886,35348.73,354.8
4.0397,-26.931163469950356,0.0,-22.886,35348.73,354.8
4.0448,-26.965065002441406,0.0,-23.166,35261.984,354.8
4.0535,-27.02320098876953,0.0,-23.166,35261.984,354.8
4.0586,-27.057097752889,0.0,-23.166,35261.984,354.8
4.0665,-27.110068003336586,0.0,-23.756,35188.066,354.8
4.0735,-27.15648651123047,0.0,-23.756,35188.066,354.8
4.0786,-27.19038168589274,0.0,-23.756,35188.066,354.8
4.0836,-27.22425937652588,0.0,-23.756,35188.066,354.8
4.0887,-27.25813070933024,0.0,-23.492,35104.043,354.8
4.0975,-27.316532135009766,0.0,-23.492,35104.043,354.8
4.1026,-27.350430488586426,0.0,-23.492,35104.043,354.8
4.1091,-27.39410559336344,0.0,-22.655,35038.742,354.8
4.1176,-27.450787226359047,0.0,-22.655,35038.742,354.8
4.1234,-27.48908360799154,0.0,-22.655,35038.742,354.8
4.1285,-27.523271242777504,0.0,-22.655,35038.742,354.8
4.1336,-27.55725701649984,0.0,-23.366,34948.477,354.8
4.1415,-27.609891891479492,0.0,-23.366,34948.477,354.8
4.1466,-27.643837928771973,0.0,-23.366,34948.477,354.8
4.1517,-27.67773151397705,0.0,-23.366,34948.477,354.8
4.1568,-27.711709340413414,0.0,-25.143,34850.566,354.8
4.1655,-27.76996453603109,0.0,-25.143,34850.566,354.8
4.1706,-27.804020245869957,0.0,-25.143,34850.566,354.8
4.1776,-27.85041332244873,0.0,-25.213,34768.125,354.8
4.1875,-27.916569709777832,0.0,-25.213,34768.125,354.8
4.1926,-27.950477600097656,0.0,-25.213,34768.125,354.8
4.1977,-27.98436005910238,0.0,-24.346,34696.582,354.8
4.2075,-28.04985523223877,0.0,-24.346,34696.582,354.8
4.2140,-28.09333165486654,0.0,-24.346,34696.582,354.8
4.2191,-28.127245903015137,0.0,-24.346,34696.582,354.8
4.2242,-28.16112677256266,0.0,-24.929,34602.805,354.8
4.2336,-28.22402318318685,0.0,-24.929,34602.805,354.8
4.2387,-28.25794061024984,0.0,-24.929,34602.805,354.8
4.2438,-28.291826248168945,0.0,-25.703,34520.539,354.8
4.2515,-28.343331019083656,0.0,-25.703,34520.539,354.8
4.2566,-28.377243677775063,0.0,-25.703,34520.539,354.8
4.2617,-28.411126136779785,0.0,-25.99,34441.609,354.8
4.2716,-28.47726504007975,0.0,-25.99,34441.609,354.8
4.2767,-28.51116498311361,0.0,-25.99,34441.609,354.8
4.2818,-28.54503790537516,0.0,-25.99,34441.609,354.8
4.2876,-28.584060668945312,0.0,-24.988,34362.156,354.8
4.2938,-28.62508773803711,0.0,-24.988,34362.156,354.8
4.2988,-28.658992449442543,0.0,-24.988,34362.156,354.8
4.3039,-28.6928653717041,0.0,-24.988,34362.156,354.8
4.3105,-28.736557960510254,0.0,-24.688,34271.719,354.8
4.3175,-28.78322124481201,0.0,-24.688,34271.719,354.8
4.3226,-28.817124366760254,0.0,-24.688,34271.719,354.8
4.3277,-28.851008415222168,0.0,-24.688,34271.719,354.8
4.3327,-28.884895642598472,0.0,-25.955,34171.789,354.8
4.3436,-28.957279523213707,0.0,-25.955,34171.789,354.8
4.3487,-28.991193771362305,0.0,-25.955,34171.789,354.8
4.3538,-29.025093714396156,0.0,-26.343,34091.016,354.8
4.3615,-29.07656192779541,0.0,-26.343,34091.016,354.8
4.3666,-29.11045551300049,0.0,-26.343,34091.016,354.8
4.3716,-29.144325256347656,0.0,-26.343,34091.016,354.8
4.3767,-29.178191820780434,0.0,-26.363,33995.305,354.8
4.3855,-29.236532847086586,0.0,-26.363,33995.305,354.8
4.3935,-29.289773305257164,0.0,-26.363,33995.305,354.8
4.3986,-29.32368278503418,0.0,-26.225,33911.016,354.8
4.4065,-29.376591046651207,0.0,-26.225,33911.016,354.8
4.4133,-29.422200520833336,0.0,-26.225,33911.016,354.8
4.4184,-29.45622126261393,0.0,-26.61,33827.781,354.8
4.4265,-29.510021209716797,0.0,-26.61,33827.781,354.8
4.4316,-29.543935457865395,0.0,-26.61,33827.781,354.8
4.4367,-29.577816327412926,0.0,-26.61,33827.781,354.8
4.4418,-29.611687660217285,0.0,-27.288,33738.047,354.8
4.4496,-29.663983980814614,0.0,-27.288,33738.047,354.8
4.4547,-29.697882334391274,0.0,-27.288,33738.047,354.8
4.4598,-29.731766382853188,0.0,-27.288,33738.047,354.8
4.4648,-29.765634536743164,0.0,-27.102,33641.016,354.8
4.4715,-29.809959729512535,0.0,-27.102,33641.016,354.8
4.4766,-29.843851725260414,0.0,-27.102,33641.016,354.8
4.4817,-29.87771511077881,0.0,-27.177,33557.258,354.8
4.4915,-29.943243662516274,0.0,-27.177,33557.258,354.8
4.4966,-29.97713565826416,0.0,-27.177,33557.258,354.8
4.5022,-30.0146214167277,0.0,-27.177,33557.258,354.8
4.5098,-30.065458615620933,0.0,-27.372,33456.973,354.8
4.5160,-30.10693391164144,0.0,-27.372,33456.973,354.8
4.5212,-30.141609509785972,0.0,-27.372,33456.973,354.8
4.5264,-30.175843238830566,0.0,-27.068,33376.816,354.8
4.5355,-30.23644288380941,0.0,-27.068,33376.816,354.8
4.5405,-30.270323753356934,0.0,-27.068,33376.816,354.8
4.5456,-30.30414899190267,0.0,-27.068,33376.816,354.8
4.5507,-30.337953567504883,0.0,-26.39,33278.203,354.8
4.5625,-30.41656494140625,0.0,-26.39,33278.203,354.8
4.5676,-30.450350443522133,0.0,-26.39,33278.203,354.8
4.5726,-30.484121640523277,0.0,-26.586,33194.617,354.8
4.5804,-30.536114374796547,0.0,-26.586,33194.617,354.8
4.5855,-30.569893519083656,0.0,-26.586,33194.617,354.8
4.5906,-30.603691736857094,0.0,-26.586,33194.617,354.8
4.5956,-30.637537638346352,0.0,-28.482,33083.086,354.8
4.6044,-30.696137746175133,0.0,-28.482,33083.086,354.8
4.6117,-30.744860967000328,0.0,-28.482,33083.086,354.8
4.6170,-30.780183474222817,0.0,-28.832,32987.637,354.8
4.6264,-30.842878023783364,0.0,-28.832,32987.637,354.8
4.6315,-30.876801808675133,0.0,-28.832,32987.637,354.8
4.6366,-30.910696983337402,0.0,-27.758,32906.953,354.8
4.6464,-30.9761635462443,0.0,-27.758,32906.953,354.8
4.6515,-31.00994269053141,0.0,-27.758,32906.953,354.8
4.6566,-31.043737729390465,0.0,-27.758,32906.953,354.8
4.6616,-31.077535947163902,0.0,-28.918,32795.508,354.8
4.6725,-31.150032679239906,0.0,-28.918,32795.508,354.8
4.6776,-31.183948516845703,0.0,-28.918,32795.508,354.8
4.6827,-31.218053499857582,0.0,-29.553,32704.014,354.8
4.6905,-31.26990477244059,0.0,-29.553,32704.014,354.8
4.6956,-31.303911209106445,0.0,-29.553,32704.014,354.8
4.7007,-31.337780952453613,0.0,-29.553,32704.014,354.8
4.7073,-31.38171354929606,0.0,-29.284,32598.633,354.8
4.7146,-31.430977185567222,0.0,-29.284,32598.633,354.8
4.7197,-31.464967727661133,0.0,-29.284,32598.633,354.8
4.7266,-31.510920524597168,0.0,-28.271,32506.963,354.8
4.7365,-31.57662868499756,0.0,-28.271,32506.963,354.8
4.7416,-31.61052862803141,0.0,-28.271,32506.963,354.8
4.7467,-31.644441286722817,0.0,-28.271,32506.963,354.8
4.7517,-31.67832056681315,0.0,-28.397,32401.582,354.8
4.7605,-31.73661708831787,0.0,-28.397,32401.582,354.8
4.7656,-31.77051226298014,0.0,-28.397,32401.582,354.8
4.7707,-31.80438200632731,0.0,-28.478,32314.834,354.8
4.7826,-31.883999506632485,0.0,-28.478,32314.834,354.8
4.7877,-31.917896270751953,0.0,-28.478,32314.834,354.8
4.7928,-31.95176283518473,0.0,-28.678,32226.768,354.8
4.8005,-32.00343608856201,0.0,-28.678,32226.768,354.8
4.8071,-32.0472780863444,0.0,-28.678,32226.768,354.8
4.8122,-32.08118597666422,0.0,-28.678,32226.768,354.8
4.8173,-32.11506366729736,0.0,-28.74,32120.332,354.8
4.8245,-32.163405418395996,0.0,-28.74,32120.332,354.8
4.8296,-32.197577158610024,0.0,-28.74,32120.332,354.8
4.8375,-32.25016434987386,0.0,-29.744,32016.094,354.8
4.8465,-32.31001853942871,0.0,-29.744,32016.094,354.8
4.8516,-32.343926429748535,0.0,-29.744,32016.094,354.8
4.8567,-32.37780570983887,0.0,-30.608,31920.293,354.8
4.8665,-32.44330088297526,0.0,-30.608,31920.293,354.8
4.8716,-32.47718334197998,0.0,-30.608,31920.293,354.8
4.8767,-32.511068979899086,0.0,-30.608,31920.293,354.8
4.8817,-32.54496097564697,0.0,-30.579,31805.332,354.8
4.8936,-32.62401421864828,0.0,-30.579,31805.332,354.8
4.8987,-32.65791257222494,0.0,-30.579,31805.332,354.8
4.9038,-32.69178708394369,0.0,-30.579,31805.332,354.8
4.9103,-32.73552099863688,0.0,-30.705,31691.426,354.8
4.9165,-32.776452700297035,0.0,-30.705,31691.426,354.8
4.9216,-32.810351053873696,0.0,-30.705,31691.426,354.8
4.9266,-32.844223976135254,0.0,-30.409,31600.898,354.8
4.9355,-32.903310457865395,0.0,-30.409,31600.898,354.8
4.9435,-32.9565684000651,0.0,-30.409,31600.898,354.8
4.9486,-32.99046198527018,0.0,-29.635,31507.822,354.8
4.9565,-33.04330348968506,0.0,-29.635,31507.822,354.8
4.9616,-33.077193895975746,0.0,-29.635,31507.822,354.8
4.9667,-33.111068407694496,0.0,-29.635,31507.822,354.8
4.9717,-33.1449302037557,0.0,-29.774,31396.816,354.8
4.9805,-33.203298250834145,0.0,-29.774,31396.816,354.8
4.9856,-33.23719342549642,0.0,-29.774,31396.816,354.8
4.9907,-33.27106316884359,0.0,-31.102,31292.051,354.8
5.0016,-33.3441956837972,0.0,-31.102,31292.051,354.8
5.0086,-33.39047431945801,0.0,-31.102,31292.051,354.8
5.0137,-33.42480659484863,0.0,-31.102,31292.051,354.8
5.0189,-33.459531466166176,0.0,-31.739,31176.035,354.8
5.0256,-33.503759702046715,0.0,-31.739,31176.035,354.8
5.0307,-33.53785832722982,0.0,-31.739,31176.035,354.8
5.0358,-33.572022120157875,0.0,-31.739,31176.035,354.8
5.0409,-33.60603173573812,0.0,-31.126,31064.414,354.8
5.0495,-33.66333802541097,0.0,-31.126,31064.414,354.8
5.0551,-33.700714111328125,0.0,-31.126,31064.414,354.8
5.0602,-33.734609285990395,0.0,-31.034,30970.02,354.8
5.0695,-33.79667599995931,0.0,-31.034,30970.02,354.8
5.0746,-33.83057117462158,0.0,-31.034,30970.02,354.8
5.0797,-33.86443773905436,0.0,-31.034,30970.02,354.8
5.0848,-33.89833927154541,0.0,-31.675,30851.016,354.8
5.0935,-33.956661224365234,0.0,-31.675,30851.016,354.8
5.0986,-33.99054527282715,0.0,-31.675,30851.016,354.8
5.1037,-34.024410247802734,0.0,-31.675,30851.016,354.8
5.1107,-34.0716282526652,0.0,-31.443,30737.373,354.8
5.1175,-34.11660353342692,0.0,-31.443,30737.373,354.8
5.1226,-34.15049393971761,0.0,-31.443,30737.373,354.8
5.1277,-34.18436209360758,0.0,-31.546,30639.814,354.8
5.1375,-34.250125885009766,0.0,-31.546,30639.814,354.8
5.1427,-34.28440888722738,0.0,-31.546,30639.814,354.8
5.1478,-34.31868076324463,0.0,-31.546,30639.814,354.8
5.1529,-34.35287952423096,0.0,-30.362,30528.281,354.8
5.1625,-34.41668669382731,0.0,-30.362,30528.281,354.8
5.1681,-34.454213778177895,0.0,-30.362,30528.281,354.8
5.1732,-34.48813279469808,0.0,-30.362,30528.281,354.8
5.1783,-34.5220152537028,0.0,-32.222,30416.66,354.8
5.1844,-34.56294059753418,0.0,-32.222,30416.66,354.8
5.1895,-34.59686120351156,0.0,-32.222,30416.66,354.8
5.1946,-34.63088194529215,0.0,-32.774,30315.322,354.8
5.2035,-34.690141677856445,0.0,-32.774,30315.322,354.8
5.2101,-34.734320640563965,0.0,-32.774,30315.322,354.8
5.2152,-34.76822853088379,0.0,-33.323,30206.338,354.8
5.2245,-34.830268224080406,0.0,-33.323,30206.338,354.8
5.2296,-34.86417452494303,0.0,-33.323,30206.338,354.8
5.2347,-34.898058573404946,0.0,-33.323,30206.338,354.8
5.2398,-34.931934674580894,0.0,-33.277,30086.455,354.8
5.2485,-34.990030924479164,0.0,-33.277,30086.455,354.8
5.2536,-35.02392609914144,0.0,-33.277,30086.455,354.8
5.2587,-35.05780061086019,0.0,-33.277,30086.455,354.8
5.2638,-35.09166876475016,0.0,-32.265,29967.012,354.8
5.2735,-35.15655676523844,0.0,-32.265,29967.012,354.8
5.2791,-35.19390741984049,0.0,-32.265,29967.012,354.8
5.2842,-35.22779941558838,0.0,-32.265,29967.012,354.8
5.2892,-35.26166280110677,0.0,-32.446,29860.928,354.8
5.2954,-35.30257701873779,0.0,-32.446,29860.928,354.8
5.3005,-35.33647378285726,0.0,-32.446,29860.928,354.8
5.3070,-35.38017272949219,0.0,-32.368,29763.457,354.8
5.3145,-35.4300864537557,0.0,-32.368,29763.457,354.8
5.3196,-35.46398321787516,0.0,-32.368,29763.457,354.8
5.3247,-35.4978609085083,0.0,-32.368,29763.457,354.8
5.3303,-35.535217920939125,0.0,-32.167,29646.65,354.8
5.3385,-35.589962005615234,0.0,-32.167,29646.65,354.8
5.3436,-35.623860359191895,0.0,-32.167,29646.65,354.8
5.3487,-35.657736460367836,0.0,-32.599,29544.434,354.8
5.3585,-35.72338740030924,0.0,-32.599,29544.434,354.8
5.3636,-35.75727780659994,0.0,-32.599,29544.434,354.8
5.3687,-35.79115708669027,0.0,-32.599,29544.434,354.8
5.3738,-35.825022061665855,0.0,-32.932,29417.607,354.8
5.3835,-35.88994820912679,0.0,-32.932,29417.607,354.8
5.3891,-35.927252769470215,0.0,-32.932,29417.607,354.8
5.3942,-35.96117337544759,0.0,-32.932,29417.607,354.8
5.3993,-35.99505424499512,0.0,-33.112,29310.996,354.8
5.4054,-36.03596051534017,0.0,-33.112,29310.996,354.8
5.4120,-36.080121994018555,0.0,-33.112,29310.996,354.8
5.4171,-36.11406008402506,0.0,-33.112,29310.996,354.8
5.4222,-36.14797274271647,0.0,-33.833,29184.346,354.8
5.4285,-36.18999322255453,0.0,-33.833,29184.346,354.8
5.4336,-36.223904291788735,0.0,-33.833,29184.346,354.8
5.4405,-36.2698777516683,0.0,-34.694,29070.527,354.8
5.4495,-36.329902013142906,0.0,-34.694,29070.527,354.8
5.4546,-36.36379877726237,0.0,-34.694,29070.527,354.8
5.4597,-36.397671699523926,0.0,-34.134,28969.805,354.8
5.4695,-36.46328926086426,0.0,-34.134,28969.805,354.8
5.4746,-36.49718443552653,0.0,-34.134,28969.805,354.8
5.4797,-36.531060536702476,0.0,-34.134,28969.805,354.8
5.4847,-36.56494299570719,0.0,-33.959,28835.684,354.8
5.4978,-36.65169874827067,0.0,-33.959,28835.684,354.8
5.5028,-36.68559551239014,0.0,-33.959,28835.684,354.8
5.5098,-36.73170407613119,0.0,-33.396,28734.082,354.8
5.5160,-36.773153940836586,0.0,-33.396,28734.082,354.8
5.5211,-36.80733998616537,0.0,-33.396,28734.082,354.8
5.5262,-36.841278076171875,0.0,-34.782,28622.9,354.8
5.5365,-36.90976778666178,0.0,-34.782,28622.9,354.8
5.5415,-36.94366614023844,0.0,-34.782,28622.9,354.8
5.5472,-36.981024742126465,0.0,-35.3,28508.467,354.8
5.5565,-37.0434045791626,0.0,-35.3,28508.467,354.8
5.5616,-37.077298164367676,0.0,-35.3,28508.467,354.8
5.5667,-37.111171086629234,0.0,-35.3,28508.467,354.8
5.5718,-37.145396868387856,0.0,-36.678,28368.721,354.8
5.5805,-37.203497886657715,0.0,-36.678,28368.721,354.8
5.5856,-37.23750909169515,0.0,-36.678,28368.721,354.8
5.5908,-37.27171262105306,0.0,-36.678,28368.721,354.8
5.5985,-37.323503494262695,0.0,-36.213,28240.225,354.8
5.6047,-37.364560763041176,0.0,-36.213,28240.225,354.8
5.6113,-37.40835030873617,0.0,-36.213,28240.225,354.8
5.6163,-37.44224866231283,0.0,-35.682,28132.119,354.8
5.6245,-37.49662717183431,0.0,-35.682,28132.119,354.8
5.6296,-37.53062725067139,0.0,-35.682,28132.119,354.8
5.6347,-37.56482760111491,0.0,-35.682,28132.119,354.8
5.6399,-37.599008878072105,0.0,-35.999,27999.932,354.8
5.6485,-37.65666961669922,0.0,-35.999,27999.932,354.8
5.6556,-37.704270680745445,0.0,-35.999,27999.932,354.8
5.6608,-37.73838996887207,0.0,-34.961,27892.529,354.8
5.6695,-37.79669602711996,0.0,-34.961,27892.529,354.8
5.6746,-37.83060391743978,0.0,-34.961,27892.529,354.8
5.6797,-37.86448001861572,0.0,-35.293,27781.172,354.8
5.6895,-37.92997678120931,0.0,-35.293,27781.172,354.8
5.6946,-37.96387036641439,0.0,-35.293,27781.172,354.8
5.6997,-37.99774169921875,0.0,-35.293,27781.172,354.8
5.7047,-38.03161144256592,0.0,-36.176,27646.611,354.8
5.7135,-38.09026082356771,0.0,-36.176,27646.611,354.8
5.7186,-38.12417030334473,0.0,-36.176,27646.611,354.8
5.7237,-38.15804481506348,0.0,-36.093,27537.715,354.8
5.7335,-38.22333017985026,0.0,-36.093,27537.715,354.8
5.7386,-38.25722694396973,0.0,-36.093,27537.715,354.8
5.7437,-38.2910950978597,0.0,-36.093,27537.715,354.8
5.7487,-38.324968020121254,0.0,-36.788,27399.814,354.8
5.7575,-38.38330109914144,0.0,-36.788,27399.814,354.8
5.7626,-38.41719468434652,0.0,-36.788,27399.814,354.8
5.7682,-38.45449447631836,0.0,-36.788,27399.814,354.8
5.7733,-38.488380114237465,0.0,-37.462,27272.021,354.8
5.7795,-38.529974619547524,0.0,-37.462,27272.021,354.8
5.7846,-38.563855489095054,0.0,-37.462,27272.021,354.8
5.7897,-38.597723642985024,0.0,-37.462,27272.021,354.8
5.7947,-38.63159020741781,0.0,-36.626,27142.383,354.8
5.8035,-38.69001070658366,0.0,-36.626,27142.383,354.8
5.8101,-38.733839988708496,0.0,-36.626,27142.383,354.8
5.8152,-38.76773993174235,0.0,-36.023,27033.838,354.8
5.8235,-38.823561668395996,0.0,-36.023,27033.838,354.8
5.8286,-38.857529958089195,0.0,-36.023,27033.838,354.8
5.8337,-38.89153321584066,0.0,-36.023,27033.838,354.8
5.8388,-38.92540772755941,0.0,-36.349,26898.662,354.8
5.8475,-38.98333231608073,0.0,-36.349,26898.662,354.8
5.8526,-39.01722272237142,0.0,-36.349,26898.662,354.8
5.8577,-39.05109564463297,0.0,-36.349,26898.662,354.8
5.8627,-39.084957440694176,0.0,-36.269,26762.432,354.8
5.8725,-39.1499932607015,0.0,-36.269,26762.432,354.8
5.8781,-39.18744405110677,0.0,-36.269,26762.432,354.8
5.8832,-39.22133286794027,0.0,-36.269,26762.432,354.8
5.8883,-39.25520261128744,0.0,-37.042,26639.385,354.8
5.8944,-39.2962121963501,0.0,-37.042,26639.385,354.8
5.8995,-39.330101013183594,0.0,-37.042,26639.385,354.8
5.9046,-39.36396757761637,0.0,-38.359,26516.953,354.8
5.9135,-39.42354043324789,0.0,-38.359,26516.953,354.8
5.9186,-39.45751349131266,0.0,-38.359,26516.953,354.8
5.9237,-39.49141025543213,0.0,-38.359,26516.953,354.8
5.9293,-39.52881018320719,0.0,-37.97,26380.986,354.8
5.9375,-39.5833412806193,0.0,-37.97,26380.986,354.8
5.9426,-39.61724122365316,0.0,-37.97,26380.986,354.8
5.9477,-39.651123682657875,0.0,-37.766,26266.113,354.8
5.9575,-39.71667448679606,0.0,-37.766,26266.113,354.8
5.9626,-39.750566482543945,0.0,-37.766,26266.113,354.8
5.9677,-39.784439404805504,0.0,-37.766,26266.113,354.8
5.9727,-39.81829961140951,0.0,-37.434,26124.697,354.8
5.9825,-39.883386294047035,0.0,-37.434,26124.697,354.8
5.9881,-39.92073059082031,0.0,-37.434,26124.697,354.8
5.9932,-39.95461622873942,0.0,-37.434,26124.697,354.8
5.9983,-39.988484382629395,0.0,-36.587,26008.77,354.8
0.0000,-40.0,0.0,-36.587,26008.77,354.8
0.0066,-40.0,0.0,-36.587,26008.77,354.8
0.0117,-40.0,0.0,-36.587,26008.77,354.8
0.0168,-40.0,0.0,-37.681,25866.387,354.8
0.0231,-40.0,0.0,-37.681,25866.387,354.8
0.0282,-40.0,0.0,-37.681,25866.387,354.8
0.0351,-40.0,0.0,-38.119,25744.834,354.8
0.0441,-40.0,0.0,-38.119,25744.834,354.8
0.0491,-40.0,0.0,-38.119,25744.834,354.8
0.0542,-40.0,0.0,-38.409,25626.006,354.8
0.0641,-40.0,0.0,-38.409,25626.006,354.8
0.0691,-40.0,0.0,-38.409,25626.006,354.8
0.0742,-40.0,0.0,-38.409,25626.006,354.8
0.0793,-40.0,0.0,-38.445,25480.02,354.8
0.0912,-40.0,0.0,-38.445,25480.02,354.8
0.0962,-40.0,0.0,-38.445,25480.02,354.8
0.1013,-40.0,0.0,-37.508,25369.629,354.8
0.1091,-40.0,0.0,-37.508,25369.629,354.8
0.1142,-40.0,0.0,-37.508,25369.629,354.8
0.1192,-40.0,0.0,-36.756,25259.238,354.8
0.1291,-40.0,0.0,-36.756,25259.238,354.8
0.1342,-40.0,0.0,-36.756,25259.238,354.8
0.1393,-40.0,0.0,-36.756,25259.238,354.8
0.1449,-40.0,0.0,-37.018,25121.953,354.8
0.1531,-40.0,0.0,-37.018,25121.953,354.8
0.1582,-40.0,0.0,-37.018,25121.953,354.8
0.1633,-40.0,0.0,-36.591,25014.463,354.8
0.1731,-40.0,0.0,-36.591,25014.463,354.8
0.1782,-40.0,0.0,-36.591,25014.463,354.8
0.1832,-40.0,0.0,-36.591,25014.463,354.8
0.1883,-40.0,0.0,-37.644,24870.234,354.8
0.1971,-40.0,0.0,-37.644,24870.234,354.8
0.2027,-40.0,0.0,-37.644,24870.234,354.8
0.2092,-40.0,0.0,-39.008,24742.002,354.8
0.2181,-40.0,0.0,-39.008,24742.002,354.8
0.2232,-40.0,0.0,-39.008,24742.002,354.8
0.2282,-40.0,0.0,-39.008,24742.002,354.8
0.2333,-40.0,0.0,-38.8,24601.289,354.8
0.2421,-40.0,0.0,-38.8,24601.289,354.8
0.2472,-40.0,0.0,-38.8,24601.289,354.8
0.2531,-40.0,0.0,-38.8,24601.289,354.8
0.2581,-40.0,0.0,-38.676,24459.346,354.8
0.2661,-40.0,0.0,-38.676,24459.346,354.8
0.2712,-40.0,0.0,-38.676,24459.346,354.8
0.2762,-40.0,0.0,-38.676,24459.346,354.8
0.2813,-40.0,0.0,-37.902,24325.84,354.8
0.2901,-40.0,0.0,-37.902,24325.84,354.8
0.2952,-40.0,0.0,-37.902,24325.84,354.8
0.3003,-40.0,0.0,-37.902,24325.84,354.8
0.3069,-40.0,0.0,-36.989,24201.914,354.8
0.3142,-40.0,0.0,-36.989,24201.914,354.8
0.3193,-40.0,0.0,-36.989,24201.914,354.8
0.3244,-40.0,0.0,-37.591,24084.141,354.8
0.3321,-40.0,0.0,-37.591,24084.141,354.8
0.3372,-40.0,0.0,-37.591,24084.141,354.8
0.3423,-40.0,0.0,-37.591,24084.141,354.8
0.3474,-40.0,0.0,-37.676,23947.471,354.8
0.3562,-40.0,0.0,-37.676,23947.471,354.8
0.3641,-40.0,0.0,-37.676,23947.471,354.8
0.3692,-40.0,0.0,-37.747,23825.83,354.8
0.3771,-40.0,0.0,-37.747,23825.83,354.8
0.3822,-40.0,0.0,-37.747,23825.83,354.8
0.3873,-40.0,0.0,-38.41,23704.629,354.8
0.3971,-40.0,0.0,-38.41,23704.629,354.8
0.4022,-40.0,0.0,-38.41,23704.629,354.8
0.4088,-40.0,0.0,-38.41,23704.629,354.8
0.4139,-40.0,0.0,-38.116,23568.662,354.8
0.4232,-40.0,0.0,-38.116,23568.662,354.8
0.4283,-40.0,0.0,-38.116,23568.662,354.8
0.4334,-40.0,0.0,-37.611,23455.283,354.8
0.4411,-40.0,0.0,-37.611,23455.283,354.8
0.4462,-40.0,0.0,-37.611,23455.283,354.8
0.4513,-40.0,0.0,-37.91,23337.334,354.8
0.4611,-40.0,0.0,-37.91,23337.334,354.8
0.4662,-40.0,0.0,-37.91,23337.334,354.8
0.4713,-40.0,0.0,-37.91,23337.334,354.8
0.4769,-40.0,0.0,-37.232,23205.146,354.8
0.4851,-40.0,0.0,-37.232,23205.146,354.8
0.4902,-40.0,0.0,-37.232,23205.146,354.8
0.4952,-40.0,0.0,-37.568,23086.846,354.8
0.5051,-40.0,0.0,-37.568,23086.846,354.8
0.5117,-40.0,0.0,-37.568,23086.846,354.8
0.5168,-40.0,0.0,-37.568,23086.846,354.8
0.5220,-40.0,0.0,-38.388,22926.885,354.8
0.5342,-40.0,0.0,-38.388,22926.885,354.8
0.5393,-40.0,0.0,-38.388,22926.885,354.8
0.5444,-40.0,0.0,-37.629,22816.494,354.8
0.5521,-40.0,0.0,-37.629,22816.494,354.8
0.5572,-40.0,0.0,-37.629,22816.494,354.8
0.5623,-40.0,0.0,-37.629,22816.494,354.8
0.5674,-40.0,0.0,-37.304,22680.703,354.8
0.5761,-40.0,0.0,-37.304,22680.703,354.8
0.5841,-40.0,0.0,-37.304,22680.703,354.8
0.5892,-40.0,0.0,-37.511,22559.59,354.8
0.5971,-40.0,0.0,-37.511,22559.59,354.8
0.6022,-40.0,0.0,-37.511,22559.59,354.8
0.6088,-40.0,0.0,-37.068,22447.529,354.8
0.6171,-40.0,0.0,-37.068,22447.529,354.8
0.6222,-40.0,0.0,-37.068,22447.529,354.8
0.6273,-40.0,0.0,-37.068,22447.529,354.8
0.6324,-40.0,0.0,-37.533,22325.625,354.8
0.6402,-40.0,0.0,-37.533,22325.625,354.8
0.6453,-40.0,0.0,-37.533,22325.625,354.8
0.6504,-40.0,0.0,-37.533,22325.625,354.8
0.6555,-40.0,0.0,-38.41,22181.572,354.8
0.6621,-40.0,0.0,-38.41,22181.572,354.8
0.6672,-40.0,0.0,-38.41,22181.572,354.8
0.6723,-40.0,0.0,-38.41,22181.572,354.8
0.6773,-40.0,0.0,-38.686,22039.717,354.8
0.6861,-40.0,0.0,-38.686,22039.717,354.8
0.6921,-40.0,0.0,-38.686,22039.717,354.8
0.6972,-40.0,0.0,-38.686,22039.717,354.8
0.7023,-40.0,0.0,-38.937,21895.4,354.8
0.7101,-40.0,0.0,-38.937,21895.4,354.8
0.7152,-40.0,0.0,-38.937,21895.4,354.8
0.7203,-40.0,0.0,-38.937,21895.4,354.8
0.7254,-40.0,0.0,-38.021,21761.631,354.8
0.7341,-40.0,0.0,-38.021,21761.631,354.8
0.7392,-40.0,0.0,-38.021,21761.631,354.8
0.7443,-40.0,0.0,-37.169,21644.561,354.8
0.7551,-40.0,0.0,-37.169,21644.561,354.8
0.7602,-40.0,0.0,-37.169,21644.561,354.8
0.7653,-40.0,0.0,-37.169,21644.561,354.8
0.7704,-40.0,0.0,-37.671,21504.814,354.8
0.7791,-40.0,0.0,-37.671,21504.814,354.8
0.7842,-40.0,0.0,-37.671,21504.814,354.8
0.7892,-40.0,0.0,-37.671,21504.814,354.8
0.7943,-40.0,0.0,-37.422,21368.672,354.8
0.8052,-40.0,0.0,-37.422,21368.672,354.8
0.8118,-40.0,0.0,-37.422,21368.672,354.8
0.8168,-40.0,0.0,-38.488,21245.801,354.8
0.8231,-40.0,0.0,-38.488,21245.801,354.8
0.8282,-40.0,0.0,-38.488,21245.801,354.8
0.8333,-40.0,0.0,-38.488,21245.801,354.8
0.8383,-40.0,0.0,-38.689,21105.615,354.8
0.8471,-40.0,0.0,-38.689,21105.615,354.8
0.8522,-40.0,0.0,-38.689,21105.615,354.8
0.8601,-40.0,0.0,-37.302,20984.59,354.8
0.8691,-40.0,0.0,-37.302,20984.59,354.8
0.8742,-40.0,0.0,-37.302,20984.59,354.8
0.8792,-40.0,0.0,-37.302,20984.59,354.8
0.8843,-40.0,0.0,-37.742,20842.383,354.8
0.8931,-40.0,0.0,-37.742,20842.383,354.8
0.8982,-40.0,0.0,-37.742,20842.383,354.8
0.9032,-40.0,0.0,-37.907,20722.852,354.8
0.9141,-40.0,0.0,-37.907,20722.852,354.8
0.9198,-40.0,0.0,-37.907,20722.852,354.8
0.9249,-40.0,0.0,-37.907,20722.852,354.8
0.9300,-40.0,0.0,-37.985,20599.189,354.8
0.9361,-40.0,0.0,-37.985,20599.189,354.8
0.9412,-40.0,0.0,-37.985,20599.189,354.8
0.9463,-40.0,0.0,-37.985,20599.189,354.8
0.9514,-40.0,0.0,-38.699,20455.313,354.8
0.9591,-40.0,0.0,-38.699,20455.313,354.8
0.9642,-40.0,0.0,-38.699,20455.313,354.8
0.9711,-40.0,0.0,-38.815,20331.914,354.8
0.9801,-40.0,0.0,-38.815,20331.914,354.8
0.9852,-40.0,0.0,-38.815,20331.914,354.8
0.9903,-40.0,0.0,-38.677,20213.877,354.8
1.0001,-40.0,0.0,-38.677,20213.877,354.8
1.0070,-40.0,0.0,-38.677,20213.877,354.8
1.0122,-40.0,0.0,-38.677,20213.877,354.8
1.0174,-40.0,0.0,-38.85,20066.309,354.8
1.0252,-40.0,0.0,-38.85,20066.309,354.8
1.0309,-40.0,0.0,-38.85,20066.309,354.8
1.0360,-40.0,0.0,-37.448,19952.578,354.8
1.0461,-40.0,0.0,-37.448,19952.578,354.8
1.0512,-40.0,0.0,-37.448,19952.578,354.8
1.0563,-40.0,0.0,-37.448,19952.578,354.8
1.0614,-40.0,0.0,-35.289,19830.938,354.8
1.0701,-40.0,0.0,-35.289,19830.938,354.8
1.0752,-40.0,0.0,-35.289,19830.938,354.8
1.0811,-40.0,0.0,-37.117,19707.1,354.8
1.0901,-40.0,0.0,-37.117,19707.1,354.8
1.0952,-40.0,0.0,-37.117,19707.1,354.8
1.1002,-40.0,0.0,-37.117,19707.1,354.8
1.1068,-40.0,0.0,-37.28,19571.924,354.8
1.1141,-40.0,0.0,-37.28,19571.924,354.8
1.1192,-40.0,0.0,-37.28,19571.924,354.8
1.1243,-40.0,0.0,-38.138,19444.834,354.8
1.1371,-40.0,0.0,-38.138,19444.834,354.8
1.1422,-40.0,0.0,-38.138,19444.834,354.8
1.1473,-40.0,0.0,-38.804,19325.391,354.8
1.1550,-40.0,0.0,-38.804,19325.391,354.8
1.1601,-40.0,0.0,-38.804,19325.391,354.8
1.1652,-40.0,0.0,-38.804,19325.391,354.8
1.1702,-40.0,0.0,-38.314,19187.578,354.8
1.1790,-40.0,0.0,-38.314,19187.578,354.8
1.1841,-40.0,0.0,-38.314,19187.578,354.8
1.1896,-40.0,0.0,-38.314,19187.578,354.8
1.1946,-40.0,0.0,-38.418,19063.564,354.8
1.2006,-40.0,0.0,-38.418,19063.564,354.8
1.2075,-40.0,0.0,-38.418,19063.564,354.8
1.2126,-40.0,0.0,-38.147,18949.57,354.8
1.2201,-40.0,0.0,-38.147,18949.57,354.8
1.2252,-40.0,0.0,-38.147,18949.57,354.8
1.2303,-40.0,0.0,-38.147,18949.57,354.8
1.2354,-40.0,0.0,-37.133,18816.592,354.8
1.2462,-40.0,0.0,-37.133,18816.592,354.8
1.2513,-40.0,0.0,-37.133,18816.592,354.8
1.2564,-40.0,0.0,-37.133,18816.592,354.8
1.2615,-40.0,0.0,-37.403,18677.461,354.8
1.2681,-40.0,0.0,-37.403,18677.461,354.8
1.2732,-40.0,0.0,-37.403,18677.461,354.8
1.2783,-40.0,0.0,-37.403,18677.461,354.8
1.2834,-40.0,0.0,-37.999,18537.363,354.8
1.2921,-40.0,0.0,-37.999,18537.363,354.8
1.2992,-40.0,0.0,-37.999,18537.363,354.8
1.3043,-40.0,0.0,-37.894,18410.186,354.8
1.3141,-40.0,0.0,-37.894,18410.186,354.8
1.3192,-40.0,0.0,-37.894,18410.186,354.8
1.3243,-40.0,0.0,-37.894,18410.186,354.8
1.3294,-40.0,0.0,-38.498,18267.627,354.8
1.3381,-40.0,0.0,-38.498,18267.627,354.8
1.3432,-40.0,0.0,-38.498,18267.627,354.8
1.3483,-40.0,0.0,-38.035,18148.359,354.8
1.3591,-40.0,0.0,-38.035,18148.359,354.8
1.3642,-40.0,0.0,-38.035,18148.359,354.8
1.3693,-40.0,0.0,-37.375,18036.475,354.8
1.3791,-40.0,0.0,-37.375,18036.475,354.8
1.3842,-40.0,0.0,-37.375,18036.475,354.8
1.3893,-40.0,0.0,-37.375,18036.475,354.8
1.3944,-40.0,0.0,-39.087,17886.182,354.8
1.4031,-40.0,0.0,-39.087,17886.182,354.8
1.4102,-40.0,0.0,-39.087,17886.182,354.8
1.4153,-40.0,0.0,-38.224,17762.783,354.8
1.4251,-40.0,0.0,-38.224,17762.783,354.8
1.4302,-40.0,0.0,-38.224,17762.783,354.8
1.4353,-40.0,0.0,-38.224,17762.783,354.8
1.4403,-40.0,0.0,-38.746,17618.027,354.8
1.4491,-40.0,0.0,-38.746,17618.027,354.8
1.4542,-40.0,0.0,-38.746,17618.027,354.8
1.4611,-40.0,0.0,-38.519,17496.475,354.8
1.4701,-40.0,0.0,-38.519,17496.475,354.8
1.4752,-40.0,0.0,-38.519,17496.475,354.8
1.4803,-40.0,0.0,-38.519,17496.475,354.8
1.4853,-40.0,0.0,-37.211,17365.166,354.8
1.4941,-40.0,0.0,-37.211,17365.166,354.8
1.4992,-40.0,0.0,-37.211,17365.166,354.8
1.5043,-40.0,0.0,-37.245,17244.404,354.8
1.5152,-40.0,0.0,-37.245,17244.404,354.8
1.5209,-40.0,0.0,-37.245,17244.404,354.8
1.5260,-40.0,0.0,-37.16,17127.158,354.8
1.5361,-40.0,0.0,-37.16,17127.158,354.8
1.5412,-40.0,0.0,-37.16,17127.158,354.8
1.5463,-40.0,0.0,-37.051,17014.219,354.8
1.5561,-40.0,0.0,-37.051,17014.219,354.8
1.5612,-40.0,0.0,-37.051,17014.219,354.8
1.5663,-40.0,0.0,-37.051,17014.219,354.8
1.5720,-40.0,0.0,-37.883,16882.91,354.8
1.5783,-40.0,0.0,-37.883,16882.91,354.8
1.5834,-40.0,0.0,-37.883,16882.91,354.8
1.5885,-40.0,0.0,-37.883,16882.91,354.8
1.5936,-40.0,0.0,-38.219,16744.131,354.8
1.6021,-40.0,0.0,-38.219,16744.131,354.8
1.6087,-40.0,0.0,-38.219,16744.131,354.8
1.6138,-40.0,0.0,-38.219,16744.131,354.8
1.6188,-40.0,0.0,-37.956,16594.014,354.8
1.6302,-40.0,0.0,-37.956,16594.014,354.8
1.6353,-40.0,0.0,-37.956,16594.014,354.8
1.6404,-40.0,0.0,-38.238,16475.713,354.8
1.6481,-40.0,0.0,-38.238,16475.713,354.8
1.6532,-40.0,0.0,-38.238,16475.713,354.8
1.6583,-40.0,0.0,-37.471,16364.971,354.8
1.6681,-40.0,0.0,-37.471,16364.971,354.8
1.6732,-40.0,0.0,-37.471,16364.971,354.8
1.6801,-40.0,0.0,-36.63,16250.01,354.8
1.6891,-40.0,0.0,-36.63,16250.01,354.8
1.6942,-40.0,0.0,-36.63,16250.01,354.8
1.6993,-40.0,0.0,-36.63,16250.01,354.8
1.7044,-40.0,0.0,-38.074,16104.111,354.8
1.7131,-40.0,0.0,-38.074,16104.111,354.8
1.7182,-40.0,0.0,-38.074,16104.111,354.8
1.7233,-40.0,0.0,-37.729,15986.426,354.8
1.7362,-40.0,0.0,-37.729,15986.426,354.8
1.7413,-40.0,0.0,-37.729,15986.426,354.8
1.7464,-40.0,0.0,-38.125,15867.07,354.8
1.7541,-40.0,0.0,-38.125,15867.07,354.8
1.7592,-40.0,0.0,-38.125,15867.07,354.8
1.7643,-40.0,0.0,-38.125,15867.07,354.8
1.7694,-40.0,0.0,-38.893,15722.49,354.8
1.7781,-40.0,0.0,-38.893,15722.49,354.8
1.7832,-40.0,0.0,-38.893,15722.49,354.8
1.7888,-40.0,0.0,-37.85,15606.299,354.8
1.7991,-40.0,0.0,-37.85,15606.299,354.8
1.8042,-40.0,0.0,-37.85,15606.299,354.8
1.8108,-40.0,0.0,-37.261,15494.326,354.8
1.8191,-40.0,0.0,-37.261,15494.326,354.8
1.8242,-40.0,0.0,-37.261,15494.326,354.8
1.8293,-40.0,0.0,-37.261,15494.326,354.8
1.8344,-40.0,0.0,-37.091,15358.975,354.8
1.8452,-40.0,0.0,-37.091,15358.975,354.8
1.8503,-40.0,0.0,-37.091,15358.975,354.8
1.8554,-40.0,0.0,-37.318,15242.783,354.8
1.8631,-40.0,0.0,-37.318,15242.783,354.8
1.8682,-40.0,0.0,-37.318,15242.783,354.8
1.8733,-40.0,0.0,-38.396,15121.143,354.8
1.8831,-40.0,0.0,-38.396,15121.143,354.8
1.8882,-40.0,0.0,-38.396,15121.143,354.8
1.8933,-40.0,0.0,-39.176,14993.174,354.8
1.9041,-40.0,0.0,-39.176,14993.174,354.8
1.9106,-40.0,0.0,-39.176,14993.174,354.8
1.9158,-40.0,0.0,-39.176,14993.174,354.8
1.9208,-40.0,0.0,-38.544,14855.801,354.8
1.9281,-40.0,0.0,-38.544,14855.801,354.8
1.9332,-40.0,0.0,-38.544,14855.801,354.8
1.9382,-40.0,0.0,-38.621,14736.006,354.8
1.9511,-40.0,0.0,-38.621,14736.006,354.8
1.9562,-40.0,0.0,-38.621,14736.006,354.8
1.9613,-40.0,0.0,-37.701,14603.73,354.8
1.9721,-40.0,0.0,-37.701,14603.73,354.8
1.9772,-40.0,0.0,-37.701,14603.73,354.8
1.9823,-40.0,0.0,-36.697,14495.186,354.8
1.9921,-40.0,0.0,-36.697,14495.186,354.8
1.9972,-40.0,0.0,-36.697,14495.186,354.8
0.0000,-39.99999523162842,0.0,-37.479,14363.525,354.8
0.0119,-39.9207067489624,0.0,-37.479,14363.525,354.8
0.0170,-39.88670031229655,0.0,-37.479,14363.525,354.8
0.0221,-39.85274791717529,0.0,-37.506,14251.553,354.8
0.0318,-39.78806495666504,0.0,-37.506,14251.553,354.8
0.0369,-39.754133224487305,0.0,-37.506,14251.553,354.8
0.0420,-39.720115661621094,0.0,-37.506,14251.553,354.8
0.0471,-39.68619346618652,0.0,-37.319,14114.355,354.8
0.0558,-39.628233909606934,0.0,-37.319,14114.355,354.8
0.0614,-39.59075768788656,0.0,-37.319,14114.355,354.8
0.0665,-39.556806882222496,0.0,-38.225,13993.154,354.8
0.0758,-39.49475288391113,0.0,-38.225,13993.154,354.8
0.0809,-39.46081956227621,0.0,-38.225,13993.154,354.8
0.0860,-39.426894187927246,0.0,-38.225,13993.154,354.8
0.0911,-39.39298311869303,0.0,-38.86,13850.42,354.8
0.0998,-39.334893226623535,0.0,-38.86,13850.42,354.8
0.1049,-39.3009614944458,0.0,-38.86,13850.42,354.8
0.1114,-39.2572021484375,0.0,-38.456,13723.594,354.8
0.1218,-39.18781439463297,0.0,-38.456,13723.594,354.8
0.1269,-39.15369987487793,0.0,-38.456,13723.594,354.8
0.1321,-39.11952018737793,0.0,-38.456,13723.594,354.8
0.1372,-39.0855073928833,0.0,-37.434,13591.758,354.8
0.1458,-39.02817885080973,0.0,-37.434,13591.758,354.8
0.1509,-38.99393240610758,0.0,-37.434,13591.758,354.8
0.1561,-38.959503173828125,0.0,-37.655,13471.963,354.8
0.1679,-38.88060728708903,0.0,-37.655,13471.963,354.8
0.1730,-38.846658070882164,0.0,-37.655,13471.963,354.8
0.1781,-38.81276289621989,0.0,-38.226,13348.389,354.8
0.1868,-38.75482718149821,0.0,-38.226,13348.389,354.8
0.1919,-38.72083981831869,0.0,-38.226,13348.389,354.8
0.1970,-38.68691603342692,0.0,-38.226,13348.389,354.8
0.2020,-38.653035163879395,0.0,-38.863,13203.809,354.8
0.2108,-38.594630559285484,0.0,-38.863,13203.809,354.8
0.2159,-38.56065114339193,0.0,-38.863,13203.809,354.8
0.2210,-38.52675120035807,0.0,-37.752,13089.199,354.8
0.2318,-38.45491091410319,0.0,-37.752,13089.199,354.8
0.2369,-38.42099666595459,0.0,-37.752,13089.199,354.8
0.2419,-38.38713010152181,0.0,-37.044,12977.49,354.8
0.2518,-38.32147757212321,0.0,-37.044,12977.49,354.8
0.2569,-38.28757921854655,0.0,-37.044,12977.49,354.8
0.2619,-38.2537047068278,0.0,-37.044,12977.49,354.8
0.2670,-38.21983973185221,0.0,-37.283,12839.15,354.8
0.2779,-38.14758459726969,0.0,-37.283,12839.15,354.8
0.2830,-38.113559087117515,0.0,-37.283,12839.15,354.8
0.2880,-38.07968298594157,0.0,-37.216,12720.85,354.8
0.2968,-38.021240234375,0.0,-37.216,12720.85,354.8
0.3019,-37.98727830251058,0.0,-37.216,12720.85,354.8
0.3085,-37.94323126475016,0.0,-37.533,12604.658,354.8
0.3168,-37.8881311416626,0.0,-37.533,12604.658,354.8
0.3219,-37.85422166188558,0.0,-37.533,12604.658,354.8
0.3270,-37.82024065653483,0.0,-37.533,12604.658,354.8
0.3326,-37.78282483418783,0.0,-37.799,12466.143,354.8
0.3408,-37.728285789489746,0.0,-37.799,12466.143,354.8
0.3459,-37.69431749979655,0.0,-37.799,12466.143,354.8
0.3510,-37.6599645614624,0.0,-37.799,12466.143,354.8
0.3561,-37.62596130371094,0.0,-36.947,12333.076,354.8
0.3648,-37.568116188049316,0.0,-36.947,12333.076,354.8
0.3699,-37.53421147664388,0.0,-36.947,12333.076,354.8
0.3750,-37.50017007191976,0.0,-36.947,12333.076,354.8
0.3801,-37.46628284454346,0.0,-37.84,12196.846,354.8
0.3899,-37.40088303883871,0.0,-37.84,12196.846,354.8
0.3950,-37.36687024434408,0.0,-37.84,12196.846,354.8
0.4001,-37.33293056488037,0.0,-37.125,12088.652,354.8
0.4078,-37.2812302907308,0.0,-37.125,12088.652,354.8
0.4129,-37.247304916381836,0.0,-37.125,12088.652,354.8
0.4180,-37.213335037231445,0.0,-37.125,12088.652,354.8
0.4231,-37.179341316223145,0.0,-36.157,11958.047,354.8
0.4318,-37.121524810791016,0.0,-36.157,11958.047,354.8
0.4374,-37.0840867360433,0.0,-36.157,11958.047,354.8
0.4425,-37.05019315083822,0.0,-36.087,11843.35,354.8
0.4528,-36.981588999430336,0.0,-36.087,11843.35,354.8
0.4578,-36.947689056396484,0.0,-36.087,11843.35,354.8
0.4629,-36.91373348236084,0.0,-35.941,11733.398,354.8
0.4728,-36.84812068939209,0.0,-35.941,11733.398,354.8
0.4779,-36.814212799072266,0.0,-35.941,11733.398,354.8
0.4830,-36.78021272023519,0.0,-35.941,11733.398,354.8
0.4881,-36.74633185068766,0.0,-36.456,11609.912,354.8
0.4969,-36.68750286102295,0.0,-36.456,11609.912,354.8
0.5020,-36.65361404418945,0.0,-36.456,11609.912,354.8
0.5086,-36.609490712483726,0.0,-37.064,11493.281,354.8
0.5148,-36.56777540842692,0.0,-37.064,11493.281,354.8
0.5200,-36.53324921925863,0.0,-37.064,11493.281,354.8
0.5251,-36.499082247416176,0.0,-37.064,11493.281,354.8
0.5303,-36.46493593851725,0.0,-37.247,11358.721,354.8
0.5388,-36.40824317932129,0.0,-37.247,11358.721,354.8
0.5460,-36.36030356089274,0.0,-37.247,11358.721,354.8
0.5510,-36.32640679677328,0.0,-36.256,11246.484,354.8
0.5598,-36.26824220021566,0.0,-36.256,11246.484,354.8
0.5648,-36.234354972839355,0.0,-36.256,11246.484,354.8
0.5699,-36.20047251383463,0.0,-35.71,11138.027,354.8
0.5798,-36.13436539967855,0.0,-35.71,11138.027,354.8
0.5849,-36.10037008921305,0.0,-35.71,11138.027,354.8
0.5900,-36.06645901997884,0.0,-35.315,11027.109,354.8
0.6008,-35.99487622578939,0.0,-35.315,11027.109,354.8
0.6079,-35.947489738464355,0.0,-35.315,11027.109,354.8
0.6130,-35.91355959574381,0.0,-34.333,10922.08,354.8
0.6218,-35.85488478342692,0.0,-34.333,10922.08,354.8
0.6269,-35.82085132598877,0.0,-34.333,10922.08,354.8
0.6320,-35.78667640686035,0.0,-34.333,10922.08,354.8
0.6371,-35.752646128336586,0.0,-34.8,10790.859,354.8
0.6458,-35.69490273793539,0.0,-34.8,10790.859,354.8
0.6509,-35.66099007924398,0.0,-34.8,10790.859,354.8
0.6568,-35.62152703603109,0.0,-35.603,10679.941,354.8
0.6658,-35.56157906850179,0.0,-35.603,10679.941,354.8
0.6709,-35.52759806315104,0.0,-35.603,10679.941,354.8
0.6760,-35.49344221750895,0.0,-35.603,10679.941,354.8
0.6811,-35.4593292872111,0.0,-35.033,10554.521,354.8
0.6898,-35.40155569712321,0.0,-35.033,10554.521,354.8
0.6949,-35.36754131317139,0.0,-35.033,10554.521,354.8
0.7000,-35.333358446756996,0.0,-35.814,10436.221,354.8
0.7108,-35.26155153910319,0.0,-35.814,10436.221,354.8
0.7179,-35.2142333984375,0.0,-35.814,10436.221,354.8
0.7230,-35.180023511250816,0.0,-35.643,10324.512,354.8
0.7318,-35.12154897054037,0.0,-35.643,10324.512,354.8
0.7369,-35.08763472239176,0.0,-35.643,10324.512,354.8
0.7419,-35.054027239481606,0.0,-34.093,10226.602,354.8
0.7518,-34.98821258544922,0.0,-34.093,10226.602,354.8
0.7569,-34.95431900024414,0.0,-34.093,10226.602,354.8
0.7619,-34.92065588633219,0.0,-34.093,10226.602,354.8
0.7675,-34.88328456878662,0.0,-32.353,10114.014,354.8
0.7758,-34.828197161356606,0.0,-32.353,10114.014,354.8
0.7809,-34.79427019755045,0.0,-32.353,10114.014,354.8
0.7859,-34.760378201802574,0.0,-32.545,10012.939,354.8
0.7958,-34.69487508138021,0.0,-32.545,10012.939,354.8
0.8009,-34.66096719106039,0.0,-32.545,10012.939,354.8
0.8074,-34.617249170939125,0.0,-32.545,10012.939,354.8
0.8125,-34.58334763844808,0.0,-32.545,10012.939,354.8
0.8176,-34.54946517944336,0.0,-33.891,9863.086,354.8
0.8259,-34.49429512023926,0.0,-33.891,9863.086,354.8
0.8310,-34.4603157043457,0.0,-33.891,9863.086,354.8
0.8360,-34.4265079498291,0.0,-34.702,9754.277,354.8
0.8429,-34.38040415445963,0.0,-34.702,9754.277,354.8
0.8480,-34.34650262196859,0.0,-34.702,9754.277,354.8
0.8531,-34.31262016296387,0.0,-35.364,9643.623,354.8
0.8630,-34.246838887532554,0.0,-35.364,9643.623,354.8
0.8681,-34.21282450358073,0.0,-35.364,9643.623,354.8
0.8750,-34.16661580403646,0.0,-34.691,9536.572,354.8
0.8840,-34.10690466562907,0.0,-34.691,9536.572,354.8
0.8891,-34.07298882802328,0.0,-34.691,9536.572,354.8
0.8941,-34.039007822672524,0.0,-34.691,9536.572,354.8
0.8993,-34.00483926137289,0.0,-33.47,9418.184,354.8
0.9083,-33.94490877787272,0.0,-33.47,9418.184,354.8
0.9151,-33.899337450663246,0.0,-33.47,9418.184,354.8
0.9202,-33.8654088973999,0.0,-33.257,9312.627,354.8
0.9289,-33.807058334350586,0.0,-33.257,9312.627,354.8
0.9346,-33.7696647644043,0.0,-33.257,9312.627,354.8
0.9396,-33.735761642456055,0.0,-32.388,9217.617,354.8
0.9490,-33.67360909779867,0.0,-32.388,9217.617,354.8
0.9540,-33.6397123336792,0.0,-32.388,9217.617,354.8
0.9591,-33.60583941141764,0.0,-32.388,9217.617,354.8
0.9642,-33.5719633102417,0.0,-29.928,9116.543,354.8
0.9729,-33.513731956481934,0.0,-29.928,9116.543,354.8
0.9780,-33.47983201344808,0.0,-29.928,9116.543,354.8
0.9838,-33.441360791524254,0.0,-31.936,9003.252,354.8
0.9948,-33.367907206217446,0.0,-31.936,9003.252,354.8
0.9999,-33.334007263183594,0.0,-31.936,9003.252,354.8
1.0050,-33.30004851023356,0.0,-33.44,8896.904,354.8
1.0140,-33.23981920878092,0.0,-33.44,8896.904,354.8
1.0192,-33.205506006876625,0.0,-33.44,8896.904,354.8
1.0243,-33.17103068033854,0.0,-33.44,8896.904,354.8
1.0295,-33.136914571126304,0.0,-32.578,8781.943,354.8
1.0380,-33.08033148447672,0.0,-32.578,8781.943,354.8
1.0436,-33.04291248321533,0.0,-32.578,8781.943,354.8
1.0486,-33.009003003438316,0.0,-32.578,8781.943,354.8
1.0537,-32.97511259714762,0.0,-32.626,8676.914,354.8
1.0599,-32.93399175008138,0.0,-32.626,8676.914,354.8
1.0650,-32.900055249532066,0.0,-32.626,8676.914,354.8
1.0701,-32.866174379984535,0.0,-32.668,8576.455,354.8
1.0790,-32.806668281555176,0.0,-32.668,8576.455,354.8
1.0841,-32.772509256998696,0.0,-32.668,8576.455,354.8
1.0892,-32.73851076761881,0.0,-32.266,8476.172,354.8
1.0999,-32.66702016194662,0.0,-32.266,8476.172,354.8
1.1050,-32.63309955596924,0.0,-32.266,8476.172,354.8
1.1116,-32.58926232655843,0.0,-32.266,8476.172,354.8
1.1167,-32.555365562438965,0.0,-31.152,8365.518,354.8
1.1241,-32.50569979349772,0.0,-31.152,8365.518,354.8
1.1292,-32.47178395589193,0.0,-31.152,8365.518,354.8
1.1343,-32.43792215983073,0.0,-31.451,8267.607,354.8
1.1440,-32.37337430318197,0.0,-31.451,8267.607,354.8
1.1498,-32.334632873535156,0.0,-31.451,8267.607,354.8
1.1549,-32.30070432027181,0.0,-31.451,8267.607,354.8
1.1600,-32.26680278778076,0.0,-32.104,8147.461,354.8
1.1680,-32.21365610758463,0.0,-32.104,8147.461,354.8
1.1731,-32.17963536580404,0.0,-32.104,8147.461,354.8
1.1782,-32.14550813039144,0.0,-32.104,8147.461,354.8
1.1833,-32.11150805155436,0.0,-30.987,8039.531,354.8
1.1922,-32.05232938130697,0.0,-30.987,8039.531,354.8
1.1972,-32.01842943827311,0.0,-30.987,8039.531,354.8
1.2040,-31.97344938913981,0.0,-31.77,7937.578,354.8
1.2119,-31.920363108317055,0.0,-31.77,7937.578,354.8
1.2170,-31.886439323425293,0.0,-31.77,7937.578,354.8
1.2221,-31.852474212646484,0.0,-31.77,7937.578,354.8
1.2272,-31.818418502807617,0.0,-32.946,7813.652,354.8
1.2360,-31.76032543182373,0.0,-32.946,7813.652,354.8
1.2410,-31.726404825846352,0.0,-32.946,7813.652,354.8
1.2461,-31.692517598470054,0.0,-32.946,7813.652,354.8
1.2512,-31.65862878163656,0.0,-31.647,7718.994,354.8
1.2573,-31.61778291066488,0.0,-31.647,7718.994,354.8
1.2629,-31.58041477203369,0.0,-31.647,7718.994,354.8
1.2680,-31.546522776285805,0.0,-30.663,7622.842,354.8
1.2779,-31.480673154195152,0.0,-30.663,7622.842,354.8
1.2830,-31.446773211161293,0.0,-30.663,7622.842,354.8
1.2881,-31.412898699442543,0.0,-30.663,7622.842,354.8
1.2931,-31.379024187723793,0.0,-30.58,7511.484,354.8
1.3020,-31.320222218831383,0.0,-30.58,7511.484,354.8
1.3085,-31.276494661966957,0.0,-30.58,7511.484,354.8
1.3142,-31.238910357157387,0.0,-30.58,7511.484,354.8
1.3193,-31.204988161722817,0.0,-29.139,7411.201,354.8
1.3260,-31.160313288370766,0.0,-29.139,7411.201,354.8
1.3310,-31.126413345336914,0.0,-29.139,7411.201,354.8
1.3361,-31.09252611796061,0.0,-27.565,7330.869,354.8
1.3459,-31.02733771006266,0.0,-27.565,7330.869,354.8
1.3510,-30.993431409200035,0.0,-27.565,7330.869,354.8
1.3561,-30.959556897481285,0.0,-27.565,7330.869,354.8
1.3611,-30.925685564676918,0.0,-29.661,7225.488,354.8
1.3673,-30.884769757588707,0.0,-29.661,7225.488,354.8
1.3729,-30.847407976786293,0.0,-29.661,7225.488,354.8
1.3780,-30.81350644429525,0.0,-31.245,7121.602,354.8
1.3879,-30.747016270955406,0.0,-31.245,7121.602,354.8
1.3930,-30.713119506835938,0.0,-31.245,7121.602,354.8
1.3981,-30.679257710774742,0.0,-31.245,7121.602,354.8
1.4032,-30.645302136739097,0.0,-30.112,7016.924,354.8
1.4120,-30.586986541748047,0.0,-30.112,7016.924,354.8
1.4170,-30.55307229359945,0.0,-30.112,7016.924,354.8
1.4240,-30.50654570261637,0.0,-30.74,6914.443,354.8
1.4330,-30.446901321411133,0.0,-30.74,6914.443,354.8
1.4381,-30.412966410319008,0.0,-30.74,6914.443,354.8
1.4431,-30.379077593485512,0.0,-30.74,6914.443,354.8
1.4482,-30.34520149230957,0.0,-30.808,6801.504,354.8
1.4570,-30.28696060180664,0.0,-30.808,6801.504,354.8
1.4620,-30.25305906931559,0.0,-30.808,6801.504,354.8
1.4671,-30.21919091542562,0.0,-30.808,6801.504,354.8
1.4722,-30.185324350992836,0.0,-29.93,6706.406,354.8
1.4810,-30.126970609029136,0.0,-29.93,6706.406,354.8
1.4860,-30.09307861328125,0.0,-29.93,6706.406,354.8
1.4911,-30.059208869934082,0.0,-28.446,6624.229,354.8
1.4990,-30.006769498189293,0.0,-28.446,6624.229,354.8
1.5041,-29.9728520711263,0.0,-28.446,6624.229,354.8
1.5107,-29.9286953608195,0.0,-28.926,6532.383,354.8
1.5191,-29.872795740763348,0.0,-28.926,6532.383,354.8
1.5242,-29.838493665059406,0.0,-28.926,6532.383,354.8
1.5299,-29.80081558227539,0.0,-28.926,6532.383,354.8
1.5350,-29.766720136006672,0.0,-28.391,6432.1,354.8
1.5430,-29.71340338389079,0.0,-28.391,6432.1,354.8
1.5481,-29.679454167683918,0.0,-28.391,6432.1,354.8
1.5532,-29.645541508992512,0.0,-28.391,6432.1,354.8
1.5583,-29.611635208129883,0.0,-28.529,6327.686,354.8
1.5670,-29.553418159484863,0.0,-28.529,6327.686,354.8
1.5721,-29.519483248392742,0.0,-28.529,6327.686,354.8
1.5772,-29.48558171590169,0.0,-27.945,6244.102,354.8
1.5878,-29.414693514506023,0.0,-27.945,6244.102,354.8
1.5929,-29.38067118326823,0.0,-27.945,6244.102,354.8
1.5980,-29.346426328023274,0.0,-27.945,6244.102,354.8
1.6031,-29.312388102213543,0.0,-28.765,6135.381,354.8
1.6110,-29.259970982869465,0.0,-28.765,6135.381,354.8
1.6161,-29.22601540883382,0.0,-28.765,6135.381,354.8
1.6212,-29.192007382710774,0.0,-29.477,6042.656,354.8
1.6310,-29.126612345377605,0.0,-29.477,6042.656,354.8
1.6362,-29.09218629201253,0.0,-29.477,6042.656,354.8
1.6418,-29.054377873738606,0.0,-29.477,6042.656,354.8
1.6469,-29.02041753133138,0.0,-28.603,5951.865,354.8
1.6531,-28.97920290629069,0.0,-28.603,5951.865,354.8
1.6582,-28.945285479227703,0.0,-28.603,5951.865,354.8
1.6633,-28.911368052164715,0.0,-28.603,5951.865,354.8
1.6684,-28.87747605641683,0.0,-27.738,5852.021,354.8
1.6770,-28.820169766743977,0.0,-27.738,5852.021,354.8
1.6821,-28.78623644510905,0.0,-27.738,5852.021,354.8
1.6872,-28.752330144246418,0.0,-27.45,5768.438,354.8
1.6978,-28.681004842122395,0.0,-27.45,5768.438,354.8
1.7030,-28.646570841471355,0.0,-27.45,5768.438,354.8
1.7096,-28.60264301300049,0.0,-27.586,5684.502,354.8
1.7170,-28.553438186645508,0.0,-27.586,5684.502,354.8
1.7221,-28.51948579152425,0.0,-27.586,5684.502,354.8
1.7272,-28.485565185546875,0.0,-27.586,5684.502,354.8
1.7323,-28.451662063598633,0.0,-26.757,5589.492,354.8
1.7410,-28.393516540527344,0.0,-26.757,5589.492,354.8
1.7461,-28.359564145406086,0.0,-26.757,5589.492,354.8
1.7517,-28.322110176086426,0.0,-26.757,5589.492,354.8
1.7568,-28.288183212280273,0.0,-26.636,5498.35,354.8
1.7631,-28.245733578999836,0.0,-26.636,5498.35,354.8
1.7682,-28.211792310078938,0.0,-26.636,5498.35,354.8
1.7733,-28.177887598673504,0.0,-26.636,5498.35,354.8
1.7784,-28.14398447672526,0.0,-27.19,5398.33,354.8
1.7870,-28.086717923482258,0.0,-27.19,5398.33,354.8
1.7921,-28.052706718444824,0.0,-27.19,5398.33,354.8
1.7972,-28.018789291381836,0.0,-26.997,5312.197,354.8
1.8088,-27.941330273946125,0.0,-26.997,5312.197,354.8
1.8154,-27.8976043065389,0.0,-26.997,5312.197,354.8
1.8205,-27.863513628641766,0.0,-26.997,5312.197,354.8
1.8256,-27.829313278198242,0.0,-26.884,5214.375,354.8
1.8320,-27.786736488342285,0.0,-26.884,5214.375,354.8
1.8371,-27.75278886159261,0.0,-26.884,5214.375,354.8
1.8422,-27.718876202901203,0.0,-26.884,5214.375,354.8
1.8473,-27.684974670410156,0.0,-27.065,5110.049,354.8
1.8570,-27.62027104695638,0.0,-27.065,5110.049,354.8
1.8626,-27.582818667093914,0.0,-27.065,5110.049,354.8
1.8677,-27.54874388376872,0.0,-26.742,5026.729,354.8
1.8780,-27.480160395304363,0.0,-26.742,5026.729,354.8
1.8831,-27.446220715840656,0.0,-26.742,5026.729,354.8
1.8882,-27.412225405375164,0.0,-26.742,4944.023,354.8
1.8980,-27.34684149424235,0.0,-26.742,4944.023,354.8
1.9031,-27.312889099121094,0.0,-26.742,4944.023,354.8
1.9097,-27.26860523223877,0.0,-25.609,4863.516,354.8
1.9229,-27.18088150024414,0.0,-25.609,4863.516,354.8
1.9280,-27.14694658915202,0.0,-25.609,4863.516,354.8
1.9330,-27.113056182861328,0.0,-25.091,4787.842,354.8
1.9400,-27.06687132517497,0.0,-25.091,4787.842,354.8
1.9451,-27.03295389811198,0.0,-25.091,4787.842,354.8
1.9501,-26.99906826019287,0.0,-25.091,4787.842,354.8
1.9552,-26.965192159016926,0.0,-24.249,4703.203,354.8
1.9642,-26.905444463094074,0.0,-24.249,4703.203,354.8
1.9693,-26.871546109517414,0.0,-24.249,4703.203,354.8
1.9749,-26.834192276000977,0.0,-23.865,4629.463,354.8
1.9840,-26.773568789164226,0.0,-23.865,4629.463,354.8
1.9890,-26.73967520395915,0.0,-23.865,4629.463,354.8
1.9941,-26.705797513326008,0.0,-23.865,4629.463,354.8
1.9993,-26.67154312133789,0.0,-24.864,4535.947,354.8
2.0080,-26.61357084910075,0.0,-24.864,4535.947,354.8
2.0146,-26.569522221883137,0.0,-24.864,4535.947,354.8
2.0197,-26.535178820292156,0.0,-24.93,4456.055,354.8
2.0299,-26.467572848002117,0.0,-24.93,4456.055,354.8
2.0350,-26.433103879292805,0.0,-24.93,4456.055,354.8
2.0402,-26.398879686991375,0.0,-25.61,4374.229,354.8
2.0490,-26.340176264444988,0.0,-25.61,4374.229,354.8
2.0541,-26.30626042683919,0.0,-25.61,4374.229,354.8
2.0591,-26.272382736206055,0.0,-25.61,4374.229,354.8
2.0642,-26.238512992858887,0.0,-26.22,4277.021,354.8
2.0730,-26.18024190266927,0.0,-26.22,4277.021,354.8
2.0799,-26.13406817118327,0.0,-26.22,4277.021,354.8
2.0850,-26.10017458597819,0.0,-25.045,4203.545,354.8
2.0940,-26.040266354878742,0.0,-25.045,4203.545,354.8
2.0990,-26.00635528564453,0.0,-25.045,4203.545,354.8
2.1041,-25.972477595011394,0.0,-23.567,4136.66,354.8
2.1140,-25.906909306844074,0.0,-23.567,4136.66,354.8
2.1191,-25.872983932495117,0.0,-23.567,4136.66,354.8
2.1241,-25.839099884033203,0.0,-23.567,4136.66,354.8
2.1292,-25.805230140686035,0.0,-23.304,4050.879,354.8
2.1380,-25.746882756551106,0.0,-23.304,4050.879,354.8
2.1431,-25.712982813517254,0.0,-23.304,4050.879,354.8
2.1481,-25.679113070170086,0.0,-23.304,4050.879,354.8
2.1532,-25.6452480951945,0.0,-22.769,3970.02,354.8
2.1620,-25.58649222056071,0.0,-22.769,3970.02,354.8
2.1671,-25.55251121520996,0.0,-22.769,3970.02,354.8
2.1722,-25.518614451090496,0.0,-22.541,3901.289,354.8
2.1820,-25.453564325968426,0.0,-22.541,3901.289,354.8
2.1889,-25.40700912475586,0.0,-22.541,3901.289,354.8
2.1940,-25.37309964497884,0.0,-22.541,3901.289,354.8
2.1992,-25.338964462280273,0.0,-22.203,3825.967,354.8
2.2053,-25.29816468556722,0.0,-22.203,3825.967,354.8
2.2118,-25.254367192586262,0.0,-22.203,3825.967,354.8
2.2169,-25.22047519683838,0.0,-21.742,3759.873,354.8
2.2250,-25.16675631205241,0.0,-21.742,3759.873,354.8
2.2301,-25.13260841369629,0.0,-21.742,3759.873,354.8
2.2352,-25.09857177734375,0.0,-22.38,3685.693,354.8
2.2468,-25.021328926086426,0.0,-22.38,3685.693,354.8
2.2519,-24.98740832010905,0.0,-22.38,3685.693,354.8
2.2570,-24.95345115661621,0.0,-22.38,3685.693,354.8
2.2621,-24.919573465983074,0.0,-22.039,3607.295,354.8
2.2700,-24.866960843404133,0.0,-22.039,3607.295,354.8
2.2750,-24.833067258199055,0.0,-22.039,3607.295,354.8
2.2801,-24.799189567565918,0.0,-22.19,3538.037,354.8
2.2902,-24.732054074605305,0.0,-22.19,3538.037,354.8
2.2953,-24.698076248168945,0.0,-22.19,3538.037,354.8
2.3009,-24.66060479482015,0.0,-22.544,3461.924,354.8
2.3120,-24.586836496988933,0.0,-22.544,3461.924,354.8
2.3171,-24.55288569132487,0.0,-22.544,3461.924,354.8
2.3222,-24.51899528503418,0.0,-22.544,3461.924,354.8
2.3272,-24.485123952229817,0.0,-22.439,3380.186,354.8
2.3360,-24.42683696746826,0.0,-22.439,3380.186,354.8
2.3411,-24.392943382263184,0.0,-22.439,3380.186,354.8
2.3461,-24.359065691630047,0.0,-22.439,3380.186,354.8
2.3517,-24.321754773457844,0.0,-22.37,3299.15,354.8
2.3600,-24.266958236694336,0.0,-22.37,3299.15,354.8
2.3650,-24.23306941986084,0.0,-22.37,3299.15,354.8
2.3701,-24.199193318684895,0.0,-22.16,3230.947,354.8
2.3800,-24.133537610371906,0.0,-22.16,3230.947,354.8
2.3851,-24.09964720408122,0.0,-22.16,3230.947,354.8
2.3901,-24.06577269236247,0.0,-22.16,3230.947,354.8
2.3952,-24.031909306844074,0.0,-21.893,3149.473,354.8
2.4050,-23.966620763142902,0.0,-21.893,3149.473,354.8
2.4121,-23.91920566558838,0.0,-21.893,3149.473,354.8
2.4172,-23.885213534037273,0.0,-21.051,3085.4,354.8
2.4260,-23.826719919840496,0.0,-21.051,3085.4,354.8
2.4311,-23.792757987976074,0.0,-21.051,3085.4,354.8
2.4362,-23.75881512959798,0.0,-20.468,3024.756,354.8
2.4460,-23.693421681722004,0.0,-20.468,3024.756,354.8
2.4511,-23.6594820022583,0.0,-20.468,3024.756,354.8
2.4562,-23.625574111938477,0.0,-20.063,2964.99,354.8
2.4668,-23.554609616597492,0.0,-20.063,2964.99,354.8
2.4719,-23.520677884419758,0.0,-20.063,2964.99,354.8
2.4770,-23.48676363627116,0.0,-20.063,2964.99,354.8
2.4821,-23.452863693237305,0.0,-19.005,2900.391,354.8
2.4900,-23.400147755940754,0.0,-19.005,2900.391,354.8
2.4951,-23.366200129191082,0.0,-19.005,2900.391,354.8
2.5002,-23.33225091298421,0.0,-20.102,2830.43,354.8
2.5100,-23.266345659891766,0.0,-20.102,2830.43,354.8
2.5152,-23.232000668843586,0.0,-20.102,2830.43,354.8
2.5210,-23.193562825520832,0.0,-20.102,2830.43,354.8
2.5261,-23.159435590108234,0.0,-21.187,2758.271,354.8
2.5324,-23.117183049519856,0.0,-21.187,2758.271,354.8
2.5375,-23.08320681254069,0.0,-21.187,2758.271,354.8
2.5426,-23.049278259277344,0.0,-21.187,2758.271,354.8
2.5477,-23.015254338582356,0.0,-20.178,2689.453,354.8
2.5560,-22.960011164347332,0.0,-20.178,2689.453,354.8
2.5611,-22.925675710042317,0.0,-20.178,2689.453,354.8
2.5663,-22.891651789347332,0.0,-19.709,2626.963,354.8
2.5770,-22.81999746958415,0.0,-19.709,2626.963,354.8
2.5821,-22.78608004252116,0.0,-19.709,2626.963,354.8
2.5872,-22.752151489257812,0.0,-20.199,2562.275,354.8
2.5970,-22.68680731455485,0.0,-20.199,2562.275,354.8
2.6021,-22.65283743540446,0.0,-20.199,2562.275,354.8
2.6086,-22.609000205993652,0.0,-20.199,2562.275,354.8
2.6138,-22.574796676635742,0.0,-20.701,2485.371,354.8
2.6210,-22.526850700378418,0.0,-20.701,2485.371,354.8
2.6266,-22.4894380569458,0.0,-20.701,2485.371,354.8
2.6317,-22.455536524454754,0.0,-20.701,2485.371,354.8
2.6368,-22.421663602193195,0.0,-20.75,2419.98,354.8
2.6429,-22.380865414937336,0.0,-20.75,2419.98,354.8
2.6480,-22.346970240275066,0.0,-20.75,2419.98,354.8
2.6530,-22.313097318013508,0.0,-20.75,2419.98,354.8
2.6581,-22.279237111409504,0.0,-19.972,2350.283,354.8
2.6659,-22.227056821187336,0.0,-19.972,2350.283,354.8
2.6710,-22.193199793497723,0.0,-19.972,2350.283,354.8
2.6761,-22.15936501820882,0.0,-19.972,2350.283,354.8
2.6815,-22.12309678395589,0.0,-19.579,2288.408,354.8
2.6873,-22.084965705871582,0.0,-19.579,2288.408,354.8
2.6923,-22.05117384592692,0.0,-19.579,2288.408,354.8
2.6974,-22.017412185668945,0.0,-19.579,2288.408,354.8
2.7025,-21.98365529378255,0.0,-19.408,2218.359,354.8
2.7108,-21.92776362101237,0.0,-19.408,2218.359,354.8
2.7159,-21.893978118896484,0.0,-19.408,2218.359,354.8
2.7210,-21.8602196375529,0.0,-19.408,2218.359,354.8
2.7260,-21.826443672180176,0.0,-18.851,2150.684,354.8
2.7369,-21.754307746887207,0.0,-18.851,2150.684,354.8
2.7419,-21.720539728800457,0.0,-18.851,2150.684,354.8
2.7470,-21.686781247456867,0.0,-19.716,2087.314,354.8
2.7548,-21.63441340128581,0.0,-19.716,2087.314,354.8
2.7599,-21.60063584645589,0.0,-19.716,2087.314,354.8
2.7650,-21.566877365112305,0.0,-19.716,2087.314,354.8
2.7700,-21.53312047322591,0.0,-19.389,2018.584,354.8
2.7788,-21.47436300913493,0.0,-19.389,2018.584,354.8
2.7839,-21.44059658050537,0.0,-19.389,2018.584,354.8
2.7892,-21.405351956685383,0.0,-19.389,2018.584,354.8
2.7943,-21.371577580769856,0.0,-18.719,1960.225,354.8
2.7999,-21.334293683369953,0.0,-18.719,1960.225,354.8
2.8049,-21.300522486368816,0.0,-18.719,1960.225,354.8
2.8114,-21.25726540883382,0.0,-18.719,1902.832,354.8
2.8199,-21.20049794514974,0.0,-18.719,1902.832,354.8
2.8250,-21.166637738545734,0.0,-18.719,1902.832,354.8
2.8301,-21.132779121398926,0.0,-18.719,1902.832,354.8
2.8352,-21.09893798828125,0.0,-18.005,1840.518,354.8
2.8460,-21.026862462361652,0.0,-18.005,1840.518,354.8
2.8511,-20.992968877156574,0.0,-18.005,1840.518,354.8
2.8561,-20.959067344665527,0.0,-17.795,1785.498,354.8
2.8640,-20.906840960184734,0.0,-17.795,1785.498,354.8
2.8691,-20.872952143351238,0.0,-17.795,1785.498,354.8
2.8742,-20.83898385365804,0.0,-17.795,1785.498,354.8
2.8792,-20.80510934193929,0.0,-18.049,1718.701,354.8
2.8880,-20.74685255686442,0.0,-18.049,1718.701,354.8
2.8931,-20.712963740030926,0.0,-18.049,1718.701,354.8
2.8987,-20.675665537516277,0.0,-18.049,1718.701,354.8
2.9037,-20.6417719523112,0.0,-18.188,1652.607,354.8
2.9129,-20.580434799194336,0.0,-18.188,1652.607,354.8
2.9180,-20.54651101430257,0.0,-18.188,1652.607,354.8
2.9231,-20.51263650258382,0.0,-18.214,1596.182,354.8
2.9320,-20.45350710550944,0.0,-18.214,1596.182,354.8
2.9371,-20.419621467590332,0.0,-18.214,1596.182,354.8
2.9421,-20.38575331370036,0.0,-18.214,1596.182,354.8
2.9472,-20.351888338724773,0.0,-17.784,1541.777,354.8
2.9550,-20.300060907999676,0.0,-17.784,1541.777,354.8
2.9601,-20.266170501708984,0.0,-17.784,1541.777,354.8
2.9652,-20.232292811075848,0.0,-17.468,1489.834,354.8
2.9730,-20.180176099141438,0.0,-17.468,1489.834,354.8
2.9781,-20.14621575673421,0.0,-17.468,1489.834,354.8
2.9832,-20.11232852935791,0.0,-17.328,1436.133,354.8
2.9930,-20.046839714050293,0.0,-17.328,1436.133,354.8
2.9981,-20.0129493077596,0.0,-17.328,1436.133,354.8
3.0039,-19.973783493041992,0.0,-17.701,1378.477,354.8
3.0141,-19.906180699666344,0.0,-17.701,1378.477,354.8
3.0192,-19.871795972188316,0.0,-17.701,1378.477,354.8
3.0244,-19.837161699930824,0.0,-17.701,1378.477,354.8
3.0295,-19.803001085917153,0.0,-17.575,1315.283,354.8
3.0380,-19.746689796447754,0.0,-17.575,1315.283,354.8
3.0431,-19.712753295898438,0.0,-17.575,1315.283,354.8
3.0482,-19.67884381612142,0.0,-16.703,1267.734,354.8
3.0609,-19.59411780039469,0.0,-16.703,1267.734,354.8
3.0660,-19.560209910074867,0.0,-16.703,1267.734,354.8
3.0711,-19.526238441467285,0.0,-15.907,1222.119,354.8
3.0780,-19.48012669881185,0.0,-15.907,1222.119,354.8
3.0831,-19.446236292521156,0.0,-15.907,1222.119,354.8
3.0881,-19.412361780802406,0.0,-15.907,1222.119,354.8
3.0932,-19.37849839528402,0.0,-15.165,1169.385,354.8
3.1020,-19.32013829549154,0.0,-15.165,1169.385,354.8
3.1086,-19.27626609802246,0.0,-15.165,1169.385,354.8
3.1142,-19.23881689707438,0.0,-14.341,1128.34,354.8
3.1220,-19.186813036600746,0.0,-14.341,1128.34,354.8
3.1271,-19.152908325195312,0.0,-14.341,1128.34,354.8
3.1321,-19.11902586619059,0.0,-14.341,1128.34,354.8
3.1372,-19.085141817728676,0.0,-15.42,1066.201,354.8
3.1460,-19.026826222737633,0.0,-15.42,1066.201,354.8
3.1511,-18.992932637532554,0.0,-15.42,1066.201,354.8
3.1561,-18.959058125813804,0.0,-15.42,1066.201,354.8
3.1612,-18.92519474029541,0.0,-16.431,1002.656,354.8
3.1741,-18.83950710296631,0.0,-16.431,1002.656,354.8
3.1792,-18.805605570475258,0.0,-16.431,1002.656,354.8
3.1842,-18.771727879842125,0.0,-15.294,960.908,354.8
3.1912,-18.72558275858561,0.0,-15.294,960.908,354.8
3.1962,-18.691681226094566,0.0,-15.294,960.908,354.8
3.2013,-18.657805124918617,0.0,-15.294,960.908,354.8
3.2081,-18.612751960754395,0.0,-14.106,913.623,354.8
3.2150,-18.566741943359375,0.0,-14.106,913.623,354.8
3.2210,-18.526852925618492,0.0,-14.106,913.623,354.8
3.2261,-18.492954572041832,0.0,-13.27,873.281,354.8
3.2360,-18.42688878377279,0.0,-13.27,873.281,354.8
3.2411,-18.39298884073893,0.0,-13.27,873.281,354.8
3.2461,-18.359119097391762,0.0,-13.603,829.6,354.8
3.2560,-18.293563524881996,0.0,-13.603,829.6,354.8
3.2610,-18.259671529134117,0.0,-13.603,829.6,354.8
3.2661,-18.22580019632975,0.0,-13.966,785.391,354.8
3.2780,-18.146913846333824,0.0,-13.966,785.391,354.8
3.2830,-18.113018671671547,0.0,-13.966,785.391,354.8
3.2881,-18.07914892832438,0.0,-13.966,785.391,354.8
3.2932,-18.045283953348793,0.0,-14.259,733.271,354.8
3.3000,-18.00015608469645,0.0,-14.259,733.271,354.8
3.3051,-17.96626408894857,0.0,-14.259,733.271,354.8
3.3116,-17.922612826029457,0.0,-14.062,690.645,354.8
3.3200,-17.866881688435875,0.0,-14.062,690.645,354.8
3.3270,-17.82022794087728,0.0,-14.062,690.645,354.8
3.3321,-17.786327997843422,0.0,-14.062,690.645,354.8
3.3371,-17.75245507558187,0.0,-13.924,640.898,354.8
3.3442,-17.705588340759277,0.0,-13.924,640.898,354.8
3.3492,-17.671688397725426,0.0,-13.924,640.898,354.8
3.3543,-17.63775030771891,0.0,-13.231,603.193,354.8
3.3640,-17.573534647623696,0.0,-13.231,603.193,354.8
3.3691,-17.539642651875816,0.0,-13.231,603.193,354.8
3.3741,-17.505768140157066,0.0,-12.833,565.4,354.8
3.3840,-17.43999163309733,0.0,-12.833,565.4,354.8
3.3891,-17.40610122680664,0.0,-12.833,565.4,354.8
3.3942,-17.372228304545082,0.0,-12.833,565.4,354.8
3.3995,-17.336956659952797,0.0,-12.047,524.18,354.8
3.4080,-17.28001912434896,0.0,-12.047,524.18,354.8
3.4146,-17.23613739013672,0.0,-12.047,524.18,354.8
3.4197,-17.202210426330566,0.0,-11.956,487.441,354.8
3.4280,-17.146832148234047,0.0,-11.956,487.441,354.8
3.4331,-17.11292266845703,0.0,-11.956,487.441,354.8
3.4387,-17.075537045796715,0.0,-11.956,487.441,354.8
3.4438,-17.041641871134438,0.0,-12.039,446.309,354.8
3.4500,-17.00016498565674,0.0,-12.039,446.309,354.8
3.4551,-16.966266632080078,0.0,-12.039,446.309,354.8
3.4601,-16.932373046875,0.0,-12.039,446.309,354.8
3.4652,-16.89847628275553,0.0,-12.136,401.924,354.8
3.4740,-16.84021155039469,0.0,-12.136,401.924,354.8
3.4791,-16.806321144104004,0.0,-12.136,401.924,354.8
3.4841,-16.772452990214028,0.0,-12.065,363.164,354.8
3.4950,-16.69994354248047,0.0,-12.065,363.164,354.8
3.5001,-16.666043599446617,0.0,-12.065,363.164,354.8
3.5071,-16.619648933410645,0.0,-13.238,317.725,354.8
3.5151,-16.566198666890465,0.0,-13.238,317.725,354.8
3.5202,-16.531991958618164,0.0,-13.238,317.725,354.8
3.5253,-16.498055458068848,0.0,-13.238,317.725,354.8
3.5304,-16.464171409606934,0.0,-13.428,269.121,354.8
3.5390,-16.40669345855713,0.0,-13.428,269.121,354.8
3.5441,-16.37277285257975,0.0,-13.428,269.121,354.8
3.5497,-16.335347493489586,0.0,-13.428,269.121,354.8
3.5548,-16.301449139912926,0.0,-12.096,230.713,354.8
3.5630,-16.246725718180336,0.0,-12.096,230.713,354.8
3.5681,-16.21283531188965,0.0,-12.096,230.713,354.8
3.5732,-16.1789608001709,0.0,-10.739,201.797,354.8
3.5830,-16.11327807108561,0.0,-10.739,201.797,354.8
3.5881,-16.079257329305015,0.0,-10.739,201.797,354.8
3.5932,-16.045082410176597,0.0,-10.739,201.797,354.8
3.6000,-16.000157992045082,0.0,-12.048,152.227,354.8
3.6070,-15.953385035196938,0.0,-12.048,152.227,354.8
3.6139,-15.90764045715332,0.0,-12.048,152.227,354.8
3.6190,-15.87329705556234,0.0,-12.337,114.609,354.8
3.6270,-15.819969177246094,0.0,-12.337,114.609,354.8
3.6321,-15.786046981811523,0.0,-12.337,114.609,354.8
3.6372,-15.752164522806801,0.0,-12.337,114.609,354.8
3.6423,-15.718201001485191,0.0,-12.073,71.982,354.8
3.6510,-15.659987131754555,0.0,-12.073,71.982,354.8
3.6578,-15.614371299743652,0.0,-12.073,71.982,354.8
3.6629,-15.580453872680664,0.0,-11.983,34.365,354.8
3.6720,-15.520275433858238,0.0,-11.983,34.365,354.8
3.6770,-15.486373901367188,0.0,-11.983,34.365,354.8
3.6821,-15.452488263448082,0.0,-11.983,34.365,354.8
3.6872,-15.418620109558105,0.0,-12.118,-11.777,354.8
3.6962,-15.358870824178062,0.0,-12.118,-11.777,354.8
3.7013,-15.324972470601402,0.0,-12.118,-11.777,354.8
3.7100,-15.266758600870766,0.0,-12.333,-50.801,354.8
3.7170,-15.220157305399574,0.0,-12.333,-50.801,354.8
3.7221,-15.186251004536949,0.0,-12.333,-50.801,354.8
3.7271,-15.152381261189781,0.0,-12.333,-50.801,354.8
3.7322,-15.11850039164225,0.0,-11.456,-89.561,354.8
3.7410,-15.060178438822426,0.0,-11.456,-89.561,354.8
3.7461,-15.026284853617348,0.0,-11.456,-89.561,354.8
3.7511,-14.99241511027018,0.0,-11.456,-89.561,354.8
3.7562,-14.958545366923012,0.0,-11.456,-89.561,354.8
3.7613,-14.924681981404625,0.0,-11.12,-132.715,354.8
3.7699,-14.867339134216309,0.0,-11.12,-132.715,354.8
3.7750,-14.833366076151528,0.0,-11.12,-132.715,354.8
3.7801,-14.799482027689614,0.0,-10.577,-163.125,354.8
3.7870,-14.753327369689941,0.0,-10.577,-163.125,354.8
3.7921,-14.719328880310059,0.0,-10.577,-163.125,354.8
3.7972,-14.685249328613281,0.0,-10.472,-194.678,354.8
3.8070,-14.619889259338379,0.0,-10.472,-194.678,354.8
3.8136,-14.576136271158852,0.0,-10.472,-194.678,354.8
3.8200,-14.533495903015137,0.0,-10.472,-194.678,354.8
3.8251,-14.499592781066895,0.0,-10.037,-229.658,354.8
3.8312,-14.458619753519692,0.0,-10.037,-229.658,354.8
3.8363,-14.424724578857422,0.0,-10.037,-229.658,354.8
3.8414,-14.390843709309898,0.0,-9.888,-259.717,354.8
3.8510,-14.326670964558922,0.0,-9.888,-259.717,354.8
3.8561,-14.292777379353844,0.0,-9.888,-259.717,354.8
3.8612,-14.258907636006676,0.0,-9.888,-259.717,354.8
3.8662,-14.225025177001953,0.0,-9.922,-296.016,354.8
3.8770,-14.153475761413574,0.0,-9.922,-296.016,354.8
3.8821,-14.119585355122886,0.0,-9.922,-296.016,354.8
3.8871,-14.085710843404136,0.0,-9.922,-296.016,354.8
3.8922,-14.05183951059977,0.0,-9.476,-329.326,354.8
3.8990,-14.006805419921875,0.0,-9.476,-329.326,354.8
3.9041,-13.972908655802406,0.0,-9.476,-329.326,354.8
3.9109,-13.927296002705894,0.0,-9.649,-360.088,354.8
3.9190,-13.873345057169594,0.0,-9.649,-360.088,354.8
3.9260,-13.826850255330406,0.0,-9.649,-360.088,354.8
3.9311,-13.792932828267418,0.0,-9.649,-360.088,354.8
3.9361,-13.759050369262695,0.0,-10.106,-397.793,354.8
3.9430,-13.713274002075195,0.0,-10.106,-397.793,354.8
3.9481,-13.679369290669761,0.0,-10.106,-397.793,354.8
3.9532,-13.64542007446289,0.0,-9.577,-424.951,354.8
3.9630,-13.580001195271812,0.0,-9.577,-424.951,354.8
3.9681,-13.546113967895508,0.0,-9.577,-424.951,354.8
3.9732,-13.512236277262367,0.0,-9.398,-453.604,354.8
3.9830,-13.446558316548668,0.0,-9.398,-453.604,354.8
3.9881,-13.412666320800781,0.0,-9.398,-453.604,354.8
3.9932,-13.378791809082031,0.0,-9.398,-453.604,354.8
3.9983,-13.344920476277672,0.0,-8.635,-481.465,354.8
4.0070,-13.286805152893066,0.0,-8.635,-481.465,354.8
4.0139,-13.24052174886068,0.0,-8.635,-481.465,354.8
4.0191,-13.206110000610352,0.0,-7.33,-498.691,354.8
4.0270,-13.153041203816734,0.0,-7.33,-498.691,354.8
4.0322,-13.118925094604492,0.0,-7.33,-498.691,354.8
4.0379,-13.080999056498207,0.0,-7.33,-498.691,354.8
4.0430,-13.046887715657554,0.0,-7.417,-525.674,354.8
4.0491,-13.005812962849937,0.0,-7.417,-525.674,354.8
4.0542,-12.971906661987305,0.0,-7.417,-525.674,354.8
4.0593,-12.937912940979004,0.0,-7.417,-525.674,354.8
4.0644,-12.90369669596354,0.0,-7.776,-554.678,354.8
4.0730,-12.846361796061196,0.0,-7.776,-554.678,354.8
4.0782,-12.812193234761558,0.0,-7.776,-554.678,354.8
4.0833,-12.778207461039223,0.0,-7.776,-554.678,354.8
4.0889,-12.740564346313477,0.0,-7.218,-577.617,354.8
4.0951,-12.69963264465332,0.0,-7.218,-577.617,354.8
4.1001,-12.665729522705078,0.0,-7.218,-577.617,354.8
4.1067,-12.621846199035645,0.0,-7.218,-577.617,354.8
4.1118,-12.587873140970864,0.0,-7.957,-609.785,354.8
4.1189,-12.540661493937172,0.0,-7.957,-609.785,354.8
4.1241,-12.506316502889,0.0,-7.957,-609.785,354.8
4.1291,-12.472338676452637,0.0,-8.144,-634.922,354.8
4.1391,-12.405756314595543,0.0,-8.144,-634.922,354.8
4.1450,-12.366687456766762,0.0,-8.144,-634.922,354.8
4.1501,-12.332488695780434,0.0,-8.144,-634.922,354.8
4.1552,-12.298458417256676,0.0,-7.01,-653.027,354.8
4.1614,-12.257351875305176,0.0,-7.01,-653.027,354.8
4.1665,-12.223421732584633,0.0,-7.01,-653.027,354.8
4.1716,-12.189531326293945,0.0,-7.01,-653.027,354.8
4.1767,-12.155656814575195,0.0,-6.517,-676.934,354.8
4.1849,-12.100356419881187,0.0,-6.517,-676.934,354.8
4.1900,-12.06641674041748,0.0,-6.517,-676.934,354.8
4.1970,-12.019739151000977,0.0,-7.928,-708.486,354.8
4.2060,-11.9602632522583,0.0,-7.928,-708.486,354.8
4.2126,-11.916062037150063,0.0,-7.928,-708.486,354.8
4.2177,-11.882162094116211,0.0,-8.4,-734.941,354.8
4.2260,-11.82690143585205,0.0,-8.4,-734.941,354.8
4.2310,-11.793007850646973,0.0,-8.4,-734.941,354.8
4.2361,-11.759109497070312,0.0,-8.4,-734.941,354.8
4.2412,-11.72516187032064,0.0,-8.4,-765.791,354.8
4.2510,-11.6601292292277,0.0,-8.4,-765.791,354.8
4.2566,-11.622796058654785,0.0,-8.4,-765.791,354.8
4.2617,-11.588883399963379,0.0,-8.4,-765.791,354.8
4.2667,-11.555008888244629,0.0,-7.711,-787.939,354.8
4.2729,-11.514271100362144,0.0,-7.711,-787.939,354.8
4.2779,-11.480619112650551,0.0,-7.711,-787.939,354.8
4.2830,-11.44672234853109,0.0,-7.711,-787.939,354.8
4.2881,-11.412839889526367,0.0,-6.569,-807.363,354.8
4.2960,-11.360131899515785,0.0,-6.569,-807.363,354.8
4.3011,-11.325979232788086,0.0,-6.569,-807.363,354.8
4.3082,-11.278470357259117,0.0,-5.42,-820.635,354.8
4.3151,-11.232905387878418,0.0,-5.42,-820.635,354.8
4.3205,-11.19675954182943,0.0,-5.42,-820.635,354.8
4.3256,-11.16283734639486,0.0,-5.42,-820.635,354.8
4.3307,-11.128950119018555,0.0,-5.294,-837.773,354.8
4.3370,-11.086963017781578,0.0,-5.294,-837.773,354.8
4.3420,-11.053080558776855,0.0,-5.294,-837.773,354.8
4.3471,-11.019190152486168,0.0,-5.294,-837.773,354.8
4.3522,-10.985323588053383,0.0,-5.434,-858.428,354.8
4.3603,-10.931518872578941,0.0,-5.434,-858.428,354.8
4.3663,-10.891526540120445,0.0,-5.434,-858.428,354.8
4.3714,-10.857607523600258,0.0,-5.434,-858.428,354.8
4.3764,-10.823734601338707,0.0,-5.139,-873.545,354.8
4.3832,-10.778498649597168,0.0,-5.139,-873.545,354.8
4.3883,-10.744609832763672,0.0,-5.139,-873.545,354.8
4.3934,-10.710716247558594,0.0,-4.967,-888.047,354.8
4.4030,-10.646899541219078,0.0,-4.967,-888.047,354.8
4.4095,-10.603132247924805,0.0,-4.967,-888.047,354.8
4.4146,-10.569235483805336,0.0,-4.699,-901.758,354.8
4.4240,-10.506725311279297,0.0,-4.699,-901.758,354.8
4.4291,-10.472830136617027,0.0,-4.699,-901.758,354.8
4.4342,-10.43893814086914,0.0,-4.699,-901.758,354.8
4.4392,-10.405049324035645,0.0,-4.54,-918.809,354.8
4.4480,-10.346976915995278,0.0,-4.54,-918.809,354.8
4.4530,-10.313088099161781,0.0,-4.54,-918.809,354.8
4.4581,-10.279207229614258,0.0,-4.54,-918.809,354.8
4.4632,-10.245339075724281,0.0,-5.38,-942.275,354.8
4.4711,-10.1928981145223,0.0,-5.38,-942.275,354.8
4.4770,-10.153549512227379,0.0,-5.38,-942.275,354.8
4.4821,-10.11963208516439,0.0,-5.38,-942.275,354.8
4.4871,-10.085763931274414,0.0,-6.265,-965.918,354.8
4.4940,-10.040237108866371,0.0,-6.265,-965.918,354.8
4.4991,-10.006027221679688,0.0,-6.265,-965.918,354.8
4.5042,-9.971885681152344,0.0,-6.677,-986.836,354.8
4.5143,-9.904685020446777,0.0,-6.677,-986.836,354.8
4.5195,-9.870154062906899,0.0,-6.677,-986.836,354.8
4.5246,-9.83574390411377,0.0,-6.677,-986.836,354.8
4.5304,-9.797457059224449,0.0,-6.039,-1006.084,354.8
4.5362,-9.75881576538086,0.0,-6.039,-1006.084,354.8
4.5416,-9.722557067871094,0.0,-6.039,-1006.084,354.8
4.5467,-9.688657124837242,0.0,-6.039,-1006.084,354.8
4.5518,-9.654741287231445,0.0,-5.588,-1021.641,354.8
4.5580,-9.613593419392906,0.0,-5.588,-1021.641,354.8
4.5630,-9.579682350158691,0.0,-5.588,-1021.641,354.8
4.5681,-9.545798301696777,0.0,-5.588,-1021.641,354.8
4.5732,-9.511923789978027,0.0,-5.583,-1042.91,354.8
4.5800,-9.466350873311363,0.0,-5.583,-1042.91,354.8
4.5860,-9.426914850870766,0.0,-5.583,-1042.91,354.8
4.5910,-9.393018086751304,0.0,-5.583,-1042.91,354.8
4.5961,-9.359121322631836,0.0,-5.518,-1058.73,354.8
4.6022,-9.318615595499672,0.0,-5.518,-1058.73,354.8
4.6091,-9.27293141682943,0.0,-5.518,-1058.73,354.8
4.6142,-9.238917032877602,0.0,-5.378,-1074.727,354.8
4.6201,-9.199488957722984,0.0,-5.378,-1074.727,354.8
4.6255,-9.163281122843422,0.0,-5.378,-1074.727,354.8
4.6306,-9.129363695780434,0.0,-5.378,-1074.727,354.8
4.6362,-9.091920852661133,0.0,-5.097,-1092.129,354.8
4.6441,-9.039657910664879,0.0,-5.097,-1092.129,354.8
4.6495,-9.003500938415527,0.0,-5.097,-1092.129,354.8
4.6546,-8.969616889953613,0.0,-5.097,-1092.129,354.8
4.6596,-8.935748736063637,0.0,-5.097,-1092.129,354.8
4.6647,-8.90188217163086,0.0,-5.197,-1112.344,354.8
4.6708,-8.861331939697266,0.0,-5.197,-1112.344,354.8
4.6759,-8.82744312286377,0.0,-5.197,-1112.344,354.8
4.6810,-8.79357179005941,0.0,-5.197,-1112.344,354.8
4.6860,-8.759705225626625,0.0,-5.346,-1133.262,354.8
4.6930,-8.713016510009766,0.0,-5.346,-1133.262,354.8
4.6990,-8.673412005106606,0.0,-5.346,-1133.262,354.8
4.7041,-8.639521598815918,0.0,-5.061,-1146.27,354.8
4.7131,-8.579645156860352,0.0,-5.061,-1146.27,354.8
4.7185,-8.543384869893394,0.0,-5.061,-1146.27,354.8
4.7236,-8.509488105773926,0.0,-5.061,-1146.27,354.8
4.7287,-8.475613594055176,0.0,-5.061,-1146.27,354.8
4.7337,-8.441747029622398,0.0,-4.182,-1158.75,354.8
4.7398,-8.40104420979818,0.0,-4.182,-1158.75,354.8
4.7460,-8.359781901041664,0.0,-4.182,-1158.75,354.8
4.7511,-8.32589785257975,0.0,-4.182,-1158.75,354.8
4.7562,-8.292029698689781,0.0,-3.273,-1167.275,354.8
4.7630,-8.246838251749672,0.0,-3.273,-1167.275,354.8
4.7681,-8.212947845458984,0.0,-3.273,-1167.275,354.8
4.7731,-8.179059028625488,0.0,-3.273,-1167.275,354.8
4.7782,-8.145195643107094,0.0,-2.913,-1178.086,354.8
4.7853,-8.098316192626953,0.0,-2.913,-1178.086,354.8
4.7907,-8.062221209208168,0.0,-2.913,-1178.086,354.8
4.7957,-8.028335571289062,0.0,-2.913,-1178.086,354.8
4.8008,-7.994400660196938,0.0,-3.246,-1189.951,354.8
4.8091,-7.939373652140297,0.0,-3.246,-1189.951,354.8
4.8142,-7.905484835306801,0.0,-3.246,-1189.951,354.8
4.8193,-7.871613502502441,0.0,-3.246,-1199.531,354.8
4.8271,-7.819552421569824,0.0,-3.246,-1199.531,354.8
4.8325,-7.783457438151039,0.0,-3.246,-1199.531,354.8
4.8376,-7.749568621317543,0.0,-3.246,-1199.531,354.8
4.8426,-7.715702056884766,0.0,-3.246,-1199.531,354.8
4.8477,-7.681830724080406,0.0,-3.415,-1212.979,354.8
4.8538,-7.641266187032066,0.0,-3.415,-1212.979,354.8
4.8594,-7.6037470499674455,0.0,-3.415,-1212.979,354.8
4.8645,-7.569856643676758,0.0,-3.415,-1212.979,354.8
4.8696,-7.53599007924398,0.0,-3.585,-1226.514,354.8
4.8754,-7.497340838114418,0.0,-3.585,-1226.514,354.8
4.8808,-7.461236317952476,0.0,-3.585,-1226.514,354.8
4.8859,-7.4273554484049455,0.0,-3.585,-1226.514,354.8
4.8910,-7.393488883972168,0.0,-3.254,-1237.061,354.8
4.8991,-7.33947436014811,0.0,-3.254,-1237.061,354.8
4.9045,-7.303363482157387,0.0,-3.254,-1237.061,354.8
4.9113,-7.257863680521645,0.0,-3.254,-1237.061,354.8
4.9170,-7.219956715901695,0.0,-2.827,-1244.883,354.8
4.9232,-7.178993225097656,0.0,-2.827,-1244.883,354.8
4.9282,-7.14508374532064,0.0,-2.827,-1244.883,354.8
4.9333,-7.1112060546875,0.0,-2.827,-1244.883,354.8
4.9384,-7.077342669169106,0.0,-2.907,-1256.924,354.8
4.9451,-7.032960255940758,0.0,-2.907,-1256.924,354.8
4.9505,-6.99683348337809,0.0,-2.907,-1256.924,354.8
4.9556,-6.962946256001793,0.0,-2.907,-1256.924,354.8
4.9606,-6.929078102111816,0.0,-3.324,-1269.141,354.8
4.9664,-6.890616416931152,0.0,-3.324,-1269.141,354.8
4.9723,-6.851181983947754,0.0,-3.324,-1269.141,354.8
4.9774,-6.817291577657066,0.0,-3.324,-1269.141,354.8
4.9825,-6.78342660268148,0.0,-3.559,-1280.654,354.8
4.9886,-6.742860476175942,0.0,-3.559,-1280.654,354.8
4.9937,-6.708973248799644,0.0,-3.559,-1280.654,354.8
4.9987,-6.675020853678383,0.0,-3.559,-1280.654,354.8
5.0038,-6.64114316304525,0.0,-3.975,-1296.826,354.8
5.0120,-6.586464246114097,0.0,-3.975,-1296.826,354.8
5.0172,-6.5522638956705705,0.0,-3.975,-1296.826,354.8
5.0228,-6.514383951822914,0.0,-4.829,-1315.371,354.8
5.0311,-6.459061304728188,0.0,-4.829,-1315.371,354.8
5.0366,-6.422794659932457,0.0,-4.829,-1315.371,354.8
5.0417,-6.3888422648111955,0.0,-4.829,-1315.371,354.8
5.0468,-6.354934374491371,0.0,-5.221,-1332.158,354.8
5.0530,-6.313516298929848,0.0,-5.221,-1332.158,354.8
5.0581,-6.2796195348103865,0.0,-5.221,-1332.158,354.8
5.0631,-6.245694160461426,0.0,-5.221,-1332.158,354.8
5.0682,-6.211810111999512,0.0,-5.221,-1350.879,354.8
5.0790,-6.139987309773765,0.0,-5.221,-1350.879,354.8
5.0841,-6.106052398681641,0.0,-5.221,-1350.879,354.8
5.0892,-6.072131792704262,0.0,-5.153,-1366.963,354.8
5.0951,-6.0326925913492815,0.0,-5.153,-1366.963,354.8
5.1006,-5.99609057108561,0.0,-5.153,-1366.963,354.8
5.1072,-5.951906840006508,0.0,-5.153,-1366.963,354.8
5.1123,-5.917983055114746,0.0,-5.316,-1387.002,354.8
5.1191,-5.872713724772133,0.0,-5.316,-1387.002,354.8
5.1245,-5.8365790049235,0.0,-5.316,-1387.002,354.8
5.1301,-5.799180666605629,0.0,-5.316,-1387.002,354.8
5.1352,-5.765274365743004,0.0,-5.34,-1403.701,354.8
5.1420,-5.720184644063316,0.0,-5.34,-1403.701,354.8
5.1471,-5.686291058858238,0.0,-5.34,-1403.701,354.8
5.1521,-5.652383168538414,0.0,-5.34,-1403.701,354.8
5.1572,-5.618387858072914,0.0,-4.957,-1420.225,354.8
5.1641,-5.572923024495445,0.0,-4.957,-1420.225,354.8
5.1695,-5.536740620930992,0.0,-4.957,-1420.225,354.8
5.1746,-5.502807299296059,0.0,-4.957,-1420.225,354.8
5.1797,-5.468870798746742,0.0,-4.296,-1432.09,354.8
5.1900,-5.400253931681313,0.0,-4.296,-1432.09,354.8
5.1951,-5.366330146789551,0.0,-4.296,-1432.09,354.8
5.2001,-5.332455635070801,0.0,-4.093,-1444.834,354.8
5.2080,-5.28015454610189,0.0,-4.093,-1444.834,354.8
5.2131,-5.2462593714396135,0.0,-4.093,-1444.834,354.8
5.2181,-5.212365786234535,0.0,-4.093,-1444.834,354.8
5.2232,-5.178491274515785,0.0,-4.362,-1461.006,354.8
5.2300,-5.13303597768148,0.0,-4.362,-1461.006,354.8
5.2370,-5.086863835652672,0.0,-4.362,-1461.006,354.8
5.2421,-5.052946408589683,0.0,-4.161,-1474.014,354.8
5.2501,-4.999596277872719,0.0,-4.161,-1474.014,354.8
5.2555,-4.963482220967613,0.0,-4.161,-1474.014,354.8
5.2606,-4.9295806884765625,0.0,-4.161,-1474.014,354.8
5.2657,-4.8956076304117815,0.0,-4.161,-1474.014,354.8
5.2707,-4.8617331186930315,0.0,-4.32,-1489.395,354.8
5.2768,-4.821198781331383,0.0,-4.32,-1489.395,354.8
5.2819,-4.787357648213707,0.0,-4.32,-1489.395,354.8
5.2870,-4.753451347351074,0.0,-3.702,-1498.623,354.8
5.2951,-4.699362119038902,0.0,-3.702,-1498.623,354.8
5.3011,-4.659239451090492,0.0,-3.702,-1498.623,354.8
5.3077,-4.615542093912758,0.0,-2.938,-1504.248,354.8
5.3151,-4.566152890523277,0.0,-2.938,-1504.248,354.8
5.3205,-4.5300420125325545,0.0,-2.938,-1504.248,354.8
5.3256,-4.496111869812012,0.0,-2.938,-1504.248,354.8
5.3307,-4.46223576863607,0.0,-2.67,-1512.861,354.8
5.3370,-4.420317014058433,0.0,-2.67,-1512.861,354.8
5.3420,-4.386423428853355,0.0,-2.67,-1512.861,354.8
5.3476,-4.34905687967936,0.0,-2.67,-1512.861,354.8
5.3527,-4.315155347188316,0.0,-2.397,-1518.662,354.8
5.3588,-4.274498621622719,0.0,-2.397,-1518.662,354.8
5.3639,-4.240589141845703,0.0,-2.397,-1518.662,354.8
5.3690,-4.206714630126953,0.0,-2.397,-1518.662,354.8
5.3741,-4.172827402750649,0.0,-2.792,-1531.055,354.8
5.3800,-4.133041699727379,0.0,-2.792,-1531.055,354.8
5.3855,-4.096935590108238,0.0,-2.792,-1531.055,354.8
5.3905,-4.063053131103516,0.0,-2.792,-1531.055,354.8
5.3956,-4.029145240783691,0.0,-2.554,-1538.789,354.8
5.4020,-3.986353874206543,0.0,-2.554,-1538.789,354.8
5.4094,-3.937101364135742,0.0,-2.554,-1538.789,354.8
5.4145,-3.903179168701172,0.0,-2.374,-1544.326,354.8
5.4221,-3.8528903325398787,0.0,-2.374,-1544.326,354.8
5.4275,-3.8167969385782854,0.0,-2.374,-1544.326,354.8
5.4326,-3.7828779220581055,0.0,-2.374,-1544.326,354.8
5.4377,-3.7489938735961914,0.0,-2.374,-1544.326,354.8
5.4427,-3.7151145935058594,0.0,-2.553,-1554.961,354.8
5.4488,-3.674581845601402,0.0,-2.553,-1554.961,354.8
5.4560,-3.6266613006591797,0.0,-2.553,-1554.961,354.8
5.4611,-3.5927629470825195,0.0,-1.916,-1557.334,354.8
5.4671,-3.5528532663981096,0.0,-1.916,-1557.334,354.8
5.4725,-3.516780535380043,0.0,-1.916,-1557.334,354.8
5.4776,-3.482898076375328,0.0,-1.916,-1557.334,354.8
5.4826,-3.449018796284996,0.0,-2.839,-1573.242,354.8
5.4889,-3.4070046742757185,0.0,-2.839,-1573.242,354.8
5.4940,-3.3731158574422224,0.0,-2.839,-1573.242,354.8
5.4991,-3.339153925577797,0.0,-2.839,-1573.242,354.8
5.5042,-3.305020332336426,0.0,-5.42,-1600.84,354.8
5.5117,-3.2553529739379883,0.0,-5.42,-1600.84,354.8
5.5178,-3.214928309122719,0.0,-5.42,-1600.84,354.8
5.5229,-3.1806723276774065,0.0,-5.834,-1618.154,354.8
5.5311,-3.1259822845458984,0.0,-5.834,-1618.154,354.8
5.5365,-3.0898030598958357,0.0,-5.834,-1618.154,354.8
5.5416,-3.055882453918457,0.0,-5.834,-1618.154,354.8
5.5467,-3.022003173828125,0.0,-5.409,-1632.217,354.8
5.5530,-2.980267206827797,0.0,-5.409,-1632.217,354.8
5.5580,-2.9463863372802734,0.0,-5.409,-1632.217,354.8
5.5631,-2.9124832153320312,0.0,-5.409,-1632.217,354.8
5.5687,-2.875150044759117,0.0,-5.559,-1654.541,354.8
5.5751,-2.8328847885131836,0.0,-5.559,-1654.541,354.8
5.5805,-2.796715100606285,0.0,-5.559,-1654.541,354.8
5.5856,-2.762826283772789,0.0,-5.559,-1654.541,354.8
5.5907,-2.7289247512817383,0.0,-5.559,-1654.541,354.8
5.5957,-2.6950438817342146,0.0,-5.488,-1673.965,354.8
5.6018,-2.6544666290283203,0.0,-5.488,-1673.965,354.8
5.6084,-2.610527674357094,0.0,-5.488,-1673.965,354.8
5.6135,-2.5766007105509416,0.0,-5.488,-1673.965,354.8
5.6192,-2.538865407307945,0.0,-4.457,-1685.742,354.8
5.6253,-2.498103777567543,0.0,-4.457,-1685.742,354.8
5.6304,-2.4641942977905273,0.0,-4.457,-1685.742,354.8
5.6355,-2.430286407470703,0.0,-4.457,-1685.742,354.8
5.6405,-2.3964087168375627,0.0,-3.363,-1694.883,354.8
5.6473,-2.3513921101888045,0.0,-3.363,-1694.883,354.8
5.6527,-2.3152669270833357,0.0,-3.363,-1694.883,354.8
5.6578,-2.2813590367635115,0.0,-3.363,-1694.883,354.8
5.6629,-2.2474638621012346,0.0,-3.085,-1703.145,354.8
5.6690,-2.2069056828816755,0.0,-3.085,-1703.145,354.8
5.6746,-2.1695852279663086,0.0,-3.085,-1703.145,354.8
5.6796,-2.1356757481892927,0.0,-3.085,-1703.145,354.8
5.6847,-2.101778984069824,0.0,-2.991,-1712.9,354.8
5.6910,-2.0601256688435896,0.0,-2.991,-1712.9,354.8
5.6961,-2.026120821634926,0.0,-2.991,-1712.9,354.8
5.7012,-1.9919840494791643,0.0,-2.991,-1712.9,354.8
5.7080,-1.9467989603678362,0.0,-3.287,-1727.051,354.8
5.7138,-1.9081274668375627,0.0,-3.287,-1727.051,354.8
5.7192,-1.871741612752281,0.0,-3.287,-1727.051,354.8
5.7250,-1.833397547403969,0.0,-3.287,-1727.051,354.8
5.7301,-1.7994976043701172,0.0,-4.092,-1742.783,354.8
5.7362,-1.7589855194091797,0.0,-4.092,-1742.783,354.8
5.7412,-1.72509034474691,0.0,-4.092,-1742.783,354.8
5.7463,-1.6911935806274414,0.0,-4.269,-1756.143,354.8
5.7541,-1.6396665573120117,0.0,-4.269,-1756.143,354.8
5.7595,-1.6035668055216448,0.0,-4.269,-1756.143,354.8
5.7645,-1.569676399230957,0.0,-4.269,-1756.143,354.8
5.7696,-1.535782814025879,0.0,-4.269,-1756.143,354.8
5.7747,-1.501913070678711,0.0,-3.869,-1769.238,354.8
5.7841,-1.4395411809285505,0.0,-3.869,-1769.238,354.8
5.7892,-1.4056332906087263,0.0,-3.869,-1769.238,354.8
5.7942,-1.3717349370320662,0.0,-3.418,-1778.73,354.8
5.8001,-1.332944234212242,0.0,-3.418,-1778.73,354.8
5.8069,-1.2870724995931013,0.0,-3.418,-1778.73,354.8
5.8120,-1.2531661987304688,0.0,-3.418,-1778.73,354.8
5.8171,-1.2192773818969727,0.0,-3.781,-1794.463,354.8
5.8260,-1.1602274576822893,0.0,-3.781,-1794.463,354.8
5.8311,-1.1261606216430664,0.0,-3.781,-1794.463,354.8
5.8367,-1.0885604222615584,0.0,-3.781,-1794.463,354.8
5.8418,-1.0546223322550432,0.0,-4.02,-1808.086,354.8
5.8479,-1.0138305028279646,0.0,-4.02,-1808.086,354.8
5.8530,-0.9799067179361955,0.0,-4.02,-1808.086,354.8
5.8581,-0.9460290273030623,0.0,-4.02,-1808.086,354.8
5.8632,-0.9120257695515974,0.0,-4.719,-1828.037,354.8
5.8693,-0.8713817596435547,0.0,-4.719,-1828.037,354.8
5.8747,-0.8352867762247698,0.0,-4.719,-1828.037,354.8
5.8798,-0.8013836542765276,0.0,-4.719,-1828.037,354.8
5.8860,-0.7601944605509416,0.0,-4.646,-1841.836,354.8
5.8920,-0.7196919123331682,0.0,-4.646,-1841.836,354.8
5.8971,-0.6856934229532854,0.0,-4.646,-1841.836,354.8
5.9023,-0.6515089670817034,0.0,-4.646,-1841.836,354.8
5.9089,-0.6073077519734724,0.0,-4.27,-1855.723,354.8
5.9147,-0.5685933430989607,0.0,-4.27,-1855.723,354.8
5.9201,-0.5324252446492537,0.0,-4.27,-1855.723,354.8
5.9252,-0.4984982808431013,0.0,-4.27,-1855.723,354.8
5.9303,-0.4646221796671526,0.0,-4.27,-1855.723,354.8
5.9354,-0.43073495229085523,0.0,-3.218,-1865.566,354.8
5.9451,-0.3661918640136719,0.0,-3.218,-1865.566,354.8
5.9502,-0.3322998682657854,0.0,-3.218,-1865.566,354.8
5.9552,-0.2984142303466797,0.0,-3.118,-1875.234,354.8
5.9611,-0.25959809621175367,0.0,-3.118,-1875.234,354.8
5.9665,-0.22353331247965258,0.0,-3.118,-1875.234,354.8
5.9716,-0.1896301905314104,0.0,-3.118,-1875.234,354.8
5.9766,-0.1557556788126604,0.0,-3.118,-1875.234,354.8
5.9817,-0.12175718943277758,0.0,-3.118,-1886.572,354.8
5.9879,-0.08096059163411695,0.0,-3.118,-1886.572,354.8
5.9950,-0.03315448760986328,0.0,-3.118,-1886.572,354.8
