t_s,cmd_speed_cm_s,cmd_steer_deg,enc_speed_cm_s,enc_cmd_speed_cm_s,yaw_deg
0.0000,5.0,-8.940696716308594e-06,-0.02,-1908.018,354.8
0.0745,5.0,-0.4653230309486389,-0.02,-1908.018,354.8
0.0795,5.0,-0.49710720777511597,0.828,-1901.162,354.8
0.0863,5.0,-0.5394980311393738,0.828,-1901.162,354.8
0.0916,5.0,-0.5724847316741943,0.828,-1901.162,354.8
0.0967,5.0,-0.6042793393135071,0.828,-1901.162,354.8
0.1018,5.0,-0.6360933184623718,2.229,-1887.891,354.8
0.1104,5.0,-0.6899312138557434,2.229,-1887.891,354.8
0.1163,5.0,-0.7271260023117065,2.229,-1887.891,354.8
0.1214,5.0,-0.7589533925056458,2.229,-1887.891,354.8
0.1265,5.0,-0.7907569408416748,2.746,-1877.871,354.8
0.1344,5.0,-0.8400559425354004,2.746,-1877.871,354.8
0.1398,5.0,-0.8738771080970764,2.746,-1877.871,354.8
0.1449,5.0,-0.9056717157363892,2.746,-1877.871,354.8
0.1500,5.0,-0.9374380111694336,2.052,-1874.092,354.8
0.1563,5.0,-0.9770229458808899,2.052,-1874.092,354.8
0.1614,5.0,-1.0087981820106506,2.052,-1874.092,354.8
0.1665,5.0,-1.0405570268630981,2.052,-1874.092,354.8
0.1721,5.0,-1.0756194591522217,1.853,-1868.643,354.8
0.1781,5.0,-1.11321359872818,1.853,-1868.643,354.8
0.1832,5.0,-1.144997775554657,1.853,-1868.643,354.8
0.1883,5.0,-1.1767536401748657,1.853,-1868.643,354.8
0.1934,5.0,-1.2085288763046265,2.259,-1858.008,354.8
0.2013,5.0,-1.2582212686538696,2.259,-1858.008,354.8
0.2079,5.0,-1.2992382049560547,2.259,-1858.008,354.8
0.2130,5.0,-1.33102685213089,2.609,-1849.395,354.8
0.2244,5.0,-1.4026850461959839,2.609,-1849.395,354.8
0.2295,5.0,-1.4344766736030579,2.609,-1849.395,354.8
0.2346,5.0,-1.4662757515907288,2.17,-1844.473,354.8
0.2404,5.0,-1.5026018023490906,2.17,-1844.473,354.8
0.2458,5.0,-1.5364870429039001,2.17,-1844.473,354.8
0.2509,5.0,-1.5682607889175415,2.17,-1844.473,354.8
0.2561,5.0,-1.6005277633666992,2.17,-1844.473,354.8
0.2612,5.0,-1.6323268413543701,1.912,-1838.057,354.8
0.2672,5.0,-1.6699835658073425,1.912,-1838.057,354.8
0.2744,5.0,-1.7150461673736572,1.912,-1838.057,354.8
0.2795,5.0,-1.7468541860580444,1.997,-1831.289,354.8
0.2873,5.0,-1.7958179116249084,1.997,-1831.289,354.8
0.2924,5.0,-1.8278002738952637,1.997,-1831.289,354.8
0.2975,5.0,-1.8596604466438293,1.702,-1827.51,354.8
0.3054,5.0,-1.9088834524154663,1.702,-1827.51,354.8
0.3123,5.0,-1.9521564245224,1.702,-1827.51,354.8
0.3174,5.0,-1.9839704036712646,1.702,-1827.51,354.8
0.3225,5.0,-2.0157381892204285,1.792,-1820.303,354.8
0.3294,5.0,-2.058851718902588,1.792,-1820.303,354.8
0.3348,5.0,-2.0926758646965027,1.792,-1820.303,354.8
0.3399,5.0,-2.124445140361786,2.259,-1811.514,354.8
0.3474,5.0,-2.1713286638259888,2.259,-1811.514,354.8
0.3528,5.0,-2.205173671245575,2.259,-1811.514,354.8
0.3579,5.0,-2.2369474172592163,2.259,-1811.514,354.8
0.3630,5.0,-2.2687092423439026,2.259,-1811.514,354.8
0.3681,5.0,-2.300480008125305,2.961,-1798.242,354.8
0.3741,5.0,-2.338038384914398,2.961,-1798.242,354.8
0.3804,5.0,-2.37748920917511,2.961,-1798.242,354.8
0.3855,5.0,-2.4092644453048706,3.226,-1786.729,354.8
0.3955,5.0,-2.4715885519981384,3.226,-1786.729,354.8
0.4005,5.0,-2.503393590450287,3.226,-1786.729,354.8
0.4071,5.0,-2.544426918029785,3.476,-1774.775,354.8
0.4134,5.0,-2.583913505077362,3.476,-1774.775,354.8
0.4188,5.0,-2.617780864238739,3.476,-1774.775,354.8
0.4239,5.0,-2.6495665311813354,3.476,-1774.775,354.8
0.4290,5.0,-2.68135666847229,4.001,-1758.867,354.8
0.4393,5.0,-2.745795249938965,4.001,-1758.867,354.8
0.4444,5.0,-2.777568995952606,4.001,-1758.867,354.8
0.4495,5.0,-2.8093472123146057,4.001,-1758.867,354.8
0.4546,5.0,-2.841086685657501,3.251,-1749.902,354.8
0.4614,5.0,-2.8838858008384705,3.251,-1749.902,354.8
0.4668,5.0,-2.917708456516266,3.251,-1749.902,354.8
0.4719,5.0,-2.949489653110504,3.251,-1749.902,354.8
0.4770,5.0,-2.981269359588623,3.251,-1749.902,354.8
0.4821,5.0,-3.013022243976593,2.807,-1741.201,354.8
0.4903,5.0,-3.064475953578949,2.807,-1741.201,354.8
0.4954,5.0,-3.0962496995925903,2.807,-1741.201,354.8
0.5005,5.0,-3.1280577182769775,2.233,-1736.104,354.8
0.5084,5.0,-3.177604079246521,2.233,-1736.104,354.8
0.5136,5.0,-3.2097846269607544,2.233,-1736.104,354.8
0.5188,5.0,-3.2422900199890137,2.233,-1736.104,354.8
0.5239,5.0,-3.274397552013397,1.72,-1731.621,354.8
0.5305,5.0,-3.315316140651703,1.72,-1731.621,354.8
0.5359,5.0,-3.3491939306259155,1.72,-1731.621,354.8
0.5424,5.0,-3.3900320529937744,1.72,-1731.621,354.8
0.5475,5.0,-3.4218207001686096,2.546,-1718.086,354.8
0.5563,5.0,-3.477071225643158,2.546,-1718.086,354.8
0.5614,5.0,-3.508879244327545,2.546,-1718.086,354.8
0.5665,5.0,-3.540624678134918,2.546,-1718.086,354.8
0.5716,5.0,-3.572414815425873,3.115,-1705.518,354.8
0.5803,5.0,-3.627064824104309,3.115,-1705.518,354.8
0.5854,5.0,-3.658860921859741,3.115,-1705.518,354.8
0.5905,5.0,-3.690624237060547,3.115,-1705.518,354.8
0.5956,5.0,-3.722400963306427,2.73,-1697.959,354.8
0.6044,5.0,-3.777356445789337,2.73,-1697.959,354.8
0.6109,5.0,-3.818361461162567,2.73,-1697.959,354.8
0.6160,5.0,-3.850238025188446,2.73,-1697.959,354.8
0.6211,5.0,-3.882014751434326,3.056,-1684.775,354.8
0.6273,5.0,-3.92090380191803,3.056,-1684.775,354.8
0.6324,5.0,-3.952696919441223,3.056,-1684.775,354.8
0.6375,5.0,-3.9844676852226257,3.056,-1684.775,354.8
0.6426,5.0,-4.016222059726715,3.476,-1670.889,354.8
0.6534,5.0,-4.083965718746185,3.476,-1670.889,354.8
0.6585,5.0,-4.115758836269379,3.476,-1670.889,354.8
0.6636,5.0,-4.147511720657349,3.476,-1670.889,354.8
0.6687,5.0,-4.179286956787109,3.559,-1657.617,354.8
0.6753,5.0,-4.220825433731079,3.559,-1657.617,354.8
0.6804,5.0,-4.252623021602631,3.559,-1657.617,354.8
0.6855,5.0,-4.284384846687317,3.281,-1649.268,354.8
0.6953,5.0,-4.345917701721191,3.281,-1649.268,354.8
0.7004,5.0,-4.377700388431549,3.281,-1649.268,354.8
0.7070,5.0,-4.418694972991943,3.281,-1649.268,354.8
0.7126,5.0,-4.453714191913605,2.636,-1641.973,354.8
0.7186,5.0,-4.491390287876129,2.636,-1641.973,354.8
0.7237,5.0,-4.523168504238129,2.636,-1641.973,354.8
0.7288,5.0,-4.55494225025177,2.796,-1632.217,354.8
0.7383,5.0,-4.614652693271637,2.796,-1632.217,354.8
0.7434,5.0,-4.64644730091095,2.796,-1632.217,354.8
0.7485,5.0,-4.67820018529892,2.796,-1632.217,354.8
0.7536,5.0,-4.709966480731964,2.783,-1621.406,354.8
0.7633,5.0,-4.770819842815399,2.783,-1621.406,354.8
0.7689,5.0,-4.8058003187179565,2.783,-1621.406,354.8
0.7740,5.0,-4.8375725746154785,2.783,-1621.406,354.8
0.7791,5.0,-4.869349300861359,2.907,-1612.441,354.8
0.7851,5.0,-4.906962811946869,2.907,-1612.441,354.8
0.7902,5.0,-4.938821494579315,2.907,-1612.441,354.8
0.7953,5.0,-4.970616102218628,2.907,-1612.441,354.8
0.8004,5.0,-5.002361536026001,3.202,-1599.346,354.8
0.8083,5.0,-5.052168667316437,3.202,-1599.346,354.8
0.8134,5.0,-5.083960294723511,3.202,-1599.346,354.8
0.8204,5.0,-5.12770414352417,2.806,-1593.193,354.8
0.8293,5.0,-5.183306336402893,2.806,-1593.193,354.8
0.8344,5.0,-5.215102434158325,2.806,-1593.193,354.8
0.8395,5.0,-5.246855318546295,2.806,-1593.193,354.8
0.8446,5.0,-5.27862161397934,2.701,-1581.592,354.8
0.8533,5.0,-5.333307385444641,2.701,-1581.592,354.8
0.8584,5.0,-5.3651005029678345,2.701,-1581.592,354.8
0.8635,5.0,-5.396860837936401,2.701,-1581.592,354.8
0.8686,5.0,-5.42864203453064,3.25,-1570.078,354.8
0.8764,5.0,-5.4776206612586975,3.25,-1570.078,354.8
0.8815,5.0,-5.509418249130249,3.25,-1570.078,354.8
0.8866,5.0,-5.541171133518219,2.399,-1567.793,354.8
0.8943,5.0,-5.58958500623703,2.399,-1567.793,354.8
0.8994,5.0,-5.621349811553955,2.399,-1567.793,354.8
0.9045,5.0,-5.653132498264313,2.399,-1567.793,354.8
0.9110,5.0,-5.693989992141724,1.603,-1563.486,354.8
0.9183,5.0,-5.7396069169044495,1.603,-1563.486,354.8
0.9234,5.0,-5.77138364315033,1.603,-1563.486,354.8
0.9294,5.0,-5.808733403682709,1.627,-1557.598,354.8
0.9393,5.0,-5.870811641216278,1.627,-1557.598,354.8
0.9444,5.0,-5.902601778507233,1.627,-1557.598,354.8
0.9495,5.0,-5.934357643127441,1.627,-1557.598,354.8
0.9546,5.0,-5.966131389141083,4.804,-1526.836,354.8
0.9633,5.0,-6.020832061767578,4.804,-1526.836,354.8
0.9684,5.0,-6.052650511264801,4.804,-1526.836,354.8
0.9735,5.0,-6.084395945072174,4.804,-1526.836,354.8
0.9786,5.0,-6.11615777015686,5.5,-1508.818,354.8
0.9863,5.0,-6.164611876010895,5.5,-1508.818,354.8
0.9914,5.0,-6.196385622024536,5.5,-1508.818,354.8
0.9965,5.0,-6.228165328502655,3.809,-1505.127,354.8
1.0043,5.0,-6.277073919773102,3.809,-1505.127,354.8
1.0109,5.0,-6.318315863609314,3.809,-1505.127,354.8
1.0161,5.0,-6.350409984588623,3.809,-1505.127,354.8
1.0212,5.0,-6.382390856742859,3.677,-1489.746,354.8
1.0283,5.0,-6.427080929279327,3.677,-1489.746,354.8
1.0334,5.0,-6.458863615989685,3.677,-1489.746,354.8
1.0390,5.0,-6.493912637233734,3.677,-1489.746,354.8
1.0441,5.0,-6.525665521621704,3.676,-1478.496,354.8
1.0503,5.0,-6.564533710479736,3.676,-1478.496,354.8
1.0554,5.0,-6.59632682800293,3.676,-1478.496,354.8
1.0605,5.0,-6.6280797123909,3.331,-1469.355,354.8
1.0703,5.0,-6.689624488353729,3.331,-1469.355,354.8
1.0754,5.0,-6.721396744251251,3.331,-1469.355,354.8
1.0805,5.0,-6.753186881542206,3.331,-1469.355,354.8
1.0856,5.0,-6.784945726394653,3.461,-1456.084,354.8
1.0963,5.0,-6.852148473262787,3.461,-1456.084,354.8
1.1014,5.0,-6.883925199508667,3.461,-1456.084,354.8
1.1080,5.0,-6.925086677074432,3.608,-1443.779,354.8
1.1143,5.0,-6.96464478969574,3.608,-1443.779,354.8
1.1194,5.0,-6.996443867683411,3.608,-1443.779,354.8
1.1245,5.0,-7.028265297412872,3.608,-1443.779,354.8
1.1296,5.0,-7.060042023658752,3.882,-1428.486,354.8
1.1385,5.0,-7.115723192691803,3.882,-1428.486,354.8
1.1436,5.0,-7.147519290447235,3.882,-1428.486,354.8
1.1495,5.0,-7.1840837597846985,4.068,-1415.479,354.8
1.1595,5.0,-7.246987521648407,4.068,-1415.479,354.8
1.1646,5.0,-7.278779149055481,4.068,-1415.479,354.8
1.1697,5.0,-7.310539484024048,4.068,-1415.479,354.8
1.1748,5.0,-7.342343032360077,3.996,-1400.713,354.8
1.1835,5.0,-7.397082448005676,3.996,-1400.713,354.8
1.1886,5.0,-7.428859174251556,3.996,-1400.713,354.8
1.1937,5.0,-7.460640370845795,3.996,-1400.713,354.8
1.1988,5.0,-7.492397725582123,3.476,-1392.715,354.8
1.2065,5.0,-7.5407713651657104,3.476,-1392.715,354.8
1.2133,5.0,-7.58301168680191,3.476,-1392.715,354.8
1.2184,5.0,-7.614780962467194,2.489,-1388.496,354.8
1.2245,5.0,-7.652862370014191,2.489,-1388.496,354.8
1.2295,5.0,-7.684645056724548,2.489,-1388.496,354.8
1.2346,5.0,-7.716403901576996,2.489,-1388.496,354.8
1.2397,5.0,-7.748173177242279,2.594,-1377.422,354.8
1.2483,5.0,-7.802098989486694,2.594,-1377.422,354.8
1.2534,5.0,-7.833877205848694,2.594,-1377.422,354.8
1.2590,5.0,-7.868826389312744,2.594,-1377.422,354.8
1.2641,5.0,-7.90061354637146,3.267,-1364.414,354.8
1.2703,5.0,-7.939545810222626,3.267,-1364.414,354.8
1.2754,5.0,-7.971331477165222,3.267,-1364.414,354.8
1.2805,5.0,-8.003087341785431,3.267,-1354.395,354.8
1.2903,5.0,-8.064551651477814,3.267,-1354.395,354.8
1.2954,5.0,-8.096320927143097,3.267,-1354.395,354.8
1.3005,5.0,-8.128073811531067,3.655,-1341.035,354.8
1.3135,5.0,-8.209086954593658,3.655,-1341.035,354.8
1.3185,5.0,-8.240863680839539,3.655,-1341.035,354.8
1.3236,5.0,-8.272641897201538,3.706,-1330.488,354.8
1.3313,5.0,-8.320783078670502,3.706,-1330.488,354.8
1.3364,5.0,-8.352568745613098,3.706,-1330.488,354.8
1.3415,5.0,-8.38431864976883,3.543,-1320.205,354.8
1.3513,5.0,-8.44583511352539,3.543,-1320.205,354.8
1.3564,5.0,-8.477632701396942,3.543,-1320.205,354.8
1.3615,5.0,-8.509425818920135,3.433,-1309.658,354.8
1.3733,5.0,-8.583419024944305,3.433,-1309.658,354.8
1.3784,5.0,-8.615197241306305,3.433,-1309.658,354.8
1.3835,5.0,-8.646976947784424,3.433,-1309.658,354.8
1.3886,5.0,-8.678728342056274,2.663,-1303.418,354.8
1.3963,5.0,-8.727072179317474,2.663,-1303.418,354.8
1.4014,5.0,-8.758862316608429,2.663,-1303.418,354.8
1.4080,5.0,-8.79988968372345,2.663,-1303.418,354.8
1.4131,5.0,-8.831863105297089,2.609,-1292.607,354.8
1.4234,5.0,-8.896023035049438,2.609,-1292.607,354.8
1.4285,5.0,-8.928249776363373,2.609,-1292.607,354.8
1.4337,5.0,-8.960342407226562,3.25,-1280.127,354.8
1.4413,5.0,-9.007897973060608,3.25,-1280.127,354.8
1.4463,5.0,-9.039606153964996,3.25,-1280.127,354.8
1.4514,5.0,-9.071297943592072,3.25,-1280.127,354.8
1.4565,5.0,-9.102997183799744,3.014,-1270.459,354.8
1.4653,5.0,-9.15812999010086,3.014,-1270.459,354.8
1.4704,5.0,-9.189890325069427,3.014,-1270.459,354.8
1.4759,5.0,-9.224370121955872,3.014,-1270.459,354.8
1.4810,5.0,-9.256140887737274,3.409,-1257.275,354.8
1.4870,5.0,-9.29396003484726,3.409,-1257.275,354.8
1.4922,5.0,-9.32614803314209,3.409,-1257.275,354.8
1.4973,5.0,-9.358106553554535,3.682,-1246.025,354.8
1.5064,5.0,-9.41476821899414,3.682,-1246.025,354.8
1.5130,5.0,-9.456533193588257,3.682,-1246.025,354.8
1.5182,5.0,-9.48886126279831,3.682,-1246.025,354.8
1.5234,5.0,-9.521366655826569,3.513,-1233.369,354.8
1.5325,5.0,-9.57808643579483,3.513,-1233.369,354.8
1.5376,5.0,-9.60996001958847,3.513,-1233.369,354.8
1.5427,5.0,-9.641771018505096,3.769,-1221.592,354.8
1.5503,5.0,-9.689667820930481,3.769,-1221.592,354.8
1.5554,5.0,-9.721517562866211,3.769,-1221.592,354.8
1.5605,5.0,-9.753316640853882,3.126,-1214.736,354.8
1.5703,5.0,-9.81467217206955,3.126,-1214.736,354.8
1.5754,5.0,-9.846493601799011,3.126,-1214.736,354.8
1.5805,5.0,-9.878291189670563,3.33,-1202.08,354.8
1.5914,5.0,-9.946005046367645,3.33,-1202.08,354.8
1.5965,5.0,-9.977829456329346,3.33,-1202.08,354.8
1.6015,5.0,-10.009664297103882,3.33,-1202.08,354.8
1.6082,5.0,-10.050991177558899,3.401,-1190.566,354.8
1.6154,5.0,-10.095958411693573,3.401,-1190.566,354.8
1.6205,5.0,-10.127982497215271,3.401,-1190.566,354.8
1.6256,5.0,-10.160285234451294,2.911,-1183.096,354.8
1.6354,5.0,-10.22094041109085,2.911,-1183.096,354.8
1.6410,5.0,-10.25635302066803,2.911,-1183.096,354.8
1.6461,5.0,-10.28817743062973,2.911,-1183.096,354.8
1.6512,5.0,-10.319972038269043,2.908,-1171.846,354.8
1.6593,5.0,-10.370926558971405,2.908,-1171.846,354.8
1.6644,5.0,-10.402725636959076,2.908,-1171.846,354.8
1.6695,5.0,-10.434669256210327,2.908,-1171.846,354.8
1.6747,5.0,-10.46684980392456,3.215,-1159.277,354.8
1.6834,5.0,-10.520969331264496,3.215,-1159.277,354.8
1.6885,5.0,-10.55290699005127,3.215,-1159.277,354.8
1.6936,5.0,-10.585004091262817,3.215,-1159.277,354.8
1.6993,5.0,-10.620394349098206,3.111,-1149.521,354.8
1.7054,5.0,-10.658563673496246,3.111,-1149.521,354.8
1.7120,5.0,-10.699690878391266,3.111,-1149.521,354.8
1.7170,5.0,-10.731491446495056,3.111,-1139.678,354.8
1.7255,5.0,-10.78459918498993,3.111,-1139.678,354.8
1.7306,5.0,-10.816392302513123,3.111,-1139.678,354.8
1.7357,5.0,-10.848164558410645,3.111,-1139.678,354.8
1.7408,5.0,-10.87999939918518,2.681,-1131.768,354.8
1.7516,5.0,-10.947732627391815,2.681,-1131.768,354.8
1.7567,5.0,-10.979530215263367,2.681,-1131.768,354.8
1.7618,5.0,-11.01129949092865,2.502,-1124.648,354.8
1.7695,5.0,-11.059573292732239,2.502,-1124.648,354.8
1.7746,5.0,-11.09137237071991,2.502,-1124.648,354.8
1.7797,5.0,-11.123131215572357,2.502,-1124.648,354.8
1.7848,5.0,-11.155009269714355,2.88,-1112.168,354.8
1.7935,5.0,-11.209632456302643,2.88,-1112.168,354.8
1.7986,5.0,-11.24144196510315,2.88,-1112.168,354.8
1.8037,5.0,-11.273214221000671,3.205,-1100.566,354.8
1.8153,5.0,-11.345867812633514,3.205,-1100.566,354.8
1.8204,5.0,-11.377671360969543,3.205,-1100.566,354.8
1.8255,5.0,-11.409436166286469,3.205,-1100.566,354.8
1.8306,5.0,-11.441202461719513,3.495,-1086.592,354.8
1.8393,5.0,-11.495931446552277,3.495,-1086.592,354.8
1.8444,5.0,-11.527714133262634,3.495,-1086.592,354.8
1.8495,5.0,-11.559474468231201,3.495,-1086.592,354.8
1.8546,5.0,-11.59123182296753,3.822,-1072.705,354.8
1.8633,5.0,-11.645899713039398,3.822,-1072.705,354.8
1.8684,5.0,-11.677682399749756,3.822,-1072.705,354.8
1.8735,5.0,-11.709457635879517,3.901,-1060.752,354.8
1.8813,5.0,-11.758340895175934,3.901,-1060.752,354.8
1.8864,5.0,-11.79010421037674,3.901,-1060.752,354.8
1.8915,5.0,-11.821858584880829,3.901,-1060.752,354.8
1.8966,5.0,-11.853618919849396,3.973,-1046.514,354.8
1.9053,5.0,-11.908331513404846,3.973,-1046.514,354.8
1.9124,5.0,-11.952698230743408,3.973,-1046.514,354.8
1.9175,5.0,-11.98449432849884,3.485,-1037.109,354.8
1.9263,5.0,-12.039592862129211,3.485,-1037.109,354.8
1.9314,5.0,-12.071371078491211,3.485,-1037.109,354.8
1.9365,5.0,-12.103131413459778,3.485,-1037.109,354.8
1.9416,5.0,-12.134888768196106,3.335,-1024.277,354.8
1.9503,5.0,-12.189576029777527,3.335,-1024.277,354.8
1.9554,5.0,-12.2214674949646,3.335,-1024.277,354.8
1.9606,5.0,-12.253643572330475,3.335,-1024.277,354.8
1.9674,5.0,-12.29652315378189,3.921,-1008.105,354.8
1.9743,5.0,-12.339603900909424,3.921,-1008.105,354.8
1.9794,5.0,-12.371410429477692,3.921,-1008.105,354.8
1.9845,5.0,-12.403245270252228,3.921,-1008.105,354.8
1.9896,5.0,-12.435011565685272,3.921,-994.131,354.8
1.9983,5.0,-12.489476799964905,3.921,-994.131,354.8
2.0034,5.0,-12.521262466907501,3.921,-994.131,354.8
2.0100,5.0,-12.562638521194458,4.096,-981.211,354.8
2.0214,5.0,-12.63354867696762,4.096,-981.211,354.8
2.0265,5.0,-12.665548920631409,4.096,-981.211,354.8
2.0316,5.0,-12.69756555557251,4.096,-981.211,354.8
2.0367,5.0,-12.72941678762436,3.313,-972.158,354.8
2.0428,5.0,-12.76734173297882,3.313,-972.158,354.8
2.0479,5.0,-12.799163162708282,3.313,-972.158,354.8
2.0530,5.0,-12.830939888954163,2.971,-963.984,354.8
2.0623,5.0,-12.889532744884491,2.971,-963.984,354.8
2.0674,5.0,-12.92131394147873,2.971,-963.984,354.8
2.0725,5.0,-12.953169643878937,2.971,-963.984,354.8
2.0782,5.0,-12.988591194152832,2.258,-958.623,354.8
2.0863,5.0,-13.039535284042358,2.258,-958.623,354.8
2.0914,5.0,-13.071328401565552,2.258,-958.623,354.8
2.0965,5.0,-13.103096187114716,2.258,-958.623,354.8
2.1016,5.0,-13.134850561618805,1.633,-954.229,354.8
2.1103,5.0,-13.189563155174255,1.633,-954.229,354.8
2.1154,5.0,-13.221360743045807,1.633,-954.229,354.8
2.1205,5.0,-13.253134489059448,1.828,-947.285,354.8
2.1324,5.0,-13.327626883983612,1.828,-947.285,354.8
2.1375,5.0,-13.359417021274567,1.828,-947.285,354.8
2.1426,5.0,-13.391183316707611,2.258,-938.76,354.8
2.1503,5.0,-13.439592719078064,2.258,-938.76,354.8
2.1555,5.0,-13.471660017967224,2.258,-938.76,354.8
2.1606,5.0,-13.50354552268982,2.334,-931.465,354.8
2.1703,5.0,-13.56455683708191,2.334,-931.465,354.8
2.1754,5.0,-13.596338033676147,2.334,-931.465,354.8
2.1805,5.0,-13.628101348876953,2.334,-931.465,354.8
2.1861,5.0,-13.663142919540405,2.125,-924.961,354.8
2.1933,5.0,-13.708291947841644,2.125,-924.961,354.8
2.1984,5.0,-13.740071654319763,2.125,-924.961,354.8
2.2035,5.0,-13.771931827068329,2.114,-918.809,354.8
2.2133,5.0,-13.833378255367279,2.114,-918.809,354.8
2.2184,5.0,-13.865181803703308,2.114,-918.809,354.8
2.2235,5.0,-13.89695405960083,2.114,-918.809,354.8
2.2286,5.0,-13.928791880607605,1.829,-912.041,354.8
2.2404,5.0,-14.002759754657745,1.829,-912.041,354.8
2.2455,5.0,-14.034566283226013,1.829,-912.041,354.8
2.2506,5.0,-14.066332578659058,2.689,-900.879,354.8
2.2583,5.0,-14.114536345005035,2.689,-900.879,354.8
2.2634,5.0,-14.146311581134796,2.689,-900.879,354.8
2.2685,5.0,-14.178067445755005,2.689,-900.879,354.8
2.2736,5.0,-14.209814369678497,2.508,-892.09,354.8
2.2823,5.0,-14.264538884162903,2.508,-892.09,354.8
2.2874,5.0,-14.296318590641022,2.508,-892.09,354.8
2.2925,5.0,-14.32807743549347,2.508,-892.09,354.8
2.2981,5.0,-14.363119006156921,3.266,-878.467,354.8
2.3043,5.0,-14.401991665363312,3.266,-878.467,354.8
2.3109,5.0,-14.44297879934311,3.266,-878.467,354.8
2.3160,5.0,-14.474759995937347,3.025,-871.611,354.8
2.3243,5.0,-14.527073502540588,3.025,-871.611,354.8
2.3294,5.0,-14.558853209018707,3.025,-871.611,354.8
2.3345,5.0,-14.590676128864288,3.025,-871.611,354.8
2.3396,5.0,-14.622439444065094,2.331,-864.316,354.8
2.3504,5.0,-14.690141379833221,2.331,-864.316,354.8
2.3555,5.0,-14.721991121768951,2.331,-864.316,354.8
2.3606,5.0,-14.753761887550354,3.749,-846.65,354.8
2.3683,5.0,-14.802147448062897,3.749,-846.65,354.8
2.3734,5.0,-14.833930134773254,3.749,-846.65,354.8
2.3785,5.0,-14.865683019161224,3.749,-846.65,354.8
2.3836,5.0,-14.897437393665314,3.214,-838.652,354.8
2.3923,5.0,-14.952096343040466,3.214,-838.652,354.8
2.3974,5.0,-14.983870089054108,3.214,-838.652,354.8
2.4025,5.0,-15.015624463558197,3.6,-823.887,354.8
2.4143,5.0,-15.08956253528595,3.6,-823.887,354.8
2.4195,5.0,-15.121640264987946,3.6,-823.887,354.8
2.4245,5.0,-15.153424441814423,3.6,-823.887,354.8
2.4296,5.0,-15.185217559337616,3.758,-810.439,354.8
2.4384,5.0,-15.240208804607391,3.758,-810.439,354.8
2.4436,5.0,-15.27242660522461,3.758,-810.439,354.8
2.4487,5.0,-15.304289758205414,3.585,-799.277,354.8
2.4604,5.0,-15.377773344516754,3.585,-799.277,354.8
2.4655,5.0,-15.409590303897858,3.585,-799.277,354.8
2.4706,5.0,-15.441390872001648,3.585,-799.277,354.8
2.4757,5.0,-15.473157167434692,3.679,-786.006,354.8
2.4823,5.0,-15.514479577541351,3.679,-786.006,354.8
2.4874,5.0,-15.54626077413559,3.679,-786.006,354.8
2.4925,5.0,-15.578018128871918,3.295,-777.568,354.8
2.5023,5.0,-15.639540553092957,3.295,-777.568,354.8
2.5093,5.0,-15.683066844940186,3.295,-777.568,354.8
2.5164,5.0,-15.727680921554565,3.593,-763.77,354.8
2.5244,5.0,-15.777550637722015,3.593,-763.77,354.8
2.5295,5.0,-15.809440612792969,3.593,-763.77,354.8
2.5346,5.0,-15.841226279735565,3.686,-752.08,354.8
2.5445,5.0,-15.903370082378387,3.686,-752.08,354.8
2.5496,5.0,-15.935172140598297,3.686,-752.08,354.8
2.5547,5.0,-15.966938436031342,3.686,-752.08,354.8
2.5598,5.0,-15.998697280883789,4.136,-734.941,354.8
2.5714,5.0,-16.071434319019318,4.136,-734.941,354.8
2.5765,5.0,-16.10332280397415,4.136,-734.941,354.8
2.5816,5.0,-16.135096549987793,4.3,-721.055,354.8
2.5893,5.0,-16.183243691921234,4.3,-721.055,354.8
2.5944,5.0,-16.215020418167114,4.3,-721.055,354.8
2.5995,5.0,-16.24677926301956,4.373,-707.344,354.8
2.6096,5.0,-16.3099005818367,4.373,-707.344,354.8
2.6162,5.0,-16.351419687271118,4.373,-707.344,354.8
2.6224,5.0,-16.38980060815811,3.922,-697.5,354.8
2.6303,5.0,-16.43950343132019,3.922,-697.5,354.8
2.6354,5.0,-16.471292078495026,3.922,-697.5,354.8
2.6405,5.0,-16.503052413463593,3.922,-697.5,354.8
2.6456,5.0,-16.534805297851562,2.801,-690.908,354.8
2.6543,5.0,-16.589486598968506,2.801,-690.908,354.8
2.6594,5.0,-16.62127524614334,2.801,-690.908,354.8
2.6645,5.0,-16.653038561344147,2.801,-690.908,354.8
2.6696,5.0,-16.684788465499878,2.726,-680.625,354.8
2.6813,5.0,-16.75824373960495,2.726,-680.625,354.8
2.6864,5.0,-16.79002344608307,2.726,-680.625,354.8
2.6915,5.0,-16.821885108947754,2.576,-673.418,354.8
2.6993,5.0,-16.87081903219223,2.576,-673.418,354.8
2.7044,5.0,-16.902746260166168,2.576,-673.418,354.8
2.7113,5.0,-16.945603489875793,2.576,-673.418,354.8
2.7164,5.0,-16.977491974830627,1.567,-671.748,354.8
2.7233,5.0,-17.020809650421143,1.567,-671.748,354.8
2.7289,5.0,-17.05586016178131,1.567,-671.748,354.8
2.7340,5.0,-17.087621986865997,1.582,-665.859,354.8
2.7433,5.0,-17.145586013793945,1.582,-665.859,354.8
2.7484,5.0,-17.177297174930573,1.582,-665.859,354.8
2.7534,5.0,-17.208977043628693,1.582,-665.859,354.8
2.7585,5.0,-17.24068820476532,2.995,-648.984,354.8
2.7673,5.0,-17.29539930820465,2.995,-648.984,354.8
2.7723,5.0,-17.3270583152771,2.995,-648.984,354.8
2.7774,5.0,-17.358708381652832,2.995,-648.984,354.8
2.7825,5.0,-17.390356957912445,3.259,-640.107,354.8
2.7903,5.0,-17.439179122447968,3.259,-640.107,354.8
2.7953,5.0,-17.470836639404297,3.259,-640.107,354.8
2.8004,5.0,-17.50248521566391,2.732,-632.637,354.8
2.8083,5.0,-17.551665008068085,2.732,-632.637,354.8
2.8133,5.0,-17.58332997560501,2.732,-632.637,354.8
2.8184,5.0,-17.614983022212982,2.732,-632.637,354.8
2.8235,5.0,-17.646628618240356,3.024,-620.156,354.8
2.8323,5.0,-17.701955139636993,3.024,-620.156,354.8
2.8376,5.0,-17.73506850004196,3.024,-620.156,354.8
2.8427,5.0,-17.76678115129471,3.024,-620.156,354.8
2.8478,5.0,-17.798559367656708,2.39,-614.795,354.8
2.8563,5.0,-17.851677536964417,2.39,-614.795,354.8
2.8613,5.0,-17.88337081670761,2.39,-614.795,354.8
2.8664,5.0,-17.91503131389618,2.15,-606.973,354.8
2.8763,5.0,-17.976705729961395,2.15,-606.973,354.8
2.8813,5.0,-18.008412420749664,2.15,-606.973,354.8
2.8864,5.0,-18.040089309215546,2.15,-606.973,354.8
2.8915,5.0,-18.071776628494263,3.481,-589.834,354.8
2.8993,5.0,-18.1207537651062,3.481,-589.834,354.8
2.9044,5.0,-18.152518570423126,3.481,-589.834,354.8
2.9109,5.0,-18.19334775209427,3.493,-582.012,354.8
2.9173,5.0,-18.23318302631378,3.493,-582.012,354.8
2.9224,5.0,-18.264956772327423,3.493,-582.012,354.8
2.9275,5.0,-18.29673945903778,3.228,-571.992,354.8
2.9373,5.0,-18.35842877626419,3.228,-571.992,354.8
2.9424,5.0,-18.39028298854828,3.228,-571.992,354.8
2.9481,5.0,-18.425527215003967,3.228,-571.992,354.8
2.9532,5.0,-18.457311391830444,2.637,-564.873,354.8
2.9613,5.0,-18.508349359035492,2.637,-564.873,354.8
2.9664,5.0,-18.54013204574585,2.637,-564.873,354.8
2.9715,5.0,-18.571889400482178,2.637,-564.873,354.8
2.9766,5.0,-18.603642284870148,2.707,-554.326,354.8
2.9853,5.0,-18.658290803432465,2.707,-554.326,354.8
2.9904,5.0,-18.690066039562225,2.707,-554.326,354.8
2.9955,5.0,-18.72182786464691,2.746,-544.746,354.8
3.0035,5.0,-18.77167373895645,2.746,-544.746,354.8
3.0107,5.0,-18.817119300365448,2.746,-544.746,354.8
3.0159,5.0,-18.849390745162964,2.746,-544.746,354.8
3.0211,5.0,-18.88183504343033,3.004,-532.969,354.8
3.0294,5.0,-18.93356889486313,3.004,-532.969,354.8
3.0345,5.0,-18.96539330482483,3.004,-532.969,354.8
3.0395,5.0,-18.99717003107071,2.452,-529.365,354.8
3.0493,5.0,-19.058333337306976,2.452,-529.365,354.8
3.0554,5.0,-19.09639984369278,2.452,-529.365,354.8
3.0605,5.0,-19.128312170505524,2.271,-520.84,354.8
3.0703,5.0,-19.1896453499794,2.271,-520.84,354.8
3.0754,5.0,-19.2214697599411,2.271,-520.84,354.8
3.0805,5.0,-19.25324946641922,2.271,-520.84,354.8
3.0856,5.0,-19.285014271736145,3.386,-504.756,354.8
3.0943,5.0,-19.339579343795776,3.386,-504.756,354.8
3.0994,5.0,-19.37136799097061,3.386,-504.756,354.8
3.1045,5.0,-19.403131306171417,2.252,-503.438,354.8
3.1144,5.0,-19.464963674545288,2.252,-503.438,354.8
3.1195,5.0,-19.49704885482788,2.252,-503.438,354.8
3.1246,5.0,-19.52892392873764,2.252,-503.438,354.8
3.1297,5.0,-19.560714066028595,3.264,-485.156,354.8
3.1383,5.0,-19.614605605602264,3.264,-485.156,354.8
3.1434,5.0,-19.646406173706055,3.264,-485.156,354.8
3.1485,5.0,-19.678306579589844,3.264,-485.156,354.8
3.1536,5.0,-19.710102677345276,4.189,-469.16,354.8
3.1653,5.0,-19.783399999141693,4.189,-469.16,354.8
3.1704,5.0,-19.81518715620041,4.189,-469.16,354.8
3.1755,5.0,-19.846947491168976,3.418,-460.898,354.8
3.1833,5.0,-19.89591419696808,3.418,-460.898,354.8
3.1884,5.0,-19.92768794298172,3.418,-460.898,354.8
3.1935,5.0,-19.959473609924316,3.418,-460.898,354.8
3.1986,5.0,-19.991230964660645,3.256,-449.121,354.8
3.2073,5.0,-20.045876502990723,3.256,-449.121,354.8
3.2139,5.0,-20.087048411369324,3.256,-449.121,354.8
3.2195,5.0,-20.122157037258148,2.715,-443.057,354.8
3.2283,5.0,-20.177075266838074,2.715,-443.057,354.8
3.2334,5.0,-20.208853483200073,2.715,-443.057,354.8
3.2385,5.0,-20.2406108379364,2.715,-443.057,354.8
3.2436,5.0,-20.27236521244049,2.281,-435.41,354.8
3.2523,5.0,-20.327095687389374,2.281,-435.41,354.8
3.2574,5.0,-20.358872413635254,2.281,-435.41,354.8
3.2625,5.0,-20.3906312584877,2.281,-435.41,354.8
3.2676,5.0,-20.422378182411194,2.842,-422.578,354.8
3.2763,5.0,-20.477089285850525,2.842,-422.578,354.8
3.2814,5.0,-20.508867502212524,2.842,-422.578,354.8
3.2865,5.0,-20.54062783718109,2.842,-422.578,354.8
3.2916,5.0,-20.572373270988464,3.409,-408.516,354.8
3.3003,5.0,-20.62710076570511,3.409,-408.516,354.8
3.3069,5.0,-20.668038725852966,3.409,-408.516,354.8
3.3120,5.0,-20.699819922447205,3.789,-395.42,354.8
3.3203,5.0,-20.752139389514923,3.789,-395.42,354.8
3.3259,5.0,-20.787133276462555,3.789,-395.42,354.8
3.3310,5.0,-20.81891894340515,3.789,-395.42,354.8
3.3361,5.0,-20.850706100463867,4.255,-379.336,354.8
3.3433,5.0,-20.89589834213257,4.255,-379.336,354.8
3.3484,5.0,-20.927689969539642,4.255,-379.336,354.8
3.3535,5.0,-20.95945179462433,4.362,-365.537,354.8
3.3633,5.0,-21.020829677581787,4.362,-365.537,354.8
3.3684,5.0,-21.052618324756622,4.362,-365.537,354.8
3.3735,5.0,-21.08437716960907,4.362,-365.537,354.8
3.3791,5.0,-21.119394898414612,4.085,-354.375,354.8
3.3851,5.0,-21.15696519613266,4.085,-354.375,354.8
3.3902,5.0,-21.18874490261078,4.085,-354.375,354.8
3.3953,5.0,-21.220484375953674,4.085,-354.375,354.8
3.4004,5.0,-21.252261102199554,3.22,-345.586,354.8
3.4084,5.0,-21.30219042301178,3.22,-345.586,354.8
3.4134,5.0,-21.333976089954376,3.22,-345.586,354.8
3.4185,5.0,-21.365734934806824,3.31,-333.984,354.8
3.4283,5.0,-21.427103877067566,3.31,-333.984,354.8
3.4344,5.0,-21.46497815847397,3.31,-333.984,354.8
3.4395,5.0,-21.49674743413925,3.31,-333.984,354.8
3.4446,5.0,-21.528509259223938,3.805,-319.482,354.8
3.4506,5.0,-21.566209197044373,3.805,-319.482,354.8
3.4557,5.0,-21.59828543663025,3.805,-319.482,354.8
3.4608,5.0,-21.630176901817322,3.805,-319.482,354.8
3.4659,5.0,-21.661972999572754,3.805,-306.475,354.8
3.4743,5.0,-21.714621782302856,3.805,-306.475,354.8
3.4794,5.0,-21.74641191959381,3.805,-306.475,354.8
3.4865,5.0,-21.790315210819244,3.379,-297.598,354.8
3.4953,5.0,-21.845856308937073,3.379,-297.598,354.8
3.5004,5.0,-21.87761664390564,3.379,-297.598,354.8
3.5071,5.0,-21.919165551662445,3.379,-297.598,354.8
3.5122,5.0,-21.951408684253693,2.52,-290.918,354.8
3.5194,5.0,-21.996304392814636,2.52,-290.918,354.8
3.5246,5.0,-22.028540074825287,2.52,-290.918,354.8
3.5297,5.0,-22.06060439348221,2.52,-290.918,354.8
3.5348,5.0,-22.0924973487854,3.02,-277.559,354.8
3.5455,5.0,-22.159063816070557,3.02,-277.559,354.8
3.5505,5.0,-22.190864384174347,3.02,-277.559,354.8
3.5556,5.0,-22.22263365983963,3.2,-268.506,354.8
3.5633,5.0,-22.270861268043518,3.2,-268.506,354.8
3.5684,5.0,-22.30263501405716,3.2,-268.506,354.8
3.5735,5.0,-22.33450710773468,2.632,-262.705,354.8
3.5834,5.0,-22.395966947078705,2.632,-262.705,354.8
3.5884,5.0,-22.42778241634369,2.632,-262.705,354.8
3.5955,5.0,-22.471706569194794,2.806,-252.07,354.8
3.6043,5.0,-22.527122497558594,2.806,-252.07,354.8
3.6109,5.0,-22.568324208259583,2.806,-252.07,354.8
3.6160,5.0,-22.600117325782776,2.806,-252.07,354.8
3.6211,5.0,-22.63190448284149,3.388,-238.008,354.8
3.6283,5.0,-22.677141427993774,3.388,-238.008,354.8
3.6334,5.0,-22.70905077457428,3.388,-238.008,354.8
3.6386,5.0,-22.74109423160553,3.388,-238.008,354.8
3.6437,5.0,-22.772954404354095,3.533,-225.967,354.8
3.6497,5.0,-22.810843586921692,3.533,-225.967,354.8
3.6553,5.0,-22.845858335494995,3.533,-225.967,354.8
3.6604,5.0,-22.877638041973114,3.787,-213.311,354.8
3.6703,5.0,-22.93964773416519,3.787,-213.311,354.8
3.6754,5.0,-22.971421480178833,3.787,-213.311,354.8
3.6805,5.0,-23.003190755844116,3.787,-213.311,354.8
3.6856,5.0,-23.034951090812683,3.161,-204.434,354.8
3.6944,5.0,-23.090282082557678,3.161,-204.434,354.8
3.6996,5.0,-23.122458159923553,3.161,-204.434,354.8
3.7065,5.0,-23.16576838493347,2.641,-197.93,354.8
3.7154,5.0,-23.221056163311005,2.641,-197.93,354.8
3.7205,5.0,-23.252899944782257,2.641,-197.93,354.8
3.7256,5.0,-23.284702003002167,2.641,-197.93,354.8
3.7306,5.0,-23.316486179828644,2.764,-186.24,354.8
3.7394,5.0,-23.37101101875305,2.764,-186.24,354.8
3.7445,5.0,-23.40283691883087,2.764,-186.24,354.8
3.7496,5.0,-23.434734344482422,2.764,-186.24,354.8
3.7546,5.0,-23.466551303863525,2.151,-183.076,354.8
3.7608,5.0,-23.505014181137085,2.151,-183.076,354.8
3.7664,5.0,-23.540139198303223,2.151,-183.076,354.8
3.7715,5.0,-23.571951687335968,2.289,-173.145,354.8
3.7814,5.0,-23.633523285388947,2.289,-173.145,354.8
3.7865,5.0,-23.665331304073334,2.289,-173.145,354.8
3.7915,5.0,-23.69711995124817,2.289,-173.145,354.8
3.7966,5.0,-23.728948831558228,3.513,-156.445,354.8
3.8054,5.0,-23.783573508262634,3.513,-156.445,354.8
3.8120,5.0,-23.825058341026306,3.513,-156.445,354.8
3.8177,5.0,-23.860718309879303,3.442,-146.865,354.8
3.8254,5.0,-23.90853613615036,3.442,-146.865,354.8
3.8305,5.0,-23.940354585647583,3.442,-146.865,354.8
3.8355,5.0,-23.972153663635254,3.442,-146.865,354.8
3.8406,5.0,-24.00393933057785,3.489,-133.242,354.8
3.8494,5.0,-24.058523774147034,3.489,-133.242,354.8
3.8545,5.0,-24.090349674224854,3.489,-133.242,354.8
3.8595,5.0,-24.122174084186554,3.489,-133.242,354.8
3.8646,5.0,-24.153967201709747,3.746,-121.025,354.8
3.8725,5.0,-24.20285791158676,3.746,-121.025,354.8
3.8775,5.0,-24.23466593027115,3.746,-121.025,354.8
3.8826,5.0,-24.266456067562103,3.648,-110.303,354.8
3.8903,5.0,-24.314680695533752,3.648,-110.303,354.8
3.8954,5.0,-24.346494674682617,3.648,-110.303,354.8
3.9005,5.0,-24.37833994626999,3.623,-99.756,354.8
3.9103,5.0,-24.43966269493103,3.623,-99.756,354.8
3.9154,5.0,-24.47148710489273,3.623,-99.756,354.8
3.9205,5.0,-24.503275752067566,3.623,-99.756,354.8
3.9262,5.0,-24.53846037387848,2.705,-94.746,354.8
3.9323,5.0,-24.576732516288757,2.705,-94.746,354.8
3.9374,5.0,-24.608546495437622,2.705,-94.746,354.8
3.9425,5.0,-24.640335142612457,2.705,-94.746,354.8
3.9475,5.0,-24.672117829322815,2.583,-84.551,354.8
3.9553,5.0,-24.72079247236252,2.583,-84.551,354.8
3.9604,5.0,-24.752774834632874,2.583,-84.551,354.8
3.9655,5.0,-24.784572422504425,3.248,-72.07,354.8
3.9753,5.0,-24.845778942108154,3.248,-72.07,354.8
3.9810,5.0,-24.88107830286026,3.248,-72.07,354.8
3.9861,5.0,-24.912887811660767,3.248,-72.07,354.8
3.9911,5.0,-24.94467943906784,3.174,-61.26,354.8
3.9993,5.0,-24.9957874417305,3.174,-61.26,354.8
0.0000,5.0,-25.0,3.174,-61.26,354.8
0.0066,5.0,-25.0,3.341,-49.922,354.8
0.0148,5.0,-25.0,3.341,-49.922,354.8
0.0199,5.0,-25.0,3.341,-49.922,354.8
0.0250,5.0,-25.0,3.341,-49.922,354.8
0.0306,5.0,-25.0,3.604,-36.123,354.8
0.0388,5.0,-25.0,3.604,-36.123,354.8
0.0439,5.0,-25.0,3.604,-36.123,354.8
0.0490,5.0,-25.0,3.604,-36.123,354.8
0.0541,5.0,-25.0,3.604,-22.852,354.8
0.0628,5.0,-25.0,3.604,-22.852,354.8
0.0679,5.0,-25.0,3.604,-22.852,354.8
0.0730,5.0,-25.0,3.604,-12.568,354.8
0.0849,5.0,-25.0,3.604,-12.568,354.8
0.0900,5.0,-25.0,3.604,-12.568,354.8
0.0951,5.0,-25.0,3.001,-5.889,354.8
0.1020,5.0,-25.0,3.001,-5.889,354.8
0.1086,5.0,-25.0,3.001,-5.889,354.8
0.1137,5.0,-25.0,2.811,3.076,354.8
0.1220,5.0,-25.0,2.811,3.076,354.8
0.1271,5.0,-25.0,2.811,3.076,354.8
0.1322,5.0,-25.0,3.195,15.117,354.8
0.1430,5.0,-25.0,3.195,15.117,354.8
0.1481,5.0,-25.0,3.195,15.117,354.8
0.1532,5.0,-25.0,3.195,15.117,354.8
0.1583,5.0,-25.0,2.893,23.555,354.8
0.1670,5.0,-25.0,2.893,23.555,354.8
0.1721,5.0,-25.0,2.893,23.555,354.8
0.1772,5.0,-25.0,2.893,23.555,354.8
0.1823,5.0,-25.0,2.575,32.871,354.8
0.1910,5.0,-25.0,2.575,32.871,354.8
0.1966,5.0,-25.0,2.575,32.871,354.8
0.2017,5.0,-25.0,2.575,32.871,354.8
0.2083,5.0,-25.0,3.131,46.406,354.8
0.2151,5.0,-25.0,3.131,46.406,354.8
0.2201,5.0,-25.0,3.131,46.406,354.8
0.2252,5.0,-25.0,3.131,46.406,354.8
0.2303,5.0,-25.0,2.65,53.438,354.8
0.2390,5.0,-25.0,2.65,53.438,354.8
0.2441,5.0,-25.0,2.65,53.438,354.8
0.2497,5.0,-25.0,2.809,64.6,354.8
0.2590,5.0,-25.0,2.809,64.6,354.8
0.2641,5.0,-25.0,2.809,64.6,354.8
0.2692,5.0,-25.0,2.809,64.6,354.8
0.2743,5.0,-25.0,3.471,78.926,354.8
0.2830,5.0,-25.0,3.471,78.926,354.8
0.2881,5.0,-25.0,3.471,78.926,354.8
0.2932,5.0,-25.0,3.471,78.926,354.8
0.2983,5.0,-25.0,2.504,83.584,354.8
0.3070,5.0,-25.0,2.504,83.584,354.8
0.3136,5.0,-25.0,2.504,83.584,354.8
0.3187,5.0,-25.0,2.504,83.584,354.8
0.3238,5.0,-25.0,3.1,98.701,354.8
0.3310,5.0,-25.0,3.1,98.701,354.8
0.3361,5.0,-25.0,3.1,98.701,354.8
0.3412,5.0,-25.0,3.1,98.701,354.8
0.3463,5.0,-25.0,3.323,110.039,354.8
0.3580,5.0,-25.0,3.323,110.039,354.8
0.3631,5.0,-25.0,3.323,110.039,354.8
0.3682,5.0,-25.0,2.919,118.125,354.8
0.3768,5.0,-25.0,2.919,118.125,354.8
0.3819,5.0,-25.0,2.919,118.125,354.8
0.3870,5.0,-25.0,2.919,118.125,354.8
0.3921,5.0,-25.0,3.291,132.012,354.8
0.4008,5.0,-25.0,3.291,132.012,354.8
0.4074,5.0,-25.0,3.291,132.012,354.8
0.4130,5.0,-25.0,3.072,140.01,354.8
0.4218,5.0,-25.0,3.072,140.01,354.8
0.4269,5.0,-25.0,3.072,140.01,354.8
0.4320,5.0,-25.0,3.072,140.01,354.8
0.4371,5.0,-25.0,2.742,149.766,354.8
0.4458,5.0,-25.0,2.742,149.766,354.8
0.4509,5.0,-25.0,2.742,149.766,354.8
0.4560,5.0,-25.0,2.742,149.766,354.8
0.4611,5.0,-25.0,2.214,155.039,354.8
0.4698,5.0,-25.0,2.214,155.039,354.8
0.4749,5.0,-25.0,2.214,155.039,354.8
0.4800,5.0,-25.0,2.214,155.039,354.8
0.4851,5.0,-25.0,2.723,167.959,354.8
0.4938,5.0,-25.0,2.723,167.959,354.8
0.4989,5.0,-25.0,2.723,167.959,354.8
0.5040,5.0,-25.0,3.125,178.945,354.8
0.5139,5.0,-25.0,3.125,178.945,354.8
0.5196,5.0,-25.0,3.125,178.945,354.8
0.5247,5.0,-25.0,3.125,178.945,354.8
0.5298,5.0,-25.0,3.627,192.041,354.8
0.5368,5.0,-25.0,3.627,192.041,354.8
0.5419,5.0,-25.0,3.627,192.041,354.8
0.5470,5.0,-25.0,2.551,194.941,354.8
0.5568,5.0,-25.0,2.551,194.941,354.8
0.5619,5.0,-25.0,2.551,194.941,354.8
0.5670,5.0,-25.0,2.551,194.941,354.8
0.5728,5.0,-25.0,2.909,207.598,354.8
0.5789,5.0,-25.0,2.909,207.598,354.8
0.5840,5.0,-25.0,2.909,207.598,354.8
0.5892,5.0,-25.0,2.909,207.598,354.8
0.5942,5.0,-25.0,3.326,219.814,354.8
0.6028,5.0,-25.0,3.326,219.814,354.8
0.6094,5.0,-25.0,3.326,219.814,354.8
0.6146,5.0,-25.0,2.347,223.506,354.8
0.6228,5.0,-25.0,2.347,223.506,354.8
0.6285,5.0,-25.0,2.347,223.506,354.8
0.6335,5.0,-25.0,2.347,223.506,354.8
0.6386,5.0,-25.0,2.113,231.943,354.8
0.6468,5.0,-25.0,2.113,231.943,354.8
0.6519,5.0,-25.0,2.113,231.943,354.8
0.6570,5.0,-25.0,2.113,231.943,354.8
0.6621,5.0,-25.0,4.074,253.213,354.8
0.6708,5.0,-25.0,4.074,253.213,354.8
0.6759,5.0,-25.0,4.074,253.213,354.8
0.6816,5.0,-25.0,4.074,264.814,354.8
0.6909,5.0,-25.0,4.074,264.814,354.8
0.6960,5.0,-25.0,4.074,264.814,354.8
0.7011,5.0,-25.0,4.074,264.814,354.8
0.7079,5.0,-25.0,3.923,278.613,354.8
0.7148,5.0,-25.0,3.923,278.613,354.8
0.7199,5.0,-25.0,3.923,278.613,354.8
0.7250,5.0,-25.0,3.92,290.918,354.8
0.7370,5.0,-25.0,3.92,290.918,354.8
0.7421,5.0,-25.0,3.92,290.918,354.8
0.7471,5.0,-25.0,3.92,303.75,354.8
0.7558,5.0,-25.0,3.92,303.75,354.8
0.7609,5.0,-25.0,3.92,303.75,354.8
0.7660,5.0,-25.0,3.92,303.75,354.8
0.7711,5.0,-25.0,3.649,315.352,354.8
0.7798,5.0,-25.0,3.649,315.352,354.8
0.7849,5.0,-25.0,3.649,315.352,354.8
0.7905,5.0,-25.0,3.649,315.352,354.8
0.7956,5.0,-25.0,3.271,324.141,354.8
0.8016,5.0,-25.0,3.271,324.141,354.8
0.8082,5.0,-25.0,3.271,324.141,354.8
0.8133,5.0,-25.0,2.775,331.084,354.8
0.8208,5.0,-25.0,2.775,331.084,354.8
0.8259,5.0,-25.0,2.775,331.084,354.8
0.8310,5.0,-25.0,2.775,331.084,354.8
0.8361,5.0,-25.0,2.775,331.084,354.8
0.8411,5.0,-25.0,2.547,340.137,354.8
0.8489,5.0,-25.0,2.547,340.137,354.8
0.8540,5.0,-25.0,2.547,340.137,354.8
0.8591,5.0,-25.0,2.881,351.035,354.8
0.8668,5.0,-25.0,2.881,351.035,354.8
0.8719,5.0,-25.0,2.881,351.035,354.8
0.8770,5.0,-25.0,2.881,351.035,354.8
0.8821,5.0,-25.0,3.455,365.801,354.8
0.8908,5.0,-25.0,3.455,365.801,354.8
0.8959,5.0,-25.0,3.455,365.801,354.8
0.9015,5.0,-25.0,3.944,379.951,354.8
0.9108,5.0,-25.0,3.944,379.951,354.8
0.9159,5.0,-25.0,3.944,379.951,354.8
0.9210,5.0,-25.0,3.944,379.951,354.8
0.9261,5.0,-25.0,3.77,391.289,354.8
0.9348,5.0,-25.0,3.77,391.289,354.8
0.9399,5.0,-25.0,3.77,391.289,354.8
0.9450,5.0,-25.0,3.77,391.289,354.8
0.9501,5.0,-25.0,2.839,400.43,354.8
0.9610,5.0,-25.0,2.839,400.43,354.8
0.9661,5.0,-25.0,2.839,400.43,354.8
0.9712,5.0,-25.0,3.839,416.426,354.8
0.9798,5.0,-25.0,3.839,416.426,354.8
0.9849,5.0,-25.0,3.839,416.426,354.8
0.9900,5.0,-25.0,3.839,416.426,354.8
0.9951,5.0,-25.0,2.969,422.666,354.8
1.0039,5.0,-25.0,2.969,422.666,354.8
1.0111,5.0,-25.0,2.969,422.666,354.8
1.0162,5.0,-25.0,2.969,422.666,354.8
1.0213,5.0,-25.0,2.225,429.17,354.8
1.0278,5.0,-25.0,2.225,429.17,354.8
1.0329,5.0,-25.0,2.225,429.17,354.8
1.0380,5.0,-25.0,2.225,429.17,354.8
1.0431,5.0,-25.0,3.409,447.275,354.8
1.0518,5.0,-25.0,3.409,447.275,354.8
1.0569,5.0,-25.0,3.409,447.275,354.8
1.0625,5.0,-25.0,3.409,447.275,354.8
1.0676,5.0,-25.0,3.616,459.668,354.8
1.0758,5.0,-25.0,3.616,459.668,354.8
1.0809,5.0,-25.0,3.616,459.668,354.8
1.0860,5.0,-25.0,3.878,473.115,354.8
1.0958,5.0,-25.0,3.878,473.115,354.8
1.1009,5.0,-25.0,3.878,473.115,354.8
1.1074,5.0,-25.0,3.878,473.115,354.8
1.1125,5.0,-25.0,3.419,482.871,354.8
1.1198,5.0,-25.0,3.419,482.871,354.8
1.1249,5.0,-25.0,3.419,482.871,354.8
1.1300,5.0,-25.0,2.739,489.199,354.8
1.1398,5.0,-25.0,2.739,489.199,354.8
1.1449,5.0,-25.0,2.739,489.199,354.8
1.1500,5.0,-25.0,2.739,489.199,354.8
1.1551,5.0,-25.0,2.683,499.57,354.8
1.1638,5.0,-25.0,2.683,499.57,354.8
1.1694,5.0,-25.0,2.683,499.57,354.8
1.1745,5.0,-25.0,2.683,499.57,354.8
1.1796,5.0,-25.0,2.377,505.371,354.8
1.1858,5.0,-25.0,2.377,505.371,354.8
1.1909,5.0,-25.0,2.377,505.371,354.8
1.1960,5.0,-25.0,2.377,505.371,354.8
1.2011,5.0,-25.0,1.88,510.82,354.8
1.2090,5.0,-25.0,1.88,510.82,354.8
1.2141,5.0,-25.0,1.88,510.82,354.8
1.2192,5.0,-25.0,1.88,510.82,354.8
1.2248,5.0,-25.0,2.114,519.434,354.8
1.2308,5.0,-25.0,2.114,519.434,354.8
1.2359,5.0,-25.0,2.114,519.434,354.8
1.2410,5.0,-25.0,3.069,532.617,354.8
1.2508,5.0,-25.0,3.069,532.617,354.8
1.2559,5.0,-25.0,3.069,532.617,354.8
1.2610,5.0,-25.0,3.069,532.617,354.8
1.2661,5.0,-25.0,3.075,542.725,354.8
1.2740,5.0,-25.0,3.075,542.725,354.8
1.2796,5.0,-25.0,3.075,542.725,354.8
1.2847,5.0,-25.0,3.075,542.725,354.8
1.2898,5.0,-25.0,3.33,555.117,354.8
1.2958,5.0,-25.0,3.33,555.117,354.8
1.3009,5.0,-25.0,3.33,555.117,354.8
1.3077,5.0,-25.0,3.646,567.334,354.8
1.3158,5.0,-25.0,3.646,567.334,354.8
1.3209,5.0,-25.0,3.646,567.334,354.8
1.3260,5.0,-25.0,3.646,567.334,354.8
1.3311,5.0,-25.0,3.646,579.023,354.8
1.3389,5.0,-25.0,3.646,579.023,354.8
1.3440,5.0,-25.0,3.646,579.023,354.8
1.3491,5.0,-25.0,3.666,589.57,354.8
1.3560,5.0,-25.0,3.666,589.57,354.8
1.3611,5.0,-25.0,3.666,589.57,354.8
1.3662,5.0,-25.0,3.666,589.57,354.8
1.3713,5.0,-25.0,2.667,593.35,354.8
1.3773,5.0,-25.0,2.667,593.35,354.8
1.3824,5.0,-25.0,2.667,593.35,354.8
1.3880,5.0,-25.0,2.667,593.35,354.8
1.3931,5.0,-25.0,1.962,599.59,354.8
1.4000,5.0,-25.0,1.962,599.59,354.8
1.4066,5.0,-25.0,1.962,599.59,354.8
1.4117,5.0,-25.0,1.962,599.59,354.8
1.4168,5.0,-25.0,3.321,617.08,354.8
1.4240,5.0,-25.0,3.321,617.08,354.8
1.4291,5.0,-25.0,3.321,617.08,354.8
1.4342,5.0,-25.0,3.321,617.08,354.8
1.4398,5.0,-25.0,3.439,627.1,354.8
1.4459,5.0,-25.0,3.439,627.1,354.8
1.4509,5.0,-25.0,3.439,627.1,354.8
1.4560,5.0,-25.0,3.439,627.1,354.8
1.4611,5.0,-25.0,3.633,641.953,354.8
1.4690,5.0,-25.0,3.633,641.953,354.8
1.4741,5.0,-25.0,3.633,641.953,354.8
1.4792,5.0,-25.0,3.633,641.953,354.8
1.4843,5.0,-25.0,3.633,641.953,354.8
1.4893,5.0,-25.0,3.364,653.467,354.8
1.4953,5.0,-25.0,3.364,653.467,354.8
0.0000,5.0,-24.999995529651642,3.364,653.467,354.8
0.0066,5.0,-24.958764016628265,3.083,661.992,354.8
0.0140,5.0,-24.912451207637787,3.083,661.992,354.8
0.0191,5.0,-24.880647659301758,3.083,661.992,354.8
0.0242,5.0,-24.848884344100952,3.083,661.992,354.8
0.0293,5.0,-24.81713443994522,3.083,671.484,354.8
0.0353,5.0,-24.77947324514389,3.083,671.484,354.8
0.0404,5.0,-24.747690558433533,3.083,671.484,354.8
0.0455,5.0,-24.715934693813324,3.083,671.484,354.8
0.0510,5.0,-24.68094527721405,2.367,677.373,354.8
0.0580,5.0,-24.6375173330307,2.367,677.373,354.8
0.0631,5.0,-24.605748057365417,2.367,677.373,354.8
0.0682,5.0,-24.573995172977448,2.367,677.373,354.8
0.0732,5.0,-24.542236328125,2.022,683.965,354.8
0.0820,5.0,-24.487534165382385,2.022,683.965,354.8
0.0871,5.0,-24.455754458904266,2.022,683.965,354.8
0.0922,5.0,-24.42399710416794,2.022,683.965,354.8
0.0972,5.0,-24.392250180244446,2.022,683.965,354.8
0.1023,5.0,-24.360500276088715,2.939,699.434,354.8
0.1107,5.0,-24.308259785175323,2.939,699.434,354.8
0.1158,5.0,-24.276407063007355,2.939,699.434,354.8
0.1209,5.0,-24.24461990594864,3.401,710.684,354.8
0.1270,5.0,-24.206215143203735,3.401,710.684,354.8
0.1321,5.0,-24.17442500591278,3.401,710.684,354.8
0.1372,5.0,-24.142664670944214,3.401,710.684,354.8
0.1423,5.0,-24.110914766788483,3.756,725.801,354.8
0.1510,5.0,-24.056200683116913,3.756,725.801,354.8
0.1569,5.0,-24.019144475460052,3.756,725.801,354.8
0.1620,5.0,-23.98737072944641,3.756,725.801,354.8
0.1671,5.0,-23.955537378787994,4.209,742.5,354.8
0.1750,5.0,-23.906143009662628,4.209,742.5,354.8
0.1801,5.0,-23.874343931674957,4.209,742.5,354.8
0.1852,5.0,-23.842480778694153,4.209,742.5,354.8
0.1903,5.0,-23.81049245595932,4.131,757.002,354.8
0.1990,5.0,-23.75616729259491,4.131,757.002,354.8
0.2041,5.0,-23.724374175071716,4.131,757.002,354.8
0.2116,5.0,-23.67769628763199,4.131,769.57,354.8
0.2190,5.0,-23.631198704242706,4.131,769.57,354.8
0.2241,5.0,-23.599378764629364,4.131,769.57,354.8
0.2292,5.0,-23.56758564710617,4.131,769.57,354.8
0.2343,5.0,-23.535817861557007,3.773,782.139,354.8
0.2430,5.0,-23.481203615665436,3.773,782.139,354.8
0.2481,5.0,-23.44941645860672,3.773,782.139,354.8
0.2532,5.0,-23.417654633522034,3.773,782.139,354.8
0.2583,5.0,-23.385897278785706,4.13,796.641,354.8
0.2658,5.0,-23.338675498962402,4.13,796.641,354.8
0.2709,5.0,-23.306895792484283,4.13,796.641,354.8
0.2760,5.0,-23.275136947631836,4.13,796.641,354.8
0.2811,5.0,-23.243384063243866,3.879,809.385,354.8
0.2871,5.0,-23.20568859577179,3.879,809.385,354.8
0.2922,5.0,-23.17391037940979,3.879,809.385,354.8
0.2973,5.0,-23.1421560049057,3.879,809.385,354.8
0.3023,5.0,-23.11040610074997,4.294,826.963,354.8
0.3110,5.0,-23.056185245513916,4.294,826.963,354.8
0.3166,5.0,-23.02117943763733,4.294,826.963,354.8
0.3217,5.0,-22.989262640476227,3.398,832.5,354.8
0.3310,5.0,-22.93122559785843,3.398,832.5,354.8
0.3361,5.0,-22.899439930915833,3.398,832.5,354.8
0.3412,5.0,-22.867681086063385,3.398,832.5,354.8
0.3463,5.0,-22.835926711559296,2.87,841.641,354.8
0.3550,5.0,-22.781211137771606,2.87,841.641,354.8
0.3601,5.0,-22.749432921409607,2.87,841.641,354.8
0.3669,5.0,-22.706815600395203,2.87,841.641,354.8
0.3720,5.0,-22.675040364265442,2.695,849.727,354.8
0.3780,5.0,-22.637630999088287,2.695,849.727,354.8
0.3831,5.0,-22.60585129261017,2.695,849.727,354.8
0.3881,5.0,-22.574082016944885,2.695,849.727,354.8
0.3932,5.0,-22.542323172092438,2.101,855.352,354.8
0.4010,5.0,-22.493445873260498,2.101,855.352,354.8
0.4076,5.0,-22.452417016029358,2.101,855.352,354.8
0.4127,5.0,-22.420591115951538,2.101,855.352,354.8
0.4178,5.0,-22.388814389705658,1.65,859.307,354.8
0.4238,5.0,-22.351185977458954,1.65,859.307,354.8
0.4294,5.0,-22.31607586145401,1.65,859.307,354.8
0.4345,5.0,-22.284282743930817,1.904,867.129,354.8
0.4432,5.0,-22.230009734630585,1.904,867.129,354.8
0.4483,5.0,-22.198230028152466,1.904,867.129,354.8
0.4534,5.0,-22.166386246681213,1.904,867.129,354.8
0.4585,5.0,-22.134259343147278,2.571,878.643,354.8
0.4672,5.0,-22.07985669374466,2.571,878.643,354.8
0.4723,5.0,-22.048066556453705,2.571,878.643,354.8
0.4779,5.0,-22.013059258461,2.373,883.916,354.8
0.4872,5.0,-21.95485681295395,2.373,883.916,354.8
0.4923,5.0,-21.92307561635971,2.373,883.916,354.8
0.4974,5.0,-21.89130187034607,2.373,883.916,354.8
0.5025,5.0,-21.859320998191833,2.377,894.287,354.8
0.5111,5.0,-21.80558443069458,2.377,894.287,354.8
0.5162,5.0,-21.77349030971527,2.377,894.287,354.8
0.5214,5.0,-21.741370856761932,2.377,894.287,354.8
0.5265,5.0,-21.709392964839935,3.487,910.986,354.8
0.5380,5.0,-21.637582778930664,3.487,910.986,354.8
0.5431,5.0,-21.605780720710754,3.487,910.986,354.8
0.5482,5.0,-21.574006974697113,2.834,915.557,354.8
0.5560,5.0,-21.52498960494995,2.834,915.557,354.8
0.5611,5.0,-21.493200957775116,2.834,915.557,354.8
0.5662,5.0,-21.461431682109833,2.834,915.557,354.8
0.5713,5.0,-21.429668366909027,2.553,925.576,354.8
0.5800,5.0,-21.374982595443726,2.553,925.576,354.8
0.5859,5.0,-21.338064968585968,2.553,925.576,354.8
0.5910,5.0,-21.30628377199173,2.553,925.576,354.8
0.5961,5.0,-21.274524927139282,3.437,940.869,354.8
0.6040,5.0,-21.225084364414215,3.437,940.869,354.8
0.6106,5.0,-21.184030175209045,3.437,940.869,354.8
0.6156,5.0,-21.152253448963165,3.242,949.307,354.8
0.6240,5.0,-21.099957823753357,3.242,949.307,354.8
0.6291,5.0,-21.06817215681076,3.242,949.307,354.8
0.6342,5.0,-21.03637158870697,3.242,949.307,354.8
0.6393,5.0,-21.00459635257721,3.531,961.699,354.8
0.6470,5.0,-20.956456661224365,3.531,961.699,354.8
0.6521,5.0,-20.924675464630127,3.531,961.699,354.8
0.6571,5.0,-20.89291214942932,3.081,969.17,354.8
0.6650,5.0,-20.84384858608246,3.081,969.17,354.8
0.6701,5.0,-20.812062919139862,3.081,969.17,354.8
0.6752,5.0,-20.780296623706818,3.081,969.17,354.8
0.6802,5.0,-20.748524367809296,2.581,975.322,354.8
0.6862,5.0,-20.711033046245575,2.581,975.322,354.8
0.6913,5.0,-20.679238438606262,2.581,975.322,354.8
0.6969,5.0,-20.644235610961914,2.581,975.322,354.8
0.7020,5.0,-20.61239331960678,3.01,988.857,354.8
0.7098,5.0,-20.563679933547974,3.01,988.857,354.8
0.7149,5.0,-20.53188383579254,3.01,988.857,354.8
0.7200,5.0,-20.50011456012726,3.01,988.857,354.8
0.7251,5.0,-20.468345284461975,3.34,1001.074,354.8
0.7338,5.0,-20.413662493228912,3.34,1001.074,354.8
0.7389,5.0,-20.381878316402435,3.34,1001.074,354.8
0.7440,5.0,-20.350107550621033,3.34,1001.074,354.8
0.7496,5.0,-20.315098762512207,3.41,1014.434,354.8
0.7580,5.0,-20.262286067008972,3.41,1014.434,354.8
0.7631,5.0,-20.230501890182495,3.41,1014.434,354.8
0.7682,5.0,-20.198743045330048,3.41,1014.434,354.8
0.7733,5.0,-20.16698569059372,3.584,1027.529,354.8
0.7820,5.0,-20.112411677837372,3.584,1027.529,354.8
0.7871,5.0,-20.080626010894775,3.584,1027.529,354.8
0.7922,5.0,-20.04886418581009,3.345,1036.67,354.8
0.8042,5.0,-19.974009692668915,3.345,1036.67,354.8
0.8109,5.0,-19.931751489639282,3.345,1036.67,354.8
0.8160,5.0,-19.89997625350952,3.636,1049.941,354.8
0.8228,5.0,-19.85732614994049,3.636,1049.941,354.8
0.8279,5.0,-19.825546443462372,3.636,1049.941,354.8
0.8330,5.0,-19.793789088726044,3.636,1049.941,354.8
0.8381,5.0,-19.762025773525238,3.942,1065.498,354.8
0.8468,5.0,-19.707340002059937,3.942,1065.498,354.8
0.8519,5.0,-19.67555284500122,3.942,1065.498,354.8
0.8575,5.0,-19.640515744686127,3.942,1065.498,354.8
0.8626,5.0,-19.60873454809189,4.279,1080.352,354.8
0.8686,5.0,-19.571131467819214,4.279,1080.352,354.8
0.8737,5.0,-19.539353251457214,4.279,1080.352,354.8
0.8788,5.0,-19.507592916488647,3.53,1086.504,354.8
0.8878,5.0,-19.45115327835083,3.53,1086.504,354.8
0.8929,5.0,-19.41932737827301,3.53,1086.504,354.8
0.8980,5.0,-19.38730925321579,3.53,1086.504,354.8
0.9031,5.0,-19.35552805662155,2.824,1096.699,354.8
0.9138,5.0,-19.288605451583862,2.824,1096.699,354.8
0.9189,5.0,-19.25670951604843,2.824,1096.699,354.8
0.9240,5.0,-19.22469139099121,3.365,1108.828,354.8
0.9318,5.0,-19.176235795021057,3.365,1108.828,354.8
0.9369,5.0,-19.144512712955475,3.365,1108.828,354.8
0.9419,5.0,-19.11281645298004,3.365,1108.828,354.8
0.9470,5.0,-19.08111572265625,2.473,1113.311,354.8
0.9558,5.0,-19.026096165180206,2.473,1113.311,354.8
0.9629,5.0,-18.981945514678955,2.473,1113.311,354.8
0.9680,5.0,-18.95013302564621,2.473,1113.311,354.8
0.9731,5.0,-18.91835927963257,1.78,1118.496,354.8
0.9798,5.0,-18.876048922538757,1.78,1118.496,354.8
0.9849,5.0,-18.844260275363922,1.78,1118.496,354.8
0.9900,5.0,-18.812502920627594,2.093,1127.988,354.8
0.9998,5.0,-18.751002848148346,2.093,1127.988,354.8
1.0050,5.0,-18.719041347503662,2.093,1127.988,354.8
1.0116,5.0,-18.677200376987457,2.093,1127.988,354.8
1.0173,5.0,-18.64161044359207,4.958,1155.938,354.8
1.0239,5.0,-18.60063523054123,4.958,1155.938,354.8
1.0290,5.0,-18.568798899650574,4.958,1155.938,354.8
1.0341,5.0,-18.537011742591858,5.195,1171.143,354.8
1.0438,5.0,-18.476054072380066,5.195,1171.143,354.8
1.0489,5.0,-18.44426989555359,5.195,1171.143,354.8
1.0540,5.0,-18.412509560585022,5.195,1171.143,354.8
1.0591,5.0,-18.380750715732574,3.123,1174.834,354.8
1.0688,5.0,-18.319836258888245,3.123,1174.834,354.8
1.0744,5.0,-18.284834921360016,3.123,1174.834,354.8
1.0795,5.0,-18.25304478406906,3.123,1174.834,354.8
1.0846,5.0,-18.221278488636017,3.698,1191.357,354.8
1.0907,5.0,-18.183259665966034,3.698,1191.357,354.8
1.0958,5.0,-18.1514710187912,3.698,1191.357,354.8
1.1009,5.0,-18.119636178016663,3.698,1191.357,354.8
1.1074,5.0,-18.078674376010895,3.299,1199.971,354.8
1.1138,5.0,-18.03857535123825,3.299,1199.971,354.8
1.1189,5.0,-18.00677627325058,3.299,1199.971,354.8
1.1259,5.0,-17.96288937330246,2.449,1205.859,354.8
1.1340,5.0,-17.91239231824875,2.449,1205.859,354.8
1.1391,5.0,-17.88061410188675,2.449,1205.859,354.8
1.1442,5.0,-17.84883886575699,2.449,1205.859,354.8
1.1493,5.0,-17.817014455795288,3.149,1218.691,354.8
1.1553,5.0,-17.779116332530975,3.149,1218.691,354.8
1.1604,5.0,-17.747318744659424,3.149,1218.691,354.8
1.1655,5.0,-17.715562880039215,3.149,1218.691,354.8
1.1706,5.0,-17.683804035186768,3.149,1218.691,354.8
1.1757,5.0,-17.652040719985962,2.934,1230.029,354.8
1.1820,5.0,-17.612382769584656,2.934,1230.029,354.8
1.1876,5.0,-17.57739931344986,2.934,1230.029,354.8
1.1928,5.0,-17.545218765735626,3.088,1240.576,354.8
1.2032,5.0,-17.480306327342987,3.088,1240.576,354.8
1.2102,5.0,-17.43624657392502,3.088,1240.576,354.8
1.2153,5.0,-17.404352128505707,3.088,1240.576,354.8
1.2204,5.0,-17.372557520866394,3.448,1254.287,354.8
1.2273,5.0,-17.329485714435577,3.448,1254.287,354.8
1.2324,5.0,-17.297610640525818,3.448,1254.287,354.8
1.2380,5.0,-17.262323200702667,2.83,1260.0,354.8
1.2470,5.0,-17.206011712551117,2.83,1260.0,354.8
1.2521,5.0,-17.174218595027924,2.83,1260.0,354.8
1.2572,5.0,-17.142443358898163,2.83,1260.0,354.8
1.2623,5.0,-17.110686004161835,3.065,1272.041,354.8
1.2683,5.0,-17.073053121566772,3.065,1272.041,354.8
1.2734,5.0,-17.041274905204773,3.065,1272.041,354.8
1.2785,5.0,-17.0093834400177,3.065,1272.041,354.8
1.2836,5.0,-16.977621614933014,3.145,1282.324,354.8
1.2910,5.0,-16.931098699569702,3.145,1282.324,354.8
1.2966,5.0,-16.896142065525055,3.145,1282.324,354.8
1.3017,5.0,-16.864363849163055,2.181,1285.488,354.8
1.3111,5.0,-16.805869340896606,2.181,1285.488,354.8
1.3161,5.0,-16.774067282676697,2.181,1285.488,354.8
1.3212,5.0,-16.74230396747589,2.181,1285.488,354.8
1.3263,5.0,-16.710546612739563,2.576,1296.826,354.8
1.3323,5.0,-16.672921180725098,2.576,1296.826,354.8
1.3374,5.0,-16.641132533550262,2.576,1296.826,354.8
1.3439,5.0,-16.60032719373703,3.517,1310.537,354.8
1.3528,5.0,-16.5447935461998,3.517,1310.537,354.8
1.3579,5.0,-16.51301383972168,3.517,1310.537,354.8
1.3630,5.0,-16.48125797510147,3.517,1310.537,354.8
1.3681,5.0,-16.4495050907135,2.976,1318.535,354.8
1.3760,5.0,-16.39970988035202,2.976,1318.535,354.8
1.3811,5.0,-16.3679301738739,2.976,1318.535,354.8
1.3862,5.0,-16.336169838905334,2.976,1318.535,354.8
1.3913,5.0,-16.304416954517365,2.99,1328.994,354.8
1.3973,5.0,-16.266806423664093,2.99,1328.994,354.8
1.4029,5.0,-16.23164415359497,2.99,1328.994,354.8
1.4095,5.0,-16.190674901008606,3.238,1340.596,354.8
1.4189,5.0,-16.132092475891113,3.238,1340.596,354.8
1.4240,5.0,-16.100212931632996,3.238,1340.596,354.8
1.4291,5.0,-16.06842577457428,3.238,1340.596,354.8
1.4341,5.0,-16.036659479141235,3.238,1352.549,354.8
1.4420,5.0,-15.987230837345123,3.238,1352.549,354.8
1.4471,5.0,-15.955425798892975,3.238,1352.549,354.8
1.4540,5.0,-15.912802517414093,3.238,1352.549,354.8
1.4590,5.0,-15.881021320819855,3.562,1366.611,354.8
1.4660,5.0,-15.837299823760986,3.562,1366.611,354.8
1.4711,5.0,-15.80551564693451,3.562,1366.611,354.8
1.4762,5.0,-15.773755311965942,3.562,1366.611,354.8
1.4813,5.0,-15.741997957229614,3.353,1375.488,354.8
1.4873,5.0,-15.704241394996643,3.353,1375.488,354.8
1.4924,5.0,-15.672464668750763,3.353,1375.488,354.8
1.4975,5.0,-15.640704333782196,3.353,1375.488,354.8
1.5026,5.0,-15.608955919742584,3.551,1389.023,354.8
1.5107,5.0,-15.558145940303802,3.551,1389.023,354.8
1.5158,5.0,-15.526075661182404,3.551,1389.023,354.8
1.5210,5.0,-15.493974089622498,3.805,1400.801,354.8
1.5280,5.0,-15.449734032154083,3.805,1400.801,354.8
1.5331,5.0,-15.41794091463089,3.805,1400.801,354.8
1.5382,5.0,-15.386173129081726,3.805,1400.801,354.8
1.5433,5.0,-15.354415774345398,3.66,1413.984,354.8
1.5528,5.0,-15.29475599527359,3.66,1413.984,354.8
1.5584,5.0,-15.259750187397003,3.66,1413.984,354.8
1.5635,5.0,-15.227968990802765,3.66,1413.984,354.8
1.5686,5.0,-15.196116268634796,3.875,1429.102,354.8
1.5760,5.0,-15.149779617786407,3.875,1429.102,354.8
1.5811,5.0,-15.117982029914856,3.875,1429.102,354.8
1.5862,5.0,-15.086215734481812,3.875,1429.102,354.8
1.5913,5.0,-15.054458379745483,3.802,1442.373,354.8
1.6000,5.0,-14.99977707862854,3.802,1442.373,354.8
1.6066,5.0,-14.958728849887848,3.802,1442.373,354.8
1.6129,5.0,-14.919659495353699,3.952,1454.766,354.8
1.6200,5.0,-14.874820411205292,3.952,1454.766,354.8
1.6251,5.0,-14.842985570430756,3.952,1454.766,354.8
1.6302,5.0,-14.811205863952637,3.952,1454.766,354.8
1.6353,5.0,-14.779430627822876,3.248,1463.906,354.8
1.6440,5.0,-14.724785089492798,3.248,1463.906,354.8
1.6491,5.0,-14.69300240278244,3.248,1463.906,354.8
1.6542,5.0,-14.661236107349396,3.248,1463.906,354.8
1.6593,5.0,-14.629478752613068,3.194,1475.859,354.8
1.6698,5.0,-14.563487470149994,3.194,1475.859,354.8
1.6749,5.0,-14.531700313091278,3.194,1475.859,354.8
1.6800,5.0,-14.499929547309875,3.73,1489.131,354.8
1.6870,5.0,-14.45600539445877,3.73,1489.131,354.8
1.6921,5.0,-14.424225687980652,3.73,1489.131,354.8
1.6972,5.0,-14.392462372779846,3.73,1489.131,354.8
1.7023,5.0,-14.360705018043518,3.631,1499.502,354.8
1.7098,5.0,-14.313697814941406,3.631,1499.502,354.8
1.7149,5.0,-14.281906187534332,3.631,1499.502,354.8
1.7219,5.0,-14.238119125366211,3.734,1512.861,354.8
1.7290,5.0,-14.193464815616608,3.734,1512.861,354.8
1.7341,5.0,-14.161674678325653,3.734,1512.861,354.8
1.7392,5.0,-14.129875600337982,3.734,1512.861,354.8
1.7443,5.0,-14.098045229911804,3.734,1523.408,354.8
1.7503,5.0,-14.060404896736145,3.734,1523.408,354.8
1.7554,5.0,-14.028620719909668,3.734,1523.408,354.8
1.7605,5.0,-13.996866345405579,3.734,1523.408,354.8
1.7656,5.0,-13.96511197090149,3.734,1523.408,354.8
1.7707,5.0,-13.933362066745758,3.701,1539.053,354.8
1.7789,5.0,-13.881748914718628,3.701,1539.053,354.8
1.7840,5.0,-13.849849998950958,3.701,1539.053,354.8
1.7891,5.0,-13.818018138408661,3.382,1546.875,354.8
1.7961,5.0,-13.774608075618744,3.382,1546.875,354.8
1.8012,5.0,-13.742779195308685,3.382,1546.875,354.8
1.8077,5.0,-13.701701164245605,3.382,1546.875,354.8
1.8128,5.0,-13.669876754283905,2.647,1554.17,354.8
1.8201,5.0,-13.624623417854309,2.647,1554.17,354.8
1.8252,5.0,-13.592776656150818,2.647,1554.17,354.8
1.8308,5.0,-13.557195663452148,2.647,1554.17,354.8
1.8360,5.0,-13.525180518627167,2.949,1566.123,354.8
1.8421,5.0,-13.486962020397186,2.949,1566.123,354.8
1.8472,5.0,-13.45512717962265,2.949,1566.123,354.8
1.8523,5.0,-13.423320651054382,2.949,1566.123,354.8
1.8574,5.0,-13.391527533531189,3.171,1575.527,354.8
1.8635,5.0,-13.353373110294342,3.171,1575.527,354.8
1.8686,5.0,-13.321553170681,3.171,1575.527,354.8
1.8736,5.0,-13.289757072925568,3.171,1575.527,354.8
1.8787,5.0,-13.257817924022675,2.814,1583.262,354.8
1.8860,5.0,-13.212716579437256,2.814,1583.262,354.8
1.8911,5.0,-13.180901110172272,2.814,1583.262,354.8
1.8961,5.0,-13.149109482765198,2.814,1583.262,354.8
1.9012,5.0,-13.117237389087677,2.575,1592.227,354.8
1.9091,5.0,-13.068196177482605,2.575,1592.227,354.8
1.9142,5.0,-13.036347925662994,2.575,1592.227,354.8
1.9193,5.0,-13.004542887210846,2.883,1602.598,354.8
1.9269,5.0,-12.956660985946655,2.883,1602.598,354.8
1.9321,5.0,-12.924432754516602,2.883,1602.598,354.8
1.9372,5.0,-12.89234310388565,2.883,1602.598,354.8
1.9430,5.0,-12.85625845193863,2.812,1611.299,354.8
1.9491,5.0,-12.817953526973724,2.812,1611.299,354.8
1.9542,5.0,-12.78609037399292,2.812,1611.299,354.8
1.9593,5.0,-12.754280865192413,2.812,1611.299,354.8
1.9644,5.0,-12.722490727901459,2.964,1621.406,354.8
1.9705,5.0,-12.684676051139832,2.964,1621.406,354.8
1.9755,5.0,-12.65285462141037,2.964,1621.406,354.8
1.9806,5.0,-12.621062994003296,2.964,1621.406,354.8
1.9858,5.0,-12.588991224765778,3.14,1632.48,354.8
1.9930,5.0,-12.543465197086334,3.14,1632.48,354.8
1.9987,5.0,-12.508028745651245,3.14,1632.48,354.8
2.0038,5.0,-12.476018071174622,2.854,1640.303,354.8
2.0131,5.0,-12.417829036712646,2.854,1640.303,354.8
2.0183,5.0,-12.385568022727966,2.854,1640.303,354.8
2.0234,5.0,-12.353451550006866,2.854,1640.303,354.8
2.0286,5.0,-12.321527302265167,3.188,1653.662,354.8
2.0371,5.0,-12.268038094043732,3.188,1653.662,354.8
2.0422,5.0,-12.23619431257248,3.188,1653.662,354.8
2.0473,5.0,-12.20439225435257,3.188,1653.662,354.8
2.0530,5.0,-12.168991565704346,3.596,1667.021,354.8
2.0592,5.0,-12.130075693130493,3.596,1667.021,354.8
2.0643,5.0,-12.098172307014465,3.596,1667.021,354.8
2.0694,5.0,-12.066304683685303,3.596,1667.021,354.8
2.0745,5.0,-12.03433871269226,4.022,1683.193,354.8
2.0830,5.0,-11.980979144573212,4.022,1683.193,354.8
2.0881,5.0,-11.94915771484375,4.022,1683.193,354.8
2.0932,5.0,-11.91735714673996,4.022,1683.193,354.8
2.0983,5.0,-11.885558068752289,4.203,1696.201,354.8
2.1060,5.0,-11.837665736675262,4.203,1696.201,354.8
2.1125,5.0,-11.79669201374054,4.203,1696.201,354.8
2.1176,5.0,-11.764821410179138,4.203,1696.201,354.8
2.1227,5.0,-11.733019351959229,3.931,1709.385,354.8
2.1288,5.0,-11.695004999637604,3.931,1709.385,354.8
2.1339,5.0,-11.663147807121277,3.931,1709.385,354.8
2.1390,5.0,-11.631318926811218,3.931,1709.385,354.8
2.1441,5.0,-11.599530279636383,3.291,1718.789,354.8
2.1511,5.0,-11.555831134319305,3.291,1718.789,354.8
2.1567,5.0,-11.520694196224213,3.291,1718.789,354.8
2.1618,5.0,-11.488856375217438,3.291,1718.789,354.8
2.1669,5.0,-11.457064747810364,2.849,1726.875,354.8
2.1729,5.0,-11.419075727462769,2.849,1726.875,354.8
2.1780,5.0,-11.387237906455994,2.849,1726.875,354.8
2.1833,5.0,-11.35416030883789,2.849,1726.875,354.8
2.1885,5.0,-11.322015523910522,3.005,1739.18,354.8
2.1960,5.0,-11.274747550487518,3.005,1739.18,354.8
2.2011,5.0,-11.242909729480743,3.005,1739.18,354.8
2.2080,5.0,-11.200197041034698,3.189,1749.902,354.8
2.2171,5.0,-11.143344640731812,3.189,1749.902,354.8
2.2222,5.0,-11.111496388912201,3.189,1749.902,354.8
2.2272,5.0,-11.079731583595276,3.189,1749.902,354.8
2.2323,5.0,-11.048001050949097,3.257,1759.922,354.8
2.2381,5.0,-11.011983454227448,3.257,1759.922,354.8
2.2432,5.0,-10.980279743671417,3.257,1759.922,354.8
2.2482,5.0,-10.948601365089417,3.257,1759.922,354.8
2.2533,5.0,-10.916928946971893,3.643,1774.863,354.8
2.2609,5.0,-10.869371891021729,3.643,1774.863,354.8
2.2689,5.0,-10.819680988788605,3.643,1774.863,354.8
2.2739,5.0,-10.788016021251678,3.474,1784.268,354.8
2.2819,5.0,-10.738182067871094,3.474,1784.268,354.8
2.2870,5.0,-10.706518590450287,3.474,1784.268,354.8
2.2920,5.0,-10.674861073493958,3.474,1784.268,354.8
2.2971,5.0,-10.643215477466583,3.372,1794.287,354.8
2.3026,5.0,-10.609020292758942,3.372,1794.287,354.8
2.3091,5.0,-10.5683833360672,3.372,1794.287,354.8
2.3141,5.0,-10.536722838878632,3.303,1804.57,354.8
2.3258,5.0,-10.463476181030273,3.303,1804.57,354.8
2.3309,5.0,-10.431727766990662,3.303,1804.57,354.8
2.3360,5.0,-10.400034487247467,3.303,1804.57,354.8
2.3411,5.0,-10.368376970291138,2.458,1810.107,354.8
2.3469,5.0,-10.331879556179047,2.458,1810.107,354.8
2.3520,5.0,-10.30021607875824,2.458,1810.107,354.8
2.3570,5.0,-10.268567502498627,2.458,1810.107,354.8
2.3621,5.0,-10.236908495426178,3.013,1824.785,354.8
2.3709,5.0,-10.181741416454315,3.013,1824.785,354.8
2.3788,5.0,-10.132212936878204,3.013,1824.785,354.8
2.3839,5.0,-10.100533068180084,3.828,1838.76,354.8
2.3920,5.0,-10.049930214881897,3.828,1838.76,354.8
2.3971,5.0,-10.01816838979721,3.828,1838.76,354.8
2.4022,5.0,-9.986433386802673,3.828,1838.76,354.8
2.4090,5.0,-9.943683445453644,3.664,1851.504,354.8
2.4160,5.0,-9.899702668190002,3.664,1851.504,354.8
2.4211,5.0,-9.867888689041138,3.664,1851.504,354.8
2.4262,5.0,-9.83612835407257,3.664,1851.504,354.8
2.4318,5.0,-9.801067411899567,3.743,1863.896,354.8
2.4378,5.0,-9.763447940349579,3.743,1863.896,354.8
2.4429,5.0,-9.731711447238922,3.743,1863.896,354.8
2.4480,5.0,-9.699954092502594,3.054,1869.258,354.8
2.4570,5.0,-9.643533825874329,3.054,1869.258,354.8
2.4621,5.0,-9.61175411939621,3.054,1869.258,354.8
2.4672,5.0,-9.579995274543762,3.054,1869.258,354.8
2.4723,5.0,-9.548243880271912,3.55,1885.518,354.8
2.4810,5.0,-9.493683278560638,3.55,1885.518,354.8
2.4889,5.0,-9.444397687911987,3.55,1885.518,354.8
2.4940,5.0,-9.412658214569092,3.585,1895.801,354.8
2.5019,5.0,-9.362843632698059,3.585,1895.801,354.8
2.5085,5.0,-9.321820735931396,3.585,1895.801,354.8
2.5136,5.0,-9.290000796318054,3.585,1895.801,354.8
2.5187,5.0,-9.258194267749786,2.64,1902.129,354.8
2.5259,5.0,-9.212930500507355,2.64,1902.129,354.8
2.5310,5.0,-9.181243181228638,2.64,1902.129,354.8
2.5361,5.0,-9.149587154388428,2.64,1902.129,354.8
2.5414,5.0,-9.116475284099579,2.74,1912.148,354.8
2.5469,5.0,-9.08186286687851,2.74,1912.148,354.8
2.5520,5.0,-9.050202369689941,2.74,1912.148,354.8
2.5570,5.0,-9.018552303314209,2.74,1912.148,354.8
2.5621,5.0,-8.986903727054596,2.975,1923.838,354.8
2.5709,5.0,-8.93186628818512,2.975,1923.838,354.8
2.5760,5.0,-8.900150656700134,2.975,1923.838,354.8
2.5810,5.0,-8.868493139743805,2.975,1923.838,354.8
2.5861,5.0,-8.836835622787476,2.886,1933.857,354.8
2.5969,5.0,-8.769352734088898,2.886,1933.857,354.8
2.6020,5.0,-8.737683296203613,2.886,1933.857,354.8
2.6087,5.0,-8.695699274539948,2.797,1941.592,354.8
2.6159,5.0,-8.650891482830048,2.797,1941.592,354.8
2.6209,5.0,-8.619189262390137,2.797,1941.592,354.8
2.6260,5.0,-8.587443828582764,2.797,1941.592,354.8
2.6311,5.0,-8.555735647678375,2.819,1952.49,354.8
2.6390,5.0,-8.506366610527039,2.819,1952.49,354.8
2.6441,5.0,-8.474603295326233,2.819,1952.49,354.8
2.6500,5.0,-8.437621593475342,2.819,1952.49,354.8
2.6551,5.0,-8.405838906764984,2.752,1960.928,354.8
2.6611,5.0,-8.368176221847534,2.752,1960.928,354.8
2.6662,5.0,-8.336399495601654,2.752,1960.928,354.8
2.6713,5.0,-8.304639160633087,2.849,1970.508,354.8
2.6800,5.0,-8.24974924325943,2.849,1970.508,354.8
2.6851,5.0,-8.217968046665192,2.849,1970.508,354.8
2.6902,5.0,-8.186212182044983,2.849,1970.508,354.8
2.6953,5.0,-8.154457807540894,2.638,1978.77,354.8
2.7071,5.0,-8.08083713054657,2.638,1978.77,354.8
2.7136,5.0,-8.039751648902893,2.638,1978.77,354.8
2.7187,5.0,-8.007970452308655,1.891,1981.934,354.8
2.7250,5.0,-7.968460023403168,1.891,1981.934,354.8
2.7301,5.0,-7.936675846576691,1.891,1981.934,354.8
2.7352,5.0,-7.904915511608124,1.891,1981.934,354.8
2.7403,5.0,-7.873162627220154,2.053,1990.107,354.8
2.7463,5.0,-7.835584878921509,2.053,1990.107,354.8
2.7514,5.0,-7.803808152675629,2.053,1990.107,354.8
2.7570,5.0,-7.768818736076355,2.053,1990.107,354.8
2.7621,5.0,-7.737046480178833,2.699,2002.061,354.8
2.7690,5.0,-7.693499326705933,2.699,2002.061,354.8
2.7741,5.0,-7.661730051040649,2.699,2002.061,354.8
2.7792,5.0,-7.629966735839844,2.699,2002.061,354.8
2.7843,5.0,-7.5982049107551575,2.329,2006.191,354.8
2.7903,5.0,-7.560528814792633,2.329,2006.191,354.8
2.7954,5.0,-7.528756558895111,2.329,2006.191,354.8
2.8005,5.0,-7.496999204158783,1.948,2012.871,354.8
2.8140,5.0,-7.412233948707581,1.948,2012.871,354.8
2.8191,5.0,-7.380446791648865,1.948,2012.871,354.8
2.8242,5.0,-7.348687946796417,1.948,2012.871,354.8
2.8293,5.0,-7.316935062408447,3.23,2030.186,354.8
2.8370,5.0,-7.268476486206055,3.23,2030.186,354.8
2.8421,5.0,-7.236701250076294,3.23,2030.186,354.8
2.8472,5.0,-7.204948365688324,3.23,2030.186,354.8
2.8523,5.0,-7.173193991184235,3.849,2043.369,354.8
2.8583,5.0,-7.135652005672455,3.849,2043.369,354.8
2.8639,5.0,-7.1006640791893005,3.849,2043.369,354.8
2.8690,5.0,-7.068893313407898,3.778,2054.443,354.8
2.8780,5.0,-7.012227177619934,3.778,2054.443,354.8
2.8831,5.0,-6.980454921722412,3.778,2054.443,354.8
2.8882,5.0,-6.9487035274505615,3.778,2054.443,354.8
2.8933,5.0,-6.91695362329483,3.218,2063.936,354.8
2.9020,5.0,-6.86224102973938,3.218,2063.936,354.8
2.9086,5.0,-6.821367144584656,3.218,2063.936,354.8
2.9137,5.0,-6.789594888687134,2.957,2074.043,354.8
2.9240,5.0,-6.724698841571808,2.957,2074.043,354.8
2.9291,5.0,-6.692901253700256,2.957,2074.043,354.8
2.9342,5.0,-6.661148369312286,2.957,2074.043,354.8
2.9393,5.0,-6.629393994808197,3.521,2087.402,354.8
2.9453,5.0,-6.591835618019104,3.521,2087.402,354.8
2.9504,5.0,-6.560088694095612,3.521,2087.402,354.8
2.9555,5.0,-6.528061628341675,3.521,2087.402,354.8
2.9607,5.0,-6.4958080649375916,3.74,2101.641,354.8
2.9690,5.0,-6.443898379802704,3.74,2101.641,354.8
2.9745,5.0,-6.40920102596283,3.74,2101.641,354.8
2.9796,5.0,-6.377410888671875,3.74,2101.641,354.8
2.9847,5.0,-6.345702707767487,3.393,2110.518,354.8
2.9908,5.0,-6.3077956438064575,3.393,2110.518,354.8
2.9958,5.0,-6.2760114669799805,3.393,2110.518,354.8
3.0009,5.0,-6.244158744812012,3.393,2110.518,354.8
3.0076,5.0,-6.202287971973419,3.016,2120.625,354.8
3.0141,5.0,-6.161826848983765,3.016,2120.625,354.8
3.0192,5.0,-6.129775941371918,3.016,2120.625,354.8
3.0244,5.0,-6.097787618637085,3.016,2120.625,354.8
3.0300,5.0,-6.062617897987366,2.501,2126.777,354.8
3.0360,5.0,-6.024932861328125,2.501,2126.777,354.8
3.0411,5.0,-5.993157625198364,2.501,2126.777,354.8
3.0462,5.0,-5.961398780345917,2.501,2134.512,354.8
3.0551,5.0,-5.9058889746665955,2.501,2134.512,354.8
3.0601,5.0,-5.874106287956238,2.501,2134.512,354.8
3.0652,5.0,-5.842354893684387,2.501,2134.512,354.8
3.0703,5.0,-5.810602009296417,2.961,2147.695,354.8
3.0791,5.0,-5.755890905857086,2.961,2147.695,354.8
3.0847,5.0,-5.720867216587067,2.961,2147.695,354.8
3.0897,5.0,-5.689087510108948,2.961,2147.695,354.8
3.0948,5.0,-5.657333135604858,2.47,2152.529,354.8
3.1008,5.0,-5.619749426841736,2.47,2152.529,354.8
3.1077,5.0,-5.576767027378082,2.47,2152.529,354.8
3.1128,5.0,-5.544877052307129,3.306,2167.295,354.8
3.1201,5.0,-5.499625205993652,3.306,2167.295,354.8
3.1251,5.0,-5.467823147773743,3.306,2167.295,354.8
3.1302,5.0,-5.436055362224579,3.306,2167.295,354.8
3.1353,5.0,-5.4043009877204895,3.331,2175.82,354.8
3.1440,5.0,-5.3501904010772705,3.331,2175.82,354.8
3.1491,5.0,-5.3183987736701965,3.331,2175.82,354.8
3.1541,5.0,-5.286635458469391,2.0,2177.227,354.8
3.1611,5.0,-5.243405699729919,2.0,2177.227,354.8
3.1661,5.0,-5.211623013019562,2.0,2177.227,354.8
3.1712,5.0,-5.179862678050995,2.0,2177.227,354.8
3.1763,5.0,-5.148109793663025,3.394,2196.387,354.8
3.1823,5.0,-5.110540986061096,3.394,2196.387,354.8
3.1874,5.0,-5.078689754009247,3.394,2196.387,354.8
3.1931,5.0,-5.043169856071472,3.394,2196.387,354.8
3.1982,5.0,-5.01137375831604,4.268,2211.943,354.8
3.2051,5.0,-4.968260228633881,4.268,2211.943,354.8
3.2117,5.0,-4.927004873752594,4.268,2211.943,354.8
3.2168,5.0,-4.895178973674774,4.268,2211.943,354.8
3.2219,5.0,-4.863394796848297,4.038,2226.885,354.8
3.2294,5.0,-4.816263914108276,4.038,2226.885,354.8
3.2345,5.0,-4.784342646598816,4.038,2226.885,354.8
3.2396,5.0,-4.752565920352936,4.038,2226.885,354.8
3.2447,5.0,-4.720801115036011,3.691,2237.695,354.8
3.2541,5.0,-4.662041366100311,3.691,2237.695,354.8
3.2592,5.0,-4.6302348375320435,3.691,2237.695,354.8
3.2643,5.0,-4.598096013069153,3.691,2237.695,354.8
3.2694,5.0,-4.566304385662079,3.109,2248.242,354.8
3.2764,5.0,-4.522642493247986,3.109,2248.242,354.8
3.2815,5.0,-4.490840435028076,3.109,2248.242,354.8
3.2866,5.0,-4.458826780319214,3.109,2248.242,354.8
3.2917,5.0,-4.426924884319305,3.782,2264.326,354.8
3.3033,5.0,-4.354347288608551,3.782,2264.326,354.8
3.3102,5.0,-4.311031103134155,3.782,2264.326,354.8
3.3153,5.0,-4.279208183288574,3.104,2272.324,354.8
3.3241,5.0,-4.22462522983551,3.104,2272.324,354.8
3.3292,5.0,-4.192745685577393,3.104,2272.324,354.8
3.3342,5.0,-4.160971939563751,3.104,2272.324,354.8
3.3393,5.0,-4.129202663898468,2.929,2281.289,354.8
3.3453,5.0,-4.091575741767883,2.929,2281.289,354.8
3.3504,5.0,-4.059797525405884,2.929,2281.289,354.8
3.3560,5.0,-4.024696350097656,3.268,2293.066,354.8
3.3651,5.0,-3.96842360496521,3.268,2293.066,354.8
3.3701,5.0,-3.9366349577903748,3.268,2293.066,354.8
3.3752,5.0,-3.904867172241211,3.268,2293.066,354.8
3.3803,5.0,-3.873102366924286,3.035,2302.471,354.8
3.3890,5.0,-3.818507492542267,3.035,2302.471,354.8
3.3941,5.0,-3.7867307662963867,3.035,2302.471,354.8
3.3992,5.0,-3.754967451095581,3.035,2302.471,354.8
3.4043,5.0,-3.7232011556625366,2.75,2310.908,354.8
3.4131,5.0,-3.6683887243270874,2.75,2310.908,354.8
3.4181,5.0,-3.6366015672683716,2.75,2310.908,354.8
3.4232,5.0,-3.6048278212547302,2.701,2318.73,354.8
3.4311,5.0,-3.555825352668762,2.701,2318.73,354.8
3.4362,5.0,-3.5240352153778076,2.701,2318.73,354.8
3.4412,5.0,-3.492279350757599,2.701,2318.73,354.8
3.4463,5.0,-3.4604310989379883,2.033,2323.652,354.8
3.4551,5.0,-3.405734896659851,2.033,2323.652,354.8
3.4610,5.0,-3.3690109848976135,2.033,2323.652,354.8
3.4660,5.0,-3.3372104167938232,2.033,2323.652,354.8
3.4711,5.0,-3.305433690547943,2.283,2334.023,354.8
3.4791,5.0,-3.255908191204071,2.283,2334.023,354.8
3.4841,5.0,-3.2241180539131165,2.283,2334.023,354.8
3.4892,5.0,-3.192354738712311,2.283,2334.023,354.8
3.4943,5.0,-3.1605973839759827,3.289,2348.174,354.8
3.5003,5.0,-3.1230300664901733,3.289,2348.174,354.8
3.5070,5.0,-3.0813291668891907,3.289,2348.174,354.8
3.5121,5.0,-3.049197793006897,4.06,2363.379,354.8
3.5230,5.0,-2.9811233282089233,4.06,2363.379,354.8
3.5281,5.0,-2.9492810368537903,4.06,2363.379,354.8
3.5332,5.0,-2.917487919330597,4.41,2378.232,354.8
3.5401,5.0,-2.874663472175598,4.41,2378.232,354.8
3.5451,5.0,-2.842870354652405,4.41,2378.232,354.8
3.5502,5.0,-2.811110019683838,4.41,2378.232,354.8
3.5553,5.0,-2.779349684715271,3.671,2385.088,354.8
3.5613,5.0,-2.741691470146179,3.671,2385.088,354.8
3.5664,5.0,-2.7099132537841797,3.671,2385.088,354.8
3.5721,5.0,-2.674594521522522,2.688,2390.537,354.8
3.5811,5.0,-2.6182860136032104,2.688,2390.537,354.8
3.5862,5.0,-2.58624404668808,2.688,2390.537,354.8
3.5913,5.0,-2.5542914867401123,2.688,2390.537,354.8
3.5964,5.0,-2.522355318069458,2.606,2400.996,354.8
3.6051,5.0,-2.468286454677582,2.606,2400.996,354.8
3.6117,5.0,-2.4269267916679382,2.606,2400.996,354.8
3.6168,5.0,-2.395026385784149,2.606,2400.996,354.8
3.6219,5.0,-2.3631930351257324,2.363,2407.236,354.8
3.6300,5.0,-2.3125171661376953,2.363,2407.236,354.8
3.6351,5.0,-2.280692756175995,2.363,2407.236,354.8
3.6402,5.0,-2.248784899711609,1.837,2410.84,354.8
3.6471,5.0,-2.2057756781578064,1.837,2410.84,354.8
3.6522,5.0,-2.1739408373832703,1.837,2410.84,354.8
3.6573,5.0,-2.142137289047241,1.837,2410.84,354.8
3.6623,5.0,-2.1103397011756897,2.17,2419.893,354.8
3.6684,5.0,-2.072340250015259,2.17,2419.893,354.8
3.6735,5.0,-2.0405009388923645,2.17,2419.893,354.8
3.6810,5.0,-1.993761956691742,2.17,2419.893,354.8
3.6861,5.0,-1.9619151949882507,3.377,2436.504,354.8
3.6922,5.0,-1.9238680601119995,3.377,2436.504,354.8
3.6973,5.0,-1.892039179801941,3.377,2436.504,354.8
3.7024,5.0,-1.8601581454277039,3.545,2447.051,354.8
3.7111,5.0,-1.805625855922699,3.545,2447.051,354.8
3.7162,5.0,-1.773795485496521,3.545,2447.051,354.8
3.7213,5.0,-1.7419800162315369,3.545,2447.051,354.8
3.7264,5.0,-1.7101317644119263,3.758,2461.729,354.8
3.7380,5.0,-1.6375184059143066,3.758,2461.729,354.8
3.7431,5.0,-1.6056641936302185,3.758,2461.729,354.8
3.7482,5.0,-1.5738755464553833,3.605,2472.012,354.8
3.7561,5.0,-1.5246063470840454,3.605,2472.012,354.8
3.7611,5.0,-1.492813229560852,3.605,2472.012,354.8
3.7662,5.0,-1.4610469341278076,3.605,2472.012,354.8
3.7713,5.0,-1.4292895793914795,3.225,2480.186,354.8
3.7773,5.0,-1.391705870628357,3.225,2480.186,354.8
3.7824,5.0,-1.3599157333374023,3.225,2480.186,354.8
3.7900,5.0,-1.312759518623352,3.225,2480.186,354.8
3.7950,5.0,-1.280982792377472,2.979,2490.381,354.8
3.8011,5.0,-1.243385672569275,2.979,2490.381,354.8
3.8076,5.0,-1.2022092938423157,2.979,2490.381,354.8
3.8127,5.0,-1.170419156551361,2.979,2490.381,354.8
3.8178,5.0,-1.1385634541511536,2.217,2495.654,354.8
3.8241,5.0,-1.099628210067749,2.217,2495.654,354.8
3.8291,5.0,-1.0678425431251526,2.217,2495.654,354.8
3.8342,5.0,-1.0360747575759888,2.217,2495.654,354.8
3.8393,5.0,-1.0043203830718994,2.108,2502.861,354.8
3.8471,5.0,-0.9559303522109985,2.108,2502.861,354.8
3.8521,5.0,-0.9241491556167603,2.108,2502.861,354.8
3.8572,5.0,-0.8923962712287903,2.84,2515.254,354.8
3.8651,5.0,-0.8433818817138672,2.84,2515.254,354.8
3.8701,5.0,-0.8116006851196289,2.84,2515.254,354.8
3.8752,5.0,-0.7798448204994202,2.84,2515.254,354.8
3.8803,5.0,-0.7480934262275696,3.485,2529.492,354.8
3.8891,5.0,-0.6934016942977905,3.485,2529.492,354.8
3.8941,5.0,-0.6616175174713135,3.485,2529.492,354.8
3.8999,5.0,-0.6253436207771301,3.485,2529.492,354.8
3.9050,5.0,-0.5935698747634888,3.729,2542.5,354.8
3.9125,5.0,-0.5468636751174927,3.729,2542.5,354.8
3.9176,5.0,-0.5150735378265381,3.729,2542.5,354.8
3.9227,5.0,-0.48322826623916626,4.046,2556.123,354.8
3.9301,5.0,-0.43712109327316284,4.046,2556.123,354.8
3.9351,5.0,-0.4053458571434021,4.046,2556.123,354.8
3.9402,5.0,-0.373588502407074,4.046,2556.123,354.8
3.9453,5.0,-0.3418371081352234,3.605,2566.758,354.8
3.9561,5.0,-0.2745106816291809,3.605,2566.758,354.8
3.9612,5.0,-0.242730975151062,3.605,2566.758,354.8
3.9662,5.0,-0.21097064018249512,3.79,2580.029,354.8
3.9741,5.0,-0.16203969717025757,3.79,2580.029,354.8
3.9792,5.0,-0.1302674412727356,3.79,2580.029,354.8
3.9842,5.0,-0.09850561618804932,3.79,2580.029,354.8
3.9893,5.0,-0.06674826145172119,3.027,2587.061,354.8
3.9981,5.0,-0.01204758882522583,3.027,2587.061,354.8
4.0032,5.0,0.01982748508453369,3.027,2587.061,354.8
4.0104,5.0,0.06469488143920898,3.027,2587.061,354.8
4.0155,5.0,0.09680390357971191,3.047,2599.893,354.8
4.0221,5.0,0.13817250728607178,3.047,2599.893,354.8
4.0272,5.0,0.16998499631881714,3.047,2599.893,354.8
4.0323,5.0,0.2017587423324585,3.047,2599.893,354.8
4.0374,5.0,0.23351162672042847,3.437,2611.406,354.8
4.0434,5.0,0.2713322639465332,3.437,2611.406,354.8
4.0485,5.0,0.30311793088912964,3.437,2611.406,354.8
4.0536,5.0,0.3348708152770996,2.921,2618.262,354.8
4.0639,5.0,0.39940327405929565,2.921,2618.262,354.8
4.0690,5.0,0.4311755299568176,2.921,2618.262,354.8
4.0741,5.0,0.462929904460907,2.921,2618.262,354.8
4.0792,5.0,0.49477070569992065,2.453,2625.908,354.8
4.0871,5.0,0.5441635847091675,2.453,2625.908,354.8
4.0921,5.0,0.5759373307228088,2.453,2625.908,354.8
4.0972,5.0,0.6076931953430176,2.453,2625.908,354.8
4.1023,5.0,0.6394430994987488,2.453,2633.643,354.8
4.1102,5.0,0.6887927651405334,2.453,2633.643,354.8
4.1170,5.0,0.7313787937164307,2.453,2633.643,354.8
4.1221,5.0,0.7631868124008179,2.453,2641.289,354.8
4.1291,5.0,0.8066534996032715,2.453,2641.289,354.8
4.1341,5.0,0.8384361863136292,2.453,2641.289,354.8
4.1392,5.0,0.8701935410499573,2.453,2641.289,354.8
4.1443,5.0,0.9019404649734497,2.096,2648.145,354.8
4.1534,5.0,0.9586900472640991,2.096,2648.145,354.8
4.1585,5.0,0.9905904531478882,2.096,2648.145,354.8
4.1636,5.0,1.0223612189292908,2.286,2656.67,354.8
4.1743,5.0,1.0893672704696655,2.286,2656.67,354.8
4.1794,5.0,1.1211499571800232,2.286,2656.67,354.8
4.1845,5.0,1.1529967188835144,2.286,2656.67,354.8
4.1896,5.0,1.1850059032440186,2.487,2664.053,354.8
4.1957,5.0,1.2229397892951965,2.487,2664.053,354.8
4.2008,5.0,1.254737377166748,2.487,2664.053,354.8
4.2077,5.0,1.2978285551071167,2.487,2664.053,354.8
4.2128,5.0,1.329745352268219,1.935,2668.975,354.8
4.2189,5.0,1.3682767748832703,1.935,2668.975,354.8
4.2270,5.0,1.4185711741447449,1.935,2668.975,354.8
4.2321,5.0,1.4503657817840576,1.935,2668.975,354.8
4.2371,5.0,1.4821365475654602,1.478,2673.984,354.8
4.2432,5.0,1.519961655139923,1.478,2673.984,354.8
4.2483,5.0,1.551741361618042,1.478,2673.984,354.8
4.2534,5.0,1.5835016965866089,2.506,2686.729,354.8
4.2621,5.0,1.637934148311615,2.506,2686.729,354.8
4.2672,5.0,1.6697093844413757,2.506,2686.729,354.8
4.2722,5.0,1.7014622688293457,3.448,2700.439,354.8
4.2831,5.0,1.769399642944336,3.448,2700.439,354.8
4.2882,5.0,1.801183819770813,3.448,2700.439,354.8
4.2933,5.0,1.8329352140426636,3.448,2700.439,354.8
4.2983,5.0,1.8646866083145142,3.697,2714.502,354.8
4.3071,5.0,1.919160783290863,3.697,2714.502,354.8
4.3139,5.0,1.9621416926383972,3.697,2714.502,354.8
4.3190,5.0,1.9940540194511414,3.851,2727.422,354.8
4.3271,5.0,2.0442575216293335,3.851,2727.422,354.8
4.3322,5.0,2.076070010662079,3.851,2727.422,354.8
4.3378,5.0,2.1111801266670227,3.851,2727.422,354.8
4.3429,5.0,2.142973244190216,4.018,2741.484,354.8
4.3491,5.0,2.1816805005073547,4.018,2741.484,354.8
4.3542,5.0,2.2134602069854736,4.018,2741.484,354.8
4.3592,5.0,2.2452235221862793,4.018,2741.484,354.8
4.3643,5.0,2.2769778966903687,4.323,2758.271,354.8
4.3731,5.0,2.331674098968506,4.323,2758.271,354.8
4.3782,5.0,2.363470196723938,4.323,2758.271,354.8
4.3832,5.0,2.395235002040863,4.323,2758.271,354.8
4.3890,5.0,2.4310484528541565,4.406,2774.707,354.8
4.3971,5.0,2.4816706776618958,4.406,2774.707,354.8
4.4022,5.0,2.513447403907776,4.406,2774.707,354.8
4.4090,5.0,2.556326985359192,4.476,2788.33,354.8
4.4171,5.0,2.6068195700645447,4.476,2788.33,354.8
4.4222,5.0,2.6386484503746033,4.476,2788.33,354.8
4.4273,5.0,2.670423686504364,4.476,2788.33,354.8
4.4323,5.0,2.7021795511245728,4.143,2802.217,354.8
4.4411,5.0,2.7567118406295776,4.143,2802.217,354.8
4.4467,5.0,2.791929244995117,4.143,2802.217,354.8
4.4518,5.0,2.8237059712409973,4.143,2802.217,354.8
4.4569,5.0,2.855464816093445,3.88,2813.467,354.8
4.4629,5.0,2.8933435678482056,3.88,2813.467,354.8
4.4680,5.0,2.9251351952552795,3.88,2813.467,354.8
4.4731,5.0,2.956889569759369,3.176,2820.146,354.8
4.4821,5.0,3.0129149556159973,3.176,2820.146,354.8
4.4872,5.0,3.0446916818618774,3.176,2820.146,354.8
4.4922,5.0,3.076450526714325,2.832,2828.32,354.8
4.5031,5.0,3.1443998217582703,2.832,2828.32,354.8
4.5100,5.0,3.1877055764198303,2.832,2828.32,354.8
4.5152,5.0,3.219883143901825,2.832,2828.32,354.8
4.5203,5.0,3.251919150352478,2.269,2834.297,354.8
4.5271,5.0,3.2943129539489746,2.269,2834.297,354.8
4.5322,5.0,3.3261269330978394,2.269,2834.297,354.8
4.5373,5.0,3.3578991889953613,2.269,2834.297,354.8
4.5423,5.0,3.38965505361557,2.554,2843.965,354.8
4.5484,5.0,3.4273162484169006,2.554,2843.965,354.8
4.5540,5.0,3.4622997045516968,2.554,2843.965,354.8
4.5591,5.0,3.494076430797577,2.365,2850.205,354.8
4.5681,5.0,3.550426661968231,2.365,2850.205,354.8
4.5732,5.0,3.58220636844635,2.365,2850.205,354.8
4.5782,5.0,3.613962233066559,2.365,2850.205,354.8
4.5833,5.0,3.645716607570648,2.826,2862.861,354.8
4.5921,5.0,3.700442612171173,2.826,2862.861,354.8
4.5972,5.0,3.7322238087654114,2.826,2862.861,354.8
4.6022,5.0,3.7639811635017395,2.747,2869.98,354.8
4.6131,5.0,3.8318246603012085,2.747,2869.98,354.8
4.6182,5.0,3.8636773824691772,2.747,2869.98,354.8
4.6233,5.0,3.8954734802246094,2.747,2869.98,354.8
4.6284,5.0,3.927229344844818,2.087,2874.902,354.8
4.6344,5.0,3.964950144290924,2.087,2874.902,354.8
4.6395,5.0,3.9967328310012817,2.087,2874.902,354.8
4.6446,5.0,4.02849018573761,2.087,2874.902,354.8
4.6496,5.0,4.0602415800094604,3.251,2891.514,354.8
4.6600,5.0,4.124905169010162,3.251,2891.514,354.8
4.6651,5.0,4.15668785572052,3.251,2891.514,354.8
4.6702,5.0,4.188451170921326,3.143,2898.809,354.8
4.6771,5.0,4.231685400009155,3.143,2898.809,354.8
4.6822,5.0,4.263463616371155,3.143,2898.809,354.8
4.6872,5.0,4.295217990875244,3.143,2898.809,354.8
4.6923,5.0,4.326970875263214,2.002,2902.676,354.8
4.7011,5.0,4.38169538974762,2.002,2902.676,354.8
4.7077,5.0,4.422836005687714,2.002,2902.676,354.8
4.7127,5.0,4.454618692398071,2.002,2902.676,354.8
4.7184,5.0,4.48981374502182,1.579,2907.861,354.8
4.7244,5.0,4.5274704694747925,1.579,2907.861,354.8
4.7295,5.0,4.559251666069031,1.579,2907.861,354.8
4.7346,5.0,4.591010510921478,1.579,2907.861,354.8
4.7396,5.0,4.622770845890045,4.779,2939.15,354.8
4.7481,5.0,4.675471782684326,4.779,2939.15,354.8
4.7532,5.0,4.707251489162445,4.779,2939.15,354.8
4.7582,5.0,4.73901629447937,4.779,2939.15,354.8
4.7633,5.0,4.770785570144653,5.273,2956.377,354.8
4.7693,5.0,4.8083871603012085,5.273,2956.377,354.8
4.7750,5.0,4.843614995479584,5.273,2956.377,354.8
4.7801,5.0,4.875397682189941,5.273,2956.377,354.8
4.7851,5.0,4.907152056694031,3.876,2961.299,354.8
4.7912,5.0,4.94484007358551,3.876,2961.299,354.8
4.7963,5.0,4.976610839366913,3.876,2961.299,354.8
4.8013,5.0,5.008363723754883,3.688,2973.779,354.8
4.8101,5.0,5.0630733370780945,3.688,2973.779,354.8
4.8152,5.0,5.094927549362183,3.688,2973.779,354.8
4.8203,5.0,5.126719176769257,3.975,2987.402,354.8
4.8311,5.0,5.19445538520813,3.975,2987.402,354.8
4.8362,5.0,5.226236581802368,3.975,2987.402,354.8
4.8413,5.0,5.258090794086456,3.975,2987.402,354.8
4.8464,5.0,5.289866030216217,3.539,2998.389,354.8
4.8551,5.0,5.344264209270477,3.539,2998.389,354.8
4.8602,5.0,5.376039445400238,3.539,2998.389,354.8
4.8652,5.0,5.407807230949402,3.539,2998.389,354.8
4.8703,5.0,5.439558625221252,3.169,3006.123,354.8
4.8763,5.0,5.477173626422882,3.169,3006.123,354.8
4.8814,5.0,5.5089205503463745,3.169,3006.123,354.8
4.8870,5.0,5.54393082857132,3.169,3006.123,354.8
4.8921,5.0,5.575698614120483,2.696,3014.121,354.8
4.8981,5.0,5.61327189207077,2.696,3014.121,354.8
4.9032,5.0,5.645042657852173,2.696,3014.121,354.8
4.9098,5.0,5.685959756374359,2.359,3019.746,354.8
4.9171,5.0,5.731728672981262,2.359,3019.746,354.8
4.9222,5.0,5.763512849807739,2.359,3019.746,354.8
4.9272,5.0,5.795283615589142,2.359,3019.746,354.8
4.9323,5.0,5.82704097032547,2.77,3031.348,354.8
4.9410,5.0,5.881120264530182,2.77,3031.348,354.8
4.9461,5.0,5.9129104018211365,2.77,3031.348,354.8
4.9511,5.0,5.944672226905823,2.77,3031.348,354.8
4.9562,5.0,5.976417660713196,3.515,3046.641,354.8
4.9622,5.0,6.014001369476318,3.515,3046.641,354.8
4.9673,5.0,6.045772135257721,3.515,3046.641,354.8
4.9724,5.0,6.077533960342407,3.515,3046.641,354.8
4.9775,5.0,6.109285354614258,3.788,3059.473,354.8
4.9835,5.0,6.146802008152008,3.788,3059.473,354.8
4.9886,5.0,6.178572773933411,3.788,3059.473,354.8
4.9959,5.0,6.224653124809265,3.897,3072.217,354.8
5.0041,5.0,6.275628507137299,3.897,3072.217,354.8
5.0107,5.0,6.316940486431122,3.897,3072.217,354.8
5.0159,5.0,6.349074840545654,3.897,3072.217,354.8
5.0210,5.0,6.381094455718994,3.456,3083.291,354.8
5.0281,5.0,6.4254045486450195,3.456,3083.291,354.8
5.0332,5.0,6.457214057445526,3.456,3083.291,354.8
5.0382,5.0,6.488977372646332,3.456,3083.291,354.8
5.0433,5.0,6.520754098892212,3.33,3094.98,354.8
5.0521,5.0,6.5756723284721375,3.33,3094.98,354.8
5.0572,5.0,6.607465445995331,3.33,3094.98,354.8
5.0623,5.0,6.639230251312256,3.33,3094.98,354.8
5.0674,5.0,6.670999526977539,2.474,3100.693,354.8
5.0761,5.0,6.7253947257995605,2.474,3100.693,354.8
5.0811,5.0,6.757181882858276,2.474,3100.693,354.8
5.0862,5.0,6.788933277130127,2.474,3100.693,354.8
5.0913,5.0,6.820699572563171,2.474,3100.693,354.8
5.0964,5.0,6.852464377880096,2.272,3109.922,354.8
5.1041,5.0,6.900480389595032,2.272,3109.922,354.8
5.1106,5.0,6.9413453340530396,2.272,3109.922,354.8
5.1157,5.0,6.973114609718323,2.955,3121.963,354.8
5.1221,5.0,7.0129066705703735,2.955,3121.963,354.8
5.1272,5.0,7.044693827629089,2.955,3121.963,354.8
5.1322,5.0,7.07646906375885,2.955,3121.963,354.8
5.1373,5.0,7.108229398727417,3.162,3131.982,354.8
5.1434,5.0,7.14600533246994,3.162,3131.982,354.8
5.1484,5.0,7.177788019180298,3.162,3131.982,354.8
5.1540,5.0,7.212769985198975,3.446,3144.199,354.8
5.1631,5.0,7.269139587879181,3.446,3144.199,354.8
5.1681,5.0,7.3009192943573,3.446,3144.199,354.8
5.1732,5.0,7.332681119441986,3.446,3144.199,354.8
5.1783,5.0,7.364533841609955,3.779,3159.141,354.8
5.1871,5.0,7.419255375862122,3.779,3159.141,354.8
5.1922,5.0,7.451070845127106,3.779,3159.141,354.8
5.1973,5.0,7.482847571372986,3.779,3159.141,354.8
5.2023,5.0,7.514601945877075,3.691,3169.951,354.8
5.2104,5.0,7.564859092235565,3.691,3169.951,354.8
5.2155,5.0,7.596653699874878,3.691,3169.951,354.8
5.2205,5.0,7.6284259557724,3.601,3180.234,354.8
5.2273,5.0,7.670420408248901,3.601,3180.234,354.8
5.2324,5.0,7.702204585075378,3.601,3180.234,354.8
5.2374,5.0,7.733902335166931,3.601,3180.234,354.8
5.2425,5.0,7.765662670135498,2.74,3187.002,354.8
5.2511,5.0,7.819214463233948,2.74,3187.002,354.8
5.2562,5.0,7.85098522901535,2.74,3187.002,354.8
5.2640,5.0,7.89991021156311,2.807,3197.549,354.8
5.2721,5.0,7.950414717197418,2.807,3197.549,354.8
5.2772,5.0,7.982194423675537,2.807,3197.549,354.8
5.2822,5.0,8.014048635959625,2.807,3197.549,354.8
5.2874,5.0,8.046065270900726,3.743,3212.93,354.8
5.2934,5.0,8.083973824977875,3.743,3212.93,354.8
5.2985,5.0,8.11578780412674,3.743,3212.93,354.8
5.3036,5.0,8.147560060024261,3.743,3212.93,354.8
5.3102,5.0,8.1886425614357,4.159,3229.541,354.8
5.3200,5.0,8.249929547309875,4.159,3229.541,354.8
5.3251,5.0,8.281724154949188,4.159,3229.541,354.8
5.3302,5.0,8.313487470149994,4.159,3229.541,354.8
5.3352,5.0,8.345252275466919,4.573,3247.031,354.8
5.3413,5.0,8.382926881313324,4.573,3247.031,354.8
5.3464,5.0,8.414703607559204,4.573,3247.031,354.8
5.3514,5.0,8.44646841287613,4.573,3247.031,354.8
5.3565,5.0,8.478228747844696,3.98,3256.787,354.8
5.3626,5.0,8.516328036785126,3.98,3256.787,354.8
5.3677,5.0,8.548106253147125,3.98,3256.787,354.8
5.3749,5.0,8.59338641166687,3.87,3269.795,354.8
5.3831,5.0,8.644221723079681,3.87,3269.795,354.8
5.3882,5.0,8.675995469093323,3.87,3269.795,354.8
5.3932,5.0,8.707748353481293,3.87,3269.795,354.8
5.3983,5.0,8.739502727985382,3.125,3277.881,354.8
5.4071,5.0,8.794228732585907,3.125,3277.881,354.8
5.4136,5.0,8.835077285766602,3.125,3277.881,354.8
5.4187,5.0,8.866879343986511,2.795,3285.967,354.8
5.4300,5.0,8.937402069568634,2.795,3285.967,354.8
5.4351,5.0,8.96921306848526,2.795,3285.967,354.8
5.4402,5.0,9.00096744298935,3.383,3299.502,354.8
5.4474,5.0,9.046182036399841,3.383,3299.502,354.8
5.4525,5.0,9.078042209148407,3.383,3299.502,354.8
5.4576,5.0,9.109820425510406,3.383,3299.502,354.8
5.4627,5.0,9.141583740711212,3.876,3314.707,354.8
5.4711,5.0,9.194263815879822,3.876,3314.707,354.8
5.4762,5.0,9.226040542125702,3.876,3314.707,354.8
5.4812,5.0,9.257793426513672,3.876,3314.707,354.8
5.4869,5.0,9.293067455291748,4.415,3331.582,354.8
5.4931,5.0,9.33184027671814,4.415,3331.582,354.8
5.4982,5.0,9.363852441310883,4.415,3331.582,354.8
5.5033,5.0,9.395837783813477,3.813,3339.053,354.8
5.5131,5.0,9.457099437713623,3.813,3339.053,354.8
5.5183,5.0,9.489201009273529,3.813,3339.053,354.8
5.5234,5.0,9.521271288394928,3.813,3339.053,354.8
5.5285,5.0,9.553086757659912,2.61,3344.941,354.8
5.5400,5.0,9.624877572059631,2.61,3344.941,354.8
5.5451,5.0,9.656675159931183,2.61,3344.941,354.8
5.5501,5.0,9.688431024551392,2.61,3344.941,354.8
5.5552,5.0,9.7201868891716,2.446,3354.258,354.8
5.5612,5.0,9.757794439792633,2.446,3354.258,354.8
5.5663,5.0,9.789566695690155,2.446,3354.258,354.8
5.5714,5.0,9.821422398090363,2.446,3354.258,354.8
5.5765,5.0,9.853385388851166,2.134,3358.916,354.8
5.5826,5.0,9.891422092914581,2.134,3358.916,354.8
5.5877,5.0,9.923306107521057,2.134,3358.916,354.8
5.5942,5.0,9.963463246822357,1.493,3361.904,354.8
5.6032,5.0,10.020075738430023,1.493,3361.904,354.8
5.6098,5.0,10.061340034008026,1.493,3361.904,354.8
5.6149,5.0,10.093291103839874,1.493,3361.904,354.8
5.6200,5.0,10.125091671943665,1.909,3371.221,354.8
5.6271,5.0,10.169267654418945,1.909,3371.221,354.8
5.6322,5.0,10.201060771942139,1.909,3371.221,354.8
5.6373,5.0,10.232831537723541,1.909,3371.221,354.8
5.6423,5.0,10.264581441879272,2.862,3385.283,354.8
5.6511,5.0,10.31939685344696,2.862,3385.283,354.8
5.6562,5.0,10.351185500621796,2.862,3385.283,354.8
5.6613,5.0,10.382948815822601,2.862,3385.283,354.8
5.6664,5.0,10.414701700210571,3.539,3400.225,354.8
5.6751,5.0,10.469238460063934,3.539,3400.225,354.8
5.6802,5.0,10.501013696193695,3.539,3400.225,354.8
5.6852,5.0,10.532771050930023,3.539,3400.225,354.8
5.6903,5.0,10.564522445201874,3.539,3400.225,354.8
5.6954,5.0,10.596270859241486,3.967,3417.1,354.8
5.7031,5.0,10.64438670873642,3.967,3417.1,354.8
5.7100,5.0,10.687263309955597,3.967,3417.1,354.8
5.7151,5.0,10.719162225723267,3.854,3427.822,354.8
5.7212,5.0,10.757288336753845,3.854,3427.822,354.8
5.7263,5.0,10.789096355438232,3.854,3427.822,354.8
5.7313,5.0,10.820870101451874,3.854,3427.822,354.8
5.7364,5.0,10.852627456188202,3.749,3438.721,354.8
5.7425,5.0,10.890330374240875,3.749,3438.721,354.8
5.7475,5.0,10.92211902141571,3.749,3438.721,354.8
5.7531,5.0,10.9571173787117,3.201,3446.631,354.8
5.7621,5.0,11.013038456439972,3.201,3446.631,354.8
5.7672,5.0,11.04482114315033,3.201,3446.631,354.8
5.7723,5.0,11.076585948467255,3.201,3446.631,354.8
5.7773,5.0,11.108352243900299,2.656,3454.805,354.8
5.7861,5.0,11.163023114204407,2.656,3454.805,354.8
5.7912,5.0,11.194807291030884,2.656,3454.805,354.8
5.7963,5.0,11.22656762599945,2.656,3454.805,354.8
5.8013,5.0,11.25832051038742,2.836,3464.824,354.8
5.8094,5.0,11.30870133638382,2.836,3464.824,354.8
5.8145,5.0,11.340627074241638,2.836,3464.824,354.8
5.8196,5.0,11.372394859790802,3.111,3474.756,354.8
5.8261,5.0,11.413072049617767,3.111,3474.756,354.8
5.8312,5.0,11.444850265979767,3.111,3474.756,354.8
5.8363,5.0,11.476607620716095,3.111,3474.756,354.8
5.8413,5.0,11.508360505104065,2.655,3482.578,354.8
5.8501,5.0,11.563007533550262,2.655,3482.578,354.8
5.8552,5.0,11.594782769680023,2.655,3482.578,354.8
5.8630,5.0,11.643438041210175,2.561,3491.016,354.8
5.8711,5.0,11.694294214248657,2.561,3491.016,354.8
5.8762,5.0,11.726073920726776,2.561,3491.016,354.8
5.8813,5.0,11.757835745811462,2.561,3491.016,354.8
5.8863,5.0,11.789591610431671,2.969,3503.496,354.8
5.8951,5.0,11.844232678413391,2.969,3503.496,354.8
5.9002,5.0,11.87625527381897,2.969,3503.496,354.8
5.9067,5.0,11.917175352573395,2.969,3503.496,354.8
5.9118,5.0,11.949054896831512,2.969,3513.516,354.8
5.9191,5.0,11.994116008281708,2.969,3513.516,354.8
5.9242,5.0,12.026095390319824,2.969,3513.516,354.8
5.9293,5.0,12.057965993881226,2.969,3513.516,354.8
5.9343,5.0,12.089662253856659,2.969,3523.271,354.8
5.9399,5.0,12.124237418174744,2.969,3523.271,354.8
5.9450,5.0,12.155938148498535,2.969,3523.271,354.8
5.9500,5.0,12.187595665454865,2.969,3523.271,354.8
5.9551,5.0,12.219253182411194,2.763,3531.973,354.8
5.9630,5.0,12.26864755153656,2.763,3531.973,354.8
5.9699,5.0,12.311989068984985,2.763,3531.973,354.8
5.9750,5.0,12.34368234872818,2.295,3537.422,354.8
5.9830,5.0,12.393978238105774,2.295,3537.422,354.8
5.9881,5.0,12.425874173641205,2.295,3537.422,354.8
5.9932,5.0,12.457692623138428,2.295,3537.422,354.8
5.9983,5.0,12.48943954706192,2.573,3548.936,354.8
6.0071,5.0,12.544380128383636,2.573,3548.936,354.8
6.0138,5.0,12.586091458797455,2.573,3548.936,354.8
6.0189,5.0,12.618152797222137,2.573,3548.936,354.8
6.0246,5.0,12.653650343418121,2.61,3557.637,354.8
6.0307,5.0,12.691627442836761,2.61,3557.637,354.8
6.0357,5.0,12.723416090011597,2.61,3557.637,354.8
6.0408,5.0,12.755176424980164,2.61,3557.637,354.8
6.0459,5.0,12.786932289600372,2.242,3564.316,354.8
6.0541,5.0,12.838287651538849,2.242,3564.316,354.8
6.0592,5.0,12.870152294635773,2.242,3564.316,354.8
6.0643,5.0,12.90193647146225,2.242,3564.316,354.8
6.0694,5.0,12.933695316314697,2.679,3576.797,354.8
6.0801,5.0,13.000588119029999,2.679,3576.797,354.8
6.0852,5.0,13.032390177249908,2.679,3576.797,354.8
6.0903,5.0,13.064156472682953,3.61,3591.299,354.8
6.0981,5.0,13.11308741569519,3.61,3591.299,354.8
6.1032,5.0,13.14486712217331,3.61,3591.299,354.8
6.1097,5.0,13.18591684103012,3.61,3591.299,354.8
6.1148,5.0,13.21769505739212,3.89,3605.977,354.8
6.1221,5.0,13.263081014156342,3.89,3605.977,354.8
6.1272,5.0,13.294889032840729,3.89,3605.977,354.8
6.1331,5.0,13.331586122512817,3.89,3605.977,354.8
6.1381,5.0,13.363370299339294,4.212,3620.479,354.8
6.1442,5.0,13.40099722146988,4.212,3620.479,354.8
6.1492,5.0,13.43277096748352,4.212,3620.479,354.8
6.1543,5.0,13.46452534198761,3.092,3623.818,354.8
6.1633,5.0,13.520614802837372,3.092,3623.818,354.8
6.1684,5.0,13.55239450931549,3.092,3623.818,354.8
6.1735,5.0,13.584151864051819,3.092,3623.818,354.8
6.1785,5.0,13.615904748439789,3.173,3638.145,354.8
6.1903,5.0,13.689254224300385,3.173,3638.145,354.8
6.1954,5.0,13.721033930778503,3.173,3638.145,354.8
6.2005,5.0,13.752928376197815,3.722,3651.064,354.8
6.2081,5.0,13.800720870494843,3.722,3651.064,354.8
6.2132,5.0,13.832521438598633,3.722,3651.064,354.8
6.2183,5.0,13.864286243915558,3.722,3651.064,354.8
6.2234,5.0,13.89605849981308,3.917,3663.721,354.8
6.2294,5.0,13.933877646923065,3.917,3663.721,354.8
6.2345,5.0,13.965699076652527,3.917,3663.721,354.8
6.2396,5.0,13.997472822666168,3.917,3663.721,354.8
6.2452,5.0,14.032551646232605,4.443,3680.244,354.8
6.2513,5.0,14.070342481136322,4.443,3680.244,354.8
6.2563,5.0,14.10212367773056,4.443,3680.244,354.8
6.2614,5.0,14.133898913860321,4.443,3680.244,354.8
6.2665,5.0,14.16565328836441,3.564,3688.594,354.8
6.2741,5.0,14.213082194328308,3.564,3688.594,354.8
6.2792,5.0,14.24485445022583,3.564,3688.594,354.8
6.2843,5.0,14.2766073346138,3.564,3688.594,354.8
6.2893,5.0,14.308355748653412,2.599,3695.449,354.8
6.3001,5.0,14.375583827495575,2.599,3695.449,354.8
6.3066,5.0,14.416462182998657,2.599,3695.449,354.8
6.3117,5.0,14.448238909244537,2.423,3702.393,354.8
6.3181,5.0,14.488133788108826,2.423,3702.393,354.8
6.3232,5.0,14.519913494586945,2.423,3702.393,354.8
6.3283,5.0,14.551670849323273,2.423,3702.393,354.8
6.3333,5.0,14.583411812782288,1.992,3708.105,354.8
6.3421,5.0,14.638109505176544,1.992,3708.105,354.8
6.3480,5.0,14.674881100654602,1.992,3708.105,354.8
6.3531,5.0,14.706660807132721,1.664,3712.148,354.8
6.3621,5.0,14.763091504573822,1.664,3712.148,354.8
6.3672,5.0,14.794868230819702,1.664,3712.148,354.8
6.3723,5.0,14.82662558555603,1.664,3712.148,354.8
6.3773,5.0,14.858382940292358,2.056,3721.641,354.8
6.3861,5.0,14.913097023963928,2.056,3721.641,354.8
6.3912,5.0,14.944875240325928,2.056,3721.641,354.8
6.3963,5.0,14.976632595062256,2.056,3721.641,354.8
6.4021,5.0,15.01324474811554,2.444,3731.748,354.8
6.4101,5.0,15.063050389289856,2.444,3731.748,354.8
6.4152,5.0,15.094831585884094,2.444,3731.748,354.8
6.4203,5.0,15.126584470272064,2.444,3731.748,354.8
6.4253,5.0,15.158334374427795,2.626,3740.625,354.8
6.4314,5.0,15.196077525615692,2.626,3740.625,354.8
6.4365,5.0,15.227840840816498,2.626,3740.625,354.8
6.4415,5.0,15.259620547294617,2.626,3740.625,354.8
6.4466,5.0,15.291371941566467,2.919,3752.666,354.8
6.4580,5.0,15.362478792667389,2.919,3752.666,354.8
6.4631,5.0,15.394271910190582,2.919,3752.666,354.8
6.4682,5.0,15.426024794578552,2.919,3752.666,354.8
6.4732,5.0,15.457783639431,3.122,3764.443,354.8
6.4793,5.0,15.49568772315979,3.122,3764.443,354.8
6.4844,5.0,15.527467429637909,3.122,3764.443,354.8
6.4895,5.0,15.559224784374237,3.122,3764.443,354.8
6.4946,5.0,15.590974688529968,2.548,3769.541,354.8
6.5006,5.0,15.628679096698761,2.548,3769.541,354.8
6.5072,5.0,15.669870376586914,2.548,3769.541,354.8
6.5129,5.0,15.705323219299316,2.294,3776.572,354.8
6.5211,5.0,15.757174789905548,2.294,3776.572,354.8
6.5262,5.0,15.78899472951889,2.294,3776.572,354.8
6.5313,5.0,15.820769965648651,2.294,3776.572,354.8
6.5364,5.0,15.852561593055725,2.238,3785.098,354.8
6.5451,5.0,15.906794369220734,2.238,3785.098,354.8
6.5502,5.0,15.93858003616333,2.238,3785.098,354.8
6.5553,5.0,15.970340371131897,2.238,3785.098,354.8
6.5603,5.0,16.002096235752106,1.967,3789.492,354.8
6.5691,5.0,16.056981682777405,1.967,3789.492,354.8
6.5742,5.0,16.088905930519104,1.967,3789.492,354.8
6.5793,5.0,16.120730340480804,1.299,3791.338,354.8
6.5871,5.0,16.16930663585663,1.299,3791.338,354.8
6.5922,5.0,16.201093792915344,1.299,3791.338,354.8
6.5973,5.0,16.23285710811615,1.299,3791.338,354.8
6.6023,5.0,16.264621913433075,1.299,3795.82,354.8
6.6099,5.0,16.311846673488617,1.299,3795.82,354.8
6.6150,5.0,16.343633830547333,1.299,3795.82,354.8
6.6222,5.0,16.38903170824051,2.125,3807.598,354.8
6.6293,5.0,16.433154046535492,2.125,3807.598,354.8
6.6344,5.0,16.46493971347809,2.125,3807.598,354.8
6.6395,5.0,16.496700048446655,2.125,3807.598,354.8
6.6446,5.0,16.52844548225403,3.651,3824.824,354.8
6.6531,5.0,16.58177673816681,3.651,3824.824,354.8
6.6582,5.0,16.613559424877167,3.651,3824.824,354.8
6.6633,5.0,16.645315289497375,3.651,3824.824,354.8
6.6683,5.0,16.677063703536987,3.702,3838.623,354.8
6.6793,5.0,16.745725274086,3.702,3838.623,354.8
6.6845,5.0,16.777947545051575,3.702,3838.623,354.8
6.6896,5.0,16.80988520383835,3.727,3849.346,354.8
6.6971,5.0,16.856977343559265,3.727,3849.346,354.8
6.7022,5.0,16.888809204101562,3.727,3849.346,354.8
6.7088,5.0,16.929912567138672,3.727,3849.346,354.8
6.7139,5.0,16.961948573589325,2.607,3855.762,354.8
6.7211,5.0,17.006930708885193,2.607,3855.762,354.8
6.7262,5.0,17.03875958919525,2.607,3855.762,354.8
6.7321,5.0,17.075446248054504,2.607,3855.762,354.8
6.7372,5.0,17.107287049293518,3.115,3868.418,354.8
6.7433,5.0,17.145489156246185,3.115,3868.418,354.8
6.7484,5.0,17.177340388298035,3.115,3868.418,354.8
6.7535,5.0,17.209136486053467,3.319,3878.086,354.8
6.7621,5.0,17.26316064596176,3.319,3878.086,354.8
6.7672,5.0,17.294979095458984,3.319,3878.086,354.8
6.7723,5.0,17.326772212982178,3.319,3878.086,354.8
6.7774,5.0,17.358557879924774,2.996,3889.424,354.8
6.7891,5.0,17.432020604610443,2.996,3889.424,354.8
6.7942,5.0,17.463839054107666,2.996,3889.424,354.8
6.7993,5.0,17.49562919139862,2.957,3897.158,354.8
6.8060,5.0,17.53753125667572,2.957,3897.158,354.8
6.8129,5.0,17.580802738666534,2.957,3897.158,354.8
6.8180,5.0,17.612631618976593,3.015,3906.914,354.8
6.8271,5.0,17.669396102428436,3.015,3906.914,354.8
6.8322,5.0,17.7012100815773,3.015,3906.914,354.8
6.8373,5.0,17.732997238636017,3.015,3906.914,354.8
6.8429,5.0,17.768242955207825,3.07,3918.076,354.8
6.8491,5.0,17.80693829059601,3.07,3918.076,354.8
6.8542,5.0,17.838789522647858,3.07,3918.076,354.8
6.8593,5.0,17.870597541332245,3.07,3918.076,354.8
6.8644,5.0,17.9023876786232,3.344,3931.611,354.8
6.8731,5.0,17.95690953731537,3.344,3931.611,354.8
6.8782,5.0,17.988719046115875,3.344,3931.611,354.8
6.8833,5.0,18.020513653755188,3.344,3931.611,354.8
6.8884,5.0,18.052291870117188,2.708,3937.852,354.8
6.8991,5.0,18.119417130947113,2.708,3937.852,354.8
6.9042,5.0,18.151308596134186,2.708,3937.852,354.8
6.9108,5.0,18.192656338214874,3.337,3951.387,354.8
6.9171,5.0,18.23200285434723,3.337,3951.387,354.8
6.9222,5.0,18.263794481754303,3.337,3951.387,354.8
6.9273,5.0,18.29564720392227,3.337,3951.387,354.8
6.9324,5.0,18.327680230140686,3.088,3960.0,354.8
6.9411,5.0,18.381895124912262,3.088,3960.0,354.8
6.9470,5.0,18.418796360492706,3.088,3960.0,354.8
6.9521,5.0,18.45061331987381,1.922,3962.373,354.8
6.9611,5.0,18.50684881210327,1.922,3962.373,354.8
6.9662,5.0,18.538638949394226,1.922,3962.373,354.8
6.9713,5.0,18.570420145988464,1.922,3962.373,354.8
6.9763,5.0,18.60218346118927,4.037,3987.334,354.8
6.9851,5.0,18.656814098358154,4.037,3987.334,354.8
6.9902,5.0,18.68860125541687,4.037,3987.334,354.8
6.9953,5.0,18.720388412475586,4.037,3987.334,354.8
7.0012,5.0,18.757402896881104,4.579,3999.814,354.8
7.0088,5.0,18.8049778342247,4.579,3999.814,354.8
7.0139,5.0,18.837182223796844,4.579,3999.814,354.8
7.0191,5.0,18.869230151176453,4.562,4014.58,354.8
7.0252,5.0,18.907207250595093,4.562,4014.58,354.8
7.0302,5.0,18.939030170440674,4.562,4014.58,354.8
7.0353,5.0,18.970829248428345,4.562,4014.58,354.8
7.0404,5.0,19.002586603164673,4.176,4027.588,354.8
7.0491,5.0,19.057156145572662,4.176,4027.588,354.8
7.0548,5.0,19.092604517936707,4.176,4027.588,354.8
7.0599,5.0,19.124417006969452,4.176,4027.588,354.8
7.0650,5.0,19.156183302402496,3.681,4037.871,354.8
7.0710,5.0,19.194042682647705,3.681,4037.871,354.8
7.0761,5.0,19.22581046819687,3.681,4037.871,354.8
7.0812,5.0,19.257567822933197,3.459,4047.715,354.8
7.0901,5.0,19.313092529773712,3.459,4047.715,354.8
7.0952,5.0,19.34487074613571,3.459,4047.715,354.8
7.1003,5.0,19.37670260667801,3.459,4047.715,354.8
7.1071,5.0,19.419609010219574,2.786,4054.307,354.8
7.1150,5.0,19.468972086906433,2.786,4054.307,354.8
7.1201,5.0,19.500793516635895,2.786,4054.307,354.8
7.1252,5.0,19.532564282417297,2.694,4063.535,354.8
7.1321,5.0,19.5756196975708,2.694,4063.535,354.8
7.1372,5.0,19.60740238428116,2.694,4063.535,354.8
7.1423,5.0,19.639162719249725,2.694,4063.535,354.8
7.1473,5.0,19.670917093753815,3.282,4077.773,354.8
7.1562,5.0,19.726556539535522,3.282,4077.773,354.8
7.1613,5.0,19.75833624601364,3.282,4077.773,354.8
7.1664,5.0,19.790099561214447,3.282,4077.773,354.8
7.1720,5.0,19.825105369091034,3.374,4089.463,354.8
7.1783,5.0,19.86440271139145,3.374,4089.463,354.8
7.1834,5.0,19.896183907985687,3.374,4089.463,354.8
7.1885,5.0,19.927920401096344,3.374,4089.463,354.8
7.1935,5.0,19.959641993045807,3.637,4101.68,354.8
7.1996,5.0,19.997210800647736,3.637,4101.68,354.8
7.2046,5.0,20.028983056545258,3.637,4101.68,354.8
7.2115,5.0,20.071934163570404,3.637,4101.68,354.8
7.2166,5.0,20.103828608989716,3.774,4116.094,354.8
7.2250,5.0,20.156313478946686,3.774,4116.094,354.8
7.2301,5.0,20.18808275461197,3.774,4116.094,354.8
7.2352,5.0,20.219793915748596,3.927,4128.398,354.8
7.2420,5.0,20.262742042541504,3.927,4128.398,354.8
7.2471,5.0,20.294447243213654,3.927,4128.398,354.8
7.2522,5.0,20.326128602027893,3.927,4128.398,354.8
7.2572,5.0,20.3577920794487,3.73,4138.418,354.8
7.2628,5.0,20.392219722270966,3.73,4138.418,354.8
7.2678,5.0,20.423880219459534,3.73,4138.418,354.8
7.2729,5.0,20.455530285835266,3.583,4149.756,354.8
7.2840,5.0,20.52485942840576,3.583,4149.756,354.8
7.2890,5.0,20.55652290582657,3.583,4149.756,354.8
7.2941,5.0,20.588169991970062,3.583,4149.756,354.8
7.2992,5.0,20.619818568229675,3.922,4165.488,354.8
7.3070,5.0,20.668703317642212,3.922,4165.488,354.8
7.3137,5.0,20.710699260234833,3.922,4165.488,354.8
7.3188,5.0,20.7424134016037,3.803,4176.475,354.8
7.3270,5.0,20.793770253658295,3.803,4176.475,354.8
7.3323,5.0,20.82694321870804,3.803,4176.475,354.8
7.3374,5.0,20.858611166477203,3.803,4176.475,354.8
7.3424,5.0,20.890264213085175,3.955,4190.361,354.8
7.3480,5.0,20.92498391866684,3.955,4190.361,354.8
7.3531,5.0,20.95663994550705,3.955,4190.361,354.8
7.3581,5.0,20.988300442695618,3.955,4190.361,354.8
7.3632,5.0,21.019959449768066,3.854,4203.369,354.8
7.3720,5.0,21.075041592121124,3.854,4203.369,354.8
7.3771,5.0,21.10670953989029,3.854,4203.369,354.8
7.3821,5.0,21.13839089870453,3.714,4215.674,354.8
7.3941,5.0,21.213240921497345,3.714,4215.674,354.8
7.3992,5.0,21.24500870704651,3.714,4215.674,354.8
7.4043,5.0,21.27676159143448,3.12,4221.914,354.8
7.4141,5.0,21.33830189704895,3.12,4221.914,354.8
7.4192,5.0,21.370147168636322,3.12,4221.914,354.8
7.4243,5.0,21.40192538499832,3.12,4221.914,354.8
7.4294,5.0,21.433687210083008,2.462,4228.945,354.8
7.4381,5.0,21.488158404827118,2.462,4228.945,354.8
7.4437,5.0,21.523182094097137,2.462,4228.945,354.8
7.4488,5.0,21.554958820343018,2.462,4228.945,354.8
7.4539,5.0,21.58670872449875,2.778,4239.932,354.8
7.4599,5.0,21.624304354190826,2.778,4239.932,354.8
7.4650,5.0,21.65638357400894,2.778,4239.932,354.8
7.4701,5.0,21.688160300254822,2.778,4239.932,354.8
7.4752,5.0,21.720005571842194,3.163,4252.148,354.8
7.4831,5.0,21.769417822360992,3.163,4252.148,354.8
7.4882,5.0,21.801193058490753,3.163,4252.148,354.8
7.4960,5.0,21.85017466545105,2.982,4260.938,354.8
7.5041,5.0,21.900656819343567,2.982,4260.938,354.8
7.5111,5.0,21.944119036197662,2.982,4260.938,354.8
7.5162,5.0,21.97631597518921,2.982,4260.938,354.8
7.5213,5.0,22.00835794210434,3.21,4274.297,354.8
7.5281,5.0,22.050821781158447,3.21,4274.297,354.8
7.5332,5.0,22.082626819610596,3.21,4274.297,354.8
7.5383,5.0,22.11439311504364,3.21,4274.297,354.8
7.5434,5.0,22.14614599943161,3.023,4282.119,354.8
7.5520,5.0,22.200097143650055,3.023,4282.119,354.8
7.5571,5.0,22.23188579082489,3.023,4282.119,354.8
7.5622,5.0,22.263647615909576,2.639,4289.238,354.8
7.5691,5.0,22.30691909790039,2.639,4289.238,354.8
7.5742,5.0,22.33870178461075,2.639,4289.238,354.8
7.5793,5.0,22.37045466899872,2.639,4289.238,354.8
7.5844,5.0,22.40220457315445,2.979,4301.807,354.8
7.5931,5.0,22.456911206245422,2.979,4301.807,354.8
7.5982,5.0,22.488686442375183,2.979,4301.807,354.8
7.6033,5.0,22.520436346530914,2.979,4301.807,354.8
7.6103,5.0,22.564664483070374,2.659,4309.365,354.8
7.6171,5.0,22.606971859931946,2.659,4309.365,354.8
7.6222,5.0,22.638750076293945,2.659,4309.365,354.8
7.6273,5.0,22.670502960681915,2.659,4309.365,354.8
7.6324,5.0,22.70226925611496,2.182,4314.375,354.8
7.6384,5.0,22.73988574743271,2.182,4314.375,354.8
7.6435,5.0,22.77165949344635,2.182,4314.375,354.8
7.6485,5.0,22.803421318531036,2.182,4314.375,354.8
7.6536,5.0,22.835177183151245,2.705,4327.295,354.8
7.6642,5.0,22.90133535861969,2.705,4327.295,354.8
7.6693,5.0,22.933107614517212,2.705,4327.295,354.8
7.6744,5.0,22.9648619890213,3.241,4338.281,354.8
7.6811,5.0,23.0069562792778,3.241,4338.281,354.8
7.6862,5.0,23.038728535175323,3.241,4338.281,354.8
7.6913,5.0,23.070481419563293,3.241,4338.281,354.8
7.6964,5.0,23.102232813835144,2.925,4347.246,354.8
7.7051,5.0,23.157009482383728,2.925,4347.246,354.8
7.7120,5.0,23.199832439422607,2.925,4347.246,354.8
7.7182,5.0,23.23886901140213,3.155,4359.727,354.8
7.7271,5.0,23.294538259506226,3.155,4359.727,354.8
7.7322,5.0,23.326334357261658,3.155,4359.727,354.8
7.7373,5.0,23.358091711997986,3.155,4359.727,354.8
7.7424,5.0,23.389844596385956,3.39,4371.768,354.8
7.7514,5.0,23.446090519428253,3.39,4371.768,354.8
7.7565,5.0,23.47789853811264,3.39,4371.768,354.8
7.7616,5.0,23.509904742240906,3.39,4371.768,354.8
7.7667,5.0,23.54169338941574,2.962,4380.205,354.8
7.7752,5.0,23.594729602336884,2.962,4380.205,354.8
7.7802,5.0,23.626519739627838,2.962,4380.205,354.8
7.7853,5.0,23.658287525177002,2.962,4380.205,354.8
7.7904,5.0,23.69004637002945,2.964,4391.455,354.8
7.7971,5.0,23.731955885887146,2.964,4391.455,354.8
7.8022,5.0,23.763738572597504,2.964,4391.455,354.8
7.8091,5.0,23.806598782539368,2.964,4391.455,354.8
7.8142,5.0,23.838499188423157,2.3,4396.729,354.8
7.8211,5.0,23.882032930850983,2.3,4396.729,354.8
7.8282,5.0,23.92611801624298,2.3,4396.729,354.8
7.8333,5.0,23.957911133766174,1.822,4400.947,354.8
7.8421,5.0,24.013112485408783,1.822,4400.947,354.8
7.8472,5.0,24.044892191886902,1.822,4400.947,354.8
7.8523,5.0,24.076658487319946,1.822,4400.947,354.8
7.8574,5.0,24.108481407165527,2.068,4409.297,354.8
7.8634,5.0,24.146229028701782,2.068,4409.297,354.8
7.8685,5.0,24.17801022529602,2.068,4409.297,354.8
7.8736,5.0,24.209772050380707,2.79,4420.986,354.8
7.8851,5.0,24.281956255435944,2.79,4420.986,354.8
7.8902,5.0,24.313731491565704,2.79,4420.986,354.8
7.8953,5.0,24.345488846302032,2.963,4430.215,354.8
7.9031,5.0,24.394473433494568,2.963,4430.215,354.8
7.9097,5.0,24.435558915138245,2.963,4430.215,354.8
7.9148,5.0,24.4673490524292,2.963,4430.215,354.8
7.9199,5.0,24.499116837978363,3.374,4444.277,354.8
7.9271,5.0,24.544529616832733,3.374,4444.277,354.8
7.9330,5.0,24.581263959407806,3.374,4444.277,354.8
7.9381,5.0,24.613043665885925,3.374,4444.277,354.8
7.9432,5.0,24.64480549097061,3.711,4458.252,354.8
7.9511,5.0,24.694490432739258,3.711,4458.252,354.8
7.9562,5.0,24.726267158985138,3.711,4458.252,354.8
7.9613,5.0,24.758033454418182,3.711,4458.252,354.8
7.9664,5.0,24.789799749851227,3.637,4471.611,354.8
7.9751,5.0,24.844369292259216,3.637,4471.611,354.8
7.9802,5.0,24.87616389989853,3.637,4471.611,354.8
7.9853,5.0,24.907921254634857,3.637,4471.611,354.8
7.9909,5.0,24.943098425865173,3.53,4481.982,354.8
7.9969,5.0,24.980638921260834,3.53,4481.982,354.8
0.0000,5.0,25.0,3.53,4481.982,354.8
0.0066,5.0,25.0,3.53,4481.982,354.8
0.0117,5.0,25.0,2.564,4487.607,354.8
0.0181,5.0,25.0,2.564,4487.607,354.8
0.0231,5.0,25.0,2.564,4487.607,354.8
0.0282,5.0,25.0,2.564,4487.607,354.8
0.0333,5.0,25.0,2.679,4499.824,354.8
0.0451,5.0,25.0,2.679,4499.824,354.8
0.0501,5.0,25.0,2.679,4499.824,354.8
0.0552,5.0,25.0,3.365,4512.129,354.8
0.0630,5.0,25.0,3.365,4512.129,354.8
0.0681,5.0,25.0,3.365,4512.129,354.8
0.0732,5.0,25.0,3.365,4512.129,354.8
0.0783,5.0,25.0,2.905,4518.193,354.8
0.0843,5.0,25.0,2.905,4518.193,354.8
0.0894,5.0,25.0,2.905,4518.193,354.8
0.0950,5.0,25.0,2.905,4518.193,354.8
0.1001,5.0,25.0,3.249,4532.344,354.8
0.1079,5.0,25.0,3.249,4532.344,354.8
0.1130,5.0,25.0,3.249,4532.344,354.8
0.1181,5.0,25.0,3.551,4543.594,354.8
0.1271,5.0,25.0,3.551,4543.594,354.8
0.1321,5.0,25.0,3.551,4543.594,354.8
0.1372,5.0,25.0,3.551,4543.594,354.8
0.1423,5.0,25.0,3.387,4555.898,354.8
0.1513,5.0,25.0,3.387,4555.898,354.8
0.1564,5.0,25.0,3.387,4555.898,354.8
0.1615,5.0,25.0,3.387,4555.898,354.8
0.1665,5.0,25.0,3.832,4570.4,354.8
0.1753,5.0,25.0,3.832,4570.4,354.8
0.1803,5.0,25.0,3.832,4570.4,354.8
0.1854,5.0,25.0,3.832,4570.4,354.8
0.1905,5.0,25.0,3.832,4570.4,354.8
0.1956,5.0,25.0,2.724,4577.256,354.8
0.2034,5.0,25.0,2.724,4577.256,354.8
0.2105,5.0,25.0,2.724,4577.256,354.8
0.2156,5.0,25.0,3.354,4591.934,354.8
0.2217,5.0,25.0,3.354,4591.934,354.8
0.2267,5.0,25.0,3.354,4591.934,354.8
0.2318,5.0,25.0,3.354,4591.934,354.8
0.2369,5.0,25.0,3.727,4606.26,354.8
0.2451,5.0,25.0,3.727,4606.26,354.8
0.2501,5.0,25.0,3.727,4606.26,354.8
0.2558,5.0,25.0,3.727,4606.26,354.8
0.2608,5.0,25.0,3.946,4619.531,354.8
0.2671,5.0,25.0,3.946,4619.531,354.8
0.2721,5.0,25.0,3.946,4619.531,354.8
0.2772,5.0,25.0,3.946,4619.531,354.8
0.2823,5.0,25.0,3.946,4631.572,354.8
0.2883,5.0,25.0,3.946,4631.572,354.8
0.2934,5.0,25.0,3.946,4631.572,354.8
0.2985,5.0,25.0,3.946,4631.572,354.8
0.3036,5.0,25.0,3.746,4643.613,354.8
0.3116,5.0,25.0,3.746,4643.613,354.8
0.3167,5.0,25.0,3.746,4643.613,354.8
0.3217,5.0,25.0,3.746,4643.613,354.8
0.3268,5.0,25.0,3.614,4655.039,354.8
0.3325,5.0,25.0,3.614,4655.039,354.8
0.3376,5.0,25.0,3.614,4655.039,354.8
0.3427,5.0,25.0,3.614,4655.039,354.8
0.3477,5.0,25.0,2.108,4657.676,354.8
0.3561,5.0,25.0,2.108,4657.676,354.8
0.3611,5.0,25.0,2.108,4657.676,354.8
0.3667,5.0,25.0,2.108,4657.676,354.8
0.3718,5.0,25.0,2.693,4670.947,354.8
0.3780,5.0,25.0,2.693,4670.947,354.8
0.3831,5.0,25.0,2.693,4670.947,354.8
0.3882,5.0,25.0,2.693,4670.947,354.8
0.3932,5.0,25.0,3.68,4685.01,354.8
0.3987,5.0,25.0,3.68,4685.01,354.8
0.4038,5.0,25.0,3.68,4685.01,354.8
0.4105,5.0,25.0,2.19,4686.328,354.8
0.4220,5.0,25.0,2.19,4686.328,354.8
0.4270,5.0,25.0,2.19,4686.328,354.8
0.4321,5.0,25.0,2.19,4686.328,354.8
0.4372,5.0,25.0,1.517,4688.965,354.8
0.4426,5.0,25.0,1.517,4688.965,354.8
0.4477,5.0,25.0,1.517,4688.965,354.8
0.4528,5.0,25.0,1.517,4688.965,354.8
0.4578,5.0,25.0,3.866,4714.98,354.8
0.4660,5.0,25.0,3.866,4714.98,354.8
0.4710,5.0,25.0,3.866,4714.98,354.8
0.4763,5.0,25.0,3.866,4714.98,354.8
0.4814,5.0,25.0,5.837,4737.568,354.8
0.4880,5.0,25.0,5.837,4737.568,354.8
0.4930,5.0,25.0,5.837,4737.568,354.8
0.4981,5.0,25.0,5.837,4737.568,354.8
0.5032,5.0,25.0,4.408,4746.709,354.8
0.5121,5.0,25.0,4.408,4746.709,354.8
0.5172,5.0,25.0,4.408,4746.709,354.8
0.5223,5.0,25.0,3.693,4756.816,354.8
0.5321,5.0,25.0,3.693,4756.816,354.8
0.5372,5.0,25.0,3.693,4756.816,354.8
0.5422,5.0,25.0,3.693,4756.816,354.8
0.5473,5.0,25.0,3.509,4768.682,354.8
0.5562,5.0,25.0,3.509,4768.682,354.8
0.5612,5.0,25.0,3.509,4768.682,354.8
0.5663,5.0,25.0,3.509,4768.682,354.8
0.5714,5.0,25.0,3.509,4768.682,354.8
0.5765,5.0,25.0,3.274,4780.547,354.8
0.5825,5.0,25.0,3.274,4780.547,354.8
0.5881,5.0,25.0,3.274,4780.547,354.8
0.5932,5.0,25.0,3.394,4791.709,354.8
0.6002,5.0,25.0,3.394,4791.709,354.8
0.6074,5.0,25.0,3.394,4791.709,354.8
0.6125,5.0,25.0,3.394,4791.709,354.8
0.6176,5.0,25.0,3.305,4802.168,354.8
0.6236,5.0,25.0,3.305,4802.168,354.8
0.6287,5.0,25.0,3.305,4802.168,354.8
0.6338,5.0,25.0,3.464,4813.857,354.8
0.6431,5.0,25.0,3.464,4813.857,354.8
0.6482,5.0,25.0,3.464,4813.857,354.8
0.6533,5.0,25.0,3.464,4813.857,354.8
0.6583,5.0,25.0,3.536,4826.25,354.8
0.6652,5.0,25.0,3.536,4826.25,354.8
0.6706,5.0,25.0,3.536,4826.25,354.8
0.6757,5.0,25.0,3.536,4826.25,354.8
0.6807,5.0,25.0,3.15,4834.248,354.8
0.6871,5.0,25.0,3.15,4834.248,354.8
0.6927,5.0,25.0,3.15,4834.248,354.8
0.6978,5.0,25.0,3.15,4834.248,354.8
0.7029,5.0,25.0,3.611,4848.574,354.8
0.7104,5.0,25.0,3.611,4848.574,354.8
0.7155,5.0,25.0,3.611,4848.574,354.8
0.7205,5.0,25.0,3.611,4848.574,354.8
0.7256,5.0,25.0,3.63,4860.615,354.8
0.7321,5.0,25.0,3.63,4860.615,354.8
0.7372,5.0,25.0,3.63,4860.615,354.8
0.7422,5.0,25.0,3.63,4860.615,354.8
0.7478,5.0,25.0,4.034,4876.172,354.8
0.7539,5.0,25.0,4.034,4876.172,354.8
0.7589,5.0,25.0,4.034,4876.172,354.8
0.7640,5.0,25.0,3.887,4886.016,354.8
0.7712,5.0,25.0,3.887,4886.016,354.8
0.7766,5.0,25.0,3.887,4886.016,354.8
0.7817,5.0,25.0,3.887,4886.016,354.8
0.7868,5.0,25.0,3.887,4886.016,354.8
0.7919,5.0,25.0,2.913,4893.574,354.8
0.8000,5.0,25.0,2.913,4893.574,354.8
0.8050,5.0,25.0,2.913,4893.574,354.8
0.8116,5.0,25.0,2.982,4903.682,354.8
0.8176,5.0,25.0,2.982,4903.682,354.8
0.8227,5.0,25.0,2.982,4903.682,354.8
0.8278,5.0,25.0,2.982,4903.682,354.8
0.8329,5.0,25.0,2.987,4913.877,354.8
0.8392,5.0,25.0,2.987,4913.877,354.8
0.8446,5.0,25.0,2.987,4913.877,354.8
0.8497,5.0,25.0,2.987,4913.877,354.8
0.8560,5.0,25.0,2.422,4920.996,354.8
0.8622,5.0,25.0,2.422,4920.996,354.8
0.8676,5.0,25.0,2.422,4920.996,354.8
0.8726,5.0,25.0,2.422,4920.996,354.8
0.8777,5.0,25.0,2.422,4920.996,354.8
0.8828,5.0,25.0,3.275,4936.992,354.8
0.8889,5.0,25.0,3.275,4936.992,354.8
0.8939,5.0,25.0,3.275,4936.992,354.8
0.8990,5.0,25.0,3.275,4936.992,354.8
0.9041,5.0,25.0,3.487,4947.539,354.8
0.9130,5.0,25.0,3.487,4947.539,354.8
0.9181,5.0,25.0,3.487,4947.539,354.8
0.9232,5.0,25.0,3.294,4957.471,354.8
0.9289,5.0,25.0,3.294,4957.471,354.8
0.9343,5.0,25.0,3.294,4957.471,354.8
0.9394,5.0,25.0,3.294,4957.471,354.8
0.9445,5.0,25.0,3.374,4968.193,354.8
0.9505,5.0,25.0,3.374,4968.193,354.8
0.9556,5.0,25.0,3.374,4968.193,354.8
0.9607,5.0,25.0,2.638,4972.5,354.8
0.9710,5.0,25.0,2.638,4972.5,354.8
0.9761,5.0,25.0,2.638,4972.5,354.8
0.9812,5.0,25.0,2.638,4972.5,354.8
0.9863,5.0,25.0,2.627,4983.574,354.8
0.9922,5.0,25.0,2.627,4983.574,354.8
0.9976,5.0,25.0,2.627,4983.574,354.8
1.0027,5.0,25.0,2.627,4983.574,354.8
1.0094,5.0,25.0,2.627,4983.574,354.8
1.0145,5.0,25.0,3.39,4998.867,354.8
1.0207,5.0,25.0,3.39,4998.867,354.8
1.0263,5.0,25.0,3.39,4998.867,354.8
1.0314,5.0,25.0,2.841,5005.02,354.8
1.0382,5.0,25.0,2.841,5005.02,354.8
1.0436,5.0,25.0,2.841,5005.02,354.8
1.0487,5.0,25.0,2.841,5005.02,354.8
1.0537,5.0,25.0,2.841,5005.02,354.8
1.0588,5.0,25.0,2.923,5017.148,354.8
1.0649,5.0,25.0,2.923,5017.148,354.8
1.0700,5.0,25.0,2.923,5017.148,354.8
1.0770,5.0,25.0,3.452,5029.893,354.8
1.0832,5.0,25.0,3.452,5029.893,354.8
1.0886,5.0,25.0,3.452,5029.893,354.8
1.0937,5.0,25.0,3.452,5029.893,354.8
1.0988,5.0,25.0,3.532,5040.879,354.8
1.1051,5.0,25.0,3.532,5040.879,354.8
1.1119,5.0,25.0,3.532,5040.879,354.8
1.1170,5.0,25.0,3.532,5040.879,354.8
1.1221,5.0,25.0,3.532,5040.879,354.8
1.1272,5.0,25.0,3.574,5055.557,354.8
1.1350,5.0,25.0,3.574,5055.557,354.8
1.1401,5.0,25.0,3.574,5055.557,354.8
1.1452,5.0,25.0,2.67,5060.039,354.8
1.1512,5.0,25.0,2.67,5060.039,354.8
1.1566,5.0,25.0,2.67,5060.039,354.8
1.1617,5.0,25.0,2.67,5060.039,354.8
1.1668,5.0,25.0,2.67,5060.039,354.8
1.1719,5.0,25.0,2.08,5066.016,354.8
1.1779,5.0,25.0,2.08,5066.016,354.8
1.1830,5.0,25.0,2.08,5066.016,354.8
1.1886,5.0,25.0,2.08,5066.016,354.8
1.1937,5.0,25.0,2.871,5079.814,354.8
1.1997,5.0,25.0,2.871,5079.814,354.8
1.2048,5.0,25.0,2.871,5079.814,354.8
1.2114,5.0,25.0,2.871,5079.814,354.8
1.2165,5.0,25.0,3.323,5092.734,354.8
1.2233,5.0,25.0,3.323,5092.734,354.8
1.2283,5.0,25.0,3.323,5092.734,354.8
1.2334,5.0,25.0,3.595,5105.479,354.8
1.2433,5.0,25.0,3.595,5105.479,354.8
1.2484,5.0,25.0,3.595,5105.479,354.8
1.2535,5.0,25.0,3.595,5105.479,354.8
1.2586,5.0,25.0,3.94,5120.947,354.8
1.2655,5.0,25.0,3.94,5120.947,354.8
1.2709,5.0,25.0,3.94,5120.947,354.8
1.2760,5.0,25.0,3.94,5120.947,354.8
1.2811,5.0,25.0,4.152,5134.307,354.8
1.2871,5.0,25.0,4.152,5134.307,354.8
1.2941,5.0,25.0,4.152,5134.307,354.8
1.2992,5.0,25.0,4.08,5146.611,354.8
1.3062,5.0,25.0,4.08,5146.611,354.8
1.3134,5.0,25.0,4.08,5146.611,354.8
1.3185,5.0,25.0,4.08,5146.611,354.8
1.3236,5.0,25.0,3.807,5159.619,354.8
1.3302,5.0,25.0,3.807,5159.619,354.8
1.3356,5.0,25.0,3.807,5159.619,354.8
1.3407,5.0,25.0,3.807,5159.619,354.8
1.3470,5.0,25.0,3.881,5174.297,354.8
1.3542,5.0,25.0,3.881,5174.297,354.8
1.3596,5.0,25.0,3.881,5174.297,354.8
1.3647,5.0,25.0,3.881,5174.297,354.8
1.3698,5.0,25.0,3.881,5174.297,354.8
1.3748,5.0,25.0,3.984,5189.59,354.8
1.3809,5.0,25.0,3.984,5189.59,354.8
1.3860,5.0,25.0,3.984,5189.59,354.8
1.3910,5.0,25.0,3.984,5189.59,354.8
1.3961,5.0,25.0,4.318,5207.344,354.8
1.4032,5.0,25.0,4.318,5207.344,354.8
1.4106,5.0,25.0,4.318,5207.344,354.8
1.4156,5.0,25.0,4.318,5207.344,354.8
1.4207,5.0,25.0,4.318,5220.264,354.8
1.4267,5.0,25.0,4.318,5220.264,354.8
1.4318,5.0,25.0,4.318,5220.264,354.8
1.4369,5.0,25.0,4.318,5220.264,354.8
1.4420,5.0,25.0,4.386,5236.611,354.8
1.4477,5.0,25.0,4.386,5236.611,354.8
1.4531,5.0,25.0,4.386,5236.611,354.8
1.4587,5.0,25.0,4.386,5236.611,354.8
1.4638,5.0,25.0,4.218,5249.443,354.8
1.4701,5.0,25.0,4.218,5249.443,354.8
1.4751,5.0,25.0,4.218,5249.443,354.8
1.4802,5.0,25.0,4.218,5249.443,354.8
1.4853,5.0,25.0,3.856,5261.748,354.8
1.4922,5.0,25.0,3.856,5261.748,354.8
1.4984,5.0,25.0,3.856,5261.748,354.8
0.0000,5.0,24.99999701976776,3.856,5261.748,354.8
0.0066,5.0,24.95894432067871,3.121,5269.834,354.8
0.0147,5.0,24.908089637756348,3.121,5269.834,354.8
0.0198,5.0,24.876292049884796,3.121,5269.834,354.8
0.0249,5.0,24.84452873468399,3.217,5280.996,354.8
0.0307,5.0,24.808137118816376,3.217,5280.996,354.8
0.0361,5.0,24.77426826953888,3.217,5280.996,354.8
0.0412,5.0,24.742491543293,3.217,5280.996,354.8
0.0463,5.0,24.710720777511597,3.217,5280.996,354.8
0.0514,5.0,24.678970873355865,3.411,5293.652,354.8
0.0574,5.0,24.64105635881424,3.411,5293.652,354.8
0.0646,5.0,24.596303701400757,3.411,5293.652,354.8
0.0697,5.0,24.564528465270996,3.319,5304.375,354.8
0.0767,5.0,24.520736932754517,3.319,5304.375,354.8
0.0821,5.0,24.486882984638214,3.319,5304.375,354.8
0.0872,5.0,24.455106258392334,3.319,5304.375,354.8
0.0923,5.0,24.423231184482574,3.319,5304.375,354.8
0.0974,5.0,24.39146190881729,3.589,5318.877,354.8
0.1034,5.0,24.353818595409393,3.589,5318.877,354.8
0.1099,5.0,24.312828481197357,3.589,5318.877,354.8
0.1150,5.0,24.281053245067596,3.096,5326.084,354.8
0.1256,5.0,24.21528548002243,3.096,5326.084,354.8
0.1306,5.0,24.183502793312073,3.096,5326.084,354.8
0.1357,5.0,24.15173500776291,2.782,5333.994,354.8
0.1417,5.0,24.114492535591125,2.782,5333.994,354.8
0.1471,5.0,24.08062517642975,2.782,5333.994,354.8
0.1522,5.0,24.048852920532227,2.782,5333.994,354.8
0.1573,5.0,24.0170955657959,2.782,5333.994,354.8
0.1623,5.0,23.985344171524048,2.407,5341.289,354.8
0.1684,5.0,23.947632312774658,2.407,5341.289,354.8
0.1740,5.0,23.91252964735031,2.407,5341.289,354.8
0.1791,5.0,23.880745470523834,2.065,5346.387,354.8
0.1857,5.0,23.839445412158966,2.065,5346.387,354.8
0.1911,5.0,23.805581033229828,2.065,5346.387,354.8
0.1962,5.0,23.77379834651947,2.065,5346.387,354.8
0.2013,5.0,23.742038011550903,1.824,5352.979,354.8
0.2097,5.0,23.689451813697815,1.824,5352.979,354.8
0.2151,5.0,23.655611276626587,1.824,5352.979,354.8
0.2202,5.0,23.62383008003235,1.824,5352.979,354.8
0.2253,5.0,23.592068254947662,3.041,5367.92,354.8
0.2347,5.0,23.533129692077637,3.041,5367.92,354.8
0.2398,5.0,23.50134402513504,3.041,5367.92,354.8
0.2449,5.0,23.46958965063095,3.602,5379.873,354.8
0.2507,5.0,23.43323826789856,3.602,5379.873,354.8
0.2561,5.0,23.39940220117569,3.602,5379.873,354.8
0.2612,5.0,23.367631435394287,3.602,5379.873,354.8
0.2663,5.0,23.33582043647766,3.602,5379.873,354.8
0.2714,5.0,23.30404967069626,3.899,5395.342,354.8
0.2774,5.0,23.2662171125412,3.899,5395.342,354.8
0.2830,5.0,23.231206834316254,3.899,5395.342,354.8
0.2881,5.0,23.199431598186493,4.296,5410.02,354.8
0.2957,5.0,23.152005672454834,4.296,5410.02,354.8
0.3011,5.0,23.118053376674652,4.296,5410.02,354.8
0.3079,5.0,23.07582199573517,4.197,5422.764,354.8
0.3157,5.0,23.0269655585289,4.197,5422.764,354.8
0.3211,5.0,22.992929816246033,4.197,5422.764,354.8
0.3262,5.0,22.960947453975677,4.197,5422.764,354.8
0.3313,5.0,22.92911261320114,4.072,5436.65,354.8
0.3397,5.0,22.877009212970734,4.072,5436.65,354.8
0.3451,5.0,22.84291684627533,4.072,5436.65,354.8
0.3502,5.0,22.811104357242584,4.072,5436.65,354.8
0.3553,5.0,22.779342532157898,4.072,5436.65,354.8
0.3604,5.0,22.7475643157959,3.586,5448.34,354.8
0.3664,5.0,22.709770500659943,3.586,5448.34,354.8
0.3715,5.0,22.677987813949585,3.586,5448.34,354.8
0.3766,5.0,22.6462185382843,3.586,5448.34,354.8
0.3817,5.0,22.614462673664093,4.055,5465.391,354.8
0.3917,5.0,22.551876306533813,4.055,5465.391,354.8
0.3968,5.0,22.520089149475098,4.055,5465.391,354.8
0.4019,5.0,22.48832881450653,4.307,5479.277,354.8
0.4096,5.0,22.439955174922943,4.307,5479.277,354.8
0.4147,5.0,22.408170998096466,4.307,5479.277,354.8
0.4198,5.0,22.37640768289566,4.411,5492.9,354.8
0.4277,5.0,22.32699543237686,4.411,5492.9,354.8
0.4331,5.0,22.293005883693695,4.411,5492.9,354.8
0.4382,5.0,22.261235117912292,4.411,5492.9,354.8
0.4438,5.0,22.22624570131302,4.015,5503.887,354.8
0.4507,5.0,22.18334823846817,4.015,5503.887,354.8
0.4557,5.0,22.15157300233841,4.015,5503.887,354.8
0.4608,5.0,22.11981862783432,4.015,5503.887,354.8
0.4659,5.0,22.08806872367859,3.621,5516.016,354.8
0.4727,5.0,22.045715153217316,3.621,5516.016,354.8
0.4781,5.0,22.01188951730728,3.621,5516.016,354.8
0.4832,5.0,21.98011726140976,3.621,5516.016,354.8
0.4883,5.0,21.948352456092834,3.056,5523.223,354.8
0.4956,5.0,21.90246433019638,3.056,5523.223,354.8
0.5013,5.0,21.867023408412933,3.056,5523.223,354.8
0.5079,5.0,21.825431287288666,2.528,5529.375,354.8
0.5166,5.0,21.770940721035004,2.528,5529.375,354.8
0.5218,5.0,21.73885554075241,2.528,5529.375,354.8
0.5269,5.0,21.70703560113907,2.35,5536.406,354.8
0.5347,5.0,21.65815383195877,2.35,5536.406,354.8
0.5401,5.0,21.624180674552917,2.35,5536.406,354.8
0.5452,5.0,21.59239500761032,2.35,5536.406,354.8
0.5503,5.0,21.560631692409515,2.577,5545.723,354.8
0.5586,5.0,21.508871018886566,2.577,5545.723,354.8
0.5637,5.0,21.477091312408447,2.577,5545.723,354.8
0.5687,5.0,21.445332467556,2.577,5545.723,354.8
0.5738,5.0,21.41358107328415,2.203,5551.787,354.8
0.5816,5.0,21.365001797676086,2.203,5551.787,354.8
0.5867,5.0,21.333223581314087,2.203,5551.787,354.8
0.5918,5.0,21.30146473646164,2.199,5559.609,354.8
0.5997,5.0,21.251964569091797,2.199,5559.609,354.8
0.6051,5.0,21.217982470989227,2.199,5559.609,354.8
0.6126,5.0,21.17152065038681,2.199,5559.609,354.8
0.6177,5.0,21.13964706659317,2.31,5567.783,354.8
0.6237,5.0,21.10186666250229,2.31,5567.783,354.8
0.6288,5.0,21.070073544979095,2.31,5567.783,354.8
0.6339,5.0,21.038302779197693,2.31,5567.783,354.8
0.6390,5.0,21.006551384925842,2.294,5575.254,354.8
0.6476,5.0,20.952478051185608,2.294,5575.254,354.8
0.6527,5.0,20.92069238424301,2.294,5575.254,354.8
0.6578,5.0,20.888930559158325,2.294,5575.254,354.8
0.6629,5.0,20.857176184654236,1.485,5577.1,354.8
0.6706,5.0,20.808836817741394,1.485,5577.1,354.8
0.6757,5.0,20.777060091495514,1.485,5577.1,354.8
0.6808,5.0,20.745228230953217,1.411,5581.318,354.8
0.6867,5.0,20.708036422729492,1.411,5581.318,354.8
0.6921,5.0,20.674115419387817,1.411,5581.318,354.8
0.6972,5.0,20.642323791980743,1.411,5581.318,354.8
0.7023,5.0,20.61055898666382,2.027,5593.184,354.8
0.7126,5.0,20.546212792396545,2.027,5593.184,354.8
0.7206,5.0,20.496515929698944,2.027,5593.184,354.8
0.7256,5.0,20.464730262756348,3.563,5607.598,354.8
0.7346,5.0,20.408716797828674,3.563,5607.598,354.8
0.7397,5.0,20.376938581466675,3.563,5607.598,354.8
0.7448,5.0,20.34517526626587,3.563,5607.598,354.8
0.7499,5.0,20.313411951065063,3.478,5620.605,354.8
0.7586,5.0,20.258742570877075,3.478,5620.605,354.8
0.7637,5.0,20.226968824863434,3.478,5620.605,354.8
0.7688,5.0,20.195212960243225,3.789,5634.053,354.8
0.7816,5.0,20.114964246749878,3.789,5634.053,354.8
0.7867,5.0,20.083190500736237,3.789,5634.053,354.8
0.7918,5.0,20.05143314599991,3.789,5634.053,354.8
0.7969,5.0,20.019681751728058,3.072,5643.721,354.8
0.8056,5.0,19.964751601219177,3.072,5643.721,354.8
0.8125,5.0,19.921931624412537,3.072,5643.721,354.8
0.8176,5.0,19.890041649341583,3.772,5657.783,354.8
0.8256,5.0,19.8398619890213,3.772,5657.783,354.8
0.8312,5.0,19.8046937584877,3.772,5657.783,354.8
0.8363,5.0,19.77289766073227,3.772,5657.783,354.8
0.8414,5.0,19.741138815879822,3.126,5665.342,354.8
0.8496,5.0,19.689926505088806,3.126,5665.342,354.8
0.8547,5.0,19.65814381837845,3.126,5665.342,354.8
0.8598,5.0,19.62638348340988,2.517,5672.988,354.8
0.8696,5.0,19.564954936504364,2.517,5672.988,354.8
0.8747,5.0,19.533178210258484,2.517,5672.988,354.8
0.8798,5.0,19.501416385173798,2.517,5672.988,354.8
0.8854,5.0,19.46619153022766,2.705,5682.568,354.8
0.8936,5.0,19.414936006069183,2.705,5682.568,354.8
0.8987,5.0,19.383160769939423,2.705,5682.568,354.8
0.9038,5.0,19.351404905319214,2.705,5682.568,354.8
0.9103,5.0,19.310396909713745,2.42,5690.391,354.8
0.9176,5.0,19.26492005586624,2.42,5690.391,354.8
0.9227,5.0,19.233137369155884,2.42,5690.391,354.8
0.9278,5.0,19.201309978961945,2.076,5696.279,354.8
0.9377,5.0,19.139377772808075,2.076,5696.279,354.8
0.9431,5.0,19.10543292760849,2.076,5696.279,354.8
0.9482,5.0,19.07365471124649,2.076,5696.279,354.8
0.9533,5.0,19.0419003367424,3.029,5711.572,354.8
0.9616,5.0,18.989750742912292,3.029,5711.572,354.8
0.9667,5.0,18.95797848701477,3.029,5711.572,354.8
0.9718,5.0,18.926213681697845,3.266,5721.064,354.8
0.9816,5.0,18.864937126636505,3.266,5721.064,354.8
0.9867,5.0,18.833166360855103,3.266,5721.064,354.8
0.9923,5.0,18.79817545413971,3.266,5721.064,354.8
0.9974,5.0,18.76640021800995,2.948,5731.875,354.8
1.0056,5.0,18.714934587478638,2.948,5731.875,354.8
1.0122,5.0,18.67360919713974,2.948,5731.875,354.8
1.0173,5.0,18.64156424999237,2.948,5731.875,354.8
1.0225,5.0,18.609562516212463,3.555,5746.377,354.8
1.0296,5.0,18.564772605895996,3.555,5746.377,354.8
1.0347,5.0,18.53298991918564,3.555,5746.377,354.8
1.0417,5.0,18.489202857017517,2.765,5751.563,354.8
1.0506,5.0,18.43367964029312,2.765,5751.563,354.8
1.0557,5.0,18.401901423931122,2.765,5751.563,354.8
1.0608,5.0,18.370145559310913,2.765,5751.563,354.8
1.0659,5.0,18.338392674922943,3.309,5767.119,354.8
1.0746,5.0,18.283675611019135,3.309,5767.119,354.8
1.0797,5.0,18.251895904541016,3.309,5767.119,354.8
1.0848,5.0,18.220141530036926,3.309,5767.119,354.8
1.0899,5.0,18.188396096229553,3.449,5778.896,354.8
1.1007,5.0,18.120652437210083,3.449,5778.896,354.8
1.1073,5.0,18.079672753810883,3.449,5778.896,354.8
1.1123,5.0,18.047893047332764,2.738,5784.609,354.8
1.1186,5.0,18.008656799793243,2.738,5784.609,354.8
1.1237,5.0,17.976883053779602,2.738,5784.609,354.8
1.1288,5.0,17.945124208927155,2.738,5784.609,354.8
1.1339,5.0,17.913375794887543,3.397,5800.693,354.8
1.1426,5.0,17.858585715293884,3.397,5800.693,354.8
1.1477,5.0,17.826800048351288,3.397,5800.693,354.8
1.1533,5.0,17.791648209095,3.397,5800.693,354.8
1.1584,5.0,17.759869992733,3.834,5813.965,354.8
1.1644,5.0,17.722266912460327,3.834,5813.965,354.8
1.1695,5.0,17.690493166446686,3.834,5813.965,354.8
1.1746,5.0,17.658737301826477,4.012,5827.061,354.8
1.1836,5.0,17.602412402629852,4.012,5827.061,354.8
1.1887,5.0,17.57063716650009,4.012,5827.061,354.8
1.1938,5.0,17.53888428211212,4.012,5827.061,354.8
1.1989,5.0,17.50713437795639,4.158,5840.508,354.8
1.2049,5.0,17.46932864189148,4.158,5840.508,354.8
1.2120,5.0,17.424696683883667,4.158,5840.508,354.8
1.2171,5.0,17.392908036708832,4.013,5852.637,354.8
1.2256,5.0,17.339888215065002,4.013,5852.637,354.8
1.2307,5.0,17.308111488819122,4.013,5852.637,354.8
1.2358,5.0,17.276284098625183,4.013,5852.637,354.8
1.2409,5.0,17.244525253772736,3.599,5863.887,354.8
1.2496,5.0,17.189964652061462,3.599,5863.887,354.8
1.2547,5.0,17.158187925815582,3.599,5863.887,354.8
1.2615,5.0,17.115391790866852,2.709,5868.809,354.8
1.2696,5.0,17.064884305000305,2.709,5868.809,354.8
1.2747,5.0,17.033115029335022,2.709,5868.809,354.8
1.2798,5.0,17.001360654830933,2.709,5868.809,354.8
1.2849,5.0,16.969606280326843,2.355,5877.334,354.8
1.2936,5.0,16.914990544319153,2.355,5877.334,354.8
1.2987,5.0,16.88321679830551,2.355,5877.334,354.8
1.3038,5.0,16.85146540403366,2.951,5889.199,354.8
1.3146,5.0,16.783735156059265,2.951,5889.199,354.8
1.3202,5.0,16.74872487783432,2.951,5889.199,354.8
1.3253,5.0,16.71695113182068,2.951,5889.199,354.8
1.3304,5.0,16.68519675731659,3.037,5898.604,354.8
1.3364,5.0,16.647666692733765,3.037,5898.604,354.8
1.3415,5.0,16.61589741706848,3.037,5898.604,354.8
1.3465,5.0,16.58414602279663,3.204,5909.326,354.8
1.3556,5.0,16.527411341667175,3.204,5909.326,354.8
1.3607,5.0,16.495642066001892,3.204,5909.326,354.8
1.3658,5.0,16.463887691497803,3.204,5909.326,354.8
1.3714,5.0,16.428934037685394,3.451,5921.543,354.8
1.3774,5.0,16.391293704509735,3.451,5921.543,354.8
1.3825,5.0,16.35955721139908,3.451,5921.543,354.8
1.3876,5.0,16.32777750492096,3.451,5921.543,354.8
1.3927,5.0,16.295865178108215,3.247,5932.178,354.8
1.4005,5.0,16.246630251407623,3.247,5932.178,354.8
1.4071,5.0,16.20577573776245,3.247,5932.178,354.8
1.4122,5.0,16.17392748594284,3.343,5943.076,354.8
1.4205,5.0,16.12159013748169,3.343,5943.076,354.8
1.4285,5.0,16.07167273759842,3.343,5943.076,354.8
1.4336,5.0,16.03996753692627,2.803,5949.932,354.8
1.4435,5.0,15.97781777381897,2.803,5949.932,354.8
1.4486,5.0,15.945999324321747,2.803,5949.932,354.8
1.4537,5.0,15.91416746377945,2.354,5955.732,354.8
1.4636,5.0,15.852518379688263,2.354,5955.732,354.8
1.4687,5.0,15.82074910402298,2.354,5955.732,354.8
1.4738,5.0,15.788985788822174,3.132,5969.883,354.8
1.4856,5.0,15.714852511882782,3.132,5969.883,354.8
1.4907,5.0,15.683051943778992,3.132,5969.883,354.8
1.4958,5.0,15.651184320449829,3.132,5969.883,354.8
1.5009,5.0,15.61920940876007,3.894,5986.23,354.8
1.5087,5.0,15.57062715291977,3.894,5986.23,354.8
1.5138,5.0,15.538477897644043,3.894,5986.23,354.8
1.5190,5.0,15.506403148174286,3.894,5986.23,354.8
1.5241,5.0,15.474371612071991,4.421,6004.336,354.8
1.5337,5.0,15.41421115398407,4.421,6004.336,354.8
1.5388,5.0,15.382412075996399,4.421,6004.336,354.8
1.5439,5.0,15.350702404975891,4.421,6004.336,354.8
1.5490,5.0,15.318925678730011,4.091,6017.08,354.8
1.5558,5.0,15.276062488555908,4.091,6017.08,354.8
1.5609,5.0,15.244275331497192,4.091,6017.08,354.8
1.5660,5.0,15.212514996528625,3.767,6027.627,354.8
1.5758,5.0,15.151096880435944,3.767,6027.627,354.8
1.5809,5.0,15.119308233261108,3.767,6027.627,354.8
1.5886,5.0,15.071175992488861,3.28,6037.031,354.8
1.5986,5.0,15.008720755577087,3.28,6037.031,354.8
1.6037,5.0,14.976942539215088,3.28,6037.031,354.8
1.6103,5.0,14.93586152791977,2.609,6042.568,354.8
1.6186,5.0,14.883698523044586,2.609,6042.568,354.8
1.6237,5.0,14.851896464824677,2.609,6042.568,354.8
1.6288,5.0,14.820127189159393,2.609,6042.568,354.8
1.6339,5.0,14.788363873958588,2.885,6055.84,354.8
1.6465,5.0,14.70913290977478,2.885,6055.84,354.8
1.6516,5.0,14.67735469341278,2.885,6055.84,354.8
1.6567,5.0,14.645589888095856,3.417,6067.793,354.8
1.6646,5.0,14.596240222454071,3.417,6067.793,354.8
1.6697,5.0,14.564457535743713,3.417,6067.793,354.8
1.6748,5.0,14.532701671123505,3.417,6067.793,354.8
1.6799,5.0,14.50093686580658,3.417,6080.186,354.8
1.6888,5.0,14.444857835769653,3.417,6080.186,354.8
1.6939,5.0,14.413070678710938,3.417,6080.186,354.8
1.6995,5.0,14.37806636095047,3.417,6080.186,354.8
1.7046,5.0,14.346285164356232,3.871,6095.039,354.8
1.7123,5.0,14.298197627067566,3.871,6095.039,354.8
1.7174,5.0,14.26640897989273,3.871,6095.039,354.8
1.7225,5.0,14.234642684459686,3.517,6103.389,354.8
1.7306,5.0,14.183670282363892,3.517,6103.389,354.8
1.7357,5.0,14.151878654956818,3.517,6103.389,354.8
1.7408,5.0,14.120098948478699,3.517,6103.389,354.8
1.7459,5.0,14.088340103626251,3.074,6113.057,354.8
1.7527,5.0,14.045403897762299,3.074,6113.057,354.8
1.7582,5.0,14.011538028717041,3.074,6113.057,354.8
1.7632,5.0,13.979749381542206,3.074,6113.057,354.8
1.7683,5.0,13.947926461696625,2.856,6120.967,354.8
1.7746,5.0,13.908590376377106,2.856,6120.967,354.8
1.7797,5.0,13.876606523990631,2.856,6120.967,354.8
1.7848,5.0,13.844722509384155,2.856,6120.967,354.8
1.7899,5.0,13.81291151046753,2.244,6126.943,354.8
1.7986,5.0,13.758671283721924,2.244,6126.943,354.8
1.8037,5.0,13.726882636547089,2.244,6126.943,354.8
1.8108,5.0,13.68263065814972,2.244,6126.943,354.8
1.8159,5.0,13.650844991207123,2.488,6138.105,354.8
1.8226,5.0,13.608647882938385,2.488,6138.105,354.8
1.8277,5.0,13.576880097389221,2.488,6138.105,354.8
1.8328,5.0,13.545110821723938,2.488,6138.105,354.8
1.8379,5.0,13.513338565826416,3.657,6156.123,354.8
1.8466,5.0,13.4586900472641,3.657,6156.123,354.8
1.8517,5.0,13.426913321018219,3.657,6156.123,354.8
1.8568,5.0,13.39515745639801,3.657,6156.123,354.8
1.8624,5.0,13.360156118869781,3.915,6170.361,354.8
1.8706,5.0,13.308678567409515,3.915,6170.361,354.8
1.8757,5.0,13.276907801628113,3.915,6170.361,354.8
1.8808,5.0,13.245150446891785,4.242,6185.303,354.8
1.8906,5.0,13.183678686618805,4.242,6185.303,354.8
1.8957,5.0,13.151897490024567,4.242,6185.303,354.8
1.9008,5.0,13.120129704475403,4.242,6185.303,354.8
1.9073,5.0,13.079242408275604,4.215,6199.277,354.8
1.9176,5.0,13.015073537826538,4.215,6199.277,354.8
1.9227,5.0,12.983298301696777,4.215,6199.277,354.8
1.9278,5.0,12.95153945684433,3.762,6209.736,354.8
1.9356,5.0,12.90244460105896,3.762,6209.736,354.8
1.9407,5.0,12.870579957962036,3.762,6209.736,354.8
1.9458,5.0,12.838563323020935,3.11,6216.592,354.8
1.9556,5.0,12.777367234230042,3.11,6216.592,354.8
1.9607,5.0,12.745550274848938,3.11,6216.592,354.8
1.9658,5.0,12.713746726512909,3.11,6216.592,354.8
1.9714,5.0,12.678639590740204,2.7,6225.645,354.8
1.9796,5.0,12.627416849136353,2.7,6225.645,354.8
1.9847,5.0,12.595629692077637,2.7,6225.645,354.8
1.9898,5.0,12.563861906528473,2.7,6225.645,354.8
1.9949,5.0,12.532109022140503,2.583,6234.434,354.8
2.0036,5.0,12.477432191371918,2.583,6234.434,354.8
2.0102,5.0,12.436133623123169,2.583,6234.434,354.8
2.0153,5.0,12.404072284698486,2.583,6234.434,354.8
2.0205,5.0,12.37204521894455,2.078,6239.707,354.8
2.0287,5.0,12.320472300052643,2.078,6239.707,354.8
2.0338,5.0,12.288667261600494,2.078,6239.707,354.8
2.0389,5.0,12.256892025470734,1.749,6243.75,354.8
2.0466,5.0,12.20848560333252,1.749,6243.75,354.8
2.0517,5.0,12.176704406738281,1.749,6243.75,354.8
2.0568,5.0,12.144942581653595,1.749,6243.75,354.8
2.0619,5.0,12.113180756568909,2.193,6254.473,354.8
2.0706,5.0,12.058529257774353,2.193,6254.473,354.8
2.0757,5.0,12.026737630367279,2.193,6254.473,354.8
2.0813,5.0,11.991575360298157,2.193,6254.473,354.8
2.0864,5.0,11.959786713123322,2.992,6267.744,354.8
2.0946,5.0,11.90861463546753,2.992,6267.744,354.8
2.0997,5.0,11.876684427261353,2.992,6267.744,354.8
2.1049,5.0,11.844629049301147,2.924,6275.479,354.8
2.1146,5.0,11.783577501773834,2.924,6275.479,354.8
2.1197,5.0,11.751776933670044,2.924,6275.479,354.8
2.1248,5.0,11.719997227191925,2.924,6275.479,354.8
2.1317,5.0,11.67675107717514,2.743,6285.059,354.8
2.1388,5.0,11.6323783993721,2.743,6285.059,354.8
2.1439,5.0,11.60067617893219,2.743,6285.059,354.8
2.1490,5.0,11.568909883499146,2.834,6294.463,354.8
2.1588,5.0,11.507365107536316,2.834,6294.463,354.8
2.1639,5.0,11.475703120231628,2.834,6294.463,354.8
2.1690,5.0,11.44394725561142,2.834,6294.463,354.8
2.1741,5.0,11.412180960178375,2.164,6299.385,354.8
2.1826,5.0,11.35861873626709,2.164,6299.385,354.8
2.1882,5.0,11.323609948158264,2.164,6299.385,354.8
2.1933,5.0,11.291825771331787,2.164,6299.385,354.8
2.1984,5.0,11.260057985782623,2.654,6312.48,354.8
2.2066,5.0,11.20859682559967,2.654,6312.48,354.8
2.2132,5.0,11.167588829994202,2.654,6312.48,354.8
2.2183,5.0,11.135798692703247,3.362,6324.873,354.8
2.2266,5.0,11.08361929655075,3.362,6324.873,354.8
2.2317,5.0,11.051830649375916,3.362,6324.873,354.8
2.2388,5.0,11.007744073867798,3.917,6339.463,354.8
2.2476,5.0,10.952357947826385,3.917,6339.463,354.8
2.2527,5.0,10.9204962849617,3.917,6339.463,354.8
2.2578,5.0,10.88869720697403,3.917,6339.463,354.8
2.2629,5.0,10.856921970844269,4.54,6357.92,354.8
2.2718,5.0,10.801130533218384,4.54,6357.92,354.8
2.2769,5.0,10.76933890581131,4.54,6357.92,354.8
2.2820,5.0,10.737515985965729,4.54,6357.92,354.8
2.2871,5.0,10.705749690532684,3.853,6366.533,354.8
2.2931,5.0,10.667890310287476,3.853,6366.533,354.8
2.2987,5.0,10.63288301229477,3.853,6366.533,354.8
2.3038,5.0,10.601097345352173,3.4,6376.553,354.8
2.3136,5.0,10.539840161800385,3.4,6376.553,354.8
2.3187,5.0,10.508057475090027,3.4,6376.553,354.8
2.3238,5.0,10.476289689540863,3.4,6376.553,354.8
2.3289,5.0,10.444532334804535,2.754,6383.848,354.8
2.3376,5.0,10.389821231365204,2.754,6383.848,354.8
2.3427,5.0,10.358038544654846,2.754,6383.848,354.8
2.3487,5.0,10.320454835891724,2.754,6383.848,354.8
2.3538,5.0,10.288664698600769,2.135,6389.736,354.8
2.3616,5.0,10.239841043949127,2.135,6389.736,354.8
2.3667,5.0,10.208062827587128,2.135,6389.736,354.8
2.3718,5.0,10.176293551921844,2.63,6400.723,354.8
2.3816,5.0,10.114723443984985,2.63,6400.723,354.8
2.3867,5.0,10.082930326461792,2.63,6400.723,354.8
2.3918,5.0,10.051172971725464,2.63,6400.723,354.8
2.3969,5.0,10.019411146640778,3.169,6413.818,354.8
2.4077,5.0,9.951813519001007,3.169,6413.818,354.8
2.4143,5.0,9.910930693149567,3.169,6413.818,354.8
2.4193,5.0,9.879091382026672,3.745,6427.354,354.8
2.4256,5.0,9.839798510074615,3.745,6427.354,354.8
2.4307,5.0,9.80793982744217,3.745,6427.354,354.8
2.4358,5.0,9.776146709918976,3.745,6427.354,354.8
2.4409,5.0,9.744374454021454,4.097,6442.295,354.8
2.4496,5.0,9.689801931381226,4.097,6442.295,354.8
2.4547,5.0,9.658004343509674,4.097,6442.295,354.8
2.4603,5.0,9.622947871685028,4.097,6442.295,354.8
2.4654,5.0,9.591156244277954,3.0,6449.59,354.8
2.4736,5.0,9.539937973022461,3.0,6449.59,354.8
2.4787,5.0,9.508153796195984,3.0,6449.59,354.8
2.4838,5.0,9.476391971111298,2.912,6458.467,354.8
2.4936,5.0,9.414707124233246,2.912,6458.467,354.8
2.4988,5.0,9.382785856723785,2.912,6458.467,354.8
2.5038,5.0,9.350958466529846,2.912,6458.467,354.8
2.5105,5.0,9.30928885936737,2.728,6467.783,354.8
2.5208,5.0,9.24515426158905,2.728,6467.783,354.8
2.5259,5.0,9.213243424892426,2.728,6467.783,354.8
2.5310,5.0,9.181426465511322,1.815,6470.068,354.8
2.5386,5.0,9.133520722389221,1.815,6470.068,354.8
2.5437,5.0,9.101738035678864,1.815,6470.068,354.8
2.5488,5.0,9.069964289665222,1.721,6475.342,354.8
2.5596,5.0,9.002535045146942,1.721,6475.342,354.8
2.5647,5.0,8.970741927623749,1.721,6475.342,354.8
2.5703,5.0,8.935648202896118,1.721,6475.342,354.8
2.5754,5.0,8.90386551618576,2.878,6491.074,354.8
2.5826,5.0,8.858589828014374,2.878,6491.074,354.8
2.5877,5.0,8.826807141304016,2.878,6491.074,354.8
2.5928,5.0,8.795039355754852,3.578,6504.082,354.8
2.6026,5.0,8.733540773391724,3.578,6504.082,354.8
2.6092,5.0,8.692558109760284,3.578,6504.082,354.8
2.6143,5.0,8.66076797246933,3.578,6504.082,354.8
2.6194,5.0,8.628997206687927,3.784,6517.617,354.8
2.6277,5.0,8.576764166355133,3.784,6517.617,354.8
2.6328,5.0,8.544981479644775,3.784,6517.617,354.8
2.6379,5.0,8.513201773166656,4.097,6531.68,354.8
2.6456,5.0,8.464759588241577,4.097,6531.68,354.8
2.6507,5.0,8.432979881763458,4.097,6531.68,354.8
2.6558,5.0,8.401204645633698,4.097,6531.68,354.8
2.6609,5.0,8.369436860084534,4.168,6546.445,354.8
2.6698,5.0,8.313527703285217,4.168,6546.445,354.8
2.6749,5.0,8.281747996807098,4.168,6546.445,354.8
2.6805,5.0,8.246739208698273,4.168,6546.445,354.8
2.6856,5.0,8.214995265007019,3.835,6559.102,354.8
2.6936,5.0,8.16480964422226,3.835,6559.102,354.8
2.6987,5.0,8.133023977279663,3.835,6559.102,354.8
2.7038,5.0,8.101198077201843,3.406,6568.066,354.8
2.7136,5.0,8.039775490760803,3.406,6568.066,354.8
2.7187,5.0,8.007992804050446,3.406,6568.066,354.8
2.7238,5.0,7.976259291172028,3.406,6568.066,354.8
2.7307,5.0,7.9333096742630005,3.141,6578.174,354.8
2.7376,5.0,7.890094816684723,3.141,6578.174,354.8
2.7427,5.0,7.858400046825409,3.141,6578.174,354.8
2.7477,5.0,7.826733589172363,3.007,6587.93,354.8
2.7576,5.0,7.765239477157593,3.007,6587.93,354.8
2.7626,5.0,7.733583450317383,3.007,6587.93,354.8
2.7677,5.0,7.701928913593292,3.007,6587.93,354.8
2.7728,5.0,7.670280337333679,3.102,6599.443,354.8
2.7816,5.0,7.615198194980621,3.102,6599.443,354.8
2.7869,5.0,7.581911981105804,3.102,6599.443,354.8
2.7920,5.0,7.550227642059326,3.102,6599.443,354.8
2.7970,5.0,7.518558204174042,3.102,6611.221,354.8
2.8056,5.0,7.46530145406723,3.102,6611.221,354.8
2.8120,5.0,7.424825429916382,3.102,6611.221,354.8
2.8171,5.0,7.393160462379456,2.619,6616.406,354.8
2.8256,5.0,7.340268790721893,2.619,6616.406,354.8
2.8306,5.0,7.308609783649445,2.619,6616.406,354.8
2.8376,5.0,7.264941930770874,2.866,6627.656,354.8
2.8465,5.0,7.2090744972229,2.866,6627.656,354.8
2.8516,5.0,7.1774110198020935,2.866,6627.656,354.8
2.8567,5.0,7.145747542381287,2.866,6627.656,354.8
2.8617,5.0,7.114075124263763,2.968,6637.588,354.8
2.8706,5.0,7.058984041213989,2.968,6637.588,354.8
2.8756,5.0,7.027307152748108,2.968,6637.588,354.8
2.8807,5.0,6.995616853237152,2.968,6637.588,354.8
2.8858,5.0,6.96379542350769,1.779,6638.379,354.8
2.8917,5.0,6.926703453063965,1.779,6638.379,354.8
2.8973,5.0,6.891831755638123,1.779,6638.379,354.8
2.9024,5.0,6.860004365444183,1.843,6646.729,354.8
2.9126,5.0,6.7960962653160095,1.843,6646.729,354.8
2.9177,5.0,6.764307618141174,1.843,6646.729,354.8
2.9228,5.0,6.732544302940369,1.843,6646.729,354.8
2.9279,5.0,6.700724363327026,4.059,6669.404,354.8
2.9366,5.0,6.646168231964111,4.059,6669.404,354.8
2.9417,5.0,6.614376604557037,4.059,6669.404,354.8
2.9477,5.0,6.576591730117798,4.059,6669.404,354.8
2.9528,5.0,6.544812023639679,3.096,6675.82,354.8
2.9606,5.0,6.4961448311805725,3.096,6675.82,354.8
2.9657,5.0,6.464354693889618,3.096,6675.82,354.8
2.9708,5.0,6.432592868804932,3.585,6690.41,354.8
2.9806,5.0,6.371127068996429,3.585,6690.41,354.8
2.9857,5.0,6.33934885263443,3.585,6690.41,354.8
2.9908,5.0,6.307591497898102,3.585,6690.41,354.8
2.9959,5.0,6.275705993175507,3.585,6700.078,354.8
3.0019,5.0,6.238041818141937,3.585,6700.078,354.8
3.0090,5.0,6.193453073501587,3.585,6700.078,354.8
3.0142,5.0,6.161373853683472,2.76,6707.021,354.8
3.0227,5.0,6.108357012271881,2.76,6707.021,354.8
3.0278,5.0,6.076532602310181,2.76,6707.021,354.8
3.0328,5.0,6.0447558760643005,2.76,6707.021,354.8
3.0379,5.0,6.012988090515137,3.441,6722.754,354.8
3.0466,5.0,5.9585899114608765,3.441,6722.754,354.8
3.0517,5.0,5.926807224750519,3.441,6722.754,354.8
3.0578,5.0,5.889059603214264,3.441,6722.754,354.8
3.0628,5.0,5.857275426387787,3.038,6731.279,354.8
3.0706,5.0,5.8086097240448,3.038,6731.279,354.8
3.0757,5.0,5.776841938495636,3.038,6731.279,354.8
3.0808,5.0,5.745071172714233,3.038,6731.279,354.8
3.0859,5.0,5.713313817977905,3.104,6744.111,354.8
3.0946,5.0,5.65861314535141,3.104,6744.111,354.8
3.0997,5.0,5.626837909221649,3.104,6744.111,354.8
3.1048,5.0,5.595071613788605,3.104,6744.111,354.8
3.1113,5.0,5.554132163524628,3.513,6757.119,354.8
3.1187,5.0,5.507937073707581,3.513,6757.119,354.8
3.1238,5.0,5.476149916648865,3.513,6757.119,354.8
3.1289,5.0,5.444391071796417,3.417,6766.523,354.8
3.1366,5.0,5.396106839179993,3.417,6766.523,354.8
3.1417,5.0,5.364324152469635,3.417,6766.523,354.8
3.1468,5.0,5.332556366920471,3.417,6766.523,354.8
3.1519,5.0,5.300652980804443,3.693,6781.729,354.8
3.1610,5.0,5.243906378746033,3.693,6781.729,354.8
3.1679,5.0,5.200670659542084,3.693,6781.729,354.8
3.1730,5.0,5.168890953063965,3.928,6794.385,354.8
3.1816,5.0,5.114783346652985,3.928,6794.385,354.8
3.1867,5.0,5.083011090755463,3.928,6794.385,354.8
3.1918,5.0,5.051246285438538,3.7,6805.107,354.8
3.2016,5.0,4.989802837371826,3.7,6805.107,354.8
3.2082,5.0,4.948915541172028,3.7,6805.107,354.8
3.2133,5.0,4.91713285446167,3.7,6805.107,354.8
3.2183,5.0,4.885368049144745,3.324,6815.918,354.8
3.2287,5.0,4.820422828197479,3.324,6815.918,354.8
3.2338,5.0,4.788631200790405,3.324,6815.918,354.8
3.2389,5.0,4.756873846054077,3.324,6815.918,354.8
3.2440,5.0,4.72511351108551,2.89,6824.971,354.8
3.2506,5.0,4.683570563793182,2.89,6824.971,354.8
3.2557,5.0,4.651792347431183,2.89,6824.971,354.8
3.2608,5.0,4.6200230717659,3.217,6837.012,354.8
3.2706,5.0,4.558582603931427,3.217,6837.012,354.8
3.2778,5.0,4.513995349407196,3.217,6837.012,354.8
3.2828,5.0,4.4822171330451965,3.217,6837.012,354.8
3.2879,5.0,4.450391232967377,3.569,6851.25,354.8
3.2946,5.0,4.408551752567291,3.569,6851.25,354.8
3.2997,5.0,4.376767575740814,3.569,6851.25,354.8
3.3048,5.0,4.344996809959412,3.569,6851.25,354.8
3.3113,5.0,4.3041229248046875,3.941,6866.895,354.8
3.3186,5.0,4.258568584918976,3.941,6866.895,354.8
3.3237,5.0,4.226790368556976,3.941,6866.895,354.8
3.3288,5.0,4.195034503936768,3.941,6866.895,354.8
3.3344,5.0,4.160000383853912,4.347,6881.924,354.8
3.3404,5.0,4.122395813465118,4.347,6881.924,354.8
3.3455,5.0,4.090620577335358,4.347,6881.924,354.8
3.3506,5.0,4.058864712715149,4.347,6881.924,354.8
3.3557,5.0,4.02710884809494,4.169,6896.162,354.8
3.3636,5.0,3.9773300290107727,4.169,6896.162,354.8
3.3687,5.0,3.9455533027648926,4.169,6896.162,354.8
3.3738,5.0,3.9137914776802063,4.169,6896.162,354.8
3.3789,5.0,3.882037103176117,3.744,6906.094,354.8
3.3867,5.0,3.8329094648361206,3.744,6906.094,354.8
3.3918,5.0,3.801122307777405,3.744,6906.094,354.8
3.3969,5.0,3.769361972808838,3.413,6915.674,354.8
3.4046,5.0,3.721076250076294,3.413,6915.674,354.8
3.4112,5.0,3.6802247166633606,3.413,6915.674,354.8
3.4162,5.0,3.648461401462555,3.76,6929.121,354.8
3.4246,5.0,3.596065938472748,3.76,6929.121,354.8
3.4297,5.0,3.5642802715301514,3.76,6929.121,354.8
3.4348,5.0,3.5325244069099426,3.739,6940.107,354.8
3.4468,5.0,3.4577056765556335,3.739,6940.107,354.8
3.4519,5.0,3.4259214997291565,3.739,6940.107,354.8
3.4569,5.0,3.39406281709671,3.651,6951.709,354.8
3.4656,5.0,3.339777886867523,3.651,6951.709,354.8
3.4707,5.0,3.307993710041046,3.651,6951.709,354.8
3.4758,5.0,3.2762348651885986,3.716,6963.135,354.8
3.4856,5.0,3.214693069458008,3.716,6963.135,354.8
3.4908,5.0,3.1827494502067566,3.716,6963.135,354.8
3.4964,5.0,3.1474769115448,3.716,6963.135,354.8
3.5015,5.0,3.1156569719314575,3.207,6972.627,354.8
3.5100,5.0,3.062283992767334,3.207,6972.627,354.8
3.5152,5.0,3.030121326446533,3.207,6972.627,354.8
3.5203,5.0,2.998100221157074,3.207,6972.627,354.8
3.5254,5.0,2.9662951827049255,3.047,6983.438,354.8
3.5340,5.0,2.9124006628990173,3.047,6983.438,354.8
3.5391,5.0,2.880525588989258,3.047,6983.438,354.8
3.5442,5.0,2.8487369418144226,3.047,6983.438,354.8
3.5493,5.0,2.8169825673103333,2.47,6988.799,354.8
3.5567,5.0,2.7703315019607544,2.47,6988.799,354.8
3.5618,5.0,2.7385443449020386,2.47,6988.799,354.8
3.5669,5.0,2.7067840099334717,2.253,6996.006,354.8
3.5746,5.0,2.658499777317047,2.253,6996.006,354.8
3.5797,5.0,2.6267170906066895,2.253,6996.006,354.8
3.5848,5.0,2.594958245754242,2.253,6996.006,354.8
3.5899,5.0,2.5632068514823914,3.022,7010.156,354.8
3.5986,5.0,2.508498728275299,3.022,7010.156,354.8
3.6066,5.0,2.4586692452430725,3.022,7010.156,354.8
3.6135,5.0,2.4157583713531494,3.428,7021.494,354.8
3.6196,5.0,2.3773953318595886,3.428,7021.494,354.8
3.6247,5.0,2.3455843329429626,3.428,7021.494,354.8
3.6298,5.0,2.3138031363487244,3.428,7021.494,354.8
3.6349,5.0,2.2820398211479187,3.428,7034.238,354.8
3.6426,5.0,2.233467996120453,3.428,7034.238,354.8
3.6477,5.0,2.201688289642334,3.428,7034.238,354.8
3.6528,5.0,2.169923484325409,3.428,7034.238,354.8
3.6579,5.0,2.138108015060425,3.506,7045.137,354.8
3.6660,5.0,2.087792754173279,3.506,7045.137,354.8
3.6710,5.0,2.0560145378112793,3.506,7045.137,354.8
3.6761,5.0,2.024257183074951,2.895,7051.201,354.8
3.6840,5.0,1.9752264022827148,2.895,7051.201,354.8
3.6890,5.0,1.943451166152954,2.895,7051.201,354.8
3.6941,5.0,1.9116982817649841,2.895,7051.201,354.8
3.6992,5.0,1.8799498677253723,3.078,7064.209,354.8
3.7078,5.0,1.8259987235069275,3.078,7064.209,354.8
3.7158,5.0,1.7764866352081299,3.078,7064.209,354.8
3.7208,5.0,1.7446935176849365,3.379,7075.459,354.8
3.7286,5.0,1.69600248336792,3.379,7075.459,354.8
3.7337,5.0,1.664222776889801,3.379,7075.459,354.8
3.7388,5.0,1.6324594616889954,3.025,7082.93,354.8
3.7486,5.0,1.570989191532135,3.025,7082.93,354.8
3.7537,5.0,1.5392124652862549,3.025,7082.93,354.8
3.7588,5.0,1.5074491500854492,3.025,7082.93,354.8
3.7639,5.0,1.4756947755813599,3.41,7097.695,354.8
3.7747,5.0,1.4078974723815918,3.41,7097.695,354.8
3.7798,5.0,1.3761132955551147,3.41,7097.695,354.8
3.7849,5.0,1.3443470001220703,3.647,7108.77,354.8
3.7926,5.0,1.2959882616996765,3.647,7108.77,354.8
3.7977,5.0,1.2642160058021545,3.647,7108.77,354.8
3.8028,5.0,1.2324675917625427,3.647,7119.492,354.8
3.8127,5.0,1.1709019541740417,3.647,7119.492,354.8
3.8177,5.0,1.1391118168830872,3.647,7119.492,354.8
3.8228,5.0,1.1073455214500427,3.647,7119.492,354.8
3.8284,5.0,1.0723546147346497,3.715,7133.73,354.8
3.8366,5.0,1.0209828615188599,3.715,7133.73,354.8
3.8417,5.0,0.9892135858535767,3.715,7133.73,354.8
3.8468,5.0,0.9574532508850098,3.3,7141.641,354.8
3.8566,5.0,0.8959680795669556,3.3,7141.641,354.8
3.8617,5.0,0.8641913533210754,3.3,7141.641,354.8
3.8668,5.0,0.8323580026626587,3.3,7141.641,354.8
3.8719,5.0,0.800594687461853,3.069,7152.188,354.8
3.8827,5.0,0.7334187626838684,3.069,7152.188,354.8
3.8877,5.0,0.7016345858573914,3.069,7152.188,354.8
3.8928,5.0,0.6698668003082275,2.656,7158.428,354.8
3.9006,5.0,0.6209641695022583,2.656,7158.428,354.8
3.9072,5.0,0.5800157785415649,2.656,7158.428,354.8
3.9123,5.0,0.5482226610183716,2.06,7162.383,354.8
3.9206,5.0,0.4959613084793091,2.06,7162.383,354.8
3.9257,5.0,0.4641890525817871,2.06,7162.383,354.8
3.9313,5.0,0.4291340708732605,2.06,7162.383,354.8
3.9364,5.0,0.39735138416290283,2.45,7174.072,354.8
3.9448,5.0,0.34474581480026245,2.45,7174.072,354.8
3.9500,5.0,0.31281113624572754,2.45,7174.072,354.8
3.9550,5.0,0.2809658646583557,3.518,7188.838,354.8
3.9647,5.0,0.22082030773162842,3.518,7188.838,354.8
3.9698,5.0,0.18898248672485352,3.518,7188.838,354.8
3.9749,5.0,0.15718042850494385,3.518,7188.838,354.8
3.9799,5.0,0.12538880109786987,3.794,7202.461,354.8
3.9887,5.0,0.07074475288391113,3.794,7202.461,354.8
3.9938,5.0,0.03892779350280762,3.794,7202.461,354.8
3.9989,5.0,0.007103383541107178,3.794,7202.461,354.8
