v -0 0.102893 -4.87517
v 0.040472 0.095061 -4.87331
v 0.074783 0.072757 -4.86801
v 0.097709 0.039376 -4.86007
v 0.105759 -0 -4.85071
v 0.097709 -0.039376 -4.84135
v 0.074783 -0.072757 -4.83342
v 0.040472 -0.095061 -4.82812
v 0 -0.102893 -4.82626
v -0.040472 -0.095061 -4.82812
v -0.074783 -0.072757 -4.83342
v -0.097709 -0.039376 -4.84135
v -0.105759 0 -4.85071
v -0.097709 0.039376 -4.86007
v -0.074783 0.072757 -4.86801
v -0.040472 0.095061 -4.87331
v -0 0.11892 -4.87557
v 0.046475 0.109926 -4.87343
v 0.085874 0.084314 -4.86734
v 0.1122 0.045982 -4.85823
v 0.121444 0.000767 -4.84748
v 0.1122 -0.044448 -4.83674
v 0.085874 -0.082779 -4.82763
v 0.046475 -0.108392 -4.82154
v 0 -0.117385 -4.8194
v -0.046475 -0.108392 -4.82154
v -0.085874 -0.082779 -4.82763
v -0.1122 -0.044448 -4.83674
v -0.121444 0.000767 -4.84748
v -0.1122 0.045982 -4.85823
v -0.085874 0.084314 -4.86734
v -0.046475 0.109926 -4.87343
v 0.102005 -0.085409 -4.75919
v -0.055205 0.143496 -4.81359
v 0.037651 0.093456 -4.8506
v 0.090898 0.041653 -4.83829
v 0.098387 0.005022 -4.82958
v 0.06957 -0.062663 -4.8135
v 0 -0.090699 -4.80683
v -0.06957 -0.062663 -4.8135
v -0.090898 -0.031609 -4.82088
v -0.090898 0.041653 -4.83829
v -0.037651 0.093456 -4.8506
v 0 0.005022 -4.82958
v 1.26024 -0.492304 4.3433
v 1.17049 -0.605474 4.81636
v 0.268333 -0.605474 4.3433
v 1.24004 -0.548889 4.3433
v 0.268333 -0.548889 4.81636
v 1.24004 -0.548889 4.81636
v 0.313161 -0.605474 4.3433
v 0.268333 -0.492304 4.3433
v 0.292616 -0.492304 4.81636
v 0.31503 -0.548889 4.3433
v 1.17049 -0.605474 4.3433
v 1.12006 -0.605474 4.81636
v 1.2056 -0.492304 4.3433
v 1.2056 -0.492304 4.81636
v 0.313161 -0.605474 4.81636
v -0.290747 -0.605474 4.3433
v -1.17049 -0.605474 4.3433
v -0.268333 -0.492304 4.3433
v -1.26024 -0.492304 4.3433
v -0.268333 -0.548889 4.3433
v -0.268333 -0.605474 4.81636
v -1.24004 -0.548889 4.81636
v -0.313161 -0.605474 4.81636
v -0.268333 -0.492304 4.81636
v -1.12006 -0.605474 4.3433
v -1.17049 -0.605474 4.81636
v -1.24004 -0.548889 4.3433
v -1.2056 -0.492304 4.3433
v -1.2056 -0.492304 4.81636
v -0.31503 -0.548889 4.81636
v 1.54295 -0.003868 4.6946
v 1.60172 -0.0534 4.39679
v 1.4385 0.012362 4.42084
v 1.04733 0.014499 4.7607
v 0.237988 0.014499 4.79335
v 0.596077 0.014499 4.71857
v 1.63141 -0.131839 4.40124
v 1.64474 -0.245647 4.6417
v 1.54295 -0.373618 4.6946
v 1.60172 -0.324086 4.39679
v 1.4385 -0.389848 4.42084
v 1.04712 -0.391985 4.50553
v 0.596077 -0.391985 4.71857
v 0.237988 -0.391985 4.79335
v 1.53479 -0.003868 4.40365
v 1.04712 0.014499 4.50553
v 1.63141 -0.245647 4.40124
v 1.53479 -0.373618 4.40365
v 1.53479 -0.003868 4.37232
v 1.4385 0.012362 4.38395
v 1.04712 0.014499 4.46865
v 0.245101 0.014499 4.66534
v 0.59982 0.014499 4.57443
v 1.63141 -0.131839 4.369
v 1.60172 -0.324086 4.36623
v 1.4385 -0.389848 4.38395
v 0.59982 -0.126158 4.57443
v 1.4385 -0.134384 4.38661
v 1.53479 -0.13494 4.37241
v 1.60172 -0.132747 4.3673
v 0.245101 -0.391985 4.66534
v 0.59982 -0.391985 4.57443
v 1.04712 -0.391985 4.46865
v 1.4385 -0.243102 4.38661
v 1.53479 -0.373618 4.37232
v 1.60172 -0.244739 4.3673
v -1.54295 -0.003868 4.6946
v -1.6135 -0.0534 4.65752
v -1.44475 0.012362 4.71153
v 0 0.014499 4.83545
v -1.04733 0.014499 4.7607
v -0.411604 0.014499 4.85515
v -1.63141 -0.131839 4.40124
v -1.64474 -0.245647 4.6417
v -1.53479 -0.373618 4.40365
v -1.6135 -0.324086 4.65752
v -1.44475 -0.389848 4.71153
v 0 -0.391985 4.91625
v -1.04712 -0.391985 4.50553
v -0.411604 -0.391985 4.85515
v -1.60172 -0.0534 4.36623
v -1.04712 0.014499 4.46865
v -0.245101 0.014499 4.66534
v -0.59982 0.014499 4.61131
v -1.63141 -0.245647 4.40124
v -1.60172 -0.324086 4.36623
v -1.4385 -0.389848 4.38395
v 0 -0.391985 4.75464
v -0.59982 -0.391985 4.57443
v -0.245101 -0.391985 4.70222
v -1.53479 -0.003868 4.37232
v -1.4385 0.012362 4.38395
v 0 0.014499 4.71775
v -0.59982 0.014499 4.57443
v -1.63141 -0.131839 4.369
v -1.63141 -0.245647 4.369
v -1.53479 -0.373618 4.37232
v -1.04712 -0.391985 4.46865
v -0.245101 -0.391985 4.66534
v 0 -0.120996 4.71775
v 0 -0.391985 4.71775
v -0.245101 -0.188743 4.66534
v -0.59982 -0.188743 4.57443
v -1.04712 -0.247366 4.46865
v -1.4385 -0.188743 4.38661
v -1.60172 -0.132747 4.3673
v -1.53479 -0.242546 4.37241
v -1.60172 -0.244739 4.3673
v 1.20453 -0.382039 4.60355
v 0.602263 -0.402679 4.73308
v 0.602263 -0.382039 4.61172
v 0.027763 -0.382039 4.73528
v 1.18918 -0.382039 4.60685
v 1.19685 -0.382039 4.48384
v 1.18918 -0.359933 4.48549
v 1.20453 -0.382039 4.57652
v 0.602263 -0.382039 4.70605
v 0.027763 -0.382039 4.85663
v 0.027763 -0.359933 4.73528
v 0 -0.402679 4.86261
v 1.20453 -0.402679 4.57798
v 1.18918 -0.402679 4.60685
v 1.20453 -0.402679 4.60355
v 0.027763 -0.402679 4.83106
v 0.602263 -0.402679 4.61106
v 0.027763 -0.402679 4.73461
v 0.602263 -0.382039 4.61847
v 1.19685 -0.382039 4.49059
v 0.027763 -0.382039 4.74202
v 0.0138815 -0.402679 4.74316
v 0.602263 -0.402679 4.61662
v 1.18918 -0.402679 4.4904
v -1.20453 -0.402679 4.59076
v 0 -0.382039 4.86261
v -1.18918 -0.402679 4.60685
v 0 -0.382039 4.74125
v -1.19685 -0.382039 4.48722
v 0 -0.359933 4.74125
v -1.20453 -0.359933 4.48219
v -0.602263 -0.402679 4.73308
v -0.602263 -0.382039 4.61172
v -1.18918 -0.359933 4.48549
v -1.18918 -0.382039 4.60685
v -1.18918 -0.382039 4.48549
v -1.20453 -0.382039 4.57652
v 0.0138815 -0.382039 4.83259
v -0.602263 -0.382039 4.70605
v -1.18918 -0.382039 4.57982
v -0.315013 -0.382039 4.79486
v -0.027763 -0.382039 4.73528
v -0.027763 -0.382039 4.8296
v -0.027763 -0.402679 4.85663
v -0.602263 -0.402679 4.7075
v -1.18918 -0.402679 4.58128
v -0.027763 -0.402679 4.83106
v -0.0138815 -0.402679 4.74038
v -1.20453 -0.402679 4.48153
v -0.315013 -0.402679 4.67562
v -1.20453 -0.382039 4.48894
v 0 -0.382039 4.748
v -0.027763 -0.382039 4.74202
v -1.18918 -0.402679 4.48761
v -1.20453 -0.402679 4.4871
v 1.20453 -0.339293 4.60355
v 0.602263 -0.359933 4.73308
v 0.602263 -0.339293 4.61172
v 0.027763 -0.339293 4.73528
v 1.18918 -0.339293 4.60685
v 1.18918 -0.339293 4.48549
v 1.18918 -0.317187 4.48549
v 1.20453 -0.339293 4.57652
v 0.602263 -0.339293 4.70605
v 0.027763 -0.339293 4.85663
v 0.027763 -0.317187 4.73528
v 0 -0.359933 4.86261
v 1.20453 -0.359933 4.57798
v 1.18918 -0.359933 4.60685
v 1.20453 -0.359933 4.60355
v 0.027763 -0.359933 4.83106
v 0.602263 -0.359933 4.61106
v 0.027763 -0.359933 4.73461
v 0.602263 -0.339293 4.61847
v 1.19685 -0.339293 4.49059
v 0.027763 -0.339293 4.74202
v 0.0138815 -0.359933 4.74316
v 0.602263 -0.359933 4.61662
v 1.18918 -0.359933 4.4904
v -1.20453 -0.359933 4.59076
v 0 -0.339293 4.86261
v -1.18918 -0.359933 4.60685
v 0 -0.339293 4.74125
v -1.19685 -0.339293 4.48722
v 0 -0.317187 4.74125
v -1.20453 -0.317187 4.48219
v -0.602263 -0.359933 4.73308
v -0.602263 -0.339293 4.61172
v -1.18918 -0.317187 4.48549
v -1.18918 -0.339293 4.60685
v -1.18918 -0.339293 4.48549
v -1.20453 -0.339293 4.57652
v 0.0138815 -0.339293 4.83259
v -0.602263 -0.339293 4.70605
v -1.18918 -0.339293 4.57982
v -0.315013 -0.339293 4.79486
v -0.027763 -0.339293 4.73528
v -0.027763 -0.339293 4.8296
v -0.027763 -0.359933 4.85663
v -0.602263 -0.359933 4.7075
v -1.18918 -0.359933 4.58128
v -0.027763 -0.359933 4.83106
v -0.0138815 -0.359933 4.74038
v -1.20453 -0.359933 4.48153
v -0.315013 -0.359933 4.67562
v -1.20453 -0.339293 4.48894
v 0 -0.339293 4.748
v -0.027763 -0.339293 4.74202
v -1.18918 -0.359933 4.48761
v -1.20453 -0.359933 4.4871
v 1.20453 -0.296547 4.60355
v 0.602263 -0.317187 4.73308
v 0.602263 -0.296547 4.61172
v 0.027763 -0.296547 4.73528
v 1.18918 -0.296547 4.60685
v 1.18918 -0.296547 4.48549
v 1.18918 -0.274441 4.48549
v 1.20453 -0.296547 4.57652
v 0.602263 -0.296547 4.70605
v 0.027763 -0.296547 4.85663
v 0.027763 -0.274441 4.73528
v 0 -0.317187 4.86261
v 1.20453 -0.317187 4.57798
v 1.18918 -0.317187 4.60685
v 1.20453 -0.317187 4.60355
v 0.027763 -0.317187 4.83106
v 0.602263 -0.317187 4.61106
v 0.027763 -0.317187 4.73461
v 0.602263 -0.296547 4.61847
v 1.19685 -0.296547 4.49059
v 0.027763 -0.296547 4.74202
v 0.0138815 -0.317187 4.74316
v 0.602263 -0.317187 4.61662
v 1.18918 -0.317187 4.4904
v -1.20453 -0.317187 4.59076
v 0 -0.296547 4.86261
v -1.18918 -0.317187 4.60685
v 0 -0.296547 4.74125
v -1.19685 -0.296547 4.48722
v 0 -0.274441 4.74125
v -1.20453 -0.274441 4.48219
v -0.602263 -0.317187 4.73308
v -0.602263 -0.296547 4.61172
v -1.18918 -0.274441 4.48549
v -1.18918 -0.296547 4.60685
v -1.18918 -0.296547 4.48549
v -1.20453 -0.296547 4.57652
v 0.0138815 -0.296547 4.83259
v -0.602263 -0.296547 4.70605
v -1.18918 -0.296547 4.57982
v -0.315013 -0.296547 4.79486
v -0.027763 -0.296547 4.73528
v -0.027763 -0.296547 4.8296
v -0.027763 -0.317187 4.85663
v -0.602263 -0.317187 4.7075
v -1.18918 -0.317187 4.58128
v -0.027763 -0.317187 4.83106
v -0.0138815 -0.317187 4.74038
v -1.20453 -0.317187 4.48153
v -0.315013 -0.317187 4.67562
v -1.20453 -0.296547 4.48894
v 0 -0.296547 4.748
v -0.027763 -0.296547 4.74202
v -1.18918 -0.317187 4.48761
v -1.20453 -0.317187 4.4871
v 1.20453 -0.253801 4.60355
v 0.602263 -0.274441 4.73308
v 0.602263 -0.253801 4.61172
v 0.027763 -0.253801 4.73528
v 1.18918 -0.253801 4.60685
v 1.18918 -0.253801 4.48549
v 1.18918 -0.231695 4.48549
v 1.20453 -0.253801 4.57652
v 0.602263 -0.253801 4.70605
v 0.027763 -0.253801 4.85663
v 0.027763 -0.231695 4.73528
v 0 -0.274441 4.86261
v 1.20453 -0.274441 4.57798
v 1.18918 -0.274441 4.60685
v 1.20453 -0.274441 4.60355
v 0.027763 -0.274441 4.83106
v 0.602263 -0.274441 4.61106
v 0.027763 -0.274441 4.73461
v 0.602263 -0.253801 4.61847
v 1.19685 -0.253801 4.49059
v 0.027763 -0.253801 4.74202
v 0.0138815 -0.274441 4.74316
v 0.602263 -0.274441 4.61662
v 1.18918 -0.274441 4.4904
v -1.20453 -0.274441 4.59076
v 0 -0.253801 4.86261
v -1.18918 -0.274441 4.60685
v 0 -0.253801 4.74125
v -1.19685 -0.253801 4.48722
v 0 -0.231695 4.74125
v -1.20453 -0.231695 4.48219
v -0.602263 -0.274441 4.73308
v -0.602263 -0.253801 4.61172
v -1.18918 -0.231695 4.48549
v -1.18918 -0.253801 4.60685
v -1.18918 -0.253801 4.48549
v -1.20453 -0.253801 4.57652
v 0.0138815 -0.253801 4.83259
v -0.602263 -0.253801 4.70605
v -1.18918 -0.253801 4.57982
v -0.315013 -0.253801 4.79486
v -0.027763 -0.253801 4.73528
v -0.027763 -0.253801 4.8296
v -0.027763 -0.274441 4.85663
v -0.602263 -0.274441 4.7075
v -1.18918 -0.274441 4.58128
v -0.027763 -0.274441 4.83106
v -0.0138815 -0.274441 4.74038
v -1.20453 -0.274441 4.48153
v -0.315013 -0.274441 4.67562
v -1.20453 -0.253801 4.48894
v 0 -0.253801 4.748
v -0.027763 -0.253801 4.74202
v -1.18918 -0.274441 4.48761
v -1.20453 -0.274441 4.4871
v 1.20453 -0.211055 4.60355
v 0.602263 -0.231695 4.73308
v 0.602263 -0.211055 4.61172
v 0.027763 -0.211055 4.73528
v 1.18918 -0.211055 4.60685
v 1.18918 -0.211055 4.48549
v 1.18918 -0.188949 4.48549
v 1.20453 -0.211055 4.57652
v 0.602263 -0.211055 4.70605
v 0.027763 -0.211055 4.85663
v 0.027763 -0.188949 4.73528
v 0 -0.231695 4.86261
v 1.20453 -0.231695 4.57798
v 1.18918 -0.231695 4.60685
v 1.20453 -0.231695 4.60355
v 0.027763 -0.231695 4.83106
v 0.602263 -0.231695 4.61106
v 0.027763 -0.231695 4.73461
v 0.602263 -0.211055 4.61847
v 1.19685 -0.211055 4.49059
v 0.027763 -0.211055 4.74202
v 0.0138815 -0.231695 4.74316
v 0.602263 -0.231695 4.61662
v 1.18918 -0.231695 4.4904
v -1.20453 -0.231695 4.59076
v 0 -0.211055 4.86261
v -1.18918 -0.231695 4.60685
v 0 -0.211055 4.74125
v -1.19685 -0.211055 4.48722
v 0 -0.188949 4.74125
v -1.20453 -0.188949 4.48219
v -0.602263 -0.231695 4.73308
v -0.602263 -0.211055 4.61172
v -1.18918 -0.188949 4.48549
v -1.18918 -0.211055 4.60685
v -1.18918 -0.211055 4.48549
v -1.20453 -0.211055 4.57652
v 0.0138815 -0.211055 4.83259
v -0.602263 -0.211055 4.70605
v -1.18918 -0.211055 4.57982
v -0.315013 -0.211055 4.79486
v -0.027763 -0.211055 4.73528
v -0.027763 -0.211055 4.8296
v -0.027763 -0.231695 4.85663
v -0.602263 -0.231695 4.7075
v -1.18918 -0.231695 4.58128
v -0.027763 -0.231695 4.83106
v -0.0138815 -0.231695 4.74038
v -1.20453 -0.231695 4.48153
v -0.315013 -0.231695 4.67562
v -1.20453 -0.211055 4.48894
v 0 -0.211055 4.748
v -0.027763 -0.211055 4.74202
v -1.18918 -0.231695 4.48761
v -1.20453 -0.231695 4.4871
v 1.20453 -0.168309 4.60355
v 0.602263 -0.188949 4.73308
v 0.602263 -0.168309 4.61172
v 0.027763 -0.168309 4.73528
v 1.18918 -0.168309 4.60685
v 1.18918 -0.168309 4.48549
v 1.18918 -0.146203 4.48549
v 1.20453 -0.168309 4.57652
v 0.602263 -0.168309 4.70605
v 0.027763 -0.168309 4.85663
v 0.027763 -0.146203 4.73528
v 0 -0.188949 4.86261
v 1.20453 -0.188949 4.57798
v 1.18918 -0.188949 4.60685
v 1.20453 -0.188949 4.60355
v 0.027763 -0.188949 4.83106
v 0.602263 -0.188949 4.61106
v 0.027763 -0.188949 4.73461
v 0.602263 -0.168309 4.61847
v 1.19685 -0.168309 4.49059
v 0.027763 -0.168309 4.74202
v 0.0138815 -0.188949 4.74316
v 0.602263 -0.188949 4.61662
v 1.18918 -0.188949 4.4904
v -1.20453 -0.188949 4.59076
v 0 -0.168309 4.86261
v -1.18918 -0.188949 4.60685
v 0 -0.168309 4.74125
v -1.19685 -0.168309 4.48722
v 0 -0.146203 4.74125
v -1.20453 -0.146203 4.48219
v -0.602263 -0.188949 4.73308
v -0.602263 -0.168309 4.61172
v -1.18918 -0.146203 4.48549
v -1.18918 -0.168309 4.60685
v -1.18918 -0.168309 4.48549
v -1.20453 -0.168309 4.57652
v 0.0138815 -0.168309 4.83259
v -0.602263 -0.168309 4.70605
v -1.18918 -0.168309 4.57982
v -0.315013 -0.168309 4.79486
v -0.027763 -0.168309 4.73528
v -0.027763 -0.168309 4.8296
v -0.027763 -0.188949 4.85663
v -0.602263 -0.188949 4.7075
v -1.18918 -0.188949 4.58128
v -0.027763 -0.188949 4.83106
v -0.0138815 -0.188949 4.74038
v -1.20453 -0.188949 4.48153
v -0.315013 -0.188949 4.67562
v -1.20453 -0.168309 4.48894
v 0 -0.168309 4.748
v -0.027763 -0.168309 4.74202
v -1.18918 -0.188949 4.48761
v -1.20453 -0.188949 4.4871
v 1.20453 -0.125563 4.60355
v 0.602263 -0.146203 4.73308
v 0.602263 -0.125563 4.61172
v 0.027763 -0.125563 4.73528
v 1.18918 -0.125563 4.60685
v 1.18918 -0.125563 4.48549
v 1.18918 -0.103458 4.48549
v 1.20453 -0.125563 4.57652
v 0.602263 -0.125563 4.70605
v 0.027763 -0.125563 4.85663
v 0.027763 -0.103458 4.73528
v 0 -0.146203 4.86261
v 1.20453 -0.146203 4.57798
v 1.18918 -0.146203 4.60685
v 1.20453 -0.146203 4.60355
v 0.027763 -0.146203 4.83106
v 0.602263 -0.146203 4.61106
v 0.027763 -0.146203 4.73461
v 0.602263 -0.125563 4.61847
v 1.19685 -0.125563 4.49059
v 0.027763 -0.125563 4.74202
v 0.0138815 -0.146203 4.74316
v 0.602263 -0.146203 4.61662
v 1.18918 -0.146203 4.4904
v -1.20453 -0.146203 4.59076
v 0 -0.125563 4.86261
v -1.18918 -0.146203 4.60685
v 0 -0.125563 4.74125
v -1.19685 -0.125563 4.48722
v 0 -0.103458 4.74125
v -1.20453 -0.103458 4.48219
v -0.602263 -0.146203 4.73308
v -0.602263 -0.125563 4.61172
v -1.18918 -0.103458 4.48549
v -1.18918 -0.125563 4.60685
v -1.18918 -0.125563 4.48549
v -1.20453 -0.125563 4.57652
v 0.0138815 -0.125563 4.83259
v -0.602263 -0.125563 4.70605
v -1.18918 -0.125563 4.57982
v -0.315013 -0.125563 4.79486
v -0.027763 -0.125563 4.73528
v -0.027763 -0.125563 4.8296
v -0.027763 -0.146203 4.85663
v -0.602263 -0.146203 4.7075
v -1.18918 -0.146203 4.58128
v -0.027763 -0.146203 4.83106
v -0.0138815 -0.146203 4.74038
v -1.20453 -0.146203 4.48153
v -0.315013 -0.146203 4.67562
v -1.20453 -0.125563 4.48894
v 0 -0.125563 4.748
v -0.027763 -0.125563 4.74202
v -1.18918 -0.146203 4.48761
v -1.20453 -0.146203 4.4871
v 1.20453 -0.082817 4.60355
v 0.602263 -0.103458 4.73308
v 0.602263 -0.082817 4.61172
v 0.027763 -0.082817 4.73528
v 1.18918 -0.082817 4.60685
v 1.19685 -0.082817 4.48384
v 1.18918 -0.060712 4.48549
v 1.20453 -0.082817 4.57652
v 0.602263 -0.082817 4.70605
v 0.027763 -0.082817 4.85663
v 0.027763 -0.060712 4.73528
v 0 -0.103458 4.86261
v 1.20453 -0.103458 4.57798
v 1.18918 -0.103458 4.60685
v 1.20453 -0.103458 4.60355
v 0.027763 -0.103458 4.83106
v 0.602263 -0.103458 4.61106
v 0.027763 -0.103458 4.73461
v 0.602263 -0.082817 4.61847
v 1.19685 -0.082817 4.49059
v 0.027763 -0.082817 4.74202
v 0.0138815 -0.103458 4.74316
v 0.602263 -0.103458 4.61662
v 1.18918 -0.103458 4.4904
v -1.20453 -0.103458 4.59076
v 0 -0.082817 4.86261
v -1.18918 -0.103458 4.60685
v 0 -0.082817 4.74125
v -1.19685 -0.082817 4.48722
v 0 -0.060712 4.74125
v -1.20453 -0.060712 4.48219
v -0.602263 -0.103458 4.73308
v -0.602263 -0.082817 4.61172
v -1.18918 -0.060712 4.48549
v -1.18918 -0.082817 4.60685
v -1.18918 -0.082817 4.48549
v -1.20453 -0.082817 4.57652
v 0.0138815 -0.082817 4.83259
v -0.602263 -0.082817 4.70605
v -1.18918 -0.082817 4.57982
v -0.315013 -0.082817 4.79486
v -0.027763 -0.082817 4.73528
v -0.027763 -0.082817 4.8296
v -0.027763 -0.103458 4.85663
v -0.602263 -0.103458 4.7075
v -1.18918 -0.103458 4.58128
v -0.027763 -0.103458 4.83106
v -0.0138815 -0.103458 4.74038
v -1.20453 -0.103458 4.48153
v -0.315013 -0.103458 4.67562
v -1.20453 -0.082817 4.48894
v 0 -0.082817 4.748
v -0.027763 -0.082817 4.74202
v -1.18918 -0.103458 4.48761
v -1.20453 -0.103458 4.4871
v 1.20453 -0.040071 4.60355
v 0.602263 -0.060712 4.73308
v 0.602263 -0.040071 4.61172
v 0.027763 -0.040071 4.73528
v 1.18918 -0.040071 4.60685
v 1.19685 -0.040071 4.48384
v 1.18918 -0.017966 4.48549
v 1.20453 -0.040071 4.57652
v 0.602263 -0.040071 4.70605
v 0.027763 -0.040071 4.85663
v 0.027763 -0.017966 4.73528
v 0 -0.060712 4.86261
v 1.20453 -0.060712 4.57798
v 1.18918 -0.060712 4.60685
v 1.20453 -0.060712 4.60355
v 0.027763 -0.060712 4.83106
v 0.602263 -0.060712 4.61106
v 0.027763 -0.060712 4.73461
v 0.602263 -0.040071 4.61847
v 1.19685 -0.040071 4.49059
v 0.027763 -0.040071 4.74202
v 0.0138815 -0.060712 4.74316
v 0.602263 -0.060712 4.61662
v 1.18918 -0.060712 4.4904
v -1.20453 -0.060712 4.59076
v 0 -0.040071 4.86261
v -1.18918 -0.060712 4.60685
v 0 -0.040071 4.74125
v -1.19685 -0.040071 4.48722
v 0 -0.017966 4.74125
v -1.20453 -0.017966 4.48219
v -0.602263 -0.060712 4.73308
v -0.602263 -0.040071 4.61172
v -1.18918 -0.017966 4.48549
v -1.18918 -0.040071 4.60685
v -1.18918 -0.040071 4.48549
v -1.20453 -0.040071 4.57652
v 0.0138815 -0.040071 4.83259
v -0.602263 -0.040071 4.70605
v -1.18918 -0.040071 4.57982
v -0.315013 -0.040071 4.79486
v -0.027763 -0.040071 4.73528
v -0.027763 -0.040071 4.8296
v -0.027763 -0.060712 4.85663
v -0.602263 -0.060712 4.7075
v -1.18918 -0.060712 4.58128
v -0.027763 -0.060712 4.83106
v -0.0138815 -0.060712 4.74038
v -1.20453 -0.060712 4.48153
v -0.315013 -0.060712 4.67562
v -1.20453 -0.040071 4.48894
v 0 -0.040071 4.748
v -0.027763 -0.040071 4.74202
v -1.18918 -0.060712 4.48761
v -1.20453 -0.060712 4.4871
v 1.20453 0.002675 4.60355
v 0.602263 -0.017966 4.73308
v 0.602263 0.002675 4.61172
v 0.027763 0.002675 4.73528
v 1.18918 0.002675 4.60685
v 1.19685 0.002675 4.48384
v 1.18918 0.02478 4.48549
v 1.20453 0.002675 4.57652
v 0.602263 0.002675 4.70605
v 0.027763 0.002675 4.85663
v 0.027763 0.02478 4.73528
v 0 -0.017966 4.86261
v 1.20453 -0.017966 4.57798
v 1.18918 -0.017966 4.60685
v 1.20453 -0.017966 4.60355
v 0.027763 -0.017966 4.83106
v 0.602263 -0.017966 4.61106
v 0.027763 -0.017966 4.73461
v 0.602263 0.002675 4.61847
v 1.19685 0.002675 4.49059
v 0.027763 0.002675 4.74202
v 0.0138815 -0.017966 4.74316
v 0.602263 -0.017966 4.61662
v 1.18918 -0.017966 4.4904
v -1.20453 -0.017966 4.59076
v 0 0.002675 4.86261
v -1.18918 -0.017966 4.60685
v 0 0.002675 4.74125
v -1.19685 0.002675 4.48722
v 0 0.02478 4.74125
v -1.20453 0.02478 4.48219
v -0.602263 -0.017966 4.73308
v -0.602263 0.002675 4.61172
v -1.18918 0.02478 4.48549
v -1.18918 0.002675 4.60685
v -1.18918 0.002675 4.48549
v -1.20453 0.002675 4.57652
v 0.0138815 0.002675 4.83259
v -0.602263 0.002675 4.70605
v -1.18918 0.002675 4.57982
v -0.315013 0.002675 4.79486
v -0.027763 0.002675 4.73528
v -0.027763 0.002675 4.8296
v -0.027763 -0.017966 4.85663
v -0.602263 -0.017966 4.7075
v -1.18918 -0.017966 4.58128
v -0.027763 -0.017966 4.83106
v -0.0138815 -0.017966 4.74038
v -1.20453 -0.017966 4.48153
v -0.315013 -0.017966 4.67562
v -1.20453 0.002675 4.48894
v 0 0.002675 4.748
v -0.027763 0.002675 4.74202
v -1.18918 -0.017966 4.48761
v -1.20453 -0.017966 4.4871
v 0.290747 -0.605474 4.3433
v 1.17049 -0.605474 4.3433
v 0.268333 -0.492304 4.3433
v 1.26024 -0.492304 4.3433
v 0.268333 -0.548889 4.3433
v 0.316899 -0.492304 4.3433
v 0.31503 -0.548889 4.3433
v 1.12006 -0.605474 4.3433
v 1.24004 -0.548889 4.3433
v 1.2056 -0.492304 4.3433
v -1.26024 -0.492304 4.3433
v -0.268333 -0.605474 4.3433
v -1.24004 -0.548889 4.3433
v -0.313161 -0.605474 4.3433
v -0.268333 -0.492304 4.3433
v -0.31503 -0.548889 4.3433
v -1.17049 -0.605474 4.3433
v -1.2056 -0.492304 4.3433
v 0.241986 0.388559 1.98404
v 0.241986 0.388559 1.85373
v 0.267818 0.388559 1.98404
v 0.267818 0.408069 1.85373
v 0.312317 0.388559 1.98036
v 0.312317 0.388559 1.85005
v 0.338148 0.388559 1.98018
v 0.382647 0.388559 1.9726
v 0.382647 0.388559 1.84229
v 0.408479 0.388559 1.97226
v 0.452978 0.388559 1.96208
v 0.452978 0.388559 1.83181
v 0.478809 0.388559 1.96187
v 0.478809 0.40687 1.83188
v 0.523308 0.388559 1.95561
v 0.523308 0.388559 1.82601
v 0.54914 0.388559 1.95666
v 0.593639 0.388559 1.95115
v 0.593639 0.388559 1.82201
v 0.61947 0.388559 1.95307
v 0.663969 0.388559 1.93727
v 0.663969 0.388559 1.8079
v 0.689801 0.388559 1.93971
v 0.7343 0.388559 1.92565
v 0.7343 0.388559 1.79559
v 0.760131 0.388559 1.92819
v 0.80463 0.388559 1.90591
v 0.80463 0.388559 1.7756
v 0.830462 0.388559 1.90809
v 0.874961 0.388559 1.8914
v 0.874961 0.388559 1.76108
v 0.900792 0.388559 1.89256
v 0.945291 0.388559 1.8762
v 0.945291 0.388559 1.74588
v 0.971123 0.388559 1.8762
v -0.241986 0.433221 1.98404
v -0.267818 0.388559 1.85373
v -0.267818 0.388559 1.98404
v -0.338148 0.388559 1.84987
v -0.408479 0.388559 1.84194
v -0.478809 0.388559 1.83188
v -0.478809 0.388559 1.96187
v -0.54914 0.388559 1.82731
v -0.61947 0.388559 1.82414
v -0.689801 0.388559 1.81045
v -0.760131 0.388559 1.79815
v -0.830462 0.388559 1.77777
v -0.900792 0.388559 1.76225
v -0.971123 0.388559 1.74588
v 1.32855 1.20425 0.629997
v 1.33712 1.16933 -0.487633
v 1.19027 1.24735 -0.486878
v 0.539424 1.30659 -0.487017
v 1.32844 1.20014 0.724716
v 1.24962 1.22009 0.765587
v 1.38395 1.08685 -1.16902
v 1.18222 1.21996 -1.21533
v 0.547997 1.27762 -1.20361
v 1.57054 0.619032 -1.83606
v 1.1626 1.08847 -1.84247
v 0.521939 1.22748 -1.82305
v 0.62152 0.665124 -3.11132
v 1.20868 0.717424 -2.95366
v 1.4562 0.731699 -2.58028
v 1.25915 0.857143 -2.50337
v 1.17248 0.717398 -2.97296
v 1.29048 0.665124 -3.023
v 0.62152 0.70139 -3.04879
v 1.66282 0.576921 -1.851
v 1.61784 0.635209 -2.17145
v 0.578289 0.602207 -3.30562
v 1.52332 0.660205 -2.63451
v 1.17743 0.606945 -3.26323
v 1.42938 0.595865 -3.26478
v 1.3366 0.846437 -2.5043
v 1.3813 0.914776 -2.11765
v 1.4006 0.945304 -1.84084
v 1.74628 0.54814 -1.83757
v 1.73753 0.584949 -2.18769
v 1.73753 0.602916 -2.68829
v 1.73753 0.52583 -3.25969
v 1.45914 0.285426 -4.65939
v 1.60766 0.262773 -4.64327
v 1.43956 0.516066 -3.72428
v 1.44973 0.417713 -4.18377
v 1.17743 0.430158 -4.18325
v 1.17743 0.52851 -3.72324
v 0.348155 0.425445 -4.21023
v 0.471465 0.523798 -3.7515
v 1.69541 0.443015 -3.72089
v 1.62157 0.395227 -0.947285
v 1.7038 0.350968 -1.23755
v 1.74473 0.300708 -1.23755
v 1.61152 0.460199 -1.20651
v 1.7455 0.413685 -1.53756
v 1.68331 0.453205 -1.54428
v 1.59102 0.532904 -1.52263
v 1.62157 0.495437 1.39794
v 1.71385 0.431847 1.62352
v 1.75421 0.381587 1.58536
v 1.61169 0.327614 3.78942
v 1.70644 0.29069 3.75571
v 1.74791 0.22772 3.74578
v 1.56202 0.114247 4.51382
v 1.63644 0.080641 4.50087
v 1.71385 0.431847 1.75294
v 1.75428 0.381587 1.81312
v 1.48082 0.327614 3.80701
v 1.47108 0.114247 4.51814
v 1.48082 0.495437 1.7307
v 1.71385 0.418869 2.3876
v 1.71255 0.343194 3.37112
v 1.62157 0.482459 2.37145
v 1.62157 0.401539 3.36736
v 1.75412 0.368609 2.42738
v 1.48082 0.482459 2.38905
v 1.48082 0.401539 3.38495
v 1.66929 0.214275 4.10407
v 1.70726 0.164015 4.10407
v 1.58638 0.258225 4.10113
v 1.01469 0.498641 1.55505
v 1.01469 0.498641 1.87021
v 1.01469 0.330819 3.87321
v 1.01469 0.117452 4.58275
v 1.01469 0.404744 3.45485
v 1.01469 0.485664 2.47027
v 0.605416 0.264244 4.2418
v 0.195351 0.33854 3.98863
v 0.195556 0.411926 3.57698
v 0.196147 0.491292 2.61291
v 0.196147 0.267058 4.29934
v 0.196147 0.504269 1.99866
v 0.400781 0.121673 4.66784
v 0.605416 0.333632 3.93133
v 1.62157 0.495437 1.71813
v 1.48082 0.495437 1.52114
v 1.01469 0.498641 1.718
v 0.196147 0.504269 1.82737
v 0.605416 0.501455 1.79958
v 0.99522 0.423157 1.86531
v 1.00562 0.392307 3.45321
v 0.99522 0.433698 2.46541
v 0.213399 0.44491 2.60771
v 0.213399 0.433813 1.99344
v 0.203594 0.401855 3.57519
v 0.60431 0.439304 2.53656
v 0.99522 0.417193 1.72437
v 0.60431 0.423201 1.80578
v 1.86189 0.178543 -1.87198
v 1.85315 0.200733 -2.8197
v 1.85315 0.219497 -3.25969
v 1.7139 0.052677 -4.63968
v 1.81103 0.172634 -3.72089
v 1.86035 0.092176 -1.23755
v 1.86112 0.140758 -1.54903
v 1.8477 0.137904 1.58163
v 1.83872 0.058527 3.80619
v 1.74399 -0.069366 4.41029
v 1.85348 0.062866 3.50161
v 1.84814 0.130566 2.42738
v 1.80505 -0.002354 4.10407
v 1.84814 0.137904 1.83716
v 1.91082 -0.198234 -1.76856
v 1.90207 -0.173498 -3.37417
v 1.73908 -0.164722 -4.60691
v 1.85995 -0.175671 -3.72063
v 1.80254 -0.170197 -4.18179
v 1.90927 -0.205148 -1.23747
v 1.91005 -0.201586 -1.53746
v 1.86516 -0.237444 1.61679
v 1.85879 -0.264138 3.97967
v 1.77075 -0.284245 4.41271
v 1.8284 -0.271877 4.16112
v 1.86474 -0.240342 1.81095
v 1.71306 0.376555 2.97115
v 1.62157 0.436963 2.97579
v 1.75111 0.292934 3.38039
v 1.48082 0.436963 2.99338
v 1.01469 0.440168 3.06774
v 0.195788 0.446739 3.19793
v 1.00153 0.412189 3.06483
v 0.207449 0.422391 3.1948
v 0.604668 0.416818 3.13
v 1.85138 0.072463 2.91126
v 1.86425 -0.24865 2.52013
v 1.85879 -0.270313 3.87611
v 1.91082 -0.19812 -1.8833
v 1.90207 -0.177322 -3.25183
v 1.68448 -0.827361 -1.62643
v 1.55754 -0.794711 -3.57681
v 1.52413 -0.552815 -4.60263
v 1.55754 -0.743051 -3.87739
v 1.55754 -0.676709 -4.15967
v 1.68448 -0.833988 -0.943207
v 1.68448 -0.831153 -1.23542
v 1.68448 -0.828315 -1.52798
v 1.5472 -0.815635 4.16417
v 1.5472 -0.549126 4.4875
v 1.68448 -0.866145 2.372
v 1.5472 -0.756531 4.37771
v 1.68448 -0.860894 1.83065
v 1.5472 -0.822698 4.04589
v 1.68448 -0.826124 -1.75392
v 1.55754 -0.810004 -3.4774
v 1.75235 -0.538141 4.26036
v 1.78274 -0.55358 4.08578
v 1.68991 -0.470743 4.40647
v 1.78274 -0.541046 3.98604
v 1.78911 -0.561593 1.74493
v 1.78911 -0.55952 1.60163
v 1.83477 -0.536553 -1.67778
v 1.83477 -0.546029 -1.7492
v 1.7882 -0.570726 2.35739
v 1.78827 -0.563243 1.84176
v 1.834 -0.533988 -1.53499
v 1.83323 -0.509717 -1.23613
v 1.72649 -0.423453 -4.16458
v 1.6883 -0.393304 -4.58609
v 1.82603 -0.484105 -3.48887
v 1.7839 -0.467007 -3.80092
v 1.82603 -0.480281 -3.38946
v 1.39158 -0.867506 4.16417
v 1.42229 -0.572906 4.53038
v 1.39158 -0.771951 4.41416
v 1.56013 0.015609 4.71941
v 1.63205 -0.039141 4.6816
v 1.46001 0.033549 4.73667
v 1.05486 0.035911 4.78679
v 0.222497 0.035911 4.91297
v 1.6639 -0.125844 4.66547
v 1.56013 -0.393095 4.71941
v 1.63205 -0.338345 4.6816
v 1.46001 -0.411035 4.73667
v 0.590994 -0.867506 4.20571
v 0.590994 -0.874569 4.08743
v 1.05486 -0.874569 4.06306
v 0.590994 -0.771951 4.4557
v 1.05486 -0.413397 4.78679
v 0.590994 -0.413397 4.85319
v 0.222497 -0.575268 4.59723
v 0.222497 -0.413397 4.91297
v 0.222497 -0.867506 4.23102
v 0.222497 -0.771951 4.48101
v 1.65153 -0.39333 4.59259
v 1.54595 -0.450001 4.63483
v 1.56082 0.061611 4.64613
v 1.633 0.01413 4.61439
v 1.6639 -0.251642 4.66547
v 1.02581 0.064093 4.71506
v 1.46405 0.061611 4.65045
v 1.44625 -0.47007 4.66143
v 1.70226 -0.093894 4.57363
v 0.016484 0.069408 4.85342
v 0.590994 -0.472432 4.75061
v 1.05486 -0.472432 4.69954
v 0.222497 -0.472432 4.79782
v 1.54295 -0.003868 4.6946
v 1.04733 0.014499 4.7607
v 1.64474 -0.131839 4.6417
v 1.64474 -0.245647 4.6417
v 1.44475 -0.389848 4.71153
v 1.95913 0.234563 -2.8197
v 1.93388 0.08429 3.51478
v 1.93186 0.093502 2.94814
v 1.90315 -0.259928 2.54734
v 1.89791 -0.280722 3.8489
v 1.95 -0.198029 -1.88333
v 1.94126 -0.177322 -3.25183
v 1.93648 0.002624 3.48392
v 1.93452 0.01156 2.93423
v 1.89374 -0.287437 2.57003
v 1.88865 -0.307609 3.83263
v 1.80438 -0.559695 3.93499
v 1.80946 -0.587331 2.41851
v 1.92934 -0.222313 -3.20487
v 1.93747 -0.241969 -1.93332
v 1.9593 0.127738 -2.8034
v 1.9593 0.103933 -2.29083
v 1.84642 -0.567665 -1.80781
v 1.8383 -0.503776 -3.33274
v 1.06224 1.0484 -2.09298
v 1.68448 -0.849665 0.672997
v 1.68448 -0.841808 -0.136981
v 1.68448 -0.85703 1.4323
v 1.26869 1.19061 0.79185
v 1.30811 1.18064 0.771414
v 0.498927 1.28948 0.625169
v 1.12381 1.2537 -0.486893
v 1.1627 1.22612 0.776117
v 1.11753 1.22391 -1.22078
v 1.09749 1.10337 -1.84039
v 1.52926 0.698798 -2.14176
v 1.58082 0.644997 -2.35279
v 1.73753 0.593932 -2.43799
v 1.85315 0.17511 -2.26798
v 1.95913 0.20894 -2.26798
v 1.14044 1.00321 -2.16869
v 1.52088 0.551419 1.36213
v 1.71442 -0.729953 -1.64464
v 1.71365 -0.723523 -1.52876
v 1.66785 -0.764256 2.36603
v 1.71495 -0.653319 -0.942524
v 1.66876 -0.750291 1.58339
v 1.71442 -0.735887 -1.71246
v 1.66792 -0.755122 1.83527
v 1.69225 -0.679956 -1.23512
v 1.6974 -0.771731 2.42654
v 1.73713 -0.745127 -1.77327
v 1.68424 -0.725334 -0.137035
v 1.68682 -0.737813 0.673034
v 1.67185 -0.74816 1.44519
v 1.68448 -0.858283 1.56142
v 1.68448 -0.834529 -0.887388
v 1.69785 -0.658305 -0.886756
v 1.7124 0.334429 -0.989212
v 1.75333 0.28417 -0.989212
v 1.86967 0.0820365 -0.968249
v 1.9186 -0.20807 -0.968167
v 1.68448 -0.833578 -0.985415
v 1.84255 -0.49232 -0.965257
v 1.71958 -0.657166 -0.984788
v 1.63553 0.485815 1.40373
v 1.18966 0.665124 -3.08038
v 1.24958 0.691274 -2.98833
v 1.19486 1.27719 0.572851
v 1.2637 1.20834 -0.487255
v 1.28903 1.21012 0.745152
v 1.28309 1.13464 -1.18342
v 1.2563 0.972567 -2.11301
v 1.2816 1.01689 -1.84166
v 1.36915 0.89619 -2.22281
v 1.34595 0.837474 -2.51024
v 1.39286 0.897906 -2.11953
v 1.37979 0.881609 -2.22764
v 1.74775 -0.975338 -1.62643
v 1.74775 -0.981966 -0.943207
v 1.74775 -0.979131 -1.23542
v 1.74775 -1.01302 2.25785
v 1.74775 -1.00783 1.72358
v 1.68448 -0.866728 2.43207
v 1.74775 -0.974102 -1.75392
v 1.74775 -0.997643 0.672997
v 1.74775 -1.00617 1.55229
v 1.80773 0.082526 3.50515
v 1.80563 0.092141 2.91369
v 1.76174 -0.229573 2.52182
v 1.75628 -0.251278 3.88035
v 1.6656 -0.522518 3.99048
v 1.67107 -0.552253 2.35878
v 1.58681 -0.81007 -1.69066
v 1.79924 -0.160255 -3.25216
v 1.80799 -0.181408 -1.88373
v 1.83148 0.216467 -2.82011
v 1.83148 0.190848 -2.26848
v 1.71 -0.531919 -1.74866
v 1.70126 -0.463162 -3.38977
v 1.55049 -0.750664 2.36742
v 1.59238 -0.722902 -1.71149
v 1.60382 -0.969322 -1.69066
v 1.4862 0.092141 2.91369
v 1.47407 -0.251278 3.88035
v 1.59048 -0.804697 4.05044
v 1.48396 -0.160255 -3.25216
v 1.21867 0.216467 -2.82011
v 1.45988 -0.463162 -3.38977
v 1.49188 0.190848 -2.26848
v 1.43312 -0.722902 -1.71149
v 1.42008 -0.852878 2.37337
v 1.43593 -0.969322 -1.69066
v 1.2196 0.082526 3.50515
v 1.2196 0.092141 2.91369
v 1.2196 -0.229573 2.52182
v 1.2196 -0.251278 3.88035
v 1.2196 -0.852878 2.37337
v 1.2196 -0.804697 4.05044
v 1.2196 -0.522518 3.99048
v 1.2196 -0.552253 2.35878
v 1.21867 -0.160255 -3.25216
v 1.21867 -0.181408 -1.88373
v 1.21867 0.190848 -2.26848
v 1.21867 -0.463162 -3.38977
v 1.21867 -0.722902 -1.71149
v 1.2196 -1.0121 2.37337
v 1.21867 -0.969322 -1.69066
v 1.24036 -0.782941 3.40941
v 1.24036 -0.950453 2.95162
v 1.24036 -0.223809 3.075
v 1.24036 -0.780563 2.85384
v 1.24036 -0.654613 2.78135
v 1.24036 -0.451228 2.6643
v 1.21867 -0.836952 -3.03094
v 1.21867 -0.925199 -2.13742
v 1.21867 0.203658 -2.54429
v 1.21867 -0.602318 -2.70821
v 1.21867 -0.389239 -2.62514
v 1.21867 -0.019684 -2.48201
v 1.21867 -0.81007 -1.69066
v 1.21867 -0.606989 -2.02889
v 1.21867 -0.531919 -1.74866
v 0.016417 0.337857 4.0149
v 0.016435 0.411738 3.60448
v 0.016484 0.492527 2.64421
v 0.016484 0.268293 4.3246
v 0.016484 0.505505 2.01106
v 0.016484 0.124315 4.72111
v 0.016454 0.44711 3.22692
v 0.018699 0.035911 4.94266
v 0.019403 0.014499 4.91358
v 1.1484 0.575751 -4.90288
v 1.40632 0.549629 -4.90288
v 1.17743 0.221653 -4.83097
v 1.45276 0.221653 -4.83097
v 1.55606 0.225041 -4.83097
v 1.45265 0.070725 -4.82902
v 1.62572 0.056699 -4.82902
v 1.45276 -0.112129 -4.77678
v 1.66054 -0.14357 -4.77678
v 1.17743 -0.265959 -4.71293
v 1.44405 -0.265959 -4.71293
v 1.64894 -0.335131 -4.71293
v 1.33957 -0.562008 -4.60263
v 1.65329 0.344663 -4.18208
v 1.45885 0.314845 -4.62934
v 1.7689 0.117027 -4.18208
v 1.5613 -0.591561 -4.52449
v 0.302779 -0.59257 -4.53829
v 1.33957 -0.59257 -4.53829
v 1.33957 -0.59257 -4.52542
v 1.33957 -0.684257 -4.1635
v 1.33957 -0.753423 -3.8804
v 1.33957 -0.801679 -3.58765
v 1.17743 -0.819373 -3.4847
v 1.33957 -0.819373 -3.4847
v 0.30771 -0.587475 -4.74304
v 0 1.29517 0.637621
v -1.32855 1.20425 0.629997
v 0 1.3126 -0.487139
v -0.498927 1.28948 0.625169
v -1.19486 1.27719 0.572851
v -1.19027 1.24735 -0.486878
v -0.539424 1.30659 -0.487017
v 0 1.28182 0.885911
v -1.32844 1.20014 0.724716
v -0.4869 1.27638 0.86387
v 0 1.28363 -1.20397
v -1.38395 1.08685 -1.16902
v -1.18222 1.21996 -1.21533
v -0.547997 1.27762 -1.20361
v 0 1.23335 -1.82438
v -0.521939 1.22748 -1.82305
v -1.52926 0.698798 -2.14176
v -1.1313 1.03036 -2.10837
v -0.62152 0.665124 -3.11132
v -1.20868 0.717424 -2.95366
v -1.1817 0.86785 -2.50243
v -1.24958 0.691274 -2.98833
v -1.17248 0.717398 -2.97296
v -1.29048 0.665124 -3.023
v -0.62152 0.719522 -3.01752
v 0 0.665124 -3.13251
v 0 0.737731 -3.00039
v -1.66282 0.576921 -1.851
v -1.61784 0.635209 -2.17145
v -0.578289 0.602207 -3.30562
v -1.52332 0.660205 -2.63451
v -1.17743 0.606945 -3.26323
v -1.42938 0.595865 -3.26478
v 0 0.602755 -3.36214
v -1.3366 0.846437 -2.5043
v -1.4006 0.945304 -1.84084
v -1.74628 0.54814 -1.83757
v -1.73753 0.602916 -2.68829
v -1.73753 0.52583 -3.25969
v -0.332194 0.285426 -4.66032
v -1.17743 0.285426 -4.66003
v -1.45914 0.285426 -4.65939
v 0.332194 0.285426 -4.66032
v -1.60766 0.262773 -4.64327
v -1.43956 0.516066 -3.72428
v -1.44973 0.417713 -4.18377
v -1.17743 0.430158 -4.18325
v -1.17743 0.52851 -3.72324
v -0.348155 0.425445 -4.21023
v -0.471465 0.523798 -3.7515
v -1.69541 0.443015 -3.72089
v -1.65329 0.344663 -4.18208
v 0 0.425445 -4.21623
v 0 0.523798 -3.78919
v -1.7038 0.350968 -1.23755
v -1.74473 0.300708 -1.23755
v -1.7455 0.413685 -1.53756
v -1.68331 0.453205 -1.54428
v -1.62157 0.495437 1.39794
v -1.71385 0.431847 1.43616
v -1.75418 0.381587 1.47703
v -1.61169 0.327614 3.78942
v -1.70644 0.29069 3.75571
v -1.74791 0.22772 3.74578
v -1.56202 0.114247 4.51382
v -1.63644 0.080641 4.50087
v -1.75428 0.381587 1.81312
v -1.62157 0.495437 1.71813
v -1.47108 0.114247 4.51814
v -1.48082 0.495437 1.7307
v 0 0.514812 1.68707
v 0 0.346989 4.01731
v 0 0.133622 4.72339
v 0 0.514812 2.01219
v -1.71385 0.418869 2.3876
v -1.71255 0.343194 3.37112
v -1.62157 0.482459 2.37145
v -1.62157 0.401539 3.36736
v -1.75111 0.292934 3.38039
v -1.75412 0.368609 2.42738
v 0 0.501834 2.64708
v 0 0.420914 3.607
v -1.66929 0.214275 4.10407
v -1.70726 0.164015 4.10407
v -1.58638 0.258225 4.10113
v -1.48082 0.258225 4.11873
v 0 0.2776 4.32691
v -1.01469 0.498641 1.55505
v -1.01469 0.498641 1.87021
v -1.01469 0.330819 3.87321
v -1.01469 0.117452 4.58275
v -1.01469 0.404744 3.45485
v -1.01469 0.485664 2.47027
v -0.195351 0.33854 3.98863
v -0.195556 0.411926 3.57698
v -0.196147 0.491292 2.61291
v -0.196147 0.504269 1.99866
v -0.400781 0.121673 4.66784
v -0.605416 0.333632 3.93133
v -0.400781 0.265651 4.27057
v -1.75423 0.381587 1.69369
v -1.71385 0.431847 1.75294
v -1.62157 0.495437 1.57993
v 0 0.514812 1.82734
v -1.01469 0.498641 1.718
v -0.196147 0.504269 1.82737
v -0.605416 0.501455 1.79958
v -0.99522 0.417193 1.72437
v -1.00562 0.392307 3.45321
v -0.99522 0.433698 2.46541
v -0.203594 0.401855 3.57519
v -0.213399 0.433813 1.99344
v -0.604901 0.396304 3.51451
v -0.213399 0.44491 2.60771
v -0.213399 0.427102 1.83344
v -0.60431 0.423201 1.80578
v -1.86189 0.178543 -1.87198
v -1.85315 0.17511 -2.26798
v -1.85315 0.200733 -2.8197
v -1.85315 0.219497 -3.25969
v -1.7139 0.052677 -4.63968
v -1.81103 0.172634 -3.72089
v -1.7689 0.117027 -4.18208
v -1.8704 0.081247 -0.947285
v -1.86035 0.092176 -1.23755
v -1.86112 0.140758 -1.54903
v -1.84794 0.137904 1.73339
v -1.83872 0.058527 3.80619
v -1.74399 -0.069366 4.41029
v -1.84814 0.137904 1.83716
v -1.85348 0.062866 3.50161
v -1.84814 0.130566 2.42738
v -1.80505 -0.002354 4.10407
v -1.90207 -0.173498 -3.37417
v -1.73908 -0.164722 -4.60691
v -1.85995 -0.175671 -3.72063
v -1.80254 -0.170197 -4.18179
v -1.90927 -0.205148 -1.23747
v -1.91005 -0.201586 -1.53746
v -1.86516 -0.237444 1.61679
v -1.85879 -0.264138 3.97967
v -1.77075 -0.284245 4.41271
v -1.86432 -0.241167 1.85886
v -1.86425 -0.24865 2.40596
v -1.8284 -0.271877 4.16112
v -1.86516 -0.239517 1.76303
v -1.71306 0.376555 2.97115
v -1.62157 0.436963 2.97579
v -1.75229 0.326296 2.95789
v -1.48082 0.436963 2.99338
v 0 0.456338 3.22958
v -1.01469 0.440168 3.06774
v -0.195788 0.446739 3.19793
v -1.00153 0.412189 3.06483
v -0.207449 0.422391 3.1948
v -0.604668 0.416818 3.13
v -1.85138 0.072463 2.91126
v -1.86425 -0.24865 2.52013
v -1.85879 -0.270313 3.87611
v -1.91082 -0.19812 -1.8833
v -1.90207 -0.177322 -3.25183
v -1.55754 -0.794711 -3.57681
v -1.56142 -0.588898 -4.5359
v -1.55754 -0.743051 -3.87739
v -1.68448 -0.828315 -1.52798
v -1.68448 -0.859855 1.72358
v -1.5472 -0.815635 4.16417
v -1.75235 -0.538141 4.26036
v -1.68448 -0.865038 2.25785
v -1.5472 -0.756531 4.37771
v -1.68448 -0.866728 2.43207
v -1.5472 -0.822698 4.04589
v -1.68448 -0.827042 -1.65927
v -1.55754 -0.810004 -3.4774
v -1.78274 -0.55358 4.08578
v -1.68991 -0.470743 4.40647
v -1.78274 -0.541046 3.98604
v -1.78869 -0.562418 1.79334
v -1.78911 -0.55952 1.60163
v -1.83477 -0.536553 -1.67778
v -1.83477 -0.546029 -1.7492
v -1.7882 -0.570726 2.35739
v -1.834 -0.533988 -1.53499
v -1.84328 -0.490965 -0.944172
v -1.83323 -0.509717 -1.23613
v -1.72649 -0.423453 -4.16458
v -1.6883 -0.393304 -4.58609
v -1.82603 -0.484105 -3.48887
v -1.7839 -0.467007 -3.80092
v -1.82603 -0.480281 -3.38946
v -1.39158 -0.867506 4.16417
v -1.42229 -0.572906 4.53038
v -1.39158 -0.771951 4.41416
v -1.39158 -0.874569 4.04589
v 0 -0.575268 4.61669
v 0 -0.771951 4.50047
v -1.56013 0.015609 4.71941
v -1.63205 -0.039141 4.6816
v -1.46001 0.033549 4.73667
v 0 0.045104 4.94538
v -0.590994 0.035911 4.85319
v -0.222497 0.035911 4.91297
v -1.6639 -0.125844 4.66547
v -1.6639 -0.251642 4.66547
v -1.56013 -0.393095 4.71941
v -1.63205 -0.338345 4.6816
v 0 -0.413397 4.94538
v -0.590994 -0.867506 4.20571
v -0.822925 -0.874569 4.07524
v -0.590994 -0.771951 4.4557
v -0.590994 -0.413397 4.85319
v -0.111249 -0.867506 4.24075
v -0.222497 -0.575268 4.59723
v -0.222497 -0.413397 4.91297
v -0.222497 -0.874569 4.11274
v -0.222497 -0.771951 4.48101
v -1.65153 -0.39333 4.59259
v -1.54595 -0.450001 4.63483
v -1.56082 0.061611 4.64613
v -1.633 0.01413 4.61439
v -1.70226 -0.264275 4.57331
v -1.02581 0.064093 4.71506
v -1.46405 0.061611 4.65045
v -1.46001 -0.411035 4.73667
v 0 -0.472432 4.8255
v -0.605416 0.066272 4.77179
v -1.70226 -0.093894 4.57363
v 0 0.07869 4.85571
v -0.196147 0.068452 4.82852
v -0.590994 -0.472432 4.75061
v -1.05486 -0.413397 4.78679
v -0.222497 -0.472432 4.79782
v -1.54295 -0.003868 4.6946
v -1.6135 -0.0534 4.65752
v -1.04733 0.014499 4.7607
v -0.592333 0.014499 4.82582
v -1.64474 -0.245647 4.6417
v -1.6135 -0.324086 4.65752
v -1.44475 -0.389848 4.71153
v -1.04733 -0.391985 4.7607
v -0.230876 -0.391985 4.88447
v -1.95913 0.234563 -2.8197
v -1.93388 0.08429 3.51478
v -1.93186 0.093502 2.94814
v -1.90315 -0.259928 2.54734
v -1.89791 -0.280722 3.8489
v -1.95 -0.198029 -1.88333
v -1.94126 -0.177322 -3.25183
v -1.93648 0.002624 3.48392
v -1.93452 0.01156 2.93423
v -1.89374 -0.287437 2.57003
v -1.88865 -0.307609 3.83263
v -1.59048 -0.804697 4.05044
v -1.80438 -0.559695 3.93499
v -1.80946 -0.587331 2.41851
v -1.68448 -0.826124 -1.75392
v -1.92934 -0.222313 -3.20487
v -1.93747 -0.241969 -1.93332
v -1.9593 0.127738 -2.8034
v -1.9593 0.103933 -2.29083
v -1.59315 -0.810103 -3.41444
v -1.84642 -0.567665 -1.80781
v -1.8383 -0.503776 -3.33274
v -1.06224 1.0484 -2.09298
v -1.60857 0.479967 1.41584
v -1.26869 1.19061 0.79185
v -1.34752 1.17067 0.750979
v -1.11661 1.27851 0.578456
v -1.12381 1.2537 -0.486893
v -1.1627 1.22612 0.776117
v -1.11753 1.22391 -1.22078
v -1.1626 1.08847 -1.84247
v -1.50544 0.709524 -2.28473
v -1.58082 0.644997 -2.35279
v -1.36915 0.89619 -2.22281
v -1.73753 0.584949 -2.18769
v -1.95913 0.20894 -2.26798
v -1.14044 1.00321 -2.16869
v -1.58493 0.553089 1.3246
v -1.71442 -0.729953 -1.64464
v -1.66785 -0.763056 2.25188
v -1.71365 -0.723523 -1.52876
v -1.66785 -0.764256 2.36603
v -1.71495 -0.653319 -0.942524
v -1.66876 -0.752981 1.73242
v -1.71442 -0.735887 -1.71246
v -1.66792 -0.755122 1.83527
v -1.69225 -0.679956 -1.23512
v -1.6974 -0.771731 2.42654
v -1.73713 -0.745127 -1.77327
v -1.68448 -0.841808 -0.136981
v -1.68448 -0.849665 0.672997
v -1.68448 -0.85703 1.4323
v -1.68448 -0.858194 1.55229
v -1.66917 -0.75001 1.56515
v -1.68448 -0.834529 -0.887388
v -1.7124 0.334429 -0.989212
v -1.62012 0.404612 -0.984728
v -1.75333 0.28417 -0.989212
v -1.91787 -0.207842 -0.989131
v -1.68448 -0.833988 -0.943207
v -1.84183 -0.493674 -0.986343
v -1.71958 -0.657166 -0.984788
v -1.63553 0.485815 1.40373
v -1.18107 0.691261 -3.02668
v -1.25915 0.857143 -2.50337
v 0 0.701427 -3.06645
v -1.2637 1.20834 -0.487255
v -1.24962 1.22009 0.765587
v -1.28309 1.13464 -1.18342
v -1.3813 0.914776 -2.11765
v -1.2816 1.01689 -1.84166
v -1.57723 0.48612 1.41837
v -1.30811 1.18064 0.771414
v -1.25479 0.949701 -2.19575
v -1.5529 0.552254 1.34336
v -1.4562 0.731699 -2.58028
v -1.39286 0.897906 -2.11953
v -1.41387 0.919817 -1.84047
v -1.74775 -0.975338 -1.62643
v -1.74775 -0.981966 -0.943207
v -1.74775 -0.979131 -1.23542
v -1.74775 -0.976293 -1.52798
v -1.74775 -1.00635 1.57054
v -1.74775 -1.00887 1.83065
v -1.74775 -1.01302 2.25785
v -1.74775 -1.00783 1.72358
v -1.74775 -1.01412 2.372
v -1.74775 -0.974701 -1.69211
v -1.74775 -1.0147 2.43207
v -1.74775 -0.997643 0.672997
v -1.74775 -0.989786 -0.136981
v -1.74775 -1.00501 1.4323
v -1.74775 -0.982507 -0.887388
v -1.74775 -0.981556 -0.985415
v -1.80773 0.082526 3.50515
v -1.80563 0.092141 2.91369
v -1.76174 -0.229573 2.52182
v -1.75628 -0.251278 3.88035
v -1.6656 -0.522518 3.99048
v -1.67107 -0.552253 2.35878
v -1.58681 -0.81007 -1.69066
v -1.79924 -0.160255 -3.25216
v -1.80799 -0.181408 -1.88373
v -1.83148 0.216467 -2.82011
v -1.83148 0.190848 -2.26848
v -1.71 -0.531919 -1.74866
v -1.70126 -0.463162 -3.38977
v -1.83148 0.203658 -2.54429
v -1.55049 -0.750664 2.36742
v -1.59238 -0.722902 -1.71149
v -1.53659 -0.852878 2.37337
v -1.60382 -0.969322 -1.69066
v -1.2196 -0.229573 2.52182
v -1.2196 -0.251278 3.88035
v -1.31984 -0.852878 2.37337
v -1.39379 -0.804697 4.05044
v -1.21867 -0.160255 -3.25216
v -1.21867 0.190848 -2.26848
v -1.45988 -0.463162 -3.38977
v -1.21867 -0.531919 -1.74866
v -1.2196 -0.750664 2.36742
v -1.43681 -1.0121 2.37337
v -1.2196 0.082526 3.50515
v -1.2196 0.092141 2.91369
v -1.2196 -0.522518 3.99048
v -1.2196 -0.552253 2.35878
v -1.21867 -0.81007 -1.69066
v -1.21867 -0.181408 -1.88373
v -1.21867 0.216467 -2.82011
v -1.21867 -0.463162 -3.38977
v -1.21867 -0.722902 -1.71149
v -1.2196 -1.0121 2.37337
v -1.21867 -0.969322 -1.69066
v -1.24036 -0.886201 3.47117
v -1.24036 -0.865508 2.90273
v -1.24036 -0.502641 3.24177
v -1.24036 -0.223809 3.075
v -1.24036 -0.451228 2.6643
v -1.21867 -0.836952 -3.03094
v -1.21867 -0.881075 -2.58418
v -1.21867 -0.642016 -2.51377
v -1.21867 -0.450508 -2.45737
v -1.21867 -0.107465 -2.35634
v -1.21867 0.064559 -2.30567
v -1.21867 -0.445294 -2.84778
v -1.21867 0.203658 -2.54429
v -1.21867 -0.828744 -2.10452
v -1.21867 -0.497638 -1.99159
v -0.016417 0.337857 4.0149
v -0.016435 0.411738 3.60448
v -0.016484 0.492527 2.64421
v -0.016484 0.268293 4.3246
v -0.016484 0.505505 2.01106
v -0.016484 0.124315 4.72111
v -0.016454 0.44711 3.22692
v -0.018699 0.035911 4.94266
v -0.016484 0.069408 4.85342
v -0.019403 0.014499 4.91358
v -0.332194 0.564142 -4.90288
v -1.1484 0.575751 -4.90288
v -1.40632 0.549629 -4.90288
v 0.332194 0.564142 -4.90288
v -0.748985 0.221653 -4.83097
v -1.45276 0.221653 -4.83097
v 0 0.221653 -4.83097
v -1.55606 0.225041 -4.83097
v -0.320542 0.070725 -4.82902
v -1.17743 0.070725 -4.82902
v -1.45265 0.070725 -4.82902
v 0.160271 0.070725 -4.82902
v -1.62572 0.056699 -4.82902
v -0.320542 -0.112129 -4.77678
v -1.45276 -0.112129 -4.77678
v 0.160271 -0.112129 -4.77678
v -1.66054 -0.14357 -4.77678
v -0.30771 -0.265959 -4.71978
v -1.17743 -0.265959 -4.71293
v -1.44405 -0.265959 -4.71293
v 0.30771 -0.265959 -4.71978
v -1.64894 -0.335131 -4.71293
v -0.30771 -0.562008 -4.60263
v -1.33957 -0.562008 -4.60263
v 0.30771 -0.562008 -4.60263
v -1.52413 -0.552815 -4.60263
v -1.45885 0.314845 -4.62934
v -1.60904 0.265256 -4.62929
v -1.17743 0.315223 -4.62994
v 0.332194 0.31508 -4.63104
v -1.55754 -0.676709 -4.15967
v -0.302779 -0.59257 -4.53829
v -1.17743 -0.59257 -4.53829
v -1.33957 -0.59257 -4.53829
v 0 -0.59257 -4.53829
v -0.302779 -0.59257 -4.52542
v -1.17743 -0.59257 -4.52542
v -1.33957 -0.59257 -4.52542
v 0.15139 -0.59257 -4.52542
v -0.740104 -0.684257 -4.1635
v -1.33957 -0.684257 -4.1635
v 0.15139 -0.684257 -4.1635
v -0.29977 -0.753423 -3.8804
v -1.17743 -0.753423 -3.8804
v -1.33957 -0.753423 -3.8804
v 0.149885 -0.753423 -3.8804
v -0.738599 -0.801679 -3.58765
v -1.33957 -0.801679 -3.58765
v 0.149885 -0.801679 -3.58765
v -0.29977 -0.819373 -3.4847
v -1.17743 -0.819373 -3.4847
v -1.33957 -0.819373 -3.4847
v 0 -0.819373 -3.4847
v -0.30771 -0.587475 -4.74304
v -0.830462 0.420533 1.77777
v -0.80463 0.420611 1.7756
v -0.830462 0.425739 1.90088
v -0.900792 0.419415 1.76225
v -0.874961 0.419535 1.76108
v -0.900792 0.424636 1.8857
v -0.971123 0.418262 1.74588
v -0.945291 0.418431 1.74588
v -0.971123 0.423534 1.87051
v -0.60431 0.429321 1.95195
v -0.61947 0.423878 1.82414
v -0.61947 0.429045 1.94644
v -0.689801 0.422839 1.81045
v -0.663969 0.4229 1.8079
v -0.689801 0.427943 1.93126
v -0.7343 0.421918 1.79559
v -0.760131 0.426841 1.91607
v -0.760131 0.421857 1.79815
v -0.382647 0.426293 1.84229
v -0.408479 0.431552 1.97162
v -0.408479 0.426098 1.84194
v -0.452978 0.425359 1.83181
v -0.478809 0.425181 1.83188
v -0.523308 0.424622 1.82601
v -0.54914 0.424497 1.82731
v -0.54914 0.429922 1.95589
v 0.241986 0.433221 1.98404
v -0.241986 0.427756 1.85373
v -0.267818 0.427578 1.85373
v -0.267818 0.433043 1.98404
v -0.331535 0.432444 1.98022
v -0.312317 0.427112 1.85005
v -0.338148 0.426924 1.84987
v -0.338148 0.432367 1.97948
v 0.382647 0.426293 1.84229
v 0.267818 0.433043 1.98404
v 0.312317 0.427112 1.85005
v 0.593639 0.42941 1.95115
v 0.593639 0.423962 1.82201
v 0.523308 0.424622 1.82601
v 0.478809 0.430658 1.96187
v 0.452978 0.430845 1.96208
v 0.80463 0.420611 1.7756
v 0.7343 0.421918 1.79559
v 0.663969 0.4229 1.8079
v 0.874961 0.419535 1.76108
v 0.945291 0.418431 1.74588
v -0.316899 -0.492304 4.74696
v -0.313161 -0.605474 4.57315
v -0.590994 -0.605474 4.55407
v -1.12006 -0.605474 4.52638
v -1.2056 -0.492304 4.65415
v -1.24004 -0.548889 4.57132
v -1.26024 -0.492304 4.64834
v 0.268333 -0.548889 4.64281
v 0.268333 -0.605474 4.57623
v 0.268333 -0.492304 4.75319
v -0.268333 -0.548889 4.64281
v 0.590994 -0.605474 4.55407
v 1.05486 -0.605474 4.5297
v 1.05486 -0.492304 4.67016
v 0.590994 -0.492304 4.71608
v 1.20883 -0.574278 4.54035
v 1.24004 -0.548889 4.57132
v 1.26024 -0.492304 4.64834
v 0.241986 0.388559 1.98404
v 0.267818 0.388559 1.85373
v 0.267818 0.388559 1.98404
v 0.267818 0.588559 1.98404
v 0.267818 0.588559 1.85373
v 0.312317 0.488559 1.98036
v 0.312317 0.588559 1.98036
v 0.338148 0.388559 1.84987
v 0.312317 0.588559 1.85005
v 0.338148 0.388559 1.98018
v 0.338148 0.588559 1.84987
v 0.382647 0.488559 1.9726
v 0.382647 0.588559 1.9726
v 0.408479 0.388559 1.84194
v 0.382647 0.588559 1.84229
v 0.408479 0.388559 1.97226
v 0.408479 0.588559 1.97226
v 0.408479 0.588559 1.84194
v 0.452978 0.388559 1.96208
v 0.452978 0.588559 1.96208
v 0.478809 0.388559 1.83188
v 0.478809 0.388559 1.96187
v 0.478809 0.588559 1.83188
v 0.523308 0.488559 1.95561
v 0.523308 0.588559 1.95561
v 0.54914 0.388559 1.82731
v 0.523308 0.588559 1.82601
v 0.54914 0.388559 1.95666
v 0.54914 0.588559 1.82731
v 0.593639 0.488559 1.95115
v 0.593639 0.588559 1.95115
v 0.61947 0.388559 1.82414
v 0.593639 0.588559 1.82201
v 0.61947 0.388559 1.95307
v 0.61947 0.588559 1.82414
v 0.663969 0.488559 1.93727
v 0.663969 0.588559 1.93727
v 0.689801 0.388559 1.81045
v 0.663969 0.588559 1.8079
v 0.689801 0.388559 1.93971
v 0.689801 0.588559 1.81045
v 0.7343 0.488559 1.92565
v 0.7343 0.588559 1.92565
v 0.760131 0.388559 1.79815
v 0.7343 0.588559 1.79559
v 0.760131 0.388559 1.92819
v 0.760131 0.588559 1.79815
v 0.80463 0.488559 1.90591
v 0.80463 0.588559 1.90591
v 0.830462 0.388559 1.77777
v 0.80463 0.588559 1.7756
v 0.830462 0.388559 1.90809
v 0.830462 0.588559 1.77777
v 0.874961 0.488559 1.8914
v 0.874961 0.588559 1.8914
v 0.900792 0.388559 1.76225
v 0.874961 0.588559 1.76108
v 0.900792 0.388559 1.89256
v 0.900792 0.588559 1.76225
v 0.945291 0.488559 1.8762
v 0.945291 0.588559 1.8762
v 0.971123 0.388559 1.74588
v 0.945291 0.588559 1.74588
v 0.971123 0.388559 1.8762
v 0.241986 0.588559 1.98404
v 0.241986 0.588559 1.85373
v 0.267818 0.488559 1.85373
v 0.267818 0.488559 1.98404
v 0.312317 0.488559 1.85005
v 0.338148 0.488559 1.84987
v 0.338148 0.588559 1.98018
v 0.452978 0.488559 1.96208
v 0.452978 0.588559 1.83181
v 0.478809 0.488559 1.83188
v 0.478809 0.588559 1.96187
v 0.382647 0.488559 1.84229
v 0.408479 0.488559 1.84194
v 0.408479 0.488559 1.97226
v 0.523308 0.488559 1.82601
v 0.54914 0.488559 1.82731
v 0.54914 0.588559 1.95666
v 0.593639 0.488559 1.82201
v 0.61947 0.488559 1.82414
v 0.61947 0.588559 1.95307
v 0.663969 0.488559 1.8079
v 0.689801 0.488559 1.81045
v 0.689801 0.588559 1.93971
v 0.7343 0.488559 1.79559
v 0.760131 0.488559 1.79815
v 0.760131 0.588559 1.92819
v 0.80463 0.488559 1.7756
v 0.830462 0.488559 1.77777
v 0.830462 0.588559 1.90809
v 0.874961 0.488559 1.76108
v 0.900792 0.488559 1.76225
v 0.900792 0.588559 1.89256
v 0.945291 0.488559 1.74588
v 0.971123 0.588559 1.74588
v 0.971123 0.538559 1.8762
v -0.241986 0.388559 1.98404
v -0.241986 0.388559 1.85373
v -0.267818 0.388559 1.98404
v -0.267818 0.588559 1.98404
v -0.267818 0.488559 1.85373
v -0.267818 0.588559 1.85373
v -0.312317 0.388559 1.98036
v -0.312317 0.388559 1.85005
v -0.312317 0.588559 1.85005
v -0.338148 0.388559 1.98018
v -0.338148 0.588559 1.98018
v -0.338148 0.488559 1.84987
v -0.338148 0.588559 1.84987
v -0.382647 0.388559 1.9726
v -0.382647 0.388559 1.84229
v -0.382647 0.588559 1.84229
v -0.408479 0.388559 1.97226
v -0.408479 0.588559 1.97226
v -0.408479 0.388559 1.84194
v -0.452978 0.388559 1.96208
v -0.452978 0.388559 1.83181
v -0.478809 0.388559 1.96187
v -0.478809 0.588559 1.96187
v -0.478809 0.488559 1.83188
v -0.478809 0.588559 1.83188
v -0.523308 0.388559 1.95561
v -0.523308 0.388559 1.82601
v -0.523308 0.588559 1.82601
v -0.54914 0.388559 1.95666
v -0.54914 0.588559 1.95666
v -0.54914 0.488559 1.82731
v -0.54914 0.588559 1.82731
v -0.593639 0.388559 1.95115
v -0.593639 0.388559 1.82201
v -0.593639 0.588559 1.82201
v -0.61947 0.388559 1.95307
v -0.61947 0.588559 1.95307
v -0.61947 0.488559 1.82414
v -0.61947 0.588559 1.82414
v -0.663969 0.388559 1.93727
v -0.663969 0.588559 1.93727
v -0.663969 0.388559 1.8079
v -0.689801 0.388559 1.93971
v -0.689801 0.588559 1.93971
v -0.689801 0.488559 1.81045
v -0.689801 0.588559 1.81045
v -0.7343 0.388559 1.92565
v -0.7343 0.388559 1.79559
v -0.760131 0.388559 1.92819
v -0.760131 0.588559 1.92819
v -0.760131 0.488559 1.79815
v -0.760131 0.588559 1.79815
v -0.80463 0.388559 1.90591
v -0.80463 0.388559 1.7756
v -0.830462 0.388559 1.90809
v -0.830462 0.588559 1.90809
v -0.830462 0.488559 1.77777
v -0.830462 0.588559 1.77777
v -0.874961 0.388559 1.8914
v -0.874961 0.388559 1.76108
v -0.900792 0.388559 1.89256
v -0.900792 0.588559 1.89256
v -0.900792 0.488559 1.76225
v -0.900792 0.588559 1.76225
v -0.945291 0.388559 1.8762
v -0.945291 0.588559 1.8762
v -0.945291 0.388559 1.74588
v -0.971123 0.388559 1.8762
v -0.971123 0.438559 1.74588
v -0.971123 0.588559 1.74588
v -0.241986 0.588559 1.98404
v -0.241986 0.538559 1.85373
v -0.267818 0.488559 1.98404
v -0.312317 0.488559 1.98036
v -0.338148 0.488559 1.98018
v -0.452978 0.488559 1.96208
v -0.452978 0.488559 1.83181
v -0.478809 0.488559 1.96187
v -0.382647 0.488559 1.9726
v -0.382647 0.488559 1.84229
v -0.523308 0.488559 1.95561
v -0.54914 0.488559 1.95666
v -0.593639 0.488559 1.95115
v -0.61947 0.488559 1.95307
v -0.663969 0.488559 1.93727
v -0.689801 0.488559 1.93971
v -0.7343 0.488559 1.92565
v -0.760131 0.488559 1.92819
v -0.80463 0.488559 1.90591
v -0.80463 0.588559 1.7756
v -0.830462 0.488559 1.90809
v -0.874961 0.488559 1.8914
v -0.874961 0.588559 1.76108
v -0.900792 0.488559 1.89256
v -0.945291 0.488559 1.8762
v -0.945291 0.588559 1.74588
v -0.971123 0.588559 1.8762
v 0.704253 0.106475 -4.85571
v 0.704253 -0.131517 -4.79403
v 1.06706 0.106475 -4.85571
v 0.718179 -0.091682 -4.73933
v 0.718179 0.093321 -4.78727
v 1.07337 0.093321 -4.78727
v 1.07337 -0.091682 -4.73933
v 0.686212 -0.014972 -4.82423
v 1.07337 0.00082 -4.7633
v 0.69738 -0.107473 -4.80026
v 0.707011 -0.014972 -4.82423
v 1.07337 -0.090911 -4.80455
v 0.707011 0.00082 -4.7633
v 1.07337 -0.07512 -4.74362
v 0.69738 0.07753 -4.84821
v 0.718179 0.07753 -4.84821
v 1.07337 0.059426 -4.84351
v 0.715993 0.075217 -4.78258
v 1.07337 0.075217 -4.78258
v 0.898969 -0.131517 -4.79403
v 0.731115 0.106475 -4.85571
v 0.718179 -0.107473 -4.80026
v 0.730544 -0.091682 -4.73933
v 1.06735 -0.100604 -4.78627
v 1.05491 -0.100604 -4.78627
v 0.895528 0.07753 -4.84821
v 1.06051 -0.107473 -4.80026
v 1.06051 0.093321 -4.78727
v 1.05491 0.078319 -4.83264
v 0.721719 0.06081 -4.8281
v 0.723833 0.085592 -4.80458
v 1.06735 0.085592 -4.80458
v 1.05491 -0.09333 -4.75821
v 1.06735 0.0321075 -4.79072
v 0.713031 -0.003869 -4.78139
v 1.06735 -0.09333 -4.75821
v 0.723833 -0.09333 -4.75821
v 0.735791 0.085592 -4.80458
v 0.735791 -0.09333 -4.75821
v 1.06735 0.06081 -4.8281
v 0.713031 -0.011142 -4.80946
v 1.06735 -0.084586 -4.79042
v 1.06735 -0.011142 -4.80946
v 0.723833 -0.100604 -4.78627
v 1.05484 -0.08649 -4.79777
v 1.05484 0.058906 -4.83545
v 0.735791 0.078319 -4.83264
v 0.735791 -0.100604 -4.78627
v 0.733751 0.058906 -4.83545
v 0.733925 -0.08649 -4.79777
v 0.704253 -0.131517 -4.75731
v 0.704253 0.106475 -4.81899
v 0.69738 0.07753 -4.81149
v 1.07337 0.106475 -4.81899
v 1.07337 -0.131517 -4.75731
v 0.686212 -0.014972 -4.78751
v 0.695381 -0.090911 -4.76783
v 0.737178 -0.131517 -4.75731
v 0.737178 0.106475 -4.81899
v 1.07823 -0.131517 -4.79403
v 1.08309 0.106475 -4.85571
v 1.07337 0.07753 -4.84821
v 1.46881 0.07753 -4.84821
v 1.07337 -0.107473 -4.80026
v 1.46881 -0.107473 -4.80026
v 1.44113 -0.131517 -4.79403
v 1.46193 0.106475 -4.85571
v 1.09282 0.106475 -4.85571
v 1.09925 -0.107473 -4.80026
v 1.09282 -0.131517 -4.79403
v 1.44801 -0.091682 -4.73933
v 1.44801 0.093321 -4.78727
v 1.47997 -0.014972 -4.82423
v 1.09282 -0.014972 -4.82423
v 1.08309 -0.090911 -4.80455
v 1.4708 -0.090911 -4.80455
v 1.45918 -0.014972 -4.82423
v 1.09282 -0.090911 -4.80455
v 1.45918 0.00082 -4.7633
v 1.09282 -0.091682 -4.73933
v 1.47099 0.059426 -4.84351
v 1.44801 0.07753 -4.84821
v 1.09282 0.059426 -4.84351
v 1.45019 0.075217 -4.78258
v 1.09282 0.075217 -4.78258
v 1.08309 0.059426 -4.84351
v 1.42901 -0.131517 -4.79403
v 1.42901 0.106475 -4.85571
v 1.43564 0.07753 -4.84821
v 1.44801 -0.107473 -4.80026
v 1.43564 0.093321 -4.78727
v 1.43564 -0.091682 -4.73933
v 1.4304 -0.100604 -4.78627
v 1.09884 0.078319 -4.83264
v 1.10543 0.106475 -4.85571
v 1.10567 0.07753 -4.84821
v 1.09282 0.093321 -4.78727
v 1.10567 -0.091682 -4.73933
v 1.44235 0.078319 -4.83264
v 1.10543 -0.131517 -4.79403
v 1.44235 0.085592 -4.80458
v 1.09884 0.085592 -4.80458
v 1.09884 -0.09333 -4.75821
v 1.09884 0.068084 -4.80004
v 1.44429 -0.077312 -4.76236
v 1.45315 -0.003869 -4.78139
v 1.09884 -0.077312 -4.76236
v 1.09884 -0.003869 -4.78139
v 1.44235 -0.09333 -4.75821
v 1.27083 0.085592 -4.80458
v 1.4304 -0.09333 -4.75821
v 1.09884 0.06081 -4.8281
v 1.44429 -0.084586 -4.79042
v 1.45315 -0.011142 -4.80946
v 1.09884 -0.100604 -4.78627
v 1.11135 0.058906 -4.83545
v 1.11134 -0.08649 -4.79777
v 1.27083 0.078319 -4.83264
v 1.44082 -0.013047 -4.8168
v 1.43226 -0.08649 -4.79777
v 1.43243 0.058906 -4.83545
v 1.46193 0.106475 -4.81899
v 1.44113 -0.131517 -4.75731
v 1.44113 0.106475 -4.81899
v 1.09282 0.106475 -4.81899
v 1.47997 -0.014972 -4.78751
v 1.10543 0.106475 -4.81899
v 1.10543 -0.131517 -4.75731
v -0.69738 0.07753 -4.84821
v -0.69738 -0.107473 -4.80026
v -0.725052 -0.131517 -4.79403
v -0.704253 0.106475 -4.85571
v -1.07337 0.106475 -4.85571
v -1.06694 -0.107473 -4.80026
v -1.07337 -0.131517 -4.79403
v -0.718179 -0.091682 -4.73933
v -0.718179 0.093321 -4.78727
v -0.686212 -0.014972 -4.82423
v -1.07337 -0.014972 -4.82423
v -0.695381 -0.090911 -4.80455
v -0.707011 -0.014972 -4.82423
v -1.07337 -0.090911 -4.80455
v -0.707011 0.00082 -4.7633
v -1.07337 -0.091682 -4.73933
v -0.695194 0.059426 -4.84351
v -0.718179 0.07753 -4.84821
v -1.07337 0.059426 -4.84352
v -0.715993 0.075217 -4.78258
v -1.07337 0.0380185 -4.77294
v -0.737178 -0.131517 -4.79403
v -0.737178 0.106475 -4.85571
v -0.730544 0.07753 -4.84821
v -0.718179 -0.107473 -4.80026
v -0.730544 0.093321 -4.78727
v -0.730544 -0.091682 -4.73933
v -0.735791 -0.100604 -4.78627
v -1.06735 0.078319 -4.83264
v -1.06076 0.106475 -4.85571
v -1.06051 0.07753 -4.84821
v -1.07337 0.093321 -4.78727
v -1.06051 -0.091682 -4.73933
v -0.723833 0.078319 -4.83264
v -1.06076 -0.131517 -4.79403
v -0.723833 0.085592 -4.80458
v -1.06735 0.085592 -4.80458
v -1.06735 -0.09333 -4.75821
v -1.06735 0.068084 -4.80004
v -0.721899 -0.077312 -4.76236
v -0.713031 -0.003869 -4.78139
v -1.06735 -0.077312 -4.76236
v -1.06735 -0.003869 -4.78139
v -0.723833 -0.09333 -4.75821
v -0.735791 0.085592 -4.80458
v -0.735791 -0.09333 -4.75821
v -1.06735 0.024834 -4.81878
v -0.721899 -0.084586 -4.79042
v -0.713031 -0.011142 -4.80946
v -1.06735 -0.100604 -4.78627
v -1.05484 0.058906 -4.83545
v -1.05484 -0.08649 -4.79777
v -0.895352 0.078319 -4.83264
v -0.725366 -0.013047 -4.8168
v -0.733924 -0.08649 -4.79777
v -0.733751 0.058906 -4.83545
v -0.704253 0.106475 -4.81899
v -0.725052 -0.131517 -4.75731
v -0.725052 0.106475 -4.81899
v -1.07337 0.106475 -4.81899
v -0.686212 -0.014972 -4.78752
v -1.06076 0.106475 -4.81899
v -1.06076 -0.131517 -4.75731
v -1.08309 -0.131517 -4.79403
v -1.46193 0.106475 -4.85571
v -1.08309 0.106475 -4.85571
v -1.46193 -0.131517 -4.79403
v -1.09912 0.106475 -4.85571
v -1.09282 -0.107473 -4.80026
v -1.09912 -0.131517 -4.79403
v -1.44801 -0.091682 -4.73933
v -1.44801 0.093321 -4.78727
v -1.09282 0.093321 -4.78727
v -1.09282 -0.091682 -4.73933
v -1.47997 -0.014972 -4.82423
v -1.09282 -0.090911 -4.80455
v -1.09282 0.00082 -4.7633
v -1.08309 -0.090911 -4.80455
v -1.4688 -0.107473 -4.80026
v -1.45918 -0.014972 -4.82423
v -1.45918 0.00082 -4.7633
v -1.09282 -0.07512 -4.74362
v -1.4688 0.07753 -4.84821
v -1.44801 0.07753 -4.84821
v -1.45019 0.075217 -4.78258
v -1.09282 0.075217 -4.78258
v -1.09282 0.059426 -4.84352
v -1.42901 -0.131517 -4.79403
v -1.43507 0.106475 -4.85571
v -1.43564 0.07753 -4.84821
v -1.44801 -0.107473 -4.80026
v -1.43564 -0.091682 -4.73933
v -1.09884 -0.100604 -4.78627
v -1.11127 -0.100604 -4.78627
v -1.09282 0.07753 -4.84821
v -1.10567 -0.107473 -4.80026
v -1.10567 0.093321 -4.78727
v -1.11127 0.078319 -4.83264
v -1.44341 0.0695645 -4.83038
v -1.44235 0.085592 -4.80458
v -1.09884 0.085592 -4.80458
v -1.11127 -0.09333 -4.75821
v -1.09884 -0.003869 -4.78139
v -1.45315 -0.003869 -4.78139
v -1.09884 -0.09333 -4.75821
v -1.44235 -0.09333 -4.75821
v -1.4304 0.085592 -4.80458
v -1.4304 -0.09333 -4.75821
v -1.09884 0.06081 -4.82811
v -1.45315 -0.011142 -4.80946
v -1.09884 -0.084586 -4.79042
v -1.09884 -0.011142 -4.80946
v -1.44235 -0.100604 -4.78627
v -1.11134 -0.08649 -4.79777
v -1.11135 0.058906 -4.83545
v -1.4304 0.078319 -4.83264
v -1.4304 -0.100604 -4.78627
v -1.43243 0.058906 -4.83545
v -1.43226 -0.08649 -4.79777
v -1.08309 -0.131517 -4.75731
v -1.46193 -0.131517 -4.75731
v -1.08309 0.106475 -4.81899
v -1.46193 0.106475 -4.81899
v -1.46881 0.07753 -4.81149
v -1.09282 0.106475 -4.81899
v -1.47997 -0.014972 -4.78752
v -1.4708 -0.090911 -4.76783
v -1.42901 -0.131517 -4.75731
v -1.42901 0.106475 -4.81899
v -1.10543 -0.131517 -4.75731
v 1.30972 -0.69788 4.47099
v 1.51507 -0.69788 4.42582
v 1.48331 -0.69788 4.43107
v 1.49356 -0.569329 4.51924
v 1.30972 -0.569329 4.54086
v 1.30972 -0.58696 4.53841
v 1.51507 -0.569329 4.51922
v 1.32714 -0.588174 4.55274
v 1.49145 -0.679893 4.44034
v 1.32714 -0.679893 4.48644
v 1.40929 -0.679893 4.46737
v 1.49145 -0.634034 4.47679
v 1.40929 -0.634034 4.50885
v 1.3124 -0.679893 4.50163
v 1.3124 -0.696207 4.48615
v 1.49145 -0.696207 4.44068
v 1.5124 -0.588174 4.52726
v 1.32714 -0.571002 4.5556
v 1.40929 -0.696207 4.46681
v 1.49145 -0.571002 4.53624
v 1.40929 -0.571002 4.54704
v 1.3124 -0.588174 4.55339
v 1.5124 -0.634034 4.4901
v 1.49145 -0.634034 4.49017
v 1.32714 -0.634034 4.53414
v 1.40929 -0.588174 4.54187
v 1.3124 -0.634034 4.53521
v 1.5124 -0.664607 4.46731
v 1.49145 -0.679893 4.45087
v 1.40929 -0.679893 4.48105
v 1.51507 -0.69788 4.40229
v 1.51507 -0.569329 4.48929
v 1.33483 -0.569329 4.51083
v 1.30972 -0.69788 4.4425
v 1.30972 -0.569329 4.51208
v 1.51507 -0.595421 4.47614
v 1.30972 -0.673283 4.46471
v 1.51507 -0.68113 4.41802
v 1.44113 -0.569329 4.49579
v 1.51507 -0.64974 4.4407
v 1.30972 -0.618963 4.49852
v 1.34481 -0.569329 4.53916
v 1.34656 -0.588174 4.53575
v 1.34656 -0.679893 4.48367
v 1.37701 -0.69788 4.45989
v 1.34656 -0.634034 4.52079
v 1.34656 -0.571002 4.55452
v 1.34656 -0.588174 4.55134
v 1.34656 -0.679893 4.49758
v 1.34656 -0.696207 4.48226
v 1.34481 -0.69788 4.4391
v 1.47305 -0.569329 4.52044
v 1.47147 -0.588174 4.51147
v 1.47147 -0.679893 4.44526
v 1.47147 -0.634034 4.48406
v 1.47147 -0.696207 4.44567
v 1.47147 -0.571002 4.53749
v 1.48146 -0.588174 4.5283
v 1.47147 -0.679893 4.45776
v 1.44113 -0.69788 4.41806
v 1.51507 -0.603881 4.49908
v 1.49145 -0.588174 4.50944
v 1.32714 -0.604655 4.53261
v 1.40929 -0.604655 4.52346
v 1.30972 -0.618963 4.52729
v 1.5124 -0.604655 4.51519
v 1.49145 -0.604655 4.5153
v 1.32714 -0.604655 4.54787
v 1.3124 -0.604655 4.54867
v 1.34656 -0.604655 4.53364
v 1.47147 -0.604655 4.50431
v 1.30972 -0.673283 4.49328
v 1.51507 -0.665435 4.45275
v 1.32714 -0.634034 4.51941
v 1.40929 -0.664607 4.48433
v 1.3124 -0.664607 4.51447
v 1.49145 -0.664607 4.46699
v 1.32714 -0.664607 4.51321
v 1.34656 -0.664607 4.49924
v 1.49145 -0.664607 4.45256
v 1.51507 -0.69788 4.36232
v 1.49356 -0.569329 4.44743
v 1.32486 -0.569329 4.4657
v 1.32486 -0.69788 4.39554
v 1.30972 -0.58696 4.46386
v 1.51507 -0.58696 4.44083
v 1.30972 -0.68113 4.41245
v 1.51507 -0.68113 4.38033
v 1.40921 -0.569329 4.45674
v 1.51507 -0.634045 4.41521
v 1.30972 -0.634045 4.44608
v 1.34481 -0.69788 4.39367
v 1.47305 -0.69788 4.37076
v -1.30972 -0.69788 4.47099
v -1.51507 -0.69788 4.42582
v -1.30972 -0.569329 4.54086
v -1.51507 -0.569329 4.51922
v -1.49356 -0.69788 4.4289
v -1.49356 -0.569329 4.51924
v -1.32486 -0.569329 4.54032
v -1.32486 -0.69788 4.46973
v -1.30972 -0.58696 4.53841
v -1.51507 -0.58696 4.51016
v -1.49145 -0.588174 4.50944
v -1.34656 -0.588174 4.53575
v -1.30972 -0.68113 4.48676
v -1.51507 -0.68113 4.43957
v -1.32714 -0.664607 4.49899
v -1.40921 -0.69788 4.45249
v -1.40921 -0.569329 4.53089
v -1.40929 -0.588174 4.52527
v -1.40929 -0.679893 4.46737
v -1.51507 -0.634045 4.47689
v -1.32714 -0.634034 4.51941
v -1.30972 -0.634045 4.52069
v -1.40929 -0.634034 4.50885
v -1.3124 -0.696207 4.48615
v -1.3124 -0.571002 4.55611
v -1.5124 -0.571002 4.53613
v -1.40929 -0.571002 4.54704
v -1.32714 -0.588174 4.55274
v -1.3124 -0.588174 4.55339
v -1.49145 -0.634034 4.49017
v -1.32714 -0.634034 4.53414
v -1.40929 -0.588174 4.54187
v -1.3124 -0.634034 4.53521
v -1.5124 -0.679893 4.45287
v -1.32714 -0.679893 4.50031
v -1.40929 -0.679893 4.48105
v -1.51507 -0.69788 4.38231
v -1.49356 -0.69788 4.3863
v -1.49356 -0.569329 4.46836
v -1.32486 -0.569329 4.48859
v -1.51507 -0.58696 4.46092
v -1.30972 -0.68113 4.43536
v -1.40921 -0.569329 4.47894
v -1.51507 -0.634045 4.43355
v -1.34481 -0.569329 4.53916
v -1.34656 -0.679893 4.48367
v -1.34481 -0.69788 4.4673
v -1.34656 -0.634034 4.52079
v -1.34656 -0.571002 4.55452
v -1.34656 -0.588174 4.55134
v -1.34656 -0.679893 4.49758
v -1.40929 -0.696207 4.46681
v -1.34481 -0.69788 4.41638
v -1.47305 -0.69788 4.43324
v -1.47305 -0.569329 4.52044
v -1.47147 -0.588174 4.51147
v -1.47147 -0.679893 4.44526
v -1.49145 -0.634034 4.47679
v -1.49145 -0.696207 4.44068
v -1.47147 -0.571002 4.53749
v -1.49145 -0.588174 4.52736
v -1.49145 -0.679893 4.45087
v -1.51507 -0.603881 4.49908
v -1.49145 -0.604655 4.49851
v -1.32714 -0.604655 4.53261
v -1.40929 -0.604655 4.52346
v -1.30972 -0.603881 4.5339
v -1.5124 -0.604655 4.51519
v -1.49145 -0.604655 4.5153
v -1.3124 -0.604655 4.54867
v -1.30972 -0.603881 4.48225
v -1.34656 -0.604655 4.53364
v -1.47147 -0.604655 4.50431
v -1.30972 -0.665435 4.4998
v -1.51507 -0.665435 4.45275
v -1.40929 -0.664607 4.48433
v -1.3124 -0.67225 4.50805
v -1.5124 -0.664607 4.46731
v -1.49145 -0.664607 4.46699
v -1.32714 -0.664607 4.51321
v -1.34656 -0.664607 4.49924
v -1.49145 -0.664607 4.45256
v -1.30972 -0.69788 4.3967
v -1.30972 -0.569329 4.46628
v -1.51507 -0.569329 4.44744
v -1.32486 -0.69788 4.39554
v -1.30972 -0.58696 4.46386
v -1.51507 -0.68113 4.38033
v -1.40921 -0.69788 4.38374
v -1.30972 -0.634045 4.44608
v -1.34481 -0.569329 4.4646
v -1.47305 -0.69788 4.37076
v -1.47305 -0.569329 4.44832
v -1.51507 -0.603881 4.4328
v -1.30972 -0.665435 4.42537
v -1.51507 -0.665435 4.39308
v 1.89949 -0.575409 -2.56322
v 1.89949 -0.582029 -2.52994
v 1.89949 -0.600879 -2.50173
v 1.89949 -0.629092 -2.48288
v 1.89949 -0.662371 -2.47626
v 1.89949 -0.69565 -2.48288
v 1.89949 -0.723862 -2.50173
v 1.89949 -0.742713 -2.52994
v 1.89949 -0.749333 -2.56322
v 1.89949 -0.742713 -2.5965
v 1.89949 -0.723862 -2.62471
v 1.89949 -0.69565 -2.64356
v 1.89949 -0.662371 -2.65018
v 1.89949 -0.629092 -2.64356
v 1.89949 -0.600879 -2.62471
v 1.89949 -0.582029 -2.5965
v 1.93119 -0.579308 -2.56322
v 1.93119 -0.585631 -2.53144
v 1.93119 -0.603637 -2.50449
v 1.93119 -0.630584 -2.48648
v 1.93119 -0.662371 -2.48016
v 1.93119 -0.694157 -2.48648
v 1.93119 -0.721105 -2.50449
v 1.93119 -0.739111 -2.53144
v 1.93119 -0.745433 -2.56322
v 1.93119 -0.739111 -2.59501
v 1.93119 -0.721105 -2.62195
v 1.93119 -0.694157 -2.63996
v 1.93119 -0.662371 -2.64628
v 1.93119 -0.630584 -2.63996
v 1.93119 -0.603637 -2.62195
v 1.93119 -0.585631 -2.59501
v 1.93119 -0.593411 -2.56322
v 1.93119 -0.59866 -2.53683
v 1.93119 -0.613609 -2.51446
v 1.93119 -0.635981 -2.49951
v 1.93119 -0.662371 -2.49426
v 1.93119 -0.688761 -2.49951
v 1.93119 -0.711133 -2.51446
v 1.93119 -0.726081 -2.53683
v 1.93119 -0.731331 -2.56322
v 1.93119 -0.726081 -2.58961
v 1.93119 -0.711133 -2.61198
v 1.93119 -0.688761 -2.62693
v 1.93119 -0.662371 -2.63218
v 1.93119 -0.635981 -2.62693
v 1.93119 -0.613609 -2.61198
v 1.93119 -0.59866 -2.58961
v 1.92078 -0.601708 -2.56322
v 1.92078 -0.619476 -2.52033
v 1.92078 -0.639156 -2.50718
v 1.92078 -0.685585 -2.50718
v 1.92078 -0.718416 -2.54001
v 1.92078 -0.718416 -2.58644
v 1.92078 -0.705266 -2.60612
v 1.92078 -0.662371 -2.62388
v 1.92078 -0.619476 -2.60612
v 1.92078 -0.662371 -2.56322
v 1.7985 -0.582029 -2.52994
v 1.7985 -0.629092 -2.48288
v 1.7985 -0.69565 -2.48288
v 1.7985 -0.742713 -2.52994
v 1.7985 -0.742713 -2.5965
v 1.7985 -0.69565 -2.64356
v 1.7985 -0.629092 -2.64356
v 1.7985 -0.582029 -2.5965
v 1.7985 -0.411791 -2.51338
v 1.7985 -0.520428 -2.35079
v 1.7985 -0.712214 -2.31264
v 1.7985 -0.874803 -2.42128
v 1.7985 -0.912951 -2.61306
v 1.7985 -0.846569 -2.74742
v 1.7985 -0.712214 -2.8138
v 1.7985 -0.520428 -2.77565
v 1.7985 -0.421705 -2.66291
v 1.7985 -0.414052 -2.46036
v 1.7985 -0.559514 -2.3149
v 1.7985 -0.765228 -2.3149
v 1.7985 -0.91069 -2.46036
v 1.7985 -0.91069 -2.66608
v 1.7985 -0.852426 -2.75328
v 1.7985 -0.662371 -2.832
v 1.7985 -0.472315 -2.75328
v 1.7985 -0.414052 -2.66608
v -1.89949 -0.575409 -2.56322
v -1.89949 -0.582028 -2.52994
v -1.89949 -0.600879 -2.50173
v -1.89949 -0.629092 -2.48288
v -1.89949 -0.662371 -2.47626
v -1.89949 -0.695649 -2.48288
v -1.89949 -0.723862 -2.50173
v -1.89949 -0.742713 -2.52994
v -1.89949 -0.749332 -2.56322
v -1.89949 -0.742713 -2.5965
v -1.89949 -0.723862 -2.62471
v -1.89949 -0.695649 -2.64356
v -1.89949 -0.662371 -2.65018
v -1.89949 -0.629092 -2.64356
v -1.89949 -0.600879 -2.62471
v -1.89949 -0.582028 -2.5965
v -1.93119 -0.579308 -2.56322
v -1.93119 -0.585631 -2.53143
v -1.93119 -0.603636 -2.50449
v -1.93119 -0.630584 -2.48648
v -1.93119 -0.662371 -2.48016
v -1.93119 -0.694157 -2.48648
v -1.93119 -0.721105 -2.50449
v -1.93119 -0.73911 -2.53143
v -1.93119 -0.745433 -2.56322
v -1.93119 -0.73911 -2.59501
v -1.93119 -0.721105 -2.62195
v -1.93119 -0.694157 -2.63996
v -1.93119 -0.662371 -2.64628
v -1.93119 -0.630584 -2.63996
v -1.93119 -0.603636 -2.62195
v -1.93119 -0.585631 -2.59501
v -1.93119 -0.59866 -2.53683
v -1.93119 -0.635981 -2.49951
v -1.93119 -0.68876 -2.49951
v -1.93119 -0.726081 -2.53683
v -1.93119 -0.726081 -2.58961
v -1.93119 -0.68876 -2.62693
v -1.93119 -0.635981 -2.62693
v -1.93119 -0.59866 -2.58961
v -1.92078 -0.601708 -2.56322
v -1.92078 -0.606325 -2.54001
v -1.92078 -0.619475 -2.52033
v -1.92078 -0.639156 -2.50718
v -1.92078 -0.662371 -2.50256
v -1.92078 -0.685585 -2.50718
v -1.92078 -0.705266 -2.52033
v -1.92078 -0.718416 -2.54001
v -1.92078 -0.723033 -2.56322
v -1.92078 -0.718416 -2.58643
v -1.92078 -0.705266 -2.60612
v -1.92078 -0.685585 -2.61927
v -1.92078 -0.662371 -2.62388
v -1.92078 -0.639156 -2.61927
v -1.92078 -0.619475 -2.60612
v -1.92078 -0.606325 -2.58643
v -1.92078 -0.662371 -2.56322
v -1.7985 -0.575409 -2.56322
v -1.7985 -0.582028 -2.52994
v -1.7985 -0.600879 -2.50173
v -1.7985 -0.629092 -2.48288
v -1.7985 -0.662371 -2.47626
v -1.7985 -0.695649 -2.48288
v -1.7985 -0.723862 -2.50173
v -1.7985 -0.742713 -2.52994
v -1.7985 -0.749332 -2.56322
v -1.7985 -0.742713 -2.5965
v -1.7985 -0.723862 -2.62471
v -1.7985 -0.695649 -2.64356
v -1.7985 -0.662371 -2.65018
v -1.7985 -0.629092 -2.64356
v -1.7985 -0.600879 -2.62471
v -1.7985 -0.582028 -2.5965
v -1.7985 -0.397733 -2.56322
v -1.7985 -0.475244 -2.37609
v -1.7985 -0.662371 -2.29858
v -1.7985 -0.849497 -2.37609
v -1.7985 -0.927007 -2.56322
v -1.7985 -0.849497 -2.75035
v -1.7985 -0.662371 -2.82786
v -1.7985 -0.475244 -2.75035
v -1.7985 -0.414051 -2.46036
v -1.7985 -0.559513 -2.3149
v -1.7985 -0.765228 -2.3149
v -1.7985 -0.91069 -2.46036
v -1.7985 -0.91069 -2.66608
v -1.7985 -0.765228 -2.81154
v -1.7985 -0.559513 -2.81154
v -1.7985 -0.414051 -2.66608
v 1.9045 -1.16013 -2.68404
v 1.89282 -0.784705 -2.5937
v 1.9045 -1.11128 -2.68144
v 1.9045 -1.07688 -2.86397
v 1.9045 -1.12273 -2.61828
v 1.89698 -0.822705 -2.60204
v 1.9014 -0.86283 -2.61179
v 1.9014 -0.867187 -2.58768
v 1.92269 -1.05618 -2.65878
v 1.92269 -1.06475 -2.61134
v 1.91674 -1.00211 -2.64564
v 1.86569 -1.07944 -2.6477
v 1.86569 -1.00676 -2.81302
v 1.86569 -1.02543 -2.63674
v 1.86715 -0.805417 -2.59858
v 1.85484 -0.824312 -2.5947
v 1.85926 -0.86484 -2.60261
v 1.85484 -0.795954 -2.65986
v 1.85926 -0.82936 -2.68413
v 1.89282 -0.748588 -2.58956
v 1.87289 -0.770558 -2.58993
v 1.93597 -1.11715 -2.67359
v 1.85926 -0.851557 -2.64531
v 1.85484 -0.813695 -2.62883
v 1.86715 -0.781703 -2.64951
v 1.87289 -0.757621 -2.62012
v 1.9045 -1.1273 -2.77807
v 1.9045 -1.07853 -2.76043
v 1.86569 -1.05198 -2.73426
v 1.86569 -1.00153 -2.71208
v 1.87289 -0.725902 -2.60897
v 1.87289 -0.732885 -2.59735
v 1.84682 -1.16013 -2.68404
v 1.5765 -1.17097 -2.62406
v 1.30618 -1.16013 -2.68404
v 1.30618 -1.07688 -2.86397
v 1.30618 -1.1273 -2.77807
v 1.7809 -1.02543 -2.63674
v 1.7809 -0.962172 -2.78063
v 1.7809 -1.00153 -2.71208
v 1.76422 -1.07944 -2.6477
v 1.76422 -1.00676 -2.81302
v 1.76422 -1.05198 -2.73426
v 1.28089 -1.05198 -2.73426
v 1.83288 -0.86484 -2.60261
v 1.9045 -1.16013 -2.44241
v 1.89282 -0.784705 -2.53274
v 1.9045 -1.17097 -2.62406
v 1.89282 -0.788461 -2.56322
v 1.9045 -1.12601 -2.56322
v 1.9045 -1.07688 -2.26247
v 1.9045 -1.17097 -2.50238
v 1.9045 -1.11128 -2.44501
v 1.89698 -0.822705 -2.5244
v 1.89698 -0.827355 -2.56322
v 1.89282 -0.787571 -2.5483
v 1.9014 -0.86283 -2.51465
v 1.9014 -0.868647 -2.56322
v 1.92269 -1.05618 -2.46767
v 1.92269 -1.06762 -2.56322
v 1.92269 -1.06475 -2.5151
v 1.91674 -1.01198 -2.56322
v 1.91674 -1.0095 -2.52172
v 1.86569 -1.07944 -2.47875
v 1.86569 -1.00676 -2.31342
v 1.86569 -1.02543 -2.4897
v 1.86715 -0.805417 -2.52786
v 1.85484 -0.824312 -2.53174
v 1.85926 -0.86484 -2.52383
v 1.86715 -0.781703 -2.47693
v 1.89282 -0.752228 -2.56855
v 1.89282 -0.75191 -2.55257
v 1.87289 -0.770558 -2.53651
v 1.87289 -0.765935 -2.56322
v 1.87289 -0.765204 -2.55097
v 1.93597 -1.11715 -2.45285
v 1.93597 -1.13037 -2.56322
v 1.93597 -1.12705 -2.50764
v 1.85926 -0.851557 -2.48113
v 1.85484 -0.813695 -2.49761
v 1.86715 -0.794874 -2.49885
v 1.87289 -0.762595 -2.5146
v 1.9045 -1.1273 -2.34837
v 1.9045 -1.07853 -2.36601
v 1.86569 -1.05198 -2.39218
v 1.86569 -0.981853 -2.38009
v 1.87289 -0.725902 -2.51748
v 1.87289 -0.740766 -2.56322
v 1.87289 -0.732885 -2.52909
v 1.5765 -1.16013 -2.44241
v 1.84682 -1.1746 -2.56322
v 1.30618 -1.1746 -2.56322
v 1.30618 -1.07688 -2.26247
v 1.30618 -1.17097 -2.50238
v 1.30618 -1.1273 -2.34837
v 1.7809 -1.00153 -2.41436
v 1.7809 -0.962172 -2.34581
v 1.7809 -1.03281 -2.56322
v 1.76422 -1.07944 -2.47875
v 1.76422 -1.00676 -2.31342
v 1.76422 -1.05198 -2.39218
v 1.76422 -1.08792 -2.56322
v 1.28089 -1.07944 -2.47875
v 1.83288 -0.851557 -2.48113
v 1.9045 -0.701676 -3.07341
v 1.89282 -0.671578 -2.68845
v 1.9045 -0.689053 -3.02615
v 1.9045 -0.504827 -3.04984
v 1.9045 -0.752653 -3.01752
v 1.89698 -0.675386 -2.72717
v 1.9014 -0.678513 -2.76834
v 1.9014 -0.702792 -2.76503
v 1.92269 -0.693577 -2.96674
v 1.92269 -0.741341 -2.96024
v 1.91674 -0.689364 -2.91126
v 1.86569 -0.711304 -2.98544
v 1.86569 -0.531611 -2.9674
v 1.86569 -0.705032 -2.93069
v 1.86715 -0.673335 -2.70965
v 1.85484 -0.682862 -2.72643
v 1.85926 -0.687866 -2.76741
v 1.85484 -0.61213 -2.71959
v 1.85926 -0.59937 -2.75886
v 1.89282 -0.664359 -2.65282
v 1.87289 -0.670792 -2.67383
v 1.93597 -0.698328 -3.02931
v 1.85926 -0.643151 -2.76798
v 1.85484 -0.647123 -2.72688
v 1.86715 -0.617574 -2.70284
v 1.87289 -0.638082 -2.67085
v 1.9045 -0.602099 -3.07125
v 1.9045 -0.603806 -3.01941
v 1.86569 -0.620488 -2.98608
v 1.86569 -0.625993 -2.93125
v 1.87289 -0.638888 -2.63724
v 1.87289 -0.652097 -2.64029
v 1.84682 -0.701676 -3.07341
v 1.5765 -0.762066 -3.06519
v 1.30618 -0.701676 -3.07341
v 1.30618 -0.504827 -3.04984
v 1.30618 -0.602099 -3.07125
v 1.7809 -0.705032 -2.93069
v 1.7809 -0.548641 -2.91499
v 1.7809 -0.625993 -2.93125
v 1.76422 -0.711304 -2.98544
v 1.76422 -0.531612 -2.9674
v 1.76422 -0.620488 -2.98608
v 1.28089 -0.620488 -2.98608
v 1.83288 -0.687866 -2.76741
v 1.9045 -0.93148 -2.99874
v 1.89282 -0.729554 -2.66961
v 1.9045 -0.762066 -3.06519
v 1.89282 -0.701727 -2.6826
v 1.9045 -0.806036 -3.00363
v 1.9045 -0.877789 -3.02759
v 1.9045 -0.913912 -2.95309
v 1.89698 -0.749231 -2.70317
v 1.89698 -0.713745 -2.71959
v 1.89282 -0.715647 -2.67714
v 1.9014 -0.770903 -2.73832
v 1.9014 -0.726505 -2.75886
v 1.92269 -0.875334 -2.90769
v 1.92269 -0.787992 -2.9481
v 1.92269 -0.832869 -2.9305
v 1.91674 -0.770797 -2.89518
v 1.91674 -0.809503 -2.88
v 1.86569 -0.871985 -2.93324
v 1.86569 -0.844877 -2.88525
v 1.86715 -0.740597 -2.6878
v 1.85484 -0.742748 -2.70697
v 1.85926 -0.762792 -2.74307
v 1.89282 -0.685463 -2.64979
v 1.89282 -0.700565 -2.64455
v 1.87289 -0.721597 -2.65732
v 1.87289 -0.694766 -2.66118
v 1.87289 -0.706187 -2.6567
v 1.93597 -0.908269 -2.9611
v 1.93597 -0.807383 -3.00778
v 1.93597 -0.859218 -2.98745
v 1.85926 -0.799298 -2.71724
v 1.86715 -0.764927 -2.66881
v 1.9045 -1.01077 -2.93846
v 1.9045 -0.978921 -2.89753
v 1.86569 -0.945831 -2.88037
v 1.86569 -0.909146 -2.83924
v 1.87289 -0.70411 -2.62927
v 1.87289 -0.686988 -2.63724
v 1.87289 -0.717008 -2.6192
v 1.5765 -0.93148 -2.99874
v 1.84682 -0.821049 -3.04984
v 1.30618 -0.821049 -3.04984
v 1.30618 -0.877789 -3.02759
v 1.30618 -1.01077 -2.93846
v 1.7809 -0.909146 -2.83924
v 1.7809 -0.777235 -2.91499
v 1.76422 -0.871984 -2.93323
v 1.76422 -0.945829 -2.88037
v 1.76422 -0.794264 -2.9674
v 1.28089 -0.945829 -2.88037
v 1.83288 -0.799298 -2.71724
v 1.9045 -0.189689 -2.75772
v 1.89282 -0.546511 -2.61014
v 1.9045 -0.230737 -2.73111
v 1.9045 -0.151279 -2.56322
v 1.9045 -0.258596 -2.78893
v 1.89698 -0.510864 -2.62572
v 1.9014 -0.472672 -2.64142
v 1.9014 -0.48332 -2.66349
v 1.92269 -0.288634 -2.71706
v 1.92269 -0.309581 -2.76047
v 1.91674 -0.340102 -2.6959
v 1.86569 -0.276326 -2.73969
v 1.86569 -0.237954 -2.56322
v 1.86569 -0.326461 -2.71681
v 1.86715 -0.526885 -2.61836
v 1.85484 -0.513878 -2.6326
v 1.85926 -0.476442 -2.65003
v 1.85484 -0.498521 -2.56322
v 1.85926 -0.457229 -2.56322
v 1.89282 -0.578166 -2.59226
v 1.87289 -0.560172 -2.60487
v 1.93597 -0.230594 -2.74091
v 1.85926 -0.46209 -2.60767
v 1.85484 -0.502406 -2.59875
v 1.86715 -0.516137 -2.56322
v 1.87289 -0.552894 -2.57284
v 1.9045 -0.160973 -2.66235
v 1.9045 -0.2108 -2.64795
v 1.86569 -0.247658 -2.65352
v 1.86569 -0.30151 -2.64181
v 1.87289 -0.58511 -2.56322
v 1.87289 -0.586291 -2.57673
v 1.84682 -0.189689 -2.75772
v 1.5765 -0.216173 -2.81261
v 1.30618 -0.189689 -2.75772
v 1.30618 -0.151279 -2.56322
v 1.30618 -0.160973 -2.66235
v 1.7809 -0.326461 -2.71681
v 1.7809 -0.293064 -2.56322
v 1.7809 -0.30151 -2.64181
v 1.76422 -0.276329 -2.73969
v 1.76422 -0.237957 -2.56322
v 1.76422 -0.247661 -2.65352
v 1.28089 -0.24766 -2.65352
v 1.83288 -0.476442 -2.65003
v 1.9045 -0.331715 -2.9532
v 1.89282 -0.582342 -2.65945
v 1.9045 -0.216173 -2.81261
v 1.89282 -0.561387 -2.637
v 1.9045 -0.288303 -2.83541
v 1.9045 -0.287694 -2.91105
v 1.9045 -0.369708 -2.92239
v 1.89698 -0.556503 -2.68854
v 1.89698 -0.529922 -2.65986
v 1.89282 -0.570881 -2.64855
v 1.9014 -0.529772 -2.72001
v 1.9014 -0.496516 -2.68413
v 1.92269 -0.400966 -2.87167
v 1.92269 -0.335542 -2.80109
v 1.92269 -0.366149 -2.83833
v 1.91674 -0.38056 -2.76838
v 1.91674 -0.406958 -2.8005
v 1.86569 -0.375632 -2.87638
v 1.86569 -0.412889 -2.83577
v 1.86715 -0.568455 -2.67558
v 1.85484 -0.550889 -2.68355
v 1.85926 -0.522749 -2.71376
v 1.89282 -0.58757 -2.61139
v 1.89282 -0.597221 -2.62414
v 1.87289 -0.591571 -2.64809
v 1.87289 -0.579612 -2.62376
v 1.87289 -0.587402 -2.63324
v 1.93597 -0.360345 -2.9195
v 1.93597 -0.284776 -2.83797
v 1.93597 -0.320128 -2.88099
v 1.85926 -0.558594 -2.7405
v 1.86715 -0.594034 -2.69285
v 1.9045 -0.413546 -3.00999
v 1.9045 -0.442634 -2.96705
v 1.86569 -0.44873 -2.93027
v 1.86569 -0.476508 -2.88267
v 1.87289 -0.612847 -2.62279
v 1.87289 -0.599974 -2.60897
v 1.87289 -0.626408 -2.63194
v 1.5765 -0.331715 -2.9532
v 1.84682 -0.248997 -2.86397
v 1.30618 -0.248997 -2.86397
v 1.30618 -0.287694 -2.91105
v 1.30618 -0.413546 -3.00999
v 1.7809 -0.476508 -2.88267
v 1.7809 -0.363704 -2.78063
v 1.76422 -0.375634 -2.87638
v 1.76422 -0.448732 -2.93027
v 1.76422 -0.319121 -2.81302
v 1.28089 -0.448732 -2.93027
v 1.83288 -0.558594 -2.7405
v 1.9045 -0.331715 -2.17324
v 1.89282 -0.582342 -2.46699
v 1.9045 -0.369708 -2.20405
v 1.9045 -0.504826 -2.0766
v 1.9045 -0.323326 -2.24842
v 1.89698 -0.556503 -2.4379
v 1.9014 -0.529772 -2.40643
v 1.9014 -0.512074 -2.42338
v 1.92269 -0.400966 -2.25477
v 1.92269 -0.366149 -2.28811
v 1.91674 -0.436988 -2.29719
v 1.86569 -0.375632 -2.25007
v 1.86569 -0.53161 -2.15904
v 1.86569 -0.412889 -2.29067
v 1.86715 -0.568455 -2.45087
v 1.85484 -0.550889 -2.4429
v 1.85926 -0.522749 -2.41268
v 1.85484 -0.61213 -2.40685
v 1.85926 -0.59937 -2.36758
v 1.89282 -0.609125 -2.49157
v 1.87289 -0.591571 -2.47836
v 1.93597 -0.360345 -2.20695
v 1.85926 -0.558594 -2.38594
v 1.85484 -0.579539 -2.42153
v 1.86715 -0.617574 -2.4236
v 1.87289 -0.619782 -2.46154
v 1.9045 -0.413546 -2.11646
v 1.9045 -0.442634 -2.1594
v 1.86569 -0.44873 -2.19617
v 1.86569 -0.476508 -2.24377
v 1.87289 -0.638888 -2.4892
v 1.87289 -0.626408 -2.4945
v 1.84682 -0.331715 -2.17324
v 1.5765 -0.287694 -2.21539
v 1.30618 -0.331715 -2.17324
v 1.30618 -0.504826 -2.0766
v 1.30618 -0.413546 -2.11646
v 1.7809 -0.412889 -2.29067
v 1.7809 -0.548641 -2.21145
v 1.7809 -0.476508 -2.24377
v 1.76422 -0.375634 -2.25007
v 1.76422 -0.531611 -2.15904
v 1.76422 -0.448732 -2.19617
v 1.28089 -0.448732 -2.19617
v 1.83288 -0.522749 -2.41268
v 1.9045 -0.189689 -2.36872
v 1.89282 -0.546511 -2.51631
v 1.9045 -0.287694 -2.21539
v 1.89282 -0.561387 -2.48944
v 1.9045 -0.288303 -2.29103
v 1.9045 -0.216173 -2.31383
v 1.9045 -0.230737 -2.39533
v 1.89698 -0.510864 -2.50072
v 1.89698 -0.529922 -2.46658
v 1.89282 -0.553335 -2.50204
v 1.9014 -0.472672 -2.48502
v 1.9014 -0.496516 -2.44231
v 1.92269 -0.288634 -2.40939
v 1.92269 -0.335542 -2.32536
v 1.92269 -0.309581 -2.36597
v 1.91674 -0.38056 -2.35806
v 1.91674 -0.358169 -2.39309
v 1.86569 -0.276326 -2.38675
v 1.86569 -0.326461 -2.40963
v 1.86715 -0.526885 -2.50808
v 1.85484 -0.513878 -2.49384
v 1.85926 -0.476442 -2.47641
v 1.89282 -0.593832 -2.50643
v 1.89282 -0.584696 -2.51954
v 1.87289 -0.560172 -2.52157
v 1.87289 -0.579612 -2.50268
v 1.87289 -0.573004 -2.51302
v 1.93597 -0.230594 -2.38553
v 1.93597 -0.284776 -2.28847
v 1.93597 -0.25479 -2.33539
v 1.85926 -0.46209 -2.51877
v 1.86715 -0.518364 -2.53775
v 1.9045 -0.160973 -2.46409
v 1.9045 -0.2108 -2.47849
v 1.86569 -0.247658 -2.47292
v 1.86569 -0.30151 -2.48463
v 1.87289 -0.590808 -2.53399
v 1.87289 -0.599974 -2.51748
v 1.87289 -0.586291 -2.54972
v 1.5765 -0.189689 -2.36872
v 1.84682 -0.248997 -2.26247
v 1.30618 -0.248997 -2.26247
v 1.30618 -0.216173 -2.31383
v 1.30618 -0.160973 -2.46409
v 1.7809 -0.30151 -2.48463
v 1.7809 -0.363704 -2.34581
v 1.76422 -0.276329 -2.38675
v 1.76422 -0.247661 -2.47292
v 1.76422 -0.319121 -2.31342
v 1.28089 -0.24766 -2.47292
v 1.83288 -0.46209 -2.51877
v 1.9045 -0.93148 -2.1277
v 1.89282 -0.729554 -2.45683
v 1.9045 -0.913912 -2.17335
v 1.9045 -0.857388 -2.14295
v 1.89698 -0.749231 -2.42327
v 1.9014 -0.770903 -2.38812
v 1.9014 -0.749317 -2.37653
v 1.92269 -0.875334 -2.21876
v 1.92269 -0.832869 -2.19595
v 1.91674 -0.846129 -2.26612
v 1.86569 -0.871985 -2.19321
v 1.86569 -1.00676 -2.31342
v 1.86569 -0.844877 -2.24119
v 1.86715 -0.740597 -2.43864
v 1.85484 -0.742748 -2.41947
v 1.85926 -0.762792 -2.38337
v 1.89282 -0.714452 -2.4899
v 1.87289 -0.721597 -2.46912
v 1.93597 -0.908269 -2.16534
v 1.85926 -0.799298 -2.4092
v 1.85484 -0.771926 -2.44012
v 1.86715 -0.764927 -2.45763
v 1.87289 -0.739975 -2.48347
v 1.9045 -1.01077 -2.18798
v 1.9045 -0.978921 -2.22891
v 1.86569 -0.945831 -2.24607
v 1.86569 -0.909146 -2.2872
v 1.87289 -0.717008 -2.50724
v 1.5765 -0.93148 -2.1277
v 1.5765 -0.877789 -2.09886
v 1.7809 -0.844877 -2.24119
v 1.7809 -0.909146 -2.2872
v 1.76422 -0.871984 -2.19321
v 1.76422 -0.945829 -2.24607
v 1.28089 -0.945829 -2.24607
v 1.83288 -0.762792 -2.38337
v 1.9045 -0.701677 -2.05303
v 1.89282 -0.671578 -2.43799
v 1.9045 -0.877789 -2.09886
v 1.89282 -0.701727 -2.44384
v 1.9045 -0.806036 -2.12281
v 1.9045 -0.762066 -2.06126
v 1.9045 -0.689053 -2.10029
v 1.89698 -0.675386 -2.39928
v 1.89698 -0.713746 -2.40685
v 1.89282 -0.687257 -2.44008
v 1.9014 -0.678513 -2.3581
v 1.9014 -0.726505 -2.36758
v 1.92269 -0.693577 -2.1597
v 1.92269 -0.787992 -2.17835
v 1.92269 -0.741341 -2.16621
v 1.91674 -0.770797 -2.23127
v 1.91674 -0.73056 -2.2208
v 1.86569 -0.711304 -2.141
v 1.86569 -0.705032 -2.19575
v 1.86715 -0.673335 -2.41679
v 1.85484 -0.682862 -2.40002
v 1.85926 -0.687866 -2.35903
v 1.89282 -0.695596 -2.47995
v 1.89282 -0.680298 -2.47531
v 1.87289 -0.670792 -2.45262
v 1.87289 -0.694766 -2.46527
v 1.87289 -0.682892 -2.46218
v 1.93597 -0.698328 -2.09713
v 1.93597 -0.807383 -2.11867
v 1.93597 -0.753498 -2.10464
v 1.85926 -0.643151 -2.35847
v 1.86715 -0.64249 -2.41785
v 1.9045 -0.602099 -2.05519
v 1.9045 -0.603805 -2.10703
v 1.86569 -0.620488 -2.14036
v 1.86569 -0.625993 -2.1952
v 1.87289 -0.66845 -2.48559
v 1.87289 -0.686988 -2.4892
v 1.87289 -0.652097 -2.48615
v 1.84682 -0.701677 -2.05303
v 1.84682 -0.821049 -2.0766
v 1.30618 -0.821049 -2.0766
v 1.30618 -0.762066 -2.06126
v 1.30618 -0.602099 -2.05519
v 1.7809 -0.625993 -2.1952
v 1.7809 -0.777235 -2.21145
v 1.76422 -0.711304 -2.141
v 1.76422 -0.620489 -2.14037
v 1.76422 -0.794264 -2.15904
v 1.28089 -0.620488 -2.14037
v 1.83288 -0.643151 -2.35847
v -1.9045 -1.16013 -2.68404
v -1.89282 -0.784705 -2.5937
v -1.9045 -1.07688 -2.86397
v -1.9045 -1.17097 -2.62406
v -1.9045 -1.11128 -2.68144
v -1.89698 -0.822705 -2.60204
v -1.89282 -0.787571 -2.57815
v -1.9014 -0.86283 -2.61179
v -1.92269 -1.05618 -2.65878
v -1.91674 -1.0095 -2.60472
v -1.86569 -1.07944 -2.6477
v -1.86569 -1.00676 -2.81302
v -1.86569 -1.02543 -2.63674
v -1.86715 -0.805416 -2.59858
v -1.85484 -0.824312 -2.5947
v -1.85926 -0.86484 -2.60261
v -1.85484 -0.795954 -2.65986
v -1.85926 -0.82936 -2.68413
v -1.87289 -0.770558 -2.58993
v -1.87289 -0.765204 -2.57547
v -1.93597 -1.11715 -2.67359
v -1.85926 -0.851557 -2.64531
v -1.86715 -0.794874 -2.62759
v -1.9045 -1.1273 -2.77807
v -1.9045 -1.07853 -2.76043
v -1.86569 -1.05198 -2.73426
v -1.86569 -0.962172 -2.78063
v -1.87289 -0.738474 -2.58197
v -1.87289 -0.725902 -2.60897
v -1.87289 -0.732885 -2.59735
v -1.5765 -1.16013 -2.68404
v -1.30618 -1.07688 -2.86397
v -1.30618 -1.17097 -2.62406
v -1.30618 -1.1273 -2.77807
v -1.7809 -1.00153 -2.71208
v -1.7809 -0.962172 -2.78063
v -1.76422 -1.07944 -2.6477
v -1.76422 -1.00676 -2.81302
v -1.76422 -1.05198 -2.73426
v -1.28089 -1.07944 -2.6477
v -1.83288 -0.851557 -2.64531
v -1.9045 -1.16013 -2.44241
v -1.89282 -0.784705 -2.53274
v -1.9045 -1.17097 -2.50238
v -1.89282 -0.788461 -2.56322
v -1.9045 -1.11128 -2.44501
v -1.9045 -1.12601 -2.56322
v -1.9045 -1.12273 -2.50816
v -1.89698 -0.827354 -2.56322
v -1.89698 -0.822705 -2.5244
v -1.9014 -0.86283 -2.51465
v -1.9014 -0.868646 -2.56322
v -1.9014 -0.867187 -2.53876
v -1.92269 -1.05618 -2.46767
v -1.92269 -1.06475 -2.61134
v -1.92269 -1.06475 -2.5151
v -1.91674 -1.01198 -2.56322
v -1.91674 -1.00211 -2.48081
v -1.86569 -1.07944 -2.47875
v -1.86569 -1.00676 -2.31342
v -1.86569 -1.02543 -2.4897
v -1.86715 -0.805416 -2.52786
v -1.85484 -0.824312 -2.53174
v -1.85926 -0.86484 -2.52383
v -1.89282 -0.751909 -2.57388
v -1.89282 -0.751909 -2.55257
v -1.87289 -0.770558 -2.53651
v -1.87289 -0.765934 -2.56322
v -1.93597 -1.12705 -2.6188
v -1.93597 -1.12705 -2.50764
v -1.85926 -0.851557 -2.48113
v -1.85484 -0.813695 -2.49761
v -1.86715 -0.794874 -2.49885
v -1.87289 -0.762595 -2.5146
v -1.9045 -1.1273 -2.34837
v -1.9045 -1.07853 -2.36601
v -1.86569 -1.05198 -2.39218
v -1.86569 -1.00153 -2.41436
v -1.87289 -0.740766 -2.56322
v -1.87289 -0.732885 -2.52909
v -1.5765 -1.16013 -2.44241
v -1.84682 -1.1746 -2.56322
v -1.5765 -1.17097 -2.50238
v -1.30618 -1.1746 -2.56322
v -1.7809 -1.02543 -2.4897
v -1.7809 -1.00153 -2.41436
v -1.7809 -1.03281 -2.56322
v -1.76422 -1.07944 -2.47875
v -1.76422 -1.05198 -2.39218
v -1.76422 -1.08792 -2.56322
v -1.28089 -1.07944 -2.47875
v -1.28089 -1.05198 -2.39218
v -1.83288 -0.86484 -2.52383
v -1.9045 -0.701676 -3.07341
v -1.89282 -0.671578 -2.68845
v -1.9045 -0.504826 -3.04984
v -1.9045 -0.762066 -3.06519
v -1.9045 -0.689053 -3.02615
v -1.89698 -0.675386 -2.72717
v -1.89282 -0.687257 -2.68637
v -1.9014 -0.678512 -2.76834
v -1.92269 -0.693577 -2.96674
v -1.91674 -0.73056 -2.90565
v -1.86569 -0.711304 -2.98544
v -1.86569 -0.53161 -2.9674
v -1.86569 -0.705032 -2.93069
v -1.86715 -0.673335 -2.70965
v -1.85484 -0.682862 -2.72643
v -1.85926 -0.687866 -2.76741
v -1.85484 -0.61213 -2.71959
v -1.85926 -0.59937 -2.75886
v -1.87289 -0.670791 -2.67383
v -1.87289 -0.682892 -2.66427
v -1.93597 -0.698328 -3.02931
v -1.85926 -0.643151 -2.76798
v -1.86715 -0.64249 -2.70859
v -1.9045 -0.602099 -3.07125
v -1.9045 -0.603805 -3.01941
v -1.86569 -0.620488 -2.98608
v -1.86569 -0.548641 -2.91499
v -1.87289 -0.66845 -2.64085
v -1.87289 -0.638888 -2.63724
v -1.87289 -0.652097 -2.64029
v -1.5765 -0.701676 -3.07341
v -1.30618 -0.504826 -3.04984
v -1.30618 -0.762066 -3.06519
v -1.30618 -0.602099 -3.07125
v -1.7809 -0.625993 -2.93125
v -1.7809 -0.548641 -2.91499
v -1.76422 -0.711304 -2.98544
v -1.76422 -0.531611 -2.9674
v -1.76422 -0.620488 -2.98608
v -1.28089 -0.711303 -2.98544
v -1.83288 -0.643151 -2.76798
v -1.9045 -0.93148 -2.99874
v -1.89282 -0.729554 -2.66961
v -1.9045 -0.877789 -3.02759
v -1.89282 -0.701727 -2.6826
v -1.9045 -0.913912 -2.95309
v -1.9045 -0.806036 -3.00363
v -1.9045 -0.857387 -2.98349
v -1.89698 -0.713745 -2.71959
v -1.89698 -0.749231 -2.70317
v -1.9014 -0.770903 -2.73832
v -1.9014 -0.726505 -2.75886
v -1.9014 -0.749317 -2.74992
v -1.92269 -0.875334 -2.90769
v -1.92269 -0.741341 -2.96024
v -1.92269 -0.832869 -2.9305
v -1.91674 -0.770796 -2.89518
v -1.91674 -0.846129 -2.86032
v -1.86569 -0.871985 -2.93323
v -1.86569 -0.844877 -2.88525
v -1.86715 -0.740597 -2.6878
v -1.85484 -0.742748 -2.70697
v -1.85926 -0.762792 -2.74307
v -1.89282 -0.680298 -2.65113
v -1.89282 -0.700565 -2.64455
v -1.87289 -0.721597 -2.65732
v -1.87289 -0.694765 -2.66118
v -1.93597 -0.753498 -3.0218
v -1.93597 -0.859218 -2.98745
v -1.85926 -0.799298 -2.71724
v -1.85484 -0.771926 -2.68632
v -1.86715 -0.764927 -2.66881
v -1.87289 -0.746311 -2.63569
v -1.9045 -1.01077 -2.93846
v -1.9045 -0.97892 -2.89753
v -1.86569 -0.945831 -2.88037
v -1.86569 -0.909146 -2.83924
v -1.87289 -0.686988 -2.63724
v -1.87289 -0.717008 -2.6192
v -1.5765 -0.821049 -3.04984
v -1.84682 -0.877789 -3.02759
v -1.84682 -1.01077 -2.93846
v -1.30618 -0.93148 -2.99874
v -1.30618 -0.877789 -3.02759
v -1.30618 -1.01077 -2.93846
v -1.7809 -0.844877 -2.88525
v -1.7809 -0.909146 -2.83924
v -1.7809 -0.777235 -2.91499
v -1.76422 -0.871984 -2.93323
v -1.76422 -0.945829 -2.88037
v -1.76422 -0.794264 -2.9674
v -1.28089 -0.871984 -2.93323
v -1.83288 -0.762792 -2.74307
v -1.83288 -0.799298 -2.71724
v -1.9045 -0.189689 -2.75772
v -1.89282 -0.546511 -2.61014
v -1.9045 -0.151278 -2.56322
v -1.9045 -0.216173 -2.81261
v -1.9045 -0.230737 -2.73111
v -1.89698 -0.510864 -2.62572
v -1.89282 -0.553335 -2.6244
v -1.9014 -0.472672 -2.64142
v -1.92269 -0.288634 -2.71706
v -1.91674 -0.358169 -2.73335
v -1.86569 -0.276326 -2.73969
v -1.86569 -0.237954 -2.56322
v -1.86569 -0.32646 -2.71681
v -1.86715 -0.526885 -2.61836
v -1.85484 -0.513878 -2.6326
v -1.85926 -0.476442 -2.65003
v -1.85484 -0.498521 -2.56322
v -1.85926 -0.457229 -2.56322
v -1.87289 -0.560171 -2.60487
v -1.87289 -0.573004 -2.61342
v -1.93597 -0.230594 -2.74091
v -1.85926 -0.46209 -2.60767
v -1.86715 -0.518364 -2.5887
v -1.9045 -0.160973 -2.66235
v -1.9045 -0.2108 -2.64795
v -1.86569 -0.247657 -2.65352
v -1.86569 -0.293064 -2.56322
v -1.87289 -0.590808 -2.59245
v -1.87289 -0.58511 -2.56322
v -1.87289 -0.586291 -2.57673
v -1.5765 -0.189688 -2.75772
v -1.30618 -0.151278 -2.56322
v -1.30618 -0.216173 -2.81261
v -1.30618 -0.160973 -2.66235
v -1.7809 -0.30151 -2.64181
v -1.7809 -0.293064 -2.56322
v -1.76422 -0.276329 -2.73969
v -1.76422 -0.237957 -2.56322
v -1.76422 -0.24766 -2.65352
v -1.28089 -0.276329 -2.73969
v -1.83288 -0.46209 -2.60767
v -1.9045 -0.331715 -2.9532
v -1.89282 -0.582342 -2.65945
v -1.9045 -0.287694 -2.91105
v -1.89282 -0.561387 -2.637
v -1.9045 -0.369708 -2.92239
v -1.9045 -0.288303 -2.83541
v -1.9045 -0.323325 -2.87802
v -1.89698 -0.529922 -2.65986
v -1.89698 -0.556503 -2.68854
v -1.9014 -0.529772 -2.72001
v -1.9014 -0.496516 -2.68413
v -1.9014 -0.512074 -2.70306
v -1.92269 -0.400966 -2.87167
v -1.92269 -0.309581 -2.76047
v -1.92269 -0.366149 -2.83833
v -1.91674 -0.38056 -2.76838
v -1.91674 -0.436988 -2.82925
v -1.86569 -0.375632 -2.87638
v -1.86569 -0.412889 -2.83577
v -1.86715 -0.568455 -2.67558
v -1.85484 -0.550889 -2.68355
v -1.85926 -0.522749 -2.71376
v -1.89282 -0.584695 -2.6069
v -1.89282 -0.597221 -2.62414
v -1.87289 -0.591571 -2.64809
v -1.87289 -0.579612 -2.62376
v -1.93597 -0.25479 -2.79106
v -1.93597 -0.320128 -2.88099
v -1.85926 -0.558594 -2.7405
v -1.85484 -0.579539 -2.70492
v -1.86715 -0.594034 -2.69285
v -1.87289 -0.619782 -2.66491
v -1.9045 -0.413545 -3.00999
v -1.9045 -0.442633 -2.96705
v -1.86569 -0.44873 -2.93027
v -1.86569 -0.476508 -2.88267
v -1.87289 -0.599974 -2.60897
v -1.87289 -0.626408 -2.63194
v -1.5765 -0.248997 -2.86397
v -1.84682 -0.287694 -2.91105
v -1.84682 -0.413545 -3.00999
v -1.30618 -0.331715 -2.9532
v -1.30618 -0.287694 -2.91105
v -1.30618 -0.413546 -3.00999
v -1.7809 -0.412889 -2.83577
v -1.7809 -0.476508 -2.88267
v -1.7809 -0.363704 -2.78063
v -1.76422 -0.375634 -2.87637
v -1.76422 -0.448732 -2.93027
v -1.76422 -0.319121 -2.81302
v -1.28089 -0.375634 -2.87637
v -1.83288 -0.522749 -2.71376
v -1.83288 -0.558594 -2.7405
v -1.9045 -0.331715 -2.17324
v -1.89282 -0.582342 -2.46699
v -1.9045 -0.504826 -2.0766
v -1.9045 -0.287694 -2.21539
v -1.9045 -0.369708 -2.20405
v -1.89698 -0.556503 -2.4379
v -1.89282 -0.57088 -2.47789
v -1.9014 -0.529772 -2.40643
v -1.92269 -0.400966 -2.25477
v -1.91674 -0.406958 -2.32594
v -1.86569 -0.375632 -2.25006
v -1.86569 -0.53161 -2.15904
v -1.86569 -0.412889 -2.29067
v -1.86715 -0.568455 -2.45087
v -1.85484 -0.550889 -2.4429
v -1.85926 -0.522749 -2.41268
v -1.85484 -0.61213 -2.40685
v -1.85926 -0.59937 -2.36758
v -1.87289 -0.591571 -2.47836
v -1.87289 -0.587401 -2.4932
v -1.93597 -0.360344 -2.20695
v -1.85926 -0.558594 -2.38594
v -1.86715 -0.594034 -2.43359
v -1.9045 -0.413545 -2.11646
v -1.9045 -0.442633 -2.1594
v -1.86569 -0.44873 -2.19617
v -1.86569 -0.54864 -2.21145
v -1.87289 -0.612847 -2.50366
v -1.87289 -0.638888 -2.4892
v -1.87289 -0.626408 -2.4945
v -1.30618 -0.331715 -2.17324
v -1.30618 -0.504826 -2.0766
v -1.30618 -0.287694 -2.21539
v -1.30618 -0.413545 -2.11646
v -1.7809 -0.476508 -2.24377
v -1.7809 -0.54864 -2.21145
v -1.76422 -0.375634 -2.25007
v -1.76422 -0.531611 -2.15904
v -1.76422 -0.448732 -2.19617
v -1.28089 -0.375634 -2.25007
v -1.83288 -0.558594 -2.38594
v -1.9045 -0.189688 -2.36872
v -1.89282 -0.546511 -2.51631
v -1.9045 -0.216173 -2.31383
v -1.89282 -0.561387 -2.48944
v -1.9045 -0.230737 -2.39533
v -1.9045 -0.288303 -2.29103
v -1.9045 -0.258596 -2.33751
v -1.89698 -0.529922 -2.46658
v -1.89698 -0.510864 -2.50072
v -1.9014 -0.472671 -2.48502
v -1.9014 -0.496516 -2.44231
v -1.9014 -0.483319 -2.46296
v -1.92269 -0.288634 -2.40939
v -1.92269 -0.366149 -2.28811
v -1.92269 -0.309581 -2.36597
v -1.91674 -0.38056 -2.35806
v -1.91674 -0.340102 -2.43054
v -1.86569 -0.276326 -2.38675
v -1.86569 -0.32646 -2.40963
v -1.86715 -0.526885 -2.50808
v -1.85484 -0.513878 -2.49384
v -1.85926 -0.476442 -2.47641
v -1.89282 -0.597221 -2.5023
v -1.89282 -0.584695 -2.51954
v -1.87289 -0.560171 -2.52157
v -1.87289 -0.579612 -2.50268
v -1.93597 -0.320128 -2.24545
v -1.93597 -0.25479 -2.33539
v -1.85926 -0.46209 -2.51877
v -1.85484 -0.502406 -2.52769
v -1.86715 -0.518364 -2.53775
v -1.87289 -0.552894 -2.5536
v -1.9045 -0.160973 -2.46409
v -1.9045 -0.2108 -2.47849
v -1.86569 -0.247657 -2.47292
v -1.86569 -0.30151 -2.48463
v -1.87289 -0.599974 -2.51748
v -1.87289 -0.586291 -2.54972
v -1.5765 -0.248997 -2.26247
v -1.84682 -0.216173 -2.31383
v -1.84682 -0.160973 -2.46409
v -1.30618 -0.189688 -2.36872
v -1.30618 -0.216173 -2.31383
v -1.30618 -0.160973 -2.46409
v -1.7809 -0.32646 -2.40963
v -1.7809 -0.30151 -2.48463
v -1.7809 -0.363704 -2.34581
v -1.76422 -0.276329 -2.38675
v -1.76422 -0.24766 -2.47292
v -1.76422 -0.319121 -2.31342
v -1.28089 -0.276329 -2.38675
v -1.83288 -0.476442 -2.47641
v -1.83288 -0.46209 -2.51877
v -1.9045 -0.93148 -2.1277
v -1.89282 -0.729554 -2.45683
v -1.9045 -1.07688 -2.26247
v -1.9045 -0.877789 -2.09886
v -1.9045 -0.913912 -2.17335
v -1.89698 -0.749231 -2.42327
v -1.89282 -0.715646 -2.4493
v -1.9014 -0.770903 -2.38812
v -1.92269 -0.875334 -2.21876
v -1.91674 -0.809502 -2.24645
v -1.86569 -0.871985 -2.19321
v -1.86569 -1.00676 -2.31342
v -1.86569 -0.844877 -2.24119
v -1.86715 -0.740597 -2.43864
v -1.85484 -0.742748 -2.41947
v -1.85926 -0.762792 -2.38337
v -1.86715 -0.781703 -2.47693
v -1.87289 -0.721597 -2.46912
v -1.87289 -0.706187 -2.46975
v -1.93597 -0.908268 -2.16534
v -1.85926 -0.799298 -2.4092
v -1.85484 -0.771926 -2.44012
v -1.86715 -0.764927 -2.45763
v -1.87289 -0.739974 -2.48347
v -1.9045 -1.01077 -2.18798
v -1.9045 -0.97892 -2.22891
v -1.86569 -0.945831 -2.24607
v -1.86569 -0.935659 -2.31651
v -1.87289 -0.725902 -2.51748
v -1.87289 -0.717008 -2.50724
v -1.5765 -0.93148 -2.1277
v -1.30618 -1.07688 -2.26247
v -1.30618 -0.877789 -2.09886
v -1.30618 -1.01077 -2.18798
v -1.7809 -0.909146 -2.2872
v -1.7809 -0.962172 -2.34581
v -1.76422 -0.871984 -2.19321
v -1.76422 -1.00676 -2.31342
v -1.76422 -0.945829 -2.24607
v -1.28089 -0.871984 -2.19321
v -1.83288 -0.799298 -2.4092
v -1.9045 -0.701676 -2.05303
v -1.89282 -0.671578 -2.43799
v -1.9045 -0.762066 -2.06126
v -1.89282 -0.701727 -2.44384
v -1.9045 -0.689053 -2.10029
v -1.9045 -0.806036 -2.12281
v -1.9045 -0.752653 -2.10892
v -1.89698 -0.713745 -2.40685
v -1.89698 -0.675386 -2.39928
v -1.9014 -0.678512 -2.3581
v -1.9014 -0.726505 -2.36758
v -1.9014 -0.702792 -2.36141
v -1.92269 -0.693577 -2.1597
v -1.92269 -0.832868 -2.19595
v -1.92269 -0.741341 -2.16621
v -1.91674 -0.770796 -2.23127
v -1.91674 -0.689364 -2.21518
v -1.86569 -0.711304 -2.141
v -1.86569 -0.705032 -2.19575
v -1.86715 -0.673335 -2.41679
v -1.85484 -0.682862 -2.40002
v -1.85926 -0.687866 -2.35903
v -1.89282 -0.700565 -2.4819
v -1.89282 -0.680298 -2.47531
v -1.87289 -0.670791 -2.45261
v -1.87289 -0.694766 -2.46527
v -1.93597 -0.859218 -2.13899
v -1.93597 -0.753498 -2.10464
v -1.85926 -0.64315 -2.35847
v -1.85484 -0.647122 -2.39957
v -1.86715 -0.64249 -2.41785
v -1.87289 -0.638082 -2.45559
v -1.9045 -0.602099 -2.05519
v -1.9045 -0.603805 -2.10703
v -1.86569 -0.620488 -2.14036
v -1.86569 -0.625993 -2.1952
v -1.87289 -0.686988 -2.4892
v -1.87289 -0.652097 -2.48615
v -1.5765 -0.821049 -2.0766
v -1.84682 -0.762066 -2.06126
v -1.84682 -0.602099 -2.05519
v -1.30618 -0.701676 -2.05303
v -1.30618 -0.762066 -2.06126
v -1.30618 -0.602098 -2.05519
v -1.7809 -0.705032 -2.19575
v -1.7809 -0.625993 -2.1952
v -1.7809 -0.777235 -2.21145
v -1.76422 -0.711304 -2.141
v -1.76422 -0.620488 -2.14037
v -1.76422 -0.794264 -2.15904
v -1.28089 -0.711304 -2.141
v -1.83288 -0.687866 -2.35903
v -1.83288 -0.64315 -2.35847
v 1.86053 0.04496 -2.56322
v 1.86053 -0.008882 -2.29254
v 1.86053 -0.162212 -2.06306
v 1.86053 -0.391687 -1.90973
v 1.86053 -0.662371 -1.85589
v 1.86053 -0.933055 -1.90973
v 1.86053 -1.16253 -2.06306
v 1.86053 -1.31586 -2.29254
v 1.86053 -1.3697 -2.56322
v 1.86053 -1.31586 -2.83391
v 1.86053 -1.16253 -3.06338
v 1.86053 -0.933055 -3.21671
v 1.86053 -0.662371 -3.27055
v 1.86053 -0.391687 -3.21671
v 1.86053 -0.162212 -3.06338
v 1.86053 -0.008882 -2.83391
v 1.89037 -0.00139 -2.56322
v 1.89037 -0.194987 -2.09584
v 1.89037 -0.662371 -1.90224
v 1.89037 -1.12976 -2.09584
v 1.89037 -1.32335 -2.56322
v 1.89037 -1.12976 -3.0306
v 1.89037 -0.662371 -3.2242
v 1.89037 -0.194987 -3.0306
v 1.89037 -0.146812 -2.56322
v 1.89037 -0.297816 -2.19867
v 1.89037 -0.662371 -2.04766
v 1.89037 -1.02693 -2.19867
v 1.89037 -1.17793 -2.56322
v 1.89037 -1.02693 -2.92778
v 1.89037 -0.662371 -3.07878
v 1.89037 -0.297816 -2.92778
v 1.77109 0.030607 -2.56322
v 1.73721 0.030607 -2.56322
v 1.73721 -0.022143 -2.29803
v 1.77109 -0.022143 -2.29803
v 1.73721 -1.3026 -2.82841
v 1.77109 -1.3026 -2.82841
v 1.73721 -0.172361 -2.07321
v 1.77109 -0.172361 -2.07321
v 1.73721 -1.15238 -3.05323
v 1.77109 -1.15238 -3.05323
v 1.73721 -0.39718 -1.92299
v 1.77109 -0.39718 -1.92299
v 1.73721 -0.927562 -3.20345
v 1.77109 -0.927562 -3.20345
v 1.73721 -0.662371 -1.87024
v 1.77109 -0.662371 -1.87024
v 1.73721 -0.662371 -3.2562
v 1.77109 -0.662371 -3.2562
v 1.73721 -0.927562 -1.92299
v 1.77109 -0.927562 -1.92299
v 1.73721 -0.39718 -3.20345
v 1.77109 -0.39718 -3.20345
v 1.73721 -1.15238 -2.07321
v 1.77109 -1.15238 -2.07321
v 1.77109 -0.022143 -2.82841
v 1.73721 -0.022143 -2.82841
v 1.73721 -0.172361 -3.05323
v 1.77109 -0.172361 -3.05323
v 1.77109 -1.35535 -2.56322
v 1.73721 -1.35535 -2.56322
v 1.73721 -1.3026 -2.29803
v 1.77109 -1.3026 -2.29803
v 1.73792 0.04496 -2.56322
v 1.77251 0.04496 -2.56322
v 1.77251 -0.008882 -2.29254
v 1.73792 -0.008882 -2.29254
v 1.73792 -0.008882 -2.83391
v 1.77251 -0.008882 -2.83391
v 1.73792 -1.3697 -2.56322
v 1.77251 -1.3697 -2.56322
v 1.77251 -1.31586 -2.83391
v 1.73792 -1.31586 -2.83391
v 1.77251 -0.162212 -2.06306
v 1.73792 -0.162212 -2.06306
v 1.77251 -1.16253 -3.06338
v 1.73792 -1.16253 -3.06338
v 1.77251 -0.391687 -1.90973
v 1.73792 -0.391687 -1.90973
v 1.77251 -0.933055 -3.21671
v 1.73792 -0.933055 -3.21671
v 1.77251 -0.662371 -1.85589
v 1.73792 -0.662371 -1.85589
v 1.77251 -0.662371 -3.27055
v 1.73792 -0.662371 -3.27055
v 1.77251 -0.933055 -1.90973
v 1.73792 -0.933055 -1.90973
v 1.77251 -0.391687 -3.21671
v 1.73792 -0.391687 -3.21671
v 1.77251 -1.16253 -2.06306
v 1.73792 -1.16253 -2.06306
v 1.77251 -0.162212 -3.06338
v 1.73792 -0.162212 -3.06338
v 1.77251 -1.31586 -2.29254
v 1.73792 -1.31586 -2.29254
v 1.6672 -0.008882 -2.29254
v 1.63261 -0.008882 -2.29254
v 1.6672 -1.31586 -2.83391
v 1.63261 -1.31586 -2.83391
v 1.6672 -0.162212 -2.06306
v 1.63261 -0.162212 -2.06306
v 1.6672 -1.16253 -3.06338
v 1.63261 -1.16253 -3.06338
v 1.6672 -0.391687 -1.90973
v 1.63261 -0.391687 -1.90973
v 1.6672 -0.933055 -3.21671
v 1.63261 -0.933055 -3.21671
v 1.6672 -0.662371 -1.85589
v 1.63261 -0.662371 -1.85589
v 1.6672 -0.662371 -3.27055
v 1.63261 -0.662371 -3.27055
v 1.6672 -0.933055 -1.90973
v 1.63261 -0.933055 -1.90973
v 1.6672 -0.391687 -3.21671
v 1.63261 -0.391687 -3.21671
v 1.6672 -1.16253 -2.06306
v 1.63261 -1.16253 -2.06306
v 1.6672 -0.162212 -3.06338
v 1.63261 -0.162212 -3.06338
v 1.6672 -1.31586 -2.29254
v 1.63261 -1.31586 -2.29254
v 1.63261 0.04496 -2.56322
v 1.6672 0.04496 -2.56322
v 1.63261 -0.008882 -2.83391
v 1.6672 -0.008882 -2.83391
v 1.63261 -1.3697 -2.56322
v 1.6672 -1.3697 -2.56322
v 1.66792 -1.3026 -2.29803
v 1.63403 -1.3026 -2.29803
v 1.63403 -1.35535 -2.56322
v 1.66792 -1.35535 -2.56322
v 1.66792 -0.172361 -3.05323
v 1.63403 -0.172361 -3.05323
v 1.63403 -0.022143 -2.82841
v 1.66792 -0.022143 -2.82841
v 1.66792 -1.15238 -2.07321
v 1.63403 -1.15238 -2.07321
v 1.66792 -0.39718 -3.20345
v 1.63403 -0.39718 -3.20345
v 1.66792 -0.927562 -1.92299
v 1.63403 -0.927562 -1.92299
v 1.66792 -0.662371 -3.2562
v 1.63403 -0.662371 -3.2562
v 1.66792 -0.662371 -1.87024
v 1.63403 -0.662371 -1.87024
v 1.66792 -0.927562 -3.20345
v 1.63403 -0.927562 -3.20345
v 1.66792 -0.39718 -1.92299
v 1.63403 -0.39718 -1.92299
v 1.66792 -1.15238 -3.05323
v 1.63403 -1.15238 -3.05323
v 1.66792 -0.172361 -2.07321
v 1.63403 -0.172361 -2.07321
v 1.66792 -1.3026 -2.82841
v 1.63403 -1.3026 -2.82841
v 1.66792 -0.022143 -2.29803
v 1.63403 -0.022143 -2.29803
v 1.63403 0.030607 -2.56322
v 1.66792 0.030607 -2.56322
v 1.2836 0.04496 -2.56322
v 1.2836 -0.008882 -2.29254
v 1.2836 -0.162212 -2.06306
v 1.2836 -0.391687 -1.90973
v 1.2836 -0.662371 -1.85589
v 1.2836 -0.933055 -1.90973
v 1.2836 -1.16253 -2.06306
v 1.2836 -1.31586 -2.29254
v 1.2836 -1.3697 -2.56322
v 1.2836 -1.31586 -2.83391
v 1.2836 -1.16253 -3.06338
v 1.2836 -0.933055 -3.21671
v 1.2836 -0.662371 -3.27055
v 1.2836 -0.391687 -3.21671
v 1.2836 -0.162212 -3.06338
v 1.2836 -0.008882 -2.83391
v 1.25376 -0.00139 -2.56322
v 1.25376 -0.051705 -2.31027
v 1.25376 -0.194987 -2.09584
v 1.25376 -0.409425 -1.95256
v 1.25376 -0.662371 -1.90224
v 1.25376 -0.915317 -1.95256
v 1.25376 -1.12976 -2.09584
v 1.25376 -1.27304 -2.31027
v 1.25376 -1.32335 -2.56322
v 1.25376 -1.27304 -2.81617
v 1.25376 -1.12976 -3.0306
v 1.25376 -0.915317 -3.17389
v 1.25376 -0.662371 -3.2242
v 1.25376 -0.409424 -3.17389
v 1.25376 -0.194987 -3.0306
v 1.25376 -0.051704 -2.81617
v 1.25376 -0.186057 -2.36593
v 1.25376 -1.13868 -2.76052
v 1.25376 -0.186057 -2.76052
v 1.37304 0.030607 -2.56322
v 1.40692 0.030607 -2.56322
v 1.40692 -0.022143 -2.29803
v 1.37304 -0.022143 -2.29803
v 1.40692 -1.3026 -2.82841
v 1.37304 -1.3026 -2.82841
v 1.40692 -0.172361 -2.07321
v 1.37304 -0.172361 -2.07321
v 1.40692 -1.15238 -3.05323
v 1.37304 -1.15238 -3.05323
v 1.40692 -0.39718 -1.92299
v 1.37304 -0.39718 -1.92299
v 1.40692 -0.927562 -3.20345
v 1.37304 -0.927562 -3.20345
v 1.40692 -0.662371 -1.87024
v 1.37304 -0.662371 -1.87024
v 1.40692 -0.662371 -3.2562
v 1.37304 -0.662371 -3.2562
v 1.40692 -0.927562 -1.92299
v 1.37304 -0.927562 -1.92299
v 1.40692 -0.39718 -3.20345
v 1.37304 -0.39718 -3.20345
v 1.40692 -1.15238 -2.07321
v 1.37304 -1.15238 -2.07321
v 1.37304 -0.022143 -2.82841
v 1.40692 -0.022143 -2.82841
v 1.40692 -0.172361 -3.05323
v 1.37304 -0.172361 -3.05323
v 1.37304 -1.35535 -2.56322
v 1.40692 -1.35535 -2.56322
v 1.40692 -1.3026 -2.29803
v 1.37304 -1.3026 -2.29803
v 1.4062 0.04496 -2.56322
v 1.37162 0.04496 -2.56322
v 1.37162 -0.008882 -2.29254
v 1.4062 -0.008882 -2.29254
v 1.4062 -0.008882 -2.83391
v 1.37162 -0.008882 -2.83391
v 1.4062 -1.3697 -2.56322
v 1.37162 -1.3697 -2.56322
v 1.37162 -1.31586 -2.83391
v 1.4062 -1.31586 -2.83391
v 1.37162 -0.162212 -2.06306
v 1.4062 -0.162212 -2.06306
v 1.37162 -1.16253 -3.06338
v 1.4062 -1.16253 -3.06338
v 1.37162 -0.391687 -1.90973
v 1.4062 -0.391687 -1.90973
v 1.37162 -0.933055 -3.21671
v 1.4062 -0.933055 -3.21671
v 1.37162 -0.662371 -1.85589
v 1.4062 -0.662371 -1.85589
v 1.37162 -0.662371 -3.27055
v 1.4062 -0.662371 -3.27055
v 1.37162 -0.933055 -1.90973
v 1.4062 -0.933055 -1.90973
v 1.37162 -0.391687 -3.21671
v 1.4062 -0.391687 -3.21671
v 1.37162 -1.16253 -2.06306
v 1.4062 -1.16253 -2.06306
v 1.37162 -0.162212 -3.06338
v 1.4062 -0.162212 -3.06338
v 1.37162 -1.31586 -2.29254
v 1.4062 -1.31586 -2.29254
v 1.47693 -0.008882 -2.29254
v 1.51152 -0.008882 -2.29254
v 1.47693 -1.31586 -2.83391
v 1.51152 -1.31586 -2.83391
v 1.47693 -0.162212 -2.06306
v 1.51152 -0.162212 -2.06306
v 1.47693 -1.16253 -3.06338
v 1.51152 -1.16253 -3.06338
v 1.47693 -0.391687 -1.90973
v 1.51152 -0.391687 -1.90973
v 1.47693 -0.933055 -3.21671
v 1.51152 -0.933055 -3.21671
v 1.47693 -0.662371 -1.85589
v 1.51152 -0.662371 -1.85589
v 1.47693 -0.662371 -3.27055
v 1.51152 -0.662371 -3.27055
v 1.47693 -0.933055 -1.90973
v 1.51152 -0.933055 -1.90973
v 1.47693 -0.391687 -3.21671
v 1.51152 -0.391687 -3.21671
v 1.47693 -1.16253 -2.06306
v 1.51152 -1.16253 -2.06306
v 1.47693 -0.162212 -3.06338
v 1.51152 -0.162212 -3.06338
v 1.47693 -1.31586 -2.29254
v 1.51152 -1.31586 -2.29254
v 1.51152 0.04496 -2.56322
v 1.47693 0.04496 -2.56322
v 1.51152 -0.008882 -2.83391
v 1.47693 -0.008882 -2.83391
v 1.51152 -1.3697 -2.56322
v 1.47693 -1.3697 -2.56322
v 1.47621 -1.3026 -2.29803
v 1.5101 -1.3026 -2.29803
v 1.5101 -1.35535 -2.56322
v 1.47621 -1.35535 -2.56322
v 1.47621 -0.172361 -3.05323
v 1.5101 -0.172361 -3.05323
v 1.5101 -0.022143 -2.82841
v 1.47621 -0.022143 -2.82841
v 1.47621 -1.15238 -2.07321
v 1.5101 -1.15238 -2.07321
v 1.47621 -0.39718 -3.20345
v 1.5101 -0.39718 -3.20345
v 1.47621 -0.927562 -1.92299
v 1.5101 -0.927562 -1.92299
v 1.47621 -0.662371 -3.2562
v 1.5101 -0.662371 -3.2562
v 1.47621 -0.662371 -1.87024
v 1.5101 -0.662371 -1.87024
v 1.47621 -0.927562 -3.20345
v 1.5101 -0.927562 -3.20345
v 1.47621 -0.39718 -1.92299
v 1.5101 -0.39718 -1.92299
v 1.47621 -1.15238 -3.05323
v 1.5101 -1.15238 -3.05323
v 1.47621 -0.172361 -2.07321
v 1.5101 -0.172361 -2.07321
v 1.47621 -1.3026 -2.82841
v 1.5101 -1.3026 -2.82841
v 1.47621 -0.022143 -2.29803
v 1.5101 -0.022143 -2.29803
v 1.5101 0.030607 -2.56322
v 1.47621 0.030607 -2.56322
v -1.86053 0.04496 -2.56322
v -1.86053 -0.008882 -2.29254
v -1.86053 -0.162212 -2.06306
v -1.86053 -0.391687 -1.90973
v -1.86053 -0.662371 -1.85589
v -1.86053 -0.933055 -1.90973
v -1.86053 -1.16253 -2.06306
v -1.86053 -1.31586 -2.29254
v -1.86053 -1.3697 -2.56322
v -1.86053 -1.31586 -2.83391
v -1.86053 -1.16253 -3.06338
v -1.86053 -0.933055 -3.21671
v -1.86053 -0.662371 -3.27055
v -1.86053 -0.391687 -3.21671
v -1.86053 -0.162212 -3.06338
v -1.86053 -0.008882 -2.83391
v -1.89037 -0.00139 -2.56322
v -1.89037 -0.051705 -2.31027
v -1.89037 -0.194987 -2.09584
v -1.89037 -0.409425 -1.95256
v -1.89037 -0.662371 -1.90224
v -1.89037 -0.915317 -1.95256
v -1.89037 -1.12976 -2.09584
v -1.89037 -1.27304 -2.31027
v -1.89037 -1.32335 -2.56322
v -1.89037 -1.27304 -2.81617
v -1.89037 -1.12976 -3.0306
v -1.89037 -0.915317 -3.17389
v -1.89037 -0.662371 -3.2242
v -1.89037 -0.409425 -3.17389
v -1.89037 -0.194987 -3.0306
v -1.89037 -0.051705 -2.81617
v -1.89037 -0.186057 -2.36592
v -1.89037 -1.13868 -2.76052
v -1.89037 -0.186057 -2.76052
v -1.77109 0.030607 -2.56322
v -1.73721 0.030607 -2.56322
v -1.73721 -0.022143 -2.29803
v -1.77109 -0.022143 -2.29803
v -1.73721 -1.3026 -2.82841
v -1.77109 -1.3026 -2.82841
v -1.73721 -0.172362 -2.07321
v -1.77109 -0.172362 -2.07321
v -1.73721 -1.15238 -3.05323
v -1.77109 -1.15238 -3.05323
v -1.73721 -0.39718 -1.92299
v -1.77109 -0.39718 -1.92299
v -1.73721 -0.927562 -3.20345
v -1.77109 -0.927562 -3.20345
v -1.73721 -0.662371 -1.87024
v -1.77109 -0.662371 -1.87024
v -1.73721 -0.662371 -3.2562
v -1.77109 -0.662371 -3.2562
v -1.73721 -0.927562 -1.92299
v -1.77109 -0.927562 -1.92299
v -1.73721 -0.39718 -3.20345
v -1.77109 -0.39718 -3.20345
v -1.73721 -1.15238 -2.07321
v -1.77109 -1.15238 -2.07321
v -1.77109 -0.022143 -2.82841
v -1.73721 -0.022143 -2.82841
v -1.73721 -0.172361 -3.05323
v -1.77109 -0.172361 -3.05323
v -1.77109 -1.35535 -2.56322
v -1.73721 -1.35535 -2.56322
v -1.73721 -1.3026 -2.29803
v -1.77109 -1.3026 -2.29803
v -1.73792 0.04496 -2.56322
v -1.77251 0.04496 -2.56322
v -1.77251 -0.008882 -2.29254
v -1.73792 -0.008882 -2.29254
v -1.73792 -0.008882 -2.83391
v -1.77251 -0.008882 -2.83391
v -1.73792 -1.3697 -2.56322
v -1.77251 -1.3697 -2.56322
v -1.77251 -1.31586 -2.83391
v -1.73792 -1.31586 -2.83391
v -1.77251 -0.162212 -2.06306
v -1.73792 -0.162212 -2.06306
v -1.77251 -1.16253 -3.06338
v -1.73792 -1.16253 -3.06338
v -1.77251 -0.391687 -1.90973
v -1.73792 -0.391687 -1.90973
v -1.77251 -0.933055 -3.21671
v -1.73792 -0.933055 -3.21671
v -1.77251 -0.662371 -1.85589
v -1.73792 -0.662371 -1.85589
v -1.77251 -0.662371 -3.27055
v -1.73792 -0.662371 -3.27055
v -1.77251 -0.933055 -1.90973
v -1.73792 -0.933055 -1.90973
v -1.77251 -0.391687 -3.21671
v -1.73792 -0.391687 -3.21671
v -1.77251 -1.16253 -2.06306
v -1.73792 -1.16253 -2.06306
v -1.77251 -0.162212 -3.06338
v -1.73792 -0.162212 -3.06338
v -1.77251 -1.31586 -2.29254
v -1.73792 -1.31586 -2.29254
v -1.6672 -0.008882 -2.29254
v -1.63261 -0.008882 -2.29254
v -1.6672 -1.31586 -2.83391
v -1.63261 -1.31586 -2.83391
v -1.6672 -0.162212 -2.06306
v -1.63261 -0.162212 -2.06306
v -1.6672 -1.16253 -3.06338
v -1.63261 -1.16253 -3.06338
v -1.6672 -0.391687 -1.90973
v -1.63261 -0.391687 -1.90973
v -1.6672 -0.933055 -3.21671
v -1.63261 -0.933055 -3.21671
v -1.6672 -0.662371 -1.85589
v -1.63261 -0.662371 -1.85589
v -1.6672 -0.662371 -3.27055
v -1.63261 -0.662371 -3.27055
v -1.6672 -0.933055 -1.90973
v -1.63261 -0.933055 -1.90973
v -1.6672 -0.391687 -3.21671
v -1.63261 -0.391687 -3.21671
v -1.6672 -1.16253 -2.06306
v -1.63261 -1.16253 -2.06306
v -1.6672 -0.162212 -3.06338
v -1.63261 -0.162212 -3.06338
v -1.6672 -1.31586 -2.29254
v -1.63261 -1.31586 -2.29254
v -1.63261 0.04496 -2.56322
v -1.6672 0.04496 -2.56322
v -1.63261 -0.008882 -2.83391
v -1.6672 -0.008882 -2.83391
v -1.63261 -1.3697 -2.56322
v -1.6672 -1.3697 -2.56322
v -1.66792 -1.3026 -2.29803
v -1.63403 -1.3026 -2.29803
v -1.63403 -1.35535 -2.56322
v -1.66792 -1.35535 -2.56322
v -1.66792 -0.172361 -3.05323
v -1.63403 -0.172361 -3.05323
v -1.63403 -0.022143 -2.82841
v -1.66792 -0.022143 -2.82841
v -1.66792 -1.15238 -2.07321
v -1.63403 -1.15238 -2.07321
v -1.66792 -0.39718 -3.20345
v -1.63403 -0.39718 -3.20345
v -1.66792 -0.927562 -1.92299
v -1.63403 -0.927562 -1.92299
v -1.66792 -0.662371 -3.2562
v -1.63403 -0.662371 -3.2562
v -1.66792 -0.662371 -1.87024
v -1.63403 -0.662371 -1.87024
v -1.66792 -0.927562 -3.20345
v -1.63403 -0.927562 -3.20345
v -1.66792 -0.39718 -1.92299
v -1.63403 -0.39718 -1.92299
v -1.66792 -1.15238 -3.05323
v -1.63403 -1.15238 -3.05323
v -1.66792 -0.172362 -2.07321
v -1.63403 -0.172362 -2.07321
v -1.66792 -1.3026 -2.82841
v -1.63403 -1.3026 -2.82841
v -1.66792 -0.022143 -2.29803
v -1.63403 -0.022143 -2.29803
v -1.63403 0.030607 -2.56322
v -1.66792 0.030607 -2.56322
v -1.2836 0.04496 -2.56322
v -1.2836 -0.008882 -2.29254
v -1.2836 -0.162212 -2.06306
v -1.2836 -0.391687 -1.90973
v -1.2836 -0.662371 -1.85589
v -1.2836 -0.933055 -1.90973
v -1.2836 -1.16253 -2.06306
v -1.2836 -1.31586 -2.29254
v -1.2836 -1.3697 -2.56322
v -1.2836 -1.31586 -2.83391
v -1.2836 -1.16253 -3.06338
v -1.2836 -0.933055 -3.21671
v -1.2836 -0.662371 -3.27055
v -1.2836 -0.391687 -3.21671
v -1.2836 -0.162212 -3.06338
v -1.2836 -0.008882 -2.83391
v -1.57206 -0.162212 -2.06306
v -1.57206 -0.662371 -1.85589
v -1.57206 -1.16253 -2.06306
v -1.57206 -1.3697 -2.56322
v -1.57206 -0.933055 -3.21671
v -1.57206 -0.391687 -3.21671
v -1.57206 -0.008882 -2.83391
v -1.25376 -0.00139 -2.56322
v -1.25376 -0.194987 -2.09584
v -1.25376 -0.662371 -1.90224
v -1.25376 -1.12976 -2.09584
v -1.25376 -1.32335 -2.56322
v -1.25376 -1.12976 -3.0306
v -1.25376 -0.662371 -3.2242
v -1.25376 -0.194987 -3.0306
v -1.25376 -0.146813 -2.56322
v -1.25376 -0.297816 -2.19867
v -1.25376 -0.662371 -2.04766
v -1.25376 -1.02693 -2.19867
v -1.25376 -1.17793 -2.56322
v -1.25376 -1.02693 -2.92778
v -1.25376 -0.662371 -3.07878
v -1.25376 -0.297816 -2.92778
v -1.37304 0.030607 -2.56322
v -1.40692 0.030607 -2.56322
v -1.40692 -0.022143 -2.29803
v -1.37304 -0.022143 -2.29803
v -1.40692 -1.3026 -2.82841
v -1.37304 -1.3026 -2.82841
v -1.40692 -0.172362 -2.07321
v -1.37304 -0.172362 -2.07321
v -1.40692 -1.15238 -3.05323
v -1.37304 -1.15238 -3.05323
v -1.40692 -0.39718 -1.92299
v -1.37304 -0.39718 -1.92299
v -1.40692 -0.927562 -3.20345
v -1.37304 -0.927562 -3.20345
v -1.40692 -0.662371 -1.87024
v -1.37304 -0.662371 -1.87024
v -1.40692 -0.662371 -3.2562
v -1.37304 -0.662371 -3.2562
v -1.40692 -0.927562 -1.92299
v -1.37304 -0.927562 -1.92299
v -1.40692 -0.39718 -3.20345
v -1.37304 -0.39718 -3.20345
v -1.40692 -1.15238 -2.07321
v -1.37304 -1.15238 -2.07321
v -1.37304 -0.022143 -2.82841
v -1.40692 -0.022143 -2.82841
v -1.40692 -0.172361 -3.05323
v -1.37304 -0.172361 -3.05323
v -1.37304 -1.35535 -2.56322
v -1.40692 -1.35535 -2.56322
v -1.40692 -1.3026 -2.29803
v -1.37304 -1.3026 -2.29803
v -1.4062 0.04496 -2.56322
v -1.37162 0.04496 -2.56322
v -1.37162 -0.008882 -2.29254
v -1.4062 -0.008882 -2.29254
v -1.4062 -0.008882 -2.83391
v -1.37162 -0.008882 -2.83391
v -1.4062 -1.3697 -2.56322
v -1.37162 -1.3697 -2.56322
v -1.37162 -1.31586 -2.83391
v -1.4062 -1.31586 -2.83391
v -1.37162 -0.162212 -2.06306
v -1.4062 -0.162212 -2.06306
v -1.37162 -1.16253 -3.06338
v -1.4062 -1.16253 -3.06338
v -1.37162 -0.391687 -1.90973
v -1.4062 -0.391687 -1.90973
v -1.37162 -0.933055 -3.21671
v -1.4062 -0.933055 -3.21671
v -1.37162 -0.662371 -1.85589
v -1.4062 -0.662371 -1.85589
v -1.37162 -0.662371 -3.27055
v -1.4062 -0.662371 -3.27055
v -1.37162 -0.933055 -1.90973
v -1.4062 -0.933055 -1.90973
v -1.37162 -0.391687 -3.21671
v -1.4062 -0.391687 -3.21671
v -1.37162 -1.16253 -2.06306
v -1.4062 -1.16253 -2.06306
v -1.37162 -0.162212 -3.06338
v -1.4062 -0.162212 -3.06338
v -1.37162 -1.31586 -2.29254
v -1.4062 -1.31586 -2.29254
v -1.47693 -0.008882 -2.29254
v -1.51152 -0.008882 -2.29254
v -1.47693 -1.31586 -2.83391
v -1.51152 -1.31586 -2.83391
v -1.47693 -0.162212 -2.06306
v -1.51152 -0.162212 -2.06306
v -1.47693 -1.16253 -3.06338
v -1.51152 -1.16253 -3.06338
v -1.47693 -0.391687 -1.90973
v -1.51152 -0.391687 -1.90973
v -1.47693 -0.933055 -3.21671
v -1.51152 -0.933055 -3.21671
v -1.47693 -0.662371 -1.85589
v -1.51152 -0.662371 -1.85589
v -1.47693 -0.662371 -3.27055
v -1.51152 -0.662371 -3.27055
v -1.47693 -0.933055 -1.90973
v -1.51152 -0.933055 -1.90973
v -1.47693 -0.391687 -3.21671
v -1.51152 -0.391687 -3.21671
v -1.47693 -1.16253 -2.06306
v -1.51152 -1.16253 -2.06306
v -1.47693 -0.162212 -3.06338
v -1.51152 -0.162212 -3.06338
v -1.47693 -1.31586 -2.29254
v -1.51152 -1.31586 -2.29254
v -1.51152 0.04496 -2.56322
v -1.47693 0.04496 -2.56322
v -1.51152 -0.008882 -2.83391
v -1.47693 -0.008882 -2.83391
v -1.51152 -1.3697 -2.56322
v -1.47693 -1.3697 -2.56322
v -1.47621 -1.3026 -2.29803
v -1.5101 -1.3026 -2.29803
v -1.5101 -1.35535 -2.56322
v -1.47621 -1.35535 -2.56322
v -1.47621 -0.172361 -3.05323
v -1.5101 -0.172361 -3.05323
v -1.5101 -0.022143 -2.82841
v -1.47621 -0.022143 -2.82841
v -1.47621 -1.15238 -2.07321
v -1.5101 -1.15238 -2.07321
v -1.47621 -0.39718 -3.20345
v -1.5101 -0.39718 -3.20345
v -1.47621 -0.927562 -1.92299
v -1.5101 -0.927562 -1.92299
v -1.47621 -0.662371 -3.2562
v -1.5101 -0.662371 -3.2562
v -1.47621 -0.662371 -1.87024
v -1.5101 -0.662371 -1.87024
v -1.47621 -0.927562 -3.20345
v -1.5101 -0.927562 -3.20345
v -1.47621 -0.39718 -1.92299
v -1.5101 -0.39718 -1.92299
v -1.47621 -1.15238 -3.05323
v -1.5101 -1.15238 -3.05323
v -1.47621 -0.172362 -2.07321
v -1.5101 -0.172362 -2.07321
v -1.47621 -1.3026 -2.82841
v -1.5101 -1.3026 -2.82841
v -1.47621 -0.022143 -2.29803
v -1.5101 -0.022143 -2.29803
v -1.5101 0.030607 -2.56322
v -1.47621 0.030607 -2.56322
v 1.85005 -0.083746 3.21025
v 1.85005 -0.1314 3.44982
v 1.85005 -0.267106 3.65292
v 1.85005 -0.470204 3.78863
v 1.85005 -0.709776 3.83628
v 1.85005 -0.949347 3.78863
v 1.85005 -1.15244 3.65292
v 1.85005 -1.28815 3.44982
v 1.85005 -1.3358 3.21025
v 1.85005 -1.28815 2.97068
v 1.85005 -1.15244 2.76758
v 1.85005 -0.949347 2.63187
v 1.85005 -0.709776 2.58422
v 1.85005 -0.470204 2.63187
v 1.85005 -0.267106 2.76758
v 1.85005 -0.1314 2.97068
v 1.87646 -0.124769 3.21025
v 1.87646 -0.296113 3.62391
v 1.87646 -0.709776 3.79526
v 1.87646 -1.12344 3.62391
v 1.87646 -1.29478 3.21025
v 1.87646 -1.12344 2.79659
v 1.87646 -0.709776 2.62524
v 1.87646 -0.296113 2.79659
v 1.87646 -0.253476 3.21025
v 1.87646 -0.387123 3.5329
v 1.87646 -0.709776 3.66655
v 1.87646 -1.03243 3.5329
v 1.87646 -1.16607 3.21025
v 1.87646 -1.03243 2.8876
v 1.87646 -0.709776 2.75395
v 1.87646 -0.387123 2.8876
v 1.77089 -0.096449 3.21025
v 1.7409 -0.096449 3.21025
v 1.7409 -0.143136 3.44496
v 1.77089 -0.143136 3.44496
v 1.7409 -1.27642 2.97554
v 1.77089 -1.27642 2.97554
v 1.7409 -0.276089 3.64394
v 1.77089 -0.276089 3.64394
v 1.7409 -1.14346 2.77656
v 1.77089 -1.14346 2.77656
v 1.7409 -0.475066 3.77689
v 1.77089 -0.475066 3.77689
v 1.7409 -0.944485 2.64361
v 1.77089 -0.944485 2.64361
v 1.7409 -0.709776 3.82357
v 1.77089 -0.709776 3.82357
v 1.7409 -0.709776 2.59692
v 1.77089 -0.709776 2.59692
v 1.7409 -0.944485 3.77689
v 1.77089 -0.944485 3.77689
v 1.7409 -0.475066 2.64361
v 1.77089 -0.475066 2.64361
v 1.7409 -1.14346 3.64394
v 1.77089 -1.14346 3.64394
v 1.77089 -0.143136 2.97554
v 1.7409 -0.143136 2.97554
v 1.7409 -0.276088 2.77656
v 1.77089 -0.276088 2.77656
v 1.77089 -1.3231 3.21025
v 1.7409 -1.3231 3.21025
v 1.7409 -1.27642 3.44496
v 1.77089 -1.27642 3.44496
v 1.74153 -0.083746 3.21025
v 1.77215 -0.083746 3.21025
v 1.77215 -0.1314 3.44982
v 1.74153 -0.1314 3.44982
v 1.74153 -0.1314 2.97068
v 1.77215 -0.1314 2.97068
v 1.74153 -1.3358 3.21025
v 1.77215 -1.3358 3.21025
v 1.77215 -1.28815 2.97068
v 1.74153 -1.28815 2.97068
v 1.77215 -0.267106 3.65292
v 1.74153 -0.267106 3.65292
v 1.77215 -1.15244 2.76758
v 1.74153 -1.15244 2.76758
v 1.77215 -0.470204 3.78863
v 1.74153 -0.470204 3.78863
v 1.77215 -0.949347 2.63187
v 1.74153 -0.949347 2.63187
v 1.77215 -0.709776 3.83628
v 1.74153 -0.709776 3.83628
v 1.77215 -0.709776 2.58422
v 1.74153 -0.709776 2.58422
v 1.77215 -0.949347 3.78863
v 1.74153 -0.949347 3.78863
v 1.77215 -0.470204 2.63187
v 1.74153 -0.470204 2.63187
v 1.77215 -1.15244 3.65292
v 1.74153 -1.15244 3.65292
v 1.77215 -0.267106 2.76758
v 1.74153 -0.267106 2.76758
v 1.77215 -1.28815 3.44982
v 1.74153 -1.28815 3.44982
v 1.67894 -0.1314 3.44982
v 1.64833 -0.1314 3.44982
v 1.67894 -1.28815 2.97068
v 1.64833 -1.28815 2.97068
v 1.67894 -0.267106 3.65292
v 1.64833 -0.267106 3.65292
v 1.67894 -1.15244 2.76758
v 1.64833 -1.15244 2.76758
v 1.67894 -0.470204 3.78863
v 1.64833 -0.470204 3.78863
v 1.67894 -0.949347 2.63187
v 1.64833 -0.949347 2.63187
v 1.67894 -0.709776 3.83628
v 1.64833 -0.709776 3.83628
v 1.67894 -0.709776 2.58422
v 1.64833 -0.709776 2.58422
v 1.67894 -0.949347 3.78863
v 1.64833 -0.949347 3.78863
v 1.67894 -0.470204 2.63187
v 1.64833 -0.470204 2.63187
v 1.67894 -1.15244 3.65292
v 1.64833 -1.15244 3.65292
v 1.67894 -0.267106 2.76758
v 1.64833 -0.267106 2.76758
v 1.67894 -1.28815 3.44982
v 1.64833 -1.28815 3.44982
v 1.64833 -0.083746 3.21025
v 1.67894 -0.083746 3.21025
v 1.64833 -0.1314 2.97068
v 1.67894 -0.1314 2.97068
v 1.64833 -1.3358 3.21025
v 1.67894 -1.3358 3.21025
v 1.67957 -1.27642 3.44496
v 1.64958 -1.27642 3.44496
v 1.64958 -1.3231 3.21025
v 1.67957 -1.3231 3.21025
v 1.67957 -0.276088 2.77656
v 1.64958 -0.276088 2.77656
v 1.64958 -0.143136 2.97554
v 1.67957 -0.143136 2.97554
v 1.67957 -1.14346 3.64394
v 1.64958 -1.14346 3.64394
v 1.67957 -0.475066 2.64361
v 1.64958 -0.475066 2.64361
v 1.67957 -0.944485 3.77689
v 1.64958 -0.944485 3.77689
v 1.67957 -0.709776 2.59692
v 1.64958 -0.709776 2.59692
v 1.67957 -0.709776 3.82357
v 1.64958 -0.709776 3.82357
v 1.67957 -0.944485 2.64361
v 1.64958 -0.944485 2.64361
v 1.67957 -0.475066 3.77689
v 1.64958 -0.475066 3.77689
v 1.67957 -1.14346 2.77656
v 1.64958 -1.14346 2.77656
v 1.67957 -0.276089 3.64394
v 1.64958 -0.276089 3.64394
v 1.67957 -1.27642 2.97554
v 1.64958 -1.27642 2.97554
v 1.67957 -0.143136 3.44496
v 1.64958 -0.143136 3.44496
v 1.64958 -0.096449 3.21025
v 1.67957 -0.096449 3.21025
v 1.33943 -0.083746 3.21025
v 1.33943 -0.1314 3.44982
v 1.33943 -0.267106 3.65292
v 1.33943 -0.470204 3.78863
v 1.33943 -0.709776 3.83628
v 1.33943 -0.949347 3.78863
v 1.33943 -1.15244 3.65292
v 1.33943 -1.28815 3.44982
v 1.33943 -1.3358 3.21025
v 1.33943 -1.28815 2.97068
v 1.33943 -1.15244 2.76758
v 1.33943 -0.949347 2.63187
v 1.33943 -0.709776 2.58422
v 1.33943 -0.470204 2.63187
v 1.33943 -0.267106 2.76758
v 1.33943 -0.1314 2.97068
v 1.31302 -0.124769 3.21025
v 1.31302 -0.1693 3.43412
v 1.31302 -0.296113 3.62391
v 1.31302 -0.485903 3.75072
v 1.31302 -0.709776 3.79526
v 1.31302 -0.933648 3.75072
v 1.31302 -1.12344 3.62391
v 1.31302 -1.25025 3.43412
v 1.31302 -1.29478 3.21025
v 1.31302 -1.25025 2.98638
v 1.31302 -1.12344 2.79659
v 1.31302 -0.933648 2.66977
v 1.31302 -0.709776 2.62524
v 1.31302 -0.485903 2.66977
v 1.31302 -0.296113 2.79659
v 1.31302 -0.1693 2.98638
v 1.31302 -0.28821 3.38487
v 1.31302 -1.13134 3.03563
v 1.31302 -0.28821 3.03563
v 1.41859 -0.096449 3.21025
v 1.44858 -0.096449 3.21025
v 1.44858 -0.143136 3.44496
v 1.41859 -0.143136 3.44496
v 1.44858 -1.27642 2.97554
v 1.41859 -1.27642 2.97554
v 1.44858 -0.276089 3.64394
v 1.41859 -0.276089 3.64394
v 1.44858 -1.14346 2.77656
v 1.41859 -1.14346 2.77656
v 1.44858 -0.475066 3.77689
v 1.41859 -0.475066 3.77689
v 1.44858 -0.944485 2.64361
v 1.41859 -0.944485 2.64361
v 1.44858 -0.709776 3.82357
v 1.41859 -0.709776 3.82357
v 1.44858 -0.709776 2.59692
v 1.41859 -0.709776 2.59692
v 1.44858 -0.944485 3.77689
v 1.41859 -0.944485 3.77689
v 1.44858 -0.475066 2.64361
v 1.41859 -0.475066 2.64361
v 1.44858 -1.14346 3.64394
v 1.41859 -1.14346 3.64394
v 1.41859 -0.143136 2.97554
v 1.44858 -0.143136 2.97554
v 1.44858 -0.276088 2.77656
v 1.41859 -0.276088 2.77656
v 1.41859 -1.3231 3.21025
v 1.44858 -1.3231 3.21025
v 1.44858 -1.27642 3.44496
v 1.41859 -1.27642 3.44496
v 1.44794 -0.083746 3.21025
v 1.41733 -0.083746 3.21025
v 1.41733 -0.1314 3.44982
v 1.44794 -0.1314 3.44982
v 1.44794 -0.1314 2.97068
v 1.41733 -0.1314 2.97068
v 1.44794 -1.3358 3.21025
v 1.41733 -1.3358 3.21025
v 1.41733 -1.28815 2.97068
v 1.44794 -1.28815 2.97068
v 1.41733 -0.267106 3.65292
v 1.44794 -0.267106 3.65292
v 1.41733 -1.15244 2.76758
v 1.44794 -1.15244 2.76758
v 1.41733 -0.470204 3.78863
v 1.44794 -0.470204 3.78863
v 1.41733 -0.949347 2.63187
v 1.44794 -0.949347 2.63187
v 1.41733 -0.709776 3.83628
v 1.44794 -0.709776 3.83628
v 1.41733 -0.709776 2.58422
v 1.44794 -0.709776 2.58422
v 1.41733 -0.949347 3.78863
v 1.44794 -0.949347 3.78863
v 1.41733 -0.470204 2.63187
v 1.44794 -0.470204 2.63187
v 1.41733 -1.15244 3.65292
v 1.44794 -1.15244 3.65292
v 1.41733 -0.267106 2.76758
v 1.44794 -0.267106 2.76758
v 1.41733 -1.28815 3.44982
v 1.44794 -1.28815 3.44982
v 1.51054 -0.1314 3.44982
v 1.54115 -0.1314 3.44982
v 1.51054 -1.28815 2.97068
v 1.54115 -1.28815 2.97068
v 1.51054 -0.267106 3.65292
v 1.54115 -0.267106 3.65292
v 1.51054 -1.15244 2.76758
v 1.54115 -1.15244 2.76758
v 1.51054 -0.470204 3.78863
v 1.54115 -0.470204 3.78863
v 1.51054 -0.949347 2.63187
v 1.54115 -0.949347 2.63187
v 1.51054 -0.709776 3.83628
v 1.54115 -0.709776 3.83628
v 1.51054 -0.709776 2.58422
v 1.54115 -0.709776 2.58422
v 1.51054 -0.949347 3.78863
v 1.54115 -0.949347 3.78863
v 1.51054 -0.470204 2.63187
v 1.54115 -0.470204 2.63187
v 1.51054 -1.15244 3.65292
v 1.54115 -1.15244 3.65292
v 1.51054 -0.267106 2.76758
v 1.54115 -0.267106 2.76758
v 1.51054 -1.28815 3.44982
v 1.54115 -1.28815 3.44982
v 1.54115 -0.083746 3.21025
v 1.51054 -0.083746 3.21025
v 1.54115 -0.1314 2.97068
v 1.51054 -0.1314 2.97068
v 1.54115 -1.3358 3.21025
v 1.51054 -1.3358 3.21025
v 1.5099 -1.27642 3.44496
v 1.5399 -1.27642 3.44496
v 1.5399 -1.3231 3.21025
v 1.5099 -1.3231 3.21025
v 1.5099 -0.276088 2.77656
v 1.5399 -0.276088 2.77656
v 1.5399 -0.143136 2.97554
v 1.5099 -0.143136 2.97554
v 1.5099 -1.14346 3.64394
v 1.5399 -1.14346 3.64394
v 1.5099 -0.475066 2.64361
v 1.5399 -0.475066 2.64361
v 1.5099 -0.944485 3.77689
v 1.5399 -0.944485 3.77689
v 1.5099 -0.709776 2.59692
v 1.5399 -0.709776 2.59692
v 1.5099 -0.709776 3.82357
v 1.5399 -0.709776 3.82357
v 1.5099 -0.944485 2.64361
v 1.5399 -0.944485 2.64361
v 1.5099 -0.475066 3.77689
v 1.5399 -0.475066 3.77689
v 1.5099 -1.14346 2.77656
v 1.5399 -1.14346 2.77656
v 1.5099 -0.276089 3.64394
v 1.5399 -0.276089 3.64394
v 1.5099 -1.27642 2.97554
v 1.5399 -1.27642 2.97554
v 1.5099 -0.143136 3.44496
v 1.5399 -0.143136 3.44496
v 1.5399 -0.096449 3.21025
v 1.5099 -0.096449 3.21025
v -1.85005 -0.083746 3.21025
v -1.85005 -0.1314 3.44982
v -1.85005 -0.267106 3.65292
v -1.85005 -0.470205 3.78863
v -1.85005 -0.709776 3.83628
v -1.85005 -0.949347 3.78863
v -1.85005 -1.15244 3.65292
v -1.85005 -1.28815 3.44982
v -1.85005 -1.3358 3.21025
v -1.85005 -1.28815 2.97068
v -1.85005 -1.15245 2.76758
v -1.85005 -0.949347 2.63187
v -1.85005 -0.709776 2.58422
v -1.85005 -0.470205 2.63187
v -1.85005 -0.267106 2.76758
v -1.85005 -0.1314 2.97068
v -1.87646 -0.124769 3.21025
v -1.87646 -0.1693 3.43412
v -1.87646 -0.296114 3.62391
v -1.87646 -0.485903 3.75072
v -1.87646 -0.709776 3.79526
v -1.87646 -0.933648 3.75072
v -1.87646 -1.12344 3.62391
v -1.87646 -1.25025 3.43412
v -1.87646 -1.29478 3.21025
v -1.87646 -1.25025 2.98638
v -1.87646 -1.12344 2.79659
v -1.87646 -0.933648 2.66977
v -1.87646 -0.709776 2.62524
v -1.87646 -0.485903 2.66977
v -1.87646 -0.296114 2.79659
v -1.87646 -0.1693 2.98638
v -1.87646 -0.28821 3.38487
v -1.87646 -1.13134 3.03563
v -1.87646 -0.28821 3.03563
v -1.77089 -0.09645 3.21025
v -1.7409 -0.09645 3.21025
v -1.7409 -0.143136 3.44496
v -1.77089 -0.143136 3.44496
v -1.7409 -1.27642 2.97554
v -1.77089 -1.27642 2.97554
v -1.7409 -0.276089 3.64394
v -1.77089 -0.276089 3.64394
v -1.7409 -1.14346 2.77656
v -1.77089 -1.14346 2.77656
v -1.7409 -0.475066 3.77689
v -1.77089 -0.475066 3.77689
v -1.7409 -0.944486 2.64361
v -1.77089 -0.944486 2.64361
v -1.7409 -0.709776 3.82357
v -1.77089 -0.709776 3.82357
v -1.7409 -0.709776 2.59692
v -1.77089 -0.709776 2.59692
v -1.7409 -0.944486 3.77689
v -1.77089 -0.944486 3.77689
v -1.7409 -0.475066 2.64361
v -1.77089 -0.475066 2.64361
v -1.7409 -1.14346 3.64394
v -1.77089 -1.14346 3.64394
v -1.77089 -0.143136 2.97554
v -1.7409 -0.143136 2.97554
v -1.7409 -0.276089 2.77656
v -1.77089 -0.276089 2.77656
v -1.77089 -1.3231 3.21025
v -1.7409 -1.3231 3.21025
v -1.7409 -1.27642 3.44496
v -1.77089 -1.27642 3.44496
v -1.74153 -0.083746 3.21025
v -1.77215 -0.083746 3.21025
v -1.77215 -0.1314 3.44982
v -1.74153 -0.1314 3.44982
v -1.74153 -0.1314 2.97068
v -1.77215 -0.1314 2.97068
v -1.74153 -1.3358 3.21025
v -1.77215 -1.3358 3.21025
v -1.77215 -1.28815 2.97068
v -1.74153 -1.28815 2.97068
v -1.77215 -0.267106 3.65292
v -1.74153 -0.267106 3.65292
v -1.77215 -1.15245 2.76758
v -1.74153 -1.15245 2.76758
v -1.77215 -0.470205 3.78863
v -1.74153 -0.470205 3.78863
v -1.77215 -0.949347 2.63187
v -1.74153 -0.949347 2.63187
v -1.77215 -0.709776 3.83628
v -1.74153 -0.709776 3.83628
v -1.77215 -0.709776 2.58422
v -1.74153 -0.709776 2.58422
v -1.77215 -0.949347 3.78863
v -1.74153 -0.949347 3.78863
v -1.77215 -0.470205 2.63187
v -1.74153 -0.470205 2.63187
v -1.77215 -1.15244 3.65292
v -1.74153 -1.15244 3.65292
v -1.77215 -0.267106 2.76758
v -1.74153 -0.267106 2.76758
v -1.77215 -1.28815 3.44982
v -1.74153 -1.28815 3.44982
v -1.67894 -0.1314 3.44982
v -1.64833 -0.1314 3.44982
v -1.67894 -1.28815 2.97068
v -1.64833 -1.28815 2.97068
v -1.67894 -0.267106 3.65292
v -1.64833 -0.267106 3.65292
v -1.67894 -1.15245 2.76758
v -1.64833 -1.15245 2.76758
v -1.67894 -0.470205 3.78863
v -1.64833 -0.470205 3.78863
v -1.67894 -0.949347 2.63187
v -1.64833 -0.949347 2.63187
v -1.67894 -0.709776 3.83628
v -1.64833 -0.709776 3.83628
v -1.67894 -0.709776 2.58422
v -1.64833 -0.709776 2.58422
v -1.67894 -0.949347 3.78863
v -1.64833 -0.949347 3.78863
v -1.67894 -0.470205 2.63187
v -1.64833 -0.470205 2.63187
v -1.67894 -1.15244 3.65292
v -1.64833 -1.15244 3.65292
v -1.67894 -0.267106 2.76758
v -1.64833 -0.267106 2.76758
v -1.67894 -1.28815 3.44982
v -1.64833 -1.28815 3.44982
v -1.64833 -0.083746 3.21025
v -1.67894 -0.083746 3.21025
v -1.64833 -0.1314 2.97068
v -1.67894 -0.1314 2.97068
v -1.64833 -1.3358 3.21025
v -1.67894 -1.3358 3.21025
v -1.67957 -1.27642 3.44496
v -1.64958 -1.27642 3.44496
v -1.64958 -1.3231 3.21025
v -1.67957 -1.3231 3.21025
v -1.67957 -0.276089 2.77656
v -1.64958 -0.276089 2.77656
v -1.64958 -0.143136 2.97554
v -1.67957 -0.143136 2.97554
v -1.67957 -1.14346 3.64394
v -1.64958 -1.14346 3.64394
v -1.67957 -0.475066 2.64361
v -1.64958 -0.475066 2.64361
v -1.67957 -0.944486 3.77689
v -1.64958 -0.944486 3.77689
v -1.67957 -0.709776 2.59692
v -1.64958 -0.709776 2.59692
v -1.67957 -0.709776 3.82357
v -1.64958 -0.709776 3.82357
v -1.67957 -0.944486 2.64361
v -1.64958 -0.944486 2.64361
v -1.67957 -0.475066 3.77689
v -1.64958 -0.475066 3.77689
v -1.67957 -1.14346 2.77656
v -1.64958 -1.14346 2.77656
v -1.67957 -0.276089 3.64394
v -1.64958 -0.276089 3.64394
v -1.67957 -1.27642 2.97554
v -1.64958 -1.27642 2.97554
v -1.67957 -0.143136 3.44496
v -1.64958 -0.143136 3.44496
v -1.64958 -0.09645 3.21025
v -1.67957 -0.09645 3.21025
v -1.33943 -0.083746 3.21025
v -1.33943 -0.1314 3.44982
v -1.33943 -0.267106 3.65292
v -1.33943 -0.470205 3.78863
v -1.33943 -0.709776 3.83628
v -1.33943 -0.949347 3.78863
v -1.33943 -1.15244 3.65292
v -1.33943 -1.28815 3.44982
v -1.33943 -1.3358 3.21025
v -1.33943 -1.28815 2.97068
v -1.33943 -1.15245 2.76758
v -1.33943 -0.949347 2.63187
v -1.33943 -0.709776 2.58422
v -1.33943 -0.470205 2.63187
v -1.33943 -0.267106 2.76758
v -1.33943 -0.1314 2.97068
v -1.59474 -0.267106 3.65292
v -1.59474 -0.709776 3.83628
v -1.59474 -1.15244 3.65292
v -1.59474 -1.3358 3.21025
v -1.59474 -0.949347 2.63187
v -1.59474 -0.470205 2.63187
v -1.59474 -0.1314 2.97068
v -1.31302 -0.124769 3.21025
v -1.31302 -0.296114 3.62391
v -1.31302 -0.709776 3.79526
v -1.31302 -1.12344 3.62391
v -1.31302 -1.29478 3.21025
v -1.31302 -1.12344 2.79659
v -1.31302 -0.709776 2.62524
v -1.31302 -0.296114 2.79659
v -1.31302 -0.253476 3.21025
v -1.31302 -0.387123 3.5329
v -1.31302 -0.709776 3.66655
v -1.31302 -1.03243 3.5329
v -1.31302 -1.16607 3.21025
v -1.31302 -1.03243 2.8876
v -1.31302 -0.709776 2.75395
v -1.31302 -0.387123 2.8876
v -1.41859 -0.09645 3.21025
v -1.44858 -0.09645 3.21025
v -1.44858 -0.143136 3.44496
v -1.41859 -0.143136 3.44496
v -1.44858 -1.27642 2.97554
v -1.41859 -1.27642 2.97554
v -1.44858 -0.276089 3.64394
v -1.41859 -0.276089 3.64394
v -1.44858 -1.14346 2.77656
v -1.41859 -1.14346 2.77656
v -1.44858 -0.475066 3.77689
v -1.41859 -0.475066 3.77689
v -1.44858 -0.944486 2.64361
v -1.41859 -0.944486 2.64361
v -1.44858 -0.709776 3.82357
v -1.41859 -0.709776 3.82357
v -1.44858 -0.709776 2.59692
v -1.41859 -0.709776 2.59692
v -1.44858 -0.944486 3.77689
v -1.41859 -0.944486 3.77689
v -1.44858 -0.475066 2.64361
v -1.41859 -0.475066 2.64361
v -1.44858 -1.14346 3.64394
v -1.41859 -1.14346 3.64394
v -1.41859 -0.143136 2.97554
v -1.44858 -0.143136 2.97554
v -1.44858 -0.276089 2.77656
v -1.41859 -0.276089 2.77656
v -1.41859 -1.3231 3.21025
v -1.44858 -1.3231 3.21025
v -1.44858 -1.27642 3.44496
v -1.41859 -1.27642 3.44496
v -1.44794 -0.083746 3.21025
v -1.41733 -0.083746 3.21025
v -1.41733 -0.1314 3.44982
v -1.44794 -0.1314 3.44982
v -1.44794 -0.1314 2.97068
v -1.41733 -0.1314 2.97068
v -1.44794 -1.3358 3.21025
v -1.41733 -1.3358 3.21025
v -1.41733 -1.28815 2.97068
v -1.44794 -1.28815 2.97068
v -1.41733 -0.267106 3.65292
v -1.44794 -0.267106 3.65292
v -1.41733 -1.15245 2.76758
v -1.44794 -1.15245 2.76758
v -1.41733 -0.470205 3.78863
v -1.44794 -0.470205 3.78863
v -1.41733 -0.949347 2.63187
v -1.44794 -0.949347 2.63187
v -1.41733 -0.709776 3.83628
v -1.44794 -0.709776 3.83628
v -1.41733 -0.709776 2.58422
v -1.44794 -0.709776 2.58422
v -1.41733 -0.949347 3.78863
v -1.44794 -0.949347 3.78863
v -1.41733 -0.470205 2.63187
v -1.44794 -0.470205 2.63187
v -1.41733 -1.15244 3.65292
v -1.44794 -1.15244 3.65292
v -1.41733 -0.267106 2.76758
v -1.44794 -0.267106 2.76758
v -1.41733 -1.28815 3.44982
v -1.44794 -1.28815 3.44982
v -1.51054 -0.1314 3.44982
v -1.54115 -0.1314 3.44982
v -1.51054 -1.28815 2.97068
v -1.54115 -1.28815 2.97068
v -1.51054 -0.267106 3.65292
v -1.54115 -0.267106 3.65292
v -1.51054 -1.15245 2.76758
v -1.54115 -1.15245 2.76758
v -1.51054 -0.470205 3.78863
v -1.54115 -0.470205 3.78863
v -1.51054 -0.949347 2.63187
v -1.54115 -0.949347 2.63187
v -1.51054 -0.709776 3.83628
v -1.54115 -0.709776 3.83628
v -1.51054 -0.709776 2.58422
v -1.54115 -0.709776 2.58422
v -1.51054 -0.949347 3.78863
v -1.54115 -0.949347 3.78863
v -1.51054 -0.470205 2.63187
v -1.54115 -0.470205 2.63187
v -1.51054 -1.15244 3.65292
v -1.54115 -1.15244 3.65292
v -1.51054 -0.267106 2.76758
v -1.54115 -0.267106 2.76758
v -1.51054 -1.28815 3.44982
v -1.54115 -1.28815 3.44982
v -1.54115 -0.083746 3.21025
v -1.51054 -0.083746 3.21025
v -1.54115 -0.1314 2.97068
v -1.51054 -0.1314 2.97068
v -1.54115 -1.3358 3.21025
v -1.51054 -1.3358 3.21025
v -1.5099 -1.27642 3.44496
v -1.5399 -1.27642 3.44496
v -1.5399 -1.3231 3.21025
v -1.5099 -1.3231 3.21025
v -1.5099 -0.276089 2.77656
v -1.5399 -0.276089 2.77656
v -1.5399 -0.143136 2.97554
v -1.5099 -0.143136 2.97554
v -1.5099 -1.14346 3.64394
v -1.5399 -1.14346 3.64394
v -1.5099 -0.475066 2.64361
v -1.5399 -0.475066 2.64361
v -1.5099 -0.944486 3.77689
v -1.5399 -0.944486 3.77689
v -1.5099 -0.709776 2.59692
v -1.5399 -0.709776 2.59692
v -1.5099 -0.709776 3.82357
v -1.5399 -0.709776 3.82357
v -1.5099 -0.944486 2.64361
v -1.5399 -0.944486 2.64361
v -1.5099 -0.475066 3.77689
v -1.5399 -0.475066 3.77689
v -1.5099 -1.14346 2.77656
v -1.5399 -1.14346 2.77656
v -1.5099 -0.276089 3.64394
v -1.5399 -0.276089 3.64394
v -1.5099 -1.27642 2.97554
v -1.5399 -1.27642 2.97554
v -1.5099 -0.143136 3.44496
v -1.5399 -0.143136 3.44496
v -1.5399 -0.09645 3.21025
v -1.5099 -0.09645 3.21025
v 1.88896 -1.15032 3.10332
v 1.87863 -0.818048 3.18327
v 1.88896 -1.10709 3.10562
v 1.88896 -1.07664 2.94407
v 1.88896 -1.11722 3.16152
v 1.88231 -0.851681 3.17589
v 1.88622 -0.887193 3.16726
v 1.88622 -0.89105 3.1886
v 1.90506 -1.05832 3.12568
v 1.90506 -1.06591 3.16766
v 1.89979 -1.01046 3.13731
v 1.85461 -1.07891 3.13548
v 1.85461 -1.01458 2.98916
v 1.85461 -1.0311 3.14518
v 1.85591 -0.836379 3.17895
v 1.84502 -0.853103 3.18238
v 1.84892 -0.888973 3.17538
v 1.84502 -0.828004 3.12472
v 1.84892 -0.857571 3.10323
v 1.87863 -0.786083 3.18694
v 1.86099 -0.805528 3.18661
v 1.91682 -1.11228 3.11256
v 1.84892 -0.877216 3.13759
v 1.84502 -0.843706 3.15218
v 1.85591 -0.815391 3.13388
v 1.86099 -0.794077 3.15989
v 1.88896 -1.12127 3.02009
v 1.88896 -1.0781 3.03571
v 1.85461 -1.05461 3.05887
v 1.85461 -1.00995 3.0785
v 1.86099 -0.766004 3.16976
v 1.86099 -0.772185 3.18004
v 1.83791 -1.15032 3.10332
v 1.59867 -1.15991 3.1564
v 1.35942 -1.15032 3.10332
v 1.35942 -1.07664 2.94407
v 1.35942 -1.12127 3.02009
v 1.77957 -1.0311 3.14518
v 1.77957 -0.975117 3.01783
v 1.77957 -1.00995 3.0785
v 1.76481 -1.07891 3.13548
v 1.76481 -1.01458 2.98916
v 1.76481 -1.0546 3.05887
v 1.33703 -1.0546 3.05887
v 1.82557 -0.888973 3.17538
v 1.88896 -1.15032 3.31718
v 1.87863 -0.818048 3.23723
v 1.88896 -1.15991 3.1564
v 1.87863 -0.821373 3.21025
v 1.88896 -1.12013 3.21025
v 1.88896 -1.07664 3.47643
v 1.88896 -1.15991 3.2641
v 1.88896 -1.10709 3.31488
v 1.88231 -0.851681 3.24461
v 1.88231 -0.855796 3.21025
v 1.87863 -0.820585 3.22346
v 1.88622 -0.887193 3.25324
v 1.88622 -0.892342 3.21025
v 1.90506 -1.05832 3.29482
v 1.90506 -1.06845 3.21025
v 1.90506 -1.06591 3.25284
v 1.89979 -1.0192 3.21025
v 1.89301 -0.954028 3.23944
v 1.85461 -1.07891 3.28501
v 1.85461 -1.01458 3.43134
v 1.85461 -1.0311 3.27532
v 1.85591 -0.836379 3.24155
v 1.84502 -0.853103 3.23811
v 1.84892 -0.888973 3.24511
v 1.85591 -0.815391 3.28662
v 1.87863 -0.789304 3.20553
v 1.87863 -0.789023 3.21968
v 1.86099 -0.805528 3.23389
v 1.86099 -0.801436 3.21025
v 1.86099 -0.800789 3.22109
v 1.91682 -1.11228 3.30794
v 1.91682 -1.12398 3.21025
v 1.91682 -1.12105 3.25944
v 1.84892 -0.877216 3.2829
v 1.84502 -0.843706 3.26832
v 1.85591 -0.827049 3.26722
v 1.86099 -0.79848 3.25328
v 1.88896 -1.12127 3.4004
v 1.88896 -1.0781 3.38479
v 1.85461 -1.05461 3.36163
v 1.85461 -0.992535 3.37233
v 1.86099 -0.766004 3.25074
v 1.86099 -0.77916 3.21025
v 1.86099 -0.772185 3.24045
v 1.35942 -1.15032 3.31718
v 1.83791 -1.16313 3.21025
v 1.35942 -1.16313 3.21025
v 1.35942 -1.07664 3.47643
v 1.35942 -1.15991 3.2641
v 1.35942 -1.12127 3.40041
v 1.77957 -1.00995 3.342
v 1.77957 -0.975117 3.40267
v 1.77957 -1.03764 3.21025
v 1.76481 -1.07891 3.28501
v 1.76481 -1.01458 3.43133
v 1.76481 -1.0546 3.36163
v 1.76481 -1.08641 3.21025
v 1.33703 -1.07891 3.28501
v 1.82557 -0.877216 3.2829
v 1.88896 -0.744563 2.7587
v 1.87863 -0.717924 3.09942
v 1.88896 -0.733391 2.80053
v 1.88896 -0.57034 2.77956
v 1.88896 -0.789681 2.80817
v 1.88231 -0.721295 3.06515
v 1.88622 -0.724062 3.02871
v 1.88622 -0.74555 3.03163
v 1.90506 -0.737395 2.85311
v 1.90506 -0.779669 2.85887
v 1.89979 -0.733666 2.90222
v 1.85461 -0.753084 2.83656
v 1.85461 -0.594045 2.85252
v 1.85461 -0.747533 2.88502
v 1.85591 -0.71948 3.08065
v 1.84502 -0.727912 3.0658
v 1.84892 -0.73234 3.02953
v 1.84502 -0.66531 3.07185
v 1.84892 -0.654016 3.03709
v 1.87863 -0.711535 3.13095
v 1.86099 -0.717228 3.11235
v 1.91682 -0.7416 2.79773
v 1.84892 -0.692765 3.02903
v 1.84502 -0.69628 3.06541
v 1.85591 -0.670128 3.08668
v 1.86099 -0.688279 3.11499
v 1.88896 -0.656431 2.76061
v 1.88896 -0.657942 2.80649
v 1.85461 -0.672707 2.83599
v 1.85461 -0.677579 2.88453
v 1.86099 -0.688992 3.14474
v 1.86099 -0.700683 3.14204
v 1.83791 -0.744563 2.7587
v 1.59867 -0.798012 2.76598
v 1.35942 -0.744563 2.7587
v 1.35942 -0.57034 2.77956
v 1.35942 -0.656431 2.76061
v 1.77957 -0.747533 2.88502
v 1.77957 -0.609118 2.89891
v 1.77957 -0.677579 2.88453
v 1.76481 -0.753084 2.83656
v 1.76481 -0.594046 2.85252
v 1.76481 -0.672707 2.836
v 1.33703 -0.672707 2.836
v 1.82557 -0.73234 3.02953
v 1.88896 -0.947953 2.82478
v 1.87863 -0.769237 3.11609
v 1.88896 -0.798012 2.76598
v 1.87863 -0.744608 3.10459
v 1.88896 -0.836927 2.82046
v 1.88896 -0.900433 2.79926
v 1.88896 -0.932404 2.86519
v 1.88231 -0.786652 3.08638
v 1.88231 -0.755245 3.07185
v 1.87863 -0.756928 3.10942
v 1.88622 -0.805833 3.05528
v 1.88622 -0.766538 3.03709
v 1.90506 -0.898261 2.90538
v 1.90506 -0.820957 2.86961
v 1.90506 -0.860676 2.88519
v 1.89979 -0.805739 2.91645
v 1.89301 -0.813362 2.98745
v 1.85461 -0.895297 2.88276
v 1.85461 -0.871304 2.92523
v 1.85591 -0.77901 3.09999
v 1.84502 -0.780914 3.08303
v 1.84892 -0.798654 3.05107
v 1.87863 -0.730214 3.13363
v 1.87863 -0.74358 3.13827
v 1.86099 -0.762194 3.12697
v 1.86099 -0.738447 3.12355
v 1.86099 -0.748556 3.12752
v 1.91682 -0.927409 2.8581
v 1.91682 -0.83812 2.81679
v 1.91682 -0.883997 2.83478
v 1.84892 -0.830964 3.07393
v 1.85591 -0.800544 3.1168
v 1.88896 -1.01813 2.87814
v 1.88896 -0.989941 2.91436
v 1.85461 -0.960654 2.92955
v 1.85461 -0.928186 2.96595
v 1.86099 -0.746717 3.15179
v 1.86099 -0.731563 3.14474
v 1.86099 -0.758133 3.16071
v 1.59867 -0.947953 2.82478
v 1.83791 -0.850215 2.77956
v 1.35942 -0.850215 2.77956
v 1.35942 -0.900433 2.79926
v 1.35942 -1.01813 2.87814
v 1.77957 -0.928186 2.96595
v 1.77957 -0.811437 2.89891
v 1.76481 -0.895295 2.88277
v 1.76481 -0.960652 2.92956
v 1.76481 -0.826509 2.85252
v 1.33703 -0.960652 2.92956
v 1.82557 -0.830964 3.07393
v 1.88896 -0.291424 3.0381
v 1.87863 -0.607233 3.16873
v 1.88896 -0.327755 3.06166
v 1.88896 -0.257429 3.21025
v 1.88896 -0.352411 3.01048
v 1.88231 -0.575683 3.15493
v 1.88622 -0.541881 3.14104
v 1.88622 -0.551305 3.12151
v 1.90506 -0.378997 3.0741
v 1.90506 -0.397536 3.03567
v 1.89979 -0.424549 3.09282
v 1.85461 -0.368103 3.05406
v 1.85461 -0.334142 3.21025
v 1.85461 -0.412475 3.07431
v 1.85591 -0.589863 3.16145
v 1.84502 -0.57835 3.14884
v 1.84892 -0.545218 3.13342
v 1.84502 -0.564759 3.21025
v 1.84892 -0.528213 3.21025
v 1.87863 -0.635249 3.18455
v 1.86099 -0.619323 3.17339
v 1.91682 -0.327628 3.05298
v 1.84892 -0.532515 3.1709
v 1.84502 -0.568197 3.1788
v 1.85591 -0.58035 3.21025
v 1.86099 -0.612882 3.20173
v 1.88896 -0.266009 3.12251
v 1.88896 -0.310109 3.13525
v 1.85461 -0.34273 3.13033
v 1.85461 -0.390392 3.14069
v 1.86099 -0.641395 3.21025
v 1.86099 -0.64244 3.19829
v 1.83791 -0.291424 3.0381
v 1.59867 -0.314864 2.98952
v 1.35942 -0.291424 3.0381
v 1.35942 -0.257429 3.21025
v 1.35942 -0.266009 3.12251
v 1.77957 -0.412475 3.07431
v 1.77957 -0.382918 3.21025
v 1.77957 -0.390392 3.14069
v 1.76481 -0.368106 3.05406
v 1.76481 -0.334144 3.21025
v 1.76481 -0.342733 3.13033
v 1.33703 -0.342733 3.13033
v 1.82557 -0.545218 3.13342
v 1.88896 -0.417126 2.86509
v 1.87863 -0.638945 3.12508
v 1.88896 -0.314864 2.98952
v 1.87863 -0.620399 3.14495
v 1.88896 -0.378704 2.96935
v 1.88896 -0.378164 2.9024
v 1.88896 -0.450752 2.89236
v 1.88231 -0.616076 3.09934
v 1.88231 -0.592551 3.12472
v 1.87863 -0.628801 3.13472
v 1.88622 -0.592418 3.07148
v 1.88622 -0.562984 3.10323
v 1.90506 -0.478417 2.93725
v 1.90506 -0.420513 2.99972
v 1.90506 -0.447602 2.96676
v 1.89979 -0.460357 3.02867
v 1.89301 -0.530237 3.04336
v 1.85461 -0.455995 2.93309
v 1.85461 -0.48897 2.96903
v 1.85591 -0.626655 3.11081
v 1.84502 -0.611108 3.10376
v 1.84892 -0.586202 3.07701
v 1.87863 -0.643572 3.16761
v 1.87863 -0.652114 3.15633
v 1.86099 -0.647114 3.13514
v 1.86099 -0.636529 3.15667
v 1.86099 -0.643423 3.14828
v 1.91682 -0.442465 2.89493
v 1.91682 -0.375582 2.96708
v 1.91682 -0.406871 2.92901
v 1.84892 -0.617927 3.05335
v 1.85591 -0.649294 3.09552
v 1.88896 -0.489551 2.81484
v 1.88896 -0.515295 2.85284
v 1.85461 -0.520691 2.88539
v 1.85461 -0.545276 2.92751
v 1.86099 -0.665944 3.15753
v 1.86099 -0.65455 3.16976
v 1.86099 -0.677946 3.14943
v 1.59867 -0.417126 2.86509
v 1.83791 -0.343915 2.94407
v 1.35942 -0.343915 2.94407
v 1.35942 -0.378164 2.9024
v 1.35942 -0.489551 2.81484
v 1.77957 -0.545276 2.92751
v 1.77957 -0.445438 3.01783
v 1.76481 -0.455997 2.93309
v 1.76481 -0.520693 2.88539
v 1.76481 -0.405979 2.98916
v 1.33703 -0.520693 2.88539
v 1.82557 -0.617927 3.05335
v 1.88896 -0.417126 3.55541
v 1.87863 -0.638945 3.29542
v 1.88896 -0.450751 3.52813
v 1.88896 -0.570339 3.64093
v 1.88896 -0.409701 3.48887
v 1.88231 -0.616076 3.32116
v 1.88622 -0.592418 3.34902
v 1.88622 -0.576754 3.33402
v 1.90506 -0.478417 3.48324
v 1.90506 -0.447602 3.45374
v 1.89979 -0.510299 3.4457
v 1.85461 -0.455995 3.48741
v 1.85461 -0.594045 3.56798
v 1.85461 -0.48897 3.45147
v 1.85591 -0.626655 3.30969
v 1.84502 -0.611108 3.31674
v 1.84892 -0.586202 3.34349
v 1.84502 -0.66531 3.34864
v 1.84892 -0.654016 3.3834
v 1.87863 -0.66265 3.27366
v 1.86099 -0.647114 3.28536
v 1.91682 -0.442465 3.52557
v 1.84892 -0.617927 3.36715
v 1.84502 -0.636465 3.33566
v 1.85591 -0.670127 3.33382
v 1.86099 -0.672082 3.30025
v 1.88896 -0.48955 3.60566
v 1.88896 -0.515295 3.56766
v 1.85461 -0.520691 3.53511
v 1.85461 -0.545276 3.49298
v 1.86099 -0.688992 3.27576
v 1.86099 -0.677946 3.27107
v 1.83791 -0.417126 3.55541
v 1.83791 -0.378164 3.5181
v 1.35942 -0.417126 3.55541
v 1.35942 -0.570339 3.64093
v 1.35942 -0.489551 3.60566
v 1.77957 -0.48897 3.45147
v 1.77957 -0.609118 3.52159
v 1.77957 -0.545276 3.49298
v 1.76481 -0.455997 3.48741
v 1.76481 -0.594046 3.56797
v 1.76481 -0.520692 3.53511
v 1.33703 -0.520692 3.53511
v 1.82557 -0.586202 3.34349
v 1.88896 -0.291424 3.38239
v 1.87863 -0.607233 3.25177
v 1.88896 -0.378164 3.5181
v 1.87863 -0.620399 3.27555
v 1.88896 -0.378704 3.45115
v 1.88896 -0.314864 3.43098
v 1.88896 -0.327755 3.35884
v 1.88231 -0.575683 3.26557
v 1.88231 -0.592551 3.29578
v 1.87863 -0.613272 3.2644
v 1.88622 -0.541881 3.27946
v 1.88622 -0.562984 3.31726
v 1.90506 -0.378997 3.3464
v 1.90506 -0.420513 3.42077
v 1.90506 -0.397536 3.38483
v 1.89979 -0.460357 3.39183
v 1.89301 -0.495922 3.32991
v 1.85461 -0.368103 3.36644
v 1.85461 -0.412475 3.34618
v 1.85591 -0.589863 3.25905
v 1.84502 -0.57835 3.27166
v 1.84892 -0.545218 3.28708
v 1.87863 -0.649115 3.26051
v 1.87863 -0.641028 3.24891
v 1.86099 -0.619323 3.24711
v 1.86099 -0.636529 3.26383
v 1.86099 -0.630681 3.25468
v 1.91682 -0.327628 3.36751
v 1.91682 -0.375582 3.45342
v 1.91682 -0.349042 3.4119
v 1.84892 -0.532515 3.24959
v 1.85591 -0.582321 3.23279
v 1.88896 -0.266009 3.29798
v 1.88896 -0.310109 3.28524
v 1.85461 -0.34273 3.29017
v 1.85461 -0.390392 3.2798
v 1.86099 -0.646439 3.23612
v 1.86099 -0.65455 3.25074
v 1.86099 -0.64244 3.2222
v 1.59867 -0.291424 3.38239
v 1.83791 -0.343915 3.47643
v 1.35942 -0.343915 3.47643
v 1.35942 -0.314864 3.43098
v 1.35942 -0.266009 3.29798
v 1.77957 -0.390392 3.2798
v 1.77957 -0.445438 3.40267
v 1.76481 -0.368106 3.36644
v 1.76481 -0.342733 3.29017
v 1.76481 -0.405979 3.43133
v 1.33703 -0.342733 3.29017
v 1.82557 -0.532515 3.24959
v 1.88896 -0.947953 3.59571
v 1.87863 -0.769237 3.30441
v 1.88896 -0.932404 3.5553
v 1.88896 -0.882377 3.58221
v 1.88231 -0.786652 3.33411
v 1.88622 -0.805833 3.36522
v 1.88622 -0.786728 3.37548
v 1.90506 -0.898261 3.51512
v 1.90506 -0.860676 3.53531
v 1.89979 -0.872412 3.4732
v 1.85461 -0.895297 3.53773
v 1.85461 -1.01458 3.43134
v 1.85461 -0.871304 3.49527
v 1.85591 -0.77901 3.32051
v 1.84502 -0.780914 3.33747
v 1.84892 -0.798654 3.36943
v 1.87863 -0.75587 3.27514
v 1.86099 -0.762194 3.29353
v 1.91682 -0.927409 3.56239
v 1.84892 -0.830964 3.34657
v 1.84502 -0.806739 3.3192
v 1.85591 -0.800544 3.3037
v 1.86099 -0.778459 3.28084
v 1.88896 -1.01813 3.54236
v 1.88896 -0.989941 3.50613
v 1.85461 -0.960654 3.49094
v 1.85461 -0.928186 3.45454
v 1.86099 -0.758133 3.25979
v 1.59867 -0.947953 3.59571
v 1.59867 -0.900433 3.62124
v 1.77957 -0.871304 3.49527
v 1.77957 -0.928186 3.45454
v 1.76481 -0.895295 3.53773
v 1.76481 -0.960652 3.49094
v 1.33703 -0.960652 3.49094
v 1.82557 -0.798654 3.36943
v 1.88896 -0.744563 3.6618
v 1.87863 -0.717924 3.32108
v 1.88896 -0.900433 3.62124
v 1.87863 -0.744608 3.31591
v 1.88896 -0.836927 3.60004
v 1.88896 -0.798012 3.65452
v 1.88896 -0.733391 3.61997
v 1.88231 -0.721295 3.35535
v 1.88231 -0.755245 3.34864
v 1.87863 -0.731801 3.31924
v 1.88622 -0.724062 3.39179
v 1.88622 -0.766538 3.3834
v 1.90506 -0.737395 3.56739
v 1.90506 -0.820958 3.55089
v 1.90506 -0.779668 3.56163
v 1.89979 -0.805739 3.50405
v 1.89301 -0.757839 3.45109
v 1.85461 -0.753084 3.58394
v 1.85461 -0.747533 3.53548
v 1.85591 -0.71948 3.33985
v 1.84502 -0.727912 3.35469
v 1.84892 -0.73234 3.39097
v 1.87863 -0.739183 3.28395
v 1.87863 -0.725642 3.28805
v 1.86099 -0.717228 3.30814
v 1.86099 -0.738447 3.29695
v 1.86099 -0.727938 3.29968
v 1.91682 -0.7416 3.62277
v 1.91682 -0.83812 3.60371
v 1.91682 -0.790428 3.61612
v 1.84892 -0.692765 3.39147
v 1.85591 -0.69218 3.33891
v 1.88896 -0.656431 3.65988
v 1.88896 -0.657942 3.61401
v 1.85461 -0.672707 3.5845
v 1.85461 -0.677579 3.53597
v 1.86099 -0.715156 3.27896
v 1.86099 -0.731563 3.27576
v 1.86099 -0.700683 3.27846
v 1.59867 -0.744563 3.6618
v 1.83791 -0.850215 3.64093
v 1.35942 -0.850215 3.64093
v 1.35942 -0.798012 3.65452
v 1.35942 -0.656431 3.65988
v 1.77957 -0.677579 3.53597
v 1.77957 -0.811437 3.52159
v 1.76481 -0.753084 3.58394
v 1.76481 -0.672707 3.5845
v 1.76481 -0.826509 3.56797
v 1.33703 -0.672707 3.5845
v 1.82557 -0.692765 3.39147
v -1.88896 -1.15032 3.10332
v -1.87863 -0.818048 3.18327
v -1.88896 -1.07664 2.94407
v -1.88896 -1.15991 3.1564
v -1.88896 -1.10709 3.10562
v -1.88231 -0.851681 3.17589
v -1.87863 -0.820585 3.19704
v -1.88622 -0.887193 3.16726
v -1.90506 -1.05832 3.12568
v -1.89301 -0.954027 3.18106
v -1.85461 -1.07891 3.13548
v -1.85461 -1.01458 2.98916
v -1.85461 -1.0311 3.14518
v -1.85591 -0.836379 3.17895
v -1.84502 -0.853103 3.18238
v -1.84892 -0.888972 3.17539
v -1.84502 -0.828004 3.12472
v -1.84892 -0.85757 3.10324
v -1.86099 -0.805527 3.18661
v -1.86099 -0.800789 3.19941
v -1.91682 -1.11228 3.11256
v -1.84892 -0.877216 3.13759
v -1.85591 -0.827049 3.15328
v -1.88896 -1.12127 3.02009
v -1.88896 -1.0781 3.03571
v -1.85461 -1.05461 3.05887
v -1.85461 -0.975117 3.01783
v -1.86099 -0.777131 3.19366
v -1.86099 -0.766004 3.16976
v -1.86099 -0.772185 3.18005
v -1.59867 -1.15032 3.10332
v -1.35942 -1.07664 2.94407
v -1.35942 -1.15991 3.1564
v -1.35942 -1.12127 3.02009
v -1.77957 -1.00995 3.0785
v -1.77957 -0.975117 3.01783
v -1.76481 -1.07891 3.13548
v -1.76481 -1.01458 2.98916
v -1.76481 -1.0546 3.05887
v -1.33703 -1.07891 3.13548
v -1.82557 -0.877216 3.13759
v -1.88896 -1.15032 3.31718
v -1.87863 -0.818048 3.23723
v -1.88896 -1.15991 3.2641
v -1.87863 -0.821373 3.21025
v -1.88896 -1.10709 3.31488
v -1.88896 -1.12013 3.21025
v -1.88896 -1.11722 3.25898
v -1.88231 -0.855796 3.21025
v -1.88231 -0.851681 3.24461
v -1.88622 -0.887193 3.25324
v -1.88622 -0.892341 3.21025
v -1.88622 -0.89105 3.2319
v -1.90506 -1.05832 3.29482
v -1.90506 -1.0659 3.16766
v -1.90506 -1.0659 3.25284
v -1.89979 -1.0192 3.21025
v -1.89979 -1.01046 3.28319
v -1.85461 -1.07891 3.28502
v -1.85461 -1.01458 3.43134
v -1.85461 -1.0311 3.27532
v -1.85591 -0.836379 3.24155
v -1.84502 -0.853103 3.23812
v -1.84892 -0.888972 3.24511
v -1.87863 -0.789022 3.20082
v -1.87863 -0.789022 3.21968
v -1.86099 -0.805527 3.23389
v -1.86099 -0.801435 3.21025
v -1.91682 -1.12105 3.16106
v -1.91682 -1.12105 3.25944
v -1.84892 -0.877216 3.2829
v -1.84502 -0.843706 3.26832
v -1.85591 -0.827049 3.26722
v -1.86099 -0.79848 3.25328
v -1.88896 -1.12127 3.40041
v -1.88896 -1.0781 3.38479
v -1.85461 -1.05461 3.36163
v -1.85461 -1.00995 3.342
v -1.86099 -0.77916 3.21025
v -1.86099 -0.772185 3.24045
v -1.83791 -1.15032 3.31718
v -1.83791 -1.16313 3.21025
v -1.59867 -1.15991 3.2641
v -1.35942 -1.16313 3.21025
v -1.77957 -1.0311 3.27532
v -1.77957 -1.00995 3.342
v -1.77957 -1.03764 3.21025
v -1.76481 -1.07891 3.28501
v -1.76481 -1.0546 3.36163
v -1.76481 -1.08641 3.21025
v -1.33703 -1.07891 3.28501
v -1.33703 -1.0546 3.36163
v -1.82557 -0.888972 3.24511
v -1.88896 -0.744563 2.7587
v -1.87863 -0.717924 3.09942
v -1.88896 -0.570339 2.77956
v -1.88896 -0.798012 2.76598
v -1.88896 -0.733391 2.80053
v -1.88231 -0.721295 3.06515
v -1.87863 -0.731801 3.10126
v -1.88622 -0.724062 3.02871
v -1.90506 -0.737395 2.85311
v -1.89301 -0.757839 2.96941
v -1.85461 -0.753084 2.83656
v -1.85461 -0.594045 2.85252
v -1.85461 -0.747533 2.88502
v -1.85591 -0.71948 3.08065
v -1.84502 -0.727911 3.0658
v -1.84892 -0.73234 3.02953
v -1.84502 -0.66531 3.07185
v -1.84892 -0.654016 3.0371
v -1.86099 -0.717228 3.11236
v -1.86099 -0.727938 3.12082
v -1.91682 -0.7416 2.79773
v -1.84892 -0.692764 3.02903
v -1.85591 -0.69218 3.08159
v -1.88896 -0.656431 2.76061
v -1.88896 -0.657942 2.80649
v -1.85461 -0.672707 2.83599
v -1.85461 -0.609118 2.89891
v -1.86099 -0.715156 3.14154
v -1.86099 -0.688991 3.14474
v -1.86099 -0.700683 3.14204
v -1.59867 -0.744563 2.7587
v -1.35942 -0.570339 2.77956
v -1.35942 -0.798012 2.76598
v -1.35942 -0.656431 2.76061
v -1.77957 -0.677579 2.88453
v -1.77957 -0.609118 2.89891
v -1.76481 -0.753084 2.83656
v -1.76481 -0.594046 2.85252
v -1.76481 -0.672707 2.836
v -1.33703 -0.753084 2.83656
v -1.82557 -0.692764 3.02903
v -1.88896 -0.947953 2.82479
v -1.87863 -0.769236 3.11609
v -1.88896 -0.900433 2.79926
v -1.87863 -0.744608 3.10459
v -1.88896 -0.932404 2.86519
v -1.88896 -0.836927 2.82046
v -1.88896 -0.882377 2.83829
v -1.88231 -0.755245 3.07185
v -1.88231 -0.786652 3.08638
v -1.88622 -0.805833 3.05528
v -1.88622 -0.766538 3.0371
v -1.88622 -0.786728 3.04501
v -1.90506 -0.898261 2.90538
v -1.90506 -0.779668 2.85887
v -1.90506 -0.860676 2.88519
v -1.89979 -0.805738 2.91645
v -1.89979 -0.872412 2.9473
v -1.85461 -0.895296 2.88277
v -1.85461 -0.871304 2.92523
v -1.85591 -0.77901 3.09999
v -1.84502 -0.780914 3.08303
v -1.84892 -0.798654 3.05107
v -1.87863 -0.725642 3.13244
v -1.87863 -0.743579 3.13827
v -1.86099 -0.762194 3.12697
v -1.86099 -0.738447 3.12355
v -1.91682 -0.790428 2.80438
v -1.91682 -0.883997 2.83478
v -1.84892 -0.830964 3.07393
v -1.84502 -0.806738 3.1013
v -1.85591 -0.800544 3.1168
v -1.86099 -0.784066 3.14611
v -1.88896 -1.01813 2.87814
v -1.88896 -0.98994 2.91437
v -1.85461 -0.960654 2.92955
v -1.85461 -0.928186 2.96595
v -1.86099 -0.731563 3.14474
v -1.86099 -0.758133 3.16071
v -1.59867 -0.850215 2.77956
v -1.83791 -0.900433 2.79926
v -1.83791 -1.01813 2.87814
v -1.35942 -0.947953 2.82479
v -1.35942 -0.900433 2.79926
v -1.35942 -1.01813 2.87814
v -1.77957 -0.871304 2.92523
v -1.77957 -0.928186 2.96595
v -1.77957 -0.811437 2.89891
v -1.76481 -0.895295 2.88277
v -1.76481 -0.960652 2.92956
v -1.76481 -0.826509 2.85252
v -1.33703 -0.895295 2.88277
v -1.82557 -0.798654 3.05107
v -1.82557 -0.830964 3.07393
v -1.88896 -0.291424 3.0381
v -1.87863 -0.607233 3.16873
v -1.88896 -0.257429 3.21025
v -1.88896 -0.314864 2.98952
v -1.88896 -0.327754 3.06166
v -1.88231 -0.575683 3.15493
v -1.87863 -0.613272 3.1561
v -1.88622 -0.54188 3.14104
v -1.90506 -0.378996 3.0741
v -1.89301 -0.495922 3.09059
v -1.85461 -0.368103 3.05406
v -1.85461 -0.334141 3.21025
v -1.85461 -0.412475 3.07431
v -1.85591 -0.589863 3.16145
v -1.84502 -0.57835 3.14884
v -1.84892 -0.545218 3.13342
v -1.84502 -0.564759 3.21025
v -1.84892 -0.528213 3.21025
v -1.86099 -0.619323 3.17339
v -1.86099 -0.630681 3.16582
v -1.91682 -0.327628 3.05299
v -1.84892 -0.532515 3.1709
v -1.85591 -0.582321 3.1877
v -1.88896 -0.266009 3.12251
v -1.88896 -0.310108 3.13526
v -1.85461 -0.34273 3.13033
v -1.85461 -0.382918 3.21025
v -1.86099 -0.646438 3.18438
v -1.86099 -0.641395 3.21025
v -1.86099 -0.64244 3.1983
v -1.59867 -0.291424 3.0381
v -1.35942 -0.257429 3.21025
v -1.35942 -0.314864 2.98952
v -1.35942 -0.266009 3.12251
v -1.77957 -0.390392 3.14069
v -1.77957 -0.382918 3.21025
v -1.76481 -0.368105 3.05406
v -1.76481 -0.334144 3.21025
v -1.76481 -0.342732 3.13033
v -1.33703 -0.368105 3.05406
v -1.82557 -0.532515 3.1709
v -1.88896 -0.417126 2.86509
v -1.87863 -0.638945 3.12508
v -1.88896 -0.378164 2.9024
v -1.87863 -0.620399 3.14495
v -1.88896 -0.450751 2.89237
v -1.88896 -0.378703 2.96935
v -1.88896 -0.4097 2.93163
v -1.88231 -0.59255 3.12472
v -1.88231 -0.616076 3.09934
v -1.88622 -0.592418 3.07148
v -1.88622 -0.562984 3.10324
v -1.88622 -0.576754 3.08648
v -1.90506 -0.478417 2.93726
v -1.90506 -0.397536 3.03567
v -1.90506 -0.447601 2.96676
v -1.89979 -0.460357 3.02867
v -1.89979 -0.510299 2.97479
v -1.85461 -0.455995 2.93309
v -1.85461 -0.48897 2.96903
v -1.85591 -0.626655 3.11081
v -1.84502 -0.611108 3.10376
v -1.84892 -0.586202 3.07701
v -1.87863 -0.641028 3.17159
v -1.87863 -0.652114 3.15633
v -1.86099 -0.647113 3.13514
v -1.86099 -0.636529 3.15667
v -1.91682 -0.349042 3.0086
v -1.91682 -0.406871 2.92901
v -1.84892 -0.617927 3.05335
v -1.84502 -0.636465 3.08484
v -1.85591 -0.649293 3.09552
v -1.86099 -0.672082 3.12025
v -1.88896 -0.48955 2.81484
v -1.88896 -0.515295 2.85284
v -1.85461 -0.520691 2.88539
v -1.85461 -0.545276 2.92752
v -1.86099 -0.65455 3.16976
v -1.86099 -0.677946 3.14943
v -1.35942 -0.343915 2.94407
v -1.83791 -0.378164 2.9024
v -1.83791 -0.48955 2.81484
v -1.35942 -0.417126 2.86509
v -1.35942 -0.378164 2.9024
v -1.35942 -0.489551 2.81484
v -1.77957 -0.48897 2.96903
v -1.77957 -0.545276 2.92752
v -1.77957 -0.445438 3.01783
v -1.76481 -0.455997 2.93309
v -1.76481 -0.520692 2.88539
v -1.76481 -0.405979 2.98916
v -1.33703 -0.455997 2.93309
v -1.82557 -0.586202 3.07701
v -1.82557 -0.617927 3.05335
v -1.88896 -0.417126 3.55541
v -1.87863 -0.638945 3.29542
v -1.88896 -0.570339 3.64093
v -1.88896 -0.378164 3.5181
v -1.88896 -0.450751 3.52813
v -1.88231 -0.616076 3.32116
v -1.87863 -0.628801 3.28577
v -1.88622 -0.592418 3.34902
v -1.90506 -0.478417 3.48324
v -1.89301 -0.530237 3.37714
v -1.85461 -0.455995 3.48741
v -1.85461 -0.594045 3.56798
v -1.85461 -0.48897 3.45147
v -1.85591 -0.626655 3.30969
v -1.84502 -0.611108 3.31674
v -1.84892 -0.586202 3.34349
v -1.84502 -0.665309 3.34864
v -1.84892 -0.654016 3.3834
v -1.86099 -0.647113 3.28536
v -1.86099 -0.643423 3.27222
v -1.91682 -0.442464 3.52557
v -1.84892 -0.617927 3.36715
v -1.85591 -0.649293 3.32498
v -1.88896 -0.48955 3.60566
v -1.88896 -0.515295 3.56766
v -1.85461 -0.520691 3.53511
v -1.85461 -0.609117 3.52159
v -1.86099 -0.665944 3.26297
v -1.86099 -0.688991 3.27576
v -1.86099 -0.677946 3.27107
v -1.59867 -0.417126 3.55541
v -1.35942 -0.570339 3.64093
v -1.35942 -0.378164 3.5181
v -1.35942 -0.48955 3.60566
v -1.77957 -0.545276 3.49298
v -1.77957 -0.609117 3.52159
v -1.76481 -0.455997 3.48741
v -1.76481 -0.594045 3.56797
v -1.76481 -0.520692 3.53511
v -1.33703 -0.455997 3.48741
v -1.82557 -0.617927 3.36715
v -1.88896 -0.291424 3.38239
v -1.87863 -0.607233 3.25177
v -1.88896 -0.314864 3.43098
v -1.87863 -0.620399 3.27555
v -1.88896 -0.327754 3.35884
v -1.88896 -0.378703 3.45115
v -1.88896 -0.352411 3.41002
v -1.88231 -0.59255 3.29578
v -1.88231 -0.575683 3.26557
v -1.88622 -0.54188 3.27946
v -1.88622 -0.562984 3.31726
v -1.88622 -0.551304 3.29899
v -1.90506 -0.378996 3.3464
v -1.90506 -0.447601 3.45374
v -1.90506 -0.397536 3.38483
v -1.89979 -0.460357 3.39183
v -1.89979 -0.424549 3.32768
v -1.85461 -0.368103 3.36644
v -1.85461 -0.412475 3.34618
v -1.85591 -0.589863 3.25905
v -1.84502 -0.57835 3.27166
v -1.84892 -0.545218 3.28708
v -1.87863 -0.652114 3.26416
v -1.87863 -0.641028 3.24891
v -1.86099 -0.619323 3.24711
v -1.86099 -0.636529 3.26383
v -1.91682 -0.406871 3.49149
v -1.91682 -0.349042 3.4119
v -1.84892 -0.532515 3.24959
v -1.84502 -0.568197 3.2417
v -1.85591 -0.582321 3.2328
v -1.86099 -0.612882 3.21876
v -1.88896 -0.266009 3.29798
v -1.88896 -0.310108 3.28524
v -1.85461 -0.34273 3.29017
v -1.85461 -0.390392 3.27981
v -1.86099 -0.65455 3.25074
v -1.86099 -0.64244 3.2222
v -1.59867 -0.343915 3.47643
v -1.83791 -0.314864 3.43098
v -1.83791 -0.266009 3.29798
v -1.35942 -0.291424 3.38239
v -1.35942 -0.314864 3.43098
v -1.35942 -0.266009 3.29798
v -1.77957 -0.412475 3.34618
v -1.77957 -0.390392 3.27981
v -1.77957 -0.445438 3.40267
v -1.76481 -0.368105 3.36644
v -1.76481 -0.342732 3.29017
v -1.76481 -0.405979 3.43133
v -1.33703 -0.368105 3.36644
v -1.82557 -0.545218 3.28708
v -1.82557 -0.532515 3.24959
v -1.88896 -0.947953 3.59571
v -1.87863 -0.769236 3.30441
v -1.88896 -1.07664 3.47643
v -1.88896 -0.900433 3.62124
v -1.88896 -0.932404 3.55531
v -1.88231 -0.786652 3.33411
v -1.87863 -0.756927 3.31108
v -1.88622 -0.805833 3.36522
v -1.90506 -0.89826 3.51512
v -1.89301 -0.813362 3.43305
v -1.85461 -0.895296 3.53773
v -1.85461 -1.01458 3.43134
v -1.85461 -0.871304 3.49527
v -1.85591 -0.77901 3.32051
v -1.84502 -0.780914 3.33747
v -1.84892 -0.798654 3.36943
v -1.85591 -0.815391 3.28662
v -1.86099 -0.762194 3.29353
v -1.86099 -0.748555 3.29298
v -1.91682 -0.927409 3.56239
v -1.84892 -0.830964 3.34657
v -1.84502 -0.806738 3.3192
v -1.85591 -0.800544 3.3037
v -1.86099 -0.778459 3.28084
v -1.88896 -1.01813 3.54236
v -1.88896 -0.98994 3.50613
v -1.85461 -0.960654 3.49094
v -1.85461 -0.951651 3.42861
v -1.86099 -0.766004 3.25074
v -1.86099 -0.758133 3.25979
v -1.59867 -0.947953 3.59571
v -1.35942 -1.07664 3.47643
v -1.35942 -0.900433 3.62124
v -1.35942 -1.01813 3.54236
v -1.77957 -0.928186 3.45454
v -1.77957 -0.975117 3.40267
v -1.76481 -0.895295 3.53773
v -1.76481 -1.01458 3.43133
v -1.76481 -0.960652 3.49094
v -1.33703 -0.895295 3.53773
v -1.82557 -0.830964 3.34657
v -1.88896 -0.744563 3.6618
v -1.87863 -0.717924 3.32108
v -1.88896 -0.798011 3.65452
v -1.87863 -0.744608 3.31591
v -1.88896 -0.733391 3.61997
v -1.88896 -0.836927 3.60004
v -1.88896 -0.789681 3.61233
v -1.88231 -0.755245 3.34864
v -1.88231 -0.721295 3.35535
v -1.88622 -0.724062 3.39179
v -1.88622 -0.766538 3.3834
v -1.88622 -0.74555 3.38886
v -1.90506 -0.737395 3.56739
v -1.90506 -0.860676 3.53531
v -1.90506 -0.779668 3.56163
v -1.89979 -0.805738 3.50405
v -1.89979 -0.733666 3.51828
v -1.85461 -0.753084 3.58394
v -1.85461 -0.747533 3.53548
v -1.85591 -0.71948 3.33985
v -1.84502 -0.727911 3.35469
v -1.84892 -0.73234 3.39097
v -1.87863 -0.743579 3.28223
v -1.87863 -0.725642 3.28805
v -1.86099 -0.717228 3.30814
v -1.86099 -0.738447 3.29695
v -1.91682 -0.883997 3.58571
v -1.91682 -0.790428 3.61612
v -1.84892 -0.692764 3.39147
v -1.84502 -0.69628 3.35509
v -1.85591 -0.69218 3.33891
v -1.86099 -0.688279 3.30551
v -1.88896 -0.656431 3.65989
v -1.88896 -0.657941 3.61401
v -1.85461 -0.672707 3.5845
v -1.85461 -0.677579 3.53597
v -1.86099 -0.731563 3.27576
v -1.86099 -0.700683 3.27846
v -1.59867 -0.850215 3.64093
v -1.83791 -0.798011 3.65452
v -1.83791 -0.656431 3.65989
v -1.35942 -0.744563 3.6618
v -1.35942 -0.798011 3.65452
v -1.35942 -0.656431 3.65989
v -1.77957 -0.747533 3.53548
v -1.77957 -0.677579 3.53597
v -1.77957 -0.811437 3.52159
v -1.76481 -0.753084 3.58394
v -1.76481 -0.672707 3.5845
v -1.76481 -0.826509 3.56797
v -1.33703 -0.753084 3.58394
v -1.82557 -0.73234 3.39097
v -1.82557 -0.692764 3.39147
v 1.88453 -0.632809 3.21025
v 1.88453 -0.638668 3.2397
v 1.88453 -0.655352 3.26467
v 1.88453 -0.680322 3.28136
v 1.88453 -0.709776 3.28722
v 1.88453 -0.739229 3.28136
v 1.88453 -0.764199 3.26467
v 1.88453 -0.780883 3.2397
v 1.88453 -0.786742 3.21025
v 1.88453 -0.780883 3.18079
v 1.88453 -0.764199 3.15583
v 1.88453 -0.739229 3.13914
v 1.88453 -0.709776 3.13328
v 1.88453 -0.680322 3.13914
v 1.88453 -0.655352 3.15583
v 1.88453 -0.638668 3.18079
v 1.91259 -0.63626 3.21025
v 1.91259 -0.641856 3.23838
v 1.91259 -0.657792 3.26223
v 1.91259 -0.681642 3.27817
v 1.91259 -0.709776 3.28376
v 1.91259 -0.737909 3.27817
v 1.91259 -0.761759 3.26223
v 1.91259 -0.777695 3.23838
v 1.91259 -0.783291 3.21025
v 1.91259 -0.777695 3.18212
v 1.91259 -0.761759 3.15827
v 1.91259 -0.737909 3.14233
v 1.91259 -0.709776 3.13673
v 1.91259 -0.681642 3.14233
v 1.91259 -0.657792 3.15827
v 1.91259 -0.641856 3.18212
v 1.91259 -0.648742 3.21025
v 1.91259 -0.653388 3.2336
v 1.91259 -0.666618 3.25341
v 1.91259 -0.686419 3.26664
v 1.91259 -0.709776 3.27128
v 1.91259 -0.733132 3.26664
v 1.91259 -0.752933 3.25341
v 1.91259 -0.766163 3.2336
v 1.91259 -0.770809 3.21025
v 1.91259 -0.766163 3.18689
v 1.91259 -0.752933 3.16709
v 1.91259 -0.733132 3.15386
v 1.91259 -0.709776 3.14921
v 1.91259 -0.686419 3.15386
v 1.91259 -0.666618 3.16709
v 1.91259 -0.653388 3.18689
v 1.90337 -0.656085 3.21025
v 1.90337 -0.671811 3.24821
v 1.90337 -0.689229 3.25985
v 1.90337 -0.730322 3.25985
v 1.90337 -0.759379 3.2308
v 1.90337 -0.759379 3.1897
v 1.90337 -0.74774 3.17228
v 1.90337 -0.709776 3.15656
v 1.90337 -0.671811 3.17228
v 1.90337 -0.709776 3.21025
v 1.79515 -0.638668 3.2397
v 1.79515 -0.680322 3.28136
v 1.79515 -0.739229 3.28136
v 1.79515 -0.780883 3.2397
v 1.79515 -0.780883 3.18079
v 1.79515 -0.739229 3.13914
v 1.79515 -0.680322 3.13914
v 1.79515 -0.638668 3.18079
v 1.79515 -0.487997 3.25436
v 1.79515 -0.584148 3.39826
v 1.79515 -0.753891 3.43203
v 1.79515 -0.89779 3.33588
v 1.79515 -0.931554 3.16613
v 1.79515 -0.872802 3.04722
v 1.79515 -0.753891 2.98847
v 1.79515 -0.584148 3.02223
v 1.79515 -0.496772 3.12202
v 1.79515 -0.489998 3.30128
v 1.79515 -0.618741 3.43003
v 1.79515 -0.80081 3.43003
v 1.79515 -0.929553 3.30128
v 1.79515 -0.929553 3.11921
v 1.79515 -0.877986 3.04204
v 1.79515 -0.709776 2.97236
v 1.79515 -0.541565 3.04204
v 1.79515 -0.489998 3.11921
v -1.88453 -0.632809 3.21025
v -1.88453 -0.638667 3.2397
v -1.88453 -0.655352 3.26467
v -1.88453 -0.680321 3.28136
v -1.88453 -0.709775 3.28722
v -1.88453 -0.739229 3.28136
v -1.88453 -0.764199 3.26467
v -1.88453 -0.780883 3.2397
v -1.88453 -0.786741 3.21025
v -1.88453 -0.780883 3.18079
v -1.88453 -0.764199 3.15583
v -1.88453 -0.739229 3.13914
v -1.88453 -0.709775 3.13328
v -1.88453 -0.680321 3.13914
v -1.88453 -0.655352 3.15583
v -1.88453 -0.638667 3.18079
v -1.91259 -0.63626 3.21025
v -1.91259 -0.641856 3.23838
v -1.91259 -0.657792 3.26223
v -1.91259 -0.681642 3.27817
v -1.91259 -0.709775 3.28376
v -1.91259 -0.737908 3.27817
v -1.91259 -0.761758 3.26223
v -1.91259 -0.777694 3.23838
v -1.91259 -0.78329 3.21025
v -1.91259 -0.777694 3.18212
v -1.91259 -0.761758 3.15827
v -1.91259 -0.737908 3.14233
v -1.91259 -0.709775 3.13673
v -1.91259 -0.681642 3.14233
v -1.91259 -0.657792 3.15827
v -1.91259 -0.641856 3.18212
v -1.91259 -0.653387 3.2336
v -1.91259 -0.686419 3.26664
v -1.91259 -0.733132 3.26664
v -1.91259 -0.766163 3.2336
v -1.91259 -0.766163 3.18689
v -1.91259 -0.733132 3.15386
v -1.91259 -0.686419 3.15386
v -1.91259 -0.653387 3.18689
v -1.90337 -0.656085 3.21025
v -1.90337 -0.660172 3.2308
v -1.90337 -0.67181 3.24821
v -1.90337 -0.689229 3.25985
v -1.90337 -0.709775 3.26394
v -1.90337 -0.730321 3.25985
v -1.90337 -0.74774 3.24821
v -1.90337 -0.759378 3.2308
v -1.90337 -0.763465 3.21025
v -1.90337 -0.759378 3.1897
v -1.90337 -0.74774 3.17228
v -1.90337 -0.730321 3.16065
v -1.90337 -0.709775 3.15656
v -1.90337 -0.689229 3.16065
v -1.90337 -0.67181 3.17228
v -1.90337 -0.660172 3.1897
v -1.90337 -0.709775 3.21025
v -1.79515 -0.632809 3.21025
v -1.79515 -0.638667 3.2397
v -1.79515 -0.655352 3.26467
v -1.79515 -0.680321 3.28136
v -1.79515 -0.709775 3.28722
v -1.79515 -0.739229 3.28136
v -1.79515 -0.764199 3.26467
v -1.79515 -0.780883 3.2397
v -1.79515 -0.786741 3.21025
v -1.79515 -0.780883 3.18079
v -1.79515 -0.764199 3.15583
v -1.79515 -0.739229 3.13914
v -1.79515 -0.709775 3.13328
v -1.79515 -0.680321 3.13914
v -1.79515 -0.655352 3.15583
v -1.79515 -0.638667 3.18079
v -1.79515 -0.479222 3.21025
v -1.79515 -0.546749 3.37328
v -1.79515 -0.709775 3.4408
v -1.79515 -0.875393 3.37587
v -1.79515 -0.940329 3.21025
v -1.79515 -0.872801 3.04722
v -1.79515 -0.709775 2.97603
v -1.79515 -0.546749 3.04722
v -1.79515 -0.47189 3.21025
v -1.79515 -0.489998 3.30128
v -1.79515 -0.541565 3.37846
v -1.79515 -0.61874 3.43003
v -1.79515 -0.709775 3.44813
v -1.79515 -0.80081 3.43003
v -1.79515 -0.929552 3.30128
v -1.79515 -0.94766 3.21025
v -1.79515 -0.929552 3.11921
v -1.79515 -0.877985 3.04204
v -1.79515 -0.80081 2.99047
v -1.79515 -0.61874 2.99047
v -1.79515 -0.541565 3.04204
v -1.79515 -0.489998 3.11921
v 1.1313 1.03036 -2.10837
v 0.51541 1.13794 -2.09333
v 1.20868 0.717424 -2.95366
v 1.1817 0.86785 -2.50243
v 1.17248 0.717398 -2.97296
v 0.62152 0.737655 -2.98626
v 1.06224 1.0484 -2.09298
v 1.14044 1.00321 -2.16869
v 1.14877 1.03594 -2.08385
v 0.49843 1.14954 -2.06798
v 1.23047 0.705508 -2.97642
v 1.20199 0.864347 -2.49995
v 1.19225 0.705481 -2.99681
v 0.610474 0.726871 -3.01084
v 1.07585 1.05499 -2.0676
v 1.15842 1.00728 -2.14755
v 0 1.14356 -2.09549
v -1.1313 1.03036 -2.10837
v -0.51541 1.13794 -2.09333
v -1.20868 0.717424 -2.95366
v -1.1817 0.86785 -2.50243
v -1.17248 0.717398 -2.97296
v -0.62152 0.737655 -2.98626
v 0 0.737731 -3.00039
v -1.06224 1.0484 -2.09298
v -1.14044 1.00321 -2.16869
v 0 1.15547 -2.07026
v -1.14877 1.03594 -2.08385
v -0.49843 1.14954 -2.06798
v -1.23047 0.705508 -2.97642
v -1.20199 0.864347 -2.49995
v -1.19225 0.705481 -2.99681
v -0.610474 0.726871 -3.01084
v 0 0.726951 -3.02576
v -1.07585 1.05499 -2.0676
v -1.15842 1.00728 -2.14755
v 1.1313 1.03036 -2.10837
v 0.51541 1.13794 -2.09333
v 1.20868 0.717424 -2.95366
v 1.1817 0.86785 -2.50243
v 1.17248 0.717398 -2.97296
v 0.62152 0.737655 -2.98626
v 1.06224 1.0484 -2.09298
v 1.14044 1.00321 -2.16869
v 0.568465 0.937798 -2.53979
v 1.11736 0.882897 -2.53297
v 0.524491 1.10369 -2.16975
v 1.07168 1.02007 -2.16829
v 0 1.14356 -2.09549
v -0.51541 1.13794 -2.09333
v -1.20868 0.717424 -2.95366
v -1.1817 0.86785 -2.50243
v -1.17248 0.717398 -2.97296
v -0.62152 0.737655 -2.98626
v 0 0.737731 -3.00039
v -1.06224 1.0484 -2.09298
v -1.14044 1.00321 -2.16869
v -0.568465 0.937798 -2.53979
v -1.11736 0.882897 -2.53297
v 0 0.940643 -2.54794
v -0.524491 1.10369 -2.16975
v -1.07168 1.02007 -2.16829
v 0 1.10882 -2.17293
v 1.61326 0.365471 -0.947285
v 1.60676 0.457946 1.40689
v 1.61326 0.398875 -0.169731
v 1.61326 0.432278 0.607822
v 1.61326 0.459975 1.26456
v 1.61326 0.368102 -0.886045
v 1.32855 1.20425 0.629997
v 1.33712 1.16933 -0.487633
v 1.32844 1.20014 0.724716
v 1.40439 1.02737 -1.14995
v 1.34752 1.17067 0.750979
v 1.58493 0.553089 1.3246
v 1.60593 0.440759 -0.961882
v 1.37894 1.09568 -1.09605
v 1.33284 1.18679 0.071182
v 1.39588 1.04697 -1.08139
v 1.35698 1.11763 -0.465442
v 1.35299 1.1362 0.108642
v 1.34901 1.15437 0.674292
v 1.6042 0.447805 -0.901076
v 1.60121 0.481647 -0.192486
v 1.6009 0.513908 0.569411
v 1.60059 0.540872 1.21914
v -1.61326 0.398875 -0.169731
v -1.61326 0.432278 0.607822
v -1.61326 0.459975 1.26456
v -1.61326 0.368102 -0.886045
v -1.32855 1.20425 0.629997
v -1.33712 1.16933 -0.487633
v -1.38395 1.08685 -1.16902
v -1.40439 1.02737 -1.14995
v -1.34752 1.17067 0.750979
v -1.58493 0.553089 1.3246
v -1.60593 0.440759 -0.961882
v -1.37894 1.09568 -1.09605
v -1.33284 1.18679 0.071182
v -1.39588 1.04697 -1.08139
v -1.35698 1.11763 -0.465442
v -1.35299 1.1362 0.108642
v -1.34901 1.15437 0.674292
v -1.6042 0.447805 -0.901076
v -1.60121 0.481647 -0.192486
v -1.6009 0.513908 0.569411
v -1.60059 0.540872 1.21914
v 1.62157 0.395227 -0.947285
v 1.62012 0.404612 -0.984728
v 1.39944 1.04803 -1.22436
v 1.39514 1.05429 -1.15858
v 1.40983 1.01774 -1.21308
v 1.61265 0.421178 -0.955604
v 1.61183 0.428754 -0.99372
v 1.61152 0.472671 -1.20152
v 1.57054 0.619032 -1.83606
v 1.61152 0.460199 -1.20651
v 1.59102 0.601706 -1.78138
v 1.59102 0.617174 -1.7749
v -1.38395 1.08685 -1.16902
v -1.62157 0.395227 -0.947285
v -1.39944 1.04803 -1.22436
v -1.39514 1.05429 -1.15858
v -1.40983 1.01774 -1.21308
v -1.61265 0.421178 -0.955604
v -1.61183 0.428754 -0.99372
v -1.61152 0.472671 -1.20152
v -1.57054 0.619032 -1.83606
v -1.61152 0.460199 -1.20651
v -1.59102 0.601706 -1.78138
v -1.59102 0.617174 -1.7749
v 1.61183 0.428754 -0.99372
v 1.61152 0.472671 -1.20152
v 1.59102 0.617174 -1.7749
v -1.40983 1.01774 -1.21308
v -1.61183 0.428754 -0.99372
v -1.59102 0.617174 -1.7749
v 1.62157 0.395227 -0.947285
v 1.71385 0.331637 -0.947285
v 1.75478 0.281378 -0.947285
v 1.62157 0.495437 1.39794
v 1.71385 0.431847 1.43616
v 1.75418 0.381587 1.47703
v 1.8704 0.081247 -0.947285
v 1.8477 0.137904 1.58163
v 1.91933 -0.208297 -0.947203
v 1.86516 -0.237444 1.61679
v 1.78911 -0.55952 1.60163
v 1.84328 -0.490965 -0.944172
v 1.71385 0.36504 -0.160304
v 1.71385 0.398443 0.626677
v 1.75438 0.348184 0.67312
v 1.75458 0.314781 -0.137082
v 1.62157 0.42863 -0.169731
v 1.62157 0.462033 0.607822
v 1.85527 0.119018 0.67312
v 1.86283 0.100132 -0.137082
v 1.88322 -0.227827 0.673065
v 1.90127 -0.21821 -0.137081
v 1.80717 -0.549903 0.673065
v 1.82522 -0.540286 -0.137081
v 1.71385 0.42614 1.31181
v 1.62157 0.48973 1.26456
v 1.75421 0.375881 1.3931
v 1.84899 0.134677 1.44375
v 1.86825 -0.235801 1.47838
v 1.7922 -0.557877 1.46351
v 1.66876 -0.750291 1.58339
v 1.68424 -0.725334 -0.137035
v 1.68682 -0.737813 0.673034
v 1.67185 -0.74816 1.44519
v 1.75477 0.284008 -0.883473
v 1.8698 0.082734 -0.883473
v 1.9179 -0.209077 -0.883398
v 1.84186 -0.49485 -0.880606
v 1.71385 0.334268 -0.885302
v 1.62157 0.397858 -0.886045
v 1.69771 -0.658991 -0.879084
v 1.71385 0.428305 1.35899
v 1.62157 0.491895 1.31517
v 1.7542 0.378046 1.42494
v 1.84851 0.135901 1.49606
v 1.86708 -0.236424 1.53089
v 1.79103 -0.5585 1.51591
v 1.67068 -0.748968 1.49762
v 1.63601 0.385278 -0.947285
v 1.63601 0.485488 1.40392
v 1.63601 0.418681 -0.168257
v 1.63601 0.452084 0.610771
v 1.63601 0.479781 1.27196
v 1.63601 0.387909 -0.885929
v 1.63601 0.481946 1.32203
v -1.71385 0.331637 -0.947285
v -1.75478 0.281378 -0.947285
v -1.62157 0.495437 1.39794
v -1.71385 0.431847 1.43616
v -1.75418 0.381587 1.47703
v -1.8704 0.081247 -0.947285
v -1.8477 0.137904 1.58163
v -1.91933 -0.208297 -0.947203
v -1.86516 -0.237444 1.61679
v -1.78911 -0.55952 1.60163
v -1.84328 -0.490965 -0.944172
v -1.71385 0.36504 -0.160304
v -1.71385 0.398443 0.626677
v -1.75438 0.348184 0.67312
v -1.75458 0.314781 -0.137082
v -1.62157 0.42863 -0.169731
v -1.62157 0.462033 0.607822
v -1.85527 0.119018 0.67312
v -1.86283 0.100132 -0.137082
v -1.88322 -0.227827 0.673065
v -1.90127 -0.21821 -0.137081
v -1.80717 -0.549903 0.673065
v -1.82522 -0.540286 -0.137081
v -1.71385 0.42614 1.31181
v -1.62157 0.48973 1.26456
v -1.75421 0.375881 1.3931
v -1.84899 0.134677 1.44375
v -1.86825 -0.235801 1.47838
v -1.7922 -0.557877 1.46351
v -1.71143 -0.653319 -0.938229
v -1.66876 -0.750291 1.58339
v -1.68424 -0.725334 -0.137035
v -1.68682 -0.737813 0.673034
v -1.67185 -0.74816 1.44519
v -1.75477 0.284008 -0.883473
v -1.8698 0.082734 -0.883473
v -1.9179 -0.209077 -0.883398
v -1.84186 -0.49485 -0.880606
v -1.71385 0.334268 -0.885302
v -1.62157 0.397858 -0.886045
v -1.69771 -0.658991 -0.879084
v -1.71385 0.428305 1.35899
v -1.62157 0.491895 1.31517
v -1.7542 0.378046 1.42494
v -1.84851 0.135901 1.49606
v -1.86708 -0.236424 1.53089
v -1.79103 -0.5585 1.51591
v -1.67068 -0.748968 1.49762
v -1.63601 0.385278 -0.947285
v -1.63601 0.485488 1.40392
v -1.63601 0.418681 -0.168257
v -1.63601 0.452084 0.610771
v -1.63601 0.479781 1.27196
v -1.63601 0.387909 -0.885929
v -1.63601 0.481946 1.32203
v 0.4869 1.27638 0.86387
v 1.24962 1.22009 0.765587
v 1.53719 0.499128 1.41416
v 1.48082 0.502291 1.43816
v 0.605416 0.50831 1.63284
v 1.26205 1.19061 0.79185
v 1.1627 1.22612 0.776117
v 1.52114 0.532994 1.37787
v 0.478855 1.29538 0.853518
v 1.26336 1.23635 0.752429
v 1.55913 0.479858 1.41952
v 1.50116 0.483176 1.4442
v 0.600756 0.489488 1.64445
v 1.27614 1.20543 0.779441
v 1.17396 1.24267 0.76326
v 1.54263 0.515712 1.3822
v 0 1.28182 0.885911
v -0.4869 1.27638 0.86387
v -1.24962 1.22009 0.765587
v -1.53719 0.499128 1.41416
v -1.48082 0.502291 1.43816
v 0 0.512472 1.68707
v -0.605416 0.50831 1.63284
v -1.26205 1.19061 0.79185
v -1.1627 1.22612 0.776117
v -1.52114 0.532994 1.37787
v 0 1.30109 0.876189
v -0.478855 1.29538 0.853518
v -1.26336 1.23635 0.752429
v -1.55913 0.479858 1.41952
v -1.50116 0.483176 1.4442
v 0 0.493854 1.70023
v -0.600756 0.489488 1.64445
v -1.27614 1.20543 0.779441
v -1.17396 1.24267 0.76326
v -1.54263 0.515712 1.3822
v 1.24962 1.22009 0.765587
v 1.53719 0.492274 1.41416
v 1.48082 0.495437 1.43816
v 0.492636 1.23887 0.901086
v 0.605416 0.501455 1.63284
v 1.26205 1.19061 0.79185
v 1.1627 1.22612 0.776117
v 1.52114 0.532994 1.37787
v 1.1781 1.19076 0.808159
v 0.598871 0.54425 1.59038
v 1.46325 0.535788 1.40159
v 0 1.28182 0.885911
v -0.4869 1.27638 0.86387
v -1.24962 1.22009 0.765587
v -1.48082 0.495437 1.43816
v 0 0.505618 1.68707
v -0.492636 1.23887 0.901086
v -0.605416 0.501455 1.63284
v -1.26205 1.19061 0.79185
v -1.1627 1.22612 0.776117
v -1.52114 0.532994 1.37787
v -1.1781 1.19076 0.808159
v 0 1.24425 0.924686
v -0.598871 0.54425 1.59038
v -1.46325 0.535788 1.40159
v 0 0.548483 1.64282
v 1.56351 -0.307801 4.69404
v 1.50125 -0.349406 4.69404
v 1.60512 -0.245535 4.69404
v 1.57724 -0.321531 4.69251
v 1.50868 -0.367346 4.69251
v 1.62306 -0.252966 4.69251
v 1.62462 -0.372344 4.56673
v 1.65851 -0.268216 4.51921
v 1.5234 -0.404402 4.5192
v 1.52117 -0.398363 4.56812
v 1.65297 -0.265744 4.56809
v 1.63823 -0.383243 4.52303
v 1.4278 -0.364011 4.69404
v 1.29208 -0.307801 4.69404
v 1.35435 -0.349406 4.69404
v 1.25048 -0.245535 4.69404
v 1.4278 -0.38318 4.69239
v 1.27835 -0.321531 4.69251
v 1.34692 -0.367346 4.69251
v 1.23254 -0.252966 4.69251
v 1.4278 -0.413806 4.56855
v 1.21873 -0.400273 4.56782
v 1.1939 -0.273442 4.51919
v 1.33067 -0.409108 4.51919
v 1.33357 -0.401015 4.56822
v 1.20062 -0.268867 4.56822
v 1.20136 -0.41938 4.52303
v 1.4278 -0.411718 4.52337
v 1.56351 -0.036373 4.69404
v 1.61972 -0.172087 4.69404
v 1.50125 0.005232 4.69404
v 1.60512 -0.098639 4.69404
v 1.57724 -0.022642 4.69251
v 1.63889 -0.172087 4.69239
v 1.50868 0.023172 4.69251
v 1.62306 -0.091208 4.69251
v 1.62462 0.02817 4.56673
v 1.66952 -0.172087 4.56855
v 1.65851 -0.075958 4.51921
v 1.5234 0.060229 4.5192
v 1.66743 -0.172087 4.52337
v 1.52117 0.05419 4.56812
v 1.65297 -0.07843 4.56809
v 1.63823 0.03907 4.52303
v 1.4278 0.019837 4.69404
v 1.29208 -0.036373 4.69404
v 1.23588 -0.172087 4.69404
v 1.35435 0.005232 4.69404
v 1.25048 -0.098639 4.69404
v 1.4278 0.039006 4.69239
v 1.27835 -0.022642 4.69251
v 1.21671 -0.172087 4.69239
v 1.34692 0.023172 4.69251
v 1.23254 -0.091208 4.69251
v 1.4278 0.069633 4.56855
v 1.21664 0.022741 4.53278
v 1.18608 -0.172087 4.56855
v 1.19347 -0.077626 4.52015
v 1.33033 0.059448 4.51951
v 1.18817 -0.172087 4.52337
v 1.33337 0.053733 4.56639
v 1.20036 -0.079438 4.56057
v 1.19869 0.032517 4.52305
v 1.4278 0.067545 4.52337
v 1.1419 -0.274945 4.51914
v 1.14151 -0.075385 4.52004
v 1.13596 -0.172087 4.52341
v 1.14684 0.037051 4.52305
v -1.56351 -0.307801 4.69404
v -1.50125 -0.349406 4.69404
v -1.60512 -0.245535 4.69404
v -1.57724 -0.321531 4.69251
v -1.50868 -0.367346 4.69251
v -1.62306 -0.252966 4.69251
v -1.62462 -0.372344 4.56673
v -1.6585 -0.268216 4.51921
v -1.5234 -0.404402 4.5192
v -1.52117 -0.398363 4.56812
v -1.65297 -0.265744 4.56809
v -1.63823 -0.383243 4.52303
v -1.4278 -0.36401 4.69404
v -1.29208 -0.307801 4.69404
v -1.35435 -0.349406 4.69404
v -1.25048 -0.245535 4.69404
v -1.4278 -0.38318 4.69239
v -1.27835 -0.321531 4.69251
v -1.34692 -0.367346 4.69251
v -1.23254 -0.252966 4.69251
v -1.4278 -0.413806 4.56855
v -1.21873 -0.400273 4.56782
v -1.1939 -0.273442 4.51919
v -1.33067 -0.409108 4.51919
v -1.33357 -0.401015 4.56823
v -1.20062 -0.268867 4.56823
v -1.20136 -0.41938 4.52303
v -1.4278 -0.411718 4.52337
v -1.56351 -0.036373 4.69404
v -1.61972 -0.172087 4.69404
v -1.50125 0.005232 4.69404
v -1.60512 -0.098639 4.69404
v -1.57724 -0.022642 4.69251
v -1.63889 -0.172087 4.69239
v -1.50868 0.023172 4.69251
v -1.62306 -0.091208 4.69251
v -1.62462 0.02817 4.56673
v -1.66952 -0.172087 4.56855
v -1.6585 -0.075958 4.51921
v -1.5234 0.060229 4.5192
v -1.66743 -0.172087 4.52337
v -1.52117 0.05419 4.56812
v -1.65297 -0.07843 4.56809
v -1.63823 0.03907 4.52303
v -1.4278 0.019837 4.69404
v -1.29208 -0.036373 4.69404
v -1.23588 -0.172087 4.69404
v -1.35435 0.005232 4.69404
v -1.25048 -0.098639 4.69404
v -1.4278 0.039006 4.69239
v -1.27835 -0.022642 4.69251
v -1.21671 -0.172087 4.69239
v -1.34692 0.023172 4.69251
v -1.23254 -0.091208 4.69251
v -1.4278 0.069633 4.56855
v -1.21664 0.022741 4.53278
v -1.18608 -0.172087 4.56855
v -1.19347 -0.077626 4.52015
v -1.33033 0.059448 4.51951
v -1.18817 -0.172087 4.52337
v -1.33337 0.053733 4.56639
v -1.20036 -0.079438 4.56057
v -1.19869 0.032517 4.52305
v -1.4278 0.067545 4.52337
v -1.1419 -0.274945 4.51914
v -1.14951 -0.423915 4.52307
v -1.14151 -0.075385 4.52004
v -1.13596 -0.172087 4.52341
v -1.14684 0.037051 4.52305
v 1.4278 0.019842 4.69404
v 1.29208 -0.036373 4.69404
v 1.23587 -0.172087 4.69404
v 1.29208 -0.307801 4.69404
v 1.4278 -0.364016 4.69404
v 1.56351 -0.307801 4.69404
v 1.61973 -0.172087 4.69404
v 1.56351 -0.036373 4.69404
v 1.35435 0.005232 4.69404
v 1.25048 -0.098639 4.69404
v 1.25048 -0.245535 4.69404
v 1.35435 -0.349406 4.69404
v 1.50125 -0.349406 4.69404
v 1.60512 -0.245535 4.69404
v 1.60512 -0.098639 4.69404
v 1.50125 0.005232 4.69404
v 1.4278 0.005076 4.69404
v 1.30253 -0.046814 4.69404
v 1.25064 -0.172087 4.69404
v 1.30253 -0.29736 4.69404
v 1.4278 -0.349249 4.69404
v 1.55307 -0.29736 4.69404
v 1.60496 -0.172087 4.69404
v 1.55307 -0.046814 4.69404
v 1.36 -0.00841 4.69404
v 1.26412 -0.10429 4.69404
v 1.26412 -0.239884 4.69404
v 1.36 -0.335764 4.69404
v 1.4956 -0.335764 4.69404
v 1.59148 -0.239884 4.69404
v 1.59148 -0.10429 4.69404
v 1.4956 -0.00841 4.69404
v 1.4278 0.026078 4.68527
v 1.28768 -0.031963 4.68527
v 1.22964 -0.172087 4.68527
v 1.28768 -0.31221 4.68527
v 1.4278 -0.370251 4.68527
v 1.56792 -0.31221 4.68527
v 1.62596 -0.172087 4.68527
v 1.56792 -0.031963 4.68527
v 1.35197 0.010993 4.68527
v 1.24472 -0.096253 4.68527
v 1.24472 -0.247921 4.68527
v 1.35197 -0.355167 4.68527
v 1.50363 -0.355167 4.68527
v 1.61088 -0.247921 4.68527
v 1.61088 -0.096253 4.68527
v 1.50363 0.010993 4.68527
v 1.4278 -0.131676 4.54707
v 1.39922 -0.143512 4.54707
v 1.38739 -0.172087 4.54707
v 1.39922 -0.200662 4.54707
v 1.4278 -0.212498 4.54707
v 1.45637 -0.200662 4.54707
v 1.46821 -0.172087 4.54707
v 1.45637 -0.143512 4.54707
v 1.41233 -0.134752 4.54707
v 1.39046 -0.156622 4.54707
v 1.39046 -0.187551 4.54707
v 1.41233 -0.209422 4.54707
v 1.44326 -0.209422 4.54707
v 1.46514 -0.187551 4.54707
v 1.46514 -0.156622 4.54707
v 1.44326 -0.134752 4.54707
v 1.3809 -0.058865 4.62056
v 1.4278 -0.049537 4.62056
v 1.4747 -0.058865 4.62056
v 1.34114 -0.085431 4.62056
v 1.31458 -0.125189 4.62056
v 1.30525 -0.172087 4.62056
v 1.31458 -0.218985 4.62056
v 1.34114 -0.258743 4.62056
v 1.3809 -0.285308 4.62056
v 1.4278 -0.294637 4.62056
v 1.4747 -0.285308 4.62056
v 1.51446 -0.258743 4.62056
v 1.54102 -0.218985 4.62056
v 1.55035 -0.172087 4.62056
v 1.54102 -0.125189 4.62056
v 1.51446 -0.085431 4.62056
v 1.4278 -0.131676 4.54707
v 1.39922 -0.143512 4.54707
v 1.38739 -0.172087 4.54707
v 1.39922 -0.200662 4.54707
v 1.4278 -0.212498 4.54707
v 1.45637 -0.200662 4.54707
v 1.46821 -0.172087 4.54707
v 1.45637 -0.143512 4.54707
v 1.41233 -0.134752 4.54707
v 1.39046 -0.156622 4.54707
v 1.39046 -0.187551 4.54707
v 1.41233 -0.209422 4.54707
v 1.44326 -0.209422 4.54707
v 1.46514 -0.187551 4.54707
v 1.46514 -0.156622 4.54707
v 1.44326 -0.134752 4.54707
v 1.4278 -0.131676 4.62168
v 1.39922 -0.143512 4.62168
v 1.38739 -0.172087 4.62168
v 1.39922 -0.200662 4.62168
v 1.4278 -0.212498 4.62168
v 1.45637 -0.200662 4.62168
v 1.46821 -0.172087 4.62168
v 1.45637 -0.143512 4.62168
v 1.41233 -0.134752 4.62168
v 1.39046 -0.156622 4.62168
v 1.39046 -0.187551 4.62168
v 1.41233 -0.209422 4.62168
v 1.44326 -0.209422 4.62168
v 1.46514 -0.187551 4.62168
v 1.46514 -0.156622 4.62168
v 1.44326 -0.134752 4.62168
v 1.4278 -0.149354 4.626
v 1.41172 -0.156012 4.626
v 1.40507 -0.172087 4.626
v 1.41172 -0.188162 4.626
v 1.4278 -0.19482 4.626
v 1.44387 -0.188162 4.626
v 1.45053 -0.172087 4.626
v 1.44387 -0.156012 4.626
v 1.4191 -0.151084 4.626
v 1.4068 -0.163387 4.626
v 1.4068 -0.180786 4.626
v 1.4191 -0.19309 4.626
v 1.4365 -0.19309 4.626
v 1.4488 -0.180786 4.626
v 1.4488 -0.163387 4.626
v 1.4365 -0.151084 4.626
v 1.4278 -0.172087 4.626
v -1.4278 0.019842 4.69404
v -1.29208 -0.036373 4.69404
v -1.23587 -0.172087 4.69404
v -1.29208 -0.307801 4.69404
v -1.4278 -0.364016 4.69404
v -1.56351 -0.307801 4.69404
v -1.61973 -0.172087 4.69404
v -1.56351 -0.036373 4.69404
v -1.35435 0.005232 4.69404
v -1.25048 -0.098639 4.69404
v -1.25048 -0.245535 4.69404
v -1.35435 -0.349406 4.69404
v -1.50125 -0.349406 4.69404
v -1.60512 -0.245535 4.69404
v -1.60512 -0.098639 4.69404
v -1.50125 0.005232 4.69404
v -1.4278 0.005076 4.69404
v -1.30253 -0.046814 4.69404
v -1.25064 -0.172087 4.69404
v -1.30253 -0.29736 4.69404
v -1.4278 -0.349249 4.69404
v -1.55307 -0.29736 4.69404
v -1.60496 -0.172087 4.69404
v -1.55307 -0.046814 4.69404
v -1.36 -0.00841 4.69404
v -1.26412 -0.10429 4.69404
v -1.26412 -0.239884 4.69404
v -1.36 -0.335764 4.69404
v -1.4956 -0.335764 4.69404
v -1.59148 -0.239884 4.69404
v -1.59148 -0.10429 4.69404
v -1.4956 -0.00841 4.69404
v -1.4278 0.026078 4.68527
v -1.28768 -0.031963 4.68527
v -1.22964 -0.172087 4.68527
v -1.28768 -0.31221 4.68527
v -1.4278 -0.370251 4.68527
v -1.56792 -0.31221 4.68527
v -1.62596 -0.172087 4.68527
v -1.56792 -0.031963 4.68527
v -1.35197 0.010993 4.68527
v -1.24472 -0.096253 4.68527
v -1.24472 -0.247921 4.68527
v -1.35197 -0.355167 4.68527
v -1.50363 -0.355167 4.68527
v -1.61088 -0.247921 4.68527
v -1.61088 -0.096253 4.68527
v -1.50363 0.010993 4.68527
v -1.4278 -0.131676 4.54707
v -1.39922 -0.143512 4.54707
v -1.38739 -0.172087 4.54707
v -1.39922 -0.200662 4.54707
v -1.4278 -0.212498 4.54707
v -1.45637 -0.200662 4.54707
v -1.46821 -0.172087 4.54707
v -1.45637 -0.143512 4.54707
v -1.41233 -0.134752 4.54707
v -1.39046 -0.156622 4.54707
v -1.39046 -0.187551 4.54707
v -1.41233 -0.209422 4.54707
v -1.44326 -0.209422 4.54707
v -1.46513 -0.187551 4.54707
v -1.46513 -0.156622 4.54707
v -1.44326 -0.134752 4.54707
v -1.3809 -0.058865 4.62056
v -1.4278 -0.049537 4.62056
v -1.4747 -0.058865 4.62056
v -1.34114 -0.085431 4.62056
v -1.31458 -0.125189 4.62056
v -1.30525 -0.172087 4.62056
v -1.31458 -0.218985 4.62056
v -1.34114 -0.258743 4.62056
v -1.3809 -0.285308 4.62056
v -1.4278 -0.294637 4.62056
v -1.4747 -0.285308 4.62056
v -1.51446 -0.258743 4.62056
v -1.54102 -0.218985 4.62056
v -1.55035 -0.172087 4.62056
v -1.54102 -0.125189 4.62056
v -1.51446 -0.085431 4.62056
v -1.4278 -0.131676 4.54707
v -1.39922 -0.143512 4.54707
v -1.38739 -0.172087 4.54707
v -1.39922 -0.200662 4.54707
v -1.4278 -0.212498 4.54707
v -1.45637 -0.200662 4.54707
v -1.46821 -0.172087 4.54707
v -1.45637 -0.143512 4.54707
v -1.41233 -0.134752 4.54707
v -1.39046 -0.156622 4.54707
v -1.39046 -0.187551 4.54707
v -1.41233 -0.209422 4.54707
v -1.44326 -0.209422 4.54707
v -1.46513 -0.187551 4.54707
v -1.46513 -0.156622 4.54707
v -1.44326 -0.134752 4.54707
v -1.4278 -0.131676 4.62168
v -1.39922 -0.143512 4.62168
v -1.38739 -0.172087 4.62168
v -1.39922 -0.200662 4.62168
v -1.4278 -0.212498 4.62168
v -1.45637 -0.200662 4.62168
v -1.46821 -0.172087 4.62168
v -1.45637 -0.143512 4.62168
v -1.41233 -0.134752 4.62168
v -1.39046 -0.156622 4.62168
v -1.39046 -0.187551 4.62168
v -1.41233 -0.209422 4.62168
v -1.44326 -0.209422 4.62168
v -1.46513 -0.187551 4.62168
v -1.46513 -0.156622 4.62168
v -1.44326 -0.134752 4.62168
v -1.4278 -0.149354 4.626
v -1.41172 -0.156012 4.626
v -1.40507 -0.172087 4.626
v -1.41172 -0.188162 4.626
v -1.4278 -0.19482 4.626
v -1.44387 -0.188162 4.626
v -1.45053 -0.172087 4.626
v -1.44387 -0.156012 4.626
v -1.4191 -0.151084 4.626
v -1.4068 -0.163387 4.626
v -1.4068 -0.180786 4.626
v -1.4191 -0.19309 4.626
v -1.4365 -0.19309 4.626
v -1.4488 -0.180786 4.626
v -1.4488 -0.163387 4.626
v -1.4365 -0.151084 4.626
v -1.4278 -0.172087 4.626
v 1.4278 0.005076 4.69404
v 1.30253 -0.046814 4.69404
v 1.25064 -0.172087 4.69404
v 1.30253 -0.29736 4.69404
v 1.4278 -0.349249 4.69404
v 1.55307 -0.29736 4.69404
v 1.60496 -0.172087 4.69404
v 1.55307 -0.046814 4.69404
v 1.36 -0.00841 4.69404
v 1.26412 -0.10429 4.69404
v 1.26412 -0.239884 4.69404
v 1.36 -0.335764 4.69404
v 1.4956 -0.335764 4.69404
v 1.59148 -0.239884 4.69404
v 1.59148 -0.10429 4.69404
v 1.4956 -0.00841 4.69404
v 1.4278 -0.158417 4.70784
v 1.41813 -0.16242 4.70784
v 1.41413 -0.172087 4.70784
v 1.41813 -0.181753 4.70784
v 1.4278 -0.185757 4.70784
v 1.43747 -0.181753 4.70784
v 1.44147 -0.172087 4.70784
v 1.43747 -0.16242 4.70784
v 1.42257 -0.159457 4.70784
v 1.41517 -0.166855 4.70784
v 1.41517 -0.177318 4.70784
v 1.42257 -0.184716 4.70784
v 1.43303 -0.184716 4.70784
v 1.44043 -0.177318 4.70784
v 1.44043 -0.166855 4.70784
v 1.43303 -0.159457 4.70784
v 1.4278 -0.172087 4.70812
v 1.46431 -0.26024 4.7029
v 1.4278 -0.267503 4.7029
v 1.39129 -0.26024 4.7029
v 1.36033 -0.239556 4.7029
v 1.33965 -0.208601 4.7029
v 1.33238 -0.172087 4.7029
v 1.33965 -0.135572 4.7029
v 1.36033 -0.104617 4.7029
v 1.39129 -0.083933 4.7029
v 1.4278 -0.07667 4.7029
v 1.46431 -0.083933 4.7029
v 1.49527 -0.104617 4.7029
v 1.51595 -0.135572 4.7029
v 1.52322 -0.172087 4.7029
v 1.51595 -0.208601 4.7029
v 1.49527 -0.239556 4.7029
v -1.4278 0.005076 4.69404
v -1.30253 -0.046814 4.69404
v -1.25064 -0.172087 4.69404
v -1.30253 -0.29736 4.69404
v -1.4278 -0.349249 4.69404
v -1.55307 -0.29736 4.69404
v -1.60496 -0.172087 4.69404
v -1.55307 -0.046814 4.69404
v -1.36 -0.00841 4.69404
v -1.26412 -0.10429 4.69404
v -1.26412 -0.239884 4.69404
v -1.36 -0.335764 4.69404
v -1.4956 -0.335764 4.69404
v -1.59148 -0.239884 4.69404
v -1.59148 -0.10429 4.69404
v -1.4956 -0.00841 4.69404
v -1.4278 -0.158417 4.70784
v -1.41813 -0.16242 4.70784
v -1.41413 -0.172087 4.70784
v -1.41813 -0.181753 4.70784
v -1.4278 -0.185757 4.70784
v -1.43747 -0.181753 4.70784
v -1.44147 -0.172087 4.70784
v -1.43747 -0.16242 4.70784
v -1.42257 -0.159457 4.70784
v -1.41517 -0.166855 4.70784
v -1.41517 -0.177318 4.70784
v -1.42257 -0.184716 4.70784
v -1.43303 -0.184716 4.70784
v -1.44043 -0.177318 4.70784
v -1.44043 -0.166855 4.70784
v -1.43303 -0.159457 4.70784
v -1.4278 -0.172087 4.70812
v -1.46431 -0.26024 4.7029
v -1.4278 -0.267503 4.7029
v -1.39129 -0.26024 4.7029
v -1.36033 -0.239556 4.7029
v -1.33965 -0.208601 4.7029
v -1.33238 -0.172087 4.7029
v -1.33965 -0.135572 4.7029
v -1.36033 -0.104617 4.7029
v -1.39129 -0.083933 4.7029
v -1.4278 -0.07667 4.7029
v -1.46431 -0.083933 4.7029
v -1.49527 -0.104617 4.7029
v -1.51595 -0.135572 4.7029
v -1.52322 -0.172087 4.7029
v -1.51595 -0.208601 4.7029
v -1.49527 -0.239556 4.7029
f 3 2 18
f 11 10 26
f 4 3 19
f 12 11 27
f 5 4 20
f 13 12 28
f 6 5 21
f 14 13 29
f 7 6 22
f 15 14 30
f 8 7 23
f 16 15 31
f 9 8 24
f 2 1 17
f 1 16 32
f 10 9 25
f 17 32 34
f 24 23 33
f 2 3 35
f 10 11 40
f 3 4 36
f 11 12 41
f 4 5 37
f 12 13 41
f 5 6 37
f 13 14 42
f 6 7 38
f 14 15 42
f 7 8 38
f 15 16 43
f 8 9 39
f 1 2 35
f 16 1 43
f 9 10 39
f 42 44 41
f 38 44 37
f 43 44 42
f 39 44 38
f 40 44 39
f 36 44 35
f 41 44 40
f 37 44 36
f 35 44 43
f 48 45 50
f 52 47 49
f 55 48 50
f 55 57 48
f 47 51 59
f 57 52 53
f 45 57 58
f 51 54 57
f 51 55 56
f 54 52 57
f 58 53 59
f 56 46 50
f 71 66 63
f 62 68 65
f 61 70 66
f 69 61 71
f 60 65 67
f 72 73 68
f 60 69 71
f 60 67 70
f 64 71 72
f 73 70 67
f 70 73 66
f 68 74 65
f 75 89 76
f 82 91 84
f 83 92 85
f 78 90 77
f 90 80 97
f 81 76 98
f 79 114 137
f 86 85 100
f 80 79 96
f 87 86 107
f 91 81 98
f 88 87 106
f 92 84 99
f 76 89 93
f 84 91 99
f 89 77 94
f 85 92 109
f 77 90 95
f 132 88 105
f 108 100 109
f 93 103 104
f 94 102 103
f 97 101 95
f 137 144 96
f 99 98 104
f 103 109 110
f 102 108 109
f 95 107 108
f 101 106 107
f 96 105 106
f 144 145 105
f 114 116 127
f 123 124 133
f 117 118 129
f 111 112 125
f 118 120 130
f 119 121 131
f 124 122 132
f 116 115 126
f 117 139 125
f 123 142 131
f 128 138 127
f 129 140 139
f 134 143 133
f 119 141 130
f 111 135 136
f 113 136 126
f 132 145 143
f 145 146 143
f 146 147 133
f 147 148 142
f 148 149 131
f 149 151 141
f 151 152 130
f 139 150 125
f 135 125 150
f 126 136 149
f 138 126 148
f 127 138 147
f 137 127 146
f 140 152 150
f 135 150 152
f 149 135 151
f 130 152 140
f 166 167 153
f 173 171 155
f 164 154 162
f 155 158 159
f 171 172 158
f 154 166 157
f 157 153 160
f 178 162 190
f 204 173 156
f 180 156 163
f 154 164 168
f 175 174 170
f 176 175 169
f 161 157 172
f 190 161 171
f 157 160 172
f 165 167 176
f 167 166 175
f 166 168 174
f 168 196 174
f 188 186 183
f 205 194 185
f 184 193 187
f 193 191 192
f 193 195 191
f 187 192 189
f 178 190 195
f 164 178 193
f 204 180 194
f 180 182 194
f 184 197 199
f 179 198 197
f 207 201 206
f 190 204 205
f 191 188 181
f 195 205 188
f 192 181 203
f 177 207 206
f 198 206 202
f 197 202 200
f 199 200 174
f 221 222 208
f 228 226 210
f 219 209 217
f 210 213 214
f 226 227 213
f 209 221 212
f 212 208 215
f 233 217 245
f 259 228 211
f 235 211 218
f 209 219 223
f 230 229 225
f 231 230 224
f 216 212 227
f 245 216 226
f 212 215 227
f 220 222 231
f 222 221 230
f 221 223 229
f 223 251 229
f 243 241 238
f 260 249 240
f 239 248 242
f 248 246 247
f 248 250 246
f 242 247 244
f 233 245 250
f 219 233 248
f 259 235 249
f 235 237 249
f 239 252 254
f 234 253 252
f 262 256 261
f 245 259 260
f 246 243 236
f 250 260 243
f 247 236 258
f 232 262 261
f 253 261 257
f 252 257 255
f 254 255 229
f 276 277 263
f 283 281 265
f 274 264 272
f 265 268 269
f 281 282 268
f 264 276 267
f 267 263 270
f 288 272 300
f 314 283 266
f 290 266 273
f 264 274 278
f 285 284 280
f 286 285 279
f 271 267 282
f 300 271 281
f 267 270 282
f 275 277 286
f 277 276 285
f 276 278 284
f 278 306 284
f 298 296 293
f 315 304 295
f 294 303 297
f 303 301 302
f 303 305 301
f 297 302 299
f 288 300 305
f 274 288 303
f 314 290 304
f 290 292 304
f 294 307 309
f 289 308 307
f 317 311 316
f 300 314 315
f 301 298 291
f 305 315 298
f 302 291 313
f 287 317 316
f 308 316 312
f 307 312 310
f 309 310 284
f 331 332 318
f 338 336 320
f 329 319 327
f 320 323 324
f 336 337 323
f 319 331 322
f 322 318 325
f 343 327 355
f 369 338 321
f 345 321 328
f 319 329 333
f 340 339 335
f 341 340 334
f 326 322 337
f 355 326 336
f 322 325 337
f 330 332 341
f 332 331 340
f 331 333 339
f 333 361 339
f 353 351 348
f 370 359 350
f 349 358 352
f 358 356 357
f 358 360 356
f 352 357 354
f 343 355 360
f 329 343 358
f 369 345 359
f 345 347 359
f 349 362 364
f 344 363 362
f 372 366 371
f 355 369 370
f 356 353 346
f 360 370 353
f 357 346 368
f 342 372 371
f 363 371 367
f 362 367 365
f 364 365 339
f 386 387 373
f 393 391 375
f 384 374 382
f 375 378 379
f 391 392 378
f 374 386 377
f 377 373 380
f 398 382 410
f 424 393 376
f 400 376 383
f 374 384 388
f 395 394 390
f 396 395 389
f 381 377 392
f 410 381 391
f 377 380 392
f 385 387 396
f 387 386 395
f 386 388 394
f 388 416 394
f 408 406 403
f 425 414 405
f 404 413 407
f 413 411 412
f 413 415 411
f 407 412 409
f 398 410 415
f 384 398 413
f 424 400 414
f 400 402 414
f 404 417 419
f 399 418 417
f 427 421 426
f 410 424 425
f 411 408 401
f 415 425 408
f 412 401 423
f 397 427 426
f 418 426 422
f 417 422 420
f 419 420 394
f 441 442 428
f 448 446 430
f 439 429 437
f 430 433 434
f 446 447 433
f 429 441 432
f 432 428 435
f 453 437 465
f 479 448 431
f 455 431 438
f 429 439 443
f 450 449 445
f 451 450 444
f 436 432 447
f 465 436 446
f 432 435 447
f 440 442 451
f 442 441 450
f 441 443 449
f 443 471 449
f 463 461 458
f 480 469 460
f 459 468 462
f 468 466 467
f 468 470 466
f 462 467 464
f 453 465 470
f 439 453 468
f 479 455 469
f 455 457 469
f 459 472 474
f 454 473 472
f 482 476 481
f 465 479 480
f 466 463 456
f 470 480 463
f 467 456 478
f 452 482 481
f 473 481 477
f 472 477 475
f 474 475 449
f 496 497 483
f 503 501 485
f 494 484 492
f 485 488 489
f 501 502 488
f 484 496 487
f 487 483 490
f 508 492 520
f 534 503 486
f 510 486 493
f 484 494 498
f 505 504 500
f 506 505 499
f 491 487 502
f 520 491 501
f 487 490 502
f 495 497 506
f 497 496 505
f 496 498 504
f 498 526 504
f 518 516 513
f 535 524 515
f 514 523 517
f 523 521 522
f 523 525 521
f 517 522 519
f 508 520 525
f 494 508 523
f 534 510 524
f 510 512 524
f 514 527 529
f 509 528 527
f 537 531 536
f 520 534 535
f 521 518 511
f 525 535 518
f 522 511 533
f 507 537 536
f 528 536 532
f 527 532 530
f 529 530 504
f 551 552 538
f 558 556 540
f 549 539 547
f 540 543 544
f 556 557 543
f 539 551 542
f 542 538 545
f 563 547 575
f 589 558 541
f 565 541 548
f 539 549 553
f 560 559 555
f 561 560 554
f 546 542 557
f 575 546 556
f 542 545 557
f 550 552 561
f 552 551 560
f 551 553 559
f 553 581 559
f 573 571 568
f 590 579 570
f 569 578 572
f 578 576 577
f 578 580 576
f 572 577 574
f 563 575 580
f 549 563 578
f 589 565 579
f 565 567 579
f 569 582 584
f 564 583 582
f 592 586 591
f 575 589 590
f 576 573 566
f 580 590 573
f 577 566 588
f 562 592 591
f 583 591 587
f 582 587 585
f 584 585 559
f 606 607 593
f 613 611 595
f 604 594 602
f 595 598 599
f 611 612 598
f 594 606 597
f 597 593 600
f 618 602 630
f 644 613 596
f 620 596 603
f 594 604 608
f 615 614 610
f 616 615 609
f 601 597 612
f 630 601 611
f 597 600 612
f 605 607 616
f 607 606 615
f 606 608 614
f 608 636 614
f 628 626 623
f 645 634 625
f 624 633 627
f 633 631 632
f 633 635 631
f 627 632 629
f 618 630 635
f 604 618 633
f 644 620 634
f 620 622 634
f 624 637 639
f 619 638 637
f 647 641 646
f 630 644 645
f 631 628 621
f 635 645 628
f 632 621 643
f 617 647 646
f 638 646 642
f 637 642 640
f 639 640 614
f 661 662 648
f 668 666 650
f 659 649 657
f 650 653 654
f 666 667 653
f 649 661 652
f 652 648 655
f 673 657 685
f 699 668 651
f 675 651 658
f 649 659 663
f 670 669 665
f 671 670 664
f 656 652 667
f 685 656 666
f 652 655 667
f 660 662 671
f 662 661 670
f 661 663 669
f 663 691 669
f 683 681 678
f 700 689 680
f 679 688 682
f 688 686 687
f 688 690 686
f 682 687 684
f 673 685 690
f 659 673 688
f 699 675 689
f 675 677 689
f 679 692 694
f 674 693 692
f 702 696 701
f 685 699 700
f 686 683 676
f 690 700 683
f 687 676 698
f 672 702 701
f 693 701 697
f 692 697 695
f 694 695 669
f 711 1671 1672
f 705 1664 1662
f 710 704 711
f 703 1663 1666
f 707 709 708
f 706 1672 1668
f 703 710 711
f 709 711 712
f 715 713 1661
f 717 714 1665
f 719 715 1660
f 719 720 715
f 714 716 1656
f 720 717 1655
f 713 720 1659
f 716 718 720
f 716 719 1658
f 718 717 720
f 722 721 723
f 726 725 727
f 729 728 730
f 732 731 733
f 736 735 737
f 739 738 740
f 742 741 743
f 745 744 746
f 748 747 749
f 751 750 752
f 754 753 755
f 723 721 1634
f 724 723 1643
f 725 726 1644
f 733 731 1649
f 734 733 1648
f 728 729 1642
f 735 736 1647
f 740 738 1645
f 738 739 1646
f 741 742 1652
f 744 745 1651
f 747 748 1650
f 750 751 1653
f 753 754 1654
f 758 1637 756
f 757 1636 1637
f 757 1635 1636
f 759 1640 1641
f 759 1639 1640
f 761 1630 762
f 761 1629 1630
f 760 1628 1627
f 760 1626 1628
f 763 1632 1633
f 763 1631 1632
f 764 1618 1619
f 765 1620 1622
f 765 1621 1620
f 766 1625 1624
f 766 1623 1625
f 767 1608 1610
f 767 1609 1608
f 768 1611 1613
f 768 1612 1611
f 769 1614 1616
f 769 1615 1614
f 1155 1007 773
f 1007 1045 772
f 1048 776 797
f 1007 1155 1162
f 1008 772 777
f 1045 770 771
f 1157 773 778
f 1010 777 780
f 1044 787 1043
f 1165 778 781
f 1054 1012 784
f 795 1052 784
f 1043 787 794
f 788 782 1180
f 797 779 1012
f 1180 782 791
f 782 1043 793
f 787 784 792
f 1012 779 789
f 1046 771 776
f 785 795 787
f 1050 797 796
f 1013 790 799
f 790 789 798
f 794 792 800
f 1583 1143 802
f 1143 1142 803
f 1188 791 809
f 1208 809 808
f 794 801 810
f 804 810 1142
f 791 793 807
f 809 807 806
f 793 794 804
f 807 804 805
f 1035 814 811
f 816 817 814
f 815 816 812
f 798 789 816
f 789 779 817
f 897 832 822
f 832 834 821
f 839 838 825
f 838 840 824
f 820 819 826
f 855 818 856
f 840 821 828
f 833 855 830
f 858 1225 1258
f 1123 1120 1226
f 1122 1124 1228
f 1120 1121 1236
f 1126 1122 1235
f 821 834 837
f 896 833 836
f 826 855 833
f 895 896 834
f 827 826 831
f 897 895 832
f 1125 1123 1241
f 822 821 840
f 823 822 838
f 829 840 847
f 898 836 846
f 828 837 845
f 836 830 842
f 840 828 843
f 853 847 851
f 846 842 860
f 857 859 868
f 847 854 848
f 857 841 859
f 847 843 854
f 852 850 863
f 843 845 861
f 842 857 867
f 849 848 865
f 830 856 857
f 903 866 863
f 843 861 865
f 901 862 866
f 860 867 868
f 900 849 865
f 899 846 862
f 858 852 864
f 1014 799 1015
f 823 839 881
f 820 827 882
f 897 823 877
f 839 825 878
f 827 835 880
f 815 813 874
f 810 801 871
f 801 800 870
f 798 815 875
f 1142 810 873
f 799 798 869
f 875 874 888
f 881 878 892
f 1144 873 886
f 882 880 905
f 869 875 889
f 876 882 894
f 873 871 884
f 877 881 893
f 835 897 904
f 845 899 901
f 850 900 902
f 861 901 903
f 865 903 902
f 837 898 899
f 835 831 895
f 831 833 896
f 834 896 898
f 1121 1126 1305
f 879 877 891
f 1015 869 883
f 908 884 871
f 938 937 913
f 1024 1019 909
f 926 925 920
f 940 939 910
f 937 940 912
f 939 941 924
f 925 927 918
f 1019 1020 916
f 1023 1025 921
f 1025 1021 919
f 1041 1022 914
f 1020 1026 915
f 928 926 917
f 1031 1023 1032
f 906 891 926
f 893 892 927
f 891 893 925
f 889 888 936
f 883 889 935
f 894 905 933
f 907 883 931
f 890 894 929
f 884 908 941
f 887 886 940
f 886 884 939
f 885 887 937
f 922 917 942
f 920 918 943
f 917 920 944
f 963 960 1349
f 962 963 1350
f 965 964 952
f 967 966 945
f 970 969 948
f 975 971 953
f 966 970 947
f 971 965 951
f 968 972 950
f 972 967 946
f 973 1382 1354
f 969 973 949
f 976 974 959
f 974 975 958
f 942 944 957
f 944 943 1670
f 944 1667 1666
f 956 942 954
f 1379 976 961
f 954 957 963
f 955 954 962
f 1349 960 976
f 1125 1227 1382
f 878 825 967
f 892 878 972
f 844 853 969
f 943 918 965
f 824 829 970
f 829 844 969
f 927 892 968
f 825 824 966
f 918 927 964
f 968 950 979
f 946 945 977
f 952 968 980
f 947 948 978
f 958 953 981
f 933 905 985
f 879 906 986
f 904 879 983
f 907 932 987
f 906 928 986
f 905 904 984
f 987 932 999
f 988 982 997
f 985 984 990
f 986 928 993
f 1021 933 994
f 928 922 1082
f 941 988 995
f 984 983 989
f 933 985 991
f 983 986 992
f 1016 987 996
f 924 941 1000
f 1015 907 987
f 941 908 988
f 908 870 982
f 1034 1029 1003
f 1029 1030 1002
f 1030 1031 1004
f 1047 775 1005
f 781 1011 1001
f 778 1010 1011
f 773 1008 1010
f 1045 1007 1009
f 982 1016 997
f 870 1015 1016
f 800 1014 1015
f 792 1013 1014
f 784 1012 1013
f 1049 1051 1017
f 1006 1005 1018
f 932 1024 1028
f 919 1021 1027
f 935 936 1026
f 929 934 1025
f 931 935 1020
f 934 933 1025
f 932 931 1019
f 930 929 1023
f 1022 1034 1033
f 936 1040 1041
f 888 1038 1040
f 1026 1041 1039
f 874 1037 1038
f 813 1036 1037
f 813 812 1035
f 819 1042 818
f 774 1047 1006
f 1017 1051 785
f 780 1050 1049
f 772 1046 1048
f 786 1043 788
f 783 1044 1043
f 777 1048 1050
f 770 1045 1047
f 796 1053 1054
f 1051 1054 1052
f 797 776 779
f 916 915 1057
f 1003 1002 1062
f 1039 914 1056
f 923 909 1055
f 1032 921 1059
f 1004 1032 1063
f 921 919 1058
f 956 1095 1082
f 949 1127 1128
f 853 1125 973
f 849 900 1126
f 852 858 1124
f 853 851 1123
f 900 850 1122
f 848 849 1121
f 850 852 1124
f 851 848 1120
f 1130 802 1132
f 1197 802 1129
f 1557 1129 1131
f 1129 1130 1132
f 802 803 1133
f 1132 1133 1135
f 1560 1131 1565
f 1131 1132 1134
f 1134 1135 1137
f 1565 1134 1136
f 1136 1137 1140
f 1569 1136 1138
f 1574 1138 1141
f 1138 1139 1141
f 1139 1140 911
f 872 1135 1133
f 885 1137 1135
f 938 1140 1137
f 872 1144 885
f 803 1142 1144
f 1207 808 1583
f 808 806 1143
f 806 805 1143
f 1578 1141 1147
f 1588 1146 1592
f 1146 1147 1148
f 1592 1148 1149
f 1595 1149 1150
f 1599 1150 1151
f 1602 1151 1152
f 1145 1148 1147
f 913 1149 1148
f 912 1150 1149
f 910 1151 1150
f 924 1153 1151
f 1574 1578 1154
f 1155 1157 1161
f 1422 1423 1160
f 1464 1466 1190
f 1422 1424 1164
f 1158 1164 1162
f 1423 1425 1167
f 1157 1165 1168
f 1165 1169 1170
f 1166 1190 1473
f 1189 1178 1471
f 1427 1428 1183
f 1176 1186 1187
f 1179 1461 1180
f 1459 1179 1173
f 1473 1472 1171
f 1180 1188 1184
f 1173 1184 1186
f 1178 1187 1185
f 1171 1183 1182
f 1462 1464 1166
f 1460 1176 1178
f 1183 1430 1191
f 1187 1193 1192
f 1582 1195 1196
f 1582 1194 1195
f 1580 1196 1198
f 1583 1197 1194
f 1188 1208 1204
f 1208 1207 1203
f 1187 1199 1205
f 1199 1200 1206
f 1184 1204 1202
f 1204 1203 1201
f 1186 1202 1199
f 1202 1201 1200
f 1211 1210 1209
f 1191 1211 1212
f 1233 1218 1217
f 1230 1217 1216
f 1238 1220 1237
f 1237 1220 1219
f 1255 1221 1256
f 1239 1240 1216
f 1547 1241 1226
f 1546 1235 1228
f 1544 1226 1236
f 1550 1305 1235
f 1302 1304 1231
f 1256 1229 1231
f 1301 1230 1232
f 1221 1234 1229
f 1303 1233 1230
f 1549 1227 1241
f 1219 1223 1240
f 1217 1237 1239
f 1218 1238 1237
f 1223 1245 1240
f 1304 1306 1247
f 1216 1244 1246
f 1231 1247 1243
f 1257 1259 1242
f 1261 1270 1269
f 1247 1264 1262
f 1259 1262 1270
f 1261 1260 1225
f 1240 1254 1253
f 1251 1266 1268
f 1244 1263 1246
f 1245 1252 1254
f 1249 1265 1248
f 1224 1243 1259
f 1548 1228 1258
f 1222 1224 1257
f 1215 1255 1256
f 1214 1256 1458
f 1310 1309 1268
f 1253 1248 1265
f 1264 1268 1617
f 1244 1253 1267
f 1308 1310 1268
f 1262 1616 1614
f 1307 1309 1265
f 1306 1308 1264
f 1260 1269 1266
f 1430 1273 1272
f 1218 1282 1287
f 1453 1279 1278
f 1255 1281 1284
f 1233 1285 1282
f 1238 1287 1283
f 1221 1284 1286
f 1303 1311 1285
f 1581 1275 1277
f 1211 1280 1279
f 1205 1276 1274
f 1193 1274 1273
f 1191 1271 1280
f 1206 1277 1276
f 1430 1272 1271
f 1280 1293 1292
f 1287 1299 1296
f 1277 1291 1290
f 1284 1297 1298
f 1281 1300 1297
f 1271 1314 1293
f 1275 1289 1291
f 1281 1294 1300
f 1276 1290 1288
f 1282 1295 1299
f 1234 1286 1311
f 1246 1263 1308
f 1250 1268 1309
f 1263 1267 1310
f 1267 1265 1309
f 1232 1246 1306
f 1234 1303 1301
f 1229 1301 1302
f 1545 1236 1305
f 1312 1311 1286
f 1285 1313 1295
f 1315 1273 1274
f 1329 1321 1324
f 1343 1318 1316
f 1340 1584 1318
f 1342 1316 1328
f 1434 1327 1319
f 1439 1320 1323
f 1435 1323 1325
f 1331 1326 1321
f 1449 1448 1320
f 1313 1331 1329
f 1299 1322 1330
f 1295 1329 1322
f 1293 1337 1339
f 1454 1456 1338
f 1314 1334 1337
f 1297 1332 1336
f 1314 1335 1334
f 1294 1333 1332
f 1288 1342 1344
f 1291 1340 1343
f 1290 1343 1342
f 1289 1341 1340
f 1326 1348 1345
f 1324 1347 1346
f 1321 1345 1347
f 1370 1350 1349
f 1372 1359 1360
f 1374 1352 1351
f 1371 1360 1358
f 1377 1353 1355
f 1373 1351 1353
f 1375 1358 1357
f 1381 1357 1352
f 1552 1551 1354
f 1380 1355 1356
f 1386 1368 1365
f 1384 1365 1385
f 1345 1362 1364
f 1347 1364 1657
f 1348 1363 1345
f 1379 1361 1368
f 1362 1366 1370
f 1364 1370 1367
f 1363 1369 1366
f 1349 1379 1386
f 1367 1386 1384
f 1252 1380 1383
f 1549 1552 1382
f 1283 1381 1374
f 1296 1375 1381
f 1245 1376 1380
f 1346 1378 1372
f 1219 1373 1377
f 1223 1377 1376
f 1330 1371 1375
f 1220 1374 1373
f 1322 1372 1371
f 1551 1553 1354
f 1355 1390 1356
f 1358 1391 1357
f 1352 1388 1387
f 1368 1395 1365
f 1360 1392 1391
f 1351 1387 1353
f 1378 1393 1359
f 1355 1389 1390
f 1385 1394 1393
f 1336 1399 1312
f 1285 1397 1400
f 1311 1398 1397
f 1314 1401 1335
f 1313 1400 1331
f 1312 1399 1398
f 1401 1412 1416
f 1402 1411 1413
f 1431 1413 1414
f 1399 1405 1404
f 1400 1406 1408
f 1437 1443 1409
f 1331 1408 1407
f 1344 1417 1411
f 1398 1404 1403
f 1336 1409 1405
f 1397 1403 1406
f 1440 1444 1410
f 1431 1414 1412
f 1328 1415 1417
f 1272 1431 1401
f 1344 1402 1315
f 1315 1402 1396
f 1469 1460 1189
f 1463 1468 1420
f 1168 1170 1426
f 1161 1168 1425
f 1159 1463 1424
f 1158 1161 1423
f 1426 1418 1172
f 1273 1396 1431
f 1185 1192 1430
f 1471 1185 1428
f 1465 1172 1432
f 1335 1416 1444
f 1337 1436 1442
f 1456 1457 1438
f 1336 1435 1437
f 1332 1439 1441
f 1334 1434 1436
f 1332 1441 1435
f 1335 1440 1434
f 1438 1455 1450
f 1339 1442 1457
f 1292 1339 1456
f 1442 1319 1455
f 1279 1292 1454
f 1209 1451 1452
f 1210 1453 1451
f 1256 1257 1213
f 1421 1433 1470
f 1163 1421 1468
f 1433 1419 1467
f 1432 1175 1460
f 1426 1172 1465
f 1175 1174 1176
f 1160 1167 1464
f 1179 1181 1461
f 1174 1177 1459
f 1159 1160 1462
f 1167 1426 1466
f 1156 1163 1463
f 1465 1429 1472
f 1190 1465 1472
f 1429 1189 1471
f 1327 1474 1477
f 1320 1481 1479
f 1319 1476 1489
f 1323 1480 1482
f 1446 1485 1487
f 1319 1477 1476
f 1450 1488 1486
f 1445 1486 1485
f 1455 1489 1475
f 1455 1475 1488
f 1327 1483 1474
f 1320 1478 1481
f 1325 1482 1484
f 1447 1487 1448
f 1323 1479 1480
f 1415 1502 1417
f 1348 1326 1407
f 1363 1348 1511
f 1252 1383 1552
f 1383 1356 1551
f 1249 1545 1550
f 1251 1548 1260
f 1252 1549 1547
f 1307 1550 1546
f 1248 1544 1545
f 1250 1546 1548
f 1254 1547 1544
f 1197 1557 1554
f 1195 1555 1556
f 1556 1559 1196
f 1194 1554 1555
f 1557 1560 1558
f 1555 1558 1559
f 1196 1559 1561
f 1559 1564 1566
f 1558 1562 1563
f 1560 1565 1562
f 1558 1563 1564
f 1565 1569 1567
f 1564 1568 1570
f 1562 1567 1568
f 1569 1574 1571
f 1568 1572 1573
f 1568 1573 1575
f 1567 1571 1572
f 1571 1576 1577
f 1573 1577 1579
f 1275 1198 1561
f 1289 1275 1566
f 1341 1289 1570
f 1317 1341 1575
f 1341 1317 1584
f 1207 1583 1582
f 1200 1580 1581
f 1201 1582 1580
f 1578 1588 1585
f 1576 1585 1586
f 1577 1586 1587
f 1588 1592 1589
f 1585 1589 1590
f 1586 1590 1591
f 1592 1595 1593
f 1590 1593 1594
f 1595 1599 1596
f 1593 1596 1597
f 1593 1597 1598
f 1599 1602 1600
f 1597 1600 1601
f 1602 1606 1603
f 1600 1603 1604
f 1600 1604 1605
f 1577 1587 1317
f 1584 1317 1587
f 1318 1584 1594
f 1316 1318 1598
f 1328 1316 1601
f 1571 1607 1576
f 1269 1635 756
f 1638 1637 1636
f 1669 1668 975
f 923 1061 1079
f 996 999 1075
f 1060 1027 1077
f 1000 995 1071
f 1027 994 1069
f 992 993 1068
f 1028 923 1070
f 993 1082 1068
f 999 1028 1078
f 994 991 1066
f 998 996 1072
f 990 989 1064
f 995 997 1073
f 991 990 1065
f 997 998 1074
f 989 992 1067
f 1073 1074 1086
f 1066 1065 1080
f 1076 1071 1083
f 1064 1067 1081
f 1070 1079 1089
f 1071 1073 1084
f 1075 1078 1087
f 1064 1081 1093
f 1070 1089 1104
f 1086 1072 1099
f 1088 1077 1094
f 1081 1068 1096
f 1075 1087 1102
f 1068 1082 1095
f 1084 1086 1113
f 1069 1066 1092
f 1080 1064 1090
f 1077 1069 1097
f 1072 1075 1119
f 1066 1080 1091
f 1087 1070 1117
f 1085 1083 1098
f 1109 1094 1097
f 1110 1097 1092
f 1096 1105 1107
f 1106 1108 1105
f 1090 1107 1091
f 1107 1109 1110
f 1105 1108 1109
f 1103 1094 1108
f 1107 1110 1092
f 1118 1102 1117
f 1116 1084 1113
f 1119 1116 1113
f 1099 1113 1100
f 1084 1116 1115
f 1098 1115 1114
f 1101 1114 1111
f 1116 1119 1118
f 1115 1118 1117
f 1114 1117 1112
f 1410 1496 1507
f 1412 1498 1501
f 1325 1506 1504
f 1417 1502 1497
f 1443 1504 1495
f 1406 1493 1494
f 1444 1505 1496
f 1408 1494 1407
f 1416 1501 1505
f 1409 1495 1492
f 1413 1499 1503
f 1414 1500 1498
f 1404 1491 1490
f 1411 1497 1499
f 1405 1492 1491
f 1413 1503 1500
f 1403 1490 1493
f 1504 1516 1495
f 1492 1508 1491
f 1502 1514 1512
f 1500 1513 1498
f 1506 1510 1516
f 1506 1517 1510
f 1497 1512 1499
f 1493 1509 1494
f 1501 1515 1505
f 1490 1518 1509
f 1496 1522 1528
f 1517 1527 1510
f 1499 1524 1541
f 1495 1521 1508
f 1503 1541 1513
f 1491 1519 1518
f 1498 1523 1515
f 1505 1526 1522
f 1514 1525 1512
f 1530 1533 1516
f 1533 1508 1521
f 1509 1518 1532
f 1520 1509 1531
f 1518 1519 1532
f 1531 1532 1533
f 1529 1531 1533
f 1532 1519 1508
f 1543 1542 1522
f 1539 1513 1541
f 1543 1523 1539
f 1541 1540 1537
f 1540 1534 1535
f 1523 1513 1539
f 1524 1512 1540
f 1512 1525 1540
f 1538 1539 1541
f 1538 1537 1543
f 1537 1536 1542
f 1536 1535 1542
f 1515 1523 1543
f 1713 1759 1715
f 1740 1676 1737
f 1677 1738 1737
f 1714 1715 1759
f 1741 1681 1683
f 1761 1719 1723
f 1683 1681 1679
f 1719 1762 1721
f 1748 1687 1690
f 1720 1721 1762
f 1750 1689 1685
f 1690 1687 1685
f 1764 1725 1729
f 1725 1765 1727
f 1695 1745 1692
f 1726 1727 1765
f 1751 1699 1701
f 1767 1731 1735
f 1701 1699 1697
f 1731 1768 1733
f 1754 1705 1707
f 1732 1733 1768
f 1707 1705 1703
f 1767 1769 1732
f 1757 1711 1713
f 1764 1766 1726
f 1713 1711 1709
f 1761 1763 1720
f 1760 1717 1719
f 1758 1760 1714
f 1719 1717 1715
f 1752 1754 1702
f 1763 1723 1725
f 1746 1751 1696
f 1725 1723 1721
f 1744 1750 1749
f 1766 1729 1731
f 1742 1748 1684
f 1731 1729 1727
f 1739 1741 1678
f 1769 1735 1770
f 1770 1735 1733
f 1675 1740 1737
f 1674 1739 1740
f 1674 1738 1739
f 1673 1737 1738
f 1682 1743 1678
f 1680 1742 1743
f 1680 1741 1742
f 1694 1747 1744
f 1693 1746 1747
f 1693 1745 1746
f 1691 1744 1745
f 1688 1750 1684
f 1686 1749 1750
f 1686 1748 1749
f 1700 1753 1696
f 1698 1752 1753
f 1698 1751 1752
f 1706 1756 1702
f 1704 1755 1756
f 1704 1754 1755
f 1712 1759 1708
f 1710 1758 1759
f 1710 1757 1758
f 1718 1762 1714
f 1716 1761 1762
f 1716 1760 1761
f 1724 1765 1720
f 1722 1764 1765
f 1722 1763 1764
f 1730 1768 1726
f 1728 1767 1768
f 1728 1766 1767
f 1736 1771 1732
f 1734 1770 1771
f 1734 1769 1770
f 1758 1713 1717
f 1702 1703 1753
f 1701 1753 1703
f 1752 1701 1705
f 1755 1757 1708
f 1708 1709 1756
f 1707 1756 1709
f 1755 1707 1711
f 1696 1697 1747
f 1695 1747 1697
f 1746 1695 1699
f 1744 1692 1689
f 1690 1689 1692
f 1745 1749 1690
f 1684 1685 1743
f 1683 1743 1685
f 1742 1683 1687
f 1678 1679 1676
f 1677 1676 1679
f 1739 1677 1681
f 1843 1776 1777
f 1773 1772 1774
f 1777 1775 1842
f 1858 1857 1815
f 1779 1783 1784
f 1846 1845 1782
f 1779 1778 1781
f 1823 1861 1827
f 1860 1859 1821
f 1788 1850 1789
f 1786 1785 1788
f 1848 1795 1796
f 1829 1864 1833
f 1849 1847 1794
f 1792 1791 1793
f 1863 1862 1827
f 1798 1802 1803
f 1853 1852 1801
f 1798 1797 1800
f 1835 1867 1837
f 1805 1809 1810
f 1866 1865 1833
f 1855 1854 1808
f 1805 1804 1807
f 1834 1865 1866
f 1813 1816 1817
f 1828 1862 1863
f 1857 1856 1812
f 1813 1811 1814
f 1817 1815 1812
f 1822 1859 1860
f 1819 1822 1823
f 1816 1857 1858
f 1859 1858 1821
f 1819 1818 1820
f 1802 1853 1854
f 1861 1828 1829
f 1795 1849 1852
f 1862 1860 1827
f 1825 1824 1826
f 1847 1848 1851
f 1864 1834 1835
f 1783 1846 1850
f 1865 1863 1833
f 1831 1830 1832
f 1776 1844 1845
f 1867 1840 1841
f 1868 1866 1837
f 1838 1836 1839
f 1841 1868 1837
f 1774 1772 1842
f 1776 1774 1844
f 1772 1773 1843
f 1781 1778 1845
f 1783 1781 1846
f 1793 1791 1847
f 1795 1793 1849
f 1791 1792 1848
f 1788 1785 1850
f 1786 1790 1851
f 1785 1786 1851
f 1800 1797 1852
f 1802 1800 1853
f 1807 1804 1854
f 1809 1807 1855
f 1814 1811 1856
f 1816 1814 1857
f 1820 1818 1858
f 1822 1820 1859
f 1826 1824 1860
f 1828 1826 1862
f 1824 1825 1861
f 1832 1830 1863
f 1834 1832 1865
f 1830 1831 1864
f 1839 1836 1866
f 1840 1839 1868
f 1836 1838 1867
f 1816 1819 1817
f 1854 1853 1801
f 1803 1806 1808
f 1802 1805 1806
f 1809 1855 1856
f 1856 1855 1808
f 1809 1813 1810
f 1852 1849 1794
f 1796 1799 1801
f 1795 1798 1799
f 1847 1788 1789
f 1850 1846 1782
f 1784 1787 1789
f 1783 1851 1787
f 1845 1844 1775
f 1777 1780 1782
f 1776 1779 1780
f 1901 1907 1916
f 1906 1900 1897
f 1907 1905 1912
f 1899 1906 1915
f 1902 1904 1910
f 1905 1903 1909
f 1900 1902 1908
f 1903 1899 1898
f 1916 1912 1909
f 1917 1909 1898
f 1893 1916 1918
f 1913 1918 1917
f 1914 1917 1915
f 1908 1914 1897
f 1892 1893 1913
f 1911 1913 1914
f 1904 1901 1893
f 1979 1961 1977
f 1969 1967 1986
f 1976 1980 1983
f 1973 1981 1982
f 1970 1962 1980
f 1974 1982 1967
f 1989 1986 1967
f 1988 1987 1982
f 1961 1988 1981
f 1987 1989 1967
f 1961 1985 1988
f 1985 1984 1987
f 1980 1962 1986
f 1983 1980 1984
f 1978 1986 1962
f 1971 1983 1961
f 2042 2024 2040
f 2032 2030 2049
f 2039 2043 2046
f 2036 2044 2045
f 2033 2025 2043
f 2037 2045 2030
f 2052 2049 2030
f 2051 2050 2045
f 2024 2051 2044
f 2050 2052 2030
f 2024 2048 2051
f 2048 2047 2050
f 2043 2025 2049
f 2046 2043 2047
f 2041 2049 2025
f 2034 2046 2024
f 2098 2104 2113
f 2103 2097 2094
f 2104 2102 2109
f 2096 2103 2112
f 2099 2101 2107
f 2102 2100 2106
f 2097 2099 2105
f 2100 2096 2095
f 2113 2109 2106
f 2114 2106 2095
f 2090 2113 2115
f 2110 2115 2114
f 2111 2114 2112
f 2105 2111 2094
f 2089 2090 2110
f 2108 2110 2111
f 2101 2098 2090
f 1884 1883 1869
f 1888 1870 1890
f 1894 1884 1889
f 1954 1885 1930
f 1880 1932 1875
f 1894 1930 1874
f 1882 1875 1904
f 1943 1880 1885
f 1879 1878 1876
f 1890 1879 1881
f 1873 1896 1900
f 1885 1880 1882
f 1930 1885 1887
f 1891 1872 1905
f 1879 1884 1886
f 1879 1876 1883
f 1896 1874 1900
f 1872 1881 1905
f 1895 1890 1891
f 1884 1894 1873
f 1886 1873 1899
f 1928 1888 1895
f 1930 1894 1871
f 1877 1882 1904
f 1932 1895 1875
f 1887 1877 1902
f 1881 1886 1899
f 1875 1891 1907
f 1874 1887 1902
f 1871 1889 1927
f 1878 1870 1919
f 1888 1928 1923
f 1869 1883 1921
f 1883 1876 1924
f 1876 1878 1925
f 1870 1888 1926
f 1929 1871 1922
f 1889 1869 1920
f 1934 1958 1933
f 1950 1952 1940
f 1957 1956 1935
f 1930 1929 1936
f 1954 1930 1936
f 1928 1932 1937
f 1958 1960 1939
f 1948 1975 1971
f 1958 1945 1944
f 1958 1939 1947
f 1932 1943 1946
f 1942 1953 1948
f 1936 1965 1953
f 1960 1979 1977
f 1943 1954 1951
f 1945 1947 1952
f 1945 1950 1949
f 1965 1978 1970
f 1939 1977 1973
f 1940 1969 1978
f 1937 1966 1960
f 1950 1940 1959
f 1964 1963 1956
f 1968 1937 1958
f 1953 1976 1975
f 1937 1948 1966
f 1947 1973 1974
f 1953 1972 1976
f 1947 1974 1969
f 1957 1959 1965
f 1966 1971 1979
f 1965 1970 1972
f 1963 1995 1956
f 1968 1996 1938
f 1935 1990 1931
f 1936 1993 1995
f 1941 1994 1944
f 1934 1991 1955
f 1935 1992 1990
f 1999 2021 1998
f 2014 2016 2005
f 2020 2019 2000
f 2083 2062 2001
f 2021 2023 2004
f 2012 2038 2034
f 2021 2009 2008
f 2021 2004 2011
f 2060 2074 2010
f 2007 2017 2012
f 2001 2028 2017
f 2023 2042 2040
f 2074 2083 2015
f 2009 2011 2016
f 2009 2014 2013
f 2028 2041 2033
f 2004 2040 2036
f 2005 2032 2041
f 2002 2029 2023
f 2014 2005 2022
f 2027 2026 2019
f 2031 2002 2021
f 2017 2039 2038
f 2002 2012 2029
f 2011 2036 2037
f 2017 2035 2039
f 2011 2037 2032
f 2020 2022 2028
f 2029 2034 2042
f 2028 2033 2035
f 2026 2058 2019
f 2031 2059 2003
f 2000 2053 1997
f 2001 2056 2058
f 2006 2057 2008
f 1999 2054 2018
f 2062 2118 2056
f 2000 2055 2053
f 2080 2079 2061
f 2084 2063 2087
f 2086 2080 2085
f 2062 2091 2064
f 2060 2066 2065
f 2072 2065 2070
f 2083 2072 2073
f 2078 2070 2101
f 2076 2075 2071
f 2087 2076 2077
f 2060 2065 2072
f 2068 2093 2097
f 2091 2083 2082
f 2088 2067 2102
f 2074 2072 2083
f 2076 2080 2081
f 2076 2071 2079
f 2093 2069 2097
f 2067 2077 2102
f 2092 2087 2088
f 2080 2086 2068
f 2081 2068 2096
f 2091 2086 2085
f 2066 2084 2087
f 2073 2078 2101
f 2065 2092 2070
f 2082 2073 2099
f 2077 2081 2096
f 2086 2091 2093
f 2070 2088 2104
f 2069 2082 2099
f 2066 2060 2116
f 2084 2066 2126
f 2064 2085 2125
f 2075 2063 2117
f 2061 2079 2120
f 2079 2071 2122
f 2071 2075 2123
f 2063 2084 2124
f 2062 2064 2121
f 2085 2061 2119
f 2196 2190 2169
f 2205 2201 2139
f 2200 2205 2172
f 2189 2196 2169
f 2201 2206 2181
f 2190 2197 2179
f 2139 2181 2197
f 2200 2172 2196
f 2172 2139 2190
f 2181 2138 2188
f 2137 2180 2206
f 2136 2170 2205
f 2180 2135 2206
f 2170 2137 2201
f 2292 2275 2230
f 2291 2231 2237
f 2300 2267 2242
f 2234 2240 2267
f 2295 2242 2277
f 2285 2237 2275
f 2242 2285 2292
f 2240 2284 2291
f 2267 2291 2285
f 2277 2292 2283
f 2238 2295 2301
f 2265 2300 2295
f 2131 2132 2148
f 2206 2135 2155
f 2129 2128 2142
f 2148 2134 2144
f 2195 2194 2134
f 2193 2192 2143
f 2182 2142 2155
f 2176 2145 2156
f 2174 2152 2147
f 2203 2154 2149
f 2202 2204 2151
f 2187 2133 2143
f 2179 2188 2184
f 2188 2138 2150
f 2180 2137 2156
f 2133 2130 2146
f 2168 2131 2144
f 2170 2136 2140
f 2198 2127 2141
f 2128 2129 2157
f 2199 2128 2164
f 2171 2127 2160
f 2198 2191 2167
f 2132 2131 2161
f 2178 2130 2158
f 2187 2199 2166
f 2129 2171 2186
f 2191 2132 2161
f 2130 2133 2158
f 2168 2178 2165
f 2127 2198 2163
f 2131 2168 2159
f 2134 2169 2174
f 2137 2170 2175
f 2178 2168 2173
f 2134 2174 2173
f 2141 2176 2175
f 2127 2171 2176
f 2135 2180 2185
f 2171 2129 2182
f 2169 2179 2184
f 2145 2182 2185
f 2152 2184 2183
f 2130 2178 2183
f 2133 2187 2162
f 2200 2189 2194
f 2132 2191 2195
f 2199 2187 2192
f 2150 2149 2192
f 2153 2151 2194
f 2128 2199 2154
f 2191 2198 2202
f 2138 2206 2203
f 2136 2200 2204
f 2160 2163 2213
f 2162 2166 2216
f 2158 2162 2212
f 2167 2161 2211
f 2161 2159 2209
f 2164 2157 2207
f 2165 2158 2208
f 2159 2165 2215
f 2157 2186 2219
f 2163 2167 2217
f 2186 2177 2218
f 2177 2160 2210
f 2166 2164 2214
f 2234 2299 2250
f 2274 2279 2246
f 2222 2244 2248
f 2301 2298 2281
f 2229 2287 2245
f 2224 2278 2221
f 2280 2279 2245
f 2289 2248 2247
f 2288 2280 2287
f 2278 2281 2253
f 2243 2296 2254
f 2271 2270 2255
f 2269 2268 2246
f 2298 2249 2297
f 2296 2252 2250
f 2286 2289 2252
f 2283 2288 2249
f 2276 2281 2255
f 2284 2250 2247
f 2264 2268 2244
f 2265 2270 2254
f 2232 2296 2243
f 2231 2269 2251
f 2221 2256 2257
f 2266 2272 2227
f 2286 2290 2228
f 2225 2258 2223
f 2226 2259 2264
f 2231 2247 2269
f 2238 2255 2270
f 2236 2246 2268
f 2247 2244 2268
f 2243 2254 2270
f 2227 2243 2271
f 2224 2257 2273
f 2236 2262 2274
f 2235 2271 2278
f 2237 2251 2280
f 2271 2255 2281
f 2251 2246 2279
f 2225 2245 2279
f 2229 2260 2282
f 2230 2280 2288
f 2228 2248 2289
f 2239 2297 2287
f 2249 2288 2287
f 2252 2289 2250
f 2232 2261 2293
f 2239 2263 2294
f 2281 2298 2297
f 2233 2253 2297
f 2241 2252 2296
f 2277 2249 2298
f 2234 2254 2299
f 2227 2305 2302
f 2220 2302 2261
f 2241 2309 2290
f 2228 2306 2303
f 2282 2313 2263
f 2223 2304 2260
f 2273 2311 2308
f 2222 2303 2259
f 2233 2307 2256
f 2274 2312 2258
f 2264 2310 2262
f 2293 2314 2309
f 2235 2308 2272
f 2294 2315 2307
f 2318 2334 2333
f 2326 2342 2341
f 2319 2335 2334
f 2327 2343 2342
f 2320 2336 2335
f 2328 2344 2343
f 2321 2337 2336
f 2329 2345 2344
f 2322 2338 2337
f 2330 2346 2345
f 2323 2339 2338
f 2331 2347 2346
f 2324 2340 2339
f 2317 2333 2332
f 2316 2332 2347
f 2325 2341 2340
f 2332 2333 2349
f 2347 2332 2348
f 2340 2341 2357
f 2333 2334 2350
f 2341 2342 2358
f 2334 2335 2351
f 2342 2343 2359
f 2335 2336 2352
f 2343 2344 2360
f 2336 2337 2353
f 2344 2345 2361
f 2337 2338 2354
f 2345 2346 2362
f 2338 2339 2355
f 2346 2347 2363
f 2339 2340 2356
f 2353 2354 2367
f 2361 2362 2372
f 2354 2355 2368
f 2362 2363 2372
f 2355 2356 2368
f 2348 2349 2364
f 2363 2348 2364
f 2356 2357 2369
f 2349 2350 2365
f 2357 2358 2370
f 2350 2351 2366
f 2358 2359 2370
f 2351 2352 2366
f 2359 2360 2371
f 2352 2353 2367
f 2360 2361 2371
f 2370 2371 2373
f 2366 2367 2373
f 2371 2372 2373
f 2367 2368 2373
f 2372 2364 2373
f 2368 2369 2373
f 2364 2365 2373
f 2369 2370 2373
f 2365 2366 2373
f 2318 2317 2374
f 2326 2325 2378
f 2319 2318 2375
f 2327 2326 2379
f 2320 2319 2375
f 2328 2327 2379
f 2321 2320 2376
f 2329 2328 2380
f 2322 2321 2376
f 2330 2329 2380
f 2323 2322 2377
f 2331 2330 2381
f 2324 2323 2377
f 2317 2316 2374
f 2316 2331 2381
f 2325 2324 2378
f 2378 2377 2385
f 2374 2381 2390
f 2375 2374 2382
f 2379 2378 2386
f 2376 2375 2383
f 2380 2379 2388
f 2377 2376 2384
f 2381 2380 2389
f 2389 2388 2397
f 2385 2384 2393
f 2390 2389 2398
f 2386 2385 2394
f 2382 2390 2399
f 2383 2382 2391
f 2387 2386 2395
f 2388 2387 2396
f 2384 2383 2392
f 2402 2401 2417
f 2410 2409 2425
f 2403 2402 2418
f 2411 2410 2426
f 2404 2403 2419
f 2412 2411 2427
f 2405 2404 2420
f 2413 2412 2428
f 2406 2405 2421
f 2414 2413 2429
f 2407 2406 2422
f 2415 2414 2430
f 2408 2407 2423
f 2401 2400 2416
f 2400 2415 2431
f 2409 2408 2424
f 2431 2439 2432
f 2417 2432 2433
f 2425 2436 2437
f 2419 2433 2434
f 2427 2437 2438
f 2421 2434 2435
f 2429 2438 2439
f 2423 2435 2436
f 2434 2445 2446
f 2438 2453 2454
f 2435 2446 2447
f 2439 2454 2455
f 2435 2447 2448
f 2432 2440 2441
f 2439 2455 2440
f 2436 2448 2449
f 2432 2441 2442
f 2436 2449 2450
f 2433 2442 2443
f 2437 2450 2451
f 2433 2443 2444
f 2437 2451 2452
f 2434 2444 2445
f 2438 2452 2453
f 2450 2456 2451
f 2443 2456 2444
f 2451 2456 2452
f 2444 2456 2445
f 2452 2456 2453
f 2445 2456 2446
f 2453 2456 2454
f 2446 2456 2447
f 2454 2456 2455
f 2447 2456 2448
f 2440 2456 2441
f 2455 2456 2440
f 2448 2456 2449
f 2441 2456 2442
f 2449 2456 2450
f 2442 2456 2443
f 2402 2459 2458
f 2410 2467 2466
f 2403 2460 2459
f 2411 2468 2467
f 2404 2461 2460
f 2412 2469 2468
f 2405 2462 2461
f 2413 2470 2469
f 2406 2463 2462
f 2414 2471 2470
f 2407 2464 2463
f 2415 2472 2471
f 2408 2465 2464
f 2401 2458 2457
f 2400 2457 2472
f 2409 2466 2465
f 2465 2477 2464
f 2457 2473 2472
f 2459 2474 2458
f 2467 2478 2466
f 2461 2475 2460
f 2469 2479 2468
f 2463 2476 2462
f 2471 2480 2470
f 2462 2483 2475
f 2470 2487 2479
f 2464 2484 2476
f 2472 2488 2480
f 2458 2481 2473
f 2466 2485 2477
f 2460 2482 2474
f 2468 2486 2478
f 2536 2489 2491
f 2516 2515 2492
f 2543 2494 2537
f 2546 2496 2494
f 2496 2495 2494
f 2550 2499 2496
f 2493 2491 2510
f 2548 2498 2499
f 2498 2497 2499
f 2517 2501 2518
f 2497 2500 2502
f 2494 2495 2505
f 2490 2494 2504
f 2512 2511 2507
f 2513 2512 2506
f 2490 2503 2509
f 2537 2490 2508
f 2559 2508 2509
f 2495 2499 2502
f 2565 2510 2497
f 2538 2493 2565
f 2491 2500 2497
f 2503 2513 2514
f 2503 2504 2512
f 2504 2505 2511
f 2500 2517 2518
f 2491 2516 2517
f 2491 2489 2515
f 2509 2514 2520
f 2515 2489 2521
f 2489 2536 2522
f 2515 2521 2523
f 2492 2515 2525
f 2522 2579 2580
f 2502 2518 2528
f 2502 2526 2586
f 2586 2526 2529
f 2528 2527 2530
f 2526 2528 2531
f 2529 2531 2532
f 2505 2502 2554
f 2511 2505 2533
f 2536 2538 2541
f 2543 2537 2544
f 2546 2543 2544
f 2551 2544 2542
f 2550 2546 2551
f 2541 2566 2564
f 2548 2550 2551
f 2549 2551 2547
f 2572 2573 2553
f 2542 2556 2557
f 2535 2555 2556
f 2569 2558 2568
f 2537 2559 2560
f 2544 2560 2535
f 2559 2562 2563
f 2560 2563 2561
f 2545 2557 2554
f 2565 2548 2549
f 2566 2549 2547
f 2538 2565 2566
f 2541 2564 2547
f 2555 2561 2570
f 2555 2569 2568
f 2556 2568 2567
f 2552 2554 2574
f 2541 2552 2573
f 2541 2572 2571
f 2562 2576 2563
f 2570 2577 2575
f 2534 2578 2540
f 2571 2583 2578
f 2539 2581 2583
f 2540 2582 2580
f 2574 2584 2585
f 2586 2590 2587
f 2584 2589 2588
f 2584 2587 2589
f 2587 2591 2589
f 2557 2505 2554
f 2567 2592 2557
f 2640 2593 2595
f 2620 2619 2596
f 2646 2598 2641
f 2649 2600 2598
f 2600 2599 2598
f 2653 2603 2600
f 2597 2595 2614
f 2651 2602 2603
f 2602 2601 2603
f 2621 2605 2622
f 2601 2604 2606
f 2598 2599 2609
f 2594 2598 2608
f 2616 2615 2611
f 2617 2616 2610
f 2594 2607 2613
f 2641 2594 2612
f 2660 2612 2613
f 2599 2603 2606
f 2666 2614 2601
f 2642 2597 2666
f 2595 2604 2601
f 2607 2617 2618
f 2607 2608 2616
f 2608 2609 2615
f 2604 2621 2622
f 2595 2620 2621
f 2595 2593 2619
f 2613 2618 2624
f 2619 2593 2625
f 2593 2640 2626
f 2619 2625 2627
f 2596 2619 2629
f 2626 2678 2679
f 2606 2622 2632
f 2606 2630 2683
f 2683 2630 2633
f 2632 2631 2634
f 2630 2632 2635
f 2633 2635 2636
f 2609 2606 2656
f 2615 2609 2637
f 2671 2516 2492
f 2640 2642 2644
f 2646 2641 2647
f 2649 2646 2647
f 2654 2647 2645
f 2653 2649 2654
f 2644 2667 2665
f 2651 2653 2654
f 2652 2654 2650
f 2671 2672 2501
f 2672 2673 2518
f 2645 2658 2659
f 2639 2657 2658
f 2658 2506 2507
f 2669 2513 2506
f 2669 2662 2514
f 2641 2660 2661
f 2647 2661 2639
f 2660 2663 2664
f 2661 2664 2662
f 2648 2659 2656
f 2666 2651 2652
f 2667 2652 2650
f 2642 2666 2667
f 2644 2665 2650
f 2657 2669 2658
f 2655 2656 2673
f 2644 2655 2672
f 2644 2671 2670
f 2663 2675 2664
f 2662 2674 2676
f 2662 2676 2519
f 2638 2677 2643
f 2670 2681 2677
f 2492 2524 2681
f 2643 2680 2679
f 2673 2682 2527
f 2683 2686 2684
f 2682 2685 2530
f 2682 2684 2685
f 2685 2687 2530
f 2659 2609 2656
f 2668 2688 2659
f 2736 2689 2691
f 2716 2715 2692
f 2742 2694 2737
f 2745 2696 2694
f 2696 2695 2694
f 2749 2699 2696
f 2693 2691 2710
f 2747 2698 2699
f 2698 2697 2699
f 2717 2701 2718
f 2697 2700 2702
f 2694 2695 2705
f 2690 2694 2704
f 2712 2711 2707
f 2713 2712 2706
f 2690 2703 2709
f 2737 2690 2708
f 2756 2708 2709
f 2695 2699 2702
f 2762 2710 2697
f 2738 2693 2762
f 2691 2700 2697
f 2703 2713 2714
f 2703 2704 2712
f 2704 2705 2711
f 2700 2717 2718
f 2691 2716 2717
f 2691 2689 2715
f 2709 2714 2720
f 2715 2689 2721
f 2689 2736 2722
f 2715 2721 2723
f 2692 2715 2725
f 2722 2774 2775
f 2702 2718 2728
f 2702 2726 2779
f 2779 2726 2729
f 2728 2727 2730
f 2726 2728 2731
f 2729 2731 2732
f 2705 2702 2752
f 2711 2705 2733
f 2767 2620 2596
f 2736 2738 2740
f 2742 2737 2743
f 2745 2742 2743
f 2750 2743 2741
f 2749 2745 2750
f 2740 2763 2761
f 2747 2749 2750
f 2748 2750 2746
f 2767 2768 2605
f 2768 2769 2622
f 2741 2754 2755
f 2735 2753 2754
f 2754 2610 2611
f 2765 2617 2610
f 2765 2758 2618
f 2737 2756 2757
f 2743 2757 2735
f 2756 2759 2760
f 2757 2760 2758
f 2744 2755 2752
f 2762 2747 2748
f 2763 2748 2746
f 2738 2762 2763
f 2740 2761 2746
f 2753 2765 2754
f 2751 2752 2769
f 2740 2751 2768
f 2740 2767 2766
f 2759 2771 2760
f 2758 2770 2772
f 2758 2772 2623
f 2734 2773 2739
f 2766 2777 2773
f 2596 2628 2777
f 2739 2776 2775
f 2769 2778 2631
f 2779 2782 2780
f 2778 2781 2634
f 2778 2780 2781
f 2781 2783 2634
f 2755 2705 2752
f 2764 2784 2755
f 2832 2785 2787
f 2812 2811 2788
f 2838 2790 2833
f 2841 2792 2790
f 2792 2791 2790
f 2845 2795 2792
f 2789 2787 2806
f 2843 2794 2795
f 2794 2793 2795
f 2813 2797 2814
f 2793 2796 2798
f 2790 2791 2801
f 2786 2790 2800
f 2808 2807 2803
f 2809 2808 2802
f 2786 2799 2805
f 2833 2786 2804
f 2852 2804 2805
f 2791 2795 2798
f 2858 2806 2793
f 2834 2789 2858
f 2787 2796 2793
f 2799 2809 2810
f 2799 2800 2808
f 2800 2801 2807
f 2796 2813 2814
f 2787 2812 2813
f 2787 2785 2811
f 2805 2810 2816
f 2811 2785 2817
f 2785 2832 2818
f 2811 2817 2819
f 2788 2811 2821
f 2818 2870 2871
f 2798 2814 2824
f 2798 2822 2875
f 2875 2822 2825
f 2824 2823 2826
f 2822 2824 2827
f 2825 2827 2828
f 2801 2798 2848
f 2807 2801 2829
f 2863 2716 2692
f 2832 2834 2836
f 2838 2833 2839
f 2841 2838 2839
f 2846 2839 2837
f 2845 2841 2846
f 2836 2859 2857
f 2843 2845 2846
f 2844 2846 2842
f 2863 2864 2701
f 2864 2865 2718
f 2837 2850 2851
f 2831 2849 2850
f 2850 2706 2707
f 2861 2713 2706
f 2861 2854 2714
f 2833 2852 2853
f 2839 2853 2831
f 2852 2855 2856
f 2853 2856 2854
f 2840 2851 2848
f 2858 2843 2844
f 2859 2844 2842
f 2834 2858 2859
f 2836 2857 2842
f 2849 2861 2850
f 2847 2848 2865
f 2836 2847 2864
f 2836 2863 2862
f 2855 2867 2856
f 2854 2866 2868
f 2854 2868 2719
f 2830 2869 2835
f 2862 2873 2869
f 2692 2724 2873
f 2835 2872 2871
f 2865 2874 2727
f 2875 2878 2876
f 2874 2877 2730
f 2874 2876 2877
f 2877 2879 2730
f 2851 2801 2848
f 2860 2880 2851
f 2919 2881 2883
f 2925 2885 2920
f 2928 2887 2885
f 2887 2886 2885
f 2932 2890 2887
f 2884 2883 2899
f 2930 2889 2890
f 2889 2888 2890
f 2906 2892 2907
f 2888 2891 2893
f 2885 2886 2896
f 2882 2885 2895
f 2882 2894 2898
f 2920 2882 2897
f 2939 2897 2898
f 2886 2890 2893
f 2945 2899 2888
f 2921 2884 2945
f 2883 2891 2888
f 2894 2902 2903
f 2894 2895 2901
f 2895 2896 2900
f 2891 2906 2907
f 2883 2905 2906
f 2883 2881 2904
f 2898 2903 2908
f 2904 2881 2909
f 2881 2919 2910
f 2910 2957 2958
f 2893 2907 2912
f 2893 2911 2962
f 2962 2911 2913
f 2911 2912 2914
f 2913 2914 2915
f 2896 2893 2935
f 2900 2896 2916
f 2950 2812 2788
f 2919 2921 2923
f 2925 2920 2926
f 2928 2925 2926
f 2933 2926 2924
f 2932 2928 2933
f 2923 2946 2944
f 2930 2932 2933
f 2931 2933 2929
f 2950 2951 2797
f 2951 2952 2814
f 2924 2937 2938
f 2918 2936 2937
f 2937 2802 2803
f 2948 2809 2802
f 2948 2941 2810
f 2920 2939 2940
f 2926 2940 2918
f 2939 2942 2943
f 2940 2943 2941
f 2927 2938 2935
f 2945 2930 2931
f 2946 2931 2929
f 2921 2945 2946
f 2923 2944 2929
f 2936 2948 2937
f 2934 2935 2952
f 2923 2934 2951
f 2923 2950 2949
f 2942 2954 2943
f 2941 2953 2955
f 2941 2955 2815
f 2917 2956 2922
f 2949 2960 2956
f 2788 2820 2960
f 2922 2959 2958
f 2952 2961 2823
f 2962 2965 2963
f 2961 2964 2826
f 2961 2963 2964
f 2964 2966 2826
f 2938 2896 2935
f 2947 2967 2938
f 2992 3135 2970
f 3011 3014 2972
f 3016 3012 2974
f 3019 3016 2974
f 2977 2974 2973
f 3024 3019 2977
f 2972 3036 2988
f 3022 3024 2977
f 3022 2977 2976
f 2992 2993 2979
f 2973 2982 2983
f 2969 2981 2982
f 2982 2984 2985
f 2990 2986 3133
f 2974 3032 2969
f 3032 3035 2987
f 3032 2987 2986
f 2975 2983 2980
f 3036 3022 2976
f 2972 2988 2976
f 2981 2990 2982
f 2978 2980 2994
f 2972 2978 2993
f 2972 2992 2991
f 3035 3046 2987
f 2986 2995 2997
f 2986 2997 2996
f 2968 2998 2971
f 2991 3001 2998
f 2970 2999 3001
f 2971 3000 3051
f 2994 3002 3003
f 3054 3057 3004
f 3002 3006 3005
f 3002 3004 3006
f 3004 3007 3006
f 2983 3031 2980
f 2989 3008 2983
f 3011 3009 3013
f 3016 3017 3012
f 3019 3020 3017
f 3020 3018 3017
f 3024 3025 3020
f 3015 3013 3037
f 3022 3023 3025
f 3023 3021 3025
f 3044 3027 3045
f 3021 3026 3028
f 3017 3018 3031
f 3010 3017 3030
f 3010 3029 3034
f 3012 3010 3033
f 3032 3033 3035
f 3018 3025 3028
f 3036 3037 3023
f 3014 3015 3037
f 3013 3026 3021
f 3029 3040 3041
f 3029 3030 3039
f 3030 3031 3038
f 3026 3044 3045
f 3013 3043 3044
f 3013 3009 3042
f 3034 3041 3047
f 3042 3009 3048
f 3009 3011 3050
f 3050 3049 3051
f 3028 3045 3053
f 3028 3052 3054
f 3054 3052 3055
f 3052 3053 3056
f 3057 3055 3058
f 3055 3056 3059
f 3031 3028 2980
f 3038 3031 3060
f 3085 3229 3063
f 3104 3107 3065
f 3109 3105 3067
f 3112 3109 3067
f 3070 3067 3066
f 3117 3112 3070
f 3065 3128 3081
f 3115 3117 3070
f 3115 3070 3069
f 3085 3086 3072
f 3066 3075 3076
f 3062 3074 3075
f 3075 3077 3078
f 3083 3079 3227
f 3067 3124 3062
f 3124 3127 3080
f 3124 3080 3079
f 3068 3076 3073
f 3128 3115 3069
f 3065 3081 3069
f 3074 3083 3075
f 3071 3073 3087
f 3065 3071 3086
f 3065 3085 3084
f 3127 3138 3080
f 3079 3088 3090
f 3079 3090 3089
f 3061 3091 3064
f 3084 3094 3091
f 3063 3092 3094
f 3064 3093 3140
f 3087 3095 3096
f 3148 3151 3097
f 3095 3099 3098
f 3095 3097 3099
f 3097 3100 3099
f 3076 3123 3073
f 3082 3101 3076
f 3104 3102 3106
f 3135 3134 2970
f 3109 3110 3105
f 3112 3113 3110
f 3113 3111 3110
f 3117 3118 3113
f 3108 3106 3129
f 3115 3116 3118
f 3116 3114 3118
f 3136 2979 2994
f 3114 3119 3120
f 3110 3111 3123
f 3103 3110 3122
f 3131 3130 2985
f 3132 3131 2984
f 3103 3121 3126
f 3132 2990 3133
f 3105 3103 3125
f 3124 3125 3127
f 3111 3118 3120
f 3128 3129 3116
f 3107 3108 3129
f 3106 3119 3114
f 3121 3132 3133
f 3121 3122 3131
f 3122 3123 3130
f 3119 3136 3137
f 3106 3135 3136
f 3106 3102 3134
f 3126 3133 3139
f 2970 3134 3142
f 3102 3104 3141
f 3102 3141 3144
f 3142 3102 3143
f 2970 3142 3145
f 3137 2994 3003
f 3120 3137 3147
f 3120 3146 3148
f 3148 3146 3149
f 3147 3003 3005
f 3146 3147 3150
f 3151 3149 3152
f 3123 3120 3073
f 3130 3123 3153
f 2985 3130 3154
f 3179 3323 3157
f 3198 3201 3159
f 3203 3199 3161
f 3206 3203 3161
f 3164 3161 3160
f 3211 3206 3164
f 3159 3222 3175
f 3209 3211 3164
f 3209 3164 3163
f 3179 3180 3166
f 3160 3169 3170
f 3156 3168 3169
f 3169 3171 3172
f 3177 3173 3321
f 3161 3218 3156
f 3218 3221 3174
f 3218 3174 3173
f 3162 3170 3167
f 3222 3209 3163
f 3159 3175 3163
f 3168 3177 3169
f 3165 3167 3181
f 3159 3165 3180
f 3159 3179 3178
f 3221 3232 3174
f 3173 3182 3184
f 3173 3184 3183
f 3155 3185 3158
f 3178 3188 3185
f 3157 3186 3188
f 3158 3187 3234
f 3181 3189 3190
f 3242 3245 3191
f 3189 3193 3192
f 3189 3191 3193
f 3191 3194 3193
f 3170 3217 3167
f 3176 3195 3170
f 3198 3196 3200
f 3229 3228 3063
f 3203 3204 3199
f 3206 3207 3204
f 3207 3205 3204
f 3211 3212 3207
f 3202 3200 3223
f 3209 3210 3212
f 3210 3208 3212
f 3230 3072 3087
f 3208 3213 3214
f 3204 3205 3217
f 3197 3204 3216
f 3225 3224 3078
f 3226 3225 3077
f 3197 3215 3220
f 3226 3083 3227
f 3199 3197 3219
f 3218 3219 3221
f 3205 3212 3214
f 3222 3223 3210
f 3201 3202 3223
f 3200 3213 3208
f 3215 3226 3227
f 3215 3216 3225
f 3216 3217 3224
f 3213 3230 3231
f 3200 3229 3230
f 3200 3196 3228
f 3220 3227 3233
f 3063 3228 3236
f 3196 3198 3235
f 3196 3235 3238
f 3236 3196 3237
f 3063 3236 3239
f 3231 3087 3096
f 3214 3231 3241
f 3214 3240 3242
f 3242 3240 3243
f 3241 3096 3098
f 3240 3241 3244
f 3245 3243 3246
f 3217 3214 3167
f 3224 3217 3247
f 3078 3224 3248
f 3273 3417 3251
f 3292 3295 3253
f 3297 3293 3255
f 3300 3297 3255
f 3258 3255 3254
f 3305 3300 3258
f 3253 3316 3269
f 3303 3305 3258
f 3303 3258 3257
f 3273 3274 3260
f 3254 3263 3264
f 3250 3262 3263
f 3263 3265 3266
f 3271 3267 3415
f 3255 3312 3250
f 3312 3315 3268
f 3312 3268 3267
f 3256 3264 3261
f 3316 3303 3257
f 3253 3269 3257
f 3262 3271 3263
f 3259 3261 3275
f 3253 3259 3274
f 3253 3273 3272
f 3315 3326 3268
f 3267 3276 3278
f 3267 3278 3277
f 3249 3279 3252
f 3272 3282 3279
f 3251 3280 3282
f 3252 3281 3328
f 3275 3283 3284
f 3336 3339 3285
f 3283 3287 3286
f 3283 3285 3287
f 3285 3288 3287
f 3264 3311 3261
f 3270 3289 3264
f 3292 3290 3294
f 3323 3322 3157
f 3297 3298 3293
f 3300 3301 3298
f 3301 3299 3298
f 3305 3306 3301
f 3296 3294 3317
f 3303 3304 3306
f 3304 3302 3306
f 3324 3166 3181
f 3302 3307 3308
f 3298 3299 3311
f 3291 3298 3310
f 3319 3318 3172
f 3320 3319 3171
f 3291 3309 3314
f 3320 3177 3321
f 3293 3291 3313
f 3312 3313 3315
f 3299 3306 3308
f 3316 3317 3304
f 3295 3296 3317
f 3294 3307 3302
f 3309 3320 3321
f 3309 3310 3319
f 3310 3311 3318
f 3307 3324 3325
f 3294 3323 3324
f 3294 3290 3322
f 3314 3321 3327
f 3157 3322 3330
f 3290 3292 3329
f 3290 3329 3332
f 3330 3290 3331
f 3157 3330 3333
f 3325 3181 3190
f 3308 3325 3335
f 3308 3334 3336
f 3336 3334 3337
f 3335 3190 3192
f 3334 3335 3338
f 3339 3337 3340
f 3311 3308 3261
f 3318 3311 3341
f 3172 3318 3342
f 3386 3389 3347
f 3391 3387 3349
f 3394 3391 3349
f 3352 3349 3348
f 3399 3394 3352
f 3347 3410 3362
f 3397 3399 3352
f 3397 3352 3351
f 3368 3369 3354
f 3348 3357 3358
f 3344 3356 3357
f 3365 3359 3364
f 3349 3406 3344
f 3406 3409 3361
f 3406 3361 3360
f 3350 3358 3355
f 3410 3397 3351
f 3347 3362 3351
f 3356 3360 3366
f 3356 3365 3364
f 3357 3364 3363
f 3353 3355 3370
f 3347 3353 3369
f 3347 3368 3367
f 3409 3420 3361
f 3366 3372 3371
f 3343 3373 3346
f 3367 3376 3373
f 3345 3374 3376
f 3346 3375 3422
f 3370 3377 3378
f 3430 3433 3379
f 3377 3381 3380
f 3377 3379 3381
f 3379 3382 3381
f 3358 3405 3355
f 3363 3383 3358
f 3386 3384 3388
f 3417 3416 3251
f 3391 3392 3387
f 3394 3395 3392
f 3395 3393 3392
f 3399 3400 3395
f 3390 3388 3411
f 3397 3398 3400
f 3398 3396 3400
f 3418 3260 3275
f 3396 3401 3402
f 3392 3393 3405
f 3385 3392 3404
f 3413 3412 3266
f 3414 3413 3265
f 3385 3403 3408
f 3414 3271 3415
f 3387 3385 3407
f 3406 3407 3409
f 3393 3400 3402
f 3410 3411 3398
f 3389 3390 3411
f 3388 3401 3396
f 3403 3414 3415
f 3403 3404 3413
f 3404 3405 3412
f 3401 3418 3419
f 3388 3417 3418
f 3388 3384 3416
f 3408 3415 3421
f 3251 3416 3424
f 3384 3386 3423
f 3384 3423 3426
f 3424 3384 3425
f 3251 3424 3427
f 3419 3275 3284
f 3402 3419 3429
f 3402 3428 3430
f 3430 3428 3431
f 3429 3284 3286
f 3428 3429 3432
f 3433 3431 3434
f 3405 3402 3355
f 3412 3405 3435
f 3266 3412 3436
f 3499 3498 3497
f 3563 3726 3536
f 3561 3724 3559
f 3450 3451 3460
f 3443 3444 3456
f 3451 3452 3460
f 3444 3445 3457
f 3437 3438 3453
f 3452 3437 3453
f 3445 3446 3457
f 3438 3439 3454
f 3446 3447 3458
f 3439 3440 3454
f 3447 3448 3458
f 3440 3441 3455
f 3448 3449 3459
f 3441 3442 3455
f 3449 3450 3459
f 3442 3443 3456
f 3454 3455 3463
f 3458 3459 3467
f 3455 3456 3464
f 3459 3460 3468
f 3456 3457 3465
f 3460 3453 3461
f 3453 3454 3462
f 3457 3458 3466
f 3507 3564 3535
f 3530 3555 3562
f 3528 3553 3557
f 3526 3551 3555
f 3524 3549 3553
f 3522 3547 3551
f 3520 3545 3549
f 3518 3543 3547
f 3516 3541 3545
f 3514 3539 3543
f 3512 3537 3541
f 3510 3535 3539
f 3504 3533 3537
f 3444 3531 3508
f 3501 3560 3533
f 3452 3506 3502
f 3446 3509 3513
f 3445 3508 3509
f 3534 3697 3538
f 3443 3527 3531
f 3450 3525 3529
f 3442 3523 3527
f 3449 3521 3525
f 3441 3519 3523
f 3448 3517 3521
f 3440 3515 3519
f 3447 3513 3517
f 3439 3511 3515
f 3451 3529 3506
f 3532 3557 3564
f 3438 3503 3511
f 3505 3562 3560
f 3539 3535 3591
f 3557 3553 3573
f 3536 3540 3588
f 3530 3505 3494
f 3517 3513 3478
f 3554 3558 3566
f 3514 3518 3481
f 3541 3537 3589
f 3508 3531 3500
f 3562 3555 3569
f 3538 3542 3586
f 3519 3515 3480
f 3532 3507 3498
f 3516 3520 3483
f 3556 3561 3571
f 3543 3539 3587
f 3540 3544 3584
f 3521 3517 3482
f 3564 3557 3565
f 3518 3522 3485
f 3545 3541 3585
f 3558 3563 3567
f 3542 3546 3582
f 3523 3519 3484
f 3520 3524 3487
f 3503 3502 3469
f 3547 3543 3583
f 3501 3504 3471
f 3544 3548 3580
f 3525 3521 3486
f 3502 3506 3493
f 3522 3526 3489
f 3437 3502 3503
f 3495 3494 3493
f 3491 3499 3500
f 3489 3495 3496
f 3487 3491 3492
f 3485 3489 3490
f 3483 3487 3488
f 3481 3485 3486
f 3479 3483 3484
f 3477 3481 3482
f 3475 3479 3480
f 3473 3477 3478
f 3471 3475 3476
f 3498 3473 3474
f 3494 3470 3469
f 3470 3471 3472
f 3566 3567 3568
f 3570 3571 3572
f 3574 3566 3565
f 3576 3570 3569
f 3578 3574 3573
f 3580 3576 3575
f 3582 3578 3577
f 3584 3580 3579
f 3586 3582 3581
f 3588 3584 3583
f 3590 3586 3585
f 3592 3588 3587
f 3594 3590 3589
f 3567 3592 3591
f 3571 3595 3596
f 3595 3594 3593
f 3512 3516 3479
f 3506 3529 3496
f 3552 3556 3570
f 3515 3511 3476
f 3534 3538 3590
f 3555 3551 3575
f 3528 3532 3499
f 3537 3533 3593
f 3510 3514 3477
f 3531 3527 3492
f 3563 3536 3592
f 3550 3554 3574
f 3513 3509 3474
f 3535 3564 3568
f 3553 3549 3577
f 3526 3530 3495
f 3561 3559 3595
f 3504 3512 3475
f 3529 3525 3490
f 3548 3552 3576
f 3511 3503 3472
f 3560 3562 3572
f 3551 3547 3579
f 3507 3510 3473
f 3524 3528 3491
f 3559 3534 3594
f 3509 3508 3497
f 3527 3523 3488
f 3533 3560 3596
f 3546 3550 3578
f 3505 3501 3470
f 3549 3545 3581
f 3699 3703 3540
f 3662 3663 3660
f 3701 3705 3542
f 3726 3699 3536
f 3703 3707 3544
f 3705 3709 3546
f 3707 3711 3548
f 3709 3713 3550
f 3711 3715 3552
f 3713 3717 3554
f 3715 3719 3556
f 3717 3721 3558
f 3724 3722 3559
f 3610 3626 3627
f 3603 3619 3620
f 3611 3627 3628
f 3604 3620 3621
f 3597 3613 3614
f 3612 3628 3613
f 3605 3621 3622
f 3598 3614 3615
f 3606 3622 3623
f 3599 3615 3616
f 3607 3623 3624
f 3600 3616 3617
f 3608 3624 3625
f 3601 3617 3618
f 3609 3625 3626
f 3602 3618 3619
f 3628 3631 3613
f 3614 3629 3615
f 3622 3630 3623
f 3670 3673 3698
f 3693 3668 3725
f 3691 3695 3720
f 3689 3693 3718
f 3687 3691 3716
f 3685 3689 3714
f 3683 3687 3712
f 3681 3685 3710
f 3679 3683 3708
f 3677 3681 3706
f 3675 3679 3704
f 3673 3677 3702
f 3667 3675 3700
f 3604 3605 3671
f 3664 3667 3696
f 3612 3597 3665
f 3606 3607 3676
f 3605 3606 3672
f 3697 3701 3538
f 3603 3604 3694
f 3610 3611 3692
f 3602 3603 3690
f 3609 3610 3688
f 3601 3602 3686
f 3608 3609 3684
f 3600 3601 3682
f 3607 3608 3680
f 3599 3600 3678
f 3611 3612 3669
f 3695 3670 3727
f 3598 3599 3674
f 3668 3664 3723
f 3702 3750 3754
f 3720 3728 3736
f 3699 3755 3751
f 3693 3658 3657
f 3680 3645 3641
f 3717 3737 3729
f 3677 3640 3644
f 3704 3748 3752
f 3671 3660 3663
f 3725 3735 3732
f 3701 3753 3749
f 3682 3647 3643
f 3695 3662 3661
f 3679 3642 3646
f 3719 3733 3734
f 3706 3746 3750
f 3703 3751 3747
f 3684 3649 3645
f 3727 3731 3728
f 3681 3644 3648
f 3708 3744 3748
f 3721 3729 3730
f 3705 3749 3745
f 3686 3651 3647
f 3683 3646 3650
f 3666 3635 3632
f 3710 3742 3746
f 3664 3633 3634
f 3707 3747 3743
f 3688 3653 3649
f 3665 3632 3656
f 3685 3648 3652
f 3597 3598 3666
f 3658 3659 3656
f 3654 3655 3663
f 3652 3653 3659
f 3650 3651 3655
f 3648 3649 3653
f 3646 3647 3651
f 3644 3645 3649
f 3642 3643 3647
f 3640 3641 3645
f 3638 3639 3643
f 3636 3637 3641
f 3634 3635 3639
f 3661 3660 3637
f 3657 3656 3632
f 3633 3632 3635
f 3729 3728 3731
f 3733 3732 3735
f 3737 3736 3728
f 3739 3738 3732
f 3741 3740 3736
f 3743 3742 3738
f 3745 3744 3740
f 3747 3746 3742
f 3749 3748 3744
f 3751 3750 3746
f 3753 3752 3748
f 3755 3754 3750
f 3757 3756 3752
f 3730 3731 3754
f 3734 3735 3759
f 3758 3759 3756
f 3675 3638 3642
f 3669 3656 3659
f 3715 3739 3733
f 3678 3643 3639
f 3697 3757 3753
f 3718 3732 3738
f 3691 3654 3662
f 3700 3752 3756
f 3673 3636 3640
f 3694 3663 3655
f 3726 3730 3755
f 3713 3741 3737
f 3676 3641 3637
f 3698 3754 3731
f 3716 3736 3740
f 3689 3652 3658
f 3724 3734 3758
f 3667 3634 3638
f 3692 3659 3653
f 3711 3743 3739
f 3674 3639 3635
f 3723 3759 3735
f 3714 3738 3742
f 3670 3661 3636
f 3687 3650 3654
f 3722 3758 3757
f 3672 3637 3660
f 3690 3655 3651
f 3696 3756 3759
f 3709 3745 3741
f 3668 3657 3633
f 3712 3740 3744
f 3825 3826 3823
f 3866 3870 3943
f 3868 3872 3940
f 3874 3878 3944
f 3876 3880 3941
f 3882 3887 3945
f 3884 3889 3942
f 3773 3789 3790
f 3766 3782 3783
f 3774 3790 3791
f 3767 3783 3784
f 3760 3776 3777
f 3775 3791 3776
f 3768 3784 3785
f 3761 3777 3778
f 3769 3785 3786
f 3762 3778 3779
f 3770 3786 3787
f 3763 3779 3780
f 3771 3787 3788
f 3764 3780 3781
f 3772 3788 3789
f 3765 3781 3782
f 3791 3794 3776
f 3777 3792 3778
f 3785 3793 3786
f 3833 3836 3861
f 3856 3831 3888
f 3854 3858 3883
f 3852 3856 3881
f 3850 3854 3879
f 3848 3852 3877
f 3846 3850 3875
f 3844 3848 3873
f 3842 3846 3871
f 3840 3844 3869
f 3838 3842 3867
f 3836 3840 3865
f 3830 3838 3863
f 3767 3768 3834
f 3827 3830 3859
f 3775 3760 3828
f 3769 3770 3839
f 3768 3769 3835
f 3860 3864 3939
f 3766 3767 3857
f 3773 3774 3855
f 3765 3766 3853
f 3772 3773 3851
f 3764 3765 3849
f 3771 3772 3847
f 3763 3764 3845
f 3770 3771 3843
f 3762 3763 3841
f 3774 3775 3832
f 3858 3833 3890
f 3761 3762 3837
f 3831 3827 3886
f 3865 3913 3917
f 3883 3891 3899
f 3862 3918 3914
f 3856 3821 3820
f 3843 3808 3804
f 3880 3900 3892
f 3840 3803 3807
f 3867 3911 3915
f 3834 3823 3826
f 3888 3898 3895
f 3864 3916 3912
f 3845 3810 3806
f 3858 3825 3824
f 3842 3805 3809
f 3882 3896 3897
f 3869 3909 3913
f 3866 3914 3910
f 3847 3812 3808
f 3890 3894 3891
f 3844 3807 3811
f 3871 3907 3911
f 3884 3892 3893
f 3868 3912 3908
f 3849 3814 3810
f 3846 3809 3813
f 3829 3798 3795
f 3873 3905 3909
f 3827 3796 3797
f 3870 3910 3906
f 3851 3816 3812
f 3828 3795 3819
f 3848 3811 3815
f 3760 3761 3829
f 3821 3822 3819
f 3817 3818 3826
f 3815 3816 3822
f 3813 3814 3818
f 3811 3812 3816
f 3809 3810 3814
f 3807 3808 3812
f 3805 3806 3810
f 3803 3804 3808
f 3801 3802 3806
f 3799 3800 3804
f 3797 3798 3802
f 3824 3823 3800
f 3820 3819 3795
f 3796 3795 3798
f 3892 3891 3894
f 3896 3895 3898
f 3900 3899 3891
f 3902 3901 3895
f 3904 3903 3899
f 3906 3905 3901
f 3908 3907 3903
f 3910 3909 3905
f 3912 3911 3907
f 3914 3913 3909
f 3916 3915 3911
f 3918 3917 3913
f 3920 3919 3915
f 3893 3894 3917
f 3897 3898 3922
f 3921 3922 3919
f 3838 3801 3805
f 3832 3819 3822
f 3878 3902 3896
f 3841 3806 3802
f 3860 3920 3916
f 3881 3895 3901
f 3854 3817 3825
f 3863 3915 3919
f 3836 3799 3803
f 3857 3826 3818
f 3889 3893 3918
f 3876 3904 3900
f 3839 3804 3800
f 3861 3917 3894
f 3879 3899 3903
f 3852 3815 3821
f 3887 3897 3921
f 3830 3797 3801
f 3855 3822 3816
f 3874 3906 3902
f 3837 3802 3798
f 3886 3922 3898
f 3877 3901 3905
f 3833 3824 3799
f 3850 3813 3817
f 3885 3921 3920
f 3835 3800 3823
f 3853 3818 3814
f 3859 3919 3922
f 3872 3908 3904
f 3831 3820 3796
f 3875 3903 3907
f 4029 3862 3866
f 3992 3991 3990
f 4031 3939 3868
f 4052 3885 3860
f 4056 3942 3862
f 4033 3866 3943
f 4035 3868 3940
f 4037 3943 3874
f 4039 3940 3876
f 4041 3874 3944
f 4043 3876 3941
f 4045 3944 3882
f 4047 3941 3884
f 4049 3882 3945
f 4051 3884 3942
f 4054 3945 3885
f 3936 3937 3953
f 3929 3930 3949
f 3937 3938 3953
f 3930 3931 3950
f 3923 3924 3946
f 3938 3923 3946
f 3931 3932 3950
f 3924 3925 3947
f 3932 3933 3951
f 3925 3926 3947
f 3933 3934 3951
f 3926 3927 3948
f 3934 3935 3952
f 3927 3928 3948
f 3935 3936 3952
f 3928 3929 3949
f 3947 3948 3956
f 3951 3952 3960
f 3948 3949 3957
f 3952 3953 3961
f 3949 3950 3958
f 3953 3946 3954
f 3946 3947 3955
f 3950 3951 3959
f 4000 4057 4028
f 4023 4048 4055
f 4021 4046 4050
f 4019 4044 4048
f 4017 4042 4046
f 4015 4040 4044
f 4013 4038 4042
f 4011 4036 4040
f 4009 4034 4038
f 4007 4032 4036
f 4005 4030 4034
f 4003 4028 4032
f 3997 4026 4030
f 3930 4024 4001
f 3994 4053 4026
f 3938 3999 3995
f 3932 4002 4006
f 3931 4001 4002
f 4027 3860 3939
f 3929 4020 4024
f 3936 4018 4022
f 3928 4016 4020
f 3935 4014 4018
f 3927 4012 4016
f 3934 4010 4014
f 3926 4008 4012
f 3933 4006 4010
f 3925 4004 4008
f 3937 4022 3999
f 4025 4050 4057
f 3924 3996 4004
f 3998 4055 4053
f 4032 4028 4084
f 4050 4046 4066
f 4029 4033 4081
f 4023 3998 3987
f 4010 4006 3971
f 4047 4051 4059
f 4007 4011 3974
f 4034 4030 4082
f 4001 4024 3993
f 4055 4048 4062
f 4031 4035 4079
f 4012 4008 3973
f 4025 4000 3991
f 4009 4013 3976
f 4049 4054 4064
f 4036 4032 4080
f 4033 4037 4077
f 4014 4010 3975
f 4057 4050 4058
f 4011 4015 3978
f 4038 4034 4078
f 4051 4056 4060
f 4035 4039 4075
f 4016 4012 3977
f 4013 4017 3980
f 3996 3995 3962
f 4040 4036 4076
f 3994 3997 3964
f 4037 4041 4073
f 4018 4014 3979
f 3995 3999 3986
f 4015 4019 3982
f 3923 3995 3996
f 3988 3987 3986
f 3984 3992 3993
f 3982 3988 3989
f 3980 3984 3985
f 3978 3982 3983
f 3976 3980 3981
f 3974 3978 3979
f 3972 3976 3977
f 3970 3974 3975
f 3968 3972 3973
f 3966 3970 3971
f 3964 3968 3969
f 3991 3966 3967
f 3987 3963 3962
f 3963 3964 3965
f 4059 4060 4061
f 4063 4064 4065
f 4067 4059 4058
f 4069 4063 4062
f 4071 4067 4066
f 4073 4069 4068
f 4075 4071 4070
f 4077 4073 4072
f 4079 4075 4074
f 4081 4077 4076
f 4083 4079 4078
f 4085 4081 4080
f 4087 4083 4082
f 4060 4085 4084
f 4064 4088 4089
f 4088 4087 4086
f 4005 4009 3972
f 3999 4022 3989
f 4045 4049 4063
f 4008 4004 3969
f 4027 4031 4083
f 4048 4044 4068
f 4021 4025 3992
f 4030 4026 4086
f 4003 4007 3970
f 4024 4020 3985
f 4056 4029 4085
f 4043 4047 4067
f 4006 4002 3967
f 4028 4057 4061
f 4046 4042 4070
f 4019 4023 3988
f 4054 4052 4088
f 3997 4005 3968
f 4022 4018 3983
f 4041 4045 4069
f 4004 3996 3965
f 4053 4055 4065
f 4044 4040 4072
f 4000 4003 3966
f 4017 4021 3984
f 4052 4027 4087
f 4002 4001 3990
f 4020 4016 3981
f 4026 4053 4089
f 4039 4043 4071
f 3998 3994 3963
f 4042 4038 4074
f 4152 4151 4150
f 4216 4379 4189
f 4214 4377 4212
f 4103 4104 4113
f 4096 4097 4109
f 4104 4105 4113
f 4097 4098 4110
f 4090 4091 4106
f 4105 4090 4106
f 4098 4099 4110
f 4091 4092 4107
f 4099 4100 4111
f 4092 4093 4107
f 4100 4101 4111
f 4093 4094 4108
f 4101 4102 4112
f 4094 4095 4108
f 4102 4103 4112
f 4095 4096 4109
f 4107 4108 4116
f 4111 4112 4120
f 4108 4109 4117
f 4112 4113 4121
f 4109 4110 4118
f 4113 4106 4114
f 4106 4107 4115
f 4110 4111 4119
f 4160 4217 4188
f 4183 4208 4215
f 4181 4206 4210
f 4179 4204 4208
f 4177 4202 4206
f 4175 4200 4204
f 4173 4198 4202
f 4171 4196 4200
f 4169 4194 4198
f 4167 4192 4196
f 4165 4190 4194
f 4163 4188 4192
f 4157 4186 4190
f 4097 4184 4161
f 4154 4213 4186
f 4105 4159 4155
f 4099 4162 4166
f 4098 4161 4162
f 4187 4350 4191
f 4096 4180 4184
f 4103 4178 4182
f 4095 4176 4180
f 4102 4174 4178
f 4094 4172 4176
f 4101 4170 4174
f 4093 4168 4172
f 4100 4166 4170
f 4092 4164 4168
f 4104 4182 4159
f 4185 4210 4217
f 4091 4156 4164
f 4158 4215 4213
f 4192 4188 4244
f 4210 4206 4226
f 4189 4193 4241
f 4183 4158 4147
f 4170 4166 4131
f 4207 4211 4219
f 4167 4171 4134
f 4194 4190 4242
f 4161 4184 4153
f 4215 4208 4222
f 4191 4195 4239
f 4172 4168 4133
f 4185 4160 4151
f 4169 4173 4136
f 4209 4214 4224
f 4196 4192 4240
f 4193 4197 4237
f 4174 4170 4135
f 4217 4210 4218
f 4171 4175 4138
f 4198 4194 4238
f 4211 4216 4220
f 4195 4199 4235
f 4176 4172 4137
f 4173 4177 4140
f 4156 4155 4122
f 4200 4196 4236
f 4154 4157 4124
f 4197 4201 4233
f 4178 4174 4139
f 4155 4159 4146
f 4175 4179 4142
f 4090 4155 4156
f 4148 4147 4146
f 4144 4152 4153
f 4142 4148 4149
f 4140 4144 4145
f 4138 4142 4143
f 4136 4140 4141
f 4134 4138 4139
f 4132 4136 4137
f 4130 4134 4135
f 4128 4132 4133
f 4126 4130 4131
f 4124 4128 4129
f 4151 4126 4127
f 4147 4123 4122
f 4123 4124 4125
f 4219 4220 4221
f 4223 4224 4225
f 4227 4219 4218
f 4229 4223 4222
f 4231 4227 4226
f 4233 4229 4228
f 4235 4231 4230
f 4237 4233 4232
f 4239 4235 4234
f 4241 4237 4236
f 4243 4239 4238
f 4245 4241 4240
f 4247 4243 4242
f 4220 4245 4244
f 4224 4248 4249
f 4248 4247 4246
f 4165 4169 4132
f 4159 4182 4149
f 4205 4209 4223
f 4168 4164 4129
f 4187 4191 4243
f 4208 4204 4228
f 4181 4185 4152
f 4190 4186 4246
f 4163 4167 4130
f 4184 4180 4145
f 4216 4189 4245
f 4203 4207 4227
f 4166 4162 4127
f 4188 4217 4221
f 4206 4202 4230
f 4179 4183 4148
f 4214 4212 4248
f 4157 4165 4128
f 4182 4178 4143
f 4201 4205 4229
f 4164 4156 4125
f 4213 4215 4225
f 4204 4200 4232
f 4160 4163 4126
f 4177 4181 4144
f 4212 4187 4247
f 4162 4161 4150
f 4180 4176 4141
f 4186 4213 4249
f 4199 4203 4231
f 4158 4154 4123
f 4202 4198 4234
f 4352 4356 4193
f 4315 4316 4313
f 4354 4358 4195
f 4379 4352 4189
f 4356 4360 4197
f 4358 4362 4199
f 4360 4364 4201
f 4362 4366 4203
f 4364 4368 4205
f 4366 4370 4207
f 4368 4372 4209
f 4370 4374 4211
f 4377 4375 4212
f 4263 4279 4280
f 4256 4272 4273
f 4264 4280 4281
f 4257 4273 4274
f 4250 4266 4267
f 4265 4281 4266
f 4258 4274 4275
f 4251 4267 4268
f 4259 4275 4276
f 4252 4268 4269
f 4260 4276 4277
f 4253 4269 4270
f 4261 4277 4278
f 4254 4270 4271
f 4262 4278 4279
f 4255 4271 4272
f 4281 4284 4266
f 4267 4282 4268
f 4275 4283 4276
f 4323 4326 4351
f 4346 4321 4378
f 4344 4348 4373
f 4342 4346 4371
f 4340 4344 4369
f 4338 4342 4367
f 4336 4340 4365
f 4334 4338 4363
f 4332 4336 4361
f 4330 4334 4359
f 4328 4332 4357
f 4326 4330 4355
f 4320 4328 4353
f 4257 4258 4324
f 4317 4320 4349
f 4265 4250 4318
f 4259 4260 4329
f 4258 4259 4325
f 4350 4354 4191
f 4256 4257 4347
f 4263 4264 4345
f 4255 4256 4343
f 4262 4263 4341
f 4254 4255 4339
f 4261 4262 4337
f 4253 4254 4335
f 4260 4261 4333
f 4252 4253 4331
f 4264 4265 4322
f 4348 4323 4380
f 4251 4252 4327
f 4321 4317 4376
f 4355 4403 4407
f 4373 4381 4389
f 4352 4408 4404
f 4346 4311 4310
f 4333 4298 4294
f 4370 4390 4382
f 4330 4293 4297
f 4357 4401 4405
f 4324 4313 4316
f 4378 4388 4385
f 4354 4406 4402
f 4335 4300 4296
f 4348 4315 4314
f 4332 4295 4299
f 4372 4386 4387
f 4359 4399 4403
f 4356 4404 4400
f 4337 4302 4298
f 4380 4384 4381
f 4334 4297 4301
f 4361 4397 4401
f 4374 4382 4383
f 4358 4402 4398
f 4339 4304 4300
f 4336 4299 4303
f 4319 4288 4285
f 4363 4395 4399
f 4317 4286 4287
f 4360 4400 4396
f 4341 4306 4302
f 4318 4285 4309
f 4338 4301 4305
f 4250 4251 4319
f 4311 4312 4309
f 4307 4308 4316
f 4305 4306 4312
f 4303 4304 4308
f 4301 4302 4306
f 4299 4300 4304
f 4297 4298 4302
f 4295 4296 4300
f 4293 4294 4298
f 4291 4292 4296
f 4289 4290 4294
f 4287 4288 4292
f 4314 4313 4290
f 4310 4309 4285
f 4286 4285 4288
f 4382 4381 4384
f 4386 4385 4388
f 4390 4389 4381
f 4392 4391 4385
f 4394 4393 4389
f 4396 4395 4391
f 4398 4397 4393
f 4400 4399 4395
f 4402 4401 4397
f 4404 4403 4399
f 4406 4405 4401
f 4408 4407 4403
f 4410 4409 4405
f 4383 4384 4407
f 4387 4388 4412
f 4411 4412 4409
f 4328 4291 4295
f 4322 4309 4312
f 4368 4392 4386
f 4331 4296 4292
f 4350 4410 4406
f 4371 4385 4391
f 4344 4307 4315
f 4353 4405 4409
f 4326 4289 4293
f 4347 4316 4308
f 4379 4383 4408
f 4366 4394 4390
f 4329 4294 4290
f 4351 4407 4384
f 4369 4389 4393
f 4342 4305 4311
f 4377 4387 4411
f 4320 4287 4291
f 4345 4312 4306
f 4364 4396 4392
f 4327 4292 4288
f 4376 4412 4388
f 4367 4391 4395
f 4323 4314 4289
f 4340 4303 4307
f 4375 4411 4410
f 4325 4290 4313
f 4343 4308 4304
f 4349 4409 4412
f 4362 4398 4394
f 4321 4310 4286
f 4365 4393 4397
f 4478 4479 4476
f 4519 4523 4596
f 4521 4525 4593
f 4527 4531 4597
f 4529 4533 4594
f 4535 4540 4598
f 4537 4542 4595
f 4426 4442 4443
f 4419 4435 4436
f 4427 4443 4444
f 4420 4436 4437
f 4413 4429 4430
f 4428 4444 4429
f 4421 4437 4438
f 4414 4430 4431
f 4422 4438 4439
f 4415 4431 4432
f 4423 4439 4440
f 4416 4432 4433
f 4424 4440 4441
f 4417 4433 4434
f 4425 4441 4442
f 4418 4434 4435
f 4444 4447 4429
f 4430 4445 4431
f 4438 4446 4439
f 4486 4489 4514
f 4509 4484 4541
f 4507 4511 4536
f 4505 4509 4534
f 4503 4507 4532
f 4501 4505 4530
f 4499 4503 4528
f 4497 4501 4526
f 4495 4499 4524
f 4493 4497 4522
f 4491 4495 4520
f 4489 4493 4518
f 4483 4491 4516
f 4420 4421 4487
f 4480 4483 4512
f 4428 4413 4481
f 4422 4423 4492
f 4421 4422 4488
f 4513 4517 4592
f 4419 4420 4510
f 4426 4427 4508
f 4418 4419 4506
f 4425 4426 4504
f 4417 4418 4502
f 4424 4425 4500
f 4416 4417 4498
f 4423 4424 4496
f 4415 4416 4494
f 4427 4428 4485
f 4511 4486 4543
f 4414 4415 4490
f 4484 4480 4539
f 4518 4566 4570
f 4536 4544 4552
f 4515 4571 4567
f 4509 4474 4473
f 4496 4461 4457
f 4533 4553 4545
f 4493 4456 4460
f 4520 4564 4568
f 4487 4476 4479
f 4541 4551 4548
f 4517 4569 4565
f 4498 4463 4459
f 4511 4478 4477
f 4495 4458 4462
f 4535 4549 4550
f 4522 4562 4566
f 4519 4567 4563
f 4500 4465 4461
f 4543 4547 4544
f 4497 4460 4464
f 4524 4560 4564
f 4537 4545 4546
f 4521 4565 4561
f 4502 4467 4463
f 4499 4462 4466
f 4482 4451 4448
f 4526 4558 4562
f 4480 4449 4450
f 4523 4563 4559
f 4504 4469 4465
f 4481 4448 4472
f 4501 4464 4468
f 4413 4414 4482
f 4474 4475 4472
f 4470 4471 4479
f 4468 4469 4475
f 4466 4467 4471
f 4464 4465 4469
f 4462 4463 4467
f 4460 4461 4465
f 4458 4459 4463
f 4456 4457 4461
f 4454 4455 4459
f 4452 4453 4457
f 4450 4451 4455
f 4477 4476 4453
f 4473 4472 4448
f 4449 4448 4451
f 4545 4544 4547
f 4549 4548 4551
f 4553 4552 4544
f 4555 4554 4548
f 4557 4556 4552
f 4559 4558 4554
f 4561 4560 4556
f 4563 4562 4558
f 4565 4564 4560
f 4567 4566 4562
f 4569 4568 4564
f 4571 4570 4566
f 4573 4572 4568
f 4546 4547 4570
f 4550 4551 4575
f 4574 4575 4572
f 4491 4454 4458
f 4485 4472 4475
f 4531 4555 4549
f 4494 4459 4455
f 4513 4573 4569
f 4534 4548 4554
f 4507 4470 4478
f 4516 4568 4572
f 4489 4452 4456
f 4510 4479 4471
f 4542 4546 4571
f 4529 4557 4553
f 4492 4457 4453
f 4514 4570 4547
f 4532 4552 4556
f 4505 4468 4474
f 4540 4550 4574
f 4483 4450 4454
f 4508 4475 4469
f 4527 4559 4555
f 4490 4455 4451
f 4539 4575 4551
f 4530 4554 4558
f 4486 4477 4452
f 4503 4466 4470
f 4538 4574 4573
f 4488 4453 4476
f 4506 4471 4467
f 4512 4572 4575
f 4525 4561 4557
f 4484 4473 4449
f 4528 4556 4560
f 4682 4515 4519
f 4645 4644 4643
f 4684 4592 4521
f 4705 4538 4513
f 4709 4595 4515
f 4686 4519 4596
f 4688 4521 4593
f 4690 4596 4527
f 4692 4593 4529
f 4694 4527 4597
f 4696 4529 4594
f 4698 4597 4535
f 4700 4594 4537
f 4702 4535 4598
f 4704 4537 4595
f 4707 4598 4538
f 4589 4590 4606
f 4582 4583 4602
f 4590 4591 4606
f 4583 4584 4603
f 4576 4577 4599
f 4591 4576 4599
f 4584 4585 4603
f 4577 4578 4600
f 4585 4586 4604
f 4578 4579 4600
f 4586 4587 4604
f 4579 4580 4601
f 4587 4588 4605
f 4580 4581 4601
f 4588 4589 4605
f 4581 4582 4602
f 4600 4601 4609
f 4604 4605 4613
f 4601 4602 4610
f 4605 4606 4614
f 4602 4603 4611
f 4606 4599 4607
f 4599 4600 4608
f 4603 4604 4612
f 4653 4710 4681
f 4676 4701 4708
f 4674 4699 4703
f 4672 4697 4701
f 4670 4695 4699
f 4668 4693 4697
f 4666 4691 4695
f 4664 4689 4693
f 4662 4687 4691
f 4660 4685 4689
f 4658 4683 4687
f 4656 4681 4685
f 4650 4679 4683
f 4583 4677 4654
f 4647 4706 4679
f 4591 4652 4648
f 4585 4655 4659
f 4584 4654 4655
f 4680 4513 4592
f 4582 4673 4677
f 4589 4671 4675
f 4581 4669 4673
f 4588 4667 4671
f 4580 4665 4669
f 4587 4663 4667
f 4579 4661 4665
f 4586 4659 4663
f 4578 4657 4661
f 4590 4675 4652
f 4678 4703 4710
f 4577 4649 4657
f 4651 4708 4706
f 4685 4681 4737
f 4703 4699 4719
f 4682 4686 4734
f 4676 4651 4640
f 4663 4659 4624
f 4700 4704 4712
f 4660 4664 4627
f 4687 4683 4735
f 4654 4677 4646
f 4708 4701 4715
f 4684 4688 4732
f 4665 4661 4626
f 4678 4653 4644
f 4662 4666 4629
f 4702 4707 4717
f 4689 4685 4733
f 4686 4690 4730
f 4667 4663 4628
f 4710 4703 4711
f 4664 4668 4631
f 4691 4687 4731
f 4704 4709 4713
f 4688 4692 4728
f 4669 4665 4630
f 4666 4670 4633
f 4649 4648 4615
f 4693 4689 4729
f 4647 4650 4617
f 4690 4694 4726
f 4671 4667 4632
f 4648 4652 4639
f 4668 4672 4635
f 4576 4648 4649
f 4641 4640 4639
f 4637 4645 4646
f 4635 4641 4642
f 4633 4637 4638
f 4631 4635 4636
f 4629 4633 4634
f 4627 4631 4632
f 4625 4629 4630
f 4623 4627 4628
f 4621 4625 4626
f 4619 4623 4624
f 4617 4621 4622
f 4644 4619 4620
f 4640 4616 4615
f 4616 4617 4618
f 4712 4713 4714
f 4716 4717 4718
f 4720 4712 4711
f 4722 4716 4715
f 4724 4720 4719
f 4726 4722 4721
f 4728 4724 4723
f 4730 4726 4725
f 4732 4728 4727
f 4734 4730 4729
f 4736 4732 4731
f 4738 4734 4733
f 4740 4736 4735
f 4713 4738 4737
f 4717 4741 4742
f 4741 4740 4739
f 4658 4662 4625
f 4652 4675 4642
f 4698 4702 4716
f 4661 4657 4622
f 4680 4684 4736
f 4701 4697 4721
f 4674 4678 4645
f 4683 4679 4739
f 4656 4660 4623
f 4677 4673 4638
f 4709 4682 4738
f 4696 4700 4720
f 4659 4655 4620
f 4681 4710 4714
f 4699 4695 4723
f 4672 4676 4641
f 4707 4705 4741
f 4650 4658 4621
f 4675 4671 4636
f 4694 4698 4722
f 4657 4649 4618
f 4706 4708 4718
f 4697 4693 4725
f 4653 4656 4619
f 4670 4674 4637
f 4705 4680 4740
f 4655 4654 4643
f 4673 4669 4634
f 4679 4706 4742
f 4692 4696 4724
f 4651 4647 4616
f 4695 4691 4727
f 4790 4743 4745
f 4770 4769 4746
f 4797 4748 4791
f 4800 4750 4748
f 4750 4749 4748
f 4804 4753 4750
f 4747 4745 4764
f 4802 4752 4753
f 4752 4751 4753
f 4771 4755 4772
f 4751 4754 4756
f 4748 4749 4759
f 4744 4748 4758
f 4766 4765 4761
f 4767 4766 4760
f 4744 4757 4763
f 4791 4744 4762
f 4813 4762 4763
f 4749 4753 4756
f 4819 4764 4751
f 4792 4747 4819
f 4745 4754 4751
f 4757 4767 4768
f 4757 4758 4766
f 4758 4759 4765
f 4754 4771 4772
f 4745 4770 4771
f 4745 4743 4769
f 4763 4768 4774
f 4769 4743 4775
f 4743 4790 4776
f 4769 4775 4777
f 4746 4769 4779
f 4776 4833 4834
f 4756 4772 4782
f 4756 4780 4840
f 4840 4780 4783
f 4782 4781 4784
f 4780 4782 4785
f 4783 4785 4786
f 4759 4756 4808
f 4765 4759 4787
f 4790 4792 4795
f 4797 4791 4798
f 4800 4797 4798
f 4805 4798 4796
f 4804 4800 4805
f 4795 4820 4818
f 4802 4804 4805
f 4803 4805 4801
f 4826 4827 4807
f 4796 4810 4811
f 4789 4809 4810
f 4823 4812 4822
f 4791 4813 4814
f 4798 4814 4789
f 4813 4816 4817
f 4814 4817 4815
f 4799 4811 4808
f 4819 4802 4803
f 4820 4803 4801
f 4792 4819 4820
f 4795 4818 4801
f 4809 4815 4824
f 4809 4823 4822
f 4810 4822 4821
f 4806 4808 4828
f 4795 4806 4827
f 4795 4826 4825
f 4816 4830 4817
f 4824 4831 4829
f 4788 4832 4794
f 4825 4837 4832
f 4793 4835 4837
f 4794 4836 4834
f 4828 4838 4839
f 4840 4844 4841
f 4838 4843 4842
f 4838 4841 4843
f 4841 4845 4843
f 4811 4759 4808
f 4821 4846 4811
f 4894 4847 4849
f 4874 4873 4850
f 4900 4852 4895
f 4903 4854 4852
f 4854 4853 4852
f 4907 4857 4854
f 4851 4849 4868
f 4905 4856 4857
f 4856 4855 4857
f 4875 4859 4876
f 4855 4858 4860
f 4852 4853 4863
f 4848 4852 4862
f 4870 4869 4865
f 4871 4870 4864
f 4848 4861 4867
f 4895 4848 4866
f 4914 4866 4867
f 4853 4857 4860
f 4920 4868 4855
f 4896 4851 4920
f 4849 4858 4855
f 4861 4871 4872
f 4861 4862 4870
f 4862 4863 4869
f 4858 4875 4876
f 4849 4874 4875
f 4849 4847 4873
f 4867 4872 4878
f 4873 4847 4879
f 4847 4894 4880
f 4873 4879 4881
f 4850 4873 4883
f 4880 4932 4933
f 4860 4876 4886
f 4860 4884 4937
f 4937 4884 4887
f 4886 4885 4888
f 4884 4886 4889
f 4887 4889 4890
f 4863 4860 4910
f 4869 4863 4891
f 4925 4770 4746
f 4894 4896 4898
f 4900 4895 4901
f 4903 4900 4901
f 4908 4901 4899
f 4907 4903 4908
f 4898 4921 4919
f 4905 4907 4908
f 4906 4908 4904
f 4925 4926 4755
f 4926 4927 4772
f 4899 4912 4913
f 4893 4911 4912
f 4912 4760 4761
f 4923 4767 4760
f 4923 4916 4768
f 4895 4914 4915
f 4901 4915 4893
f 4914 4917 4918
f 4915 4918 4916
f 4902 4913 4910
f 4920 4905 4906
f 4921 4906 4904
f 4896 4920 4921
f 4898 4919 4904
f 4911 4923 4912
f 4909 4910 4927
f 4898 4909 4926
f 4898 4925 4924
f 4917 4929 4918
f 4916 4928 4930
f 4916 4930 4773
f 4892 4931 4897
f 4924 4935 4931
f 4746 4778 4935
f 4897 4934 4933
f 4927 4936 4781
f 4937 4940 4938
f 4936 4939 4784
f 4936 4938 4939
f 4939 4941 4784
f 4913 4863 4910
f 4922 4942 4913
f 4990 4943 4945
f 4970 4969 4946
f 4996 4948 4991
f 4999 4950 4948
f 4950 4949 4948
f 5003 4953 4950
f 4947 4945 4964
f 5001 4952 4953
f 4952 4951 4953
f 4971 4955 4972
f 4951 4954 4956
f 4948 4949 4959
f 4944 4948 4958
f 4966 4965 4961
f 4967 4966 4960
f 4944 4957 4963
f 4991 4944 4962
f 5010 4962 4963
f 4949 4953 4956
f 5016 4964 4951
f 4992 4947 5016
f 4945 4954 4951
f 4957 4967 4968
f 4957 4958 4966
f 4958 4959 4965
f 4954 4971 4972
f 4945 4970 4971
f 4945 4943 4969
f 4963 4968 4974
f 4969 4943 4975
f 4943 4990 4976
f 4969 4975 4977
f 4946 4969 4979
f 4976 5028 5029
f 4956 4972 4982
f 4956 4980 5033
f 5033 4980 4983
f 4982 4981 4984
f 4980 4982 4985
f 4983 4985 4986
f 4959 4956 5006
f 4965 4959 4987
f 5021 4874 4850
f 4990 4992 4994
f 4996 4991 4997
f 4999 4996 4997
f 5004 4997 4995
f 5003 4999 5004
f 4994 5017 5015
f 5001 5003 5004
f 5002 5004 5000
f 5021 5022 4859
f 5022 5023 4876
f 4995 5008 5009
f 4989 5007 5008
f 5008 4864 4865
f 5019 4871 4864
f 5019 5012 4872
f 4991 5010 5011
f 4997 5011 4989
f 5010 5013 5014
f 5011 5014 5012
f 4998 5009 5006
f 5016 5001 5002
f 5017 5002 5000
f 4992 5016 5017
f 4994 5015 5000
f 5007 5019 5008
f 5005 5006 5023
f 4994 5005 5022
f 4994 5021 5020
f 5013 5025 5014
f 5012 5024 5026
f 5012 5026 4877
f 4988 5027 4993
f 5020 5031 5027
f 4850 4882 5031
f 4993 5030 5029
f 5023 5032 4885
f 5033 5036 5034
f 5032 5035 4888
f 5032 5034 5035
f 5035 5037 4888
f 5009 4959 5006
f 5018 5038 5009
f 5086 5039 5041
f 5066 5065 5042
f 5092 5044 5087
f 5095 5046 5044
f 5046 5045 5044
f 5099 5049 5046
f 5043 5041 5060
f 5097 5048 5049
f 5048 5047 5049
f 5067 5051 5068
f 5047 5050 5052
f 5044 5045 5055
f 5040 5044 5054
f 5062 5061 5057
f 5063 5062 5056
f 5040 5053 5059
f 5087 5040 5058
f 5106 5058 5059
f 5045 5049 5052
f 5112 5060 5047
f 5088 5043 5112
f 5041 5050 5047
f 5053 5063 5064
f 5053 5054 5062
f 5054 5055 5061
f 5050 5067 5068
f 5041 5066 5067
f 5041 5039 5065
f 5059 5064 5070
f 5065 5039 5071
f 5039 5086 5072
f 5065 5071 5073
f 5042 5065 5075
f 5072 5124 5125
f 5052 5068 5078
f 5052 5076 5129
f 5129 5076 5079
f 5078 5077 5080
f 5076 5078 5081
f 5079 5081 5082
f 5055 5052 5102
f 5061 5055 5083
f 5117 4970 4946
f 5086 5088 5090
f 5092 5087 5093
f 5095 5092 5093
f 5100 5093 5091
f 5099 5095 5100
f 5090 5113 5111
f 5097 5099 5100
f 5098 5100 5096
f 5117 5118 4955
f 5118 5119 4972
f 5091 5104 5105
f 5085 5103 5104
f 5104 4960 4961
f 5115 4967 4960
f 5115 5108 4968
f 5087 5106 5107
f 5093 5107 5085
f 5106 5109 5110
f 5107 5110 5108
f 5094 5105 5102
f 5112 5097 5098
f 5113 5098 5096
f 5088 5112 5113
f 5090 5111 5096
f 5103 5115 5104
f 5101 5102 5119
f 5090 5101 5118
f 5090 5117 5116
f 5109 5121 5110
f 5108 5120 5122
f 5108 5122 4973
f 5084 5123 5089
f 5116 5127 5123
f 4946 4978 5127
f 5089 5126 5125
f 5119 5128 4981
f 5129 5132 5130
f 5128 5131 4984
f 5128 5130 5131
f 5131 5133 4984
f 5105 5055 5102
f 5114 5134 5105
f 5173 5135 5137
f 5179 5139 5174
f 5182 5141 5139
f 5141 5140 5139
f 5186 5144 5141
f 5138 5137 5153
f 5184 5143 5144
f 5143 5142 5144
f 5160 5146 5161
f 5142 5145 5147
f 5139 5140 5150
f 5136 5139 5149
f 5136 5148 5152
f 5174 5136 5151
f 5193 5151 5152
f 5140 5144 5147
f 5199 5153 5142
f 5175 5138 5199
f 5137 5145 5142
f 5148 5156 5157
f 5148 5149 5155
f 5149 5150 5154
f 5145 5160 5161
f 5137 5159 5160
f 5137 5135 5158
f 5152 5157 5162
f 5158 5135 5163
f 5135 5173 5164
f 5164 5211 5212
f 5147 5161 5166
f 5147 5165 5216
f 5216 5165 5167
f 5165 5166 5168
f 5167 5168 5169
f 5150 5147 5189
f 5154 5150 5170
f 5204 5066 5042
f 5173 5175 5177
f 5179 5174 5180
f 5182 5179 5180
f 5187 5180 5178
f 5186 5182 5187
f 5177 5200 5198
f 5184 5186 5187
f 5185 5187 5183
f 5204 5205 5051
f 5205 5206 5068
f 5178 5191 5192
f 5172 5190 5191
f 5191 5056 5057
f 5202 5063 5056
f 5202 5195 5064
f 5174 5193 5194
f 5180 5194 5172
f 5193 5196 5197
f 5194 5197 5195
f 5181 5192 5189
f 5199 5184 5185
f 5200 5185 5183
f 5175 5199 5200
f 5177 5198 5183
f 5190 5202 5191
f 5188 5189 5206
f 5177 5188 5205
f 5177 5204 5203
f 5196 5208 5197
f 5195 5207 5209
f 5195 5209 5069
f 5171 5210 5176
f 5203 5214 5210
f 5042 5074 5214
f 5176 5213 5212
f 5206 5215 5077
f 5216 5219 5217
f 5215 5218 5080
f 5215 5217 5218
f 5218 5220 5080
f 5192 5150 5189
f 5201 5221 5192
f 5246 5389 5224
f 5265 5268 5226
f 5270 5266 5228
f 5273 5270 5228
f 5231 5228 5227
f 5278 5273 5231
f 5226 5290 5242
f 5276 5278 5231
f 5276 5231 5230
f 5246 5247 5233
f 5227 5236 5237
f 5223 5235 5236
f 5236 5238 5239
f 5244 5240 5387
f 5228 5286 5223
f 5286 5289 5241
f 5286 5241 5240
f 5229 5237 5234
f 5290 5276 5230
f 5226 5242 5230
f 5235 5244 5236
f 5232 5234 5248
f 5226 5232 5247
f 5226 5246 5245
f 5289 5300 5241
f 5240 5249 5251
f 5240 5251 5250
f 5222 5252 5225
f 5245 5255 5252
f 5224 5253 5255
f 5225 5254 5305
f 5248 5256 5257
f 5308 5311 5258
f 5256 5260 5259
f 5256 5258 5260
f 5258 5261 5260
f 5237 5285 5234
f 5243 5262 5237
f 5265 5263 5267
f 5270 5271 5266
f 5273 5274 5271
f 5274 5272 5271
f 5278 5279 5274
f 5269 5267 5291
f 5276 5277 5279
f 5277 5275 5279
f 5298 5281 5299
f 5275 5280 5282
f 5271 5272 5285
f 5264 5271 5284
f 5264 5283 5288
f 5266 5264 5287
f 5286 5287 5289
f 5272 5279 5282
f 5290 5291 5277
f 5268 5269 5291
f 5267 5280 5275
f 5283 5294 5295
f 5283 5284 5293
f 5284 5285 5292
f 5280 5298 5299
f 5267 5297 5298
f 5267 5263 5296
f 5288 5295 5301
f 5296 5263 5302
f 5263 5265 5304
f 5304 5303 5305
f 5282 5299 5307
f 5282 5306 5308
f 5308 5306 5309
f 5306 5307 5310
f 5311 5309 5312
f 5309 5310 5313
f 5285 5282 5234
f 5292 5285 5314
f 5339 5483 5317
f 5358 5361 5319
f 5363 5359 5321
f 5366 5363 5321
f 5324 5321 5320
f 5371 5366 5324
f 5319 5382 5335
f 5369 5371 5324
f 5369 5324 5323
f 5339 5340 5326
f 5320 5329 5330
f 5316 5328 5329
f 5329 5331 5332
f 5337 5333 5481
f 5321 5378 5316
f 5378 5381 5334
f 5378 5334 5333
f 5322 5330 5327
f 5382 5369 5323
f 5319 5335 5323
f 5328 5337 5329
f 5325 5327 5341
f 5319 5325 5340
f 5319 5339 5338
f 5381 5392 5334
f 5333 5342 5344
f 5333 5344 5343
f 5315 5345 5318
f 5338 5348 5345
f 5317 5346 5348
f 5318 5347 5394
f 5341 5349 5350
f 5402 5405 5351
f 5349 5353 5352
f 5349 5351 5353
f 5351 5354 5353
f 5330 5377 5327
f 5336 5355 5330
f 5358 5356 5360
f 5389 5388 5224
f 5363 5364 5359
f 5366 5367 5364
f 5367 5365 5364
f 5371 5372 5367
f 5362 5360 5383
f 5369 5370 5372
f 5370 5368 5372
f 5390 5233 5248
f 5368 5373 5374
f 5364 5365 5377
f 5357 5364 5376
f 5385 5384 5239
f 5386 5385 5238
f 5357 5375 5380
f 5386 5244 5387
f 5359 5357 5379
f 5378 5379 5381
f 5365 5372 5374
f 5382 5383 5370
f 5361 5362 5383
f 5360 5373 5368
f 5375 5386 5387
f 5375 5376 5385
f 5376 5377 5384
f 5373 5390 5391
f 5360 5389 5390
f 5360 5356 5388
f 5380 5387 5393
f 5224 5388 5396
f 5356 5358 5395
f 5356 5395 5398
f 5396 5356 5397
f 5224 5396 5399
f 5391 5248 5257
f 5374 5391 5401
f 5374 5400 5402
f 5402 5400 5403
f 5401 5257 5259
f 5400 5401 5404
f 5405 5403 5406
f 5377 5374 5327
f 5384 5377 5407
f 5239 5384 5408
f 5433 5577 5411
f 5452 5455 5413
f 5457 5453 5415
f 5460 5457 5415
f 5418 5415 5414
f 5465 5460 5418
f 5413 5476 5429
f 5463 5465 5418
f 5463 5418 5417
f 5433 5434 5420
f 5414 5423 5424
f 5410 5422 5423
f 5423 5425 5426
f 5431 5427 5575
f 5415 5472 5410
f 5472 5475 5428
f 5472 5428 5427
f 5416 5424 5421
f 5476 5463 5417
f 5413 5429 5417
f 5422 5431 5423
f 5419 5421 5435
f 5413 5419 5434
f 5413 5433 5432
f 5475 5486 5428
f 5427 5436 5438
f 5427 5438 5437
f 5409 5439 5412
f 5432 5442 5439
f 5411 5440 5442
f 5412 5441 5488
f 5435 5443 5444
f 5496 5499 5445
f 5443 5447 5446
f 5443 5445 5447
f 5445 5448 5447
f 5424 5471 5421
f 5430 5449 5424
f 5452 5450 5454
f 5483 5482 5317
f 5457 5458 5453
f 5460 5461 5458
f 5461 5459 5458
f 5465 5466 5461
f 5456 5454 5477
f 5463 5464 5466
f 5464 5462 5466
f 5484 5326 5341
f 5462 5467 5468
f 5458 5459 5471
f 5451 5458 5470
f 5479 5478 5332
f 5480 5479 5331
f 5451 5469 5474
f 5480 5337 5481
f 5453 5451 5473
f 5472 5473 5475
f 5459 5466 5468
f 5476 5477 5464
f 5455 5456 5477
f 5454 5467 5462
f 5469 5480 5481
f 5469 5470 5479
f 5470 5471 5478
f 5467 5484 5485
f 5454 5483 5484
f 5454 5450 5482
f 5474 5481 5487
f 5317 5482 5490
f 5450 5452 5489
f 5450 5489 5492
f 5490 5450 5491
f 5317 5490 5493
f 5485 5341 5350
f 5468 5485 5495
f 5468 5494 5496
f 5496 5494 5497
f 5495 5350 5352
f 5494 5495 5498
f 5499 5497 5500
f 5471 5468 5421
f 5478 5471 5501
f 5332 5478 5502
f 5527 5671 5505
f 5546 5549 5507
f 5551 5547 5509
f 5554 5551 5509
f 5512 5509 5508
f 5559 5554 5512
f 5507 5570 5523
f 5557 5559 5512
f 5557 5512 5511
f 5527 5528 5514
f 5508 5517 5518
f 5504 5516 5517
f 5517 5519 5520
f 5525 5521 5669
f 5509 5566 5504
f 5566 5569 5522
f 5566 5522 5521
f 5510 5518 5515
f 5570 5557 5511
f 5507 5523 5511
f 5516 5525 5517
f 5513 5515 5529
f 5507 5513 5528
f 5507 5527 5526
f 5569 5580 5522
f 5521 5530 5532
f 5521 5532 5531
f 5503 5533 5506
f 5526 5536 5533
f 5505 5534 5536
f 5506 5535 5582
f 5529 5537 5538
f 5590 5593 5539
f 5537 5541 5540
f 5537 5539 5541
f 5539 5542 5541
f 5518 5565 5515
f 5524 5543 5518
f 5546 5544 5548
f 5577 5576 5411
f 5551 5552 5547
f 5554 5555 5552
f 5555 5553 5552
f 5559 5560 5555
f 5550 5548 5571
f 5557 5558 5560
f 5558 5556 5560
f 5578 5420 5435
f 5556 5561 5562
f 5552 5553 5565
f 5545 5552 5564
f 5573 5572 5426
f 5574 5573 5425
f 5545 5563 5568
f 5574 5431 5575
f 5547 5545 5567
f 5566 5567 5569
f 5553 5560 5562
f 5570 5571 5558
f 5549 5550 5571
f 5548 5561 5556
f 5563 5574 5575
f 5563 5564 5573
f 5564 5565 5572
f 5561 5578 5579
f 5548 5577 5578
f 5548 5544 5576
f 5568 5575 5581
f 5411 5576 5584
f 5544 5546 5583
f 5544 5583 5586
f 5584 5544 5585
f 5411 5584 5587
f 5579 5435 5444
f 5562 5579 5589
f 5562 5588 5590
f 5590 5588 5591
f 5589 5444 5446
f 5588 5589 5592
f 5593 5591 5594
f 5565 5562 5515
f 5572 5565 5595
f 5426 5572 5596
f 5640 5643 5601
f 5645 5641 5603
f 5648 5645 5603
f 5606 5603 5602
f 5653 5648 5606
f 5601 5664 5616
f 5651 5653 5606
f 5651 5606 5605
f 5622 5623 5608
f 5602 5611 5612
f 5598 5610 5611
f 5619 5613 5618
f 5603 5660 5598
f 5660 5663 5615
f 5660 5615 5614
f 5604 5612 5609
f 5664 5651 5605
f 5601 5616 5605
f 5610 5614 5620
f 5610 5619 5618
f 5611 5618 5617
f 5607 5609 5624
f 5601 5607 5623
f 5601 5622 5621
f 5663 5674 5615
f 5620 5626 5625
f 5597 5627 5600
f 5621 5630 5627
f 5599 5628 5630
f 5600 5629 5676
f 5624 5631 5632
f 5684 5687 5633
f 5631 5635 5634
f 5631 5633 5635
f 5633 5636 5635
f 5612 5659 5609
f 5617 5637 5612
f 5640 5638 5642
f 5671 5670 5505
f 5645 5646 5641
f 5648 5649 5646
f 5649 5647 5646
f 5653 5654 5649
f 5644 5642 5665
f 5651 5652 5654
f 5652 5650 5654
f 5672 5514 5529
f 5650 5655 5656
f 5646 5647 5659
f 5639 5646 5658
f 5667 5666 5520
f 5668 5667 5519
f 5639 5657 5662
f 5668 5525 5669
f 5641 5639 5661
f 5660 5661 5663
f 5647 5654 5656
f 5664 5665 5652
f 5643 5644 5665
f 5642 5655 5650
f 5657 5668 5669
f 5657 5658 5667
f 5658 5659 5666
f 5655 5672 5673
f 5642 5671 5672
f 5642 5638 5670
f 5662 5669 5675
f 5505 5670 5678
f 5638 5640 5677
f 5638 5677 5680
f 5678 5638 5679
f 5505 5678 5681
f 5673 5529 5538
f 5656 5673 5683
f 5656 5682 5684
f 5684 5682 5685
f 5683 5538 5540
f 5682 5683 5686
f 5687 5685 5688
f 5659 5656 5609
f 5666 5659 5689
f 5520 5666 5690
f 5693 5709 5708
f 5701 5717 5716
f 5694 5710 5709
f 5702 5718 5717
f 5695 5711 5710
f 5703 5719 5718
f 5696 5712 5711
f 5704 5720 5719
f 5697 5713 5712
f 5705 5721 5720
f 5698 5714 5713
f 5706 5722 5721
f 5699 5715 5714
f 5692 5708 5707
f 5691 5707 5722
f 5700 5716 5715
f 5707 5708 5724
f 5722 5707 5723
f 5715 5716 5732
f 5708 5709 5725
f 5716 5717 5733
f 5709 5710 5726
f 5717 5718 5734
f 5710 5711 5727
f 5718 5719 5735
f 5711 5712 5728
f 5719 5720 5736
f 5712 5713 5729
f 5720 5721 5737
f 5713 5714 5730
f 5721 5722 5738
f 5714 5715 5731
f 5728 5729 5742
f 5736 5737 5747
f 5729 5730 5743
f 5737 5738 5747
f 5730 5731 5743
f 5723 5724 5739
f 5738 5723 5739
f 5731 5732 5744
f 5724 5725 5740
f 5732 5733 5745
f 5725 5726 5741
f 5733 5734 5745
f 5726 5727 5741
f 5734 5735 5746
f 5727 5728 5742
f 5735 5736 5746
f 5745 5746 5748
f 5741 5742 5748
f 5746 5747 5748
f 5742 5743 5748
f 5747 5739 5748
f 5743 5744 5748
f 5739 5740 5748
f 5744 5745 5748
f 5740 5741 5748
f 5693 5692 5749
f 5701 5700 5753
f 5694 5693 5750
f 5702 5701 5754
f 5695 5694 5750
f 5703 5702 5754
f 5696 5695 5751
f 5704 5703 5755
f 5697 5696 5751
f 5705 5704 5755
f 5698 5697 5752
f 5706 5705 5756
f 5699 5698 5752
f 5692 5691 5749
f 5691 5706 5756
f 5700 5699 5753
f 5753 5752 5760
f 5749 5756 5765
f 5750 5749 5757
f 5754 5753 5761
f 5751 5750 5758
f 5755 5754 5763
f 5752 5751 5759
f 5756 5755 5764
f 5764 5763 5772
f 5760 5759 5768
f 5765 5764 5773
f 5761 5760 5769
f 5757 5765 5774
f 5758 5757 5766
f 5762 5761 5770
f 5763 5762 5771
f 5759 5758 5767
f 5777 5776 5792
f 5785 5784 5800
f 5778 5777 5793
f 5786 5785 5801
f 5779 5778 5794
f 5787 5786 5802
f 5780 5779 5795
f 5788 5787 5803
f 5781 5780 5796
f 5789 5788 5804
f 5782 5781 5797
f 5790 5789 5805
f 5783 5782 5798
f 5776 5775 5791
f 5775 5790 5806
f 5784 5783 5799
f 5806 5814 5807
f 5792 5807 5808
f 5800 5811 5812
f 5794 5808 5809
f 5802 5812 5813
f 5796 5809 5810
f 5804 5813 5814
f 5798 5810 5811
f 5809 5820 5821
f 5813 5828 5829
f 5810 5821 5822
f 5814 5829 5830
f 5810 5822 5823
f 5807 5815 5816
f 5814 5830 5815
f 5811 5823 5824
f 5807 5816 5817
f 5811 5824 5825
f 5808 5817 5818
f 5812 5825 5826
f 5808 5818 5819
f 5812 5826 5827
f 5809 5819 5820
f 5813 5827 5828
f 5825 5831 5826
f 5818 5831 5819
f 5826 5831 5827
f 5819 5831 5820
f 5827 5831 5828
f 5820 5831 5821
f 5828 5831 5829
f 5821 5831 5822
f 5829 5831 5830
f 5822 5831 5823
f 5815 5831 5816
f 5830 5831 5815
f 5823 5831 5824
f 5816 5831 5817
f 5824 5831 5825
f 5817 5831 5818
f 5777 5834 5833
f 5785 5842 5841
f 5778 5835 5834
f 5786 5843 5842
f 5779 5836 5835
f 5787 5844 5843
f 5780 5837 5836
f 5788 5845 5844
f 5781 5838 5837
f 5789 5846 5845
f 5782 5839 5838
f 5790 5847 5846
f 5783 5840 5839
f 5776 5833 5832
f 5775 5832 5847
f 5784 5841 5840
f 5840 5852 5839
f 5832 5848 5847
f 5834 5849 5833
f 5842 5853 5841
f 5836 5850 5835
f 5844 5854 5843
f 5838 5851 5837
f 5846 5855 5845
f 5837 5861 5860
f 5845 5867 5854
f 5855 5868 5867
f 5839 5862 5851
f 5847 5869 5868
f 5852 5863 5862
f 5833 5857 5856
f 5848 5856 5869
f 5841 5864 5863
f 5849 5858 5857
f 5853 5865 5864
f 5835 5859 5858
f 5843 5866 5865
f 5850 5860 5859
f 5873 5877 5885
f 5870 5876 5884
f 5872 5873 5881
f 5877 5870 5878
f 5875 5874 5882
f 5871 5886 5896
f 5876 5871 5879
f 5893 5875 5883
f 5874 5872 5880
f 5890 5900 5905
f 5887 5897 5904
f 5889 5899 5900
f 5895 5905 5897
f 5892 5902 5901
f 5888 5898 5896
f 5894 5904 5898
f 5893 5903 5902
f 5891 5901 5899
f 5916 5907 5912
f 5914 5911 5924
f 5916 5914 5929
f 5911 5914 5915
f 5907 5916 5932
f 5914 5916 5917
f 5912 5906 5913
f 5913 5909 5915
f 5908 5910 5915
f 5930 5931 5925
f 5927 5929 5924
f 5930 5932 5929
f 5923 5922 5928
f 5919 5918 5932
f 5927 5928 5931
f 5925 5931 5926
f 5926 5931 5928
f 5920 5921 5928
f 5948 5946 5940
f 5949 5940 5947
f 5950 5947 5939
f 5954 5950 5951
f 5953 5949 5950
f 5952 5948 5949
f 5938 5952 5953
f 5935 5953 5954
f 5936 5954 5955
f 5944 5934 5937
f 5951 5943 5944
f 5939 5941 5943
f 5938 5933 5945
f 5942 5948 5952
f 5946 5948 5942
f 5969 5970 5961
f 5970 5971 5968
f 5971 5972 5960
f 5975 5976 5972
f 5974 5975 5971
f 5973 5974 5970
f 5959 5956 5974
f 5956 5957 5975
f 5957 5958 5976
f 5965 5976 5958
f 5972 5976 5965
f 5960 5972 5964
f 5959 5973 5966
f 5963 5966 5973
f 5967 5962 5963
f 5980 5981 5979
f 5982 5983 5981
f 5977 5978 5983
f 5987 5988 5984
f 5983 5978 5986
f 5981 5988 5985
f 5988 5987 5985
f 5992 5989 5991
f 5994 5992 5993
f 5990 5994 5995
f 5999 5998 5996
f 5995 5996 5998
f 5993 5991 5997
f 6000 5997 5999
f 6001 6002 6003
f 6005 6004 6006
f 6050 6048 6011
f 6061 6049 6010
f 6050 6012 6014
f 6051 6014 6016
f 6052 6016 6017
f 6043 6028 6030
f 6028 6027 6029
f 6042 6026 6028
f 6026 6025 6027
f 6041 6022 6026
f 6022 6021 6025
f 6060 6046 6023
f 6057 6023 6024
f 6041 6045 6019
f 6022 6019 6020
f 6027 6035 6036
f 6025 6034 6035
f 6021 6033 6034
f 6058 6024 6032
f 6021 6020 6031
f 6029 6036 6040
f 6030 6029 6039
f 6044 6030 6038
f 6053 6017 6037
f 6018 6044 6047
f 6009 6008 6045
f 6055 6007 6046
f 6009 6041 6042
f 6013 6042 6043
f 6015 6043 6044
f 6036 6053 6054
f 6035 6052 6053
f 6034 6051 6052
f 6033 6050 6051
f 6059 6032 6049
f 6033 6031 6048
f 6031 6059 6061
f 6008 6055 6060
f 6020 6058 6059
f 6019 6057 6058
f 6045 6060 6057
f 6048 6061 6056
f 6105 6066 6065
f 6116 6111 6064
f 6105 6106 6068
f 6106 6107 6070
f 6107 6108 6071
f 6098 6099 6084
f 6082 6084 6083
f 6097 6098 6082
f 6080 6082 6081
f 6096 6097 6080
f 6076 6080 6079
f 6115 6112 6077
f 6112 6113 6078
f 6096 6076 6073
f 6076 6075 6074
f 6081 6083 6090
f 6079 6081 6089
f 6075 6079 6088
f 6113 6114 6086
f 6075 6087 6085
f 6083 6094 6095
f 6084 6093 6094
f 6099 6102 6093
f 6108 6109 6092
f 6072 6091 6102
f 6063 6096 6100
f 6110 6115 6101
f 6063 6067 6097
f 6067 6069 6098
f 6069 6072 6099
f 6090 6095 6109
f 6089 6090 6108
f 6088 6089 6107
f 6087 6088 6106
f 6114 6116 6104
f 6087 6105 6103
f 6085 6103 6116
f 6062 6100 6115
f 6074 6085 6114
f 6073 6074 6113
f 6100 6073 6112
f 6103 6065 6111
f 6122 6124 6132
f 6118 6122 6130
f 6133 6117 6125
f 6121 6138 6148
f 6117 6123 6131
f 6123 6118 6126
f 6120 6121 6129
f 6124 6119 6127
f 6119 6120 6128
f 6140 6150 6152
f 6135 6145 6150
f 6133 6143 6144
f 6139 6149 6148
f 6134 6144 6151
f 6141 6151 6145
f 6137 6147 6149
f 6142 6152 6146
f 6136 6146 6147
f 6178 6168 6157
f 6156 6161 6159
f 6162 6163 6161
f 6164 6175 6156
f 6157 6155 6163
f 6175 6178 6162
f 6160 6158 6161
f 6153 6159 6161
f 6155 6154 6160
f 6178 6176 6170
f 6169 6165 6172
f 6176 6169 6174
f 6164 6165 6169
f 6170 6176 6177
f 6175 6169 6176
f 6173 6177 6174
f 6166 6171 6174
f 6167 6177 6173
f 6180 6191 6195
f 6179 6180 6183
f 6181 6179 6182
f 6208 6181 6184
f 6216 6189 6186
f 6188 6199 6206
f 6185 6188 6187
f 6189 6185 6190
f 6183 6195 6199
f 6182 6183 6188
f 6184 6182 6185
f 6212 6184 6189
f 6193 6197 6195
f 6192 6196 6197
f 6194 6198 6196
f 6225 6230 6198
f 6235 6238 6201
f 6203 6202 6206
f 6200 6205 6202
f 6204 6201 6205
f 6197 6203 6199
f 6196 6200 6203
f 6198 6204 6200
f 6230 6235 6204
f 6209 6213 6228
f 6207 6211 6213
f 6210 6214 6211
f 6208 6212 6214
f 6216 6219 6217
f 6220 6218 6242
f 6215 6222 6218
f 6221 6217 6222
f 6213 6220 6233
f 6211 6215 6220
f 6214 6221 6215
f 6212 6216 6221
f 6226 6223 6228
f 6224 6226 6231
f 6227 6224 6229
f 6225 6227 6232
f 6235 6240 6236
f 6239 6233 6242
f 6234 6239 6237
f 6240 6234 6241
f 6231 6228 6233
f 6229 6231 6239
f 6232 6229 6234
f 6230 6232 6240
f 6205 6201 6243
f 6201 6238 6245
f 6236 6241 6246
f 6238 6236 6244
f 6248 6251 6263
f 6247 6250 6251
f 6249 6252 6250
f 6276 6280 6252
f 6284 6287 6254
f 6256 6255 6274
f 6253 6258 6255
f 6257 6254 6258
f 6251 6256 6267
f 6250 6253 6256
f 6252 6257 6253
f 6280 6284 6257
f 6261 6259 6263
f 6260 6261 6265
f 6262 6260 6264
f 6293 6262 6266
f 6303 6272 6269
f 6271 6267 6274
f 6268 6271 6270
f 6272 6268 6273
f 6265 6263 6267
f 6264 6265 6271
f 6266 6264 6268
f 6298 6266 6272
f 6277 6291 6296
f 6275 6277 6281
f 6278 6275 6279
f 6276 6278 6282
f 6284 6289 6285
f 6288 6301 6310
f 6283 6288 6286
f 6289 6283 6290
f 6281 6296 6301
f 6279 6281 6288
f 6282 6279 6283
f 6280 6282 6289
f 6294 6299 6296
f 6292 6297 6299
f 6295 6300 6297
f 6293 6298 6300
f 6303 6306 6304
f 6307 6305 6310
f 6302 6309 6305
f 6308 6304 6309
f 6299 6307 6301
f 6297 6302 6307
f 6300 6308 6302
f 6298 6303 6308
f 6273 6312 6311
f 6269 6311 6314
f 6304 6313 6315
f 6306 6314 6313
f 6325 6341 6333
f 6318 6334 6341
f 6326 6342 6334
f 6319 6335 6342
f 6327 6343 6335
f 6320 6336 6343
f 6328 6344 6336
f 6321 6337 6344
f 6329 6345 6337
f 6322 6338 6345
f 6330 6346 6338
f 6323 6339 6346
f 6331 6347 6339
f 6324 6340 6332
f 6316 6332 6347
f 6317 6333 6340
f 6325 6317 6349
f 6318 6325 6357
f 6326 6318 6350
f 6319 6326 6358
f 6327 6319 6351
f 6320 6327 6359
f 6328 6320 6352
f 6321 6328 6360
f 6329 6321 6353
f 6322 6329 6361
f 6330 6322 6354
f 6323 6330 6362
f 6331 6323 6355
f 6324 6316 6348
f 6316 6331 6363
f 6317 6324 6356
f 6381 6380 6372
f 6382 6381 6364
f 6380 6383 6365
f 6383 6384 6373
f 6384 6385 6366
f 6385 6386 6374
f 6386 6387 6367
f 6387 6388 6375
f 6388 6389 6368
f 6389 6390 6376
f 6390 6391 6369
f 6391 6392 6377
f 6392 6393 6370
f 6393 6394 6378
f 6394 6395 6371
f 6395 6382 6379
f 6339 6347 6382
f 6346 6339 6395
f 6338 6346 6394
f 6345 6338 6393
f 6337 6345 6392
f 6344 6337 6391
f 6336 6344 6390
f 6343 6336 6389
f 6335 6343 6388
f 6342 6335 6387
f 6334 6342 6386
f 6341 6334 6385
f 6333 6341 6384
f 6340 6333 6383
f 6347 6332 6381
f 6332 6340 6380
f 6454 6446 6462
f 6447 6454 6470
f 6455 6447 6463
f 6448 6455 6471
f 6456 6448 6464
f 6449 6456 6472
f 6457 6449 6465
f 6450 6457 6473
f 6458 6450 6466
f 6451 6458 6474
f 6459 6451 6467
f 6452 6459 6475
f 6460 6452 6468
f 6453 6445 6461
f 6445 6460 6476
f 6446 6453 6469
f 6454 6486 6478
f 6447 6479 6486
f 6455 6487 6479
f 6448 6480 6487
f 6456 6488 6480
f 6449 6481 6488
f 6457 6489 6481
f 6450 6482 6489
f 6458 6490 6482
f 6451 6483 6490
f 6459 6491 6483
f 6452 6484 6491
f 6460 6492 6484
f 6453 6485 6477
f 6445 6477 6492
f 6446 6478 6485
f 6510 6493 6501
f 6511 6508 6493
f 6509 6501 6494
f 6512 6494 6502
f 6513 6502 6495
f 6514 6495 6503
f 6515 6503 6496
f 6516 6496 6504
f 6517 6504 6497
f 6518 6497 6505
f 6519 6505 6498
f 6520 6498 6506
f 6521 6506 6499
f 6522 6499 6507
f 6523 6507 6500
f 6524 6500 6508
f 6468 6524 6511
f 6475 6523 6524
f 6467 6522 6523
f 6474 6521 6522
f 6466 6520 6521
f 6473 6519 6520
f 6465 6518 6519
f 6472 6517 6518
f 6464 6516 6517
f 6471 6515 6516
f 6463 6514 6515
f 6470 6513 6514
f 6462 6512 6513
f 6469 6509 6512
f 6476 6511 6510
f 6461 6510 6509
f 6409 6425 6417
f 6402 6418 6425
f 6410 6426 6418
f 6403 6419 6426
f 6411 6427 6419
f 6404 6420 6412
f 6396 6412 6427
f 6397 6413 6420
f 6405 6421 6413
f 6398 6414 6421
f 6406 6422 6414
f 6399 6415 6422
f 6407 6423 6415
f 6400 6416 6423
f 6408 6424 6416
f 6401 6417 6424
f 6424 6440 6432
f 6417 6433 6440
f 6425 6441 6433
f 6418 6434 6441
f 6426 6442 6434
f 6419 6435 6442
f 6427 6443 6435
f 6420 6436 6428
f 6412 6428 6443
f 6413 6429 6436
f 6421 6437 6429
f 6414 6430 6437
f 6422 6438 6430
f 6415 6431 6438
f 6423 6439 6431
f 6416 6432 6439
f 6430 6444 6437
f 6438 6444 6430
f 6431 6444 6438
f 6439 6444 6431
f 6432 6444 6439
f 6440 6444 6432
f 6433 6444 6440
f 6441 6444 6433
f 6434 6444 6441
f 6442 6444 6434
f 6435 6444 6442
f 6443 6444 6435
f 6436 6444 6428
f 6428 6444 6443
f 6429 6444 6436
f 6437 6444 6429
f 6538 6530 6546
f 6531 6538 6554
f 6539 6531 6547
f 6532 6539 6555
f 6540 6532 6548
f 6533 6525 6541
f 6525 6540 6556
f 6526 6533 6549
f 6534 6526 6542
f 6527 6534 6550
f 6535 6527 6543
f 6528 6535 6551
f 6536 6528 6544
f 6529 6536 6552
f 6537 6529 6545
f 6530 6537 6553
f 6553 6545 6561
f 6546 6553 6569
f 6554 6546 6562
f 6547 6554 6570
f 6555 6547 6563
f 6548 6555 6571
f 6556 6548 6564
f 6549 6541 6557
f 6541 6556 6572
f 6542 6549 6565
f 6550 6542 6558
f 6543 6550 6566
f 6551 6543 6559
f 6544 6551 6567
f 6552 6544 6560
f 6545 6552 6568
f 6559 6566 6573
f 6567 6559 6573
f 6560 6567 6573
f 6568 6560 6573
f 6561 6568 6573
f 6569 6561 6573
f 6562 6569 6573
f 6570 6562 6573
f 6563 6570 6573
f 6571 6563 6573
f 6564 6571 6573
f 6572 6564 6573
f 6565 6557 6573
f 6557 6572 6573
f 6558 6565 6573
f 6566 6558 6573
f 6620 6596 6603
f 6619 6604 6596
f 6618 6597 6604
f 6617 6605 6597
f 6615 6598 6590
f 6616 6590 6605
f 6614 6591 6598
f 6613 6599 6591
f 6612 6592 6599
f 6611 6600 6592
f 6610 6593 6600
f 6609 6601 6593
f 6608 6594 6601
f 6607 6602 6594
f 6622 6595 6602
f 6621 6603 6595
f 6602 6606 6594
f 6595 6606 6602
f 6603 6606 6595
f 6596 6606 6603
f 6604 6606 6596
f 6597 6606 6604
f 6605 6606 6597
f 6598 6606 6590
f 6590 6606 6605
f 6591 6606 6598
f 6599 6606 6591
f 6592 6606 6599
f 6600 6606 6592
f 6593 6606 6600
f 6601 6606 6593
f 6594 6606 6601
f 6587 6621 6622
f 6579 6622 6607
f 6586 6607 6608
f 6578 6608 6609
f 6585 6609 6610
f 6577 6610 6611
f 6584 6611 6612
f 6576 6612 6613
f 6583 6613 6614
f 6575 6614 6615
f 6574 6616 6617
f 6582 6615 6616
f 6589 6617 6618
f 6581 6618 6619
f 6588 6619 6620
f 6580 6620 6621
f 6669 6670 6652
f 6668 6669 6645
f 6667 6668 6653
f 6666 6667 6646
f 6664 6665 6639
f 6665 6666 6654
f 6663 6664 6647
f 6662 6663 6640
f 6661 6662 6648
f 6660 6661 6641
f 6659 6660 6649
f 6658 6659 6642
f 6657 6658 6650
f 6656 6657 6643
f 6671 6656 6651
f 6670 6671 6644
f 6651 6643 6655
f 6644 6651 6655
f 6652 6644 6655
f 6645 6652 6655
f 6653 6645 6655
f 6646 6653 6655
f 6654 6646 6655
f 6647 6639 6655
f 6639 6654 6655
f 6640 6647 6655
f 6648 6640 6655
f 6641 6648 6655
f 6649 6641 6655
f 6642 6649 6655
f 6650 6642 6655
f 6643 6650 6655
f 6636 6628 6671
f 6628 6635 6656
f 6635 6627 6657
f 6627 6634 6658
f 6634 6626 6659
f 6626 6633 6660
f 6633 6625 6661
f 6625 6632 6662
f 6632 6624 6663
f 6624 6631 6664
f 6623 6638 6666
f 6631 6623 6665
f 6638 6630 6667
f 6630 6637 6668
f 6637 6629 6669
f 6629 6636 6670
