v 0.195045 1.9632 -0.551382
v 0.386869 1.9632 -0.573898
v 0.572708 1.9632 -0.521292
v 0.724269 1.9632 -0.401573
v 0.818479 1.9632 -0.232967
v 0.840994 1.9632 -0.041143
v 0.788388 1.9632 0.144695
v 0.668669 1.9632 0.296256
v 0.500064 1.9632 0.390466
v 0.308239 1.9632 0.412982
v 0.122401 1.9632 0.360375
v -0.02916 1.9632 0.240656
v -0.12337 1.9632 0.07205
v -0.145885 1.9632 -0.119774
v -0.093279 1.9632 -0.305612
v 0.02644 1.9632 -0.457173
v 0.347555 1.9632 -0.080458
v 0.347555 2.23773 -0.080458
v 0.306644 2.23773 -0.106703
v 0.299715 2.23773 -0.089049
v 0.300069 2.23773 -0.070088
v 0.307652 2.23773 -0.052705
v 0.32131 2.23773 -0.039548
v 0.338964 2.23773 -0.0326185
v 0.357925 2.23773 -0.0329725
v 0.375308 2.23773 -0.0405555
v 0.388465 2.23773 -0.054214
v 0.395394 2.23773 -0.0718675
v 0.395041 2.23773 -0.090829
v 0.387457 2.23773 -0.108211
v 0.373799 2.23773 -0.121369
v 0.356146 2.23773 -0.128298
v 0.337184 2.23773 -0.127943
v 0.319802 2.23773 -0.12036
v 0.025574 2.10814 -0.334794
v 0.081378 2.10814 -0.392722
v -0.017858 2.10814 -0.267091
v -0.047247 2.10814 -0.192217
v -0.061464 2.10814 -0.113047
v -0.059963 2.10814 -0.032626
v -0.042801 2.10814 0.045958
v -0.010637 2.10814 0.119684
v 0.035291 2.10814 0.185718
v 0.093219 2.10814 0.241523
v 0.160922 2.10814 0.284954
v 0.235796 2.10814 0.314343
v 0.314966 2.10814 0.32856
v 0.395388 2.10814 0.327059
v 0.473971 2.10814 0.309897
v 0.547697 2.10814 0.277734
v 0.613731 2.10814 0.231805
v 0.669536 2.10814 0.173877
v 0.712967 2.10814 0.106174
v 0.742356 2.10814 0.0313
v 0.756573 2.10814 -0.04787
v 0.755072 2.10814 -0.128291
v 0.73791 2.10814 -0.206875
v 0.705746 2.10814 -0.280601
v 0.659818 2.10814 -0.346635
v 0.601889 2.10814 -0.40244
v 0.534187 2.10814 -0.445871
v 0.459312 2.10814 -0.47526
v 0.380143 2.10814 -0.489477
v 0.299721 2.10814 -0.487975
v 0.221138 2.10814 -0.470813
v 0.147412 2.10814 -0.43865
v -0.021591 2.03567 -0.37205
v 0.042388 2.03567 -0.438463
v -0.071385 2.03567 -0.29443
v -0.105079 2.03567 -0.208587
v -0.121378 2.03567 -0.117821
v -0.119657 2.03567 -0.025619
v -0.099981 2.03567 0.064476
v -0.063106 2.03567 0.149001
v -0.01045 2.03567 0.224708
v 0.055964 2.03567 0.288688
v 0.133583 2.03567 0.338481
v 0.219426 2.03567 0.372175
v 0.310192 2.03567 0.388475
v 0.402394 2.03567 0.386753
v 0.492489 2.03567 0.367077
v 0.577014 2.03567 0.330203
v 0.652721 2.03567 0.277547
v 0.716701 2.03567 0.211133
v 0.766494 2.03567 0.133513
v 0.800188 2.03567 0.04767
v 0.816488 2.03567 -0.043096
v 0.814766 2.03567 -0.135298
v 0.79509 2.03567 -0.225393
v 0.758215 2.03567 -0.309918
v 0.705559 2.03567 -0.385625
v 0.639145 2.03567 -0.449604
v 0.561525 2.03567 -0.499398
v 0.475683 2.03567 -0.533092
v 0.384917 2.03567 -0.549391
v 0.292714 2.03567 -0.54767
v 0.20262 2.03567 -0.527994
v 0.118095 2.03567 -0.491119
v 0.103273 2.17342 -0.273418
v 0.145611 2.17342 -0.317367
v 0.070322 2.17342 -0.222054
v 0.048025 2.17342 -0.165248
v 0.037239 2.17342 -0.105183
v 0.038378 2.17342 -0.044168
v 0.051399 2.17342 0.015452
v 0.0758 2.17342 0.071386
v 0.110645 2.17342 0.121485
v 0.154595 2.17342 0.163823
v 0.205959 2.17342 0.196774
v 0.262766 2.17342 0.219071
v 0.32283 2.17342 0.229857
v 0.383845 2.17342 0.228718
v 0.443465 2.17342 0.215698
v 0.499399 2.17342 0.191296
v 0.549498 2.17342 0.156451
v 0.591836 2.17342 0.112501
v 0.624787 2.17342 0.061137
v 0.647084 2.17342 0.004331
v 0.65787 2.17342 -0.055734
v 0.656731 2.17342 -0.116748
v 0.64371 2.17342 -0.176369
v 0.619309 2.17342 -0.232303
v 0.584464 2.17342 -0.282402
v 0.540514 2.17342 -0.32474
v 0.48915 2.17342 -0.357691
v 0.432343 2.17342 -0.379988
v 0.372279 2.17342 -0.390774
v 0.311264 2.17342 -0.389635
v 0.251644 2.17342 -0.376614
v 0.19571 2.17342 -0.352212
v 0.178924 2.20606 -0.213661
v 0.20815 2.20606 -0.244
v 0.156177 2.20606 -0.178203
v 0.140785 2.20606 -0.138989
v 0.13334 2.20606 -0.097526
v 0.134126 2.20606 -0.055407
v 0.143114 2.20606 -0.01425
v 0.159959 2.20606 0.024362
v 0.184013 2.20606 0.058946
v 0.214352 2.20606 0.088173
v 0.24981 2.20606 0.110919
v 0.289024 2.20606 0.126311
v 0.330487 2.20606 0.133757
v 0.372606 2.20606 0.13297
v 0.413763 2.20606 0.123982
v 0.452375 2.20606 0.107137
v 0.486959 2.20606 0.083083
v 0.516186 2.20606 0.052744
v 0.538932 2.20606 0.017287
v 0.554324 2.20606 -0.021927
v 0.56177 2.20606 -0.063391
v 0.560983 2.20606 -0.10551
v 0.551995 2.20606 -0.146666
v 0.53515 2.20606 -0.185279
v 0.511096 2.20606 -0.219863
v 0.480757 2.20606 -0.249089
v 0.445299 2.20606 -0.271836
v 0.406085 2.20606 -0.287227
v 0.364622 2.20606 -0.294673
v 0.322503 2.20606 -0.293887
v 0.281346 2.20606 -0.284899
v 0.242734 2.20606 -0.268054
v 0.231356 2.2219 -0.192399
v 0.197363 2.2219 -0.13941
v 0.186236 2.2219 -0.0774465
v 0.199669 2.2219 -0.0159415
v 0.235615 2.2219 0.035741
v 0.288604 2.2219 0.069733
v 0.350567 2.2219 0.0808605
v 0.412071 2.2219 0.067428
v 0.463754 2.2219 0.0314815
v 0.497746 2.2219 -0.0215065
v 0.508873 2.2219 -0.0834705
v 0.495441 2.2219 -0.144975
v 0.459495 2.2219 -0.196657
v 0.406505 2.2219 -0.23065
v 0.344542 2.2219 -0.241777
v 0.283038 2.2219 -0.228345
v 0.600854 -0.608492 0.81411
v 0.644441 -0.66177 0.817583
v 0.676828 -0.722556 0.820164
v 0.703507 -0.857103 0.822289
v 0.676828 -0.99165 0.820164
v 0.600854 -1.10571 0.81411
v 0.487151 -1.18193 0.805051
v 0.353029 -1.20869 0.794365
v 0.218907 -1.18193 0.783679
v 0.105204 -1.10571 0.77462
v 0.02923 -0.991649 0.768566
v 0.002551 -0.857102 0.766441
v 0.02923 -0.722555 0.768567
v 0.105204 -0.608491 0.77462
v 0.218907 -0.532277 0.783679
v 0.35303 -0.505514 0.794365
v 0.487152 -0.532277 0.805051
v 0.353029 -0.857102 0.794365
v 0.36004 -0.857102 0.706368
v 0.587363 -0.515813 0.72448
v 0.516623 -0.477882 0.718844
v 0.439866 -0.454524 0.712728
v 0.360041 -0.446636 0.706368
v 0.280216 -0.454523 0.700008
v 0.203458 -0.477881 0.693892
v 0.132718 -0.515812 0.688256
v 0.070714 -0.566859 0.683316
v 0.019829 -0.629059 0.679262
v -0.017983 -0.700024 0.676249
v -0.041267 -0.777024 0.674394
v -0.049129 -0.857102 0.673768
v -0.041267 -0.93718 0.674394
v -0.017983 -1.01418 0.676249
v 0.019828 -1.08515 0.679262
v 0.070714 -1.14735 0.683316
v 0.132718 -1.19839 0.688256
v 0.203458 -1.23632 0.693892
v 0.280215 -1.25968 0.700008
v 0.36004 -1.26757 0.706368
v 0.439865 -1.25968 0.712728
v 0.516622 -1.23632 0.718844
v 0.587362 -1.19839 0.72448
v 0.649366 -1.14735 0.72942
v 0.700252 -1.08515 0.733474
v 0.738063 -1.01418 0.736487
v 0.761347 -0.93718 0.738342
v 0.769209 -0.857103 0.738968
v 0.761347 -0.777025 0.738342
v 0.738063 -0.700024 0.736487
v 0.700252 -0.62906 0.733474
v 0.600854 0.499766 0.81411
v 0.644441 0.446488 0.817583
v 0.676828 0.385702 0.820164
v 0.703507 0.251155 0.822289
v 0.676828 0.116609 0.820164
v 0.600854 0.002545 0.81411
v 0.487151 -0.07367 0.805051
v 0.353029 -0.100433 0.794365
v 0.218907 -0.07367 0.783679
v 0.105204 0.002545 0.77462
v 0.02923 0.116609 0.768567
v 0.002551 0.251156 0.766441
v 0.02923 0.385703 0.768567
v 0.105204 0.499766 0.77462
v 0.218907 0.575981 0.783679
v 0.35303 0.602744 0.794365
v 0.487152 0.57598 0.805051
v 0.353029 0.251155 0.794365
v 0.36004 0.251155 0.706368
v 0.587363 0.592445 0.72448
v 0.516623 0.630376 0.718844
v 0.439866 0.653734 0.712728
v 0.360041 0.661621 0.706368
v 0.280216 0.653734 0.700008
v 0.203458 0.630377 0.693892
v 0.132718 0.592446 0.688256
v 0.070714 0.541399 0.683316
v 0.019829 0.479198 0.679262
v -0.017983 0.408234 0.676249
v -0.041267 0.331234 0.674394
v -0.049129 0.251156 0.673768
v -0.041267 0.171078 0.674394
v -0.017983 0.094077 0.676249
v 0.019828 0.023113 0.679262
v 0.070714 -0.039088 0.683316
v 0.132718 -0.090134 0.688256
v 0.203458 -0.128066 0.693892
v 0.280215 -0.151423 0.700008
v 0.36004 -0.15931 0.706368
v 0.439865 -0.151423 0.712728
v 0.516622 -0.128066 0.718844
v 0.587362 -0.090135 0.72448
v 0.649366 -0.039088 0.72942
v 0.700252 0.023113 0.733474
v 0.738063 0.094077 0.736487
v 0.761347 0.171078 0.738342
v 0.769209 0.251155 0.738968
v 0.761347 0.331233 0.738342
v 0.738063 0.408234 0.736487
v 0.700252 0.479198 0.733474
v 0.649366 1.64966 0.72942
v 0.700252 1.58746 0.733474
v 0.738063 1.51649 0.736487
v 0.761347 1.43949 0.738342
v 0.769209 1.35941 0.738968
v 0.761347 1.27934 0.738342
v 0.738063 1.20233 0.736487
v 0.700252 1.13137 0.733474
v 0.649366 1.06917 0.72942
v 0.587362 1.01812 0.72448
v 0.516622 0.980192 0.718844
v 0.439865 0.956834 0.712728
v 0.36004 0.948947 0.706368
v 0.280215 0.956834 0.700008
v 0.203458 0.980192 0.693892
v 0.132718 1.01812 0.688256
v 0.070714 1.06917 0.683316
v 0.019828 1.13137 0.679262
v -0.017983 1.20233 0.676249
v -0.041267 1.27934 0.674394
v -0.049129 1.35941 0.673768
v -0.041267 1.43949 0.674394
v -0.017983 1.51649 0.676249
v 0.019828 1.58746 0.679262
v 0.070714 1.64966 0.683316
v 0.132718 1.7007 0.688256
v 0.203458 1.73863 0.693893
v 0.280216 1.76199 0.700008
v 0.360041 1.76988 0.706368
v 0.439866 1.76199 0.712728
v 0.516623 1.73863 0.718844
v 0.587363 1.7007 0.72448
v 0.36004 1.35941 0.706368
v 0.353029 1.35941 0.794365
v 0.547745 1.65175 0.809879
v 0.421404 1.70425 0.799813
v 0.284655 1.70425 0.788918
v 0.158314 1.65175 0.778852
v 0.061617 1.55475 0.771147
v 0.009286 1.428 0.766978
v 0.009285 1.29082 0.766978
v 0.061617 1.16408 0.771147
v 0.158314 1.06708 0.778851
v 0.284654 1.01458 0.788917
v 0.421404 1.01458 0.799813
v 0.547744 1.06708 0.809879
v 0.644441 1.16408 0.817583
v 0.696772 1.29082 0.821753
v 0.696772 1.428 0.821753
v 0.644441 1.55475 0.817583
v -0.551818 -0.605688 0.097002
v -0.555291 -0.658967 0.140588
v -0.557871 -0.719752 0.172976
v -0.559997 -0.854299 0.199654
v -0.557871 -0.988846 0.172976
v -0.551818 -1.10291 0.097002
v -0.542759 -1.17912 -0.016701
v -0.532073 -1.20589 -0.150823
v -0.521387 -1.17912 -0.284945
v -0.512327 -1.10291 -0.398649
v -0.506274 -0.988846 -0.474623
v -0.504149 -0.854298 -0.501301
v -0.506274 -0.719751 -0.474622
v -0.512327 -0.605688 -0.398648
v -0.521387 -0.529473 -0.284945
v -0.532073 -0.50271 -0.150823
v -0.542759 -0.529474 -0.016701
v -0.532073 -0.854299 -0.150823
v -0.444076 -0.854299 -0.143812
v -0.462187 -0.513009 0.083511
v -0.456551 -0.475078 0.012771
v -0.450436 -0.45172 -0.063987
v -0.444076 -0.443833 -0.143811
v -0.437716 -0.45172 -0.223636
v -0.4316 -0.475077 -0.300394
v -0.425964 -0.513008 -0.371134
v -0.421024 -0.564055 -0.433138
v -0.416969 -0.626256 -0.484024
v -0.413957 -0.69722 -0.521835
v -0.412102 -0.77422 -0.545119
v -0.411475 -0.854298 -0.552981
v -0.412102 -0.934376 -0.545119
v -0.413957 -1.01138 -0.521835
v -0.416969 -1.08234 -0.484024
v -0.421024 -1.14454 -0.433139
v -0.425964 -1.19559 -0.371135
v -0.4316 -1.23352 -0.300395
v -0.437716 -1.25688 -0.223637
v -0.444076 -1.26476 -0.143812
v -0.450436 -1.25688 -0.063987
v -0.456551 -1.23352 0.01277
v -0.462187 -1.19559 0.08351
v -0.467128 -1.14454 0.145514
v -0.471182 -1.08234 0.1964
v -0.474194 -1.01138 0.234211
v -0.47605 -0.934377 0.257495
v -0.476676 -0.854299 0.265357
v -0.47605 -0.774221 0.257495
v -0.474194 -0.69722 0.234211
v -0.471182 -0.626256 0.1964
v -0.551818 0.50257 0.097002
v -0.555291 0.449291 0.140588
v -0.557871 0.388506 0.172976
v -0.559997 0.253959 0.199654
v -0.557871 0.119412 0.172976
v -0.551818 0.005349 0.097002
v -0.542759 -0.070866 -0.016701
v -0.532073 -0.097629 -0.150823
v -0.521387 -0.070866 -0.284945
v -0.512327 0.005349 -0.398649
v -0.506274 0.119412 -0.474623
v -0.504148 0.25396 -0.501301
v -0.506274 0.388507 -0.474622
v -0.512327 0.50257 -0.398648
v -0.521387 0.578785 -0.284945
v -0.532073 0.605548 -0.150823
v -0.542759 0.578784 -0.016701
v -0.532073 0.253959 -0.150823
v -0.444075 0.253959 -0.143812
v -0.462187 0.595249 0.083511
v -0.456551 0.63318 0.012771
v -0.450436 0.656538 -0.063987
v -0.444076 0.664425 -0.143811
v -0.437716 0.656538 -0.223636
v -0.4316 0.63318 -0.300394
v -0.425964 0.595249 -0.371134
v -0.421024 0.544203 -0.433138
v -0.416969 0.482002 -0.484024
v -0.413957 0.411038 -0.521835
v -0.412102 0.334038 -0.545119
v -0.411475 0.25396 -0.552981
v -0.412102 0.173882 -0.545119
v -0.413957 0.096881 -0.521835
v -0.416969 0.025917 -0.484024
v -0.421023 -0.036284 -0.433139
v -0.425964 -0.08733 -0.371135
v -0.4316 -0.125262 -0.300395
v -0.437716 -0.14862 -0.223637
v -0.444075 -0.156507 -0.143812
v -0.450436 -0.14862 -0.063987
v -0.456551 -0.125262 0.01277
v -0.462187 -0.087331 0.08351
v -0.467128 -0.036284 0.145514
v -0.471182 0.025917 0.1964
v -0.474194 0.096881 0.234211
v -0.47605 0.173881 0.257495
v -0.476676 0.253959 0.265357
v -0.47605 0.334037 0.257495
v -0.474194 0.411038 0.234211
v -0.471182 0.482002 0.1964
v -0.467128 1.65246 0.145514
v -0.471182 1.59026 0.1964
v -0.474194 1.5193 0.234211
v -0.47605 1.4423 0.257495
v -0.476676 1.36222 0.265357
v -0.47605 1.28214 0.257495
v -0.474194 1.20514 0.234211
v -0.471182 1.13417 0.1964
v -0.467128 1.07197 0.145514
v -0.462187 1.02093 0.08351
v -0.456551 0.982996 0.01277
v -0.450436 0.959638 -0.063987
v -0.444076 0.951751 -0.143812
v -0.437716 0.959638 -0.223637
v -0.4316 0.982996 -0.300395
v -0.425964 1.02093 -0.371135
v -0.421024 1.07197 -0.433139
v -0.416969 1.13417 -0.484024
v -0.413957 1.20514 -0.521835
v -0.412102 1.28214 -0.545119
v -0.411475 1.36222 -0.552981
v -0.412102 1.4423 -0.545119
v -0.413957 1.5193 -0.521835
v -0.416969 1.59026 -0.484024
v -0.421024 1.65246 -0.433138
v -0.425964 1.70351 -0.371134
v -0.4316 1.74144 -0.300394
v -0.437716 1.7648 -0.223636
v -0.444076 1.77268 -0.143811
v -0.450436 1.7648 -0.063987
v -0.456551 1.74144 0.012771
v -0.462187 1.70351 0.083511
v -0.444076 1.36222 -0.143812
v -0.532073 1.36222 -0.150823
v -0.547587 1.65455 0.043892
v -0.537521 1.70705 -0.082448
v -0.526625 1.70705 -0.219198
v -0.516559 1.65455 -0.345538
v -0.508855 1.55755 -0.442235
v -0.504685 1.43081 -0.494567
v -0.504685 1.29363 -0.494567
v -0.508855 1.16688 -0.442235
v -0.516559 1.06988 -0.345538
v -0.526625 1.01738 -0.219198
v -0.53752 1.01738 -0.082449
v -0.547587 1.06988 0.043892
v -0.555291 1.16688 0.140588
v -0.55946 1.29363 0.19292
v -0.55946 1.43081 0.19292
v -0.555291 1.55755 0.140588
v 0.237978 -0.616565 -0.887523
v 0.194392 -0.669844 -0.890996
v 0.162004 -0.730629 -0.893577
v 0.135326 -0.865176 -0.895702
v 0.162004 -0.999723 -0.893577
v 0.237978 -1.11379 -0.887523
v 0.351682 -1.19 -0.878464
v 0.485804 -1.21676 -0.867778
v 0.619926 -1.19 -0.857092
v 0.733629 -1.11379 -0.848033
v 0.809603 -0.999723 -0.841979
v 0.836281 -0.865175 -0.839854
v 0.809603 -0.730628 -0.84198
v 0.733628 -0.616565 -0.848033
v 0.619925 -0.54035 -0.857092
v 0.485803 -0.513587 -0.867778
v 0.351681 -0.540351 -0.878464
v 0.485804 -0.865176 -0.867778
v 0.478792 -0.865176 -0.779781
v 0.25147 -0.523886 -0.797893
v 0.32221 -0.485955 -0.792257
v 0.398967 -0.462597 -0.786141
v 0.478792 -0.45471 -0.779781
v 0.558617 -0.462597 -0.773421
v 0.635374 -0.485954 -0.767305
v 0.706114 -0.523885 -0.761669
v 0.768118 -0.574932 -0.756729
v 0.819004 -0.637133 -0.752675
v 0.856815 -0.708097 -0.749662
v 0.880099 -0.785097 -0.747807
v 0.887962 -0.865175 -0.747181
v 0.8801 -0.945253 -0.747807
v 0.856816 -1.02225 -0.749662
v 0.819004 -1.09322 -0.752675
v 0.768119 -1.15542 -0.756729
v 0.706115 -1.20646 -0.761669
v 0.635375 -1.2444 -0.767305
v 0.558618 -1.26775 -0.773421
v 0.478793 -1.27564 -0.779781
v 0.398968 -1.26775 -0.786141
v 0.32221 -1.2444 -0.792257
v 0.25147 -1.20647 -0.797893
v 0.189466 -1.15542 -0.802833
v 0.138581 -1.09322 -0.806887
v 0.100769 -1.02225 -0.8099
v 0.077485 -0.945254 -0.811755
v 0.069623 -0.865176 -0.812381
v 0.077485 -0.785098 -0.811755
v 0.100769 -0.708097 -0.8099
v 0.138581 -0.637133 -0.806887
v 0.237978 0.491693 -0.887523
v 0.194392 0.438414 -0.890996
v 0.162004 0.377629 -0.893577
v 0.135326 0.243082 -0.895702
v 0.162004 0.108535 -0.893577
v 0.237978 -0.005528 -0.887523
v 0.351682 -0.081743 -0.878464
v 0.485804 -0.108506 -0.867778
v 0.619926 -0.081743 -0.857092
v 0.733629 -0.005528 -0.848033
v 0.809603 0.108535 -0.84198
v 0.836281 0.243083 -0.839854
v 0.809603 0.377629 -0.84198
v 0.733629 0.491693 -0.848033
v 0.619925 0.567908 -0.857092
v 0.485803 0.59467 -0.867778
v 0.351681 0.567907 -0.878464
v 0.485804 0.243082 -0.867778
v 0.478792 0.243082 -0.779781
v 0.25147 0.584372 -0.797893
v 0.32221 0.622303 -0.792257
v 0.398967 0.645661 -0.786141
v 0.478792 0.653548 -0.779781
v 0.558617 0.645661 -0.773421
v 0.635374 0.622303 -0.767305
v 0.706114 0.584372 -0.761669
v 0.768118 0.533326 -0.756729
v 0.819004 0.471125 -0.752675
v 0.856815 0.400161 -0.749662
v 0.8801 0.323161 -0.747807
v 0.887962 0.243083 -0.747181
v 0.8801 0.163005 -0.747807
v 0.856816 0.086004 -0.749662
v 0.819004 0.01504 -0.752675
v 0.768119 -0.047161 -0.756729
v 0.706115 -0.098208 -0.761669
v 0.635375 -0.136139 -0.767305
v 0.558618 -0.159497 -0.773421
v 0.478793 -0.167384 -0.779781
v 0.398968 -0.159497 -0.786141
v 0.32221 -0.136139 -0.792257
v 0.25147 -0.098208 -0.797893
v 0.189466 -0.047161 -0.802833
v 0.138581 0.01504 -0.806887
v 0.100769 0.086004 -0.8099
v 0.077485 0.163004 -0.811755
v 0.069623 0.243082 -0.812381
v 0.077485 0.32316 -0.811755
v 0.100769 0.400161 -0.8099
v 0.138581 0.471125 -0.806887
v 0.189466 1.64158 -0.802833
v 0.138581 1.57938 -0.806887
v 0.100769 1.50842 -0.8099
v 0.077485 1.43142 -0.811755
v 0.069623 1.35134 -0.812382
v 0.077485 1.27126 -0.811755
v 0.100769 1.19426 -0.8099
v 0.138581 1.1233 -0.806887
v 0.189466 1.0611 -0.802833
v 0.25147 1.01005 -0.797893
v 0.32221 0.972119 -0.792257
v 0.398968 0.948761 -0.786141
v 0.478793 0.940874 -0.779781
v 0.558618 0.948761 -0.773421
v 0.635375 0.972119 -0.767305
v 0.706115 1.01005 -0.761669
v 0.768119 1.0611 -0.756729
v 0.819004 1.1233 -0.752675
v 0.856816 1.19426 -0.749662
v 0.8801 1.27126 -0.747807
v 0.887962 1.35134 -0.747181
v 0.8801 1.43142 -0.747807
v 0.856815 1.50842 -0.749662
v 0.819004 1.57938 -0.752675
v 0.768119 1.64158 -0.756729
v 0.706114 1.69263 -0.761669
v 0.635374 1.73056 -0.767305
v 0.558617 1.75392 -0.773421
v 0.478792 1.76181 -0.779781
v 0.398967 1.75392 -0.786141
v 0.32221 1.73056 -0.792257
v 0.25147 1.69263 -0.797893
v 0.478792 1.35134 -0.779781
v 0.485804 1.35134 -0.867778
v 0.291088 1.64367 -0.883292
v 0.417428 1.69617 -0.873226
v 0.554178 1.69617 -0.86233
v 0.680518 1.64367 -0.852264
v 0.777215 1.54667 -0.84456
v 0.829547 1.41993 -0.840391
v 0.829547 1.28275 -0.840391
v 0.777215 1.15601 -0.84456
v 0.680519 1.059 -0.852264
v 0.554179 1.00651 -0.86233
v 0.417429 1.00651 -0.873226
v 0.291089 1.059 -0.883292
v 0.194392 1.15601 -0.890996
v 0.14206 1.28275 -0.895166
v 0.14206 1.41993 -0.895166
v 0.194392 1.54667 -0.890996
v 1.15537 -0.613761 -0.257662
v 1.15884 -0.66704 -0.301249
v 1.16142 -0.727825 -0.333636
v 1.16355 -0.862372 -0.360315
v 1.16142 -0.996919 -0.333636
v 1.15537 -1.11098 -0.257662
v 1.14631 -1.1872 -0.143959
v 1.13563 -1.21396 -0.009837
v 1.12494 -1.1872 0.124285
v 1.11588 -1.11098 0.237988
v 1.10983 -0.996919 0.313962
v 1.1077 -0.862371 0.34064
v 1.10983 -0.727825 0.313962
v 1.11588 -0.613761 0.237988
v 1.12494 -0.537546 0.124284
v 1.13563 -0.510784 -0.009838
v 1.14631 -0.537547 -0.14396
v 1.13563 -0.862372 -0.009837
v 1.04763 -0.862372 -0.016848
v 1.06574 -0.521082 -0.244171
v 1.06011 -0.483151 -0.173431
v 1.05399 -0.459793 -0.096674
v 1.04763 -0.451906 -0.016849
v 1.04127 -0.459793 0.062976
v 1.03515 -0.483151 0.139733
v 1.02952 -0.521082 0.210473
v 1.02458 -0.572128 0.272478
v 1.02052 -0.634329 0.323363
v 1.01751 -0.705293 0.361174
v 1.01565 -0.782293 0.384459
v 1.01503 -0.862371 0.392321
v 1.01565 -0.942449 0.384459
v 1.01751 -1.01945 0.361175
v 1.02052 -1.09041 0.323364
v 1.02458 -1.15261 0.272478
v 1.02952 -1.20366 0.210474
v 1.03515 -1.24159 0.139734
v 1.04127 -1.26495 0.062977
v 1.04763 -1.27284 -0.016848
v 1.05399 -1.26495 -0.096673
v 1.06011 -1.24159 -0.173431
v 1.06574 -1.20366 -0.244171
v 1.07068 -1.15261 -0.306175
v 1.07474 -1.09041 -0.35706
v 1.07775 -1.01945 -0.394871
v 1.0796 -0.94245 -0.418155
v 1.08023 -0.862372 -0.426018
v 1.0796 -0.782294 -0.418155
v 1.07775 -0.705293 -0.394871
v 1.07474 -0.634329 -0.35706
v 1.15537 0.494497 -0.257662
v 1.15884 0.441218 -0.301249
v 1.16142 0.380433 -0.333636
v 1.16355 0.245886 -0.360315
v 1.16142 0.111339 -0.333636
v 1.15537 -0.002725 -0.257662
v 1.14631 -0.078939 -0.143959
v 1.13563 -0.105702 -0.009837
v 1.12494 -0.078939 0.124285
v 1.11588 -0.002724 0.237988
v 1.10983 0.111339 0.313962
v 1.1077 0.245886 0.34064
v 1.10983 0.380433 0.313962
v 1.11588 0.494497 0.237988
v 1.12494 0.570711 0.124284
v 1.13563 0.597474 -0.009838
v 1.14631 0.570711 -0.14396
v 1.13563 0.245886 -0.009837
v 1.04763 0.245886 -0.016848
v 1.06574 0.587175 -0.244171
v 1.06011 0.625107 -0.173431
v 1.05399 0.648465 -0.096674
v 1.04763 0.656352 -0.016849
v 1.04127 0.648465 0.062976
v 1.03515 0.625107 0.139733
v 1.02952 0.587176 0.210473
v 1.02458 0.536129 0.272478
v 1.02052 0.473929 0.323363
v 1.01751 0.402965 0.361174
v 1.01565 0.325964 0.384459
v 1.01503 0.245886 0.392321
v 1.01565 0.165808 0.384459
v 1.01751 0.088808 0.361175
v 1.02052 0.017844 0.323364
v 1.02458 -0.044357 0.272478
v 1.02952 -0.095404 0.210474
v 1.03515 -0.133335 0.139734
v 1.04127 -0.156693 0.062977
v 1.04763 -0.16458 -0.016848
v 1.05399 -0.156693 -0.096673
v 1.06011 -0.133335 -0.173431
v 1.06574 -0.095404 -0.244171
v 1.07068 -0.044357 -0.306175
v 1.07474 0.017843 -0.35706
v 1.07775 0.088808 -0.394871
v 1.0796 0.165808 -0.418155
v 1.08023 0.245886 -0.426018
v 1.0796 0.325964 -0.418155
v 1.07775 0.402964 -0.394871
v 1.07474 0.473929 -0.35706
v 1.07068 1.64439 -0.306175
v 1.07474 1.58219 -0.35706
v 1.07775 1.51122 -0.394871
v 1.0796 1.43422 -0.418155
v 1.08023 1.35414 -0.426018
v 1.0796 1.27407 -0.418155
v 1.07775 1.19707 -0.394871
v 1.07474 1.1261 -0.35706
v 1.07068 1.0639 -0.306175
v 1.06574 1.01285 -0.244171
v 1.06011 0.974923 -0.173431
v 1.05399 0.951565 -0.096673
v 1.04763 0.943678 -0.016848
v 1.04127 0.951565 0.062977
v 1.03515 0.974923 0.139734
v 1.02952 1.01285 0.210474
v 1.02458 1.0639 0.272478
v 1.02052 1.1261 0.323364
v 1.01751 1.19707 0.361175
v 1.01565 1.27407 0.384459
v 1.01503 1.35414 0.392321
v 1.01565 1.43422 0.384459
v 1.01751 1.51122 0.361174
v 1.02052 1.58219 0.323363
v 1.02458 1.64439 0.272478
v 1.02952 1.69543 0.210473
v 1.03515 1.73337 0.139733
v 1.04127 1.75672 0.062976
v 1.04763 1.76461 -0.016849
v 1.05399 1.75672 -0.096674
v 1.06011 1.73336 -0.173431
v 1.06574 1.69543 -0.244171
v 1.04763 1.35414 -0.016848
v 1.13563 1.35414 -0.009837
v 1.15114 1.64648 -0.204553
v 1.14107 1.69898 -0.078213
v 1.13018 1.69898 0.058537
v 1.12011 1.64648 0.184877
v 1.11241 1.54948 0.281574
v 1.10824 1.42274 0.333906
v 1.10824 1.28555 0.333906
v 1.11241 1.15881 0.281574
v 1.12011 1.06181 0.184878
v 1.13018 1.00931 0.058538
v 1.14107 1.00931 -0.078212
v 1.15114 1.06181 -0.204552
v 1.15884 1.15881 -0.301249
v 1.16301 1.28555 -0.353581
v 1.16301 1.42274 -0.353581
v 1.15884 1.54948 -0.301249
v -0.166465 -0.3202 0.585919
v -0.056235 -0.3202 -0.79758
v -0.134449 -0.357284 0.653908
v -0.013857 -0.357284 -0.859641
v 0.868329 -0.35439 0.733804
v 0.988921 -0.35439 -0.779746
v 0.910767 -0.317091 0.671748
v 1.021 -0.317091 -0.711752
v -0.133282 -1.39641 0.15876
v -0.135235 -1.35911 0.653845
v -0.014644 -1.35911 -0.859704
v 0.909245 -1.39641 0.671626
v 1.01947 -1.39641 -0.711873
v 0.943273 -1.39641 0.244534
v 0.985446 -1.39641 -0.284782
v -0.091109 -1.39641 -0.370556
v 0.944795 -0.317091 0.244656
v 0.986968 -0.317091 -0.28466
v -0.132437 -0.3202 0.158828
v -0.090264 -0.3202 -0.370488
v -0.166465 1.89354 0.585919
v -0.056235 1.89354 -0.79758
v -0.134448 1.85646 0.653908
v -0.013857 1.85646 -0.859641
v 0.868329 1.85935 0.733804
v 0.988921 1.85935 -0.779746
v 0.910767 1.89665 0.671748
v 1.021 1.89665 -0.711752
v -0.133282 0.817336 0.15876
v -0.135235 0.854634 0.653845
v -0.014644 0.854634 -0.859704
v 0.909245 0.817336 0.671626
v 1.01947 0.817336 -0.711873
v 0.943273 0.817336 0.244534
v 0.985446 0.817336 -0.284782
v -0.091109 0.817336 -0.370556
v 0.944795 1.89665 0.244656
v 0.986968 1.89665 -0.28466
v -0.132437 1.89354 0.158828
v -0.090263 1.89354 -0.370488
v -0.166465 0.784369 0.585919
v -0.056235 0.784369 -0.79758
v -0.134449 0.747286 0.653908
v -0.013857 0.747286 -0.859641
v 0.868329 0.75018 0.733804
v 0.988921 0.75018 -0.779746
v 0.910767 0.787479 0.671748
v 1.021 0.787479 -0.711752
v -0.133282 -0.291838 0.15876
v -0.135235 -0.254539 0.653845
v -0.014644 -0.254539 -0.859704
v 0.909245 -0.291838 0.671626
v 1.01947 -0.291838 -0.711873
v 0.943273 -0.291838 0.244534
v 0.985446 -0.291838 -0.284782
v -0.091109 -0.291838 -0.370556
v 0.944795 0.787479 0.244656
v 0.986968 0.787479 -0.28466
v -0.132437 0.784369 0.158828
v -0.090264 0.784369 -0.370488
v 0.73454 1.20088 0.595934
v 0.734541 0.10237 0.595934
v 0.734542 -0.996137 0.595934
v 0.110028 1.20088 -0.723685
v 0.110028 0.10237 -0.723685
v 0.110029 -0.996137 -0.723685
v 0.046963 1.12946 0.540874
v 0.046963 0.030949 0.540874
v 0.046964 -1.06756 0.540874
v 0.797605 1.12946 -0.668626
v 0.797606 0.030949 -0.668626
v 0.797606 -1.06756 -0.668626
v 0.680016 1.27193 1.28028
v 0.680016 0.17342 1.28028
v 0.680017 -0.925087 1.28028
v 0.164552 1.27193 -1.40803
v 0.164553 0.17342 -1.40803
v 0.164554 -0.925087 -1.40803
v -0.045034 1.27193 1.22251
v -0.045033 0.173419 1.22251
v -0.045033 -0.925088 1.22251
v 0.889601 1.27193 -1.35026
v 0.889602 0.173419 -1.35026
v 0.889603 -0.925088 -1.35026
v 0.029515 1.14372 1.08138
v 0.029516 0.045208 1.08138
v 0.029516 -1.0533 1.08138
v 0.815053 1.14372 -1.20913
v 0.815054 0.045208 -1.20913
v 0.815054 -1.0533 -1.20913
v 0.67164 1.09804 0.59087
v 0.671641 -0.000466 0.59087
v 0.671641 -1.09897 0.59087
v 0.172928 1.09804 -0.718621
v 0.172929 -0.000466 -0.718621
v 0.172929 -1.09897 -0.718621
v 0.628755 1.14372 1.12912
v 0.628755 0.045209 1.12912
v 0.628756 -1.0533 1.12912
v 0.215813 1.14372 -1.25687
v 0.215814 0.045208 -1.25687
v 0.215814 -1.0533 -1.25687
v 0.689781 1.28605 1.30055
v 0.689782 0.187544 1.30055
v 0.689782 -0.910963 1.30055
v 0.154787 1.28605 -1.4283
v 0.154787 0.187543 -1.4283
v 0.154788 -0.910964 -1.4283
v -0.001855 1.23948 0.53772
v -0.001854 0.140971 0.53772
v -0.001854 -0.957536 0.53772
v 0.846423 1.23948 -0.665471
v 0.846423 0.140971 -0.665471
v 0.846424 -0.957536 -0.665471
v -0.057886 1.28605 1.24098
v -0.057886 0.187542 1.24098
v -0.057885 -0.910965 1.24098
v 0.902454 1.28605 -1.36873
v 0.902455 0.187543 -1.36873
v 0.902455 -0.910964 -1.36873
v 0.665554 1.65081 0.59166
v 0.665555 0.552306 0.59166
v 0.665555 -0.5462 0.59166
v 0.179013 1.65081 -0.719411
v 0.179014 0.552306 -0.719411
v 0.179015 -0.546201 -0.719411
v 0.602627 1.70339 0.586646
v 0.602628 0.604884 0.586646
v 0.602628 -0.493623 0.586646
v 0.24194 1.70339 -0.714397
v 0.241941 0.604884 -0.714397
v 0.241942 -0.493623 -0.714397
v 0.530834 1.74246 0.580926
v 0.530834 0.643953 0.580926
v 0.530835 -0.454554 0.580926
v 0.313734 1.74246 -0.708677
v 0.313734 0.643953 -0.708677
v 0.313735 -0.454554 -0.708677
v 0.452933 1.76652 0.574719
v 0.452934 0.668012 0.574719
v 0.452934 -0.430495 0.574719
v 0.391635 1.76652 -0.70247
v 0.391635 0.668012 -0.70247
v 0.391636 -0.430495 -0.70247
v 0.371919 1.77464 0.568264
v 0.37192 0.676135 0.568264
v 0.37192 -0.422372 0.568264
v 0.472648 1.77464 -0.696016
v 0.472649 0.676135 -0.696016
v 0.47265 -0.422372 -0.696016
v 0.290905 1.76652 0.56181
v 0.290906 0.668012 0.56181
v 0.290906 -0.430495 0.56181
v 0.553662 1.76652 -0.689561
v 0.553663 0.668012 -0.689561
v 0.553664 -0.430495 -0.689561
v 0.141211 1.70339 0.549883
v 0.141211 0.604884 0.549883
v 0.177109 -0.474089 0.552743
v 0.703357 1.70339 -0.677634
v 0.703357 0.604885 -0.677634
v 0.667461 -0.474087 -0.680494
v 0.078283 1.65081 0.544869
v 0.078284 0.552307 0.544869
v 0.078284 -0.546201 0.544869
v 0.766285 1.65081 -0.67262
v 0.766285 0.552307 -0.67262
v 0.766286 -0.5462 -0.67262
v 0.02664 1.58675 0.540755
v 0.02664 0.48824 0.540755
v 0.026641 -0.610267 0.540754
v 0.817928 1.58675 -0.668506
v 0.817929 0.488241 -0.668506
v 0.817929 -0.610266 -0.668506
v -0.035366 1.43434 0.535814
v -0.035365 0.335837 0.535814
v -0.011734 -0.68336 0.537697
v 0.856303 1.51365 -0.665448
v 0.856303 0.415148 -0.665448
v 0.856304 -0.683359 -0.665448
v -0.043345 1.35186 0.535179
v -0.043345 0.253357 0.535179
v -0.043344 -0.84515 0.535178
v 0.887913 1.35186 -0.66293
v 0.887914 0.253357 -0.66293
v 0.887914 -0.84515 -0.66293
v -0.035366 1.26938 0.535814
v -0.035365 0.170877 0.535814
v -0.035365 -0.92763 0.535814
v 0.879934 1.26938 -0.663565
v 0.879935 0.170877 -0.663566
v 0.879935 -0.92763 -0.663566
v -0.023551 1.22973 0.536756
v -0.02355 0.131222 0.536756
v -0.023549 -0.967285 0.536756
v 0.868119 1.22973 -0.664507
v 0.868119 0.131222 -0.664507
v 0.86812 -0.967285 -0.664507
v 0.026639 1.11698 0.540754
v 0.02664 0.018474 0.540754
v 0.026641 -1.08003 0.540754
v 0.817929 1.11698 -0.668506
v 0.817929 0.018474 -0.668506
v 0.81793 -1.08003 -0.668506
v 0.078283 1.05291 0.544869
v 0.078283 -0.045593 0.544869
v 0.078284 -1.1441 0.544869
v 0.766285 1.05292 -0.67262
v 0.766286 -0.045592 -0.67262
v 0.766287 -1.1441 -0.67262
v 0.14121 1.00034 0.549883
v 0.141211 -0.098171 0.549883
v 0.141212 -1.19668 0.549883
v 0.703358 1.00034 -0.677634
v 0.703358 -0.09817 -0.677634
v 0.703359 -1.19668 -0.677634
v 0.290905 0.937209 0.56181
v 0.290905 -0.161298 0.56181
v 0.290906 -1.25981 0.56181
v 0.553663 0.937209 -0.689561
v 0.553664 -0.161298 -0.689561
v 0.553665 -1.25981 -0.689561
v 0.371919 0.916434 0.568264
v 0.371919 -0.182073 0.568264
v 0.37192 -1.28058 0.568264
v 0.47265 0.916434 -0.696015
v 0.47265 -0.182073 -0.696016
v 0.472651 -1.28058 -0.696016
v 0.452933 0.937209 0.574719
v 0.452933 -0.161298 0.574719
v 0.452934 -1.25981 0.574719
v 0.391636 0.937209 -0.70247
v 0.391636 -0.161298 -0.70247
v 0.391637 -1.25981 -0.70247
v 0.530833 0.961267 0.580926
v 0.530834 -0.13724 0.580926
v 0.530834 -1.23575 0.580926
v 0.313735 0.961267 -0.708677
v 0.313735 -0.13724 -0.708677
v 0.313736 -1.23575 -0.708677
v 0.665555 1.05291 0.59166
v 0.665555 -0.045593 0.59166
v 0.665556 -1.1441 0.591659
v 0.179014 1.05291 -0.719411
v 0.179014 -0.045593 -0.719411
v 0.179015 -1.1441 -0.719411
v 0.691376 1.08495 0.593717
v 0.691377 -0.013559 0.593717
v 0.691377 -1.11207 0.593717
v 0.153192 1.08495 -0.721468
v 0.153192 -0.01356 -0.721468
v 0.153193 -1.11207 -0.721468
v 0.717198 1.11698 0.595774
v 0.717198 0.018474 0.595774
v 0.717199 -1.08003 0.595774
v 0.12737 1.11698 -0.723525
v 0.127371 0.018473 -0.723525
v 0.127371 -1.08003 -0.723525
v 0.755572 1.19007 0.598832
v 0.755573 0.091567 0.598832
v 0.755574 -1.00694 0.598832
v 0.088996 1.19007 -0.726583
v 0.088996 0.091566 -0.726583
v 0.088997 -1.00694 -0.726583
v 0.779203 1.26938 0.600715
v 0.779204 0.170877 0.600714
v 0.779204 -0.92763 0.600714
v 0.065365 1.26938 -0.728466
v 0.065365 0.170877 -0.728466
v 0.065366 -0.92763 -0.728466
v 0.779203 1.43434 0.600715
v 0.779204 0.335837 0.600714
v 0.779204 -0.76267 0.600714
v 0.065365 1.43434 -0.728466
v 0.065365 0.335837 -0.728466
v 0.065366 -0.76267 -0.728466
v 0.755572 1.51365 0.598832
v 0.755573 0.415147 0.598832
v 0.755573 -0.68336 0.598832
v 0.088996 1.51365 -0.726583
v 0.088996 0.415147 -0.726583
v 0.088997 -0.68336 -0.726583
v 0.717198 1.58675 0.595774
v 0.717198 0.48824 0.595774
v 0.717199 -0.610267 0.595774
v 0.12737 1.58675 -0.723525
v 0.127371 0.48824 -0.723525
v 0.127371 -0.610267 -0.723526
v 0.529248 1.70339 1.50759
v 0.529249 0.604886 1.50759
v 0.529249 -0.493621 1.50759
v 0.315319 1.70339 -1.63534
v 0.31532 0.604886 -1.63534
v 0.31532 -0.493621 -1.63534
v 0.418504 1.75449 1.49877
v 0.418505 0.655984 1.49877
v 0.418505 -0.442524 1.49877
v 0.387113 1.74246 -1.62962
v 0.387114 0.643954 -1.62962
v 0.387114 -0.454553 -1.62962
v 0.29854 1.77464 1.48921
v 0.29854 0.676135 1.48921
v 0.298541 -0.422372 1.48921
v 0.546028 1.77464 -1.61696
v 0.546028 0.676135 -1.61696
v 0.546029 -0.422372 -1.61696
v 0.217526 1.76652 1.48275
v 0.217527 0.668011 1.48275
v 0.217527 -0.430496 1.48275
v 0.627041 1.76652 -1.61051
v 0.627042 0.668011 -1.61051
v 0.627042 -0.430496 -1.61051
v 0.067833 1.70339 1.47083
v 0.067833 0.604883 1.47083
v 0.067834 -0.493624 1.47083
v 0.776735 1.70339 -1.59858
v 0.776735 0.604883 -1.59858
v 0.776736 -0.493624 -1.59858
v -0.046738 1.58675 1.4617
v -0.046737 0.488238 1.4617
v -0.046736 -0.610269 1.4617
v 0.891305 1.58675 -1.58945
v 0.891306 0.488238 -1.58945
v 0.891306 -0.610269 -1.58945
v -0.083189 1.51365 1.43452
v -0.083189 0.415145 1.43452
v -0.083188 -0.683362 1.43452
v 0.927757 1.51365 -1.56227
v 0.927758 0.415145 -1.56227
v 0.927758 -0.683362 -1.56227
v -0.103099 1.43434 1.38593
v -0.103098 0.335835 1.38593
v -0.103098 -0.762673 1.38593
v 0.947667 1.43434 -1.51368
v 0.947667 0.335835 -1.51368
v 0.947668 -0.762672 -1.51368
v -0.104604 1.35186 1.30404
v -0.104603 0.253355 1.30404
v -0.104603 -0.845152 1.30404
v 0.949172 1.35186 -1.4318
v 0.949172 0.253355 -1.4318
v 0.949173 -0.845152 -1.4318
v -0.090289 1.29148 1.22517
v -0.090289 0.192971 1.22517
v -0.090288 -0.905536 1.22517
v 0.934857 1.29148 -1.35292
v 0.934858 0.192971 -1.35292
v 0.934858 -0.905535 -1.35292
v -0.079582 1.2763 1.24002
v -0.079581 0.177793 1.24002
v -0.079581 -0.920714 1.24002
v 0.92415 1.2763 -1.36777
v 0.92415 0.177794 -1.36777
v 0.924151 -0.920713 -1.36777
v -0.066259 1.26112 1.22204
v -0.066258 0.162615 1.22204
v -0.066258 -0.935892 1.22204
v 0.910827 1.26112 -1.34979
v 0.910828 0.162616 -1.34979
v 0.910828 -0.935891 -1.34979
v -0.021447 1.18465 1.1443
v -0.021446 0.08614 1.1443
v -0.021446 -1.01237 1.1443
v 0.866015 1.18465 -1.27205
v 0.866015 0.08614 -1.27205
v 0.866016 -1.01237 -1.27205
v 0.009577 1.13062 1.08106
v 0.009578 0.032115 1.08106
v 0.009578 -1.06639 1.08106
v 0.834991 1.13062 -1.20882
v 0.834992 0.032115 -1.20882
v 0.834992 -1.06639 -1.20882
v 0.039393 1.0766 1.03299
v 0.039394 -0.02191 1.03299
v 0.039394 -1.12042 1.03299
v 0.805175 1.0766 -1.16074
v 0.805175 -0.02191 -1.16074
v 0.805176 -1.12042 -1.16074
v 0.104336 1.00033 1.01271
v 0.104336 -0.098171 1.01271
v 0.104337 -1.19668 1.01271
v 0.740232 1.00034 -1.14046
v 0.740233 -0.098171 -1.14046
v 0.740234 -1.19668 -1.14046
v 0.176353 0.961267 1.01562
v 0.176354 -0.13724 1.01562
v 0.176354 -1.23575 1.01562
v 0.668215 0.961267 -1.14337
v 0.668216 -0.13724 -1.14337
v 0.668216 -1.23575 -1.14337
v 0.254552 0.937209 1.01808
v 0.254553 -0.161298 1.01808
v 0.254553 -1.25981 1.01808
v 0.590016 0.937209 -1.14583
v 0.590016 -0.161298 -1.14583
v 0.590017 -1.25981 -1.14583
v 0.41658 0.937209 1.03099
v 0.41658 -0.161298 1.03099
v 0.416581 -1.25981 1.03099
v 0.427988 0.937209 -1.15874
v 0.427989 -0.161298 -1.15874
v 0.42799 -1.25981 -1.15874
v 0.565751 1.00034 1.04948
v 0.565752 -0.098171 1.04947
v 0.565752 -1.19668 1.04947
v 0.278817 1.00034 -1.17723
v 0.278817 -0.098171 -1.17723
v 0.278818 -1.19668 -1.17723
v 0.648491 1.13062 1.13197
v 0.648492 0.032116 1.13197
v 0.648492 -1.06639 1.13197
v 0.196077 1.13062 -1.25972
v 0.196078 0.032115 -1.25972
v 0.196078 -1.06639 -1.25972
v 0.669111 1.18465 1.19932
v 0.669111 0.086141 1.19932
v 0.669112 -1.01237 1.19932
v 0.175457 1.18465 -1.32707
v 0.175458 0.08614 -1.32707
v 0.175458 -1.01237 -1.32707
v 0.701048 1.26112 1.28317
v 0.701048 0.162617 1.28317
v 0.701049 -0.93589 1.28317
v 0.14352 1.26112 -1.41093
v 0.143521 0.162616 -1.41093
v 0.143522 -0.935891 -1.41093
v 0.711356 1.2763 1.30303
v 0.711356 0.177794 1.30303
v 0.711357 -0.920713 1.30303
v 0.133212 1.2763 -1.43078
v 0.133213 0.177794 -1.43078
v 0.133213 -0.920713 -1.43078
v 0.724279 1.29148 1.29007
v 0.72428 0.192972 1.29007
v 0.72428 -0.905535 1.29007
v 0.120289 1.29148 -1.41782
v 0.120289 0.192972 -1.41782
v 0.12029 -0.905535 -1.41782
v 0.725923 1.35186 1.37022
v 0.725924 0.253356 1.37022
v 0.725925 -0.845151 1.37022
v 0.118644 1.35186 -1.49797
v 0.118645 0.253356 -1.49797
v 0.118645 -0.845151 -1.49797
v 0.711471 1.43434 1.45083
v 0.711471 0.335836 1.45083
v 0.711472 -0.762671 1.45083
v 0.133097 1.43434 -1.57858
v 0.133098 0.335836 -1.57858
v 0.133098 -0.762671 -1.57858
v 0.684119 1.51365 1.49565
v 0.68412 0.415147 1.49565
v 0.68412 -0.683361 1.49565
v 0.160449 1.51365 -1.6234
v 0.160449 0.415146 -1.6234
v 0.16045 -0.683361 -1.6234
v 0.643823 1.58675 1.51672
v 0.643823 0.488239 1.51672
v 0.643824 -0.610268 1.51672
v 0.200745 1.58675 -1.64447
v 0.200746 0.488239 -1.64447
v 0.200746 -0.610268 -1.64447
v 0.70144 1.29771 1.28795
v 0.701441 0.199202 1.28795
v 0.701441 -0.899305 1.28795
v 0.143128 1.29771 -1.4157
v 0.143128 0.199202 -1.4157
v 0.143129 -0.899305 -1.4157
v 0.688256 1.42964 1.44898
v 0.688256 0.331135 1.44898
v 0.688257 -0.767372 1.44898
v 0.156312 1.42964 -1.57673
v 0.156312 0.331135 -1.57673
v 0.156313 -0.767372 -1.57673
v 0.182317 0.405924 -1.62166
v 0.182318 -0.692583 -1.62166
v 0.624142 1.57336 1.51515
v 0.624143 0.474851 1.51515
v 0.624143 -0.623656 1.51515
v 0.220425 1.57336 -1.6429
v 0.220426 0.474851 -1.6429
v 0.220426 -0.623656 -1.6429
v 0.516098 1.68336 1.50654
v 0.516099 0.58485 1.50654
v 0.516099 -0.513657 1.50654
v 0.328469 1.68336 -1.63429
v 0.32847 0.58485 -1.63429
v 0.328471 -0.513657 -1.63429
v 0.448396 1.7202 1.50115
v 0.448397 0.621691 1.50115
v 0.448398 -0.476816 1.50115
v 0.396171 1.7202 -1.6289
v 0.396172 0.621691 -1.6289
v 0.396172 -0.476816 -1.6289
v 0.29854 1.75055 1.48921
v 0.29854 0.652038 1.48921
v 0.298541 -0.446469 1.48921
v 0.546028 1.75055 -1.61696
v 0.546028 0.652038 -1.61696
v 0.546029 -0.446469 -1.61696
v 0.222144 1.74288 1.48312
v 0.222144 0.644376 1.48312
v 0.222145 -0.454131 1.48312
v 0.622424 1.74288 -1.61087
v 0.622424 0.644376 -1.61087
v 0.622425 -0.454131 -1.61087
v 0.080983 1.68335 1.47187
v 0.080983 0.584846 1.47187
v 0.080984 -0.513661 1.47187
v 0.763585 1.68335 -1.59963
v 0.763585 0.584846 -1.59963
v 0.763586 -0.51366 -1.59963
v 0.021642 1.63377 1.46715
v 0.021643 0.535265 1.46715
v 0.021643 -0.563242 1.46715
v 0.822925 1.63377 -1.5949
v 0.822926 0.535265 -1.5949
v 0.822927 -0.563242 -1.5949
v -0.061322 1.50443 1.43626
v -0.061321 0.405923 1.43626
v -0.061321 -0.692584 1.43626
v 0.905889 1.50443 -1.56401
v 0.90589 0.405924 -1.56401
v 0.905891 -0.692583 -1.56401
v -0.080933 1.35205 1.30591
v -0.080933 0.253547 1.30591
v -0.080932 -0.84496 1.30591
v 0.925501 1.35206 -1.43366
v 0.925502 0.253548 -1.43366
v 0.925502 -0.844959 -1.43366
v -0.067402 1.29771 1.22669
v -0.067402 0.199201 1.22669
v -0.067401 -0.899306 1.22669
v 0.91197 1.29771 -1.35444
v 0.911971 0.199201 -1.35444
v 0.911971 -0.899306 -1.35444
v 0.689781 1.28605 1.30055
v 0.689782 0.187544 1.30055
v 0.689782 -0.910963 1.30055
v 0.154787 1.28605 -1.4283
v 0.154787 0.187543 -1.4283
v 0.154788 -0.910964 -1.4283
v 0.649025 1.19712 1.19622
v 0.649025 0.098616 1.19622
v 0.649026 -0.999891 1.19622
v 0.195543 1.19712 -1.32397
v 0.195544 0.098616 -1.32397
v 0.195544 -0.999891 -1.32397
v 0.551669 1.01969 1.0481
v 0.55167 -0.078818 1.0481
v 0.551671 -1.17732 1.0481
v 0.292899 1.01969 -1.17586
v 0.292899 -0.078818 -1.17586
v 0.2929 -1.17732 -1.17586
v 0.41093 0.960607 1.03039
v 0.41093 -0.1379 1.03039
v 0.410931 -1.23641 1.03039
v 0.433638 0.960607 -1.15814
v 0.433639 -0.1379 -1.15814
v 0.433639 -1.23641 -1.15814
v 0.260226 0.960607 1.01838
v 0.260227 -0.1379 1.01838
v 0.260227 -1.23641 1.01838
v 0.584342 0.960607 -1.14613
v 0.584342 -0.1379 -1.14613
v 0.584343 -1.23641 -1.14613
v 0.185411 0.98353 1.01634
v 0.185412 -0.114977 1.01634
v 0.185412 -1.21348 1.01634
v 0.659157 0.983531 -1.1441
v 0.659158 -0.114977 -1.1441
v 0.659158 -1.21348 -1.1441
v 0.118457 1.01969 1.01359
v 0.118457 -0.078819 1.01359
v 0.118458 -1.17733 1.01359
v 0.726111 1.01969 -1.14134
v 0.726112 -0.078819 -1.14134
v 0.726112 -1.17733 -1.14134
v 0.057912 1.09167 1.0337
v 0.057913 -0.006842 1.0337
v 0.057913 -1.10535 1.0337
v 0.786656 1.09167 -1.16145
v 0.786656 -0.006842 -1.16145
v 0.786657 -1.10535 -1.16145
v 0.029515 1.14372 1.08138
v 0.029516 0.045208 1.08138
v 0.029516 -1.0533 1.08138
v 0.815053 1.14372 -1.20913
v 0.815054 0.045208 -1.20913
v 0.815054 -1.0533 -1.20913
v -0.045034 1.27193 1.22251
v -0.045033 0.173419 1.22251
v -0.045033 -0.925088 1.22251
v 0.889601 1.27193 -1.35026
v 0.889602 0.173419 -1.35026
v 0.889603 -0.925088 -1.35026
v 0.648818 1.63377 0.590326
v 0.648818 0.535267 0.590326
v 0.648819 -0.56324 0.590326
v 0.19575 1.63377 -0.718077
v 0.195751 0.535267 -0.718077
v 0.195751 -0.56324 -0.718077
v 0.589477 1.68335 0.585598
v 0.589478 0.584847 0.585598
v 0.589478 -0.513659 0.585598
v 0.25509 1.68335 -0.713349
v 0.255091 0.584847 -0.713349
v 0.255092 -0.51366 -0.713349
v 0.521776 1.7202 0.580204
v 0.521776 0.621689 0.580204
v 0.521777 -0.476817 0.580204
v 0.322792 1.7202 -0.707955
v 0.322792 0.62169 -0.707955
v 0.322793 -0.476817 -0.707955
v 0.448316 1.74288 0.574351
v 0.448316 0.644377 0.574351
v 0.448317 -0.45413 0.574351
v 0.396252 1.74288 -0.702102
v 0.396253 0.644377 -0.702102
v 0.396253 -0.45413 -0.702103
v 0.371919 1.75055 0.568264
v 0.37192 0.652038 0.568264
v 0.37192 -0.446469 0.568264
v 0.472649 1.75055 -0.696016
v 0.472649 0.652038 -0.696016
v 0.47265 -0.446469 -0.696016
v 0.295522 1.74288 0.562178
v 0.295523 0.644377 0.562178
v 0.295524 -0.45413 0.562178
v 0.549045 1.74288 -0.689929
v 0.549046 0.644377 -0.689929
v 0.549046 -0.45413 -0.689929
v 0.154361 1.68335 0.550931
v 0.154361 0.584848 0.550931
v 0.154362 -0.513659 0.550931
v 0.690207 1.68335 -0.678682
v 0.690207 0.584848 -0.678682
v 0.690208 -0.513659 -0.678682
v 0.09502 1.63377 0.546203
v 0.09502 0.535267 0.546203
v 0.095021 -0.56324 0.546203
v 0.749548 1.63377 -0.673954
v 0.749548 0.535267 -0.673954
v 0.749549 -0.56324 -0.673954
v 0.04632 1.57336 0.542323
v 0.046321 0.474852 0.542323
v 0.046321 -0.623655 0.542323
v 0.798248 1.57336 -0.670074
v 0.798248 0.474852 -0.670074
v 0.798249 -0.623654 -0.670074
v -0.012151 1.42964 0.537664
v -0.01215 0.331136 0.537664
v -0.01215 -0.767371 0.537664
v 0.856719 1.42964 -0.665415
v 0.856719 0.331136 -0.665415
v 0.85672 -0.76737 -0.665415
v -0.019675 1.35206 0.537041
v -0.019674 0.25355 0.537041
v -0.019674 -0.844957 0.537041
v 0.864243 1.35206 -0.664792
v 0.864243 0.25355 -0.664792
v 0.864244 -0.844957 -0.664792
v -0.012479 1.27561 0.537335
v -0.012478 0.177107 0.537335
v -0.012478 -0.9214 0.537335
v 0.857047 1.27561 -0.665086
v 0.857047 0.177107 -0.665086
v 0.857048 -0.921399 -0.665086
v -0.001855 1.23948 0.53772
v -0.001854 0.140971 0.53772
v -0.001854 -0.957536 0.53772
v 0.846423 1.23948 -0.665471
v 0.846423 0.140971 -0.665471
v 0.846424 -0.957536 -0.665471
v 0.046963 1.12946 0.540874
v 0.046963 0.030949 0.540874
v 0.046964 -1.06756 0.540874
v 0.797605 1.12946 -0.668626
v 0.797606 0.030949 -0.668626
v 0.797606 -1.06756 -0.668626
v 0.096802 1.06798 0.545585
v 0.096802 -0.030525 0.545585
v 0.096803 -1.12903 0.545585
v 0.747766 1.06798 -0.673336
v 0.747767 -0.030525 -0.673336
v 0.747768 -1.12903 -0.673336
v 0.222062 0.983531 0.556325
v 0.222062 -0.114976 0.556325
v 0.222063 -1.21348 0.556325
v 0.622506 0.983531 -0.684076
v 0.622507 -0.114976 -0.684076
v 0.622507 -1.21348 -0.684076
v 0.296579 0.960607 0.56211
v 0.296579 -0.1379 0.56211
v 0.29658 -1.23641 0.56211
v 0.547989 0.960607 -0.689861
v 0.54799 -0.1379 -0.689861
v 0.547991 -1.23641 -0.689861
v 0.371943 0.94053 0.567957
v 0.371944 -0.157977 0.567957
v 0.371944 -1.25648 0.567957
v 0.472625 0.94053 -0.695708
v 0.472626 -0.157977 -0.695708
v 0.472626 -1.25648 -0.695709
v 0.447283 0.960607 0.574117
v 0.447283 -0.1379 0.574117
v 0.447284 -1.23641 0.574117
v 0.397285 0.960607 -0.701868
v 0.397286 -0.1379 -0.701868
v 0.397287 -1.23641 -0.701868
v 0.521775 0.983531 0.580204
v 0.521776 -0.114976 0.580204
v 0.521777 -1.21348 0.580204
v 0.322793 0.983531 -0.707955
v 0.322793 -0.114976 -0.707955
v 0.322794 -1.21348 -0.707955
v 0.647156 1.06798 0.589434
v 0.647156 -0.030525 0.589434
v 0.647157 -1.12903 0.589434
v 0.197412 1.06798 -0.717185
v 0.197413 -0.030525 -0.717185
v 0.197413 -1.12903 -0.717185
v 0.67164 1.09804 0.59087
v 0.671641 -0.000466 0.59087
v 0.671641 -1.09897 0.59087
v 0.172928 1.09804 -0.718621
v 0.172929 -0.000466 -0.718621
v 0.172929 -1.09897 -0.718621
v 0.697112 1.12946 0.592674
v 0.697112 0.030949 0.592674
v 0.697113 -1.06756 0.592674
v 0.147456 1.12946 -0.720426
v 0.147457 0.030949 -0.720426
v 0.147457 -1.06756 -0.720426
v 0.745813 1.23948 0.59729
v 0.745814 0.140971 0.59729
v 0.745814 -0.957536 0.59729
v 0.098755 1.23948 -0.725041
v 0.098755 0.140971 -0.725041
v 0.098756 -0.957536 -0.725041
v 0.763516 1.35206 0.599441
v 0.763516 0.25355 0.599441
v 0.763517 -0.844957 0.599441
v 0.081052 1.35206 -0.727192
v 0.081053 0.253549 -0.727192
v 0.081053 -0.844957 -0.727192
v 0.755988 1.42964 0.598865
v 0.755989 0.331136 0.598865
v 0.755989 -0.767371 0.598865
v 0.08858 1.42964 -0.726616
v 0.08858 0.331136 -0.726616
v 0.088581 -0.767372 -0.726616
v 0.733704 1.50443 0.597089
v 0.733705 0.405926 0.597089
v 0.733706 -0.692582 0.597089
v 0.110863 1.50443 -0.724841
v 0.110864 0.405925 -0.724841
v 0.110864 -0.692582 -0.724841
v 0.697517 1.57336 0.594206
v 0.697518 0.474852 0.594206
v 0.697518 -0.623655 0.594206
v 0.14705 1.57336 -0.721957
v 0.147051 0.474852 -0.721957
v 0.147051 -0.623655 -0.721958
v 0.959085 1.65081 -0.320099
v 0.959085 0.552306 -0.320099
v 0.959085 -0.546201 -0.320099
v -0.351985 1.65081 0.166441
v -0.351986 0.552306 0.166441
v -0.351986 -0.546201 0.166441
v 0.9632 1.58675 -0.371742
v 0.9632 0.48824 -0.371743
v 0.9632 -0.610267 -0.371743
v -0.3561 1.58675 0.218085
v -0.3561 0.48824 0.218085
v -0.3561 -0.610267 0.218085
v 0.966257 1.51365 -0.410117
v 0.966257 0.415147 -0.410117
v 0.966257 -0.68336 -0.410117
v -0.359158 1.51365 0.256459
v -0.359158 0.415147 0.256459
v -0.359158 -0.68336 0.256459
v 0.96814 1.43434 -0.433748
v 0.96814 0.335837 -0.433748
v 0.96814 -0.76267 -0.433748
v -0.36104 1.43434 0.28009
v -0.36104 0.335837 0.28009
v -0.361041 -0.76267 0.28009
v 0.968776 1.35186 -0.441727
v 0.968776 0.253357 -0.441727
v 0.968776 -0.84515 -0.441727
v -0.361676 1.35186 0.288069
v -0.361676 0.253357 0.288069
v -0.361676 -0.84515 0.288069
v 0.966257 1.19007 -0.410117
v 0.966257 0.091566 -0.410117
v 0.966257 -1.00694 -0.410117
v -0.359157 1.19007 0.256459
v -0.359158 0.091567 0.256459
v -0.359158 -1.00694 0.256459
v 0.959085 1.05291 -0.320099
v 0.959085 -0.045593 -0.320099
v 0.959085 -1.1441 -0.320099
v -0.351985 1.05291 0.166441
v -0.351986 -0.045593 0.166441
v -0.351986 -1.1441 0.166441
v 0.954071 1.00034 -0.257171
v 0.954071 -0.098171 -0.257172
v 0.954071 -1.19668 -0.257172
v -0.346972 1.00034 0.103514
v -0.346972 -0.098171 0.103514
v -0.346972 -1.19668 0.103514
v 0.948351 0.961267 -0.185378
v 0.948351 -0.13724 -0.185378
v 0.948351 -1.23575 -0.185378
v -0.341252 0.961267 0.03172
v -0.341252 -0.13724 0.03172
v -0.341252 -1.23575 0.03172
v 0.942145 0.937209 -0.107477
v 0.942145 -0.161298 -0.107477
v 0.942144 -1.25981 -0.107477
v -0.335045 0.937209 -0.046181
v -0.335045 -0.161298 -0.046181
v -0.335045 -1.25981 -0.046181
v 0.93569 0.916434 -0.026463
v 0.93569 -0.182073 -0.026463
v 0.93569 -1.28058 -0.026463
v -0.32859 0.916434 -0.127195
v -0.32859 -0.182073 -0.127195
v -0.32859 -1.28058 -0.127195
v 0.929235 0.937209 0.054551
v 0.929235 -0.161298 0.054551
v 0.929235 -1.25981 0.054551
v -0.322135 0.937209 -0.208209
v -0.322136 -0.161298 -0.208209
v -0.322136 -1.25981 -0.208209
v 0.923028 0.961267 0.132451
v 0.923028 -0.13724 0.132451
v 0.923028 -1.23575 0.132451
v -0.315929 0.961267 -0.286109
v -0.315929 -0.13724 -0.286109
v -0.315929 -1.23575 -0.286109
v 0.917308 1.00034 0.204245
v 0.917308 -0.098171 0.204245
v 0.917308 -1.19668 0.204245
v -0.310209 1.00034 -0.357903
v -0.310209 -0.098171 -0.357903
v -0.310209 -1.19668 -0.357903
v 0.90818 1.11698 0.318816
v 0.90818 0.018474 0.318816
v 0.90818 -1.08003 0.318816
v -0.30108 1.11698 -0.472474
v -0.30108 0.018474 -0.472474
v -0.30108 -1.08003 -0.472474
v 0.90324 1.26938 0.380821
v 0.90324 0.170877 0.380821
v 0.903239 -0.92763 0.380821
v -0.29614 1.26938 -0.534479
v -0.29614 0.170877 -0.534479
v -0.29614 -0.92763 -0.534479
v 0.902604 1.35186 0.3888
v 0.902604 0.253357 0.3888
v 0.902604 -0.84515 0.3888
v -0.295504 1.35186 -0.542458
v -0.295504 0.253357 -0.542458
v -0.295504 -0.84515 -0.542458
v 0.90324 1.43434 0.380821
v 0.90324 0.335837 0.380821
v 0.903239 -0.76267 0.380821
v -0.29614 1.43434 -0.534479
v -0.29614 0.335837 -0.534479
v -0.29614 -0.76267 -0.534479
v 0.905123 1.51365 0.35719
v 0.905122 0.415148 0.35719
v 0.905122 -0.68336 0.35719
v -0.298023 1.51365 -0.510848
v -0.298023 0.415147 -0.510848
v -0.298023 -0.68336 -0.510848
v 0.90818 1.58675 0.318816
v 0.90818 0.48824 0.318816
v 0.90818 -0.610267 0.318815
v -0.30108 1.58675 -0.472473
v -0.30108 0.48824 -0.472473
v -0.30108 -0.610267 -0.472474
v 0.912295 1.65081 0.267172
v 0.912295 0.552307 0.267172
v 0.912294 -0.5462 0.267172
v -0.305195 1.65081 -0.42083
v -0.305195 0.552307 -0.42083
v -0.305195 -0.5462 -0.42083
v 0.917308 1.70339 0.204244
v 0.917308 0.604885 0.204244
v 0.917308 -0.493622 0.204244
v -0.310209 1.70339 -0.357902
v -0.310209 0.604885 -0.357902
v -0.310209 -0.493622 -0.357902
v 0.923029 1.74246 0.132451
v 0.923028 0.643953 0.132451
v 0.923028 -0.454554 0.132451
v -0.315929 1.74246 -0.286108
v -0.315929 0.643953 -0.286108
v -0.315929 -0.454553 -0.286109
v 0.929235 1.76652 0.05455
v 0.929235 0.668012 0.05455
v 0.929235 -0.430495 0.05455
v -0.322135 1.76652 -0.208208
v -0.322136 0.668012 -0.208208
v -0.322136 -0.430495 -0.208208
v 0.93569 1.77464 -0.026464
v 0.93569 0.676135 -0.026464
v 0.93569 -0.422372 -0.026464
v -0.32859 1.77464 -0.127194
v -0.32859 0.676135 -0.127194
v -0.328591 -0.422372 -0.127194
v 0.942145 1.76652 -0.107478
v 0.942145 0.668011 -0.107478
v 0.942145 -0.430495 -0.107478
v -0.335045 1.76652 -0.04618
v -0.335045 0.668012 -0.04618
v -0.335045 -0.430495 -0.04618
v 0.948352 1.74246 -0.185378
v 0.948351 0.643953 -0.185379
v 0.948351 -0.454554 -0.185379
v -0.341252 1.74246 0.031721
v -0.341252 0.643953 0.031721
v -0.341252 -0.454554 0.031721
v 0.954072 1.70339 -0.257172
v 0.954072 0.604884 -0.257172
v 0.954071 -0.493623 -0.257172
v -0.346972 1.70339 0.103514
v -0.346972 0.604884 0.103514
v -0.346972 -0.493623 0.103514
v 1.88003 1.65081 -0.246724
v 1.88003 0.552306 -0.246724
v 1.88003 -0.546201 -0.246724
v -1.27293 1.65081 0.093066
v -1.27293 0.552306 0.093066
v -1.27293 -0.546201 0.093066
v 1.88414 1.58675 -0.298367
v 1.88414 0.488239 -0.298367
v 1.88414 -0.610268 -0.298367
v -1.27704 1.58675 0.144709
v -1.27704 0.488239 0.144709
v -1.27704 -0.610268 0.144709
v 1.86308 1.51365 -0.338663
v 1.86308 0.415146 -0.338664
v 1.86308 -0.683361 -0.338664
v -1.25598 1.51365 0.185006
v -1.25598 0.415146 0.185006
v -1.25598 -0.683361 0.185006
v 1.81826 1.43434 -0.366015
v 1.81826 0.335836 -0.366015
v 1.81826 -0.762671 -0.366015
v -1.21116 1.43434 0.212358
v -1.21116 0.335836 0.212358
v -1.21116 -0.762671 0.212357
v 1.73764 1.35186 -0.380468
v 1.73764 0.253356 -0.380468
v 1.73764 -0.845151 -0.380468
v -1.13054 1.35186 0.22681
v -1.13054 0.253356 0.22681
v -1.13054 -0.845151 0.22681
v 1.65749 1.29148 -0.378824
v 1.65749 0.192972 -0.378824
v 1.65749 -0.905535 -0.378824
v -1.05039 1.29148 0.225166
v -1.05039 0.192972 0.225166
v -1.05039 -0.905535 0.225166
v 1.6506 1.26112 -0.355592
v 1.6506 0.162616 -0.355592
v 1.6506 -0.935891 -0.355592
v -1.0435 1.26112 0.201934
v -1.0435 0.162616 0.201934
v -1.0435 -0.935891 0.201934
v 1.56674 1.18465 -0.323655
v 1.56674 0.08614 -0.323655
v 1.56674 -1.01237 -0.323655
v -0.959644 1.18465 0.169997
v -0.959644 0.08614 0.169997
v -0.959644 -1.01237 0.169997
v 1.4472 1.0766 -0.281208
v 1.4472 -0.021909 -0.281208
v 1.4472 -1.12042 -0.281209
v -0.840103 1.0766 0.127551
v -0.840103 -0.021909 0.127551
v -0.840103 -1.12042 0.12755
v 1.4169 1.00034 -0.220296
v 1.4169 -0.098171 -0.220296
v 1.4169 -1.19668 -0.220296
v -0.809801 1.00034 0.066638
v -0.809801 -0.098171 0.066638
v -0.809801 -1.19668 0.066638
v 1.40837 0.961267 -0.148726
v 1.40837 -0.13724 -0.148726
v 1.40837 -1.23575 -0.148726
v -0.801271 0.961267 -0.004932
v -0.801271 -0.13724 -0.004932
v -0.801271 -1.23575 -0.004932
v 1.39842 0.937209 -0.071124
v 1.39842 -0.161298 -0.071124
v 1.39842 -1.25981 -0.071124
v -0.791317 0.937209 -0.082533
v -0.791317 -0.161298 -0.082534
v -0.791317 -1.25981 -0.082534
v 1.39196 0.926501 0.009889
v 1.39196 -0.172006 0.009889
v 1.39196 -1.27051 0.009889
v -0.784862 0.926501 -0.163547
v -0.784862 -0.172006 -0.163547
v -0.784862 -1.27051 -0.163547
v 1.38551 0.937209 0.090903
v 1.38551 -0.161298 0.090903
v 1.38551 -1.25981 0.090903
v -0.778407 0.937209 -0.244561
v -0.778407 -0.161298 -0.244561
v -0.778407 -1.25981 -0.244561
v 1.38305 0.961267 0.169102
v 1.38305 -0.13724 0.169102
v 1.38305 -1.23575 0.169102
v -0.775948 0.961267 -0.32276
v -0.775948 -0.13724 -0.32276
v -0.775948 -1.23575 -0.32276
v 1.38014 1.00034 0.24112
v 1.38014 -0.098171 0.24112
v 1.38014 -1.19668 0.24112
v -0.773039 1.00034 -0.394778
v -0.773039 -0.098171 -0.394778
v -0.773039 -1.19668 -0.394778
v 1.40041 1.0766 0.306062
v 1.40041 -0.02191 0.306062
v 1.40041 -1.12042 0.306062
v -0.793312 1.0766 -0.45972
v -0.793312 -0.02191 -0.45972
v -0.793313 -1.12042 -0.45972
v 1.51172 1.18465 0.366902
v 1.51172 0.08614 0.366902
v 1.51172 -1.01237 0.366902
v -0.904624 1.18465 -0.52056
v -0.904624 0.08614 -0.52056
v -0.904624 -1.01237 -0.52056
v 1.58947 1.26112 0.411715
v 1.58947 0.162616 0.411715
v 1.58947 -0.935891 0.411714
v -0.982367 1.26112 -0.565372
v -0.982367 0.162616 -0.565372
v -0.982367 -0.935892 -0.565372
v 1.59259 1.29148 0.435745
v 1.59259 0.192971 0.435745
v 1.59259 -0.905536 0.435745
v -0.985494 1.29148 -0.589403
v -0.985494 0.192971 -0.589403
v -0.985494 -0.905536 -0.589403
v 1.67147 1.35186 0.45006
v 1.67147 0.253355 0.450059
v 1.67147 -0.845152 0.450059
v -1.06437 1.35186 -0.603717
v -1.06437 0.253355 -0.603717
v -1.06437 -0.845152 -0.603717
v 1.75336 1.43434 0.448554
v 1.75336 0.335835 0.448554
v 1.75336 -0.762672 0.448554
v -1.14626 1.43434 -0.602212
v -1.14626 0.335835 -0.602212
v -1.14626 -0.762672 -0.602212
v 1.80194 1.51365 0.428645
v 1.80194 0.415145 0.428645
v 1.80194 -0.683362 0.428645
v -1.19484 1.51365 -0.582303
v -1.19484 0.415145 -0.582303
v -1.19484 -0.683362 -0.582303
v 1.82912 1.58675 0.392193
v 1.82912 0.488238 0.392193
v 1.82912 -0.610269 0.392193
v -1.22202 1.58675 -0.545851
v -1.22202 0.488238 -0.545851
v -1.22202 -0.610269 -0.545851
v 1.83324 1.65081 0.34055
v 1.83324 0.552305 0.34055
v 1.83324 -0.546202 0.34055
v -1.22614 1.65081 -0.494208
v -1.22614 0.552305 -0.494208
v -1.22614 -0.546202 -0.494208
v 1.83825 1.70339 0.277623
v 1.83825 0.604883 0.277623
v 1.83825 -0.493624 0.277623
v -1.23115 1.70339 -0.43128
v -1.23115 0.604883 -0.431281
v -1.23115 -0.493624 -0.431281
v 1.84397 1.74246 0.20583
v 1.84397 0.643952 0.20583
v 1.84397 -0.454555 0.205829
v -1.23687 1.74246 -0.359487
v -1.23687 0.643952 -0.359487
v -1.23687 -0.454555 -0.359487
v 1.85018 1.76652 0.127929
v 1.85018 0.668011 0.127929
v 1.85018 -0.430496 0.127929
v -1.24308 1.76652 -0.281587
v -1.24308 0.668011 -0.281587
v -1.24308 -0.430496 -0.281587
v 1.85663 1.77464 0.046916
v 1.85663 0.676135 0.046915
v 1.85663 -0.422372 0.046915
v -1.24953 1.77464 -0.200573
v -1.24953 0.676135 -0.200573
v -1.24953 -0.422372 -0.200573
v 1.86309 1.76652 -0.034098
v 1.86309 0.668012 -0.034098
v 1.86309 -0.430495 -0.034098
v -1.25599 1.76652 -0.119559
v -1.25599 0.668012 -0.11956
v -1.25599 -0.430494 -0.11956
v 1.86929 1.74246 -0.111999
v 1.86929 0.643954 -0.111999
v 1.86929 -0.454553 -0.111999
v -1.26219 1.74246 -0.041659
v -1.26219 0.643954 -0.041659
v -1.26219 -0.454553 -0.041659
v 1.87502 1.70339 -0.183793
v 1.87502 0.604886 -0.183793
v 1.87502 -0.493621 -0.183793
v -1.26791 1.70339 0.030135
v -1.26791 0.604886 0.030135
v -1.26792 -0.493621 0.030135
v 0.910237 1.08495 0.292994
v 0.910237 -0.013559 0.292994
v 0.910237 -1.11207 0.292994
v -0.303138 1.08495 -0.446652
v -0.303138 -0.013559 -0.446652
v -0.303138 -1.11207 -0.446652
v 1.44849 1.13062 0.335879
v 1.44849 0.032115 0.335878
v 1.44849 -1.06639 0.335878
v -0.841391 1.13062 -0.489536
v -0.841391 0.032115 -0.489536
v -0.841391 -1.06639 -0.489536
v 0.961143 1.08495 -0.345921
v 0.961142 -0.01356 -0.345921
v 0.961142 -1.11207 -0.345921
v -0.354043 1.08495 0.192263
v -0.354043 -0.013559 0.192263
v -0.354043 -1.11207 0.192263
v 1.4994 1.13062 -0.303035
v 1.4994 0.032115 -0.303036
v 1.4994 -1.06639 -0.303036
v -0.892296 1.13062 0.149378
v -0.892296 0.032116 0.149378
v -0.892296 -1.06639 0.149378
v 0.967199 1.22973 -0.421932
v 0.967199 0.131222 -0.421933
v 0.967199 -0.967285 -0.421933
v -0.360099 1.22973 0.268275
v -0.360099 0.131222 0.268275
v -0.360099 -0.967285 0.268275
v 1.67046 1.2763 -0.3659
v 1.67046 0.177794 -0.3659
v 1.67046 -0.920713 -0.365901
v -1.06336 1.2763 0.212243
v -1.06336 0.177794 0.212242
v -1.06336 -0.920713 0.212242
v 0.904181 1.22973 0.369006
v 0.904181 0.131222 0.369006
v 0.904181 -0.967285 0.369006
v -0.297081 1.22973 -0.522664
v -0.297081 0.131222 -0.522664
v -0.297082 -0.967285 -0.522664
v 1.60744 1.2763 0.425037
v 1.60744 0.177793 0.425037
v 1.60744 -0.920714 0.425037
v -1.00034 1.2763 -0.578695
v -1.00034 0.177793 -0.578695
v -1.00034 -0.920714 -0.578695
v 0.957752 1.63377 -0.303362
v 0.957752 0.535267 -0.303362
v 0.957752 -0.56324 -0.303363
v -0.350652 1.63377 0.149705
v -0.350652 0.535267 0.149705
v -0.350652 -0.56324 0.149704
v 0.961632 1.57336 -0.352062
v 0.961632 0.474852 -0.352062
v 0.961632 -0.623655 -0.352062
v -0.354532 1.57336 0.198404
v -0.354532 0.474852 0.198404
v -0.354532 -0.623655 0.198404
v 0.964515 1.50443 -0.388249
v 0.964515 0.405925 -0.388249
v 0.964515 -0.692582 -0.388249
v -0.357415 1.50443 0.234592
v -0.357415 0.405925 0.234591
v -0.357416 -0.692582 0.234591
v 0.96629 1.42964 -0.410533
v 0.96629 0.331136 -0.410533
v 0.96629 -0.767371 -0.410533
v -0.359191 1.42964 0.256875
v -0.359191 0.331136 0.256875
v -0.359191 -0.767372 0.256875
v 0.966866 1.35206 -0.41806
v 0.966866 0.253549 -0.41806
v 0.966866 -0.844957 -0.418061
v -0.359766 1.35206 0.264403
v -0.359767 0.25355 0.264403
v -0.359767 -0.844957 0.264402
v 0.963359 1.20088 -0.389085
v 0.963359 0.10237 -0.389085
v 0.963359 -0.996137 -0.389085
v -0.35626 1.20088 0.235427
v -0.35626 0.10237 0.235427
v -0.35626 -0.996137 0.235427
v 0.95686 1.06798 -0.301701
v 0.95686 -0.030525 -0.301701
v 0.956859 -1.12903 -0.301701
v -0.34976 1.06798 0.148043
v -0.34976 -0.030525 0.148043
v -0.34976 -1.12903 0.148043
v 0.9527 1.01969 -0.24309
v 0.9527 -0.078818 -0.24309
v 0.9527 -1.17732 -0.24309
v -0.345601 1.01969 0.089432
v -0.345601 -0.078818 0.089432
v -0.345601 -1.17732 0.089432
v 0.94763 0.983531 -0.17632
v 0.94763 -0.114976 -0.17632
v 0.947629 -1.21348 -0.17632
v -0.34053 0.983531 0.022662
v -0.34053 -0.114976 0.022662
v -0.34053 -1.21348 0.022662
v 0.941542 0.960607 -0.101827
v 0.941542 -0.1379 -0.101827
v 0.941542 -1.23641 -0.101827
v -0.334443 0.960607 -0.05183
v -0.334443 -0.1379 -0.051831
v -0.334443 -1.23641 -0.051831
v 0.935383 0.94053 -0.026488
v 0.935383 -0.157977 -0.026488
v 0.935383 -1.25648 -0.026488
v -0.328283 0.94053 -0.12717
v -0.328283 -0.157977 -0.12717
v -0.328283 -1.25648 -0.12717
v 0.929535 0.960607 0.048877
v 0.929535 -0.1379 0.048877
v 0.929535 -1.23641 0.048877
v -0.322435 0.960607 -0.202534
v -0.322435 -0.1379 -0.202535
v -0.322436 -1.23641 -0.202535
v 0.92375 0.983531 0.123394
v 0.92375 -0.114976 0.123393
v 0.92375 -1.21348 0.123393
v -0.31665 0.983531 -0.277051
v -0.316651 -0.114976 -0.277051
v -0.316651 -1.21348 -0.277051
v 0.918184 1.01969 0.190124
v 0.918184 -0.078818 0.190124
v 0.918184 -1.17732 0.190124
v -0.311085 1.01969 -0.343782
v -0.311085 -0.078818 -0.343782
v -0.311085 -1.17732 -0.343782
v 0.9083 1.12946 0.298492
v 0.9083 0.030949 0.298492
v 0.9083 -1.06756 0.298492
v -0.3012 1.12946 -0.45215
v -0.3012 0.030949 -0.45215
v -0.3012 -1.06756 -0.45215
v 0.904761 1.27561 0.357934
v 0.904761 0.177107 0.357934
v 0.90476 -0.9214 0.357934
v -0.297661 1.27561 -0.511592
v -0.297661 0.177107 -0.511592
v -0.297661 -0.9214 -0.511592
v 0.904466 1.35206 0.36513
v 0.904466 0.25355 0.36513
v 0.904466 -0.844957 0.36513
v -0.297366 1.35206 -0.518788
v -0.297366 0.25355 -0.518788
v -0.297366 -0.844957 -0.518788
v 0.905089 1.42964 0.357606
v 0.905089 0.331136 0.357606
v 0.905089 -0.767371 0.357606
v -0.29799 1.42964 -0.511264
v -0.29799 0.331136 -0.511264
v -0.29799 -0.767371 -0.511264
v 0.906865 1.50443 0.335322
v 0.906865 0.405926 0.335322
v 0.906865 -0.692581 0.335322
v -0.299765 1.50443 -0.48898
v -0.299765 0.405926 -0.48898
v -0.299765 -0.692582 -0.48898
v 0.909748 1.57336 0.299135
v 0.909748 0.474852 0.299135
v 0.909748 -0.623655 0.299135
v -0.302648 1.57336 -0.452793
v -0.302648 0.474852 -0.452793
v -0.302648 -0.623655 -0.452793
v 0.913628 1.63377 0.250435
v 0.913628 0.535267 0.250435
v 0.913628 -0.56324 0.250435
v -0.306528 1.63377 -0.404093
v -0.306529 0.535267 -0.404093
v -0.306529 -0.56324 -0.404093
v 0.918356 1.68335 0.191094
v 0.918356 0.584848 0.191094
v 0.918356 -0.513659 0.191094
v -0.311256 1.68335 -0.344752
v -0.311256 0.584848 -0.344752
v -0.311257 -0.513659 -0.344752
v 0.92375 1.7202 0.123393
v 0.92375 0.62169 0.123393
v 0.92375 -0.476817 0.123393
v -0.31665 1.7202 -0.277051
v -0.316651 0.62169 -0.277051
v -0.316651 -0.476817 -0.277051
v 0.929603 1.74288 0.049933
v 0.929603 0.644377 0.049933
v 0.929603 -0.45413 0.049932
v -0.322503 1.74288 -0.20359
v -0.322504 0.644377 -0.20359
v -0.322504 -0.45413 -0.203591
v 0.93569 1.75055 -0.026464
v 0.93569 0.652038 -0.026464
v 0.93569 -0.446469 -0.026464
v -0.32859 1.75055 -0.127194
v -0.32859 0.652038 -0.127194
v -0.328591 -0.446469 -0.127194
v 0.941777 1.74288 -0.10286
v 0.941777 0.644377 -0.102861
v 0.941777 -0.45413 -0.102861
v -0.334677 1.74288 -0.050797
v -0.334677 0.644377 -0.050797
v -0.334677 -0.45413 -0.050797
v 0.94763 1.7202 -0.176321
v 0.94763 0.621689 -0.176321
v 0.94763 -0.476817 -0.176321
v -0.34053 1.7202 0.022663
v -0.34053 0.62169 0.022663
v -0.34053 -0.476817 0.022663
v 0.953024 1.68335 -0.244022
v 0.953024 0.584847 -0.244022
v 0.953024 -0.51366 -0.244022
v -0.345924 1.68335 0.090364
v -0.345924 0.584847 0.090364
v -0.345924 -0.51366 0.090364
v 1.8787 1.63377 -0.229987
v 1.8787 0.535266 -0.229987
v 1.8787 -0.563241 -0.229987
v -1.2716 1.63377 0.076329
v -1.2716 0.535266 0.076329
v -1.2716 -0.563241 0.076329
v 1.88258 1.57336 -0.278687
v 1.88258 0.474851 -0.278687
v 1.88258 -0.623656 -0.278687
v -1.27548 1.57336 0.125029
v -1.27548 0.474851 0.125029
v -1.27548 -0.623656 0.125029
v 1.86134 1.50443 -0.316796
v 1.86134 0.405924 -0.316796
v 1.86134 -0.692583 -0.316796
v -1.25424 1.50443 0.163138
v -1.25424 0.405925 0.163138
v -1.25424 -0.692583 0.163138
v 1.81641 1.42964 -0.3428
v 1.81641 0.331135 -0.3428
v 1.81641 -0.767372 -0.342801
v -1.20931 1.42964 0.189143
v -1.20931 0.331135 0.189143
v -1.20931 -0.767372 0.189143
v 1.73573 1.35206 -0.356801
v 1.73573 0.253548 -0.356801
v 1.73573 -0.844958 -0.356802
v -1.12863 1.35206 0.203144
v -1.12863 0.253549 0.203144
v -1.12863 -0.844958 0.203143
v 1.65537 1.29771 -0.355985
v 1.65537 0.199202 -0.355985
v 1.65537 -0.899305 -0.355985
v -1.04827 1.29771 0.202327
v -1.04827 0.199202 0.202327
v -1.04827 -0.899305 0.202327
v 1.6477 1.27193 -0.33456
v 1.6477 0.17342 -0.33456
v 1.6477 -0.925087 -0.33456
v -1.0406 1.27193 0.180902
v -1.0406 0.17342 0.180902
v -1.0406 -0.925087 0.180902
v 1.56364 1.19712 -0.303569
v 1.56364 0.098616 -0.303569
v 1.56364 -0.999891 -0.303569
v -0.956544 1.19712 0.149911
v -0.956544 0.098616 0.149911
v -0.956544 -0.999891 0.149911
v 1.44498 1.09167 -0.26281
v 1.44498 -0.006842 -0.26281
v 1.44498 -1.10535 -0.26281
v -0.837878 1.09167 0.109152
v -0.837878 -0.006842 0.109152
v -0.837878 -1.10535 0.109152
v 1.41553 1.01969 -0.206214
v 1.41553 -0.078818 -0.206214
v 1.41553 -1.17732 -0.206214
v -0.80843 1.01969 0.052556
v -0.80843 -0.078818 0.052556
v -0.80843 -1.17732 0.052556
v 1.40765 0.983531 -0.139668
v 1.40765 -0.114976 -0.139668
v 1.40765 -1.21348 -0.139668
v -0.800549 0.983531 -0.013989
v -0.800549 -0.114976 -0.01399
v -0.800549 -1.21348 -0.01399
v 1.39781 0.960607 -0.065474
v 1.39781 -0.1379 -0.065474
v 1.39781 -1.23641 -0.065474
v -0.790714 0.960607 -0.088183
v -0.790715 -0.1379 -0.088183
v -0.790715 -1.23641 -0.088184
v 1.39166 0.950597 0.009865
v 1.39166 -0.14791 0.009865
v 1.39165 -1.24642 0.009865
v -0.784555 0.950597 -0.163523
v -0.784555 -0.14791 -0.163523
v -0.784555 -1.24642 -0.163523
v 1.38581 0.960607 0.085229
v 1.38581 -0.1379 0.085229
v 1.38581 -1.23641 0.085229
v -0.778707 0.960607 -0.238887
v -0.778707 -0.1379 -0.238887
v -0.778708 -1.23641 -0.238887
v 1.38377 0.98353 0.160045
v 1.38377 -0.114977 0.160044
v 1.38377 -1.21348 0.160044
v -0.77667 0.98353 -0.313702
v -0.77667 -0.114977 -0.313702
v -0.77667 -1.21348 -0.313702
v 1.38101 1.01969 0.226999
v 1.38101 -0.078819 0.226999
v 1.38101 -1.17733 0.226998
v -0.773914 1.01969 -0.380656
v -0.773914 -0.078819 -0.380656
v -0.773915 -1.17733 -0.380657
v 1.40113 1.09167 0.287543
v 1.40113 -0.006842 0.287543
v 1.40113 -1.10535 0.287543
v -0.794028 1.09167 -0.441201
v -0.794028 -0.006842 -0.441201
v -0.794029 -1.10535 -0.441201
v 1.51184 1.19712 0.346579
v 1.51184 0.098615 0.346579
v 1.51184 -0.999892 0.346579
v -0.904744 1.19712 -0.500236
v -0.904744 0.098615 -0.500237
v -0.904744 -0.999892 -0.500237
v 1.58994 1.27193 0.390489
v 1.58994 0.173419 0.390489
v 1.58994 -0.925088 0.390489
v -0.982836 1.27193 -0.544147
v -0.982836 0.173419 -0.544147
v -0.982836 -0.925088 -0.544147
v 1.59411 1.29771 0.412858
v 1.59411 0.199201 0.412858
v 1.59411 -0.899306 0.412858
v -0.987015 1.29771 -0.566516
v -0.987015 0.199201 -0.566516
v -0.987015 -0.899306 -0.566516
v 1.67333 1.35206 0.426389
v 1.67333 0.253548 0.426389
v 1.67333 -0.844959 0.426389
v -1.06623 1.35205 -0.580047
v -1.06623 0.253548 -0.580047
v -1.06623 -0.84496 -0.580047
v 1.75521 1.42964 0.425339
v 1.75521 0.331134 0.425339
v 1.75521 -0.767373 0.425339
v -1.14811 1.42964 -0.578997
v -1.14811 0.331134 -0.578997
v -1.14811 -0.767373 -0.578997
v 1.80369 1.50443 0.406777
v 1.80368 0.405923 0.406777
v 1.80368 -0.692584 0.406777
v -1.19659 1.50443 -0.560435
v -1.19659 0.405923 -0.560435
v -1.19659 -0.692584 -0.560435
v 1.83069 1.57336 0.372513
v 1.83069 0.47485 0.372512
v 1.83069 -0.623657 0.372512
v -1.22359 1.57336 -0.52617
v -1.22359 0.47485 -0.52617
v -1.22359 -0.623657 -0.52617
v 1.83457 1.63377 0.323813
v 1.83457 0.535265 0.323813
v 1.83457 -0.563242 0.323813
v -1.22747 1.63377 -0.477471
v -1.22747 0.535265 -0.477471
v -1.22747 -0.563242 -0.477471
v 1.8393 1.68335 0.264473
v 1.8393 0.584846 0.264473
v 1.8393 -0.513661 0.264473
v -1.2322 1.68335 -0.41813
v -1.2322 0.584846 -0.41813
v -1.2322 -0.513661 -0.418131
v 1.84469 1.7202 0.196772
v 1.84469 0.621689 0.196772
v 1.84469 -0.476818 0.196772
v -1.23759 1.7202 -0.350429
v -1.23759 0.621689 -0.350429
v -1.23759 -0.476818 -0.35043
v 1.85055 1.74288 0.123312
v 1.85055 0.644376 0.123312
v 1.85055 -0.454131 0.123312
v -1.24345 1.74288 -0.27697
v -1.24345 0.644376 -0.27697
v -1.24345 -0.454131 -0.27697
v 1.85663 1.75055 0.046916
v 1.85663 0.652038 0.046915
v 1.85663 -0.446469 0.046915
v -1.24953 1.75055 -0.200573
v -1.24953 0.652038 -0.200573
v -1.24953 -0.446469 -0.200573
v 1.86272 1.74288 -0.029481
v 1.86272 0.644377 -0.029481
v 1.86272 -0.45413 -0.029481
v -1.25562 1.74288 -0.124177
v -1.25562 0.644377 -0.124177
v -1.25562 -0.45413 -0.124177
v 1.86857 1.7202 -0.102941
v 1.86857 0.621691 -0.102941
v 1.86857 -0.476816 -0.102941
v -1.26147 1.7202 -0.050717
v -1.26147 0.621691 -0.050717
v -1.26147 -0.476816 -0.050717
v 1.87397 1.68336 -0.170643
v 1.87397 0.58485 -0.170643
v 1.87397 -0.513657 -0.170643
v -1.26687 1.68336 0.016985
v -1.26687 0.58485 0.016985
v -1.26687 -0.513657 0.016985
v 0.910551 1.09804 0.273056
v 0.910551 -0.000466 0.273056
v 0.910551 -1.09897 0.273056
v -0.303451 1.09804 -0.426714
v -0.303452 -0.000466 -0.426714
v -0.303452 -1.09897 -0.426714
v 1.4488 1.14372 0.31594
v 1.4488 0.045208 0.31594
v 1.4488 -1.0533 0.31594
v -0.841704 1.14372 -0.469598
v -0.841704 0.045208 -0.469598
v -0.841705 -1.0533 -0.469598
v 0.958295 1.09804 -0.326185
v 0.958295 -0.000466 -0.326185
v 0.958295 -1.09897 -0.326185
v -0.351195 1.09804 0.172527
v -0.351196 -0.000466 0.172527
v -0.351196 -1.09897 0.172527
v 1.49655 1.14372 -0.283299
v 1.49655 0.045209 -0.283299
v 1.49655 -1.0533 -0.2833
v -0.889449 1.14372 0.129642
v -0.889449 0.045209 0.129642
v -0.889449 -1.0533 0.129641
v 0.964715 1.23948 -0.400358
v 0.964715 0.140971 -0.400358
v 0.964715 -0.957536 -0.400358
v -0.357615 1.23948 0.2467
v -0.357616 0.140971 0.2467
v -0.357616 -0.957536 0.2467
v 1.66797 1.28605 -0.344326
v 1.66797 0.187543 -0.344326
v 1.66797 -0.910964 -0.344326
v -1.06088 1.28605 0.190668
v -1.06088 0.187543 0.190668
v -1.06088 -0.910964 0.190668
v 0.905145 1.23948 0.34731
v 0.905145 0.140971 0.34731
v 0.905145 -0.957536 0.34731
v -0.298045 1.23948 -0.500968
v -0.298046 0.140971 -0.500968
v -0.298046 -0.957536 -0.500968
v 1.60841 1.28605 0.403342
v 1.60841 0.187543 0.403342
v 1.60841 -0.910964 0.403342
v -1.0013 1.28605 -0.556999
v -1.00131 0.187543 -0.557
v -1.00131 -0.910965 -0.557
v 0.959085 1.65081 -0.320099
v 0.959085 0.552306 -0.320099
v 0.959085 -0.546201 -0.320099
v -0.351985 1.65081 0.166441
v -0.351986 0.552306 0.166441
v -0.351986 -0.546201 0.166441
v 0.954072 1.70339 -0.257172
v 0.954072 0.604884 -0.257172
v 0.954071 -0.493623 -0.257172
v -0.346972 1.70339 0.103514
v -0.346972 0.604884 0.103514
v -0.346972 -0.493623 0.103514
v 0.948352 1.74246 -0.185378
v 0.948351 0.643953 -0.185379
v 0.948351 -0.454554 -0.185379
v -0.341252 1.74246 0.031721
v -0.341252 0.643953 0.031721
v -0.341252 -0.454554 0.031721
v 0.942145 1.76652 -0.107478
v 0.942145 0.668011 -0.107478
v 0.942145 -0.430495 -0.107478
v -0.335045 1.76652 -0.04618
v -0.335045 0.668012 -0.04618
v -0.335045 -0.430495 -0.04618
v 0.93569 1.77464 -0.026464
v 0.93569 0.676135 -0.026464
v 0.93569 -0.422372 -0.026464
v -0.32859 1.77464 -0.127194
v -0.32859 0.676135 -0.127194
v -0.328591 -0.422372 -0.127194
v 0.929235 1.76652 0.05455
v 0.929235 0.668012 0.05455
v 0.929235 -0.430495 0.05455
v -0.322135 1.76652 -0.208208
v -0.322136 0.668012 -0.208208
v -0.322136 -0.430495 -0.208208
v 0.923029 1.74246 0.132451
v 0.923028 0.643953 0.132451
v 0.923028 -0.454554 0.132451
v -0.315929 1.74246 -0.286108
v -0.315929 0.643953 -0.286108
v -0.315929 -0.454553 -0.286109
v 0.917308 1.70339 0.204244
v 0.917308 0.604885 0.204244
v 0.917308 -0.493622 0.204244
v -0.310209 1.70339 -0.357902
v -0.310209 0.604885 -0.357902
v -0.310209 -0.493622 -0.357902
v 0.912295 1.65081 0.267172
v 0.912295 0.552307 0.267172
v 0.912294 -0.5462 0.267172
v -0.305195 1.65081 -0.42083
v -0.305195 0.552307 -0.42083
v -0.305195 -0.5462 -0.42083
v 0.90818 1.58675 0.318816
v 0.90818 0.48824 0.318816
v 0.90818 -0.610267 0.318815
v -0.30108 1.58675 -0.472473
v -0.30108 0.48824 -0.472473
v -0.30108 -0.610267 -0.472474
v 0.905123 1.51365 0.35719
v 0.905122 0.415148 0.35719
v 0.905122 -0.68336 0.35719
v -0.298023 1.51365 -0.510848
v -0.298023 0.415147 -0.510848
v -0.298023 -0.68336 -0.510848
v 0.90324 1.43434 0.380821
v 0.90324 0.335837 0.380821
v 0.903239 -0.76267 0.380821
v -0.29614 1.43434 -0.534479
v -0.29614 0.335837 -0.534479
v -0.29614 -0.76267 -0.534479
v 0.902604 1.35186 0.3888
v 0.902604 0.253357 0.3888
v 0.902604 -0.84515 0.3888
v -0.295504 1.35186 -0.542458
v -0.295504 0.253357 -0.542458
v -0.295504 -0.84515 -0.542458
v 0.90324 1.26938 0.380821
v 0.90324 0.170877 0.380821
v 0.903239 -0.92763 0.380821
v -0.29614 1.26938 -0.534479
v -0.29614 0.170877 -0.534479
v -0.29614 -0.92763 -0.534479
v 0.904181 1.22973 0.369006
v 0.904181 0.131222 0.369006
v 0.904181 -0.967285 0.369006
v -0.297081 1.22973 -0.522664
v -0.297081 0.131222 -0.522664
v -0.297082 -0.967285 -0.522664
v 0.905123 1.19007 0.35719
v 0.905122 0.091567 0.35719
v 0.905122 -1.00694 0.35719
v -0.298023 1.19007 -0.510848
v -0.298023 0.091567 -0.510848
v -0.298023 -1.00694 -0.510848
v 0.90818 1.11698 0.318816
v 0.90818 0.018474 0.318816
v 0.90818 -1.08003 0.318816
v -0.30108 1.11698 -0.472474
v -0.30108 0.018474 -0.472474
v -0.30108 -1.08003 -0.472474
v 0.910237 1.08495 0.292994
v 0.910237 -0.013559 0.292994
v 0.910237 -1.11207 0.292994
v -0.303138 1.08495 -0.446652
v -0.303138 -0.013559 -0.446652
v -0.303138 -1.11207 -0.446652
v 0.912295 1.05291 0.267173
v 0.912294 -0.045593 0.267173
v 0.912294 -1.1441 0.267172
v -0.305195 1.05291 -0.42083
v -0.305195 -0.045593 -0.420831
v -0.305195 -1.1441 -0.420831
v 0.917308 1.00034 0.204245
v 0.917308 -0.098171 0.204245
v 0.917308 -1.19668 0.204245
v -0.310209 1.00034 -0.357903
v -0.310209 -0.098171 -0.357903
v -0.310209 -1.19668 -0.357903
v 0.923028 0.961267 0.132451
v 0.923028 -0.13724 0.132451
v 0.923028 -1.23575 0.132451
v -0.315929 0.961267 -0.286109
v -0.315929 -0.13724 -0.286109
v -0.315929 -1.23575 -0.286109
v 0.929235 0.937209 0.054551
v 0.929235 -0.161298 0.054551
v 0.929235 -1.25981 0.054551
v -0.322135 0.937209 -0.208209
v -0.322136 -0.161298 -0.208209
v -0.322136 -1.25981 -0.208209
v 0.93569 0.916434 -0.026463
v 0.93569 -0.182073 -0.026463
v 0.93569 -1.28058 -0.026463
v -0.32859 0.916434 -0.127195
v -0.32859 -0.182073 -0.127195
v -0.32859 -1.28058 -0.127195
v 0.942145 0.937209 -0.107477
v 0.942145 -0.161298 -0.107477
v 0.942144 -1.25981 -0.107477
v -0.335045 0.937209 -0.046181
v -0.335045 -0.161298 -0.046181
v -0.335045 -1.25981 -0.046181
v 0.948351 0.961267 -0.185378
v 0.948351 -0.13724 -0.185378
v 0.948351 -1.23575 -0.185378
v -0.341252 0.961267 0.03172
v -0.341252 -0.13724 0.03172
v -0.341252 -1.23575 0.03172
v 0.954071 1.00034 -0.257171
v 0.954071 -0.098171 -0.257172
v 0.954071 -1.19668 -0.257172
v -0.346972 1.00034 0.103514
v -0.346972 -0.098171 0.103514
v -0.346972 -1.19668 0.103514
v 0.959085 1.05291 -0.320099
v 0.959085 -0.045593 -0.320099
v 0.959085 -1.1441 -0.320099
v -0.351985 1.05291 0.166441
v -0.351986 -0.045593 0.166441
v -0.351986 -1.1441 0.166441
v 0.961143 1.08495 -0.345921
v 0.961142 -0.01356 -0.345921
v 0.961142 -1.11207 -0.345921
v -0.354043 1.08495 0.192263
v -0.354043 -0.013559 0.192263
v -0.354043 -1.11207 0.192263
v 0.9632 1.11698 -0.371742
v 0.9632 0.018474 -0.371743
v 0.9632 -1.08003 -0.371743
v -0.3561 1.11698 0.218085
v -0.3561 0.018474 0.218085
v -0.3561 -1.08003 0.218085
v 0.966257 1.19007 -0.410117
v 0.966257 0.091566 -0.410117
v 0.966257 -1.00694 -0.410117
v -0.359157 1.19007 0.256459
v -0.359158 0.091567 0.256459
v -0.359158 -1.00694 0.256459
v 0.967199 1.22973 -0.421932
v 0.967199 0.131222 -0.421933
v 0.967199 -0.967285 -0.421933
v -0.360099 1.22973 0.268275
v -0.360099 0.131222 0.268275
v -0.360099 -0.967285 0.268275
v 0.96814 1.26938 -0.433748
v 0.96814 0.170877 -0.433748
v 0.96814 -0.92763 -0.433748
v -0.36104 1.26938 0.28009
v -0.36104 0.170877 0.28009
v -0.361041 -0.92763 0.28009
v 0.968776 1.35186 -0.441727
v 0.968776 0.253357 -0.441727
v 0.968776 -0.84515 -0.441727
v -0.361676 1.35186 0.288069
v -0.361676 0.253357 0.288069
v -0.361676 -0.84515 0.288069
v 0.96814 1.43434 -0.433748
v 0.96814 0.335837 -0.433748
v 0.96814 -0.76267 -0.433748
v -0.36104 1.43434 0.28009
v -0.36104 0.335837 0.28009
v -0.361041 -0.76267 0.28009
v 0.966257 1.51365 -0.410117
v 0.966257 0.415147 -0.410117
v 0.966257 -0.68336 -0.410117
v -0.359158 1.51365 0.256459
v -0.359158 0.415147 0.256459
v -0.359158 -0.68336 0.256459
v 0.9632 1.58675 -0.371742
v 0.9632 0.48824 -0.371743
v 0.9632 -0.610267 -0.371743
v -0.3561 1.58675 0.218085
v -0.3561 0.48824 0.218085
v -0.3561 -0.610267 0.218085
v 1.88003 1.65081 -0.246724
v 1.88003 0.552306 -0.246724
v 1.88003 -0.546201 -0.246724
v -1.27293 1.65081 0.093066
v -1.27293 0.552306 0.093066
v -1.27293 -0.546201 0.093066
v 1.87502 1.70339 -0.183793
v 1.87502 0.604886 -0.183793
v 1.87502 -0.493621 -0.183793
v -1.26791 1.70339 0.030135
v -1.26791 0.604886 0.030135
v -1.26792 -0.493621 0.030135
v 1.86929 1.74246 -0.111999
v 1.86929 0.643954 -0.111999
v 1.86929 -0.454553 -0.111999
v -1.26219 1.74246 -0.041659
v -1.26219 0.643954 -0.041659
v -1.26219 -0.454553 -0.041659
v 1.86309 1.76652 -0.034098
v 1.86309 0.668012 -0.034098
v 1.86309 -0.430495 -0.034098
v -1.25599 1.76652 -0.119559
v -1.25599 0.668012 -0.11956
v -1.25599 -0.430494 -0.11956
v 1.85663 1.77464 0.046916
v 1.85663 0.676135 0.046915
v 1.85663 -0.422372 0.046915
v -1.24953 1.77464 -0.200573
v -1.24953 0.676135 -0.200573
v -1.24953 -0.422372 -0.200573
v 1.85018 1.76652 0.127929
v 1.85018 0.668011 0.127929
v 1.85018 -0.430496 0.127929
v -1.24308 1.76652 -0.281587
v -1.24308 0.668011 -0.281587
v -1.24308 -0.430496 -0.281587
v 1.84397 1.74246 0.20583
v 1.84397 0.643952 0.20583
v 1.84397 -0.454555 0.205829
v -1.23687 1.74246 -0.359487
v -1.23687 0.643952 -0.359487
v -1.23687 -0.454555 -0.359487
v 1.83825 1.70339 0.277623
v 1.83825 0.604883 0.277623
v 1.83825 -0.493624 0.277623
v -1.23115 1.70339 -0.43128
v -1.23115 0.604883 -0.431281
v -1.23115 -0.493624 -0.431281
v 1.83324 1.65081 0.34055
v 1.83324 0.552305 0.34055
v 1.83324 -0.546202 0.34055
v -1.22614 1.65081 -0.494208
v -1.22614 0.552305 -0.494208
v -1.22614 -0.546202 -0.494208
v 1.82912 1.58675 0.392193
v 1.82912 0.488238 0.392193
v 1.82912 -0.610269 0.392193
v -1.22202 1.58675 -0.545851
v -1.22202 0.488238 -0.545851
v -1.22202 -0.610269 -0.545851
v 1.80194 1.51365 0.428645
v 1.80194 0.415145 0.428645
v 1.80194 -0.683362 0.428645
v -1.19484 1.51365 -0.582303
v -1.19484 0.415145 -0.582303
v -1.19484 -0.683362 -0.582303
v 1.75336 1.43434 0.448554
v 1.75336 0.335835 0.448554
v 1.75336 -0.762672 0.448554
v -1.14626 1.43434 -0.602212
v -1.14626 0.335835 -0.602212
v -1.14626 -0.762672 -0.602212
v 1.67147 1.35186 0.45006
v 1.67147 0.253355 0.450059
v 1.67147 -0.845152 0.450059
v -1.06437 1.35186 -0.603717
v -1.06437 0.253355 -0.603717
v -1.06437 -0.845152 -0.603717
v 1.59259 1.29148 0.435745
v 1.59259 0.192971 0.435745
v 1.59259 -0.905536 0.435745
v -0.985494 1.29148 -0.589403
v -0.985494 0.192971 -0.589403
v -0.985494 -0.905536 -0.589403
v 1.59259 1.29148 0.435745
v 1.59259 0.192971 0.435745
v 1.59259 -0.905536 0.435745
v -0.985494 1.29148 -0.589403
v -0.985494 0.192971 -0.589403
v -0.985494 -0.905536 -0.589403
v 1.60744 1.2763 0.425037
v 1.60744 0.177793 0.425037
v 1.60744 -0.920714 0.425037
v -1.00034 1.2763 -0.578695
v -1.00034 0.177793 -0.578695
v -1.00034 -0.920714 -0.578695
v 1.58947 1.26112 0.411715
v 1.58947 0.162616 0.411715
v 1.58947 -0.935891 0.411714
v -0.982367 1.26112 -0.565372
v -0.982367 0.162616 -0.565372
v -0.982367 -0.935892 -0.565372
v 1.51172 1.18465 0.366902
v 1.51172 0.08614 0.366902
v 1.51172 -1.01237 0.366902
v -0.904624 1.18465 -0.52056
v -0.904624 0.08614 -0.52056
v -0.904624 -1.01237 -0.52056
v 1.44849 1.13062 0.335879
v 1.44849 0.032115 0.335878
v 1.44849 -1.06639 0.335878
v -0.841391 1.13062 -0.489536
v -0.841391 0.032115 -0.489536
v -0.841391 -1.06639 -0.489536
v 1.40041 1.0766 0.306062
v 1.40041 -0.02191 0.306062
v 1.40041 -1.12042 0.306062
v -0.793312 1.0766 -0.45972
v -0.793312 -0.02191 -0.45972
v -0.793313 -1.12042 -0.45972
v 1.38014 1.00034 0.24112
v 1.38014 -0.098171 0.24112
v 1.38014 -1.19668 0.24112
v -0.773039 1.00034 -0.394778
v -0.773039 -0.098171 -0.394778
v -0.773039 -1.19668 -0.394778
v 1.38305 0.961267 0.169102
v 1.38305 -0.13724 0.169102
v 1.38305 -1.23575 0.169102
v -0.775948 0.961267 -0.32276
v -0.775948 -0.13724 -0.32276
v -0.775948 -1.23575 -0.32276
v 1.38551 0.937209 0.090903
v 1.38551 -0.161298 0.090903
v 1.38551 -1.25981 0.090903
v -0.778407 0.937209 -0.244561
v -0.778407 -0.161298 -0.244561
v -0.778407 -1.25981 -0.244561
v 1.39196 0.926501 0.009889
v 1.39196 -0.172006 0.009889
v 1.39196 -1.27051 0.009889
v -0.784862 0.926501 -0.163547
v -0.784862 -0.172006 -0.163547
v -0.784862 -1.27051 -0.163547
v 1.39842 0.937209 -0.071124
v 1.39842 -0.161298 -0.071124
v 1.39842 -1.25981 -0.071124
v -0.791317 0.937209 -0.082533
v -0.791317 -0.161298 -0.082534
v -0.791317 -1.25981 -0.082534
v 1.40837 0.961267 -0.148726
v 1.40837 -0.13724 -0.148726
v 1.40837 -1.23575 -0.148726
v -0.801271 0.961267 -0.004932
v -0.801271 -0.13724 -0.004932
v -0.801271 -1.23575 -0.004932
v 1.4169 1.00034 -0.220296
v 1.4169 -0.098171 -0.220296
v 1.4169 -1.19668 -0.220296
v -0.809801 1.00034 0.066638
v -0.809801 -0.098171 0.066638
v -0.809801 -1.19668 0.066638
v 1.4472 1.0766 -0.281208
v 1.4472 -0.021909 -0.281208
v 1.4472 -1.12042 -0.281209
v -0.840103 1.0766 0.127551
v -0.840103 -0.021909 0.127551
v -0.840103 -1.12042 0.12755
v 1.4994 1.13062 -0.303035
v 1.4994 0.032115 -0.303036
v 1.4994 -1.06639 -0.303036
v -0.892296 1.13062 0.149378
v -0.892296 0.032116 0.149378
v -0.892296 -1.06639 0.149378
v 1.56674 1.18465 -0.323655
v 1.56674 0.08614 -0.323655
v 1.56674 -1.01237 -0.323655
v -0.959644 1.18465 0.169997
v -0.959644 0.08614 0.169997
v -0.959644 -1.01237 0.169997
v 1.6506 1.26112 -0.355592
v 1.6506 0.162616 -0.355592
v 1.6506 -0.935891 -0.355592
v -1.0435 1.26112 0.201934
v -1.0435 0.162616 0.201934
v -1.0435 -0.935891 0.201934
v 1.67046 1.2763 -0.3659
v 1.67046 0.177794 -0.3659
v 1.67046 -0.920713 -0.365901
v -1.06336 1.2763 0.212243
v -1.06336 0.177794 0.212242
v -1.06336 -0.920713 0.212242
v 1.65749 1.29148 -0.378824
v 1.65749 0.192972 -0.378824
v 1.65749 -0.905535 -0.378824
v -1.05039 1.29148 0.225166
v -1.05039 0.192972 0.225166
v -1.05039 -0.905535 0.225166
v 1.65749 1.29148 -0.378824
v 1.65749 0.192972 -0.378824
v 1.65749 -0.905535 -0.378824
v -1.05039 1.29148 0.225166
v -1.05039 0.192972 0.225166
v -1.05039 -0.905535 0.225166
v 1.73764 1.35186 -0.380468
v 1.73764 0.253356 -0.380468
v 1.73764 -0.845151 -0.380468
v -1.13054 1.35186 0.22681
v -1.13054 0.253356 0.22681
v -1.13054 -0.845151 0.22681
v 1.81826 1.43434 -0.366015
v 1.81826 0.335836 -0.366015
v 1.81826 -0.762671 -0.366015
v -1.21116 1.43434 0.212358
v -1.21116 0.335836 0.212358
v -1.21116 -0.762671 0.212357
v 1.86308 1.51365 -0.338663
v 1.86308 0.415146 -0.338664
v 1.86308 -0.683361 -0.338664
v -1.25598 1.51365 0.185006
v -1.25598 0.415146 0.185006
v -1.25598 -0.683361 0.185006
v 1.88414 1.58675 -0.298367
v 1.88414 0.488239 -0.298367
v 1.88414 -0.610268 -0.298367
v -1.27704 1.58675 0.144709
v -1.27704 0.488239 0.144709
v -1.27704 -0.610268 0.144709
v 1.65537 1.29771 -0.355985
v 1.65537 0.199202 -0.355985
v 1.65537 -0.899305 -0.355985
v -1.04827 1.29771 0.202327
v -1.04827 0.199202 0.202327
v -1.04827 -0.899305 0.202327
v 1.73573 1.35206 -0.356801
v 1.73573 0.253548 -0.356801
v 1.73573 -0.844958 -0.356802
v -1.12863 1.35206 0.203144
v -1.12863 0.253549 0.203144
v -1.12863 -0.844958 0.203143
v 1.81641 1.42964 -0.3428
v 1.81641 0.331135 -0.3428
v 1.81641 -0.767372 -0.342801
v -1.20931 1.42964 0.189143
v -1.20931 0.331135 0.189143
v -1.20931 -0.767372 0.189143
v 1.86134 1.50443 -0.316796
v 1.86134 0.405924 -0.316796
v 1.86134 -0.692583 -0.316796
v -1.25424 1.50443 0.163138
v -1.25424 0.405925 0.163138
v -1.25424 -0.692583 0.163138
v 1.88258 1.57336 -0.278687
v 1.88258 0.474851 -0.278687
v 1.88258 -0.623656 -0.278687
v -1.27548 1.57336 0.125029
v -1.27548 0.474851 0.125029
v -1.27548 -0.623656 0.125029
v 1.8787 1.63377 -0.229987
v 1.8787 0.535266 -0.229987
v 1.8787 -0.563241 -0.229987
v -1.2716 1.63377 0.076329
v -1.2716 0.535266 0.076329
v -1.2716 -0.563241 0.076329
v 1.87397 1.68336 -0.170643
v 1.87397 0.58485 -0.170643
v 1.87397 -0.513657 -0.170643
v -1.26687 1.68336 0.016985
v -1.26687 0.58485 0.016985
v -1.26687 -0.513657 0.016985
v 1.86857 1.7202 -0.102941
v 1.86857 0.621691 -0.102941
v 1.86857 -0.476816 -0.102941
v -1.26147 1.7202 -0.050717
v -1.26147 0.621691 -0.050717
v -1.26147 -0.476816 -0.050717
v 1.86272 1.74288 -0.029481
v 1.86272 0.644377 -0.029481
v 1.86272 -0.45413 -0.029481
v -1.25562 1.74288 -0.124177
v -1.25562 0.644377 -0.124177
v -1.25562 -0.45413 -0.124177
v 1.85663 1.75055 0.046916
v 1.85663 0.652038 0.046915
v 1.85663 -0.446469 0.046915
v -1.24953 1.75055 -0.200573
v -1.24953 0.652038 -0.200573
v -1.24953 -0.446469 -0.200573
v 1.85055 1.74288 0.123312
v 1.85055 0.644376 0.123312
v 1.85055 -0.454131 0.123312
v -1.24345 1.74288 -0.27697
v -1.24345 0.644376 -0.27697
v -1.24345 -0.454131 -0.27697
v 1.84469 1.7202 0.196772
v 1.84469 0.621689 0.196772
v 1.84469 -0.476818 0.196772
v -1.23759 1.7202 -0.350429
v -1.23759 0.621689 -0.350429
v -1.23759 -0.476818 -0.35043
v 1.8393 1.68335 0.264473
v 1.8393 0.584846 0.264473
v 1.8393 -0.513661 0.264473
v -1.2322 1.68335 -0.41813
v -1.2322 0.584846 -0.41813
v -1.2322 -0.513661 -0.418131
v 1.83457 1.63377 0.323813
v 1.83457 0.535265 0.323813
v 1.83457 -0.563242 0.323813
v -1.22747 1.63377 -0.477471
v -1.22747 0.535265 -0.477471
v -1.22747 -0.563242 -0.477471
v 1.83069 1.57336 0.372513
v 1.83069 0.47485 0.372512
v 1.83069 -0.623657 0.372512
v -1.22359 1.57336 -0.52617
v -1.22359 0.47485 -0.52617
v -1.22359 -0.623657 -0.52617
v 1.80369 1.50443 0.406777
v 1.80368 0.405923 0.406777
v 1.80368 -0.692584 0.406777
v -1.19659 1.50443 -0.560435
v -1.19659 0.405923 -0.560435
v -1.19659 -0.692584 -0.560435
v 1.75521 1.42964 0.425339
v 1.75521 0.331134 0.425339
v 1.75521 -0.767373 0.425339
v -1.14811 1.42964 -0.578997
v -1.14811 0.331134 -0.578997
v -1.14811 -0.767373 -0.578997
v 1.67333 1.35206 0.426389
v 1.67333 0.253548 0.426389
v 1.67333 -0.844959 0.426389
v -1.06623 1.35205 -0.580047
v -1.06623 0.253548 -0.580047
v -1.06623 -0.84496 -0.580047
v 1.59411 1.29771 0.412858
v 1.59411 0.199201 0.412858
v 1.59411 -0.899306 0.412858
v -0.987015 1.29771 -0.566516
v -0.987015 0.199201 -0.566516
v -0.987015 -0.899306 -0.566516
v 1.66797 1.28605 -0.344326
v 1.66797 0.187543 -0.344326
v 1.66797 -0.910964 -0.344326
v -1.06088 1.28605 0.190668
v -1.06088 0.187543 0.190668
v -1.06088 -0.910964 0.190668
v 1.6477 1.27193 -0.33456
v 1.6477 0.17342 -0.33456
v 1.6477 -0.925087 -0.33456
v -1.0406 1.27193 0.180902
v -1.0406 0.17342 0.180902
v -1.0406 -0.925087 0.180902
v 1.56364 1.19712 -0.303569
v 1.56364 0.098616 -0.303569
v 1.56364 -0.999891 -0.303569
v -0.956544 1.19712 0.149911
v -0.956544 0.098616 0.149911
v -0.956544 -0.999891 0.149911
v 1.49655 1.14372 -0.283299
v 1.49655 0.045209 -0.283299
v 1.49655 -1.0533 -0.2833
v -0.889449 1.14372 0.129642
v -0.889449 0.045209 0.129642
v -0.889449 -1.0533 0.129641
v 1.44498 1.09167 -0.26281
v 1.44498 -0.006842 -0.26281
v 1.44498 -1.10535 -0.26281
v -0.837878 1.09167 0.109152
v -0.837878 -0.006842 0.109152
v -0.837878 -1.10535 0.109152
v 1.41553 1.01969 -0.206214
v 1.41553 -0.078818 -0.206214
v 1.41553 -1.17732 -0.206214
v -0.80843 1.01969 0.052556
v -0.80843 -0.078818 0.052556
v -0.80843 -1.17732 0.052556
v 1.40765 0.983531 -0.139668
v 1.40765 -0.114976 -0.139668
v 1.40765 -1.21348 -0.139668
v -0.800549 0.983531 -0.013989
v -0.800549 -0.114976 -0.01399
v -0.800549 -1.21348 -0.01399
v 1.39781 0.960607 -0.065474
v 1.39781 -0.1379 -0.065474
v 1.39781 -1.23641 -0.065474
v -0.790714 0.960607 -0.088183
v -0.790715 -0.1379 -0.088183
v -0.790715 -1.23641 -0.088184
v 1.39166 0.950597 0.009865
v 1.39166 -0.14791 0.009865
v 1.39165 -1.24642 0.009865
v -0.784555 0.950597 -0.163523
v -0.784555 -0.14791 -0.163523
v -0.784555 -1.24642 -0.163523
v 1.38581 0.960607 0.085229
v 1.38581 -0.1379 0.085229
v 1.38581 -1.23641 0.085229
v -0.778707 0.960607 -0.238887
v -0.778707 -0.1379 -0.238887
v -0.778708 -1.23641 -0.238887
v 1.38377 0.98353 0.160045
v 1.38377 -0.114977 0.160044
v 1.38377 -1.21348 0.160044
v -0.77667 0.98353 -0.313702
v -0.77667 -0.114977 -0.313702
v -0.77667 -1.21348 -0.313702
v 1.38101 1.01969 0.226999
v 1.38101 -0.078819 0.226999
v 1.38101 -1.17733 0.226998
v -0.773914 1.01969 -0.380656
v -0.773914 -0.078819 -0.380656
v -0.773915 -1.17733 -0.380657
v 1.40113 1.09167 0.287543
v 1.40113 -0.006842 0.287543
v 1.40113 -1.10535 0.287543
v -0.794028 1.09167 -0.441201
v -0.794028 -0.006842 -0.441201
v -0.794029 -1.10535 -0.441201
v 1.4488 1.14372 0.31594
v 1.4488 0.045208 0.31594
v 1.4488 -1.0533 0.31594
v -0.841704 1.14372 -0.469598
v -0.841704 0.045208 -0.469598
v -0.841705 -1.0533 -0.469598
v 1.51184 1.19712 0.346579
v 1.51184 0.098615 0.346579
v 1.51184 -0.999892 0.346579
v -0.904744 1.19712 -0.500236
v -0.904744 0.098615 -0.500237
v -0.904744 -0.999892 -0.500237
v 1.58994 1.27193 0.390489
v 1.58994 0.173419 0.390489
v 1.58994 -0.925088 0.390489
v -0.982836 1.27193 -0.544147
v -0.982836 0.173419 -0.544147
v -0.982836 -0.925088 -0.544147
v 1.60841 1.28605 0.403342
v 1.60841 0.187543 0.403342
v 1.60841 -0.910964 0.403342
v -1.0013 1.28605 -0.556999
v -1.00131 0.187543 -0.557
v -1.00131 -0.910965 -0.557
v 0.957752 1.63377 -0.303362
v 0.957752 0.535267 -0.303362
v 0.957752 -0.56324 -0.303363
v -0.350652 1.63377 0.149705
v -0.350652 0.535267 0.149705
v -0.350652 -0.56324 0.149704
v 0.953024 1.68335 -0.244022
v 0.953024 0.584847 -0.244022
v 0.953024 -0.51366 -0.244022
v -0.345924 1.68335 0.090364
v -0.345924 0.584847 0.090364
v -0.345924 -0.51366 0.090364
v 0.94763 1.7202 -0.176321
v 0.94763 0.621689 -0.176321
v 0.94763 -0.476817 -0.176321
v -0.34053 1.7202 0.022663
v -0.34053 0.62169 0.022663
v -0.34053 -0.476817 0.022663
v 0.941777 1.74288 -0.10286
v 0.941777 0.644377 -0.102861
v 0.941777 -0.45413 -0.102861
v -0.334677 1.74288 -0.050797
v -0.334677 0.644377 -0.050797
v -0.334677 -0.45413 -0.050797
v 0.93569 1.75055 -0.026464
v 0.93569 0.652038 -0.026464
v 0.93569 -0.446469 -0.026464
v -0.32859 1.75055 -0.127194
v -0.32859 0.652038 -0.127194
v -0.328591 -0.446469 -0.127194
v 0.929603 1.74288 0.049933
v 0.929603 0.644377 0.049933
v 0.929603 -0.45413 0.049932
v -0.322503 1.74288 -0.20359
v -0.322504 0.644377 -0.20359
v -0.322504 -0.45413 -0.203591
v 0.92375 1.7202 0.123393
v 0.92375 0.62169 0.123393
v 0.92375 -0.476817 0.123393
v -0.31665 1.7202 -0.277051
v -0.316651 0.62169 -0.277051
v -0.316651 -0.476817 -0.277051
v 0.918356 1.68335 0.191094
v 0.918356 0.584848 0.191094
v 0.918356 -0.513659 0.191094
v -0.311256 1.68335 -0.344752
v -0.311256 0.584848 -0.344752
v -0.311257 -0.513659 -0.344752
v 0.913628 1.63377 0.250435
v 0.913628 0.535267 0.250435
v 0.913628 -0.56324 0.250435
v -0.306528 1.63377 -0.404093
v -0.306529 0.535267 -0.404093
v -0.306529 -0.56324 -0.404093
v 0.909748 1.57336 0.299135
v 0.909748 0.474852 0.299135
v 0.909748 -0.623655 0.299135
v -0.302648 1.57336 -0.452793
v -0.302648 0.474852 -0.452793
v -0.302648 -0.623655 -0.452793
v 0.906865 1.50443 0.335322
v 0.906865 0.405926 0.335322
v 0.906865 -0.692581 0.335322
v -0.299765 1.50443 -0.48898
v -0.299765 0.405926 -0.48898
v -0.299765 -0.692582 -0.48898
v 0.905089 1.42964 0.357606
v 0.905089 0.331136 0.357606
v 0.905089 -0.767371 0.357606
v -0.29799 1.42964 -0.511264
v -0.29799 0.331136 -0.511264
v -0.29799 -0.767371 -0.511264
v 0.904466 1.35206 0.36513
v 0.904466 0.25355 0.36513
v 0.904466 -0.844957 0.36513
v -0.297366 1.35206 -0.518788
v -0.297366 0.25355 -0.518788
v -0.297366 -0.844957 -0.518788
v 0.904761 1.27561 0.357934
v 0.904761 0.177107 0.357934
v 0.90476 -0.9214 0.357934
v -0.297661 1.27561 -0.511592
v -0.297661 0.177107 -0.511592
v -0.297661 -0.9214 -0.511592
v 0.905145 1.23948 0.34731
v 0.905145 0.140971 0.34731
v 0.905145 -0.957536 0.34731
v -0.298045 1.23948 -0.500968
v -0.298046 0.140971 -0.500968
v -0.298046 -0.957536 -0.500968
v 0.905591 1.20088 0.335965
v 0.905591 0.10237 0.335965
v 0.905591 -0.996137 0.335965
v -0.298492 1.20088 -0.489623
v -0.298492 0.102371 -0.489623
v -0.298492 -0.996137 -0.489623
v 0.9083 1.12946 0.298492
v 0.9083 0.030949 0.298492
v 0.9083 -1.06756 0.298492
v -0.3012 1.12946 -0.45215
v -0.3012 0.030949 -0.45215
v -0.3012 -1.06756 -0.45215
v 0.910551 1.09804 0.273056
v 0.910551 -0.000466 0.273056
v 0.910551 -1.09897 0.273056
v -0.303451 1.09804 -0.426714
v -0.303452 -0.000466 -0.426714
v -0.303452 -1.09897 -0.426714
v 0.91301 1.06798 0.248654
v 0.91301 -0.030525 0.248654
v 0.91301 -1.12903 0.248653
v -0.305911 1.06798 -0.402311
v -0.305911 -0.030525 -0.402312
v -0.305911 -1.12903 -0.402312
v 0.918184 1.01969 0.190124
v 0.918184 -0.078818 0.190124
v 0.918184 -1.17732 0.190124
v -0.311085 1.01969 -0.343782
v -0.311085 -0.078818 -0.343782
v -0.311085 -1.17732 -0.343782
v 0.92375 0.983531 0.123394
v 0.92375 -0.114976 0.123393
v 0.92375 -1.21348 0.123393
v -0.31665 0.983531 -0.277051
v -0.316651 -0.114976 -0.277051
v -0.316651 -1.21348 -0.277051
v 0.929535 0.960607 0.048877
v 0.929535 -0.1379 0.048877
v 0.929535 -1.23641 0.048877
v -0.322435 0.960607 -0.202534
v -0.322435 -0.1379 -0.202535
v -0.322436 -1.23641 -0.202535
v 0.935383 0.94053 -0.026488
v 0.935383 -0.157977 -0.026488
v 0.935383 -1.25648 -0.026488
v -0.328283 0.94053 -0.12717
v -0.328283 -0.157977 -0.12717
v -0.328283 -1.25648 -0.12717
v 0.941542 0.960607 -0.101827
v 0.941542 -0.1379 -0.101827
v 0.941542 -1.23641 -0.101827
v -0.334443 0.960607 -0.05183
v -0.334443 -0.1379 -0.051831
v -0.334443 -1.23641 -0.051831
v 0.94763 0.983531 -0.17632
v 0.94763 -0.114976 -0.17632
v 0.947629 -1.21348 -0.17632
v -0.34053 0.983531 0.022662
v -0.34053 -0.114976 0.022662
v -0.34053 -1.21348 0.022662
v 0.9527 1.01969 -0.24309
v 0.9527 -0.078818 -0.24309
v 0.9527 -1.17732 -0.24309
v -0.345601 1.01969 0.089432
v -0.345601 -0.078818 0.089432
v -0.345601 -1.17732 0.089432
v 0.95686 1.06798 -0.301701
v 0.95686 -0.030525 -0.301701
v 0.956859 -1.12903 -0.301701
v -0.34976 1.06798 0.148043
v -0.34976 -0.030525 0.148043
v -0.34976 -1.12903 0.148043
v 0.958295 1.09804 -0.326185
v 0.958295 -0.000466 -0.326185
v 0.958295 -1.09897 -0.326185
v -0.351195 1.09804 0.172527
v -0.351196 -0.000466 0.172527
v -0.351196 -1.09897 0.172527
v 0.9601 1.12946 -0.351656
v 0.9601 0.030949 -0.351657
v 0.9601 -1.06756 -0.351657
v -0.353 1.12946 0.197999
v -0.353001 0.030949 0.197999
v -0.353001 -1.06756 0.197999
v 0.963359 1.20088 -0.389085
v 0.963359 0.10237 -0.389085
v 0.963359 -0.996137 -0.389085
v -0.35626 1.20088 0.235427
v -0.35626 0.10237 0.235427
v -0.35626 -0.996137 0.235427
v 0.964715 1.23948 -0.400358
v 0.964715 0.140971 -0.400358
v 0.964715 -0.957536 -0.400358
v -0.357615 1.23948 0.2467
v -0.357616 0.140971 0.2467
v -0.357616 -0.957536 0.2467
v 0.966018 1.27561 -0.410909
v 0.966018 0.177107 -0.410909
v 0.966018 -0.9214 -0.410909
v -0.358918 1.27561 0.257251
v -0.358918 0.177107 0.257251
v -0.358918 -0.9214 0.257251
v 0.966866 1.35206 -0.41806
v 0.966866 0.253549 -0.41806
v 0.966866 -0.844957 -0.418061
v -0.359766 1.35206 0.264403
v -0.359767 0.25355 0.264403
v -0.359767 -0.844957 0.264402
v 0.96629 1.42964 -0.410533
v 0.96629 0.331136 -0.410533
v 0.96629 -0.767371 -0.410533
v -0.359191 1.42964 0.256875
v -0.359191 0.331136 0.256875
v -0.359191 -0.767372 0.256875
v 0.964515 1.50443 -0.388249
v 0.964515 0.405925 -0.388249
v 0.964515 -0.692582 -0.388249
v -0.357415 1.50443 0.234592
v -0.357415 0.405925 0.234591
v -0.357416 -0.692582 0.234591
v 0.961632 1.57336 -0.352062
v 0.961632 0.474852 -0.352062
v 0.961632 -0.623655 -0.352062
v -0.354532 1.57336 0.198404
v -0.354532 0.474852 0.198404
v -0.354532 -0.623655 0.198404
v -0.275188 -1.4702 -0.755626
v 0.983588 -1.4702 -0.655334
v 0.883295 -1.4702 0.603442
v -0.375481 -1.4702 0.503149
v -0.275187 1.96718 -0.755627
v 0.983588 1.96718 -0.655334
v 0.883295 1.96718 0.603442
v -0.37548 1.96718 0.503149
v 0.953345 -0.3202 0.51192
v -0.430155 -0.3202 0.40169
v 1.02133 -0.357284 0.479904
v -0.492216 -0.357284 0.359312
v 1.10123 -0.35439 -0.522874
v -0.41232 -0.35439 -0.643466
v 1.03917 -0.317091 -0.565311
v -0.344327 -0.317091 -0.675541
v 0.953277 -1.39641 0.512765
v -0.430222 -1.39641 0.402536
v 1.02127 -1.35911 0.480691
v -0.492278 -1.35911 0.360099
v 1.10112 -1.35911 -0.521458
v -0.412433 -1.35911 -0.642049
v 1.03905 -1.39641 -0.563789
v -0.344448 -1.39641 -0.674019
v 0.61196 -1.39641 -0.597818
v 0.082644 -1.39641 -0.639991
v 0.526186 -1.39641 0.478737
v -0.00313 -1.39641 0.436564
v 0.612081 -0.317091 -0.59934
v 0.082765 -0.317091 -0.641513
v 0.526253 -0.3202 0.477892
v -0.003063 -0.3202 0.435719
v 0.953345 1.89354 0.51192
v -0.430154 1.89354 0.40169
v 1.02133 1.85646 0.479904
v -0.492216 1.85646 0.359312
v 1.10123 1.85935 -0.522874
v -0.41232 1.85935 -0.643466
v 1.03917 1.89665 -0.565311
v -0.344327 1.89665 -0.675541
v 0.953277 0.817336 0.512765
v -0.430222 0.817336 0.402536
v 1.02127 0.854634 0.480691
v -0.492278 0.854634 0.360099
v 1.10112 0.854634 -0.521458
v -0.412433 0.854634 -0.642049
v 1.03905 0.817336 -0.563789
v -0.344448 0.817336 -0.674019
v 0.61196 0.817336 -0.597818
v 0.082644 0.817336 -0.639991
v 0.526186 0.817336 0.478737
v -0.00313 0.817336 0.436564
v 0.612081 1.89665 -0.59934
v 0.082765 1.89665 -0.641513
v 0.526253 1.89354 0.477892
v -0.003063 1.89354 0.435719
v 0.953345 0.784369 0.51192
v -0.430155 0.784369 0.40169
v 1.02133 0.747286 0.479904
v -0.492216 0.747286 0.359312
v 1.10123 0.75018 -0.522874
v -0.41232 0.75018 -0.643466
v 1.03917 0.787479 -0.565311
v -0.344327 0.787479 -0.675541
v 0.953277 -0.291838 0.512765
v -0.430222 -0.291838 0.402536
v 1.02127 -0.254539 0.480691
v -0.492278 -0.254539 0.360099
v 1.10112 -0.254539 -0.521458
v -0.412433 -0.254539 -0.642049
v 1.03905 -0.291838 -0.563789
v -0.344448 -0.291838 -0.674019
v 0.61196 -0.291838 -0.597818
v 0.082644 -0.291838 -0.639991
v 0.526186 -0.291838 0.478737
v -0.00313 -0.291838 0.436564
v 0.612081 0.787479 -0.59934
v 0.082765 0.787479 -0.641513
v 0.526253 0.784369 0.477892
v -0.003063 0.78437 0.435719
f 179 195 196
f 195 194 196
f 194 193 196
f 193 192 196
f 192 191 196
f 191 190 196
f 190 189 196
f 189 188 196
f 188 187 196
f 187 186 196
f 186 185 196
f 185 184 196
f 184 183 196
f 183 182 196
f 182 181 196
f 181 180 196
f 180 179 196
f 179 180 228
f 227 228 180
f 226 227 181
f 225 226 182
f 224 225 182
f 223 224 183
f 222 223 183
f 221 222 184
f 220 221 184
f 219 220 185
f 218 219 185
f 217 218 186
f 216 217 186
f 215 216 187
f 214 215 187
f 213 214 188
f 212 213 188
f 211 212 189
f 210 211 189
f 209 210 190
f 208 209 190
f 207 208 191
f 206 207 191
f 205 206 192
f 204 205 192
f 203 204 193
f 202 203 193
f 201 202 194
f 200 201 194
f 199 200 195
f 198 199 195
f 197 199 198
f 197 200 199
f 197 201 200
f 197 202 201
f 197 203 202
f 197 204 203
f 197 205 204
f 197 206 205
f 197 207 206
f 197 208 207
f 197 209 208
f 197 210 209
f 197 211 210
f 197 212 211
f 197 213 212
f 197 214 213
f 197 215 214
f 197 216 215
f 197 217 216
f 197 218 217
f 197 219 218
f 197 220 219
f 197 221 220
f 197 222 221
f 197 223 222
f 197 224 223
f 197 225 224
f 197 226 225
f 197 227 226
f 197 228 227
f 197 198 228
f 329 345 346
f 345 344 346
f 344 343 346
f 343 342 346
f 342 341 346
f 341 340 346
f 340 339 346
f 339 338 346
f 338 337 346
f 337 336 346
f 336 335 346
f 335 334 346
f 334 333 346
f 333 332 346
f 332 331 346
f 331 330 346
f 330 329 346
f 329 330 378
f 377 378 330
f 376 377 331
f 375 376 332
f 374 375 332
f 373 374 333
f 372 373 333
f 371 372 334
f 370 371 334
f 369 370 335
f 368 369 335
f 367 368 336
f 366 367 336
f 365 366 337
f 364 365 337
f 363 364 338
f 362 363 338
f 361 362 339
f 360 361 339
f 359 360 340
f 358 359 340
f 357 358 341
f 356 357 341
f 355 356 342
f 354 355 342
f 353 354 343
f 352 353 343
f 351 352 344
f 350 351 344
f 349 350 345
f 348 349 345
f 347 349 348
f 347 350 349
f 347 351 350
f 347 352 351
f 347 353 352
f 347 354 353
f 347 355 354
f 347 356 355
f 347 357 356
f 347 358 357
f 347 359 358
f 347 360 359
f 347 361 360
f 347 362 361
f 347 363 362
f 347 364 363
f 347 365 364
f 347 366 365
f 347 367 366
f 347 368 367
f 347 369 368
f 347 370 369
f 347 371 370
f 347 372 371
f 347 373 372
f 347 374 373
f 347 375 374
f 347 376 375
f 347 377 376
f 347 378 377
f 347 348 378
f 479 495 496
f 495 494 496
f 494 493 496
f 493 492 496
f 492 491 496
f 491 490 496
f 490 489 496
f 489 488 496
f 488 487 496
f 487 486 496
f 486 485 496
f 485 484 496
f 484 483 496
f 483 482 496
f 482 481 496
f 481 480 496
f 480 479 496
f 479 480 528
f 527 528 480
f 526 527 481
f 525 526 482
f 524 525 482
f 523 524 483
f 522 523 483
f 521 522 484
f 520 521 484
f 519 520 485
f 518 519 485
f 517 518 486
f 516 517 486
f 515 516 487
f 514 515 487
f 513 514 488
f 512 513 488
f 511 512 489
f 510 511 489
f 509 510 490
f 508 509 490
f 507 508 491
f 506 507 491
f 505 506 492
f 504 505 492
f 503 504 493
f 502 503 493
f 501 502 494
f 500 501 494
f 499 500 495
f 498 499 495
f 497 499 498
f 497 500 499
f 497 501 500
f 497 502 501
f 497 503 502
f 497 504 503
f 497 505 504
f 497 506 505
f 497 507 506
f 497 508 507
f 497 509 508
f 497 510 509
f 497 511 510
f 497 512 511
f 497 513 512
f 497 514 513
f 497 515 514
f 497 516 515
f 497 517 516
f 497 518 517
f 497 519 518
f 497 520 519
f 497 521 520
f 497 522 521
f 497 523 522
f 497 524 523
f 497 525 524
f 497 526 525
f 497 527 526
f 497 528 527
f 497 498 528
f 629 645 646
f 645 644 646
f 644 643 646
f 643 642 646
f 642 641 646
f 641 640 646
f 640 639 646
f 639 638 646
f 638 637 646
f 637 636 646
f 636 635 646
f 635 634 646
f 634 633 646
f 633 632 646
f 632 631 646
f 631 630 646
f 630 629 646
f 629 630 678
f 677 678 630
f 676 677 631
f 675 676 632
f 674 675 632
f 673 674 633
f 672 673 633
f 671 672 634
f 670 671 634
f 669 670 635
f 668 669 635
f 667 668 636
f 666 667 636
f 665 666 637
f 664 665 637
f 663 664 638
f 662 663 638
f 661 662 639
f 660 661 639
f 659 660 640
f 658 659 640
f 657 658 641
f 656 657 641
f 655 656 642
f 654 655 642
f 653 654 643
f 652 653 643
f 651 652 644
f 650 651 644
f 649 650 645
f 648 649 645
f 647 649 648
f 647 650 649
f 647 651 650
f 647 652 651
f 647 653 652
f 647 654 653
f 647 655 654
f 647 656 655
f 647 657 656
f 647 658 657
f 647 659 658
f 647 660 659
f 647 661 660
f 647 662 661
f 647 663 662
f 647 664 663
f 647 665 664
f 647 666 665
f 647 667 666
f 647 668 667
f 647 669 668
f 647 670 669
f 647 671 670
f 647 672 671
f 647 673 672
f 647 674 673
f 647 675 674
f 647 676 675
f 647 677 676
f 647 678 677
f 647 648 678
f 229 245 246
f 245 244 246
f 244 243 246
f 243 242 246
f 242 241 246
f 241 240 246
f 240 239 246
f 239 238 246
f 238 237 246
f 237 236 246
f 236 235 246
f 235 234 246
f 234 233 246
f 233 232 246
f 232 231 246
f 231 230 246
f 230 229 246
f 229 230 278
f 277 278 230
f 276 277 231
f 275 276 232
f 274 275 232
f 273 274 233
f 272 273 233
f 271 272 234
f 270 271 234
f 269 270 235
f 268 269 235
f 267 268 236
f 266 267 236
f 265 266 237
f 264 265 237
f 263 264 238
f 262 263 238
f 261 262 239
f 260 261 239
f 259 260 240
f 258 259 240
f 257 258 241
f 256 257 241
f 255 256 242
f 254 255 242
f 253 254 243
f 252 253 243
f 251 252 244
f 250 251 244
f 249 250 245
f 248 249 245
f 247 249 248
f 247 250 249
f 247 251 250
f 247 252 251
f 247 253 252
f 247 254 253
f 247 255 254
f 247 256 255
f 247 257 256
f 247 258 257
f 247 259 258
f 247 260 259
f 247 261 260
f 247 262 261
f 247 263 262
f 247 264 263
f 247 265 264
f 247 266 265
f 247 267 266
f 247 268 267
f 247 269 268
f 247 270 269
f 247 271 270
f 247 272 271
f 247 273 272
f 247 274 273
f 247 275 274
f 247 276 275
f 247 277 276
f 247 278 277
f 247 248 278
f 379 395 396
f 395 394 396
f 394 393 396
f 393 392 396
f 392 391 396
f 391 390 396
f 390 389 396
f 389 388 396
f 388 387 396
f 387 386 396
f 386 385 396
f 385 384 396
f 384 383 396
f 383 382 396
f 382 381 396
f 381 380 396
f 380 379 396
f 379 380 428
f 427 428 380
f 426 427 381
f 425 426 382
f 424 425 382
f 423 424 383
f 422 423 383
f 421 422 384
f 420 421 384
f 419 420 385
f 418 419 385
f 417 418 386
f 416 417 386
f 415 416 387
f 414 415 387
f 413 414 388
f 412 413 388
f 411 412 389
f 410 411 389
f 409 410 390
f 408 409 390
f 407 408 391
f 406 407 391
f 405 406 392
f 404 405 392
f 403 404 393
f 402 403 393
f 401 402 394
f 400 401 394
f 399 400 395
f 398 399 395
f 397 399 398
f 397 400 399
f 397 401 400
f 397 402 401
f 397 403 402
f 397 404 403
f 397 405 404
f 397 406 405
f 397 407 406
f 397 408 407
f 397 409 408
f 397 410 409
f 397 411 410
f 397 412 411
f 397 413 412
f 397 414 413
f 397 415 414
f 397 416 415
f 397 417 416
f 397 418 417
f 397 419 418
f 397 420 419
f 397 421 420
f 397 422 421
f 397 423 422
f 397 424 423
f 397 425 424
f 397 426 425
f 397 427 426
f 397 428 427
f 397 398 428
f 529 545 546
f 545 544 546
f 544 543 546
f 543 542 546
f 542 541 546
f 541 540 546
f 540 539 546
f 539 538 546
f 538 537 546
f 537 536 546
f 536 535 546
f 535 534 546
f 534 533 546
f 533 532 546
f 532 531 546
f 531 530 546
f 530 529 546
f 529 530 578
f 577 578 530
f 576 577 531
f 575 576 532
f 574 575 532
f 573 574 533
f 572 573 533
f 571 572 534
f 570 571 534
f 569 570 535
f 568 569 535
f 567 568 536
f 566 567 536
f 565 566 537
f 564 565 537
f 563 564 538
f 562 563 538
f 561 562 539
f 560 561 539
f 559 560 540
f 558 559 540
f 557 558 541
f 556 557 541
f 555 556 542
f 554 555 542
f 553 554 543
f 552 553 543
f 551 552 544
f 550 551 544
f 549 550 545
f 548 549 545
f 547 549 548
f 547 550 549
f 547 551 550
f 547 552 551
f 547 553 552
f 547 554 553
f 547 555 554
f 547 556 555
f 547 557 556
f 547 558 557
f 547 559 558
f 547 560 559
f 547 561 560
f 547 562 561
f 547 563 562
f 547 564 563
f 547 565 564
f 547 566 565
f 547 567 566
f 547 568 567
f 547 569 568
f 547 570 569
f 547 571 570
f 547 572 571
f 547 573 572
f 547 574 573
f 547 575 574
f 547 576 575
f 547 577 576
f 547 578 577
f 547 548 578
f 679 695 696
f 695 694 696
f 694 693 696
f 693 692 696
f 692 691 696
f 691 690 696
f 690 689 696
f 689 688 696
f 688 687 696
f 687 686 696
f 686 685 696
f 685 684 696
f 684 683 696
f 683 682 696
f 682 681 696
f 681 680 696
f 680 679 696
f 679 680 728
f 727 728 680
f 726 727 681
f 725 726 682
f 724 725 682
f 723 724 683
f 722 723 683
f 721 722 684
f 720 721 684
f 719 720 685
f 718 719 685
f 717 718 686
f 716 717 686
f 715 716 687
f 714 715 687
f 713 714 688
f 712 713 688
f 711 712 689
f 710 711 689
f 709 710 690
f 708 709 690
f 707 708 691
f 706 707 691
f 705 706 692
f 704 705 692
f 703 704 693
f 702 703 693
f 701 702 694
f 700 701 694
f 699 700 695
f 698 699 695
f 697 699 698
f 697 700 699
f 697 701 700
f 697 702 701
f 697 703 702
f 697 704 703
f 697 705 704
f 697 706 705
f 697 707 706
f 697 708 707
f 697 709 708
f 697 710 709
f 697 711 710
f 697 712 711
f 697 713 712
f 697 714 713
f 697 715 714
f 697 716 715
f 697 717 716
f 697 718 717
f 697 719 718
f 697 720 719
f 697 721 720
f 697 722 721
f 697 723 722
f 697 724 723
f 697 725 724
f 697 726 725
f 697 727 726
f 697 728 727
f 697 698 728
f 311 279 280
f 311 280 281
f 311 281 282
f 311 282 283
f 311 283 284
f 311 284 285
f 311 285 286
f 311 286 287
f 311 287 288
f 311 288 289
f 311 289 290
f 311 290 291
f 311 291 292
f 311 292 293
f 311 293 294
f 311 294 295
f 311 295 296
f 311 296 297
f 311 297 298
f 311 298 299
f 311 299 300
f 311 300 301
f 311 301 302
f 311 302 303
f 311 303 304
f 311 304 305
f 311 305 306
f 311 306 307
f 311 307 308
f 311 308 309
f 311 309 310
f 310 279 311
f 279 310 313
f 310 309 313
f 309 308 314
f 308 307 314
f 307 306 315
f 306 305 315
f 305 304 316
f 304 303 316
f 303 302 317
f 302 301 317
f 301 300 318
f 300 299 318
f 299 298 319
f 298 297 319
f 297 296 320
f 296 295 320
f 295 294 321
f 294 293 321
f 293 292 322
f 292 291 322
f 291 290 323
f 290 289 323
f 289 288 324
f 288 287 324
f 287 286 325
f 286 285 325
f 285 284 326
f 284 283 326
f 283 282 327
f 282 281 327
f 281 280 328
f 280 279 328
f 327 328 312
f 326 327 312
f 325 326 312
f 324 325 312
f 323 324 312
f 322 323 312
f 321 322 312
f 320 321 312
f 319 320 312
f 318 319 312
f 317 318 312
f 316 317 312
f 315 316 312
f 314 315 312
f 313 314 312
f 312 328 313
f 461 429 430
f 461 430 431
f 461 431 432
f 461 432 433
f 461 433 434
f 461 434 435
f 461 435 436
f 461 436 437
f 461 437 438
f 461 438 439
f 461 439 440
f 461 440 441
f 461 441 442
f 461 442 443
f 461 443 444
f 461 444 445
f 461 445 446
f 461 446 447
f 461 447 448
f 461 448 449
f 461 449 450
f 461 450 451
f 461 451 452
f 461 452 453
f 461 453 454
f 461 454 455
f 461 455 456
f 461 456 457
f 461 457 458
f 461 458 459
f 461 459 460
f 460 429 461
f 429 460 463
f 460 459 463
f 459 458 464
f 458 457 464
f 457 456 465
f 456 455 465
f 455 454 466
f 454 453 466
f 453 452 467
f 452 451 467
f 451 450 468
f 450 449 468
f 449 448 469
f 448 447 469
f 447 446 470
f 446 445 470
f 445 444 471
f 444 443 471
f 443 442 472
f 442 441 472
f 441 440 473
f 440 439 473
f 439 438 474
f 438 437 474
f 437 436 475
f 436 435 475
f 435 434 476
f 434 433 476
f 433 432 477
f 432 431 477
f 431 430 478
f 430 429 478
f 477 478 462
f 476 477 462
f 475 476 462
f 474 475 462
f 473 474 462
f 472 473 462
f 471 472 462
f 470 471 462
f 469 470 462
f 468 469 462
f 467 468 462
f 466 467 462
f 465 466 462
f 464 465 462
f 463 464 462
f 462 478 463
f 611 579 580
f 611 580 581
f 611 581 582
f 611 582 583
f 611 583 584
f 611 584 585
f 611 585 586
f 611 586 587
f 611 587 588
f 611 588 589
f 611 589 590
f 611 590 591
f 611 591 592
f 611 592 593
f 611 593 594
f 611 594 595
f 611 595 596
f 611 596 597
f 611 597 598
f 611 598 599
f 611 599 600
f 611 600 601
f 611 601 602
f 611 602 603
f 611 603 604
f 611 604 605
f 611 605 606
f 611 606 607
f 611 607 608
f 611 608 609
f 611 609 610
f 610 579 611
f 579 610 613
f 610 609 613
f 609 608 614
f 608 607 614
f 607 606 615
f 606 605 615
f 605 604 616
f 604 603 616
f 603 602 617
f 602 601 617
f 601 600 618
f 600 599 618
f 599 598 619
f 598 597 619
f 597 596 620
f 596 595 620
f 595 594 621
f 594 593 621
f 593 592 622
f 592 591 622
f 591 590 623
f 590 589 623
f 589 588 624
f 588 587 624
f 587 586 625
f 586 585 625
f 585 584 626
f 584 583 626
f 583 582 627
f 582 581 627
f 581 580 628
f 580 579 628
f 627 628 612
f 626 627 612
f 625 626 612
f 624 625 612
f 623 624 612
f 622 623 612
f 621 622 612
f 620 621 612
f 619 620 612
f 618 619 612
f 617 618 612
f 616 617 612
f 615 616 612
f 614 615 612
f 613 614 612
f 612 628 613
f 761 729 730
f 761 730 731
f 761 731 732
f 761 732 733
f 761 733 734
f 761 734 735
f 761 735 736
f 761 736 737
f 761 737 738
f 761 738 739
f 761 739 740
f 761 740 741
f 761 741 742
f 761 742 743
f 761 743 744
f 761 744 745
f 761 745 746
f 761 746 747
f 761 747 748
f 761 748 749
f 761 749 750
f 761 750 751
f 761 751 752
f 761 752 753
f 761 753 754
f 761 754 755
f 761 755 756
f 761 756 757
f 761 757 758
f 761 758 759
f 761 759 760
f 760 729 761
f 729 760 763
f 760 759 763
f 759 758 764
f 758 757 764
f 757 756 765
f 756 755 765
f 755 754 766
f 754 753 766
f 753 752 767
f 752 751 767
f 751 750 768
f 750 749 768
f 749 748 769
f 748 747 769
f 747 746 770
f 746 745 770
f 745 744 771
f 744 743 771
f 743 742 772
f 742 741 772
f 741 740 773
f 740 739 773
f 739 738 774
f 738 737 774
f 737 736 775
f 736 735 775
f 735 734 776
f 734 733 776
f 733 732 777
f 732 731 777
f 731 730 778
f 730 729 778
f 777 778 762
f 776 777 762
f 775 776 762
f 774 775 762
f 773 774 762
f 772 773 762
f 771 772 762
f 770 771 762
f 769 770 762
f 768 769 762
f 767 768 762
f 766 767 762
f 765 766 762
f 764 765 762
f 763 764 762
f 762 778 763
f 17 16 1
f 17 1 2
f 17 2 3
f 17 3 4
f 17 4 5
f 17 5 6
f 17 6 7
f 17 7 8
f 17 8 9
f 17 9 10
f 17 10 11
f 17 11 12
f 17 12 13
f 17 13 14
f 17 14 15
f 17 15 16
f 33 34 18
f 32 33 18
f 31 32 18
f 30 31 18
f 29 30 18
f 28 29 18
f 27 28 18
f 26 27 18
f 25 26 18
f 24 25 18
f 23 24 18
f 22 23 18
f 21 22 18
f 20 21 18
f 19 20 18
f 18 34 19
f 67 35 36
f 15 69 67
f 69 37 35
f 15 70 69
f 70 38 37
f 14 71 70
f 71 39 38
f 14 72 71
f 72 40 39
f 13 73 72
f 73 41 40
f 13 74 73
f 74 42 41
f 12 75 74
f 75 43 42
f 12 76 75
f 76 44 43
f 11 77 76
f 77 45 44
f 11 78 77
f 78 46 45
f 10 79 78
f 79 47 46
f 10 80 79
f 80 48 47
f 9 81 80
f 81 49 48
f 9 82 81
f 82 50 49
f 8 83 82
f 83 51 50
f 8 84 83
f 84 52 51
f 7 85 84
f 85 53 52
f 7 86 85
f 86 54 53
f 6 87 86
f 87 55 54
f 6 88 87
f 88 56 55
f 5 89 88
f 89 57 56
f 5 90 89
f 90 58 57
f 4 91 90
f 91 59 58
f 4 92 91
f 92 60 59
f 3 93 92
f 93 61 60
f 3 94 93
f 94 62 61
f 2 95 94
f 95 63 62
f 2 96 95
f 96 64 63
f 1 97 96
f 97 65 64
f 1 98 97
f 98 66 65
f 16 68 98
f 68 36 66
f 35 99 100
f 37 101 99
f 38 102 101
f 39 103 102
f 40 104 103
f 41 105 104
f 42 106 105
f 43 107 106
f 44 108 107
f 45 109 108
f 46 110 109
f 47 111 110
f 48 112 111
f 49 113 112
f 50 114 113
f 51 115 114
f 52 116 115
f 53 117 116
f 54 118 117
f 55 119 118
f 56 120 119
f 57 121 120
f 58 122 121
f 59 123 122
f 60 124 123
f 61 125 124
f 62 126 125
f 63 127 126
f 64 128 127
f 65 129 128
f 66 130 129
f 36 100 130
f 99 131 132
f 101 133 131
f 102 134 133
f 103 135 134
f 104 136 135
f 105 137 136
f 106 138 137
f 107 139 138
f 108 140 139
f 109 141 140
f 110 142 141
f 111 143 142
f 112 144 143
f 113 145 144
f 114 146 145
f 115 147 146
f 116 148 147
f 117 149 148
f 118 150 149
f 119 151 150
f 120 152 151
f 121 153 152
f 122 154 153
f 123 155 154
f 124 156 155
f 125 157 156
f 126 158 157
f 127 159 158
f 128 160 159
f 129 161 160
f 130 162 161
f 100 132 162
f 163 19 34
f 133 164 163
f 164 20 19
f 135 165 164
f 165 21 20
f 137 166 165
f 166 22 21
f 139 167 166
f 167 23 22
f 141 168 167
f 168 24 23
f 143 169 168
f 169 25 24
f 145 170 169
f 170 26 25
f 147 171 170
f 171 27 26
f 149 172 171
f 172 28 27
f 151 173 172
f 173 29 28
f 153 174 173
f 174 30 29
f 155 175 174
f 175 31 30
f 157 176 175
f 176 32 31
f 159 177 176
f 177 33 32
f 161 178 177
f 178 34 33
f 132 163 178
f 781 779 785
f 786 780 782
f 783 785 790
f 791 786 784
f 781 783 788
f 789 784 782
f 779 781 788
f 789 782 780
f 790 785 795
f 796 786 791
f 785 779 797
f 798 780 786
f 787 790 792
f 793 791 794
f 795 797 787
f 794 798 796
f 801 799 805
f 806 800 802
f 803 805 810
f 811 806 804
f 801 803 808
f 809 804 802
f 799 801 808
f 809 802 800
f 810 805 815
f 816 806 811
f 805 799 817
f 818 800 806
f 807 810 812
f 813 811 814
f 815 817 807
f 814 818 816
f 821 819 825
f 826 820 822
f 823 825 830
f 831 826 824
f 821 823 828
f 829 824 822
f 819 821 828
f 829 822 820
f 830 825 835
f 836 826 831
f 825 819 837
f 838 820 826
f 827 830 832
f 833 831 834
f 835 837 827
f 834 838 836
f 845 857 863
f 846 858 864
f 847 859 865
f 848 860 866
f 849 861 867
f 850 862 868
f 869 875 851
f 870 876 852
f 871 877 853
f 872 878 854
f 873 879 855
f 874 880 856
f 839 851 881
f 840 852 882
f 841 853 883
f 842 854 884
f 843 855 885
f 844 856 886
f 887 893 857
f 888 894 858
f 889 895 859
f 890 896 860
f 891 897 861
f 892 898 862
f 1217 1223 1247
f 1218 1224 1248
f 1219 1225 1249
f 1220 1226 1250
f 1221 1227 1251
f 1222 1228 1252
f 1043 1037 1513
f 1044 1038 1514
f 1045 1039 1515
f 1046 1040 1516
f 1047 1041 1517
f 1048 1042 1518
f 1049 1043 1519
f 1050 1044 1520
f 1051 1045 1521
f 1052 1046 1522
f 1053 1047 1523
f 1054 1048 1524
f 1187 1193 1321
f 1188 1194 1322
f 1189 1195 1323
f 1190 1196 1324
f 1191 1197 1325
f 1192 1198 1326
f 1085 1091 1285
f 1086 1092 1286
f 1087 1093 1287
f 1088 1094 1288
f 1089 1095 1289
f 1090 1096 1290
f 1037 1031 1507
f 1038 1032 1508
f 1039 1033 1509
f 1040 1034 1510
f 1041 1035 1511
f 1042 1036 1512
f 1227 1233 1253
f 1228 1234 1254
f 971 965 1441
f 972 966 1442
f 973 967 1443
f 974 968 1444
f 975 969 1445
f 976 970 1446
f 977 971 1447
f 978 972 1448
f 979 973 1449
f 980 974 1450
f 981 975 1451
f 982 976 1452
f 1235 1067 1261
f 1236 1068 1262
f 1237 1069 1263
f 1238 1070 1264
f 1239 1071 1265
f 1240 1072 1266
f 1055 1049 1525
f 1056 1050 1526
f 1057 1051 1527
f 1058 1052 1528
f 1059 1053 1529
f 1060 1054 1530
f 1139 1145 1363
f 1140 1146 1364
f 1141 1147 1365
f 1142 1148 1366
f 1143 1149 1367
f 1144 1150 1368
f 1067 1073 1267
f 1068 1074 1268
f 1069 1075 1269
f 1070 1076 1270
f 1071 1077 1271
f 1072 1078 1272
f 1109 1115 1303
f 1110 1116 1304
f 1111 1117 1305
f 1112 1118 1306
f 1113 1119 1307
f 1114 1120 1308
f 959 953 1429
f 960 954 1430
f 961 955 1431
f 962 956 1432
f 963 957 1433
f 964 958 1434
f 1151 1157 1351
f 1152 1158 1352
f 1153 1159 1353
f 1154 1160 1354
f 1155 1161 1355
f 1156 1162 1356
f 1229 1235 1255
f 1230 1236 1256
f 1231 1237 1257
f 1232 1238 1258
f 1233 1239 1259
f 1234 1240 1260
f 1115 1121 1309
f 1116 1122 1310
f 1117 1123 1311
f 1118 1124 1312
f 1119 1125 1313
f 1120 1126 1314
f 1169 1175 1333
f 1170 1176 1334
f 1171 1177 1335
f 1172 1178 1336
f 1173 1179 1337
f 1174 1180 1338
f 1205 1211 1241
f 1206 1212 1242
f 1207 1213 1243
f 1208 1214 1244
f 1209 1215 1245
f 1210 1216 1246
f 911 905 1381
f 912 906 1382
f 913 907 1383
f 914 908 1384
f 915 909 1385
f 916 910 1386
f 1157 1163 1345
f 1158 1164 1346
f 1159 1165 1347
f 1160 1166 1348
f 1161 1167 1349
f 1162 1168 1350
f 1061 1055 1531
f 1062 1056 1532
f 1063 1057 1533
f 1064 1058 1534
f 1065 1059 1535
f 1066 1060 1536
f 929 923 1399
f 930 924 1400
f 931 925 1401
f 932 926 1402
f 933 927 1403
f 934 928 1404
f 1013 1007 1483
f 1014 1008 1484
f 1015 1009 1485
f 1016 1010 1486
f 1017 1011 1487
f 1018 1012 1488
f 965 959 1435
f 966 960 1436
f 967 961 1437
f 968 962 1438
f 969 963 1439
f 970 964 1440
f 941 935 1411
f 942 936 1412
f 943 937 1413
f 944 938 1414
f 945 939 1415
f 946 940 1416
f 1163 1169 1339
f 1164 1170 1340
f 1165 1171 1341
f 1166 1172 1342
f 1167 1173 1343
f 1168 1174 1344
f 947 941 1417
f 948 942 1418
f 949 943 1419
f 950 944 1420
f 951 945 1421
f 952 946 1422
f 989 983 1459
f 990 984 1460
f 991 985 1461
f 992 986 1462
f 993 987 1463
f 994 988 1464
f 1073 1079 1273
f 1074 1080 1274
f 1075 1081 1275
f 1076 1082 1276
f 1077 1083 1277
f 1078 1084 1278
f 1079 1085 1279
f 1080 1086 1280
f 1081 1087 1281
f 1082 1088 1282
f 1083 1089 1283
f 1084 1090 1284
f 923 917 1393
f 924 918 1394
f 925 919 1395
f 926 920 1396
f 927 921 1397
f 928 922 1398
f 935 929 1405
f 936 930 1406
f 937 931 1407
f 938 932 1408
f 939 933 1409
f 940 934 1410
f 1097 1103 1297
f 1098 1104 1298
f 1099 1105 1299
f 1100 1106 1300
f 1101 1107 1301
f 1102 1108 1302
f 899 1061 1537
f 900 1062 1538
f 901 1063 1539
f 902 1064 1540
f 903 1065 1541
f 904 1066 1542
f 1019 1013 1489
f 1020 1014 1490
f 1021 1015 1491
f 1022 1016 1492
f 1023 1017 1493
f 1024 1018 1494
f 1199 1205 1315
f 1200 1206 1316
f 1201 1207 1317
f 1202 1208 1318
f 1203 1209 1319
f 1204 1210 1320
f 1025 1019 1495
f 1026 1020 1496
f 1027 1021 1497
f 1028 1022 1498
f 1029 1023 1499
f 1030 1024 1500
f 1145 1151 1357
f 1146 1152 1358
f 1147 1153 1359
f 1148 1154 1360
f 1149 1155 1361
f 1150 1156 1362
f 917 911 1387
f 918 912 1388
f 919 913 1389
f 920 914 1390
f 921 915 1391
f 922 916 1392
f 1091 1097 1291
f 1092 1098 1292
f 1093 1099 1293
f 1094 1100 1294
f 1095 1101 1295
f 1096 1102 1296
f 1007 1001 1477
f 1008 1002 1478
f 1009 1003 1479
f 1010 1004 1480
f 1011 1005 1481
f 1012 1006 1482
f 1175 1181 1327
f 1176 1182 1328
f 1177 1183 1329
f 1178 1184 1330
f 1179 1185 1331
f 1180 1186 1332
f 953 947 1423
f 954 948 1424
f 955 949 1425
f 956 950 1426
f 957 951 1427
f 958 952 1428
f 1001 995 1471
f 1002 996 1472
f 1003 997 1473
f 1004 998 1474
f 1005 999 1475
f 1006 1000 1476
f 983 977 1453
f 984 978 1454
f 985 979 1455
f 986 980 1456
f 987 981 1457
f 988 982 1458
f 1127 1133 1369
f 1128 1134 1370
f 1129 1135 1371
f 1130 1136 1372
f 1131 1137 1373
f 1132 1138 1374
f 1031 1025 1501
f 1032 1026 1502
f 1033 1027 1503
f 1034 1028 1504
f 1035 1029 1505
f 1036 1030 1506
f 905 899 1375
f 906 900 1376
f 907 901 1377
f 908 902 1378
f 909 903 1379
f 910 904 1380
f 995 989 1465
f 996 990 1466
f 997 991 1467
f 998 992 1468
f 999 993 1469
f 1000 994 1470
f 1543 1711 1717
f 1544 1712 1718
f 1545 1713 1719
f 1546 1714 1720
f 1547 1715 1721
f 1548 1716 1722
f 1549 1717 1723
f 1550 1718 1724
f 1551 1719 1725
f 1552 1720 1726
f 1553 1721 1727
f 1554 1722 1728
f 1555 1723 1729
f 1556 1724 1730
f 1557 1725 1731
f 1558 1726 1732
f 1559 1727 1733
f 1560 1728 1734
f 1561 1729 1735
f 1562 1730 1736
f 1563 1731 1737
f 1564 1732 1738
f 1565 1733 1739
f 1566 1734 1740
f 1567 1735 1741
f 1568 1736 1742
f 1569 1737 1743
f 1570 1738 1744
f 1571 1739 1745
f 1572 1740 1746
f 1573 1747 1753
f 1574 1748 1754
f 1575 1749 1755
f 1576 1750 1756
f 1577 1751 1757
f 1578 1752 1758
f 1579 1759 1765
f 1580 1760 1766
f 1581 1761 1767
f 1582 1762 1768
f 1583 1763 1769
f 1584 1764 1770
f 1585 1765 1771
f 1586 1766 1772
f 1587 1767 1773
f 1588 1768 1774
f 1589 1769 1775
f 1590 1770 1776
f 1591 1771 1777
f 1592 1772 1778
f 1593 1773 1779
f 1594 1774 1780
f 1595 1775 1781
f 1596 1776 1782
f 1597 1777 1783
f 1598 1778 1784
f 1599 1779 1785
f 1600 1780 1786
f 1601 1781 1787
f 1602 1782 1788
f 1603 1783 1789
f 1604 1784 1790
f 1605 1785 1791
f 1606 1786 1792
f 1607 1787 1793
f 1608 1788 1794
f 1609 1789 1795
f 1610 1790 1796
f 1611 1791 1797
f 1612 1792 1798
f 1613 1793 1799
f 1614 1794 1800
f 1615 1795 1801
f 1616 1796 1802
f 1617 1797 1803
f 1618 1798 1804
f 1619 1799 1805
f 1620 1800 1806
f 1621 1801 1807
f 1622 1802 1808
f 1623 1803 1809
f 1624 1804 1810
f 1625 1805 1811
f 1626 1806 1812
f 1627 1813 1819
f 1628 1814 1820
f 1629 1815 1821
f 1630 1816 1822
f 1631 1817 1823
f 1632 1818 1824
f 1633 1825 1831
f 1634 1826 1832
f 1635 1827 1833
f 1636 1828 1834
f 1637 1829 1835
f 1638 1830 1836
f 1639 1831 1837
f 1640 1832 1838
f 1641 1833 1839
f 1642 1834 1840
f 1643 1835 1841
f 1644 1836 1842
f 1645 1837 1843
f 1646 1838 1844
f 1647 1839 1845
f 1648 1840 1846
f 1649 1841 1847
f 1650 1842 1848
f 1651 1843 1849
f 1652 1844 1850
f 1653 1845 1851
f 1654 1846 1852
f 1655 1847 1853
f 1656 1848 1854
f 1657 1849 1855
f 1658 1850 1856
f 1659 1851 1857
f 1660 1852 1858
f 1661 1853 1859
f 1662 1854 1860
f 1663 1855 1861
f 1664 1856 1862
f 1665 1857 1863
f 1666 1858 1864
f 1667 1859 1865
f 1668 1860 1866
f 1669 1861 1867
f 1670 1862 1868
f 1671 1863 1869
f 1672 1864 1870
f 1673 1865 1871
f 1674 1866 1872
f 1675 1867 1873
f 1676 1868 1874
f 1677 1869 1875
f 1678 1870 1876
f 1679 1871 1877
f 1680 1872 1878
f 1681 1873 1879
f 1682 1874 1880
f 1683 1875 1881
f 1684 1876 1882
f 1685 1877 1883
f 1686 1878 1884
f 1687 1879 1885
f 1688 1880 1886
f 1689 1881 1887
f 1690 1882 1888
f 1691 1883 1889
f 1692 1884 1890
f 1693 1885 1891
f 1694 1886 1892
f 1695 1887 1893
f 1696 1888 1894
f 1697 1889 1895
f 1698 1890 1896
f 1699 1891 1897
f 1700 1892 1898
f 1701 1893 1899
f 1702 1894 1900
f 1703 1895 1901
f 1704 1896 1902
f 1711 1543 1705
f 1712 1544 1706
f 1713 1545 1707
f 1714 1546 1708
f 1715 1547 1709
f 1716 1548 1710
f 1807 1909 1903
f 1808 1910 1904
f 1809 1911 1905
f 1810 1912 1906
f 1811 1913 1907
f 1812 1914 1908
f 1909 1813 1627
f 1910 1814 1628
f 1911 1815 1629
f 1912 1816 1630
f 1913 1817 1631
f 1914 1818 1632
f 1753 1921 1915
f 1754 1922 1916
f 1755 1923 1917
f 1756 1924 1918
f 1757 1925 1919
f 1758 1926 1920
f 1921 1759 1579
f 1922 1760 1580
f 1923 1761 1581
f 1924 1762 1582
f 1925 1763 1583
f 1926 1764 1584
f 1741 1933 1927
f 1742 1934 1928
f 1743 1935 1929
f 1744 1936 1930
f 1745 1937 1931
f 1746 1938 1932
f 1933 1747 1573
f 1934 1748 1574
f 1935 1749 1575
f 1936 1750 1576
f 1937 1751 1577
f 1938 1752 1578
f 1819 1945 1939
f 1820 1946 1940
f 1821 1947 1941
f 1822 1948 1942
f 1823 1949 1943
f 1824 1950 1944
f 1945 1825 1633
f 1946 1826 1634
f 1947 1827 1635
f 1948 1828 1636
f 1949 1829 1637
f 1950 1830 1638
f 2125 2119 1951
f 2126 2120 1952
f 2127 2121 1953
f 2128 2122 1954
f 2129 2123 1955
f 2130 2124 1956
f 2131 2125 1957
f 2132 2126 1958
f 2133 2127 1959
f 2134 2128 1960
f 2135 2129 1961
f 2136 2130 1962
f 2137 2131 1963
f 2138 2132 1964
f 2139 2133 1965
f 2140 2134 1966
f 2141 2135 1967
f 2142 2136 1968
f 2143 2137 1969
f 2144 2138 1970
f 2145 2139 1971
f 2146 2140 1972
f 2147 2141 1973
f 2148 2142 1974
f 2149 2143 1975
f 2150 2144 1976
f 2151 2145 1977
f 2152 2146 1978
f 2153 2147 1979
f 2154 2148 1980
f 2161 2155 1981
f 2162 2156 1982
f 2163 2157 1983
f 2164 2158 1984
f 2165 2159 1985
f 2166 2160 1986
f 2173 2167 1987
f 2174 2168 1988
f 2175 2169 1989
f 2176 2170 1990
f 2177 2171 1991
f 2178 2172 1992
f 2179 2173 1993
f 2180 2174 1994
f 2181 2175 1995
f 2182 2176 1996
f 2183 2177 1997
f 2184 2178 1998
f 2185 2179 1999
f 2186 2180 2000
f 2187 2181 2001
f 2188 2182 2002
f 2189 2183 2003
f 2190 2184 2004
f 2191 2185 2005
f 2192 2186 2006
f 2193 2187 2007
f 2194 2188 2008
f 2195 2189 2009
f 2196 2190 2010
f 2197 2191 2011
f 2198 2192 2012
f 2199 2193 2013
f 2200 2194 2014
f 2201 2195 2015
f 2202 2196 2016
f 2203 2197 2017
f 2204 2198 2018
f 2205 2199 2019
f 2206 2200 2020
f 2207 2201 2021
f 2208 2202 2022
f 2209 2203 2023
f 2210 2204 2024
f 2211 2205 2025
f 2212 2206 2026
f 2213 2207 2027
f 2214 2208 2028
f 2215 2209 2029
f 2216 2210 2030
f 2217 2211 2031
f 2218 2212 2032
f 2219 2213 2033
f 2220 2214 2034
f 2227 2221 2035
f 2228 2222 2036
f 2229 2223 2037
f 2230 2224 2038
f 2231 2225 2039
f 2232 2226 2040
f 2239 2233 2041
f 2240 2234 2042
f 2241 2235 2043
f 2242 2236 2044
f 2243 2237 2045
f 2244 2238 2046
f 2245 2239 2047
f 2246 2240 2048
f 2247 2241 2049
f 2248 2242 2050
f 2249 2243 2051
f 2250 2244 2052
f 2251 2245 2053
f 2252 2246 2054
f 2253 2247 2055
f 2254 2248 2056
f 2255 2249 2057
f 2256 2250 2058
f 2257 2251 2059
f 2258 2252 2060
f 2259 2253 2061
f 2260 2254 2062
f 2261 2255 2063
f 2262 2256 2064
f 2263 2257 2065
f 2264 2258 2066
f 2265 2259 2067
f 2266 2260 2068
f 2267 2261 2069
f 2268 2262 2070
f 2269 2263 2071
f 2270 2264 2072
f 2271 2265 2073
f 2272 2266 2074
f 2273 2267 2075
f 2274 2268 2076
f 2275 2269 2077
f 2276 2270 2078
f 2277 2271 2079
f 2278 2272 2080
f 2279 2273 2081
f 2280 2274 2082
f 2281 2275 2083
f 2282 2276 2084
f 2283 2277 2085
f 2284 2278 2086
f 2285 2279 2087
f 2286 2280 2088
f 2287 2281 2089
f 2288 2282 2090
f 2289 2283 2091
f 2290 2284 2092
f 2291 2285 2093
f 2292 2286 2094
f 2293 2287 2095
f 2294 2288 2096
f 2295 2289 2097
f 2296 2290 2098
f 2297 2291 2099
f 2298 2292 2100
f 2299 2293 2101
f 2300 2294 2102
f 2301 2295 2103
f 2302 2296 2104
f 2303 2297 2105
f 2304 2298 2106
f 2305 2299 2107
f 2306 2300 2108
f 2307 2301 2109
f 2308 2302 2110
f 2309 2303 2111
f 2310 2304 2112
f 2113 1951 2119
f 2114 1952 2120
f 2115 1953 2121
f 2116 1954 2122
f 2117 1955 2123
f 2118 1956 2124
f 2311 2317 2215
f 2312 2318 2216
f 2313 2319 2217
f 2314 2320 2218
f 2315 2321 2219
f 2316 2322 2220
f 2035 2221 2317
f 2036 2222 2318
f 2037 2223 2319
f 2038 2224 2320
f 2039 2225 2321
f 2040 2226 2322
f 2323 2329 2161
f 2324 2330 2162
f 2325 2331 2163
f 2326 2332 2164
f 2327 2333 2165
f 2328 2334 2166
f 1987 2167 2329
f 1988 2168 2330
f 1989 2169 2331
f 1990 2170 2332
f 1991 2171 2333
f 1992 2172 2334
f 2335 2341 2149
f 2336 2342 2150
f 2337 2343 2151
f 2338 2344 2152
f 2339 2345 2153
f 2340 2346 2154
f 1981 2155 2341
f 1982 2156 2342
f 1983 2157 2343
f 1984 2158 2344
f 1985 2159 2345
f 1986 2160 2346
f 2347 2353 2227
f 2348 2354 2228
f 2349 2355 2229
f 2350 2356 2230
f 2351 2357 2231
f 2352 2358 2232
f 2041 2233 2353
f 2042 2234 2354
f 2043 2235 2355
f 2044 2236 2356
f 2045 2237 2357
f 2046 2238 2358
f 2737 2743 2935
f 2738 2744 2936
f 2739 2745 2937
f 2740 2746 2938
f 2741 2747 2939
f 2742 2748 2940
f 2635 2641 2899
f 2636 2642 2900
f 2637 2643 2901
f 2638 2644 2902
f 2639 2645 2903
f 2640 2646 2904
f 2455 2449 3109
f 2456 2450 3110
f 2457 2451 3111
f 2458 2452 3112
f 2459 2453 3113
f 2460 2454 3114
f 2719 2725 2953
f 2720 2726 2954
f 2721 2727 2955
f 2722 2728 2956
f 2723 2729 2957
f 2724 2730 2958
f 2749 2755 2923
f 2750 2756 2924
f 2751 2757 2925
f 2752 2758 2926
f 2753 2759 2927
f 2754 2760 2928
f 2425 2419 3079
f 2426 2420 3080
f 2427 2421 3081
f 2428 2422 3082
f 2429 2423 3083
f 2430 2424 3084
f 2773 2779 2809
f 2774 2780 2810
f 2775 2781 2811
f 2776 2782 2812
f 2777 2783 2813
f 2778 2784 2814
f 2539 2533 3193
f 2540 2534 3194
f 2541 2535 3195
f 2542 2536 3196
f 2543 2537 3197
f 2544 2538 3198
f 2707 2713 2965
f 2708 2714 2966
f 2709 2715 2967
f 2710 2716 2968
f 2711 2717 2969
f 2712 2718 2970
f 2779 2785 2815
f 2780 2786 2816
f 2781 2787 2817
f 2782 2788 2818
f 2783 2789 2819
f 2784 2790 2820
f 2551 2545 3205
f 2552 2546 3206
f 2553 2547 3207
f 2554 2548 3208
f 2555 2549 3209
f 2556 2550 3210
f 2671 2677 3001
f 2672 2678 3002
f 2673 2679 3003
f 2674 2680 3004
f 2675 2681 3005
f 2676 2682 3006
f 2545 2539 3199
f 2546 2540 3200
f 2547 2541 3201
f 2548 2542 3202
f 2549 2543 3203
f 2550 2544 3204
f 2557 2551 3211
f 2558 2552 3212
f 2559 2553 3213
f 2560 2554 3214
f 2561 2555 3215
f 2562 2556 3216
f 2659 2665 3013
f 2660 2666 3014
f 2661 2667 3015
f 2662 2668 3016
f 2663 2669 3017
f 2664 2670 3018
f 2515 2509 3169
f 2516 2510 3170
f 2517 2511 3171
f 2518 2512 3172
f 2519 2513 3173
f 2520 2514 3174
f 2797 2575 2833
f 2798 2576 2834
f 2799 2577 2835
f 2800 2578 2836
f 2801 2579 2837
f 2802 2580 2838
f 2587 2593 2851
f 2588 2594 2852
f 2589 2595 2853
f 2590 2596 2854
f 2591 2597 2855
f 2592 2598 2856
f 2401 2395 3055
f 2402 2396 3056
f 2403 2397 3057
f 2404 2398 3058
f 2405 2399 3059
f 2406 2400 3060
f 2731 2737 2941
f 2732 2738 2942
f 2733 2739 2943
f 2734 2740 2944
f 2735 2741 2945
f 2736 2742 2946
f 2743 2749 2929
f 2744 2750 2930
f 2745 2751 2931
f 2746 2752 2932
f 2747 2753 2933
f 2748 2754 2934
f 2479 2473 3133
f 2480 2474 3134
f 2481 2475 3135
f 2482 2476 3136
f 2483 2477 3137
f 2484 2478 3138
f 2467 2461 3121
f 2468 2462 3122
f 2469 2463 3123
f 2470 2464 3124
f 2471 2465 3125
f 2472 2466 3126
f 2605 2611 2869
f 2606 2612 2870
f 2607 2613 2871
f 2608 2614 2872
f 2609 2615 2873
f 2610 2616 2874
f 2611 2617 2875
f 2612 2618 2876
f 2613 2619 2877
f 2614 2620 2878
f 2615 2621 2879
f 2616 2622 2880
f 2533 2527 3187
f 2534 2528 3188
f 2535 2529 3189
f 2536 2530 3190
f 2537 2531 3191
f 2538 2532 3192
f 2623 2629 2887
f 2624 2630 2888
f 2625 2631 2889
f 2626 2632 2890
f 2627 2633 2891
f 2628 2634 2892
f 2785 2791 2821
f 2786 2792 2822
f 2787 2793 2823
f 2788 2794 2824
f 2789 2795 2825
f 2790 2796 2826
f 2443 2437 3097
f 2444 2438 3098
f 2445 2439 3099
f 2446 2440 3100
f 2447 2441 3101
f 2448 2442 3102
f 2449 2443 3103
f 2450 2444 3104
f 2451 2445 3105
f 2452 2446 3106
f 2453 2447 3107
f 2454 2448 3108
f 2575 2581 2839
f 2576 2582 2840
f 2577 2583 2841
f 2578 2584 2842
f 2579 2585 2843
f 2580 2586 2844
f 2563 2557 3217
f 2564 2558 3218
f 2565 2559 3219
f 2566 2560 3220
f 2567 2561 3221
f 2568 2562 3222
f 2677 2683 2995
f 2678 2684 2996
f 2679 2685 2997
f 2680 2686 2998
f 2681 2687 2999
f 2682 2688 3000
f 2581 2587 2845
f 2582 2588 2846
f 2583 2589 2847
f 2584 2590 2848
f 2585 2591 2849
f 2586 2592 2850
f 2641 2647 2905
f 2642 2648 2906
f 2643 2649 2907
f 2644 2650 2908
f 2645 2651 2909
f 2646 2652 2910
f 2431 2425 3085
f 2432 2426 3086
f 2433 2427 3087
f 2434 2428 3088
f 2435 2429 3089
f 2436 2430 3090
f 2689 2695 2983
f 2690 2696 2984
f 2691 2697 2985
f 2692 2698 2986
f 2693 2699 2987
f 2694 2700 2988
f 2791 2797 2827
f 2792 2798 2828
f 2793 2799 2829
f 2794 2800 2830
f 2795 2801 2831
f 2796 2802 2832
f 2647 2653 2911
f 2648 2654 2912
f 2649 2655 2913
f 2650 2656 2914
f 2651 2657 2915
f 2652 2658 2916
f 2713 2719 2959
f 2714 2720 2960
f 2715 2721 2961
f 2716 2722 2962
f 2717 2723 2963
f 2718 2724 2964
f 2761 2767 2803
f 2762 2768 2804
f 2763 2769 2805
f 2764 2770 2806
f 2765 2771 2807
f 2766 2772 2808
f 2371 2365 3025
f 2372 2366 3026
f 2373 2367 3027
f 2374 2368 3028
f 2375 2369 3029
f 2376 2370 3030
f 2695 2701 2977
f 2696 2702 2978
f 2697 2703 2979
f 2698 2704 2980
f 2699 2705 2981
f 2700 2706 2982
f 2569 2563 3223
f 2570 2564 3224
f 2571 2565 3225
f 2572 2566 3226
f 2573 2567 3227
f 2574 2568 3228
f 2389 2383 3043
f 2390 2384 3044
f 2391 2385 3045
f 2392 2386 3046
f 2393 2387 3047
f 2394 2388 3048
f 2503 2497 3157
f 2504 2498 3158
f 2505 2499 3159
f 2506 2500 3160
f 2507 2501 3161
f 2508 2502 3162
f 2437 2431 3091
f 2438 2432 3092
f 2439 2433 3093
f 2440 2434 3094
f 2441 2435 3095
f 2442 2436 3096
f 2407 2401 3061
f 2408 2402 3062
f 2409 2403 3063
f 2410 2404 3064
f 2411 2405 3065
f 2412 2406 3066
f 2701 2707 2971
f 2702 2708 2972
f 2703 2709 2973
f 2704 2710 2974
f 2705 2711 2975
f 2706 2712 2976
f 2413 2407 3067
f 2414 2408 3068
f 2415 2409 3069
f 2416 2410 3070
f 2417 2411 3071
f 2418 2412 3072
f 2473 2467 3127
f 2474 2468 3128
f 2475 2469 3129
f 2476 2470 3130
f 2477 2471 3131
f 2478 2472 3132
f 2593 2599 2857
f 2594 2600 2858
f 2595 2601 2859
f 2596 2602 2860
f 2597 2603 2861
f 2598 2604 2862
f 2599 2605 2863
f 2600 2606 2864
f 2601 2607 2865
f 2602 2608 2866
f 2603 2609 2867
f 2604 2610 2868
f 2383 2377 3037
f 2384 2378 3038
f 2385 2379 3039
f 2386 2380 3040
f 2387 2381 3041
f 2388 2382 3042
f 2395 2389 3049
f 2396 2390 3050
f 2397 2391 3051
f 2398 2392 3052
f 2399 2393 3053
f 2400 2394 3054
f 2629 2635 2893
f 2630 2636 2894
f 2631 2637 2895
f 2632 2638 2896
f 2633 2639 2897
f 2634 2640 2898
f 2359 2569 3229
f 2360 2570 3230
f 2361 2571 3231
f 2362 2572 3232
f 2363 2573 3233
f 2364 2574 3234
f 2509 2503 3163
f 2510 2504 3164
f 2511 2505 3165
f 2512 2506 3166
f 2513 2507 3167
f 2514 2508 3168
f 2755 2761 2917
f 2756 2762 2918
f 2757 2763 2919
f 2758 2764 2920
f 2759 2765 2921
f 2760 2766 2922
f 2521 2515 3175
f 2522 2516 3176
f 2523 2517 3177
f 2524 2518 3178
f 2525 2519 3179
f 2526 2520 3180
f 2683 2689 2989
f 2684 2690 2990
f 2685 2691 2991
f 2686 2692 2992
f 2687 2693 2993
f 2688 2694 2994
f 2377 2371 3031
f 2378 2372 3032
f 2379 2373 3033
f 2380 2374 3034
f 2381 2375 3035
f 2382 2376 3036
f 2617 2623 2881
f 2618 2624 2882
f 2619 2625 2883
f 2620 2626 2884
f 2621 2627 2885
f 2622 2628 2886
f 2497 2491 3151
f 2498 2492 3152
f 2499 2493 3153
f 2500 2494 3154
f 2501 2495 3155
f 2502 2496 3156
f 2725 2731 2947
f 2726 2732 2948
f 2727 2733 2949
f 2728 2734 2950
f 2729 2735 2951
f 2730 2736 2952
f 2419 2413 3073
f 2420 2414 3074
f 2421 2415 3075
f 2422 2416 3076
f 2423 2417 3077
f 2424 2418 3078
f 2491 2485 3145
f 2492 2486 3146
f 2493 2487 3147
f 2494 2488 3148
f 2495 2489 3149
f 2496 2490 3150
f 2461 2455 3115
f 2462 2456 3116
f 2463 2457 3117
f 2464 2458 3118
f 2465 2459 3119
f 2466 2460 3120
f 2665 2671 3007
f 2666 2672 3008
f 2667 2673 3009
f 2668 2674 3010
f 2669 2675 3011
f 2670 2676 3012
f 2527 2521 3181
f 2528 2522 3182
f 2529 2523 3183
f 2530 2524 3184
f 2531 2525 3185
f 2532 2526 3186
f 2365 2359 3019
f 2366 2360 3020
f 2367 2361 3021
f 2368 2362 3022
f 2369 2363 3023
f 2370 2364 3024
f 2485 2479 3139
f 2486 2480 3140
f 2487 2481 3141
f 2488 2482 3142
f 2489 2483 3143
f 2490 2484 3144
f 3235 3236 3237
f 3239 3242 3241
f 3235 3239 3240
f 3236 3240 3241
f 3237 3241 3242
f 3239 3235 3238
f 3253 3255 3257
f 3258 3256 3254
f 3245 3243 3249
f 3250 3244 3246
f 3247 3249 3257
f 3258 3250 3248
f 3245 3247 3255
f 3256 3248 3246
f 3243 3245 3253
f 3254 3246 3244
f 3243 3251 3261
f 3262 3252 3244
f 3257 3249 3263
f 3264 3250 3258
f 3249 3243 3265
f 3266 3244 3250
f 3251 3257 3259
f 3260 3258 3252
f 3263 3265 3261
f 3262 3266 3264
f 3277 3279 3281
f 3282 3280 3278
f 3269 3267 3273
f 3274 3268 3270
f 3271 3273 3281
f 3282 3274 3272
f 3269 3271 3279
f 3280 3272 3270
f 3267 3269 3277
f 3278 3270 3268
f 3267 3275 3285
f 3286 3276 3268
f 3281 3273 3287
f 3288 3274 3282
f 3273 3267 3289
f 3290 3268 3274
f 3275 3281 3283
f 3284 3282 3276
f 3287 3289 3285
f 3286 3290 3288
f 3301 3303 3305
f 3306 3304 3302
f 3293 3291 3297
f 3298 3292 3294
f 3295 3297 3305
f 3306 3298 3296
f 3293 3295 3303
f 3304 3296 3294
f 3291 3293 3301
f 3302 3294 3292
f 3291 3299 3309
f 3310 3300 3292
f 3305 3297 3311
f 3312 3298 3306
f 3297 3291 3313
f 3314 3292 3298
f 3299 3305 3307
f 3308 3306 3300
f 3311 3313 3309
f 3310 3314 3312
