0.000000 0.000000
0.000000 0.000000
0.750561 0.000000
1.125841 0.000000
1.501121 0.000000
1.876401 0.000000
2.251682 0.000000
2.626962 0.000000
3.002242 0.000000
3.377522 0.000000
3.752803 0.000000
4.128083 0.000000
4.503363 0.000000
4.878644 0.000000
5.253923 0.000000
5.629204 0.000000
6.004484 0.000000
6.379765 0.000000
6.755044 0.000000
7.130325 0.000000
7.505605 0.000000
7.880886 0.000000
8.256166 0.000000
8.631446 0.000000
9.006726 0.000000
9.382007 0.000000
9.757287 0.000000
10.132566 0.000000
10.507847 0.000000
10.883127 0.000000
11.258408 0.000000
0.320000 0.000000
0.320000 0.000000
0.320000 0.000000
0.320000 0.000000
0.320000 0.000000
0.320000 0.000000
0.320000 0.000000
0.320000 0.000000
0.320000 0.000000
0.320000 0.000000
0.320000 0.000000
0.320000 0.000000
0.320000 0.000000
0.320000 0.000000
0.320000 0.000000
0.320000 0.000000
0.320000 0.000000
0.320000 0.000000
0.320000 0.000000
0.320000 0.000000
0.320000 0.000000
0.320000 0.000000
0.320000 0.000000
0.320000 0.000000
0.320000 0.000000
0.320000 0.000000
0.320000 0.000000
0.320000 0.000000
0.320000 0.000000
0.320000 0.000000
0.320000 0.000000
0.320000 0.000000
0.320000 0.000000
0.320000 0.000000
0.320000 0.000000
0.320000 0.000000
0.320000 0.000000
0.320000 0.000000
0.320000 0.000000
0.320000 0.000000
0.320000 0.000000
0.320000 0.000000
0.320000 0.000000
0.320000 0.000000
0.320000 0.000000
0.320000 0.000000
0.320000 0.000000
0.320000 0.000000
0.320000 0.000000
0.320000 0.000000
0.320000 0.000000
0.320000 0.000000
0.320000 0.000000
0.320000 0.000000
0.320000 0.000000
0.320000 0.000000
0.320000 0.000000
0.320000 0.000000
0.320000 0.000000
0.320000 0.000000
0.320000 0.000000
0.320000 0.000000
0.320000 0.000000
0.320000 0.000000
0.320000 0.000000
0.320000 0.000000
0.320000 0.000000
0.320000 0.000000
0.320000 0.000000
0.320000 0.000000
0.320000 0.000000
0.320000 0.000000
0.320000 0.000000
0.320000 0.000000
0.320000 0.000000
0.320000 0.000000
0.320000 0.000000
0.320000 0.000000
0.320000 0.000000
0.320000 0.000000
0.320000 0.000000
0.320000 0.000000
0.320000 0.000000
0.320000 0.000000
0.320000 0.000000
0.320000 0.000000
0.320000 0.000000
0.320000 0.000000
0.320000 0.000000
0.320000 0.000000
0.320000 0.000000
0.320000 0.000000
0.320000 0.000000
0.320000 0.000000
0.320000 0.000000
0.320000 0.000000
0.320000 0.000000
0.320000 0.000000
0.320000 0.000000
0.320000 0.000000
0.320000 0.000000
0.320000 0.000000
0.320000 0.000000
0.320000 0.000000
0.320000 0.000000
0.320000 0.000000
0.320000 0.000000
0.320000 0.000000
0.320000 0.000000
0.320000 0.000000
0.320000 0.000000
0.320000 0.000000
0.320000 0.000000
0.320000 0.000000
0.320000 0.000000
0.320000 0.000000
0.320000 0.000000
0.320000 0.000000
0.320000 0.000000
0.320000 0.000000
0.320000 0.000000
0.320000 0.000000
0.320000 0.000000
0.320000 0.000000
0.320000 0.000000
0.320000 0.000000
0.320000 0.000000
0.320000 0.000000
0.320000 0.000000
0.320000 0.000000
0.320000 0.000000
0.320000 0.000000
0.320000 0.000000
0.320000 0.000000
0.320000 0.000000
0.320000 0.000000
0.320000 0.000000
0.320000 0.000000
0.320000 0.000000
0.320000 0.000000
0.320000 0.000000
0.320000 0.000000
0.320000 0.000000
0.320000 0.000000
0.320000 0.000000
0.320000 0.000000
0.320000 0.000000
0.320000 0.000000
0.320000 0.000000
0.320000 0.000000
0.320000 0.000000
0.320000 0.000000
0.320000 0.000000
0.320000 0.000000
0.320000 0.000000
0.320000 0.000000
0.320000 0.000000
0.320000 0.000000
0.320000 0.000000
0.320000 0.000000
0.320000 0.000000
0.320000 0.000000
0.320000 0.000000
0.320000 0.000000
0.320000 0.000000
0.320000 0.000000
0.320000 0.000000
0.320000 0.000000
0.320000 0.000000
0.320000 0.000000
0.320000 0.000000
0.320000 0.000000
0.320000 0.000000
0.320000 0.000000
0.320000 0.000000
0.320000 0.000000
0.320000 0.000000
0.320000 0.000000
0.320000 0.000000
0.320000 0.000000
0.320000 0.000000
0.320000 0.000000
0.320000 0.000000
0.320000 0.000000
0.320000 0.000000
0.320000 0.000000
0.320000 0.000000
0.320000 0.000000
0.320000 0.000000
0.320000 0.000000
0.320000 0.000000
0.320000 0.000000
0.320000 0.000000
0.320000 0.000000
0.320000 0.000000
0.320000 0.000000
0.320000 0.000000
0.320000 0.000000
0.320000 0.000000
0.320000 0.000000
0.320000 0.000000
0.320000 0.000000
0.320000 0.000000
0.320000 0.000000
0.320000 0.000000
0.320000 0.000000
0.320000 0.000000
0.320000 0.000000
0.320000 0.000000
0.320000 0.000000
0.320000 0.000000
0.320000 0.000000
0.320000 0.000000
0.320000 0.000000
0.320000 0.000000
0.320000 0.000000
0.320000 0.000000
0.320000 0.000000
0.320000 0.000000
0.320000 0.000000
0.320000 0.000000
0.320000 0.000000
0.320000 0.000000
0.320000 0.000000
0.320000 0.000000
0.320000 0.000000
0.320000 0.000000
0.320000 0.000000
0.320000 0.000000
0.320000 0.000000
0.320000 0.000000
0.320000 0.000000
0.320000 0.000000
0.320000 0.000000
0.320000 0.000000
0.320000 0.000000
0.320000 0.000000
0.320000 0.000000
0.320000 0.000000
0.320000 0.000000
0.320000 0.000000
0.320000 0.000000
0.320000 0.000000
0.320000 0.000000
0.320000 0.000000
0.320000 0.000000
0.320000 0.000000
0.320000 0.000000
0.320000 0.000000
0.320000 0.000000
0.320000 0.000000
0.320000 0.000000
0.320000 0.000000
0.320000 0.000000
0.320000 0.000000
0.320000 0.000000
0.320000 0.000000
0.320000 0.000000
0.320000 0.000000
0.320000 0.000000
0.320000 0.000000
0.320000 0.000000
0.320000 0.000000
0.320000 0.000000
0.320000 0.000000
0.320000 0.000000
0.320000 0.000000
0.320000 0.000000
0.320000 0.000000
0.320000 0.000000
0.320000 0.000000
0.320000 0.000000
0.320000 0.000000
0.320000 0.000000
0.320000 0.000000
0.320000 0.000000
0.320000 0.000000
0.320000 0.000000
0.320000 0.000000
0.320000 0.000000
0.320000 0.000000
0.320000 0.000000
0.320000 0.000000
0.320000 0.000000
0.320000 0.000000
0.320000 0.000000
0.320000 0.000000
0.320000 0.000000
0.320000 0.000000
0.320000 0.000000
0.320000 0.000000
0.320000 0.000000
0.320000 0.000000
0.320000 0.000000
0.320000 0.000000
0.320000 0.000000
0.320000 0.000000
0.320000 0.000000
0.320000 0.000000
0.320000 0.000000
0.320000 0.000000
0.320000 0.000000
0.320000 0.000000
0.320000 0.000000
0.320000 0.000000
0.320000 0.000000
0.320000 0.000000
0.320000 0.000000
0.320000 0.000000
0.320000 0.000000
0.320000 0.000000
0.320000 0.000000
0.320000 0.000000
0.320000 0.000000
0.320000 0.000000
0.320000 0.000000
0.320000 0.000000
0.320000 0.000000
0.320000 0.000000
0.320000 0.000000
0.320000 0.000000
0.320000 0.000000
0.320000 0.000000
0.320000 0.000000
0.320000 0.000000
0.320000 0.000000
0.320000 0.000000
0.320000 0.000000
0.320000 0.000000
0.320000 0.000000
0.320000 0.000000
0.320000 0.000000
0.320000 0.000000
0.320000 0.000000
0.320000 0.000000
0.320000 0.000000
0.320000 0.000000
0.320000 0.000000
0.320000 0.000000
0.320000 0.000000
0.320000 0.000000
0.320000 0.000000
0.320000 0.000000
0.320000 0.000000
0.320000 0.000000
0.320000 0.000000
0.320000 0.000000
0.320000 0.000000
0.320000 0.000000
0.320000 0.000000
0.320000 0.000000
0.320000 0.000000
0.320000 0.000000
0.320000 0.000000
0.320000 0.000000
0.320000 0.000000
0.320000 0.000000
0.320000 0.000000
0.320000 0.000000
0.320000 0.000000
0.320000 0.000000
0.320000 0.000000
0.320000 0.000000
0.320000 0.000000
0.320000 0.000000
0.320000 0.000000
0.320000 0.000000
0.320000 0.000000
0.320000 0.000000
0.320000 0.000000
0.320000 0.000000
0.320000 0.000000
0.320000 0.000000
0.320000 0.000000
0.320000 0.000000
0.320000 0.000000
0.320000 0.000000
0.320000 0.000000
0.320000 0.000000
0.320000 0.000000
0.320000 0.000000
0.320000 0.000000
0.320000 0.000000
0.320000 0.000000
0.320000 0.000000
0.320000 0.000000
0.320000 0.000000
0.320000 0.000000
0.320000 0.000000
0.320000 0.000000
0.320000 0.000000
0.320000 0.000000
0.320000 0.000000
0.320000 0.000000
0.320000 0.000000
0.320000 0.000000
0.320000 0.000000
0.320000 0.000000
0.320000 0.000000
0.320000 0.000000
0.320000 0.000000
0.320000 0.000000
0.320000 0.000000
0.320000 0.000000
0.320000 0.000000
0.320000 0.000000
0.320000 0.000000
0.320000 0.000000
0.320000 0.000000
0.320000 0.000000
0.320000 0.000000
0.320000 0.000000
0.320000 0.000000
0.320000 0.000000
0.320000 0.000000
0.320000 0.000000
0.320000 0.000000
0.320000 0.000000
0.320000 0.000000
0.320000 0.000000
0.320000 0.000000
0.320000 0.000000
0.320000 0.000000
0.320000 0.000000
0.320000 0.000000
0.320000 0.000000
0.320000 0.000000
0.320000 0.000000
0.320000 0.000000
0.320000 0.000000
0.320000 0.000000
0.320000 0.000000
0.320000 0.000000
0.320000 0.000000
0.320000 0.000000
0.320000 0.000000
0.320000 0.000000
0.320000 0.000000
0.320000 0.000000
0.320000 0.000000
0.320000 0.000000
0.320000 0.000000
0.320000 0.000000
0.320000 0.000000
0.320000 0.000000
0.320000 0.000000
0.320000 0.000000
0.320000 0.000000
0.320000 0.000000
0.320000 0.000000
0.320000 0.000000
0.320000 0.000000
0.320000 0.000000
0.320000 0.000000
0.320000 0.000000
0.320000 0.000000
0.320000 0.000000
0.320000 0.000000
0.320000 0.000000
0.320000 0.000000
0.320000 0.000000
0.320000 0.000000
0.320000 0.000000
0.320000 0.000000
0.320000 0.000000
0.320000 0.000000
0.320000 0.000000
0.320000 0.000000
0.320000 0.000000
0.320000 0.000000
0.320000 0.000000
0.320000 0.000000
0.320000 0.000000
0.320000 0.000000
0.320000 0.000000
0.320000 0.000000
0.320000 0.000000
0.320000 0.000000
0.320000 0.000000
0.320000 0.000000
0.320000 0.000000
0.320000 0.000000
0.320000 0.000000
0.320000 0.000000
0.320000 0.000000
0.320000 0.000000
0.320000 0.000000
0.320000 0.000000
0.320000 0.000000
0.320000 0.000000
0.320000 0.000000
0.320000 0.000000
0.320000 0.000000
0.320000 0.000000
0.320000 0.000000
0.320000 0.000000
0.320000 0.000000
0.320000 0.000000
0.320000 0.000000
0.320000 0.000000
0.320000 0.000000
0.320000 0.000000
0.320000 0.000000
0.320000 0.000000
0.320000 0.000000
0.320000 0.000000
0.320000 0.000000
0.320000 0.000000
0.320000 0.000000
0.320000 0.000000
0.320000 0.000000
0.320000 0.000000
0.320000 0.000000
0.320000 0.000000
0.320000 0.000000
0.320000 0.000000
0.320000 0.000000
0.320000 0.000000
0.320000 0.000000
0.320000 0.000000
0.320000 0.000000
0.320000 0.000000
0.320000 0.000000
0.320000 0.000000
0.320000 0.000000
0.320000 0.000000
0.320000 0.000000
0.320000 0.000000
0.320000 0.000000
0.320000 0.000000
0.320000 0.000000
0.320000 0.000000
0.320000 0.000000
0.320000 0.000000
0.320000 0.000000
0.320000 0.000000
0.320000 0.000000
0.320000 0.000000
0.320000 0.000000
0.320000 0.000000
0.320000 0.000000
0.320000 0.000000
0.320000 0.000000
0.320000 0.000000
0.320000 0.000000
0.320000 0.000000
0.320000 0.000000
0.320000 0.000000
0.320000 0.000000
0.320000 0.000000
0.320000 0.000000
0.320000 0.000000
0.320000 0.000000
0.320000 0.000000
0.320000 0.000000
0.320000 0.000000
0.320000 0.000000
0.320000 0.000000
0.320000 0.000000
0.320000 0.000000
0.320000 0.000000
0.320000 0.000000
0.320000 0.000000
0.320000 0.000000
0.320000 0.000000
0.320000 0.000000
0.320000 0.000000
0.320000 0.000000
0.320000 0.000000
0.320000 0.000000
0.320000 0.000000
0.320000 0.000000
0.320000 0.000000
0.320000 0.000000
0.320000 0.000000
0.320000 0.000000
0.320000 0.000000
0.320000 0.000000
0.320000 0.000000
0.320000 0.000000
0.320000 0.000000
0.320000 0.000000
0.320000 0.000000
0.320000 0.000000
0.320000 0.000000
0.320000 0.000000
0.320000 0.000000
0.320000 0.000000
0.320000 0.000000
0.320000 0.000000
0.320000 0.000000
0.320000 0.000000
0.320000 0.000000
0.320000 0.000000
0.320000 0.000000
0.320000 0.000000
0.320000 0.000000
0.320000 0.000000
0.320000 0.000000
0.320000 0.000000
0.320000 0.000000
0.320000 0.000000
0.320000 0.000000
0.320000 0.000000
0.320000 0.000000
0.320000 0.000000
0.320000 0.000000
0.320000 0.000000
0.320000 0.000000
0.320000 0.000000
0.320000 0.000000
0.320000 0.000000
0.320000 0.000000
0.320000 0.000000
0.320000 0.000000
0.320000 0.000000
0.320000 0.000000
0.320000 0.000000
0.320000 0.000000
0.320000 0.000000
0.320000 0.000000
0.320000 0.000000
0.320000 0.000000
0.320000 0.000000
0.320000 0.000000
0.320000 0.000000
0.320000 0.000000
0.320000 0.000000
0.320000 0.000000
0.320000 0.000000
0.320000 0.000000
0.320000 0.000000
0.320000 0.000000
0.320000 0.000000
0.320000 0.000000
0.320000 0.000000
0.320000 0.000000
0.320000 0.000000
0.320000 0.000000
0.320000 0.000000
0.320000 0.000000
0.320000 0.000000
0.320000 0.000000
0.320000 0.000000
0.320000 0.000000
0.320000 0.000000
0.320000 0.000000
0.320000 0.000000
0.320000 0.000000
0.320000 0.000000
0.320000 0.000000
0.320000 0.000000
0.320000 0.000000
0.320000 0.000000
0.320000 0.000000
0.320000 0.000000
0.320000 0.000000
0.320000 0.000000
0.320000 0.000000
0.320000 0.000000
0.320000 0.000000
0.320000 0.000000
0.320000 0.000000
0.320000 0.000000
0.320000 0.000000
0.320000 0.000000
0.320000 0.000000
0.320000 0.000000
0.320000 0.000000
0.320000 0.000000
0.320000 0.000000
0.320000 0.000000
0.320000 0.000000
0.320000 0.000000
0.320000 0.000000
0.320000 0.000000
0.320000 0.000000
0.320000 0.000000
0.320000 0.000000
0.320000 0.000000
0.320000 0.000000
0.320000 0.000000
0.320000 0.000000
0.320000 0.000000
0.320000 0.000000
0.320000 0.000000
0.320000 0.000000
0.320000 0.000000
0.320000 0.000000
0.320000 0.000000
0.320000 0.000000
0.320000 0.000000
0.320000 0.000000
0.320000 0.000000
0.320000 0.000000
0.320000 0.000000
0.320000 0.000000
0.320000 0.000000
0.320000 0.000000
0.320000 0.000000
0.320000 0.000000
0.320000 0.000000
0.320000 0.000000
0.320000 0.000000
0.320000 0.000000
0.320000 0.000000
0.320000 0.000000
0.320000 0.000000
0.320000 0.000000
0.320000 0.000000
0.320000 0.000000
0.320000 0.000000
0.320000 0.000000
0.320000 0.000000
0.320000 0.000000
0.320000 0.000000
0.320000 0.000000
0.320000 0.000000
0.320000 0.000000
0.320000 0.000000
0.320000 0.000000
0.320000 0.000000
0.320000 0.000000
0.320000 0.000000
0.320000 0.000000
0.320000 0.000000
0.320000 0.000000
0.320000 0.000000
0.320000 0.000000
0.320000 0.000000
0.320000 0.000000
0.320000 0.000000
0.320000 0.000000
0.320000 0.000000
0.320000 0.000000
0.320000 0.000000
0.320000 0.000000
0.320000 0.000000
0.320000 0.000000
0.320000 0.000000
0.320000 0.000000
0.320000 0.000000
0.320000 0.000000
0.320000 0.000000
0.320000 0.000000
0.320000 0.000000
0.320000 0.000000
0.320000 0.000000
0.320000 0.000000
0.320000 0.000000
0.320000 0.000000
0.320000 0.000000
0.320000 0.000000
0.320000 0.000000
0.320000 0.000000
0.320000 0.000000
0.320000 0.000000
0.320000 0.000000
0.320000 0.000000
0.320000 0.000000
0.320000 0.000000
0.320000 0.000000
0.320000 0.000000
0.320000 0.000000
0.320000 0.000000
0.320000 0.000000
0.320000 0.000000
0.320000 0.000000
0.320000 0.000000
0.320000 0.000000
0.320000 0.000000
0.320000 0.000000
0.320000 0.000000
0.320000 0.000000
0.320000 0.000000
0.320000 0.000000
0.320000 0.000000
0.320000 0.000000
0.320000 0.000000
0.320000 0.000000
0.320000 0.000000
0.320000 0.000000
0.320000 0.000000
0.320000 0.000000
0.320000 0.000000
0.320000 0.000000
0.320000 0.000000
0.320000 0.000000
0.320000 0.000000
0.320000 0.000000
0.320000 0.000000
0.320000 0.000000
0.320000 0.000000
0.320000 0.000000
0.320000 0.000000
0.320000 0.000000
0.320000 0.000000
0.320000 0.000000
0.320000 0.000000
0.320000 0.000000
0.320000 0.000000
0.320000 0.000000
0.320000 0.000000
0.320000 0.000000
0.320000 0.000000
0.320000 0.000000
0.320000 0.000000
0.320000 0.000000
0.320000 0.000000
0.320000 0.000000
0.320000 0.000000
0.320000 0.000000
0.320000 0.000000
0.320000 0.000000
0.320000 0.000000
0.320000 0.000000
0.320000 0.000000
0.320000 0.000000
0.320000 0.000000
0.320000 0.000000
0.320000 0.000000
0.320000 0.000000
0.320000 0.000000
0.320000 0.000000
0.320000 0.000000
0.320000 0.000000
0.320000 0.000000
0.320000 0.000000
0.320000 0.000000
0.320000 0.000000
0.320000 0.000000
0.320000 0.000000
0.320000 0.000000
0.320000 0.000000
0.320000 0.000000
0.320000 0.000000
0.320000 0.000000
0.320000 0.000000
0.320000 0.000000
0.320000 0.000000
0.320000 0.000000
0.320000 0.000000
0.320000 0.000000
0.320000 0.000000
0.320000 0.000000
0.320000 0.000000
0.320000 0.000000
0.320000 0.000000
0.320000 0.000000
0.320000 0.000000
0.320000 0.000000
0.320000 0.000000
0.320000 0.000000
0.320000 0.000000
0.320000 0.000000
0.320000 0.000000
0.320000 0.000000
0.320000 0.000000
0.320000 0.000000
0.320000 0.000000
0.320000 0.000000
0.320000 0.000000
0.320000 0.000000
0.320000 0.000000
0.320000 0.000000
0.320000 0.000000
0.320000 0.000000
0.320000 0.000000
0.320000 0.000000
0.320000 0.000000
0.320000 0.000000
0.320000 0.000000
0.320000 0.000000
0.320000 0.000000
0.320000 0.000000
0.320000 0.000000
0.320000 0.000000
0.320000 0.000000
0.320000 0.000000
0.320000 0.000000
0.320000 0.000000
0.320000 0.000000
0.320000 0.000000
0.320000 0.000000
0.320000 0.000000
0.320000 0.000000
0.320000 0.000000
0.320000 0.000000
0.320000 0.000000
0.320000 0.000000
0.320000 0.000000
0.320000 0.000000
0.320000 0.000000
0.320000 0.000000
0.320000 0.000000
0.320000 0.000000
0.320000 0.000000
0.320000 0.000000
0.320000 0.000000
0.320000 0.000000
0.320000 0.000000
0.320000 0.000000
0.320000 0.000000
0.320000 0.000000
0.320000 0.000000
0.320000 0.000000
0.320000 0.000000
0.320000 0.000000
0.320000 0.000000
0.320000 0.000000
0.320000 0.000000
0.320000 0.000000
0.320000 0.000000
0.320000 0.000000
0.320000 0.000000
0.320000 0.000000
0.320000 0.000000
0.320000 0.000000
0.320000 0.000000
0.320000 0.000000
0.320000 0.000000
0.320000 0.000000
0.320000 0.000000
0.320000 0.000000
0.320000 0.000000
0.320000 0.000000
0.320000 0.000000
0.320000 0.000000
0.320000 0.000000
0.320000 0.000000
0.320000 0.000000
0.320000 0.000000
0.320000 0.000000
0.320000 0.000000
0.320000 0.000000
0.320000 0.000000
0.320000 0.000000
0.320000 0.000000
0.320000 0.000000
0.320000 0.000000
0.320000 0.000000
0.320000 0.000000
0.320000 0.000000
0.320000 0.000000
0.320000 0.000000
0.320000 0.000000
0.320000 0.000000
0.320000 0.000000
0.320000 0.000000
0.320000 0.000000
0.320000 0.000000
0.320000 0.000000
0.320000 0.000000
0.320000 0.000000
0.320000 0.000000
0.320000 0.000000
0.320000 0.000000
0.320000 0.000000
0.320000 0.000000
0.320000 0.000000
0.320000 0.000000
0.320000 0.000000
0.320000 0.000000
0.320000 0.000000
0.320000 0.000000
0.320000 0.000000
0.320000 0.000000
0.320000 0.000000
0.320000 0.000000
0.320000 0.000000
0.320000 0.000000
0.320000 0.000000
0.320000 0.000000
0.320000 0.000000
0.320000 0.000000
0.320000 0.000000
0.320000 0.000000
0.320000 0.000000
0.320000 0.000000
0.320000 0.000000
0.320000 0.000000
0.320000 0.000000
0.320000 0.000000
0.320000 0.000000
0.320000 0.000000
0.320000 0.000000
0.320000 0.000000
0.320000 0.000000
0.320000 0.000000
0.320000 0.000000
0.320000 0.000000
0.320000 0.000000
0.320000 0.000000
0.320000 0.000000
0.320000 0.000000
0.320000 0.000000
0.320000 0.000000
0.320000 0.000000
0.320000 0.000000
0.320000 0.000000
0.320000 0.000000
0.320000 0.000000
0.320000 0.000000
0.320000 0.000000
0.320000 0.000000
0.320000 0.000000
0.320000 0.000000
0.320000 0.000000
0.320000 0.000000
0.320000 0.000000
0.320000 0.000000
0.320000 0.000000
0.320000 0.000000
0.320000 0.000000
0.320000 0.000000
0.320000 0.000000
0.320000 0.000000
0.320000 0.000000
0.320000 0.000000
0.320000 0.000000
0.320000 0.000000
0.320000 0.000000
0.320000 0.000000
0.320000 0.000000
0.320000 0.000000
0.320000 0.000000
0.320000 0.000000
0.320000 0.000000
0.320000 0.000000
0.320000 0.000000
0.320000 0.000000
0.320000 0.000000
0.320000 0.000000
0.320000 0.000000
0.320000 0.000000
0.320000 0.000000
0.320000 0.000000
0.320000 0.000000
0.320000 0.000000
0.320000 0.000000
0.320000 0.000000
0.320000 0.000000
0.320000 0.000000
0.320000 0.000000
0.320000 0.000000
0.320000 0.000000
0.320000 0.000000
0.320000 0.000000
0.320000 0.000000
0.320000 0.000000
0.320000 0.000000
0.320000 0.000000
0.320000 0.000000
0.320000 0.000000
0.320000 0.000000
0.320000 0.000000
0.320000 0.000000
0.320000 0.000000
0.320000 0.000000
0.320000 0.000000
0.320000 0.000000
0.320000 0.000000
0.320000 0.000000
0.320000 0.000000
0.320000 0.000000
0.320000 0.000000
0.320000 0.000000
0.320000 0.000000
0.320000 0.000000
0.320000 0.000000
0.320000 0.000000
0.320000 0.000000
0.320000 0.000000
0.320000 0.000000
0.426667 0.000000
0.568889 0.000000
0.758519 0.000000
1.011358 0.000000
1.348477 0.000000
1.797970 0.000000
2.397293 0.000000
3.196391 0.000000
4.261854 0.000000
5.682473 0.000000
7.576630 0.000000
10.102174 0.000000
13.469564 0.000000
17.959419 0.000000
23.945892 0.000000
31.927856 0.000000
42.570477 0.000000
56.760635 0.000000
75.680847 0.000000
100.907791 0.000000
134.543732 0.000000
179.391632 0.000000
239.188843 0.000000
318.918457 0.000000
425.224609 0.000000
566.966125 0.000000
755.954895 0.000000
1007.939819 0.000000
1343.919800 0.000000
1791.893066 0.000000
2389.190674 0.000000
3185.587646 0.000000
4247.450195 0.000000
5663.266602 0.000000
7551.022461 0.000000
10068.030273 0.000000
13424.040039 0.000000
17898.720703 0.000000
23864.958984 0.000000
31819.947266 0.000000
42426.593750 0.000000
56568.792969 0.000000
75425.054688 0.000000
100566.742188 0.000000
134088.984375 0.000000
178785.328125 0.000000
238380.437500 0.000000
317840.562500 0.000000
423787.437500 0.000000
565049.937500 0.000000
753399.875000 0.000000
1004533.187500 0.000000
1339377.500000 0.000000
1785836.750000 0.000000
2381115.750000 0.000000
3174821.000000 0.000000
4233094.500000 0.000000
5644126.000000 0.000000
7525501.500000 0.000000
10034002.000000 0.000000
13378669.000000 0.000000
17838226.000000 0.000000
23784300.000000 0.000000
31712400.000000 0.000000
42283200.000000 0.000000
56377600.000000 0.000000
75170136.000000 0.000000
100226848.000000 0.000000
133635792.000000 0.000000
178181056.000000 0.000000
237574752.000000 0.000000
316766336.000000 0.000000
422355104.000000 0.000000
563140160.000000 0.000000
750853504.000000 0.000000
1001138048.000000 0.000000
1334850688.000000 0.000000
1779800960.000000 0.000000
2373068032.000000 0.000000
3164090624.000000 0.000000
4218787328.000000 0.000000
5625050112.000000 0.000000
7500066304.000000 0.000000
10000089088.000000 0.000000
13333451776.000000 0.000000
17777936384.000000 0.000000
23703914496.000000 0.000000
31605219328.000000 0.000000
42140291072.000000 0.000000
56187056128.000000 0.000000
74916077568.000000 0.000000
99888095232.000000 0.000000
133184135168.000000 0.000000
177578835968.000000 0.000000
236771786752.000000 0.000000
315695726592.000000 0.000000
420927635456.000000 0.000000
561236803584.000000 0.000000
748315803648.000000 0.000000
997754339328.000000 0.000000
1330339119104.000000 0.000000
1773785579520.000000 0.000000
2365047439360.000000 0.000000
3153396498432.000000 0.000000
4204528664576.000000 0.000000
5606038044672.000000 0.000000
7474717917184.000000 0.000000
9966290206720.000000 0.000000
13288386592768.000000 0.000000
17717849489408.000000 0.000000
23623798620160.000000 0.000000
31498398859264.000000 0.000000
41997863747584.000000 0.000000
55997154459648.000000 0.000000
74662872612864.000000 0.000000
99550496817152.000000 0.000000
132733992960000.000000 0.000000
176978657280000.000000 0.000000
235971543040000.000000 0.000000
314628735238144.000000 0.000000
419504957947904.000000 0.000000
559339966300160.000000 0.000000
745786576994304.000000 0.000000
994382169767936.000000 0.000000
1325842848284672.000000 0.000000
1767790419640320.000000 0.000000
2357053892853760.000000 0.000000
3142738702761984.000000 0.000000
4190318270349312.000000 0.000000
5587091027132416.000000 0.000000
7449454344929280.000000 0.000000
9932605793239040.000000 0.000000
13243474748899328.000000 0.000000
17657966689779712.000000 0.000000
23543954154717184.000000 0.000000
31391939588784128.000000 0.000000
41855920883367936.000000 0.000000
55807894511157248.000000 0.000000
74410523151564800.000000 0.000000
99214036595376128.000000 0.000000
132285379263856640.000000 0.000000
176380511411765248.000000 0.000000
235174009489063936.000000 0.000000
313565323078926336.000000 0.000000
418087131798306816.000000 0.000000
557449474704670720.000000 0.000000
743266012085878784.000000 0.000000
991021303634853888.000000 0.000000
1321361738179805184.000000 0.000000
1761815650906406912.000000 0.000000
2349087626167844864.000000 0.000000
3132116651638521856.000000 0.000000
4176155718769967104.000000 0.000000
5568207808278560768.000000 0.000000
7424276894452809728.000000 0.000000
9899035126262661120.000000 0.000000
13198714601195175936.000000 0.000000
17598286134926901248.000000 0.000000
23464380780228116480.000000 0.000000
31285840307296403456.000000 0.000000
41714455209077374976.000000 0.000000
55619275078118670336.000000 0.000000
74159033437491560448.000000 0.000000
98878711249988747264.000000 0.000000
131838278734620655616.000000 0.000000
175784377510222888960.000000 0.000000
234379164149568503808.000000 0.000000
312505552199424671744.000000 0.000000
416674057871108866048.000000 0.000000
555565422222935851008.000000 0.000000
740753896297247801344.000000 0.000000
987671838273415675904.000000 0.000000
987671838273415675904.000000 0.000000
987671838273415675904.000000 0.000000
987671838273415675904.000000 0.000000
987671838273415675904.000000 0.000000
987671838273415675904.000000 0.000000
987671838273415675904.000000 0.000000
987671838273415675904.000000 0.000000
987671838273415675904.000000 0.000000
987671838273415675904.000000 0.000000
987671838273415675904.000000 0.000000
987671838273415675904.000000 0.000000
987671838273415675904.000000 0.000000
987671838273415675904.000000 0.000000
987671838273415675904.000000 0.000000
987671838273415675904.000000 0.000000
987671838273415675904.000000 0.000000
987671838273415675904.000000 0.000000
987671838273415675904.000000 0.000000
987671838273415675904.000000 0.000000
987671838273415675904.000000 0.000000
987671838273415675904.000000 0.000000
987671838273415675904.000000 0.000000
987671838273415675904.000000 0.000000
987671838273415675904.000000 0.000000
987671838273415675904.000000 0.000000
987671838273415675904.000000 0.000000
987671838273415675904.000000 0.000000
987671838273415675904.000000 0.000000
987671838273415675904.000000 0.000000
987671838273415675904.000000 0.000000
987671838273415675904.000000 0.000000
987671838273415675904.000000 0.000000
987671838273415675904.000000 0.000000
987671838273415675904.000000 0.000000
987671838273415675904.000000 0.000000
987671838273415675904.000000 0.000000
987671838273415675904.000000 0.000000
987671838273415675904.000000 0.000000
987671838273415675904.000000 0.000000
987671838273415675904.000000 0.000000
987671838273415675904.000000 0.000000
987671838273415675904.000000 0.000000
987671838273415675904.000000 0.000000
987671838273415675904.000000 0.000000
987671838273415675904.000000 0.000000
987671838273415675904.000000 0.000000
987671838273415675904.000000 0.000000
987671838273415675904.000000 0.000000
987671838273415675904.000000 0.000000
987671838273415675904.000000 0.000000
987671838273415675904.000000 0.000000
987671838273415675904.000000 0.000000
987671838273415675904.000000 0.000000
987671838273415675904.000000 0.000000
987671838273415675904.000000 0.000000
987671838273415675904.000000 0.000000
987671838273415675904.000000 0.000000
987671838273415675904.000000 0.000000
987671838273415675904.000000 0.000000
987671838273415675904.000000 0.000000
987671838273415675904.000000 0.000000
987671838273415675904.000000 0.000000
987671838273415675904.000000 0.000000
987671838273415675904.000000 0.000000
987671838273415675904.000000 0.000000
987671838273415675904.000000 0.000000
987671838273415675904.000000 0.000000
987671838273415675904.000000 0.000000
987671838273415675904.000000 0.000000
987671838273415675904.000000 0.000000
987671838273415675904.000000 0.000000
987671838273415675904.000000 0.000000
987671838273415675904.000000 0.000000
987671838273415675904.000000 0.000000
987671838273415675904.000000 0.000000
987671838273415675904.000000 0.000000
987671838273415675904.000000 0.000000
987671838273415675904.000000 0.000000
987671838273415675904.000000 0.000000
987671838273415675904.000000 0.000000
987671838273415675904.000000 0.000000
987671838273415675904.000000 0.000000
987671838273415675904.000000 0.000000
987671838273415675904.000000 0.000000
987671838273415675904.000000 0.000000
987671838273415675904.000000 0.000000
987671838273415675904.000000 0.000000
987671838273415675904.000000 0.000000
987671838273415675904.000000 0.000000
987671838273415675904.000000 0.000000
987671838273415675904.000000 0.000000
987671838273415675904.000000 0.000000
987671838273415675904.000000 0.000000
987671838273415675904.000000 0.000000
987671838273415675904.000000 0.000000
987671838273415675904.000000 0.000000
987671838273415675904.000000 0.000000
987671838273415675904.000000 0.000000
987671838273415675904.000000 0.000000
987671838273415675904.000000 0.000000
987671838273415675904.000000 0.000000
987671838273415675904.000000 0.000000
987671838273415675904.000000 0.000000
987671838273415675904.000000 0.000000
987671838273415675904.000000 0.000000
987671838273415675904.000000 0.000000
987671838273415675904.000000 0.000000
987671838273415675904.000000 0.000000
987671838273415675904.000000 0.000000
987671838273415675904.000000 0.000000
987671838273415675904.000000 0.000000
987671838273415675904.000000 0.000000
987671838273415675904.000000 0.000000
987671838273415675904.000000 0.000000
987671838273415675904.000000 0.000000
987671838273415675904.000000 0.000000
987671838273415675904.000000 0.000000
987671838273415675904.000000 0.000000
987671838273415675904.000000 0.000000
987671838273415675904.000000 0.000000
987671838273415675904.000000 0.000000
987671838273415675904.000000 0.000000
987671838273415675904.000000 0.000000
987671838273415675904.000000 0.000000
987671838273415675904.000000 0.000000
987671838273415675904.000000 0.000000
987671838273415675904.000000 0.000000
987671838273415675904.000000 0.000000
987671838273415675904.000000 0.000000
987671838273415675904.000000 0.000000
987671838273415675904.000000 0.000000
987671838273415675904.000000 0.000000
987671838273415675904.000000 0.000000
987671838273415675904.000000 0.000000
987671838273415675904.000000 0.000000
987671838273415675904.000000 0.000000
987671838273415675904.000000 0.000000
987671838273415675904.000000 0.000000
987671838273415675904.000000 0.000000
987671838273415675904.000000 0.000000
987671838273415675904.000000 0.000000
987671838273415675904.000000 0.000000
987671838273415675904.000000 0.000000
987671838273415675904.000000 0.000000
987671838273415675904.000000 0.000000
987671838273415675904.000000 0.000000
987671838273415675904.000000 0.000000
987671838273415675904.000000 0.000000
987671838273415675904.000000 0.000000
987671838273415675904.000000 0.000000
987671838273415675904.000000 0.000000
987671838273415675904.000000 0.000000
987671838273415675904.000000 0.000000
987671838273415675904.000000 0.000000
987671838273415675904.000000 0.000000
987671838273415675904.000000 0.000000
987671838273415675904.000000 0.000000
987671838273415675904.000000 0.000000
987671838273415675904.000000 0.000000
987671838273415675904.000000 0.000000
987671838273415675904.000000 0.000000
987671838273415675904.000000 0.000000
987671838273415675904.000000 0.000000
987671838273415675904.000000 0.000000
987671838273415675904.000000 0.000000
987671838273415675904.000000 0.000000
987671838273415675904.000000 0.000000
987671838273415675904.000000 0.000000
987671838273415675904.000000 0.000000
987671838273415675904.000000 0.000000
987671838273415675904.000000 0.000000
987671838273415675904.000000 0.000000
987671838273415675904.000000 0.000000
987671838273415675904.000000 0.000000
987671838273415675904.000000 0.000000
987671838273415675904.000000 0.000000
987671838273415675904.000000 0.000000
987671838273415675904.000000 0.000000
987671838273415675904.000000 0.000000
987671838273415675904.000000 0.000000
987671838273415675904.000000 0.000000
987671838273415675904.000000 0.000000
987671838273415675904.000000 0.000000
987671838273415675904.000000 0.000000
987671838273415675904.000000 0.000000
987671838273415675904.000000 0.000000
987671838273415675904.000000 0.000000
987671838273415675904.000000 0.000000
987671838273415675904.000000 0.000000
987671838273415675904.000000 0.000000
987671838273415675904.000000 0.000000
987671838273415675904.000000 0.000000
987671838273415675904.000000 0.000000
987671838273415675904.000000 0.000000
987671838273415675904.000000 0.000000
987671838273415675904.000000 0.000000
987671838273415675904.000000 0.000000
987671838273415675904.000000 0.000000
987671838273415675904.000000 0.000000
987671838273415675904.000000 0.000000
987671838273415675904.000000 0.000000
987671838273415675904.000000 0.000000
987671838273415675904.000000 0.000000
987671838273415675904.000000 0.000000
987671838273415675904.000000 0.000000
987671838273415675904.000000 0.000000
987671838273415675904.000000 0.000000
987671838273415675904.000000 0.000000
987671838273415675904.000000 0.000000
987671838273415675904.000000 0.000000
987671838273415675904.000000 0.000000
987671838273415675904.000000 0.000000
987671838273415675904.000000 0.000000
987671838273415675904.000000 0.000000
987671838273415675904.000000 0.000000
987671838273415675904.000000 0.000000
987671838273415675904.000000 0.000000
987671838273415675904.000000 0.000000
987671838273415675904.000000 0.000000
987671838273415675904.000000 0.000000
987671838273415675904.000000 0.000000
987671838273415675904.000000 0.000000
987671838273415675904.000000 0.000000
987671838273415675904.000000 0.000000
987671838273415675904.000000 0.000000
987671838273415675904.000000 0.000000
987671838273415675904.000000 0.000000
987671838273415675904.000000 0.000000
987671838273415675904.000000 0.000000
987671838273415675904.000000 0.000000
987671838273415675904.000000 0.000000
987671838273415675904.000000 0.000000
987671838273415675904.000000 0.000000
987671838273415675904.000000 0.000000
987671838273415675904.000000 0.000000
987671838273415675904.000000 0.000000
987671838273415675904.000000 0.000000
987671838273415675904.000000 0.000000
987671838273415675904.000000 0.000000
987671838273415675904.000000 0.000000
987671838273415675904.000000 0.000000
987671838273415675904.000000 0.000000
987671838273415675904.000000 0.000000
987671838273415675904.000000 0.000000
987671838273415675904.000000 0.000000
987671838273415675904.000000 0.000000
987671838273415675904.000000 0.000000
987671838273415675904.000000 0.000000
987671838273415675904.000000 0.000000
987671838273415675904.000000 0.000000
987671838273415675904.000000 0.000000
987671838273415675904.000000 0.000000
987671838273415675904.000000 0.000000
987671838273415675904.000000 0.000000
987671838273415675904.000000 0.000000
987671838273415675904.000000 0.000000
987671838273415675904.000000 0.000000
987671838273415675904.000000 0.000000
987671838273415675904.000000 0.000000
987671838273415675904.000000 0.000000
987671838273415675904.000000 0.000000
987671838273415675904.000000 0.000000
987671838273415675904.000000 0.000000
987671838273415675904.000000 0.000000
987671838273415675904.000000 0.000000
987671838273415675904.000000 0.000000
987671838273415675904.000000 0.000000
987671838273415675904.000000 0.000000
987671838273415675904.000000 0.000000
987671838273415675904.000000 0.000000
987671838273415675904.000000 0.000000
987671838273415675904.000000 0.000000
987671838273415675904.000000 0.000000
987671838273415675904.000000 0.000000
987671838273415675904.000000 0.000000
987671838273415675904.000000 0.000000
987671838273415675904.000000 0.000000
987671838273415675904.000000 0.000000
987671838273415675904.000000 0.000000
987671838273415675904.000000 0.000000
987671838273415675904.000000 0.000000
987671838273415675904.000000 0.000000
987671838273415675904.000000 0.000000
987671838273415675904.000000 0.000000
987671838273415675904.000000 0.000000
987671838273415675904.000000 0.000000
987671838273415675904.000000 0.000000
987671838273415675904.000000 0.000000
987671838273415675904.000000 0.000000
987671838273415675904.000000 0.000000
987671838273415675904.000000 0.000000
987671838273415675904.000000 0.000000
987671838273415675904.000000 0.000000
987671838273415675904.000000 0.000000
987671838273415675904.000000 0.000000
987671838273415675904.000000 0.000000
987671838273415675904.000000 0.000000
987671838273415675904.000000 0.000000
987671838273415675904.000000 0.000000
987671838273415675904.000000 0.000000
987671838273415675904.000000 0.000000
987671838273415675904.000000 0.000000
987671838273415675904.000000 0.000000
987671838273415675904.000000 0.000000
987671838273415675904.000000 0.000000
987671838273415675904.000000 0.000000
987671838273415675904.000000 0.000000
987671838273415675904.000000 0.000000
987671838273415675904.000000 0.000000
987671838273415675904.000000 0.000000
987671838273415675904.000000 0.000000
987671838273415675904.000000 0.000000
987671838273415675904.000000 0.000000
987671838273415675904.000000 0.000000
987671838273415675904.000000 0.000000
987671838273415675904.000000 0.000000
987671838273415675904.000000 0.000000
987671838273415675904.000000 0.000000
987671838273415675904.000000 0.000000
987671838273415675904.000000 0.000000
987671838273415675904.000000 0.000000
987671838273415675904.000000 0.000000
987671838273415675904.000000 0.000000
987671838273415675904.000000 0.000000
987671838273415675904.000000 0.000000
987671838273415675904.000000 0.000000
987671838273415675904.000000 0.000000
987671838273415675904.000000 0.000000
987671838273415675904.000000 0.000000
987671838273415675904.000000 0.000000
987671838273415675904.000000 0.000000
987671838273415675904.000000 0.000000
987671838273415675904.000000 0.000000
987671838273415675904.000000 0.000000
987671838273415675904.000000 0.000000
987671838273415675904.000000 0.000000
987671838273415675904.000000 0.000000
987671838273415675904.000000 0.000000
987671838273415675904.000000 0.000000
987671838273415675904.000000 0.000000
987671838273415675904.000000 0.000000
987671838273415675904.000000 0.000000
987671838273415675904.000000 0.000000
987671838273415675904.000000 0.000000
987671838273415675904.000000 0.000000
987671838273415675904.000000 0.000000
987671838273415675904.000000 0.000000
987671838273415675904.000000 0.000000
987671838273415675904.000000 0.000000
987671838273415675904.000000 0.000000
987671838273415675904.000000 0.000000
987671838273415675904.000000 0.000000
987671838273415675904.000000 0.000000
987671838273415675904.000000 0.000000
987671838273415675904.000000 0.000000
987671838273415675904.000000 0.000000
987671838273415675904.000000 0.000000
987671838273415675904.000000 0.000000
987671838273415675904.000000 0.000000
987671838273415675904.000000 0.000000
987671838273415675904.000000 0.000000
987671838273415675904.000000 0.000000
987671838273415675904.000000 0.000000
987671838273415675904.000000 0.000000
987671838273415675904.000000 0.000000
987671838273415675904.000000 0.000000
987671838273415675904.000000 0.000000
987671838273415675904.000000 0.000000
987671838273415675904.000000 0.000000
987671838273415675904.000000 0.000000
987671838273415675904.000000 0.000000
987671838273415675904.000000 0.000000
987671838273415675904.000000 0.000000
987671838273415675904.000000 0.000000
987671838273415675904.000000 0.000000
987671838273415675904.000000 0.000000
987671838273415675904.000000 0.000000
987671838273415675904.000000 0.000000
987671838273415675904.000000 0.000000
987671838273415675904.000000 0.000000
987671838273415675904.000000 0.000000
987671838273415675904.000000 0.000000
987671838273415675904.000000 0.000000
987671838273415675904.000000 0.000000
987671838273415675904.000000 0.000000
987671838273415675904.000000 0.000000
987671838273415675904.000000 0.000000
987671838273415675904.000000 0.000000
987671838273415675904.000000 0.000000
987671838273415675904.000000 0.000000
987671838273415675904.000000 0.000000
987671838273415675904.000000 0.000000
987671838273415675904.000000 0.000000
987671838273415675904.000000 0.000000
987671838273415675904.000000 0.000000
987671838273415675904.000000 0.000000
987671838273415675904.000000 0.000000
987671838273415675904.000000 0.000000
987671838273415675904.000000 0.000000
987671838273415675904.000000 0.000000
987671838273415675904.000000 0.000000
987671838273415675904.000000 0.000000
987671838273415675904.000000 0.000000
987671838273415675904.000000 0.000000
987671838273415675904.000000 0.000000
987671838273415675904.000000 0.000000
987671838273415675904.000000 0.000000
987671838273415675904.000000 0.000000
987671838273415675904.000000 0.000000
987671838273415675904.000000 0.000000
987671838273415675904.000000 0.000000
987671838273415675904.000000 0.000000
987671838273415675904.000000 0.000000
987671838273415675904.000000 0.000000
987671838273415675904.000000 0.000000
987671838273415675904.000000 0.000000
987671838273415675904.000000 0.000000
987671838273415675904.000000 0.000000
987671838273415675904.000000 0.000000
987671838273415675904.000000 0.000000
987671838273415675904.000000 0.000000
987671838273415675904.000000 0.000000
987671838273415675904.000000 0.000000
987671838273415675904.000000 0.000000
987671838273415675904.000000 0.000000
987671838273415675904.000000 0.000000
987671838273415675904.000000 0.000000
987671838273415675904.000000 0.000000
987671838273415675904.000000 0.000000
987671838273415675904.000000 0.000000
987671838273415675904.000000 0.000000
987671838273415675904.000000 0.000000
987671838273415675904.000000 0.000000
987671838273415675904.000000 0.000000
987671838273415675904.000000 0.000000
987671838273415675904.000000 0.000000
987671838273415675904.000000 0.000000
987671838273415675904.000000 0.000000
987671838273415675904.000000 0.000000
987671838273415675904.000000 0.000000
987671838273415675904.000000 0.000000
987671838273415675904.000000 0.000000
987671838273415675904.000000 0.000000
987671838273415675904.000000 0.000000
987671838273415675904.000000 0.000000
987671838273415675904.000000 0.000000
987671838273415675904.000000 0.000000
987671838273415675904.000000 0.000000
987671838273415675904.000000 0.000000
987671838273415675904.000000 0.000000
987671838273415675904.000000 0.000000
987671838273415675904.000000 0.000000
987671838273415675904.000000 0.000000
987671838273415675904.000000 0.000000
987671838273415675904.000000 0.000000
987671838273415675904.000000 0.000000
987671838273415675904.000000 0.000000
987671838273415675904.000000 0.000000
987671838273415675904.000000 0.000000
987671838273415675904.000000 0.000000
987671838273415675904.000000 0.000000
987671838273415675904.000000 0.000000
987671838273415675904.000000 0.000000
987671838273415675904.000000 0.000000
987671838273415675904.000000 0.000000
987671838273415675904.000000 0.000000
987671838273415675904.000000 0.000000
987671838273415675904.000000 0.000000
987671838273415675904.000000 0.000000
987671838273415675904.000000 0.000000
987671838273415675904.000000 0.000000
987671838273415675904.000000 0.000000
987671838273415675904.000000 0.000000
987671838273415675904.000000 0.000000
987671838273415675904.000000 0.000000
987671838273415675904.000000 0.000000
987671838273415675904.000000 0.000000
987671838273415675904.000000 0.000000
987671838273415675904.000000 0.000000
987671838273415675904.000000 0.000000
987671838273415675904.000000 0.000000
987671838273415675904.000000 0.000000
987671838273415675904.000000 0.000000
987671838273415675904.000000 0.000000
987671838273415675904.000000 0.000000
987671838273415675904.000000 0.000000
987671838273415675904.000000 0.000000
987671838273415675904.000000 0.000000
987671838273415675904.000000 0.000000
987671838273415675904.000000 0.000000
987671838273415675904.000000 0.000000
987671838273415675904.000000 0.000000
987671838273415675904.000000 0.000000
987671838273415675904.000000 0.000000
987671838273415675904.000000 0.000000
987671838273415675904.000000 0.000000
987671838273415675904.000000 0.000000
987671838273415675904.000000 0.000000
987671838273415675904.000000 0.000000
987671838273415675904.000000 0.000000
987671838273415675904.000000 0.000000
987671838273415675904.000000 0.000000
987671838273415675904.000000 0.000000
987671838273415675904.000000 0.000000
987671838273415675904.000000 0.000000
987671838273415675904.000000 0.000000
987671838273415675904.000000 0.000000
987671838273415675904.000000 0.000000
987671838273415675904.000000 0.000000
987671838273415675904.000000 0.000000
987671838273415675904.000000 0.000000
987671838273415675904.000000 0.000000
987671838273415675904.000000 0.000000
987671838273415675904.000000 0.000000
987671838273415675904.000000 0.000000
987671838273415675904.000000 0.000000
987671838273415675904.000000 0.000000
987671838273415675904.000000 0.000000
987671838273415675904.000000 0.000000
987671838273415675904.000000 0.000000
987671838273415675904.000000 0.000000
987671838273415675904.000000 0.000000
987671838273415675904.000000 0.000000
987671838273415675904.000000 0.000000
987671838273415675904.000000 0.000000
987671838273415675904.000000 0.000000
987671838273415675904.000000 0.000000
987671838273415675904.000000 0.000000
987671838273415675904.000000 0.000000
987671838273415675904.000000 0.000000
987671838273415675904.000000 0.000000
987671838273415675904.000000 0.000000
987671838273415675904.000000 0.000000
987671838273415675904.000000 0.000000
987671838273415675904.000000 0.000000
987671838273415675904.000000 0.000000
987671838273415675904.000000 0.000000
987671838273415675904.000000 0.000000
987671838273415675904.000000 0.000000
987671838273415675904.000000 0.000000
987671838273415675904.000000 0.000000
987671838273415675904.000000 0.000000
987671838273415675904.000000 0.000000
987671838273415675904.000000 0.000000
987671838273415675904.000000 0.000000
987671838273415675904.000000 0.000000
987671838273415675904.000000 0.000000
987671838273415675904.000000 0.000000
987671838273415675904.000000 0.000000
987671838273415675904.000000 0.000000
987671838273415675904.000000 0.000000
987671838273415675904.000000 0.000000
987671838273415675904.000000 0.000000
987671838273415675904.000000 0.000000
987671838273415675904.000000 0.000000
987671838273415675904.000000 0.000000
987671838273415675904.000000 0.000000
987671838273415675904.000000 0.000000
987671838273415675904.000000 0.000000
987671838273415675904.000000 0.000000
987671838273415675904.000000 0.000000
987671838273415675904.000000 0.000000
987671838273415675904.000000 0.000000
987671838273415675904.000000 0.000000
987671838273415675904.000000 0.000000
987671838273415675904.000000 0.000000
987671838273415675904.000000 0.000000
987671838273415675904.000000 0.000000
987671838273415675904.000000 0.000000
987671838273415675904.000000 0.000000
987671838273415675904.000000 0.000000
987671838273415675904.000000 0.000000
987671838273415675904.000000 0.000000
987671838273415675904.000000 0.000000
987671838273415675904.000000 0.000000
987671838273415675904.000000 0.000000
987671838273415675904.000000 0.000000
987671838273415675904.000000 0.000000
987671838273415675904.000000 0.000000
987671838273415675904.000000 0.000000
987671838273415675904.000000 0.000000
987671838273415675904.000000 0.000000
987671838273415675904.000000 0.000000
987671838273415675904.000000 0.000000
987671838273415675904.000000 0.000000
987671838273415675904.000000 0.000000
987671838273415675904.000000 0.000000
987671838273415675904.000000 0.000000
987671838273415675904.000000 0.000000
987671838273415675904.000000 0.000000
987671838273415675904.000000 0.000000
987671838273415675904.000000 0.000000
987671838273415675904.000000 0.000000
987671838273415675904.000000 0.000000
987671838273415675904.000000 0.000000
987671838273415675904.000000 0.000000
987671838273415675904.000000 0.000000
987671838273415675904.000000 0.000000
987671838273415675904.000000 0.000000
987671838273415675904.000000 0.000000
987671838273415675904.000000 0.000000
987671838273415675904.000000 0.000000
987671838273415675904.000000 0.000000
987671838273415675904.000000 0.000000
987671838273415675904.000000 0.000000
987671838273415675904.000000 0.000000
987671838273415675904.000000 0.000000
987671838273415675904.000000 0.000000
987671838273415675904.000000 0.000000
987671838273415675904.000000 0.000000
987671838273415675904.000000 0.000000
987671838273415675904.000000 0.000000
987671838273415675904.000000 0.000000
987671838273415675904.000000 0.000000
987671838273415675904.000000 0.000000
987671838273415675904.000000 0.000000
987671838273415675904.000000 0.000000
987671838273415675904.000000 0.000000
987671838273415675904.000000 0.000000
987671838273415675904.000000 0.000000
987671838273415675904.000000 0.000000
987671838273415675904.000000 0.000000
987671838273415675904.000000 0.000000
987671838273415675904.000000 0.000000
987671838273415675904.000000 0.000000
987671838273415675904.000000 0.000000
987671838273415675904.000000 0.000000
987671838273415675904.000000 0.000000
987671838273415675904.000000 0.000000
987671838273415675904.000000 0.000000
987671838273415675904.000000 0.000000
987671838273415675904.000000 0.000000
987671838273415675904.000000 0.000000
987671838273415675904.000000 0.000000
987671838273415675904.000000 0.000000
987671838273415675904.000000 0.000000
987671838273415675904.000000 0.000000
987671838273415675904.000000 0.000000
987671838273415675904.000000 0.000000
987671838273415675904.000000 0.000000
987671838273415675904.000000 0.000000
987671838273415675904.000000 0.000000
987671838273415675904.000000 0.000000
987671838273415675904.000000 0.000000
987671838273415675904.000000 0.000000
987671838273415675904.000000 0.000000
987671838273415675904.000000 0.000000
987671838273415675904.000000 0.000000
987671838273415675904.000000 0.000000
987671838273415675904.000000 0.000000
987671838273415675904.000000 0.000000
987671838273415675904.000000 0.000000
987671838273415675904.000000 0.000000
987671838273415675904.000000 0.000000
987671838273415675904.000000 0.000000
987671838273415675904.000000 0.000000
987671838273415675904.000000 0.000000
987671838273415675904.000000 0.000000
987671838273415675904.000000 0.000000
987671838273415675904.000000 0.000000
987671838273415675904.000000 0.000000
987671838273415675904.000000 0.000000
987671838273415675904.000000 0.000000
987671838273415675904.000000 0.000000
987671838273415675904.000000 0.000000
987671838273415675904.000000 0.000000
987671838273415675904.000000 0.000000
987671838273415675904.000000 0.000000
987671838273415675904.000000 0.000000
987671838273415675904.000000 0.000000
987671838273415675904.000000 0.000000
987671838273415675904.000000 0.000000
987671838273415675904.000000 0.000000
987671838273415675904.000000 0.000000
987671838273415675904.000000 0.000000
987671838273415675904.000000 0.000000
987671838273415675904.000000 0.000000
987671838273415675904.000000 0.000000
987671838273415675904.000000 0.000000
987671838273415675904.000000 0.000000
987671838273415675904.000000 0.000000
987671838273415675904.000000 0.000000
987671838273415675904.000000 0.000000
987671838273415675904.000000 0.000000
987671838273415675904.000000 0.000000
987671838273415675904.000000 0.000000
987671838273415675904.000000 0.000000
987671838273415675904.000000 0.000000
987671838273415675904.000000 0.000000
987671838273415675904.000000 0.000000
987671838273415675904.000000 0.000000
987671838273415675904.000000 0.000000
987671838273415675904.000000 0.000000
987671838273415675904.000000 0.000000
987671838273415675904.000000 0.000000
987671838273415675904.000000 0.000000
987671838273415675904.000000 0.000000
987671838273415675904.000000 0.000000
987671838273415675904.000000 0.000000
987671838273415675904.000000 0.000000
987671838273415675904.000000 0.000000
987671838273415675904.000000 0.000000
987671838273415675904.000000 0.000000
987671838273415675904.000000 0.000000
987671838273415675904.000000 0.000000
987671838273415675904.000000 0.000000
987671838273415675904.000000 0.000000
987671838273415675904.000000 0.000000
987671838273415675904.000000 0.000000
987671838273415675904.000000 0.000000
987671838273415675904.000000 0.000000
987671838273415675904.000000 0.000000
987671838273415675904.000000 0.000000
987671838273415675904.000000 0.000000
987671838273415675904.000000 0.000000
987671838273415675904.000000 0.000000
987671838273415675904.000000 0.000000
987671838273415675904.000000 0.000000
987671838273415675904.000000 0.000000
987671838273415675904.000000 0.000000
987671838273415675904.000000 0.000000
987671838273415675904.000000 0.000000
987671838273415675904.000000 0.000000
987671838273415675904.000000 0.000000
987671838273415675904.000000 0.000000
987671838273415675904.000000 0.000000
987671838273415675904.000000 0.000000
987671838273415675904.000000 0.000000
987671838273415675904.000000 0.000000
987671838273415675904.000000 0.000000
987671838273415675904.000000 0.000000
987671838273415675904.000000 0.000000
987671838273415675904.000000 0.000000
987671838273415675904.000000 0.000000
987671838273415675904.000000 0.000000
987671838273415675904.000000 0.000000
987671838273415675904.000000 0.000000
987671838273415675904.000000 0.000000
987671838273415675904.000000 0.000000
987671838273415675904.000000 0.000000
987671838273415675904.000000 0.000000
987671838273415675904.000000 0.000000
987671838273415675904.000000 0.000000
987671838273415675904.000000 0.000000
987671838273415675904.000000 0.000000
987671838273415675904.000000 0.000000
987671838273415675904.000000 0.000000
987671838273415675904.000000 0.000000
987671838273415675904.000000 0.000000
987671838273415675904.000000 0.000000
987671838273415675904.000000 0.000000
987671838273415675904.000000 0.000000
987671838273415675904.000000 0.000000
658447868726029058048.000000 0.000000
438965257545476734976.000000 0.000000
292643516758441852928.000000 0.000000
195095671974899220480.000000 0.000000
130063781316599480320.000000 0.000000
86709184612368646144.000000 0.000000
57806124540927934464.000000 0.000000
38537416360618622976.000000 0.000000
25691610907079081984.000000 0.000000
17127741337727139840.000000 0.000000
11418494225151426560.000000 0.000000
7612329116930408448.000000 0.000000
5074886077953605632.000000 0.000000
3383257476928372736.000000 0.000000
2255505030431899648.000000 0.000000
1503669974474948608.000000 0.000000
1002446672556457984.000000 0.000000
668297735891320832.000000 0.000000
445531835380793344.000000 0.000000
297021246493687808.000000 0.000000
198014158602502144.000000 0.000000
132009436205023232.000000 0.000000
88006293666660352.000000 0.000000
58670859581128704.000000 0.000000
39113906387419136.000000 0.000000
26075938307440640.000000 0.000000
17383958513713152.000000 0.000000
11589305675808768.000000 0.000000
7726203783872512.000000 0.000000
5150802343624704.000000 0.000000
3433868497518592.000000 0.000000
2289245486055424.000000 0.000000
1526163746848768.000000 0.000000
1017442453159936.000000 0.000000
678294991142912.000000 0.000000
452196671946752.000000 0.000000
301464425594880.000000 0.000000
200976300507136.000000 0.000000
133984197541888.000000 0.000000
89322795565056.000000 0.000000
59548530376704.000000 0.000000
39699020251136.000000 0.000000
26466014199808.000000 0.000000
17644008767488.000000 0.000000
11762672861184.000000 0.000000
7841781907456.000000 0.000000
5227854430208.000000 0.000000
3485236461568.000000 0.000000
2323490799616.000000 0.000000
1548993953792.000000 0.000000
1032662614016.000000 0.000000
688441786368.000000 0.000000
458961158144.000000 0.000000
305974116352.000000 0.000000
305974116352.000000 0.000000
305974116352.000000 0.000000
305974116352.000000 0.000000
305974116352.000000 0.000000
305974116352.000000 0.000000
305974116352.000000 0.000000
305974116352.000000 0.000000
305974116352.000000 0.000000
305974116352.000000 0.000000
305974116352.000000 0.000000
305974116352.000000 0.000000
305974116352.000000 0.000000
305974116352.000000 0.000000
305974116352.000000 0.000000
305974116352.000000 0.000000
305974116352.000000 0.000000
305974116352.000000 0.000000
305974116352.000000 0.000000
305974116352.000000 0.000000
305974116352.000000 0.000000
305974116352.000000 0.000000
305974116352.000000 0.000000
305974116352.000000 0.000000
305974116352.000000 0.000000
305974116352.000000 0.000000
305974116352.000000 0.000000
305974116352.000000 0.000000
305974116352.000000 0.000000
305974116352.000000 0.000000
305974116352.000000 0.000000
305974116352.000000 0.000000
305974116352.000000 0.000000
305974116352.000000 0.000000
305974116352.000000 0.000000
305974116352.000000 0.000000
305974116352.000000 0.000000
305974116352.000000 0.000000
305974116352.000000 0.000000
305974116352.000000 0.000000
305974116352.000000 0.000000
305974116352.000000 0.000000
305974116352.000000 0.000000
305974116352.000000 0.000000
305974116352.000000 0.000000
305974116352.000000 0.000000
305974116352.000000 0.000000
305974116352.000000 0.000000
305974116352.000000 0.000000
305974116352.000000 0.000000
305974116352.000000 0.000000
305974116352.000000 0.000000
305974116352.000000 0.000000
305974116352.000000 0.000000
305974116352.000000 0.000000
305974116352.000000 0.000000
305974116352.000000 0.000000
305974116352.000000 0.000000
305974116352.000000 0.000000
305974116352.000000 0.000000
305974116352.000000 0.000000
305974116352.000000 0.000000
305974116352.000000 0.000000
305974116352.000000 0.000000
305974116352.000000 0.000000
305974116352.000000 0.000000
305974116352.000000 0.000000
305974116352.000000 0.000000
305974116352.000000 0.000000
305974116352.000000 0.000000
305974116352.000000 0.000000
305974116352.000000 0.000000
305974116352.000000 0.000000
305974116352.000000 0.000000
305974116352.000000 0.000000
305974116352.000000 0.000000
305974116352.000000 0.000000
305974116352.000000 0.000000
305974116352.000000 0.000000
305974116352.000000 0.000000
305974116352.000000 0.000000
305974116352.000000 0.000000
305974116352.000000 0.000000
305974116352.000000 0.000000
305974116352.000000 0.000000
305974116352.000000 0.000000
305974116352.000000 0.000000
305974116352.000000 0.000000
305974116352.000000 0.000000
305974116352.000000 0.000000
305974116352.000000 0.000000
305974116352.000000 0.000000
305974116352.000000 0.000000
305974116352.000000 0.000000
305974116352.000000 0.000000
305974116352.000000 0.000000
305974116352.000000 0.000000
305974116352.000000 0.000000
305974116352.000000 0.000000
305974116352.000000 0.000000
305974116352.000000 0.000000
305974116352.000000 0.000000
305974116352.000000 0.000000
305974116352.000000 0.000000
305974116352.000000 0.000000
305974116352.000000 0.000000
305974116352.000000 0.000000
305974116352.000000 0.000000
305974116352.000000 0.000000
305974116352.000000 0.000000
305974116352.000000 0.000000
305974116352.000000 0.000000
305974116352.000000 0.000000
305974116352.000000 0.000000
305974116352.000000 0.000000
305974116352.000000 0.000000
305974116352.000000 0.000000
203982749696.000000 0.000000
135988494336.000000 0.000000
90658996224.000000 0.000000
60439330816.000000 0.000000
40292888576.000000 0.000000
26861924352.000000 0.000000
17907949568.000000 0.000000
11938633728.000000 0.000000
7959088640.000000 0.000000
5306059264.000000 0.000000
3537372928.000000 0.000000
2358248448.000000 0.000000
1572165760.000000 0.000000
1048110464.000000 0.000000
698740288.000000 0.000000
465826880.000000 0.000000
310551264.000000 0.000000
207034160.000000 0.000000
138022784.000000 0.000000
92015184.000000 0.000000
61343456.000000 0.000000
40895636.000000 0.000000
27263758.000000 0.000000
18175840.000000 0.000000
12117226.000000 0.000000
8078150.500000 0.000000
5385434.000000 0.000000
3590289.250000 0.000000
2393526.250000 0.000000
1595684.125000 0.000000
1063789.375000 0.000000
709192.937500 0.000000
472795.281250 0.000000
315196.843750 0.000000
210131.234375 0.000000
140087.484375 0.000000
93391.664062 0.000000
62261.109375 0.000000
41507.406250 0.000000
27671.603516 0.000000
18447.736328 0.000000
12298.490234 0.000000
8198.993164 0.000000
5465.995605 0.000000
3643.997070 0.000000
2429.331543 0.000000
1619.554321 0.000000
1079.702881 0.000000
719.801880 0.000000
479.867950 0.000000
319.911957 0.000000
213.274643 0.000000
142.183090 0.000000
94.788727 0.000000
63.192486 0.000000
63.192486 0.000000
63.192486 0.000000
63.192486 0.000000
63.192486 0.000000
63.192486 0.000000
63.192486 0.000000
63.192486 0.000000
63.192486 0.000000
63.192486 0.000000
63.192486 0.000000
63.192486 0.000000
63.192486 0.000000
63.192486 0.000000
63.192486 0.000000
63.192486 0.000000
63.192486 0.000000
63.192486 0.000000
63.192486 0.000000
63.192486 0.000000
63.192486 0.000000
63.192486 0.000000
63.192486 0.000000
63.192486 0.000000
63.192486 0.000000
63.192486 0.000000
63.192486 0.000000
63.192486 0.000000
63.192486 0.000000
63.192486 0.000000
63.192486 0.000000
63.192486 0.000000
63.192486 0.000000
63.192486 0.000000
63.192486 0.000000
63.192486 0.000000
63.192486 0.000000
63.192486 0.000000
63.192486 0.000000
63.192486 0.000000
63.192486 0.000000
63.192486 0.000000
63.192486 0.000000
63.192486 0.000000
63.192486 0.000000
63.192486 0.000000
63.192486 0.000000
63.192486 0.000000
63.192486 0.000000
63.192486 0.000000
63.192486 0.000000
63.192486 0.000000
63.192486 0.000000
63.192486 0.000000
63.192486 0.000000
63.192486 0.000000
63.192486 0.000000
63.192486 0.000000
63.192486 0.000000
63.192486 0.000000
63.192486 0.000000
63.192486 0.000000
63.192486 0.000000
63.192486 0.000000
63.192486 0.000000
63.192486 0.000000
63.192486 0.000000
63.192486 0.000000
63.192486 0.000000
63.192486 0.000000
63.192486 0.000000
63.192486 0.000000
63.192486 0.000000
63.192486 0.000000
63.192486 0.000000
63.192486 0.000000
63.192486 0.000000
63.192486 0.000000
63.192486 0.000000
63.192486 0.000000
63.192486 0.000000
63.192486 0.000000
63.192486 0.000000
63.192486 0.000000
63.192486 0.000000
63.192486 0.000000
63.192486 0.000000
63.192486 0.000000
63.192486 0.000000
63.192486 0.000000
63.192486 0.000000
63.192486 0.000000
63.192486 0.000000
63.192486 0.000000
63.192486 0.000000
63.192486 0.000000
63.192486 0.000000
63.192486 0.000000
63.192486 0.000000
63.192486 0.000000
63.192486 0.000000
63.192486 0.000000
63.192486 0.000000
63.192486 0.000000
63.192486 0.000000
63.192486 0.000000
63.192486 0.000000
63.192486 0.000000
63.192486 0.000000
63.192486 0.000000
63.192486 0.000000
63.192486 0.000000
63.192486 0.000000
63.192486 0.000000
63.192486 0.000000
63.192486 0.000000
63.192486 0.000000
63.192486 0.000000
63.192486 0.000000
63.192486 0.000000
63.192486 0.000000
63.192486 0.000000
63.192486 0.000000
63.192486 0.000000
63.192486 0.000000
63.192486 0.000000
63.192486 0.000000
63.192486 0.000000
63.192486 0.000000
63.192486 0.000000
63.192486 0.000000
63.192486 0.000000
63.192486 0.000000
63.192486 0.000000
63.192486 0.000000
63.192486 0.000000
63.192486 0.000000
63.192486 0.000000
63.192486 0.000000
63.192486 0.000000
63.192486 0.000000
63.192486 0.000000
63.192486 0.000000
63.192486 0.000000
63.192486 0.000000
63.192486 0.000000
63.192486 0.000000
63.192486 0.000000
63.192486 0.000000
63.192486 0.000000
63.192486 0.000000
63.192486 0.000000
63.192486 0.000000
63.192486 0.000000
63.192486 0.000000
63.192486 0.000000
63.192486 0.000000
63.192486 0.000000
63.192486 0.000000
63.192486 0.000000
63.192486 0.000000
63.192486 0.000000
63.192486 0.000000
63.192486 0.000000
63.192486 0.000000
63.192486 0.000000
63.192486 0.000000
63.192486 0.000000
63.192486 0.000000
63.192486 0.000000
63.192486 0.000000
63.192486 0.000000
63.192486 0.000000
63.192486 0.000000
63.192486 0.000000
63.192486 0.000000
63.192486 0.000000
63.192486 0.000000
63.192486 0.000000
63.192486 0.000000
63.192486 0.000000
63.192486 0.000000
63.192486 0.000000
63.192486 0.000000
63.192486 0.000000
63.192486 0.000000
63.192486 0.000000
63.192486 0.000000
63.192486 0.000000
63.192486 0.000000
63.192486 0.000000
63.192486 0.000000
63.192486 0.000000
63.192486 0.000000
63.192486 0.000000
63.192486 0.000000
63.192486 0.000000
63.192486 0.000000
63.192486 0.000000
63.192486 0.000000
63.192486 0.000000
63.192486 0.000000
63.192486 0.000000
63.192486 0.000000
63.192486 0.000000
63.192486 0.000000
63.192486 0.000000
63.192486 0.000000
63.192486 0.000000
63.192486 0.000000
63.192486 0.000000
63.192486 0.000000
63.192486 0.000000
63.192486 0.000000
63.192486 0.000000
63.192486 0.000000
63.192486 0.000000
63.192486 0.000000
63.192486 0.000000
63.192486 0.000000
63.192486 0.000000
63.192486 0.000000
63.192486 0.000000
63.192486 0.000000
63.192486 0.000000
63.192486 0.000000
63.192486 0.000000
63.192486 0.000000
63.192486 0.000000
63.192486 0.000000
63.192486 0.000000
63.192486 0.000000
63.192486 0.000000
63.192486 0.000000
63.192486 0.000000
63.192486 0.000000
63.192486 0.000000
63.192486 0.000000
63.192486 0.000000
63.192486 0.000000
63.192486 0.000000
63.192486 0.000000
63.192486 0.000000
63.192486 0.000000
63.192486 0.000000
63.192486 0.000000
63.192486 0.000000
63.192486 0.000000
63.192486 0.000000
63.192486 0.000000
63.192486 0.000000
63.192486 0.000000
63.192486 0.000000
63.192486 0.000000
63.192486 0.000000
63.192486 0.000000
63.192486 0.000000
63.192486 0.000000
63.192486 0.000000
63.192486 0.000000
63.192486 0.000000
63.192486 0.000000
63.192486 0.000000
63.192486 0.000000
63.192486 0.000000
63.192486 0.000000
63.192486 0.000000
63.192486 0.000000
63.192486 0.000000
63.192486 0.000000
63.192486 0.000000
63.192486 0.000000
63.192486 0.000000
63.192486 0.000000
63.192486 0.000000
63.192486 0.000000
63.192486 0.000000
63.192486 0.000000
63.192486 0.000000
63.192486 0.000000
63.192486 0.000000
63.192486 0.000000
63.192486 0.000000
63.192486 0.000000
63.192486 0.000000
63.192486 0.000000
63.192486 0.000000
63.192486 0.000000
63.192486 0.000000
63.192486 0.000000
63.192486 0.000000
63.192486 0.000000
63.192486 0.000000
63.192486 0.000000
63.192486 0.000000
63.192486 0.000000
63.192486 0.000000
63.192486 0.000000
63.192486 0.000000
63.192486 0.000000
63.192486 0.000000
63.192486 0.000000
63.192486 0.000000
63.192486 0.000000
63.192486 0.000000
63.192486 0.000000
63.192486 0.000000
63.192486 0.000000
63.192486 0.000000
63.192486 0.000000
63.192486 0.000000
63.192486 0.000000
63.192486 0.000000
63.192486 0.000000
63.192486 0.000000
63.192486 0.000000
63.192486 0.000000
63.192486 0.000000
63.192486 0.000000
63.192486 0.000000
63.192486 0.000000
63.192486 0.000000
63.192486 0.000000
63.192486 0.000000
63.192486 0.000000
63.192486 0.000000
63.192486 0.000000
63.192486 0.000000
63.192486 0.000000
63.192486 0.000000
63.192486 0.000000
63.192486 0.000000
63.192486 0.000000
63.192486 0.000000
63.192486 0.000000
63.192486 0.000000
63.192486 0.000000
63.192486 0.000000
63.192486 0.000000
63.192486 0.000000
63.192486 0.000000
63.192486 0.000000
63.192486 0.000000
63.192486 0.000000
63.192486 0.000000
63.192486 0.000000
63.192486 0.000000
63.192486 0.000000
63.192486 0.000000
63.192486 0.000000
63.192486 0.000000
63.192486 0.000000
63.192486 0.000000
63.192486 0.000000
63.192486 0.000000
63.192486 0.000000
63.192486 0.000000
63.192486 0.000000
63.192486 0.000000
63.192486 0.000000
63.192486 0.000000
63.192486 0.000000
63.192486 0.000000
63.192486 0.000000
63.192486 0.000000
63.192486 0.000000
63.192486 0.000000
63.192486 0.000000
63.192486 0.000000
63.192486 0.000000
63.192486 0.000000
63.192486 0.000000
63.192486 0.000000
63.192486 0.000000
63.192486 0.000000
63.192486 0.000000
63.192486 0.000000
63.192486 0.000000
63.192486 0.000000
63.192486 0.000000
63.192486 0.000000
63.192486 0.000000
63.192486 0.000000
63.192486 0.000000
63.192486 0.000000
63.192486 0.000000
63.192486 0.000000
63.192486 0.000000
63.192486 0.000000
63.192486 0.000000
63.192486 0.000000
63.192486 0.000000
63.192486 0.000000
63.192486 0.000000
63.192486 0.000000
63.192486 0.000000
63.192486 0.000000
63.192486 0.000000
63.192486 0.000000
63.192486 0.000000
63.192486 0.000000
63.192486 0.000000
63.192486 0.000000
63.192486 0.000000
63.192486 0.000000
63.192486 0.000000
63.192486 0.000000
63.192486 0.000000
63.192486 0.000000
63.192486 0.000000
63.192486 0.000000
63.192486 0.000000
63.192486 0.000000
63.192486 0.000000
63.192486 0.000000
63.192486 0.000000
63.192486 0.000000
63.192486 0.000000
63.192486 0.000000
63.192486 0.000000
63.192486 0.000000
63.192486 0.000000
63.192486 0.000000
63.192486 0.000000
63.192486 0.000000
63.192486 0.000000
63.192486 0.000000
63.192486 0.000000
63.192486 0.000000
63.192486 0.000000
63.192486 0.000000
63.192486 0.000000
63.192486 0.000000
63.192486 0.000000
63.192486 0.000000
63.192486 0.000000
63.192486 0.000000
63.192486 0.000000
63.192486 0.000000
63.192486 0.000000
63.192486 0.000000
63.192486 0.000000
63.192486 0.000000
63.192486 0.000000
63.192486 0.000000
63.192486 0.000000
63.192486 0.000000
63.192486 0.000000
63.192486 0.000000
63.192486 0.000000
63.192486 0.000000
63.192486 0.000000
63.192486 0.000000
63.192486 0.000000
63.192486 0.000000
63.192486 0.000000
63.192486 0.000000
63.192486 0.000000
63.192486 0.000000
63.192486 0.000000
63.192486 0.000000
63.192486 0.000000
63.192486 0.000000
63.192486 0.000000
63.192486 0.000000
63.192486 0.000000
63.192486 0.000000
63.192486 0.000000
63.192486 0.000000
63.192486 0.000000
63.192486 0.000000
63.192486 0.000000
63.192486 0.000000
63.192486 0.000000
63.192486 0.000000
63.192486 0.000000
63.192486 0.000000
63.192486 0.000000
63.192486 0.000000
63.192486 0.000000
63.192486 0.000000
63.192486 0.000000
63.192486 0.000000
63.192486 0.000000
63.192486 0.000000
63.192486 0.000000
63.192486 0.000000
63.192486 0.000000
63.192486 0.000000
63.192486 0.000000
63.192486 0.000000
63.192486 0.000000
63.192486 0.000000
63.192486 0.000000
63.192486 0.000000
63.192486 0.000000
63.192486 0.000000
63.192486 0.000000
63.192486 0.000000
63.192486 0.000000
63.192486 0.000000
63.192486 0.000000
63.192486 0.000000
63.192486 0.000000
63.192486 0.000000
63.192486 0.000000
63.192486 0.000000
63.192486 0.000000
63.192486 0.000000
63.192486 0.000000
63.192486 0.000000
63.192486 0.000000
63.192486 0.000000
63.192486 0.000000
63.192486 0.000000
63.192486 0.000000
63.192486 0.000000
63.192486 0.000000
63.192486 0.000000
63.192486 0.000000
63.192486 0.000000
63.192486 0.000000
63.192486 0.000000
63.192486 0.000000
63.192486 0.000000
63.192486 0.000000
63.192486 0.000000
63.192486 0.000000
63.192486 0.000000
63.192486 0.000000
63.192486 0.000000
63.192486 0.000000
63.192486 0.000000
63.192486 0.000000
63.192486 0.000000
63.192486 0.000000
63.192486 0.000000
63.192486 0.000000
63.192486 0.000000
63.192486 0.000000
63.192486 0.000000
63.192486 0.000000
63.192486 0.000000
63.192486 0.000000
63.192486 0.000000
63.192486 0.000000
63.192486 0.000000
63.192486 0.000000
63.192486 0.000000
63.192486 0.000000
63.192486 0.000000
63.192486 0.000000
63.192486 0.000000
63.192486 0.000000
63.192486 0.000000
63.192486 0.000000
63.192486 0.000000
63.192486 0.000000
63.192486 0.000000
63.192486 0.000000
63.192486 0.000000
63.192486 0.000000
63.192486 0.000000
63.192486 0.000000
63.192486 0.000000
63.192486 0.000000
63.192486 0.000000
63.192486 0.000000
63.192486 0.000000
63.192486 0.000000
63.192486 0.000000
63.192486 0.000000
63.192486 0.000000
63.192486 0.000000
63.192486 0.000000
63.192486 0.000000
63.192486 0.000000
63.192486 0.000000
63.192486 0.000000
63.192486 0.000000
63.192486 0.000000
63.192486 0.000000
63.192486 0.000000
63.192486 0.000000
63.192486 0.000000
63.192486 0.000000
63.192486 0.000000
63.192486 0.000000
63.192486 0.000000
63.192486 0.000000
63.192486 0.000000
63.192486 0.000000
63.192486 0.000000
63.192486 0.000000
63.192486 0.000000
63.192486 0.000000
63.192486 0.000000
63.192486 0.000000
63.192486 0.000000
63.192486 0.000000
63.192486 0.000000
63.192486 0.000000
63.192486 0.000000
63.192486 0.000000
63.192486 0.000000
63.192486 0.000000
63.192486 0.000000
63.192486 0.000000
63.192486 0.000000
63.192486 0.000000
63.192486 0.000000
63.192486 0.000000
63.192486 0.000000
63.192486 0.000000
63.192486 0.000000
63.192486 0.000000
63.192486 0.000000
63.192486 0.000000
63.192486 0.000000
63.192486 0.000000
63.192486 0.000000
63.192486 0.000000
63.192486 0.000000
63.192486 0.000000
63.192486 0.000000
63.192486 0.000000
63.192486 0.000000
63.192486 0.000000
63.192486 0.000000
63.192486 0.000000
63.192486 0.000000
63.192486 0.000000
63.192486 0.000000
63.192486 0.000000
63.192486 0.000000
63.192486 0.000000
63.192486 0.000000
63.192486 0.000000
63.192486 0.000000
63.192486 0.000000
63.192486 0.000000
63.192486 0.000000
63.192486 0.000000
63.192486 0.000000
63.192486 0.000000
63.192486 0.000000
63.192486 0.000000
63.192486 0.000000
63.192486 0.000000
63.192486 0.000000
63.192486 0.000000
63.192486 0.000000
63.192486 0.000000
63.192486 0.000000
63.192486 0.000000
63.192486 0.000000
63.192486 0.000000
63.192486 0.000000
63.192486 0.000000
63.192486 0.000000
63.192486 0.000000
63.192486 0.000000
63.192486 0.000000
63.192486 0.000000
63.192486 0.000000
63.192486 0.000000
63.192486 0.000000
63.192486 0.000000
63.192486 0.000000
63.192486 0.000000
63.192486 0.000000
63.192486 0.000000
63.192486 0.000000
63.192486 0.000000
63.192486 0.000000
63.192486 0.000000
63.192486 0.000000
63.192486 0.000000
63.192486 0.000000
63.192486 0.000000
63.192486 0.000000
63.192486 0.000000
63.192486 0.000000
63.192486 0.000000
63.192486 0.000000
63.192486 0.000000
63.192486 0.000000
63.192486 0.000000
63.192486 0.000000
63.192486 0.000000
63.192486 0.000000
63.192486 0.000000
63.192486 0.000000
63.192486 0.000000
63.192486 0.000000
63.192486 0.000000
63.192486 0.000000
63.192486 0.000000
63.192486 0.000000
63.192486 0.000000
63.192486 0.000000
63.192486 0.000000
63.192486 0.000000
63.192486 0.000000
63.192486 0.000000
63.192486 0.000000
63.192486 0.000000
63.192486 0.000000
63.192486 0.000000
63.192486 0.000000
63.192486 0.000000
63.192486 0.000000
63.192486 0.000000
63.192486 0.000000
63.192486 0.000000
63.192486 0.000000
63.192486 0.000000
63.192486 0.000000
63.192486 0.000000
63.192486 0.000000
63.192486 0.000000
63.192486 0.000000
63.192486 0.000000
63.192486 0.000000
63.192486 0.000000
63.192486 0.000000
63.192486 0.000000
63.192486 0.000000
63.192486 0.000000
63.192486 0.000000
63.192486 0.000000
63.192486 0.000000
63.192486 0.000000
63.192486 0.000000
63.192486 0.000000
63.192486 0.000000
63.192486 0.000000
63.192486 0.000000
63.192486 0.000000
63.192486 0.000000
63.192486 0.000000
63.192486 0.000000
63.192486 0.000000
63.192486 0.000000
63.192486 0.000000
84.256645 0.000000
112.342194 0.000000
149.789597 0.000000
199.719467 0.000000
266.292603 0.000000
355.056824 0.000000
473.409088 0.000000
631.212097 0.000000
841.616150 0.000000
1122.154907 0.000000
1496.206543 0.000000
1994.942017 0.000000
2659.922607 0.000000
3546.563477 0.000000
4728.751465 0.000000
6305.001953 0.000000
8406.668945 0.000000
11208.892578 0.000000
14945.189453 0.000000
19926.919922 0.000000
26569.226562 0.000000
35425.636719 0.000000
47234.179688 0.000000
62978.906250 0.000000
83971.875000 0.000000
111962.500000 0.000000
149283.328125 0.000000
199044.453125 0.000000
265392.593750 0.000000
353856.781250 0.000000
471809.062500 0.000000
629078.750000 0.000000
838771.625000 0.000000
1118362.250000 0.000000
1491149.625000 0.000000
1988199.500000 0.000000
2650932.750000 0.000000
3534576.750000 0.000000
4712769.000000 0.000000
6283692.000000 0.000000
8378256.000000 0.000000
11171008.000000 0.000000
14894678.000000 0.000000
19859570.000000 0.000000
26479428.000000 0.000000
35305904.000000 0.000000
47074536.000000 0.000000
62766048.000000 0.000000
83688064.000000 0.000000
111584088.000000 0.000000
148778784.000000 0.000000
198371712.000000 0.000000
264495616.000000 0.000000
352660832.000000 0.000000
470214432.000000 0.000000
626952576.000000 0.000000
835936768.000000 0.000000
1114582400.000000 0.000000
1486109824.000000 0.000000
1981479680.000000 0.000000
2641972992.000000 0.000000
3522630656.000000 0.000000
4696840704.000000 0.000000
6262454272.000000 0.000000
8349939200.000000 0.000000
11133252608.000000 0.000000
14844336128.000000 0.000000
19792449536.000000 0.000000
26389932032.000000 0.000000
35186577408.000000 0.000000
46915432448.000000 0.000000
62553911296.000000 0.000000
83405217792.000000 0.000000
111206957056.000000 0.000000
148275937280.000000 0.000000
197701255168.000000 0.000000
263601668096.000000 0.000000
351468879872.000000 0.000000
468625195008.000000 0.000000
624833593344.000000 0.000000
833111457792.000000 0.000000
1110815277056.000000 0.000000
1481086992384.000000 0.000000
1974782656512.000000 0.000000
2633043542016.000000 0.000000
3510724722688.000000 0.000000
4680966471680.000000 0.000000
6241288454144.000000 0.000000
8321717764096.000000 0.000000
11095624384512.000000 0.000000
14794165846016.000000 0.000000
19725553762304.000000 0.000000
26300737650688.000000 0.000000
35067650899968.000000 0.000000
46756867866624.000000 0.000000
62342490488832.000000 0.000000
83123320651776.000000 0.000000
110831094202368.000000 0.000000
147774792269824.000000 0.000000
197033050767360.000000 0.000000
262710751133696.000000 0.000000
350280990326784.000000 0.000000
467041320435712.000000 0.000000
622721738211328.000000 0.000000
830295695687680.000000 0.000000
1107060905213952.000000 0.000000
1476081206951936.000000 0.000000
1968108231196672.000000 0.000000
2624144487219200.000000 0.000000
3498859137335296.000000 0.000000
4665145695404032.000000 0.000000
6220193902624768.000000 0.000000
8293592049123328.000000 0.000000
11058122374250496.000000 0.000000
14744164239409152.000000 0.000000
19658885652545536.000000 0.000000
26211846105071616.000000 0.000000
34949128140095488.000000 0.000000
46598840383438848.000000 0.000000
62131782882951168.000000 0.000000
82842377177268224.000000 0.000000
110456508629647360.000000 0.000000
147275339112906752.000000 0.000000
196367124543832064.000000 0.000000
261822838451732480.000000 0.000000
349097106482397184.000000 0.000000
465462820096442368.000000 0.000000
620617070555430912.000000 0.000000
827489427407241216.000000 0.000000
1103319236542988288.000000 0.000000
1471092269577666560.000000 0.000000
1961456451062857728.000000 0.000000
2615275268083810304.000000 0.000000
3487033782404382720.000000 0.000000
4649378376539176960.000000 0.000000
6199170802215026688.000000 0.000000
8265561069620035584.000000 0.000000
11020748092826714112.000000 0.000000
14694330790435618816.000000 0.000000
19592441786921910272.000000 0.000000
26123254982888128512.000000 0.000000
34831006643850838016.000000 0.000000
46441343657816621056.000000 0.000000
61921790077739991040.000000 0.000000
82562389702350995456.000000 0.000000
110083183337770319872.000000 0.000000
146777580715724767232.000000 0.000000
195703446818361704448.000000 0.000000
260937911498962894848.000000 0.000000
347917215331950526464.000000 0.000000
463889620442600701952.000000 0.000000
618519517379715661824.000000 0.000000
824692689839620882432.000000 0.000000
1099590229663246450688.000000 0.000000
1466120259305165815808.000000 0.000000
1954827106231879991296.000000 0.000000
2606436047817514418176.000000 0.000000
3475248251406670364672.000000 0.000000
4633664147558909345792.000000 0.000000
6178218675761894653952.000000 0.000000
8237625276315828486144.000000 0.000000
10983500368421104648192.000000 0.000000
14644666782594837250048.000000 0.000000
19526223127393054228480.000000 0.000000
26034964920457343533056.000000 0.000000
34713284308809977692160.000000 0.000000
46284380579613179379712.000000 0.000000
61712505938284363382784.000000 0.000000
82283341251045817843712.000000 0.000000
109711127672860593618944.000000 0.000000
146281500561414373244928.000000 0.000000
195042000748552497659904.000000 0.000000
260056000998069996879872.000000 0.000000
260056000998069996879872.000000 0.000000
260056000998069996879872.000000 0.000000
260056000998069996879872.000000 0.000000
260056000998069996879872.000000 0.000000
260056000998069996879872.000000 0.000000
260056000998069996879872.000000 0.000000
260056000998069996879872.000000 0.000000
260056000998069996879872.000000 0.000000
260056000998069996879872.000000 0.000000
260056000998069996879872.000000 0.000000
260056000998069996879872.000000 0.000000
260056000998069996879872.000000 0.000000
260056000998069996879872.000000 0.000000
260056000998069996879872.000000 0.000000
260056000998069996879872.000000 0.000000
260056000998069996879872.000000 0.000000
260056000998069996879872.000000 0.000000
260056000998069996879872.000000 0.000000
260056000998069996879872.000000 0.000000
260056000998069996879872.000000 0.000000
260056000998069996879872.000000 0.000000
260056000998069996879872.000000 0.000000
260056000998069996879872.000000 0.000000
260056000998069996879872.000000 0.000000
260056000998069996879872.000000 0.000000
260056000998069996879872.000000 0.000000
260056000998069996879872.000000 0.000000
260056000998069996879872.000000 0.000000
260056000998069996879872.000000 0.000000
260056000998069996879872.000000 0.000000
260056000998069996879872.000000 0.000000
260056000998069996879872.000000 0.000000
260056000998069996879872.000000 0.000000
260056000998069996879872.000000 0.000000
260056000998069996879872.000000 0.000000
260056000998069996879872.000000 0.000000
260056000998069996879872.000000 0.000000
260056000998069996879872.000000 0.000000
260056000998069996879872.000000 0.000000
260056000998069996879872.000000 0.000000
260056000998069996879872.000000 0.000000
260056000998069996879872.000000 0.000000
260056000998069996879872.000000 0.000000
260056000998069996879872.000000 0.000000
260056000998069996879872.000000 0.000000
260056000998069996879872.000000 0.000000
260056000998069996879872.000000 0.000000
260056000998069996879872.000000 0.000000
260056000998069996879872.000000 0.000000
260056000998069996879872.000000 0.000000
260056000998069996879872.000000 0.000000
260056000998069996879872.000000 0.000000
260056000998069996879872.000000 0.000000
260056000998069996879872.000000 0.000000
260056000998069996879872.000000 0.000000
260056000998069996879872.000000 0.000000
260056000998069996879872.000000 0.000000
260056000998069996879872.000000 0.000000
260056000998069996879872.000000 0.000000
260056000998069996879872.000000 0.000000
260056000998069996879872.000000 0.000000
260056000998069996879872.000000 0.000000
260056000998069996879872.000000 0.000000
260056000998069996879872.000000 0.000000
260056000998069996879872.000000 0.000000
260056000998069996879872.000000 0.000000
260056000998069996879872.000000 0.000000
260056000998069996879872.000000 0.000000
260056000998069996879872.000000 0.000000
260056000998069996879872.000000 0.000000
260056000998069996879872.000000 0.000000
260056000998069996879872.000000 0.000000
260056000998069996879872.000000 0.000000
260056000998069996879872.000000 0.000000
260056000998069996879872.000000 0.000000
260056000998069996879872.000000 0.000000
260056000998069996879872.000000 0.000000
260056000998069996879872.000000 0.000000
260056000998069996879872.000000 0.000000
260056000998069996879872.000000 0.000000
260056000998069996879872.000000 0.000000
260056000998069996879872.000000 0.000000
260056000998069996879872.000000 0.000000
260056000998069996879872.000000 0.000000
260056000998069996879872.000000 0.000000
260056000998069996879872.000000 0.000000
260056000998069996879872.000000 0.000000
260056000998069996879872.000000 0.000000
260056000998069996879872.000000 0.000000
260056000998069996879872.000000 0.000000
260056000998069996879872.000000 0.000000
260056000998069996879872.000000 0.000000
260056000998069996879872.000000 0.000000
260056000998069996879872.000000 0.000000
260056000998069996879872.000000 0.000000
260056000998069996879872.000000 0.000000
260056000998069996879872.000000 0.000000
260056000998069996879872.000000 0.000000
260056000998069996879872.000000 0.000000
260056000998069996879872.000000 0.000000
260056000998069996879872.000000 0.000000
260056000998069996879872.000000 0.000000
260056000998069996879872.000000 0.000000
260056000998069996879872.000000 0.000000
260056000998069996879872.000000 0.000000
260056000998069996879872.000000 0.000000
260056000998069996879872.000000 0.000000
260056000998069996879872.000000 0.000000
260056000998069996879872.000000 0.000000
260056000998069996879872.000000 0.000000
260056000998069996879872.000000 0.000000
260056000998069996879872.000000 0.000000
260056000998069996879872.000000 0.000000
260056000998069996879872.000000 0.000000
260056000998069996879872.000000 0.000000
260056000998069996879872.000000 0.000000
260056000998069996879872.000000 0.000000
260056000998069996879872.000000 0.000000
260056000998069996879872.000000 0.000000
260056000998069996879872.000000 0.000000
260056000998069996879872.000000 0.000000
260056000998069996879872.000000 0.000000
260056000998069996879872.000000 0.000000
260056000998069996879872.000000 0.000000
260056000998069996879872.000000 0.000000
260056000998069996879872.000000 0.000000
260056000998069996879872.000000 0.000000
260056000998069996879872.000000 0.000000
260056000998069996879872.000000 0.000000
260056000998069996879872.000000 0.000000
260056000998069996879872.000000 0.000000
260056000998069996879872.000000 0.000000
260056000998069996879872.000000 0.000000
260056000998069996879872.000000 0.000000
260056000998069996879872.000000 0.000000
260056000998069996879872.000000 0.000000
260056000998069996879872.000000 0.000000
260056000998069996879872.000000 0.000000
260056000998069996879872.000000 0.000000
260056000998069996879872.000000 0.000000
260056000998069996879872.000000 0.000000
260056000998069996879872.000000 0.000000
260056000998069996879872.000000 0.000000
260056000998069996879872.000000 0.000000
260056000998069996879872.000000 0.000000
260056000998069996879872.000000 0.000000
260056000998069996879872.000000 0.000000
260056000998069996879872.000000 0.000000
260056000998069996879872.000000 0.000000
260056000998069996879872.000000 0.000000
260056000998069996879872.000000 0.000000
260056000998069996879872.000000 0.000000
260056000998069996879872.000000 0.000000
260056000998069996879872.000000 0.000000
260056000998069996879872.000000 0.000000
260056000998069996879872.000000 0.000000
260056000998069996879872.000000 0.000000
260056000998069996879872.000000 0.000000
260056000998069996879872.000000 0.000000
260056000998069996879872.000000 0.000000
260056000998069996879872.000000 0.000000
260056000998069996879872.000000 0.000000
260056000998069996879872.000000 0.000000
260056000998069996879872.000000 0.000000
260056000998069996879872.000000 0.000000
260056000998069996879872.000000 0.000000
260056000998069996879872.000000 0.000000
260056000998069996879872.000000 0.000000
260056000998069996879872.000000 0.000000
260056000998069996879872.000000 0.000000
260056000998069996879872.000000 0.000000
260056000998069996879872.000000 0.000000
260056000998069996879872.000000 0.000000
260056000998069996879872.000000 0.000000
260056000998069996879872.000000 0.000000
260056000998069996879872.000000 0.000000
260056000998069996879872.000000 0.000000
260056000998069996879872.000000 0.000000
260056000998069996879872.000000 0.000000
260056000998069996879872.000000 0.000000
260056000998069996879872.000000 0.000000
260056000998069996879872.000000 0.000000
260056000998069996879872.000000 0.000000
260056000998069996879872.000000 0.000000
260056000998069996879872.000000 0.000000
260056000998069996879872.000000 0.000000
260056000998069996879872.000000 0.000000
260056000998069996879872.000000 0.000000
260056000998069996879872.000000 0.000000
260056000998069996879872.000000 0.000000
260056000998069996879872.000000 0.000000
260056000998069996879872.000000 0.000000
260056000998069996879872.000000 0.000000
260056000998069996879872.000000 0.000000
260056000998069996879872.000000 0.000000
260056000998069996879872.000000 0.000000
260056000998069996879872.000000 0.000000
260056000998069996879872.000000 0.000000
260056000998069996879872.000000 0.000000
260056000998069996879872.000000 0.000000
260056000998069996879872.000000 0.000000
260056000998069996879872.000000 0.000000
260056000998069996879872.000000 0.000000
260056000998069996879872.000000 0.000000
260056000998069996879872.000000 0.000000
260056000998069996879872.000000 0.000000
260056000998069996879872.000000 0.000000
260056000998069996879872.000000 0.000000
260056000998069996879872.000000 0.000000
260056000998069996879872.000000 0.000000
260056000998069996879872.000000 0.000000
260056000998069996879872.000000 0.000000
260056000998069996879872.000000 0.000000
260056000998069996879872.000000 0.000000
260056000998069996879872.000000 0.000000
260056000998069996879872.000000 0.000000
260056000998069996879872.000000 0.000000
260056000998069996879872.000000 0.000000
260056000998069996879872.000000 0.000000
260056000998069996879872.000000 0.000000
260056000998069996879872.000000 0.000000
260056000998069996879872.000000 0.000000
260056000998069996879872.000000 0.000000
260056000998069996879872.000000 0.000000
260056000998069996879872.000000 0.000000
260056000998069996879872.000000 0.000000
260056000998069996879872.000000 0.000000
260056000998069996879872.000000 0.000000
260056000998069996879872.000000 0.000000
260056000998069996879872.000000 0.000000
260056000998069996879872.000000 0.000000
260056000998069996879872.000000 0.000000
260056000998069996879872.000000 0.000000
260056000998069996879872.000000 0.000000
260056000998069996879872.000000 0.000000
260056000998069996879872.000000 0.000000
260056000998069996879872.000000 0.000000
260056000998069996879872.000000 0.000000
260056000998069996879872.000000 0.000000
260056000998069996879872.000000 0.000000
260056000998069996879872.000000 0.000000
260056000998069996879872.000000 0.000000
260056000998069996879872.000000 0.000000
260056000998069996879872.000000 0.000000
260056000998069996879872.000000 0.000000
260056000998069996879872.000000 0.000000
260056000998069996879872.000000 0.000000
260056000998069996879872.000000 0.000000
260056000998069996879872.000000 0.000000
260056000998069996879872.000000 0.000000
260056000998069996879872.000000 0.000000
260056000998069996879872.000000 0.000000
260056000998069996879872.000000 0.000000
260056000998069996879872.000000 0.000000
260056000998069996879872.000000 0.000000
260056000998069996879872.000000 0.000000
260056000998069996879872.000000 0.000000
260056000998069996879872.000000 0.000000
260056000998069996879872.000000 0.000000
260056000998069996879872.000000 0.000000
260056000998069996879872.000000 0.000000
260056000998069996879872.000000 0.000000
260056000998069996879872.000000 0.000000
260056000998069996879872.000000 0.000000
260056000998069996879872.000000 0.000000
260056000998069996879872.000000 0.000000
260056000998069996879872.000000 0.000000
260056000998069996879872.000000 0.000000
260056000998069996879872.000000 0.000000
260056000998069996879872.000000 0.000000
260056000998069996879872.000000 0.000000
260056000998069996879872.000000 0.000000
260056000998069996879872.000000 0.000000
260056000998069996879872.000000 0.000000
260056000998069996879872.000000 0.000000
260056000998069996879872.000000 0.000000
260056000998069996879872.000000 0.000000
260056000998069996879872.000000 0.000000
260056000998069996879872.000000 0.000000
260056000998069996879872.000000 0.000000
260056000998069996879872.000000 0.000000
260056000998069996879872.000000 0.000000
260056000998069996879872.000000 0.000000
260056000998069996879872.000000 0.000000
260056000998069996879872.000000 0.000000
260056000998069996879872.000000 0.000000
260056000998069996879872.000000 0.000000
260056000998069996879872.000000 0.000000
260056000998069996879872.000000 0.000000
260056000998069996879872.000000 0.000000
260056000998069996879872.000000 0.000000
260056000998069996879872.000000 0.000000
260056000998069996879872.000000 0.000000
260056000998069996879872.000000 0.000000
260056000998069996879872.000000 0.000000
260056000998069996879872.000000 0.000000
260056000998069996879872.000000 0.000000
260056000998069996879872.000000 0.000000
260056000998069996879872.000000 0.000000
260056000998069996879872.000000 0.000000
260056000998069996879872.000000 0.000000
260056000998069996879872.000000 0.000000
260056000998069996879872.000000 0.000000
260056000998069996879872.000000 0.000000
260056000998069996879872.000000 0.000000
260056000998069996879872.000000 0.000000
260056000998069996879872.000000 0.000000
260056000998069996879872.000000 0.000000
260056000998069996879872.000000 0.000000
260056000998069996879872.000000 0.000000
260056000998069996879872.000000 0.000000
260056000998069996879872.000000 0.000000
260056000998069996879872.000000 0.000000
260056000998069996879872.000000 0.000000
260056000998069996879872.000000 0.000000
260056000998069996879872.000000 0.000000
260056000998069996879872.000000 0.000000
260056000998069996879872.000000 0.000000
260056000998069996879872.000000 0.000000
260056000998069996879872.000000 0.000000
260056000998069996879872.000000 0.000000
260056000998069996879872.000000 0.000000
260056000998069996879872.000000 0.000000
260056000998069996879872.000000 0.000000
260056000998069996879872.000000 0.000000
260056000998069996879872.000000 0.000000
260056000998069996879872.000000 0.000000
260056000998069996879872.000000 0.000000
260056000998069996879872.000000 0.000000
260056000998069996879872.000000 0.000000
260056000998069996879872.000000 0.000000
260056000998069996879872.000000 0.000000
260056000998069996879872.000000 0.000000
260056000998069996879872.000000 0.000000
260056000998069996879872.000000 0.000000
260056000998069996879872.000000 0.000000
260056000998069996879872.000000 0.000000
260056000998069996879872.000000 0.000000
260056000998069996879872.000000 0.000000
260056000998069996879872.000000 0.000000
260056000998069996879872.000000 0.000000
260056000998069996879872.000000 0.000000
260056000998069996879872.000000 0.000000
260056000998069996879872.000000 0.000000
260056000998069996879872.000000 0.000000
260056000998069996879872.000000 0.000000
260056000998069996879872.000000 0.000000
260056000998069996879872.000000 0.000000
260056000998069996879872.000000 0.000000
260056000998069996879872.000000 0.000000
260056000998069996879872.000000 0.000000
260056000998069996879872.000000 0.000000
260056000998069996879872.000000 0.000000
260056000998069996879872.000000 0.000000
260056000998069996879872.000000 0.000000
260056000998069996879872.000000 0.000000
260056000998069996879872.000000 0.000000
260056000998069996879872.000000 0.000000
260056000998069996879872.000000 0.000000
260056000998069996879872.000000 0.000000
260056000998069996879872.000000 0.000000
260056000998069996879872.000000 0.000000
260056000998069996879872.000000 0.000000
260056000998069996879872.000000 0.000000
260056000998069996879872.000000 0.000000
260056000998069996879872.000000 0.000000
260056000998069996879872.000000 0.000000
260056000998069996879872.000000 0.000000
260056000998069996879872.000000 0.000000
260056000998069996879872.000000 0.000000
260056000998069996879872.000000 0.000000
260056000998069996879872.000000 0.000000
260056000998069996879872.000000 0.000000
260056000998069996879872.000000 0.000000
260056000998069996879872.000000 0.000000
260056000998069996879872.000000 0.000000
260056000998069996879872.000000 0.000000
260056000998069996879872.000000 0.000000
260056000998069996879872.000000 0.000000
260056000998069996879872.000000 0.000000
260056000998069996879872.000000 0.000000
260056000998069996879872.000000 0.000000
260056000998069996879872.000000 0.000000
260056000998069996879872.000000 0.000000
260056000998069996879872.000000 0.000000
260056000998069996879872.000000 0.000000
260056000998069996879872.000000 0.000000
260056000998069996879872.000000 0.000000
260056000998069996879872.000000 0.000000
260056000998069996879872.000000 0.000000
260056000998069996879872.000000 0.000000
260056000998069996879872.000000 0.000000
260056000998069996879872.000000 0.000000
260056000998069996879872.000000 0.000000
260056000998069996879872.000000 0.000000
260056000998069996879872.000000 0.000000
260056000998069996879872.000000 0.000000
260056000998069996879872.000000 0.000000
260056000998069996879872.000000 0.000000
260056000998069996879872.000000 0.000000
260056000998069996879872.000000 0.000000
260056000998069996879872.000000 0.000000
260056000998069996879872.000000 0.000000
260056000998069996879872.000000 0.000000
260056000998069996879872.000000 0.000000
260056000998069996879872.000000 0.000000
260056000998069996879872.000000 0.000000
260056000998069996879872.000000 0.000000
260056000998069996879872.000000 0.000000
260056000998069996879872.000000 0.000000
260056000998069996879872.000000 0.000000
260056000998069996879872.000000 0.000000
260056000998069996879872.000000 0.000000
260056000998069996879872.000000 0.000000
260056000998069996879872.000000 0.000000
260056000998069996879872.000000 0.000000
260056000998069996879872.000000 0.000000
260056000998069996879872.000000 0.000000
260056000998069996879872.000000 0.000000
260056000998069996879872.000000 0.000000
260056000998069996879872.000000 0.000000
260056000998069996879872.000000 0.000000
260056000998069996879872.000000 0.000000
260056000998069996879872.000000 0.000000
260056000998069996879872.000000 0.000000
260056000998069996879872.000000 0.000000
260056000998069996879872.000000 0.000000
260056000998069996879872.000000 0.000000
260056000998069996879872.000000 0.000000
260056000998069996879872.000000 0.000000
260056000998069996879872.000000 0.000000
260056000998069996879872.000000 0.000000
260056000998069996879872.000000 0.000000
260056000998069996879872.000000 0.000000
260056000998069996879872.000000 0.000000
260056000998069996879872.000000 0.000000
260056000998069996879872.000000 0.000000
260056000998069996879872.000000 0.000000
260056000998069996879872.000000 0.000000
260056000998069996879872.000000 0.000000
260056000998069996879872.000000 0.000000
260056000998069996879872.000000 0.000000
260056000998069996879872.000000 0.000000
260056000998069996879872.000000 0.000000
260056000998069996879872.000000 0.000000
260056000998069996879872.000000 0.000000
260056000998069996879872.000000 0.000000
260056000998069996879872.000000 0.000000
260056000998069996879872.000000 0.000000
260056000998069996879872.000000 0.000000
260056000998069996879872.000000 0.000000
260056000998069996879872.000000 0.000000
260056000998069996879872.000000 0.000000
260056000998069996879872.000000 0.000000
260056000998069996879872.000000 0.000000
260056000998069996879872.000000 0.000000
260056000998069996879872.000000 0.000000
260056000998069996879872.000000 0.000000
260056000998069996879872.000000 0.000000
260056000998069996879872.000000 0.000000
260056000998069996879872.000000 0.000000
260056000998069996879872.000000 0.000000
260056000998069996879872.000000 0.000000
260056000998069996879872.000000 0.000000
260056000998069996879872.000000 0.000000
260056000998069996879872.000000 0.000000
260056000998069996879872.000000 0.000000
260056000998069996879872.000000 0.000000
260056000998069996879872.000000 0.000000
260056000998069996879872.000000 0.000000
260056000998069996879872.000000 0.000000
260056000998069996879872.000000 0.000000
260056000998069996879872.000000 0.000000
260056000998069996879872.000000 0.000000
260056000998069996879872.000000 0.000000
260056000998069996879872.000000 0.000000
260056000998069996879872.000000 0.000000
260056000998069996879872.000000 0.000000
260056000998069996879872.000000 0.000000
260056000998069996879872.000000 0.000000
260056000998069996879872.000000 0.000000
260056000998069996879872.000000 0.000000
260056000998069996879872.000000 0.000000
260056000998069996879872.000000 0.000000
260056000998069996879872.000000 0.000000
260056000998069996879872.000000 0.000000
260056000998069996879872.000000 0.000000
260056000998069996879872.000000 0.000000
260056000998069996879872.000000 0.000000
260056000998069996879872.000000 0.000000
260056000998069996879872.000000 0.000000
260056000998069996879872.000000 0.000000
260056000998069996879872.000000 0.000000
260056000998069996879872.000000 0.000000
260056000998069996879872.000000 0.000000
260056000998069996879872.000000 0.000000
260056000998069996879872.000000 0.000000
260056000998069996879872.000000 0.000000
260056000998069996879872.000000 0.000000
260056000998069996879872.000000 0.000000
260056000998069996879872.000000 0.000000
260056000998069996879872.000000 0.000000
260056000998069996879872.000000 0.000000
260056000998069996879872.000000 0.000000
260056000998069996879872.000000 0.000000
260056000998069996879872.000000 0.000000
260056000998069996879872.000000 0.000000
260056000998069996879872.000000 0.000000
260056000998069996879872.000000 0.000000
260056000998069996879872.000000 0.000000
260056000998069996879872.000000 0.000000
260056000998069996879872.000000 0.000000
260056000998069996879872.000000 0.000000
260056000998069996879872.000000 0.000000
260056000998069996879872.000000 0.000000
260056000998069996879872.000000 0.000000
260056000998069996879872.000000 0.000000
260056000998069996879872.000000 0.000000
260056000998069996879872.000000 0.000000
260056000998069996879872.000000 0.000000
260056000998069996879872.000000 0.000000
260056000998069996879872.000000 0.000000
260056000998069996879872.000000 0.000000
260056000998069996879872.000000 0.000000
260056000998069996879872.000000 0.000000
260056000998069996879872.000000 0.000000
260056000998069996879872.000000 0.000000
260056000998069996879872.000000 0.000000
260056000998069996879872.000000 0.000000
260056000998069996879872.000000 0.000000
260056000998069996879872.000000 0.000000
260056000998069996879872.000000 0.000000
260056000998069996879872.000000 0.000000
260056000998069996879872.000000 0.000000
260056000998069996879872.000000 0.000000
260056000998069996879872.000000 0.000000
260056000998069996879872.000000 0.000000
260056000998069996879872.000000 0.000000
260056000998069996879872.000000 0.000000
260056000998069996879872.000000 0.000000
260056000998069996879872.000000 0.000000
260056000998069996879872.000000 0.000000
260056000998069996879872.000000 0.000000
260056000998069996879872.000000 0.000000
260056000998069996879872.000000 0.000000
260056000998069996879872.000000 0.000000
260056000998069996879872.000000 0.000000
260056000998069996879872.000000 0.000000
260056000998069996879872.000000 0.000000
260056000998069996879872.000000 0.000000
260056000998069996879872.000000 0.000000
260056000998069996879872.000000 0.000000
260056000998069996879872.000000 0.000000
260056000998069996879872.000000 0.000000
260056000998069996879872.000000 0.000000
260056000998069996879872.000000 0.000000
260056000998069996879872.000000 0.000000
260056000998069996879872.000000 0.000000
260056000998069996879872.000000 0.000000
260056000998069996879872.000000 0.000000
260056000998069996879872.000000 0.000000
260056000998069996879872.000000 0.000000
260056000998069996879872.000000 0.000000
260056000998069996879872.000000 0.000000
260056000998069996879872.000000 0.000000
260056000998069996879872.000000 0.000000
260056000998069996879872.000000 0.000000
260056000998069996879872.000000 0.000000
260056000998069996879872.000000 0.000000
260056000998069996879872.000000 0.000000
260056000998069996879872.000000 0.000000
260056000998069996879872.000000 0.000000
260056000998069996879872.000000 0.000000
260056000998069996879872.000000 0.000000
260056000998069996879872.000000 0.000000
260056000998069996879872.000000 0.000000
260056000998069996879872.000000 0.000000
260056000998069996879872.000000 0.000000
260056000998069996879872.000000 0.000000
260056000998069996879872.000000 0.000000
260056000998069996879872.000000 0.000000
260056000998069996879872.000000 0.000000
260056000998069996879872.000000 0.000000
260056000998069996879872.000000 0.000000
260056000998069996879872.000000 0.000000
260056000998069996879872.000000 0.000000
260056000998069996879872.000000 0.000000
260056000998069996879872.000000 0.000000
260056000998069996879872.000000 0.000000
260056000998069996879872.000000 0.000000
260056000998069996879872.000000 0.000000
260056000998069996879872.000000 0.000000
260056000998069996879872.000000 0.000000
260056000998069996879872.000000 0.000000
260056000998069996879872.000000 0.000000
260056000998069996879872.000000 0.000000
260056000998069996879872.000000 0.000000
260056000998069996879872.000000 0.000000
260056000998069996879872.000000 0.000000
260056000998069996879872.000000 0.000000
260056000998069996879872.000000 0.000000
260056000998069996879872.000000 0.000000
260056000998069996879872.000000 0.000000
260056000998069996879872.000000 0.000000
260056000998069996879872.000000 0.000000
260056000998069996879872.000000 0.000000
260056000998069996879872.000000 0.000000
260056000998069996879872.000000 0.000000
260056000998069996879872.000000 0.000000
260056000998069996879872.000000 0.000000
260056000998069996879872.000000 0.000000
260056000998069996879872.000000 0.000000
260056000998069996879872.000000 0.000000
260056000998069996879872.000000 0.000000
260056000998069996879872.000000 0.000000
260056000998069996879872.000000 0.000000
260056000998069996879872.000000 0.000000
260056000998069996879872.000000 0.000000
260056000998069996879872.000000 0.000000
260056000998069996879872.000000 0.000000
260056000998069996879872.000000 0.000000
260056000998069996879872.000000 0.000000
260056000998069996879872.000000 0.000000
260056000998069996879872.000000 0.000000
260056000998069996879872.000000 0.000000
260056000998069996879872.000000 0.000000
260056000998069996879872.000000 0.000000
260056000998069996879872.000000 0.000000
260056000998069996879872.000000 0.000000
260056000998069996879872.000000 0.000000
260056000998069996879872.000000 0.000000
260056000998069996879872.000000 0.000000
260056000998069996879872.000000 0.000000
260056000998069996879872.000000 0.000000
260056000998069996879872.000000 0.000000
260056000998069996879872.000000 0.000000
260056000998069996879872.000000 0.000000
260056000998069996879872.000000 0.000000
260056000998069996879872.000000 0.000000
260056000998069996879872.000000 0.000000
260056000998069996879872.000000 0.000000
260056000998069996879872.000000 0.000000
260056000998069996879872.000000 0.000000
260056000998069996879872.000000 0.000000
260056000998069996879872.000000 0.000000
260056000998069996879872.000000 0.000000
260056000998069996879872.000000 0.000000
260056000998069996879872.000000 0.000000
260056000998069996879872.000000 0.000000
260056000998069996879872.000000 0.000000
260056000998069996879872.000000 0.000000
260056000998069996879872.000000 0.000000
260056000998069996879872.000000 0.000000
260056000998069996879872.000000 0.000000
260056000998069996879872.000000 0.000000
260056000998069996879872.000000 0.000000
260056000998069996879872.000000 0.000000
260056000998069996879872.000000 0.000000
260056000998069996879872.000000 0.000000
260056000998069996879872.000000 0.000000
260056000998069996879872.000000 0.000000
260056000998069996879872.000000 0.000000
260056000998069996879872.000000 0.000000
260056000998069996879872.000000 0.000000
260056000998069996879872.000000 0.000000
260056000998069996879872.000000 0.000000
260056000998069996879872.000000 0.000000
260056000998069996879872.000000 0.000000
260056000998069996879872.000000 0.000000
260056000998069996879872.000000 0.000000
260056000998069996879872.000000 0.000000
260056000998069996879872.000000 0.000000
260056000998069996879872.000000 0.000000
260056000998069996879872.000000 0.000000
260056000998069996879872.000000 0.000000
260056000998069996879872.000000 0.000000
260056000998069996879872.000000 0.000000
260056000998069996879872.000000 0.000000
260056000998069996879872.000000 0.000000
260056000998069996879872.000000 0.000000
260056000998069996879872.000000 0.000000
260056000998069996879872.000000 0.000000
260056000998069996879872.000000 0.000000
260056000998069996879872.000000 0.000000
260056000998069996879872.000000 0.000000
260056000998069996879872.000000 0.000000
260056000998069996879872.000000 0.000000
260056000998069996879872.000000 0.000000
260056000998069996879872.000000 0.000000
260056000998069996879872.000000 0.000000
260056000998069996879872.000000 0.000000
260056000998069996879872.000000 0.000000
260056000998069996879872.000000 0.000000
260056000998069996879872.000000 0.000000
260056000998069996879872.000000 0.000000
260056000998069996879872.000000 0.000000
260056000998069996879872.000000 0.000000
260056000998069996879872.000000 0.000000
260056000998069996879872.000000 0.000000
260056000998069996879872.000000 0.000000
260056000998069996879872.000000 0.000000
260056000998069996879872.000000 0.000000
260056000998069996879872.000000 0.000000
260056000998069996879872.000000 0.000000
260056000998069996879872.000000 0.000000
260056000998069996879872.000000 0.000000
260056000998069996879872.000000 0.000000
260056000998069996879872.000000 0.000000
260056000998069996879872.000000 0.000000
260056000998069996879872.000000 0.000000
260056000998069996879872.000000 0.000000
260056000998069996879872.000000 0.000000
260056000998069996879872.000000 0.000000
260056000998069996879872.000000 0.000000
260056000998069996879872.000000 0.000000
260056000998069996879872.000000 0.000000
260056000998069996879872.000000 0.000000
260056000998069996879872.000000 0.000000
260056000998069996879872.000000 0.000000
260056000998069996879872.000000 0.000000
260056000998069996879872.000000 0.000000
260056000998069996879872.000000 0.000000
260056000998069996879872.000000 0.000000
260056000998069996879872.000000 0.000000
260056000998069996879872.000000 0.000000
260056000998069996879872.000000 0.000000
260056000998069996879872.000000 0.000000
260056000998069996879872.000000 0.000000
260056000998069996879872.000000 0.000000
260056000998069996879872.000000 0.000000
260056000998069996879872.000000 0.000000
260056000998069996879872.000000 0.000000
260056000998069996879872.000000 0.000000
260056000998069996879872.000000 0.000000
260056000998069996879872.000000 0.000000
260056000998069996879872.000000 0.000000
260056000998069996879872.000000 0.000000
260056000998069996879872.000000 0.000000
260056000998069996879872.000000 0.000000
260056000998069996879872.000000 0.000000
260056000998069996879872.000000 0.000000
260056000998069996879872.000000 0.000000
260056000998069996879872.000000 0.000000
260056000998069996879872.000000 0.000000
260056000998069996879872.000000 0.000000
260056000998069996879872.000000 0.000000
260056000998069996879872.000000 0.000000
260056000998069996879872.000000 0.000000
260056000998069996879872.000000 0.000000
260056000998069996879872.000000 0.000000
260056000998069996879872.000000 0.000000
260056000998069996879872.000000 0.000000
260056000998069996879872.000000 0.000000
260056000998069996879872.000000 0.000000
260056000998069996879872.000000 0.000000
260056000998069996879872.000000 0.000000
260056000998069996879872.000000 0.000000
260056000998069996879872.000000 0.000000
260056000998069996879872.000000 0.000000
260056000998069996879872.000000 0.000000
260056000998069996879872.000000 0.000000
260056000998069996879872.000000 0.000000
260056000998069996879872.000000 0.000000
260056000998069996879872.000000 0.000000
260056000998069996879872.000000 0.000000
260056000998069996879872.000000 0.000000
260056000998069996879872.000000 0.000000
260056000998069996879872.000000 0.000000
260056000998069996879872.000000 0.000000
260056000998069996879872.000000 0.000000
260056000998069996879872.000000 0.000000
260056000998069996879872.000000 0.000000
260056000998069996879872.000000 0.000000
260056000998069996879872.000000 0.000000
260056000998069996879872.000000 0.000000
260056000998069996879872.000000 0.000000
260056000998069996879872.000000 0.000000
260056000998069996879872.000000 0.000000
260056000998069996879872.000000 0.000000
260056000998069996879872.000000 0.000000
260056000998069996879872.000000 0.000000
260056000998069996879872.000000 0.000000
260056000998069996879872.000000 0.000000
260056000998069996879872.000000 0.000000
260056000998069996879872.000000 0.000000
260056000998069996879872.000000 0.000000
260056000998069996879872.000000 0.000000
260056000998069996879872.000000 0.000000
260056000998069996879872.000000 0.000000
260056000998069996879872.000000 0.000000
260056000998069996879872.000000 0.000000
260056000998069996879872.000000 0.000000
260056000998069996879872.000000 0.000000
260056000998069996879872.000000 0.000000
260056000998069996879872.000000 0.000000
260056000998069996879872.000000 0.000000
260056000998069996879872.000000 0.000000
260056000998069996879872.000000 0.000000
260056000998069996879872.000000 0.000000
260056000998069996879872.000000 0.000000
260056000998069996879872.000000 0.000000
260056000998069996879872.000000 0.000000
260056000998069996879872.000000 0.000000
260056000998069996879872.000000 0.000000
260056000998069996879872.000000 0.000000
260056000998069996879872.000000 0.000000
260056000998069996879872.000000 0.000000
260056000998069996879872.000000 0.000000
260056000998069996879872.000000 0.000000
260056000998069996879872.000000 0.000000
260056000998069996879872.000000 0.000000
260056000998069996879872.000000 0.000000
260056000998069996879872.000000 0.000000
260056000998069996879872.000000 0.000000
260056000998069996879872.000000 0.000000
260056000998069996879872.000000 0.000000
260056000998069996879872.000000 0.000000
260056000998069996879872.000000 0.000000
260056000998069996879872.000000 0.000000
260056000998069996879872.000000 0.000000
173370661327247161425920.000000 0.000000
115580443887231192530944.000000 0.000000
77053626255754376773632.000000 0.000000
51369084170502917849088.000000 0.000000
34246056113668611899392.000000 0.000000
22830705576978950389760.000000 0.000000
15220470009352664645632.000000 0.000000
10146980381535078711296.000000 0.000000
6764653212390083526656.000000 0.000000
4509768714435063447552.000000 0.000000
3006512476290042298368.000000 0.000000
2004341650860028198912.000000 0.000000
1336227861065011036160.000000 0.000000
890818550587092631552.000000 0.000000
593879057180976480256.000000 0.000000
395919359725860290560.000000 0.000000
263946228089116164096.000000 0.000000
175964152059410776064.000000 0.000000
117309437638304858112.000000 0.000000
78206291758869905408.000000 0.000000
52137526373231099904.000000 0.000000
34758350915487399936.000000 0.000000
23172233943658266624.000000 0.000000
15448155962438844416.000000 0.000000
10298771374633648128.000000 0.000000
6865847033333284864.000000 0.000000
4577231447181492224.000000 0.000000
3051487539828359168.000000 0.000000
2034325072365223936.000000 0.000000
1356216669097164800.000000 0.000000
904144491877761024.000000 0.000000
602762994585174016.000000 0.000000
401841984936869888.000000 0.000000
267894668077826048.000000 0.000000
178596439658594304.000000 0.000000
119064293105729536.000000 0.000000
119064293105729536.000000 0.000000
119064293105729536.000000 0.000000
119064293105729536.000000 0.000000
119064293105729536.000000 0.000000
119064293105729536.000000 0.000000
119064293105729536.000000 0.000000
119064293105729536.000000 0.000000
119064293105729536.000000 0.000000
119064293105729536.000000 0.000000
119064293105729536.000000 0.000000
119064293105729536.000000 0.000000
119064293105729536.000000 0.000000
119064293105729536.000000 0.000000
119064293105729536.000000 0.000000
119064293105729536.000000 0.000000
119064293105729536.000000 0.000000
119064293105729536.000000 0.000000
119064293105729536.000000 0.000000
119064293105729536.000000 0.000000
119064293105729536.000000 0.000000
119064293105729536.000000 0.000000
119064293105729536.000000 0.000000
119064293105729536.000000 0.000000
119064293105729536.000000 0.000000
119064293105729536.000000 0.000000
119064293105729536.000000 0.000000
119064293105729536.000000 0.000000
119064293105729536.000000 0.000000
119064293105729536.000000 0.000000
119064293105729536.000000 0.000000
119064293105729536.000000 0.000000
119064293105729536.000000 0.000000
119064293105729536.000000 0.000000
119064293105729536.000000 0.000000
119064293105729536.000000 0.000000
119064293105729536.000000 0.000000
119064293105729536.000000 0.000000
119064293105729536.000000 0.000000
119064293105729536.000000 0.000000
119064293105729536.000000 0.000000
119064293105729536.000000 0.000000
119064293105729536.000000 0.000000
119064293105729536.000000 0.000000
119064293105729536.000000 0.000000
119064293105729536.000000 0.000000
119064293105729536.000000 0.000000
119064293105729536.000000 0.000000
119064293105729536.000000 0.000000
119064293105729536.000000 0.000000
119064293105729536.000000 0.000000
119064293105729536.000000 0.000000
119064293105729536.000000 0.000000
119064293105729536.000000 0.000000
119064293105729536.000000 0.000000
119064293105729536.000000 0.000000
119064293105729536.000000 0.000000
119064293105729536.000000 0.000000
119064293105729536.000000 0.000000
119064293105729536.000000 0.000000
119064293105729536.000000 0.000000
119064293105729536.000000 0.000000
119064293105729536.000000 0.000000
119064293105729536.000000 0.000000
119064293105729536.000000 0.000000
119064293105729536.000000 0.000000
119064293105729536.000000 0.000000
119064293105729536.000000 0.000000
119064293105729536.000000 0.000000
119064293105729536.000000 0.000000
119064293105729536.000000 0.000000
119064293105729536.000000 0.000000
119064293105729536.000000 0.000000
119064293105729536.000000 0.000000
119064293105729536.000000 0.000000
119064293105729536.000000 0.000000
119064293105729536.000000 0.000000
119064293105729536.000000 0.000000
119064293105729536.000000 0.000000
119064293105729536.000000 0.000000
119064293105729536.000000 0.000000
119064293105729536.000000 0.000000
119064293105729536.000000 0.000000
119064293105729536.000000 0.000000
119064293105729536.000000 0.000000
119064293105729536.000000 0.000000
119064293105729536.000000 0.000000
119064293105729536.000000 0.000000
119064293105729536.000000 0.000000
119064293105729536.000000 0.000000
119064293105729536.000000 0.000000
119064293105729536.000000 0.000000
119064293105729536.000000 0.000000
119064293105729536.000000 0.000000
119064293105729536.000000 0.000000
119064293105729536.000000 0.000000
119064293105729536.000000 0.000000
119064293105729536.000000 0.000000
119064293105729536.000000 0.000000
119064293105729536.000000 0.000000
119064293105729536.000000 0.000000
119064293105729536.000000 0.000000
119064293105729536.000000 0.000000
119064293105729536.000000 0.000000
119064293105729536.000000 0.000000
119064293105729536.000000 0.000000
119064293105729536.000000 0.000000
119064293105729536.000000 0.000000
119064293105729536.000000 0.000000
119064293105729536.000000 0.000000
119064293105729536.000000 0.000000
119064293105729536.000000 0.000000
119064293105729536.000000 0.000000
119064293105729536.000000 0.000000
119064293105729536.000000 0.000000
119064293105729536.000000 0.000000
119064293105729536.000000 0.000000
119064293105729536.000000 0.000000
119064293105729536.000000 0.000000
119064293105729536.000000 0.000000
119064293105729536.000000 0.000000
119064293105729536.000000 0.000000
119064293105729536.000000 0.000000
119064293105729536.000000 0.000000
119064293105729536.000000 0.000000
119064293105729536.000000 0.000000
119064293105729536.000000 0.000000
119064293105729536.000000 0.000000
119064293105729536.000000 0.000000
119064293105729536.000000 0.000000
119064293105729536.000000 0.000000
119064293105729536.000000 0.000000
119064293105729536.000000 0.000000
119064293105729536.000000 0.000000
119064293105729536.000000 0.000000
119064293105729536.000000 0.000000
119064293105729536.000000 0.000000
119064293105729536.000000 0.000000
119064293105729536.000000 0.000000
119064293105729536.000000 0.000000
119064293105729536.000000 0.000000
119064293105729536.000000 0.000000
119064293105729536.000000 0.000000
119064293105729536.000000 0.000000
119064293105729536.000000 0.000000
119064293105729536.000000 0.000000
119064293105729536.000000 0.000000
119064293105729536.000000 0.000000
119064293105729536.000000 0.000000
119064293105729536.000000 0.000000
119064293105729536.000000 0.000000
119064293105729536.000000 0.000000
119064293105729536.000000 0.000000
119064293105729536.000000 0.000000
119064293105729536.000000 0.000000
119064293105729536.000000 0.000000
119064293105729536.000000 0.000000
119064293105729536.000000 0.000000
119064293105729536.000000 0.000000
119064293105729536.000000 0.000000
119064293105729536.000000 0.000000
119064293105729536.000000 0.000000
119064293105729536.000000 0.000000
119064293105729536.000000 0.000000
119064293105729536.000000 0.000000
119064293105729536.000000 0.000000
119064293105729536.000000 0.000000
119064293105729536.000000 0.000000
119064293105729536.000000 0.000000
119064293105729536.000000 0.000000
119064293105729536.000000 0.000000
119064293105729536.000000 0.000000
119064293105729536.000000 0.000000
119064293105729536.000000 0.000000
119064293105729536.000000 0.000000
119064293105729536.000000 0.000000
119064293105729536.000000 0.000000
119064293105729536.000000 0.000000
119064293105729536.000000 0.000000
119064293105729536.000000 0.000000
119064293105729536.000000 0.000000
119064293105729536.000000 0.000000
119064293105729536.000000 0.000000
119064293105729536.000000 0.000000
119064293105729536.000000 0.000000
119064293105729536.000000 0.000000
119064293105729536.000000 0.000000
119064293105729536.000000 0.000000
119064293105729536.000000 0.000000
119064293105729536.000000 0.000000
119064293105729536.000000 0.000000
119064293105729536.000000 0.000000
119064293105729536.000000 0.000000
119064293105729536.000000 0.000000
119064293105729536.000000 0.000000
119064293105729536.000000 0.000000
119064293105729536.000000 0.000000
119064293105729536.000000 0.000000
119064293105729536.000000 0.000000
119064293105729536.000000 0.000000
119064293105729536.000000 0.000000
119064293105729536.000000 0.000000
119064293105729536.000000 0.000000
119064293105729536.000000 0.000000
119064293105729536.000000 0.000000
119064293105729536.000000 0.000000
119064293105729536.000000 0.000000
119064293105729536.000000 0.000000
119064293105729536.000000 0.000000
119064293105729536.000000 0.000000
119064293105729536.000000 0.000000
119064293105729536.000000 0.000000
119064293105729536.000000 0.000000
119064293105729536.000000 0.000000
119064293105729536.000000 0.000000
119064293105729536.000000 0.000000
119064293105729536.000000 0.000000
119064293105729536.000000 0.000000
119064293105729536.000000 0.000000
119064293105729536.000000 0.000000
119064293105729536.000000 0.000000
119064293105729536.000000 0.000000
119064293105729536.000000 0.000000
119064293105729536.000000 0.000000
119064293105729536.000000 0.000000
119064293105729536.000000 0.000000
119064293105729536.000000 0.000000
119064293105729536.000000 0.000000
119064293105729536.000000 0.000000
119064293105729536.000000 0.000000
119064293105729536.000000 0.000000
119064293105729536.000000 0.000000
119064293105729536.000000 0.000000
119064293105729536.000000 0.000000
119064293105729536.000000 0.000000
119064293105729536.000000 0.000000
119064293105729536.000000 0.000000
119064293105729536.000000 0.000000
119064293105729536.000000 0.000000
119064293105729536.000000 0.000000
119064293105729536.000000 0.000000
119064293105729536.000000 0.000000
119064293105729536.000000 0.000000
119064293105729536.000000 0.000000
119064293105729536.000000 0.000000
119064293105729536.000000 0.000000
119064293105729536.000000 0.000000
119064293105729536.000000 0.000000
119064293105729536.000000 0.000000
119064293105729536.000000 0.000000
119064293105729536.000000 0.000000
119064293105729536.000000 0.000000
119064293105729536.000000 0.000000
119064293105729536.000000 0.000000
119064293105729536.000000 0.000000
119064293105729536.000000 0.000000
119064293105729536.000000 0.000000
119064293105729536.000000 0.000000
119064293105729536.000000 0.000000
119064293105729536.000000 0.000000
119064293105729536.000000 0.000000
119064293105729536.000000 0.000000
119064293105729536.000000 0.000000
119064293105729536.000000 0.000000
119064293105729536.000000 0.000000
119064293105729536.000000 0.000000
119064293105729536.000000 0.000000
119064293105729536.000000 0.000000
119064293105729536.000000 0.000000
119064293105729536.000000 0.000000
119064293105729536.000000 0.000000
119064293105729536.000000 0.000000
119064293105729536.000000 0.000000
119064293105729536.000000 0.000000
119064293105729536.000000 0.000000
119064293105729536.000000 0.000000
119064293105729536.000000 0.000000
119064293105729536.000000 0.000000
119064293105729536.000000 0.000000
119064293105729536.000000 0.000000
119064293105729536.000000 0.000000
119064293105729536.000000 0.000000
119064293105729536.000000 0.000000
119064293105729536.000000 0.000000
119064293105729536.000000 0.000000
119064293105729536.000000 0.000000
119064293105729536.000000 0.000000
119064293105729536.000000 0.000000
119064293105729536.000000 0.000000
119064293105729536.000000 0.000000
79376192540508160.000000 0.000000
52917463125327872.000000 0.000000
35278309466046464.000000 0.000000
23518873693192192.000000 0.000000
15679248412966912.000000 0.000000
10452832633225216.000000 0.000000
6968554909859840.000000 0.000000
4645703452196864.000000 0.000000
3097135545319424.000000 0.000000
2064757074952192.000000 0.000000
1376504671895552.000000 0.000000
917669826002944.000000 0.000000
611779839262720.000000 0.000000
407853248544768.000000 0.000000
271902165696512.000000 0.000000
181268104871936.000000 0.000000
120845406044160.000000 0.000000
80563604029440.000000 0.000000
53709069352960.000000 0.000000
35806047633408.000000 0.000000
23870696325120.000000 0.000000
15913798598656.000000 0.000000
10609198366720.000000 0.000000
7072799260672.000000 0.000000
4715199332352.000000 0.000000
3143466221568.000000 0.000000
2095644147712.000000 0.000000
1397096185856.000000 0.000000
931397435392.000000 0.000000
620931645440.000000 0.000000
413954408448.000000 0.000000
275969605632.000000 0.000000
183979737088.000000 0.000000
122653155328.000000 0.000000
81768775680.000000 0.000000
54512513024.000000 0.000000
36341678080.000000 0.000000
24227784704.000000 0.000000
16151856128.000000 0.000000
10767903744.000000 0.000000
7178603008.000000 0.000000
4785735168.000000 0.000000
3190490112.000000 0.000000
2126993408.000000 0.000000
1417995648.000000 0.000000
945330432.000000 0.000000
630220288.000000 0.000000
420146848.000000 0.000000
280097888.000000 0.000000
186731936.000000 0.000000
124487952.000000 0.000000
82991968.000000 0.000000
55327980.000000 0.000000
36885320.000000 0.000000
24590214.000000 0.000000
24590214.000000 0.000000
24590214.000000 0.000000
24590214.000000 0.000000
24590214.000000 0.000000
24590214.000000 0.000000
24590214.000000 0.000000
24590214.000000 0.000000
24590214.000000 0.000000
24590214.000000 0.000000
24590214.000000 0.000000
24590214.000000 0.000000
24590214.000000 0.000000
24590214.000000 0.000000
24590214.000000 0.000000
24590214.000000 0.000000
24590214.000000 0.000000
24590214.000000 0.000000
24590214.000000 0.000000
24590214.000000 0.000000
24590214.000000 0.000000
24590214.000000 0.000000
24590214.000000 0.000000
24590214.000000 0.000000
24590214.000000 0.000000
24590214.000000 0.000000
24590214.000000 0.000000
24590214.000000 0.000000
24590214.000000 0.000000
24590214.000000 0.000000
24590214.000000 0.000000
24590214.000000 0.000000
24590214.000000 0.000000
24590214.000000 0.000000
24590214.000000 0.000000
24590214.000000 0.000000
24590214.000000 0.000000
24590214.000000 0.000000
24590214.000000 0.000000
24590214.000000 0.000000
24590214.000000 0.000000
24590214.000000 0.000000
24590214.000000 0.000000
24590214.000000 0.000000
24590214.000000 0.000000
24590214.000000 0.000000
24590214.000000 0.000000
24590214.000000 0.000000
24590214.000000 0.000000
24590214.000000 0.000000
24590214.000000 0.000000
24590214.000000 0.000000
24590214.000000 0.000000
24590214.000000 0.000000
24590214.000000 0.000000
24590214.000000 0.000000
24590214.000000 0.000000
24590214.000000 0.000000
24590214.000000 0.000000
24590214.000000 0.000000
24590214.000000 0.000000
24590214.000000 0.000000
24590214.000000 0.000000
24590214.000000 0.000000
24590214.000000 0.000000
24590214.000000 0.000000
24590214.000000 0.000000
24590214.000000 0.000000
24590214.000000 0.000000
24590214.000000 0.000000
24590214.000000 0.000000
24590214.000000 0.000000
24590214.000000 0.000000
24590214.000000 0.000000
24590214.000000 0.000000
24590214.000000 0.000000
24590214.000000 0.000000
24590214.000000 0.000000
24590214.000000 0.000000
24590214.000000 0.000000
24590214.000000 0.000000
24590214.000000 0.000000
24590214.000000 0.000000
24590214.000000 0.000000
24590214.000000 0.000000
24590214.000000 0.000000
24590214.000000 0.000000
24590214.000000 0.000000
24590214.000000 0.000000
24590214.000000 0.000000
24590214.000000 0.000000
24590214.000000 0.000000
24590214.000000 0.000000
24590214.000000 0.000000
24590214.000000 0.000000
24590214.000000 0.000000
24590214.000000 0.000000
24590214.000000 0.000000
24590214.000000 0.000000
24590214.000000 0.000000
24590214.000000 0.000000
24590214.000000 0.000000
24590214.000000 0.000000
24590214.000000 0.000000
24590214.000000 0.000000
24590214.000000 0.000000
24590214.000000 0.000000
24590214.000000 0.000000
24590214.000000 0.000000
24590214.000000 0.000000
24590214.000000 0.000000
24590214.000000 0.000000
24590214.000000 0.000000
24590214.000000 0.000000
24590214.000000 0.000000
24590214.000000 0.000000
24590214.000000 0.000000
24590214.000000 0.000000
24590214.000000 0.000000
24590214.000000 0.000000
24590214.000000 0.000000
24590214.000000 0.000000
24590214.000000 0.000000
24590214.000000 0.000000
24590214.000000 0.000000
24590214.000000 0.000000
24590214.000000 0.000000
24590214.000000 0.000000
24590214.000000 0.000000
24590214.000000 0.000000
24590214.000000 0.000000
24590214.000000 0.000000
24590214.000000 0.000000
24590214.000000 0.000000
24590214.000000 0.000000
24590214.000000 0.000000
24590214.000000 0.000000
24590214.000000 0.000000
24590214.000000 0.000000
24590214.000000 0.000000
24590214.000000 0.000000
24590214.000000 0.000000
24590214.000000 0.000000
24590214.000000 0.000000
24590214.000000 0.000000
24590214.000000 0.000000
24590214.000000 0.000000
24590214.000000 0.000000
24590214.000000 0.000000
24590214.000000 0.000000
24590214.000000 0.000000
24590214.000000 0.000000
24590214.000000 0.000000
24590214.000000 0.000000
24590214.000000 0.000000
24590214.000000 0.000000
24590214.000000 0.000000
24590214.000000 0.000000
24590214.000000 0.000000
24590214.000000 0.000000
24590214.000000 0.000000
24590214.000000 0.000000
24590214.000000 0.000000
24590214.000000 0.000000
24590214.000000 0.000000
24590214.000000 0.000000
24590214.000000 0.000000
24590214.000000 0.000000
24590214.000000 0.000000
24590214.000000 0.000000
24590214.000000 0.000000
24590214.000000 0.000000
24590214.000000 0.000000
24590214.000000 0.000000
24590214.000000 0.000000
24590214.000000 0.000000
24590214.000000 0.000000
24590214.000000 0.000000
24590214.000000 0.000000
24590214.000000 0.000000
24590214.000000 0.000000
24590214.000000 0.000000
24590214.000000 0.000000
24590214.000000 0.000000
24590214.000000 0.000000
24590214.000000 0.000000
24590214.000000 0.000000
24590214.000000 0.000000
24590214.000000 0.000000
24590214.000000 0.000000
24590214.000000 0.000000
24590214.000000 0.000000
24590214.000000 0.000000
24590214.000000 0.000000
24590214.000000 0.000000
24590214.000000 0.000000
24590214.000000 0.000000
24590214.000000 0.000000
24590214.000000 0.000000
24590214.000000 0.000000
24590214.000000 0.000000
24590214.000000 0.000000
24590214.000000 0.000000
24590214.000000 0.000000
24590214.000000 0.000000
24590214.000000 0.000000
24590214.000000 0.000000
24590214.000000 0.000000
24590214.000000 0.000000
24590214.000000 0.000000
24590214.000000 0.000000
24590214.000000 0.000000
24590214.000000 0.000000
24590214.000000 0.000000
24590214.000000 0.000000
24590214.000000 0.000000
24590214.000000 0.000000
24590214.000000 0.000000
24590214.000000 0.000000
24590214.000000 0.000000
24590214.000000 0.000000
24590214.000000 0.000000
24590214.000000 0.000000
24590214.000000 0.000000
24590214.000000 0.000000
24590214.000000 0.000000
24590214.000000 0.000000
24590214.000000 0.000000
24590214.000000 0.000000
24590214.000000 0.000000
24590214.000000 0.000000
24590214.000000 0.000000
24590214.000000 0.000000
24590214.000000 0.000000
24590214.000000 0.000000
24590214.000000 0.000000
24590214.000000 0.000000
24590214.000000 0.000000
24590214.000000 0.000000
24590214.000000 0.000000
24590214.000000 0.000000
24590214.000000 0.000000
24590214.000000 0.000000
24590214.000000 0.000000
24590214.000000 0.000000
24590214.000000 0.000000
24590214.000000 0.000000
24590214.000000 0.000000
24590214.000000 0.000000
24590214.000000 0.000000
24590214.000000 0.000000
24590214.000000 0.000000
24590214.000000 0.000000
24590214.000000 0.000000
24590214.000000 0.000000
24590214.000000 0.000000
24590214.000000 0.000000
24590214.000000 0.000000
24590214.000000 0.000000
24590214.000000 0.000000
24590214.000000 0.000000
16393476.000000 0.000000
10928984.000000 0.000000
7285989.000000 0.000000
4857326.000000 0.000000
3238217.500000 0.000000
2158811.500000 0.000000
1439207.750000 0.000000
959471.812500 0.000000
639647.875000 0.000000
426431.906250 0.000000
284287.937500 0.000000
189525.296875 0.000000
126350.195312 0.000000
84233.468750 0.000000
56155.644531 0.000000
37437.097656 0.000000
24958.064453 0.000000
16638.708984 0.000000
11092.472656 0.000000
7394.981934 0.000000
4929.987793 0.000000
3286.658691 0.000000
2191.105713 0.000000
1460.737183 0.000000
973.824768 0.000000
649.216492 0.000000
432.811005 0.000000
288.540680 0.000000
192.360443 0.000000
128.240295 0.000000
85.493530 0.000000
56.995689 0.000000
37.997128 0.000000
25.331417 0.000000
16.887611 0.000000
11.258408 0.000000
11.258408 0.000000
11.258408 0.000000
11.258408 0.000000
11.258408 0.000000
11.258408 0.000000
11.258408 0.000000
11.258408 0.000000
11.258408 0.000000
11.258408 0.000000
11.258408 0.000000
11.258408 0.000000
11.258408 0.000000
11.258408 0.000000
11.258408 0.000000
11.258408 0.000000
11.258408 0.000000
11.258408 0.000000
11.258408 0.000000
11.258408 0.000000
11.258408 0.000000
11.258408 0.000000
11.258408 0.000000
11.258408 0.000000
11.258408 0.000000
11.258408 0.000000
11.258408 0.000000
11.258408 0.000000
11.258408 0.000000
11.258408 0.000000
11.258408 0.000000
11.258408 0.000000
11.258408 0.000000
11.258408 0.000000
11.258408 0.000000
11.258408 0.000000
11.258408 0.000000
11.258408 0.000000
11.258408 0.000000
11.258408 0.000000
11.258408 0.000000
11.258408 0.000000
11.258408 0.000000
11.258408 0.000000
11.258408 0.000000
11.258408 0.000000
11.258408 0.000000
11.258408 0.000000
11.258408 0.000000
11.258408 0.000000
11.258408 0.000000
11.258408 0.000000
11.258408 0.000000
11.258408 0.000000
11.258408 0.000000
11.258408 0.000000
11.258408 0.000000
11.258408 0.000000
11.258408 0.000000
11.258408 0.000000
11.258408 0.000000
11.258408 0.000000
11.258408 0.000000
11.258408 0.000000
11.258408 0.000000
11.258408 0.000000
11.258408 0.000000
11.258408 0.000000
11.258408 0.000000
11.258408 0.000000
11.258408 0.000000
11.258408 0.000000
11.258408 0.000000
11.258408 0.000000
11.258408 0.000000
11.258408 0.000000
11.258408 0.000000
11.258408 0.000000
11.258408 0.000000
11.258408 0.000000
11.258408 0.000000
11.258408 0.000000
11.258408 0.000000
11.258408 0.000000
11.258408 0.000000
11.258408 0.000000
11.258408 0.000000
11.258408 0.000000
11.258408 0.000000
11.258408 0.000000
11.258408 0.000000
11.258408 0.000000
11.258408 0.000000
11.258408 0.000000
11.258408 0.000000
11.258408 0.000000
11.258408 0.000000
11.258408 0.000000
11.258408 0.000000
11.258408 0.000000
11.258408 0.000000
11.258408 0.000000
11.258408 0.000000
11.258408 0.000000
11.258408 0.000000
11.258408 0.000000
11.258408 0.000000
11.258408 0.000000
11.258408 0.000000
11.258408 0.000000
11.258408 0.000000
11.258408 0.000000
11.258408 0.000000
11.258408 0.000000
11.258408 0.000000
11.258408 0.000000
11.258408 0.000000
11.258408 0.000000
11.258408 0.000000
11.258408 0.000000
11.258408 0.000000
11.258408 0.000000
11.258408 0.000000
11.258408 0.000000
11.258408 0.000000
11.258408 0.000000
11.258408 0.000000
11.258408 0.000000
11.258408 0.000000
11.258408 0.000000
11.258408 0.000000
11.258408 0.000000
11.258408 0.000000
11.258408 0.000000
11.258408 0.000000
11.258408 0.000000
11.258408 0.000000
11.258408 0.000000
11.258408 0.000000
11.258408 0.000000
11.258408 0.000000
11.258408 0.000000
11.258408 0.000000
11.258408 0.000000
11.258408 0.000000
11.258408 0.000000
11.258408 0.000000
11.258408 0.000000
11.258408 0.000000
11.258408 0.000000
11.258408 0.000000
11.258408 0.000000
11.258408 0.000000
11.258408 0.000000
11.258408 0.000000
11.258408 0.000000
11.258408 0.000000
11.258408 0.000000
11.258408 0.000000
11.258408 0.000000
11.258408 0.000000
11.258408 0.000000
11.258408 0.000000
11.258408 0.000000
11.258408 0.000000
11.258408 0.000000
11.258408 0.000000
11.258408 0.000000
11.258408 0.000000
11.258408 0.000000
11.258408 0.000000
11.258408 0.000000
11.258408 0.000000
11.258408 0.000000
11.258408 0.000000
11.258408 0.000000
11.258408 0.000000
11.258408 0.000000
11.258408 0.000000
11.258408 0.000000
11.258408 0.000000
11.258408 0.000000
11.258408 0.000000
11.258408 0.000000
11.258408 0.000000
11.258408 0.000000
11.258408 0.000000
11.258408 0.000000
11.258408 0.000000
11.258408 0.000000
11.258408 0.000000
11.258408 0.000000
11.258408 0.000000
11.258408 0.000000
11.258408 0.000000
11.258408 0.000000
11.258408 0.000000
11.258408 0.000000
11.258408 0.000000
11.258408 0.000000
11.258408 0.000000
11.258408 0.000000
11.258408 0.000000
11.258408 0.000000
11.258408 0.000000
11.258408 0.000000
11.258408 0.000000
11.258408 0.000000
11.258408 0.000000
11.258408 0.000000
11.258408 0.000000
11.258408 0.000000
11.258408 0.000000
11.258408 0.000000
11.258408 0.000000
11.258408 0.000000
11.258408 0.000000
11.258408 0.000000
11.258408 0.000000
11.258408 0.000000
11.258408 0.000000
11.258408 0.000000
11.258408 0.000000
11.258408 0.000000
11.258408 0.000000
11.258408 0.000000
11.258408 0.000000
11.258408 0.000000
11.258408 0.000000
11.258408 0.000000
11.258408 0.000000
11.258408 0.000000
11.258408 0.000000
11.258408 0.000000
11.258408 0.000000
11.258408 0.000000
11.258408 0.000000
11.258408 0.000000
11.258408 0.000000
11.258408 0.000000
11.258408 0.000000
11.258408 0.000000
11.258408 0.000000
11.258408 0.000000
11.258408 0.000000
11.258408 0.000000
11.258408 0.000000
11.258408 0.000000
11.258408 0.000000
11.258408 0.000000
11.258408 0.000000
11.258408 0.000000
11.258408 0.000000
11.258408 0.000000
11.258408 0.000000
11.258408 0.000000
11.258408 0.000000
11.258408 0.000000
11.258408 0.000000
11.258408 0.000000
11.258408 0.000000
11.258408 0.000000
11.258408 0.000000
11.258408 0.000000
11.258408 0.000000
11.258408 0.000000
11.258408 0.000000
11.258408 0.000000
11.258408 0.000000
11.258408 0.000000
11.258408 0.000000
11.258408 0.000000
11.258408 0.000000
11.258408 0.000000
11.258408 0.000000
11.258408 0.000000
11.258408 0.000000
11.258408 0.000000
11.258408 0.000000
11.258408 0.000000
11.258408 0.000000
11.258408 0.000000
11.258408 0.000000
11.258408 0.000000
11.258408 0.000000
11.258408 0.000000
11.258408 0.000000
11.258408 0.000000
11.258408 0.000000
11.258408 0.000000
11.258408 0.000000
11.258408 0.000000
11.258408 0.000000
11.258408 0.000000
11.258408 0.000000
11.258408 0.000000
11.258408 0.000000
11.258408 0.000000
11.258408 0.000000
11.258408 0.000000
11.258408 0.000000
11.258408 0.000000
11.258408 0.000000
11.258408 0.000000
11.258408 0.000000
11.258408 0.000000
11.258408 0.000000
11.258408 0.000000
11.258408 0.000000
11.258408 0.000000
11.258408 0.000000
11.258408 0.000000
11.258408 0.000000
11.258408 0.000000
11.258408 0.000000
11.258408 0.000000
11.258408 0.000000
11.258408 0.000000
11.258408 0.000000
11.258408 0.000000
11.258408 0.000000
11.258408 0.000000
11.258408 0.000000
11.258408 0.000000
11.258408 0.000000
11.258408 0.000000
11.258408 0.000000
11.258408 0.000000
11.258408 0.000000
11.258408 0.000000
11.258408 0.000000
11.258408 0.000000
11.258408 0.000000
11.258408 0.000000
11.258408 0.000000
11.258408 0.000000
11.258408 0.000000
11.258408 0.000000
11.258408 0.000000
11.258408 0.000000
11.258408 0.000000
11.258408 0.000000
11.258408 0.000000
11.258408 0.000000
11.258408 0.000000
11.258408 0.000000
11.258408 0.000000
11.258408 0.000000
11.258408 0.000000
11.258408 0.000000
11.258408 0.000000
11.258408 0.000000
11.258408 0.000000
11.258408 0.000000
11.258408 0.000000
11.258408 0.000000
11.258408 0.000000
11.258408 0.000000
11.258408 0.000000
11.258408 0.000000
11.258408 0.000000
11.258408 0.000000
11.258408 0.000000
11.258408 0.000000
11.258408 0.000000
11.258408 0.000000
11.258408 0.000000
11.258408 0.000000
11.258408 0.000000
11.258408 0.000000
11.258408 0.000000
11.258408 0.000000
11.258408 0.000000
11.258408 0.000000
11.258408 0.000000
11.258408 0.000000
11.258408 0.000000
11.258408 0.000000
11.258408 0.000000
11.258408 0.000000
11.258408 0.000000
11.258408 0.000000
11.258408 0.000000
11.258408 0.000000
11.258408 0.000000
11.258408 0.000000
11.258408 0.000000
11.258408 0.000000
11.258408 0.000000
11.258408 0.000000
11.258408 0.000000
11.258408 0.000000
11.258408 0.000000
11.258408 0.000000
11.258408 0.000000
11.258408 0.000000
11.258408 0.000000
11.258408 0.000000
11.258408 0.000000
11.258408 0.000000
11.258408 0.000000
11.258408 0.000000
11.258408 0.000000
11.258408 0.000000
11.258408 0.000000
11.258408 0.000000
11.258408 0.000000
11.258408 0.000000
11.258408 0.000000
11.258408 0.000000
11.258408 0.000000
11.258408 0.000000
11.258408 0.000000
11.258408 0.000000
11.258408 0.000000
11.258408 0.000000
11.258408 0.000000
11.258408 0.000000
11.258408 0.000000
11.258408 0.000000
11.258408 0.000000
11.258408 0.000000
11.258408 0.000000
11.258408 0.000000
11.258408 0.000000
11.258408 0.000000
11.258408 0.000000
11.258408 0.000000
11.258408 0.000000
11.258408 0.000000
11.258408 0.000000
11.258408 0.000000
11.258408 0.000000
11.258408 0.000000
11.258408 0.000000
11.258408 0.000000
11.258408 0.000000
11.258408 0.000000
11.258408 0.000000
11.258408 0.000000
11.258408 0.000000
11.258408 0.000000
11.258408 0.000000
11.258408 0.000000
11.258408 0.000000
11.258408 0.000000
11.258408 0.000000
11.258408 0.000000
11.258408 0.000000
11.258408 0.000000
11.258408 0.000000
11.258408 0.000000
11.258408 0.000000
11.258408 0.000000
11.258408 0.000000
11.258408 0.000000
11.258408 0.000000
11.258408 0.000000
11.258408 0.000000
11.258408 0.000000
11.258408 0.000000
11.258408 0.000000
11.258408 0.000000
11.258408 0.000000
11.258408 0.000000
11.258408 0.000000
11.258408 0.000000
11.258408 0.000000
11.258408 0.000000
11.258408 0.000000
11.258408 0.000000
11.258408 0.000000
11.258408 0.000000
11.258408 0.000000
11.258408 0.000000
11.258408 0.000000
11.258408 0.000000
11.258408 0.000000
11.258408 0.000000
11.258408 0.000000
11.258408 0.000000
11.258408 0.000000
11.258408 0.000000
11.258408 0.000000
11.258408 0.000000
11.258408 0.000000
11.258408 0.000000
11.258408 0.000000
11.258408 0.000000
11.258408 0.000000
11.258408 0.000000
11.258408 0.000000
11.258408 0.000000
11.258408 0.000000
11.258408 0.000000
11.258408 0.000000
11.258408 0.000000
11.258408 0.000000
11.258408 0.000000
11.258408 0.000000
11.258408 0.000000
11.258408 0.000000
11.258408 0.000000
11.258408 0.000000
11.258408 0.000000
11.258408 0.000000
11.258408 0.000000
11.258408 0.000000
11.258408 0.000000
11.258408 0.000000
11.258408 0.000000
11.258408 0.000000
11.258408 0.000000
11.258408 0.000000
11.258408 0.000000
11.258408 0.000000
11.258408 0.000000
11.258408 0.000000
11.258408 0.000000
11.258408 0.000000
11.258408 0.000000
11.258408 0.000000
11.258408 0.000000
11.258408 0.000000
11.258408 0.000000
11.258408 0.000000
11.258408 0.000000
11.258408 0.000000
11.258408 0.000000
11.258408 0.000000
11.258408 0.000000
11.258408 0.000000
11.258408 0.000000
11.258408 0.000000
11.258408 0.000000
11.258408 0.000000
11.258408 0.000000
11.258408 0.000000
11.258408 0.000000
11.258408 0.000000
11.258408 0.000000
11.258408 0.000000
11.258408 0.000000
11.258408 0.000000
11.258408 0.000000
11.258408 0.000000
11.258408 0.000000
11.258408 0.000000
11.258408 0.000000
11.258408 0.000000
11.258408 0.000000
11.258408 0.000000
11.258408 0.000000
11.258408 0.000000
11.258408 0.000000
11.258408 0.000000
11.258408 0.000000
11.258408 0.000000
11.258408 0.000000
11.258408 0.000000
11.258408 0.000000
11.258408 0.000000
11.258408 0.000000
11.258408 0.000000
11.258408 0.000000
11.258408 0.000000
11.258408 0.000000
11.258408 0.000000
11.258408 0.000000
11.258408 0.000000
11.258408 0.000000
11.258408 0.000000
11.258408 0.000000
11.258408 0.000000
11.258408 0.000000
11.258408 0.000000
11.258408 0.000000
11.258408 0.000000
11.258408 0.000000
11.258408 0.000000
11.258408 0.000000
11.258408 0.000000
11.258408 0.000000
11.258408 0.000000
11.258408 0.000000
11.258408 0.000000
11.258408 0.000000
11.258408 0.000000
11.258408 0.000000
11.258408 0.000000
11.258408 0.000000
11.258408 0.000000
11.258408 0.000000
11.258408 0.000000
11.258408 0.000000
11.258408 0.000000
11.258408 0.000000
11.258408 0.000000
11.258408 0.000000
11.258408 0.000000
11.258408 0.000000
11.258408 0.000000
11.258408 0.000000
11.258408 0.000000
11.258408 0.000000
11.258408 0.000000
11.258408 0.000000
11.258408 0.000000
11.258408 0.000000
11.258408 0.000000
11.258408 0.000000
11.258408 0.000000
11.258408 0.000000
11.258408 0.000000
11.258408 0.000000
11.258408 0.000000
11.258408 0.000000
11.258408 0.000000
11.258408 0.000000
11.258408 0.000000
11.258408 0.000000
11.258408 0.000000
11.258408 0.000000
11.258408 0.000000
11.258408 0.000000
11.258408 0.000000
11.258408 0.000000
11.258408 0.000000
11.258408 0.000000
11.258408 0.000000
11.258408 0.000000
11.258408 0.000000
11.258408 0.000000
11.258408 0.000000
11.258408 0.000000
11.258408 0.000000
11.258408 0.000000
11.258408 0.000000
11.258408 0.000000
11.258408 0.000000
11.258408 0.000000
11.258408 0.000000
11.258408 0.000000
11.258408 0.000000
11.258408 0.000000
11.258408 0.000000
11.258408 0.000000
11.258408 0.000000
11.258408 0.000000
11.258408 0.000000
11.258408 0.000000
11.258408 0.000000
11.258408 0.000000
11.258408 0.000000
11.258408 0.000000
11.258408 0.000000
11.258408 0.000000
11.258408 0.000000
11.258408 0.000000
11.258408 0.000000
11.258408 0.000000
11.258408 0.000000
11.258408 0.000000
11.258408 0.000000
11.258408 0.000000
11.258408 0.000000
11.258408 0.000000
11.258408 0.000000
11.258408 0.000000
11.258408 0.000000
11.258408 0.000000
11.258408 0.000000
11.258408 0.000000
11.258408 0.000000
11.258408 0.000000
11.258408 0.000000
11.258408 0.000000
11.258408 0.000000
11.258408 0.000000
11.258408 0.000000
11.258408 0.000000
11.258408 0.000000
11.258408 0.000000
11.258408 0.000000
11.258408 0.000000
11.258408 0.000000
11.258408 0.000000
11.258408 0.000000
11.258408 0.000000
11.258408 0.000000
11.258408 0.000000
11.258408 0.000000
11.258408 0.000000
11.258408 0.000000
11.258408 0.000000
11.258408 0.000000
11.258408 0.000000
11.258408 0.000000
11.258408 0.000000
11.258408 0.000000
11.258408 0.000000
11.258408 0.000000
11.258408 0.000000
11.258408 0.000000
11.258408 0.000000
11.258408 0.000000
11.258408 0.000000
11.258408 0.000000
11.258408 0.000000
11.258408 0.000000
11.258408 0.000000
11.258408 0.000000
11.258408 0.000000
11.258408 0.000000
11.258408 0.000000
11.258408 0.000000
11.258408 0.000000
11.258408 0.000000
11.258408 0.000000
11.258408 0.000000
11.258408 0.000000
11.258408 0.000000
11.258408 0.000000
11.258408 0.000000
11.258408 0.000000
11.258408 0.000000
11.258408 0.000000
11.258408 0.000000
11.258408 0.000000
11.258408 0.000000
11.258408 0.000000
11.258408 0.000000
11.258408 0.000000
11.258408 0.000000
11.258408 0.000000
11.258408 0.000000
11.258408 0.000000
11.258408 0.000000
11.258408 0.000000
11.258408 0.000000
11.258408 0.000000
11.258408 0.000000
11.258408 0.000000
11.258408 0.000000
11.258408 0.000000
11.258408 0.000000
11.258408 0.000000
11.258408 0.000000
11.258408 0.000000
11.258408 0.000000
11.258408 0.000000
11.258408 0.000000
11.258408 0.000000
11.258408 0.000000
11.258408 0.000000
11.258408 0.000000
11.258408 0.000000
11.258408 0.000000
11.258408 0.000000
11.258408 0.000000
11.258408 0.000000
11.258408 0.000000
11.258408 0.000000
11.258408 0.000000
11.258408 0.000000
11.258408 0.000000
11.258408 0.000000
11.258408 0.000000
11.258408 0.000000
11.258408 0.000000
11.258408 0.000000
11.258408 0.000000
11.258408 0.000000
11.258408 0.000000
11.258408 0.000000
11.258408 0.000000
11.258408 0.000000
11.258408 0.000000
11.258408 0.000000
11.258408 0.000000
11.258408 0.000000
11.258408 0.000000
11.258408 0.000000
11.258408 0.000000
11.258408 0.000000
11.258408 0.000000
11.258408 0.000000
11.258408 0.000000
11.258408 0.000000
11.258408 0.000000
11.258408 0.000000
11.258408 0.000000
11.258408 0.000000
11.258408 0.000000
11.258408 0.000000
11.258408 0.000000
11.258408 0.000000
11.258408 0.000000
11.258408 0.000000
11.258408 0.000000
11.258408 0.000000
11.258408 0.000000
11.258408 0.000000
11.258408 0.000000
11.258408 0.000000
11.258408 0.000000
11.258408 0.000000
11.258408 0.000000
11.258408 0.000000
11.258408 0.000000
11.258408 0.000000
11.258408 0.000000
11.258408 0.000000
11.258408 0.000000
11.258408 0.000000
11.258408 0.000000
11.258408 0.000000
11.258408 0.000000
11.258408 0.000000
11.258408 0.000000
11.258408 0.000000
11.258408 0.000000
11.258408 0.000000
11.258408 0.000000
11.258408 0.000000
11.258408 0.000000
11.258408 0.000000
11.258408 0.000000
11.258408 0.000000
11.258408 0.000000
11.258408 0.000000
11.258408 0.000000
11.258408 0.000000
11.258408 0.000000
11.258408 0.000000
11.258408 0.000000
11.258408 0.000000
11.258408 0.000000
11.258408 0.000000
11.258408 0.000000
11.258408 0.000000
11.258408 0.000000
11.258408 0.000000
11.258408 0.000000
11.258408 0.000000
11.258408 0.000000
11.258408 0.000000
11.258408 0.000000
11.258408 0.000000
11.258408 0.000000
11.258408 0.000000
11.258408 0.000000
11.258408 0.000000
11.258408 0.000000
11.258408 0.000000
11.258408 0.000000
11.258408 0.000000
11.258408 0.000000
11.258408 0.000000
11.258408 0.000000
11.258408 0.000000
11.258408 0.000000
11.258408 0.000000
11.258408 0.000000
11.258408 0.000000
11.258408 0.000000
11.258408 0.000000
11.258408 0.000000
11.258408 0.000000
11.258408 0.000000
11.258408 0.000000
11.258408 0.000000
11.258408 0.000000
11.258408 0.000000
11.258408 0.000000
11.258408 0.000000
11.258408 0.000000
11.258408 0.000000
11.258408 0.000000
11.258408 0.000000
11.258408 0.000000
11.258408 0.000000
11.258408 0.000000
11.258408 0.000000
11.258408 0.000000
11.258408 0.000000
11.258408 0.000000
11.258408 0.000000
11.258408 0.000000
11.258408 0.000000
11.258408 0.000000
11.258408 0.000000
11.258408 0.000000
11.258408 0.000000
11.258408 0.000000
11.258408 0.000000
11.258408 0.000000
11.258408 0.000000
11.258408 0.000000
11.258408 0.000000
11.258408 0.000000
11.258408 0.000000
11.258408 0.000000
11.258408 0.000000
11.258408 0.000000
11.258408 0.000000
11.258408 0.000000
11.258408 0.000000
11.258408 0.000000
11.258408 0.000000
11.258408 0.000000
11.258408 0.000000
11.258408 0.000000
11.258408 0.000000
11.258408 0.000000
11.258408 0.000000
11.258408 0.000000
11.258408 0.000000
11.258408 0.000000
11.258408 0.000000
11.258408 0.000000
11.258408 0.000000
11.258408 0.000000
11.258408 0.000000
11.258408 0.000000
11.258408 0.000000
11.258408 0.000000
11.258408 0.000000
11.258408 0.000000
11.258408 0.000000
11.258408 0.000000
11.258408 0.000000
11.258408 0.000000
11.258408 0.000000
11.258408 0.000000
11.258408 0.000000
11.258408 0.000000
11.258408 0.000000
11.258408 0.000000
11.258408 0.000000
11.258408 0.000000
11.258408 0.000000
11.258408 0.000000
11.258408 0.000000
11.258408 0.000000
11.258408 0.000000
11.258408 0.000000
11.258408 0.000000
11.258408 0.000000
11.258408 0.000000
11.258408 0.000000
11.258408 0.000000
11.258408 0.000000
11.258408 0.000000
11.258408 0.000000
11.258408 0.000000
11.258408 0.000000
11.258408 0.000000
11.258408 0.000000
11.258408 0.000000
11.258408 0.000000
11.258408 0.000000
11.258408 0.000000
11.258408 0.000000
11.258408 0.000000
11.258408 0.000000
11.258408 0.000000
11.258408 0.000000
11.258408 0.000000
11.258408 0.000000
11.258408 0.000000
11.258408 0.000000
11.258408 0.000000
11.258408 0.000000
11.258408 0.000000
11.258408 0.000000
11.258408 0.000000
11.258408 0.000000
11.258408 0.000000
11.258408 0.000000
11.258408 0.000000
11.258408 0.000000
11.258408 0.000000
11.258408 0.000000
11.258408 0.000000
11.258408 0.000000
11.258408 0.000000
11.258408 0.000000
11.258408 0.000000
11.258408 0.000000
11.258408 0.000000
11.258408 0.000000
11.258408 0.000000
11.258408 0.000000
11.258408 0.000000
11.258408 0.000000
11.258408 0.000000
11.258408 0.000000
11.258408 0.000000
11.258408 0.000000
11.258408 0.000000
11.258408 0.000000
11.258408 0.000000
11.258408 0.000000
11.258408 0.000000
11.258408 0.000000
11.258408 0.000000
11.258408 0.000000
11.258408 0.000000
11.258408 0.000000
11.258408 0.000000
11.258408 0.000000
11.258408 0.000000
11.258408 0.000000
11.258408 0.000000
11.258408 0.000000
11.258408 0.000000
11.258408 0.000000
11.258408 0.000000
11.258408 0.000000
11.258408 0.000000
11.258408 0.000000
11.258408 0.000000
11.258408 0.000000
11.258408 0.000000
11.258408 0.000000
11.258408 0.000000
11.258408 0.000000
11.258408 0.000000
11.258408 0.000000
11.258408 0.000000
11.258408 0.000000
11.258408 0.000000
11.258408 0.000000
11.258408 0.000000
11.258408 0.000000
11.258408 0.000000
11.258408 0.000000
11.258408 0.000000
11.258408 0.000000
11.258408 0.000000
11.258408 0.000000
11.258408 0.000000
11.258408 0.000000
11.258408 0.000000
11.258408 0.000000
11.258408 0.000000
11.258408 0.000000
11.258408 0.000000
11.258408 0.000000
11.258408 0.000000
11.258408 0.000000
11.258408 0.000000
11.258408 0.000000
11.258408 0.000000
11.258408 0.000000
11.258408 0.000000
11.258408 0.000000
11.258408 0.000000
11.258408 0.000000
11.258408 0.000000
11.258408 0.000000
11.258408 0.000000
11.258408 0.000000
11.258408 0.000000
11.258408 0.000000
11.258408 0.000000
11.258408 0.000000
11.258408 0.000000
11.258408 0.000000
11.258408 0.000000
11.258408 0.000000
11.258408 0.000000
11.258408 0.000000
11.258408 0.000000
11.258408 0.000000
11.258408 0.000000
11.258408 0.000000
11.258408 0.000000
11.258408 0.000000
11.258408 0.000000
11.258408 0.000000
11.258408 0.000000
11.258408 0.000000
11.258408 0.000000
11.258408 0.000000
11.258408 0.000000
11.258408 0.000000
11.258408 0.000000
11.258408 0.000000
11.258408 0.000000
11.258408 0.000000
11.258408 0.000000
11.258408 0.000000
11.258408 0.000000
11.258408 0.000000
11.258408 0.000000
11.258408 0.000000
11.258408 0.000000
11.258408 0.000000
11.258408 0.000000
11.258408 0.000000
11.258408 0.000000
11.258408 0.000000
11.258408 0.000000
11.258408 0.000000
11.258408 0.000000
11.258408 0.000000
11.258408 0.000000
11.258408 0.000000
11.258408 0.000000
11.258408 0.000000
11.258408 0.000000
11.258408 0.000000
11.258408 0.000000
11.258408 0.000000
11.258408 0.000000
11.258408 0.000000
11.258408 0.000000
11.258408 0.000000
11.258408 0.000000
11.258408 0.000000
11.258408 0.000000
11.258408 0.000000
11.258408 0.000000
11.258408 0.000000
11.258408 0.000000
11.258408 0.000000
11.258408 0.000000
11.258408 0.000000
11.258408 0.000000
11.258408 0.000000
11.258408 0.000000
11.258408 0.000000
11.258408 0.000000
11.258408 0.000000
11.258408 0.000000
11.258408 0.000000
11.258408 0.000000
11.258408 0.000000
11.258408 0.000000
11.258408 0.000000
11.258408 0.000000
11.258408 0.000000
11.258408 0.000000
11.258408 0.000000
11.258408 0.000000
11.258408 0.000000
11.258408 0.000000
11.258408 0.000000
11.258408 0.000000
11.258408 0.000000
11.258408 0.000000
11.258408 0.000000
11.258408 0.000000
11.258408 0.000000
11.258408 0.000000
11.258408 0.000000
11.258408 0.000000
11.258408 0.000000
11.258408 0.000000
11.258408 0.000000
11.258408 0.000000
11.258408 0.000000
11.258408 0.000000
11.258408 0.000000
11.258408 0.000000
11.258408 0.000000
11.258408 0.000000
11.258408 0.000000
11.258408 0.000000
11.258408 0.000000
11.258408 0.000000
11.258408 0.000000
11.258408 0.000000
11.258408 0.000000
11.258408 0.000000
11.258408 0.000000
11.258408 0.000000
11.258408 0.000000
11.258408 0.000000
11.258408 0.000000
11.258408 0.000000
11.258408 0.000000
11.258408 0.000000
11.258408 0.000000
11.258408 0.000000
11.258408 0.000000
11.258408 0.000000
11.258408 0.000000
11.258408 0.000000
11.258408 0.000000
11.258408 0.000000
11.258408 0.000000
11.258408 0.000000
11.258408 0.000000
11.258408 0.000000
11.258408 0.000000
11.258408 0.000000
11.258408 0.000000
11.258408 0.000000
11.258408 0.000000
11.258408 0.000000
11.258408 0.000000
11.258408 0.000000
11.258408 0.000000
11.258408 0.000000
11.258408 0.000000
11.258408 0.000000
11.258408 0.000000
11.258408 0.000000
11.258408 0.000000
11.258408 0.000000
11.258408 0.000000
11.258408 0.000000
11.258408 0.000000
11.258408 0.000000
11.258408 0.000000
11.258408 0.000000
11.258408 0.000000
11.258408 0.000000
11.258408 0.000000
11.258408 0.000000
11.258408 0.000000
11.258408 0.000000
11.258408 0.000000
11.258408 0.000000
11.258408 0.000000
11.258408 0.000000
11.258408 0.000000
11.258408 0.000000
11.258408 0.000000
11.258408 0.000000
11.258408 0.000000
11.258408 0.000000
11.258408 0.000000
11.258408 0.000000
11.258408 0.000000
11.258408 0.000000
11.258408 0.000000
11.258408 0.000000
11.258408 0.000000
11.258408 0.000000
11.258408 0.000000
11.258408 0.000000
11.258408 0.000000
11.258408 0.000000
11.258408 0.000000
11.258408 0.000000
11.258408 0.000000
11.258408 0.000000
11.258408 0.000000
11.258408 0.000000
11.258408 0.000000
11.258408 0.000000
11.258408 0.000000
11.258408 0.000000
11.258408 0.000000
11.258408 0.000000
11.258408 0.000000
11.258408 0.000000
11.258408 0.000000
11.258408 0.000000
11.258408 0.000000
11.258408 0.000000
11.258408 0.000000
11.258408 0.000000
11.258408 0.000000
11.258408 0.000000
11.258408 0.000000
11.258408 0.000000
11.258408 0.000000
11.258408 0.000000
11.258408 0.000000
11.258408 0.000000
11.258408 0.000000
11.258408 0.000000
11.258408 0.000000
11.258408 0.000000
11.258408 0.000000
11.258408 0.000000
11.258408 0.000000
11.258408 0.000000
11.258408 0.000000
11.258408 0.000000
11.258408 0.000000
11.258408 0.000000
11.258408 0.000000
11.258408 0.000000
11.258408 0.000000
11.258408 0.000000
11.258408 0.000000
11.258408 0.000000
11.258408 0.000000
11.258408 0.000000
11.258408 0.000000
11.258408 0.000000
11.258408 0.000000
11.258408 0.000000
11.258408 0.000000
11.258408 0.000000
11.258408 0.000000
11.258408 0.000000
11.258408 0.000000
11.258408 0.000000
11.258408 0.000000
11.258408 0.000000
11.258408 0.000000
11.258408 0.000000
11.258408 0.000000
11.258408 0.000000
11.258408 0.000000
11.258408 0.000000
11.258408 0.000000
11.258408 0.000000
11.258408 0.000000
11.258408 0.000000
11.258408 0.000000
11.258408 0.000000
11.258408 0.000000
11.258408 0.000000
11.258408 0.000000
11.258408 0.000000
11.258408 0.000000
11.258408 0.000000
11.258408 0.000000
11.258408 0.000000
11.258408 0.000000
11.258408 0.000000
11.258408 0.000000
11.258408 0.000000
11.258408 0.000000
11.258408 0.000000
11.258408 0.000000
11.258408 0.000000
11.258408 0.000000
11.258408 0.000000
11.258408 0.000000
11.258408 0.000000
11.258408 0.000000
