5.146090 2.095856 1.601308
5.145117 2.127781 1.601136
5.144156 2.159707 1.600620
5.143216 2.191635 1.599761
5.142309 2.223564 1.598557
5.141447 2.255497 1.597009
5.140638 2.287432 1.595118
5.139896 2.319372 1.592884
5.139231 2.351316 1.590306
5.138653 2.383266 1.587385
5.138175 2.415222 1.584121
5.137805 2.447184 1.580515
5.137557 2.479154 1.576568
5.137440 2.511078 1.572286
5.137462 2.543009 1.568124
5.137593 2.574938 1.565537
5.137780 2.606851 1.564633
5.137968 2.638731 1.565413
5.138105 2.670564 1.567886
5.138135 2.702333 1.572063
5.138006 2.734023 1.577963
5.137664 2.765619 1.585608
5.137054 2.797105 1.595023
5.136123 2.828466 1.606240
5.134817 2.859687 1.619290
5.133257 2.887964 1.632792
5.131301 2.916099 1.647869
5.128909 2.944082 1.664547
5.126048 2.971901 1.682086
5.122710 2.999546 1.699898
5.118893 3.027005 1.717993
5.114595 3.054269 1.736382
5.109814 3.081328 1.755077
5.104015 3.110737 1.775933
5.097631 3.139873 1.797183
5.090657 3.168723 1.818842
5.083091 3.197272 1.840924
5.074931 3.225508 1.863440
5.066173 3.253416 1.886402
5.056815 3.280984 1.909821
5.046853 3.308197 1.933707
5.036285 3.335042 1.958055
5.025111 3.361507 1.982559
5.013339 3.387587 2.007080
5.000976 3.413276 2.031610
4.988031 3.438567 2.056144
4.974512 3.463455 2.080673
4.960426 3.487934 2.105192
4.945784 3.511998 2.129695
4.930591 3.535642 2.154176
4.914856 3.558860 2.178631
4.898588 3.581645 2.203054
4.881794 3.603992 2.227440
4.864483 3.625896 2.251786
4.846663 3.647349 2.276087
4.828341 3.668348 2.300374
4.809525 3.688883 2.324703
4.790220 3.708949 2.349072
4.770373 3.728594 2.373547
4.750046 3.747751 2.398054
4.729246 3.766413 2.422588
4.707978 3.784573 2.447144
4.686249 3.802222 2.471718
4.664065 3.819354 2.496305
4.641431 3.835960 2.520899
4.618355 3.852033 2.545496
4.594841 3.867567 2.570090
4.570896 3.882552 2.594675
4.546526 3.896983 2.619251
4.521737 3.910850 2.643840
4.496533 3.924146 2.668439
4.470921 3.936863 2.693040
4.444902 3.948993 2.717634
4.418485 3.960527 2.742212
4.391673 3.971457 2.766763
4.364471 3.981776 2.791279
4.336884 3.991474 2.815749
4.308918 4.000544 2.840164
4.280577 4.008978 2.864513
4.251866 4.016767 2.888787
4.222790 4.023904 2.912975
4.193355 4.030380 2.937052
4.163570 4.036195 2.960276
4.133518 4.041360 2.982243
4.103174 4.045910 3.003051
4.072568 4.049868 3.022753
4.041728 4.053256 3.041402
4.010684 4.056098 3.059047
3.979465 4.058416 3.075737
3.948099 4.060234 3.091517
3.916616 4.061574 3.106430
3.885045 4.062459 3.120514
3.853415 4.062914 3.133809
3.821755 4.062960 3.146347
3.790093 4.062621 3.158161
3.758127 4.061905 3.169864
3.726216 4.060806 3.182338
3.694386 4.059299 3.195642
3.662660 4.057359 3.209807
3.631065 4.054964 3.224866
3.599626 4.052089 3.240855
3.568369 4.048711 3.257812
3.537317 4.044806 3.275778
3.506498 4.040350 3.294791
3.475935 4.035319 3.314896
3.446002 4.029757 3.335883
3.416370 4.023589 3.358020
3.387062 4.016789 3.381348
3.358102 4.009336 3.405732
3.329505 4.001225 3.430265
3.301277 3.992464 3.454804
3.273425 3.983064 3.479342
3.245954 3.973037 3.503871
3.218869 3.962390 3.528383
3.192178 3.951136 3.552872
3.165885 3.939283 3.577334
3.139996 3.926843 3.601761
3.114519 3.913826 3.626150
3.089457 3.900241 3.650496
3.064818 3.886099 3.674796
3.040607 3.871411 3.699046
3.016830 3.856185 3.723247
2.993494 3.840433 3.747476
2.970603 3.824160 3.771777
2.948166 3.807372 3.796144
2.926188 3.790075 3.820572
2.904676 3.772276 3.845054
2.883636 3.753982 3.869586
2.863075 3.735197 3.894162
2.842999 3.715928 3.918775
2.823356 3.696123 3.943493
2.804215 3.675843 3.968235
2.785582 3.655096 3.992996
2.767462 3.633887 4.017770
2.749862 3.612222 4.042550
2.732790 3.590107 4.067406
2.716258 3.567549 4.092505
2.700278 3.544551 4.117854
2.684867 3.521118 4.143452
2.670038 3.497255 4.169297
2.655805 3.472967 4.195385
2.642183 3.448259 4.221709
2.629186 3.423136 4.248263
2.616828 3.397601 4.275039
2.605123 3.371661 4.302026
2.594086 3.345320 4.329210
2.583731 3.318582 4.356579
2.574072 3.291452 4.384117
2.565123 3.263936 4.411669
2.556880 3.236044 4.438166
2.549319 3.207792 4.463394
2.542415 3.179197 4.487367
2.536144 3.150275 4.510104
2.530479 3.121045 4.531631
2.525397 3.091522 4.551974
2.520879 3.061777 4.571130
2.516891 3.031775 4.589168
2.513409 3.001531 4.606118
2.510406 2.971062 4.622014
2.507859 2.940387 4.636885
2.505742 2.909520 4.650763
2.504030 2.878479 4.663675
2.502698 2.847281 4.675540
2.501714 2.815937 4.686303
2.501048 2.784463 4.695986
2.500669 2.752870 4.704611
2.500546 2.721172 4.712199
2.500647 2.689383 4.718767
2.500941 2.657515 4.724331
2.501398 2.625581 4.728905
2.501987 2.593596 4.732500
2.502676 2.561571 4.735125
2.503433 2.529520 4.736786
2.504230 2.497457 4.737487
2.505033 2.465394 4.737231
2.505814 2.433344 4.736197
2.506556 2.401309 4.734880
2.507252 2.369288 4.733309
2.507893 2.337278 4.731483
2.508472 2.305265 4.729401
2.508980 2.273259 4.727064
2.509409 2.241257 4.724473
2.509751 2.209256 4.721628
2.509997 2.177255 4.718530
2.510141 2.145251 4.715179
2.510173 2.113242 4.711576
2.510086 2.081225 4.707723
2.509872 2.049198 4.703620
2.509522 2.017159 4.699348
2.509045 1.985110 4.695826
2.508471 1.953060 4.693311
2.507833 1.921019 4.691801
2.507163 1.888996 4.691295
2.506493 1.857001 4.691796
2.505856 1.825044 4.693307
2.505285 1.793134 4.695834
2.504811 1.761280 4.699384
2.504468 1.729493 4.703966
2.504287 1.697782 4.709592
2.504302 1.666156 4.716275
2.504543 1.634625 4.724028
2.505045 1.603199 4.732869
2.505839 1.571888 4.742832
2.506942 1.541130 4.753801
2.508393 1.510520 4.765933
2.510225 1.480075 4.779259
2.512470 1.449815 4.793815
2.515159 1.419755 4.809636
2.518324 1.389916 4.826759
2.521998 1.360315 4.845224
2.526212 1.330970 4.865068
2.530997 1.301907 4.886322
2.536386 1.273137 4.909025
2.542410 1.244676 4.933210
2.549102 1.216544 4.958903
2.556492 1.188758 4.985948
2.564591 1.161331 5.013111
2.573387 1.134267 5.040137
2.582865 1.107573 5.067013
2.593013 1.081254 5.093723
2.603815 1.055315 5.120257
2.615259 1.029761 5.146605
2.627330 1.004599 5.172758
2.640015 0.979834 5.198709
2.653299 0.955470 5.224452
2.667170 0.931514 5.249983
2.681613 0.907971 5.275300
2.696615 0.884847 5.300401
2.712161 0.862146 5.325287
2.728239 0.839874 5.350049
2.744840 0.818037 5.374810
2.761959 0.796641 5.399563
2.779589 0.775691 5.424302
2.797722 0.755194 5.449019
2.816353 0.735153 5.473708
2.835475 0.715577 5.498361
2.855081 0.696469 5.522972
2.875166 0.677837 5.547535
2.895721 0.659685 5.572045
2.916741 0.642019 5.596494
2.938220 0.624845 5.620877
2.960149 0.608169 5.645188
2.982524 0.591996 5.669436
3.005338 0.576335 5.693761
3.028584 0.561198 5.718207
3.052256 0.546596 5.742773
3.076347 0.532543 5.767461
3.100852 0.519050 5.792271
3.125764 0.506129 5.817200
3.151077 0.493794 5.842247
3.176784 0.482055 5.867408
3.202880 0.470925 5.892680
3.229357 0.460417 5.918056
3.256210 0.450542 5.943532
3.283432 0.441313 5.969098
3.311018 0.432741 5.994747
3.338958 0.424837 6.020008
3.367240 0.417583 6.043981
3.395844 0.410954 6.066662
3.424752 0.404922 6.088079
3.453946 0.399461 6.108259
3.483822 0.394481 6.127491
3.513954 0.390032 6.145518
3.544323 0.386088 6.162372
3.574911 0.382622 6.178089
3.605698 0.379604 6.192702
3.636666 0.377009 6.206243
3.667795 0.374807 6.218742
3.699066 0.372972 6.230228
3.730461 0.371476 6.240734
3.761964 0.370292 6.250331
3.793565 0.369393 6.259048
3.825252 0.368755 6.266900
3.857004 0.368351 6.273895
3.888823 0.368156 6.280048
3.920696 0.368143 6.285370
3.952615 0.368287 6.289870
3.984568 0.368561 6.293554
4.016545 0.368941 6.296429
4.048536 0.369400 6.298500
4.080529 0.369912 6.299767
4.112516 0.370452 6.300234
4.144485 0.370994 6.299900
4.176427 0.371517 6.299174
4.208343 0.372015 6.298435
4.240233 0.372490 6.297682
4.272099 0.372940 6.296916
4.303943 0.373364 6.296135
4.335765 0.373764 6.295342
4.367568 0.374138 6.294535
4.399352 0.374486 6.293715
4.431118 0.374807 6.292881
4.462868 0.375101 6.292034
4.494604 0.375368 6.291174
4.526327 0.375608 6.290301
4.558037 0.375820 6.289416
4.589736 0.376003 6.288514
4.621427 0.376157 6.287583
4.653110 0.376281 6.286624
4.684786 0.376375 6.285635
4.716458 0.376436 6.284618
4.748127 0.376465 6.283572
4.779793 0.376461 6.282498
4.811460 0.376421 6.281394
4.843128 0.376347 6.280263
4.874798 0.376236 6.279104
4.906473 0.376088 6.277916
4.938153 0.375902 6.276701
4.969841 0.375677 6.275458
5.000703 0.375419 6.274222
5.031576 0.375123 6.272965
5.062460 0.374788 6.271690
5.093360 0.374413 6.270396
5.124278 0.373997 6.269084
5.155215 0.373540 6.267755
5.186176 0.373042 6.266407
5.217162 0.372501 6.265044
5.248176 0.371917 6.263664
5.279220 0.371289 6.262267
5.310297 0.370617 6.260855
5.341410 0.369900 6.259428
5.373404 0.369116 6.257946
5.405440 0.368283 6.256450
5.437522 0.367402 6.255171
5.469646 0.366497 6.255040
5.501804 0.365606 6.256150
5.533989 0.364770 6.258499
5.566192 0.364030 6.262085
5.598405 0.363424 6.266912
5.630621 0.362994 6.272982
5.662832 0.362780 6.280299
5.695030 0.362822 6.288870
5.727207 0.363160 6.298702
5.759366 0.363834 6.309805
5.791487 0.364885 6.322186
5.823564 0.366352 6.335850
5.855588 0.368277 6.350815
5.887542 0.370703 6.367362
5.919389 0.373678 6.385653
5.951090 0.377255 6.405745
5.982606 0.381484 6.427701
6.013898 0.386414 6.451584
6.044928 0.392098 6.477461
6.075655 0.398585 6.505394
6.106042 0.405926 6.535442
6.134088 0.413600 6.565467
6.161770 0.422105 6.597411
6.189057 0.431482 6.631291
6.215919 0.441773 6.667108
6.242322 0.453017 6.704840
6.268235 0.465257 6.744179
6.293622 0.478497 6.783645
6.318440 0.492713 6.823082
6.342652 0.507880 6.862568
6.366214 0.523971 6.902181
6.389087 0.540960 6.941998
6.411228 0.558823 6.982096
6.432599 0.577532 7.022551
6.454721 0.598615 7.066639
6.475848 0.620620 7.111317
6.495929 0.643513 7.156667
6.514913 0.667263 7.202765
6.532749 0.691836 7.249681
6.549384 0.717201 7.297472
6.564774 0.743323 7.345494
6.578924 0.770162 7.391764
6.591871 0.797672 7.436083
6.603652 0.825805 7.478407
6.614303 0.854516 7.518725
6.623861 0.883758 7.557053
6.632308 0.913279 7.593184
6.639750 0.943234 7.627444
6.646221 0.973575 7.659895
6.651760 1.004258 7.690614
6.656400 1.035238 7.719679
6.660179 1.066468 7.747173
6.663133 1.097904 7.773180
6.665297 1.129501 7.797722
6.666719 1.161225 7.820261
6.667462 1.193063 7.840666
6.667590 1.225001 7.858959
6.667165 1.257024 7.875170
6.666249 1.289209 7.889365
6.664906 1.321452 7.901525
6.663199 1.353741 7.911678
6.661195 1.386061 7.919848
6.658956 1.418399 7.926056
6.656546 1.450741 7.930316
6.654030 1.483074 7.932636
6.651472 1.515383 7.933017
6.648936 1.547655 7.931458
6.646476 1.579878 7.928876
6.644107 1.612055 7.926046
6.641836 1.644187 7.922966
6.639678 1.676189 7.919645
6.637632 1.708151 7.916076
6.635708 1.740078 7.912257
6.633912 1.771971 7.908189
6.632251 1.803834 7.903872
6.630734 1.835668 7.899306
6.629367 1.867478 7.894491
6.628159 1.899265 7.889429
6.627116 1.931033 7.884119
6.626246 1.962783 7.878564
6.625556 1.994519 7.872940
6.625038 2.026243 7.867772
6.624676 2.057955 7.863098
6.624454 2.089656 7.858919
6.624358 2.121348 7.855235
6.624370 2.153031 7.852047
6.624475 2.184707 7.849357
6.624658 2.216376 7.847165
6.624902 2.248039 7.845471
6.625191 2.279699 7.844276
6.625511 2.311354 7.843580
6.625844 2.343007 7.843383
6.626177 2.374659 7.843685
6.626491 2.406310 7.844466
6.626777 2.437951 7.845449
6.627030 2.469591 7.846550
6.627246 2.501232 7.847767
6.627422 2.532874 7.849102
6.627554 2.564516 7.850553
6.627638 2.596158 7.852122
6.627670 2.627801 7.853808
6.627647 2.659445 7.855610
6.627566 2.691089 7.857530
6.627422 2.722734 7.859567
6.627211 2.754380 7.861721
6.626931 2.786026 7.863991
6.626576 2.817685 7.866380
6.626146 2.849344 7.868694
6.625648 2.881004 7.870716
6.625090 2.912665 7.872445
6.624481 2.944326 7.873882
6.623832 2.975988 7.875026
6.623152 3.007650 7.875877
6.622449 3.039312 7.876436
6.621733 3.070975 7.876703
6.621013 3.102638 7.876677
6.620298 3.134300 7.876359
6.619598 3.165962 7.875748
6.618923 3.197625 7.874845
6.618280 3.229286 7.873650
6.617680 3.260948 7.872188
6.617129 3.292609 7.870568
6.616632 3.324269 7.868801
6.616192 3.355930 7.866888
6.615816 3.387590 7.864827
6.615507 3.419251 7.862620
6.615270 3.450911 7.860267
6.615110 3.482572 7.857766
6.615032 3.514234 7.855119
6.615040 3.545896 7.852326
6.615136 3.577056 7.849434
6.615325 3.608218 7.846400
6.615610 3.639380 7.843224
6.615997 3.670544 7.839916
6.616485 3.701709 7.836808
6.617064 3.732875 7.834074
6.617722 3.764044 7.831716
6.618448 3.795216 7.829731
6.619230 3.826391 7.828120
6.620057 3.857569 7.826883
6.620916 3.888753 7.826019
6.621798 3.919941 7.825530
6.622688 3.951134 7.825414
6.623577 3.982334 7.825670
6.624451 4.013539 7.826300
6.625301 4.044752 7.827303
6.626113 4.075973 7.828678
6.626878 4.107201 7.830374
6.627587 4.138437 7.832182
6.628239 4.169681 7.834081
6.628830 4.200933 7.836069
6.629358 4.232193 7.838146
6.629820 4.263460 7.840314
6.630212 4.294735 7.842571
6.630533 4.326017 7.844918
6.630778 4.357306 7.847355
6.630949 4.389095 7.849922
6.631035 4.420891 7.852581
6.631036 4.452694 7.855332
6.630949 4.484505 7.858176
6.630769 4.516321 7.861104
6.630506 4.548142 7.863090
6.630206 4.579958 7.863441
6.629921 4.611761 7.862158
6.629704 4.643539 7.859236
6.629605 4.675285 7.854667
6.629678 4.706987 7.848441
6.629973 4.738637 7.840546
6.630545 4.770225 7.830967
6.631444 4.801739 7.819688
6.632722 4.833173 7.806693
6.634432 4.864514 7.791965
6.636625 4.895755 7.775488
6.639355 4.926884 7.757252
6.642670 4.957893 7.737579
6.646596 4.988771 7.717316
6.651149 5.019511 7.696503
6.656341 5.050102 7.675142
6.662186 5.080536 7.653237
6.668697 5.110803 7.630792
6.675830 5.140654 7.608002
6.683646 5.170322 7.584699
6.692159 5.199800 7.560897
6.701382 5.229077 7.536613
6.711329 5.258146 7.511863
6.722014 5.286996 7.486671
6.733449 5.315619 7.461061
6.745648 5.344006 7.435274
6.758577 5.372165 7.412484
6.772129 5.400132 7.393714
6.786187 5.427945 7.378917
6.800635 5.455641 7.368040
6.815483 5.483492 7.361000
6.830492 5.511303 7.357872
6.845542 5.539113 7.358638
6.860516 5.566961 7.363297
6.875294 5.594887 7.371863
6.889758 5.622929 7.384365
6.903788 5.651127 7.400838
6.917268 5.679519 7.421327
6.930077 5.708146 7.445868
6.942110 5.737040 7.472908
6.953334 5.766200 7.500236
6.963738 5.795615 7.527836
6.973312 5.825274 7.555706
6.982045 5.855165 7.583838
6.989926 5.885279 7.612227
6.996944 5.915603 7.640865
7.003090 5.946126 7.669740
7.008353 5.976837 7.698841
7.012722 6.007724 7.728153
7.016185 6.038777 7.757662
7.018734 6.069985 7.787348
7.020357 6.101335 7.817194
7.021043 6.132816 7.847208
7.020778 6.164390 7.877576
7.019657 6.193915 7.906383
7.017676 6.223418 7.935709
7.014823 6.252849 7.965651
7.011083 6.282156 7.996302
7.006442 6.311292 8.027757
7.000885 6.340204 8.060107
6.994400 6.368844 8.093447
6.986971 6.397161 8.127866
6.978584 6.425105 8.163452
6.969226 6.452626 8.200288
6.958883 6.479673 8.238451
6.947539 6.506198 8.278010
6.935182 6.532150 8.318936
6.920724 6.559439 8.363491
6.905113 6.585971 8.408198
6.888376 6.611706 8.453094
6.870541 6.636601 8.498210
6.851635 6.660619 8.543582
6.831684 6.683717 8.589239
6.810717 6.705856 8.635208
6.788761 6.726996 8.681514
6.765842 6.747096 8.728175
6.741989 6.766115 8.775203
6.717227 6.784014 8.822602
6.691586 6.800752 8.870373
6.665238 6.816206 8.918233
6.638079 6.830451 8.964777
6.610160 6.843520 9.008662
6.581538 6.855462 9.049894
6.552269 6.866323 9.088515
6.522408 6.876152 9.124595
6.492011 6.884996 9.158223
6.461135 6.892904 9.189503
6.429835 6.899921 9.218540
6.398167 6.906097 9.245448
6.366188 6.911479 9.270335
6.333953 6.916113 9.293307
6.301540 6.920046 9.314450
6.268984 6.923328 9.333872
6.236340 6.926007 9.351606
6.203660 6.928135 9.367592
6.170996 6.929767 9.381878
6.138400 6.930956 9.394511
6.105922 6.931756 9.405531
6.073614 6.932221 9.414961
6.041528 6.932406 9.422814
6.009713 6.932365 9.429091
5.978223 6.932151 9.433777
5.947107 6.931819 9.436841
5.917962 6.931444 9.438206
5.889244 6.931057 9.438007
5.860999 6.930706 9.436170
5.833269 6.930435 9.432611
5.806089 6.930285 9.427832
5.779469 6.930277 9.422082
5.753417 6.930433 9.415295
5.727939 6.930773 9.407394
5.701795 6.931349 9.397802
5.676300 6.932174 9.386782
5.651463 6.933270 9.374212
5.627291 6.934662 9.359962
5.603794 6.936373 9.343883
5.580978 6.938425 9.325810
5.558852 6.940843 9.305568
5.537424 6.943650 9.282956
5.516702 6.946869 9.257763
5.496694 6.950524 9.229968
5.477394 6.954626 9.200294
5.458786 6.959180 9.168791
5.440858 6.964189 9.135440
5.423593 6.969656 9.100241
5.406976 6.975587 9.063225
5.390993 6.981984 9.024455
5.375628 6.988852 8.984030
5.360866 6.996194 8.942089
5.346692 7.004014 8.898810
5.333091 7.012316 8.854415
5.320048 7.021103 8.809155
5.307549 7.030380 8.763318
5.295577 7.040151 8.717199
5.284120 7.050419 8.670807
5.273167 7.061193 8.624308
5.262680 7.072517 8.577882
5.252682 7.084367 8.531975
5.243162 7.096751 8.486879
5.234113 7.109679 8.442861
5.225523 7.123158 8.400152
5.217385 7.137197 8.358947
5.209687 7.151803 8.319400
5.202421 7.166988 8.281626
5.195578 7.182757 8.245700
5.189147 7.199120 8.211667
5.183119 7.216085 8.179540
5.177485 7.233661 8.149325
5.172234 7.251855 8.121022
5.167355 7.270677 8.094579
5.162838 7.290135 8.069929
5.158674 7.310237 8.047001
5.154850 7.330992 8.025713
5.151357 7.352407 8.005983
5.148183 7.374493 7.987729
5.145319 7.397256 7.970865
5.142754 7.420706 7.955311
5.140477 7.444850 7.940986
5.138477 7.469698 7.927816
5.136745 7.495257 7.915727
5.135269 7.521535 7.904757
5.134030 7.548464 7.895407
5.132999 7.576044 7.887585
5.132145 7.604230 7.881157
5.131442 7.632976 7.876010
5.130857 7.662237 7.872052
5.130365 7.691967 7.869205
5.129936 7.722119 7.867409
5.129541 7.752649 7.866614
5.129151 7.783511 7.866784
5.128737 7.814658 7.867889
5.128271 7.846045 7.869912
5.127724 7.877626 7.872842
5.127066 7.909400 7.876679
5.126271 7.941284 7.881242
5.125318 7.973259 7.886430
5.124186 8.005309 7.892245
5.122855 8.037418 7.898691
5.121304 8.069571 7.905773
5.119513 8.101749 7.913497
5.117461 8.133939 7.921871
5.115129 8.166122 7.930905
5.112494 8.198285 7.940609
5.109539 8.230409 7.950994
5.106240 8.262479 7.962073
5.102619 8.294147 7.973732
5.098622 8.325729 7.986098
5.094232 8.357213 7.999006
5.089440 8.388590 8.012074
5.084244 8.419858 8.025288
5.078640 8.451012 8.038650
5.072626 8.482049 8.052157
5.066198 8.512965 8.065811
5.059353 8.543756 8.079611
5.052090 8.574421 8.093554
5.044404 8.604954 8.107639
5.036293 8.635351 8.121866
5.028218 8.664005 8.135466
5.019757 8.692532 8.149189
5.010907 8.720928 8.163033
5.001666 8.749191 8.176996
4.992032 8.777317 8.190969
4.982008 8.805303 8.204875
4.971598 8.833142 8.218716
4.960805 8.860835 8.232494
4.949634 8.888373 8.246211
4.938087 8.915756 8.259868
4.926168 8.942978 8.273467
4.913882 8.970036 8.287010
4.901230 8.996924 8.300500
4.887321 9.025450 8.314850
4.873003 9.053774 8.329144
4.858284 9.081891 8.343383
4.843165 9.109797 8.357573
4.827652 9.137486 8.371714
4.811750 9.164955 8.385816
4.795462 9.192198 8.399882
4.778790 9.219212 8.413918
4.761741 9.245991 8.427921
4.744317 9.272532 8.441896
4.726521 9.298831 8.455844
4.708359 9.324883 8.469768
4.689730 9.350824 8.483745
4.670737 9.376509 8.497701
4.651383 9.401930 8.511638
4.631674 9.427085 8.525558
4.611612 9.451968 8.539465
4.591202 9.476575 8.553359
4.570447 9.500903 8.567252
4.549351 9.524944 8.581163
4.527920 9.548694 8.595097
4.506156 9.572145 8.609057
4.484065 9.595292 8.623049
4.461650 9.618128 8.637076
4.438917 9.640647 8.651144
4.415870 9.662843 8.665256
4.392512 9.684711 8.679416
4.368848 9.706242 8.693628
4.344883 9.727432 8.707897
4.320621 9.748274 8.722227
4.296066 9.768763 8.736622
4.271223 9.788890 8.751116
4.246094 9.808649 8.765847
4.220682 9.828026 8.780836
4.194988 9.847010 8.796086
4.169016 9.865589 8.811605
4.142911 9.883654 8.827311
4.116535 9.901295 8.843291
4.089889 9.918502 8.859552
4.062975 9.935262 8.876098
4.035797 9.951565 8.892930
4.008355 9.967398 8.910053
3.980651 9.982750 8.927469
3.952689 9.997610 8.945181
3.924470 10.011967 8.963167
3.895999 10.025813 8.981053
3.867285 10.039151 8.998706
3.838339 10.051986 9.016126
3.809505 10.064181 9.033120
3.780463 10.075891 9.049893
3.751223 10.087117 9.066446
3.721794 10.097864 9.082785
3.692187 10.108135 9.098911
3.662410 10.117933 9.114830
3.632473 10.127262 9.130547
3.602386 10.136124 9.146065
3.572159 10.144524 9.161389
3.541801 10.152463 9.176526
3.511322 10.159946 9.191486
3.480731 10.166976 9.206286
3.449476 10.173672 9.221195
3.418122 10.179903 9.235947
3.386678 10.185674 9.250546
3.355152 10.190989 9.264998
3.323555 10.195848 9.279308
3.291893 10.200257 9.293482
3.260177 10.204219 9.307523
3.228415 10.207736 9.321438
3.196616 10.210813 9.335233
3.164789 10.213450 9.348912
3.132943 10.215653 9.362483
3.101086 10.217424 9.375975
3.069498 10.218756 9.389394
3.037908 10.219661 9.402872
3.006322 10.220140 9.416409
2.974742 10.220189 9.430006
2.943172 10.219809 9.443661
2.911616 10.218996 9.457375
2.880077 10.217751 9.471145
2.848559 10.216070 9.484972
2.817065 10.213952 9.498857
2.785600 10.211396 9.512795
2.754166 10.208401 9.526790
2.722767 10.204964 9.540837
2.691527 10.201099 9.554861
2.660326 10.196805 9.568056
2.629159 10.192115 9.579977
2.598021 10.187070 9.590622
2.566905 10.181708 9.599993
2.535805 10.176069 9.608092
2.504715 10.170192 9.614924
2.473629 10.164116 9.620494
2.442541 10.157879 9.624804
2.411445 10.151522 9.627859
2.380335 10.145083 9.629664
2.349205 10.138602 9.630223
2.319703 10.132461 9.629606
2.290172 10.126349 9.627876
2.260608 10.120301 9.625171
2.231008 10.114337 9.621970
2.201370 10.108471 9.618318
2.171693 10.102716 9.614213
2.141977 10.097088 9.609658
2.112219 10.091599 9.604651
2.082419 10.086263 9.599195
2.052576 10.081094 9.593287
2.022688 10.076106 9.586929
1.992754 10.071313 9.580122
1.962773 10.066728 9.572865
1.930894 10.062104 9.564672
1.898958 10.057747 9.555974
1.866965 10.053674 9.546774
1.834916 10.049899 9.537274
1.802837 10.046425 9.528098
1.770771 10.043244 9.519259
1.738760 10.040349 9.510728
1.706848 10.037733 9.502474
1.675078 10.035388 9.494468
1.643492 10.033307 9.486685
1.612134 10.031483 9.479097
1.581046 10.029908 9.471681
1.551907 10.028642 9.464795
1.523085 10.027585 9.458018
1.494617 10.026733 9.451331
1.466539 10.026081 9.444709
1.438888 10.025620 9.438129
1.411695 10.025350 9.431205
1.384977 10.025278 9.423609
1.358747 10.025415 9.415294
1.333017 10.025775 9.406206
1.307802 10.026365 9.396288
1.282042 10.027243 9.384974
1.256871 10.028399 9.372597
1.232304 10.029845 9.359062
1.208358 10.031596 9.344265
1.185045 10.033663 9.328085
1.162382 10.036060 9.310390
1.140383 10.038799 9.291029
1.119063 10.041894 9.269835
1.098437 10.045356 9.246649
1.078509 10.049197 9.221638
1.059266 10.053426 9.194823
1.040694 10.058051 9.166146
1.022778 10.063081 9.135565
1.005504 10.068523 9.103055
0.988859 10.074388 9.068620
0.972828 10.080681 9.032290
0.957397 10.087413 8.994134
0.942551 10.094591 8.954257
0.928277 10.102224 8.912809
0.914559 10.110321 8.869981
0.901385 10.118889 8.826006
0.888740 10.127937 8.781155
0.876610 10.137475 8.735614
0.864987 10.147510 8.689467
0.853864 10.158051 8.643003
0.843233 10.169108 8.596520
0.833087 10.180690 8.550323
0.823421 10.192805 8.504703
0.814226 10.205463 8.459929
0.805497 10.218673 8.416251
0.797225 10.232444 8.373879
0.789404 10.246784 8.332990
0.782028 10.261703 8.293721
0.775089 10.277211 8.256174
0.768580 10.293315 8.220416
0.762495 10.310025 8.186489
0.756824 10.327352 8.154482
0.751560 10.345304 8.124409
0.746692 10.363894 8.096237
0.742210 10.383132 8.069915
0.738105 10.403029 8.045378
0.734367 10.423597 8.022553
0.730986 10.444845 8.001362
0.727953 10.466784 7.981721
0.725257 10.489427 7.963546
0.722890 10.512783 7.946755
0.720841 10.536862 7.931263
0.719101 10.561678 7.916993
0.717659 10.587238 7.903867
0.716509 10.613551 7.891665
0.715640 10.640911 7.879876
0.715075 10.668959 7.868540
0.714816 10.697643 7.857573
0.714868 10.726917 7.846899
0.715236 10.756729 7.836451
0.715924 10.787031 7.826168
0.716936 10.817773 7.815997
0.718277 10.848905 7.805886
0.719952 10.880377 7.795789
0.721964 10.912140 7.785660
0.724318 10.944145 7.775456
0.727018 10.976342 7.765134
0.730094 11.008916 7.754412
0.733554 11.041577 7.742178
0.737451 11.074263 7.728171
0.741838 11.106910 7.712330
0.746768 11.139454 7.694583
0.752296 11.171833 7.674844
0.758475 11.203983 7.653017
0.765357 11.235841 7.628992
0.772998 11.267342 7.602652
0.781449 11.298424 7.573871
0.790766 11.329023 7.542522
0.801001 11.359076 7.508477
0.812131 11.388331 7.471863
0.824273 11.416923 7.432405
0.837461 11.444792 7.391380
0.851690 11.471892 7.349376
0.866950 11.498176 7.306331
0.883230 11.523597 7.262189
0.900520 11.548109 7.216904
0.918809 11.571666 7.170440
0.938087 11.594219 7.122777
0.958344 11.615724 7.073912
0.979569 11.636133 7.023860
1.001752 11.655400 6.972661
1.024612 11.673279 6.920982
1.048388 11.689951 6.868327
1.073069 11.705372 6.814808
1.098641 11.719505 6.761922
1.125057 11.732384 6.712361
1.152255 11.744069 6.666220
1.180173 11.754621 6.623466
1.208751 11.764099 6.584017
1.237928 11.772566 6.547756
1.267641 11.780080 6.514546
1.297831 11.786702 6.484240
1.328435 11.792494 6.456686
1.359698 11.797562 6.431507
1.391259 11.801906 6.408843
1.423054 11.805588 6.388565
1.455020 11.808672 6.370555
1.487095 11.811220 6.354653
1.519238 11.813284 6.340166
1.551437 11.814903 6.326919
1.583684 11.816117 6.314904
1.615969 11.816964 6.304112
1.648285 11.817482 6.294537
1.680621 11.817711 6.286170
1.712969 11.817688 6.279003
1.745310 11.817453 6.273033
1.777644 11.817044 6.268252
1.809964 11.816501 6.264658
1.842260 11.815860 6.262249
1.874524 11.815162 6.261025
1.906746 11.814444 6.260990
1.938920 11.813738 6.261563
1.971046 11.813053 6.262190
2.003127 11.812390 6.262871
2.035164 11.811751 6.263607
2.067162 11.811137 6.264397
2.099121 11.810550 6.265241
2.131044 11.809991 6.266140
2.162934 11.809463 6.267092
2.194793 11.808966 6.268099
2.226624 11.808502 6.269161
2.258428 11.808074 6.270277
2.290209 11.807682 6.271446
2.321968 11.807328 6.272669
2.353709 11.807014 6.273919
2.385432 11.806740 6.275098
2.417140 11.806500 6.276200
2.448833 11.806296 6.277222
2.480514 11.806122 6.278165
2.512184 11.805977 6.279029
2.543844 11.805858 6.279814
2.575496 11.805762 6.280519
2.607141 11.805689 6.281145
2.638781 11.805633 6.281690
2.670417 11.805593 6.282156
2.702050 11.805567 6.282541
2.733683 11.805552 6.282846
2.765317 11.805545 6.283073
2.796952 11.805544 6.283262
2.828589 11.805549 6.283427
2.860227 11.805559 6.283568
2.891867 11.805573 6.283686
2.923509 11.805591 6.283780
2.955153 11.805611 6.283850
2.986798 11.805633 6.283896
3.018445 11.805655 6.283919
3.050093 11.805678 6.283918
3.081743 11.805701 6.283893
3.113394 11.805723 6.283844
3.145047 11.805742 6.283772
3.176702 11.805759 6.283676
3.208358 11.805774 6.283567
3.240016 11.805784 6.283463
3.271674 11.805791 6.283361
3.303334 11.805796 6.283264
3.334996 11.805797 6.283170
3.366658 11.805795 6.283080
3.398321 11.805790 6.282993
3.429986 11.805782 6.282910
3.461651 11.805772 6.282830
3.493316 11.805759 6.282754
3.524982 11.805745 6.282682
3.556649 11.805728 6.282614
3.588316 11.805709 6.282548
3.619984 11.805688 6.282495
3.651651 11.805666 6.282495
3.683319 11.805644 6.282551
3.714987 11.805626 6.282666
3.746655 11.805613 6.282839
3.778323 11.805605 6.283069
3.809991 11.805606 6.283358
3.841659 11.805616 6.283704
3.873327 11.805639 6.284108
3.904994 11.805676 6.284570
3.936662 11.805727 6.285089
3.968329 11.805797 6.285667
3.999996 11.805885 6.286303
4.030829 11.805991 6.286977
4.061663 11.806119 6.287674
4.092495 11.806269 6.288376
4.123327 11.806439 6.289085
4.154159 11.806632 6.289799
4.184990 11.806848 6.290518
4.215822 11.807084 6.291244
4.246652 11.807344 6.291975
4.277483 11.807627 6.292711
4.308313 11.807932 6.293454
4.339142 11.808260 6.294202
4.369972 11.808611 6.294956
4.401645 11.808996 6.295736
4.433318 11.809406 6.296522
4.464990 11.809841 6.297285
4.496662 11.810297 6.297846
4.528334 11.810767 6.298175
4.560006 11.811244 6.298272
4.591677 11.811721 6.298138
4.623348 11.812189 6.297772
4.655019 11.812642 6.297175
4.686690 11.813072 6.296346
4.718361 11.813473 6.295285
4.750031 11.813837 6.293993
4.781691 11.814156 6.292469
4.813351 11.814422 6.290714
4.845011 11.814630 6.288727
4.876671 11.814771 6.286513
4.908331 11.814840 6.284318
4.939991 11.814844 6.282292
4.971652 11.814786 6.280434
5.003313 11.814672 6.278745
5.034973 11.814507 6.277225
5.066635 11.814296 6.275873
5.098296 11.814045 6.274690
5.129958 11.813760 6.273675
5.161631 11.813445 6.272830
5.193304 11.813106 6.272152
5.224978 11.812748 6.271644
5.256652 11.812376 6.271304
5.288327 11.811996 6.271133
5.320002 11.811614 6.271111
5.351677 11.811233 6.271193
5.383353 11.810856 6.271378
5.415030 11.810486 6.271665
5.446707 11.810126 6.272054
5.478385 11.809781 6.272545
5.510064 11.809454 6.273139
5.541732 11.809146 6.273836
5.573401 11.808863 6.274634
5.605071 11.808606 6.275535
5.636742 11.808379 6.276538
5.668413 11.808186 6.277644
5.700086 11.808029 6.278852
5.731759 11.807912 6.280130
5.763433 11.807833 6.281201
5.795108 11.807783 6.281998
5.826783 11.807755 6.282521
5.858458 11.807738 6.282770
5.890132 11.807726 6.282745
5.921806 11.807708 6.282447
5.953479 11.807676 6.281875
5.985151 11.807622 6.281029
6.016820 11.807537 6.279909
6.048489 11.807411 6.278515
6.080155 11.807238 6.276846
6.111818 11.807007 6.274904
6.143479 11.806710 6.272687
6.175137 11.806339 6.270148
6.206790 11.805882 6.267244
6.238438 11.805326 6.263975
6.270078 11.804662 6.260341
6.301722 11.803876 6.256340
6.333357 11.802958 6.251973
6.364981 11.801897 6.247239
6.396594 11.800680 6.242137
6.428193 11.799297 6.236669
6.459779 11.797735 6.230833
6.491349 11.795984 6.224629
6.522902 11.794031 6.218058
6.554439 11.791865 6.211118
6.585956 11.789477 6.204140
6.617455 11.786884 6.198149
6.648939 11.784120 6.193220
6.678340 11.781411 6.189575
6.707732 11.778609 6.186856
6.737117 11.775742 6.185064
6.766497 11.772834 6.184199
6.795875 11.769915 6.184261
6.825252 11.767012 6.185250
6.854630 11.764152 6.187166
6.884011 11.761361 6.190010
6.913398 11.758669 6.193781
6.942793 11.756102 6.198481
6.972198 11.753686 6.204110
7.001614 11.751449 6.210493
7.031042 11.749399 6.216812
7.073050 11.746792 6.225534
7.115082 11.744544 6.233911
7.157137 11.742640 6.241940
7.199214 11.741067 6.249622
7.241312 11.739809 6.256956
7.283431 11.738853 6.263941
7.325568 11.738183 6.270577
7.367724 11.737785 6.276865
7.409898 11.737645 6.282804
7.450993 11.737739 6.287967
7.492103 11.738027 6.292297
7.533227 11.738477 6.295795
7.574364 11.739053 6.298462
7.615513 11.739722 6.300300
7.656672 11.740451 6.301309
7.697843 11.741203 6.301490
7.739022 11.741946 6.300845
7.780210 11.742646 6.299372
7.822518 11.743284 6.296999
7.864832 11.743804 6.293848
7.907149 11.744179 6.290101
7.949464 11.744381 6.285763
7.991773 11.744389 6.280832
8.034069 11.744174 6.275306
8.076350 11.743713 6.269183
8.118609 11.742982 6.262461
8.160844 11.741954 6.255138
8.203047 11.740604 6.247211
8.245215 11.738909 6.238679
8.287343 11.736840 6.229432
8.329424 11.734365 6.219238
8.371449 11.731441 6.208086
8.413409 11.728032 6.195974
8.455297 11.724097 6.182898
8.497105 11.719597 6.168856
8.538822 11.714493 6.153848
8.580515 11.708734 6.137848
8.622101 11.702290 6.120886
8.663572 11.695120 6.102968
8.704922 11.687194 6.084740
8.746148 11.678532 6.067630
8.787257 11.669182 6.051692
8.828251 11.659195 6.036922
8.869133 11.648618 6.023315
8.909907 11.637500 6.010866
8.950438 11.625931 5.999605
8.990868 11.613922 5.989479
9.031202 11.601520 5.980480
9.071444 11.588775 5.972602
9.111594 11.575728 5.965444
9.151651 11.562391 5.958055
9.191605 11.548754 5.950393
9.231447 11.534805 5.942456
9.271171 11.520539 5.934243
9.310128 11.506181 5.925891
9.348955 11.491496 5.917268
9.387642 11.476476 5.908372
9.426182 11.461111 5.899202
9.464565 11.445393 5.889757
9.502786 11.429313 5.880214
9.540847 11.412882 5.871233
9.578759 11.396125 5.862875
9.616534 11.379064 5.855142
9.651449 11.362991 5.848531
9.686264 11.346698 5.842459
9.720987 11.330201 5.836926
9.755626 11.313519 5.831933
9.790190 11.296673 5.827479
9.824686 11.279680 5.823565
9.859125 11.262559 5.820189
9.893515 11.245329 5.817307
9.927862 11.228005 5.814855
9.962173 11.210603 5.812834
9.999812 11.191423 5.811109
10.037426 11.172188 5.809903
10.075025 11.152916 5.809214
10.112617 11.133626 5.809043
10.150213 11.114338 5.809390
10.187821 11.095073 5.810254
10.225451 11.075850 5.811635
10.263112 11.056687 5.813366
10.300803 11.037586 5.814835
10.338084 11.018754 5.815972
10.375384 10.999958 5.816796
10.412696 10.981187 5.817308
10.450012 10.962431 5.817508
10.487329 10.943677 5.817396
10.524637 10.924913 5.816970
10.561934 10.906129 5.816233
10.599213 10.887312 5.815182
10.636466 10.868453 5.814026
10.673717 10.849564 5.813936
10.710973 10.830696 5.815100
10.748257 10.811899 5.817518
10.785589 10.793219 5.821191
10.822993 10.774704 5.826120
10.860490 10.756403 5.832306
10.898101 10.738361 5.839751
10.935849 10.720627 5.848454
10.973757 10.703249 5.858416
11.012541 10.685967 5.869742
11.051522 10.669131 5.881213
11.090695 10.652740 5.892567
11.130054 10.636792 5.903805
11.169592 10.621284 5.914929
11.209302 10.606212 5.925939
11.249176 10.591576 5.936837
11.289210 10.577372 5.947626
11.329395 10.563598 5.958306
11.369059 10.550468 5.968705
11.408855 10.537750 5.979014
11.448781 10.525442 5.989323
11.488833 10.513547 5.999653
11.529007 10.502067 6.010007
11.569299 10.491002 6.020384
11.609707 10.480356 6.030784
11.650226 10.470132 6.041210
11.690854 10.460329 6.051660
11.731414 10.450990 6.062091
11.772075 10.442074 6.072548
11.812833 10.433582 6.083024
11.853683 10.425515 6.093371
11.894621 10.417866 6.103537
11.935637 10.410629 6.113524
11.976728 10.403798 6.123334
12.017885 10.397366 6.132969
12.059101 10.391328 6.142432
12.101301 10.385553 6.151931
12.143549 10.380177 6.161253
12.185839 10.375192 6.170403
12.228162 10.370591 6.179380
12.270514 10.366367 6.188165
12.312894 10.362513 6.196744
12.355298 10.359017 6.205118
12.397728 10.355873 6.213285
12.440181 10.353071 6.221244
12.482292 10.350622 6.228930
12.524425 10.348494 6.236411
12.566575 10.346674 6.243686
12.608745 10.345158 6.250755
12.650930 10.343935 6.257603
12.693131 10.342989 6.263794
12.735346 10.342286 6.269135
12.777571 10.341790 6.273628
12.819804 10.341467 6.277271
12.862044 10.341279 6.280067
12.904287 10.341191 6.282016
12.946532 10.341168 6.283118
12.988776 10.341174 6.283374
13.031016 10.341172 6.282783
13.073252 10.341128 6.281381
13.115479 10.341027 6.280381
13.157700 10.340905 6.280375
13.199910 10.340804 6.281364
13.242125 10.340765 6.283350
13.284328 10.340832 6.286332
13.326520 10.341045 6.290313
13.368699 10.341447 6.295293
13.410864 10.342080 6.301273
13.453014 10.342986 6.308253
13.495149 10.344208 6.316201
13.537268 10.345762 6.323800
13.579375 10.347615 6.330352
13.619492 10.349618 6.335619
13.659603 10.351813 6.339935
13.699715 10.354163 6.343298
13.739829 10.356628 6.345709
13.779949 10.359173 6.347168
13.820080 10.361758 6.347677
13.860223 10.364345 6.347236
13.900383 10.366896 6.345845
13.940563 10.369375 6.343750
13.972203 10.371266 6.342002
14.003858 10.373101 6.340181
14.035525 10.374878 6.338289
14.067208 10.376595 6.336325
14.098907 10.378249 6.334289
14.130622 10.379838 6.332181
14.162353 10.381359 6.330003
14.194099 10.382811 6.327754
14.225864 10.384191 6.325433
14.257647 10.385496 6.323042
14.289448 10.386725 6.320581
14.321267 10.387876 6.318049
14.353106 10.388945 6.315363
14.384960 10.389921 6.312189
14.416824 10.390788 6.308490
14.448693 10.391528 6.304265
14.480558 10.392126 6.299512
14.512416 10.392563 6.294227
14.544260 10.392823 6.288407
14.576082 10.392890 6.282048
14.607880 10.392745 6.275145
14.639644 10.392373 6.267694
14.671370 10.391756 6.259690
14.703051 10.390878 6.251128
14.734671 10.389721 6.242006
14.766234 10.388268 6.232284
14.797733 10.386494 6.221259
14.829151 10.384351 6.208629
14.860476 10.381791 6.194375
14.891689 10.378765 6.178477
14.922777 10.375226 6.160916
14.953726 10.371125 6.141677
14.984519 10.366414 6.120747
15.015142 10.361044 6.098117
15.045580 10.354966 6.073789
15.075817 10.348132 6.047771
15.104999 10.340720 6.020883
15.133963 10.332504 5.992447
15.162696 10.323441 5.962510
15.191185 10.313492 5.932176
15.219433 10.302684 5.903700
15.247445 10.291074 5.877150
15.275230 10.278714 5.852511
15.302796 10.265662 5.829759
15.330150 10.251972 5.808864
15.357299 10.237700 5.789791
15.384251 10.222899 5.772504
15.411013 10.207626 5.756970
15.437593 10.191936 5.743153
15.463998 10.175883 5.731022
15.490235 10.159523 5.720552
15.516314 10.142911 5.711719
15.542624 10.125851 5.704414
15.568791 10.108660 5.700120
15.594842 10.091462 5.699944
15.620807 10.074391 5.703930
15.646717 10.057582 5.712163
15.672606 10.041166 5.724769
15.698502 10.025281 5.741909
15.724437 10.010058 5.763778
15.750443 9.995632 5.790600
15.776551 9.982138 5.822610
15.802793 9.969708 5.860044
15.829198 9.958478 5.903103
15.854749 9.948943 5.949899
15.880507 9.940758 6.002046
15.906501 9.934038 6.058991
15.932725 9.928846 6.116435
15.959132 9.925172 6.173271
15.985674 9.922996 6.229424
16.012302 9.922304 6.284837
16.038969 9.923079 6.339476
16.065622 9.925303 6.393320
16.092216 9.928963 6.446368
16.118700 9.934040 6.498631
16.145027 9.940518 6.550130
16.171146 9.948381 6.600900
16.197010 9.957613 6.650978
16.222569 9.968197 6.700409
16.249283 9.980878 6.752174
16.275543 9.995040 6.802855
16.301338 10.010602 6.848022
16.326719 10.027404 6.886725
16.351744 10.045280 6.919213
16.376465 10.064066 6.945755
16.400940 10.083595 6.966614
16.425224 10.103703 6.982017
16.449371 10.124222 6.992145
16.473442 10.144989 6.997121
16.497486 10.165837 6.997010
16.521564 10.186602 6.991811
16.545795 10.207172 6.981428
16.570171 10.227325 6.965742
16.594748 10.246894 6.944594
16.619570 10.265739 6.920152
16.644659 10.283804 6.893973
16.670029 10.301048 6.866020
16.695690 10.317429 6.836260
16.721661 10.332906 6.804676
16.747950 10.347437 6.771264
16.774572 10.360982 6.736040
16.801542 10.373499 6.699040
16.828875 10.384946 6.660326
16.855730 10.394985 6.621239
16.882950 10.403943 6.580731
16.910549 10.411781 6.538937
16.938536 10.418463 6.496017
16.966921 10.423959 6.453319
16.995691 10.428315 6.414313
17.024818 10.431627 6.379195
17.054276 10.433990 6.347899
17.084030 10.435496 6.320330
17.114056 10.436243 6.296375
17.144323 10.436323 6.275914
17.174805 10.435833 6.258831
17.206209 10.434836 6.244725
17.237778 10.433443 6.233947
17.269478 10.431752 6.226411
17.301279 10.429867 6.222055
17.333151 10.427888 6.220834
17.365065 10.425918 6.222691
17.396994 10.424032 6.225705
17.428934 10.422243 6.228806
17.460884 10.420555 6.231997
17.492840 10.418970 6.235277
17.524799 10.417492 6.238648
17.556759 10.416122 6.242109
17.588707 10.414866 6.245662
17.620649 10.413725 6.249307
17.652584 10.412703 6.253046
17.684511 10.411801 6.256879
17.716425 10.411024 6.260808
17.748323 10.410374 6.264834
17.780205 10.409854 6.268958
17.812067 10.409467 6.273067
17.843908 10.409206 6.276925
17.875732 10.409065 6.280521
17.907537 10.409035 6.283857
17.939325 10.409105 6.286930
17.971109 10.409269 6.289741
18.002878 10.409519 6.292288
18.034634 10.409845 6.294571
18.066376 10.410239 6.296589
18.098104 10.410693 6.298342
18.129824 10.411199 6.299828
18.161533 10.411746 6.301049
18.193233 10.412328 6.302002
18.224924 10.412936 6.302679
18.256609 10.413560 6.302992
18.288290 10.414187 6.302923
18.319967 10.414806 6.302471
18.351645 10.415405 6.301638
18.383322 10.415972 6.300422
18.415001 10.416493 6.298824
18.446686 10.416959 6.296844
18.478378 10.417355 6.294484
18.510077 10.417671 6.291743
18.541788 10.417893 6.288623
18.573509 10.418012 6.285124
18.605246 10.418013 6.281248
18.636999 10.417885 6.276997
18.668770 10.417622 6.272928
18.700558 10.417239 6.269463
18.732367 10.416756 6.266603
18.764193 10.416190 6.264346
18.796041 10.415562 6.262691
18.827911 10.414890 6.261636
18.859802 10.414194 6.261182
18.891714 10.413492 6.261325
18.923651 10.412805 6.262066
18.955610 10.412149 6.263403
18.987595 10.411546 6.265334
19.019604 10.411014 6.267858
19.051640 10.410570 6.270974
19.083698 10.410238 6.274885
19.115776 10.410053 6.280173
19.147856 10.410060 6.286880
19.179922 10.410305 6.295012
19.211964 10.410833 6.304582
19.243967 10.411691 6.315604
19.275915 10.412923 6.328093
19.307795 10.414575 6.342067
19.339594 10.416693 6.357541
19.371298 10.419321 6.374533
19.402891 10.422506 6.393057
19.434361 10.426293 6.413126
19.465691 10.430729 6.434747
19.496338 10.435762 6.457476
19.526819 10.441501 6.481189
19.557100 10.447962 6.505775
19.587151 10.455165 6.531275
19.616940 10.463128 6.557727
19.646433 10.471871 6.585169
19.675598 10.481411 6.613635
19.704407 10.491768 6.643154
19.732822 10.502958 6.673751
19.760817 10.515003 6.705448
19.788353 10.527919 6.738255
19.815405 10.541726 6.772175
19.842058 10.556512 6.807368
19.868155 10.572234 6.843661
19.893663 10.588908 6.880506
19.918566 10.606517 6.916618
19.942854 10.625025 6.951950
19.966515 10.644399 6.986517
19.989538 10.664605 7.020342
20.011913 10.685608 7.053453
20.033630 10.707375 7.085880
20.054678 10.729871 7.117661
20.075047 10.753062 7.148833
20.094725 10.776914 7.179440
20.112696 10.800056 7.207912
20.130030 10.823731 7.235957
20.146719 10.847909 7.263611
20.162754 10.872561 7.290917
20.178127 10.897658 7.317809
20.192839 10.923179 7.344204
20.206890 10.949100 7.370118
20.220285 10.975397 7.395566
20.233025 11.002048 7.420568
20.245110 11.029033 7.445143
20.256542 11.056325 7.469311
20.267326 11.083903 7.493097
20.277464 11.111746 7.516521
20.287558 11.141689 7.541121
20.296919 11.171880 7.565369
20.305553 11.202289 7.589294
20.313459 11.232889 7.612928
20.320641 11.263653 7.636302
20.327105 11.294556 7.659081
20.332876 11.325584 7.680937
20.337984 11.356730 7.701858
20.342453 11.387982 7.721835
20.346313 11.419331 7.740866
20.349594 11.450766 7.758951
20.352324 11.482276 7.776091
20.354538 11.514018 7.792373
20.356253 11.545815 7.807711
20.357494 11.577661 7.822114
20.358294 11.609540 7.835588
20.358679 11.641446 7.848144
20.358677 11.673368 7.859789
20.358316 11.705296 7.870610
20.357620 11.737225 7.880874
20.356604 11.769154 7.890604
20.355286 11.801084 7.899802
20.353682 11.833013 7.908465
20.351809 11.864942 7.916595
20.349680 11.896923 7.924206
20.347315 11.928904 7.931283
20.344732 11.960880 7.937828
20.341946 11.992855 7.943843
20.338976 12.024826 7.949328
20.335836 12.056792 7.954285
20.332548 12.088754 7.958716
20.329124 12.120709 7.962672
20.325571 12.152659 7.966909
20.321873 12.184597 7.971681
20.318014 12.216520 7.976989
20.313976 12.248425 7.982833
20.310020 12.278257 7.988787
20.305882 12.308067 7.995211
20.301544 12.337851 8.002105
20.296993 12.367604 8.009469
20.292215 12.397325 8.017303
20.287199 12.427010 8.025607
20.281927 12.456655 8.034381
20.276388 12.486258 8.043622
20.270567 12.515816 8.053330
20.264450 12.545323 8.063541
20.258018 12.574771 8.074684
20.251245 12.604132 8.086892
20.244104 12.633383 8.100185
20.236071 12.664354 8.115545
20.227558 12.695141 8.132189
20.218533 12.725713 8.150146
20.208961 12.756040 8.169447
20.198812 12.786091 8.190123
20.188053 12.815837 8.212204
20.176651 12.845245 8.235716
20.164576 12.874288 8.260683
20.151791 12.902932 8.287123
20.138266 12.931149 8.315046
20.123968 12.958908 8.344201
20.108894 12.986173 8.374042
20.093172 13.012691 8.404349
20.076687 13.038651 8.435406
20.059439 13.064010 8.467256
20.041430 13.088735 8.499937
20.022659 13.112785 8.533488
20.003134 13.136127 8.567939
19.982849 13.158721 8.603312
19.961811 13.180532 8.639628
19.940018 13.201520 8.676894
19.917473 13.221649 8.715111
19.894176 13.240883 8.754264
19.870132 13.259184 8.794226
19.846678 13.275642 8.831234
19.822599 13.291267 8.866849
19.797932 13.306079 8.901056
19.772707 13.320096 8.933858
19.746962 13.333339 8.965267
19.720730 13.345828 8.995307
19.694048 13.357584 9.024009
19.666952 13.368626 9.051411
19.639475 13.378974 9.077553
19.611652 13.388649 9.102482
19.583519 13.397671 9.126245
19.555109 13.406058 9.148890
19.526461 13.413834 9.170466
19.495436 13.421531 9.192521
19.464211 13.428570 9.213419
19.432804 13.434981 9.233156
19.401234 13.440800 9.251740
19.369513 13.446055 9.269181
19.337662 13.450783 9.285492
19.305695 13.455014 9.300684
19.273626 13.458782 9.314774
19.241476 13.462118 9.327774
19.209259 13.465056 9.339701
19.176992 13.467629 9.350567
19.144691 13.469869 9.360384
19.112637 13.471793 9.369097
19.080582 13.473453 9.376799
19.048538 13.474879 9.383721
19.016512 13.476089 9.390236
18.984503 13.477097 9.396346
18.952513 13.477914 9.402051
18.920538 13.478555 9.407349
18.888582 13.479033 9.412239
18.856646 13.479361 9.416719
18.824726 13.479551 9.420790
18.792826 13.479619 9.424450
18.760942 13.479577 9.427698
18.729092 13.479438 9.430533
18.697260 13.479215 9.432957
18.665447 13.478922 9.434965
18.633654 13.478571 9.436582
18.601881 13.478174 9.437931
18.570126 13.477738 9.439034
18.538387 13.477271 9.439889
18.506664 13.476782 9.440496
18.474955 13.476277 9.440855
18.443258 13.475765 9.440966
18.411575 13.475253 9.440827
18.379902 13.474751 9.440440
18.348227 13.474264 9.439803
18.316559 13.473802 9.438916
18.284897 13.473372 9.437779
18.253242 13.472980 9.436394
18.221590 13.472638 9.434759
18.189941 13.472350 9.433009
18.158295 13.472117 9.431221
18.126648 13.471943 9.429397
18.095001 13.471826 9.427534
18.063353 13.471768 9.425635
18.031702 13.471772 9.423700
18.000050 13.471837 9.421729
17.968391 13.471966 9.419721
17.936728 13.472157 9.417677
17.905056 13.472416 9.415598
17.873379 13.472740 9.413483
17.841692 13.473131 9.411333
17.809996 13.473593 9.409148
17.778290 13.474122 9.407084
17.746571 13.474710 9.405494
17.714840 13.475340 9.404388
17.683096 13.475999 9.403769
17.651339 13.476669 9.403632
17.619566 13.477337 9.403979
17.587788 13.477986 9.404809
17.555992 13.478601 9.406120
17.524179 13.479168 9.407912
17.492350 13.479671 9.410184
17.460499 13.480093 9.412935
17.428629 13.480420 9.416164
17.396736 13.480637 9.419870
17.364822 13.480728 9.424073
17.332890 13.480674 9.428955
17.300941 13.480453 9.434561
17.268986 13.480042 9.440893
17.237028 13.479415 9.447953
17.204973 13.478549 9.455770
17.172930 13.477420 9.464324
17.140900 13.476006 9.473619
17.108892 13.474282 9.483659
17.076912 13.472226 9.494446
17.044964 13.469813 9.505981
17.013056 13.467021 9.518270
16.981194 13.463826 9.531310
16.949381 13.460204 9.545105
16.917631 13.456130 9.559901
16.885969 13.451571 9.575908
16.854424 13.446491 9.593156
16.822853 13.440825 9.611782
16.791460 13.434564 9.631731
16.760273 13.427671 9.653036
16.729322 13.420115 9.675731
16.698637 13.411857 9.699845
16.668249 13.402864 9.725407
16.638186 13.393101 9.752439
16.608477 13.382531 9.780959
16.579153 13.371122 9.810972
16.550243 13.358837 9.842476
16.521776 13.345646 9.874931
16.493774 13.331552 9.907265
16.466745 13.316845 9.938880
16.440207 13.301300 9.970370
16.414175 13.284933 10.001750
16.388670 13.267759 10.033032
16.363712 13.249795 10.064233
16.339319 13.231057 10.095369
16.315512 13.211562 10.126455
16.292307 13.191325 10.157510
16.269728 13.170363 10.188548
16.247791 13.148693 10.219585
16.226517 13.126329 10.250641
16.205923 13.103291 10.281677
16.185795 13.079319 10.312430
16.166374 13.054709 10.342360
16.147655 13.029495 10.371485
16.129639 13.003707 10.399825
16.112318 12.977380 10.427408
16.095692 12.950543 10.454262
16.079756 12.923231 10.480416
16.064508 12.895476 10.505906
16.049946 12.867310 10.530765
16.036064 12.838765 10.555028
16.022861 12.809875 10.578732
16.010334 12.780670 10.601916
15.998611 12.751524 10.624359
15.987542 12.722130 10.646383
15.977118 12.692507 10.668017
15.967332 12.662665 10.689259
15.958174 12.632619 10.710109
15.949636 12.602381 10.730569
15.941709 12.571963 10.750643
15.934384 12.541380 10.770332
15.927654 12.510643 10.789644
15.921510 12.479766 10.808584
15.915942 12.448761 10.827159
15.910943 12.417641 10.845376
15.906459 12.386079 10.863436
15.902537 12.354426 10.881147
15.899170 12.322696 10.898322
15.896321 12.290898 10.913877
15.893939 12.259041 10.927648
15.891965 12.227134 10.939634
15.890344 12.195183 10.949844
15.889020 12.163197 10.958283
15.887938 12.131184 10.964959
15.887040 12.099153 10.969875
15.886271 12.067110 10.973039
15.885577 12.035065 10.974450
15.884900 12.003068 10.974113
15.884185 11.971086 10.972028
15.883375 11.939124 10.968191
15.882417 11.907191 10.962600
15.881252 11.875299 10.955335
15.879833 11.843464 10.946429
15.878108 11.811707 10.935863
15.876025 11.780046 10.923611
15.873534 11.748502 10.909644
15.870584 11.717093 10.893935
15.867126 11.685837 10.876452
15.863106 11.654755 10.857167
15.858650 11.624958 10.836834
15.853580 11.595358 10.814777
15.847852 11.565970 10.790983
15.841417 11.536815 10.765444
15.834231 11.507907 10.738162
15.826253 11.479263 10.709632
15.817478 11.450891 10.681791
15.807937 11.422791 10.654860
15.797658 11.394958 10.628855
15.786670 11.367395 10.603786
15.775003 11.340100 10.579659
15.762687 11.313073 10.556476
15.749749 11.286311 10.534232
15.736220 11.259814 10.512921
15.722130 11.233582 10.492533
15.707506 11.207614 10.473054
15.692380 11.181908 10.454472
15.676071 11.155334 10.435999
15.659279 11.129044 10.418469
15.642048 11.103031 10.403380
15.624501 11.077251 10.393356
15.606791 11.051645 10.388428
15.589068 11.026153 10.388612
15.571488 11.000714 10.393963
15.554202 10.975270 10.404572
15.537362 10.949760 10.420566
15.521121 10.924126 10.442100
15.505631 10.898307 10.469347
15.491047 10.872243 10.502480
15.477840 10.846536 10.540589
15.465781 10.820484 10.584500
15.455009 10.794032 10.634186
15.445663 10.767129 10.688689
15.437809 10.739775 10.743008
15.431435 10.712031 10.796309
15.426528 10.683958 10.848612
15.423077 10.655619 10.899958
15.421066 10.627074 10.950404
15.420485 10.598387 11.000020
15.421317 10.569617 11.048887
15.423553 10.540828 11.097096
15.427285 10.511359 11.145934
15.432464 10.482000 11.194286
15.439073 10.452820 11.242263
15.447100 10.423882 11.289973
15.456529 10.395256 11.337525
15.467326 10.366988 11.382519
15.479379 10.339062 11.422618
15.492555 10.311440 11.457854
15.506721 10.284089 11.488318
15.521748 10.256974 11.514131
15.537501 10.230062 11.535424
15.553851 10.203314 11.552329
15.570313 10.177248 11.564740
15.587097 10.151276 11.573139
15.604077 10.125364 11.577584
15.621132 10.099481 11.578108
15.638137 10.073592 11.574710
15.654967 10.047666 11.567361
15.671502 10.021670 11.556453
15.687666 9.995580 11.543690
15.703412 9.969373 11.529226
15.718696 9.943029 11.513042
15.733473 9.916528 11.495119
15.747699 9.889849 11.475442
15.761579 9.862462 11.453585
15.774794 9.834847 11.429898
15.787295 9.806982 11.404396
15.799037 9.778844 11.377100
15.809971 9.750412 11.348051
15.820051 9.721664 11.317306
15.829229 9.692578 11.284940
15.837460 9.663132 11.251139
15.844727 9.633319 11.218581
15.851083 9.603163 11.188494
15.856592 9.572692 11.160854
15.861319 9.541935 11.135624
15.865323 9.510921 11.112757
15.868670 9.479676 11.092196
15.871344 9.449213 11.074425
15.873516 9.418587 11.058716
15.875244 9.387823 11.045020
15.876586 9.356949 11.033295
15.877598 9.325989 11.023499
15.878336 9.294970 11.015603
15.878860 9.263917 11.009581
15.879224 9.232854 11.005097
15.879457 9.201792 11.001175
15.879577 9.170730 10.997742
15.879597 9.139668 10.994799
15.879534 9.108606 10.992347
15.879397 9.076704 10.990339
15.879205 9.044802 10.988850
15.878973 9.012899 10.987878
15.878719 8.980996 10.987423
15.878459 8.949092 10.987485
15.878208 8.917187 10.988065
15.877985 8.885281 10.989162
15.877805 8.853374 10.990777
15.877685 8.821465 10.992892
15.877632 8.789557 10.994900
15.877637 8.757648 10.996499
15.877687 8.725740 10.997689
15.877768 8.693836 10.998471
15.877867 8.661936 10.998844
15.877972 8.630041 10.998809
15.878069 8.598154 10.998364
15.878145 8.566275 10.997510
15.878188 8.534406 10.996245
15.878184 8.502547 10.994571
15.878119 8.470701 10.992485
15.877983 8.438869 10.989987
15.877760 8.407052 10.987077
15.877435 8.375253 10.983413
15.876972 8.343478 10.978349
15.876326 8.311728 10.971859
15.875452 8.280025 10.963935
15.874306 8.248378 10.954564
15.872842 8.216797 10.943734
15.871017 8.185294 10.931431
15.868786 8.153878 10.917641
15.866103 8.122560 10.902351
15.862925 8.091350 10.885550
15.859205 8.060259 10.867230
15.854901 8.029296 10.847387
15.849966 7.998473 10.826020
15.844358 7.967799 10.803333
15.838070 7.937335 10.780740
15.831102 7.907032 10.758471
15.823467 7.876892 10.736539
15.815177 7.846919 10.714949
15.806242 7.817118 10.693707
15.796676 7.787492 10.672817
15.786489 7.758045 10.652284
15.775693 7.728780 10.632107
15.764300 7.699701 10.612288
15.752322 7.670813 10.592827
15.739771 7.642118 10.573722
15.726658 7.613620 10.554970
15.713072 7.585480 10.536674
15.698965 7.557538 10.519782
15.684392 7.529771 10.505080
15.669415 7.502156 10.492554
15.654098 7.474669 10.482183
15.638503 7.447285 10.473954
15.622693 7.419980 10.467850
15.606730 7.392729 10.463858
15.590677 7.365509 10.461969
15.574597 7.338295 10.462180
15.558554 7.311062 10.464490
15.542607 7.283788 10.468903
15.526882 7.256552 10.475395
15.511379 7.229226 10.483994
15.496159 7.201786 10.494519
15.481266 7.174219 10.506208
15.466737 7.146517 10.518992
15.452603 7.118675 10.532885
15.438900 7.090686 10.547900
15.425662 7.062543 10.564052
15.412922 7.034241 10.581350
15.400714 7.005773 10.599807
15.389072 6.977131 10.619429
15.378032 6.948311 10.640220
15.368141 6.920794 10.661029
15.358851 6.893104 10.682888
15.350190 6.865236 10.705787
15.342187 6.837184 10.729712
15.334866 6.808946 10.753861
15.328210 6.780528 10.776999
15.322193 6.751942 10.799102
15.316789 6.723199 10.820162
15.311970 6.694311 10.840178
15.307708 6.665290 10.859154
15.303975 6.636147 10.877095
15.300746 6.606892 10.894009
15.297993 6.577539 10.909905
15.295551 6.546158 10.925741
15.293586 6.514692 10.940451
15.292064 6.483154 10.954047
15.290951 6.451558 10.966547
15.290216 6.419918 10.977966
15.289824 6.388246 10.988293
15.289743 6.356547 10.997506
15.289936 6.324824 11.005610
15.290368 6.293080 11.012608
15.291006 6.261319 11.018503
15.291814 6.229542 11.023300
15.292757 6.197753 11.027002
15.293773 6.166791 11.029557
15.294852 6.135824 11.031078
15.295962 6.104854 11.031568
15.297071 6.073883 11.031024
15.298148 6.042915 11.029449
15.299160 6.011952 11.026839
15.300075 5.980998 11.023293
15.300875 5.950052 11.019587
15.301560 5.919116 11.015882
15.302132 5.888188 11.012182
15.302588 5.857270 11.008486
15.302930 5.826360 11.004793
15.303163 5.794623 11.001005
15.303275 5.762895 10.997221
15.303267 5.731175 10.993443
15.303140 5.699463 10.989669
15.302893 5.667758 10.985901
15.302526 5.636061 10.982138
15.302041 5.604371 10.978380
15.301436 5.572687 10.974628
15.300716 5.541010 10.971117
15.299892 5.509339 10.968152
15.298985 5.477674 10.965734
15.298008 5.446012 10.963861
15.296981 5.414323 10.962537
15.295919 5.382637 10.961760
15.294843 5.350954 10.961532
15.293767 5.319273 10.961852
15.292711 5.287595 10.962722
15.291691 5.255918 10.964141
15.290725 5.224241 10.966109
15.289829 5.192565 10.968626
15.289023 5.160888 10.971693
15.288321 5.129210 10.975176
15.287728 5.097531 10.978489
15.287236 5.065851 10.981562
15.286840 5.034442 10.984370
15.286530 5.003032 10.986943
15.286296 4.971621 10.989281
15.286132 4.940208 10.991381
15.286030 4.908793 10.993245
15.285983 4.877377 10.994873
15.285984 4.845959 10.996264
15.286024 4.814538 10.997420
15.286098 4.783116 10.998340
15.286196 4.751692 10.999023
15.286311 4.720266 10.999472
15.286439 4.688838 10.999788
15.286575 4.657408 11.000033
15.286718 4.625976 11.000207
15.286867 4.594346 11.000310
15.287018 4.562714 11.000341
15.287168 4.531081 11.000299
15.287315 4.499446 11.000186
15.287458 4.467810 11.000001
15.287595 4.436173 10.999743
15.287722 4.404534 10.999413
15.287837 4.372895 10.999012
15.287939 4.341254 10.998538
15.288024 4.309613 10.997992
15.288091 4.277971 10.997410
15.288141 4.246328 10.996885
15.288175 4.214685 10.996424
15.288196 4.183041 10.996023
15.288204 4.151397 10.995684
15.288203 4.119753 10.995407
15.288194 4.088109 10.995193
15.288179 4.056465 10.995039
15.288160 4.024821 10.994947
15.288140 3.993177 10.994918
15.288120 3.961534 10.994950
15.288101 3.929892 10.995045
15.288087 3.898249 10.995201
15.288078 3.866608 10.995418
15.288077 3.834968 10.995671
15.288085 3.803328 10.995958
15.288102 3.771689 10.996277
15.288130 3.740052 10.996628
15.288169 3.708416 10.997010
15.288221 3.676780 10.997426
15.288286 3.645147 10.997873
15.288366 3.613514 10.998352
15.288463 3.581883 10.998864
15.288575 3.550254 10.999408
15.288706 3.518626 10.999984
15.288855 3.487000 11.000592
15.289023 3.455376 11.001233
15.289212 3.423753 11.001901
15.289424 3.392133 11.002590
15.289657 3.360515 11.003301
15.289912 3.328900 11.004033
15.290192 3.297287 11.004786
15.290495 3.265677 11.005563
15.290823 3.234070 11.006360
15.291177 3.202467 11.007178
15.291557 3.170867 11.008019
15.291964 3.139271 11.008882
15.292398 3.107679 11.009766
15.292861 3.076092 11.010671
15.293177 3.055560 11.011271
15.293506 3.035031 11.011881
15.293846 3.014503 11.012446
15.294197 2.993977 11.012869
15.294555 2.973453 11.013147
15.294917 2.952930 11.013282
15.295281 2.932409 11.013272
15.295643 2.911888 11.013119
15.296000 2.891368 11.012821
15.296350 2.870849 11.012379
15.296689 2.850330 11.011792
15.297014 2.829812 11.011062
15.297323 2.809293 11.010187
15.297613 2.788774 11.009169
15.297880 2.768254 11.008005
15.298122 2.747734 11.006699
15.298336 2.727212 11.005247
15.298518 2.706690 11.003652
15.298670 2.685620 11.001864
15.298782 2.664547 10.999926
15.298852 2.643473 10.997835
15.298877 2.622397 10.995593
15.298852 2.601318 10.993217
15.298778 2.580237 10.990871
15.298655 2.559152 10.988602
15.298484 2.538062 10.986407
15.298268 2.516967 10.984289
15.298008 2.495866 10.982247
15.297707 2.474758 10.980281
15.297363 2.453642 10.978393
15.296981 2.432518 10.976580
15.296561 2.411383 10.974844
15.296104 2.390239 10.973185
15.295614 2.369083 10.971603
15.295091 2.347915 10.970098
15.294536 2.326734 10.968670
15.293950 2.305510 10.967318
15.293336 2.284271 10.966042
15.292695 2.263016 10.964843
15.292029 2.241745 10.963722
15.291340 2.220457 10.962678
15.290627 2.199150 10.961711
15.289896 2.177825 10.960823
15.289145 2.156479 10.960046
15.288379 2.135111 10.959387
15.287598 2.113718 10.958846
15.286806 2.092298 10.958425
15.286006 2.070848 10.958121
15.285198 2.049368 10.957935
15.284388 2.027853 10.957868
15.283575 2.006303 10.957915
15.282763 1.984715 10.958080
15.281955 1.963086 10.958360
15.281152 1.941415 10.958754
15.279964 1.908858 10.959558
15.278804 1.876192 10.960614
15.277678 1.843411 10.961921
15.276596 1.810507 10.963472
15.275564 1.777472 10.965267
15.274591 1.744300 10.967324
15.273698 1.711001 10.970434
15.272931 1.677628 10.974981
15.272340 1.644238 10.980983
15.271974 1.610891 10.988472
15.271883 1.577644 10.997498
15.272118 1.544555 11.008125
15.272730 1.511591 11.020471
15.273770 1.478903 11.034606
15.275288 1.446548 11.050649
15.277333 1.414587 11.068735
15.279958 1.383076 11.089024
15.283211 1.352075 11.111696
15.287143 1.321642 11.136955
15.291806 1.291839 11.165311
15.297264 1.262747 11.197557
15.303586 1.234456 11.234126
15.310838 1.207054 11.275487
15.319089 1.180631 11.322145
15.328464 1.155137 11.374939
15.338985 1.130813 11.434133
15.350725 1.107750 11.500160
15.363752 1.086040 11.573297
15.378136 1.065771 11.653550
15.393944 1.047036 11.740549
15.411245 1.029925 11.833439
15.429941 1.014654 11.929985
15.450235 1.001149 12.027333
15.472099 0.989378 12.115587
15.495428 0.979214 12.193323
15.520115 0.970529 12.260828
15.546054 0.963192 12.318778
15.573138 0.957074 12.368019
15.601260 0.952045 12.409429
15.630315 0.947977 12.443831
15.660194 0.944740 12.471959
15.690793 0.942204 12.494430
15.722002 0.940240 12.511752
15.753717 0.938718 12.524330
15.785830 0.937510 12.532466
15.818236 0.936486 12.536473
15.850850 0.935560 12.539608
15.883637 0.934742 12.543376
15.916574 0.934056 12.547779
15.949629 0.933523 12.552819
15.982778 0.933166 12.558502
16.015993 0.933008 12.564838
16.049246 0.933072 12.571839
16.082512 0.933379 12.579519
16.115763 0.933954 12.587897
16.149015 0.934819 12.597005
16.182199 0.935998 12.606857
16.215288 0.937512 12.617478
16.248251 0.939384 12.628899
16.281063 0.941642 12.641532
16.313698 0.944333 12.656095
16.346125 0.947515 12.672649
16.378319 0.951247 12.691252
16.410254 0.955586 12.711958
16.441900 0.960590 12.734824
16.473232 0.966317 12.759902
16.504223 0.972825 12.787239
16.532810 0.979654 12.814820
16.561052 0.987260 12.844419
16.588930 0.995691 12.876038
16.616419 1.004993 12.909661
16.643497 1.015214 12.945253
16.670145 1.026401 12.982741
16.696329 1.038584 13.020940
16.722008 1.051746 13.059158
16.747131 1.065864 13.097505
16.771650 1.080910 13.136086
16.795517 1.096860 13.175011
16.818682 1.113688 13.214387
16.841095 1.131369 13.254320
16.863979 1.151015 13.297377
16.885906 1.171560 13.341300
16.906816 1.192975 13.386209
16.926655 1.215229 13.432215
16.945362 1.238292 13.479420
16.962877 1.262133 13.527914
16.979145 1.286724 13.577704
16.994137 1.312030 13.626671
17.007891 1.338014 13.673656
17.020452 1.364635 13.718514
17.031870 1.391855 13.761151
17.042187 1.419634 13.801514
17.051537 1.448204 13.839932
17.059860 1.477263 13.876029
17.067207 1.506771 13.909840
17.073626 1.536688 13.941420
17.079163 1.566973 13.970840
17.083868 1.597586 13.998175
17.087786 1.628485 14.023507
17.090967 1.659632 14.046920
17.093460 1.690986 14.068400
17.095320 1.722524 14.087815
17.096603 1.754225 14.105199
17.097370 1.786072 14.120593
17.097681 1.818044 14.134038
17.097591 1.850123 14.145573
17.097160 1.882291 14.155232
17.096447 1.914527 14.163046
17.095509 1.946814 14.169040
17.094406 1.979132 14.173232
17.093195 2.011461 14.175634
17.091936 2.043784 14.176254
17.090689 2.076082 14.175088
17.089506 2.108334 14.172292
17.088425 2.140534 14.169189
17.087444 2.172686 14.166078
17.086847 2.194096 14.163998
17.086296 2.215487 14.161915
17.085789 2.236863 14.159829
17.085327 2.258224 14.157742
17.084911 2.279571 14.155651
17.084539 2.300906 14.153560
17.084211 2.322231 14.151466
17.083929 2.343547 14.149373
17.083691 2.364856 14.147279
17.083498 2.386158 14.145185
17.083349 2.407456 14.143092
17.083246 2.428751 14.141001
17.083185 2.450044 14.138910
17.083172 2.471337 14.136823
17.083200 2.492632 14.134737
17.083275 2.513929 14.132655
17.083393 2.535231 14.130593
17.083553 2.556538 14.128627
17.083755 2.577852 14.126764
17.083998 2.599173 14.125007
17.084274 2.620503 14.123353
17.084585 2.641843 14.121804
17.084929 2.663192 14.120359
17.085302 2.684553 14.119019
17.085705 2.705927 14.117784
17.086130 2.727314 14.116652
17.086582 2.748715 14.115625
17.087053 2.770131 14.114703
17.087543 2.791564 14.113885
17.088051 2.813014 14.113171
17.088573 2.834482 14.112561
17.089108 2.855969 14.112055
17.089651 2.877477 14.111651
17.090204 2.899006 14.111352
17.090763 2.920557 14.111156
17.091326 2.942131 14.111061
17.091873 2.963130 14.111160
17.092413 2.984149 14.111943
17.092930 3.005180 14.113483
17.093405 3.026217 14.115782
17.093824 3.047254 14.118841
17.094172 3.068283 14.122664
17.094429 3.089298 14.127256
17.094582 3.110291 14.132625
17.094614 3.131257 14.138777
17.094509 3.152187 14.145720
17.094252 3.173076 14.153467
17.093822 3.193917 14.162028
17.093210 3.214702 14.171416
17.092396 3.235425 14.181643
17.091364 3.256080 14.192725
17.090097 3.276658 14.204675
17.088581 3.297155 14.217508
17.086798 3.317561 14.231239
17.084734 3.337872 14.245883
17.081013 3.368581 14.269950
17.076546 3.399026 14.296154
17.071281 3.429165 14.324362
17.065178 3.458945 14.354672
17.058191 3.488309 14.387208
17.050280 3.517204 14.422091
17.041399 3.545575 14.459432
17.031507 3.573367 14.499335
17.020559 3.600525 14.541883
17.008512 3.626995 14.587127
16.995325 3.652721 14.635082
16.980951 3.677650 14.685716
16.966152 3.700558 14.736246
16.950205 3.722649 14.788974
16.933075 3.743875 14.843702
16.914738 3.764199 14.898160
16.895247 3.783629 14.949483
16.874680 3.802188 14.997653
16.853107 3.819901 15.042722
16.830612 3.836789 15.084789
16.807264 3.852875 15.123985
16.783142 3.868184 15.160457
16.758320 3.882739 15.194363
16.732876 3.896561 15.225865
16.706884 3.909675 15.255124
16.678768 3.922851 15.283909
16.650211 3.935282 15.310511
16.621305 3.946996 15.335090
16.592140 3.958019 15.357795
16.562801 3.968385 15.378460
16.533365 3.978146 15.396757
16.503895 3.987360 15.412724
16.474459 3.996088 15.426387
16.445124 4.004386 15.437762
16.415956 4.012317 15.446846
16.387026 4.019938 15.453616
16.358395 4.027307 15.458029
16.330133 4.034486 15.460012
16.302307 4.041532 15.459469
16.274984 4.048505 15.456264
16.248842 4.055302 15.450400
16.223309 4.062140 15.441631
16.198441 4.069076 15.429937
16.174267 4.076142 15.416931
16.150782 4.083354 15.402944
16.127970 4.090722 15.387931
16.105820 4.098258 15.371852
16.084320 4.105974 15.354667
16.063457 4.113882 15.336340
16.043222 4.121993 15.316840
16.023602 4.130320 15.296144
16.004583 4.138873 15.274232
15.986156 4.147665 15.251098
15.968306 4.156707 15.226745
15.951022 4.166011 15.201187
15.934294 4.175590 15.174455
15.918109 4.185454 15.146491
15.902459 4.195618 15.117035
15.887342 4.206100 15.086112
15.872752 4.216915 15.053787
15.858685 4.228079 15.020150
15.845137 4.239609 14.985312
15.832103 4.251522 14.949412
15.819579 4.263834 14.912609
15.807562 4.276561 14.875084
15.796030 4.289738 14.836980
15.784998 4.303364 14.798557
15.774460 4.317456 14.760034
15.764411 4.332029 14.721625
15.754848 4.347102 14.683544
15.745768 4.362690 14.645981
15.737163 4.378812 14.609116
15.729030 4.395486 14.573132
15.721362 4.412733 14.538187
15.714155 4.430570 14.504415
15.707404 4.449017 14.471920
15.701103 4.468092 14.440784
15.695249 4.487815 14.411060
15.689834 4.508204 14.382784
15.684855 4.529280 14.355965
15.680305 4.551059 14.330599
15.676180 4.573562 14.306668
15.672475 4.596807 14.284140
15.669184 4.620813 14.263006
15.666296 4.645580 14.243931
15.663726 4.671758 14.226578
15.661528 4.698647 14.211238
15.659676 4.726200 14.197701
15.658141 4.754365 14.185790
15.656897 4.783097 14.175354
15.655916 4.812346 14.166265
15.655171 4.842062 14.158416
15.654634 4.872200 14.151717
15.654279 4.902709 14.146094
15.654078 4.933541 14.141485
15.654002 4.964647 14.137838
15.654027 4.995980 14.135117
15.654124 5.027494 14.133060
15.654284 5.059163 14.131240
15.654498 5.090972 14.129642
15.654761 5.122904 14.128259
15.655066 5.154943 14.127088
15.655406 5.187073 14.126123
15.655774 5.219276 14.125365
15.656165 5.251537 14.124809
15.656570 5.283839 14.124454
15.656984 5.316166 14.124297
15.657400 5.348502 14.124340
15.657811 5.380829 14.124582
15.658212 5.413133 14.125023
15.658594 5.445395 14.125644
15.658955 5.477611 14.126301
15.659293 5.509781 14.126966
15.659610 5.541910 14.127638
15.659905 5.573999 14.128318
15.660178 5.606053 14.129006
15.660428 5.638074 14.129702
15.660656 5.670066 14.130404
15.660860 5.702031 14.131115
15.661042 5.733972 14.131832
15.661201 5.765892 14.132555
15.661337 5.797806 14.133286
15.661448 5.829705 14.134023
15.661537 5.861593 14.134767
15.661601 5.893472 14.135544
15.661640 5.925344 14.136376
15.661652 5.957210 14.137262
15.661633 5.989071 14.138202
15.661585 6.020930 14.139195
15.661504 6.052786 14.140243
15.661388 6.084643 14.141343
15.661237 6.116501 14.142497
15.661048 6.148361 14.143703
15.660820 6.180214 14.144963
15.660551 6.212072 14.146276
15.660239 6.243937 14.147640
15.659883 6.275810 14.149057
15.659484 6.307691 14.150002
15.659083 6.339570 14.149148
15.658740 6.371429 14.146425
15.658514 6.403254 14.141827
15.658464 6.435026 14.135335
15.658650 6.466731 14.126931
15.659132 6.498351 14.116590
15.659969 6.529869 14.104282
15.661222 6.561281 14.089970
15.662951 6.592558 14.073623
15.665214 6.623685 14.055207
15.668071 6.654644 14.034692
15.671582 6.685421 14.012047
15.675808 6.715997 13.987391
15.680781 6.746362 13.962182
15.686506 6.776512 13.936827
15.692983 6.806446 13.911350
15.700210 6.836158 13.885777
15.708187 6.865647 13.860135
15.716916 6.894910 13.834448
15.725776 6.922122 13.810363
15.735294 6.949131 13.786283
15.745472 6.975933 13.762234
15.756309 7.002526 13.738235
15.767803 7.028909 13.714308
15.779957 7.055078 13.690474
15.792769 7.081030 13.666754
15.806238 7.106766 13.643583
15.820322 7.132298 13.623060
15.834947 7.157654 13.605440
15.850037 7.182864 13.590675
15.865514 7.207956 13.578722
15.881304 7.232960 13.569536
15.898413 7.259577 13.562746
15.915698 7.286160 13.559032
15.933067 7.312745 13.558371
15.950426 7.339365 13.560750
15.967684 7.366055 13.566171
15.984746 7.392852 13.574645
16.001522 7.419788 13.586196
16.017918 7.446900 13.600852
16.033850 7.474219 13.617707
16.049280 7.501752 13.635044
16.064198 7.529502 13.652828
16.078588 7.557466 13.671062
16.092304 7.585368 13.689564
16.105476 7.613481 13.708510
16.118092 7.641803 13.727901
16.130133 7.670333 13.747732
16.141590 7.699072 13.768002
16.152447 7.728020 13.788706
16.162693 7.757174 13.809836
16.172312 7.786537 13.831386
16.181292 7.816106 13.853342
16.189619 7.845881 13.875603
16.197294 7.875857 13.897199
16.204344 7.906021 13.917873
16.210880 7.936816 13.937918
16.216824 7.967778 13.957018
16.222197 7.998891 13.975179
16.227024 8.030142 13.992410
16.231335 8.061517 14.008721
16.235151 8.093000 14.024123
16.238503 8.124579 14.038630
16.241413 8.156240 14.052252
16.243908 8.187969 14.065002
16.246014 8.219751 14.076895
16.247755 8.251573 14.087940
16.249159 8.283422 14.098138
16.250248 8.315132 14.107433
16.251055 8.346865 14.115882
16.251608 8.378618 14.123484
16.251932 8.410392 14.130241
16.252056 8.442183 14.136154
16.252007 8.473991 14.141225
16.251808 8.505815 14.145456
16.251488 8.537651 14.148848
16.251072 8.569499 14.151403
16.250589 8.601358 14.153123
16.250065 8.633226 14.154008
16.249525 8.665101 14.154059
16.248995 8.696982 14.153535
16.248478 8.728869 14.153203
16.247969 8.760766 14.153113
16.247458 8.792673 14.153267
16.246939 8.824593 14.153662
16.246403 8.856526 14.154300
16.245842 8.888477 14.155178
16.245249 8.920447 14.156297
16.244616 8.952437 14.157656
16.243935 8.984450 14.159255
16.243196 9.016489 14.161092
16.242397 9.048553 14.163166
16.241528 9.080635 14.165475
16.240578 9.112748 14.167949
16.239557 9.144888 14.169645
16.238501 9.177042 14.170276
16.237438 9.209198 14.169842
16.236410 9.241342 14.168343
16.235447 9.273461 14.165773
16.234585 9.305542 14.162128
16.233858 9.337571 14.157397
16.233301 9.369535 14.151568
16.232948 9.401423 14.144627
16.232838 9.433219 14.136555
16.232996 9.464496 14.127462
16.233454 9.495657 14.117229
16.234247 9.526692 14.105832
16.235413 9.557586 14.092560
16.237024 9.588307 14.076435
16.239164 9.618822 14.057367
16.241915 9.649096 14.035264
16.245358 9.679095 14.010029
16.249573 9.708785 13.981567
16.254646 9.738132 13.949795
16.260658 9.767099 13.914645
16.267693 9.795655 13.876081
16.275829 9.823765 13.834108
16.285152 9.851393 13.788789
16.295742 9.878506 13.740254
16.307684 9.905068 13.688718
16.321312 9.931517 13.634110
16.336409 9.957361 13.583863
16.352835 9.982652 13.539555
16.370436 10.007444 13.501058
16.389059 10.031790 13.468182
16.408556 10.055744 13.440710
16.428774 10.079359 13.418430
16.449560 10.102690 13.401151
16.470764 10.125790 13.388720
16.492233 10.148711 13.381028
16.513817 10.171510 13.378022
16.535362 10.194238 13.379703
16.556776 10.217011 13.386154
16.577847 10.239822 13.397495
16.598423 10.262717 13.413283
16.618364 10.285718 13.433318
16.637527 10.308842 13.457905
16.655769 10.332108 13.487407
16.672953 10.355534 13.522246
16.688932 10.379136 13.562893
16.703569 10.402933 13.609840
16.716722 10.426944 13.663570
16.728249 10.451184 13.724496
16.738007 10.475673 13.792878
16.745819 10.500291 13.868285
16.751604 10.525190 13.950704
16.755222 10.550387 14.039298
16.756559 10.575896 14.129160
16.755680 10.601697 14.211978
16.752718 10.627757 14.287070
16.747818 10.654044 14.354404
16.741116 10.680526 14.414265
16.732752 10.707169 14.467119
16.722866 10.733940 14.513525
16.711596 10.760807 14.554057
16.699083 10.787738 14.589264
16.685417 10.814792 14.619743
16.670778 10.841843 14.645810
16.655310 10.868858 14.667841
16.639153 10.895805 14.686150
16.622444 10.922652 14.700962
16.605310 10.949400 14.712304
16.587852 10.976083 14.720222
16.570173 11.002739 14.724771
16.552378 11.029404 14.725987
16.534569 11.056115 14.723894
16.516848 11.082910 14.718495
16.499321 11.109823 14.709780
16.483229 11.135078 14.698635
16.467480 11.160500 14.684552
16.452156 11.186116 14.667498
16.437340 11.211959 14.647434
16.423117 11.238057 14.624326
16.409571 11.264441 14.598146
16.396776 11.291138 14.570125
16.384737 11.318144 14.543057
16.373425 11.345445 14.517083
16.362810 11.373023 14.492228
16.352865 11.400866 14.468513
16.343557 11.428954 14.445949
16.334860 11.457275 14.424544
16.326181 11.487864 14.402894
16.318132 11.518682 14.382572
16.310678 11.549710 14.363569
16.303782 11.580928 14.345876
16.297405 11.612317 14.329474
16.291513 11.643857 14.314351
16.286072 11.675529 14.300488
16.281048 11.707318 14.287472
16.276423 11.739214 14.274945
16.272184 11.771212 14.262905
16.268316 11.803307 14.251348
16.264807 11.835492 14.240273
16.261654 11.867630 14.229716
16.258829 11.899848 14.219628
16.256319 11.932138 14.210006
16.254107 11.964497 14.200844
16.252184 11.996919 14.192139
16.250532 12.029396 14.183886
16.249140 12.061926 14.176080
16.247992 12.094501 14.168718
16.247082 12.127115 14.161234
16.246441 12.159745 14.152004
16.246134 12.192359 14.140901
16.246218 12.224926 14.127888
16.246758 12.257412 14.112920
16.247812 12.289785 14.095945
16.249443 12.322016 14.076906
16.251711 12.354069 14.055739
16.254679 12.385914 14.032382
16.258406 12.417520 14.006768
16.262955 12.448852 13.978838
16.268385 12.479880 13.948539
16.274759 12.510572 13.915831
16.282137 12.540895 13.880786
16.290558 12.570807 13.844472
16.300030 12.600247 13.807095
16.310467 12.628918 13.768865
16.321943 12.657006 13.729365
16.334469 12.684455 13.688493
16.348047 12.711204 13.646150
16.362680 12.737195 13.602248
16.378376 12.762368 13.556714
16.395140 12.786665 13.509493
16.412971 12.810027 13.460551
16.431881 12.832396 13.409885
16.451870 12.853710 13.357521
16.472946 12.873914 13.303526
16.495102 12.892956 13.249523
16.518040 12.910661 13.198259
16.541931 12.927258 13.149233
16.566713 12.942770 13.102466
16.592325 12.957219 13.057938
16.618710 12.970628 13.015597
16.645805 12.983019 12.975370
16.673552 12.994414 12.937160
16.701889 13.004837 12.900860
16.730755 13.014310 12.866355
16.760094 13.022855 12.833526
16.789841 13.030495 12.802250
16.819939 13.037251 12.772408
16.850880 13.043247 12.743420
16.882074 13.048388 12.716338
16.913494 13.052729 12.691321
16.945120 13.056327 12.668345
16.976927 13.059239 12.647378
17.008890 13.061523 12.628381
17.040989 13.063236 12.611317
17.073200 13.064435 12.596147
17.105499 13.065177 12.582832
17.137865 13.065519 12.571343
17.170271 13.065518 12.561647
17.202698 13.065232 12.553722
17.235121 13.064717 12.547549
17.267515 13.064031 12.543118
17.299864 13.063224 12.539825
17.332165 13.062320 12.537001
17.364416 13.061333 12.534647
17.396622 13.060279 12.532767
17.428782 13.059174 12.531362
17.460899 13.058033 12.530434
17.492975 13.056871 12.529984
17.525011 13.055704 12.530017
17.557007 13.054547 12.530531
17.588966 13.053416 12.531530
17.620880 13.052326 12.533015
17.652760 13.051293 12.534986
17.684605 13.050331 12.537448
17.716419 13.049456 12.540288
17.748207 13.048671 12.543067
17.779966 13.047974 12.545738
17.811703 13.047359 12.548301
17.843418 13.046825 12.550753
17.875114 13.046368 12.553095
17.906796 13.045982 12.555326
17.938463 13.045667 12.557444
17.970121 13.045416 12.559449
18.001770 13.045227 12.561341
18.033413 13.045096 12.563120
18.065054 13.045020 12.564783
18.096695 13.044995 12.566332
18.128338 13.045016 12.567769
18.159986 13.045083 12.569190
18.191643 13.045196 12.570636
18.223307 13.045354 12.572105
18.254984 13.045559 12.573599
18.286674 13.045812 12.575115
18.318380 13.046114 12.576654
18.350105 13.046465 12.578216
18.381851 13.046865 12.579800
18.413620 13.047318 12.581405
18.445414 13.047822 12.583032
18.477234 13.048378 12.584679
18.509085 13.048987 12.586347
18.540966 13.049651 12.588035
18.572884 13.050369 12.589593
18.604834 13.051131 12.590781
18.636818 13.051926 12.591599
18.668837 13.052742 12.592048
18.700888 13.053568 12.592129
18.732973 13.054391 12.591842
18.765091 13.055200 12.591189
18.797243 13.055982 12.590173
18.829426 13.056727 12.588792
18.861643 13.057423 12.587048
18.893892 13.058056 12.584943
18.926174 13.058617 12.582477
18.958487 13.059093 12.579650
18.990831 13.059470 12.576204
19.023188 13.059705 12.570626
19.055525 13.059720 12.562654
19.087805 13.059439 12.552253
19.119995 13.058784 12.539377
19.152102 13.057676 12.523946
19.184050 13.056038 12.505904
19.215799 13.053793 12.485175
19.247318 13.050863 12.461676
19.278572 13.047170 12.435324
19.309523 13.042637 12.406039
19.340137 13.037186 12.373754
19.370380 13.030739 12.338418
19.400217 13.023220 12.300042
19.429611 13.014572 12.260344
19.458521 13.004798 12.220262
19.486906 12.993908 12.179756
19.514431 12.982049 12.139231
19.541365 12.969118 12.098217
19.567667 12.955127 12.056685
19.593300 12.940086 12.014608
19.618221 12.924005 11.971965
19.642395 12.906895 11.928741
19.665779 12.888765 11.884929
19.688335 12.869627 11.840529
19.710026 12.849490 11.795553
19.730808 12.828365 11.750020
19.750648 12.806266 11.704432
19.769531 12.783228 11.660192
19.787428 12.759347 11.617454
19.804373 12.734633 11.576100
19.820370 12.709141 11.536084
19.835419 12.682920 11.497345
19.849522 12.656022 11.459813
19.862679 12.628499 11.423409
19.874893 12.600403 11.388054
19.886164 12.571785 11.353660
19.896494 12.542697 11.320138
19.905884 12.513190 11.287399
19.914337 12.483317 11.255353
19.921852 12.453129 11.223936
19.928520 12.422324 11.193926
19.934313 12.391262 11.166306
19.939297 12.359963 11.141084
19.943541 12.328447 11.118247
19.947115 12.296732 11.097775
19.950089 12.264838 11.079636
19.952528 12.232784 11.063797
19.954502 12.200589 11.050220
19.956079 12.168273 11.038871
19.957329 12.135855 11.029716
19.958319 12.103353 11.022726
19.959120 12.070787 11.017879
19.959797 12.038178 11.015155
19.960413 12.005543 11.013687
19.960974 11.972888 11.011778
19.961466 11.940220 11.009380
19.961870 11.907542 11.006495
19.962173 11.874859 11.003120
19.962358 11.842174 10.999257
19.962410 11.809492 10.994902
19.962309 11.776816 10.990053
19.962044 11.744152 10.984711
19.961594 11.711503 10.978869
19.960947 11.678873 10.972529
19.960085 11.646267 10.965688
19.958994 11.613688 10.958341
19.957653 11.581142 10.950306
19.956024 11.548654 10.940221
19.954033 11.516267 10.927760
19.951609 11.484031 10.912854
19.948679 11.451991 10.895421
19.945169 11.420197 10.875365
19.941008 11.388694 10.852578
19.936119 11.357532 10.826947
19.930435 11.326755 10.798352
19.923880 11.296412 10.766677
19.916901 11.268482 10.734184
19.909037 11.241012 10.698833
19.900229 11.214039 10.660569
19.890419 11.187603 10.619377
19.879553 11.161741 10.576147
19.867630 11.136490 10.532649
19.854670 11.111881 10.488914
19.840691 11.087949 10.444925
19.825716 11.064725 10.400664
19.809763 11.042244 10.356117
19.792852 11.020538 10.311272
19.775005 10.999641 10.266118
19.756241 10.979586 10.220651
19.736578 10.960405 10.174870
19.716040 10.942134 10.128779
19.694645 10.924803 10.082390
19.672413 10.908446 10.035720
19.649363 10.893098 9.988791
19.625519 10.878789 9.942001
19.600914 10.865515 9.897492
19.575598 10.853238 9.855614
19.549622 10.841919 9.816333
19.523037 10.831517 9.779591
19.495893 10.821993 9.745303
19.468241 10.813308 9.713374
19.440132 10.805420 9.683697
19.410322 10.797988 9.654972
19.380127 10.791338 9.628463
19.349602 10.785427 9.604047
19.318806 10.780208 9.581611
19.287794 10.775635 9.561046
19.256628 10.771664 9.542255
19.225361 10.768250 9.525098
19.194027 10.765349 9.509211
19.162636 10.762928 9.494535
19.131197 10.760947 9.481071
19.099716 10.759370 9.468811
19.068205 10.758159 9.457750
19.037622 10.757300 9.448163
19.007027 10.756717 9.439692
18.976423 10.756376 9.432331
18.945822 10.756244 9.426077
18.915228 10.756285 9.420926
18.884653 10.756468 9.416875
18.854099 10.756757 9.413924
18.823580 10.757119 9.412074
18.793100 10.757522 9.411185
18.762661 10.757945 9.410602
18.732262 10.758382 9.410241
18.701902 10.758825 9.410105
18.671577 10.759270 9.410193
18.639605 10.759731 9.410531
18.607670 10.760178 9.411120
18.575766 10.760601 9.411963
18.543894 10.760992 9.413058
18.512051 10.761345 9.414408
18.480234 10.761650 9.416012
18.448441 10.761900 9.417870
18.416670 10.762087 9.419982
18.384918 10.762202 9.422350
18.353184 10.762241 9.424680
18.321463 10.762212 9.426628
18.289757 10.762128 9.428193
18.258047 10.761999 9.429375
18.226349 10.761840 9.430172
18.194654 10.761662 9.430584
18.162964 10.761477 9.430611
18.131275 10.761296 9.430252
18.099585 10.761133 9.429508
18.067892 10.761001 9.428379
18.036194 10.760909 9.426866
18.004488 10.760872 9.424968
17.972773 10.760901 9.422687
17.941044 10.761008 9.420126
17.909302 10.761194 9.417717
17.877514 10.761455 9.415505
17.845713 10.761783 9.413493
17.813894 10.762171 9.411680
17.782063 10.762614 9.410067
17.750214 10.763105 9.408652
17.718349 10.763639 9.407437
17.686468 10.764209 9.406420
17.654572 10.764808 9.405602
17.622656 10.765430 9.404980
17.590721 10.766070 9.404556
17.558769 10.766721 9.404330
17.526798 10.767376 9.404267
17.494814 10.768040 9.403602
17.462826 10.768741 9.402015
17.430853 10.769506 9.399505
17.398907 10.770366 9.396066
17.367004 10.771350 9.391691
17.335157 10.772486 9.386373
17.303381 10.773804 9.380097
17.271690 10.775333 9.372851
17.240101 10.777102 9.364620
17.208628 10.779141 9.355385
17.177280 10.781479 9.345127
17.146080 10.784144 9.333824
17.115976 10.787069 9.321848
17.086035 10.790359 9.308508
17.056274 10.794061 9.293211
17.026712 10.798228 9.275912
16.997368 10.802914 9.256574
16.968260 10.808172 9.235163
16.939405 10.814057 9.211650
16.910826 10.820621 9.186018
16.882540 10.827918 9.158257
16.854563 10.836001 9.128373
16.826918 10.844925 9.096395
16.799620 10.854741 9.062371
16.772690 10.865505 9.026376
16.746147 10.877270 8.988514
16.719086 10.890564 8.947549
16.692459 10.904995 8.909703
16.666214 10.920425 8.877912
16.640280 10.936695 8.852063
16.614597 10.953641 8.832024
16.589096 10.971101 8.817659
16.563717 10.988914 8.808861
16.538391 11.006920 8.805551
16.513054 11.024956 8.807692
16.487640 11.042859 8.815289
16.462086 11.060470 8.828386
16.436327 11.077625 8.847066
16.410385 11.094109 8.871336
16.384111 11.109820 8.901360
16.357449 11.124609 8.935671
16.330408 11.138391 8.971452
16.303028 11.151108 9.008777
16.275345 11.162703 9.047784
16.247396 11.173120 9.088607
16.219221 11.182300 9.131372
16.190857 11.190187 9.176193
16.162338 11.196722 9.223166
16.133707 11.201851 9.272361
16.104998 11.205513 9.323812
16.076250 11.207654 9.377517
16.047499 11.208215 9.433418
16.018784 11.207138 9.491403
15.990142 11.204370 9.550565
15.961591 11.199941 9.606091
15.933130 11.193957 9.657014
15.904760 11.186538 9.703288
15.876479 11.177797 9.744971
15.848287 11.167850 9.782187
15.820180 11.156811 9.815100
15.792160 11.144796 9.843898
15.764225 11.131921 9.868770
15.736221 11.118222 9.890000
15.708302 11.103888 9.907608
15.680465 11.089033 9.921735
15.652710 11.073776 9.932494
15.625035 11.058233 9.939976
15.597433 11.042514 9.944467
15.569873 11.026707 9.946106
15.542323 11.010898 9.944896
15.514751 10.995173 9.940831
15.487125 10.979617 9.933898
15.459414 10.964318 9.924076
15.431586 10.949361 9.911340
15.403761 10.934910 9.895754
15.375755 10.920966 9.877229
15.347539 10.907615 9.855742
15.319080 10.894940 9.831280
15.290347 10.883027 9.803843
15.261308 10.871961 9.773451
15.231937 10.861809 9.741906
15.202246 10.852558 9.712023
15.172257 10.844161 9.683858
15.141994 10.836572 9.657421
15.111480 10.829743 9.632710
15.080738 10.823630 9.609714
15.049813 10.818190 9.588428
15.018706 10.813371 9.568812
14.987443 10.809128 9.550841
14.956044 10.805413 9.534487
14.924534 10.802181 9.519721
14.892936 10.799387 9.506516
14.861272 10.796983 9.494849
14.829566 10.794924 9.484590
14.797831 10.793176 9.475168
14.766068 10.791714 9.466503
14.734283 10.790515 9.458591
14.702478 10.789555 9.451434
14.670699 10.788812 9.445036
14.638906 10.788259 9.439385
14.607102 10.787874 9.434480
14.575290 10.787634 9.430320
14.543473 10.787514 9.426902
14.511653 10.787491 9.424227
14.479835 10.787541 9.422292
14.448020 10.787642 9.421098
14.416213 10.787767 9.420629
14.384415 10.787906 9.420181
14.352626 10.788063 9.419383
14.320848 10.788252 9.418233
14.289070 10.788483 9.416731
14.257304 10.788767 9.414876
14.225550 10.789116 9.412668
14.193809 10.789540 9.410108
14.162080 10.790051 9.407192
14.130364 10.790660 9.403923
14.098663 10.791377 9.400299
14.066977 10.792215 9.396319
14.035305 10.793184 9.391985
14.003649 10.794296 9.387295
13.972009 10.795559 9.382600
13.940383 10.796959 9.378602
13.908607 10.798482 9.375307
13.876841 10.800097 9.372737
13.845085 10.801783 9.370893
13.813336 10.803514 9.369776
13.781593 10.805270 9.369385
13.749855 10.807027 9.369722
13.718119 10.808761 9.370787
13.686382 10.810450 9.372579
13.654644 10.812070 9.375098
13.622903 10.813599 9.378345
13.591157 10.815012 9.382319
13.559403 10.816289 9.386897
13.517287 10.817760 9.392749
13.475159 10.818994 9.398177
13.433019 10.820008 9.403181
13.390868 10.820821 9.407761
13.348708 10.821449 9.411916
13.306540 10.821911 9.415648
13.264364 10.822225 9.418957
13.222181 10.822409 9.421842
13.179995 10.822478 9.424305
13.137788 10.822454 9.426307
13.095577 10.822363 9.427406
13.053365 10.822247 9.427480
13.011151 10.822149 9.426526
12.968938 10.822114 9.424547
12.926724 10.822184 9.421541
12.884513 10.822401 9.417508
12.842304 10.822811 9.412449
12.800100 10.823457 9.406362
12.757784 10.824384 9.399228
12.715474 10.825634 9.391146
12.673170 10.827228 9.383168
12.630875 10.829150 9.375608
12.588586 10.831384 9.368467
12.546305 10.833911 9.361744
12.504031 10.836715 9.355439
12.461765 10.839777 9.349551
12.419508 10.843080 9.344080
12.377158 10.846614 9.339014
12.334816 10.850355 9.334366
12.292483 10.854284 9.330063
12.250163 10.858405 9.325272
12.207864 10.862743 9.319753
12.165596 10.867330 9.313503
12.123366 10.872195 9.306521
12.081184 10.877369 9.298805
12.039060 10.882882 9.290351
12.000946 10.888196 9.282052
11.962893 10.893836 9.273143
11.924908 10.899823 9.263623
11.886996 10.906181 9.253491
11.849165 10.912930 9.242923
11.811421 10.920082 9.232086
11.773769 10.927645 9.220980
11.736217 10.935628 9.209603
11.698767 10.944041 9.197956
11.661427 10.952892 9.186038
11.620636 10.963108 9.172665
11.579992 10.973874 9.158965
11.539502 10.985202 9.144941
11.499173 10.997105 9.130595
11.459014 11.009592 9.116011
11.419028 11.022661 9.101826
11.379214 11.036291 9.088169
11.339572 11.050458 9.075038
11.300101 11.065139 9.062431
11.260665 11.080364 9.050304
11.221399 11.096063 9.038699
11.182302 11.112209 9.027610
11.143375 11.128782 9.017035
11.104617 11.145758 9.006968
11.066026 11.163114 8.997403
11.027599 11.180828 8.988298
10.989329 11.198884 8.979647
10.951212 11.217263 8.971450
10.916677 11.234240 8.964389
10.882258 11.251453 8.957704
10.847949 11.268893 8.951392
10.813745 11.286543 8.945455
10.779640 11.304391 8.939890
10.745630 11.322423 8.934699
10.711710 11.340626 8.929879
10.677875 11.358985 8.925517
10.644114 11.377480 8.921814
10.610415 11.396089 8.918777
10.573410 11.416658 8.916205
10.536450 11.437309 8.914441
10.499518 11.458011 8.913482
10.462598 11.478732 8.913328
10.425673 11.499444 8.913980
10.388728 11.520116 8.915439
10.351747 11.540719 8.917704
10.314712 11.561222 8.920638
10.277617 11.581617 8.923462
10.240534 11.601876 8.926044
10.203399 11.622046 8.928391
10.166218 11.642132 8.930502
10.128994 11.662145 8.932375
10.091733 11.682095 8.934012
10.054438 11.701990 8.935413
10.017112 11.721840 8.936578
9.979761 11.741652 8.937506
9.942388 11.761437 8.938324
9.908324 11.779426 8.939649
9.874229 11.797358 8.941645
9.840094 11.815209 8.944311
9.805905 11.832959 8.947649
9.771655 11.850580 8.951659
9.737333 11.868051 8.956343
9.702930 11.885345 8.961699
9.668435 11.902441 8.967731
9.633838 11.919313 8.974438
9.599129 11.935940 8.981820
9.560815 11.953910 8.990721
9.522345 11.971519 9.000449
9.483711 11.988731 9.011011
9.444909 12.005509 9.022413
9.405932 12.021819 9.034658
9.366775 12.037625 9.047754
9.327431 12.052891 9.061703
9.287892 12.067581 9.076509
9.248156 12.081660 9.092172
9.207952 12.095179 9.108806
9.167536 12.108006 9.126050
9.126909 12.120144 9.142775
9.086086 12.131615 9.158844
9.045078 12.142443 9.174257
9.003898 12.152656 9.189013
8.962557 12.162277 9.203112
8.921067 12.171332 9.216554
8.879442 12.179847 9.229342
8.837822 12.187822 9.241445
8.796091 12.195311 9.252904
8.754261 12.202336 9.263720
8.712343 12.208926 9.273877
8.670345 12.215106 9.283379
8.628276 12.220902 9.292224
8.586145 12.226342 9.300417
8.543962 12.231451 9.307961
8.501734 12.236258 9.314857
8.460437 12.240685 9.320972
8.419114 12.244873 9.326475
8.377774 12.248846 9.331365
8.336425 12.252627 9.335796
8.295069 12.256222 9.340412
8.253705 12.259619 9.345286
8.212332 12.262809 9.350419
8.170950 12.265780 9.355808
8.129556 12.268523 9.361455
8.090630 12.270884 9.366998
8.051692 12.273025 9.372767
8.012741 12.274936 9.378762
7.973777 12.276609 9.384982
7.934797 12.278036 9.391423
7.895802 12.279214 9.397683
7.856795 12.280156 9.403478
7.817778 12.280882 9.408809
7.778753 12.281408 9.413676
7.739724 12.281754 9.418082
7.697469 12.281945 9.422332
7.655215 12.281968 9.426042
7.612966 12.281846 9.429213
7.570726 12.281602 9.431844
7.528499 12.281257 9.433937
7.486287 12.280831 9.435942
7.444098 12.280295 9.439260
7.401942 12.279590 9.443998
7.359826 12.278656 9.450161
7.317760 12.277432 9.457755
7.275753 12.275862 9.466789
7.233813 12.273884 9.477269
7.191950 12.271440 9.489204
7.150173 12.268468 9.502601
7.108490 12.264911 9.517464
7.066910 12.260717 9.532860
7.025424 12.255938 9.545609
6.984013 12.250692 9.555439
6.942860 12.245131 9.562313
6.901744 12.239347 9.566283
6.860646 12.233459 9.567348
6.819548 12.227588 9.565506
6.778430 12.221852 9.560758
6.737274 12.216372 9.553105
6.696061 12.211265 9.542551
6.664950 12.207734 9.532909
6.633793 12.204502 9.523439
6.602592 12.201556 9.514450
6.571349 12.198882 9.505942
6.540064 12.196465 9.497917
6.508741 12.194290 9.490372
6.477382 12.192343 9.483306
6.445988 12.190608 9.476721
6.414560 12.189072 9.470613
6.383102 12.187719 9.464981
6.351615 12.186535 9.459825
6.320101 12.185505 9.455143
6.288562 12.184615 9.450933
6.257000 12.183849 9.447194
6.225417 12.183195 9.443854
6.193814 12.182640 9.440864
6.162194 12.182175 9.438221
6.130558 12.181787 9.435926
6.098907 12.181465 9.433977
6.067245 12.181200 9.432374
6.035572 12.180981 9.431116
6.003890 12.180795 9.430203
5.972201 12.180633 9.429634
5.940507 12.180484 9.429409
5.908799 12.180336 9.429528
5.877089 12.180179 9.429992
5.845378 12.180001 9.430799
5.813670 12.179794 9.431817
5.781964 12.179557 9.432701
5.750260 12.179294 9.433431
5.718558 12.179009 9.434007
5.686859 12.178710 9.434429
5.655160 12.178399 9.434697
5.623465 12.178082 9.434812
5.591770 12.177765 9.434772
5.560077 12.177451 9.434579
5.528397 12.177145 9.434232
5.496717 12.176853 9.433731
5.465040 12.176579 9.433076
5.433363 12.176330 9.432267
5.401688 12.176106 9.431314
5.370013 12.175916 9.430313
5.338339 12.175756 9.429293
5.306667 12.175630 9.428252
5.274995 12.175536 9.427193
5.243324 12.175477 9.426113
5.211654 12.175452 9.425014
5.179986 12.175463 9.423894
5.148317 12.175508 9.422755
5.116650 12.175591 9.421597
5.084984 12.175710 9.420418
5.053318 12.175867 9.419219
5.021653 12.176063 9.418001
4.989989 12.176296 9.416763
4.958326 12.176569 9.415573
4.926663 12.176878 9.414496
4.895001 12.177219 9.413535
4.863340 12.177588 9.412687
4.831679 12.177983 9.411955
4.800018 12.178400 9.411336
4.768347 12.178834 9.410832
4.736676 12.179282 9.410443
4.705005 12.179741 9.410169
4.673335 12.180206 9.410008
4.641664 12.180675 9.409963
4.609993 12.181144 9.410031
4.578321 12.181608 9.410215
4.546650 12.182065 9.410504
4.514978 12.182511 9.410863
4.483307 12.182945 9.411289
4.451634 12.183365 9.411782
4.419962 12.183768 9.412343
4.388300 12.184152 9.412971
4.356638 12.184515 9.413666
4.324976 12.184855 9.414428
4.293313 12.185170 9.415257
4.261650 12.185457 9.416152
4.229987 12.185716 9.417116
4.198323 12.185942 9.418146
4.166659 12.186134 9.419244
4.134995 12.186292 9.420406
4.103330 12.186411 9.421591
4.071665 12.186494 9.422781
4.039999 12.186538 9.423977
4.008334 12.186544 9.425179
3.976669 12.186512 9.426387
3.945004 12.186442 9.427601
3.913338 12.186334 9.428820
3.881673 12.186186 9.430045
3.850008 12.186000 9.431275
3.818343 12.185775 9.432512
3.786679 12.185510 9.433755
3.755014 12.185205 9.435003
3.723351 12.184862 9.436257
3.691688 12.184480 9.437447
3.660025 12.184062 9.438468
3.630019 12.183639 9.439281
3.600014 12.183193 9.439943
3.570009 12.182730 9.440455
3.540005 12.182254 9.440815
3.510000 12.181768 9.441025
3.479996 12.181280 9.441083
3.449992 12.180792 9.440990
3.419989 12.180308 9.440747
3.389985 12.179835 9.440353
3.359982 12.179376 9.439808
3.329978 12.178934 9.439112
3.299974 12.178516 9.438264
3.269971 12.178126 9.437340
3.238311 12.177743 9.436398
3.206651 12.177390 9.435489
3.174992 12.177065 9.434614
3.143332 12.176766 9.433773
3.111673 12.176495 9.432967
3.080014 12.176248 9.432195
3.048356 12.176024 9.431457
3.016698 12.175824 9.430753
2.985040 12.175646 9.430082
2.953383 12.175488 9.429446
2.921726 12.175350 9.428844
2.890071 12.175231 9.428277
2.858416 12.175128 9.427732
2.826761 12.175044 9.427136
2.795107 12.174980 9.426477
2.763453 12.174937 9.425756
2.731799 12.174918 9.424973
2.700145 12.174926 9.424126
2.668490 12.174960 9.423215
2.636834 12.175025 9.422243
2.605178 12.175121 9.421207
2.573520 12.175252 9.420109
2.541861 12.175418 9.418948
2.510200 12.175622 9.417725
2.478537 12.175865 9.416439
2.446871 12.176150 9.415091
2.415204 12.176479 9.413724
2.383532 12.176850 9.412369
2.351856 12.177265 9.411022
2.320174 12.177722 9.409687
2.288485 12.178222 9.408361
2.256788 12.178762 9.407047
2.225081 12.179345 9.405743
2.193365 12.179970 9.404449
2.161637 12.180635 9.403168
2.129896 12.181341 9.401896
2.098131 12.182089 9.400637
2.066351 12.182876 9.399387
2.034555 12.183703 9.398149
2.002743 12.184568 9.397127
1.970914 12.185455 9.396805
1.939068 12.186342 9.397202
1.907207 12.187205 9.398315
1.875332 12.188022 9.400147
1.843443 12.188768 9.402695
1.811540 12.189423 9.405959
1.779626 12.189962 9.409939
1.747699 12.190363 9.414634
1.715761 12.190602 9.420043
1.683813 12.190658 9.426167
1.651855 12.190506 9.433004
1.619888 12.190124 9.440555
1.587913 12.189489 9.448848
1.555937 12.188573 9.458188
1.523975 12.187340 9.468660
1.492043 12.185755 9.480277
1.460156 12.183783 9.493052
1.428330 12.181386 9.507000
1.396580 12.178531 9.522137
1.364923 12.175181 9.538478
1.333506 12.171318 9.555963
1.302210 12.166894 9.574668
1.271053 12.161874 9.594606
1.240049 12.156222 9.615786
1.209214 12.149903 9.638208
1.178564 12.142883 9.661874
1.148116 12.135131 9.686438
1.117899 12.126632 9.711596
1.087944 12.117376 9.737384
1.058282 12.107357 9.763837
1.028943 12.096561 9.790985
0.999960 12.084983 9.818861
0.971047 12.072468 9.847814
0.942560 12.059132 9.877563
0.914531 12.044965 9.908131
0.886993 12.029957 9.939534
0.859976 12.014098 9.971784
0.833514 11.997379 10.004886
0.807638 11.979790 10.038837
0.782379 11.961322 10.073267
0.757751 11.941994 10.107014
0.733761 11.921837 10.139996
0.710414 11.900884 10.172223
0.687714 11.879168 10.203710
0.665667 11.856721 10.234477
0.644278 11.833577 10.264548
0.623553 11.809768 10.293953
0.603497 11.785327 10.322721
0.584114 11.760286 10.350885
0.565410 11.734679 10.378482
0.547391 11.708539 10.405548
0.530062 11.681896 10.432122
0.513427 11.654786 10.458262
0.497493 11.627235 10.484159
0.482267 11.599267 10.509873
0.467756 11.570905 10.535429
0.454296 11.542880 10.560226
0.441530 11.514522 10.584915
0.429465 11.485852 10.609519
0.418106 11.456892 10.634059
0.407460 11.427661 10.658558
0.397535 11.398182 10.683038
0.388335 11.368475 10.707521
0.379869 11.338561 10.732032
0.372143 11.308461 10.756592
0.365163 11.278196 10.781223
0.358930 11.247787 10.805428
0.353419 11.217247 10.828401
0.348509 11.186031 10.850502
0.344268 11.154706 10.871298
0.340656 11.123282 10.890787
0.337635 11.091775 10.908971
0.335166 11.060195 10.925856
0.333207 11.028555 10.941451
0.331722 10.996870 10.955766
0.330669 10.965150 10.968813
0.330010 10.933410 10.980602
0.329705 10.901662 10.991145
0.329715 10.869918 11.000450
0.330002 10.838190 11.008572
0.330499 10.808063 11.015454
0.331191 10.777960 11.021565
0.332055 10.747883 11.026907
0.333068 10.717836 11.031477
0.334205 10.687820 11.035275
0.335443 10.657839 11.038301
0.336759 10.627892 11.040550
0.338129 10.597983 11.042025
0.339583 10.566988 11.042730
0.341044 10.536037 11.042594
0.342485 10.505136 11.041612
0.343880 10.474284 11.039779
0.345203 10.443485 11.037090
0.346429 10.412742 11.033762
0.347552 10.382052 11.030541
0.348577 10.351415 11.027490
0.349509 10.320825 11.024610
0.350354 10.290278 11.021904
0.351118 10.259775 11.019373
0.351807 10.229310 11.017018
0.352426 10.198880 11.014842
0.352981 10.168484 11.012845
0.353478 10.138116 11.011029
0.353921 10.107774 11.009395
0.354318 10.077456 11.007943
0.354673 10.047157 11.006676
0.354992 10.016875 11.005591
0.355280 9.986609 11.004573
0.355537 9.956353 11.003544
0.355762 9.926107 11.002502
0.355956 9.895871 11.001450
0.356117 9.865641 11.000386
0.356247 9.835415 10.999311
0.356342 9.805569 10.998240
0.356405 9.775723 10.997157
0.356436 9.745876 10.996065
0.356435 9.716027 10.994964
0.356400 9.686174 10.993852
0.356332 9.656315 10.992730
0.356230 9.626447 10.991600
0.356094 9.596569 10.990464
0.355925 9.566680 10.989348
0.355722 9.536776 10.988259
0.355487 9.506854 10.987196
0.355221 9.476912 10.986159
0.354923 9.446947 10.985148
0.354596 9.416957 10.984165
0.354239 9.386938 10.983209
0.353853 9.356888 10.982279
0.353440 9.326804 10.981377
0.352999 9.296683 10.980502
0.352531 9.266523 10.979655
0.352038 9.236321 10.978835
0.351520 9.206075 10.978044
0.350977 9.175781 10.977304
0.350413 9.145440 10.976673
0.349830 9.115054 10.976154
0.349233 9.084624 10.975746
0.348607 9.053335 10.975442
0.347973 9.022004 10.975253
0.347334 8.990632 10.975181
0.346694 8.959220 10.975223
0.346056 8.927772 10.975379
0.345424 8.896286 10.975649
0.344801 8.864767 10.976033
0.344192 8.833216 10.976531
0.343600 8.801634 10.977142
0.343029 8.770022 10.977859
0.342479 8.738384 10.978533
0.341949 8.706718 10.979115
0.341435 8.675037 10.979603
0.340935 8.643330 10.979998
0.340446 8.611596 10.980300
0.339964 8.579838 10.980511
0.339488 8.548055 10.980629
0.339013 8.516247 10.980656
0.338537 8.484414 10.980590
0.338058 8.452559 10.980433
0.337571 8.420680 10.980185
0.337075 8.388779 10.979846
0.336566 8.356854 10.979416
0.336044 8.324909 10.979072
0.335515 8.292946 10.979052
0.334991 8.260968 10.979358
0.334481 8.228981 10.979988
0.333997 8.196987 10.980945
0.333548 8.164990 10.982226
0.333146 8.132997 10.983833
0.332800 8.101008 10.985768
0.332522 8.069030 10.988030
0.332322 8.037066 10.990621
0.332209 8.005118 10.993542
0.332195 7.973194 10.996796
0.332291 7.941295 11.000382
0.332504 7.909657 11.004414
0.332862 7.878063 11.009597
0.333402 7.846532 11.016039
0.334164 7.815085 11.023761
0.335186 7.783744 11.032786
0.336506 7.752529 11.043145
0.338164 7.721460 11.054869
0.340198 7.690560 11.067995
0.342647 7.659848 11.082563
0.345550 7.629345 11.098615
0.348945 7.599073 11.116195
0.352872 7.569053 11.135347
0.357368 7.539304 11.156118
0.362473 7.509849 11.178546
0.368179 7.480884 11.201614
0.374513 7.452235 11.224818
0.381472 7.423909 11.248155
0.389048 7.395913 11.271621
0.397237 7.368254 11.295212
0.406031 7.340938 11.318924
0.415425 7.313973 11.342755
0.425414 7.287366 11.366700
0.435991 7.261124 11.390756
0.447150 7.235254 11.414917
0.458886 7.209763 11.439179
0.471193 7.184657 11.463539
0.484064 7.159945 11.487990
0.497494 7.135632 11.512524
0.511476 7.111726 11.537100
0.526005 7.088232 11.561707
0.541072 7.065155 11.586337
0.556673 7.042501 11.610983
0.572801 7.020277 11.635638
0.589448 6.998487 11.660295
0.606608 6.977137 11.684944
0.624275 6.956234 11.709582
0.642443 6.935781 11.734200
0.661104 6.915787 11.758793
0.680252 6.896256 11.783352
0.699882 6.877193 11.807873
0.719985 6.858605 11.832348
0.740556 6.840498 11.856871
0.761591 6.822883 11.881542
0.783085 6.805768 11.906359
0.805035 6.789167 11.931316
0.827436 6.773089 11.956409
0.850285 6.757546 11.981630
0.873577 6.742549 12.006975
0.897308 6.728108 12.032434
0.921474 6.714234 12.057998
0.946071 6.700938 12.083657
0.971096 6.688232 12.109402
0.996543 6.676125 12.135220
1.022410 6.664629 12.161098
1.048691 6.653755 12.186946
1.075379 6.643504 12.212138
1.102458 6.633865 12.236553
1.129915 6.624830 12.260201
1.157734 6.616387 12.283092
1.185902 6.608527 12.305243
1.214403 6.601239 12.326670
1.243224 6.594513 12.347391
1.272350 6.588338 12.367427
1.301766 6.582706 12.386796
1.331875 6.577537 12.405779
1.362252 6.572904 12.424120
1.392883 6.568795 12.441842
1.423752 6.565201 12.458969
1.454838 6.562104 12.474851
1.486084 6.559461 12.488742
1.517429 6.557216 12.500732
1.548807 6.555319 12.510895
1.580155 6.553714 12.519282
1.611408 6.552350 12.525930
1.642502 6.551173 12.530854
1.673374 6.550130 12.534051
1.701300 6.549250 12.535441
1.728938 6.548397 12.535338
1.756241 6.547530 12.533689
1.783158 6.546610 12.530423
1.809642 6.545596 12.525449
1.835644 6.544447 12.518651
1.861124 6.543130 12.510673
1.886074 6.541633 12.502047
1.910492 6.539948 12.492728
1.936595 6.537879 12.481688
1.962055 6.535567 12.469699
1.986870 6.533000 12.456693
2.011037 6.530169 12.442591
2.034552 6.527065 12.427312
2.057412 6.523675 12.410764
2.079616 6.519991 12.392849
2.101160 6.516004 12.373464
2.122040 6.511701 12.352494
2.142255 6.507074 12.329823
2.161801 6.502113 12.305341
2.180682 6.496807 12.279096
2.198911 6.491147 12.251066
2.216500 6.485122 12.221220
2.233461 6.478723 12.189541
2.249808 6.471939 12.156039
2.265553 6.464760 12.120751
2.280708 6.457178 12.083746
2.295286 6.449180 12.045128
2.309300 6.440759 12.005039
2.322763 6.431902 11.963662
2.335686 6.422602 11.921212
2.348083 6.412847 11.877941
2.359966 6.402627 11.834126
2.371346 6.391932 11.789937
2.382234 6.380753 11.745562
2.392638 6.369077 11.701290
2.402565 6.356894 11.657409
2.412024 6.344192 11.614192
2.421024 6.330962 11.571890
2.429573 6.317191 11.530728
2.437680 6.302869 11.490898
2.445352 6.287986 11.452555
2.452598 6.272530 11.415820
2.459427 6.256490 11.380778
2.465848 6.239855 11.347485
2.471868 6.222615 11.315965
2.477495 6.204759 11.286251
2.482741 6.186278 11.258427
2.487614 6.167165 11.232439
2.492125 6.147413 11.208218
2.496285 6.127015 11.185682
2.500104 6.105964 11.164753
2.503593 6.084252 11.145344
2.506761 6.061874 11.127371
2.509619 6.038821 11.110753
2.512177 6.015088 11.095407
2.514445 5.990665 11.081257
2.516435 5.965547 11.068228
2.518156 5.939727 11.056250
2.519620 5.913167 11.045253
2.520837 5.885906 11.035346
2.521821 5.857989 11.026475
2.522587 5.829463 11.018530
2.523149 5.800374 11.011420
2.523522 5.770768 11.005068
2.523721 5.740693 10.999408
2.523760 5.710195 10.994384
2.523653 5.679321 10.989949
2.523415 5.648118 10.986064
2.523061 5.616633 10.982697
2.522606 5.584913 10.979817
2.522063 5.553003 10.977406
2.521448 5.520951 10.975442
2.520774 5.488800 10.973843
2.520051 5.456568 10.972503
2.519288 5.424267 10.971416
2.518492 5.391909 10.970582
2.517672 5.359505 10.969998
2.516836 5.327067 10.969662
2.515992 5.294606 10.969573
2.515150 5.262136 10.969730
2.514316 5.229665 10.970135
2.513500 5.197207 10.970787
2.512710 5.164774 10.971686
2.511954 5.132377 10.972837
2.511240 5.100027 10.974240
2.510578 5.067736 10.976067
2.509996 5.035518 10.979170
2.509538 5.003389 10.983683
2.509248 4.971366 10.989623
2.509172 4.939464 10.997017
2.509355 4.907698 11.005892
2.509841 4.876085 11.016280
2.510676 4.844641 11.028216
2.511904 4.813382 11.041739
2.513473 4.783908 11.056074
2.515476 4.754628 11.071909
2.517949 4.725556 11.089281
2.520933 4.696706 11.108225
2.524464 4.668091 11.128775
2.528576 4.639724 11.150361
2.533556 4.610053 11.173411
2.539188 4.580679 11.196725
2.545472 4.551612 11.220304
2.552405 4.522861 11.244152
2.559985 4.494436 11.268269
2.568210 4.466347 11.292655
2.577078 4.438604 11.317311
2.586586 4.411217 11.342237
2.596734 4.384195 11.367430
2.607518 4.357548 11.392887
2.618937 4.331286 11.418605
2.630988 4.305418 11.444578
2.643670 4.279955 11.470764
2.656976 4.254905 11.496952
2.670898 4.230274 11.523107
2.685426 4.206070 11.549219
2.700551 4.182300 11.575285
2.716263 4.158970 11.601298
2.732554 4.136087 11.627254
2.749415 4.113660 11.653148
2.766835 4.091694 11.678974
2.784806 4.070196 11.704731
2.803319 4.049174 11.730415
2.822363 4.028635 11.756023
2.841931 4.008584 11.781553
2.862013 3.989031 11.807006
2.882599 3.969981 11.832479
2.903684 3.951447 11.858027
2.925260 3.933438 11.883646
2.947320 3.915964 11.909336
2.969858 3.899038 11.935096
2.992867 3.882668 11.960922
3.016340 3.866866 11.986814
3.040271 3.851643 12.012768
3.064651 3.837009 12.038778
3.089476 3.822974 12.064841
3.114737 3.809550 12.090952
3.140428 3.796746 12.117105
3.166542 3.784574 12.143292
3.193072 3.773043 12.169357
3.220010 3.762155 12.195023
3.247345 3.751907 12.220279
3.275068 3.742299 12.245120
3.303169 3.733328 12.269545
3.331639 3.724994 12.293551
3.360469 3.717295 12.317142
3.389648 3.710228 12.340317
3.419167 3.703794 12.363082
3.449016 3.697989 12.385440
3.479187 3.692813 12.407397
3.509613 3.688272 12.428923
3.540340 3.684353 12.450063
3.571357 3.681056 12.470593
3.602632 3.678350 12.489161
3.634109 3.676181 12.505637
3.665734 3.674493 12.520121
3.697449 3.673230 12.532695
3.729199 3.672335 12.543428
3.760928 3.671754 12.552374
3.792581 3.671429 12.559566
3.824101 3.671305 12.565025
3.855433 3.671326 12.568753
3.886846 3.671437 12.570745
3.917952 3.671580 12.570914
3.948693 3.671699 12.569202
3.979012 3.671734 12.565546
4.008861 3.671639 12.560690
4.038211 3.671392 12.555027
4.067039 3.670973 12.548501
4.095323 3.670365 12.541045
4.123037 3.669548 12.532587
4.150158 3.668505 12.523042
4.176361 3.667233 12.512442
4.201938 3.665704 12.500577
4.226868 3.663899 12.487323
4.251126 3.661801 12.472539
4.274691 3.659391 12.456063
4.297539 3.656653 12.437710
4.319647 3.653568 12.417265
4.340998 3.650120 12.394788
4.361598 3.646297 12.370633
4.381467 3.642094 12.344744
4.400623 3.637503 12.317064
4.419084 3.632516 12.287558
4.436868 3.627126 12.256206
4.453994 3.621326 12.223013
4.470480 3.615109 12.188017
4.486345 3.608467 12.151287
4.501606 3.601393 12.112932
4.516283 3.593879 12.073101
4.530393 3.585918 12.031984
4.543954 3.577503 11.989811
4.556985 3.568627 11.946806
4.569500 3.559282 11.902978
4.581509 3.549460 11.858531
4.593020 3.539154 11.813736
4.604043 3.528357 11.768874
4.614618 3.517025 11.724098
4.624720 3.505184 11.679822
4.634359 3.492825 11.636307
4.643545 3.479940 11.593796
4.652287 3.466522 11.552499
4.660594 3.452563 11.512596
4.668475 3.438055 11.474230
4.675941 3.422991 11.437510
4.682999 3.407363 11.402512
4.689661 3.391162 11.369267
4.695937 3.374373 11.337813
4.701839 3.356984 11.308179
4.707379 3.338979 11.280363
4.712568 3.320343 11.254343
4.717418 3.301064 11.230079
4.721940 3.281126 11.207518
4.726146 3.260515 11.186596
4.730047 3.239216 11.167241
4.733655 3.217216 11.149380
4.736982 3.194500 11.132934
4.740039 3.171054 11.117824
4.742838 3.146863 11.103973
4.745391 3.121917 11.091378
4.747708 3.096242 11.080073
4.749804 3.069879 11.069918
4.751686 3.042908 11.060800
4.753371 3.015333 11.052599
4.754871 2.987197 11.045226
4.756198 2.958539 11.038605
4.757365 2.929401 11.032672
4.758382 2.899824 11.027370
4.759263 2.869850 11.022655
4.760020 2.839520 11.018483
4.760665 2.808875 11.014822
4.761209 2.777957 11.011642
4.761666 2.746806 11.008900
4.762044 2.715454 11.006392
4.762341 2.684766 11.004129
4.762572 2.653925 11.002036
4.762742 2.622952 11.000105
4.762855 2.591863 10.998333
4.762915 2.560680 10.996714
4.762928 2.529419 10.995242
4.762896 2.498099 10.993917
4.762825 2.466739 10.992734
4.762719 2.435359 10.991690
4.762583 2.403975 10.990785
4.762420 2.372607 10.990014
4.762236 2.341274 10.989380
4.762027 2.309148 10.988807
4.761800 2.277079 10.988163
4.761552 2.245063 10.987440
4.761279 2.213095 10.986637
4.760980 2.181170 10.985755
4.760652 2.149284 10.984795
4.760292 2.117430 10.983755
4.759898 2.085606 10.982636
4.759468 2.053805 10.981441
4.758998 2.022024 10.980165
4.758488 1.990256 10.978814
4.757933 1.958498 10.977386
4.757364 1.928403 10.975961
4.756752 1.898309 10.974474
4.756094 1.868206 10.973029
4.755394 1.838081 10.971664
4.754653 1.807919 10.970383
4.753874 1.777705 10.969184
4.753057 1.747423 10.968070
4.752206 1.717060 10.967042
4.751322 1.686599 10.966102
4.750408 1.656026 10.965248
4.749465 1.625326 10.964481
4.748494 1.594484 10.963803
4.747463 1.562347 10.963191
4.746407 1.530024 10.962672
4.745329 1.497500 10.962246
4.744232 1.464757 10.961949
4.743127 1.431795 10.962338
4.742043 1.398642 10.963582
4.741010 1.365325 10.965670
4.740056 1.331874 10.968596
4.739211 1.298317 10.972359
4.738502 1.264482 10.976993
4.737963 1.230598 10.982485
4.737624 1.196696 10.988848
4.737516 1.162803 10.996096
4.737669 1.128949 11.004250
4.738113 1.095164 11.013333
4.738878 1.061476 11.023376
4.739994 1.027916 11.034410
4.741493 0.994515 11.046754
4.743426 0.961331 11.061144
4.745853 0.928434 11.077731
4.748836 0.895894 11.096665
4.752434 0.863782 11.118119
4.756708 0.832168 11.142293
4.761717 0.801122 11.169415
4.767524 0.770715 11.199736
4.774187 0.741016 11.233534
4.781768 0.712096 11.271105
4.790326 0.684026 11.312756
4.799923 0.656875 11.358788
4.810618 0.630714 11.409484
4.822472 0.605613 11.464971
4.835520 0.581625 11.522926
4.849749 0.558768 11.582159
4.865139 0.537054 11.642443
4.880436 0.517947 11.699079
4.896700 0.499847 11.756174
4.913914 0.482764 11.813493
4.932064 0.466710 11.870791
4.951133 0.451695 11.927829
4.971107 0.437729 11.984371
4.991968 0.424824 12.040200
5.015080 0.412292 12.098492
5.039158 0.400980 12.155544
5.064183 0.390903 12.211184
5.090136 0.382074 12.265224
5.116985 0.374479 12.315081
5.144668 0.368039 12.359510
5.173114 0.362664 12.398846
5.202256 0.358266 12.433439
5.232024 0.354754 12.463639
5.262349 0.352039 12.489771
5.293162 0.350030 12.512128
5.324395 0.348639 12.530971
5.356835 0.347758 12.546896
5.389571 0.347336 12.559544
5.422527 0.347277 12.569069
5.455628 0.347482 12.575586
5.488800 0.347856 12.579167
5.521970 0.348304 12.580567
5.555095 0.348812 12.583135
5.588155 0.349431 12.587300
5.621133 0.350212 12.593081
5.654012 0.351208 12.600497
5.686774 0.352471 12.609575
5.719400 0.354052 12.620342
5.751884 0.356006 12.632837
5.784198 0.358384 12.647091
5.816323 0.361237 12.663139
5.848241 0.364618 12.681021
5.879935 0.368580 12.700769
5.911387 0.373175 12.722419
5.942580 0.378454 12.745978
5.973491 0.384462 12.770891
6.004092 0.391222 12.796916
6.034354 0.398757 12.824096
6.064248 0.407089 12.852468
6.093744 0.416238 12.882067
6.120912 0.425543 12.910851
6.147684 0.435600 12.940748
6.174034 0.446424 12.971769
6.199938 0.458035 13.003918
6.225373 0.470450 13.037188
6.250314 0.483686 13.071564
6.274738 0.497762 13.107018
6.298620 0.512696 13.143510
6.321937 0.528503 13.180767
6.344696 0.545155 13.214417
6.366963 0.562533 13.242789
6.388811 0.580507 13.265930
6.410312 0.598950 13.283899
6.433182 0.619205 13.297538
6.455824 0.639694 13.305281
6.478330 0.660257 13.307137
6.500789 0.680733 13.303073
6.523293 0.700961 13.293005
6.545932 0.720779 13.276805
6.568798 0.740028 13.254308
6.591980 0.758546 13.225326
6.615571 0.776173 13.189677
6.639654 0.792758 13.148958
6.664256 0.808261 13.108441
6.689368 0.822710 13.068647
6.714871 0.836079 13.029885
6.740859 0.848458 12.992125
6.767320 0.859875 12.955483
6.794244 0.870357 12.920058
6.821620 0.879934 12.885927
6.849439 0.888632 12.853150
6.877689 0.896479 12.821770
6.906360 0.903504 12.791813
6.935442 0.909735 12.763291
6.964925 0.915198 12.736206
6.994797 0.919923 12.710613
7.025039 0.923948 12.687170
7.055538 0.927318 12.666034
7.086345 0.930098 12.647052
7.117429 0.932341 12.630140
7.148760 0.934102 12.615221
7.180307 0.935433 12.602224
7.212039 0.936390 12.591085
7.243926 0.937024 12.581750
7.275936 0.937390 12.574170
7.308040 0.937542 12.568310
7.340206 0.937533 12.564139
7.372403 0.937416 12.561639
7.404602 0.937246 12.560801
7.436776 0.937066 12.560723
7.468922 0.936882 12.560563
7.501039 0.936692 12.560321
7.533129 0.936493 12.559997
7.565193 0.936282 12.559590
7.597230 0.936057 12.559100
7.629242 0.935815 12.558527
7.661229 0.935554 12.557872
7.693192 0.935271 12.557133
7.725132 0.934963 12.556310
7.757049 0.934628 12.555404
7.788943 0.934262 12.554414
7.820816 0.933864 12.553340
7.852668 0.933431 12.552241
7.884500 0.932966 12.551320
7.916313 0.932475 12.550591
7.948108 0.931965 12.550056
7.979887 0.931440 12.549716
8.011651 0.930908 12.549570
8.043400 0.930375 12.549619
8.075137 0.929847 12.549863
8.106861 0.929330 12.550302
8.138576 0.928829 12.550936
8.170280 0.928353 12.551766
8.190848 0.928059 12.552409
8.211413 0.927779 12.553135
8.231976 0.927515 12.553943
8.252535 0.927268 12.554833
8.273092 0.927041 12.555763
8.293648 0.926832 12.556653
8.314201 0.926641 12.557500
8.334753 0.926467 12.558304
8.355303 0.926309 12.559067
8.375851 0.926167 12.559786
8.396398 0.926038 12.560463
8.416944 0.925924 12.561097
8.437489 0.925821 12.561688
8.458033 0.925731 12.562238
8.478576 0.925651 12.562744
8.499119 0.925582 12.563208
8.519661 0.925521 12.563629
8.540202 0.925469 12.564008
8.561299 0.925422 12.564352
8.582397 0.925383 12.564651
8.603493 0.925350 12.564905
8.624591 0.925321 12.565114
8.645688 0.925296 12.565278
8.666786 0.925275 12.565396
8.687885 0.925255 12.565477
8.708985 0.925237 12.565578
8.730086 0.925222 12.565714
8.751188 0.925210 12.565884
8.772290 0.925201 12.566088
8.793393 0.925198 12.566326
8.814497 0.925200 12.566598
8.835602 0.925208 12.566905
8.856707 0.925223 12.567246
8.877811 0.925245 12.567621
8.898917 0.925276 12.568031
8.920023 0.925315 12.568475
8.951683 0.925393 12.569205
8.983344 0.925496 12.570013
9.015005 0.925625 12.570897
9.046666 0.925783 12.571858
9.078328 0.925973 12.572897
9.109989 0.926197 12.574008
9.141651 0.926456 12.575068
9.173312 0.926747 12.576026
9.204974 0.927066 12.576883
9.236635 0.927411 12.577639
9.268297 0.927779 12.578292
9.299958 0.928165 12.578844
9.331631 0.928568 12.579295
9.363303 0.928983 12.579643
9.394976 0.929407 12.579891
9.426648 0.929838 12.580036
9.458321 0.930272 12.580080
9.489993 0.930706 12.580022
9.521666 0.931136 12.579863
9.553339 0.931560 12.579657
9.585011 0.931978 12.579489
9.616685 0.932391 12.579362
9.648357 0.932801 12.579274
9.680031 0.933209 12.579227
9.711693 0.933616 12.579220
9.743355 0.934023 12.579253
9.775017 0.934432 12.579327
9.806679 0.934844 12.579439
9.838340 0.935260 12.579593
9.870002 0.935682 12.579786
9.901664 0.936110 12.580020
9.933325 0.936547 12.580293
9.964986 0.936992 12.580594
9.996647 0.937447 12.580849
10.028308 0.937909 12.581047
10.059969 0.938376 12.581188
10.091640 0.938847 12.581273
10.123312 0.939319 12.581301
10.154984 0.939792 12.581271
10.186655 0.940262 12.581184
10.218327 0.940729 12.581040
10.249998 0.941191 12.580840
10.281670 0.941645 12.580582
10.313341 0.942091 12.580267
10.345014 0.942525 12.579896
10.376685 0.942947 12.579469
10.408358 0.943355 12.579070
10.440030 0.943752 12.578750
10.471691 0.944140 12.578507
10.503353 0.944522 12.578342
10.535015 0.944899 12.578256
10.566676 0.945275 12.578246
10.598338 0.945652 12.578314
10.630000 0.946032 12.578460
10.661661 0.946418 12.578684
10.693323 0.946813 12.578985
10.724984 0.947218 12.579364
10.756645 0.947636 12.579821
10.788306 0.948071 12.580355
10.819966 0.948522 12.580904
10.851638 0.948990 12.581331
10.883309 0.949469 12.581633
10.914981 0.949955 12.581807
10.946651 0.950445 12.581856
10.978323 0.950935 12.581779
11.009995 0.951420 12.581574
11.041665 0.951897 12.581244
11.073337 0.952361 12.580788
11.105009 0.952809 12.580204
11.136681 0.953236 12.579495
11.168353 0.953639 12.578659
11.200026 0.954013 12.577697
11.231688 0.954355 12.576626
11.263350 0.954663 12.575584
11.295013 0.954939 12.574603
11.326677 0.955185 12.573682
11.358341 0.955403 12.572822
11.390006 0.955594 12.572021
11.421670 0.955761 12.571282
11.453336 0.955906 12.570603
11.485001 0.956030 12.569985
11.516666 0.956135 12.569427
11.548332 0.956224 12.568930
11.579998 0.956298 12.568493
11.610830 0.956358 12.568126
11.641664 0.956407 12.567816
11.672497 0.956447 12.567548
11.703330 0.956480 12.567307
11.734163 0.956505 12.567091
11.764997 0.956524 12.566902
11.795831 0.956538 12.566740
11.826664 0.956547 12.566604
11.857498 0.956553 12.566494
11.888332 0.956555 12.566410
11.919166 0.956556 12.566353
11.950000 0.956554 12.566322
11.981667 0.956553 12.566318
12.013334 0.956551 12.566341
12.045002 0.956551 12.566393
12.076669 0.956553 12.566464
12.108336 0.956556 12.566469
12.140003 0.956558 12.566386
12.171671 0.956556 12.566215
12.203338 0.956548 12.565954
12.235004 0.956529 12.565605
12.266671 0.956498 12.565166
12.298337 0.956452 12.564640
12.330004 0.956388 12.564026
12.361670 0.956302 12.563322
12.393334 0.956194 12.562530
12.424999 0.956058 12.561648
12.456664 0.955894 12.560678
12.488329 0.955697 12.559621
12.519992 0.955466 12.558562
12.551656 0.955203 12.557590
12.583319 0.954911 12.556705
12.614981 0.954592 12.555905
12.646643 0.954249 12.555191
12.678305 0.953885 12.554564
12.709967 0.953502 12.554023
12.741639 0.953104 12.553568
12.773312 0.952692 12.553200
12.804983 0.952270 12.552917
12.836656 0.951841 12.552721
12.868327 0.951407 12.552611
12.900000 0.950970 12.552588
12.931671 0.950534 12.552647
12.963344 0.950102 12.552776
12.995015 0.949674 12.552976
13.026688 0.949254 12.553244
13.058360 0.948843 12.553581
13.090034 0.948444 12.553988
13.121696 0.948060 12.554465
13.153358 0.947691 12.555011
13.185019 0.947341 12.555626
13.216682 0.947011 12.556310
13.248346 0.946705 12.557063
13.280009 0.946423 12.557886
13.311674 0.946168 12.558779
13.343338 0.945943 12.559735
13.375004 0.945747 12.560665
13.406669 0.945581 12.561536
13.438335 0.945441 12.562346
13.470001 0.945325 12.563097
13.501668 0.945233 12.563788
13.533335 0.945161 12.564420
13.565002 0.945108 12.564991
13.596669 0.945073 12.565503
13.628337 0.945053 12.565954
13.660005 0.945046 12.566346
13.691672 0.945051 12.566679
13.723340 0.945065 12.566952
13.755008 0.945087 12.567164
13.786675 0.945115 12.567388
13.818343 0.945152 12.567719
13.850011 0.945202 12.568160
13.881678 0.945267 12.568710
13.913344 0.945351 12.569370
13.945011 0.945458 12.570139
13.976678 0.945591 12.571017
14.008343 0.945753 12.572005
14.040009 0.945949 12.573102
14.071673 0.946181 12.574307
14.103337 0.946453 12.575624
14.135000 0.946768 12.577048
14.166663 0.947130 12.578582
14.198325 0.947542 12.580193
14.229986 0.948004 12.581716
14.261657 0.948513 12.583130
14.293327 0.949065 12.584434
14.324997 0.949656 12.585628
14.356665 0.950283 12.586711
14.388331 0.950943 12.587684
14.419998 0.951632 12.588548
14.451663 0.952347 12.589301
14.483326 0.953084 12.589944
14.514989 0.953839 12.590477
14.546650 0.954609 12.590900
14.578310 0.955391 12.591214
14.609968 0.956181 12.591416
14.641625 0.956976 12.591479
14.673282 0.957770 12.591390
14.704937 0.958559 12.591147
14.736590 0.959337 12.590751
14.768244 0.960101 12.590201
14.799897 0.960844 12.589499
14.831549 0.961563 12.588643
14.863201 0.962253 12.587634
14.894853 0.962908 12.586472
14.926504 0.963524 12.585156
14.958157 0.964096 12.583687
14.989808 0.964619 12.582065
15.020617 0.965076 12.580338
15.051427 0.965478 12.578526
15.082237 0.965825 12.576748
15.113050 0.966118 12.575010
15.143866 0.966358 12.573314
15.174684 0.966547 12.571658
15.205506 0.966685 12.570043
15.236334 0.966774 12.568468
15.267166 0.966814 12.566935
15.298006 0.966809 12.565442
15.328852 0.966758 12.563991
15.359706 0.966662 12.562580
15.391402 0.966520 12.561174
15.423109 0.966333 12.559813
15.454826 0.966104 12.558492
15.486554 0.965832 12.557055
15.518297 0.965511 12.555408
15.550057 0.965134 12.553553
15.581836 0.964694 12.551489
15.613637 0.964185 12.549217
15.645462 0.963600 12.546740
15.677315 0.962933 12.544056
15.709197 0.962176 12.541170
15.741112 0.961322 12.538081
15.773061 0.960366 12.534791
15.805048 0.959300 12.531302
15.837074 0.958118 12.527617
15.869144 0.956813 12.523735
15.901258 0.955383 12.520233
15.933410 0.953864 12.518404
15.965587 0.952313 12.518291
15.997780 0.950785 12.519888
16.029976 0.949336 12.523198
16.062166 0.948022 12.528226
16.094337 0.946899 12.534981
16.126480 0.946021 12.543474
16.158627 0.945445 12.553738
16.190722 0.945228 12.565779
16.222754 0.945426 12.579616
16.254713 0.946094 12.595270
16.286587 0.947290 12.612759
16.318363 0.949068 12.632064
16.350023 0.951478 12.652910
16.381533 0.954563 12.675282
16.412857 0.958364 12.699232
16.443960 0.962922 12.724819
16.474812 0.968279 12.752094
16.505375 0.974477 12.781108
16.533607 0.981056 12.809791
16.561531 0.988436 12.840053
16.589117 0.996653 12.871913
16.616341 1.005739 12.905378
16.643173 1.015728 12.940442
16.669584 1.026655 12.977079
16.695549 1.038552 13.015246
16.721037 1.051452 13.054620
16.746010 1.065353 13.094007
16.770416 1.080228 13.133366
16.794210 1.096046 13.172814
16.817341 1.112778 13.212465
16.839760 1.130395 13.252434
16.862690 1.150002 13.295275
16.884706 1.170536 13.338732
16.905750 1.191961 13.382935
16.925760 1.214242 13.428010
16.944681 1.237344 13.474076
16.962452 1.261231 13.521245
16.979015 1.285870 13.569615
16.994312 1.311225 13.619272
17.008291 1.337260 13.669223
17.020979 1.363937 13.716883
17.032433 1.391218 13.761988
17.042713 1.419061 13.804431
17.051964 1.447698 13.844524
17.060143 1.476828 13.881844
17.067312 1.506409 13.916412
17.073536 1.536401 13.948285
17.078873 1.566763 13.977532
17.083389 1.597453 14.004237
17.087143 1.628432 14.028486
17.090199 1.659657 14.050370
17.092617 1.691089 14.069976
17.094461 1.722687 14.087415
17.095787 1.754420 14.103104
17.096643 1.786273 14.117172
17.097078 1.818231 14.129647
17.097141 1.850280 14.140554
17.096878 1.882406 14.149918
17.096336 1.914595 14.157758
17.095566 1.946832 14.164094
17.094616 1.979103 14.168941
17.093531 2.011393 14.172312
17.092360 2.043689 14.174211
17.091152 2.075975 14.174642
17.089956 2.108238 14.173603
17.088818 2.140463 14.171088
17.087778 2.172639 14.167825
17.087145 2.194064 14.165651
17.086557 2.215468 14.163480
17.086020 2.236855 14.161312
17.085526 2.258226 14.159147
17.085079 2.279581 14.156987
17.084679 2.300923 14.154831
17.084326 2.322253 14.152679
17.084017 2.343573 14.150534
17.083755 2.364883 14.148395
17.083540 2.386186 14.146261
17.083368 2.407484 14.144135
17.083242 2.428776 14.142015
17.083162 2.450066 14.139904
17.083126 2.471354 14.137800
17.083134 2.492642 14.135706
17.083187 2.513932 14.133621
17.083286 2.535225 14.131546
17.083427 2.556522 14.129480
17.083612 2.577825 14.127438
17.083841 2.599136 14.125515
17.084108 2.620454 14.123732
17.084414 2.641782 14.122087
17.084751 2.663119 14.120583
17.085119 2.684468 14.119218
17.085516 2.705827 14.117992
17.085938 2.727199 14.116906
17.086382 2.748585 14.115959
17.086845 2.769984 14.115151
17.087324 2.791399 14.114483
17.087816 2.812829 14.113953
17.088318 2.834277 14.113561
17.088829 2.855742 14.113307
17.089342 2.877225 14.113191
17.089859 2.898728 14.113212
17.090372 2.920251 14.113370
17.090881 2.941795 14.113666
17.091372 2.962763 14.114083
17.091850 2.983753 14.114629
17.092318 3.004765 14.115337
17.092762 3.025797 14.116711
17.093172 3.046841 14.118913
17.093525 3.067888 14.121946
17.093807 3.088931 14.125815
17.093998 3.109961 14.130525
17.094080 3.130969 14.136083
17.094036 3.151948 14.142499
17.093851 3.172889 14.149784
17.093504 3.193783 14.157951
17.092978 3.214622 14.167015
17.092255 3.235399 14.176991
17.091318 3.256105 14.187897
17.090151 3.276730 14.199750
17.088732 3.297268 14.212568
17.087048 3.317709 14.226374
17.085079 3.338046 14.241185
17.081497 3.368775 14.265697
17.077152 3.399212 14.292651
17.071983 3.429329 14.322090
17.065935 3.459091 14.353401
17.058983 3.488452 14.386316
17.051096 3.517364 14.420931
17.042252 3.545776 14.457337
17.032421 3.573642 14.495619
17.021582 3.600913 14.535846
17.009703 3.627539 14.578074
16.996761 3.653474 14.622336
16.982731 3.678667 14.668639
16.968361 3.701884 14.714519
16.952959 3.724347 14.762158
16.936506 3.746012 14.811465
16.918978 3.766840 14.862309
16.900352 3.786788 14.914227
16.880642 3.805841 14.964295
16.859905 3.824017 15.011765
16.838203 3.841336 15.056637
16.815594 3.857818 15.098953
16.792139 3.873483 15.138789
16.767900 3.888353 15.176243
16.742935 3.902446 15.211427
16.717306 3.915782 15.244463
16.689430 3.929140 15.277336
16.660946 3.941692 15.308083
16.631926 3.953463 15.336851
16.602442 3.964476 15.363787
16.572567 3.974756 15.389025
16.542370 3.984328 15.412722
16.511904 3.993219 15.435128
16.481188 4.001461 15.456295
16.450249 4.009084 15.476238
16.419107 4.016122 15.494975
16.387787 4.022605 15.512527
16.356310 4.028566 15.528914
16.324699 4.034035 15.544160
16.292978 4.039045 15.558285
16.261169 4.043627 15.571310
16.230036 4.047721 15.582990
16.198862 4.051466 15.593655
16.167669 4.054892 15.603318
16.136478 4.058028 15.611995
16.105309 4.060902 15.620065
16.074160 4.063522 15.627962
16.043032 4.065897 15.635682
16.011923 4.068031 15.643224
15.980829 4.069931 15.650582
15.949750 4.071604 15.657755
15.918684 4.073056 15.664740
15.887629 4.074293 15.671533
15.856582 4.075322 15.678132
15.825541 4.076148 15.684536
15.794505 4.076778 15.690742
15.763472 4.077219 15.696749
15.732438 4.077477 15.702553
15.701404 4.077557 15.708153
15.670367 4.077467 15.713484
15.639328 4.077217 15.718518
15.608289 4.076815 15.723257
15.577248 4.076271 15.727699
15.546207 4.075593 15.731846
15.515168 4.074791 15.735697
15.484130 4.073874 15.739252
15.453094 4.072851 15.742514
15.422063 4.071732 15.745480
15.391034 4.070525 15.748152
15.360010 4.069240 15.750529
15.328992 4.067885 15.752613
15.297980 4.066471 15.754402
15.266975 4.065006 15.755888
15.235977 4.063501 15.757001
15.204987 4.061968 15.757728
15.174004 4.060419 15.758069
15.143028 4.058865 15.758024
15.112061 4.057319 15.757592
15.081101 4.055793 15.756774
15.050150 4.054299 15.755569
15.019206 4.052848 15.753976
14.988272 4.051454 15.751994
14.957345 4.050127 15.749624
14.926427 4.048880 15.746865
14.895517 4.047724 15.743716
14.864616 4.046673 15.740177
14.833725 4.045736 15.736427
14.802842 4.044911 15.732933
14.771967 4.044190 15.729717
14.741100 4.043565 15.726782
14.710241 4.043026 15.724126
14.680182 4.042575 15.721808
14.650127 4.042191 15.719758
14.620080 4.041864 15.717976
14.590038 4.041586 15.716459
14.560002 4.041351 15.715211
14.529971 4.041148 15.714231
14.499946 4.040972 15.713519
14.469924 4.040812 15.713075
14.439907 4.040662 15.712899
14.409895 4.040514 15.712918
14.379885 4.040364 15.712954
14.349879 4.040214 15.712997
14.319876 4.040062 15.713049
14.288208 4.039900 15.713114
14.256542 4.039736 15.713187
14.224878 4.039569 15.713270
14.193216 4.039400 15.713363
14.161555 4.039227 15.713465
14.129894 4.039052 15.713575
14.098234 4.038872 15.713696
14.066574 4.038688 15.713826
14.034913 4.038500 15.713966
14.003251 4.038308 15.714113
13.971588 4.038112 15.714226
13.939923 4.037912 15.714281
13.908269 4.037712 15.714279
13.876613 4.037513 15.714219
13.844956 4.037316 15.714104
13.813298 4.037125 15.713930
13.781639 4.036939 15.713699
13.749979 4.036762 15.713412
13.718318 4.036595 15.713068
13.686657 4.036439 15.712667
13.654994 4.036298 15.712208
13.623331 4.036171 15.711693
13.591668 4.036062 15.711120
13.560004 4.035972 15.710526
13.528339 4.035899 15.709977
13.496675 4.035844 15.709475
13.465009 4.035803 15.709020
13.433344 4.035776 15.708611
13.401677 4.035762 15.708248
13.370011 4.035758 15.707932
13.338345 4.035763 15.707664
13.306678 4.035776 15.707442
13.275010 4.035796 15.707267
13.243343 4.035820 15.707138
13.211676 4.035847 15.707056
13.180009 4.035877 15.707020
13.148341 4.035907 15.707026
13.116673 4.035936 15.707035
13.085007 4.035965 15.707041
13.053339 4.035995 15.707043
13.021671 4.036024 15.707041
12.990004 4.036053 15.707035
12.958336 4.036083 15.707026
12.926669 4.036113 15.707012
12.895001 4.036143 15.706995
12.863334 4.036174 15.706974
12.831666 4.036206 15.706949
12.799999 4.036238 15.706921
12.768332 4.036272 15.706888
12.736664 4.036306 15.706853
12.704996 4.036342 15.706861
12.673329 4.036376 15.706944
12.641662 4.036405 15.707105
12.609995 4.036429 15.707340
12.578328 4.036444 15.707653
12.546661 4.036448 15.708041
12.514995 4.036438 15.708506
12.483328 4.036413 15.709046
12.451662 4.036369 15.709662
12.419996 4.036304 15.710356
12.388330 4.036217 15.711124
12.356666 4.036103 15.711969
12.325001 4.035962 15.712891
12.293336 4.035790 15.713856
12.261672 4.035589 15.714777
12.230008 4.035359 15.715651
12.198344 4.035103 15.716477
12.166681 4.034821 15.717257
12.135018 4.034515 15.717988
12.103355 4.034187 15.718672
12.071693 4.033837 15.719308
12.040031 4.033469 15.719897
12.008359 4.033082 15.720439
11.976686 4.032679 15.720933
11.945013 4.032261 15.721379
11.913341 4.031829 15.721778
11.881669 4.031386 15.722124
11.849997 4.030933 15.722365
11.818325 4.030475 15.722485
11.786653 4.030015 15.722485
11.754981 4.029557 15.722363
11.723309 4.029104 15.722121
11.691636 4.028661 15.721759
11.659964 4.028231 15.721275
11.628302 4.027819 15.720672
11.596640 4.027428 15.719948
11.564978 4.027061 15.719103
11.533316 4.026724 15.718138
11.501652 4.026418 15.717052
11.469989 4.026149 15.715845
11.438325 4.025920 15.714579
11.406660 4.025731 15.713309
11.374996 4.025581 15.712040
11.343330 4.025472 15.710769
11.311666 4.025403 15.709496
11.280001 4.025375 15.708222
11.248335 4.025387 15.706947
11.216670 4.025440 15.705670
11.185004 4.025532 15.704392
11.153339 4.025666 15.703114
11.121675 4.025840 15.701833
11.090011 4.026054 15.700551
11.058347 4.026309 15.699267
11.026684 4.026605 15.698011
10.995021 4.026938 15.696887
10.963358 4.027305 15.695904
10.931696 4.027700 15.695063
10.900034 4.028120 15.694362
10.870029 4.028536 15.693829
10.840024 4.028967 15.693421
10.810019 4.029408 15.693142
10.780015 4.029855 15.692989
10.750010 4.030305 15.692964
10.720006 4.030754 15.693065
10.690001 4.031198 15.693293
10.659997 4.031633 15.693647
10.629992 4.032056 15.694129
10.599987 4.032463 15.694702
10.569982 4.032852 15.695293
10.539976 4.033223 15.695899
10.509971 4.033576 15.696519
10.478308 4.033927 15.697188
10.446646 4.034258 15.697875
10.414983 4.034566 15.698577
10.383319 4.034852 15.699295
10.351656 4.035115 15.700029
10.319992 4.035354 15.700780
10.288328 4.035570 15.701547
10.256663 4.035760 15.702330
10.224998 4.035926 15.703128
10.193334 4.036067 15.703941
10.161669 4.036181 15.704714
10.130003 4.036273 15.705420
10.098337 4.036343 15.706062
10.066671 4.036394 15.706639
10.035005 4.036427 15.707151
10.003339 4.036446 15.707598
9.971672 4.036452 15.707978
9.940005 4.036446 15.708295
9.908339 4.036431 15.708545
9.876672 4.036410 15.708731
9.845004 4.036383 15.708851
9.813337 4.036354 15.708906
9.781671 4.036325 15.708896
9.750004 4.036295 15.708845
9.718336 4.036269 15.708795
9.686669 4.036243 15.708745
9.655003 4.036219 15.708697
9.623336 4.036197 15.708651
9.591669 4.036175 15.708605
9.560002 4.036156 15.708561
9.528335 4.036138 15.708518
9.496668 4.036121 15.708476
9.465001 4.036105 15.708436
9.433334 4.036091 15.708397
9.401668 4.036077 15.708359
9.370001 4.036066 15.708323
9.348889 4.036058 15.708299
9.327779 4.036051 15.708276
9.306667 4.036045 15.708254
9.285556 4.036039 15.708233
9.264445 4.036034 15.708213
9.243334 4.036029 15.708194
9.222223 4.036024 15.708175
9.201112 4.036020 15.708158
9.180000 4.036016 15.708140
9.158890 4.036012 15.708125
9.137778 4.036009 15.708110
9.116667 4.036006 15.708096
9.095556 4.036004 15.708082
9.074445 4.036001 15.708070
9.053334 4.035999 15.708058
9.032223 4.035997 15.708048
9.011111 4.035995 15.708038
8.990001 4.035994 15.708030
8.968889 4.035993 15.708021
8.947779 4.035991 15.708014
8.926667 4.035990 15.708008
8.905556 4.035989 15.708002
8.884445 4.035989 15.707998
8.863334 4.035988 15.707994
8.842223 4.035987 15.707992
8.821112 4.035987 15.707990
8.800000 4.035986 15.707989
8.778890 4.035985 15.707989
8.757778 4.035985 15.707990
8.736667 4.035985 15.707992
8.715556 4.035984 15.707994
8.694445 4.035983 15.707998
8.673333 4.035982 15.708003
8.652223 4.035982 15.708009
8.631111 4.035980 15.708014
8.610000 4.035979 15.708022
8.578333 4.035977 15.708035
8.546666 4.035975 15.708050
8.514999 4.035972 15.708066
8.483333 4.035968 15.708085
8.451665 4.035964 15.708103
8.419998 4.035959 15.708121
8.388331 4.035954 15.708140
8.356665 4.035948 15.708159
8.324997 4.035942 15.708179
8.293330 4.035934 15.708198
8.261662 4.035927 15.708217
8.229995 4.035918 15.708237
8.198327 4.035910 15.708256
8.166660 4.035900 15.708276
8.134992 4.035890 15.708296
8.103324 4.035879 15.708316
8.071656 4.035867 15.708334
8.039989 4.035855 15.708333
8.008320 4.035844 15.708307
7.976652 4.035834 15.708257
7.944984 4.035826 15.708182
7.913316 4.035820 15.708084
7.881649 4.035819 15.707960
7.849981 4.035821 15.707813
7.818314 4.035828 15.707641
7.786647 4.035841 15.707444
7.754981 4.035861 15.707224
7.723315 4.035889 15.706979
7.691650 4.035924 15.706710
7.659986 4.035968 15.706415
7.628322 4.036022 15.706108
7.596658 4.036086 15.705798
7.564996 4.036159 15.705484
7.533334 4.036242 15.705168
7.501673 4.036336 15.704847
7.470013 4.036440 15.704524
7.438354 4.036554 15.704197
7.406695 4.036679 15.703867
7.375038 4.036814 15.703533
7.343382 4.036959 15.703197
7.311727 4.037115 15.702857
7.280072 4.037282 15.702514
7.248419 4.037460 15.702168
7.216767 4.037649 15.701824
7.185116 4.037848 15.701503
7.153467 4.038058 15.701207
7.121819 4.038276 15.700935
7.090172 4.038503 15.700687
7.058353 4.038738 15.700464
7.026536 4.038980 15.700265
6.994720 4.039227 15.700090
6.962907 4.039480 15.699941
6.931096 4.039737 15.699816
6.899288 4.039998 15.699716
6.867482 4.040262 15.699640
6.835679 4.040527 15.699591
6.803879 4.040794 15.699565
6.772082 4.041061 15.699563
6.740287 4.041328 15.699585
6.708495 4.041594 15.699630
6.678007 4.041847 15.699696
6.647520 4.042098 15.699782
6.617034 4.042346 15.699891
6.586549 4.042590 15.700022
6.556064 4.042830 15.700174
6.525579 4.043065 15.700348
6.495094 4.043293 15.700543
6.464608 4.043517 15.700761
6.434122 4.043733 15.701000
6.403633 4.043941 15.701261
6.373144 4.044141 15.701539
6.342653 4.044333 15.701822
6.312163 4.044516 15.702109
6.281675 4.044690 15.702399
6.251191 4.044855 15.702693
6.220711 4.045011 15.702991
6.190238 4.045158 15.703292
6.159774 4.045295 15.703596
6.129319 4.045424 15.703904
6.098875 4.045543 15.704216
6.068979 4.045650 15.704527
6.039096 4.045748 15.704841
6.009228 4.045836 15.705158
5.979376 4.045916 15.705480
5.949543 4.045985 15.705799
5.919728 4.046045 15.706097
5.889935 4.046096 15.706370
5.860166 4.046140 15.706621
5.830422 4.046176 15.706848
5.800704 4.046206 15.707052
5.771017 4.046231 15.707233
5.741360 4.046250 15.707391
5.711736 4.046265 15.707524
5.680447 4.046277 15.707641
5.649200 4.046286 15.707730
5.617996 4.046292 15.707794
5.586838 4.046296 15.707830
5.555728 4.046300 15.707841
5.524668 4.046304 15.707836
5.493655 4.046308 15.707834
5.462687 4.046312 15.707835
5.431761 4.046316 15.707840
5.400874 4.046319 15.707849
5.370023 4.046323 15.707860
5.339204 4.046326 15.707875
5.308415 4.046329 15.707893
5.277653 4.046330 15.707915
5.246915 4.046331 15.707940
5.216197 4.046331 15.707969
5.185497 4.046331 15.708001
5.154811 4.046329 15.708036
5.124138 4.046326 15.708075
5.093473 4.046322 15.708111
5.062816 4.046318 15.708144
5.032165 4.046311 15.708175
5.001517 4.046305 15.708202
4.970872 4.046297 15.708228
4.940228 4.046288 15.708251
4.909582 4.046279 15.708271
4.878933 4.046269 15.708289
4.848280 4.046259 15.708303
4.817620 4.046248 15.708316
4.786952 4.046237 15.708325
4.756273 4.046227 15.708332
4.725583 4.046215 15.708336
4.694879 4.046204 15.708339
4.664159 4.046192 15.708339
4.633418 4.046180 15.708338
4.602655 4.046169 15.708334
4.571866 4.046158 15.708329
4.541048 4.046146 15.708323
4.510198 4.046135 15.708315
4.479313 4.046125 15.708304
4.448391 4.046114 15.708293
4.417427 4.046104 15.708280
4.386420 4.046095 15.708264
4.355365 4.046086 15.708248
4.324261 4.046077 15.708229
4.293104 4.046069 15.708210
4.261896 4.046062 15.708194
4.230639 4.046055 15.708179
4.199336 4.046048 15.708165
4.167990 4.046042 15.708155
4.136660 4.046036 15.708145
4.105292 4.046031 15.708138
4.073890 4.046025 15.708132
4.042454 4.046020 15.708128
4.010989 4.046015 15.708126
3.979497 4.046010 15.708126
3.947981 4.046005 15.708128
3.916442 4.046000 15.708132
3.884885 4.045994 15.708138
3.853312 4.045988 15.708145
3.821730 4.045982 15.708155
3.790143 4.045976 15.708166
3.758224 4.045969 15.708179
3.726311 4.045962 15.708196
3.694411 4.045955 15.708214
3.662527 4.045946 15.708233
3.630666 4.045938 15.708256
3.598834 4.045928 15.708280
3.567035 4.045917 15.708305
3.535275 4.045906 15.708334
3.503560 4.045894 15.708364
3.471895 4.045880 15.708397
3.440647 4.045866 15.708420
3.409451 4.045852 15.708429
3.378302 4.045837 15.708425
3.347198 4.045824 15.708406
3.316138 4.045810 15.708373
3.285118 4.045798 15.708326
3.254137 4.045788 15.708265
3.223191 4.045780 15.708190
3.192280 4.045774 15.708101
3.161399 4.045771 15.707997
3.130547 4.045772 15.707879
3.099721 4.045776 15.707747
3.068919 4.045785 15.707602
3.038139 4.045799 15.707441
3.007379 4.045818 15.707272
2.976635 4.045842 15.707090
2.945907 4.045871 15.706899
2.915192 4.045907 15.706696
2.884488 4.045949 15.706482
2.853793 4.045998 15.706258
2.823104 4.046054 15.706023
2.792420 4.046117 15.705777
2.761739 4.046188 15.705522
2.731058 4.046268 15.705255
2.700375 4.046355 15.704977
2.669688 4.046451 15.704690
2.638996 4.046556 15.704391
2.608295 4.046670 15.704070
2.577583 4.046795 15.703729
2.546857 4.046931 15.703363
2.516115 4.047078 15.702977
2.485354 4.047238 15.702569
2.454572 4.047410 15.702138
2.423765 4.047596 15.701686
2.392931 4.047798 15.701213
2.362067 4.048013 15.700718
2.331172 4.048245 15.700202
2.300241 4.048493 15.699665
2.269273 4.048759 15.699108
2.238264 4.049043 15.698530
2.207213 4.049345 15.697965
2.176119 4.049664 15.697434
2.144980 4.049999 15.696939
2.113798 4.050350 15.696480
2.082571 4.050715 15.696056
2.051298 4.051094 15.695667
2.019979 4.051485 15.695313
1.988614 4.051887 15.694994
1.957201 4.052299 15.694710
1.925742 4.052720 15.694460
1.894198 4.053149 15.694244
1.862605 4.053586 15.694063
1.830963 4.054028 15.693916
1.799273 4.054472 15.694109
1.767547 4.054893 15.695526
1.735807 4.055248 15.698225
1.704073 4.055498 15.702212
1.672366 4.055600 15.707497
1.640707 4.055513 15.714094
1.609117 4.055198 15.722022
1.577617 4.054613 15.731307
1.546227 4.053716 15.741977
1.517705 4.052592 15.752945
1.489307 4.051143 15.765120
1.461051 4.049339 15.778531
1.432952 4.047149 15.793209
1.405025 4.044541 15.809187
1.377286 4.041487 15.826145
1.349746 4.037975 15.843556
1.322415 4.033998 15.861429
1.295302 4.029551 15.879776
1.266241 4.024204 15.900165
1.237459 4.018291 15.921138
1.208970 4.011804 15.942711
1.180787 4.004734 15.964896
1.152921 3.997073 15.987706
1.125386 3.988814 16.011150
1.098194 3.979949 16.035236
1.071357 3.970469 16.059971
1.044889 3.960365 16.085354
1.018801 3.949631 16.111387
0.993105 3.938262 16.137674
0.967808 3.926266 16.163872
0.942916 3.913654 16.189970
0.918434 3.900438 16.215965
0.894368 3.886628 16.241846
0.870724 3.872237 16.267609
0.847508 3.857275 16.293247
0.824725 3.841753 16.318760
0.802381 3.825684 16.344143
0.780483 3.809078 16.369392
0.759035 3.791946 16.394508
0.738044 3.774300 16.419491
0.717516 3.756150 16.444340
0.697456 3.737509 16.469078
0.677871 3.718385 16.493858
0.658769 3.698783 16.518700
0.640159 3.678711 16.543598
0.622049 3.658174 16.568554
0.604446 3.637178 16.593561
0.587360 3.615730 16.618614
0.570799 3.593835 16.643711
0.554770 3.571500 16.668846
0.539281 3.548731 16.694014
0.524342 3.525533 16.719210
0.509960 3.501914 16.744425
0.496144 3.477878 16.769657
0.482901 3.453433 16.794895
0.470239 3.428584 16.820074
0.458164 3.403340 16.845108
0.446682 3.377709 16.869995
0.435796 3.351699 16.894732
0.425512 3.325319 16.919312
0.415835 3.298578 16.943737
0.406770 3.271483 16.968002
0.398322 3.244044 16.992107
0.390495 3.216268 17.016048
0.383295 3.188164 17.039827
0.376727 3.159741 17.063442
0.370795 3.131006 17.086891
0.365505 3.101970 17.110174
0.360803 3.072237 17.133457
0.356747 3.042216 17.155121
0.353291 3.011928 17.174891
0.350390 2.981393 17.192818
0.347994 2.950632 17.208952
0.346057 2.919666 17.223341
0.344532 2.888517 17.236032
0.343371 2.857204 17.247068
0.342526 2.825749 17.256489
0.341951 2.794173 17.264330
0.341597 2.762496 17.270620
0.341419 2.730740 17.275383
0.341367 2.698926 17.278639
0.341395 2.667074 17.280399
0.341463 2.635201 17.281307
0.341554 2.603314 17.281908
0.341660 2.571414 17.282204
0.341771 2.539503 17.282192
0.341876 2.507583 17.281876
0.341966 2.475657 17.281254
0.342032 2.443727 17.280325
0.342063 2.411796 17.279093
0.342050 2.379864 17.277554
0.341983 2.347935 17.275709
0.341852 2.316000 17.273558
0.341647 2.284072 17.271097
0.341360 2.252153 17.268330
0.340980 2.220245 17.265455
0.340517 2.188349 17.263111
0.339988 2.156461 17.261351
0.339413 2.124581 17.260168
0.338809 2.092708 17.259569
0.338195 2.060838 17.259554
0.337591 2.028971 17.260118
0.337013 1.997104 17.261267
0.336482 1.965237 17.262999
0.336015 1.933378 17.265310
0.335631 1.901515 17.268204
0.335348 1.869646 17.271677
0.335186 1.837769 17.275730
0.335161 1.805883 17.280367
0.335295 1.773988 17.285660
0.335609 1.742087 17.291637
0.336124 1.710185 17.298298
0.336863 1.678285 17.305643
0.337847 1.646391 17.313677
0.339098 1.614508 17.322399
0.340638 1.582638 17.331810
0.342454 1.551342 17.341730
0.344591 1.520067 17.352318
0.347069 1.488817 17.363571
0.349909 1.457596 17.375490
0.353132 1.426406 17.388075
0.356758 1.395252 17.401321
0.360810 1.364139 17.415352
0.365313 1.333090 17.430401
0.370297 1.302129 17.446501
0.375790 1.271285 17.463682
0.381820 1.240585 17.481972
0.388418 1.210055 17.501400
0.395734 1.179227 17.522341
0.403695 1.148632 17.544519
0.412332 1.118297 17.567961
0.421674 1.088250 17.592693
0.431752 1.058521 17.618736
0.442596 1.029137 17.646105
0.454237 1.000126 17.674812
0.466703 0.971518 17.704781
0.480011 0.943337 17.735126
0.494152 0.915608 17.765614
0.509118 0.888354 17.796255
0.524899 0.861597 17.827070
0.541279 0.835679 17.857691
0.558437 0.810291 17.888510
0.576364 0.785456 17.919535
0.595052 0.761196 17.950781
0.614492 0.737533 17.982254
0.634675 0.714489 18.013964
0.655593 0.692088 18.045914
0.677236 0.670351 18.078112
0.699597 0.649300 18.110556
0.722663 0.628955 18.142860
0.746410 0.609322 18.174385
0.770804 0.590400 18.205132
0.796173 0.571936 18.235542
0.822144 0.554202 18.265200
0.848683 0.537198 18.294134
0.875757 0.520923 18.322378
0.903334 0.505377 18.349964
0.931380 0.490560 18.376930
0.959863 0.476470 18.403315
0.988750 0.463107 18.429153
1.018007 0.450471 18.454491
1.047601 0.438562 18.479366
1.077501 0.427378 18.503820
1.107679 0.416918 18.527889
1.137827 0.407264 18.551371
1.168208 0.398311 18.574503
1.198802 0.390053 18.597301
1.229590 0.382486 18.619780
1.260552 0.375606 18.641953
1.291668 0.369408 18.663841
1.322919 0.363886 18.685457
1.354285 0.359036 18.706823
1.385746 0.354854 18.727955
1.417283 0.351335 18.748871
1.448876 0.348474 18.769592
1.480505 0.346267 18.790136
1.511548 0.344732 18.810120
1.542586 0.343815 18.829939
1.573597 0.343512 18.849615
1.604561 0.343817 18.869177
1.635456 0.344725 18.888645
1.666261 0.346229 18.908051
1.696954 0.348325 18.927412
1.727516 0.351006 18.946762
1.757923 0.354269 18.966122
1.788155 0.358106 18.985521
1.818191 0.362513 19.004988
1.848009 0.367484 19.024549
1.877588 0.373014 19.044235
1.906908 0.379097 19.064072
1.935949 0.385728 19.084044
1.964769 0.392920 19.104185
1.993293 0.400653 19.124456
2.021512 0.408923 19.144861
2.049418 0.417725 19.165403
2.077003 0.427056 19.186089
2.104258 0.436910 19.206921
2.131175 0.447283 19.227901
2.157745 0.458171 19.249041
2.183961 0.469568 19.270336
2.209814 0.481472 19.291796
2.235296 0.493876 19.313421
2.260398 0.506777 19.335218
2.285111 0.520170 19.357183
2.309430 0.534051 19.379280
2.333347 0.548414 19.401503
2.356856 0.563255 19.423847
2.379952 0.578569 19.446316
2.402627 0.594351 19.468901
2.424876 0.610596 19.491604
2.446693 0.627301 19.514418
2.468071 0.644458 19.537342
2.489005 0.662065 19.560373
2.509487 0.680116 19.583504
2.529513 0.698605 19.606733
2.549075 0.717530 19.630054
2.568463 0.737191 19.653831
2.587360 0.757290 19.677746
2.605757 0.777823 19.701897
2.623641 0.798787 19.726286
2.641002 0.820179 19.750912
2.657830 0.841994 19.775770
2.674112 0.864230 19.800854
2.689839 0.886883 19.826160
2.704998 0.909948 19.851677
2.719581 0.933424 19.877398
2.733574 0.957306 19.903313
2.746967 0.981591 19.929409
2.759749 1.006274 19.955673
2.771910 1.031354 19.982094
2.783437 1.056826 20.008623
2.794327 1.082684 20.034801
2.804584 1.108920 20.060463
2.814213 1.135524 20.085600
2.823219 1.162485 20.110207
2.831609 1.189796 20.134279
2.839388 1.217445 20.157820
2.846561 1.245424 20.180826
2.853134 1.273723 20.203304
2.859113 1.302332 20.225260
2.864502 1.331241 20.246698
2.869357 1.360752 20.267847
2.873621 1.390551 20.288486
2.877301 1.420627 20.308626
2.880405 1.450970 20.327848
2.882968 1.481562 20.345375
2.885033 1.512382 20.361238
2.886644 1.543411 20.375484
2.887843 1.574627 20.388161
2.888674 1.606011 20.399311
2.889182 1.637541 20.408974
2.889408 1.669198 20.417183
2.889397 1.700961 20.423967
2.889192 1.732809 20.429356
2.888837 1.764722 20.433365
2.888376 1.796679 20.436012
2.887851 1.828661 20.437305
2.887305 1.860647 20.437380
2.886764 1.892625 20.437130
2.886233 1.924596 20.436737
2.885718 1.956558 20.436195
2.885222 1.988511 20.435507
2.884751 2.020454 20.434673
2.884309 2.052388 20.433691
2.883901 2.084311 20.432564
2.883531 2.116224 20.431288
2.883204 2.148125 20.429865
2.882926 2.180015 20.428293
2.882699 2.211893 20.426575
2.882530 2.243757 20.424707
2.882424 2.275609 20.422693
2.882380 2.307448 20.420763
2.882395 2.339273 20.419081
2.882459 2.371083 20.417646
2.882564 2.402880 20.416458
2.882704 2.434662 20.415518
2.882869 2.466430 20.414827
2.883052 2.498193 20.414385
2.883245 2.529941 20.414190
2.883440 2.561674 20.414246
2.883630 2.593391 20.414551
2.883806 2.625092 20.415108
2.883960 2.656777 20.415913
2.884084 2.688446 20.416971
2.884172 2.720097 20.418192
2.884222 2.751730 20.419348
2.884236 2.783343 20.420427
2.884218 2.814932 20.421431
2.884169 2.846496 20.422358
2.884094 2.877632 20.423197
2.883993 2.908740 20.423962
2.883870 2.939816 20.424652
2.883727 2.970859 20.425266
2.883566 3.001867 20.425808
2.883389 3.032836 20.426273
2.883200 3.063767 20.426662
2.883000 3.094655 20.426977
2.882789 3.125850 20.427219
2.882572 3.156998 20.427408
2.882350 3.188103 20.427549
2.882125 3.219165 20.427643
2.881898 3.250188 20.427692
2.881671 3.281172 20.427694
2.881444 3.312121 20.427649
2.881220 3.343035 20.427555
2.881000 3.373918 20.427416
2.880784 3.404771 20.427227
2.880576 3.435596 20.426992
2.880376 3.466396 20.426710
2.880185 3.497171 20.426380
2.880005 3.527925 20.426003
2.879838 3.558660 20.425600
2.879683 3.589377 20.425213
2.879539 3.620078 20.424837
2.879407 3.650765 20.424479
2.879286 3.681440 20.424131
2.879175 3.712105 20.423800
2.879074 3.742761 20.423483
2.878983 3.773410 20.423180
2.878901 3.804055 20.422892
2.878827 3.834697 20.422619
2.878762 3.865338 20.422359
2.878704 3.895980 20.422113
2.878654 3.926625 20.421885
2.878610 3.957274 20.421667
2.878573 3.987930 20.421452
2.878543 4.018595 20.421238
2.878519 4.049271 20.421026
2.878501 4.079960 20.420815
2.878490 4.110666 20.420603
2.878486 4.141390 20.420395
2.878488 4.172134 20.420185
2.878496 4.202902 20.419979
2.878511 4.233695 20.419773
2.878532 4.264515 20.419567
2.878559 4.295366 20.419365
2.878593 4.326248 20.419163
2.878633 4.357165 20.418961
2.878679 4.388119 20.418756
2.878731 4.419110 20.418545
2.878791 4.450139 20.418325
2.878858 4.481205 20.418098
2.878931 4.512311 20.417864
2.879013 4.543456 20.417622
2.879102 4.574640 20.417374
2.879199 4.605865 20.417118
2.879304 4.637129 20.416855
2.879418 4.668471 20.416584
2.879540 4.699855 20.416307
2.879672 4.731281 20.416023
2.879812 4.762750 20.415731
2.879963 4.794261 20.415401
2.880126 4.825816 20.414959
2.880305 4.857410 20.414400
2.880504 4.889045 20.413723
2.880726 4.920717 20.412931
2.880975 4.952426 20.412022
2.881256 4.984171 20.410997
2.881571 5.015950 20.409859
2.881924 5.047761 20.408604
2.882320 5.079604 20.407232
2.882761 5.111476 20.405748
2.883253 5.143377 20.404148
2.883797 5.175304 20.402433
2.884398 5.207258 20.400660
2.885050 5.239233 20.399378
2.885733 5.271224 20.398735
2.886427 5.303221 20.398731
2.887110 5.335218 20.399363
2.887764 5.367208 20.400635
2.888365 5.399182 20.402544
2.888895 5.431134 20.405098
2.889333 5.463057 20.408297
2.889657 5.494942 20.412146
2.889849 5.526783 20.416651
2.889886 5.558572 20.421818
2.889749 5.590302 20.427652
2.889417 5.621964 20.434162
2.888866 5.653552 20.441610
2.888063 5.685046 20.450256
2.886973 5.716429 20.460123
2.885559 5.747683 20.471239
2.883785 5.778788 20.483635
2.881739 5.808104 20.496586
2.879308 5.837254 20.510744
2.876461 5.866224 20.526138
2.873166 5.894998 20.542803
2.869394 5.923560 20.560764
2.865113 5.951895 20.580057
2.860016 5.981505 20.601871
2.854283 6.010827 20.625229
2.847881 6.039842 20.650072
2.840789 6.068536 20.675259
2.833016 6.096899 20.700424
2.824573 6.124923 20.725559
2.815470 6.152599 20.750666
2.805718 6.179920 20.775738
2.795328 6.206876 20.800774
2.784310 6.233459 20.825771
2.772675 6.259662 20.850733
2.760433 6.285474 20.875656
2.747596 6.310889 20.900539
2.734173 6.335897 20.925388
2.720175 6.360490 20.950203
2.705614 6.384660 20.974983
2.690498 6.408398 20.999773
2.674835 6.431697 21.024616
2.658633 6.454553 21.049507
2.641896 6.476956 21.074438
2.624632 6.498901 21.099403
2.606847 6.520382 21.124395
2.588548 6.541393 21.149410
2.569740 6.561926 21.174437
2.550431 6.581975 21.199472
2.530567 6.601591 21.224583
2.510212 6.620707 21.249687
2.489372 6.639316 21.274778
2.468053 6.657413 21.299849
2.446261 6.674990 21.324957
2.424003 6.692035 21.350372
2.401280 6.708530 21.376133
2.378097 6.724459 21.402239
2.354455 6.739803 21.428686
2.330360 6.754546 21.455469
2.305815 6.768670 21.482582
2.280821 6.782157 21.510015
2.255384 6.794992 21.537758
2.229506 6.807156 21.565796
2.203190 6.818631 21.594110
2.176440 6.829401 21.622683
2.149260 6.839448 21.651493
2.121652 6.848755 21.680466
2.093627 6.857319 21.708368
2.065206 6.865169 21.734690
2.036416 6.872334 21.759460
2.007279 6.878848 21.782721
1.977820 6.884740 21.804514
1.948064 6.890041 21.824883
1.918035 6.894784 21.843874
1.887802 6.898993 21.861507
1.857346 6.902708 21.877855
1.826690 6.905958 21.892962
1.795859 6.908776 21.906866
1.764878 6.911191 21.919607
1.733770 6.913236 21.931215
1.702564 6.914943 21.941505
1.671314 6.916356 21.950174
1.640082 6.917521 21.957268
1.608931 6.918487 21.962816
1.577923 6.919300 21.966837
1.547121 6.920006 21.969326
1.519180 6.920600 21.970245
1.491512 6.921181 21.969835
1.464164 6.921785 21.968050
1.437183 6.922449 21.964828
1.410618 6.923207 21.960089
1.384516 6.924098 21.953730
1.358925 6.925155 21.945623
1.333893 6.926416 21.935616
1.309462 6.927915 21.924023
1.283805 6.929809 21.910709
1.258850 6.931996 21.896530
1.234590 6.934480 21.881428
1.211018 6.937266 21.865349
1.188128 6.940357 21.848234
1.165912 6.943758 21.830027
1.144362 6.947472 21.810661
1.123471 6.951503 21.790075
1.103234 6.955855 21.768209
1.083641 6.960534 21.744999
1.064686 6.965541 21.720387
1.046362 6.970882 21.694315
1.028661 6.976561 21.666727
1.011576 6.982583 21.637390
0.995096 6.988958 21.606182
0.979211 6.995698 21.573105
0.963912 7.002813 21.538176
0.949186 7.010314 21.501451
0.935025 7.018212 21.463018
0.921417 7.026516 21.423002
0.908353 7.035239 21.381567
0.895822 7.044391 21.338917
0.883814 7.053982 21.295292
0.872318 7.064023 21.250959
0.861324 7.074524 21.206215
0.850791 7.085532 21.161230
0.840743 7.097025 21.116413
0.831170 7.109015 21.071959
0.822062 7.121517 21.028156
0.813411 7.134543 20.985292
0.805208 7.148108 20.943615
0.797443 7.162223 20.903337
0.790107 7.176902 20.864635
0.783191 7.192160 20.827639
0.776686 7.208008 20.792440
0.770583 7.224461 20.759100
0.764873 7.241532 20.727642
0.759547 7.259234 20.698063
0.754595 7.277581 20.670336
0.750008 7.296585 20.644421
0.745778 7.316256 20.620432
0.741892 7.336590 20.598339
0.738339 7.357585 20.578003
0.735108 7.379234 20.559292
0.732189 7.401535 20.542082
0.729569 7.424481 20.526262
0.727238 7.448070 20.511728
0.725184 7.472297 20.498384
0.723396 7.497156 20.486145
0.721863 7.522645 20.474930
0.720561 7.549037 20.464561
0.719496 7.576063 20.455095
0.718656 7.603717 20.446468
0.718031 7.631993 20.438673
0.717604 7.660861 20.431780
0.717359 7.690275 20.425718
0.717280 7.720191 20.420416
0.717349 7.750563 20.415815
0.717551 7.781346 20.411869
0.717869 7.812495 20.408533
0.718286 7.843966 20.405773
0.718786 7.875711 20.403563
0.719351 7.907699 20.401878
0.719966 7.939872 20.400703
0.720613 7.972186 20.400024
0.721277 8.004594 20.399834
0.721939 8.037053 20.400116
0.722588 8.069534 20.400688
0.723215 8.102035 20.401493
0.723812 8.134556 20.402531
0.724372 8.167098 20.403799
0.724887 8.199662 20.405300
0.725350 8.232247 20.407032
0.725753 8.264854 20.408995
0.726088 8.297474 20.411186
0.726349 8.330116 20.413607
0.726526 8.362782 20.416256
0.726614 8.395473 20.419134
0.726603 8.428187 20.422237
0.726488 8.460927 20.425570
0.726263 8.493687 20.428772
0.725942 8.526437 20.431435
0.725543 8.559141 20.433565
0.725085 8.591763 20.435169
0.724584 8.624265 20.436245
0.724060 8.656610 20.436790
0.723534 8.688532 20.436800
0.723019 8.720228 20.436270
0.722534 8.751663 20.435184
0.722097 8.782802 20.433527
0.721724 8.813607 20.431274
0.721433 8.844044 20.428394
0.721243 8.874077 20.424854
0.721171 8.903670 20.420612
0.721234 8.932796 20.415623
0.721450 8.961433 20.409838
0.721837 8.989562 20.403198
0.722412 9.017160 20.395645
0.723193 9.044209 20.387106
0.724198 9.070685 20.377501
0.725423 9.096171 20.366911
0.726899 9.121063 20.355099
0.728642 9.145343 20.341949
0.730670 9.168988 20.327333
0.732999 9.191980 20.311102
0.735647 9.214300 20.293089
0.738629 9.235927 20.273102
0.741962 9.256845 20.251263
0.745654 9.277064 20.227829
0.749712 9.296597 20.202734
0.754144 9.315457 20.175913
0.758957 9.333658 20.147314
0.764158 9.351213 20.116903
0.769755 9.368138 20.084660
0.775753 9.384444 20.050592
0.782161 9.400146 20.014734
0.788986 9.415258 19.977154
0.796235 9.429793 19.937948
0.803914 9.443765 19.897263
0.812032 9.457188 19.855276
0.820595 9.470074 19.812193
0.829611 9.482437 19.768061
0.839087 9.494283 19.723047
0.849032 9.505620 19.677410
0.859453 9.516456 19.631430
0.870463 9.526892 19.584961
0.881976 9.536832 19.538742
0.893997 9.546284 19.493063
0.906537 9.555253 19.448198
0.919602 9.563749 19.404398
0.933200 9.571780 19.361877
0.947341 9.579351 19.320818
0.962031 9.586473 19.281364
0.977280 9.593149 19.243624
0.993095 9.599390 19.207611
1.009488 9.605201 19.173222
1.026472 9.610587 19.140497
1.044061 9.615554 19.109463
1.062269 9.620107 19.080120
1.081109 9.624251 19.052450
1.100595 9.627993 19.026419
1.120740 9.631335 19.001982
1.141557 9.634286 18.979084
1.163061 9.636849 18.957659
1.185264 9.639030 18.937643
1.208181 9.640836 18.918964
1.231824 9.642269 18.901556
1.256208 9.643336 18.885366
1.281331 9.644053 18.871313
1.307155 9.644461 18.859743
1.334038 9.644602 18.850286
1.361551 9.644516 18.842932
1.389648 9.644249 18.837509
1.418283 9.643847 18.833876
1.447410 9.643358 18.831924
1.476981 9.642828 18.831564
1.506951 9.642303 18.832726
1.537273 9.641829 18.835360
1.567902 9.641452 18.839432
1.598790 9.641220 18.844919
1.629892 9.641180 18.851814
1.661163 9.641376 18.859964
1.692541 9.641842 18.869005
1.724034 9.642609 18.878937
1.755621 9.643706 18.889769
1.787277 9.645164 18.901512
1.818981 9.647012 18.914183
1.850710 9.649280 18.927795
1.882440 9.651997 18.942368
1.914149 9.655194 18.957916
1.945814 9.658902 18.974464
1.977413 9.663149 18.992031
2.008922 9.667966 19.010635
2.040318 9.673382 19.030296
2.071025 9.679313 19.050404
2.101594 9.685838 19.068924
2.132041 9.692893 19.085270
2.162380 9.700414 19.099428
2.192624 9.708331 19.111401
2.222789 9.716579 19.121185
2.252889 9.725092 19.128786
2.282939 9.733802 19.134209
2.312953 9.742643 19.137455
2.342946 9.751548 19.138525
2.372933 9.760450 19.137421
2.402927 9.769284 19.134138
2.433542 9.778152 19.128540
2.464195 9.786810 19.120668
2.494902 9.795188 19.110981
2.525665 9.803246 19.100328
2.556483 9.810952 19.088717
2.587355 9.818277 19.076136
2.618282 9.825189 19.062578
2.649261 9.831657 19.048035
2.680292 9.837650 19.032499
2.711374 9.843139 19.015965
2.742507 9.848090 18.998425
2.773689 9.852474 18.979879
2.804866 9.856255 18.960361
2.836091 9.859407 18.939848
2.867362 9.861902 18.918343
2.898679 9.863709 18.896030
2.930037 9.864820 18.873980
2.961425 9.865247 18.852369
2.992833 9.865002 18.831202
3.024251 9.864098 18.810472
3.055669 9.862549 18.790178
3.087078 9.860367 18.770313
3.118466 9.857566 18.750872
3.149823 9.854159 18.731846
3.181195 9.850151 18.713198
3.212516 9.845561 18.694950
3.243775 9.840402 18.677094
3.274964 9.834686 18.659616
3.306071 9.828428 18.642508
3.337087 9.821639 18.625584
3.368001 9.814322 18.608732
3.398804 9.806482 18.591946
3.429484 9.798123 18.575218
3.460032 9.789250 18.558538
3.490438 9.779867 18.541901
3.520691 9.769978 18.525297
3.550781 9.759584 18.508720
3.580698 9.748694 18.492159
3.610432 9.737309 18.475607
3.639973 9.725434 18.459059
3.669310 9.713073 18.442501
3.698433 9.700230 18.425930
3.727333 9.686909 18.409307
3.755998 9.673110 18.392563
3.784420 9.658836 18.375690
3.812590 9.644087 18.358686
3.840496 9.628861 18.341545
3.868130 9.613163 18.324265
3.894856 9.597367 18.307241
3.921304 9.581120 18.290077
3.947464 9.564422 18.272770
3.973328 9.547272 18.255314
3.998888 9.529672 18.237709
4.024133 9.511621 18.219952
4.049055 9.493122 18.202040
4.073644 9.474174 18.184000
4.097897 9.454783 18.166262
4.121816 9.434963 18.148985
4.145403 9.414729 18.132164
4.168663 9.394096 18.115801
4.192262 9.372462 18.099428
4.215521 9.350439 18.083529
4.238443 9.328043 18.068094
4.261033 9.305291 18.053122
4.283292 9.282201 18.038601
4.305224 9.258787 18.024525
4.326835 9.235068 18.010887
4.348125 9.211061 17.997681
4.369101 9.186780 17.984898
4.389760 9.162241 17.971996
4.410077 9.137444 17.958178
4.430020 9.112380 17.943420
4.449007 9.087770 17.928162
4.467578 9.062898 17.911980
4.485705 9.037761 17.894857
4.503356 9.012352 17.876776
4.520500 8.986668 17.857721
4.537108 8.960701 17.837677
4.553149 8.934447 17.816631
4.568593 8.907902 17.794573
4.583409 8.881060 17.771496
4.597569 8.853914 17.747398
4.611039 8.826462 17.722368
4.623809 8.798704 17.697582
4.636167 8.769988 17.672865
4.647821 8.740982 17.648817
4.658787 8.711699 17.625450
4.669082 8.682154 17.602770
4.678722 8.652363 17.580780
4.687724 8.622340 17.559479
4.696104 8.592102 17.538866
4.703879 8.561662 17.518934
4.711066 8.531036 17.499678
4.717680 8.500239 17.481089
4.723740 8.469286 17.463158
4.729259 8.438192 17.445875
4.734139 8.407759 17.429760
4.738547 8.377214 17.414513
4.742506 8.346569 17.400129
4.746042 8.315832 17.386602
4.749179 8.285013 17.373926
4.751941 8.254121 17.362093
4.754353 8.223166 17.351095
4.756440 8.192156 17.340925
4.758225 8.161101 17.331573
4.759733 8.130011 17.323036
4.760989 8.098893 17.315304
4.762017 8.067760 17.308372
4.762859 8.035880 17.302099
4.763515 8.004003 17.296635
4.764005 7.972135 17.291719
4.764345 7.940280 17.287270
4.764552 7.908441 17.283283
4.764638 7.876621 17.279760
4.764620 7.844822 17.276701
4.764512 7.813050 17.274105
4.764329 7.781306 17.271975
4.764087 7.749593 17.270309
4.763799 7.717916 17.269110
4.763481 7.686276 17.268377
4.763165 7.656339 17.268116
4.762848 7.626442 17.268276
4.762543 7.596587 17.268860
4.762260 7.566777 17.269732
4.762004 7.537011 17.270582
4.761774 7.507288 17.271404
4.761557 7.475997 17.272234
4.761365 7.444751 17.273029
4.761199 7.413550 17.273790
4.761055 7.382393 17.274515
4.760933 7.351277 17.275204
4.760833 7.320203 17.275856
4.760753 7.289167 17.276470
4.760691 7.258171 17.277050
4.760646 7.227211 17.277592
4.760618 7.196287 17.278097
4.760605 7.165398 17.278564
4.760606 7.134541 17.278996
4.760619 7.103715 17.279387
4.760644 7.072918 17.279739
4.760679 7.042147 17.280054
4.760724 7.011399 17.280331
4.760776 6.980674 17.280567
4.760834 6.949967 17.280766
4.760898 6.919278 17.280924
4.760966 6.888604 17.281042
4.761038 6.857942 17.281122
4.761111 6.827290 17.281164
4.761185 6.796646 17.281164
4.761258 6.766008 17.281126
4.761329 6.735374 17.281044
4.761397 6.704741 17.280910
4.761461 6.674107 17.280727
4.761518 6.643470 17.280493
4.761566 6.612828 17.280207
4.761606 6.582180 17.279869
4.761634 6.551522 17.279484
4.761650 6.520852 17.279045
4.761651 6.490170 17.278557
4.761636 6.459471 17.278019
4.761605 6.428756 17.277431
4.761554 6.398020 17.276794
4.761484 6.367263 17.276108
4.761391 6.336482 17.275375
4.761275 6.305675 17.274635
4.761137 6.274840 17.273890
4.760974 6.243976 17.273140
4.760789 6.213081 17.272387
4.760580 6.182152 17.271627
4.760348 6.151189 17.270866
4.760091 6.120189 17.270103
4.759810 6.089150 17.269335
4.759506 6.058071 17.268564
4.759176 6.026950 17.267790
4.758822 5.995785 17.267012
4.758443 5.964574 17.266232
4.758039 5.933270 17.265448
4.757609 5.901916 17.264690
4.757156 5.870517 17.263981
4.756681 5.839074 17.263313
4.756185 5.807592 17.262693
4.755669 5.776073 17.262115
4.755136 5.744521 17.261583
4.754585 5.712938 17.261095
4.754020 5.681327 17.260649
4.753440 5.649692 17.260248
4.752848 5.618035 17.259890
4.752245 5.586360 17.259573
4.751633 5.554679 17.259300
4.751012 5.522987 17.259071
4.750385 5.491286 17.258902
4.749754 5.459577 17.258842
4.749123 5.427863 17.258896
4.748495 5.396144 17.259060
4.747874 5.364424 17.259335
4.747264 5.332702 17.259720
4.746667 5.300982 17.260218
4.746089 5.269265 17.260828
4.745531 5.237552 17.261549
4.744998 5.205844 17.262383
4.744493 5.174101 17.263329
4.744020 5.142368 17.264387
4.743582 5.110645 17.265558
4.743184 5.078936 17.266836
4.742826 5.047241 17.268141
4.742511 5.015563 17.269453
4.742237 4.983906 17.270771
4.742005 4.952272 17.272099
4.741816 4.920663 17.273436
4.741669 4.889081 17.274780
4.741565 4.857531 17.276133
4.741503 4.826014 17.277496
4.741485 4.797506 17.278738
4.741502 4.769030 17.279989
4.741555 4.740586 17.281250
4.741644 4.712178 17.282518
4.741768 4.683808 17.283794
4.741929 4.655477 17.285061
4.742124 4.627184 17.286192
4.742373 4.595971 17.287262
4.742652 4.564803 17.288141
4.742956 4.533678 17.288834
4.743277 4.502594 17.289333
4.743610 4.471550 17.289642
4.743950 4.440544 17.289759
4.744290 4.409574 17.289680
4.744624 4.378638 17.289412
4.744947 4.347736 17.288946
4.745252 4.316864 17.288286
4.745533 4.286022 17.287430
4.745784 4.255207 17.286379
4.746002 4.224418 17.285288
4.746187 4.193653 17.284292
4.746343 4.162910 17.283394
4.746473 4.132186 17.282593
4.746580 4.101480 17.281889
4.746666 4.070789 17.281282
4.746736 4.040112 17.280775
4.746790 4.009447 17.280365
4.746835 3.978791 17.280054
4.746871 3.948142 17.279842
4.746902 3.917499 17.279730
4.746932 3.886859 17.279715
4.746962 3.856221 17.279799
4.746996 3.825582 17.279966
4.747036 3.794940 17.280170
4.747083 3.764293 17.280407
4.747138 3.733638 17.280678
4.747201 3.702974 17.280983
4.747274 3.672299 17.281321
4.747358 3.641610 17.281691
4.747454 3.610904 17.282095
4.747563 3.580181 17.282530
4.747686 3.549437 17.282999
4.747825 3.518671 17.283501
4.747979 3.487880 17.284035
4.748150 3.457062 17.284601
4.748339 3.426214 17.285196
4.748548 3.395336 17.285799
4.748774 3.364426 17.286402
4.749020 3.333482 17.287004
4.749285 3.302503 17.287605
4.749568 3.271488 17.288206
4.749871 3.240436 17.288807
4.750193 3.209345 17.289408
4.750534 3.178214 17.290007
4.750894 3.147041 17.290606
4.751273 3.115826 17.291203
4.751671 3.084567 17.291800
4.752088 3.053308 17.292395
4.752524 3.022004 17.292988
4.752979 2.990652 17.293533
4.753450 2.959255 17.293985
4.753935 2.927818 17.294346
4.754430 2.896341 17.294611
4.754933 2.864829 17.294785
4.755440 2.833284 17.294867
4.755949 2.801710 17.294857
4.756456 2.770110 17.294756
4.756959 2.738486 17.294561
4.757455 2.706841 17.294277
4.757927 2.676023 17.293915
4.758388 2.645191 17.293465
4.758833 2.614349 17.292927
4.759262 2.583498 17.292334
4.759672 2.552639 17.291826
4.760069 2.521773 17.291426
4.760456 2.490897 17.291132
4.760835 2.460012 17.290945
4.761209 2.429116 17.290863
4.761584 2.398208 17.290890
4.761961 2.367288 17.291021
4.762343 2.336355 17.291258
4.762746 2.304572 17.291613
4.763162 2.272773 17.292078
4.763594 2.240958 17.292654
4.764047 2.209126 17.293341
4.764524 2.177275 17.294140
4.765026 2.145406 17.294811
4.765543 2.113517 17.295078
4.766063 2.081610 17.294939
4.766572 2.049685 17.294395
4.767057 2.017742 17.293449
4.767506 1.985781 17.292099
4.767906 1.953802 17.290344
4.768228 1.923479 17.288313
4.768482 1.893141 17.285919
4.768658 1.862788 17.283165
4.768745 1.832419 17.280052
4.768733 1.802037 17.276579
4.768610 1.771639 17.272747
4.768363 1.741228 17.268513
4.767970 1.710808 17.262794
4.767373 1.680398 17.255119
4.766512 1.650016 17.245474
4.765331 1.619681 17.233839
4.763768 1.589411 17.220190
4.761683 1.558122 17.203884
4.759060 1.526945 17.185354
4.755832 1.495901 17.164570
4.751934 1.465011 17.141502
4.747300 1.434296 17.116135
4.741864 1.403776 17.088457
4.735560 1.373473 17.058475
4.728323 1.343408 17.026217
4.720088 1.313602 16.991968
4.710635 1.283507 16.956896
4.700133 1.253755 16.921991
4.688602 1.224391 16.887182
4.676063 1.195458 16.852392
4.662533 1.166998 16.817551
4.648033 1.139057 16.782581
4.632583 1.111676 16.747412
4.616202 1.084901 16.711969
4.598910 1.058773 16.676178
4.580727 1.033337 16.639969
4.561671 1.008637 16.603270
4.541764 0.984715 16.566011
4.521024 0.961616 16.528131
4.499473 0.939379 16.489887
4.477139 0.918035 16.451454
4.454050 0.897613 16.412792
4.430236 0.878141 16.373865
4.405724 0.859649 16.334635
4.380543 0.842165 16.295067
4.354722 0.825718 16.255129
4.328291 0.810336 16.214790
4.301277 0.796049 16.174028
4.273708 0.782884 16.132820
4.245615 0.770872 16.091154
4.217024 0.760040 16.049019
4.189557 0.750909 16.008741
4.161695 0.742878 15.968787
4.133467 0.735913 15.931473
4.104900 0.729943 15.896994
4.076024 0.724898 15.865349
4.046865 0.720708 15.836510
4.017455 0.717302 15.810431
3.987819 0.714612 15.787052
3.957989 0.712565 15.766308
3.927991 0.711093 15.748131
3.897855 0.710125 15.732457
3.867609 0.709590 15.719225
3.837281 0.709419 15.708384
3.805212 0.709555 15.699485
3.773118 0.709936 15.693166
3.741030 0.710482 15.688866
3.708964 0.711157 15.685027
3.676924 0.711948 15.681552
3.644915 0.712845 15.678438
3.612942 0.713834 15.675687
3.581009 0.714904 15.673297
3.549122 0.716044 15.671269
3.517284 0.717240 15.669604
3.485502 0.718481 15.668303
3.453778 0.719756 15.667365
3.422717 0.721027 15.666802
3.391723 0.722308 15.666595
3.360799 0.723587 15.666742
3.329950 0.724852 15.667239
3.299177 0.726096 15.667862
3.268477 0.727318 15.668523
3.237846 0.728516 15.669221
3.207279 0.729690 15.669958
3.176773 0.730838 15.670734
3.146322 0.731960 15.671548
3.115924 0.733055 15.672400
3.085574 0.734121 15.673288
3.055267 0.735158 15.674215
3.025000 0.736166 15.675180
2.994769 0.737142 15.676182
2.964568 0.738087 15.677220
2.934395 0.738998 15.678295
2.904244 0.739876 15.679402
2.874113 0.740720 15.680528
2.843999 0.741530 15.681667
2.813898 0.742304 15.682823
2.783808 0.743043 15.683994
2.753726 0.743746 15.685180
2.723650 0.744414 15.686379
2.693575 0.745045 15.687593
2.663614 0.745637 15.688816
2.633650 0.746192 15.690053
2.603679 0.746710 15.691302
2.573699 0.747191 15.692564
2.543706 0.747634 15.693838
2.513698 0.748038 15.695124
2.483672 0.748404 15.696493
2.453624 0.748726 15.698021
2.423549 0.749000 15.699707
2.393444 0.749221 15.701549
2.363304 0.749385 15.703546
2.333125 0.749486 15.705696
2.302903 0.749520 15.707998
2.272634 0.749482 15.710452
2.242312 0.749368 15.713054
2.211935 0.749172 15.715801
2.181498 0.748889 15.718695
2.150997 0.748516 15.721730
2.120427 0.748047 15.724906
2.089785 0.747478 15.728177
2.059069 0.746812 15.730927
2.028281 0.746072 15.732955
1.997426 0.745279 15.734270
1.966506 0.744454 15.734875
1.935525 0.743620 15.734776
1.903754 0.742779 15.733950
1.871925 0.741975 15.732392
1.840042 0.741230 15.730108
1.808110 0.740569 15.727098
1.776131 0.740015 15.723368
1.744110 0.739591 15.718915
1.712049 0.739321 15.713743
1.679952 0.739228 15.707852
1.647826 0.739340 15.700789
1.615699 0.739711 15.691694
1.583607 0.740407 15.680518
1.551586 0.741493 15.667216
1.519509 0.743045 15.651652
1.487578 0.745124 15.633824
1.455830 0.747798 15.613664
1.424303 0.751132 15.591092
1.393033 0.755194 15.566033
1.362058 0.760050 15.538409
1.331414 0.765767 15.508148
1.301139 0.772412 15.475189
1.271270 0.780051 15.439489
1.241843 0.788749 15.401351
1.212896 0.798534 15.362549
1.184465 0.809397 15.323332
1.156728 0.821265 15.283875
1.129575 0.834182 15.243954
1.103040 0.848137 15.203543
1.077160 0.863121 15.162623
1.051971 0.879125 15.121182
1.027509 0.896139 15.079212
1.003810 0.914154 15.036710
0.980909 0.933159 14.993682
0.958843 0.953147 14.950140
0.937648 0.974107 14.906106
0.917359 0.996029 14.861668
0.897985 1.018887 14.819451
0.880591 1.041121 14.783195
0.863890 1.064063 14.750180
0.847827 1.087653 14.720382
0.832341 1.111832 14.693744
0.817376 1.136543 14.670198
0.802874 1.161724 14.649666
0.788777 1.187319 14.632066
0.775027 1.213267 14.617321
0.761566 1.239510 14.605362
0.748336 1.265989 14.596127
0.735280 1.292645 14.589565
0.722340 1.319418 14.585644
