# Blender 4.3.2
# www.blender.org
mtllib model.mtl
o car1
v -9.098002 -1.992733 1.080467
v -9.098002 -2.081784 1.117355
v -8.006903 -2.081785 1.117355
v -8.006903 -1.992733 1.080467
v -9.098002 -2.170841 1.080467
v -8.006903 -2.170841 1.080467
v -9.098002 -2.207729 0.991411
v -8.006903 -2.207729 0.991411
v -9.098002 -2.170841 0.902359
v -8.006903 -2.170841 0.902359
v -9.098002 -2.081784 0.865471
v -8.006903 -2.081785 0.865471
v -9.098002 -1.992733 0.902359
v -8.006903 -1.992733 0.902359
v -9.098002 -1.955845 0.991411
v -8.006903 -1.955845 0.991411
vn -0.0000 0.7071 0.7071
vn -0.0000 -0.0000 1.0000
vn -0.0000 -0.7071 0.7071
vn -0.0000 -1.0000 -0.0000
vn -0.0000 -0.7071 -0.7071
vn -0.0000 -0.0000 -1.0000
vn -0.0000 0.7071 -0.7071
vn -0.0000 1.0000 -0.0000
vt 0.769672 0.578372
vt 0.769672 0.487946
vt 0.777189 0.487946
vt 0.777189 0.578372
vt 0.784706 0.487946
vt 0.784706 0.578372
vt 0.792222 0.487946
vt 0.792222 0.578372
vt 0.799739 0.487946
vt 0.799739 0.578372
vt 0.807256 0.487946
vt 0.807256 0.578372
vt 0.814772 0.487946
vt 0.814772 0.578372
vt 0.822289 0.487946
vt 0.822289 0.578372
vt 0.829805 0.487946
vt 0.829805 0.578372
s 1
usemtl metalMat1
f 4/1/1 1/2/1 2/3/2
f 3/4/2 2/3/2 5/5/3
f 6/6/3 5/5/3 7/7/4
f 8/8/4 7/7/4 9/9/5
f 10/10/5 9/9/5 11/11/6
f 12/12/6 11/11/6 13/13/7
f 14/14/7 13/13/7 15/15/8
f 16/16/8 15/15/8 1/17/1
f 4/1/1 2/3/2 3/4/2
f 3/4/2 5/5/3 6/6/3
f 6/6/3 7/7/4 8/8/4
f 8/8/4 9/9/5 10/10/5
f 10/10/5 11/11/6 12/12/6
f 12/12/6 13/13/7 14/14/7
f 14/14/7 15/15/8 16/16/8
f 16/16/8 1/17/1 4/18/1
o car10
v -5.878535 -3.613141 1.911615
v -5.739603 -3.613141 1.911615
v -5.739603 -3.270005 1.911615
v -5.878535 -3.270005 1.911615
v -5.878535 -3.270005 1.155403
v -5.739603 -3.270005 1.155403
v -5.739603 -3.613141 1.155403
v -5.878535 -3.613141 1.155403
v -5.739603 -3.613141 1.407475
v -5.967295 -3.613141 1.407475
v -5.739603 -3.613141 1.659548
v -5.967295 -3.613141 1.659548
v -5.739603 -3.270005 1.407475
v -5.739603 -3.270005 1.659548
v -5.967295 -3.270005 1.407475
v -5.967295 -3.270005 1.659548
vn -0.5779 -0.0000 0.8161
vn -0.4635 -0.5973 0.6546
vn 0.5774 -0.5774 0.5773
vn -0.4635 -0.5973 -0.6545
vn -0.5779 -0.0000 -0.8161
vn 0.7071 -0.0000 -0.7071
vn 0.5774 -0.5773 -0.5773
vn 0.7071 -0.7071 -0.0000
vn -0.7308 -0.6711 0.1249
vn -0.7308 -0.6711 -0.1249
vn 1.0000 -0.0000 -0.0000
vn 0.7071 -0.0000 0.7071
vn -0.9857 -0.0000 -0.1685
vn -0.9857 -0.0000 0.1685
vt 0.198535 0.315459
vt 0.216966 0.315459
vt 0.198535 0.151725
vt 0.216966 0.151725
vt 0.216966 0.206303
vt 0.186759 0.260881
vt 0.186759 0.206303
vt 0.216966 0.260881
s 1
usemtl metalMat1
f 20/19/9 17/19/10 18/20/11
f 24/21/12 21/21/13 22/22/14
f 24/21/12 23/22/15 25/23/16
f 28/24/17 26/25/18 25/23/16
f 17/19/10 28/24/17 27/26/16
f 29/23/19 25/23/16 23/22/15
f 30/26/19 27/26/16 25/23/16
f 19/20/20 18/20/11 27/26/16
f 21/21/13 24/21/12 26/25/18
f 31/25/21 26/25/18 28/24/17
f 32/24/22 28/24/17 17/19/10
f 20/19/9 18/20/11 19/20/20
f 24/21/12 22/22/14 23/22/15
f 24/21/12 25/23/16 26/25/18
f 28/24/17 25/23/16 27/26/16
f 17/19/10 27/26/16 18/20/11
f 29/23/19 23/22/15 22/22/14
f 30/26/19 25/23/16 29/23/19
f 19/20/20 27/26/16 30/26/19
f 21/21/13 26/25/18 31/25/21
f 31/25/21 28/24/17 32/24/22
f 32/24/22 17/19/10 20/19/9
o car11
v 3.662970 3.242558 1.711028
v 3.870082 3.364069 1.686416
v 3.822754 3.373133 1.485100
v 3.612186 3.237554 1.499140
v 3.685738 3.387754 0.772780
v 3.805578 3.415701 0.790332
v 3.809682 3.413261 0.494032
v 3.628722 3.374198 0.498568
v 3.250206 3.123478 1.524140
v 3.258698 3.119006 1.733676
v 3.023850 3.026454 1.525136
v 3.019818 3.023094 1.731276
v -2.578486 3.076431 0.870420
v -2.572694 3.076431 0.826780
v -3.650654 3.463075 0.646824
v -3.624694 3.463075 0.891592
v 3.817018 3.406054 1.300540
v 3.718250 3.324198 1.313100
v 3.250206 2.957166 1.524140
v 3.612186 2.867746 1.499140
v 3.718250 2.847358 1.313100
v 3.242222 2.957166 1.321292
v 4.036858 3.429893 1.634484
v 3.988590 3.429893 1.434464
v 3.986490 3.429893 1.264712
v 3.982310 3.429893 0.784024
v 3.986418 3.429893 0.491052
v -3.157646 3.057219 1.340316
v -1.664330 2.956414 1.228408
v -1.465262 2.899690 0.835612
v -3.637562 3.454431 1.365308
v 3.813538 3.410969 0.360796
v 3.990270 3.429893 0.360944
v 3.612202 3.356750 0.360572
v -1.470054 3.116951 0.516140
v -1.474550 3.116951 0.361168
v -2.587774 3.076431 0.395976
v -3.697494 3.463075 0.406560
v 3.685738 2.910910 0.772780
v 3.226302 2.957166 0.774632
v 3.628722 2.897358 0.498568
v 3.069578 3.018010 1.518352
v 3.230406 2.957166 0.486620
v 3.031954 3.037590 0.740936
v 3.033094 3.046146 0.506324
v 3.057006 3.021170 1.315172
v 3.230406 3.123478 0.486620
v 3.234262 3.123478 0.361164
v 2.989134 3.035910 0.361164
v 2.987726 3.035910 0.486620
v 0.549962 3.116950 0.361164
v 0.548554 3.116950 0.486620
v 2.986226 3.035910 0.774632
v 0.547054 2.954822 0.774632
v 3.011282 3.029614 1.321956
vn -0.4156 0.9047 0.0939
vn -0.4056 0.8995 0.1623
vn -0.4264 0.8917 0.1516
vn -0.7376 0.6744 0.0356
vn -0.1792 0.9806 0.0793
vn -0.1642 0.9864 -0.0095
vn -0.3383 0.9401 0.0417
vn -0.6476 0.6685 -0.3655
vn -0.3828 0.9236 0.0213
vn -0.2646 0.6905 -0.6732
vn 0.4700 0.8720 0.1368
vn 0.1506 0.9852 0.0814
vn 0.3031 0.9516 0.0498
vn -0.8213 0.5699 -0.0266
vn 0.2635 0.9647 0.0033
vn 0.1818 0.6700 -0.7197
vn -0.3314 0.6638 -0.6705
vn -0.3179 0.9432 0.0968
vn -0.3513 0.9363 0.0007
vn -0.2398 0.9663 0.0939
vn -0.0679 0.9977 0.0029
vn 0.3689 0.8750 0.3134
vn 0.0522 0.9983 -0.0253
vn 0.8104 0.5585 -0.1770
vn -0.1684 0.9853 -0.0279
vn -0.1014 0.9948 -0.0087
vn -0.5744 0.7866 0.2265
vn 0.1543 0.9880 -0.0038
vn 0.0097 0.9686 0.2483
vn 0.3373 0.9410 -0.0277
vn -0.1071 0.9931 0.0476
vn -0.6461 0.7507 -0.1382
vn -0.6857 0.7218 0.0937
vn 0.0858 0.9040 0.4189
vn 0.1656 0.7615 -0.6267
vn -0.1557 0.9705 -0.1839
vn 0.2453 0.9694 0.0122
vn -0.4763 0.6457 0.5968
vn 0.1890 0.9820 0.0018
vn 0.1871 0.6997 0.6895
vn -0.3045 0.6455 0.7005
vn -0.3998 0.9127 -0.0844
vn -0.1565 0.9877 -0.0021
vn -0.0224 0.9987 0.0467
vn 0.0167 0.9999 0.0002
vn -0.0418 0.9681 0.2469
vn 0.2664 0.9637 -0.0191
vn -0.2484 0.7834 0.5697
vn 0.0755 0.9965 0.0370
vn 0.0055 0.8171 0.5765
vn 0.2295 0.9733 0.0046
vn -0.1150 0.9934 0.0029
vn -0.0183 0.9998 0.0005
vn 0.2957 0.9531 -0.0648
vn -0.4373 0.8993 -0.0080
vt 0.740528 0.830141
vt 0.733656 0.829397
vt 0.735226 0.823311
vt 0.739772 0.801778
vt 0.735796 0.802309
vt 0.735660 0.793352
vt 0.753941 0.830825
vt 0.742213 0.823735
vt 0.761867 0.830753
vt 0.754223 0.824491
vt 0.982325 0.805370
vt 0.947613 0.804730
vt 0.947421 0.803411
vt 0.738694 0.818112
vt 0.754488 0.818359
vt 0.728122 0.827827
vt 0.735417 0.817732
vt 0.729724 0.821780
vt 0.729932 0.802118
vt 0.966829 0.818934
vt 0.917282 0.815551
vt 0.982752 0.819690
vt 0.735532 0.789324
vt 0.729796 0.793262
vt 0.741664 0.793489
vt 0.947921 0.790388
vt 0.910836 0.794020
vt 0.983186 0.797971
vt 0.729794 0.816649
vt 0.910677 0.803677
vt 0.760216 0.824316
vt 0.761733 0.824521
vt 0.755016 0.801834
vt 0.761464 0.800816
vt 0.754880 0.793128
vt 0.742212 0.789317
vt 0.762885 0.789335
vt 0.762932 0.793128
vt 0.843814 0.789335
vt 0.843861 0.793128
vt 0.760633 0.818174
vt 0.761426 0.793723
vt 0.762981 0.801834
vt 0.843911 0.801834
vt 0.762150 0.818379
vt 0.729668 0.789329
vt 0.910985 0.789335
vt 0.984740 0.790708
vt 0.754752 0.789335
s 1
usemtl bodyMat
f 33/27/23 34/28/24 35/29/25
f 37/30/26 38/31/27 39/32/28
f 42/33/29 33/27/23 36/34/30
f 44/35/31 42/33/29 41/36/32
f 48/37/33 45/38/34 46/39/35
f 50/40/36 36/34/30 35/29/25
f 54/41/37 51/36/38 52/34/39
f 35/29/25 34/28/24 55/42/40
f 49/43/41 35/29/25 56/44/42
f 39/32/28 38/31/27 58/45/43
f 45/38/34 60/46/44 61/47/45
f 48/37/33 63/48/46 60/46/44
f 64/49/47 39/32/28 59/50/48
f 40/51/49 39/32/28 64/49/47
f 69/52/50 46/39/35 67/53/51
f 47/54/52 46/39/35 69/52/50
f 38/31/27 49/43/41 57/55/53
f 50/40/36 49/43/41 38/31/27
f 54/41/37 53/40/54 71/30/55
f 71/30/55 37/30/26 40/51/49
f 46/39/35 45/38/34 62/56/56
f 41/36/32 36/34/30 52/34/39
f 36/34/30 50/40/36 53/40/54
f 74/57/57 43/58/58 41/36/32
f 50/40/36 37/30/26 71/30/55
f 72/59/59 71/30/55 73/51/60
f 76/60/61 72/59/59 75/61/62
f 74/57/57 51/36/38 54/41/37
f 79/61/63 40/51/49 66/62/64
f 81/63/65 82/64/66 79/61/63
f 83/65/67 84/66/68 82/64/66
f 67/53/51 84/66/68 83/65/67
f 78/67/69 54/41/37 72/59/59
f 73/51/60 40/51/49 79/61/63
f 77/68/70 75/61/62 79/61/63
f 85/69/71 82/64/66 84/66/68
f 67/53/51 62/56/56 86/70/72
f 87/71/73 43/58/58 74/57/57
f 85/69/71 87/71/73 78/67/69
f 82/64/66 85/69/71 76/60/61
f 33/27/23 35/29/25 36/34/30
f 37/30/26 39/32/28 40/51/49
f 42/33/29 36/34/30 41/36/32
f 44/35/31 41/36/32 43/58/58
f 48/37/33 46/39/35 47/54/52
f 50/40/36 35/29/25 49/43/41
f 54/41/37 52/34/39 53/40/54
f 35/29/25 55/42/40 56/44/42
f 49/43/41 56/44/42 57/55/53
f 39/32/28 58/45/43 59/50/48
f 45/38/34 61/47/45 62/56/56
f 48/37/33 60/46/44 45/38/34
f 64/49/47 59/50/48 65/72/74
f 40/51/49 64/49/47 66/62/64
f 69/52/50 67/53/51 68/73/75
f 47/54/52 69/52/50 70/74/76
f 38/31/27 57/55/53 58/45/43
f 50/40/36 38/31/27 37/30/26
f 54/41/37 71/30/55 72/59/59
f 71/30/55 40/51/49 73/51/60
f 46/39/35 62/56/56 67/53/51
f 41/36/32 52/34/39 51/36/38
f 36/34/30 53/40/54 52/34/39
f 74/57/57 41/36/32 51/36/38
f 50/40/36 71/30/55 53/40/54
f 72/59/59 73/51/60 75/61/62
f 76/60/61 75/61/62 77/68/70
f 74/57/57 54/41/37 78/67/69
f 79/61/63 66/62/64 80/75/77
f 81/63/65 79/61/63 80/75/77
f 83/65/67 82/64/66 81/63/65
f 67/53/51 83/65/67 68/73/75
f 78/67/69 72/59/59 76/60/61
f 73/51/60 79/61/63 75/61/62
f 77/68/70 79/61/63 82/64/66
f 85/69/71 84/66/68 86/70/72
f 67/53/51 86/70/72 84/66/68
f 87/71/73 74/57/57 78/67/69
f 85/69/71 78/67/69 76/60/61
f 82/64/66 76/60/61 77/68/70
o car12
v 3.662969 -3.793586 1.711028
v 3.612185 -3.788582 1.499140
v 3.822753 -3.924163 1.485100
v 3.870081 -3.915099 1.686416
v 3.685737 -3.938778 0.772780
v 3.628721 -3.925226 0.498568
v 3.809681 -3.964287 0.494032
v 3.805577 -3.966731 0.790332
v 3.258697 -3.670030 1.733676
v 3.250205 -3.674502 1.524140
v 3.019817 -3.574122 1.731276
v 3.023849 -3.577482 1.525136
v -2.578487 -3.627453 0.870420
v -3.624695 -4.014098 0.891592
v -3.650655 -4.014098 0.646824
v -2.572695 -3.627453 0.826780
v 3.718249 -3.875226 1.313100
v 3.817017 -3.957083 1.300540
v 3.250205 -3.508194 1.524140
v 3.242221 -3.508194 1.321292
v 3.718249 -3.398382 1.313100
v 3.612185 -3.418774 1.499140
v 3.988589 -3.980922 1.434464
v 4.036857 -3.980922 1.634484
v 3.986489 -3.980922 1.264712
v 3.986417 -3.980922 0.491052
v 3.982309 -3.980922 0.784024
v -1.465263 -3.450714 0.835612
v -1.664331 -3.507438 1.228408
v -3.157647 -3.608245 1.340316
v -3.637563 -4.005457 1.365308
v 3.813537 -3.961998 0.360796
v 3.990269 -3.980922 0.360944
v 3.612201 -3.907778 0.360572
v -2.587775 -3.627453 0.395976
v -1.474551 -3.667974 0.361168
v -1.470055 -3.667974 0.516140
v -3.697495 -4.014098 0.406560
v 3.226301 -3.508194 0.774632
v 3.685737 -3.461938 0.772780
v 3.628721 -3.448386 0.498568
v 3.069577 -3.569034 1.518352
v 3.230405 -3.508194 0.486620
v 3.031953 -3.588618 0.740936
v 3.033093 -3.597170 0.506324
v 3.057005 -3.572194 1.315172
v 3.230405 -3.674502 0.486620
v 3.234261 -3.674502 0.361164
v 2.989133 -3.586938 0.361164
v 2.987725 -3.586938 0.486620
v 0.549961 -3.667974 0.361164
v 0.548553 -3.667974 0.486620
v 2.986225 -3.586938 0.774632
v 0.547053 -3.505846 0.774632
v 3.011281 -3.580642 1.321956
vn -0.4156 -0.9047 0.0939
vn -0.6613 -0.6611 -0.3543
vn -0.4523 -0.8826 0.1281
vn -0.8000 -0.5876 0.1214
vn -0.5833 -0.7822 0.2191
vn -0.1571 -0.9873 -0.0246
vn -0.3383 -0.9401 0.0416
vn -0.2647 -0.6905 -0.6732
vn -0.3828 -0.9236 0.0213
vn 0.3031 -0.9516 0.0498
vn 0.1506 -0.9852 0.0814
vn 0.4700 -0.8720 0.1368
vn -0.8213 -0.5699 -0.0266
vn -0.3314 -0.6637 -0.6706
vn 0.1818 -0.6700 -0.7197
vn 0.2635 -0.9647 0.0033
vn -0.2398 -0.9663 0.0939
vn -0.3179 -0.9432 0.0968
vn -0.4922 -0.8700 0.0295
vn -0.1071 -0.9931 0.0476
vn -0.1014 -0.9948 -0.0087
vn -0.0679 -0.9977 0.0029
vn 0.0858 -0.9040 0.4189
vn 0.0522 -0.9983 -0.0253
vn 0.3689 -0.8750 0.3134
vn -0.1684 -0.9853 -0.0279
vn -0.1150 -0.9934 0.0029
vn -0.3998 -0.9127 -0.0844
vn 0.0097 -0.9686 0.2483
vn 0.1543 -0.9880 -0.0038
vn 0.3374 -0.9409 -0.0277
vn 0.2957 -0.9531 -0.0648
vn -0.1530 -0.9856 0.0725
vn 0.2379 -0.9712 -0.0163
vn -0.6869 -0.7191 0.1053
vn -0.6569 -0.7425 -0.1310
vn -0.1557 -0.9705 -0.1839
vn 0.1655 -0.7616 -0.6266
vn 0.2240 -0.6725 0.7054
vn -0.4794 -0.6421 0.5982
vn 0.1617 -0.9868 0.0003
vn -0.3815 -0.9237 0.0353
vn 0.2522 -0.9674 0.0209
vn -0.3101 -0.6214 0.7196
vn -0.4372 -0.8993 -0.0080
vn -0.1565 -0.9877 -0.0023
vn 0.0167 -0.9999 0.0002
vn -0.2335 -0.9723 -0.0060
vn -0.0183 -0.9998 0.0005
vn 0.0756 -0.9965 0.0371
vn 0.0055 -0.8171 0.5765
vn 0.0500 -0.9687 0.2433
vn 0.2296 -0.9733 0.0046
vn -0.4056 -0.8995 0.1623
vn 0.8104 -0.5585 -0.1770
vt 0.712344 0.830141
vt 0.710654 0.823735
vt 0.717663 0.823311
vt 0.713102 0.801778
vt 0.711204 0.793489
vt 0.717228 0.793352
vt 0.698887 0.830825
vt 0.698605 0.824491
vt 0.690936 0.830753
vt 0.504781 0.803411
vt 0.504588 0.804730
vt 0.469764 0.805370
vt 0.714184 0.818112
vt 0.698339 0.818359
vt 0.723183 0.821780
vt 0.724790 0.827827
vt 0.717472 0.817732
vt 0.723113 0.816649
vt 0.723110 0.793262
vt 0.722974 0.802118
vt 0.541643 0.803677
vt 0.535017 0.815551
vt 0.485310 0.818934
vt 0.717356 0.789324
vt 0.723239 0.789329
vt 0.710654 0.789317
vt 0.541484 0.794020
vt 0.504279 0.790388
vt 0.468899 0.797971
vt 0.467340 0.790708
vt 0.717091 0.802309
vt 0.697809 0.801834
vt 0.691070 0.824521
vt 0.692592 0.824316
vt 0.697946 0.793128
vt 0.691340 0.800816
vt 0.691378 0.793723
vt 0.692174 0.818174
vt 0.698074 0.789335
vt 0.689914 0.789335
vt 0.608723 0.789335
vt 0.689868 0.793128
vt 0.541334 0.789335
vt 0.689818 0.801834
vt 0.608626 0.801834
vt 0.608676 0.793128
vt 0.690652 0.818379
vt 0.719238 0.829397
vt 0.469335 0.819690
s 1
usemtl bodyMat
f 88/76/78 89/77/79 90/78/80
f 92/79/81 93/80/82 94/81/83
f 89/77/79 88/76/78 96/82/84
f 97/83/85 96/82/84 98/84/86
f 103/85/87 100/86/88 101/87/89
f 90/78/80 89/77/79 104/88/90
f 109/77/91 106/83/92 107/89/93
f 90/78/80 110/90/94 111/91/95
f 105/92/96 112/93/97 110/90/94
f 94/81/83 113/94/98 114/95/99
f 100/86/88 115/96/100 116/97/101
f 101/87/89 100/86/88 117/98/102
f 119/99/103 120/100/104 113/94/98
f 93/80/82 121/101/105 119/99/103
f 124/102/106 103/85/87 122/103/107
f 102/104/108 125/105/109 122/103/107
f 95/106/110 114/95/99 112/93/97
f 104/88/90 92/79/81 95/106/110
f 107/89/93 126/107/111 127/79/112
f 93/80/82 92/79/81 127/79/112
f 103/85/87 124/102/106 115/96/100
f 97/83/85 106/83/92 109/77/91
f 89/77/79 109/77/91 108/88/113
f 97/83/85 99/108/114 129/109/115
f 104/88/90 108/88/113 127/79/112
f 126/107/111 130/110/116 128/80/117
f 131/111/118 132/112/119 130/110/116
f 129/109/115 133/113/120 107/89/93
f 134/110/121 135/114/122 121/101/105
f 136/115/123 135/114/122 134/110/121
f 138/116/124 136/115/123 137/117/125
f 124/102/106 123/118/126 138/116/124
f 133/113/120 131/111/118 126/107/111
f 128/80/117 130/110/116 134/110/121
f 134/110/121 130/110/116 132/112/119
f 140/119/127 141/120/128 139/121/129
f 124/102/106 139/121/129 141/120/128
f 142/122/130 133/113/120 129/109/115
f 140/119/127 131/111/118 133/113/120
f 137/117/125 132/112/119 131/111/118
f 88/76/78 90/78/80 91/123/131
f 92/79/81 94/81/83 95/106/110
f 89/77/79 96/82/84 97/83/85
f 97/83/85 98/84/86 99/108/114
f 103/85/87 101/87/89 102/104/108
f 90/78/80 104/88/90 105/92/96
f 109/77/91 107/89/93 108/88/113
f 90/78/80 111/91/95 91/123/131
f 105/92/96 110/90/94 90/78/80
f 94/81/83 114/95/99 95/106/110
f 100/86/88 116/97/101 117/98/102
f 101/87/89 117/98/102 118/124/132
f 119/99/103 113/94/98 94/81/83
f 93/80/82 119/99/103 94/81/83
f 124/102/106 122/103/107 123/118/126
f 102/104/108 122/103/107 103/85/87
f 95/106/110 112/93/97 105/92/96
f 104/88/90 95/106/110 105/92/96
f 107/89/93 127/79/112 108/88/113
f 93/80/82 127/79/112 128/80/117
f 103/85/87 115/96/100 100/86/88
f 97/83/85 109/77/91 89/77/79
f 89/77/79 108/88/113 104/88/90
f 97/83/85 129/109/115 106/83/92
f 104/88/90 127/79/112 92/79/81
f 126/107/111 128/80/117 127/79/112
f 131/111/118 130/110/116 126/107/111
f 129/109/115 107/89/93 106/83/92
f 134/110/121 121/101/105 93/80/82
f 136/115/123 134/110/121 137/117/125
f 138/116/124 137/117/125 139/121/129
f 124/102/106 138/116/124 139/121/129
f 133/113/120 126/107/111 107/89/93
f 128/80/117 134/110/121 93/80/82
f 134/110/121 132/112/119 137/117/125
f 140/119/127 139/121/129 137/117/125
f 124/102/106 141/120/128 115/96/100
f 142/122/130 129/109/115 99/108/114
f 140/119/127 133/113/120 142/122/130
f 137/117/125 131/111/118 140/119/127
o car13
v 7.893417 2.930941 0.349189
v 8.289550 2.642481 0.349273
v 8.288110 2.642481 0.300121
v 7.891982 2.930941 0.300121
v 8.275082 0.121585 1.119281
v 8.433302 0.121585 1.308845
v 8.452318 -0.189871 1.308845
v 8.275886 -0.189871 1.119281
v 9.004109 0.121585 0.445953
v 9.004570 0.121585 0.531453
v 9.031910 -0.189871 0.531453
v 9.031454 -0.189871 0.451793
v 7.084002 3.053077 0.349181
v 7.410110 2.642481 0.349189
v 6.835390 3.322597 0.324657
v 7.633398 3.120285 0.349189
v 7.631962 3.120285 0.300121
v 8.275962 0.121585 0.531453
v 8.275962 -0.189871 0.531453
v 8.056306 1.346689 1.223737
v 8.056470 1.333993 1.320401
v 8.277506 1.081669 1.200925
v 8.176282 1.110549 1.134745
v 8.239121 0.752705 1.129229
v 8.330286 0.739273 1.196289
v 7.833886 2.166389 0.349189
v 8.538986 2.166389 0.349273
v 8.538526 2.166389 0.300121
v 8.816106 1.187613 0.426701
v 8.792913 1.330409 0.300549
v 8.770050 1.368349 0.349209
v 8.791553 1.233905 0.488117
v 8.879950 0.867713 0.520381
v 8.895582 0.807433 0.443433
v 8.054922 1.371569 0.349185
v 8.174898 1.233905 0.488117
v 8.239054 0.867713 0.520381
v 8.389990 0.145337 1.706465
v 8.412570 -0.183495 1.759129
v 8.275146 -0.151791 2.075629
v 8.264614 0.164317 2.075069
v 8.162286 0.162709 2.373905
v 8.162286 -0.152143 2.300761
v 8.239570 1.227921 1.794753
v 8.300782 0.812225 1.739105
v 8.124954 1.050317 2.088517
v 8.105862 1.206849 1.951953
v 7.837174 1.527885 2.380845
v 7.948954 1.017433 2.370773
v 8.332598 0.576481 1.698613
v 8.168478 0.713865 2.083297
v 8.115190 1.018493 2.087857
v 7.948301 0.985341 2.291769
v 8.024613 0.716433 2.362473
v 8.387914 -0.151443 1.777341
v 8.366502 0.160065 1.724677
v 8.312081 0.569185 1.716325
v 8.281914 0.792725 1.756533
v 7.835270 2.166389 1.214641
v 7.563738 2.572613 1.068877
v 7.581678 2.523829 1.173017
v 7.835430 2.166389 1.310241
v 7.888674 2.159237 1.834285
v 7.810986 1.527885 2.349989
v 7.956694 1.391985 2.016997
v 7.587642 2.171549 1.949181
v 7.296030 2.204441 2.472468
v 7.795198 2.171549 1.907177
v 6.874790 3.322597 1.207032
v 7.154914 3.053077 1.181181
v 7.147498 3.053077 1.099077
v 6.874282 3.322597 1.122224
v 6.708530 3.382209 1.913000
v 7.207062 3.078577 2.028324
v 7.524846 2.690065 1.857517
v 7.465034 2.611925 1.925913
v 7.216130 2.700009 2.073313
v 6.614902 3.260369 2.485080
v 6.757078 2.768093 2.482593
v 6.300494 3.429893 2.439933
v 7.134438 2.700009 2.073313
v 6.730894 2.768093 2.451736
v 7.357110 2.516961 1.970069
v 7.322214 2.204441 2.503325
v 8.055274 1.569285 0.605701
v 8.175250 1.264033 0.711593
v 7.100086 3.053077 0.574117
v 7.449026 2.642481 0.602657
v 6.858026 3.322597 0.579989
v 8.055473 1.412201 0.724921
v 8.175446 1.234285 0.793221
v 7.834434 2.166389 0.721309
v 7.834234 2.166389 0.603397
v 7.471154 2.636229 0.725489
v 7.109234 3.053077 0.675385
v 6.871666 3.322597 0.684585
v 8.055798 1.386493 0.920661
v 8.175774 1.200013 0.927237
v 7.124250 3.053077 0.841641
v 7.507486 2.625969 0.927673
v 6.872690 3.322597 0.856317
v 8.055945 1.374885 1.009057
v 8.175921 1.172917 0.987757
v 7.834910 2.166389 1.002321
v 7.834762 2.166389 0.914893
v 7.523894 2.596357 0.994357
v 7.131030 3.053077 0.916729
v 6.873154 3.322597 0.933873
v 7.512166 1.663589 0.605701
v 7.427422 2.166389 0.603397
v 7.512198 1.549701 0.349189
v 7.427454 2.166389 0.349189
v 7.323654 2.642481 0.349189
v 7.319906 2.642481 0.602657
v 7.563938 1.518489 0.920661
v 7.448318 2.166389 0.914893
v 7.563966 1.544197 0.724921
v 7.448350 2.166389 0.721309
v 7.317778 2.636229 0.725489
v 7.314278 2.625969 0.927673
v 7.869170 1.436257 1.223737
v 7.664506 2.166389 1.214641
v 7.869205 1.464453 1.009057
v 7.664542 2.166389 1.002321
v 7.407610 2.596357 0.994357
v 7.403774 2.572613 1.068877
v 8.125966 0.121585 0.531453
v 8.125966 -0.189871 0.531453
v 8.024901 1.233905 0.488117
v 8.089062 0.867713 0.520381
v 8.025253 1.264033 0.711593
v 8.025450 1.234285 0.793221
v 8.025778 1.200013 0.927237
v 8.025926 1.172917 0.987757
v 8.125890 -0.189871 1.119281
v 8.125086 0.121585 1.119281
v 8.026286 1.110549 1.134745
v 8.089126 0.752705 1.129229
v 8.296694 -0.275431 2.075781
v 8.293646 -0.183867 2.075621
v 8.174622 -0.184235 2.380733
v 8.174622 -0.275431 2.427545
v 8.418770 -0.275431 1.724017
v 8.457541 -0.275431 1.308845
v 8.276106 -0.275431 1.119281
v 8.126110 -0.275431 1.119281
v 8.275962 -0.275431 0.531453
v 8.125966 -0.275431 0.531453
v 9.039418 -0.275431 0.531453
v 9.038961 -0.275431 0.453397
v 8.174622 0.147809 2.453877
v 8.029434 0.731769 2.441825
v 7.893416 -3.481807 0.349189
v 7.891981 -3.481807 0.300121
v 8.288110 -3.193347 0.300121
v 8.289550 -3.193347 0.349273
v 8.275082 -0.672451 1.119281
v 8.275886 -0.360995 1.119281
v 8.452318 -0.360995 1.308845
v 8.433302 -0.672451 1.308845
v 9.004109 -0.672451 0.445953
v 9.031454 -0.360995 0.451793
v 9.031910 -0.360995 0.531453
v 9.004570 -0.672451 0.531453
v 7.084001 -3.603943 0.349181
v 7.410110 -3.193347 0.349189
v 6.835389 -3.873463 0.324657
v 7.631961 -3.671151 0.300121
v 7.633397 -3.671151 0.349189
v 8.275962 -0.672451 0.531453
v 8.275962 -0.360995 0.531453
v 8.056306 -1.897555 1.223737
v 8.176282 -1.661411 1.134745
v 8.277506 -1.632531 1.200925
v 8.056470 -1.884859 1.320401
v 8.239121 -1.303567 1.129229
v 8.330286 -1.290135 1.196289
v 8.538986 -2.717251 0.349273
v 7.833885 -2.717251 0.349189
v 8.538526 -2.717251 0.300121
v 8.816106 -1.738475 0.426701
v 8.791553 -1.784771 0.488117
v 8.770050 -1.919211 0.349209
v 8.792913 -1.881275 0.300549
v 8.895582 -1.358299 0.443433
v 8.879950 -1.418579 0.520381
v 8.174898 -1.784771 0.488117
v 8.054922 -1.922435 0.349185
v 8.239054 -1.418579 0.520381
v 8.412570 -0.367367 1.759129
v 8.389990 -0.696203 1.706465
v 8.275146 -0.399071 2.075629
v 8.162286 -0.398723 2.300761
v 8.162286 -0.713575 2.373905
v 8.264614 -0.715183 2.075069
v 8.300782 -1.363091 1.739105
v 8.239570 -1.778787 1.794753
v 8.124954 -1.601183 2.088517
v 7.948954 -1.568295 2.370773
v 7.837173 -2.078751 2.380845
v 8.105862 -1.757715 1.951953
v 8.332598 -1.127343 1.698613
v 8.168478 -1.264731 2.083297
v 8.024613 -1.267299 2.362473
v 7.948301 -1.536203 2.291769
v 8.115190 -1.569355 2.087857
v 8.366502 -0.710927 1.724677
v 8.387914 -0.399423 1.777341
v 8.281914 -1.343591 1.756533
v 8.312081 -1.120051 1.716325
v 7.835269 -2.717251 1.214641
v 7.835429 -2.717251 1.310241
v 7.581677 -3.074695 1.173017
v 7.563737 -3.123475 1.068877
v 7.888673 -2.710103 1.834285
v 7.810985 -2.078751 2.349989
v 7.296029 -2.755307 2.472468
v 7.587641 -2.722415 1.949181
v 7.956694 -1.942851 2.016997
v 7.795197 -2.722415 1.907177
v 6.874789 -3.873463 1.207032
v 6.874281 -3.873463 1.122224
v 7.147497 -3.603943 1.099077
v 7.154913 -3.603943 1.181181
v 7.207061 -3.629443 2.028324
v 6.708529 -3.933071 1.913000
v 7.524845 -3.240931 1.857517
v 7.465033 -3.162791 1.925913
v 7.216129 -3.250875 2.073313
v 6.757077 -3.318959 2.482593
v 6.614901 -3.811235 2.485080
v 6.300493 -3.980759 2.439933
v 7.134437 -3.250875 2.073313
v 7.357109 -3.067827 1.970069
v 6.730893 -3.318959 2.451736
v 7.322213 -2.755307 2.503325
v 8.175250 -1.814899 0.711593
v 8.055274 -2.120151 0.605701
v 7.100085 -3.603943 0.574117
v 7.449025 -3.193347 0.602657
v 6.858025 -3.873463 0.579989
v 8.175446 -1.785147 0.793221
v 8.055473 -1.963067 0.724921
v 7.834433 -2.717251 0.721309
v 7.834233 -2.717251 0.603397
v 7.471153 -3.187095 0.725489
v 7.109233 -3.603943 0.675385
v 6.871665 -3.873463 0.684585
v 8.175774 -1.750879 0.927237
v 8.055798 -1.937359 0.920661
v 7.124249 -3.603943 0.841641
v 7.507485 -3.176835 0.927673
v 6.872689 -3.873463 0.856317
v 8.175921 -1.723783 0.987757
v 8.055945 -1.925751 1.009057
v 7.834909 -2.717251 1.002321
v 7.834761 -2.717251 0.914893
v 7.523893 -3.147219 0.994357
v 7.131029 -3.603943 0.916729
v 6.873153 -3.873463 0.933873
v 7.427421 -2.717251 0.603397
v 7.512165 -2.214451 0.605701
v 7.512197 -2.100567 0.349189
v 7.427454 -2.717251 0.349189
v 7.323653 -3.193347 0.349189
v 7.319905 -3.193347 0.602657
v 7.448318 -2.717251 0.914893
v 7.563937 -2.069355 0.920661
v 7.563965 -2.095063 0.724921
v 7.448349 -2.717251 0.721309
v 7.317777 -3.187095 0.725489
v 7.314277 -3.176835 0.927673
v 7.664505 -2.717251 1.214641
v 7.869170 -1.987123 1.223737
v 7.869205 -2.015319 1.009057
v 7.664541 -2.717251 1.002321
v 7.407609 -3.147219 0.994357
v 7.403773 -3.123475 1.068877
v 8.125966 -0.360995 0.531453
v 8.125966 -0.672451 0.531453
v 8.089062 -1.418579 0.520381
v 8.024901 -1.784771 0.488117
v 8.025253 -1.814899 0.711593
v 8.025450 -1.785147 0.793221
v 8.025778 -1.750879 0.927237
v 8.025926 -1.723783 0.987757
v 8.125086 -0.672451 1.119281
v 8.125890 -0.360995 1.119281
v 8.026286 -1.661411 1.134745
v 8.089126 -1.303567 1.129229
v 8.174622 -0.366627 2.380733
v 8.293646 -0.366999 2.075621
v 8.174622 -0.698675 2.453877
v 8.029434 -1.282631 2.441825
vn 0.4256 0.5762 0.6978
vn 0.5725 0.4979 0.6514
vn 0.7548 0.6554 -0.0277
vn 0.3998 0.0029 -0.9166
vn 0.4322 -0.0158 -0.9016
vn 0.9570 0.0998 -0.2724
vn 0.9962 0.0874 -0.0057
vn 0.9920 0.1242 -0.0249
vn 0.7140 0.0794 0.6956
vn 0.5369 0.5062 0.6749
vn 0.2363 -0.1230 0.9639
vn 0.6688 0.6823 0.2952
vn 0.3356 0.6574 0.6747
vn 0.4237 0.9057 -0.0124
vn -0.0000 0.0074 1.0000
vn -0.0000 -0.0000 1.0000
vn 0.6849 0.1350 -0.7161
vn 0.9063 0.4204 -0.0430
vn 0.8992 0.4327 -0.0647
vn 0.3600 0.0555 -0.9313
vn 0.8587 0.2356 -0.4551
vn -0.0001 -0.0000 1.0000
vn 0.9243 0.3767 -0.0607
vn 0.9367 0.2859 0.2023
vn 0.9120 0.3305 0.2430
vn 0.6886 0.4682 0.5536
vn 0.5239 0.4465 0.7254
vn 0.6535 0.1586 0.7401
vn 0.4210 0.6428 0.6400
vn 0.3890 0.2142 0.8960
vn -0.0000 0.0513 0.9987
vn 0.6382 0.2945 0.7113
vn 0.5886 0.8083 -0.0172
vn 0.9498 0.0622 -0.3065
vn 0.8874 0.1479 0.4367
vn 0.9243 0.3433 0.1668
vn 0.8982 0.2947 0.3262
vn 0.9336 0.0894 0.3470
vn 0.9290 0.3079 0.2051
vn 0.9726 0.0875 0.2156
vn 0.6788 0.3245 0.6587
vn 0.8132 0.3585 0.4585
vn 0.9061 0.0774 -0.4160
vn 0.9285 0.1097 0.3548
vn 0.8938 0.1975 0.4026
vn 0.8632 -0.1381 0.4856
vn 0.9484 -0.1523 0.2781
vn 0.8518 0.2491 0.4609
vn 0.8386 -0.0498 0.5425
vn 0.7231 0.2866 -0.6285
vn 0.8084 0.1405 -0.5716
vn 0.7799 0.6242 0.0470
vn 0.9118 0.4073 -0.0524
vn 0.8532 0.4186 0.3111
vn 0.4250 0.3115 0.8499
vn 0.6918 0.7214 -0.0333
vn 0.6740 0.7387 -0.0101
vn 0.7464 0.6655 -0.0072
vn 0.7144 0.5653 0.4125
vn 0.7843 0.4932 0.3765
vn 0.3657 -0.1075 0.9245
vn 0.4293 0.2371 0.8715
vn 0.5645 0.6858 0.4593
vn 0.9834 -0.0030 0.1813
vn 0.4723 0.8736 0.1176
vn 0.7559 0.5723 -0.3179
vn 0.8055 0.3668 0.4654
vn 0.6208 0.5806 -0.5268
vn 0.3825 0.7092 -0.5922
vn 0.0021 -0.9504 0.3110
vn 0.6176 0.5864 -0.5241
vn 0.1533 0.0758 0.9853
vn 0.4002 0.0290 0.9160
vn 0.7601 0.5961 -0.2588
vn 0.7561 0.6495 -0.0806
vn 0.7261 0.3480 -0.5930
vn 0.7385 0.6705 -0.0703
vn 0.9344 -0.2738 0.2279
vn 0.5788 0.6260 0.5226
vn 0.6040 0.3511 0.7155
vn 0.6721 0.3972 -0.6249
vn 0.8768 0.2904 0.3833
vn 0.7573 0.6489 -0.0732
vn 0.7355 0.6750 -0.0586
vn 0.9162 -0.3994 0.0310
vn 0.7894 0.6072 -0.0904
vn 0.7491 0.6614 -0.0387
vn 0.8212 0.3174 -0.4742
vn 0.7207 0.6923 -0.0347
vn 0.8596 -0.4241 -0.2851
vn 0.8008 0.5532 0.2294
vn 0.6535 0.3313 0.6806
vn 0.6734 0.3335 -0.6598
vn 0.8975 0.3063 0.3174
vn 0.7420 0.6695 -0.0349
vn 0.7106 0.7028 -0.0340
vn 0.8582 -0.3998 -0.3219
vn 0.7375 0.6749 -0.0273
vn 0.0733 0.4402 -0.8949
vn 0.1541 0.7599 0.6315
vn -0.0000 -0.7561 -0.6545
vn -0.0000 -0.0029 -1.0000
vn 0.1709 0.6342 -0.7540
vn 0.1477 0.5512 0.8212
vn -0.0003 -0.0029 1.0000
vn -0.0000 -0.7430 -0.6693
vn 0.0003 0.0124 -0.9999
vn 0.2598 0.5431 -0.7984
vn 0.2275 0.4734 0.8510
vn -0.0006 0.0145 0.9999
vn -0.0000 -0.7827 -0.6224
vn 0.0007 -0.2161 -0.9764
vn 0.9862 0.1325 0.0994
vn 0.8130 0.0810 0.5766
vn 0.8975 0.1042 0.4286
vn 0.9818 0.1800 0.0606
vn -0.0000 0.0538 0.9986
vn -0.0000 -0.9942 -0.1072
vn -0.0000 -0.9553 -0.2955
vn -0.0000 -0.9442 -0.3293
vn -0.0000 -0.9167 -0.3996
vn -0.0000 -0.0000 -1.0000
vn -0.0000 -0.5785 -0.8156
vn -0.0000 0.0156 -0.9999
vn -0.0000 0.0080 -1.0000
vn -0.0000 0.0075 1.0000
vn 0.9368 0.0111 0.3497
vn 0.8753 0.2469 0.4158
vn 0.9705 0.1813 0.1590
vn 0.9534 0.1202 0.2768
vn 0.9828 0.0055 0.1847
vn 0.3975 0.0027 -0.9176
vn 0.7064 0.0620 0.7051
vn 1.0000 -0.0000 -0.0058
vn 0.9833 0.1288 -0.1283
vn 0.9646 0.2418 -0.1055
vn 0.8343 0.1338 0.5348
vn 0.4180 -0.5820 0.6975
vn 0.5886 -0.8083 -0.0172
vn 0.7548 -0.6554 -0.0277
vn 0.9570 -0.0998 -0.2724
vn 0.4322 0.0158 -0.9016
vn 0.3998 -0.0029 -0.9166
vn 0.7140 -0.0794 0.6956
vn 0.9920 -0.1242 -0.0249
vn 0.9962 -0.0874 -0.0057
vn 0.2363 0.1230 0.9639
vn 0.5369 -0.5061 0.6749
vn 0.6688 -0.6823 0.2952
vn 0.4237 -0.9057 -0.0124
vn 0.3356 -0.6574 0.6747
vn -0.0000 -0.0074 1.0000
vn 0.8992 -0.4327 -0.0647
vn 0.9063 -0.4204 -0.0430
vn 0.6849 -0.1349 -0.7161
vn 0.3185 -0.0127 -0.9479
vn 0.8803 -0.1728 -0.4418
vn 0.8565 -0.4270 -0.2900
vn 0.5730 -0.4981 0.6508
vn 0.6842 -0.2201 0.6953
vn 0.9243 -0.3767 -0.0607
vn 0.9367 -0.2859 0.2022
vn 0.5170 -0.4195 0.7461
vn 0.7112 -0.4008 0.5775
vn 0.9818 -0.1800 0.0606
vn 0.6765 -0.1893 0.7117
vn 0.3926 -0.2133 0.8946
vn -0.0000 -0.0513 0.9987
vn 0.4164 -0.6733 0.6109
vn 0.8874 -0.1479 0.4367
vn 0.9498 -0.0622 -0.3065
vn 0.9336 -0.0894 0.3470
vn 0.8982 -0.2947 0.3262
vn 0.9243 -0.3433 0.1668
vn 0.9171 0.0274 0.3977
vn 0.9245 -0.2896 0.2478
vn 0.8132 -0.3585 0.4585
vn 0.6788 -0.3245 0.6587
vn 0.9726 -0.0874 0.2156
vn 0.9015 -0.0834 0.4247
vn 0.8902 -0.1840 0.4167
vn 0.9536 -0.2745 0.1235
vn 0.9315 0.2090 0.2978
vn 0.8322 -0.1374 0.5372
vn 0.8468 -0.2436 0.4728
vn 0.7848 0.0062 0.6197
vn 0.8386 0.0498 0.5425
vn 0.7264 -0.2343 -0.6461
vn 0.9057 -0.4231 -0.0275
vn 0.8125 -0.5828 0.0092
vn 0.8367 -0.4213 0.3499
vn 0.7464 -0.6655 -0.0072
vn 0.6740 -0.7387 -0.0101
vn 0.6918 -0.7214 -0.0333
vn 0.7059 -0.7056 -0.0620
vn 0.7869 -0.1488 -0.5989
vn 0.7144 -0.5653 0.4125
vn 0.7716 -0.5280 0.3547
vn 0.4659 -0.3017 0.8318
vn 0.4642 -0.1349 0.8754
vn 0.2717 0.3373 0.9013
vn 0.9834 0.0030 0.1813
vn 0.5645 -0.6858 0.4593
vn 0.4169 -0.8680 0.2697
vn 0.4723 -0.8736 0.1176
vn 0.7559 -0.5723 -0.3179
vn 0.3826 -0.7092 -0.5922
vn 0.8055 -0.3668 0.4654
vn 0.6208 -0.5806 -0.5268
vn 0.6176 -0.5864 -0.5241
vn 0.0021 0.9504 0.3110
vn 0.4017 0.8504 -0.3398
vn 0.1533 -0.0758 0.9853
vn 0.4002 -0.0290 0.9160
vn 0.7601 -0.5961 -0.2588
vn 0.7485 -0.6599 -0.0652
vn 0.7385 -0.6705 -0.0703
vn 0.5788 -0.6260 0.5226
vn 0.9344 0.2738 0.2279
vn 0.6725 -0.2997 0.6767
vn 0.6031 -0.4138 -0.6820
vn 0.8581 -0.3040 0.4139
vn 0.7503 -0.6569 -0.0747
vn 0.7556 -0.3446 -0.5570
vn 0.7356 -0.6749 -0.0586
vn 0.7894 -0.6072 -0.0904
vn 0.9162 0.3994 0.0310
vn 0.7598 -0.6457 -0.0757
vn 0.7207 -0.6923 -0.0347
vn 0.8008 -0.5532 0.2294
vn 0.8596 0.4241 -0.2851
vn 0.6717 -0.3129 0.6715
vn 0.6555 -0.3406 -0.6740
vn 0.8990 -0.3087 0.3105
vn 0.7561 -0.6508 -0.0691
vn 0.7860 -0.3319 -0.5216
vn 0.7106 -0.7028 -0.0340
vn 0.8582 0.3998 -0.3219
vn -0.0000 0.0029 -1.0000
vn 0.0733 -0.4402 -0.8949
vn 0.1541 -0.7599 0.6315
vn -0.0000 0.7599 0.6500
vn -0.0000 0.7561 -0.6545
vn 0.0004 -0.0125 -0.9999
vn 0.1709 -0.6342 -0.7540
vn 0.1478 -0.5513 0.8211
vn -0.0000 0.0026 1.0000
vn -0.0000 0.7950 0.6067
vn -0.0000 0.7430 -0.6693
vn 0.0007 0.2161 -0.9764
vn 0.2598 -0.5431 -0.7984
vn 0.2274 -0.4734 0.8510
vn -0.0006 -0.0145 0.9999
vn -0.0000 0.9425 0.3341
vn -0.0000 0.7827 -0.6224
vn 0.9862 -0.1325 0.0994
vn 0.8194 -0.0671 0.5693
vn -0.0000 -0.0538 0.9986
vn -0.0000 0.6665 0.7455
vn -0.0000 0.9942 -0.1072
vn -0.0000 0.9553 -0.2955
vn -0.0000 0.9442 -0.3293
vn -0.0000 0.9167 -0.3997
vn -0.0000 -0.0080 -1.0000
vn -0.0000 0.5785 -0.8157
vn -0.0000 -0.0156 -0.9999
vn -0.0000 -0.0075 1.0000
vn 0.9512 -0.0000 0.3087
vn 0.9705 -0.1813 0.1590
vn 0.9482 -0.1037 0.3002
vn 0.9461 0.0026 -0.3240
vn 0.7064 -0.0620 0.7051
vn 0.7278 -0.0000 0.6858
vn 0.9833 -0.1288 -0.1283
vn 0.8720 -0.3270 0.3642
vn 0.9646 -0.2418 -0.1055
vn 0.9536 0.2745 0.1235
vn 0.4169 0.8680 0.2697
vn 0.4017 -0.8504 -0.3398
vn -0.0000 -0.7600 0.6500
vn -0.0000 -0.7950 0.6067
vn -0.0000 -0.9425 0.3341
vn -0.0000 -0.6665 0.7455
vn 0.9120 -0.3305 0.2430
vt 0.965277 0.036450
vt 0.951193 0.022702
vt 0.951193 0.020976
vt 0.812907 0.070167
vt 0.828113 0.070608
vt 0.828113 0.082215
vt 0.812907 0.006185
vt 0.828113 0.007113
vt 0.828113 0.011228
vt 0.971240 0.061568
vt 0.951193 0.057250
vt 0.984399 0.065079
vt 0.974522 0.043740
vt 0.974522 0.042931
vt 0.828113 0.046387
vt 0.812907 0.046483
vt 0.876398 0.072535
vt 0.887928 0.079507
vt 0.887308 0.083564
vt 0.858927 0.072022
vt 0.874988 0.077633
vt 0.927949 0.044502
vt 0.927949 0.014042
vt 0.880161 0.013431
vt 0.887133 0.012445
vt 0.893070 0.015375
vt 0.882421 0.021106
vt 0.864542 0.016969
vt 0.893235 0.045377
vt 0.882421 0.049853
vt 0.864542 0.047471
vt 0.927949 0.016212
vt 0.965277 0.035058
vt 0.812907 0.082314
vt 0.829273 0.100806
vt 0.814749 0.130989
vt 0.814766 0.119332
vt 0.830200 0.119190
vt 0.882129 0.104824
vt 0.871852 0.134941
vt 0.873458 0.119623
vt 0.881100 0.114033
vt 0.858271 0.077222
vt 0.861833 0.102385
vt 0.857031 0.119859
vt 0.871904 0.119955
vt 0.870285 0.131804
vt 0.814783 0.104467
vt 0.860881 0.103596
vt 0.927949 0.082874
vt 0.947782 0.080144
vt 0.945400 0.084054
vt 0.927949 0.086827
vt 0.927599 0.107699
vt 0.928201 0.112014
vt 0.984399 0.088772
vt 0.984399 0.092268
vt 0.971240 0.089222
vt 0.972485 0.121371
vt 0.953517 0.112354
vt 0.954002 0.126278
vt 0.949701 0.116747
vt 0.981361 0.144463
vt 0.957326 0.147097
vt 0.987310 0.122736
vt 0.896774 0.135207
vt 0.890139 0.118458
vt 0.929807 0.143221
vt 0.896774 0.133768
vt 0.954002 0.129095
vt 0.929807 0.141967
vt 0.928201 0.119583
vt 0.945065 0.122476
vt 0.898796 0.055311
vt 0.971240 0.068266
vt 0.951193 0.063163
vt 0.984399 0.070328
vt 0.883892 0.055320
vt 0.891126 0.059631
vt 0.927949 0.063042
vt 0.927949 0.059308
vt 0.950888 0.068670
vt 0.971240 0.071460
vt 0.984399 0.073280
vt 0.882440 0.059545
vt 0.889871 0.068002
vt 0.971240 0.077000
vt 0.950387 0.074573
vt 0.984399 0.078880
vt 0.880766 0.065007
vt 0.889304 0.071448
vt 0.927949 0.078885
vt 0.927949 0.075705
vt 0.948941 0.077507
vt 0.971240 0.079580
vt 0.984399 0.081615
vt 0.879444 0.067275
vt 0.971240 0.086174
vt 0.903400 0.047131
vt 0.897840 0.053333
vt 0.927949 0.061497
vt 0.951193 0.058865
vt 0.927949 0.046228
vt 0.896316 0.063516
vt 0.897571 0.069417
vt 0.927949 0.077958
vt 0.950387 0.068260
vt 0.927949 0.061055
vt 0.892301 0.075220
vt 0.893677 0.077796
vt 0.927949 0.085338
vt 0.947782 0.075759
vt 0.927949 0.075932
vt 0.830121 0.134230
vt 0.849967 0.101822
vt 0.850323 0.100535
vt 0.861599 0.011223
vt 0.812907 0.053800
vt 0.864542 0.054679
vt 0.883892 0.056882
vt 0.882440 0.058390
vt 0.880766 0.062145
vt 0.879444 0.063559
vt 0.812907 0.062924
vt 0.876398 0.065732
vt 0.858927 0.064932
vt 0.828113 0.063403
vt 0.828113 0.053690
vt 0.808730 0.119003
vt 0.813200 0.119033
vt 0.813182 0.134490
vt 0.813218 0.103243
vt 0.808730 0.101608
vt 0.808730 0.070152
vt 0.808730 0.062903
vt 0.808730 0.053815
vt 0.808730 0.046488
vt 0.812907 0.010031
vt 0.808730 0.006066
vt 0.829394 0.138095
vt 0.857905 0.138278
vt 0.829992 0.102110
vt 0.652182 0.036450
vt 0.652182 0.035057
vt 0.666266 0.020976
vt 0.789346 0.082215
vt 0.789346 0.070608
vt 0.804552 0.070167
vt 0.789346 0.011228
vt 0.789346 0.007113
vt 0.804552 0.006185
vt 0.666266 0.057250
vt 0.646219 0.061568
vt 0.633060 0.065078
vt 0.642938 0.042931
vt 0.642938 0.043740
vt 0.804552 0.046483
vt 0.789346 0.046387
vt 0.730151 0.083564
vt 0.729531 0.079507
vt 0.741061 0.072535
vt 0.758532 0.072022
vt 0.759188 0.077222
vt 0.742471 0.077633
vt 0.666266 0.022702
vt 0.689510 0.016212
vt 0.689510 0.044502
vt 0.689510 0.014042
vt 0.737298 0.013431
vt 0.735038 0.021106
vt 0.724389 0.015375
vt 0.755860 0.011223
vt 0.752917 0.016969
vt 0.735038 0.049853
vt 0.752917 0.047471
vt 0.724224 0.045377
vt 0.788186 0.100806
vt 0.804552 0.082314
vt 0.787259 0.119190
vt 0.802693 0.119332
vt 0.802710 0.130989
vt 0.755626 0.102386
vt 0.735330 0.104824
vt 0.736359 0.114033
vt 0.744001 0.119623
vt 0.745607 0.134941
vt 0.767136 0.100535
vt 0.760428 0.119859
vt 0.760303 0.134501
vt 0.747174 0.131804
vt 0.787467 0.102110
vt 0.802676 0.104467
vt 0.745555 0.119955
vt 0.756578 0.103596
vt 0.689510 0.082874
vt 0.689510 0.086827
vt 0.672059 0.084054
vt 0.689860 0.107699
vt 0.646219 0.089222
vt 0.633060 0.092268
vt 0.633060 0.088772
vt 0.646219 0.086174
vt 0.669677 0.080144
vt 0.644974 0.121371
vt 0.663943 0.112354
vt 0.689259 0.112014
vt 0.667758 0.116747
vt 0.663457 0.126278
vt 0.660133 0.147098
vt 0.636098 0.144463
vt 0.627821 0.147072
vt 0.630150 0.122736
vt 0.720685 0.135207
vt 0.720685 0.133768
vt 0.727320 0.118458
vt 0.687653 0.143224
vt 0.687653 0.141964
vt 0.663457 0.129095
vt 0.660133 0.146571
vt 0.689259 0.119583
vt 0.672394 0.122476
vt 0.718663 0.055311
vt 0.646219 0.068266
vt 0.633060 0.070328
vt 0.726333 0.059631
vt 0.733567 0.055320
vt 0.689510 0.063042
vt 0.689510 0.059308
vt 0.666571 0.068670
vt 0.646219 0.071460
vt 0.666266 0.063163
vt 0.633060 0.073280
vt 0.727588 0.068002
vt 0.735019 0.059545
vt 0.646219 0.077001
vt 0.633060 0.078880
vt 0.728155 0.071448
vt 0.736693 0.065007
vt 0.689510 0.078885
vt 0.689510 0.075705
vt 0.668518 0.077507
vt 0.646219 0.079580
vt 0.667072 0.074573
vt 0.633060 0.081615
vt 0.738016 0.067275
vt 0.689510 0.046228
vt 0.714059 0.047131
vt 0.719620 0.053333
vt 0.689510 0.061497
vt 0.666266 0.059937
vt 0.666266 0.058865
vt 0.689510 0.061055
vt 0.721143 0.063516
vt 0.719888 0.069416
vt 0.689510 0.077958
vt 0.666571 0.073018
vt 0.667072 0.068260
vt 0.689510 0.075932
vt 0.725158 0.075220
vt 0.723782 0.077796
vt 0.689510 0.085338
vt 0.668518 0.079811
vt 0.669677 0.075759
vt 0.787338 0.134230
vt 0.767492 0.101822
vt 0.804552 0.053800
vt 0.752917 0.054678
vt 0.735038 0.056448
vt 0.733567 0.056882
vt 0.735019 0.058390
vt 0.736693 0.062145
vt 0.738016 0.063559
vt 0.789346 0.063403
vt 0.804552 0.062924
vt 0.741061 0.065732
vt 0.758532 0.064932
vt 0.789346 0.053690
vt 0.808730 0.136594
vt 0.804277 0.134490
vt 0.804241 0.103243
vt 0.808730 0.082365
vt 0.804552 0.010031
vt 0.808730 0.009713
vt 0.788065 0.138095
vt 0.804259 0.119033
vt 0.759554 0.138278
vt 0.857156 0.134501
vt 0.989638 0.147072
vt 0.957326 0.146571
vt 0.951193 0.059937
vt 0.950888 0.073018
vt 0.948941 0.079811
vt 0.882421 0.056448
vt 0.730326 0.012445
s 1
usemtl bodyMat
f 143/125/133 144/126/134 145/127/135
f 150/128/136 147/129/137 148/130/138
f 154/131/139 151/132/140 152/133/141
f 143/125/133 155/134/142 156/135/143
f 157/136/144 158/137/145 159/138/146
f 152/133/141 160/139/147 161/140/148
f 165/141/149 162/142/150 163/143/151
f 166/144/152 165/141/149 164/145/153
f 144/126/134 156/135/143 168/146/154
f 170/147/155 145/127/135 144/126/134
f 171/148/156 172/149/157 173/150/158
f 171/148/156 174/151/159 175/152/160
f 173/150/158 177/153/161 178/154/162
f 179/155/163 175/152/160 174/151/159
f 173/150/158 172/149/157 170/147/155
f 177/153/161 173/150/158 169/156/164
f 158/137/145 143/125/133 146/157/165
f 158/137/145 157/136/144 155/134/142
f 149/158/166 148/130/138 180/159/167
f 185/160/168 182/161/169 183/162/170
f 164/145/153 163/143/151 186/163/171
f 191/164/172 188/165/173 189/166/174
f 167/167/175 164/145/153 187/168/176
f 193/169/177 194/170/178 195/171/179
f 183/162/170 182/161/169 197/172/180
f 200/173/181 194/170/178 193/169/177
f 186/163/171 189/166/174 188/165/173
f 201/174/182 202/175/183 203/176/184
f 204/177/185 163/143/151 162/142/150
f 205/178/186 186/163/171 163/143/151
f 205/178/186 210/179/187 189/166/174
f 214/180/188 211/181/189 212/182/190
f 212/182/190 203/176/184 202/175/183
f 216/183/191 212/182/190 211/181/189
f 217/184/192 203/176/184 212/182/190
f 204/177/185 203/176/184 217/184/192
f 210/179/187 205/178/186 217/184/192
f 219/185/193 218/186/194 217/184/192
f 216/183/191 220/187/195 221/188/196
f 220/187/195 216/183/191 215/189/197
f 190/190/198 189/166/174 207/191/199
f 207/191/199 189/166/174 210/179/187
f 226/192/200 190/190/198 206/193/201
f 223/194/202 219/185/193 221/188/196
f 221/188/196 226/192/200 209/195/203
f 208/196/204 210/179/187 218/186/194
f 225/197/205 218/186/194 219/185/193
f 178/154/162 177/153/161 227/198/206
f 229/199/207 230/200/208 156/135/143
f 231/201/209 229/199/207 155/134/142
f 228/202/210 227/198/206 232/203/211
f 234/204/212 232/203/211 227/198/206
f 235/205/213 230/200/208 236/206/214
f 237/207/215 236/206/214 230/200/208
f 238/208/216 237/207/215 229/199/207
f 233/209/217 232/203/211 239/210/218
f 241/211/219 242/212/220 236/206/214
f 238/208/216 243/213/221 241/211/219
f 240/214/222 239/210/218 244/215/223
f 246/216/224 244/215/223 239/210/218
f 247/217/225 242/212/220 248/218/226
f 249/219/227 248/218/226 242/212/220
f 243/213/221 250/220/228 249/219/227
f 245/221/229 244/215/223 162/142/150
f 213/222/230 202/175/183 248/218/226
f 250/220/228 214/180/188 213/222/230
f 235/205/213 227/198/206 251/223/231
f 227/198/206 177/153/161 253/224/232
f 253/224/232 177/153/161 168/146/154
f 254/225/148 168/146/154 156/135/143
f 156/135/143 230/200/208 256/226/233
f 230/200/208 235/205/213 252/227/234
f 247/217/225 239/210/218 257/228/235
f 257/228/235 239/210/218 232/203/211
f 259/229/236 232/203/211 234/204/212
f 260/230/237 234/204/212 236/206/214
f 236/206/214 242/212/220 262/231/238
f 242/212/220 247/217/225 258/232/239
f 201/174/182 162/142/150 263/233/240
f 263/233/240 162/142/150 244/215/223
f 265/234/241 244/215/223 246/216/224
f 266/235/242 246/216/224 248/218/226
f 248/218/226 202/175/183 268/236/243
f 202/175/183 201/174/182 264/237/244
f 184/238/245 183/162/170 193/169/177
f 199/239/246 193/169/177 183/162/170
f 148/130/138 167/167/175 192/240/247
f 147/129/137 166/144/152 167/167/175
f 160/139/147 152/133/141 175/152/160
f 176/241/248 175/152/160 152/133/141
f 270/242/148 161/140/148 160/139/147
f 272/243/249 179/155/163 178/154/162
f 178/154/162 228/202/210 273/244/250
f 228/202/210 233/209/217 274/245/251
f 233/209/217 240/214/222 275/246/252
f 240/214/222 245/221/229 276/247/253
f 147/129/137 150/128/136 277/248/254
f 245/221/229 165/141/149 279/249/255
f 165/141/149 166/144/152 280/250/256
f 166/144/152 147/129/137 278/251/257
f 269/252/258 160/139/147 179/155/163
f 281/253/259 282/254/260 283/255/261
f 181/256/262 282/254/260 281/253/259
f 149/158/166 181/256/262 285/257/263
f 287/258/264 150/128/136 149/158/166
f 288/259/254 277/248/254 150/128/136
f 290/260/148 289/261/148 161/140/148
f 153/262/265 161/140/148 289/261/148
f 292/263/266 154/131/139 153/262/265
f 293/264/267 283/255/261 185/160/168
f 185/160/168 283/255/261 282/254/260
f 188/165/173 191/164/172 195/171/179
f 195/171/179 191/164/172 294/265/268
f 282/254/260 181/256/262 197/172/180
f 197/172/180 181/256/262 180/159/167
f 192/240/247 187/168/176 200/173/181
f 187/168/176 188/165/173 194/170/178
f 294/265/268 293/264/267 184/238/245
f 198/266/269 180/159/167 192/240/247
f 295/267/270 296/268/271 297/269/272
f 302/270/273 299/271/274 300/272/275
f 306/273/276 303/274/277 304/275/278
f 308/276/279 307/277/280 295/267/270
f 309/278/281 310/279/282 311/280/283
f 313/281/148 312/282/284 306/273/276
f 317/283/285 314/284/286 315/285/287
f 318/286/288 319/287/289 316/288/290
f 298/289/291 320/290/292 321/291/154
f 322/292/293 320/290/292 298/289/291
f 323/293/294 324/294/295 325/295/296
f 323/293/294 327/296/297 328/297/298
f 325/295/296 324/294/295 329/298/299
f 324/294/295 328/297/298 331/299/300
f 325/295/296 320/290/292 322/292/293
f 330/300/301 321/291/154 320/290/292
f 311/280/283 310/279/282 296/268/271
f 307/277/280 309/278/281 311/280/283
f 333/301/302 302/270/273 301/302/303
f 337/303/304 334/304/305 335/305/306
f 316/288/290 338/306/307 339/307/308
f 343/308/309 340/309/310 341/310/311
f 319/287/289 344/311/312 338/306/307
f 345/312/313 346/313/314 347/314/315
f 337/303/304 349/315/316 350/316/317
f 345/312/313 348/317/318 351/318/319
f 340/309/310 343/308/309 339/307/308
f 353/319/320 354/320/321 355/321/322
f 354/320/321 353/319/320 314/284/286
f 357/322/323 354/320/321 317/283/285
f 357/322/323 339/307/308 343/308/309
f 366/323/324 363/324/325 364/325/326
f 366/323/324 365/326/327 356/327/328
f 363/324/325 366/323/324 367/328/329
f 369/329/330 367/328/329 366/323/324
f 354/320/321 357/322/323 369/329/330
f 362/330/331 370/331/332 369/329/330
f 371/332/333 367/328/329 369/329/330
f 367/328/329 371/332/333 372/333/334
f 373/334/335 374/335/336 368/336/337
f 342/337/338 358/338/339 361/339/340
f 362/330/331 343/308/309 361/339/340
f 378/340/341 359/341/342 358/338/339
f 372/333/334 371/332/333 375/342/343
f 372/333/334 377/343/344 359/341/342
f 370/331/332 362/330/331 360/344/345
f 371/332/333 370/331/332 376/345/346
f 380/346/347 330/300/301 329/298/299
f 381/347/348 307/277/280 308/276/279
f 383/348/349 309/278/281 307/277/280
f 385/349/350 380/346/347 379/350/351
f 386/351/352 387/352/353 380/346/347
f 387/352/353 386/351/352 388/353/354
f 389/354/355 381/347/348 382/355/356
f 390/356/357 383/348/349 381/347/348
f 392/357/358 385/349/350 384/358/359
f 393/359/360 389/354/355 388/353/354
f 393/359/360 395/360/361 390/356/357
f 397/361/362 392/357/358 391/362/363
f 398/363/364 399/364/365 392/357/358
f 399/364/365 398/363/364 400/365/366
f 401/366/367 393/359/360 394/367/368
f 401/366/367 402/368/369 395/360/361
f 314/284/286 397/361/362 396/369/370
f 365/326/327 401/366/367 400/365/366
f 365/326/327 364/325/326 402/368/369
f 387/352/353 403/370/371 404/371/372
f 380/346/347 404/371/372 405/372/373
f 321/291/154 330/300/301 405/372/373
f 308/276/279 321/291/154 406/373/148
f 308/276/279 407/374/374 408/375/375
f 382/355/356 408/375/375 403/370/371
f 399/364/365 409/376/376 410/377/377
f 385/349/350 392/357/358 410/377/377
f 386/351/352 385/349/350 411/378/378
f 388/353/354 386/351/352 412/379/379
f 388/353/354 413/380/380 414/381/381
f 394/367/368 414/381/381 409/376/376
f 353/319/320 415/382/382 416/383/383
f 397/361/362 314/284/286 416/383/383
f 398/363/364 397/361/362 417/384/384
f 400/365/366 398/363/364 418/385/385
f 400/365/366 419/386/386 420/387/387
f 356/327/328 420/387/387 415/382/382
f 345/312/313 337/303/304 336/388/388
f 352/389/389 349/315/316 337/303/304
f 302/270/273 333/301/302 344/311/312
f 299/271/274 302/270/273 319/287/289
f 328/297/298 306/273/276 312/282/284
f 327/296/297 303/274/277 306/273/276
f 312/282/284 313/281/148 421/390/148
f 329/298/299 331/299/300 423/391/390
f 329/298/299 424/392/391 425/393/392
f 379/350/351 425/393/392 426/394/393
f 384/358/359 426/394/393 427/395/394
f 391/362/363 427/395/394 428/396/395
f 299/271/274 429/397/396 430/398/254
f 396/369/370 428/396/395 431/399/397
f 315/285/287 431/399/397 432/400/398
f 318/286/288 432/400/398 429/397/396
f 331/299/300 312/282/284 422/401/399
f 281/253/259 284/402/400 433/403/401
f 332/404/402 285/257/263 281/253/259
f 301/302/303 286/405/403 285/257/263
f 301/302/303 300/272/275 287/258/264
f 300/272/275 430/398/254 288/259/254
f 313/281/148 289/261/148 290/260/148
f 305/406/404 291/407/405 289/261/148
f 305/406/404 304/275/278 292/263/266
f 435/408/406 336/388/388 335/305/306
f 434/409/407 433/403/401 335/305/306
f 340/309/310 348/317/318 347/314/315
f 436/410/408 341/310/311 347/314/315
f 434/409/407 334/304/305 350/316/317
f 333/301/302 332/404/402 350/316/317
f 344/311/312 352/389/389 351/318/319
f 338/306/307 351/318/319 348/317/318
f 436/410/408 346/313/314 336/388/388
f 344/311/312 333/301/302 349/315/316
f 143/125/133 145/127/135 146/157/165
f 150/128/136 148/130/138 149/158/166
f 154/131/139 152/133/141 153/262/265
f 143/125/133 156/135/143 144/126/134
f 152/133/141 161/140/148 153/262/265
f 165/141/149 163/143/151 164/145/153
f 166/144/152 164/145/153 167/167/175
f 144/126/134 168/146/154 169/156/164
f 170/147/155 144/126/134 169/156/164
f 171/148/156 173/150/158 174/151/159
f 171/148/156 175/152/160 176/241/248
f 173/150/158 178/154/162 174/151/159
f 179/155/163 174/151/159 178/154/162
f 173/150/158 170/147/155 169/156/164
f 177/153/161 169/156/164 168/146/154
f 158/137/145 146/157/165 159/138/146
f 158/137/145 155/134/142 143/125/133
f 149/158/166 180/159/167 181/256/262
f 185/160/168 183/162/170 184/238/245
f 164/145/153 186/163/171 187/168/176
f 191/164/172 189/166/174 190/190/198
f 167/167/175 187/168/176 192/240/247
f 193/169/177 195/171/179 196/411/409
f 183/162/170 197/172/180 198/266/269
f 200/173/181 193/169/177 199/239/246
f 186/163/171 188/165/173 187/168/176
f 201/174/182 203/176/184 204/177/185
f 204/177/185 162/142/150 201/174/182
f 205/178/186 163/143/151 204/177/185
f 205/178/186 189/166/174 186/163/171
f 214/180/188 212/182/190 213/222/230
f 212/182/190 202/175/183 213/222/230
f 216/183/191 211/181/189 215/189/197
f 217/184/192 212/182/190 216/183/191
f 204/177/185 217/184/192 205/178/186
f 210/179/187 217/184/192 218/186/194
f 219/185/193 217/184/192 216/183/191
f 216/183/191 221/188/196 219/185/193
f 220/187/195 215/189/197 222/412/410
f 190/190/198 207/191/199 206/193/201
f 207/191/199 210/179/187 208/196/204
f 226/192/200 206/193/201 209/195/203
f 223/194/202 221/188/196 224/413/411
f 221/188/196 209/195/203 224/413/411
f 208/196/204 218/186/194 225/197/205
f 225/197/205 219/185/193 223/194/202
f 178/154/162 227/198/206 228/202/210
f 229/199/207 156/135/143 155/134/142
f 231/201/209 155/134/142 157/136/144
f 228/202/210 232/203/211 233/209/217
f 234/204/212 227/198/206 235/205/213
f 235/205/213 236/206/214 234/204/212
f 237/207/215 230/200/208 229/199/207
f 238/208/216 229/199/207 231/201/209
f 233/209/217 239/210/218 240/214/222
f 241/211/219 236/206/214 237/207/215
f 238/208/216 241/211/219 237/207/215
f 240/214/222 244/215/223 245/221/229
f 246/216/224 239/210/218 247/217/225
f 247/217/225 248/218/226 246/216/224
f 249/219/227 242/212/220 241/211/219
f 243/213/221 249/219/227 241/211/219
f 245/221/229 162/142/150 165/141/149
f 213/222/230 248/218/226 249/219/227
f 250/220/228 213/222/230 249/219/227
f 235/205/213 251/223/231 252/227/234
f 227/198/206 253/224/232 251/223/231
f 253/224/232 168/146/154 254/225/148
f 254/225/148 156/135/143 255/414/412
f 156/135/143 256/226/233 255/414/412
f 230/200/208 252/227/234 256/226/233
f 247/217/225 257/228/235 258/232/239
f 257/228/235 232/203/211 259/229/236
f 259/229/236 234/204/212 260/230/237
f 260/230/237 236/206/214 261/415/413
f 236/206/214 262/231/238 261/415/413
f 242/212/220 258/232/239 262/231/238
f 201/174/182 263/233/240 264/237/244
f 263/233/240 244/215/223 265/234/241
f 265/234/241 246/216/224 266/235/242
f 266/235/242 248/218/226 267/416/414
f 248/218/226 268/236/243 267/416/414
f 202/175/183 264/237/244 268/236/243
f 184/238/245 193/169/177 196/411/409
f 199/239/246 183/162/170 198/266/269
f 148/130/138 192/240/247 180/159/167
f 147/129/137 167/167/175 148/130/138
f 160/139/147 175/152/160 179/155/163
f 176/241/248 152/133/141 151/132/140
f 270/242/148 160/139/147 269/252/258
f 272/243/249 178/154/162 271/417/415
f 178/154/162 273/244/250 271/417/415
f 228/202/210 274/245/251 273/244/250
f 233/209/217 275/246/252 274/245/251
f 240/214/222 276/247/253 275/246/252
f 147/129/137 277/248/254 278/251/257
f 245/221/229 279/249/255 276/247/253
f 165/141/149 280/250/256 279/249/255
f 166/144/152 278/251/257 280/250/256
f 269/252/258 179/155/163 272/243/249
f 281/253/259 283/255/261 284/402/400
f 181/256/262 281/253/259 285/257/263
f 149/158/166 285/257/263 286/405/403
f 287/258/264 149/158/166 286/405/403
f 288/259/254 150/128/136 287/258/264
f 290/260/148 161/140/148 270/242/148
f 153/262/265 289/261/148 291/407/405
f 292/263/266 153/262/265 291/407/405
f 293/264/267 185/160/168 184/238/245
f 185/160/168 282/254/260 182/161/169
f 188/165/173 195/171/179 194/170/178
f 195/171/179 294/265/268 196/411/409
f 282/254/260 197/172/180 182/161/169
f 197/172/180 180/159/167 198/266/269
f 192/240/247 200/173/181 199/239/246
f 187/168/176 194/170/178 200/173/181
f 294/265/268 184/238/245 196/411/409
f 198/266/269 192/240/247 199/239/246
f 295/267/270 297/269/272 298/289/291
f 302/270/273 300/272/275 301/302/303
f 306/273/276 304/275/278 305/406/404
f 308/276/279 295/267/270 298/289/291
f 313/281/148 306/273/276 305/406/404
f 317/283/285 315/285/287 316/288/290
f 318/286/288 316/288/290 315/285/287
f 298/289/291 321/291/154 308/276/279
f 322/292/293 298/289/291 297/269/272
f 323/293/294 325/295/296 326/418/416
f 323/293/294 328/297/298 324/294/295
f 325/295/296 329/298/299 330/300/301
f 324/294/295 331/299/300 329/298/299
f 325/295/296 322/292/293 326/418/416
f 330/300/301 320/290/292 325/295/296
f 311/280/283 296/268/271 295/267/270
f 307/277/280 311/280/283 295/267/270
f 333/301/302 301/302/303 332/404/402
f 337/303/304 335/305/306 336/388/388
f 316/288/290 339/307/308 317/283/285
f 343/308/309 341/310/311 342/337/338
f 319/287/289 338/306/307 316/288/290
f 345/312/313 347/314/315 348/317/318
f 337/303/304 350/316/317 334/304/305
f 345/312/313 351/318/319 352/389/389
f 340/309/310 339/307/308 338/306/307
f 353/319/320 355/321/322 356/327/328
f 354/320/321 314/284/286 317/283/285
f 357/322/323 317/283/285 339/307/308
f 357/322/323 343/308/309 362/330/331
f 366/323/324 364/325/326 365/326/327
f 366/323/324 356/327/328 355/321/322
f 363/324/325 367/328/329 368/336/337
f 369/329/330 366/323/324 355/321/322
f 354/320/321 369/329/330 355/321/322
f 362/330/331 369/329/330 357/322/323
f 371/332/333 369/329/330 370/331/332
f 367/328/329 372/333/334 373/334/335
f 373/334/335 368/336/337 367/328/329
f 342/337/338 361/339/340 343/308/309
f 362/330/331 361/339/340 360/344/345
f 378/340/341 358/338/339 342/337/338
f 372/333/334 375/342/343 377/343/344
f 372/333/334 359/341/342 378/340/341
f 370/331/332 360/344/345 376/345/346
f 371/332/333 376/345/346 375/342/343
f 380/346/347 329/298/299 379/350/351
f 381/347/348 308/276/279 382/355/356
f 383/348/349 307/277/280 381/347/348
f 385/349/350 379/350/351 384/358/359
f 386/351/352 380/346/347 385/349/350
f 387/352/353 388/353/354 382/355/356
f 389/354/355 382/355/356 388/353/354
f 390/356/357 381/347/348 389/354/355
f 392/357/358 384/358/359 391/362/363
f 393/359/360 388/353/354 394/367/368
f 393/359/360 390/356/357 389/354/355
f 397/361/362 391/362/363 396/369/370
f 398/363/364 392/357/358 397/361/362
f 399/364/365 400/365/366 394/367/368
f 401/366/367 394/367/368 400/365/366
f 401/366/367 395/360/361 393/359/360
f 314/284/286 396/369/370 315/285/287
f 365/326/327 400/365/366 356/327/328
f 365/326/327 402/368/369 401/366/367
f 387/352/353 404/371/372 380/346/347
f 380/346/347 405/372/373 330/300/301
f 321/291/154 405/372/373 406/373/148
f 308/276/279 406/373/148 407/374/374
f 308/276/279 408/375/375 382/355/356
f 382/355/356 403/370/371 387/352/353
f 399/364/365 410/377/377 392/357/358
f 385/349/350 410/377/377 411/378/378
f 386/351/352 411/378/378 412/379/379
f 388/353/354 412/379/379 413/380/380
f 388/353/354 414/381/381 394/367/368
f 394/367/368 409/376/376 399/364/365
f 353/319/320 416/383/383 314/284/286
f 397/361/362 416/383/383 417/384/384
f 398/363/364 417/384/384 418/385/385
f 400/365/366 418/385/385 419/386/386
f 400/365/366 420/387/387 356/327/328
f 356/327/328 415/382/382 353/319/320
f 345/312/313 336/388/388 346/313/314
f 352/389/389 337/303/304 345/312/313
f 302/270/273 344/311/312 319/287/289
f 299/271/274 319/287/289 318/286/288
f 328/297/298 312/282/284 331/299/300
f 327/296/297 306/273/276 328/297/298
f 312/282/284 421/390/148 422/401/399
f 329/298/299 423/391/390 424/392/391
f 329/298/299 425/393/392 379/350/351
f 379/350/351 426/394/393 384/358/359
f 384/358/359 427/395/394 391/362/363
f 391/362/363 428/396/395 396/369/370
f 299/271/274 430/398/254 300/272/275
f 396/369/370 431/399/397 315/285/287
f 315/285/287 432/400/398 318/286/288
f 318/286/288 429/397/396 299/271/274
f 331/299/300 422/401/399 423/391/390
f 281/253/259 433/403/401 434/409/407
f 332/404/402 281/253/259 434/409/407
f 301/302/303 285/257/263 332/404/402
f 301/302/303 287/258/264 286/405/403
f 300/272/275 288/259/254 287/258/264
f 313/281/148 290/260/148 421/390/148
f 305/406/404 289/261/148 313/281/148
f 305/406/404 292/263/266 291/407/405
f 435/408/406 335/305/306 433/403/401
f 434/409/407 335/305/306 334/304/305
f 340/309/310 347/314/315 341/310/311
f 436/410/408 347/314/315 346/313/314
f 434/409/407 350/316/317 332/404/402
f 333/301/302 350/316/317 349/315/316
f 344/311/312 351/318/319 338/306/307
f 338/306/307 348/317/318 340/309/310
f 436/410/408 336/388/388 435/408/406
f 344/311/312 349/315/316 352/389/389
o car14
v 7.512198 1.549701 0.349189
v 7.323654 2.642481 0.349189
v 7.319906 2.642481 0.602657
v 7.512166 1.663589 0.605701
vn 0.9766 0.2038 -0.0691
vn 0.9895 0.1271 -0.0682
vn 0.9877 0.1559 -0.0084
vn 0.9706 0.2392 0.0264
vt 0.347607 0.429767
vt 0.312300 0.429767
vt 0.347913 0.351939
vt 0.375141 0.351939
s 1
usemtl bodyMat
f 440/419/417 437/420/418 438/421/419
f 440/419/417 438/421/419 439/422/420
o car15
v 7.512197 -2.101111 0.349189
v 7.512165 -2.214999 0.605701
v 7.319905 -3.193891 0.602657
v 7.323653 -3.193891 0.349189
vn 0.9877 -0.1559 -0.0084
vn 0.9895 -0.1271 -0.0682
vn 0.9766 -0.2038 -0.0691
vn 0.9706 -0.2392 0.0264
vt 0.386136 0.353210
vt 0.350524 0.431038
vt 0.385830 0.431038
vt 0.413365 0.353210
s 1
usemtl bodyMat
f 444/423/421 441/424/422 442/425/423
f 444/423/421 442/425/423 443/426/424
o car16
v 7.563966 1.544197 0.724921
v 7.317778 2.636229 0.725489
v 7.314278 2.625969 0.927673
v 7.563938 1.518489 0.920661
vn 0.9751 0.2197 0.0289
vn 0.9750 0.2204 0.0280
vn 0.9751 0.2198 0.0281
vn 0.9753 0.2192 0.0290
vt 0.395810 0.431038
vt 0.418751 0.353210
vt 0.444171 0.353210
vt 0.428770 0.431038
s 1
usemtl bodyMat
f 445/427/425 446/428/426 447/429/427
f 445/427/425 447/429/427 448/430/428
o car17
v 7.563965 -2.094547 0.724921
v 7.563937 -2.068839 0.920661
v 7.314277 -3.176319 0.927673
v 7.317777 -3.186579 0.725489
vn 0.9751 -0.2200 0.0289
vn 0.9752 -0.2193 0.0290
vn 0.9751 -0.2198 0.0281
vn 0.9750 -0.2203 0.0280
vt 0.395810 0.431038
vt 0.428770 0.431038
vt 0.444171 0.353210
vt 0.418751 0.353210
s 1
usemtl bodyMat
f 449/431/429 450/432/430 451/433/431
f 449/431/429 451/433/431 452/434/432
o car18
v 7.869205 1.464453 1.009057
v 7.407610 2.596357 0.994357
v 7.403774 2.572613 1.307181
v 7.869170 1.436257 1.223737
vn 0.9239 0.3797 0.0475
vn 0.9236 0.3814 0.0393
vn 0.9262 0.3748 0.0414
vn 0.9276 0.3701 0.0498
vt 0.439238 0.431038
vt 0.451233 0.353210
vt 0.479113 0.353210
vt 0.475389 0.431038
s 1
usemtl bodyMat
f 453/435/433 454/436/434 455/437/435
f 453/435/433 455/437/435 456/438/436
o car19
v 7.869205 -2.015651 1.009057
v 7.869170 -1.987455 1.223737
v 7.403773 -3.123807 1.307181
v 7.407609 -3.147551 0.994357
vn 0.9239 -0.3797 0.0475
vn 0.9277 -0.3701 0.0498
vn 0.9262 -0.3748 0.0414
vn 0.9236 -0.3814 0.0393
vt 0.439238 0.431038
vt 0.475389 0.431038
vt 0.479113 0.353210
vt 0.451233 0.353210
s 1
usemtl bodyMat
f 457/439/437 458/440/438 459/441/439
f 457/439/437 459/441/439 460/442/440
o car2
v -9.098002 1.646832 1.080467
v -9.098002 1.557775 1.117355
v -8.006903 1.557775 1.117355
v -8.006903 1.646831 1.080467
v -9.098002 1.468723 1.080467
v -8.006903 1.468723 1.080467
v -9.098002 1.431836 0.991411
v -8.006903 1.431835 0.991411
v -9.098002 1.468723 0.902359
v -8.006903 1.468723 0.902359
v -9.098002 1.557775 0.865471
v -8.006903 1.557775 0.865471
v -9.098002 1.646832 0.902359
v -8.006903 1.646831 0.902359
v -9.098002 1.683720 0.991411
v -8.006903 1.683719 0.991411
vn -0.0000 0.7071 0.7071
vn -0.0000 -0.0000 1.0000
vn -0.0000 -0.7071 0.7071
vn -0.0000 -1.0000 -0.0000
vn -0.0000 -0.7071 -0.7071
vn -0.0000 -0.0000 -1.0000
vn -0.0000 0.7071 -0.7071
vn -0.0000 1.0000 -0.0000
vt 0.769672 0.578372
vt 0.769672 0.487946
vt 0.777189 0.487946
vt 0.777189 0.578372
vt 0.784706 0.487946
vt 0.784706 0.578372
vt 0.792222 0.487946
vt 0.792222 0.578372
vt 0.799739 0.487946
vt 0.799739 0.578372
vt 0.807256 0.487946
vt 0.807256 0.578372
vt 0.814772 0.487946
vt 0.814772 0.578372
vt 0.822289 0.487946
vt 0.822289 0.578372
vt 0.829805 0.487946
vt 0.829805 0.578372
s 1
usemtl metalMat1
f 464/443/441 461/444/441 462/445/442
f 463/446/442 462/445/442 465/447/443
f 466/448/443 465/447/443 467/449/444
f 468/450/444 467/449/444 469/451/445
f 470/452/445 469/451/445 471/453/446
f 472/454/446 471/453/446 473/455/447
f 474/456/447 473/455/447 475/457/448
f 476/458/448 475/457/448 461/459/441
f 464/443/441 462/445/442 463/446/442
f 463/446/442 465/447/443 466/448/443
f 466/448/443 467/449/444 468/450/444
f 468/450/444 469/451/445 470/452/445
f 470/452/445 471/453/446 472/454/446
f 472/454/446 473/455/447 474/456/447
f 474/456/447 475/457/448 476/458/448
f 476/458/448 461/459/441 464/460/441
o car20
v 8.024901 -1.935467 0.424753
v 8.024901 1.384641 0.424753
v 8.026286 1.110549 1.134745
v 8.026286 -1.661371 1.134745
vn 1.0000 -0.0000 -0.0020
vt 0.029766 0.369498
vt 0.015756 0.334056
vt 0.185458 0.334056
vt 0.171449 0.369498
s 1
usemtl bodyMat
f 480/461/449 477/462/449 478/463/449
f 480/461/449 478/463/449 479/464/449
o car21
v 5.912570 0.249677 2.746348
v 4.851726 0.468793 3.216197
v 4.857474 -0.115255 3.208804
v 6.083138 -0.162435 2.717617
v 4.621166 0.548441 3.292377
v 4.621166 -0.098107 3.292400
v 4.169418 -0.023647 3.428952
v 4.169418 0.894014 3.428924
v 3.574450 1.276766 3.478184
v 3.663421 0.058826 3.478184
v 5.967158 1.964061 3.057853
v 4.734446 2.256629 3.232773
v 5.173170 1.528177 3.249192
v 6.055762 1.456801 3.057853
v 3.516834 2.355062 3.325800
v 3.749566 1.873890 3.347140
v 3.191077 2.011138 3.385060
v 2.978566 2.418214 3.325800
v 7.297970 1.095629 2.706469
v 7.125402 1.523421 2.678524
v 7.609290 -0.146359 2.756881
v 7.609290 0.323885 2.756881
v 6.215602 0.541701 3.057853
v 6.441698 -0.099515 3.057853
v 5.316754 0.747721 3.278816
v 4.851726 0.565637 3.401365
v 5.912570 0.346525 3.304909
v 6.083138 -0.141571 3.276181
v 4.262754 0.548442 3.416440
v 4.262754 -0.098107 3.416464
v 8.174622 0.147809 2.453877
v 8.174622 -0.184235 2.380733
v 7.948954 1.017433 2.370773
v 8.029434 0.731769 2.441825
v 5.276338 1.371441 2.910960
v 4.880994 1.549521 2.781108
v 5.019630 0.878513 2.862892
v 5.419922 0.809693 2.940584
v 4.169417 -0.275683 3.428956
v 3.687857 -0.275682 3.478184
v 4.262753 -0.275683 3.416472
v 4.621165 -0.275683 3.292408
v 4.859049 -0.275683 3.206773
v 6.129982 -0.275683 2.709728
v 6.129982 -0.275683 3.268288
v 6.503794 -0.275683 3.057853
v 7.609290 -0.275683 2.756881
v 8.174622 -0.275683 2.427545
v 5.912570 -0.801043 2.746348
v 6.083138 -0.388927 2.717617
v 4.857473 -0.436111 3.208804
v 4.851725 -1.020155 3.216197
v 4.621165 -0.453255 3.292400
v 4.621165 -1.099803 3.292377
v 4.169417 -0.527719 3.428952
v 3.663421 -0.610186 3.478184
v 3.574449 -1.828130 3.478184
v 4.169417 -1.445378 3.428924
v 5.967157 -2.515427 3.057853
v 6.055761 -2.008167 3.057853
v 5.173169 -2.079539 3.249192
v 4.734445 -2.807995 3.232773
v 3.749565 -2.425254 3.347140
v 3.516833 -2.906426 3.325800
v 3.191077 -2.562502 3.385060
v 2.978565 -2.969578 3.325800
v 7.297969 -1.646991 2.706469
v 7.125401 -2.074787 2.678524
v 7.609290 -0.405003 2.756881
v 6.441697 -0.451851 3.057853
v 6.215601 -1.093063 3.057853
v 7.609289 -0.875247 2.756881
v 5.912570 -0.897887 3.304909
v 4.851725 -1.117003 3.401365
v 5.316753 -1.299083 3.278816
v 6.083138 -0.409795 3.276181
v 4.262753 -1.099802 3.416440
v 4.262753 -0.453255 3.416464
v 8.174622 -0.699175 2.453877
v 8.174622 -0.367127 2.380733
v 7.948954 -1.568795 2.370773
v 8.029434 -1.283131 2.441825
v 5.276337 -1.922807 2.910960
v 5.419921 -1.361059 2.940584
v 5.019629 -1.429879 2.862892
v 4.880993 -2.100883 2.781108
v 2.799346 2.418214 3.152028
v 3.011858 2.011138 3.148296
v 3.395230 1.276766 3.142420
v 3.484201 0.058826 3.142420
v 3.508637 -0.275682 3.142420
v 3.484201 -0.610186 3.142420
v 3.395229 -1.828130 3.142420
v 3.011857 -2.562502 3.148296
v 2.799345 -2.969578 3.152028
vn -0.3464 -0.5448 0.7636
vn 0.0934 -0.5063 0.8573
vn 0.3433 -0.0022 0.9392
vn 0.2208 -0.6919 0.6874
vn 0.3283 -0.0010 0.9446
vn -0.4720 -0.0361 0.8809
vn 0.1167 -0.0010 0.9932
vn 0.2335 0.1623 0.9587
vn 0.2157 0.0379 0.9757
vn 0.1142 0.0948 0.9889
vn -0.1491 -0.3402 0.9285
vn 0.0655 0.1062 0.9922
vn 0.1580 0.0893 0.9834
vn -0.4080 -0.1416 0.9019
vn 0.2873 0.0908 0.9535
vn 0.3525 0.2063 0.9128
vn 0.3771 0.2003 0.9043
vn 0.3638 0.1042 0.9256
vn 0.4348 -0.0011 0.9005
vn 0.3902 0.0970 0.9156
vn -0.0311 -0.1392 0.9898
vn 0.3467 0.1444 0.9268
vn -0.0086 0.5240 0.8517
vn -0.4224 -0.1989 0.8843
vn 0.0665 -0.2824 0.9570
vn 0.1303 -0.0111 0.9914
vn 0.5263 0.0341 0.8496
vn 0.4964 0.3064 0.8122
vn -0.3844 -0.0335 0.9225
vn -0.7516 -0.4151 0.5126
vn -0.0021 -0.5113 0.8594
vn 0.1411 0.5827 0.8004
vn 0.4768 0.2235 0.8502
vn 0.2310 -0.0000 0.9729
vn -0.4506 -0.0000 0.8927
vn 0.1172 -0.0010 0.9931
vn 0.3314 0.0003 0.9435
vn -0.5006 -0.2674 0.8233
vn 0.3549 0.0029 0.9349
vn -0.3382 -0.0064 0.9410
vn 0.3493 0.0054 0.9370
vn 0.3863 0.0149 0.9223
vn 0.6050 -0.0000 0.7962
vn 0.5831 0.0553 0.8105
vn -0.3408 0.5551 0.7587
vn -0.5032 0.2582 0.8247
vn 0.3607 -0.0160 0.9325
vn 0.1856 0.5127 0.8382
vn 0.3296 0.0011 0.9441
vn 0.2335 -0.1623 0.9587
vn 0.1167 0.0010 0.9932
vn -0.4720 0.0361 0.8809
vn 0.2157 -0.0379 0.9757
vn 0.3040 -0.0504 0.9513
vn -0.2531 0.4126 0.8751
vn 0.1142 -0.0948 0.9889
vn 0.1541 -0.0873 0.9842
vn -0.3960 0.1206 0.9103
vn -0.5178 0.1808 0.8362
vn 0.0655 -0.1062 0.9922
vn 0.3771 -0.2003 0.9043
vn 0.3525 -0.2063 0.9128
vn 0.3902 -0.0970 0.9156
vn 0.4348 0.0011 0.9005
vn 0.3638 -0.1042 0.9256
vn -0.0086 -0.5240 0.8517
vn 0.3467 -0.1444 0.9268
vn -0.0311 0.1392 0.9898
vn -0.4225 0.1988 0.8843
vn 0.0665 0.2824 0.9570
vn 0.1303 0.0111 0.9914
vn 0.5263 -0.0340 0.8496
vn 0.5831 -0.0553 0.8105
vn 0.4964 -0.3064 0.8122
vn 0.4768 -0.2235 0.8502
vn -0.3677 0.0219 0.9297
vn -0.7829 0.3380 0.5223
vn -0.7571 -0.4949 0.4263
vn 0.1527 -0.5964 0.7880
vn 0.1936 0.6388 0.7446
vn -0.0093 0.5300 0.8480
vn 0.2310 -0.0000 0.9730
vn -0.6597 -0.0000 0.7515
vn -0.7228 -0.3406 0.6013
vn -0.5178 -0.1808 0.8362
vn -0.8804 -0.0643 0.4699
vn -0.8556 -0.2408 0.4582
vn -0.8822 -0.0000 0.4709
vn -0.8804 0.0643 0.4699
vn -0.7228 0.3406 0.6013
vn -0.8556 0.2408 0.4582
vn -0.7571 0.4950 0.4263
vn -0.6037 -0.4098 0.6838
vn -0.6037 0.4098 0.6838
vt 0.685957 0.633240
vt 0.695439 0.679253
vt 0.670166 0.679004
vt 0.698886 0.689253
vt 0.670907 0.689253
vt 0.677699 0.730795
vt 0.674130 0.708848
vt 0.713840 0.708848
vt 0.760145 0.630872
vt 0.772805 0.684340
vt 0.741283 0.665311
vt 0.777065 0.737153
vt 0.756243 0.727058
vt 0.762182 0.751283
vt 0.738194 0.627029
vt 0.722565 0.573149
vt 0.741077 0.580634
vt 0.670847 0.610289
vt 0.668820 0.559645
vt 0.689169 0.559645
vt 0.690148 0.633240
vt 0.698594 0.620096
vt 0.707510 0.659083
vt 0.669027 0.625841
vt 0.699630 0.679253
vt 0.698886 0.704799
vt 0.681549 0.535125
vt 0.719181 0.544913
vt 0.730403 0.734654
vt 0.734500 0.660836
vt 0.742206 0.677983
vt 0.713169 0.671970
vt 0.706819 0.541422
vt 0.670907 0.704799
vt 0.663223 0.729735
vt 0.663223 0.708848
vt 0.663223 0.689253
vt 0.668124 0.625841
vt 0.663223 0.678935
vt 0.663223 0.623809
vt 0.663223 0.607596
vt 0.663223 0.559645
vt 0.663223 0.535125
vt 0.667180 0.535125
vt 0.640489 0.633240
vt 0.658323 0.625841
vt 0.656281 0.679004
vt 0.631007 0.679253
vt 0.655539 0.689253
vt 0.612606 0.708848
vt 0.652317 0.708848
vt 0.648748 0.730795
vt 0.566302 0.630872
vt 0.588253 0.627029
vt 0.585164 0.665311
vt 0.553641 0.684340
vt 0.570204 0.727058
vt 0.564264 0.751283
vt 0.546649 0.760500
vt 0.549382 0.737153
vt 0.585370 0.580634
vt 0.603882 0.573149
vt 0.637278 0.559645
vt 0.657627 0.559645
vt 0.655600 0.610289
vt 0.618937 0.659083
vt 0.627852 0.620096
vt 0.636298 0.633240
vt 0.657420 0.625841
vt 0.626816 0.679253
vt 0.627561 0.704799
vt 0.644897 0.535125
vt 0.659266 0.535125
vt 0.607266 0.544913
vt 0.619627 0.541422
vt 0.596043 0.734654
vt 0.591946 0.660836
vt 0.616255 0.654608
vt 0.613277 0.671970
vt 0.627561 0.689253
vt 0.584240 0.677983
vt 0.655539 0.704799
vt 0.663223 0.704799
vt 0.762182 0.759056
vt 0.779798 0.760500
vt 0.677699 0.738568
vt 0.730403 0.742427
vt 0.663223 0.737508
vt 0.648748 0.738568
vt 0.564264 0.759056
vt 0.596043 0.742427
vt 0.710191 0.654608
vt 0.779798 0.768273
vt 0.546649 0.768273
s 1
usemtl bodyMat
f 481/465/450 482/466/451 483/467/452
f 482/466/451 485/468/453 486/469/454
f 490/470/455 487/471/456 488/472/457
f 491/473/458 492/474/459 493/475/460
f 492/474/459 495/476/461 496/477/462
f 497/478/463 496/477/462 495/476/461
f 494/479/464 499/480/465 500/481/466
f 504/482/467 501/483/468 502/484/469
f 507/485/470 503/486/471 505/487/472
f 508/488/473 504/482/467 503/486/471
f 506/489/474 505/487/472 488/472/457
f 509/490/475 488/472/457 487/471/456
f 511/491/476 502/484/469 501/483/468
f 513/492/477 500/481/466 499/480/465
f 489/493/478 488/472/457 496/477/462
f 515/494/479 516/495/480 517/496/481
f 494/479/464 493/475/460 505/487/472
f 503/486/471 502/484/469 499/480/465
f 514/497/482 499/480/465 502/484/469
f 507/485/470 506/489/474 482/466/451
f 508/488/473 507/485/470 481/465/450
f 506/489/474 509/490/475 485/468/453
f 509/490/475 510/498/483 486/469/454
f 493/475/460 496/477/462 516/495/480
f 516/495/480 496/477/462 488/472/457
f 517/496/481 488/472/457 505/487/472
f 505/487/472 493/475/460 515/494/479
f 520/499/484 519/500/485 487/471/456
f 510/498/483 487/471/456 519/500/485
f 522/501/486 486/469/454 510/498/483
f 483/467/452 486/469/454 522/501/486
f 484/502/487 483/467/452 523/503/488
f 525/504/489 508/488/473 484/502/487
f 525/504/489 526/505/490 504/482/467
f 526/505/490 527/506/491 501/483/468
f 528/507/492 512/508/493 501/483/468
f 529/509/494 530/510/495 531/511/496
f 532/512/497 531/511/496 533/513/498
f 538/514/499 535/515/500 536/516/501
f 539/517/502 540/518/503 541/519/504
f 542/520/505 541/519/504 543/521/506
f 545/522/507 546/523/508 544/524/509
f 548/525/510 547/526/511 540/518/503
f 552/527/512 549/528/513 550/529/514
f 555/530/515 551/531/516 553/532/517
f 551/531/516 550/529/514 556/533/518
f 538/514/499 555/530/515 554/534/519
f 535/515/500 538/514/499 557/535/520
f 559/536/521 560/537/522 549/528/513
f 561/538/523 562/539/524 547/526/511
f 537/540/525 545/522/507 543/521/506
f 563/541/526 564/542/527 565/543/528
f 540/518/503 551/531/516 555/530/515
f 547/526/511 552/527/512 551/531/516
f 562/539/524 559/536/521 552/527/512
f 553/532/517 529/509/494 532/512/497
f 556/533/518 530/510/495 529/509/494
f 554/534/519 532/512/497 534/544/529
f 557/535/520 534/544/529 533/513/498
f 541/519/504 563/541/526 566/545/530
f 538/514/499 543/521/506 566/545/530
f 555/530/515 538/514/499 565/543/528
f 555/530/515 564/542/527 563/541/526
f 535/515/500 519/500/485 520/499/484
f 558/546/483 521/547/531 519/500/485
f 558/546/483 533/513/498 522/501/486
f 531/511/496 523/503/488 522/501/486
f 530/510/495 524/504/532 523/503/488
f 525/504/489 524/504/532 530/510/495
f 550/529/514 526/505/490 525/504/489
f 549/528/513 527/506/491 526/505/490
f 549/528/513 560/537/522 528/507/492
f 568/548/533 497/478/463 498/549/534
f 570/550/535 490/470/455 489/493/478
f 569/551/536 489/493/478 497/478/463
f 571/552/537 520/499/484 490/470/455
f 537/540/525 536/516/501 572/553/538
f 546/523/508 545/522/507 574/554/539
f 545/522/507 537/540/525 573/555/540
f 536/516/501 520/499/484 571/552/537
f 481/465/450 483/467/452 484/502/487
f 482/466/451 486/469/454 483/467/452
f 490/470/455 488/472/457 489/493/478
f 491/473/458 493/475/460 494/479/464
f 492/474/459 496/477/462 493/475/460
f 497/478/463 495/476/461 498/549/534
f 494/479/464 500/481/466 491/473/458
f 504/482/467 502/484/469 503/486/471
f 507/485/470 505/487/472 506/489/474
f 508/488/473 503/486/471 507/485/470
f 506/489/474 488/472/457 509/490/475
f 509/490/475 487/471/456 510/498/483
f 511/491/476 501/483/468 512/508/493
f 513/492/477 499/480/465 514/497/482
f 489/493/478 496/477/462 497/478/463
f 515/494/479 517/496/481 518/556/541
f 494/479/464 505/487/472 503/486/471
f 503/486/471 499/480/465 494/479/464
f 514/497/482 502/484/469 511/491/476
f 507/485/470 482/466/451 481/465/450
f 508/488/473 481/465/450 484/502/487
f 506/489/474 485/468/453 482/466/451
f 509/490/475 486/469/454 485/468/453
f 493/475/460 516/495/480 515/494/479
f 516/495/480 488/472/457 517/496/481
f 517/496/481 505/487/472 518/556/541
f 505/487/472 515/494/479 518/556/541
f 520/499/484 487/471/456 490/470/455
f 510/498/483 519/500/485 521/547/531
f 522/501/486 510/498/483 521/547/531
f 483/467/452 522/501/486 523/503/488
f 484/502/487 523/503/488 524/504/532
f 525/504/489 484/502/487 524/504/532
f 525/504/489 504/482/467 508/488/473
f 526/505/490 501/483/468 504/482/467
f 528/507/492 501/483/468 527/506/491
f 529/509/494 531/511/496 532/512/497
f 532/512/497 533/513/498 534/544/529
f 538/514/499 536/516/501 537/540/525
f 539/517/502 541/519/504 542/520/505
f 542/520/505 543/521/506 544/524/509
f 545/522/507 544/524/509 543/521/506
f 548/525/510 540/518/503 539/517/502
f 552/527/512 550/529/514 551/531/516
f 555/530/515 553/532/517 554/534/519
f 551/531/516 556/533/518 553/532/517
f 538/514/499 554/534/519 557/535/520
f 535/515/500 557/535/520 558/546/483
f 559/536/521 549/528/513 552/527/512
f 561/538/523 547/526/511 548/525/510
f 537/540/525 543/521/506 538/514/499
f 563/541/526 565/543/528 566/545/530
f 540/518/503 555/530/515 541/519/504
f 547/526/511 551/531/516 540/518/503
f 562/539/524 552/527/512 547/526/511
f 553/532/517 532/512/497 554/534/519
f 556/533/518 529/509/494 553/532/517
f 554/534/519 534/544/529 557/535/520
f 557/535/520 533/513/498 558/546/483
f 541/519/504 566/545/530 543/521/506
f 538/514/499 566/545/530 565/543/528
f 555/530/515 565/543/528 564/542/527
f 555/530/515 563/541/526 541/519/504
f 535/515/500 520/499/484 536/516/501
f 558/546/483 519/500/485 535/515/500
f 558/546/483 522/501/486 521/547/531
f 531/511/496 522/501/486 533/513/498
f 530/510/495 523/503/488 531/511/496
f 525/504/489 530/510/495 556/533/518
f 550/529/514 525/504/489 556/533/518
f 549/528/513 526/505/490 550/529/514
f 549/528/513 528/507/492 527/506/491
f 568/548/533 498/549/534 567/557/542
f 570/550/535 489/493/478 569/551/536
f 569/551/536 497/478/463 568/548/533
f 571/552/537 490/470/455 570/550/535
f 537/540/525 572/553/538 573/555/540
f 546/523/508 574/554/539 575/558/543
f 545/522/507 573/555/540 574/554/539
f 536/516/501 571/552/537 572/553/538
o car22
v 2.978566 2.418214 3.325800
v 1.890998 2.186582 4.015680
v 2.318166 0.994986 4.015680
v 3.396466 1.276766 3.325800
v 0.578758 1.844650 4.695588
v 0.799557 0.808590 4.830592
v 2.386105 -0.275682 4.015680
v 3.509873 -0.275682 3.325800
v 0.833525 -0.275682 4.838096
v 2.978565 -2.969578 3.325800
v 3.396465 -1.828130 3.325800
v 2.318165 -1.546350 4.015680
v 1.890997 -2.737946 4.015680
v 0.799557 -1.359950 4.830592
v 0.578757 -2.396010 4.695588
vn 0.4976 0.1803 0.8484
vn 0.4651 0.1745 0.8679
vn 0.4860 0.0962 0.8686
vn 0.3782 0.2175 0.8998
vn 0.4476 0.0994 0.8887
vn 0.5272 -0.0000 0.8497
vn 0.5167 0.1097 0.8491
vn 0.4986 0.0024 0.8668
vn 0.4976 -0.1803 0.8484
vn 0.5167 -0.1097 0.8491
vn 0.4888 -0.1043 0.8662
vn 0.4651 -0.1746 0.8679
vn 0.4476 -0.0994 0.8887
vn 0.4668 -0.0000 0.8844
vn 0.3782 -0.2175 0.8998
vt 0.119413 0.149725
vt 0.116648 0.180289
vt 0.099772 0.172644
vt 0.112437 0.215198
vt 0.097830 0.213283
vt 0.081453 0.140963
vt 0.103244 0.142231
vt 0.081948 0.172094
vt 0.043961 0.153047
vt 0.059762 0.144145
vt 0.064183 0.174211
vt 0.047683 0.183325
vt 0.067462 0.214620
vt 0.082631 0.213384
vt 0.053050 0.217812
s 1
usemtl windowMat
f 576/559/544 577/560/545 578/561/546
f 577/560/545 580/562/547 581/563/548
f 583/564/549 579/565/550 578/561/546
f 582/566/551 578/561/546 581/563/548
f 585/567/552 586/568/553 587/569/554
f 588/570/555 587/569/554 589/571/556
f 587/569/554 586/568/553 583/564/549
f 589/571/556 587/569/554 582/566/551
f 576/559/544 578/561/546 579/565/550
f 577/560/545 581/563/548 578/561/546
f 583/564/549 578/561/546 582/566/551
f 582/566/551 581/563/548 584/572/557
f 585/567/552 587/569/554 588/570/555
f 588/570/555 589/571/556 590/573/558
f 587/569/554 583/564/549 582/566/551
f 589/571/556 582/566/551 584/572/557
o car23
v 2.668138 2.688570 3.158740
v 3.013974 3.014718 2.645148
v 0.574802 3.034978 2.791500
v 0.503882 2.649778 3.268504
v 3.023850 3.026454 1.525136
v 0.559434 3.080374 1.674580
v -2.279030 2.974198 2.925652
v -2.032854 2.649778 3.366072
v -2.014150 3.030823 1.916836
v 2.986226 3.035910 0.774632
v 0.547054 2.954822 0.774632
v -1.465262 2.899690 0.835612
vn 0.0049 0.8290 0.5592
vn 0.0212 0.9664 0.2561
vn 0.0103 0.9439 0.3301
vn 0.0394 0.9989 -0.0242
vn -0.0206 0.9991 -0.0366
vn 0.0321 0.8063 0.5907
vn 0.0257 0.7530 0.6575
vn -0.0221 0.9996 -0.0172
vn -0.0406 0.9985 -0.0375
vn -0.0313 0.9901 -0.1366
vn -0.0081 0.9409 0.3387
vn -0.0204 0.9849 -0.1720
vt 0.792594 0.405706
vt 0.779180 0.384685
vt 0.873794 0.390675
vt 0.778796 0.338844
vt 0.874391 0.344960
vt 0.974946 0.414192
vt 0.876546 0.410199
vt 0.974220 0.354876
vt 0.780256 0.308126
vt 0.952929 0.310622
vt 0.984495 0.396166
vt 0.874871 0.308126
s 1
usemtl bodyMat
f 591/574/559 592/575/560 593/576/561
f 592/575/560 595/577/562 596/578/563
f 598/579/564 594/580/565 593/576/561
f 593/576/561 596/578/563 599/581/566
f 596/578/563 595/577/562 600/582/567
f 602/583/568 599/581/566 596/578/563
f 591/574/559 593/576/561 594/580/565
f 592/575/560 596/578/563 593/576/561
f 598/579/564 593/576/561 597/584/569
f 593/576/561 599/581/566 597/584/569
f 596/578/563 600/582/567 601/585/570
f 602/583/568 596/578/563 601/585/570
o car24
v 2.668137 -3.243190 3.158740
v 0.503881 -3.204398 3.268504
v 0.574801 -3.589598 2.791500
v 3.013973 -3.569338 2.645148
v 0.559433 -3.634990 1.674580
v 3.023849 -3.581074 1.525136
v -2.032855 -3.204398 3.366072
v -2.279031 -3.528818 2.925652
v -2.014151 -3.585442 1.916836
v 0.547053 -3.509442 0.774632
v 2.986225 -3.590530 0.774632
v -1.465263 -3.454310 0.835612
vn 0.0049 -0.8290 0.5592
vn 0.0257 -0.7530 0.6575
vn 0.0292 -0.9355 0.3520
vn 0.0212 -0.9664 0.2561
vn -0.0214 -0.9984 -0.0518
vn 0.0321 -0.8063 0.5907
vn -0.0081 -0.9409 0.3387
vn -0.0221 -0.9996 -0.0172
vn -0.0204 -0.9849 -0.1719
vn -0.0406 -0.9985 -0.0375
vn -0.0318 -0.9901 -0.1366
vn 0.0394 -0.9989 -0.0242
vt 0.957678 0.253626
vt 0.874938 0.258119
vt 0.877649 0.238595
vt 0.970899 0.232605
vt 0.877062 0.192880
vt 0.777958 0.262112
vt 0.768547 0.244086
vt 0.778673 0.202795
vt 0.876588 0.156046
vt 0.969838 0.156046
vt 0.799657 0.158541
vt 0.971277 0.186763
s 1
usemtl bodyMat
f 603/586/571 604/587/572 605/588/573
f 606/589/574 605/588/573 607/590/575
f 605/588/573 604/587/572 609/591/576
f 605/588/573 610/592/577 611/593/578
f 607/590/575 612/594/579 613/595/580
f 607/590/575 611/593/578 614/596/581
f 603/586/571 605/588/573 606/589/574
f 606/589/574 607/590/575 608/597/582
f 605/588/573 609/591/576 610/592/577
f 605/588/573 611/593/578 607/590/575
f 607/590/575 613/595/580 608/597/582
f 607/590/575 614/596/581 612/594/579
o car25
v 1.890998 2.186582 4.015680
v 1.704370 2.423846 3.936008
v 0.496750 2.102622 4.563568
v 0.578758 1.844650 4.695588
v -0.550474 1.927490 4.800556
v -0.504122 1.723318 4.922040
v -1.847562 1.938518 4.820160
v -1.793010 1.712286 4.968112
v -2.998546 1.960579 4.729884
v -3.016999 1.745379 4.916952
v -4.135571 2.080719 4.444220
v -4.187970 1.856875 4.657147
v -4.935194 2.268231 4.009079
v -5.369718 2.000267 4.162596
v -4.987594 2.367503 3.751316
v -6.298762 2.121595 3.785984
v -5.367714 2.580223 3.406564
v -7.250166 2.368191 3.459028
v -5.389554 2.760547 3.255108
v -6.874394 2.728211 3.155576
v -6.314814 2.914467 2.991264
v -5.400690 2.852511 3.177867
v -5.419054 3.440171 2.989664
v -5.995126 3.440171 2.703804
v -6.342990 3.440171 2.318068
v -6.775238 3.189831 2.535579
v -4.745174 2.494171 3.583212
v -4.472922 2.641003 3.393804
v -3.157646 3.057219 1.340316
v -3.191070 3.021775 1.914132
v -2.014150 3.030823 1.916836
v -1.664330 2.956414 1.228408
v -3.637562 3.454431 1.365308
v -3.689566 3.438487 1.840044
v -2.032854 2.649778 3.366072
v -2.195886 2.864630 3.074400
v -3.762586 2.851215 3.106184
v -3.949702 2.649779 3.366072
v -2.279030 2.974198 2.925652
v -3.667158 2.953939 2.973648
v -4.500130 2.828035 3.198264
v -4.601650 3.440171 2.873540
v -4.514006 2.923419 3.098540
v -4.018010 3.439331 2.548184
v 2.978566 2.418218 3.325800
v 2.823354 2.553394 3.242272
v 2.668138 2.688570 3.158740
v -0.504122 1.405878 4.963404
v 0.646410 1.527210 4.736952
v -1.793010 1.394850 5.009476
v -3.016999 1.427939 4.958316
v -4.266150 1.597575 4.698515
v -5.523078 1.773527 4.234156
v -6.603250 1.983607 3.785984
v 0.833525 -0.275554 4.838096
v 0.799557 0.808590 4.830592
v -0.504123 0.687258 5.057048
v -0.504123 -0.275554 5.064548
v -1.793011 0.676226 5.103116
v -1.793011 -0.275554 5.110620
v -3.016999 0.709319 5.051960
v -3.016999 -0.275553 5.059460
v -4.443138 0.820815 4.764100
v -4.499843 -0.275553 4.799655
v -7.438710 2.042647 3.576375
v -8.039467 2.368191 3.432495
v -8.375275 1.966355 3.456219
v -7.608718 2.638523 3.110276
v -7.643494 2.905607 2.567876
v -7.397938 2.720823 3.015244
v -8.241090 2.368191 3.179675
v -8.480522 1.911703 3.331231
v -7.987766 2.555851 3.139616
v -8.067086 2.734687 2.514283
v -7.997430 2.627211 3.051431
v -6.442962 3.440171 2.136300
v -6.914342 3.282303 2.172359
v -7.847978 2.915787 2.265716
v -8.069138 2.760235 2.401587
v -8.332410 2.404223 3.051431
v -8.572582 1.834667 3.051431
v 1.890997 -2.737694 4.015680
v 0.578757 -2.395758 4.695588
v 0.496749 -2.653734 4.563568
v 1.704369 -2.974954 3.936008
v -0.504123 -2.274426 4.922040
v -0.550475 -2.478598 4.800556
v -1.793011 -2.263398 4.968112
v -1.847563 -2.489630 4.820160
v -3.016999 -2.296485 4.916952
v -2.998547 -2.511689 4.729884
v -4.187971 -2.407981 4.657147
v -4.135571 -2.631825 4.444220
v -5.369719 -2.551373 4.162596
v -4.935194 -2.819337 4.009079
v -6.298763 -2.672705 3.785984
v -4.987595 -2.918609 3.751316
v -7.250167 -2.919297 3.459028
v -5.367715 -3.131329 3.406564
v -5.389555 -3.311653 3.255108
v -6.874395 -3.279317 3.155576
v -6.314815 -3.465573 2.991264
v -5.995127 -3.991277 2.703804
v -5.419055 -3.991277 2.989664
v -5.400691 -3.403617 3.177867
v -6.775239 -3.740937 2.535579
v -6.342991 -3.991277 2.318068
v -4.472923 -3.192109 3.393804
v -4.745175 -3.045277 3.583212
v -3.157647 -3.608329 1.340316
v -1.664331 -3.507522 1.228408
v -2.014151 -3.581930 1.916836
v -3.191071 -3.572881 1.914132
v -3.637563 -4.005541 1.365308
v -3.689567 -3.989597 1.840044
v -2.032855 -3.200890 3.366072
v -3.949703 -3.200889 3.366072
v -3.762587 -3.402321 3.106184
v -2.195887 -3.415738 3.074400
v -2.279031 -3.525310 2.925652
v -3.667159 -3.505049 2.973648
v -4.500131 -3.379141 3.198264
v -4.601651 -3.991277 2.873540
v -4.018011 -3.990437 2.548184
v -4.514007 -3.474525 3.098540
v 2.668137 -3.239678 3.158740
v 2.823353 -3.104502 3.242272
v 2.978565 -2.969326 3.325800
v 0.646409 -2.078318 4.736952
v -0.504123 -1.956986 4.963404
v -1.793011 -1.945958 5.009476
v -3.016999 -1.979045 4.958316
v -4.266150 -2.148681 4.698515
v -5.523079 -2.324633 4.234156
v -6.603251 -2.534713 3.785984
v -0.504123 -1.238366 5.057048
v 0.799557 -1.359698 4.830592
v -1.793011 -1.227334 5.103116
v -3.016999 -1.260425 5.051960
v -4.443139 -1.371921 4.764100
v -7.438711 -2.593753 3.576375
v -8.375276 -2.517461 3.456219
v -8.039467 -2.919297 3.432495
v -7.608719 -3.189633 3.110276
v -7.397939 -3.271929 3.015244
v -7.643495 -3.456713 2.567876
v -8.480523 -2.462813 3.331231
v -8.241091 -2.919297 3.179675
v -7.987767 -3.106957 3.139616
v -7.997431 -3.178317 3.051431
v -8.067087 -3.285793 2.514283
v -6.914343 -3.833409 2.172359
v -6.442963 -3.991277 2.136300
v -7.847979 -3.466893 2.265716
v -8.069139 -3.311345 2.401587
v -8.332411 -2.955329 3.051431
v -8.572583 -2.385773 3.051431
vn 0.2030 0.3786 0.9030
vn 0.3546 0.5135 0.7814
vn 0.3596 0.4793 0.8006
vn 0.0885 0.3249 0.9416
vn 0.2113 0.4948 0.8430
vn -0.0009 0.3539 0.9353
vn 0.0662 0.5274 0.8470
vn -0.1126 0.3981 0.9104
vn -0.0114 0.5367 0.8437
vn -0.2232 0.4829 0.8468
vn -0.0635 0.6773 0.7329
vn -0.1540 0.7028 0.6945
vn -0.2384 0.7078 0.6650
vn -0.2181 0.6349 0.7411
vn -0.2044 0.8078 0.5528
vn -0.1476 0.6321 0.7607
vn -0.0581 0.7174 0.6942
vn -0.1051 0.6355 0.7649
vn -0.1118 0.7791 0.6168
vn -0.3356 0.4859 0.8070
vn -0.1146 0.7383 0.6646
vn -0.0313 0.5684 0.8222
vn -0.3649 0.8018 0.4734
vn -0.0451 0.8237 0.5653
vn 0.3346 0.9398 0.0690
vn 0.2760 0.9518 0.1337
vn 0.0204 0.9997 0.0122
vn 0.6420 0.7601 0.1004
vn 0.6001 0.7751 0.1979
vn -0.0038 0.8005 0.5993
vn 0.0178 0.8016 0.5975
vn 0.0332 0.7745 0.6317
vn 0.0025 0.9355 0.3532
vn 0.0297 0.7727 0.6341
vn 0.0103 0.7206 0.6932
vn -0.0028 0.7486 0.6631
vn 0.4499 0.7039 0.5496
vn 0.1719 0.2959 0.9396
vn 0.1046 0.6276 0.7715
vn -0.0836 0.1491 0.9853
vn 0.1738 0.8443 0.5069
vn 0.3213 0.6494 0.6893
vn 0.3323 0.7000 0.6321
vn 0.1894 0.1484 0.9706
vn 0.1090 0.1315 0.9853
vn -0.1207 0.1270 0.9845
vn -0.2532 0.2023 0.9460
vn -0.2633 0.4799 0.8369
vn 0.1691 -0.0000 0.9856
vn 0.1728 0.0772 0.9819
vn 0.0998 0.0720 0.9924
vn 0.1019 0.0005 0.9948
vn -0.0024 0.0678 0.9977
vn -0.1110 0.0699 0.9914
vn -0.1111 0.0049 0.9938
vn -0.1982 0.0755 0.9773
vn -0.1886 -0.0000 0.9821
vn -0.2031 0.4554 0.8668
vn -0.1088 0.5786 0.8083
vn -0.1256 0.3864 0.9137
vn -0.3133 0.5966 0.7388
vn -0.0018 0.1292 0.9916
vn -0.1001 0.7964 0.5965
vn -0.1880 0.8466 0.4979
vn -0.2940 0.8270 0.4792
vn -0.5502 0.4820 0.6819
vn -0.5925 0.5916 0.5468
vn -0.2649 0.7789 0.5684
vn -0.3177 0.9071 0.2761
vn -0.2767 0.8929 0.3553
vn -0.3014 0.8826 0.3607
vn -0.4079 0.8687 0.2811
vn -0.3793 0.8910 0.2495
vn -0.2325 0.7123 0.6622
vn -0.6274 0.4980 0.5986
vn -0.7742 0.4832 0.4089
vn 0.3596 -0.4793 0.8006
vn 0.3546 -0.5135 0.7814
vn 0.2030 -0.3786 0.9030
vn 0.2113 -0.4948 0.8430
vn 0.0885 -0.3249 0.9416
vn 0.0662 -0.5274 0.8470
vn -0.0009 -0.3539 0.9353
vn -0.0114 -0.5367 0.8437
vn -0.1126 -0.3981 0.9104
vn -0.0635 -0.6773 0.7329
vn -0.2232 -0.4829 0.8468
vn -0.2218 -0.6154 0.7563
vn -0.2385 -0.7078 0.6650
vn -0.1414 -0.6208 0.7711
vn -0.2044 -0.8078 0.5528
vn -0.0960 -0.5794 0.8094
vn -0.0714 -0.7151 0.6954
vn -0.1117 -0.7791 0.6169
vn -0.1051 -0.6355 0.7649
vn -0.0313 -0.5684 0.8222
vn -0.1146 -0.7383 0.6646
vn -0.3356 -0.4859 0.8070
vn -0.1423 -0.8610 0.4882
vn -0.3649 -0.8018 0.4734
vn -0.0028 -0.7486 0.6631
vn -0.0451 -0.8237 0.5653
vn 0.3346 -0.9398 0.0690
vn 0.1234 -0.9891 -0.0805
vn 0.0204 -0.9997 0.0123
vn 0.6000 -0.7751 0.1979
vn 0.6420 -0.7601 0.1004
vn -0.0038 -0.8005 0.5993
vn 0.0297 -0.7727 0.6341
vn 0.0278 -0.7795 0.6258
vn 0.0025 -0.9355 0.3533
vn 0.1404 -0.8246 0.5480
vn 0.3031 -0.9434 0.1347
vn 0.0138 -0.7277 0.6858
vn 0.1046 -0.6276 0.7715
vn 0.1719 -0.2959 0.9396
vn 0.4499 -0.7039 0.5496
vn -0.0835 -0.1491 0.9853
vn 0.3323 -0.7000 0.6321
vn 0.3213 -0.6494 0.6893
vn 0.1894 -0.1484 0.9706
vn 0.1090 -0.1315 0.9853
vn -0.0018 -0.1292 0.9916
vn -0.1189 -0.1363 0.9835
vn -0.2533 -0.2023 0.9460
vn -0.2633 -0.4799 0.8369
vn 0.1043 -0.0661 0.9923
vn -0.0024 -0.0678 0.9977
vn -0.0030 -0.0000 1.0000
vn -0.1131 -0.0706 0.9911
vn -0.2031 -0.4554 0.8668
vn -0.1256 -0.3864 0.9137
vn -0.5502 -0.4820 0.6819
vn -0.2840 -0.5727 0.7690
vn -0.1982 -0.0755 0.9773
vn 0.1728 -0.0772 0.9819
vn -0.1147 -0.8313 0.5439
vn -0.1880 -0.8466 0.4979
vn -0.7742 -0.4832 0.4089
vn -0.6110 -0.6361 0.4713
vn -0.3276 -0.7702 0.5473
vn -0.3014 -0.8826 0.3607
vn -0.3177 -0.9071 0.2761
vn -0.2767 -0.8929 0.3553
vn -0.3793 -0.8910 0.2495
vn -0.4079 -0.8687 0.2811
vn -0.5633 -0.8093 0.1662
vn 0.0178 -0.8016 0.5975
vn -0.2325 -0.7123 0.6622
vn -0.6274 -0.4980 0.5986
vn 0.1234 0.9891 -0.0805
vn 0.1869 0.6938 0.6955
vn -0.5634 0.8093 0.1662
vn -0.9595 0.2278 0.1656
vn -0.1540 -0.7028 0.6945
vn 0.1869 -0.6938 0.6955
vn -0.9595 -0.2278 0.1657
vt 0.460162 0.533522
vt 0.427265 0.497823
vt 0.438124 0.493768
vt 0.490396 0.545293
vt 0.464239 0.525624
vt 0.525887 0.547338
vt 0.490522 0.538381
vt 0.564401 0.544988
vt 0.527060 0.539198
vt 0.607489 0.531223
vt 0.563998 0.534508
vt 0.602496 0.519551
vt 0.631764 0.496717
vt 0.649955 0.504125
vt 0.633204 0.482719
vt 0.683824 0.484793
vt 0.646929 0.465783
vt 0.646374 0.456722
vt 0.701224 0.451639
vt 0.658167 0.427515
vt 0.676805 0.442970
vt 0.646250 0.452682
vt 0.669649 0.407993
vt 0.624860 0.474899
vt 0.564052 0.356107
vt 0.565134 0.386661
vt 0.504343 0.386823
vt 0.596814 0.357022
vt 0.598078 0.383100
vt 0.508595 0.463941
vt 0.517609 0.446783
vt 0.588883 0.448974
vt 0.520150 0.439336
vt 0.597144 0.463651
vt 0.618865 0.454773
vt 0.616297 0.465600
vt 0.610108 0.418206
vt 0.627097 0.437089
vt 0.619725 0.448807
vt 0.644682 0.442875
vt 0.586708 0.442497
vt 0.402387 0.456570
vt 0.409824 0.451928
vt 0.954943 0.586390
vt 0.965418 0.587671
vt 0.961414 0.608188
vt 0.950939 0.608188
vt 0.961050 0.632608
vt 0.962142 0.655798
vt 0.951667 0.655798
vt 0.965821 0.677984
vt 0.957265 0.679465
vt 0.970552 0.700374
vt 0.963071 0.703279
vt 0.974556 0.717976
vt 0.895456 0.582844
vt 0.931230 0.583488
vt 0.927227 0.608188
vt 0.895456 0.608188
vt 0.926862 0.632608
vt 0.927954 0.655798
vt 0.895456 0.655798
vt 0.931633 0.682818
vt 0.895456 0.683893
vt 0.970003 0.723745
vt 0.982693 0.736002
vt 0.971951 0.739574
vt 0.982693 0.750956
vt 0.950575 0.632608
vt 0.718611 0.468076
vt 0.734104 0.449444
vt 0.724677 0.444725
vt 0.691929 0.419193
vt 0.786824 0.467908
vt 0.757760 0.465778
vt 0.766392 0.453141
vt 0.751344 0.451165
vt 0.672686 0.397474
vt 0.731913 0.421160
vt 0.695943 0.400697
vt 0.752723 0.417989
vt 0.741017 0.404861
vt 0.751286 0.446114
vt 0.769785 0.446535
vt 0.792921 0.461141
vt 0.384167 0.491541
vt 0.395025 0.495597
vt 0.362129 0.531296
vt 0.358052 0.523398
vt 0.331895 0.543066
vt 0.331769 0.536154
vt 0.296404 0.545112
vt 0.295231 0.536972
vt 0.257890 0.542762
vt 0.258292 0.532282
vt 0.214801 0.528997
vt 0.172336 0.501898
vt 0.190527 0.494491
vt 0.138467 0.482566
vt 0.189087 0.480492
vt 0.103680 0.465849
vt 0.175362 0.463556
vt 0.121066 0.449413
vt 0.175917 0.454496
vt 0.176040 0.450456
vt 0.145486 0.440744
vt 0.164124 0.425289
vt 0.130362 0.416967
vt 0.152642 0.405766
vt 0.205994 0.463374
vt 0.197431 0.472673
vt 0.258239 0.353881
vt 0.336661 0.348057
vt 0.317948 0.384596
vt 0.224213 0.380873
vt 0.225477 0.354795
vt 0.313696 0.461715
vt 0.225147 0.461424
vt 0.233408 0.446748
vt 0.302140 0.437109
vt 0.235583 0.440271
vt 0.257157 0.384435
vt 0.203425 0.452547
vt 0.202565 0.446581
vt 0.195194 0.434862
vt 0.212183 0.415979
vt 0.177609 0.440648
vt 0.412467 0.449702
vt 0.419904 0.454344
vt 0.829498 0.608188
vt 0.825495 0.587671
vt 0.835969 0.586390
vt 0.829862 0.632608
vt 0.839973 0.608188
vt 0.840337 0.632608
vt 0.839245 0.655798
vt 0.825091 0.677984
vt 0.828770 0.655798
vt 0.820360 0.700374
vt 0.833647 0.679465
vt 0.816356 0.717976
vt 0.827842 0.703279
vt 0.863686 0.608188
vt 0.864050 0.632608
vt 0.895456 0.632608
vt 0.862958 0.655798
vt 0.820910 0.723745
vt 0.818961 0.739574
vt 0.808219 0.736002
vt 0.821479 0.757318
vt 0.808219 0.750956
vt 0.859279 0.682818
vt 0.859682 0.583488
vt 0.064530 0.463551
vt 0.088187 0.447218
vt 0.097614 0.442499
vt 0.035466 0.465681
vt 0.029370 0.458915
vt 0.055899 0.450914
vt 0.070947 0.448938
vt 0.126348 0.398471
vt 0.149605 0.395248
vt 0.090378 0.418934
vt 0.081274 0.402635
vt 0.069568 0.415763
vt 0.068998 0.409342
vt 0.304682 0.444556
vt 0.071005 0.443888
vt 0.052506 0.444308
vt 0.485630 0.350283
vt 0.395305 0.460856
vt 0.969434 0.757318
vt 0.753293 0.411568
vt 0.800964 0.447246
vt 0.219795 0.517324
vt 0.426986 0.458630
vt 0.021327 0.445019
s 1
usemtl bodyMat
f 618/598/583 615/599/584 616/600/585
f 620/601/586 618/598/583 617/602/587
f 622/603/588 620/601/586 619/604/589
f 624/605/590 622/603/588 621/606/591
f 626/607/592 624/605/590 623/608/593
f 626/607/592 625/609/594 627/610/595
f 628/611/596 627/610/595 629/612/597
f 630/613/598 629/612/597 631/614/599
f 631/614/599 633/615/600 634/616/601
f 638/617/602 635/618/603 636/619/604
f 635/618/603 638/617/602 639/620/605
f 631/614/599 629/612/597 641/621/606
f 643/622/607 644/623/608 645/624/609
f 643/622/607 647/625/610 648/626/611
f 649/627/612 650/628/613 651/629/614
f 653/630/615 645/624/609 644/623/608
f 652/631/616 651/629/614 655/632/617
f 631/614/599 642/633/618 655/632/617
f 658/634/619 656/635/620 657/636/621
f 656/635/620 637/637/622 636/619/604
f 658/634/619 654/638/623 644/623/608
f 660/639/624 661/640/625 615/599/584
f 663/641/626 618/642/583 620/643/586
f 662/644/627 620/643/586 622/645/588
f 622/645/588 624/646/590 665/647/628
f 665/647/628 624/646/590 626/648/592
f 666/649/629 626/648/592 628/650/596
f 667/651/630 628/650/596 630/652/598
f 669/653/631 670/654/632 671/655/633
f 672/656/634 671/655/633 673/657/635
f 673/657/635 675/658/636 676/659/637
f 675/658/636 677/660/638 678/661/639
f 668/662/640 630/652/598 632/663/641
f 679/664/642 632/663/641 680/665/643
f 665/647/628 666/649/629 677/660/638
f 664/666/644 665/647/628 675/658/636
f 671/655/633 662/644/627 664/666/644
f 670/654/632 663/641/626 662/644/627
f 632/667/641 634/616/601 682/668/645
f 684/669/646 635/618/603 640/670/647
f 681/671/648 680/672/643 685/673/649
f 680/672/643 682/668/645 687/674/650
f 640/670/647 639/620/605 690/675/651
f 683/676/652 640/670/647 691/677/653
f 688/678/654 683/676/652 692/679/655
f 650/628/613 653/630/615 654/638/623
f 657/636/621 655/632/617 651/629/614
f 636/619/604 633/615/600 655/632/617
f 633/615/600 636/619/604 635/618/603
f 684/669/646 682/668/645 634/616/601
f 689/680/656 687/674/650 682/668/645
f 687/674/650 689/680/656 694/681/657
f 686/682/658 685/673/649 694/681/657
f 699/683/659 696/684/660 697/685/661
f 698/686/662 697/685/661 700/687/663
f 701/688/664 700/687/663 702/689/665
f 703/690/666 702/689/665 704/691/667
f 705/692/668 704/691/667 706/693/669
f 706/693/669 708/694/670 709/695/671
f 708/694/670 710/696/672 711/697/673
f 710/696/672 712/698/674 713/699/675
f 715/700/676 714/701/677 713/699/675
f 719/702/678 716/703/679 717/704/680
f 716/703/679 720/705/681 721/706/682
f 713/699/675 722/707/683 723/708/684
f 724/709/685 725/710/686 726/711/687
f 729/712/688 728/713/689 724/709/685
f 730/714/690 731/715/691 732/716/692
f 734/717/693 735/718/694 727/719/695
f 731/715/691 722/707/683 736/720/696
f 736/720/696 722/707/683 713/699/675
f 739/721/697 737/722/698 738/723/699
f 719/702/678 718/724/700 737/722/698
f 738/723/699 729/712/688 727/719/695
f 740/725/701 741/726/702 696/684/660
f 700/727/663 697/728/661 743/729/703
f 702/730/665 700/727/663 744/731/704
f 702/730/665 745/732/705 746/733/706
f 706/734/669 704/735/667 746/733/706
f 708/736/670 706/734/669 747/737/707
f 710/738/672 708/736/670 748/739/708
f 669/653/631 672/656/634 750/740/709
f 752/741/710 750/740/709 672/656/634
f 752/741/710 674/742/711 676/659/637
f 753/743/712 676/659/637 678/661/639
f 749/744/713 755/745/714 712/746/674
f 755/745/714 756/747/715 757/748/716
f 746/733/706 753/743/712 754/749/717
f 745/732/705 752/741/710 753/743/712
f 745/732/705 744/731/704 750/740/709
f 744/731/704 743/729/703 751/750/718
f 712/698/674 757/751/716 758/752/719
f 720/705/681 716/703/679 759/753/720
f 756/754/715 761/755/721 762/756/722
f 757/751/716 762/756/722 763/757/723
f 720/705/681 766/758/724 767/759/725
f 760/760/726 768/761/727 766/758/724
f 765/762/728 769/763/729 768/761/727
f 733/764/730 732/716/692 735/718/694
f 732/716/692 736/720/696 739/721/697
f 736/720/696 714/701/677 719/702/678
f 716/703/679 719/702/678 714/701/677
f 715/700/676 758/752/719 759/753/720
f 758/752/719 763/757/723 764/765/731
f 763/757/723 762/756/722 770/766/732
f 770/766/732 762/756/722 761/755/721
f 618/598/583 616/600/585 617/602/587
f 620/601/586 617/602/587 619/604/589
f 622/603/588 619/604/589 621/606/591
f 624/605/590 621/606/591 623/608/593
f 626/607/592 623/608/593 625/609/594
f 626/607/592 627/610/595 628/611/596
f 628/611/596 629/612/597 630/613/598
f 630/613/598 631/614/599 632/667/641
f 631/614/599 634/616/601 632/667/641
f 638/617/602 636/619/604 637/637/622
f 635/618/603 639/620/605 640/670/647
f 631/614/599 641/621/606 642/633/618
f 643/622/607 645/624/609 646/767/733
f 643/622/607 648/626/611 644/623/608
f 649/627/612 651/629/614 652/631/616
f 653/630/615 644/623/608 654/638/623
f 652/631/616 655/632/617 642/633/618
f 631/614/599 655/632/617 633/615/600
f 658/634/619 657/636/621 654/638/623
f 656/635/620 636/619/604 657/636/621
f 658/634/619 644/623/608 648/626/611
f 659/768/734 660/639/624 615/599/584
f 615/599/584 661/640/625 616/600/585
f 663/641/626 620/643/586 662/644/627
f 662/644/627 622/645/588 664/666/644
f 622/645/588 665/647/628 664/666/644
f 665/647/628 626/648/592 666/649/629
f 666/649/629 628/650/596 667/651/630
f 667/651/630 630/652/598 668/662/640
f 669/653/631 671/655/633 672/656/634
f 672/656/634 673/657/635 674/742/711
f 673/657/635 676/659/637 674/742/711
f 675/658/636 678/661/639 676/659/637
f 668/662/640 632/663/641 679/664/642
f 679/664/642 680/665/643 681/769/648
f 665/647/628 677/660/638 675/658/636
f 664/666/644 675/658/636 673/657/635
f 671/655/633 664/666/644 673/657/635
f 670/654/632 662/644/627 671/655/633
f 632/667/641 682/668/645 680/672/643
f 684/669/646 640/670/647 683/676/652
f 681/671/648 685/673/649 686/682/658
f 680/672/643 687/674/650 685/673/649
f 640/670/647 690/675/651 691/677/653
f 683/676/652 691/677/653 692/679/655
f 688/678/654 692/679/655 693/770/735
f 650/628/613 654/638/623 651/629/614
f 657/636/621 651/629/614 654/638/623
f 636/619/604 655/632/617 657/636/621
f 633/615/600 635/618/603 634/616/601
f 684/669/646 634/616/601 635/618/603
f 689/680/656 682/668/645 684/669/646
f 687/674/650 694/681/657 685/673/649
f 686/682/658 694/681/657 695/771/736
f 699/683/659 697/685/661 698/686/662
f 698/686/662 700/687/663 701/688/664
f 701/688/664 702/689/665 703/690/666
f 703/690/666 704/691/667 705/692/668
f 705/692/668 706/693/669 707/772/737
f 706/693/669 709/695/671 707/772/737
f 708/694/670 711/697/673 709/695/671
f 710/696/672 713/699/675 711/697/673
f 715/700/676 713/699/675 712/698/674
f 719/702/678 717/704/680 718/724/700
f 716/703/679 721/706/682 717/704/680
f 713/699/675 723/708/684 711/697/673
f 724/709/685 726/711/687 727/719/695
f 729/712/688 724/709/685 727/719/695
f 730/714/690 732/716/692 733/764/730
f 734/717/693 727/719/695 726/711/687
f 731/715/691 736/720/696 732/716/692
f 736/720/696 713/699/675 714/701/677
f 739/721/697 738/723/699 735/718/694
f 719/702/678 737/722/698 739/721/697
f 738/723/699 727/719/695 735/718/694
f 699/683/659 740/725/701 696/684/660
f 696/684/660 741/726/702 742/773/738
f 700/727/663 743/729/703 744/731/704
f 702/730/665 744/731/704 745/732/705
f 702/730/665 746/733/706 704/735/667
f 706/734/669 746/733/706 747/737/707
f 708/736/670 747/737/707 748/739/708
f 710/738/672 748/739/708 749/744/713
f 669/653/631 750/740/709 751/750/718
f 752/741/710 672/656/634 674/742/711
f 752/741/710 676/659/637 753/743/712
f 753/743/712 678/661/639 754/749/717
f 749/744/713 712/746/674 710/738/672
f 755/745/714 757/748/716 712/746/674
f 746/733/706 754/749/717 747/737/707
f 745/732/705 753/743/712 746/733/706
f 745/732/705 750/740/709 752/741/710
f 744/731/704 751/750/718 750/740/709
f 712/698/674 758/752/719 715/700/676
f 720/705/681 759/753/720 760/760/726
f 756/754/715 762/756/722 757/751/716
f 757/751/716 763/757/723 758/752/719
f 720/705/681 767/759/725 721/706/682
f 760/760/726 766/758/724 720/705/681
f 765/762/728 768/761/727 760/760/726
f 733/764/730 735/718/694 734/717/693
f 732/716/692 739/721/697 735/718/694
f 736/720/696 719/702/678 739/721/697
f 716/703/679 714/701/677 715/700/676
f 715/700/676 759/753/720 716/703/679
f 758/752/719 764/765/731 759/753/720
f 763/757/723 770/766/732 764/765/731
f 770/766/732 761/755/721 771/774/739
o car26
v -6.940362 3.306891 1.953791
v -6.524278 3.440171 1.936795
v -6.519974 3.440171 1.495095
v -6.864930 3.306895 1.519124
v -7.716866 2.976547 1.597095
v -7.775342 2.961999 2.025896
v -8.334278 2.623239 1.639423
v -8.549630 2.535951 2.069155
v -6.914342 3.282303 2.172359
v -6.442962 3.440171 2.136300
v -7.847978 2.915787 2.265716
v -8.069138 2.760235 2.401587
v -8.067086 2.734687 2.514283
v -8.476770 2.350091 2.268847
v -8.381570 2.383723 2.514283
v -8.543214 2.506491 1.554067
v -8.733358 2.341083 2.086623
v -8.784370 1.502031 2.279763
v -8.681862 1.649423 2.514283
v -8.843019 2.115676 1.675187
v -9.085082 1.296191 2.104995
v -9.101151 1.002927 1.681567
v -9.142922 1.002927 2.109911
v -8.884862 0.984095 2.219439
v -9.091227 0.420112 1.697235
v -9.127251 0.420112 2.115059
v -8.871310 0.409863 2.224863
v -6.511598 3.345027 0.635664
v -6.817758 3.245051 0.673371
v -8.749083 2.179411 1.178715
v -8.459850 2.536535 1.209859
v -8.449246 2.540355 1.166071
v -8.737130 2.179411 1.115551
v -9.057246 1.027911 1.116303
v -9.056570 1.031091 1.044387
v -9.057230 0.420112 1.117979
v -9.057818 0.420112 1.044283
v -6.510274 3.207067 0.499496
v -6.816430 3.107499 0.570212
v -7.603086 3.004851 0.762755
v -7.585062 2.991715 0.610947
v -8.048842 2.793075 0.878899
v -8.024018 2.819983 0.657507
v -8.436315 2.483763 0.793531
v -8.621746 2.177847 0.807707
v -8.881386 1.031091 0.815459
v -8.766358 0.462527 1.023971
v -8.765454 0.985355 1.024019
v -8.707047 0.985355 0.899091
v -8.709766 0.428879 0.853019
v -6.751894 3.169267 1.519124
v -7.268446 2.838919 1.597095
v -6.746354 3.169267 0.673371
v -7.193174 2.867227 0.762755
v -7.676906 2.485611 1.639423
v -7.488066 2.655451 0.878899
v -7.815130 2.236707 1.554067
v -7.756470 2.297755 1.187963
v -8.768234 -0.159989 1.024563
v -8.767182 0.366079 1.024615
v -8.710175 0.332431 0.865855
v -8.713450 -0.224361 0.863687
v -9.057214 -0.275549 1.119975
v -9.059306 -0.275549 1.044155
v -9.079374 -0.275549 1.715935
v -9.108546 -0.275549 2.123291
v -8.855130 -0.275549 2.231339
v -9.050594 0.985355 1.024019
v -9.051495 0.462527 1.023971
v -8.935066 0.985355 0.899091
v -8.884402 0.380467 0.813347
v -8.890126 0.428879 0.853019
v -9.052319 0.366079 1.024615
v -9.053374 -0.159989 1.024563
v -8.915195 0.332431 0.865855
v -8.888006 -0.275549 0.810831
v -8.893810 -0.224361 0.863687
v -9.054330 0.420112 1.482291
v -9.046874 -0.275549 1.494795
v -9.060582 1.012200 1.471819
v -8.808158 2.179411 1.490963
v -8.512282 2.517639 1.426343
v -7.794662 2.258007 1.426343
v -8.978606 -0.275549 1.494795
v -8.986066 0.420111 1.482291
v -8.988962 0.420111 1.117979
v -8.988946 -0.275549 1.119975
v -8.992314 0.955083 1.471819
v -8.988978 0.970799 1.116303
v -8.963702 1.085948 1.455135
v -8.846934 2.086976 1.474283
v -8.787854 2.086975 1.218047
v -8.960366 1.101663 1.155635
v -6.940363 -3.857989 1.953791
v -6.864931 -3.857989 1.519124
v -6.519975 -3.991269 1.495095
v -6.524279 -3.991269 1.936795
v -7.775343 -3.513093 2.025896
v -7.716866 -3.527641 1.597095
v -8.549631 -3.087049 2.069155
v -8.334279 -3.174337 1.639423
v -6.914343 -3.833397 2.172359
v -6.442963 -3.991269 2.136300
v -7.847979 -3.466881 2.265716
v -8.069139 -3.311333 2.401587
v -8.067087 -3.285785 2.514283
v -8.381571 -2.934821 2.514283
v -8.476771 -2.901189 2.268847
v -8.733359 -2.892177 2.086623
v -8.543215 -3.057589 1.554067
v -8.681863 -2.200521 2.514283
v -8.784370 -2.053128 2.279763
v -9.085082 -1.847288 2.104995
v -8.843019 -2.666768 1.675187
v -9.142922 -1.554025 2.109911
v -9.101151 -1.554025 1.681567
v -8.884862 -1.535189 2.219439
v -9.127251 -0.971205 2.115059
v -9.091227 -0.971205 1.697235
v -8.871310 -0.960961 2.224863
v -6.817759 -3.796145 0.673371
v -6.511599 -3.896121 0.635664
v -8.749083 -2.730509 1.178715
v -8.737130 -2.730509 1.115551
v -8.449247 -3.091453 1.166071
v -8.459851 -3.087629 1.209859
v -9.057246 -1.579009 1.116303
v -9.056570 -1.582185 1.044387
v -9.057230 -0.971205 1.117979
v -9.057818 -0.971205 1.044283
v -6.816431 -3.658593 0.570212
v -6.510275 -3.758165 0.499496
v -7.603087 -3.555949 0.762755
v -7.585063 -3.542813 0.610947
v -8.048843 -3.344169 0.878899
v -8.024019 -3.371081 0.657507
v -8.436315 -3.034861 0.793531
v -8.621746 -2.728945 0.807707
v -8.881386 -1.582185 0.815459
v -8.766358 -1.013620 1.023971
v -8.709766 -0.979977 0.853019
v -8.707047 -1.536448 0.899091
v -8.765454 -1.536453 1.024019
v -7.268447 -3.390017 1.597095
v -6.751894 -3.720365 1.519124
v -6.746355 -3.720365 0.673371
v -7.193175 -3.418321 0.762755
v -7.676907 -3.036709 1.639423
v -7.488067 -3.206545 0.878899
v -7.815131 -2.787805 1.554067
v -7.756471 -2.848853 1.187963
v -8.768234 -0.391105 1.024563
v -8.713450 -0.326733 0.863687
v -8.710175 -0.883529 0.865855
v -8.767182 -0.917173 1.024615
v -9.051495 -1.013620 1.023971
v -9.050594 -1.536453 1.024019
v -8.935066 -1.536448 0.899091
v -8.890126 -0.979977 0.853019
v -8.884402 -0.931565 0.813347
v -9.053374 -0.391105 1.024563
v -9.052319 -0.917173 1.024615
v -8.915195 -0.883529 0.865855
v -8.893810 -0.326733 0.863687
v -9.054330 -0.971205 1.482291
v -9.060582 -1.563293 1.471819
v -8.808159 -2.730509 1.490963
v -8.512283 -3.068737 1.426343
v -7.794662 -2.809101 1.426343
v -8.988962 -0.971205 1.117979
v -8.986066 -0.971205 1.482291
v -8.988978 -1.521893 1.116303
v -8.992314 -1.506181 1.471819
v -8.963702 -1.637045 1.455135
v -8.960366 -1.652757 1.155635
v -8.787854 -2.638073 1.218047
v -8.846934 -2.638072 1.474283
vn -0.5974 0.6713 -0.4386
vn -0.3434 0.9385 0.0370
vn -0.3174 0.9465 0.0584
vn -0.3413 0.5923 -0.7298
vn -0.4344 0.9007 0.0083
vn -0.1897 0.8024 -0.5659
vn -0.3283 0.9322 0.1525
vn -0.3154 0.9408 0.1242
vn -0.4955 0.8620 -0.1065
vn -0.6326 0.7543 0.1756
vn -0.8037 0.5337 0.2630
vn -0.7488 0.6445 0.1548
vn -0.6216 0.7336 0.2747
vn -0.5478 0.8308 -0.0987
vn -0.7358 0.4420 0.5130
vn -0.9058 0.3753 0.1965
vn -0.7884 0.4744 0.3915
vn -0.9125 0.4073 -0.0386
vn -0.6806 0.2359 0.6936
vn -0.8643 0.1925 0.4646
vn -0.9866 0.0907 -0.1358
vn -0.4101 0.0124 0.9120
vn -0.8443 0.1016 0.5262
vn -0.9917 -0.0200 -0.1270
vn -0.8571 -0.0156 0.5148
vn -0.6574 0.7016 -0.2749
vn -0.3776 0.9237 -0.0651
vn -0.8762 0.4140 -0.2468
vn -0.8175 0.5553 -0.1527
vn -0.2700 0.9626 0.0221
vn -0.9825 0.0501 0.1794
vn -0.9420 -0.0117 -0.3355
vn -0.7040 0.0028 0.7102
vn -0.2878 0.8480 -0.4451
vn -0.3388 0.6222 -0.7057
vn -0.3093 0.9506 -0.0268
vn -0.2700 0.7987 0.5377
vn -0.4601 0.8829 0.0941
vn -0.3256 0.8156 0.4784
vn -0.7019 0.7074 -0.0829
vn -0.3950 0.9153 0.0789
vn -0.8700 0.4443 -0.2136
vn -0.7651 0.0990 -0.6363
vn -0.9148 0.1932 -0.3548
vn -0.4582 0.5337 -0.7108
vn -0.4226 -0.6127 -0.6679
vn -0.7044 -0.5725 0.4196
vn -0.0371 -0.1192 -0.9922
vn -0.6076 -0.4738 -0.6375
vn 0.0740 0.2263 0.9712
vn 0.0214 0.0683 -0.9974
vn 0.1192 0.4378 0.8912
vn 0.2671 0.8217 -0.5035
vn 0.2505 0.7959 0.5511
vn -0.4732 0.4558 -0.7539
vn -0.4616 -0.6671 -0.5848
vn -0.6963 -0.5029 0.5121
vn -0.9450 -0.0111 -0.3270
vn -0.6966 -0.0070 0.7174
vn -0.9932 0.0034 -0.1166
vn -0.3950 -0.0008 0.9187
vn -0.8517 0.0015 0.5240
vn -0.6851 -0.1698 -0.7084
vn -0.7450 -0.6433 -0.1765
vn -0.8865 0.0284 -0.4619
vn -0.8892 0.4508 -0.0784
vn -0.6960 0.1871 -0.6932
vn -0.8001 -0.5996 0.0141
vn -0.9787 -0.0000 -0.2054
vn -0.8686 0.4606 -0.1829
vn -0.8231 0.0752 -0.5629
vn -0.8009 -0.0180 -0.5985
vn -0.6539 0.0046 -0.7566
vn -0.6428 -0.0275 -0.7655
vn -0.9184 0.0057 -0.3957
vn -0.8227 0.5685 -0.0038
vn 0.3282 0.9264 0.1846
vn -0.2629 0.9609 0.0866
vn -0.6998 0.0011 0.7143
vn -0.7151 -0.0028 -0.6990
vn -0.7109 -0.0197 -0.7030
vn -0.7053 -0.0021 0.7089
vn -0.7086 -0.3276 -0.6250
vn -0.7111 0.4838 0.5101
vn -0.7080 0.4530 -0.5418
vn -0.5730 0.3937 -0.7188
vn -0.7112 -0.3404 0.6151
vn -0.9960 -0.0327 0.0832
vn -0.3174 -0.9465 0.0583
vn -0.3434 -0.9385 0.0370
vn -0.5975 -0.6713 -0.4386
vn -0.4270 -0.9039 0.0257
vn -0.3294 -0.6031 -0.7264
vn -0.6395 -0.7194 0.2710
vn -0.3526 -0.7619 -0.5433
vn -0.3283 -0.9322 0.1525
vn -0.4955 -0.8620 -0.1065
vn -0.6326 -0.7543 0.1756
vn -0.7488 -0.6445 0.1548
vn -0.8037 -0.5338 0.2630
vn -0.7792 -0.4968 0.3822
vn -0.5084 -0.8170 -0.2721
vn -0.7358 -0.4420 0.5130
vn -0.9058 -0.3753 0.1965
vn -0.8768 -0.1641 0.4520
vn -0.9290 -0.3688 -0.0305
vn -0.6806 -0.2359 0.6936
vn -0.8781 -0.0438 0.4765
vn -0.9844 -0.0910 -0.1509
vn -0.4101 -0.0124 0.9120
vn -0.8568 0.0160 0.5154
vn -0.9916 0.0209 -0.1276
vn -0.3950 0.0008 0.9187
vn -0.3776 -0.9237 -0.0651
vn -0.6574 -0.7016 -0.2749
vn -0.2700 -0.9626 0.0222
vn -0.8175 -0.5554 -0.1528
vn -0.8762 -0.4140 -0.2468
vn -0.9607 0.0400 0.2749
vn -0.9589 -0.1324 -0.2511
vn -0.7040 -0.0033 0.7102
vn -0.9420 0.0117 -0.3355
vn -0.2364 -0.3998 -0.8856
vn -0.3388 -0.6222 -0.7057
vn -0.2700 -0.7987 0.5377
vn -0.3093 -0.9506 -0.0268
vn -0.3256 -0.8156 0.4784
vn -0.4601 -0.8829 0.0941
vn -0.3950 -0.9153 0.0790
vn -0.7019 -0.7074 -0.0829
vn -0.8700 -0.4443 -0.2136
vn -0.7651 -0.0990 -0.6363
vn -0.4669 -0.5269 -0.7102
vn -0.6429 -0.6027 0.4727
vn -0.6917 0.5862 0.4218
vn -0.0371 0.1192 -0.9922
vn -0.6076 0.4738 -0.6375
vn -0.4830 0.5076 0.7134
vn 0.0740 -0.2263 0.9712
vn 0.0215 -0.0683 -0.9974
vn 0.1192 -0.4378 0.8912
vn 0.2671 -0.8217 -0.5035
vn 0.2505 -0.7959 0.5512
vn -0.4746 -0.4547 -0.7537
vn -0.6378 -0.6586 0.3994
vn -0.6948 0.5046 0.5125
vn -0.3912 -0.0000 0.9203
vn -0.6536 -0.2205 -0.7240
vn -0.7524 -0.0318 -0.6579
vn -0.7510 0.5727 -0.3285
vn -0.7266 -0.6412 -0.2469
vn -0.8865 -0.0284 -0.4619
vn -0.6960 -0.1871 -0.6932
vn -0.7085 0.0430 -0.7043
vn -0.7619 0.6050 -0.2311
vn -0.7076 -0.6455 -0.2873
vn -0.4241 0.6129 -0.6667
vn -0.4621 0.6670 -0.5844
vn -0.6428 0.0275 -0.7655
vn -0.9184 -0.0057 -0.3957
vn -0.8227 -0.5685 -0.0038
vn -0.2629 -0.9609 0.0866
vn 0.3282 -0.9264 0.1846
vn -0.7109 0.0197 -0.7030
vn -0.7086 0.3276 -0.6249
vn -0.7053 0.0021 0.7089
vn -0.5730 -0.3938 -0.7188
vn -0.7080 -0.4530 -0.5418
vn -0.7111 -0.4838 0.5101
vn -0.7120 0.3416 0.6135
vn -0.7984 -0.0866 -0.5958
vn -0.2364 0.3998 -0.8856
vn -0.6429 0.6027 0.4727
vn -0.4830 -0.5076 0.7134
vn -0.6378 0.6586 0.3994
vn -0.3154 -0.9408 0.1242
vn -0.2878 -0.8480 -0.4451
vt 0.442337 0.244278
vt 0.447372 0.277262
vt 0.419597 0.275972
vt 0.499205 0.250194
vt 0.503109 0.282733
vt 0.540419 0.253406
vt 0.445635 0.293848
vt 0.414169 0.291111
vt 0.507957 0.300932
vt 0.522720 0.311243
vt 0.543576 0.319794
vt 0.522584 0.319794
vt 0.554795 0.286016
vt 0.554366 0.246929
vt 0.549931 0.301170
vt 0.687051 0.323346
vt 0.705304 0.323346
vt 0.704468 0.301539
vt 0.704244 0.285348
vt 0.708355 0.238029
vt 0.698641 0.248791
vt 0.683388 0.302509
vt 0.678271 0.286980
vt 0.670982 0.249358
vt 0.670514 0.297148
vt 0.670982 0.287417
vt 0.656494 0.250750
vt 0.656494 0.287874
vt 0.439188 0.180098
vt 0.419310 0.242454
vt 0.700225 0.199067
vt 0.700225 0.204679
vt 0.709102 0.207447
vt 0.671603 0.199134
vt 0.656494 0.192735
vt 0.656494 0.199283
vt 0.418751 0.177237
vt 0.418662 0.166904
vt 0.490407 0.175361
vt 0.491611 0.186881
vt 0.519709 0.178895
vt 0.521366 0.195695
vt 0.547231 0.189217
vt 0.548094 0.217486
vt 0.700186 0.171715
vt 0.709197 0.203556
vt 0.671682 0.172404
vt 0.671682 0.192744
vt 0.657549 0.190930
vt 0.670545 0.190934
vt 0.670545 0.179834
vt 0.469272 0.250194
vt 0.434791 0.244278
vt 0.464248 0.186881
vt 0.496538 0.253406
vt 0.483932 0.195695
vt 0.505765 0.246929
vt 0.501849 0.219148
vt 0.703167 0.205501
vt 0.642076 0.190983
vt 0.655152 0.190987
vt 0.654315 0.176881
vt 0.639203 0.192723
vt 0.639203 0.199460
vt 0.639203 0.252412
vt 0.656240 0.297631
vt 0.639203 0.288606
vt 0.655510 0.172216
vt 0.656713 0.175741
vt 0.639203 0.171992
vt 0.640475 0.176688
vt 0.639203 0.232763
vt 0.656494 0.231652
vt 0.671212 0.230722
vt 0.700225 0.232423
vt 0.701650 0.238029
vt 0.702179 0.226681
vt 0.708632 0.226681
vt 0.669793 0.230722
vt 0.673436 0.202629
vt 0.673046 0.229239
vt 0.697928 0.230941
vt 0.670183 0.199134
vt 0.697928 0.208174
vt 0.402661 0.275972
vt 0.374887 0.277262
vt 0.379922 0.244278
vt 0.319149 0.282733
vt 0.323053 0.250194
vt 0.267463 0.286016
vt 0.281839 0.253406
vt 0.376624 0.293848
vt 0.314301 0.300932
vt 0.299538 0.311243
vt 0.299675 0.319794
vt 0.278682 0.319794
vt 0.255199 0.287342
vt 0.267892 0.246929
vt 0.272327 0.301170
vt 0.573938 0.301539
vt 0.573102 0.323346
vt 0.591355 0.323346
vt 0.574162 0.285348
vt 0.600135 0.286980
vt 0.579766 0.248791
vt 0.595018 0.302509
vt 0.607424 0.287417
vt 0.607424 0.249358
vt 0.607893 0.297148
vt 0.621911 0.287874
vt 0.621911 0.250750
vt 0.622166 0.297631
vt 0.402949 0.242454
vt 0.383071 0.180098
vt 0.569304 0.207447
vt 0.578181 0.204679
vt 0.578181 0.199067
vt 0.606803 0.199134
vt 0.606724 0.192744
vt 0.621911 0.199283
vt 0.621911 0.192735
vt 0.383159 0.172270
vt 0.403596 0.166904
vt 0.330648 0.186881
vt 0.331851 0.175361
vt 0.300893 0.195695
vt 0.302549 0.178895
vt 0.274164 0.217486
vt 0.275028 0.189217
vt 0.569209 0.203556
vt 0.578220 0.171715
vt 0.606724 0.172404
vt 0.620857 0.190930
vt 0.621693 0.175741
vt 0.607861 0.179834
vt 0.352986 0.250194
vt 0.387468 0.244278
vt 0.387837 0.180098
vt 0.358011 0.186881
vt 0.325720 0.253406
vt 0.338326 0.195695
vt 0.316493 0.246929
vt 0.320409 0.219148
vt 0.705554 0.323346
vt 0.700395 0.323346
vt 0.695236 0.323346
vt 0.636331 0.190983
vt 0.637931 0.176688
vt 0.624091 0.176881
vt 0.639203 0.298206
vt 0.607861 0.190934
vt 0.622897 0.172216
vt 0.623254 0.190987
vt 0.621911 0.231652
vt 0.607194 0.230722
vt 0.570051 0.238029
vt 0.578181 0.232423
vt 0.569774 0.226681
vt 0.576228 0.226681
vt 0.576757 0.238029
vt 0.608614 0.230722
vt 0.580479 0.230941
vt 0.605361 0.229239
vt 0.604970 0.202629
vt 0.575239 0.205501
vt 0.608223 0.199134
vt 0.580479 0.208174
vt 0.567059 0.287342
vt 0.439099 0.172270
vt 0.707790 0.170455
vt 0.434421 0.180098
vt 0.408090 0.291111
vt 0.403508 0.177237
vt 0.570616 0.170455
s 1
usemtl bodyMat
f 775/775/740 772/776/741 773/777/742
f 772/776/741 775/775/740 776/778/743
f 777/779/744 776/778/743 778/780/745
f 780/781/746 781/782/747 773/777/742
f 777/779/744 782/783/748 780/781/746
f 783/784/749 782/783/748 777/779/744
f 786/785/750 784/786/751 783/784/749
f 779/787/752 778/780/745 787/788/753
f 785/789/754 783/784/749 779/787/752
f 790/790/755 786/791/750 785/792/754
f 788/793/756 787/794/753 791/795/757
f 789/796/758 785/792/754 788/793/756
f 792/797/759 791/795/757 793/798/760
f 795/799/761 789/796/758 792/797/759
f 794/800/762 793/798/760 796/801/763
f 795/799/761 794/800/762 797/802/764
f 800/803/765 775/775/740 774/804/766
f 804/805/767 801/806/768 802/807/769
f 805/808/770 801/806/768 804/805/767
f 808/809/771 807/810/772 805/808/770
f 800/803/765 799/811/773 809/812/774
f 812/813/775 811/814/776 800/803/765
f 814/815/777 813/816/778 811/814/776
f 815/817/779 803/818/780 813/816/778
f 816/819/781 804/805/767 803/820/780
f 817/821/782 806/822/783 804/805/767
f 818/823/784 819/824/785 820/825/786
f 823/826/787 776/778/743 775/775/740
f 822/827/788 775/775/740 800/803/765
f 800/803/765 811/814/776 825/828/789
f 826/829/790 778/780/745 776/778/743
f 811/814/776 813/816/778 827/830/791
f 828/831/792 787/788/753 778/780/745
f 813/816/778 803/818/780 829/832/793
f 803/820/780 802/807/769 829/833/793
f 830/834/794 831/835/795 832/836/796
f 835/837/797 834/838/798 807/810/772
f 797/802/764 796/801/763 836/839/799
f 798/840/800 797/802/764 837/841/801
f 808/809/771 806/822/783 839/824/802
f 806/822/783 817/821/782 841/825/803
f 817/821/782 842/842/804 843/843/805
f 843/843/805 842/842/804 808/809/771
f 845/834/806 835/837/797 808/809/771
f 808/809/771 842/842/804 846/836/807
f 842/842/804 847/844/808 848/845/809
f 848/845/809 847/844/808 835/837/797
f 818/823/784 840/823/810 839/824/802
f 819/824/785 839/824/802 841/825/803
f 820/825/786 841/825/803 843/843/805
f 843/843/805 840/823/810 818/823/784
f 830/834/794 845/834/806 844/835/811
f 831/835/795 844/835/811 846/836/807
f 832/836/796 846/836/807 848/845/809
f 848/845/809 845/834/806 830/834/794
f 850/846/812 836/839/799 796/801/763
f 849/847/813 796/801/763 793/798/760
f 851/848/814 793/798/760 791/795/757
f 852/849/815 791/795/757 787/794/753
f 828/850/792 854/851/816 853/852/817
f 858/838/818 855/846/819 856/847/820
f 857/810/821 856/847/820 859/853/822
f 864/854/823 861/855/824 862/856/825
f 801/806/768 852/849/815 853/852/817
f 854/851/816 829/833/793 802/807/769
f 850/846/812 849/847/813 856/847/820
f 857/810/821 807/810/772 834/838/798
f 849/847/813 851/848/814 859/853/822
f 851/848/814 805/808/770 860/857/826
f 860/857/826 805/808/770 807/810/772
f 851/848/814 852/849/815 862/856/825
f 852/849/815 801/806/768 863/858/827
f 863/858/827 801/806/768 805/808/770
f 864/854/823 805/808/770 851/848/814
f 868/859/828 865/860/829 866/861/830
f 865/860/829 869/862/831 870/863/832
f 869/862/831 871/864/833 872/865/834
f 873/866/835 865/860/829 868/859/828
f 873/866/835 875/867/836 869/862/831
f 876/868/837 871/864/833 869/862/831
f 876/868/837 877/869/838 878/870/839
f 871/864/833 880/871/840 881/872/841
f 871/864/833 876/868/837 879/873/842
f 879/874/842 878/875/839 882/876/843
f 880/877/840 884/878/844 885/879/845
f 880/877/840 879/874/842 883/880/846
f 884/878/844 886/881/847 887/882/848
f 884/878/844 883/880/846 888/883/849
f 886/881/847 889/884/850 890/885/851
f 888/883/849 891/886/852 889/884/850
f 867/887/853 866/861/830 892/888/854
f 897/889/855 894/890/856 895/891/857
f 898/892/858 899/893/859 895/891/857
f 898/892/858 900/894/860 901/895/861
f 892/888/854 902/896/862 903/897/863
f 892/888/854 904/898/864 905/899/865
f 904/898/864 906/900/866 907/901/867
f 906/900/866 896/902/868 908/903/869
f 896/904/868 895/891/857 909/905/870
f 895/891/857 899/893/859 910/906/871
f 911/907/872 912/908/873 913/909/874
f 866/861/830 870/863/832 915/910/875
f 892/888/854 866/861/830 916/911/876
f 892/888/854 917/912/877 918/913/878
f 870/863/832 872/865/834 919/914/879
f 904/898/864 918/913/878 920/915/880
f 872/865/834 881/872/841 921/916/881
f 906/900/866 920/915/880 922/917/882
f 896/918/868 922/919/882 897/920/855
f 923/921/883 924/922/884 925/923/885
f 900/894/860 834/838/798 835/837/797
f 889/884/850 837/841/801 836/839/799
f 891/886/852 838/924/886 837/841/801
f 901/895/861 927/907/887 928/925/888
f 899/893/859 928/925/888 929/909/889
f 910/906/871 929/909/889 930/908/890
f 901/895/861 931/926/891 930/908/890
f 901/895/861 835/837/797 932/921/892
f 901/895/861 933/927/893 934/923/894
f 931/926/891 934/923/894 935/922/895
f 835/837/797 847/844/808 935/922/895
f 928/925/888 927/907/887 911/907/872
f 929/909/889 928/925/888 914/925/896
f 930/908/890 929/909/889 913/909/874
f 930/908/890 912/908/873 911/907/872
f 933/927/893 932/921/892 923/921/883
f 934/923/894 933/927/893 926/927/897
f 935/922/895 934/923/894 925/923/885
f 935/922/895 924/922/884 923/921/883
f 890/885/851 836/839/799 850/846/812
f 887/882/848 890/885/851 936/928/898
f 885/879/845 887/882/848 937/929/899
f 881/930/841 885/879/845 938/931/900
f 939/932/901 940/933/902 921/934/881
f 942/928/903 855/846/819 858/838/818
f 944/935/904 942/928/903 941/894/905
f 948/936/906 945/937/907 946/938/908
f 939/932/901 938/931/900 894/890/856
f 897/889/855 922/939/882 940/933/902
f 850/846/812 855/846/819 942/928/903
f 834/838/798 900/894/860 941/894/905
f 936/928/898 942/928/903 944/935/904
f 937/929/899 944/935/904 943/940/909
f 900/894/860 898/892/858 943/940/909
f 937/929/899 945/937/907 948/936/906
f 938/931/900 948/936/906 947/941/910
f 898/892/858 894/890/856 947/941/910
f 937/929/899 898/892/858 946/938/908
f 775/775/740 773/777/742 774/804/766
f 772/776/741 776/778/743 777/779/744
f 777/779/744 778/780/745 779/787/752
f 780/781/746 773/777/742 772/776/741
f 777/779/744 780/781/746 772/776/741
f 783/784/749 777/779/744 779/787/752
f 786/785/750 783/784/749 785/789/754
f 779/787/752 787/788/753 788/942/756
f 785/789/754 779/787/752 788/942/756
f 790/790/755 785/792/754 789/796/758
f 788/793/756 791/795/757 792/797/759
f 789/796/758 788/793/756 792/797/759
f 792/797/759 793/798/760 794/800/762
f 795/799/761 792/797/759 794/800/762
f 794/800/762 796/801/763 797/802/764
f 795/799/761 797/802/764 798/840/800
f 800/803/765 774/804/766 799/811/773
f 804/805/767 802/807/769 803/820/780
f 805/808/770 804/805/767 806/822/783
f 808/809/771 805/808/770 806/822/783
f 800/803/765 809/812/774 810/943/911
f 812/813/775 800/803/765 810/943/911
f 814/815/777 811/814/776 812/813/775
f 815/817/779 813/816/778 814/815/777
f 816/819/781 803/820/780 815/944/779
f 817/821/782 804/805/767 816/819/781
f 818/823/784 820/825/786 821/843/912
f 823/826/787 775/775/740 822/827/788
f 822/827/788 800/803/765 824/945/913
f 800/803/765 825/828/789 824/945/913
f 826/829/790 776/778/743 823/826/787
f 811/814/776 827/830/791 825/828/789
f 828/831/792 778/780/745 826/829/790
f 813/816/778 829/832/793 827/830/791
f 830/834/794 832/836/796 833/845/914
f 835/837/797 807/810/772 808/809/771
f 797/802/764 836/839/799 837/841/801
f 798/840/800 837/841/801 838/924/886
f 808/809/771 839/824/802 840/823/810
f 806/822/783 841/825/803 839/824/802
f 817/821/782 843/843/805 841/825/803
f 843/843/805 808/809/771 840/823/810
f 845/834/806 808/809/771 844/835/811
f 808/809/771 846/836/807 844/835/811
f 842/842/804 848/845/809 846/836/807
f 848/845/809 835/837/797 845/834/806
f 818/823/784 839/824/802 819/824/785
f 819/824/785 841/825/803 820/825/786
f 820/825/786 843/843/805 821/843/912
f 843/843/805 818/823/784 821/843/912
f 830/834/794 844/835/811 831/835/795
f 831/835/795 846/836/807 832/836/796
f 832/836/796 848/845/809 833/845/914
f 848/845/809 830/834/794 833/845/914
f 850/846/812 796/801/763 849/847/813
f 849/847/813 793/798/760 851/848/814
f 851/848/814 791/795/757 852/849/815
f 852/849/815 787/794/753 853/852/817
f 828/850/792 853/852/817 787/794/753
f 858/838/818 856/847/820 857/810/821
f 857/810/821 859/853/822 860/857/826
f 864/854/823 862/856/825 863/858/827
f 801/806/768 853/852/817 802/807/769
f 854/851/816 802/807/769 853/852/817
f 850/846/812 856/847/820 855/846/819
f 857/810/821 834/838/798 858/838/818
f 849/847/813 859/853/822 856/847/820
f 851/848/814 860/857/826 859/853/822
f 860/857/826 807/810/772 857/810/821
f 851/848/814 862/856/825 861/855/824
f 852/849/815 863/858/827 862/856/825
f 863/858/827 805/808/770 864/854/823
f 864/854/823 851/848/814 861/855/824
f 868/859/828 866/861/830 867/887/853
f 865/860/829 870/863/832 866/861/830
f 869/862/831 872/865/834 870/863/832
f 873/866/835 868/859/828 874/946/915
f 873/866/835 869/862/831 865/860/829
f 876/868/837 869/862/831 875/867/836
f 876/868/837 878/870/839 879/873/842
f 871/864/833 881/872/841 872/865/834
f 871/864/833 879/873/842 880/871/840
f 879/874/842 882/876/843 883/880/846
f 880/877/840 885/879/845 881/930/841
f 880/877/840 883/880/846 884/878/844
f 884/878/844 887/882/848 885/879/845
f 884/878/844 888/883/849 886/881/847
f 886/881/847 890/885/851 887/882/848
f 888/883/849 889/884/850 886/881/847
f 867/887/853 892/888/854 893/947/916
f 897/889/855 895/891/857 896/904/868
f 898/892/858 895/891/857 894/890/856
f 898/892/858 901/895/861 899/893/859
f 892/888/854 903/897/863 893/947/916
f 892/888/854 905/899/865 902/896/862
f 904/898/864 907/901/867 905/899/865
f 906/900/866 908/903/869 907/901/867
f 896/904/868 909/905/870 908/948/869
f 895/891/857 910/906/871 909/905/870
f 911/907/872 913/909/874 914/925/896
f 866/861/830 915/910/875 916/911/876
f 892/888/854 916/911/876 917/912/877
f 892/888/854 918/913/878 904/898/864
f 870/863/832 919/914/879 915/910/875
f 904/898/864 920/915/880 906/900/866
f 872/865/834 921/916/881 919/914/879
f 906/900/866 922/917/882 896/902/868
f 923/921/883 925/923/885 926/927/897
f 900/894/860 835/837/797 901/895/861
f 889/884/850 836/839/799 890/885/851
f 891/886/852 837/841/801 889/884/850
f 901/895/861 928/925/888 899/893/859
f 899/893/859 929/909/889 910/906/871
f 910/906/871 930/908/890 931/926/891
f 901/895/861 930/908/890 927/907/887
f 901/895/861 932/921/892 933/927/893
f 901/895/861 934/923/894 931/926/891
f 931/926/891 935/922/895 847/844/808
f 835/837/797 935/922/895 932/921/892
f 928/925/888 911/907/872 914/925/896
f 929/909/889 914/925/896 913/909/874
f 930/908/890 913/909/874 912/908/873
f 930/908/890 911/907/872 927/907/887
f 933/927/893 923/921/883 926/927/897
f 934/923/894 926/927/897 925/923/885
f 935/922/895 925/923/885 924/922/884
f 935/922/895 923/921/883 932/921/892
f 890/885/851 850/846/812 936/928/898
f 887/882/848 936/928/898 937/929/899
f 885/879/845 937/929/899 938/931/900
f 881/930/841 938/931/900 939/932/901
f 939/932/901 921/934/881 881/930/841
f 942/928/903 858/838/818 941/894/905
f 944/935/904 941/894/905 943/940/909
f 948/936/906 946/938/908 947/941/910
f 939/932/901 894/890/856 897/889/855
f 897/889/855 940/933/902 939/932/901
f 850/846/812 942/928/903 936/928/898
f 834/838/798 941/894/905 858/838/818
f 936/928/898 944/935/904 937/929/899
f 937/929/899 943/940/909 898/892/858
f 900/894/860 943/940/909 941/894/905
f 937/929/899 948/936/906 938/931/900
f 938/931/900 947/941/910 894/890/856
f 898/892/858 947/941/910 946/938/908
f 937/929/899 946/938/908 945/937/907
o car27
v -4.499843 -0.275545 4.799655
v -4.443138 0.820815 4.764100
v -5.837526 0.884623 4.254848
v -5.894231 -0.275545 4.304399
v -7.042210 0.892835 3.785984
v -7.050095 -0.275545 3.785984
v -5.523078 1.773527 4.234156
v -6.603250 1.983607 3.785984
v -4.266150 1.597575 4.698515
v -5.837527 -1.435713 4.254848
v -4.443139 -1.371901 4.764100
v -7.042211 -1.443925 3.785984
v -5.523079 -2.324613 4.234156
v -6.603251 -2.534693 3.785984
v -4.266150 -2.148661 4.698515
vn -0.3390 -0.0000 0.9408
vn -0.3347 0.1011 0.9369
vn -0.3485 0.0916 0.9328
vn -0.3618 -0.0018 0.9323
vn -0.3759 0.0813 0.9231
vn -0.3416 0.1452 0.9286
vn -0.3566 0.1453 0.9229
vn -0.3154 0.1558 0.9361
vn -0.3563 -0.0993 0.9291
vn -0.3759 -0.0814 0.9231
vn -0.3566 -0.1453 0.9229
vn -0.3416 -0.1452 0.9286
vn -0.3154 -0.1558 0.9361
vn -0.3347 -0.1011 0.9369
vn -0.4325 -0.0000 0.9016
vt 0.077510 0.320389
vt 0.054168 0.319764
vt 0.054572 0.273585
vt 0.079269 0.274470
vt 0.049186 0.233462
vt 0.035309 0.280990
vt 0.032212 0.244367
vt 0.037458 0.322878
vt 0.103822 0.277603
vt 0.105516 0.237508
vt 0.128114 0.252190
vt 0.122293 0.288086
vt 0.116973 0.329365
vt 0.100709 0.323561
vt 0.073995 0.235255
s 1
usemtl Material.001
f 949/949/917 950/950/918 951/951/919
f 952/952/920 951/951/919 953/953/921
f 951/951/919 955/954/922 956/955/923
f 950/950/918 957/956/924 955/954/922
f 949/949/917 952/952/920 958/957/925
f 960/958/926 958/957/925 952/952/920
f 962/959/927 961/960/928 958/957/925
f 961/960/928 963/961/929 959/962/930
f 949/949/917 951/951/919 952/952/920
f 952/952/920 953/953/921 954/963/931
f 951/951/919 956/955/923 953/953/921
f 950/950/918 955/954/922 951/951/919
f 949/949/917 958/957/925 959/962/930
f 960/958/926 952/952/920 954/963/931
f 962/959/927 958/957/925 960/958/926
f 961/960/928 959/962/930 958/957/925
o car28
v -7.045802 0.360215 3.785984
v -7.042210 0.892835 3.785984
v -7.775546 0.918471 3.573748
v -7.822218 0.374163 3.594507
v -8.649310 0.959231 3.496547
v -8.675443 0.396343 3.510211
v -7.438710 2.042647 3.576375
v -8.375275 1.966355 3.456219
v -6.603250 1.983607 3.785984
v -8.770362 0.959231 3.375307
v -8.794639 0.396343 3.392735
v -8.480522 1.911703 3.331231
v -8.572582 1.834667 3.051431
v -8.646638 1.707759 2.688419
v -8.781974 0.872319 2.683175
v -8.779631 1.015971 3.014671
v -8.681862 1.649423 2.514283
v -8.784370 1.502031 2.279763
v -8.884862 0.984095 2.219439
v -8.784263 0.731803 2.358911
v -8.716475 0.900443 2.954723
v -8.718398 0.782491 2.682535
v -8.739334 0.390687 2.672479
v -8.739655 0.385895 2.961367
v -8.871310 0.409863 2.224863
v -8.807090 0.400855 2.326767
v -8.807858 0.389315 3.022763
v -8.855130 -0.275545 2.231339
v -8.807090 -0.275545 2.326767
v -8.739334 -0.275545 2.676399
v -8.739650 -0.275545 2.969299
v -8.807855 -0.275545 3.032423
v -8.823614 -0.275545 3.413535
v -8.706635 -0.275545 3.526515
v -7.877923 -0.275545 3.619287
v -7.050095 -0.275545 3.785984
v -8.739022 0.395371 2.389891
v -8.720283 0.667111 2.416283
v -8.739022 -0.275545 2.389891
v -7.045803 -0.911309 3.785984
v -7.822219 -0.925257 3.594507
v -7.775547 -1.469561 3.573748
v -7.042211 -1.443929 3.785984
v -8.675443 -0.947433 3.510211
v -8.649310 -1.510321 3.496547
v -8.375276 -2.517449 3.456219
v -7.438711 -2.593737 3.576375
v -6.603251 -2.534697 3.785984
v -8.794639 -0.947433 3.392735
v -8.770362 -1.510321 3.375307
v -8.480523 -2.462797 3.331231
v -8.572583 -2.385761 3.051431
v -8.779631 -1.567065 3.014671
v -8.781974 -1.423413 2.683175
v -8.646639 -2.258852 2.688419
v -8.681863 -2.200513 2.514283
v -8.784263 -1.282897 2.358911
v -8.884862 -1.535185 2.219439
v -8.784370 -2.053125 2.279763
v -8.716475 -1.451532 2.954723
v -8.739655 -0.936989 2.961367
v -8.739334 -0.941781 2.672479
v -8.718398 -1.333580 2.682535
v -8.807090 -0.951945 2.326767
v -8.871310 -0.960957 2.224863
v -8.807858 -0.940405 3.022763
v -8.720283 -1.218204 2.416283
v -8.739022 -0.946465 2.389891
vn -0.2638 0.0300 0.9641
vn -0.2747 0.0663 0.9593
vn -0.1767 0.0508 0.9829
vn -0.1719 0.0442 0.9841
vn -0.4229 0.0903 0.9017
vn -0.1968 0.0648 0.9783
vn -0.3599 0.1450 0.9216
vn -0.2216 0.1088 0.9690
vn -0.4226 0.0416 0.9054
vn -0.9039 0.1405 0.4040
vn -0.8495 0.2738 0.4510
vn -0.9798 0.1217 0.1587
vn -0.9469 0.2769 0.1633
vn -0.7964 0.0286 0.6041
vn -0.9547 0.2290 0.1898
vn -0.9120 0.0166 -0.4098
vn -0.9363 -0.2437 -0.2528
vn -0.9544 -0.2707 0.1259
vn -0.8761 -0.0991 0.4718
vn -0.8364 -0.0075 0.5481
vn -0.9980 0.0483 -0.0416
vn -0.9159 0.0130 -0.4012
vn -0.7727 -0.0065 0.6347
vn -0.9059 -0.0000 0.4235
vn -0.9996 0.0267 -0.0042
vn -1.0000 -0.0000 -0.0011
vn -0.9170 0.0488 0.3958
vn -0.9158 -0.0020 -0.4017
vn -0.4306 0.0003 0.9025
vn -0.1553 -0.0075 0.9878
vn -0.2248 -0.0000 0.9744
vn -0.9261 -0.3429 0.1571
vn -0.9144 -0.1759 0.3646
vn -0.9098 0.0124 0.4150
vn -0.7826 -0.0037 0.6226
vn -0.9514 0.2800 0.1283
vn -0.9167 -0.0000 0.3995
vn -0.2638 -0.0300 0.9641
vn -0.1498 -0.0500 0.9874
vn -0.1761 -0.0544 0.9829
vn -0.4288 -0.0415 0.9024
vn -0.4598 -0.0878 0.8836
vn -0.3599 -0.1450 0.9216
vn -0.2747 -0.0663 0.9593
vn -0.1967 -0.0647 0.9783
vn -0.9181 -0.0480 0.3935
vn -0.9093 -0.1431 0.3908
vn -0.8495 -0.2738 0.4510
vn -0.9798 -0.1217 0.1587
vn -0.8768 0.1218 0.4652
vn -0.7964 -0.0286 0.6041
vn -0.9547 -0.2290 0.1898
vn -0.9544 0.2708 0.1259
vn -0.9363 0.2438 -0.2529
vn -0.9120 -0.0164 -0.4099
vn -0.7762 0.0091 0.6305
vn -0.8364 0.0075 0.5481
vn -0.9201 -0.0286 -0.3907
vn -0.9150 0.0026 -0.4035
vn -0.9271 -0.0217 0.3743
vn -0.9261 0.3429 0.1571
vn -0.9980 -0.0483 -0.0415
vn -0.9145 0.1758 0.3644
vn -0.9098 -0.0124 0.4150
vn -0.9514 -0.2800 0.1283
vn -0.9997 -0.0262 -0.0024
vn -0.2216 -0.1088 0.9690
vn -0.9469 -0.2769 0.1633
vt 0.210360 0.042495
vt 0.245271 0.042308
vt 0.246951 0.080486
vt 0.211274 0.082916
vt 0.249622 0.125976
vt 0.320635 0.062950
vt 0.315634 0.111710
vt 0.316765 0.019455
vt 0.520587 0.121186
vt 0.558737 0.120124
vt 0.558737 0.110697
vt 0.626995 0.116988
vt 0.623291 0.107270
vt 0.605515 0.043752
vt 0.595525 0.025519
vt 0.560422 0.020828
vt 0.618070 0.085516
vt 0.519879 0.078513
vt 0.554752 0.077997
vt 0.546758 0.056834
vt 0.543323 0.031673
vt 0.521503 0.021250
vt 0.562583 0.082658
vt 0.520110 0.083287
vt 0.520893 0.029173
vt 0.475049 0.021754
vt 0.520204 0.056052
vt 0.475049 0.056357
vt 0.520587 0.112052
vt 0.475049 0.084038
vt 0.475049 0.122454
vt 0.168689 0.085817
vt 0.212728 0.127337
vt 0.168689 0.042718
vt 0.552847 0.056884
vt 0.538938 0.036133
vt 0.520521 0.034081
vt 0.475049 0.029173
vt 0.609469 0.057292
vt 0.475049 0.034081
vt 0.127018 0.042495
vt 0.126104 0.082916
vt 0.090427 0.080486
vt 0.124650 0.127337
vt 0.087756 0.125976
vt 0.021744 0.111710
vt 0.092108 0.042308
vt 0.016743 0.062950
vt 0.429512 0.121186
vt 0.429512 0.112052
vt 0.391362 0.110697
vt 0.391362 0.120124
vt 0.326808 0.107270
vt 0.344584 0.043752
vt 0.406776 0.031673
vt 0.389677 0.020828
vt 0.332029 0.085516
vt 0.403341 0.056834
vt 0.395346 0.077997
vt 0.430220 0.078513
vt 0.429206 0.029173
vt 0.428596 0.021250
vt 0.429988 0.083287
vt 0.475049 0.079130
vt 0.475049 0.113670
vt 0.168689 0.128961
vt 0.397252 0.056884
vt 0.387516 0.082658
vt 0.411160 0.036133
vt 0.429578 0.034081
vt 0.340630 0.057292
vt 0.429895 0.056052
vt 0.020613 0.019455
vt 0.323104 0.116988
vt 0.354573 0.025519
s 1
usemtl bodyMat
f 964/964/932 965/965/933 966/966/934
f 967/967/935 966/966/934 968/968/936
f 966/966/934 970/969/937 971/970/938
f 965/965/933 972/971/939 970/969/937
f 969/972/940 968/973/936 973/974/941
f 968/973/936 971/975/938 975/976/942
f 980/977/943 981/978/944 982/979/945
f 973/974/941 975/976/942 976/980/946
f 987/981/947 984/982/948 985/983/949
f 983/984/950 982/979/945 988/985/951
f 973/974/941 979/986/952 990/987/953
f 989/988/954 988/985/951 991/989/955
f 987/981/947 986/990/956 993/991/957
f 974/992/958 990/987/953 995/993/959
f 997/994/960 969/972/940 974/992/958
f 998/995/961 967/967/935 969/996/940
f 999/997/962 964/964/932 967/967/935
f 984/982/948 979/986/952 978/998/963
f 1001/999/964 983/984/950 989/988/954
f 990/987/953 979/986/952 984/982/948
f 1000/1000/965 989/988/954 992/1001/966
f 995/993/959 990/987/953 987/981/947
f 978/998/963 977/1002/967 980/977/943
f 985/983/949 978/998/963 983/984/950
f 986/990/956 985/983/949 1001/999/964
f 1002/1003/968 993/991/957 986/990/956
f 1003/1004/969 1004/1005/970 1005/1006/971
f 1004/1005/970 1007/1007/972 1008/1008/973
f 1005/1006/971 1008/1008/973 1009/1009/974
f 1006/1010/975 1005/1006/971 1010/1011/976
f 1007/1012/972 1012/1013/977 1013/1014/978
f 1008/1015/973 1013/1014/978 1014/1016/979
f 1019/1017/980 1020/1018/981 1021/1019/982
f 1015/1020/983 1014/1016/979 1013/1014/978
f 1026/1021/984 1023/1022/985 1024/1023/986
f 1020/1018/981 1027/1024/987 1028/1025/988
f 1013/1014/978 1012/1013/977 1029/1026/989
f 1027/1024/987 992/1001/966 991/989/955
f 1024/1023/986 994/1027/990 993/991/957
f 1012/1013/977 996/1028/991 995/993/959
f 997/994/960 996/1028/991 1012/1013/977
f 998/995/961 997/1029/960 1007/1007/972
f 999/997/962 998/995/961 1004/1005/970
f 1017/1030/992 1016/1031/993 1023/1022/985
f 1027/1024/987 1020/1018/981 1030/1032/994
f 1029/1026/989 1024/1023/986 1023/1022/985
f 992/1001/966 1027/1024/987 1031/1033/995
f 995/993/959 994/1027/990 1024/1023/986
f 1019/1017/980 1018/1034/996 1017/1030/992
f 1026/1021/984 1030/1032/994 1020/1018/981
f 1025/1035/997 1031/1033/995 1030/1032/994
f 1025/1035/997 993/991/957 1002/1003/968
f 964/964/932 966/966/934 967/967/935
f 967/967/935 968/968/936 969/996/940
f 966/966/934 971/970/938 968/968/936
f 965/965/933 970/969/937 966/966/934
f 969/972/940 973/974/941 974/992/958
f 968/973/936 975/976/942 973/974/941
f 980/977/943 982/979/945 983/984/950
f 973/974/941 976/980/946 979/986/952
f 987/981/947 985/983/949 986/990/956
f 983/984/950 988/985/951 989/988/954
f 973/974/941 990/987/953 974/992/958
f 989/988/954 991/989/955 992/1001/966
f 987/981/947 993/991/957 994/1027/990
f 974/992/958 995/993/959 996/1028/991
f 997/994/960 974/992/958 996/1028/991
f 998/995/961 969/996/940 997/1029/960
f 999/997/962 967/967/935 998/995/961
f 984/982/948 978/998/963 985/983/949
f 1001/999/964 989/988/954 1000/1000/965
f 990/987/953 984/982/948 987/981/947
f 1000/1000/965 992/1001/966 1002/1003/968
f 995/993/959 987/981/947 994/1027/990
f 978/998/963 980/977/943 983/984/950
f 985/983/949 983/984/950 1001/999/964
f 986/990/956 1001/999/964 1000/1000/965
f 1002/1003/968 986/990/956 1000/1000/965
f 1003/1004/969 1005/1006/971 1006/1010/975
f 1004/1005/970 1008/1008/973 1005/1006/971
f 1005/1006/971 1009/1009/974 1010/1011/976
f 1006/1010/975 1010/1011/976 1011/1036/998
f 1007/1012/972 1013/1014/978 1008/1015/973
f 1008/1015/973 1014/1016/979 1009/1037/974
f 1019/1017/980 1021/1019/982 1022/1038/999
f 1015/1020/983 1013/1014/978 1016/1031/993
f 1026/1021/984 1024/1023/986 1025/1035/997
f 1020/1018/981 1028/1025/988 1021/1019/982
f 1013/1014/978 1029/1026/989 1016/1031/993
f 1027/1024/987 991/989/955 1028/1025/988
f 1024/1023/986 993/991/957 1025/1035/997
f 1012/1013/977 995/993/959 1029/1026/989
f 997/994/960 1012/1013/977 1007/1012/972
f 998/995/961 1007/1007/972 1004/1005/970
f 999/997/962 1004/1005/970 1003/1004/969
f 1017/1030/992 1023/1022/985 1026/1021/984
f 1027/1024/987 1030/1032/994 1031/1033/995
f 1029/1026/989 1023/1022/985 1016/1031/993
f 992/1001/966 1031/1033/995 1002/1003/968
f 995/993/959 1024/1023/986 1029/1026/989
f 1019/1017/980 1017/1030/992 1020/1018/981
f 1026/1021/984 1020/1018/981 1017/1030/992
f 1025/1035/997 1030/1032/994 1026/1021/984
f 1025/1035/997 1002/1003/968 1031/1033/995
o car29
v -6.746354 3.169267 0.673371
v -7.752962 2.301407 0.837615
v -7.815130 2.236707 1.755075
v -6.751894 3.169267 1.519124
vn -0.6566 0.7542 0.0018
vn -0.6486 0.7611 -0.0085
vn -0.6554 0.7553 0.0033
vn -0.6626 0.7489 0.0119
vt 0.078766 0.508115
vt 0.112511 0.508115
vt 0.112511 0.564549
vt 0.078766 0.564549
s 1
usemtl bodyMat
f 1035/1039/1000 1032/1040/1001 1033/1041/1002
f 1035/1039/1000 1033/1041/1002 1034/1042/1003
o car3
v -5.469047 -2.930429 0.641664
v -5.472087 -3.842533 0.634320
v -5.112631 -3.842533 0.561740
v -5.112631 -2.930429 0.569692
v -5.112631 -3.881925 0.503856
v -5.494215 -3.881925 0.580904
v -5.514463 -3.910245 0.532016
v -5.112631 -3.910245 0.450876
v -5.112631 -3.853553 0.515892
v -5.489611 -3.853553 0.592016
v -5.771963 -2.930429 0.842796
v -5.777587 -3.842533 0.837172
v -5.818519 -3.881925 0.796244
v -5.855978 -3.910245 0.758780
v -5.810003 -3.853553 0.804756
v -5.973095 -2.930429 1.145712
v -5.980439 -3.842533 1.142671
v -6.033854 -3.881925 1.120543
v -6.082743 -3.910245 1.100296
v -6.022743 -3.853553 1.125148
v -6.045067 -2.930429 1.502128
v -6.053023 -3.842533 1.502128
v -6.110903 -3.881925 1.502128
v -6.163883 -3.910245 1.502128
v -6.098863 -3.853553 1.502128
v -5.986003 -3.910245 2.086028
v -5.941987 -3.881925 2.056603
v -5.818519 -3.881925 2.208015
v -5.855979 -3.910245 2.245476
v -5.973095 -2.930429 1.858544
v -5.980439 -3.842533 1.861588
v -6.033854 -3.881925 1.883712
v -6.082743 -3.910245 1.903964
v -6.022743 -3.853553 1.879107
v -5.771963 -2.930429 2.161459
v -5.777587 -3.842533 2.167084
v -5.893898 -3.842533 2.024451
v -5.931987 -3.853553 2.049916
v -5.810003 -3.853553 2.199503
v -5.469047 -2.930429 2.362596
v -5.472087 -3.842533 2.369936
v -5.494215 -3.881925 2.423352
v -5.514463 -3.910245 2.472239
v -5.489611 -3.853553 2.412240
v -5.112631 -2.930429 2.434564
v -5.112631 -3.842533 2.442519
v -5.112631 -3.881925 2.500403
v -5.112631 -3.910245 2.553380
v -5.112631 -3.853553 2.488364
v -4.756215 -2.930429 2.362596
v -4.753175 -3.842533 2.369936
v -4.731047 -3.881925 2.423352
v -4.710799 -3.910245 2.472240
v -4.735651 -3.853553 2.412240
v -4.453299 -2.930429 2.161460
v -4.447675 -3.842533 2.167084
v -4.406743 -3.881925 2.208016
v -4.369283 -3.910245 2.245476
v -4.415259 -3.853553 2.199500
v -4.252167 -2.930429 1.858544
v -4.244823 -3.842533 1.861584
v -4.191407 -3.881925 1.883712
v -4.142519 -3.910245 1.903964
v -4.202519 -3.853553 1.879108
v -4.180195 -2.930429 1.502128
v -4.172243 -3.842533 1.502128
v -4.114355 -3.881925 1.502128
v -4.061379 -3.910245 1.502128
v -4.126395 -3.853553 1.502128
v -4.252167 -2.930429 1.145712
v -4.244823 -3.842533 1.142672
v -4.191407 -3.881925 1.120544
v -4.142519 -3.910245 1.100296
v -4.202519 -3.853553 1.125148
v -4.453299 -2.930429 0.842796
v -4.447675 -3.842533 0.837172
v -4.406743 -3.881925 0.796240
v -4.369283 -3.910245 0.758780
v -4.415259 -3.853553 0.804756
v -4.756215 -2.930429 0.641664
v -4.753175 -3.842533 0.634320
v -4.731047 -3.881925 0.580904
v -4.710799 -3.910245 0.532016
v -4.735651 -3.853553 0.592016
vn -0.0000 -0.0087 1.0000
vn 0.3827 -0.0087 0.9238
vn 0.2869 -0.6617 0.6927
vn -0.0000 -0.6963 0.7177
vn 0.2750 -0.6954 0.6639
vn 0.1806 -0.8817 0.4359
vn 0.2589 -0.7364 0.6250
vn -0.0000 -0.7358 0.6772
vn -0.0000 -0.6630 0.7486
vn 0.7071 -0.0087 0.7071
vn 0.5293 -0.6630 0.5293
vn 0.5075 -0.6964 0.5075
vn 0.4788 -0.7359 0.4788
vn 0.9238 -0.0087 0.3827
vn 0.6927 -0.6617 0.2869
vn 0.6639 -0.6954 0.2750
vn 0.4359 -0.8817 0.1806
vn 0.6250 -0.7364 0.2589
vn 1.0000 -0.0087 -0.0000
vn 0.7486 -0.6630 -0.0000
vn 0.7177 -0.6964 -0.0000
vn 0.6771 -0.7359 -0.0000
vn 0.3929 -0.8818 -0.2610
vn 0.6069 -0.6850 -0.4030
vn 0.4854 -0.6906 -0.5362
vn 0.9240 -0.0207 -0.3819
vn 0.6918 -0.6593 -0.2945
vn 0.6819 -0.6896 -0.2437
vn 0.4440 -0.8815 -0.1608
vn 0.6306 -0.7427 -0.2252
vn 0.6128 -0.6475 -0.4530
vn 0.5516 -0.7493 -0.3663
vn 0.4773 -0.6579 -0.5826
vn 0.4497 -0.7422 -0.4969
vn 0.7064 -0.0208 -0.7075
vn 0.3827 -0.0087 -0.9238
vn 0.2869 -0.6617 -0.6927
vn 0.2750 -0.6954 -0.6639
vn 0.1806 -0.8817 -0.4360
vn 0.2589 -0.7364 -0.6250
vn -0.0000 -0.0087 -1.0000
vn -0.0000 -0.6630 -0.7486
vn -0.0000 -0.6964 -0.7177
vn -0.0000 -0.7359 -0.6771
vn -0.3827 -0.0087 -0.9238
vn -0.2869 -0.6617 -0.6927
vn -0.2750 -0.6954 -0.6639
vn -0.1806 -0.8817 -0.4360
vn -0.2589 -0.7364 -0.6250
vn -0.7071 -0.0087 -0.7071
vn -0.5293 -0.6630 -0.5293
vn -0.5075 -0.6964 -0.5075
vn -0.4788 -0.7359 -0.4788
vn -0.9238 -0.0087 -0.3827
vn -0.6927 -0.6617 -0.2869
vn -0.6639 -0.6954 -0.2750
vn -0.4359 -0.8817 -0.1806
vn -0.6250 -0.7364 -0.2589
vn -1.0000 -0.0087 -0.0000
vn -0.7486 -0.6630 -0.0000
vn -0.7177 -0.6964 -0.0000
vn -0.6771 -0.7359 -0.0000
vn -0.9238 -0.0087 0.3827
vn -0.6927 -0.6617 0.2869
vn -0.6639 -0.6954 0.2750
vn -0.4359 -0.8817 0.1806
vn -0.6250 -0.7364 0.2589
vn -0.7071 -0.0087 0.7071
vn -0.5293 -0.6630 0.5293
vn -0.5075 -0.6964 0.5075
vn -0.4788 -0.7359 0.4788
vn -0.3827 -0.0087 0.9238
vn -0.2869 -0.6617 0.6927
vn -0.2750 -0.6954 0.6639
vn -0.1806 -0.8817 0.4360
vn -0.2589 -0.7364 0.6250
vn -0.0000 -0.8819 0.4714
vn 0.3333 -0.8819 0.3333
vn 0.4714 -0.8819 -0.0000
vn 0.3182 -0.8817 -0.3484
vn -0.0000 -0.8819 -0.4714
vn -0.3334 -0.8819 -0.3334
vn -0.4714 -0.8819 -0.0000
vn -0.3334 -0.8819 0.3334
vt 0.824587 0.960498
vt 0.824587 0.975123
vt 0.862014 0.975248
vt 0.725562 0.845407
vt 0.741220 0.848568
vt 0.742051 0.846562
vt 0.825899 0.846356
vt 0.810430 0.843233
vt 0.810430 0.845114
vt 0.852191 0.881034
vt 0.852191 0.896502
vt 0.853355 0.896691
vt 0.824587 0.987553
vt 0.862014 0.987784
vt 0.754527 0.857404
vt 0.825180 0.848092
vt 0.837715 0.856416
vt 0.852191 0.909649
vt 0.824587 0.995806
vt 0.862014 0.996107
vt 0.763363 0.870712
vt 0.765369 0.869881
vt 0.847775 0.868233
vt 0.839045 0.855086
vt 0.852191 0.918379
vt 0.853355 0.918835
vt 0.781513 0.939639
vt 0.818940 0.939639
vt 0.818940 0.924890
vt 0.766525 0.886369
vt 0.846039 0.868952
vt 0.849017 0.883701
vt 0.823480 0.924890
vt 0.822316 0.925078
vt 0.822316 0.940547
vt 0.761399 0.910329
vt 0.759593 0.909121
vt 0.754527 0.915334
vt 0.781513 0.954264
vt 0.818940 0.954389
vt 0.763363 0.902027
vt 0.765369 0.902858
vt 0.847775 0.899170
vt 0.850898 0.883701
vt 0.822316 0.956016
vt 0.823480 0.956205
vt 0.818940 0.961072
vt 0.846039 0.898451
vt 0.842488 0.905134
vt 0.822316 0.963025
vt 0.823480 0.963299
vt 0.844051 0.906179
vt 0.837715 0.910987
vt 0.822316 0.969163
vt 0.823480 0.969512
vt 0.781513 0.966694
vt 0.781513 0.974947
vt 0.818940 0.975248
vt 0.741220 0.924170
vt 0.742051 0.926176
vt 0.825899 0.921046
vt 0.839045 0.912317
vt 0.822316 0.977892
vt 0.823480 0.978348
vt 0.742980 0.944975
vt 0.780407 0.944975
vt 0.780407 0.930225
vt 0.725562 0.927332
vt 0.825180 0.919310
vt 0.810430 0.922289
vt 0.821210 0.924890
vt 0.820046 0.925078
vt 0.820046 0.940547
vt 0.742980 0.959600
vt 0.780407 0.959725
vt 0.709905 0.924170
vt 0.709074 0.926176
vt 0.794961 0.921046
vt 0.810430 0.924170
vt 0.820046 0.956016
vt 0.821210 0.956205
vt 0.742980 0.972030
vt 0.780407 0.972260
vt 0.696597 0.915334
vt 0.795680 0.919310
vt 0.783145 0.910987
vt 0.820046 0.969163
vt 0.742980 0.980283
vt 0.780407 0.980584
vt 0.687761 0.902027
vt 0.685755 0.902858
vt 0.773085 0.899170
vt 0.781814 0.912317
vt 0.820046 0.977892
vt 0.821210 0.978348
vt 0.727124 0.967652
vt 0.727124 0.930225
vt 0.712374 0.930225
vt 0.684600 0.886369
vt 0.774821 0.898451
vt 0.771843 0.883701
vt 0.711268 0.930225
vt 0.710104 0.930414
vt 0.710104 0.945883
vt 0.741749 0.967652
vt 0.741874 0.930225
vt 0.687761 0.870712
vt 0.685755 0.869881
vt 0.773085 0.868233
vt 0.769961 0.883701
vt 0.710104 0.961352
vt 0.711268 0.961541
vt 0.824587 0.933444
vt 0.862014 0.933213
vt 0.862014 0.924890
vt 0.696597 0.857404
vt 0.774821 0.868952
vt 0.783145 0.856416
vt 0.853355 0.843233
vt 0.852191 0.843689
vt 0.852191 0.852418
vt 0.824587 0.945873
vt 0.862014 0.945749
vt 0.709905 0.848568
vt 0.709074 0.846562
vt 0.794961 0.846356
vt 0.781814 0.855086
vt 0.852191 0.865565
vt 0.853355 0.865376
vt 0.862014 0.960498
vt 0.795680 0.848092
vt 0.725562 0.843233
vt 0.853355 0.881034
vt 0.756064 0.855867
vt 0.853355 0.909999
vt 0.781513 0.925014
vt 0.768698 0.886369
vt 0.823480 0.940547
vt 0.756064 0.916871
vt 0.818940 0.966925
vt 0.742980 0.930350
vt 0.725562 0.929506
vt 0.821210 0.940547
vt 0.695060 0.916871
vt 0.821210 0.969512
vt 0.712499 0.967652
vt 0.682426 0.886369
vt 0.711268 0.945883
vt 0.824587 0.925191
vt 0.695060 0.855867
vt 0.853355 0.852069
s 1
usemtl metalMat1
f 1039/1043/1004 1036/1044/1005 1037/1045/1006
f 1040/1046/1007 1041/1047/1008 1042/1048/1009
f 1045/1049/1010 1044/1050/1011 1038/1051/1012
f 1044/1052/1011 1045/1053/1010 1041/1054/1008
f 1046/1055/1013 1047/1056/1014 1037/1045/1006
f 1042/1048/1009 1041/1047/1008 1048/1057/1015
f 1045/1049/1010 1037/1058/1006 1047/1059/1014
f 1041/1054/1008 1045/1053/1010 1050/1060/1016
f 1046/1055/1013 1051/1061/1017 1052/1062/1018
f 1048/1057/1015 1053/1063/1019 1054/1064/1020
f 1055/1065/1021 1050/1066/1016 1047/1059/1014
f 1050/1060/1016 1055/1067/1021 1053/1068/1019
f 1056/1069/1022 1057/1070/1023 1052/1071/1018
f 1054/1064/1020 1053/1063/1019 1058/1072/1024
f 1055/1065/1021 1052/1073/1018 1057/1074/1023
f 1053/1075/1019 1055/1076/1021 1060/1077/1025
f 1061/1078/1026 1062/1079/1027 1063/1080/1028
f 1056/1069/1022 1065/1081/1029 1066/1082/1030
f 1058/1072/1024 1067/1083/1031 1068/1084/1032
f 1069/1085/1033 1060/1086/1025 1057/1074/1023
f 1060/1077/1025 1069/1087/1033 1067/1088/1031
f 1065/1081/1029 1072/1089/1034 1066/1082/1030
f 1068/1084/1032 1067/1083/1031 1062/1079/1027
f 1069/1085/1033 1066/1090/1030 1072/1091/1034
f 1073/1092/1035 1062/1093/1027 1067/1088/1031
f 1073/1094/1035 1072/1091/1034 1071/1095/1036
f 1074/1096/1037 1063/1097/1028 1062/1093/1027
f 1070/1098/1038 1075/1099/1039 1076/1100/1040
f 1063/1080/1028 1077/1101/1041 1078/1102/1042
f 1079/1103/1043 1074/1104/1037 1071/1095/1036
f 1074/1096/1037 1079/1105/1043 1077/1106/1041
f 1080/1107/1044 1081/1108/1045 1076/1109/1040
f 1078/1102/1042 1077/1101/1041 1082/1110/1046
f 1079/1103/1043 1076/1111/1040 1081/1112/1045
f 1077/1113/1041 1079/1114/1043 1084/1115/1047
f 1080/1107/1044 1085/1116/1048 1086/1117/1049
f 1082/1110/1046 1087/1118/1050 1088/1119/1051
f 1089/1120/1052 1084/1121/1047 1081/1112/1045
f 1084/1115/1047 1089/1122/1052 1087/1123/1050
f 1090/1124/1053 1091/1125/1054 1086/1117/1049
f 1088/1119/1051 1087/1118/1050 1092/1126/1055
f 1089/1120/1052 1086/1127/1049 1091/1128/1054
f 1087/1123/1050 1089/1122/1052 1094/1129/1056
f 1090/1124/1053 1095/1130/1057 1096/1131/1058
f 1092/1126/1055 1097/1132/1059 1098/1133/1060
f 1099/1134/1061 1094/1135/1056 1091/1128/1054
f 1094/1129/1056 1099/1136/1061 1097/1137/1059
f 1100/1138/1062 1101/1139/1063 1096/1140/1058
f 1098/1133/1060 1097/1132/1059 1102/1141/1064
f 1099/1134/1061 1096/1142/1058 1101/1143/1063
f 1097/1144/1059 1099/1145/1061 1104/1146/1065
f 1100/1138/1062 1105/1147/1066 1106/1148/1067
f 1102/1141/1064 1107/1149/1068 1108/1150/1069
f 1109/1151/1070 1104/1152/1065 1101/1143/1063
f 1104/1146/1065 1109/1153/1070 1107/1154/1068
f 1110/1155/1071 1111/1156/1072 1106/1157/1067
f 1108/1150/1069 1107/1149/1068 1112/1158/1073
f 1109/1151/1070 1106/1159/1067 1111/1160/1072
f 1107/1161/1068 1109/1162/1070 1114/1163/1074
f 1110/1155/1071 1115/1164/1075 1116/1165/1076
f 1112/1158/1073 1117/1166/1077 1118/1167/1078
f 1119/1168/1079 1114/1169/1074 1111/1160/1072
f 1114/1163/1074 1119/1170/1079 1117/1171/1077
f 1039/1043/1004 1038/1172/1012 1116/1165/1076
f 1118/1167/1078 1117/1166/1077 1040/1046/1007
f 1119/1168/1079 1116/1173/1076 1038/1051/1012
f 1117/1171/1077 1119/1170/1079 1044/1052/1011
f 1039/1043/1004 1037/1045/1006 1038/1172/1012
f 1040/1046/1007 1042/1048/1009 1043/1174/1080
f 1045/1049/1010 1038/1051/1012 1037/1058/1006
f 1044/1052/1011 1041/1054/1008 1040/1175/1007
f 1046/1055/1013 1037/1045/1006 1036/1044/1005
f 1042/1048/1009 1048/1057/1015 1049/1176/1081
f 1045/1049/1010 1047/1059/1014 1050/1066/1016
f 1041/1054/1008 1050/1060/1016 1048/1177/1015
f 1046/1055/1013 1052/1062/1018 1047/1056/1014
f 1048/1057/1015 1054/1064/1020 1049/1176/1081
f 1055/1065/1021 1047/1059/1014 1052/1073/1018
f 1050/1060/1016 1053/1068/1019 1048/1177/1015
f 1056/1069/1022 1052/1071/1018 1051/1178/1017
f 1054/1064/1020 1058/1072/1024 1059/1179/1082
f 1055/1065/1021 1057/1074/1023 1060/1086/1025
f 1053/1075/1019 1060/1077/1025 1058/1180/1024
f 1061/1078/1026 1063/1080/1028 1064/1181/1083
f 1056/1069/1022 1066/1082/1030 1057/1070/1023
f 1058/1072/1024 1068/1084/1032 1059/1179/1082
f 1069/1085/1033 1057/1074/1023 1066/1090/1030
f 1060/1077/1025 1067/1088/1031 1058/1180/1024
f 1071/1182/1036 1072/1089/1034 1070/1098/1038
f 1070/1098/1038 1072/1089/1034 1065/1081/1029
f 1068/1084/1032 1062/1079/1027 1061/1078/1026
f 1069/1085/1033 1072/1091/1034 1073/1094/1035
f 1073/1092/1035 1067/1088/1031 1069/1087/1033
f 1073/1094/1035 1071/1095/1036 1074/1104/1037
f 1074/1096/1037 1062/1093/1027 1073/1092/1035
f 1070/1098/1038 1076/1100/1040 1071/1182/1036
f 1063/1080/1028 1078/1102/1042 1064/1181/1083
f 1079/1103/1043 1071/1095/1036 1076/1111/1040
f 1074/1096/1037 1077/1106/1041 1063/1097/1028
f 1080/1107/1044 1076/1109/1040 1075/1183/1039
f 1078/1102/1042 1082/1110/1046 1083/1184/1084
f 1079/1103/1043 1081/1112/1045 1084/1121/1047
f 1077/1113/1041 1084/1115/1047 1082/1185/1046
f 1080/1107/1044 1086/1117/1049 1081/1108/1045
f 1082/1110/1046 1088/1119/1051 1083/1184/1084
f 1089/1120/1052 1081/1112/1045 1086/1127/1049
f 1084/1115/1047 1087/1123/1050 1082/1185/1046
f 1090/1124/1053 1086/1117/1049 1085/1116/1048
f 1088/1119/1051 1092/1126/1055 1093/1186/1085
f 1089/1120/1052 1091/1128/1054 1094/1135/1056
f 1087/1123/1050 1094/1129/1056 1092/1187/1055
f 1090/1124/1053 1096/1131/1058 1091/1125/1054
f 1092/1126/1055 1098/1133/1060 1093/1186/1085
f 1099/1134/1061 1091/1128/1054 1096/1142/1058
f 1094/1129/1056 1097/1137/1059 1092/1187/1055
f 1100/1138/1062 1096/1140/1058 1095/1188/1057
f 1098/1133/1060 1102/1141/1064 1103/1189/1086
f 1099/1134/1061 1101/1143/1063 1104/1152/1065
f 1097/1144/1059 1104/1146/1065 1102/1190/1064
f 1100/1138/1062 1106/1148/1067 1101/1139/1063
f 1102/1141/1064 1108/1150/1069 1103/1189/1086
f 1109/1151/1070 1101/1143/1063 1106/1159/1067
f 1104/1146/1065 1107/1154/1068 1102/1190/1064
f 1110/1155/1071 1106/1157/1067 1105/1191/1066
f 1108/1150/1069 1112/1158/1073 1113/1192/1087
f 1109/1151/1070 1111/1160/1072 1114/1169/1074
f 1107/1161/1068 1114/1163/1074 1112/1193/1073
f 1110/1155/1071 1116/1165/1076 1111/1156/1072
f 1112/1158/1073 1118/1167/1078 1113/1192/1087
f 1119/1168/1079 1111/1160/1072 1116/1173/1076
f 1114/1163/1074 1117/1171/1077 1112/1193/1073
f 1039/1043/1004 1116/1165/1076 1115/1164/1075
f 1118/1167/1078 1040/1046/1007 1043/1174/1080
f 1119/1168/1079 1038/1051/1012 1044/1050/1011
f 1117/1171/1077 1044/1052/1011 1040/1175/1007
o car30
v -6.746355 -3.722417 0.673371
v -6.751894 -3.722417 1.519124
v -7.815131 -2.789857 1.755075
v -7.752963 -2.854557 0.837615
vn -0.6554 -0.7553 0.0033
vn -0.6486 -0.7611 -0.0085
vn -0.6566 -0.7542 0.0018
vn -0.6626 -0.7489 0.0119
vt 0.062937 0.564549
vt 0.062937 0.508115
vt 0.029192 0.508115
vt 0.029192 0.564549
s 1
usemtl bodyMat
f 1123/1194/1088 1120/1195/1089 1121/1196/1090
f 1123/1194/1088 1121/1196/1090 1122/1197/1091
o car31
v -1.970378 2.393142 3.873876
v 1.704370 2.423846 3.936008
v 2.668138 2.688570 3.158740
v 0.503882 2.649778 3.268504
v -2.032854 2.649778 3.366072
v 0.496750 2.102622 4.563568
v -1.888838 2.091342 4.502104
v -0.550474 1.927490 4.800556
v -1.847562 1.938518 4.820160
v -4.135571 2.080719 4.444220
v -2.998546 1.960579 4.729884
v -4.044974 2.375811 3.838800
v -3.949702 2.649779 3.366072
v -4.987594 2.367503 3.751316
v -4.935194 2.268231 4.009079
v -4.472922 2.641003 3.393804
vn -0.0037 0.9447 0.3280
vn -0.0376 0.9419 0.3337
vn 0.0315 0.9356 0.3517
vn -0.0113 0.8948 0.4464
vn 0.0044 0.9039 0.4276
vn 0.0038 0.8290 0.5592
vn -0.0109 0.8924 0.4511
vn -0.0279 0.8973 0.4404
vn -0.0165 0.8977 0.4403
vn -0.0185 0.8701 0.4924
vn -0.0260 0.8826 0.4694
vn -0.0751 0.8926 0.4445
vn -0.0127 0.9149 0.4036
vn -0.0316 0.8448 0.5341
vn -0.0042 0.8791 0.4766
vn -0.0074 0.9202 0.3913
vt 0.311367 0.570078
vt 0.284736 0.587911
vt 0.263356 0.567146
vt 0.311526 0.604677
vt 0.366255 0.586251
vt 0.334757 0.611008
vt 0.364447 0.603035
vt 0.414287 0.601488
vt 0.389064 0.609120
vt 0.410164 0.572685
vt 0.412278 0.585314
vt 0.433188 0.582977
vt 0.432026 0.589863
vt 0.421771 0.573426
vt 0.367641 0.572685
vt 0.363531 0.611532
s 1
usemtl windowMat
f 1127/1198/1092 1125/1199/1093 1126/1200/1094
f 1129/1201/1095 1125/1199/1093 1124/1202/1096
f 1131/1203/1097 1129/1201/1095 1130/1204/1098
f 1130/1204/1098 1133/1205/1099 1134/1206/1100
f 1133/1205/1099 1130/1204/1098 1124/1202/1096
f 1136/1207/1101 1135/1208/1102 1124/1202/1096
f 1135/1208/1102 1137/1209/1103 1138/1210/1104
f 1135/1208/1102 1136/1207/1101 1139/1211/1105
f 1125/1199/1093 1127/1198/1092 1124/1202/1096
f 1124/1202/1096 1127/1198/1092 1128/1212/1106
f 1129/1201/1095 1124/1202/1096 1130/1204/1098
f 1131/1203/1097 1130/1204/1098 1132/1213/1107
f 1130/1204/1098 1134/1206/1100 1132/1213/1107
f 1133/1205/1099 1124/1202/1096 1135/1208/1102
f 1136/1207/1101 1124/1202/1096 1128/1212/1106
f 1135/1208/1102 1138/1210/1104 1133/1205/1099
f 1135/1208/1102 1139/1211/1105 1137/1209/1103
o car32
v -1.970379 -2.945862 3.873876
v -2.032855 -3.202497 3.366072
v 0.503881 -3.202498 3.268504
v 2.668137 -3.241286 3.158740
v 1.704369 -2.976562 3.936008
v 0.496749 -2.655342 4.563568
v -1.888839 -2.644062 4.502104
v -0.550475 -2.480206 4.800556
v -1.847563 -2.491238 4.820160
v -2.998547 -2.513297 4.729884
v -4.135571 -2.633433 4.444220
v -4.044975 -2.928529 3.838800
v -3.949703 -3.202497 3.366072
v -4.935194 -2.820945 4.009079
v -4.987595 -2.920217 3.751316
v -4.472923 -3.193717 3.393804
vn -0.0376 -0.9419 0.3337
vn -0.0036 -0.9447 0.3280
vn 0.0315 -0.9356 0.3517
vn -0.0113 -0.8948 0.4464
vn 0.0033 -0.9007 0.4344
vn 0.0098 -0.8946 0.4468
vn 0.0038 -0.8290 0.5592
vn -0.0074 -0.9202 0.3913
vn -0.0166 -0.8977 0.4403
vn -0.0279 -0.8973 0.4404
vn -0.0147 -0.8807 0.4735
vn -0.0185 -0.8701 0.4924
vn -0.0127 -0.9149 0.4036
vn -0.0751 -0.8926 0.4445
vn -0.0315 -0.8448 0.5341
vn -0.0042 -0.8791 0.4766
vt 0.233048 0.587911
vt 0.206416 0.570078
vt 0.254427 0.567146
vt 0.206258 0.604677
vt 0.153337 0.603035
vt 0.151529 0.586251
vt 0.183027 0.611008
vt 0.154253 0.611532
vt 0.128720 0.609120
vt 0.103497 0.601488
vt 0.105507 0.585314
vt 0.107620 0.572685
vt 0.085758 0.589863
vt 0.084596 0.582977
vt 0.096013 0.573426
vt 0.150142 0.572685
s 1
usemtl Material.002
f 1144/1214/1108 1142/1215/1109 1143/1216/1110
f 1145/1217/1111 1146/1218/1112 1140/1219/1113
f 1147/1220/1114 1148/1221/1115 1146/1218/1112
f 1146/1218/1112 1148/1221/1115 1149/1222/1116
f 1150/1223/1117 1151/1224/1118 1140/1219/1113
f 1140/1219/1113 1151/1224/1118 1152/1225/1119
f 1151/1224/1118 1150/1223/1117 1153/1226/1120
f 1151/1224/1118 1154/1227/1121 1155/1228/1122
f 1141/1229/1123 1142/1215/1109 1140/1219/1113
f 1140/1219/1113 1142/1215/1109 1144/1214/1108
f 1145/1217/1111 1140/1219/1113 1144/1214/1108
f 1147/1220/1114 1146/1218/1112 1145/1217/1111
f 1146/1218/1112 1149/1222/1116 1150/1223/1117
f 1150/1223/1117 1140/1219/1113 1146/1218/1112
f 1140/1219/1113 1152/1225/1119 1141/1229/1123
f 1151/1224/1118 1153/1226/1120 1154/1227/1121
f 1151/1224/1118 1155/1228/1122 1152/1225/1119
o car33
v -8.098827 -3.757821 4.756152
v -8.098826 3.206731 4.756152
v -8.098826 3.206731 4.831532
v -8.098827 -3.757821 4.831532
v -8.744950 3.206731 4.831532
v -8.744951 -3.757821 4.831532
v -9.273663 3.206732 4.978931
v -9.273664 -3.757820 4.978931
v -9.273663 3.206732 4.903552
v -9.273664 -3.757820 4.903552
v -8.744950 3.206731 4.756152
v -8.744951 -3.757821 4.756152
vn 0.5774 -0.5773 0.5773
vn 0.5773 -0.5774 -0.5774
vn 0.5774 0.5773 -0.5773
vn 0.0913 -0.7389 0.6676
vn 0.5773 0.5774 0.5774
vn 0.0913 0.7389 0.6676
vn -0.4992 0.5644 0.6575
vn -0.6413 -0.5930 -0.4870
vn -0.4992 -0.5644 0.6575
vn -0.6413 0.5930 -0.4869
vn -0.0996 0.6778 -0.7284
vn -0.0996 -0.6778 -0.7284
vt 0.061456 0.829143
vt 0.061456 0.775392
vt 0.115207 0.775392
vt 0.061456 0.847060
vt 0.115207 0.829143
vt 0.115207 0.847060
vt 0.115207 0.882895
vt 0.061456 0.936646
vt 0.061456 0.882895
vt 0.115207 0.936646
vt 0.115207 0.972480
vt 0.061456 0.990397
vt 0.061456 0.972480
vt 0.133124 0.829143
vt 0.133124 0.775392
vt 0.168958 0.775392
vt 0.043539 0.829143
vt 0.007705 0.829143
vt 0.007705 0.775392
vt 0.043539 0.775392
vt 0.115207 0.990397
vt 0.168958 0.829143
s 1
usemtl metalMat2
f 1159/1230/1124 1156/1231/1125 1157/1232/1126
f 1161/1233/1127 1159/1230/1124 1158/1234/1128
f 1161/1233/1127 1160/1235/1129 1162/1236/1130
f 1165/1237/1131 1163/1238/1132 1162/1236/1130
f 1165/1237/1131 1164/1239/1133 1166/1240/1134
f 1156/1241/1125 1167/1242/1135 1166/1240/1134
f 1160/1243/1129 1166/1244/1134 1164/1245/1133
f 1158/1234/1128 1157/1232/1126 1166/1244/1134
f 1161/1246/1127 1163/1247/1132 1165/1248/1131
f 1161/1246/1127 1167/1249/1135 1156/1231/1125
f 1159/1230/1124 1157/1232/1126 1158/1234/1128
f 1161/1233/1127 1158/1234/1128 1160/1235/1129
f 1161/1233/1127 1162/1236/1130 1163/1238/1132
f 1165/1237/1131 1162/1236/1130 1164/1239/1133
f 1165/1237/1131 1166/1240/1134 1167/1242/1135
f 1156/1241/1125 1166/1240/1134 1157/1250/1126
f 1160/1243/1129 1164/1245/1133 1162/1251/1130
f 1158/1234/1128 1166/1244/1134 1160/1243/1129
f 1161/1246/1127 1165/1248/1131 1167/1249/1135
f 1161/1246/1127 1156/1231/1125 1159/1230/1124
o car34
v -8.038838 3.208871 4.549156
v -8.038838 3.266983 4.549156
v -8.038838 3.266983 4.966084
v -8.038838 3.208871 4.966084
v -9.299618 3.266984 4.966084
v -9.299618 3.208872 4.966084
v -9.299618 3.266984 4.549156
v -9.299618 3.208872 4.549156
vn 0.5773 -0.5774 0.5774
vn 0.5774 -0.5773 -0.5774
vn 0.5773 0.5774 -0.5774
vn -0.5774 -0.5773 0.5774
vn 0.5774 0.5773 0.5774
vn -0.5773 -0.5774 -0.5774
vn -0.5773 0.5774 0.5774
vn -0.5774 0.5773 -0.5774
vt 0.199335 0.949146
vt 0.199335 0.936927
vt 0.211553 0.936927
vt 0.199335 0.961364
vt 0.211553 0.949146
vt 0.199335 0.973582
vt 0.211553 0.961364
vt 0.199335 0.985801
vt 0.211553 0.973582
vt 0.223772 0.936927
vt 0.187117 0.949146
vt 0.187117 0.936927
vt 0.211553 0.985801
vt 0.223772 0.949146
s 1
usemtl metalMat2
f 1171/1252/1136 1168/1253/1137 1169/1254/1138
f 1173/1255/1139 1171/1252/1136 1170/1256/1140
f 1175/1257/1141 1173/1255/1139 1172/1258/1142
f 1168/1259/1137 1175/1257/1141 1174/1260/1143
f 1170/1256/1140 1169/1254/1138 1174/1261/1143
f 1173/1262/1139 1175/1263/1141 1168/1253/1137
f 1171/1252/1136 1169/1254/1138 1170/1256/1140
f 1173/1255/1139 1170/1256/1140 1172/1258/1142
f 1175/1257/1141 1172/1258/1142 1174/1260/1143
f 1168/1259/1137 1174/1260/1143 1169/1264/1138
f 1170/1256/1140 1174/1261/1143 1172/1265/1142
f 1173/1262/1139 1168/1253/1137 1171/1252/1136
o car35
v -8.038839 -3.832593 4.549156
v -8.038839 -3.774485 4.549156
v -8.038839 -3.774485 4.966084
v -8.038839 -3.832593 4.966084
v -9.299619 -3.774484 4.966084
v -9.299619 -3.832592 4.966084
v -9.299619 -3.774484 4.549156
v -9.299619 -3.832592 4.549156
vn 0.5773 -0.5774 0.5774
vn 0.5774 -0.5773 -0.5774
vn 0.5774 0.5774 -0.5774
vn -0.5774 -0.5773 0.5774
vn 0.5774 0.5773 0.5774
vn -0.5774 -0.5774 -0.5774
vn -0.5773 0.5774 0.5774
vn -0.5774 0.5773 -0.5774
vt 0.160084 0.949330
vt 0.160084 0.936780
vt 0.172634 0.936780
vt 0.160084 0.961880
vt 0.172634 0.949330
vt 0.160084 0.974429
vt 0.172634 0.961880
vt 0.160084 0.986979
vt 0.172634 0.974429
vt 0.185184 0.936780
vt 0.147534 0.949330
vt 0.147534 0.936780
vt 0.172634 0.986979
vt 0.185184 0.949330
s 1
usemtl metalMat2
f 1179/1266/1144 1176/1267/1145 1177/1268/1146
f 1181/1269/1147 1179/1266/1144 1178/1270/1148
f 1183/1271/1149 1181/1269/1147 1180/1272/1150
f 1176/1273/1145 1183/1271/1149 1182/1274/1151
f 1178/1270/1148 1177/1268/1146 1182/1275/1151
f 1181/1276/1147 1183/1277/1149 1176/1267/1145
f 1179/1266/1144 1177/1268/1146 1178/1270/1148
f 1181/1269/1147 1178/1270/1148 1180/1272/1150
f 1183/1271/1149 1180/1272/1150 1182/1274/1151
f 1176/1273/1145 1182/1274/1151 1177/1278/1146
f 1178/1270/1148 1182/1275/1151 1180/1279/1150
f 1181/1276/1147 1176/1267/1145 1179/1266/1144
o car36
v -7.922410 0.487543 3.560771
v -7.922410 0.545651 3.560771
v -8.613218 0.545651 4.746128
v -8.613218 0.487543 4.746128
v -8.973622 0.487543 4.800459
v -8.973622 0.545651 4.800459
v -8.453574 0.545651 3.529727
v -8.453574 0.487543 3.529727
vn 0.4949 -0.8197 0.2884
vn 0.7074 -0.5741 0.4123
vn 0.7074 0.5741 0.4123
vn -0.5896 -0.7708 -0.2413
vn -0.7733 -0.5494 -0.3165
vn -0.7733 0.5493 -0.3165
vn 0.4949 0.8197 0.2884
vn -0.5896 0.7708 -0.2413
vt 0.146051 0.874954
vt 0.146051 0.856366
vt 0.164639 0.856366
vt 0.146051 0.912130
vt 0.146051 0.893542
vt 0.164639 0.893542
vt 0.164639 0.874954
vt 0.183227 0.856366
vt 0.127463 0.856366
vt 0.164639 0.912130
vt 0.183227 0.874954
vt 0.127463 0.874954
s 1
usemtl Material.008
f 1187/1280/1152 1184/1281/1153 1185/1282/1154
f 1191/1283/1155 1188/1284/1156 1189/1285/1157
f 1186/1286/1158 1185/1282/1154 1190/1287/1159
f 1191/1288/1155 1184/1281/1153 1187/1280/1152
f 1187/1280/1152 1185/1282/1154 1186/1286/1158
f 1191/1283/1155 1189/1285/1157 1190/1289/1159
f 1186/1286/1158 1190/1287/1159 1189/1290/1157
f 1191/1288/1155 1187/1280/1152 1188/1291/1156
o car37
v -7.922410 -1.091633 3.560771
v -7.922410 -1.033525 3.560771
v -8.613218 -1.033525 4.746128
v -8.613219 -1.091633 4.746128
v -8.973623 -1.091633 4.800459
v -8.973623 -1.033525 4.800459
v -8.453574 -1.033525 3.529727
v -8.453574 -1.091633 3.529727
vn 0.4949 -0.8197 0.2884
vn 0.7074 -0.5741 0.4123
vn 0.7074 0.5741 0.4123
vn -0.5896 -0.7708 -0.2413
vn -0.7733 -0.5494 -0.3165
vn -0.7733 0.5493 -0.3165
vn 0.4949 0.8197 0.2884
vn -0.5896 0.7708 -0.2413
vt 0.204864 0.874754
vt 0.204864 0.856501
vt 0.223118 0.856501
vt 0.204864 0.911261
vt 0.204864 0.893008
vt 0.223118 0.893008
vt 0.223118 0.874754
vt 0.241371 0.856501
vt 0.186611 0.856501
vt 0.223118 0.911261
vt 0.241371 0.874754
vt 0.186611 0.874754
s 1
usemtl Material.007
f 1195/1292/1160 1192/1293/1161 1193/1294/1162
f 1199/1295/1163 1196/1296/1164 1197/1297/1165
f 1194/1298/1166 1193/1294/1162 1198/1299/1167
f 1199/1300/1163 1192/1293/1161 1195/1292/1160
f 1195/1292/1160 1193/1294/1162 1194/1298/1166
f 1199/1295/1163 1197/1297/1165 1198/1301/1167
f 1194/1298/1166 1198/1299/1167 1197/1302/1165
f 1199/1300/1163 1195/1292/1160 1196/1303/1164
o car38
v 2.151825 -3.594994 3.447464
v 1.979653 -3.587874 3.265460
v 1.944097 -3.333494 3.265460
v 2.028901 -3.230230 3.443904
v 2.050945 -3.842250 3.447464
v 1.905533 -3.838690 3.276144
v 1.842517 -4.048554 3.443904
v 1.742193 -4.021850 3.319332
v 2.138593 -3.347738 3.569704
v 2.134481 -3.594994 3.569704
v 2.033597 -3.842250 3.569704
v 1.835449 -4.062798 3.576828
v 1.986825 -3.340614 3.784072
v 1.972161 -3.594994 3.780512
v 1.905533 -3.831566 3.755584
v 1.770321 -4.046778 3.691488
v 1.749501 -3.346266 3.792744
v 1.700933 -3.595970 3.789184
v 1.657409 -3.828534 3.764256
v 1.618513 -4.040238 3.721844
v 1.749885 -3.353610 3.600060
v 1.702921 -3.596378 3.600060
v 1.656773 -3.839306 3.600060
v 1.603449 -4.124382 3.607180
v 1.772361 -3.238266 3.452576
v 1.702921 -3.596378 3.456136
v 1.656773 -3.839306 3.456136
v 1.606281 -4.110422 3.452576
v 1.752037 -3.339514 3.274132
v 1.704037 -3.589334 3.274132
v 1.657681 -3.835858 3.284816
v 1.623817 -4.015878 3.336680
v 1.986825 -3.230230 3.452576
v 1.986825 -3.347738 3.600060
v 1.780553 -3.323042 3.734540
v 1.868209 -3.323042 3.734540
v 1.800573 -3.315918 3.794336
v 1.868209 -3.315918 3.791648
v 1.928181 -3.323042 3.725120
v 1.668805 -3.004342 3.734540
v 1.566645 -3.004342 3.734540
v 1.583809 -2.997218 3.794336
v 1.668805 -2.997218 3.791648
v 1.739373 -3.004342 3.725120
vn 0.9699 -0.1274 -0.2077
vn 0.3899 -0.0970 -0.9157
vn 0.2958 0.4625 -0.8358
vn 0.8247 -0.5204 -0.2215
vn 0.4065 -0.3069 -0.8606
vn 0.4900 -0.8298 -0.2672
vn 0.1116 -0.6218 -0.7752
vn 0.4027 0.9068 -0.1245
vn 0.8941 0.4403 0.0816
vn 0.9367 -0.0344 0.3485
vn 0.8122 -0.4880 0.3198
vn 0.4498 0.5244 0.7230
vn 0.4743 -0.1258 0.8713
vn 0.5044 -0.8315 0.2329
vn 0.4478 -0.3447 0.8250
vn -0.6235 0.3839 0.6810
vn -0.6813 0.0838 0.7271
vn 0.3004 -0.6733 0.6755
vn -0.6796 -0.0172 0.7334
vn -0.7556 0.6464 0.1060
vn -0.9821 0.1880 -0.0051
vn -0.7166 -0.1874 0.6718
vn -0.9828 0.1848 -0.0040
vn -0.5330 0.8436 0.0654
vn -0.9822 0.1879 0.0005
vn -0.9827 0.1853 -0.0008
vn -0.6802 -0.6988 -0.2215
vn -0.5857 0.4608 -0.6668
vn -0.7021 0.1192 -0.7020
vn -0.6989 0.0243 -0.7148
vn -0.7278 -0.1296 -0.6734
vn -0.6678 -0.7071 0.2327
vn 0.0005 0.9920 0.1261
vn 0.0014 0.9796 0.2009
vn -0.6336 0.6621 -0.4003
vn -0.0840 0.5887 -0.8040
vn -0.2538 0.0097 0.9672
vn 0.3192 0.2244 0.9207
vn 0.1822 0.9779 -0.1022
vn -0.0460 -0.0254 -0.9986
vn -0.5867 -0.4065 0.7004
vn 0.2799 0.1606 0.9465
vn 0.6931 0.4444 -0.5675
vn -0.7953 -0.5020 -0.3399
vt 0.912441 0.934998
vt 0.904024 0.934588
vt 0.902892 0.919950
vt 0.911167 0.949226
vt 0.901632 0.949021
vt 0.898024 0.961098
vt 0.894969 0.959562
vt 0.910557 0.914007
vt 0.916472 0.920769
vt 0.916493 0.934998
vt 0.958893 0.961098
vt 0.972036 0.949226
vt 0.978145 0.949226
vt 0.925811 0.920359
vt 0.917275 0.949226
vt 0.926217 0.934998
vt 0.934863 0.961918
vt 0.928358 0.948611
vt 0.934150 0.920685
vt 0.935628 0.935054
vt 0.935192 0.960996
vt 0.937206 0.948437
vt 0.940009 0.921107
vt 0.941449 0.935077
vt 0.939015 0.960620
vt 0.942304 0.949057
vt 0.952582 0.914469
vt 0.949807 0.935077
vt 0.948920 0.949057
vt 0.948410 0.964658
vt 0.888938 0.935077
vt 0.891712 0.914469
vt 0.896039 0.920296
vt 0.894600 0.934672
vt 0.893216 0.948858
vt 0.888051 0.949057
vt 0.891325 0.959218
vt 0.887541 0.964658
vt 0.942693 0.965462
vt 0.909823 0.914007
vt 0.919972 0.920769
vt 0.933874 0.919348
vt 0.929894 0.919348
vt 0.932433 0.918938
vt 0.929986 0.918938
vt 0.927029 0.919348
vt 0.937579 0.901008
vt 0.938124 0.900599
vt 0.936412 0.900599
vt 0.935653 0.901008
vt 0.939623 0.901008
s 1
usemtl bodyMat
f 1200/1304/1168 1201/1305/1169 1202/1306/1170
f 1204/1307/1171 1205/1308/1172 1201/1305/1169
f 1206/1309/1173 1207/1310/1174 1205/1308/1172
f 1200/1304/1168 1203/1311/1175 1208/1312/1176
f 1204/1307/1171 1200/1304/1168 1209/1313/1177
f 1206/1314/1173 1204/1315/1171 1210/1316/1178
f 1209/1313/1177 1208/1312/1176 1212/1317/1179
f 1210/1318/1178 1209/1313/1177 1213/1319/1180
f 1211/1320/1181 1210/1318/1178 1214/1321/1182
f 1213/1319/1180 1212/1317/1179 1216/1322/1183
f 1214/1321/1182 1213/1319/1180 1217/1323/1184
f 1215/1324/1185 1214/1321/1182 1218/1325/1186
f 1217/1323/1184 1216/1322/1183 1220/1326/1187
f 1218/1325/1186 1217/1323/1184 1221/1327/1188
f 1219/1328/1189 1218/1325/1186 1222/1329/1190
f 1220/1326/1187 1224/1330/1191 1225/1331/1192
f 1222/1329/1190 1221/1327/1188 1225/1331/1192
f 1222/1329/1190 1226/1332/1193 1227/1333/1194
f 1225/1334/1192 1224/1335/1191 1228/1336/1195
f 1225/1334/1192 1229/1337/1196 1230/1338/1197
f 1226/1339/1193 1230/1338/1197 1231/1340/1198
f 1201/1305/1169 1229/1337/1196 1228/1336/1195
f 1205/1308/1172 1230/1338/1197 1229/1337/1196
f 1207/1310/1174 1231/1340/1198 1230/1338/1197
f 1227/1341/1194 1231/1340/1198 1207/1310/1174
f 1211/1320/1181 1223/1342/1199 1227/1333/1194
f 1215/1324/1185 1219/1328/1189 1223/1342/1199
f 1224/1335/1191 1232/1343/1200 1202/1306/1170
f 1202/1306/1170 1232/1343/1200 1203/1311/1175
f 1224/1330/1191 1220/1326/1187 1233/1344/1201
f 1203/1311/1175 1232/1343/1200 1233/1344/1201
f 1220/1326/1187 1234/1345/1202 1235/1346/1203
f 1216/1322/1183 1236/1347/1204 1234/1345/1202
f 1237/1348/1205 1236/1347/1204 1216/1322/1183
f 1233/1344/1201 1235/1346/1203 1238/1349/1206
f 1238/1349/1206 1237/1348/1205 1212/1317/1179
f 1239/1350/1207 1235/1346/1203 1234/1345/1202
f 1234/1345/1202 1236/1347/1204 1241/1351/1208
f 1242/1352/1209 1241/1351/1208 1236/1347/1204
f 1235/1346/1203 1239/1350/1207 1243/1353/1210
f 1243/1353/1210 1242/1352/1209 1237/1348/1205
f 1200/1304/1168 1202/1306/1170 1203/1311/1175
f 1204/1307/1171 1201/1305/1169 1200/1304/1168
f 1206/1309/1173 1205/1308/1172 1204/1307/1171
f 1200/1304/1168 1208/1312/1176 1209/1313/1177
f 1204/1307/1171 1209/1313/1177 1210/1318/1178
f 1206/1314/1173 1210/1316/1178 1211/1320/1181
f 1209/1313/1177 1212/1317/1179 1213/1319/1180
f 1210/1318/1178 1213/1319/1180 1214/1321/1182
f 1211/1320/1181 1214/1321/1182 1215/1324/1185
f 1213/1319/1180 1216/1322/1183 1217/1323/1184
f 1214/1321/1182 1217/1323/1184 1218/1325/1186
f 1215/1324/1185 1218/1325/1186 1219/1328/1189
f 1217/1323/1184 1220/1326/1187 1221/1327/1188
f 1218/1325/1186 1221/1327/1188 1222/1329/1190
f 1219/1328/1189 1222/1329/1190 1223/1342/1199
f 1220/1326/1187 1225/1331/1192 1221/1327/1188
f 1222/1329/1190 1225/1331/1192 1226/1332/1193
f 1222/1329/1190 1227/1333/1194 1223/1342/1199
f 1225/1334/1192 1228/1336/1195 1229/1337/1196
f 1225/1334/1192 1230/1338/1197 1226/1339/1193
f 1226/1339/1193 1231/1340/1198 1227/1341/1194
f 1201/1305/1169 1228/1336/1195 1202/1306/1170
f 1205/1308/1172 1229/1337/1196 1201/1305/1169
f 1207/1310/1174 1230/1338/1197 1205/1308/1172
f 1227/1341/1194 1207/1310/1174 1206/1309/1173
f 1211/1320/1181 1227/1333/1194 1206/1314/1173
f 1215/1324/1185 1223/1342/1199 1211/1320/1181
f 1224/1335/1191 1202/1306/1170 1228/1336/1195
f 1224/1330/1191 1233/1344/1201 1232/1343/1200
f 1203/1311/1175 1233/1344/1201 1208/1312/1176
f 1220/1326/1187 1235/1346/1203 1233/1344/1201
f 1216/1322/1183 1234/1345/1202 1220/1326/1187
f 1237/1348/1205 1216/1322/1183 1212/1317/1179
f 1233/1344/1201 1238/1349/1206 1208/1312/1176
f 1238/1349/1206 1212/1317/1179 1208/1312/1176
f 1239/1350/1207 1234/1345/1202 1240/1354/1211
f 1234/1345/1202 1241/1351/1208 1240/1354/1211
f 1242/1352/1209 1236/1347/1204 1237/1348/1205
f 1235/1346/1203 1243/1353/1210 1238/1349/1206
f 1243/1353/1210 1237/1348/1205 1238/1349/1206
o car39
v -3.723375 -0.329725 4.926332
v -3.723375 -0.221365 4.926332
v -3.787163 -0.217057 5.039155
v -3.787163 -0.334033 5.039155
v -4.189167 -0.304089 5.191656
v -4.189167 -0.247001 5.191656
v -4.294503 -0.247001 5.165579
v -4.294503 -0.304089 5.165579
v -4.376451 -0.385225 4.909768
v -4.376451 -0.165865 4.909768
v -4.393087 -0.165865 4.794628
v -4.393087 -0.385225 4.794628
v -3.861547 -0.247001 5.067120
v -3.861547 -0.304089 5.067120
v -4.368319 -0.247001 4.957707
v -4.368319 -0.304089 4.957707
vn 0.5356 -0.5711 0.6221
vn 0.7091 -0.5894 0.3870
vn 0.7092 0.5895 0.3867
vn -0.5297 -0.6144 0.5847
vn 0.0460 -0.6457 0.7622
vn 0.0460 0.6457 0.7622
vn -0.7559 -0.6476 0.0960
vn -0.6039 -0.7390 0.2985
vn -0.6629 0.6678 0.3386
vn -0.7559 0.6475 0.0964
vn 0.2052 -0.3391 0.9181
vn 0.4706 0.6808 0.5613
vn 0.1285 0.5255 0.8410
vn -0.7881 0.4130 0.4565
vn -0.5297 0.6144 0.5847
vn -0.7999 -0.3164 0.5099
vt 0.895835 0.472220
vt 0.895835 0.441282
vt 0.934050 0.441282
vt 0.895835 0.503157
vt 0.934050 0.472220
vt 0.895835 0.534095
vt 0.934050 0.503157
vt 0.972265 0.441282
vt 0.972265 0.472220
vt 0.857620 0.472220
vt 0.857620 0.441282
vt 0.934050 0.534095
s 1
usemtl bodyMat
f 1247/1355/1212 1244/1356/1213 1245/1357/1214
f 1251/1358/1215 1248/1355/1216 1249/1359/1217
f 1255/1360/1218 1252/1358/1219 1253/1361/1220
f 1245/1357/1214 1254/1362/1221 1253/1363/1220
f 1252/1364/1219 1255/1365/1218 1244/1356/1213
f 1257/1355/1222 1247/1355/1212 1246/1359/1223
f 1256/1359/1224 1246/1359/1223 1253/1361/1220
f 1258/1361/1225 1253/1361/1220 1252/1358/1219
f 1252/1358/1219 1247/1355/1212 1257/1355/1222
f 1250/1361/1226 1258/1361/1225 1259/1358/1227
f 1259/1358/1227 1257/1355/1222 1248/1355/1216
f 1257/1355/1222 1256/1359/1224 1249/1359/1217
f 1258/1361/1225 1250/1361/1226 1249/1359/1217
f 1247/1355/1212 1245/1357/1214 1246/1359/1223
f 1251/1358/1215 1249/1359/1217 1250/1361/1226
f 1255/1360/1218 1253/1361/1220 1254/1366/1221
f 1245/1357/1214 1253/1363/1220 1246/1359/1223
f 1252/1364/1219 1244/1356/1213 1247/1355/1212
f 1257/1355/1222 1246/1359/1223 1256/1359/1224
f 1256/1359/1224 1253/1361/1220 1258/1361/1225
f 1258/1361/1225 1252/1358/1219 1259/1358/1227
f 1252/1358/1219 1257/1355/1222 1259/1358/1227
f 1250/1361/1226 1259/1358/1227 1251/1358/1215
f 1259/1358/1227 1248/1355/1216 1251/1358/1215
f 1257/1355/1222 1249/1359/1217 1248/1355/1216
f 1258/1361/1225 1249/1359/1217 1256/1359/1224
o car4
v -5.628499 -2.451105 0.256712
v -5.112631 -2.451105 0.152544
v -5.112631 -3.949165 0.158052
v -5.626395 -3.949165 0.261792
v -5.112631 -4.022537 0.393712
v -5.112631 -3.864509 0.471608
v -5.506539 -3.864509 0.551148
v -5.536314 -4.022537 0.479264
v -5.112631 -4.029689 0.280544
v -5.579571 -4.029689 0.374832
v -6.066931 -2.451105 0.547828
v -6.063039 -3.949165 0.551720
v -5.841319 -3.864509 0.773440
v -5.896399 -4.022537 0.718360
v -5.976423 -4.029689 0.638340
v -6.358047 -2.451105 0.986260
v -6.352967 -3.949165 0.988364
v -6.063611 -3.864509 1.108220
v -6.135495 -4.022537 1.078444
v -6.239927 -4.029689 1.035187
v -6.462215 -2.451105 1.502128
v -6.456711 -3.949165 1.502128
v -6.143151 -3.864509 1.502128
v -6.221047 -4.022537 1.502128
v -6.334215 -4.029689 1.502128
v -6.358047 -2.451105 2.017996
v -6.352967 -3.949165 2.015892
v -6.063611 -3.864509 1.896036
v -6.135495 -4.022537 1.925812
v -6.239927 -4.029689 1.969072
v -6.066931 -2.451105 2.456428
v -6.063039 -3.949165 2.452536
v -5.841319 -3.864509 2.230815
v -5.896399 -4.022537 2.285896
v -5.976423 -4.029689 2.365920
v -5.628499 -2.451105 2.747544
v -5.626395 -3.949165 2.742464
v -5.506539 -3.864509 2.453108
v -5.536315 -4.022537 2.524992
v -5.579571 -4.029689 2.629424
v -5.112631 -2.451105 2.851712
v -5.112631 -3.949165 2.846208
v -5.112631 -3.864509 2.532648
v -5.112631 -4.022537 2.610543
v -5.112631 -4.029689 2.723711
v -4.596763 -2.451105 2.747544
v -4.598867 -3.949165 2.742464
v -4.718723 -3.864509 2.453108
v -4.688947 -4.022537 2.524992
v -4.645691 -4.029689 2.629424
v -4.158331 -2.451105 2.456428
v -4.162223 -3.949165 2.452536
v -4.383943 -3.864509 2.230816
v -4.328863 -4.022537 2.285896
v -4.248839 -4.029689 2.365920
v -3.867215 -2.451105 2.017996
v -3.872295 -3.949165 2.015892
v -4.161651 -3.864509 1.896036
v -4.089767 -4.022538 1.925812
v -3.985335 -4.029689 1.969068
v -3.763047 -2.451105 1.502128
v -3.768551 -3.949165 1.502128
v -4.082111 -3.864509 1.502128
v -4.004215 -4.022538 1.502128
v -3.891047 -4.029689 1.502128
v -3.867215 -2.451105 0.986260
v -3.872295 -3.949165 0.988364
v -4.161651 -3.864509 1.108220
v -4.089767 -4.022538 1.078444
v -3.985335 -4.029689 1.035188
v -4.158331 -2.451105 0.547828
v -4.162223 -3.949165 0.551720
v -4.383943 -3.864509 0.773440
v -4.328863 -4.022537 0.718360
v -4.248839 -4.029689 0.638336
v -4.596763 -2.451105 0.256712
v -4.598867 -3.949165 0.261792
v -4.718723 -3.864509 0.551148
v -4.688947 -4.022537 0.479264
v -4.645691 -4.029689 0.374832
vn -0.3827 -0.0037 -0.9239
vn -0.0000 -0.0037 -1.0000
vn -0.0000 -0.4530 -0.8915
vn 0.1949 -0.8606 0.4705
vn -0.0000 -0.8616 0.5076
vn -0.0000 -0.4421 0.8970
vn -0.3411 -0.4534 -0.8235
vn -0.0000 -0.9561 -0.2930
vn -0.1118 -0.9563 -0.2700
vn -0.6304 -0.4530 -0.6304
vn -0.7071 -0.0037 -0.7071
vn 0.3433 -0.4417 0.8289
vn 0.6342 -0.4421 0.6342
vn -0.2072 -0.9561 -0.2072
vn 0.3590 -0.8616 0.3590
vn -0.9239 -0.0037 -0.3827
vn 0.4705 -0.8606 0.1949
vn -0.8235 -0.4534 -0.3411
vn -0.2700 -0.9563 -0.1118
vn -0.8915 -0.4530 -0.0000
vn -1.0000 -0.0037 -0.0000
vn 0.8289 -0.4417 0.3433
vn 0.8970 -0.4421 -0.0000
vn -0.2930 -0.9561 -0.0000
vn 0.5076 -0.8616 -0.0000
vn -0.9239 -0.0037 0.3827
vn 0.4705 -0.8606 -0.1949
vn -0.8235 -0.4534 0.3411
vn -0.2700 -0.9563 0.1118
vn -0.6304 -0.4530 0.6304
vn -0.7071 -0.0037 0.7071
vn 0.8289 -0.4417 -0.3433
vn 0.6342 -0.4421 -0.6342
vn -0.2072 -0.9561 0.2072
vn 0.3589 -0.8616 -0.3590
vn -0.3827 -0.0037 0.9239
vn 0.1949 -0.8606 -0.4705
vn -0.3411 -0.4534 0.8235
vn -0.1118 -0.9563 0.2700
vn -0.0000 -0.4530 0.8915
vn -0.0000 -0.0037 1.0000
vn 0.3433 -0.4417 -0.8289
vn -0.0000 -0.4421 -0.8970
vn -0.0000 -0.9561 0.2930
vn -0.0000 -0.8616 -0.5076
vn 0.3827 -0.0037 0.9239
vn -0.1949 -0.8606 -0.4705
vn 0.3411 -0.4534 0.8235
vn 0.1118 -0.9563 0.2700
vn 0.6304 -0.4530 0.6304
vn 0.7071 -0.0037 0.7071
vn -0.3433 -0.4417 -0.8289
vn -0.6342 -0.4421 -0.6342
vn 0.2072 -0.9561 0.2072
vn -0.3590 -0.8616 -0.3590
vn 0.9239 -0.0037 0.3827
vn -0.4705 -0.8606 -0.1949
vn 0.8235 -0.4534 0.3411
vn 0.2700 -0.9563 0.1118
vn 0.8915 -0.4530 -0.0000
vn 1.0000 -0.0037 -0.0000
vn -0.8289 -0.4417 -0.3433
vn -0.8970 -0.4421 -0.0000
vn 0.2930 -0.9561 -0.0000
vn -0.5076 -0.8616 -0.0000
vn 0.9239 -0.0037 -0.3827
vn -0.4705 -0.8606 0.1949
vn 0.8235 -0.4534 -0.3411
vn 0.2700 -0.9563 -0.1118
vn 0.6304 -0.4530 -0.6304
vn 0.7071 -0.0037 -0.7071
vn -0.8289 -0.4417 0.3433
vn -0.6342 -0.4421 0.6342
vn 0.2072 -0.9561 -0.2072
vn -0.3590 -0.8616 0.3590
vn 0.3827 -0.0037 -0.9239
vn -0.1949 -0.8606 0.4705
vn 0.3411 -0.4534 -0.8235
vn 0.1118 -0.9563 -0.2700
vn -0.3433 -0.4417 0.8289
vt 0.398051 0.980299
vt 0.390441 0.980299
vt 0.390441 0.903541
vt 0.561921 0.837736
vt 0.589211 0.832226
vt 0.589211 0.837243
vt 0.556119 0.823729
vt 0.589211 0.817046
vt 0.589211 0.824936
vt 0.559134 0.831009
vt 0.405660 0.903541
vt 0.405660 0.980299
vt 0.563839 0.842366
vt 0.542275 0.856684
vt 0.533573 0.847982
vt 0.538727 0.853137
vt 0.413270 0.980299
vt 0.523327 0.876330
vt 0.509319 0.870528
vt 0.527994 0.842403
vt 0.516600 0.873544
vt 0.420880 0.903541
vt 0.420880 0.980299
vt 0.527957 0.878248
vt 0.522834 0.903620
vt 0.510527 0.903620
vt 0.517816 0.903620
vt 0.428490 0.980299
vt 0.523327 0.930910
vt 0.509319 0.936713
vt 0.502637 0.903620
vt 0.516600 0.933697
vt 0.436099 0.903541
vt 0.436099 0.980299
vt 0.527957 0.928993
vt 0.542275 0.950556
vt 0.533573 0.959258
vt 0.538727 0.954104
vt 0.443709 0.980299
vt 0.561921 0.969504
vt 0.556119 0.983512
vt 0.527994 0.964837
vt 0.559134 0.976231
vt 0.451319 0.903541
vt 0.451319 0.980299
vt 0.563839 0.964874
vt 0.589211 0.969998
vt 0.589211 0.982304
vt 0.589211 0.975015
vt 0.458929 0.980299
vt 0.616501 0.969504
vt 0.622303 0.983512
vt 0.589211 0.990194
vt 0.619287 0.976231
vt 0.466539 0.903541
vt 0.466539 0.980299
vt 0.614583 0.964874
vt 0.636147 0.950556
vt 0.644849 0.959258
vt 0.639694 0.954104
vt 0.474148 0.980299
vt 0.655095 0.930910
vt 0.669103 0.936713
vt 0.650428 0.964837
vt 0.661822 0.933697
vt 0.481758 0.903541
vt 0.481758 0.980299
vt 0.650465 0.928993
vt 0.655588 0.903620
vt 0.667895 0.903620
vt 0.660606 0.903620
vt 0.367611 0.980299
vt 0.360002 0.980299
vt 0.360002 0.903541
vt 0.655095 0.876330
vt 0.669103 0.870528
vt 0.675785 0.903620
vt 0.661822 0.873544
vt 0.375221 0.903541
vt 0.375221 0.980299
vt 0.650465 0.878248
vt 0.636147 0.856684
vt 0.644849 0.847982
vt 0.639694 0.853137
vt 0.382831 0.980299
vt 0.616501 0.837736
vt 0.622303 0.823729
vt 0.650428 0.842403
vt 0.619287 0.831009
vt 0.614583 0.842366
vt 0.398051 0.903541
vt 0.413270 0.903541
vt 0.428490 0.903541
vt 0.443709 0.903541
vt 0.458929 0.903541
vt 0.474148 0.903541
vt 0.367611 0.903541
vt 0.382831 0.903541
s 1
usemtl rubberMat
f 1260/1367/1228 1261/1368/1229 1262/1369/1230
f 1267/1370/1231 1264/1371/1232 1265/1372/1233
f 1263/1373/1234 1262/1374/1230 1268/1375/1235
f 1269/1376/1236 1268/1375/1235 1264/1371/1232
f 1271/1377/1237 1270/1378/1238 1260/1367/1228
f 1267/1370/1231 1266/1379/1239 1272/1380/1240
f 1263/1373/1234 1269/1376/1236 1274/1381/1241
f 1269/1376/1236 1267/1370/1231 1273/1382/1242
f 1275/1383/1243 1270/1378/1238 1271/1377/1237
f 1278/1384/1244 1273/1382/1242 1272/1380/1240
f 1276/1385/1245 1271/1386/1237 1274/1381/1241
f 1279/1387/1246 1274/1381/1241 1273/1382/1242
f 1281/1388/1247 1280/1389/1248 1275/1383/1243
f 1278/1384/1244 1277/1390/1249 1282/1391/1250
f 1276/1385/1245 1279/1387/1246 1284/1392/1251
f 1279/1387/1246 1278/1384/1244 1283/1393/1252
f 1285/1394/1253 1280/1389/1248 1281/1388/1247
f 1288/1395/1254 1283/1393/1252 1282/1391/1250
f 1286/1396/1255 1281/1397/1247 1284/1392/1251
f 1289/1398/1256 1284/1392/1251 1283/1393/1252
f 1291/1399/1257 1290/1400/1258 1285/1394/1253
f 1288/1395/1254 1287/1401/1259 1292/1402/1260
f 1286/1396/1255 1289/1398/1256 1294/1403/1261
f 1289/1398/1256 1288/1395/1254 1293/1404/1262
f 1295/1405/1263 1290/1400/1258 1291/1399/1257
f 1298/1406/1264 1293/1404/1262 1292/1402/1260
f 1296/1407/1265 1291/1408/1257 1294/1403/1261
f 1299/1409/1266 1294/1403/1261 1293/1404/1262
f 1301/1410/1267 1300/1411/1268 1295/1405/1263
f 1298/1406/1264 1297/1412/1269 1302/1413/1270
f 1296/1407/1265 1299/1409/1266 1304/1414/1271
f 1299/1409/1266 1298/1406/1264 1303/1415/1272
f 1305/1416/1273 1300/1411/1268 1301/1410/1267
f 1308/1417/1274 1303/1415/1272 1302/1413/1270
f 1306/1418/1275 1301/1419/1267 1304/1414/1271
f 1309/1420/1276 1304/1414/1271 1303/1415/1272
f 1311/1421/1277 1310/1422/1278 1305/1416/1273
f 1308/1417/1274 1307/1423/1279 1312/1424/1280
f 1306/1418/1275 1309/1420/1276 1314/1425/1281
f 1309/1420/1276 1308/1417/1274 1313/1426/1282
f 1315/1427/1283 1310/1422/1278 1311/1421/1277
f 1318/1428/1284 1313/1426/1282 1312/1424/1280
f 1316/1429/1285 1311/1430/1277 1314/1425/1281
f 1319/1431/1286 1314/1425/1281 1313/1426/1282
f 1321/1432/1287 1320/1433/1288 1315/1427/1283
f 1318/1428/1284 1317/1434/1289 1322/1435/1290
f 1316/1429/1285 1319/1431/1286 1324/1436/1291
f 1319/1431/1286 1318/1428/1284 1323/1437/1292
f 1325/1438/1293 1320/1439/1288 1321/1440/1287
f 1328/1441/1294 1323/1437/1292 1322/1435/1290
f 1326/1442/1295 1321/1443/1287 1324/1436/1291
f 1329/1444/1296 1324/1436/1291 1323/1437/1292
f 1331/1445/1297 1330/1446/1298 1325/1438/1293
f 1328/1441/1294 1327/1447/1299 1332/1448/1300
f 1326/1442/1295 1329/1444/1296 1334/1449/1301
f 1329/1444/1296 1328/1441/1294 1333/1450/1302
f 1335/1451/1303 1330/1446/1298 1331/1445/1297
f 1338/1452/1304 1333/1450/1302 1332/1448/1300
f 1336/1453/1305 1331/1454/1297 1334/1449/1301
f 1339/1455/1306 1334/1449/1301 1333/1450/1302
f 1262/1369/1230 1261/1368/1229 1335/1451/1303
f 1338/1452/1304 1337/1456/1307 1265/1372/1233
f 1336/1453/1305 1339/1455/1306 1268/1375/1235
f 1339/1455/1306 1338/1452/1304 1264/1371/1232
f 1260/1367/1228 1262/1369/1230 1263/1457/1234
f 1267/1370/1231 1265/1372/1233 1266/1379/1239
f 1263/1373/1234 1268/1375/1235 1269/1376/1236
f 1269/1376/1236 1264/1371/1232 1267/1370/1231
f 1271/1377/1237 1260/1367/1228 1263/1457/1234
f 1267/1370/1231 1272/1380/1240 1273/1382/1242
f 1263/1373/1234 1274/1381/1241 1271/1386/1237
f 1269/1376/1236 1273/1382/1242 1274/1381/1241
f 1275/1383/1243 1271/1377/1237 1276/1458/1245
f 1278/1384/1244 1272/1380/1240 1277/1390/1249
f 1276/1385/1245 1274/1381/1241 1279/1387/1246
f 1279/1387/1246 1273/1382/1242 1278/1384/1244
f 1281/1388/1247 1275/1383/1243 1276/1458/1245
f 1278/1384/1244 1282/1391/1250 1283/1393/1252
f 1276/1385/1245 1284/1392/1251 1281/1397/1247
f 1279/1387/1246 1283/1393/1252 1284/1392/1251
f 1285/1394/1253 1281/1388/1247 1286/1459/1255
f 1288/1395/1254 1282/1391/1250 1287/1401/1259
f 1286/1396/1255 1284/1392/1251 1289/1398/1256
f 1289/1398/1256 1283/1393/1252 1288/1395/1254
f 1291/1399/1257 1285/1394/1253 1286/1459/1255
f 1288/1395/1254 1292/1402/1260 1293/1404/1262
f 1286/1396/1255 1294/1403/1261 1291/1408/1257
f 1289/1398/1256 1293/1404/1262 1294/1403/1261
f 1295/1405/1263 1291/1399/1257 1296/1460/1265
f 1298/1406/1264 1292/1402/1260 1297/1412/1269
f 1296/1407/1265 1294/1403/1261 1299/1409/1266
f 1299/1409/1266 1293/1404/1262 1298/1406/1264
f 1301/1410/1267 1295/1405/1263 1296/1460/1265
f 1298/1406/1264 1302/1413/1270 1303/1415/1272
f 1296/1407/1265 1304/1414/1271 1301/1419/1267
f 1299/1409/1266 1303/1415/1272 1304/1414/1271
f 1305/1416/1273 1301/1410/1267 1306/1461/1275
f 1308/1417/1274 1302/1413/1270 1307/1423/1279
f 1306/1418/1275 1304/1414/1271 1309/1420/1276
f 1309/1420/1276 1303/1415/1272 1308/1417/1274
f 1311/1421/1277 1305/1416/1273 1306/1461/1275
f 1308/1417/1274 1312/1424/1280 1313/1426/1282
f 1306/1418/1275 1314/1425/1281 1311/1430/1277
f 1309/1420/1276 1313/1426/1282 1314/1425/1281
f 1315/1427/1283 1311/1421/1277 1316/1462/1285
f 1318/1428/1284 1312/1424/1280 1317/1434/1289
f 1316/1429/1285 1314/1425/1281 1319/1431/1286
f 1319/1431/1286 1313/1426/1282 1318/1428/1284
f 1321/1432/1287 1315/1427/1283 1316/1462/1285
f 1318/1428/1284 1322/1435/1290 1323/1437/1292
f 1316/1429/1285 1324/1436/1291 1321/1443/1287
f 1319/1431/1286 1323/1437/1292 1324/1436/1291
f 1325/1438/1293 1321/1440/1287 1326/1463/1295
f 1328/1441/1294 1322/1435/1290 1327/1447/1299
f 1326/1442/1295 1324/1436/1291 1329/1444/1296
f 1329/1444/1296 1323/1437/1292 1328/1441/1294
f 1331/1445/1297 1325/1438/1293 1326/1463/1295
f 1328/1441/1294 1332/1448/1300 1333/1450/1302
f 1326/1442/1295 1334/1449/1301 1331/1454/1297
f 1329/1444/1296 1333/1450/1302 1334/1449/1301
f 1335/1451/1303 1331/1445/1297 1336/1464/1305
f 1338/1452/1304 1332/1448/1300 1337/1456/1307
f 1336/1453/1305 1334/1449/1301 1339/1455/1306
f 1339/1455/1306 1333/1450/1302 1338/1452/1304
f 1262/1369/1230 1335/1451/1303 1336/1464/1305
f 1338/1452/1304 1265/1372/1233 1264/1371/1232
f 1336/1453/1305 1268/1375/1235 1262/1374/1230
f 1339/1455/1306 1264/1371/1232 1268/1375/1235
o car40
v 3.387409 -0.762330 3.411428
v 3.381837 -0.759390 3.425576
v 3.395817 -0.762182 3.431660
v 3.401389 -0.765122 3.417512
v 3.290793 -1.337902 3.509928
v 3.296365 -1.340842 3.495776
v 3.199037 -1.708454 3.550792
v 3.204609 -1.711394 3.536644
v 3.022481 -2.269894 3.597932
v 3.028053 -2.272834 3.583784
v 3.008501 -2.267102 3.591852
v 3.014073 -2.270042 3.577700
v 3.185057 -1.705666 3.544708
v 3.190629 -1.708606 3.530560
v 3.276813 -1.335110 3.503844
v 3.282385 -1.338050 3.489692
vn -0.1994 0.5386 -0.8186
vn -0.6123 0.7565 0.2299
vn 0.4345 0.5840 0.6857
vn 0.9015 -0.2382 -0.3614
vn 0.8525 0.3635 -0.3758
vn 0.8900 -0.2845 -0.3562
vn 0.3982 0.0274 0.9169
vn 0.3866 -0.0189 0.9220
vn 0.1503 -0.5637 0.8122
vn -0.4668 -0.5410 -0.6996
vn 0.5682 -0.7842 -0.2492
vn -0.8796 -0.3231 0.3491
vn -0.8819 0.2842 0.3760
vn -0.3677 0.0128 -0.9299
vn -0.8930 0.2390 0.3815
vn -0.3790 -0.0325 -0.9248
vt 0.404903 0.805834
vt 0.429143 0.805834
vt 0.429143 0.827229
vt 0.404903 0.834361
vt 0.404903 0.827229
vt 0.404903 0.841493
vt 0.429143 0.834361
vt 0.429143 0.841493
vt 0.429143 0.848625
vt 0.404903 0.870020
vt 0.404903 0.848625
vt 0.429143 0.870020
vt 0.429143 0.877152
vt 0.404903 0.877152
vt 0.429143 0.884283
vt 0.404903 0.891415
vt 0.404903 0.884283
vt 0.445303 0.805834
vt 0.453383 0.805834
vt 0.453383 0.827229
vt 0.437223 0.805834
vt 0.445303 0.827229
vt 0.380663 0.827229
vt 0.380663 0.805834
vt 0.388743 0.805834
vt 0.388743 0.827229
vt 0.396823 0.805834
vt 0.429143 0.891415
vt 0.437223 0.827229
vt 0.396823 0.827229
s 1
usemtl metalMat2
f 1340/1465/1308 1341/1466/1309 1342/1467/1310
f 1345/1468/1311 1343/1469/1312 1342/1467/1310
f 1347/1470/1313 1345/1468/1311 1344/1471/1314
f 1347/1470/1313 1346/1472/1315 1348/1473/1316
f 1351/1474/1317 1349/1475/1318 1348/1473/1316
f 1351/1474/1317 1350/1476/1319 1352/1477/1320
f 1353/1478/1321 1352/1477/1320 1354/1479/1322
f 1340/1480/1308 1355/1481/1323 1354/1479/1322
f 1352/1482/1320 1350/1483/1319 1348/1484/1316
f 1354/1485/1322 1352/1482/1320 1346/1486/1315
f 1342/1467/1310 1341/1466/1309 1354/1485/1322
f 1349/1487/1318 1351/1488/1317 1353/1489/1321
f 1347/1490/1313 1353/1489/1321 1355/1491/1323
f 1355/1491/1323 1340/1465/1308 1343/1469/1312
f 1340/1465/1308 1342/1467/1310 1343/1469/1312
f 1345/1468/1311 1342/1467/1310 1344/1471/1314
f 1347/1470/1313 1344/1471/1314 1346/1472/1315
f 1347/1470/1313 1348/1473/1316 1349/1475/1318
f 1351/1474/1317 1348/1473/1316 1350/1476/1319
f 1351/1474/1317 1352/1477/1320 1353/1478/1321
f 1353/1478/1321 1354/1479/1322 1355/1481/1323
f 1340/1480/1308 1354/1479/1322 1341/1492/1309
f 1352/1482/1320 1348/1484/1316 1346/1486/1315
f 1354/1485/1322 1346/1486/1315 1344/1493/1314
f 1342/1467/1310 1354/1485/1322 1344/1493/1314
f 1349/1487/1318 1353/1489/1321 1347/1490/1313
f 1347/1490/1313 1355/1491/1323 1345/1494/1311
f 1355/1491/1323 1343/1469/1312 1345/1494/1311
o car41
v 3.049417 -2.030866 3.546304
v 3.046725 -2.029446 3.553140
v 3.054753 -2.031050 3.556636
v 3.057445 -2.032470 3.549796
v 3.043537 -2.193390 3.585948
v 3.046229 -2.194810 3.579108
v 3.005169 -2.348342 3.603036
v 3.007861 -2.349762 3.596200
v 2.938717 -2.499654 3.608312
v 2.941409 -2.501074 3.601476
v 2.930693 -2.498050 3.604820
v 2.933381 -2.499470 3.597984
v 2.997141 -2.346738 3.599544
v 2.999833 -2.348158 3.592704
v 3.035513 -2.191786 3.582456
v 3.038205 -2.193206 3.575616
vn 0.8260 0.3966 -0.4006
vn -0.2415 0.5132 -0.8236
vn -0.6502 0.7289 0.2144
vn 0.9159 -0.1954 -0.3506
vn 0.4032 0.6196 0.6735
vn 0.8837 -0.3259 -0.3360
vn 0.4220 0.0653 0.9042
vn 0.5282 -0.8057 -0.2681
vn 0.3897 -0.0652 0.9186
vn 0.1054 -0.5826 0.8059
vn -0.9012 -0.2850 0.3265
vn -0.3377 0.0459 -0.9401
vn -0.4928 -0.5006 -0.7117
vn -0.8618 0.3226 0.3914
vn -0.8923 0.1996 0.4049
vn -0.3683 -0.0770 -0.9265
vt 0.404903 0.827229
vt 0.404903 0.805834
vt 0.429143 0.805834
vt 0.404903 0.834361
vt 0.429143 0.827229
vt 0.404903 0.841493
vt 0.429143 0.834361
vt 0.404903 0.848625
vt 0.429143 0.841493
vt 0.429143 0.848625
vt 0.429143 0.870020
vt 0.404903 0.877152
vt 0.404903 0.870020
vt 0.429143 0.877152
vt 0.429143 0.884283
vt 0.404903 0.884283
vt 0.429143 0.891415
vt 0.445303 0.805834
vt 0.453383 0.805834
vt 0.453383 0.827229
vt 0.437223 0.827229
vt 0.437223 0.805834
vt 0.380663 0.827229
vt 0.380663 0.805834
vt 0.388743 0.805834
vt 0.396823 0.805834
vt 0.396823 0.827229
vt 0.404903 0.891415
vt 0.445303 0.827229
vt 0.388743 0.827229
s 1
usemtl metalMat2
f 1359/1495/1324 1356/1496/1325 1357/1497/1326
f 1361/1498/1327 1359/1495/1324 1358/1499/1328
f 1363/1500/1329 1361/1498/1327 1360/1501/1330
f 1365/1502/1331 1363/1500/1329 1362/1503/1332
f 1365/1502/1331 1364/1504/1333 1366/1505/1334
f 1369/1506/1335 1367/1507/1336 1366/1505/1334
f 1369/1506/1335 1368/1508/1337 1370/1509/1338
f 1371/1510/1339 1370/1509/1338 1357/1511/1326
f 1368/1512/1337 1366/1513/1334 1364/1514/1333
f 1360/1515/1330 1370/1516/1338 1368/1512/1337
f 1358/1499/1328 1357/1497/1326 1370/1516/1338
f 1365/1517/1331 1367/1518/1336 1369/1519/1335
f 1369/1519/1335 1371/1520/1339 1361/1521/1327
f 1371/1520/1339 1356/1496/1325 1359/1495/1324
f 1359/1495/1324 1357/1497/1326 1358/1499/1328
f 1361/1498/1327 1358/1499/1328 1360/1501/1330
f 1363/1500/1329 1360/1501/1330 1362/1503/1332
f 1365/1502/1331 1362/1503/1332 1364/1504/1333
f 1365/1502/1331 1366/1505/1334 1367/1507/1336
f 1369/1506/1335 1366/1505/1334 1368/1508/1337
f 1369/1506/1335 1370/1509/1338 1371/1510/1339
f 1371/1510/1339 1357/1511/1326 1356/1522/1325
f 1368/1512/1337 1364/1514/1333 1362/1523/1332
f 1360/1515/1330 1368/1512/1337 1362/1523/1332
f 1358/1499/1328 1370/1516/1338 1360/1515/1330
f 1365/1517/1331 1369/1519/1335 1363/1524/1329
f 1369/1519/1335 1361/1521/1327 1363/1524/1329
f 1371/1520/1339 1359/1495/1324 1361/1521/1327
o car42
v 3.415333 -0.553130 3.383336
v 3.412641 -0.551710 3.390176
v 3.420665 -0.553310 3.393668
v 3.423357 -0.554730 3.386832
v 3.409453 -0.715650 3.422980
v 3.412145 -0.717070 3.416144
v 3.371085 -0.870602 3.440068
v 3.373777 -0.872022 3.433232
v 3.304633 -1.021914 3.445344
v 3.307325 -1.023334 3.438508
v 3.296605 -1.020310 3.441852
v 3.299297 -1.021730 3.435016
v 3.363057 -0.868998 3.436576
v 3.365749 -0.870418 3.429740
v 3.401425 -0.714046 3.419488
v 3.404117 -0.715470 3.412652
vn 0.8261 0.3967 -0.4003
vn -0.2414 0.5131 -0.8237
vn -0.6503 0.7288 0.2145
vn 0.9159 -0.1954 -0.3506
vn 0.4031 0.6198 0.6734
vn 0.8836 -0.3259 -0.3362
vn 0.4220 0.0653 0.9042
vn 0.5282 -0.8057 -0.2681
vn 0.3897 -0.0652 0.9186
vn -0.4926 -0.5007 -0.7118
vn 0.1055 -0.5826 0.8059
vn -0.9013 -0.2850 0.3264
vn -0.8619 0.3226 0.3913
vn -0.3683 -0.0770 -0.9265
vn -0.3378 0.0460 -0.9401
vn -0.8923 0.1996 0.4048
vt 0.404903 0.827229
vt 0.404903 0.805834
vt 0.429143 0.805834
vt 0.404903 0.834361
vt 0.429143 0.827229
vt 0.404903 0.841493
vt 0.429143 0.834361
vt 0.404903 0.848625
vt 0.429143 0.841493
vt 0.404903 0.870020
vt 0.429143 0.848625
vt 0.429143 0.870020
vt 0.429143 0.877152
vt 0.404903 0.884283
vt 0.404903 0.877152
vt 0.404903 0.891415
vt 0.429143 0.884283
vt 0.445303 0.805834
vt 0.453383 0.805834
vt 0.453383 0.827229
vt 0.437223 0.827229
vt 0.437223 0.805834
vt 0.380663 0.827229
vt 0.380663 0.805834
vt 0.388743 0.805834
vt 0.388743 0.827229
vt 0.396823 0.805834
vt 0.429143 0.891415
vt 0.445303 0.827229
vt 0.396823 0.827229
s 1
usemtl metalMat2
f 1375/1525/1340 1372/1526/1341 1373/1527/1342
f 1377/1528/1343 1375/1525/1340 1374/1529/1344
f 1379/1530/1345 1377/1528/1343 1376/1531/1346
f 1381/1532/1347 1379/1530/1345 1378/1533/1348
f 1383/1534/1349 1381/1532/1347 1380/1535/1350
f 1383/1534/1349 1382/1536/1351 1384/1537/1352
f 1387/1538/1353 1385/1539/1354 1384/1537/1352
f 1372/1540/1341 1387/1538/1353 1386/1541/1355
f 1384/1542/1352 1382/1543/1351 1380/1544/1350
f 1376/1545/1346 1386/1546/1355 1384/1542/1352
f 1374/1529/1344 1373/1527/1342 1386/1546/1355
f 1381/1547/1347 1383/1548/1349 1385/1549/1354
f 1379/1550/1345 1385/1549/1354 1387/1551/1353
f 1387/1551/1353 1372/1526/1341 1375/1525/1340
f 1375/1525/1340 1373/1527/1342 1374/1529/1344
f 1377/1528/1343 1374/1529/1344 1376/1531/1346
f 1379/1530/1345 1376/1531/1346 1378/1533/1348
f 1381/1532/1347 1378/1533/1348 1380/1535/1350
f 1383/1534/1349 1380/1535/1350 1382/1536/1351
f 1383/1534/1349 1384/1537/1352 1385/1539/1354
f 1387/1538/1353 1384/1537/1352 1386/1541/1355
f 1372/1540/1341 1386/1541/1355 1373/1552/1342
f 1384/1542/1352 1380/1544/1350 1378/1553/1348
f 1376/1545/1346 1384/1542/1352 1378/1553/1348
f 1374/1529/1344 1386/1546/1355 1376/1545/1346
f 1381/1547/1347 1385/1549/1354 1379/1550/1345
f 1379/1550/1345 1387/1551/1353 1377/1554/1343
f 1387/1551/1353 1375/1525/1340 1377/1554/1343
o car43
v 3.393525 -0.538854 3.367408
v 3.387957 -0.535914 3.381556
v 3.420185 -0.542350 3.395580
v 3.425757 -0.545290 3.381432
v 2.931829 -2.514566 3.613080
v 2.937401 -2.517506 3.598932
v 2.899601 -2.508130 3.599056
v 2.905169 -2.511070 3.584908
vn -0.1752 0.5516 -0.8155
vn -0.5904 0.7708 0.2394
vn 0.4510 0.5629 0.6926
vn 0.8664 0.3437 -0.3623
vn 0.1751 -0.5516 0.8155
vn -0.4511 -0.5628 -0.6926
vn 0.5904 -0.7708 -0.2394
vn -0.8664 -0.3437 0.3623
vt 0.404903 0.805834
vt 0.429143 0.805834
vt 0.429143 0.827229
vt 0.404903 0.827229
vt 0.429143 0.848625
vt 0.404903 0.870020
vt 0.404903 0.848625
vt 0.429143 0.870020
vt 0.429143 0.891415
vt 0.404903 0.891415
vt 0.453383 0.805834
vt 0.380663 0.827229
vt 0.380663 0.805834
vt 0.453383 0.827229
s 1
usemtl metalMat2
f 1388/1555/1356 1389/1556/1357 1390/1557/1358
f 1391/1558/1359 1390/1557/1358 1392/1559/1360
f 1395/1560/1361 1393/1561/1362 1392/1559/1360
f 1394/1562/1363 1389/1563/1357 1388/1564/1356
f 1390/1557/1358 1389/1556/1357 1394/1565/1363
f 1391/1558/1359 1393/1566/1362 1395/1567/1361
f 1388/1555/1356 1390/1557/1358 1391/1558/1359
f 1391/1558/1359 1392/1559/1360 1393/1561/1362
f 1395/1560/1361 1392/1559/1360 1394/1562/1363
f 1394/1562/1363 1388/1564/1356 1395/1560/1361
f 1390/1557/1358 1394/1565/1363 1392/1568/1360
f 1391/1558/1359 1395/1567/1361 1388/1555/1356
o car44
v 3.611945 -0.116106 3.365560
v 3.606377 -0.113170 3.379708
v 3.501353 -0.688886 3.457976
v 3.506921 -0.691826 3.443824
v 3.409597 -1.059442 3.498840
v 3.415165 -1.062382 3.484692
v 3.233041 -1.620882 3.545984
v 3.238609 -1.623822 3.531832
v 3.224629 -1.621030 3.525748
v 3.219057 -1.618090 3.539900
v 3.395613 -1.056650 3.492760
v 3.401185 -1.059590 3.478608
v 3.487373 -0.686098 3.451892
v 3.492941 -0.689038 3.437744
v 3.592397 -0.110378 3.373628
v 3.597965 -0.113318 3.359476
vn 0.9014 -0.2382 -0.3616
vn 0.8936 -0.2165 -0.3933
vn 0.3746 0.0575 0.9254
vn 0.3983 0.0274 0.9169
vn 0.3869 -0.0190 0.9219
vn 0.8900 -0.2845 -0.3564
vn 0.3523 -0.0323 0.9353
vn -0.3898 0.0453 -0.9198
vn -0.8872 0.3078 0.3437
vn -0.8819 0.2842 0.3762
vn -0.3791 -0.0324 -0.9248
vn -0.3678 0.0129 -0.9298
vn -0.4130 -0.0483 -0.9094
vn -0.8931 0.2389 0.3811
vn -0.9106 0.2142 0.3535
vn 0.8713 -0.3062 -0.3834
vt 0.404903 0.834361
vt 0.404903 0.827229
vt 0.429143 0.827229
vt 0.429143 0.834361
vt 0.429143 0.841493
vt 0.404903 0.841493
vt 0.429143 0.848625
vt 0.404903 0.870020
vt 0.429143 0.870020
vt 0.429143 0.877152
vt 0.404903 0.884283
vt 0.404903 0.877152
vt 0.404903 0.891415
vt 0.429143 0.884283
vt 0.445303 0.805834
vt 0.453383 0.805834
vt 0.453383 0.827229
vt 0.437223 0.805834
vt 0.445303 0.827229
vt 0.429143 0.805834
vt 0.380663 0.827229
vt 0.380663 0.805834
vt 0.388743 0.805834
vt 0.388743 0.827229
vt 0.396823 0.805834
vt 0.404903 0.805834
vt 0.404903 0.848625
vt 0.429143 0.891415
vt 0.437223 0.827229
vt 0.396823 0.827229
s 1
usemtl metalMat2
f 1399/1569/1364 1396/1570/1365 1397/1571/1366
f 1399/1569/1364 1398/1572/1367 1400/1573/1368
f 1401/1574/1369 1400/1573/1368 1402/1575/1370
f 1404/1576/1371 1405/1577/1372 1406/1578/1373
f 1409/1579/1374 1407/1580/1375 1406/1578/1373
f 1411/1581/1376 1409/1579/1374 1408/1582/1377
f 1406/1583/1373 1405/1584/1372 1402/1585/1370
f 1408/1586/1377 1406/1583/1373 1400/1587/1368
f 1397/1571/1366 1410/1588/1378 1408/1586/1377
f 1403/1589/1379 1404/1590/1371 1407/1591/1375
f 1401/1592/1369 1407/1591/1375 1409/1593/1374
f 1409/1593/1374 1411/1594/1376 1396/1570/1365
f 1399/1569/1364 1397/1571/1366 1398/1572/1367
f 1399/1569/1364 1400/1573/1368 1401/1574/1369
f 1401/1574/1369 1402/1575/1370 1403/1595/1379
f 1404/1576/1371 1406/1578/1373 1407/1580/1375
f 1409/1579/1374 1406/1578/1373 1408/1582/1377
f 1411/1581/1376 1408/1582/1377 1410/1596/1378
f 1406/1583/1373 1402/1585/1370 1400/1587/1368
f 1408/1586/1377 1400/1587/1368 1398/1597/1367
f 1397/1571/1366 1408/1586/1377 1398/1597/1367
f 1403/1589/1379 1407/1591/1375 1401/1592/1369
f 1401/1592/1369 1409/1593/1374 1399/1598/1364
f 1409/1593/1374 1396/1570/1365 1399/1598/1364
o car45
v 5.135166 3.198429 1.675224
v 5.104662 3.198429 1.632536
v 5.104662 3.116681 1.632536
v 5.135166 3.116681 1.675224
v 5.057222 3.198429 1.427856
v 5.065838 3.198429 1.376100
v 5.065838 3.116681 1.376100
v 5.057222 3.116681 1.427856
v 5.177022 3.198429 1.197828
v 5.219714 3.198429 1.167320
v 5.219714 3.116681 1.167320
v 5.177022 3.116681 1.197828
v 5.424390 3.198429 1.119884
v 5.476146 3.198429 1.128500
v 5.476146 3.116681 1.128500
v 5.424390 3.116681 1.119884
v 5.654422 3.198429 1.239684
v 5.684926 3.198429 1.282377
v 5.684926 3.116681 1.282377
v 5.654422 3.116681 1.239684
v 5.732366 3.198429 1.487052
v 5.723750 3.198429 1.538808
v 5.723750 3.116681 1.538808
v 5.732366 3.116681 1.487052
v 5.612562 3.198429 1.717085
v 5.569874 3.198429 1.747589
v 5.569874 3.116681 1.747589
v 5.612562 3.116681 1.717085
v 5.365194 3.198429 1.795028
v 5.313438 3.198429 1.786412
v 5.313438 3.116681 1.786412
v 5.365194 3.116681 1.795028
v 5.222234 3.198429 1.744828
v 5.394794 3.198429 1.457456
v 5.069442 3.198429 1.538116
v 5.107278 3.198429 1.285128
v 5.309982 3.198429 1.133140
v 5.563002 3.198429 1.167477
v 5.719386 3.198429 1.373760
v 5.681474 3.198429 1.631172
v 5.477450 3.198429 1.782308
v 5.145450 3.273013 1.872728
v 5.205250 3.273013 1.908568
v 5.086338 3.191265 1.837300
v 5.086338 3.273013 1.837300
v 5.205250 3.191265 1.908568
v 4.924658 3.273013 1.574056
v 4.941782 3.273013 1.642412
v 4.908090 3.191265 1.507936
v 4.908090 3.273013 1.507936
v 4.941782 3.191265 1.642412
v 4.979322 3.273013 1.208436
v 4.943682 3.273013 1.267912
v 5.014946 3.191265 1.149000
v 5.014946 3.273013 1.149000
v 4.943682 3.191265 1.267912
v 5.272410 3.273013 0.988764
v 5.209838 3.273013 1.004444
v 5.344310 3.191265 0.970752
v 5.344310 3.273013 0.970752
v 5.209838 3.191265 1.004444
v 5.638070 3.273013 1.038545
v 5.584338 3.273013 1.006344
v 5.703250 3.191265 1.077608
v 5.703250 3.273013 1.077608
v 5.584338 3.191265 1.006344
v 5.863870 3.273013 1.336625
v 5.847806 3.273013 1.272496
v 5.881498 3.191265 1.406973
v 5.881498 3.273013 1.406973
v 5.847806 3.191265 1.272496
v 5.809098 3.273013 1.708408
v 5.845906 3.273013 1.647000
v 5.774638 3.191265 1.765913
v 5.774638 3.273013 1.765913
v 5.845906 3.191265 1.647000
v 5.514174 3.273013 1.926896
v 5.579750 3.273013 1.910468
v 5.445274 3.191265 1.944160
v 5.445274 3.273013 1.944160
v 5.579750 3.191265 1.910468
v 5.033878 3.372193 2.313576
v 5.048174 3.372193 2.322244
v 5.145450 3.191265 1.872728
v 5.033878 3.290446 2.313576
v 5.048174 3.290446 2.322244
v 4.533874 3.372193 1.806936
v 4.538142 3.372193 1.823868
v 4.924658 3.191265 1.574056
v 4.533874 3.290446 1.806936
v 4.538142 3.290446 1.823868
v 4.538410 3.372193 1.096876
v 4.529906 3.372193 1.110820
v 4.979322 3.191265 1.208436
v 4.538410 3.290446 1.096876
v 4.529906 3.290446 1.110820
v 5.039674 3.372193 0.598772
v 5.028282 3.372193 0.600792
v 5.272410 3.191265 0.988764
v 5.039674 3.290446 0.598772
v 5.028282 3.290446 0.600792
v 5.749082 3.372193 0.598464
v 5.741334 3.372193 0.592552
v 5.638070 3.191265 1.038545
v 5.749082 3.290445 0.598464
v 5.741334 3.290445 0.592552
v 6.253958 3.372193 1.103809
v 6.251358 3.372193 1.090932
v 5.863870 3.191265 1.336625
v 6.253958 3.290445 1.103809
v 6.251358 3.290445 1.090932
v 6.250194 3.372193 1.819984
v 6.259598 3.372193 1.803980
v 5.809098 3.191265 1.708408
v 6.250194 3.290445 1.819984
v 6.259598 3.290445 1.803980
v 5.746942 3.372193 2.317173
v 5.761222 3.372193 2.314008
v 5.514174 3.191265 1.926896
v 5.746942 3.290445 2.317173
v 5.761222 3.290445 2.314008
v 4.468398 3.372193 1.528544
v 4.468398 3.290446 1.528544
v 4.464794 3.372193 1.513796
v 4.464794 3.290446 1.513796
v 4.790566 3.372193 2.163280
v 4.790566 3.290446 2.163280
v 4.777018 3.372193 2.154904
v 4.777018 3.290446 2.154904
v 5.468734 3.372193 2.383648
v 5.468734 3.290445 2.383648
v 5.451130 3.372193 2.387456
v 5.451130 3.290445 2.387456
v 6.099390 3.372193 2.063128
v 6.099390 3.290445 2.063128
v 6.092242 3.372193 2.075228
v 6.092242 3.290445 2.075228
v 6.320862 3.372193 1.382044
v 6.320862 3.290445 1.382044
v 6.324794 3.372193 1.401112
v 6.324794 3.290445 1.401112
v 5.993662 3.372193 0.747056
v 5.993662 3.290445 0.747056
v 6.012566 3.372193 0.760008
v 6.012566 3.290445 0.760008
v 5.317782 3.372193 0.531528
v 5.317782 3.290446 0.531528
v 5.338454 3.372193 0.527452
v 5.338454 3.290446 0.527452
v 4.688742 3.372193 0.853520
v 4.688742 3.290446 0.853520
v 4.697346 3.372193 0.839680
v 4.697346 3.290446 0.839680
vn -0.9717 -0.0000 0.2363
vn -0.5779 0.8160 -0.0134
vn -0.1307 0.8274 0.5462
vn -0.8542 -0.0000 -0.5200
vn -0.3992 0.8160 -0.4180
vn -0.4786 0.8275 0.2937
vn -0.2363 -0.0000 -0.9717
vn 0.0134 0.8160 -0.5779
vn -0.5458 0.8276 -0.1312
vn 0.5200 -0.0000 -0.8542
vn 0.4185 0.8159 -0.3989
vn -0.2929 0.8276 -0.4788
vn 0.9717 -0.0000 -0.2363
vn 0.5781 0.8158 0.0141
vn 0.1311 0.8276 -0.5458
vn 0.8542 -0.0000 0.5200
vn 0.3990 0.8159 0.4184
vn 0.4786 0.8274 -0.2938
vn 0.2363 -0.0000 0.9717
vn -0.0132 0.8160 0.5778
vn 0.5460 0.8275 0.1309
vn -0.5200 -0.0000 0.8542
vn -0.4183 0.8160 0.3991
vn 0.2937 0.8274 0.4786
vn -0.0000 1.0000 -0.0000
vn 0.1253 0.9713 -0.2021
vn 0.2315 0.9713 -0.0542
vn 0.2021 0.9713 0.1252
vn 0.0555 0.9713 0.2314
vn -0.1241 0.9712 0.2032
vn -0.2314 0.9713 0.0551
vn -0.2017 0.9714 -0.1256
vn -0.0547 0.9713 -0.2315
vn 0.6845 0.7245 0.0807
vn -0.8843 -0.0000 -0.4670
vn 0.8368 -0.0000 0.5474
vn 0.2506 -0.0000 0.9681
vn 0.4269 0.7246 0.5410
vn -0.2951 -0.0000 -0.9555
vn 0.2046 -0.0000 0.9788
vn -0.5074 -0.0000 0.8617
vn -0.0806 0.7245 0.6845
vn 0.4670 -0.0000 -0.8843
vn -0.5474 -0.0000 0.8369
vn -0.9681 -0.0000 0.2506
vn -0.5411 0.7242 0.4274
vn 0.9555 -0.0000 -0.2950
vn -0.9788 -0.0000 0.2047
vn -0.8617 -0.0000 -0.5074
vn -0.6850 0.7241 -0.0804
vn 0.8843 -0.0000 0.4670
vn -0.8369 -0.0000 -0.5474
vn -0.2506 -0.0000 -0.9681
vn -0.4274 0.7243 -0.5410
vn 0.2951 -0.0000 0.9555
vn -0.2048 -0.0000 -0.9788
vn 0.5074 -0.0000 -0.8617
vn 0.0807 0.7246 -0.6844
vn -0.4670 -0.0000 0.8843
vn 0.5474 -0.0000 -0.8369
vn 0.9681 -0.0000 -0.2506
vn 0.5411 0.7244 -0.4272
vn -0.9555 -0.0000 0.2950
vn 0.9788 -0.0000 -0.2047
vn 0.8617 -0.0000 0.5074
vn 0.1357 0.7361 -0.6631
vn -0.3729 0.7362 -0.5648
vn -0.6630 0.7363 -0.1356
vn -0.5650 0.7360 0.3729
vn -0.1355 0.7363 0.6629
vn 0.3731 0.7365 0.5642
vn 0.6629 0.7364 0.1353
vn 0.5648 0.7362 -0.3729
vn 0.0677 0.9871 -0.1452
vn -0.4939 0.8131 -0.3082
vn -0.5348 -0.0000 0.8449
vn -0.9694 -0.0000 -0.2453
vn 0.9349 -0.0000 0.3550
vn 0.1506 0.9871 -0.0548
vn -0.1326 0.8120 -0.5684
vn -0.9757 -0.0000 0.2190
vn -0.5119 -0.0000 -0.8590
vn 0.4100 -0.0000 0.9121
vn 0.1452 0.9871 0.0676
vn 0.3082 0.8134 -0.4933
vn -0.8450 -0.0000 -0.5348
vn 0.2453 -0.0000 -0.9694
vn -0.3549 -0.0000 0.9349
vn 0.0548 0.9871 0.1503
vn 0.5603 0.8199 -0.1175
vn -0.2204 -0.0000 -0.9754
vn 0.8587 -0.0000 -0.5125
vn -0.9120 -0.0000 0.4102
vn -0.0676 0.9871 0.1450
vn 0.4693 0.8238 0.3180
vn 0.5334 -0.0000 -0.8459
vn 0.9696 -0.0000 0.2446
vn -0.9350 -0.0000 -0.3547
vn -0.1504 0.9871 0.0548
vn 0.1229 0.8176 0.5625
vn 0.9755 -0.0000 -0.2202
vn 0.5125 -0.0000 0.8587
vn -0.4103 -0.0000 -0.9119
vn -0.1452 0.9871 -0.0677
vn -0.3078 0.8112 0.4973
vn 0.8448 -0.0000 0.5351
vn -0.2452 -0.0000 0.9695
vn 0.3548 -0.0000 -0.9350
vn -0.0548 0.9871 -0.1505
vn -0.5646 0.8156 0.1268
vn 0.2198 -0.0000 0.9755
vn -0.8588 -0.0000 0.5122
vn 0.9120 -0.0000 -0.4101
vn -0.0993 -0.0000 0.9951
vn 0.1231 0.8235 0.5538
vn -0.0132 -0.0000 -0.9999
vn 0.6335 -0.0000 0.7737
vn 0.4793 0.8224 0.3064
vn -0.7164 -0.0000 -0.6977
vn 0.9951 -0.0000 0.0990
vn 0.5592 0.8203 -0.1200
vn -0.9999 -0.0000 0.0132
vn 0.7739 -0.0000 -0.6333
vn 0.3016 0.8250 -0.4779
vn -0.6977 -0.0000 0.7164
vn 0.0989 -0.0000 -0.9951
vn -0.1190 0.8191 -0.5612
vn 0.0132 -0.0000 0.9999
vn -0.6340 -0.0000 -0.7734
vn -0.4826 0.8166 -0.3167
vn 0.7164 -0.0000 0.6977
vn -0.9951 -0.0000 -0.0987
vn -0.5630 0.8180 0.1182
vn 0.9999 -0.0000 -0.0132
vn -0.7738 -0.0000 0.6335
vn -0.3070 0.8222 0.4793
vn 0.6977 -0.0000 -0.7164
vn 0.7185 0.6871 0.1082
vn 0.4313 0.6885 0.5831
vn -0.1086 0.6864 0.7191
vn -0.5970 0.6746 0.4342
vn -0.7368 0.6657 -0.1186
vn -0.4331 0.6792 -0.5925
vn 0.1063 0.6896 -0.7164
vn 0.5889 0.6829 -0.4322
vn 0.1407 0.6715 -0.7275
vn -0.4135 0.6731 -0.6131
vn -0.7223 0.6768 -0.1424
vn -0.6151 0.6691 0.4170
vn -0.1431 0.6786 0.7204
vn 0.4044 0.6822 0.6091
vn 0.7187 0.6803 0.1439
vn 0.6129 0.6735 -0.4131
vt 0.310596 0.953668
vt 0.312403 0.951140
vt 0.315212 0.939018
vt 0.314702 0.935953
vt 0.308117 0.925395
vt 0.305589 0.923589
vt 0.293468 0.920779
vt 0.290402 0.921290
vt 0.279845 0.927874
vt 0.278038 0.930403
vt 0.275228 0.942524
vt 0.275739 0.945589
vt 0.282323 0.956147
vt 0.284852 0.957954
vt 0.296973 0.960763
vt 0.300039 0.960253
vt 0.295220 0.940771
vt 0.305440 0.957790
vt 0.314489 0.945548
vt 0.312248 0.930566
vt 0.300243 0.921565
vt 0.285259 0.923598
vt 0.275997 0.935815
vt 0.278242 0.951059
vt 0.290325 0.960010
vt 0.306446 0.967487
vt 0.313488 0.963267
vt 0.322049 0.951725
vt 0.324044 0.943761
vt 0.321937 0.929546
vt 0.317716 0.922504
vt 0.306174 0.913943
vt 0.298210 0.911947
vt 0.283995 0.914055
vt 0.276953 0.918276
vt 0.268392 0.929818
vt 0.266396 0.937782
vt 0.268504 0.951997
vt 0.272725 0.959039
vt 0.284267 0.967600
vt 0.292231 0.969595
vt 0.309987 0.965365
vt 0.316595 0.991473
vt 0.315748 0.991987
vt 0.323063 0.947677
vt 0.346206 0.961469
vt 0.345954 0.962471
vt 0.319826 0.926024
vt 0.345938 0.919417
vt 0.346442 0.920243
vt 0.302468 0.913014
vt 0.316252 0.889918
vt 0.316926 0.890037
vt 0.280813 0.915962
vt 0.274238 0.889900
vt 0.274697 0.889550
vt 0.267440 0.933616
vt 0.244338 0.919827
vt 0.244492 0.919065
vt 0.270684 0.955634
vt 0.244561 0.962241
vt 0.244004 0.961294
vt 0.288150 0.968573
vt 0.274365 0.991686
vt 0.273520 0.991499
vt 0.350084 0.944981
vt 0.350298 0.944108
vt 0.331005 0.982572
vt 0.331807 0.982076
vt 0.290841 0.995623
vt 0.291884 0.995849
vt 0.253492 0.976641
vt 0.253916 0.977358
vt 0.240376 0.936305
vt 0.240143 0.937435
vt 0.259754 0.898700
vt 0.258634 0.899467
vt 0.299781 0.885935
vt 0.298557 0.885694
vt 0.337035 0.905005
vt 0.336525 0.904185
s 1
usemtl metalMat1
f 1415/1599/1380 1412/1599/1381 1413/1600/1382
f 1419/1601/1383 1416/1601/1384 1417/1602/1385
f 1423/1603/1386 1420/1603/1387 1421/1604/1388
f 1427/1605/1389 1424/1605/1390 1425/1606/1391
f 1431/1607/1392 1428/1607/1393 1429/1608/1394
f 1435/1609/1395 1432/1609/1396 1433/1610/1397
f 1439/1611/1398 1436/1611/1399 1437/1612/1400
f 1443/1613/1401 1440/1613/1402 1441/1614/1403
f 1445/1615/1404 1412/1599/1381 1444/1616/1405
f 1413/1600/1382 1412/1599/1381 1445/1615/1404
f 1445/1615/1404 1416/1601/1384 1446/1617/1406
f 1417/1602/1385 1416/1601/1384 1445/1615/1404
f 1445/1615/1404 1420/1603/1387 1447/1618/1407
f 1421/1604/1388 1420/1603/1387 1445/1615/1404
f 1445/1615/1404 1424/1605/1390 1448/1619/1408
f 1425/1606/1391 1424/1605/1390 1445/1615/1404
f 1445/1615/1404 1428/1607/1393 1449/1620/1409
f 1429/1608/1394 1428/1607/1393 1445/1615/1404
f 1445/1615/1404 1432/1609/1396 1450/1621/1410
f 1433/1610/1397 1432/1609/1396 1445/1615/1404
f 1445/1615/1404 1436/1611/1399 1451/1622/1411
f 1437/1612/1400 1436/1611/1399 1445/1615/1404
f 1445/1615/1404 1440/1613/1402 1452/1623/1412
f 1441/1614/1403 1440/1613/1402 1445/1615/1404
f 1454/1624/1413 1441/1614/1403 1444/1616/1405
f 1412/1599/1381 1415/1599/1380 1455/1625/1414
f 1457/1624/1415 1442/1614/1416 1441/1614/1403
f 1459/1626/1417 1413/1600/1382 1446/1617/1406
f 1416/1601/1384 1419/1601/1383 1460/1627/1418
f 1462/1626/1419 1414/1600/1420 1413/1600/1382
f 1464/1628/1421 1417/1602/1385 1447/1618/1407
f 1420/1603/1387 1423/1603/1386 1465/1629/1422
f 1467/1628/1423 1418/1602/1424 1417/1602/1385
f 1469/1630/1425 1421/1604/1388 1448/1619/1408
f 1424/1605/1390 1427/1605/1389 1470/1631/1426
f 1472/1630/1427 1422/1604/1428 1421/1604/1388
f 1474/1632/1429 1425/1606/1391 1449/1620/1409
f 1428/1607/1393 1431/1607/1392 1475/1633/1430
f 1477/1632/1431 1426/1606/1432 1425/1606/1391
f 1479/1634/1433 1429/1608/1394 1450/1621/1410
f 1432/1609/1396 1435/1609/1395 1480/1635/1434
f 1482/1634/1435 1430/1608/1436 1429/1608/1394
f 1484/1636/1437 1433/1610/1397 1451/1622/1411
f 1436/1611/1399 1439/1611/1398 1485/1637/1438
f 1487/1636/1439 1434/1610/1440 1433/1610/1397
f 1489/1638/1441 1437/1612/1400 1452/1623/1412
f 1440/1613/1402 1443/1613/1401 1490/1639/1442
f 1492/1638/1443 1438/1612/1444 1437/1612/1400
f 1446/1617/1406 1416/1601/1384 1461/1627/1445
f 1444/1616/1405 1412/1599/1381 1456/1625/1446
f 1452/1623/1412 1440/1613/1402 1491/1639/1447
f 1451/1622/1411 1436/1611/1399 1486/1637/1448
f 1450/1621/1410 1432/1609/1396 1481/1635/1449
f 1449/1620/1409 1428/1607/1393 1476/1633/1450
f 1448/1619/1408 1424/1605/1390 1471/1631/1451
f 1447/1618/1407 1420/1603/1387 1466/1629/1452
f 1454/1624/1413 1453/1640/1453 1493/1641/1454
f 1453/1640/1453 1495/1640/1455 1496/1641/1456
f 1497/1642/1457 1457/1624/1415 1454/1624/1413
f 1459/1626/1417 1458/1643/1458 1498/1644/1459
f 1458/1643/1458 1500/1643/1460 1501/1644/1461
f 1502/1645/1462 1462/1626/1419 1459/1626/1417
f 1464/1628/1421 1463/1646/1463 1503/1647/1464
f 1463/1646/1463 1505/1646/1465 1506/1647/1466
f 1507/1648/1467 1467/1628/1423 1464/1628/1421
f 1469/1630/1425 1468/1649/1468 1508/1650/1469
f 1468/1649/1468 1510/1649/1470 1511/1650/1471
f 1512/1651/1472 1472/1630/1427 1469/1630/1425
f 1474/1632/1429 1473/1652/1473 1513/1653/1474
f 1473/1652/1473 1515/1652/1475 1516/1653/1476
f 1517/1654/1477 1477/1632/1431 1474/1632/1429
f 1479/1634/1433 1478/1655/1478 1518/1656/1479
f 1478/1655/1478 1520/1655/1480 1521/1656/1481
f 1522/1657/1482 1482/1634/1435 1479/1634/1433
f 1484/1636/1437 1483/1658/1483 1523/1659/1484
f 1483/1658/1483 1525/1658/1485 1526/1659/1486
f 1527/1660/1487 1487/1636/1439 1484/1636/1437
f 1489/1638/1441 1488/1661/1488 1528/1662/1489
f 1488/1661/1488 1530/1661/1490 1531/1662/1491
f 1532/1663/1492 1492/1638/1443 1489/1638/1441
f 1534/1664/1493 1500/1643/1460 1458/1643/1458
f 1533/1664/1494 1458/1643/1458 1461/1627/1445
f 1461/1627/1445 1460/1627/1418 1536/1665/1495
f 1538/1666/1496 1495/1640/1455 1453/1640/1453
f 1537/1666/1497 1453/1640/1453 1456/1625/1446
f 1456/1625/1446 1455/1625/1414 1540/1667/1498
f 1542/1668/1499 1530/1661/1490 1488/1661/1488
f 1541/1668/1500 1488/1661/1488 1491/1639/1447
f 1491/1639/1447 1490/1639/1442 1544/1669/1501
f 1546/1670/1502 1525/1658/1485 1483/1658/1483
f 1545/1670/1503 1483/1658/1483 1486/1637/1448
f 1486/1637/1448 1485/1637/1438 1548/1671/1504
f 1550/1672/1505 1520/1655/1480 1478/1655/1478
f 1549/1672/1506 1478/1655/1478 1481/1635/1449
f 1481/1635/1449 1480/1635/1434 1552/1673/1507
f 1554/1674/1508 1515/1652/1475 1473/1652/1473
f 1553/1674/1509 1473/1652/1473 1476/1633/1450
f 1476/1633/1450 1475/1633/1430 1556/1675/1510
f 1558/1676/1511 1510/1649/1470 1468/1649/1468
f 1557/1676/1512 1468/1649/1468 1471/1631/1451
f 1471/1631/1451 1470/1631/1426 1560/1677/1513
f 1562/1678/1514 1505/1646/1465 1463/1646/1463
f 1561/1678/1515 1463/1646/1463 1466/1629/1452
f 1466/1629/1452 1465/1629/1422 1564/1679/1516
f 1415/1599/1380 1413/1600/1382 1414/1600/1420
f 1419/1601/1383 1417/1602/1385 1418/1602/1424
f 1423/1603/1386 1421/1604/1388 1422/1604/1428
f 1427/1605/1389 1425/1606/1391 1426/1606/1432
f 1431/1607/1392 1429/1608/1394 1430/1608/1436
f 1435/1609/1395 1433/1610/1397 1434/1610/1440
f 1439/1611/1398 1437/1612/1400 1438/1612/1444
f 1443/1613/1401 1441/1614/1403 1442/1614/1416
f 1445/1615/1404 1444/1616/1405 1441/1614/1403
f 1445/1615/1404 1446/1617/1406 1413/1600/1382
f 1445/1615/1404 1447/1618/1407 1417/1602/1385
f 1445/1615/1404 1448/1619/1408 1421/1604/1388
f 1445/1615/1404 1449/1620/1409 1425/1606/1391
f 1445/1615/1404 1450/1621/1410 1429/1608/1394
f 1445/1615/1404 1451/1622/1411 1433/1610/1397
f 1445/1615/1404 1452/1623/1412 1437/1612/1400
f 1454/1624/1413 1444/1616/1405 1453/1640/1453
f 1412/1599/1381 1455/1625/1414 1456/1625/1446
f 1457/1624/1415 1441/1614/1403 1454/1624/1413
f 1459/1626/1417 1446/1617/1406 1458/1643/1458
f 1416/1601/1384 1460/1627/1418 1461/1627/1445
f 1462/1626/1419 1413/1600/1382 1459/1626/1417
f 1464/1628/1421 1447/1618/1407 1463/1646/1463
f 1420/1603/1387 1465/1629/1422 1466/1629/1452
f 1467/1628/1423 1417/1602/1385 1464/1628/1421
f 1469/1630/1425 1448/1619/1408 1468/1649/1468
f 1424/1605/1390 1470/1631/1426 1471/1631/1451
f 1472/1630/1427 1421/1604/1388 1469/1630/1425
f 1474/1632/1429 1449/1620/1409 1473/1652/1473
f 1428/1607/1393 1475/1633/1430 1476/1633/1450
f 1477/1632/1431 1425/1606/1391 1474/1632/1429
f 1479/1634/1433 1450/1621/1410 1478/1655/1478
f 1432/1609/1396 1480/1635/1434 1481/1635/1449
f 1482/1634/1435 1429/1608/1394 1479/1634/1433
f 1484/1636/1437 1451/1622/1411 1483/1658/1483
f 1436/1611/1399 1485/1637/1438 1486/1637/1448
f 1487/1636/1439 1433/1610/1397 1484/1636/1437
f 1489/1638/1441 1452/1623/1412 1488/1661/1488
f 1440/1613/1402 1490/1639/1442 1491/1639/1447
f 1492/1638/1443 1437/1612/1400 1489/1638/1441
f 1446/1617/1406 1461/1627/1445 1458/1643/1458
f 1444/1616/1405 1456/1625/1446 1453/1640/1453
f 1452/1623/1412 1491/1639/1447 1488/1661/1488
f 1451/1622/1411 1486/1637/1448 1483/1658/1483
f 1450/1621/1410 1481/1635/1449 1478/1655/1478
f 1449/1620/1409 1476/1633/1450 1473/1652/1473
f 1448/1619/1408 1471/1631/1451 1468/1649/1468
f 1447/1618/1407 1466/1629/1452 1463/1646/1463
f 1454/1624/1413 1493/1641/1454 1494/1642/1517
f 1453/1640/1453 1496/1641/1456 1493/1641/1454
f 1497/1642/1457 1454/1624/1413 1494/1642/1517
f 1459/1626/1417 1498/1644/1459 1499/1645/1518
f 1458/1643/1458 1501/1644/1461 1498/1644/1459
f 1502/1645/1462 1459/1626/1417 1499/1645/1518
f 1464/1628/1421 1503/1647/1464 1504/1648/1519
f 1463/1646/1463 1506/1647/1466 1503/1647/1464
f 1507/1648/1467 1464/1628/1421 1504/1648/1519
f 1469/1630/1425 1508/1650/1469 1509/1651/1520
f 1468/1649/1468 1511/1650/1471 1508/1650/1469
f 1512/1651/1472 1469/1630/1425 1509/1651/1520
f 1474/1632/1429 1513/1653/1474 1514/1654/1521
f 1473/1652/1473 1516/1653/1476 1513/1653/1474
f 1517/1654/1477 1474/1632/1429 1514/1654/1521
f 1479/1634/1433 1518/1656/1479 1519/1657/1522
f 1478/1655/1478 1521/1656/1481 1518/1656/1479
f 1522/1657/1482 1479/1634/1433 1519/1657/1522
f 1484/1636/1437 1523/1659/1484 1524/1660/1523
f 1483/1658/1483 1526/1659/1486 1523/1659/1484
f 1527/1660/1487 1484/1636/1437 1524/1660/1523
f 1489/1638/1441 1528/1662/1489 1529/1663/1524
f 1488/1661/1488 1531/1662/1491 1528/1662/1489
f 1532/1663/1492 1489/1638/1441 1529/1663/1524
f 1534/1664/1493 1458/1643/1458 1533/1664/1494
f 1533/1664/1494 1461/1627/1445 1535/1665/1525
f 1461/1627/1445 1536/1665/1495 1535/1665/1525
f 1538/1666/1496 1453/1640/1453 1537/1666/1497
f 1537/1666/1497 1456/1625/1446 1539/1667/1526
f 1456/1625/1446 1540/1667/1498 1539/1667/1526
f 1542/1668/1499 1488/1661/1488 1541/1668/1500
f 1541/1668/1500 1491/1639/1447 1543/1669/1527
f 1491/1639/1447 1544/1669/1501 1543/1669/1527
f 1546/1670/1502 1483/1658/1483 1545/1670/1503
f 1545/1670/1503 1486/1637/1448 1547/1671/1528
f 1486/1637/1448 1548/1671/1504 1547/1671/1528
f 1550/1672/1505 1478/1655/1478 1549/1672/1506
f 1549/1672/1506 1481/1635/1449 1551/1673/1529
f 1481/1635/1449 1552/1673/1507 1551/1673/1529
f 1554/1674/1508 1473/1652/1473 1553/1674/1509
f 1553/1674/1509 1476/1633/1450 1555/1675/1530
f 1476/1633/1450 1556/1675/1510 1555/1675/1530
f 1558/1676/1511 1468/1649/1468 1557/1676/1512
f 1557/1676/1512 1471/1631/1451 1559/1677/1531
f 1471/1631/1451 1560/1677/1513 1559/1677/1531
f 1562/1678/1514 1463/1646/1463 1561/1678/1515
f 1561/1678/1515 1466/1629/1452 1563/1679/1532
f 1466/1629/1452 1564/1679/1516 1563/1679/1532
o car46
v 5.169342 3.062562 2.151325
v 5.394794 3.062561 2.187032
v 5.394794 3.062561 1.857700
v 5.271110 3.062562 1.838112
v 4.965958 3.062562 2.047697
v 5.159534 3.062562 1.781260
v 4.804554 3.062562 1.886292
v 5.070986 3.062562 1.692716
v 4.700926 3.062562 1.682908
v 5.014138 3.062562 1.581140
v 4.665214 3.062562 1.457456
v 4.994546 3.062562 1.457456
v 4.700922 3.062562 1.232004
v 5.014138 3.062562 1.333772
v 4.804554 3.062562 1.028620
v 5.070986 3.062562 1.222196
v 4.965958 3.062562 0.867212
v 5.159534 3.062562 1.133648
v 5.169342 3.062562 0.763584
v 5.271110 3.062562 1.076796
v 5.394794 3.062561 0.727876
v 5.394794 3.062561 1.057208
v 5.620246 3.062561 0.763584
v 5.518478 3.062561 1.076797
v 5.823630 3.062561 0.867212
v 5.630054 3.062561 1.133649
v 5.985034 3.062561 1.028620
v 5.718602 3.062561 1.222196
v 6.088666 3.062561 1.232005
v 5.775450 3.062561 1.333772
v 6.124374 3.062561 1.457456
v 5.795042 3.062561 1.457456
v 6.088666 3.062561 1.682909
v 5.775454 3.062561 1.581136
v 5.985038 3.062561 1.886292
v 5.718602 3.062561 1.692712
v 5.823630 3.062561 2.047697
v 5.630054 3.062561 1.781260
v 5.620246 3.062561 2.151325
v 5.518478 3.062561 1.838112
vn -0.0000 1.0000 -0.0000
vt 0.314109 0.839156
vt 0.323928 0.869377
vt 0.302175 0.872822
vt 0.343552 0.859378
vt 0.333418 0.825127
vt 0.359125 0.843804
vt 0.369124 0.824181
vt 0.340794 0.802428
vt 0.372570 0.802428
vt 0.369124 0.780675
vt 0.333418 0.779728
vt 0.359125 0.761051
vt 0.324875 0.771185
vt 0.343552 0.745477
vt 0.314109 0.765699
vt 0.323928 0.735479
vt 0.302175 0.732033
vt 0.290242 0.765699
vt 0.280422 0.735479
vt 0.260799 0.745477
vt 0.245225 0.761051
vt 0.279476 0.771185
vt 0.235226 0.780675
vt 0.270932 0.779728
vt 0.263557 0.802428
vt 0.231781 0.802428
vt 0.265447 0.814361
vt 0.235226 0.824181
vt 0.270932 0.825127
vt 0.245225 0.843804
vt 0.279476 0.833670
vt 0.260799 0.859378
vt 0.290242 0.839156
vt 0.280422 0.869377
vt 0.302175 0.841046
vt 0.324875 0.833670
vt 0.338904 0.814361
vt 0.338904 0.790494
vt 0.302175 0.763809
vt 0.265447 0.790494
s 1
usemtl metalMat1
f 1568/1680/1533 1565/1681/1533 1566/1682/1533
f 1569/1683/1533 1565/1681/1533 1568/1680/1533
f 1572/1684/1533 1571/1685/1533 1569/1683/1533
f 1573/1686/1533 1571/1685/1533 1572/1684/1533
f 1576/1687/1533 1575/1688/1533 1573/1686/1533
f 1577/1689/1533 1575/1688/1533 1576/1687/1533
f 1580/1690/1533 1579/1691/1533 1577/1689/1533
f 1582/1692/1533 1581/1693/1533 1579/1691/1533
f 1584/1694/1533 1583/1695/1533 1581/1693/1533
f 1585/1696/1533 1583/1695/1533 1584/1694/1533
f 1588/1697/1533 1587/1698/1533 1585/1696/1533
f 1589/1699/1533 1587/1698/1533 1588/1697/1533
f 1591/1700/1533 1589/1699/1533 1590/1701/1533
f 1593/1702/1533 1591/1700/1533 1592/1703/1533
f 1596/1704/1533 1595/1705/1533 1593/1702/1533
f 1598/1706/1533 1597/1707/1533 1595/1705/1533
f 1600/1708/1533 1599/1709/1533 1597/1707/1533
f 1602/1710/1533 1601/1711/1533 1599/1709/1533
f 1604/1712/1533 1603/1713/1533 1601/1711/1533
f 1566/1682/1533 1603/1713/1533 1604/1712/1533
f 1568/1680/1533 1566/1682/1533 1567/1714/1533
f 1569/1683/1533 1568/1680/1533 1570/1715/1533
f 1572/1684/1533 1569/1683/1533 1570/1715/1533
f 1573/1686/1533 1572/1684/1533 1574/1716/1533
f 1576/1687/1533 1573/1686/1533 1574/1716/1533
f 1577/1689/1533 1576/1687/1533 1578/1717/1533
f 1580/1690/1533 1577/1689/1533 1578/1717/1533
f 1582/1692/1533 1579/1691/1533 1580/1690/1533
f 1584/1694/1533 1581/1693/1533 1582/1692/1533
f 1585/1696/1533 1584/1694/1533 1586/1718/1533
f 1588/1697/1533 1585/1696/1533 1586/1718/1533
f 1589/1699/1533 1588/1697/1533 1590/1701/1533
f 1591/1700/1533 1590/1701/1533 1592/1703/1533
f 1593/1702/1533 1592/1703/1533 1594/1719/1533
f 1596/1704/1533 1593/1702/1533 1594/1719/1533
f 1598/1706/1533 1595/1705/1533 1596/1704/1533
f 1600/1708/1533 1597/1707/1533 1598/1706/1533
f 1602/1710/1533 1599/1709/1533 1600/1708/1533
f 1604/1712/1533 1601/1711/1533 1602/1710/1533
f 1566/1682/1533 1604/1712/1533 1567/1714/1533
o car47
v 5.886486 1.973561 0.270404
v 5.394794 1.973561 0.171116
v 5.394794 3.401417 0.176364
v 5.884482 3.401417 0.275244
v 5.394794 3.471349 0.400980
v 5.394794 3.320729 0.475228
v 5.770242 3.320729 0.551040
v 5.798622 3.471349 0.482524
v 5.394794 3.478169 0.293116
v 5.839854 3.478169 0.382988
v 6.304370 1.973561 0.547876
v 6.300662 3.401417 0.551588
v 6.089334 3.320729 0.762917
v 6.141834 3.471349 0.710416
v 6.218106 3.478169 0.634144
v 6.581846 1.973561 0.965761
v 6.577006 3.401417 0.967769
v 6.301206 3.320729 1.082004
v 6.369722 3.471349 1.053625
v 6.469262 3.478169 1.012396
v 6.681130 1.973561 1.457456
v 6.675886 3.401417 1.457456
v 6.377022 3.320729 1.457456
v 6.451266 3.471349 1.457456
v 6.559130 3.478169 1.457456
v 6.581846 1.973561 1.949149
v 6.577006 3.401417 1.947145
v 6.301210 3.320729 1.832904
v 6.369722 3.471349 1.861284
v 6.469262 3.478169 1.902512
v 6.304370 1.973561 2.367033
v 6.300662 3.401417 2.363324
v 6.089334 3.320729 2.151993
v 6.141834 3.471349 2.204493
v 6.218106 3.478169 2.280765
v 5.886486 1.973561 2.644508
v 5.884482 3.401417 2.639664
v 5.770242 3.320729 2.363868
v 5.798622 3.471349 2.432384
v 5.839854 3.478169 2.531924
v 5.394794 1.973561 2.743793
v 5.394794 3.401417 2.738544
v 5.394794 3.320729 2.439681
v 5.394794 3.471349 2.513928
v 5.394794 3.478169 2.621793
v 4.903102 1.973562 2.644508
v 4.905106 3.401417 2.639664
v 5.019346 3.320729 2.363868
v 4.990966 3.471349 2.432384
v 4.949734 3.478169 2.531924
v 4.485214 1.973562 2.367032
v 4.488926 3.401417 2.363324
v 4.700254 3.320729 2.151993
v 4.647754 3.471349 2.204493
v 4.571482 3.478169 2.280764
v 4.207742 1.973562 1.949148
v 4.212582 3.401417 1.947144
v 4.488378 3.320729 1.832904
v 4.419862 3.471349 1.861284
v 4.320326 3.478169 1.902516
v 4.108458 1.973562 1.457456
v 4.113702 3.401417 1.457456
v 4.412566 3.320729 1.457456
v 4.338322 3.471349 1.457456
v 4.230458 3.478169 1.457456
v 4.207742 1.973562 0.965760
v 4.212582 3.401417 0.967768
v 4.488378 3.320729 1.082004
v 4.419862 3.471349 1.053624
v 4.320326 3.478169 1.012396
v 4.485214 1.973562 0.547876
v 4.488926 3.401417 0.551588
v 4.700254 3.320729 0.762916
v 4.647754 3.471349 0.710416
v 4.571482 3.478169 0.634144
v 4.903102 1.973562 0.270404
v 4.905106 3.401417 0.275244
v 5.019346 3.320729 0.551040
v 4.990966 3.471349 0.482524
v 4.949734 3.478169 0.382988
vn 0.3827 0.0037 -0.9239
vn -0.0000 0.0037 -1.0000
vn -0.0000 0.4530 -0.8915
vn -0.1949 0.8606 0.4705
vn -0.0000 0.8616 0.5076
vn -0.0000 0.4421 0.8969
vn 0.3411 0.4534 -0.8235
vn -0.0000 0.9561 -0.2930
vn 0.1118 0.9563 -0.2700
vn 0.6304 0.4530 -0.6304
vn 0.7071 0.0037 -0.7071
vn -0.3433 0.4417 0.8289
vn -0.6342 0.4421 0.6342
vn 0.2072 0.9561 -0.2072
vn -0.3590 0.8616 0.3590
vn 0.9239 0.0037 -0.3827
vn -0.4705 0.8606 0.1949
vn 0.8235 0.4534 -0.3411
vn 0.2700 0.9563 -0.1118
vn 0.8915 0.4530 -0.0000
vn 1.0000 0.0037 -0.0000
vn -0.8289 0.4417 0.3433
vn -0.8970 0.4421 -0.0000
vn 0.2930 0.9561 -0.0000
vn -0.5076 0.8616 -0.0000
vn 0.9239 0.0037 0.3827
vn -0.4705 0.8606 -0.1949
vn 0.8235 0.4534 0.3411
vn 0.2700 0.9563 0.1118
vn 0.6304 0.4530 0.6304
vn 0.7071 0.0037 0.7071
vn -0.8289 0.4417 -0.3433
vn -0.6342 0.4421 -0.6342
vn 0.2072 0.9561 0.2072
vn -0.3590 0.8616 -0.3590
vn 0.3827 0.0037 0.9239
vn -0.1949 0.8606 -0.4705
vn 0.3411 0.4533 0.8235
vn 0.1118 0.9563 0.2700
vn -0.0000 0.4530 0.8915
vn -0.0000 0.0037 1.0000
vn -0.3433 0.4417 -0.8289
vn -0.0000 0.4421 -0.8969
vn -0.0000 0.9561 0.2930
vn -0.0000 0.8616 -0.5076
vn -0.3827 0.0037 0.9239
vn 0.1949 0.8606 -0.4705
vn -0.3411 0.4533 0.8235
vn -0.1118 0.9563 0.2700
vn -0.6304 0.4530 0.6304
vn -0.7071 0.0037 0.7071
vn 0.3433 0.4417 -0.8289
vn 0.6342 0.4421 -0.6342
vn -0.2072 0.9561 0.2072
vn 0.3590 0.8616 -0.3590
vn -0.9239 0.0037 0.3827
vn 0.4705 0.8606 -0.1949
vn -0.8235 0.4534 0.3411
vn -0.2700 0.9563 0.1118
vn -0.8915 0.4530 -0.0000
vn -1.0000 0.0037 -0.0000
vn 0.8289 0.4417 -0.3433
vn 0.8970 0.4421 -0.0000
vn -0.2930 0.9561 -0.0000
vn 0.5076 0.8616 -0.0000
vn -0.9239 0.0037 -0.3827
vn 0.4705 0.8606 0.1949
vn -0.8235 0.4534 -0.3411
vn -0.2700 0.9563 -0.1118
vn -0.6304 0.4530 -0.6304
vn -0.7071 0.0037 -0.7071
vn 0.8289 0.4417 0.3433
vn 0.6342 0.4421 0.6342
vn -0.2072 0.9561 -0.2072
vn 0.3590 0.8616 0.3590
vn -0.3827 0.0037 -0.9239
vn 0.1949 0.8606 0.4705
vn -0.3411 0.4533 -0.8235
vn -0.1118 0.9563 -0.2700
vn 0.3433 0.4417 0.8289
vt 0.398051 0.980299
vt 0.390441 0.980299
vt 0.390441 0.903541
vt 0.561921 0.837736
vt 0.589211 0.832226
vt 0.589211 0.837243
vt 0.556119 0.823729
vt 0.589211 0.817046
vt 0.589211 0.824936
vt 0.559134 0.831009
vt 0.405660 0.903541
vt 0.405660 0.980299
vt 0.563839 0.842366
vt 0.542275 0.856684
vt 0.533573 0.847982
vt 0.538727 0.853137
vt 0.413270 0.980299
vt 0.523327 0.876330
vt 0.509319 0.870528
vt 0.527994 0.842403
vt 0.516600 0.873544
vt 0.420880 0.903541
vt 0.420880 0.980299
vt 0.527957 0.878248
vt 0.522834 0.903620
vt 0.510527 0.903620
vt 0.517816 0.903620
vt 0.428490 0.980299
vt 0.523327 0.930910
vt 0.509319 0.936713
vt 0.502637 0.903620
vt 0.516600 0.933697
vt 0.436099 0.903541
vt 0.436099 0.980299
vt 0.527957 0.928993
vt 0.542275 0.950556
vt 0.533573 0.959258
vt 0.538727 0.954104
vt 0.443709 0.980299
vt 0.561921 0.969504
vt 0.556119 0.983512
vt 0.527994 0.964837
vt 0.559134 0.976231
vt 0.451319 0.903541
vt 0.451319 0.980299
vt 0.563839 0.964874
vt 0.589211 0.969998
vt 0.589211 0.982304
vt 0.589211 0.975015
vt 0.458929 0.980299
vt 0.616501 0.969504
vt 0.622303 0.983512
vt 0.589211 0.990194
vt 0.619287 0.976231
vt 0.466539 0.903541
vt 0.466539 0.980299
vt 0.614583 0.964874
vt 0.636147 0.950556
vt 0.644849 0.959258
vt 0.639694 0.954104
vt 0.474148 0.980299
vt 0.655095 0.930910
vt 0.669103 0.936713
vt 0.650428 0.964837
vt 0.661822 0.933697
vt 0.481758 0.903541
vt 0.481758 0.980299
vt 0.650465 0.928993
vt 0.655588 0.903620
vt 0.667895 0.903620
vt 0.660606 0.903620
vt 0.367611 0.980299
vt 0.360002 0.980299
vt 0.360002 0.903541
vt 0.655095 0.876330
vt 0.669103 0.870528
vt 0.675785 0.903620
vt 0.661822 0.873544
vt 0.375221 0.903541
vt 0.375221 0.980299
vt 0.650465 0.878248
vt 0.636147 0.856684
vt 0.644849 0.847982
vt 0.639694 0.853137
vt 0.382831 0.980299
vt 0.616501 0.837736
vt 0.622303 0.823729
vt 0.650428 0.842403
vt 0.619287 0.831009
vt 0.614583 0.842366
vt 0.398051 0.903541
vt 0.413270 0.903541
vt 0.428490 0.903541
vt 0.443709 0.903541
vt 0.458929 0.903541
vt 0.474148 0.903541
vt 0.367611 0.903541
vt 0.382831 0.903541
s 1
usemtl rubberMat
f 1605/1720/1534 1606/1721/1535 1607/1722/1536
f 1612/1723/1537 1609/1724/1538 1610/1725/1539
f 1608/1726/1540 1607/1727/1536 1613/1728/1541
f 1614/1729/1542 1613/1728/1541 1609/1724/1538
f 1616/1730/1543 1615/1731/1544 1605/1720/1534
f 1612/1723/1537 1611/1732/1545 1617/1733/1546
f 1608/1726/1540 1614/1729/1542 1619/1734/1547
f 1614/1729/1542 1612/1723/1537 1618/1735/1548
f 1620/1736/1549 1615/1731/1544 1616/1730/1543
f 1623/1737/1550 1618/1735/1548 1617/1733/1546
f 1621/1738/1551 1616/1739/1543 1619/1734/1547
f 1624/1740/1552 1619/1734/1547 1618/1735/1548
f 1626/1741/1553 1625/1742/1554 1620/1736/1549
f 1623/1737/1550 1622/1743/1555 1627/1744/1556
f 1621/1738/1551 1624/1740/1552 1629/1745/1557
f 1624/1740/1552 1623/1737/1550 1628/1746/1558
f 1630/1747/1559 1625/1742/1554 1626/1741/1553
f 1633/1748/1560 1628/1746/1558 1627/1744/1556
f 1631/1749/1561 1626/1750/1553 1629/1745/1557
f 1634/1751/1562 1629/1745/1557 1628/1746/1558
f 1636/1752/1563 1635/1753/1564 1630/1747/1559
f 1633/1748/1560 1632/1754/1565 1637/1755/1566
f 1631/1749/1561 1634/1751/1562 1639/1756/1567
f 1634/1751/1562 1633/1748/1560 1638/1757/1568
f 1640/1758/1569 1635/1753/1564 1636/1752/1563
f 1643/1759/1570 1638/1757/1568 1637/1755/1566
f 1641/1760/1571 1636/1761/1563 1639/1756/1567
f 1644/1762/1572 1639/1756/1567 1638/1757/1568
f 1646/1763/1573 1645/1764/1574 1640/1758/1569
f 1643/1759/1570 1642/1765/1575 1647/1766/1576
f 1641/1760/1571 1644/1762/1572 1649/1767/1577
f 1644/1762/1572 1643/1759/1570 1648/1768/1578
f 1650/1769/1579 1645/1764/1574 1646/1763/1573
f 1653/1770/1580 1648/1768/1578 1647/1766/1576
f 1651/1771/1581 1646/1772/1573 1649/1767/1577
f 1654/1773/1582 1649/1767/1577 1648/1768/1578
f 1656/1774/1583 1655/1775/1584 1650/1769/1579
f 1653/1770/1580 1652/1776/1585 1657/1777/1586
f 1651/1771/1581 1654/1773/1582 1659/1778/1587
f 1654/1773/1582 1653/1770/1580 1658/1779/1588
f 1660/1780/1589 1655/1775/1584 1656/1774/1583
f 1663/1781/1590 1658/1779/1588 1657/1777/1586
f 1661/1782/1591 1656/1783/1583 1659/1778/1587
f 1664/1784/1592 1659/1778/1587 1658/1779/1588
f 1666/1785/1593 1665/1786/1594 1660/1780/1589
f 1663/1781/1590 1662/1787/1595 1667/1788/1596
f 1661/1782/1591 1664/1784/1592 1669/1789/1597
f 1664/1784/1592 1663/1781/1590 1668/1790/1598
f 1670/1791/1599 1665/1792/1594 1666/1793/1593
f 1673/1794/1600 1668/1790/1598 1667/1788/1596
f 1671/1795/1601 1666/1796/1593 1669/1789/1597
f 1674/1797/1602 1669/1789/1597 1668/1790/1598
f 1676/1798/1603 1675/1799/1604 1670/1791/1599
f 1673/1794/1600 1672/1800/1605 1677/1801/1606
f 1671/1795/1601 1674/1797/1602 1679/1802/1607
f 1674/1797/1602 1673/1794/1600 1678/1803/1608
f 1680/1804/1609 1675/1799/1604 1676/1798/1603
f 1683/1805/1610 1678/1803/1608 1677/1801/1606
f 1681/1806/1611 1676/1807/1603 1679/1802/1607
f 1684/1808/1612 1679/1802/1607 1678/1803/1608
f 1607/1722/1536 1606/1721/1535 1680/1804/1609
f 1683/1805/1610 1682/1809/1613 1610/1725/1539
f 1681/1806/1611 1684/1808/1612 1613/1728/1541
f 1684/1808/1612 1683/1805/1610 1609/1724/1538
f 1605/1720/1534 1607/1722/1536 1608/1810/1540
f 1612/1723/1537 1610/1725/1539 1611/1732/1545
f 1608/1726/1540 1613/1728/1541 1614/1729/1542
f 1614/1729/1542 1609/1724/1538 1612/1723/1537
f 1616/1730/1543 1605/1720/1534 1608/1810/1540
f 1612/1723/1537 1617/1733/1546 1618/1735/1548
f 1608/1726/1540 1619/1734/1547 1616/1739/1543
f 1614/1729/1542 1618/1735/1548 1619/1734/1547
f 1620/1736/1549 1616/1730/1543 1621/1811/1551
f 1623/1737/1550 1617/1733/1546 1622/1743/1555
f 1621/1738/1551 1619/1734/1547 1624/1740/1552
f 1624/1740/1552 1618/1735/1548 1623/1737/1550
f 1626/1741/1553 1620/1736/1549 1621/1811/1551
f 1623/1737/1550 1627/1744/1556 1628/1746/1558
f 1621/1738/1551 1629/1745/1557 1626/1750/1553
f 1624/1740/1552 1628/1746/1558 1629/1745/1557
f 1630/1747/1559 1626/1741/1553 1631/1812/1561
f 1633/1748/1560 1627/1744/1556 1632/1754/1565
f 1631/1749/1561 1629/1745/1557 1634/1751/1562
f 1634/1751/1562 1628/1746/1558 1633/1748/1560
f 1636/1752/1563 1630/1747/1559 1631/1812/1561
f 1633/1748/1560 1637/1755/1566 1638/1757/1568
f 1631/1749/1561 1639/1756/1567 1636/1761/1563
f 1634/1751/1562 1638/1757/1568 1639/1756/1567
f 1640/1758/1569 1636/1752/1563 1641/1813/1571
f 1643/1759/1570 1637/1755/1566 1642/1765/1575
f 1641/1760/1571 1639/1756/1567 1644/1762/1572
f 1644/1762/1572 1638/1757/1568 1643/1759/1570
f 1646/1763/1573 1640/1758/1569 1641/1813/1571
f 1643/1759/1570 1647/1766/1576 1648/1768/1578
f 1641/1760/1571 1649/1767/1577 1646/1772/1573
f 1644/1762/1572 1648/1768/1578 1649/1767/1577
f 1650/1769/1579 1646/1763/1573 1651/1814/1581
f 1653/1770/1580 1647/1766/1576 1652/1776/1585
f 1651/1771/1581 1649/1767/1577 1654/1773/1582
f 1654/1773/1582 1648/1768/1578 1653/1770/1580
f 1656/1774/1583 1650/1769/1579 1651/1814/1581
f 1653/1770/1580 1657/1777/1586 1658/1779/1588
f 1651/1771/1581 1659/1778/1587 1656/1783/1583
f 1654/1773/1582 1658/1779/1588 1659/1778/1587
f 1660/1780/1589 1656/1774/1583 1661/1815/1591
f 1663/1781/1590 1657/1777/1586 1662/1787/1595
f 1661/1782/1591 1659/1778/1587 1664/1784/1592
f 1664/1784/1592 1658/1779/1588 1663/1781/1590
f 1666/1785/1593 1660/1780/1589 1661/1815/1591
f 1663/1781/1590 1667/1788/1596 1668/1790/1598
f 1661/1782/1591 1669/1789/1597 1666/1796/1593
f 1664/1784/1592 1668/1790/1598 1669/1789/1597
f 1670/1791/1599 1666/1793/1593 1671/1816/1601
f 1673/1794/1600 1667/1788/1596 1672/1800/1605
f 1671/1795/1601 1669/1789/1597 1674/1797/1602
f 1674/1797/1602 1668/1790/1598 1673/1794/1600
f 1676/1798/1603 1670/1791/1599 1671/1816/1601
f 1673/1794/1600 1677/1801/1606 1678/1803/1608
f 1671/1795/1601 1679/1802/1607 1676/1807/1603
f 1674/1797/1602 1678/1803/1608 1679/1802/1607
f 1680/1804/1609 1676/1798/1603 1681/1817/1611
f 1683/1805/1610 1677/1801/1606 1682/1809/1613
f 1681/1806/1611 1679/1802/1607 1684/1808/1612
f 1684/1808/1612 1678/1803/1608 1683/1805/1610
f 1607/1722/1536 1680/1804/1609 1681/1817/1611
f 1683/1805/1610 1610/1725/1539 1609/1724/1538
f 1681/1806/1611 1613/1728/1541 1607/1727/1536
f 1684/1808/1612 1609/1724/1538 1613/1728/1541
o car48
v 5.734506 2.430425 0.637312
v 5.737406 3.299785 0.630316
v 5.394794 3.299785 0.561136
v 5.394794 2.430425 0.568716
v 5.394794 3.337329 0.505964
v 5.758494 3.337329 0.579404
v 5.777798 3.364321 0.532804
v 5.394794 3.364321 0.455468
v 5.394794 3.310285 0.517440
v 5.754110 3.310285 0.589992
v 6.023226 2.430425 0.829021
v 6.028586 3.299785 0.823660
v 6.067602 3.337329 0.784648
v 6.103306 3.364321 0.748944
v 6.059486 3.310285 0.792764
v 6.214934 2.430425 1.117741
v 6.221930 3.299785 1.114844
v 6.272846 3.337329 1.093753
v 6.319442 3.364321 1.074453
v 6.262254 3.310285 1.098140
v 6.283530 2.430425 1.457456
v 6.291114 3.299785 1.457456
v 6.346286 3.337329 1.457456
v 6.396782 3.364321 1.457456
v 6.334810 3.310285 1.457456
v 6.227238 3.364321 2.013993
v 6.185286 3.337329 1.985945
v 6.067602 3.337329 2.130260
v 6.103306 3.364321 2.165968
v 6.214934 2.430425 1.797168
v 6.221934 3.299785 1.800068
v 6.272846 3.337329 1.821157
v 6.319442 3.364321 1.840456
v 6.262254 3.310285 1.816769
v 6.023226 2.430425 2.085888
v 6.028590 3.299785 2.091249
v 6.139450 3.299785 1.955300
v 6.175750 3.310285 1.979573
v 6.059486 3.310285 2.122149
v 5.734506 2.430425 2.277596
v 5.737406 3.299785 2.284592
v 5.758494 3.337329 2.335505
v 5.777798 3.364321 2.382104
v 5.754110 3.310285 2.324916
v 5.394794 2.430425 2.346192
v 5.394794 3.299785 2.353776
v 5.394794 3.337329 2.408948
v 5.394794 3.364321 2.459445
v 5.394794 3.310285 2.397472
v 5.055082 2.430425 2.277596
v 5.052182 3.299785 2.284592
v 5.031094 3.337329 2.335509
v 5.011790 3.364321 2.382104
v 5.035478 3.310286 2.324916
v 4.766362 2.430425 2.085888
v 4.760998 3.299785 2.091249
v 4.721986 3.337329 2.130260
v 4.686282 3.364321 2.165968
v 4.730102 3.310286 2.122149
v 4.574654 2.430425 1.797168
v 4.567654 3.299785 1.800068
v 4.516742 3.337329 1.821156
v 4.470146 3.364321 1.840456
v 4.527330 3.310286 1.816768
v 4.506058 2.430425 1.457456
v 4.498474 3.299785 1.457456
v 4.443302 3.337329 1.457456
v 4.392806 3.364321 1.457456
v 4.454778 3.310286 1.457456
v 4.574654 2.430425 1.117740
v 4.567654 3.299785 1.114844
v 4.516742 3.337329 1.093752
v 4.470142 3.364321 1.074452
v 4.527330 3.310286 1.098140
v 4.766362 2.430425 0.829020
v 4.760998 3.299785 0.823660
v 4.721986 3.337329 0.784648
v 4.686282 3.364321 0.748944
v 4.730102 3.310286 0.792764
v 5.055078 2.430425 0.637312
v 5.052182 3.299785 0.630316
v 5.031094 3.337329 0.579404
v 5.011790 3.364321 0.532804
v 5.035478 3.310286 0.589992
vn 0.2869 -0.6617 -0.6927
vn 0.3827 -0.0087 -0.9238
vn -0.0000 -0.0087 -1.0000
vn -0.0000 -0.6964 -0.7177
vn -0.0000 -0.8819 -0.4714
vn 0.1806 -0.8817 -0.4359
vn -0.0000 -0.6631 -0.7486
vn -0.0000 -0.7359 -0.6771
vn 0.2589 -0.7364 -0.6251
vn 0.2750 -0.6954 -0.6639
vn 0.7071 -0.0087 -0.7071
vn 0.5075 -0.6964 -0.5075
vn 0.4788 -0.7359 -0.4788
vn 0.5293 -0.6631 -0.5293
vn 0.6927 -0.6617 -0.2869
vn 0.9238 -0.0087 -0.3827
vn 0.3334 -0.8819 -0.3334
vn 0.4359 -0.8817 -0.1806
vn 0.6250 -0.7365 -0.2589
vn 0.6639 -0.6954 -0.2750
vn 1.0000 -0.0087 -0.0000
vn 0.7177 -0.6964 -0.0000
vn 0.6771 -0.7359 -0.0000
vn 0.7486 -0.6631 -0.0000
vn 0.3929 -0.8818 0.2610
vn 0.3182 -0.8817 0.3484
vn 0.4854 -0.6906 0.5362
vn 0.7054 -0.6547 0.2716
vn 0.9233 -0.0217 0.3834
vn 0.4714 -0.8819 -0.0000
vn 0.4440 -0.8815 0.1608
vn 0.6306 -0.7427 0.2252
vn 0.6819 -0.6896 0.2437
vn 0.6270 -0.6449 0.4370
vn 0.6069 -0.6850 0.4030
vn 0.5516 -0.7494 0.3663
vn 0.4497 -0.7422 0.4969
vn 0.5025 -0.6697 0.5468
vn 0.2869 -0.6617 0.6927
vn 0.3827 -0.0087 0.9238
vn 0.7075 -0.0217 0.7063
vn 0.1806 -0.8817 0.4359
vn 0.2589 -0.7364 0.6250
vn 0.2750 -0.6954 0.6639
vn -0.0000 -0.0087 1.0000
vn -0.0000 -0.6964 0.7177
vn -0.0000 -0.7359 0.6771
vn -0.0000 -0.6631 0.7486
vn -0.2869 -0.6617 0.6927
vn -0.3827 -0.0087 0.9238
vn -0.0000 -0.8819 0.4714
vn -0.1806 -0.8817 0.4359
vn -0.2589 -0.7364 0.6250
vn -0.2750 -0.6954 0.6639
vn -0.7071 -0.0087 0.7071
vn -0.5075 -0.6963 0.5075
vn -0.4788 -0.7359 0.4788
vn -0.5293 -0.6631 0.5293
vn -0.6927 -0.6617 0.2869
vn -0.9238 -0.0087 0.3827
vn -0.3333 -0.8819 0.3333
vn -0.4359 -0.8817 0.1806
vn -0.6250 -0.7364 0.2589
vn -0.6639 -0.6954 0.2750
vn -1.0000 -0.0087 -0.0000
vn -0.7177 -0.6964 -0.0000
vn -0.6771 -0.7359 -0.0000
vn -0.7486 -0.6631 -0.0000
vn -0.6927 -0.6617 -0.2869
vn -0.9238 -0.0087 -0.3827
vn -0.4714 -0.8819 -0.0000
vn -0.4359 -0.8817 -0.1806
vn -0.6250 -0.7364 -0.2589
vn -0.6639 -0.6954 -0.2750
vn -0.7071 -0.0087 -0.7071
vn -0.5075 -0.6964 -0.5075
vn -0.4788 -0.7359 -0.4788
vn -0.5293 -0.6631 -0.5293
vn -0.2869 -0.6617 -0.6927
vn -0.3827 -0.0087 -0.9238
vn -0.3334 -0.8819 -0.3334
vn -0.1806 -0.8817 -0.4359
vn -0.2589 -0.7364 -0.6251
vn -0.2750 -0.6954 -0.6639
vt 0.862014 0.975248
vt 0.824587 0.975123
vt 0.824587 0.960498
vt 0.725562 0.845407
vt 0.725562 0.843233
vt 0.742051 0.846562
vt 0.810430 0.845114
vt 0.810430 0.843233
vt 0.825899 0.846356
vt 0.852191 0.881034
vt 0.853355 0.881034
vt 0.853355 0.896691
vt 0.824587 0.987553
vt 0.754527 0.857404
vt 0.741220 0.848568
vt 0.839045 0.855086
vt 0.837715 0.856416
vt 0.852191 0.909649
vt 0.852191 0.896502
vt 0.862014 0.996107
vt 0.824587 0.995806
vt 0.756064 0.855867
vt 0.765369 0.869881
vt 0.847775 0.868233
vt 0.853355 0.909999
vt 0.853355 0.918835
vt 0.781513 0.939639
vt 0.781513 0.925014
vt 0.818940 0.924890
vt 0.766525 0.886369
vt 0.763363 0.870712
vt 0.850898 0.883701
vt 0.849017 0.883701
vt 0.822316 0.940547
vt 0.822316 0.925078
vt 0.823480 0.924890
vt 0.761399 0.910329
vt 0.756064 0.916871
vt 0.754527 0.915334
vt 0.818940 0.954389
vt 0.781513 0.954264
vt 0.768698 0.886369
vt 0.765369 0.902858
vt 0.847775 0.899170
vt 0.823480 0.940547
vt 0.823480 0.956205
vt 0.818940 0.961072
vt 0.759593 0.909121
vt 0.844051 0.906179
vt 0.842488 0.905134
vt 0.822316 0.963025
vt 0.822316 0.956016
vt 0.839045 0.912317
vt 0.837715 0.910987
vt 0.822316 0.969163
vt 0.823480 0.963299
vt 0.818940 0.975248
vt 0.781513 0.974947
vt 0.781513 0.966694
vt 0.742051 0.926176
vt 0.825899 0.921046
vt 0.823480 0.969512
vt 0.823480 0.978348
vt 0.742980 0.944975
vt 0.742980 0.930350
vt 0.780407 0.930225
vt 0.725562 0.927332
vt 0.741220 0.924170
vt 0.810430 0.924170
vt 0.810430 0.922289
vt 0.820046 0.940547
vt 0.820046 0.925078
vt 0.821210 0.924890
vt 0.780407 0.959725
vt 0.742980 0.959600
vt 0.725562 0.929506
vt 0.709074 0.926176
vt 0.794961 0.921046
vt 0.821210 0.940547
vt 0.821210 0.956205
vt 0.742980 0.972030
vt 0.696597 0.915334
vt 0.709905 0.924170
vt 0.781814 0.912317
vt 0.783145 0.910987
vt 0.820046 0.969163
vt 0.820046 0.956016
vt 0.780407 0.980584
vt 0.742980 0.980283
vt 0.695060 0.916871
vt 0.685755 0.902858
vt 0.773085 0.899170
vt 0.821210 0.969512
vt 0.821210 0.978348
vt 0.727124 0.967652
vt 0.712499 0.967652
vt 0.712374 0.930225
vt 0.684600 0.886369
vt 0.687761 0.902027
vt 0.769961 0.883701
vt 0.771843 0.883701
vt 0.710104 0.945883
vt 0.710104 0.930414
vt 0.711268 0.930225
vt 0.741874 0.930225
vt 0.741749 0.967652
vt 0.682426 0.886369
vt 0.685755 0.869881
vt 0.773085 0.868233
vt 0.711268 0.945883
vt 0.711268 0.961541
vt 0.824587 0.933444
vt 0.824587 0.925191
vt 0.862014 0.924890
vt 0.696597 0.857404
vt 0.687761 0.870712
vt 0.781814 0.855086
vt 0.783145 0.856416
vt 0.852191 0.852418
vt 0.852191 0.843689
vt 0.853355 0.843233
vt 0.862014 0.945749
vt 0.824587 0.945873
vt 0.695060 0.855867
vt 0.709074 0.846562
vt 0.794961 0.846356
vt 0.853355 0.852069
vt 0.853355 0.865376
vt 0.709905 0.848568
vt 0.852191 0.865565
vt 0.862014 0.960498
vt 0.825180 0.848092
vt 0.862014 0.987784
vt 0.846039 0.868952
vt 0.852191 0.918379
vt 0.818940 0.939639
vt 0.763363 0.902027
vt 0.846039 0.898451
vt 0.818940 0.966925
vt 0.825180 0.919310
vt 0.822316 0.977892
vt 0.780407 0.944975
vt 0.795680 0.919310
vt 0.780407 0.972260
vt 0.774821 0.898451
vt 0.820046 0.977892
vt 0.727124 0.930225
vt 0.774821 0.868952
vt 0.710104 0.961352
vt 0.862014 0.933213
vt 0.795680 0.848092
s 1
usemtl metalMat1
f 1686/1818/1614 1685/1819/1615 1688/1820/1616
f 1689/1821/1617 1692/1822/1618 1691/1823/1619
f 1687/1824/1620 1693/1825/1621 1694/1826/1622
f 1693/1827/1621 1689/1828/1617 1690/1829/1623
f 1695/1830/1624 1685/1819/1615 1686/1818/1614
f 1697/1831/1625 1690/1832/1623 1691/1823/1619
f 1694/1826/1622 1699/1833/1626 1696/1834/1627
f 1699/1835/1626 1694/1836/1622 1690/1829/1623
f 1701/1837/1628 1700/1838/1629 1695/1830/1624
f 1697/1831/1625 1698/1839/1630 1703/1840/1631
f 1696/1834/1627 1699/1833/1626 1704/1841/1632
f 1699/1835/1626 1697/1842/1625 1702/1843/1633
f 1705/1844/1634 1700/1845/1629 1701/1846/1628
f 1707/1847/1635 1702/1848/1633 1703/1840/1631
f 1704/1841/1632 1709/1849/1636 1706/1850/1637
f 1709/1851/1636 1704/1852/1632 1702/1853/1633
f 1710/1854/1638 1713/1855/1639 1712/1856/1640
f 1715/1857/1641 1714/1858/1642 1705/1844/1634
f 1707/1847/1635 1708/1859/1643 1717/1860/1644
f 1706/1850/1637 1709/1849/1636 1718/1861/1645
f 1709/1851/1636 1707/1862/1635 1716/1863/1646
f 1721/1864/1647 1714/1858/1642 1715/1857/1641
f 1717/1860/1644 1710/1854/1638 1711/1865/1648
f 1718/1861/1645 1722/1866/1649 1721/1867/1647
f 1722/1868/1649 1718/1869/1645 1716/1863/1646
f 1722/1866/1649 1723/1870/1650 1720/1871/1651
f 1723/1872/1650 1722/1868/1649 1711/1873/1648
f 1725/1874/1652 1724/1875/1653 1719/1876/1654
f 1712/1856/1640 1713/1855/1639 1727/1877/1655
f 1720/1871/1651 1723/1870/1650 1728/1878/1656
f 1723/1872/1650 1712/1879/1640 1726/1880/1657
f 1729/1881/1658 1724/1882/1653 1725/1883/1652
f 1731/1884/1659 1726/1885/1657 1727/1877/1655
f 1728/1878/1656 1733/1886/1660 1730/1887/1661
f 1733/1888/1660 1728/1889/1656 1726/1890/1657
f 1735/1891/1662 1734/1892/1663 1729/1881/1658
f 1731/1884/1659 1732/1893/1664 1737/1894/1665
f 1730/1887/1661 1733/1886/1660 1738/1895/1666
f 1733/1888/1660 1731/1896/1659 1736/1897/1667
f 1739/1898/1668 1734/1892/1663 1735/1891/1662
f 1741/1899/1669 1736/1900/1667 1737/1894/1665
f 1738/1895/1666 1743/1901/1670 1740/1902/1671
f 1743/1903/1670 1738/1904/1666 1736/1897/1667
f 1745/1905/1672 1744/1906/1673 1739/1898/1668
f 1741/1899/1669 1742/1907/1674 1747/1908/1675
f 1740/1902/1671 1743/1901/1670 1748/1909/1676
f 1743/1903/1670 1741/1910/1669 1746/1911/1677
f 1749/1912/1678 1744/1913/1673 1745/1914/1672
f 1751/1915/1679 1746/1916/1677 1747/1908/1675
f 1748/1909/1676 1753/1917/1680 1750/1918/1681
f 1753/1919/1680 1748/1920/1676 1746/1921/1677
f 1755/1922/1682 1754/1923/1683 1749/1912/1678
f 1751/1915/1679 1752/1924/1684 1757/1925/1685
f 1750/1918/1681 1753/1917/1680 1758/1926/1686
f 1753/1919/1680 1751/1927/1679 1756/1928/1687
f 1759/1929/1688 1754/1930/1683 1755/1931/1682
f 1761/1932/1689 1756/1933/1687 1757/1925/1685
f 1758/1926/1686 1763/1934/1690 1760/1935/1691
f 1763/1936/1690 1758/1937/1686 1756/1938/1687
f 1765/1939/1692 1764/1940/1693 1759/1929/1688
f 1761/1932/1689 1762/1941/1694 1767/1942/1695
f 1760/1935/1691 1763/1934/1690 1768/1943/1696
f 1763/1936/1690 1761/1944/1689 1766/1945/1697
f 1688/1820/1616 1764/1940/1693 1765/1939/1692
f 1689/1821/1617 1766/1946/1697 1767/1942/1695
f 1768/1943/1696 1693/1825/1621 1687/1824/1620
f 1693/1827/1621 1768/1947/1696 1766/1945/1697
f 1686/1818/1614 1688/1820/1616 1687/1948/1620
f 1689/1821/1617 1691/1823/1619 1690/1832/1623
f 1687/1824/1620 1694/1826/1622 1686/1949/1614
f 1693/1827/1621 1690/1829/1623 1694/1836/1622
f 1695/1830/1624 1686/1818/1614 1696/1950/1627
f 1697/1831/1625 1691/1823/1619 1698/1839/1630
f 1694/1826/1622 1696/1834/1627 1686/1949/1614
f 1699/1835/1626 1690/1829/1623 1697/1842/1625
f 1701/1837/1628 1695/1830/1624 1696/1950/1627
f 1697/1831/1625 1703/1840/1631 1702/1848/1633
f 1696/1834/1627 1704/1841/1632 1701/1951/1628
f 1699/1835/1626 1702/1843/1633 1704/1952/1632
f 1705/1844/1634 1701/1846/1628 1706/1953/1637
f 1707/1847/1635 1703/1840/1631 1708/1859/1643
f 1704/1841/1632 1706/1850/1637 1701/1951/1628
f 1709/1851/1636 1702/1853/1633 1707/1862/1635
f 1710/1854/1638 1712/1856/1640 1711/1865/1648
f 1715/1857/1641 1705/1844/1634 1706/1953/1637
f 1707/1847/1635 1717/1860/1644 1716/1954/1646
f 1706/1850/1637 1718/1861/1645 1715/1955/1641
f 1709/1851/1636 1716/1863/1646 1718/1869/1645
f 1714/1858/1642 1721/1864/1647 1719/1876/1654
f 1719/1876/1654 1721/1864/1647 1720/1956/1651
f 1717/1860/1644 1711/1865/1648 1716/1954/1646
f 1718/1861/1645 1721/1867/1647 1715/1955/1641
f 1722/1868/1649 1716/1863/1646 1711/1873/1648
f 1722/1866/1649 1720/1871/1651 1721/1867/1647
f 1723/1872/1650 1711/1873/1648 1712/1879/1640
f 1725/1874/1652 1719/1876/1654 1720/1956/1651
f 1712/1856/1640 1727/1877/1655 1726/1885/1657
f 1720/1871/1651 1728/1878/1656 1725/1957/1652
f 1723/1872/1650 1726/1880/1657 1728/1958/1656
f 1729/1881/1658 1725/1883/1652 1730/1959/1661
f 1731/1884/1659 1727/1877/1655 1732/1893/1664
f 1728/1878/1656 1730/1887/1661 1725/1957/1652
f 1733/1888/1660 1726/1890/1657 1731/1896/1659
f 1735/1891/1662 1729/1881/1658 1730/1959/1661
f 1731/1884/1659 1737/1894/1665 1736/1900/1667
f 1730/1887/1661 1738/1895/1666 1735/1960/1662
f 1733/1888/1660 1736/1897/1667 1738/1904/1666
f 1739/1898/1668 1735/1891/1662 1740/1961/1671
f 1741/1899/1669 1737/1894/1665 1742/1907/1674
f 1738/1895/1666 1740/1902/1671 1735/1960/1662
f 1743/1903/1670 1736/1897/1667 1741/1910/1669
f 1745/1905/1672 1739/1898/1668 1740/1961/1671
f 1741/1899/1669 1747/1908/1675 1746/1916/1677
f 1740/1902/1671 1748/1909/1676 1745/1962/1672
f 1743/1903/1670 1746/1911/1677 1748/1963/1676
f 1749/1912/1678 1745/1914/1672 1750/1964/1681
f 1751/1915/1679 1747/1908/1675 1752/1924/1684
f 1748/1909/1676 1750/1918/1681 1745/1962/1672
f 1753/1919/1680 1746/1921/1677 1751/1927/1679
f 1755/1922/1682 1749/1912/1678 1750/1964/1681
f 1751/1915/1679 1757/1925/1685 1756/1933/1687
f 1750/1918/1681 1758/1926/1686 1755/1965/1682
f 1753/1919/1680 1756/1928/1687 1758/1966/1686
f 1759/1929/1688 1755/1931/1682 1760/1967/1691
f 1761/1932/1689 1757/1925/1685 1762/1941/1694
f 1758/1926/1686 1760/1935/1691 1755/1965/1682
f 1763/1936/1690 1756/1938/1687 1761/1944/1689
f 1765/1939/1692 1759/1929/1688 1760/1967/1691
f 1761/1932/1689 1767/1942/1695 1766/1946/1697
f 1760/1935/1691 1768/1943/1696 1765/1968/1692
f 1763/1936/1690 1766/1945/1697 1768/1947/1696
f 1688/1820/1616 1765/1939/1692 1687/1948/1620
f 1689/1821/1617 1767/1942/1695 1692/1822/1618
f 1768/1943/1696 1687/1824/1620 1765/1968/1692
f 1693/1827/1621 1766/1945/1697 1689/1828/1617
o car49
v 6.124802 3.081141 1.847752
v 5.992386 3.081141 1.847752
v 5.992386 2.754085 1.847752
v 6.124802 2.754085 1.847752
v 6.124802 2.754085 1.126980
v 5.992386 2.754085 1.126980
v 5.992386 3.081141 1.126980
v 6.124802 3.081141 1.126980
v 5.992386 3.081141 1.367236
v 6.209406 3.081141 1.367236
v 5.992386 3.081141 1.607497
v 6.209406 3.081141 1.607497
v 5.992386 2.754085 1.367236
v 5.992386 2.754085 1.607497
v 6.209406 2.754085 1.367236
v 6.209406 2.754085 1.607497
vn 0.5779 -0.0000 0.8161
vn 0.4635 0.5973 0.6546
vn -0.5774 0.5774 0.5773
vn 0.4635 0.5973 -0.6546
vn 0.5779 -0.0000 -0.8161
vn -0.7071 -0.0000 -0.7071
vn -0.5774 0.5773 -0.5773
vn -0.7071 0.7071 -0.0000
vn 0.7308 0.6711 0.1249
vn 0.7308 0.6711 -0.1249
vn -1.0000 -0.0000 -0.0000
vn -0.7071 -0.0000 0.7071
vn 0.9857 -0.0000 -0.1685
vn 0.9857 -0.0000 0.1685
vt 0.198535 0.315459
vt 0.216966 0.315459
vt 0.198535 0.151725
vt 0.216966 0.151725
vt 0.216966 0.206303
vt 0.186759 0.260881
vt 0.186759 0.206303
vt 0.216966 0.260881
s 1
usemtl metalMat1
f 1772/1969/1698 1769/1969/1699 1770/1970/1700
f 1776/1971/1701 1773/1971/1702 1774/1972/1703
f 1776/1971/1701 1775/1972/1704 1777/1973/1705
f 1780/1974/1706 1778/1975/1707 1777/1973/1705
f 1769/1969/1699 1780/1974/1706 1779/1976/1705
f 1781/1973/1708 1777/1973/1705 1775/1972/1704
f 1782/1976/1708 1779/1976/1705 1777/1973/1705
f 1771/1970/1709 1770/1970/1700 1779/1976/1705
f 1773/1971/1702 1776/1971/1701 1778/1975/1707
f 1783/1975/1710 1778/1975/1707 1780/1974/1706
f 1784/1974/1711 1780/1974/1706 1769/1969/1699
f 1772/1969/1698 1770/1970/1700 1771/1970/1709
f 1776/1971/1701 1774/1972/1703 1775/1972/1704
f 1776/1971/1701 1777/1973/1705 1778/1975/1707
f 1780/1974/1706 1777/1973/1705 1779/1976/1705
f 1769/1969/1699 1779/1976/1705 1770/1970/1700
f 1781/1973/1708 1775/1972/1704 1774/1972/1703
f 1782/1976/1708 1777/1973/1705 1781/1973/1708
f 1771/1970/1709 1779/1976/1705 1782/1976/1708
f 1773/1971/1702 1778/1975/1707 1783/1975/1710
f 1783/1975/1710 1780/1974/1706 1784/1974/1711
f 1784/1974/1711 1769/1969/1699 1772/1969/1698
o car5
v -4.876095 -3.593649 2.230116
v -5.112631 -3.593649 2.267580
v -5.112631 -3.593649 1.922056
v -4.982867 -3.593649 1.901504
v -4.662711 -3.593649 2.121392
v -4.865803 -3.593649 1.841856
v -4.493371 -3.593649 1.952048
v -4.772902 -3.593649 1.748956
v -4.384647 -3.593649 1.738664
v -4.713259 -3.593649 1.631892
v -4.347183 -3.593649 1.502128
v -4.692707 -3.593649 1.502128
v -4.384647 -3.593649 1.265592
v -4.713259 -3.593649 1.372364
v -4.493371 -3.593649 1.052208
v -4.772902 -3.593649 1.255304
v -4.662711 -3.593649 0.882868
v -4.865807 -3.593649 1.162400
v -4.876095 -3.593649 0.774144
v -4.982867 -3.593649 1.102756
v -5.112631 -3.593649 0.736680
v -5.112631 -3.593649 1.082204
v -5.349171 -3.593649 0.774144
v -5.242395 -3.593649 1.102756
v -5.562551 -3.593649 0.882868
v -5.359459 -3.593649 1.162400
v -5.731894 -3.593649 1.052207
v -5.452359 -3.593649 1.255304
v -5.840619 -3.593649 1.265592
v -5.512007 -3.593649 1.372364
v -5.878083 -3.593649 1.502128
v -5.532559 -3.593649 1.502128
v -5.840619 -3.593649 1.738664
v -5.512007 -3.593649 1.631892
v -5.731894 -3.593649 1.952047
v -5.452359 -3.593649 1.748956
v -5.562551 -3.593649 2.121392
v -5.359459 -3.593649 1.841856
v -5.349167 -3.593649 2.230115
v -5.242395 -3.593649 1.901504
vn -0.0000 -1.0000 -0.0000
vt 0.314109 0.839156
vt 0.323928 0.869377
vt 0.302175 0.872822
vt 0.343552 0.859378
vt 0.359125 0.843804
vt 0.324875 0.833670
vt 0.369124 0.824181
vt 0.333418 0.825127
vt 0.340794 0.802428
vt 0.372570 0.802428
vt 0.338904 0.790494
vt 0.369124 0.780675
vt 0.333418 0.779728
vt 0.359125 0.761051
vt 0.343552 0.745477
vt 0.323928 0.735479
vt 0.324875 0.771185
vt 0.302175 0.732033
vt 0.314109 0.765699
vt 0.290242 0.765699
vt 0.280422 0.735479
vt 0.279476 0.771185
vt 0.260799 0.745477
vt 0.245225 0.761051
vt 0.265447 0.790494
vt 0.235226 0.780675
vt 0.263557 0.802428
vt 0.231781 0.802428
vt 0.265447 0.814361
vt 0.235226 0.824181
vt 0.245225 0.843804
vt 0.279476 0.833670
vt 0.260799 0.859378
vt 0.290242 0.839156
vt 0.280422 0.869377
vt 0.302175 0.841046
vt 0.338904 0.814361
vt 0.302175 0.763809
vt 0.270932 0.779728
vt 0.270932 0.825127
s 1
usemtl metalMat1
f 1788/1977/1712 1785/1978/1712 1786/1979/1712
f 1789/1980/1712 1785/1978/1712 1788/1977/1712
f 1791/1981/1712 1789/1980/1712 1790/1982/1712
f 1793/1983/1712 1791/1981/1712 1792/1984/1712
f 1796/1985/1712 1795/1986/1712 1793/1983/1712
f 1798/1987/1712 1797/1988/1712 1795/1986/1712
f 1800/1989/1712 1799/1990/1712 1797/1988/1712
f 1801/1991/1712 1799/1990/1712 1800/1989/1712
f 1803/1992/1712 1801/1991/1712 1802/1993/1712
f 1805/1994/1712 1803/1992/1712 1804/1995/1712
f 1808/1996/1712 1807/1997/1712 1805/1994/1712
f 1810/1998/1712 1809/1999/1712 1807/1997/1712
f 1811/2000/1712 1809/1999/1712 1810/1998/1712
f 1814/2001/1712 1813/2002/1712 1811/2000/1712
f 1816/2003/1712 1815/2004/1712 1813/2002/1712
f 1818/2005/1712 1817/2006/1712 1815/2004/1712
f 1819/2007/1712 1817/2006/1712 1818/2005/1712
f 1822/2008/1712 1821/2009/1712 1819/2007/1712
f 1824/2010/1712 1823/2011/1712 1821/2009/1712
f 1786/1979/1712 1823/2011/1712 1824/2010/1712
f 1788/1977/1712 1786/1979/1712 1787/2012/1712
f 1789/1980/1712 1788/1977/1712 1790/1982/1712
f 1791/1981/1712 1790/1982/1712 1792/1984/1712
f 1793/1983/1712 1792/1984/1712 1794/2013/1712
f 1796/1985/1712 1793/1983/1712 1794/2013/1712
f 1798/1987/1712 1795/1986/1712 1796/1985/1712
f 1800/1989/1712 1797/1988/1712 1798/1987/1712
f 1801/1991/1712 1800/1989/1712 1802/1993/1712
f 1803/1992/1712 1802/1993/1712 1804/1995/1712
f 1805/1994/1712 1804/1995/1712 1806/2014/1712
f 1808/1996/1712 1805/1994/1712 1806/2014/1712
f 1810/1998/1712 1807/1997/1712 1808/1996/1712
f 1811/2000/1712 1810/1998/1712 1812/2015/1712
f 1814/2001/1712 1811/2000/1712 1812/2015/1712
f 1816/2003/1712 1813/2002/1712 1814/2001/1712
f 1818/2005/1712 1815/2004/1712 1816/2003/1712
f 1819/2007/1712 1818/2005/1712 1820/2016/1712
f 1822/2008/1712 1819/2007/1712 1820/2016/1712
f 1824/2010/1712 1821/2009/1712 1822/2008/1712
f 1786/1979/1712 1824/2010/1712 1787/2012/1712
o car50
v -8.930919 1.966460 1.080467
v -8.930919 1.877403 1.117355
v -7.839818 1.877403 1.117355
v -7.839818 1.966459 1.080467
v -8.930919 1.788352 1.080467
v -7.839818 1.788351 1.080467
v -8.930919 1.751464 0.991411
v -7.839818 1.751463 0.991411
v -8.930919 1.788352 0.902359
v -7.839818 1.788351 0.902359
v -8.930919 1.877403 0.865471
v -7.839818 1.877403 0.865471
v -8.930919 1.966460 0.902359
v -7.839818 1.966459 0.902359
v -8.930919 2.003348 0.991411
v -7.839818 2.003347 0.991411
vn -0.0000 0.7071 0.7071
vn -0.0000 -0.0000 1.0000
vn -0.0000 -0.7071 0.7071
vn -0.0000 -1.0000 -0.0000
vn -0.0000 -0.7071 -0.7071
vn -0.0000 -0.0000 -1.0000
vn -0.0000 0.7071 -0.7071
vn -0.0000 1.0000 -0.0000
vt 0.769672 0.578372
vt 0.769672 0.487946
vt 0.777189 0.487946
vt 0.777189 0.578372
vt 0.784706 0.487946
vt 0.784706 0.578372
vt 0.792222 0.487946
vt 0.792222 0.578372
vt 0.799739 0.487946
vt 0.799739 0.578372
vt 0.807256 0.487946
vt 0.807256 0.578372
vt 0.814772 0.487946
vt 0.814772 0.578372
vt 0.822289 0.487946
vt 0.822289 0.578372
vt 0.829805 0.487946
vt 0.829805 0.578372
s 1
usemtl metalMat1
f 1828/2017/1713 1825/2018/1713 1826/2019/1714
f 1827/2020/1714 1826/2019/1714 1829/2021/1715
f 1830/2022/1715 1829/2021/1715 1831/2023/1716
f 1832/2024/1716 1831/2023/1716 1833/2025/1717
f 1834/2026/1717 1833/2025/1717 1835/2027/1718
f 1836/2028/1718 1835/2027/1718 1837/2029/1719
f 1838/2030/1719 1837/2029/1719 1839/2031/1720
f 1840/2032/1720 1839/2031/1720 1825/2033/1713
f 1828/2017/1713 1826/2019/1714 1827/2020/1714
f 1827/2020/1714 1829/2021/1715 1830/2022/1715
f 1830/2022/1715 1831/2023/1716 1832/2024/1716
f 1832/2024/1716 1833/2025/1717 1834/2026/1717
f 1834/2026/1717 1835/2027/1718 1836/2028/1718
f 1836/2028/1718 1837/2029/1719 1838/2030/1719
f 1838/2030/1719 1839/2031/1720 1840/2032/1720
f 1840/2032/1720 1825/2033/1713 1828/2034/1713
o car51
v 5.862598 2.876889 2.966776
v 5.808574 3.262885 2.844953
v 4.914450 3.267781 2.871089
v 4.814610 3.020805 2.975141
v 4.377254 3.306785 2.623352
v 4.224986 3.169785 2.714564
v 4.142854 3.322789 2.449936
v 4.008154 3.246629 2.538572
v 4.734446 2.561873 3.056828
v 5.911154 2.490341 2.996485
v 3.584490 2.793450 2.949196
v 3.443922 3.093626 2.629472
v 5.939158 2.227201 3.027169
v 4.734446 2.409250 3.144800
v 4.734446 2.256629 3.232773
v 5.967158 1.964061 3.057853
v 3.550662 2.574258 3.137496
v 3.516834 2.355062 3.325800
v 2.823354 2.553390 3.242272
v 2.978566 2.418214 3.325800
v 3.013974 3.014718 2.645148
v 2.668138 2.688566 3.158740
v 6.431694 2.821921 2.698893
v 6.278914 3.267169 2.666936
v 6.735834 2.323249 2.708261
v 7.011014 1.818493 2.722632
v 7.125402 1.523421 2.678524
v 6.081338 3.429893 2.575012
v 5.773114 3.429893 2.764988
v 4.969242 3.429893 2.749068
v 4.507734 3.429893 2.522128
v 4.313978 3.429893 2.325632
v 7.837174 1.527885 2.380845
v 7.948954 1.017429 2.370773
v 7.322214 2.204441 2.503325
v 6.757078 2.768093 2.482593
v 6.614902 3.260369 2.485080
v 6.300494 3.429893 2.439933
v 3.988130 3.341461 2.188584
v 4.157266 3.429893 2.133416
v 3.789642 3.255042 2.239572
v 3.443922 3.027422 2.608220
v 3.852034 3.079661 2.518616
v 3.633526 3.088070 2.264112
v 3.279878 3.057270 2.256348
v 3.233790 3.016210 2.623792
v 3.228862 3.049826 2.258192
v 3.279878 3.107846 2.256348
v 3.009766 3.014718 2.245468
v 3.258698 3.119002 1.733676
v 3.019818 3.023094 1.731276
v 3.662970 3.242558 1.711028
v 3.870082 3.364069 1.686416
v 4.036858 3.429893 1.634484
vn 0.2508 0.1836 0.9505
vn 0.1632 0.4049 0.8997
vn -0.1603 0.5373 0.8280
vn -0.0360 0.3291 0.9436
vn -0.3049 0.7334 0.6076
vn -0.1694 0.6872 0.7064
vn -0.3077 0.8598 0.4076
vn 0.0246 0.3745 0.9269
vn 0.0210 0.6899 0.7236
vn -0.3419 0.8476 0.4058
vn 0.2580 0.2157 0.9418
vn 0.0462 0.5024 0.8634
vn 0.1426 0.5143 0.8456
vn 0.0447 0.6499 0.7587
vn 0.0929 0.6624 0.7433
vn 0.0856 0.6190 0.7807
vn 0.0741 0.6063 0.7918
vn -0.3050 0.9449 -0.1191
vn 0.0053 0.9326 0.3610
vn 0.1706 0.1463 0.9744
vn 0.4854 0.1995 0.8512
vn 0.4161 0.5092 0.7534
vn 0.3624 0.2889 0.8861
vn 0.3781 0.1063 0.9196
vn 0.2501 0.1146 0.9614
vn 0.3392 -0.0157 0.9406
vn 0.3189 0.7001 0.6389
vn -0.1291 0.6141 0.7786
vn -0.3095 0.7637 0.5665
vn -0.3345 0.8765 0.3463
vn 0.4004 0.0833 0.9126
vn 0.3985 0.2160 0.8914
vn 0.5215 0.3436 0.7810
vn 0.4790 0.3633 0.7991
vn 0.3345 0.7504 0.5701
vn -0.3965 0.8921 0.2167
vn -0.3601 0.9105 0.2031
vn -0.1482 0.8260 -0.5438
vn -0.5298 0.8058 -0.2647
vn -0.2118 0.7035 0.6784
vn -0.0919 0.8299 -0.5502
vn -0.0523 0.6309 0.7741
vn -0.4385 0.8259 0.3545
vn -0.2111 0.7179 0.6633
vn -0.2405 0.9666 0.0888
vn -0.0921 0.7078 0.7003
vn -0.3159 0.9486 0.0176
vn -0.3582 0.9320 0.0554
vn -0.4161 0.9050 0.0885
vn -0.3408 0.9397 0.0287
vn 0.1051 0.7108 0.6955
vn 0.1946 0.3023 0.9331
vn 0.3670 0.0724 0.9274
vn -0.3843 0.9230 -0.0183
vt 0.367829 0.710656
vt 0.372426 0.694442
vt 0.411687 0.706015
vt 0.416342 0.715877
vt 0.436732 0.682534
vt 0.443831 0.691180
vt 0.447660 0.666098
vt 0.420079 0.723620
vt 0.473692 0.713418
vt 0.453940 0.674499
vt 0.362874 0.735825
vt 0.420079 0.731958
vt 0.420079 0.740296
vt 0.475269 0.731266
vt 0.476847 0.749113
vt 0.509178 0.741196
vt 0.501941 0.749113
vt 0.480246 0.683114
vt 0.500291 0.684600
vt 0.365219 0.723337
vt 0.349020 0.693428
vt 0.360073 0.677834
vt 0.339493 0.705190
vt 0.320966 0.712729
vt 0.360876 0.746928
vt 0.312086 0.715719
vt 0.364460 0.662333
vt 0.409132 0.694450
vt 0.430649 0.672940
vt 0.439682 0.654316
vt 0.286733 0.669445
vt 0.310838 0.672327
vt 0.331423 0.672026
vt 0.346931 0.657381
vt 0.357582 0.645937
vt 0.446988 0.636097
vt 0.454874 0.641326
vt 0.480246 0.681100
vt 0.461219 0.672607
vt 0.471406 0.648485
vt 0.490043 0.682576
vt 0.487894 0.647749
vt 0.464128 0.646159
vt 0.500487 0.646718
vt 0.490272 0.647924
vt 0.488881 0.598210
vt 0.470033 0.596063
vt 0.460378 0.593730
vt 0.452602 0.588808
vt 0.516414 0.733279
vt 0.381698 0.680714
vt 0.261043 0.672617
vt 0.500018 0.597982
s 1
usemtl bodyMat
f 1841/2035/1721 1842/2036/1722 1843/2037/1723
f 1844/2038/1724 1843/2037/1723 1845/2039/1725
f 1846/2040/1726 1845/2039/1725 1847/2041/1727
f 1841/2035/1721 1844/2038/1724 1849/2042/1728
f 1849/2042/1728 1844/2038/1724 1846/2040/1726
f 1851/2043/1729 1846/2040/1726 1848/2044/1730
f 1853/2045/1731 1854/2046/1732 1855/2047/1733
f 1854/2046/1732 1857/2048/1734 1858/2049/1735
f 1857/2048/1734 1859/2050/1736 1860/2051/1737
f 1851/2043/1729 1852/2052/1738 1861/2053/1739
f 1854/2046/1732 1853/2045/1731 1850/2054/1740
f 1857/2048/1734 1854/2046/1732 1849/2042/1728
f 1859/2050/1736 1857/2048/1734 1851/2043/1729
f 1841/2035/1721 1863/2055/1741 1864/2056/1742
f 1850/2054/1740 1865/2057/1743 1863/2055/1741
f 1853/2045/1731 1866/2058/1744 1865/2057/1743
f 1856/2059/1745 1867/2060/1746 1866/2058/1744
f 1842/2036/1722 1864/2056/1742 1868/2061/1747
f 1870/2062/1748 1843/2037/1723 1842/2036/1722
f 1871/2063/1749 1845/2039/1725 1843/2037/1723
f 1872/2064/1750 1847/2041/1727 1845/2039/1725
f 1873/2065/1751 1866/2058/1744 1867/2060/1746
f 1866/2058/1744 1873/2065/1751 1875/2066/1752
f 1876/2067/1753 1863/2055/1741 1865/2057/1743
f 1864/2056/1742 1877/2068/1754 1878/2069/1755
f 1863/2055/1741 1876/2067/1753 1877/2068/1754
f 1880/2070/1756 1879/2071/1757 1847/2041/1727
f 1848/2044/1730 1847/2041/1727 1879/2071/1757
f 1882/2072/1758 1883/2073/1759 1884/2074/1760
f 1886/2075/1761 1882/2072/1758 1885/2076/1762
f 1852/2052/1738 1848/2044/1730 1883/2073/1759
f 1883/2073/1759 1848/2044/1730 1881/2077/1763
f 1884/2074/1760 1881/2077/1763 1888/2076/1764
f 1886/2075/1761 1861/2053/1739 1852/2052/1738
f 1888/2076/1764 1889/2078/1765 1887/2079/1766
f 1889/2078/1765 1861/2053/1739 1886/2075/1761
f 1889/2078/1765 1888/2076/1764 1890/2080/1767
f 1888/2076/1764 1881/2077/1763 1892/2081/1768
f 1881/2077/1763 1879/2071/1757 1893/2082/1769
f 1880/2070/1756 1894/2083/1770 1893/2082/1769
f 1841/2035/1721 1843/2037/1723 1844/2038/1724
f 1844/2038/1724 1845/2039/1725 1846/2040/1726
f 1846/2040/1726 1847/2041/1727 1848/2044/1730
f 1841/2035/1721 1849/2042/1728 1850/2054/1740
f 1849/2042/1728 1846/2040/1726 1851/2043/1729
f 1851/2043/1729 1848/2044/1730 1852/2052/1738
f 1853/2045/1731 1855/2047/1733 1856/2059/1745
f 1854/2046/1732 1858/2049/1735 1855/2047/1733
f 1857/2048/1734 1860/2051/1737 1858/2049/1735
f 1851/2043/1729 1861/2053/1739 1862/2084/1771
f 1854/2046/1732 1850/2054/1740 1849/2042/1728
f 1857/2048/1734 1849/2042/1728 1851/2043/1729
f 1859/2050/1736 1851/2043/1729 1862/2084/1771
f 1841/2035/1721 1864/2056/1742 1842/2036/1722
f 1850/2054/1740 1863/2055/1741 1841/2035/1721
f 1853/2045/1731 1865/2057/1743 1850/2054/1740
f 1856/2059/1745 1866/2058/1744 1853/2045/1731
f 1842/2036/1722 1868/2061/1747 1869/2085/1772
f 1870/2062/1748 1842/2036/1722 1869/2085/1772
f 1871/2063/1749 1843/2037/1723 1870/2062/1748
f 1872/2064/1750 1845/2039/1725 1871/2063/1749
f 1873/2065/1751 1867/2060/1746 1874/2086/1773
f 1866/2058/1744 1875/2066/1752 1865/2057/1743
f 1876/2067/1753 1865/2057/1743 1875/2066/1752
f 1864/2056/1742 1878/2069/1755 1868/2061/1747
f 1863/2055/1741 1877/2068/1754 1864/2056/1742
f 1880/2070/1756 1847/2041/1727 1872/2064/1750
f 1848/2044/1730 1879/2071/1757 1881/2077/1763
f 1882/2072/1758 1884/2074/1760 1885/2076/1762
f 1886/2075/1761 1885/2076/1762 1887/2079/1766
f 1852/2052/1738 1883/2073/1759 1882/2072/1758
f 1883/2073/1759 1881/2077/1763 1884/2074/1760
f 1884/2074/1760 1888/2076/1764 1885/2076/1762
f 1886/2075/1761 1852/2052/1738 1882/2072/1758
f 1888/2076/1764 1887/2079/1766 1885/2076/1762
f 1889/2078/1765 1886/2075/1761 1887/2079/1766
f 1889/2078/1765 1890/2080/1767 1891/2087/1774
f 1888/2076/1764 1892/2081/1768 1890/2080/1767
f 1881/2077/1763 1893/2082/1769 1892/2081/1768
f 1880/2070/1756 1893/2082/1769 1879/2071/1757
o car52
v 5.862597 -3.429811 2.966776
v 4.814609 -3.573727 2.975141
v 4.914449 -3.820703 2.871089
v 5.808573 -3.815807 2.844953
v 4.224985 -3.722707 2.714564
v 4.377253 -3.859710 2.623352
v 4.008153 -3.799555 2.538572
v 4.142853 -3.875710 2.449936
v 5.911153 -3.043263 2.996485
v 4.734445 -3.114794 3.056828
v 3.584489 -3.346374 2.949196
v 3.443921 -3.646550 2.629472
v 5.939157 -2.780123 3.027169
v 5.967157 -2.516983 3.057853
v 4.734445 -2.809551 3.232773
v 4.734445 -2.962175 3.144800
v 3.516833 -2.907982 3.325800
v 3.550661 -3.127178 3.137496
v 2.978565 -2.971138 3.325800
v 2.823353 -3.106314 3.242272
v 2.668137 -3.241490 3.158740
v 3.013973 -3.567638 2.645148
v 6.431693 -3.374843 2.698893
v 6.278913 -3.820095 2.666936
v 6.735833 -2.876171 2.708261
v 7.011014 -2.371415 2.722632
v 7.125401 -2.076343 2.678524
v 5.773113 -3.982819 2.764988
v 6.081337 -3.982819 2.575012
v 4.969241 -3.982819 2.749068
v 4.507733 -3.982819 2.522128
v 4.313977 -3.982819 2.325632
v 7.837173 -2.080807 2.380845
v 7.948954 -1.570355 2.370773
v 7.322213 -2.757367 2.503325
v 6.757077 -3.321015 2.482593
v 6.300493 -3.982819 2.439933
v 6.614901 -3.813291 2.485080
v 3.988129 -3.894382 2.188584
v 4.157265 -3.982819 2.133416
v 3.789641 -3.807962 2.239572
v 3.443921 -3.580342 2.608220
v 3.279877 -3.610190 2.256348
v 3.633525 -3.640994 2.264112
v 3.852033 -3.632583 2.518616
v 3.233789 -3.569134 2.623792
v 3.228861 -3.602750 2.258192
v 3.279877 -3.660766 2.256348
v 3.009765 -3.567638 2.245468
v 3.019817 -3.576018 1.731276
v 3.258697 -3.671926 1.733676
v 3.662969 -3.795478 1.711028
v 3.870081 -3.916991 1.686416
v 4.036857 -3.982815 1.634484
vn 0.2497 -0.2214 0.9427
vn -0.2520 -0.2570 0.9330
vn -0.1164 -0.5383 0.8347
vn -0.1602 -0.6342 0.7564
vn -0.2876 -0.7622 0.5799
vn -0.3189 -0.8377 0.4434
vn -0.3106 -0.8794 0.3607
vn 0.3079 -0.1334 0.9420
vn -0.0216 -0.3718 0.9281
vn 0.0220 -0.6714 0.7407
vn 0.1784 -0.1521 0.9721
vn 0.2501 -0.1146 0.9614
vn 0.1426 -0.5143 0.8456
vn 0.1573 -0.4874 0.8589
vn 0.0929 -0.6624 0.7433
vn 0.1164 -0.6386 0.7607
vn 0.0741 -0.6063 0.7918
vn 0.1051 -0.7108 0.6955
vn 0.0053 -0.9326 0.3610
vn 0.0856 -0.6190 0.7807
vn 0.4161 -0.5092 0.7534
vn 0.4854 -0.1995 0.8512
vn 0.3625 -0.2889 0.8861
vn 0.3339 -0.0828 0.9390
vn 0.3392 0.0157 0.9406
vn 0.1815 -0.3878 0.9037
vn 0.1946 -0.3023 0.9331
vn 0.3189 -0.7001 0.6389
vn -0.1291 -0.6141 0.7786
vn -0.3095 -0.7637 0.5665
vn -0.3345 -0.8765 0.3463
vn 0.4004 -0.0833 0.9126
vn 0.3670 -0.0724 0.9274
vn 0.3985 -0.2160 0.8914
vn 0.5215 -0.3436 0.7810
vn 0.3346 -0.7504 0.5701
vn 0.4790 -0.3633 0.7991
vn -0.3601 -0.9105 0.2031
vn -0.3966 -0.8921 0.2167
vn -0.4074 -0.8411 0.3557
vn -0.1544 -0.8216 -0.5487
vn -0.0367 -0.6637 0.7471
vn -0.1881 -0.7073 0.6814
vn -0.0995 -0.8320 -0.5458
vn -0.1206 -0.7274 0.6755
vn -0.2652 -0.9590 -0.1004
vn -0.5298 -0.8072 -0.2603
vn -0.2111 -0.7179 0.6633
vn -0.2405 -0.9666 0.0888
vn -0.3159 -0.9486 0.0176
vn -0.3582 -0.9320 0.0554
vn -0.4161 -0.9050 0.0885
vn -0.3408 -0.9397 0.0286
vn -0.3843 -0.9230 -0.0183
vt 0.156607 0.712967
vt 0.108690 0.715877
vt 0.113345 0.706015
vt 0.081201 0.691180
vt 0.088300 0.682534
vt 0.071092 0.674499
vt 0.077372 0.666098
vt 0.160756 0.727577
vt 0.104953 0.723620
vt 0.051340 0.713418
vt 0.162362 0.738149
vt 0.165081 0.751500
vt 0.104953 0.740296
vt 0.104953 0.731958
vt 0.048185 0.749113
vt 0.049763 0.731266
vt 0.023091 0.749113
vt 0.008618 0.733279
vt 0.024741 0.684600
vt 0.015854 0.741196
vt 0.170833 0.680068
vt 0.184082 0.686396
vt 0.195434 0.695294
vt 0.210148 0.702311
vt 0.226030 0.713818
vt 0.152675 0.696463
vt 0.147723 0.679062
vt 0.156438 0.668057
vt 0.115900 0.694450
vt 0.094383 0.672940
vt 0.085350 0.654316
vt 0.239158 0.671716
vt 0.253935 0.672049
vt 0.219173 0.665647
vt 0.201567 0.661435
vt 0.164914 0.644020
vt 0.188273 0.653271
vt 0.070158 0.641326
vt 0.078043 0.636097
vt 0.060905 0.646159
vt 0.044786 0.681100
vt 0.037138 0.647749
vt 0.053626 0.648485
vt 0.034989 0.682576
vt 0.034760 0.647924
vt 0.044786 0.683114
vt 0.063813 0.672607
vt 0.024545 0.646718
vt 0.036151 0.598210
vt 0.054999 0.596063
vt 0.064654 0.593730
vt 0.072430 0.588808
vt 0.025014 0.597982
s 1
usemtl bodyMat
f 1895/2088/1775 1896/2089/1776 1897/2090/1777
f 1896/2089/1776 1899/2091/1778 1900/2092/1779
f 1899/2091/1778 1901/2093/1780 1902/2094/1781
f 1895/2088/1775 1903/2095/1782 1904/2096/1783
f 1904/2096/1783 1905/2097/1784 1899/2091/1778
f 1901/2093/1780 1899/2091/1778 1905/2097/1784
f 1907/2098/1785 1908/2099/1786 1909/2100/1787
f 1910/2101/1788 1909/2100/1787 1911/2102/1789
f 1912/2103/1790 1911/2102/1789 1913/2104/1791
f 1905/2097/1784 1915/2105/1792 1916/2106/1793
f 1910/2101/1788 1904/2096/1783 1903/2095/1782
f 1912/2103/1790 1905/2097/1784 1904/2096/1783
f 1914/2107/1794 1915/2105/1792 1905/2097/1784
f 1918/2108/1795 1917/2109/1796 1895/2088/1775
f 1917/2109/1796 1919/2110/1797 1903/2095/1782
f 1907/2098/1785 1903/2095/1782 1919/2110/1797
f 1920/2111/1798 1921/2112/1799 1908/2099/1786
f 1898/2113/1800 1922/2114/1801 1923/2115/1802
f 1898/2113/1800 1897/2090/1777 1924/2116/1803
f 1897/2090/1777 1900/2092/1779 1925/2117/1804
f 1900/2092/1779 1902/2094/1781 1926/2118/1805
f 1927/2119/1806 1928/2120/1807 1921/2112/1799
f 1920/2111/1798 1919/2110/1797 1929/2121/1808
f 1930/2122/1809 1929/2121/1808 1919/2110/1797
f 1918/2108/1795 1923/2115/1802 1931/2123/1810
f 1917/2109/1796 1918/2108/1795 1932/2124/1811
f 1902/2094/1781 1933/2125/1812 1934/2126/1813
f 1901/2093/1780 1935/2127/1814 1933/2125/1812
f 1936/2128/1815 1937/2129/1816 1938/2130/1817
f 1940/2131/1818 1941/2132/1819 1937/2129/1816
f 1906/2133/1820 1936/2128/1815 1939/2134/1821
f 1935/2127/1814 1901/2093/1780 1939/2134/1821
f 1942/2129/1822 1935/2127/1814 1938/2130/1817
f 1906/2133/1820 1916/2106/1793 1940/2131/1818
f 1942/2129/1822 1937/2129/1816 1941/2132/1819
f 1943/2135/1823 1941/2132/1819 1940/2131/1818
f 1945/2136/1824 1942/2129/1822 1943/2135/1823
f 1946/2137/1825 1935/2127/1814 1942/2129/1822
f 1935/2127/1814 1946/2137/1825 1947/2138/1826
f 1947/2138/1826 1948/2139/1827 1934/2126/1813
f 1895/2088/1775 1897/2090/1777 1898/2113/1800
f 1896/2089/1776 1900/2092/1779 1897/2090/1777
f 1899/2091/1778 1902/2094/1781 1900/2092/1779
f 1895/2088/1775 1904/2096/1783 1896/2089/1776
f 1904/2096/1783 1899/2091/1778 1896/2089/1776
f 1901/2093/1780 1905/2097/1784 1906/2133/1820
f 1907/2098/1785 1909/2100/1787 1910/2101/1788
f 1910/2101/1788 1911/2102/1789 1912/2103/1790
f 1912/2103/1790 1913/2104/1791 1914/2107/1794
f 1905/2097/1784 1916/2106/1793 1906/2133/1820
f 1910/2101/1788 1903/2095/1782 1907/2098/1785
f 1912/2103/1790 1904/2096/1783 1910/2101/1788
f 1914/2107/1794 1905/2097/1784 1912/2103/1790
f 1918/2108/1795 1895/2088/1775 1898/2113/1800
f 1917/2109/1796 1903/2095/1782 1895/2088/1775
f 1907/2098/1785 1919/2110/1797 1920/2111/1798
f 1920/2111/1798 1908/2099/1786 1907/2098/1785
f 1898/2113/1800 1923/2115/1802 1918/2108/1795
f 1898/2113/1800 1924/2116/1803 1922/2114/1801
f 1897/2090/1777 1925/2117/1804 1924/2116/1803
f 1900/2092/1779 1926/2118/1805 1925/2117/1804
f 1927/2119/1806 1921/2112/1799 1920/2111/1798
f 1920/2111/1798 1929/2121/1808 1927/2119/1806
f 1930/2122/1809 1919/2110/1797 1917/2109/1796
f 1918/2108/1795 1931/2123/1810 1932/2124/1811
f 1917/2109/1796 1932/2124/1811 1930/2122/1809
f 1902/2094/1781 1934/2126/1813 1926/2118/1805
f 1901/2093/1780 1933/2125/1812 1902/2094/1781
f 1936/2128/1815 1938/2130/1817 1939/2134/1821
f 1940/2131/1818 1937/2129/1816 1936/2128/1815
f 1906/2133/1820 1939/2134/1821 1901/2093/1780
f 1935/2127/1814 1939/2134/1821 1938/2130/1817
f 1942/2129/1822 1938/2130/1817 1937/2129/1816
f 1906/2133/1820 1940/2131/1818 1936/2128/1815
f 1942/2129/1822 1941/2132/1819 1943/2135/1823
f 1943/2135/1823 1940/2131/1818 1916/2106/1793
f 1945/2136/1824 1943/2135/1823 1944/2140/1828
f 1946/2137/1825 1942/2129/1822 1945/2136/1824
f 1935/2127/1814 1947/2138/1826 1933/2125/1812
f 1947/2138/1826 1934/2126/1813 1933/2125/1812
o car53
v 3.689726 3.379570 0.752968
v 3.169166 3.064470 0.777968
v 3.088162 2.912774 0.777968
v 3.689726 2.912774 0.752968
vn 0.0447 -0.0046 0.9990
vn 0.0522 0.0047 0.9986
vn 0.0526 -0.0120 0.9985
vn 0.0251 -0.0187 0.9995
vt 0.914742 0.987262
vt 0.922874 0.987262
vt 0.917385 0.990583
vt 0.914742 0.991099
s 1
usemtl bodyMat
f 1952/2141/1829 1949/2142/1830 1950/2143/1831
f 1952/2141/1829 1950/2143/1831 1951/2144/1832
o car54
v 3.689726 3.379570 1.020292
v 3.169166 3.060022 1.045292
v 3.098358 2.912774 1.045292
v 3.689726 2.912774 1.020292
vn 0.0452 -0.0041 0.9990
vn 0.0517 0.0041 0.9987
vn 0.0523 -0.0105 0.9986
vn 0.0269 -0.0176 0.9995
vt 0.914742 0.987262
vt 0.922874 0.987262
vt 0.917307 0.990583
vt 0.914742 0.991034
s 1
usemtl bodyMat
f 1956/2145/1833 1953/2146/1834 1954/2147/1835
f 1956/2145/1833 1954/2147/1835 1955/2148/1836
o car55
v 3.689726 3.379570 1.262756
v 3.169166 3.059990 1.287756
v 3.093426 2.912774 1.287756
v 3.689726 2.912774 1.262756
vn 0.0450 -0.0043 0.9990
vn 0.0520 0.0044 0.9986
vn 0.0526 -0.0115 0.9985
vn 0.0258 -0.0183 0.9995
vt 0.914742 0.987262
vt 0.922874 0.987262
vt 0.917307 0.990583
vt 0.914742 0.991066
s 1
usemtl bodyMat
f 1960/2149/1837 1957/2150/1838 1958/2151/1839
f 1960/2149/1837 1958/2151/1839 1959/2152/1840
o car56
v 3.689725 -3.886346 0.752968
v 3.689725 -3.419550 0.752968
v 3.088161 -3.419550 0.777968
v 3.169165 -3.571246 0.777968
vn 0.0526 0.0120 0.9985
vn 0.0522 -0.0046 0.9986
vn 0.0448 0.0046 0.9990
vn 0.0251 0.0187 0.9995
vt 0.881423 0.990583
vt 0.875934 0.987262
vt 0.884066 0.987262
vt 0.884066 0.991099
s 1
usemtl bodyMat
f 1964/2153/1841 1961/2154/1842 1962/2155/1843
f 1964/2153/1841 1962/2155/1843 1963/2156/1844
o car57
v 3.689725 -3.886346 1.020292
v 3.689725 -3.419550 1.020292
v 3.098357 -3.419550 1.045292
v 3.169165 -3.566798 1.045292
vn 0.0523 0.0105 0.9986
vn 0.0517 -0.0041 0.9987
vn 0.0452 0.0041 0.9990
vn 0.0269 0.0176 0.9995
vt 0.881501 0.990583
vt 0.875934 0.987262
vt 0.884066 0.987262
vt 0.884066 0.991034
s 1
usemtl bodyMat
f 1968/2157/1845 1965/2158/1846 1966/2159/1847
f 1968/2157/1845 1966/2159/1847 1967/2160/1848
o car58
v 3.689725 -3.886346 1.262756
v 3.689725 -3.419550 1.262756
v 3.093425 -3.419550 1.287756
v 3.169165 -3.566766 1.287756
vn 0.0526 0.0115 0.9985
vn 0.0520 -0.0044 0.9986
vn 0.0450 0.0043 0.9990
vn 0.0258 0.0183 0.9995
vt 0.881501 0.990583
vt 0.875934 0.987262
vt 0.884066 0.987262
vt 0.884066 0.991066
s 1
usemtl bodyMat
f 1972/2161/1849 1969/2162/1850 1970/2163/1851
f 1972/2161/1849 1970/2163/1851 1971/2164/1852
o car59
v 7.381078 2.639889 0.673957
v 7.520978 2.718369 0.673957
v 7.662298 2.951753 0.668329
v 7.284958 2.800357 0.680873
v 7.505694 3.171221 0.672705
v 7.173382 2.879161 0.715025
v 6.993490 3.263849 0.799433
v 7.036814 2.935865 0.765121
v 6.877390 3.280617 0.918633
v 6.973382 3.022081 0.827177
vn 0.0877 -0.0150 0.9960
vn 0.0130 -0.0591 0.9982
vn 0.0272 -0.0067 0.9996
vn -0.0107 -0.0309 0.9995
vn 0.1440 -0.0736 0.9868
vn 0.1945 -0.0635 0.9788
vn 0.5456 -0.0261 0.8377
vn 0.7143 0.0185 0.6996
vn 0.4277 0.0260 0.9035
vn 0.7184 0.0183 0.6954
vt 0.912784 0.973883
vt 0.909988 0.973270
vt 0.911355 0.972378
vt 0.915421 0.971477
vt 0.919245 0.972475
vt 0.914156 0.974595
vt 0.920858 0.975742
vt 0.916646 0.975871
vt 0.915144 0.975466
vt 0.921150 0.976483
s 1
usemtl bodyMat
f 1976/2165/1853 1973/2166/1854 1974/2167/1855
f 1976/2165/1853 1975/2168/1856 1977/2169/1857
f 1978/2170/1858 1977/2169/1857 1979/2171/1859
f 1982/2172/1860 1980/2173/1861 1979/2171/1859
f 1976/2165/1853 1974/2167/1855 1975/2168/1856
f 1976/2165/1853 1977/2169/1857 1978/2170/1858
f 1978/2170/1858 1979/2171/1859 1980/2173/1861
f 1982/2172/1860 1979/2171/1859 1981/2174/1862
o car6
v -4.840239 -3.736193 1.730608
v -4.808231 -3.736193 1.685816
v -4.808231 -3.650429 1.685816
v -4.840239 -3.650429 1.730608
v -4.758459 -3.736193 1.471076
v -4.767498 -3.736193 1.416772
v -4.767498 -3.650429 1.416772
v -4.758459 -3.650429 1.471076
v -4.884151 -3.736193 1.229736
v -4.928943 -3.736193 1.197728
v -4.928943 -3.650429 1.197728
v -4.884151 -3.650429 1.229736
v -5.143682 -3.736193 1.147960
v -5.197987 -3.736193 1.157000
v -5.197987 -3.650429 1.157000
v -5.143682 -3.650429 1.147960
v -5.385023 -3.736193 1.273652
v -5.417031 -3.736193 1.318440
v -5.417031 -3.650429 1.318440
v -5.385023 -3.650429 1.273652
v -5.466799 -3.736193 1.533180
v -5.457759 -3.736193 1.587484
v -5.457759 -3.650429 1.587484
v -5.466799 -3.650429 1.533180
v -5.341107 -3.736193 1.774520
v -5.296319 -3.736193 1.806528
v -5.296319 -3.650429 1.806528
v -5.341107 -3.650429 1.774520
v -5.081579 -3.736193 1.856296
v -5.027275 -3.736193 1.847260
v -5.027275 -3.650429 1.847260
v -5.081579 -3.650429 1.856296
v -4.931587 -3.736193 1.803632
v -5.112631 -3.736193 1.502128
v -4.771283 -3.736193 1.586756
v -4.810983 -3.736193 1.321332
v -5.023651 -3.736193 1.161868
v -5.289111 -3.736193 1.197892
v -5.453183 -3.736193 1.414320
v -5.413407 -3.736193 1.684384
v -5.199355 -3.736193 1.842952
v -4.851027 -3.814449 1.937820
v -4.913767 -3.814449 1.975420
v -4.789007 -3.728681 1.900652
v -4.789007 -3.814449 1.900652
v -4.913767 -3.728681 1.975420
v -4.619379 -3.814449 1.624460
v -4.637347 -3.814449 1.696180
v -4.601999 -3.728681 1.555092
v -4.601999 -3.814449 1.555092
v -4.637347 -3.728681 1.696180
v -4.676735 -3.814449 1.240868
v -4.639338 -3.814449 1.303264
v -4.714107 -3.728681 1.178508
v -4.714107 -3.814449 1.178508
v -4.639338 -3.728681 1.303264
v -4.984231 -3.814449 1.010396
v -4.918579 -3.814449 1.026844
v -5.059667 -3.728681 0.991496
v -5.059667 -3.814449 0.991496
v -4.918579 -3.728681 1.026844
v -5.367867 -3.814449 1.062624
v -5.311495 -3.814449 1.028836
v -5.436255 -3.728681 1.103608
v -5.436255 -3.814449 1.103608
v -5.311495 -3.728681 1.028836
v -5.604771 -3.814449 1.375360
v -5.587915 -3.814449 1.308076
v -5.623263 -3.728681 1.449164
v -5.623263 -3.814449 1.449164
v -5.587915 -3.728681 1.308076
v -5.547307 -3.814449 1.765424
v -5.585923 -3.814449 1.700992
v -5.511155 -3.728681 1.825752
v -5.511155 -3.814449 1.825752
v -5.585923 -3.728681 1.700992
v -5.237883 -3.814449 1.994652
v -5.306679 -3.814449 1.977416
v -5.165591 -3.728681 2.012764
v -5.165591 -3.814449 2.012764
v -5.306679 -3.728681 1.977416
v -4.733971 -3.918505 2.400340
v -4.748967 -3.918505 2.409440
v -4.851027 -3.728681 1.937820
v -4.733971 -3.832737 2.400340
v -4.748967 -3.832737 2.409440
v -4.209383 -3.918505 1.868796
v -4.213863 -3.918505 1.886560
v -4.619379 -3.728681 1.624460
v -4.209383 -3.832737 1.868796
v -4.213863 -3.832737 1.886560
v -4.214139 -3.918505 1.123824
v -4.205219 -3.918505 1.138448
v -4.676735 -3.728681 1.240868
v -4.214139 -3.832737 1.123824
v -4.205219 -3.832737 1.138448
v -4.740051 -3.918505 0.601228
v -4.728103 -3.918505 0.603344
v -4.984231 -3.728681 1.010396
v -4.740051 -3.832737 0.601228
v -4.728103 -3.832737 0.603344
v -5.484343 -3.918505 0.600904
v -5.476211 -3.918505 0.594704
v -5.367867 -3.728681 1.062624
v -5.484343 -3.832737 0.600904
v -5.476211 -3.832737 0.594704
v -6.014043 -3.918505 1.131091
v -6.011311 -3.918505 1.117584
v -5.604771 -3.728681 1.375360
v -6.014043 -3.832737 1.131091
v -6.011311 -3.832737 1.117584
v -6.010091 -3.918505 1.882483
v -6.019955 -3.918505 1.865692
v -5.547307 -3.728681 1.765424
v -6.010091 -3.832737 1.882483
v -6.019955 -3.832737 1.865692
v -5.482095 -3.918505 2.404119
v -5.497075 -3.918505 2.400795
v -5.237883 -3.728681 1.994652
v -5.482095 -3.832737 2.404119
v -5.497075 -3.832737 2.400795
v -4.140687 -3.918505 1.576712
v -4.140687 -3.832737 1.576712
v -4.136903 -3.918505 1.561240
v -4.136903 -3.832737 1.561240
v -4.478695 -3.918505 2.242656
v -4.478695 -3.832737 2.242656
v -4.464483 -3.918505 2.233868
v -4.464483 -3.832737 2.233868
v -5.190207 -3.918505 2.473860
v -5.190207 -3.832737 2.473860
v -5.171735 -3.918505 2.477855
v -5.171735 -3.832737 2.477855
v -5.851871 -3.918505 2.137583
v -5.851871 -3.832737 2.137583
v -5.844371 -3.918505 2.150275
v -5.844371 -3.832737 2.150275
v -6.084235 -3.918505 1.423007
v -6.084235 -3.832737 1.423007
v -6.088359 -3.918505 1.443016
v -6.088359 -3.832737 1.443016
v -5.740947 -3.918505 0.756804
v -5.740947 -3.832737 0.756804
v -5.760779 -3.918505 0.770392
v -5.760779 -3.832737 0.770392
v -5.031835 -3.918505 0.530676
v -5.031835 -3.832737 0.530676
v -5.053519 -3.918505 0.526400
v -5.053519 -3.832737 0.526400
v -4.371867 -3.918505 0.868500
v -4.371867 -3.832737 0.868500
v -4.380891 -3.918505 0.853980
v -4.380891 -3.832737 0.853980
vn 0.9717 -0.0000 0.2363
vn 0.5779 -0.8160 -0.0134
vn 0.1307 -0.8274 0.5461
vn 0.8542 -0.0000 -0.5200
vn 0.3992 -0.8160 -0.4180
vn 0.4786 -0.8274 0.2937
vn 0.2363 -0.0000 -0.9717
vn -0.0134 -0.8160 -0.5779
vn 0.5458 -0.8276 -0.1312
vn -0.5200 -0.0000 -0.8542
vn -0.4185 -0.8159 -0.3989
vn 0.2929 -0.8276 -0.4787
vn -0.9717 -0.0000 -0.2363
vn -0.5781 -0.8159 0.0141
vn -0.1311 -0.8276 -0.5459
vn -0.8542 -0.0000 0.5200
vn -0.3990 -0.8159 0.4184
vn -0.4786 -0.8274 -0.2939
vn -0.2363 -0.0000 0.9717
vn 0.0132 -0.8161 0.5778
vn -0.5460 -0.8275 0.1309
vn 0.5200 -0.0000 0.8542
vn 0.4183 -0.8160 0.3990
vn -0.2937 -0.8274 0.4786
vn -0.0000 -1.0000 -0.0000
vn -0.1253 -0.9713 -0.2021
vn -0.2315 -0.9713 -0.0541
vn -0.2021 -0.9713 0.1252
vn -0.0554 -0.9713 0.2315
vn 0.1241 -0.9712 0.2032
vn 0.2314 -0.9713 0.0552
vn 0.2018 -0.9713 -0.1255
vn 0.0548 -0.9713 -0.2314
vn -0.6845 -0.7245 0.0806
vn 0.8843 -0.0000 -0.4670
vn -0.8368 -0.0000 0.5474
vn -0.2506 -0.0000 0.9681
vn -0.4269 -0.7246 0.5411
vn 0.2951 -0.0000 -0.9555
vn -0.2046 -0.0000 0.9788
vn 0.5074 -0.0000 0.8617
vn 0.0806 -0.7245 0.6845
vn -0.4670 -0.0000 -0.8843
vn 0.5474 -0.0000 0.8368
vn 0.9681 -0.0000 0.2506
vn 0.5411 -0.7243 0.4274
vn -0.9555 -0.0000 -0.2950
vn 0.9788 -0.0000 0.2047
vn 0.8617 -0.0000 -0.5074
vn 0.6850 -0.7241 -0.0804
vn -0.8843 -0.0000 0.4670
vn 0.8369 -0.0000 -0.5474
vn 0.2506 -0.0000 -0.9681
vn 0.4273 -0.7243 -0.5411
vn -0.2950 -0.0000 0.9555
vn 0.2047 -0.0000 -0.9788
vn -0.5073 -0.0000 -0.8617
vn -0.0806 -0.7246 -0.6844
vn 0.4670 -0.0000 0.8843
vn -0.5474 -0.0000 -0.8369
vn -0.9681 -0.0000 -0.2506
vn -0.5411 -0.7244 -0.4272
vn 0.9555 -0.0000 0.2950
vn -0.9788 -0.0000 -0.2047
vn -0.8617 -0.0000 0.5074
vn -0.1357 -0.7361 -0.6631
vn 0.3729 -0.7361 -0.5648
vn 0.6630 -0.7363 -0.1356
vn 0.5650 -0.7360 0.3729
vn 0.1354 -0.7363 0.6629
vn -0.3731 -0.7365 0.5643
vn -0.6629 -0.7364 0.1353
vn -0.5648 -0.7362 -0.3729
vn -0.0676 -0.9871 -0.1453
vn 0.4936 -0.8133 -0.3081
vn 0.5348 -0.0000 0.8449
vn 0.9694 -0.0000 -0.2453
vn -0.9349 -0.0000 0.3550
vn -0.1505 -0.9871 -0.0549
vn 0.1326 -0.8120 -0.5684
vn 0.9757 -0.0000 0.2191
vn 0.5119 -0.0000 -0.8590
vn -0.4100 -0.0000 0.9121
vn -0.1452 -0.9871 0.0677
vn -0.3082 -0.8134 -0.4933
vn 0.8450 -0.0000 -0.5348
vn -0.2453 -0.0000 -0.9695
vn 0.3549 -0.0000 0.9349
vn -0.0548 -0.9871 0.1503
vn -0.5603 -0.8199 -0.1174
vn 0.2204 -0.0000 -0.9754
vn -0.8587 -0.0000 -0.5125
vn 0.9120 -0.0000 0.4102
vn 0.0676 -0.9871 0.1450
vn -0.4694 -0.8238 0.3179
vn -0.5334 -0.0000 -0.8459
vn -0.9696 -0.0000 0.2446
vn 0.9350 -0.0000 -0.3547
vn 0.1504 -0.9871 0.0548
vn -0.1230 -0.8176 0.5626
vn -0.9755 -0.0000 -0.2202
vn -0.5125 -0.0000 0.8587
vn 0.4103 -0.0000 -0.9120
vn 0.1452 -0.9871 -0.0677
vn 0.3075 -0.8114 0.4970
vn -0.8448 -0.0000 0.5351
vn 0.2452 -0.0000 0.9695
vn -0.3548 -0.0000 -0.9349
vn 0.0548 -0.9871 -0.1505
vn 0.5646 -0.8156 0.1269
vn -0.2198 -0.0000 0.9755
vn 0.8588 -0.0000 0.5122
vn -0.9120 -0.0000 -0.4101
vn 0.0993 -0.0000 0.9951
vn -0.1233 -0.8233 0.5541
vn 0.0132 -0.0000 -0.9999
vn -0.6335 -0.0000 0.7738
vn -0.4792 -0.8225 0.3064
vn 0.7164 -0.0000 -0.6977
vn -0.9951 -0.0000 0.0990
vn -0.5592 -0.8203 -0.1200
vn 0.9999 -0.0000 0.0132
vn -0.7739 -0.0000 -0.6333
vn -0.3018 -0.8247 -0.4783
vn 0.6977 -0.0000 0.7164
vn -0.0989 -0.0000 -0.9951
vn 0.1190 -0.8191 -0.5612
vn -0.0132 -0.0000 0.9999
vn 0.6339 -0.0000 -0.7734
vn 0.4826 -0.8166 -0.3167
vn -0.7164 -0.0000 0.6977
vn 0.9951 -0.0000 -0.0987
vn 0.5630 -0.8180 0.1182
vn -0.9999 -0.0000 -0.0132
vn 0.7738 -0.0000 0.6335
vn 0.3069 -0.8222 0.4793
vn -0.6977 -0.0000 -0.7164
vn -0.7186 -0.6870 0.1083
vn -0.4313 -0.6885 0.5830
vn 0.1086 -0.6865 0.7190
vn 0.5971 -0.6745 0.4342
vn 0.7367 -0.6658 -0.1186
vn 0.4331 -0.6793 -0.5925
vn -0.1063 -0.6895 -0.7164
vn -0.5889 -0.6829 -0.4322
vn -0.1407 -0.6716 -0.7275
vn 0.4135 -0.6731 -0.6131
vn 0.7223 -0.6767 -0.1424
vn 0.6151 -0.6691 0.4171
vn 0.1431 -0.6786 0.7204
vn -0.4044 -0.6822 0.6091
vn -0.7187 -0.6803 0.1439
vn -0.6129 -0.6736 -0.4131
vt 0.310596 0.953668
vt 0.312403 0.951140
vt 0.315212 0.939018
vt 0.314702 0.935953
vt 0.308117 0.925395
vt 0.305589 0.923589
vt 0.293468 0.920779
vt 0.290402 0.921290
vt 0.279845 0.927874
vt 0.278038 0.930403
vt 0.275228 0.942524
vt 0.275739 0.945589
vt 0.282323 0.956147
vt 0.284852 0.957954
vt 0.296973 0.960763
vt 0.300039 0.960253
vt 0.295220 0.940771
vt 0.305440 0.957790
vt 0.314489 0.945548
vt 0.312248 0.930566
vt 0.300243 0.921565
vt 0.285259 0.923598
vt 0.275997 0.935815
vt 0.278242 0.951059
vt 0.290325 0.960010
vt 0.306446 0.967487
vt 0.313488 0.963267
vt 0.322049 0.951725
vt 0.324044 0.943761
vt 0.321937 0.929546
vt 0.317716 0.922504
vt 0.306174 0.913943
vt 0.298210 0.911947
vt 0.283995 0.914055
vt 0.276953 0.918276
vt 0.268392 0.929818
vt 0.266396 0.937782
vt 0.268504 0.951997
vt 0.272725 0.959039
vt 0.284267 0.967600
vt 0.292231 0.969595
vt 0.309987 0.965365
vt 0.316595 0.991473
vt 0.315748 0.991987
vt 0.323063 0.947677
vt 0.346206 0.961469
vt 0.345954 0.962471
vt 0.319826 0.926024
vt 0.345938 0.919417
vt 0.346442 0.920243
vt 0.302468 0.913014
vt 0.316252 0.889918
vt 0.316926 0.890037
vt 0.280813 0.915962
vt 0.274238 0.889900
vt 0.274697 0.889550
vt 0.267440 0.933616
vt 0.244338 0.919827
vt 0.244492 0.919065
vt 0.270684 0.955634
vt 0.244561 0.962241
vt 0.244004 0.961294
vt 0.288150 0.968573
vt 0.274365 0.991686
vt 0.273520 0.991499
vt 0.350084 0.944981
vt 0.350298 0.944108
vt 0.331005 0.982572
vt 0.331807 0.982076
vt 0.290841 0.995623
vt 0.291884 0.995849
vt 0.253492 0.976641
vt 0.253916 0.977358
vt 0.240376 0.936305
vt 0.240143 0.937435
vt 0.259754 0.898700
vt 0.258634 0.899467
vt 0.299781 0.885935
vt 0.298557 0.885694
vt 0.337035 0.905005
vt 0.336525 0.904185
s 1
usemtl metalMat1
f 1986/2175/1863 1983/2175/1864 1984/2176/1865
f 1990/2177/1866 1987/2177/1867 1988/2178/1868
f 1994/2179/1869 1991/2179/1870 1992/2180/1871
f 1998/2181/1872 1995/2181/1873 1996/2182/1874
f 2002/2183/1875 1999/2183/1876 2000/2184/1877
f 2006/2185/1878 2003/2185/1879 2004/2186/1880
f 2010/2187/1881 2007/2187/1882 2008/2188/1883
f 2014/2189/1884 2011/2189/1885 2012/2190/1886
f 2016/2191/1887 1983/2175/1864 2015/2192/1888
f 1984/2176/1865 1983/2175/1864 2016/2191/1887
f 2016/2191/1887 1987/2177/1867 2017/2193/1889
f 1988/2178/1868 1987/2177/1867 2016/2191/1887
f 2016/2191/1887 1991/2179/1870 2018/2194/1890
f 1992/2180/1871 1991/2179/1870 2016/2191/1887
f 2016/2191/1887 1995/2181/1873 2019/2195/1891
f 1996/2182/1874 1995/2181/1873 2016/2191/1887
f 2016/2191/1887 1999/2183/1876 2020/2196/1892
f 2000/2184/1877 1999/2183/1876 2016/2191/1887
f 2016/2191/1887 2003/2185/1879 2021/2197/1893
f 2004/2186/1880 2003/2185/1879 2016/2191/1887
f 2016/2191/1887 2007/2187/1882 2022/2198/1894
f 2008/2188/1883 2007/2187/1882 2016/2191/1887
f 2016/2191/1887 2011/2189/1885 2023/2199/1895
f 2012/2190/1886 2011/2189/1885 2016/2191/1887
f 2025/2200/1896 2012/2190/1886 2015/2192/1888
f 1983/2175/1864 1986/2175/1863 2026/2201/1897
f 2028/2200/1898 2013/2190/1899 2012/2190/1886
f 2030/2202/1900 1984/2176/1865 2017/2193/1889
f 1987/2177/1867 1990/2177/1866 2031/2203/1901
f 2033/2202/1902 1985/2176/1903 1984/2176/1865
f 2035/2204/1904 1988/2178/1868 2018/2194/1890
f 1991/2179/1870 1994/2179/1869 2036/2205/1905
f 2038/2204/1906 1989/2178/1907 1988/2178/1868
f 2040/2206/1908 1992/2180/1871 2019/2195/1891
f 1995/2181/1873 1998/2181/1872 2041/2207/1909
f 2043/2206/1910 1993/2180/1911 1992/2180/1871
f 2045/2208/1912 1996/2182/1874 2020/2196/1892
f 1999/2183/1876 2002/2183/1875 2046/2209/1913
f 2048/2208/1914 1997/2182/1915 1996/2182/1874
f 2050/2210/1916 2000/2184/1877 2021/2197/1893
f 2003/2185/1879 2006/2185/1878 2051/2211/1917
f 2053/2210/1918 2001/2184/1919 2000/2184/1877
f 2055/2212/1920 2004/2186/1880 2022/2198/1894
f 2007/2187/1882 2010/2187/1881 2056/2213/1921
f 2058/2212/1922 2005/2186/1923 2004/2186/1880
f 2060/2214/1924 2008/2188/1883 2023/2199/1895
f 2011/2189/1885 2014/2189/1884 2061/2215/1925
f 2063/2214/1926 2009/2188/1927 2008/2188/1883
f 2017/2193/1889 1987/2177/1867 2032/2203/1928
f 2015/2192/1888 1983/2175/1864 2027/2201/1929
f 2023/2199/1895 2011/2189/1885 2062/2215/1930
f 2022/2198/1894 2007/2187/1882 2057/2213/1931
f 2021/2197/1893 2003/2185/1879 2052/2211/1932
f 2020/2196/1892 1999/2183/1876 2047/2209/1933
f 2019/2195/1891 1995/2181/1873 2042/2207/1934
f 2018/2194/1890 1991/2179/1870 2037/2205/1935
f 2025/2200/1896 2024/2216/1936 2064/2217/1937
f 2024/2216/1936 2066/2216/1938 2067/2217/1939
f 2068/2218/1940 2028/2200/1898 2025/2200/1896
f 2030/2202/1900 2029/2219/1941 2069/2220/1942
f 2029/2219/1941 2071/2219/1943 2072/2220/1944
f 2073/2221/1945 2033/2202/1902 2030/2202/1900
f 2035/2204/1904 2034/2222/1946 2074/2223/1947
f 2034/2222/1946 2076/2222/1948 2077/2223/1949
f 2078/2224/1950 2038/2204/1906 2035/2204/1904
f 2040/2206/1908 2039/2225/1951 2079/2226/1952
f 2039/2225/1951 2081/2225/1953 2082/2226/1954
f 2083/2227/1955 2043/2206/1910 2040/2206/1908
f 2045/2208/1912 2044/2228/1956 2084/2229/1957
f 2044/2228/1956 2086/2228/1958 2087/2229/1959
f 2088/2230/1960 2048/2208/1914 2045/2208/1912
f 2050/2210/1916 2049/2231/1961 2089/2232/1962
f 2049/2231/1961 2091/2231/1963 2092/2232/1964
f 2093/2233/1965 2053/2210/1918 2050/2210/1916
f 2055/2212/1920 2054/2234/1966 2094/2235/1967
f 2054/2234/1966 2096/2234/1968 2097/2235/1969
f 2098/2236/1970 2058/2212/1922 2055/2212/1920
f 2060/2214/1924 2059/2237/1971 2099/2238/1972
f 2059/2237/1971 2101/2237/1973 2102/2238/1974
f 2103/2239/1975 2063/2214/1926 2060/2214/1924
f 2105/2240/1976 2071/2219/1943 2029/2219/1941
f 2104/2240/1977 2029/2219/1941 2032/2203/1928
f 2032/2203/1928 2031/2203/1901 2107/2241/1978
f 2109/2242/1979 2066/2216/1938 2024/2216/1936
f 2108/2242/1980 2024/2216/1936 2027/2201/1929
f 2027/2201/1929 2026/2201/1897 2111/2243/1981
f 2113/2244/1982 2101/2237/1973 2059/2237/1971
f 2112/2244/1983 2059/2237/1971 2062/2215/1930
f 2062/2215/1930 2061/2215/1925 2115/2245/1984
f 2117/2246/1985 2096/2234/1968 2054/2234/1966
f 2116/2246/1986 2054/2234/1966 2057/2213/1931
f 2057/2213/1931 2056/2213/1921 2119/2247/1987
f 2121/2248/1988 2091/2231/1963 2049/2231/1961
f 2120/2248/1989 2049/2231/1961 2052/2211/1932
f 2052/2211/1932 2051/2211/1917 2123/2249/1990
f 2125/2250/1991 2086/2228/1958 2044/2228/1956
f 2124/2250/1992 2044/2228/1956 2047/2209/1933
f 2047/2209/1933 2046/2209/1913 2127/2251/1993
f 2129/2252/1994 2081/2225/1953 2039/2225/1951
f 2128/2252/1995 2039/2225/1951 2042/2207/1934
f 2042/2207/1934 2041/2207/1909 2131/2253/1996
f 2133/2254/1997 2076/2222/1948 2034/2222/1946
f 2132/2254/1998 2034/2222/1946 2037/2205/1935
f 2037/2205/1935 2036/2205/1905 2135/2255/1999
f 1986/2175/1863 1984/2176/1865 1985/2176/1903
f 1990/2177/1866 1988/2178/1868 1989/2178/1907
f 1994/2179/1869 1992/2180/1871 1993/2180/1911
f 1998/2181/1872 1996/2182/1874 1997/2182/1915
f 2002/2183/1875 2000/2184/1877 2001/2184/1919
f 2006/2185/1878 2004/2186/1880 2005/2186/1923
f 2010/2187/1881 2008/2188/1883 2009/2188/1927
f 2014/2189/1884 2012/2190/1886 2013/2190/1899
f 2016/2191/1887 2015/2192/1888 2012/2190/1886
f 2016/2191/1887 2017/2193/1889 1984/2176/1865
f 2016/2191/1887 2018/2194/1890 1988/2178/1868
f 2016/2191/1887 2019/2195/1891 1992/2180/1871
f 2016/2191/1887 2020/2196/1892 1996/2182/1874
f 2016/2191/1887 2021/2197/1893 2000/2184/1877
f 2016/2191/1887 2022/2198/1894 2004/2186/1880
f 2016/2191/1887 2023/2199/1895 2008/2188/1883
f 2025/2200/1896 2015/2192/1888 2024/2216/1936
f 1983/2175/1864 2026/2201/1897 2027/2201/1929
f 2028/2200/1898 2012/2190/1886 2025/2200/1896
f 2030/2202/1900 2017/2193/1889 2029/2219/1941
f 1987/2177/1867 2031/2203/1901 2032/2203/1928
f 2033/2202/1902 1984/2176/1865 2030/2202/1900
f 2035/2204/1904 2018/2194/1890 2034/2222/1946
f 1991/2179/1870 2036/2205/1905 2037/2205/1935
f 2038/2204/1906 1988/2178/1868 2035/2204/1904
f 2040/2206/1908 2019/2195/1891 2039/2225/1951
f 1995/2181/1873 2041/2207/1909 2042/2207/1934
f 2043/2206/1910 1992/2180/1871 2040/2206/1908
f 2045/2208/1912 2020/2196/1892 2044/2228/1956
f 1999/2183/1876 2046/2209/1913 2047/2209/1933
f 2048/2208/1914 1996/2182/1874 2045/2208/1912
f 2050/2210/1916 2021/2197/1893 2049/2231/1961
f 2003/2185/1879 2051/2211/1917 2052/2211/1932
f 2053/2210/1918 2000/2184/1877 2050/2210/1916
f 2055/2212/1920 2022/2198/1894 2054/2234/1966
f 2007/2187/1882 2056/2213/1921 2057/2213/1931
f 2058/2212/1922 2004/2186/1880 2055/2212/1920
f 2060/2214/1924 2023/2199/1895 2059/2237/1971
f 2011/2189/1885 2061/2215/1925 2062/2215/1930
f 2063/2214/1926 2008/2188/1883 2060/2214/1924
f 2017/2193/1889 2032/2203/1928 2029/2219/1941
f 2015/2192/1888 2027/2201/1929 2024/2216/1936
f 2023/2199/1895 2062/2215/1930 2059/2237/1971
f 2022/2198/1894 2057/2213/1931 2054/2234/1966
f 2021/2197/1893 2052/2211/1932 2049/2231/1961
f 2020/2196/1892 2047/2209/1933 2044/2228/1956
f 2019/2195/1891 2042/2207/1934 2039/2225/1951
f 2018/2194/1890 2037/2205/1935 2034/2222/1946
f 2025/2200/1896 2064/2217/1937 2065/2218/2000
f 2024/2216/1936 2067/2217/1939 2064/2217/1937
f 2068/2218/1940 2025/2200/1896 2065/2218/2000
f 2030/2202/1900 2069/2220/1942 2070/2221/2001
f 2029/2219/1941 2072/2220/1944 2069/2220/1942
f 2073/2221/1945 2030/2202/1900 2070/2221/2001
f 2035/2204/1904 2074/2223/1947 2075/2224/2002
f 2034/2222/1946 2077/2223/1949 2074/2223/1947
f 2078/2224/1950 2035/2204/1904 2075/2224/2002
f 2040/2206/1908 2079/2226/1952 2080/2227/2003
f 2039/2225/1951 2082/2226/1954 2079/2226/1952
f 2083/2227/1955 2040/2206/1908 2080/2227/2003
f 2045/2208/1912 2084/2229/1957 2085/2230/2004
f 2044/2228/1956 2087/2229/1959 2084/2229/1957
f 2088/2230/1960 2045/2208/1912 2085/2230/2004
f 2050/2210/1916 2089/2232/1962 2090/2233/2005
f 2049/2231/1961 2092/2232/1964 2089/2232/1962
f 2093/2233/1965 2050/2210/1916 2090/2233/2005
f 2055/2212/1920 2094/2235/1967 2095/2236/2006
f 2054/2234/1966 2097/2235/1969 2094/2235/1967
f 2098/2236/1970 2055/2212/1920 2095/2236/2006
f 2060/2214/1924 2099/2238/1972 2100/2239/2007
f 2059/2237/1971 2102/2238/1974 2099/2238/1972
f 2103/2239/1975 2060/2214/1924 2100/2239/2007
f 2105/2240/1976 2029/2219/1941 2104/2240/1977
f 2104/2240/1977 2032/2203/1928 2106/2241/2008
f 2032/2203/1928 2107/2241/1978 2106/2241/2008
f 2109/2242/1979 2024/2216/1936 2108/2242/1980
f 2108/2242/1980 2027/2201/1929 2110/2243/2009
f 2027/2201/1929 2111/2243/1981 2110/2243/2009
f 2113/2244/1982 2059/2237/1971 2112/2244/1983
f 2112/2244/1983 2062/2215/1930 2114/2245/2010
f 2062/2215/1930 2115/2245/1984 2114/2245/2010
f 2117/2246/1985 2054/2234/1966 2116/2246/1986
f 2116/2246/1986 2057/2213/1931 2118/2247/2011
f 2057/2213/1931 2119/2247/1987 2118/2247/2011
f 2121/2248/1988 2049/2231/1961 2120/2248/1989
f 2120/2248/1989 2052/2211/1932 2122/2249/2012
f 2052/2211/1932 2123/2249/1990 2122/2249/2012
f 2125/2250/1991 2044/2228/1956 2124/2250/1992
f 2124/2250/1992 2047/2209/1933 2126/2251/2013
f 2047/2209/1933 2127/2251/1993 2126/2251/2013
f 2129/2252/1994 2039/2225/1951 2128/2252/1995
f 2128/2252/1995 2042/2207/1934 2130/2253/2014
f 2042/2207/1934 2131/2253/1996 2130/2253/2014
f 2133/2254/1997 2034/2222/1946 2132/2254/1998
f 2132/2254/1998 2037/2205/1935 2134/2255/2015
f 2037/2205/1935 2135/2255/1999 2134/2255/2015
o car60
v 7.381077 -3.190295 0.673957
v 7.284957 -3.350759 0.680873
v 7.662297 -3.502155 0.668329
v 7.520977 -3.268775 0.673957
v 7.173381 -3.429567 0.715025
v 7.505693 -3.721627 0.672705
v 7.036813 -3.486267 0.765121
v 6.993489 -3.814255 0.799433
v 6.973382 -3.572487 0.827177
v 6.877389 -3.831023 0.918633
vn 0.0269 0.0068 0.9996
vn 0.0130 0.0591 0.9982
vn 0.0877 0.0150 0.9960
vn 0.1945 0.0635 0.9788
vn 0.1440 0.0736 0.9868
vn 0.4277 -0.0260 0.9035
vn 0.5456 0.0261 0.8377
vn 0.7143 -0.0185 0.6996
vn -0.0107 0.0309 0.9995
vn 0.7184 -0.0183 0.6954
vt 0.886692 0.972378
vt 0.888060 0.973270
vt 0.885264 0.973883
vt 0.883891 0.974595
vt 0.878803 0.972475
vt 0.882903 0.975466
vt 0.877190 0.975742
vt 0.881401 0.975871
vt 0.882627 0.971477
vt 0.876897 0.976483
s 1
usemtl bodyMat
f 2139/2256/2016 2136/2257/2017 2137/2258/2018
f 2137/2258/2018 2140/2259/2019 2141/2260/2020
f 2140/2259/2019 2142/2261/2021 2143/2262/2022
f 2143/2262/2022 2142/2261/2021 2144/2263/2023
f 2139/2256/2016 2137/2258/2018 2138/2264/2024
f 2137/2258/2018 2141/2260/2020 2138/2264/2024
f 2140/2259/2019 2143/2262/2022 2141/2260/2020
f 2143/2262/2022 2144/2263/2023 2145/2265/2025
o car61
v 7.381078 2.639889 0.502153
v 7.520978 2.718369 0.502153
v 7.637294 2.938321 0.496525
v 7.284958 2.800357 0.509069
v 7.461494 3.171221 0.500901
v 7.173382 2.879161 0.543221
v 6.993490 3.263849 0.627629
v 7.036814 2.935865 0.593317
v 6.877390 3.280617 0.746829
v 6.973382 3.022081 0.655373
vn 0.0933 -0.0043 0.9956
vn 0.0127 -0.0607 0.9981
vn 0.0276 -0.0049 0.9996
vn -0.0063 -0.0260 0.9996
vn 0.1575 -0.0662 0.9853
vn 0.2067 -0.0474 0.9773
vn 0.5531 -0.0227 0.8328
vn 0.7143 0.0185 0.6996
vn 0.4267 0.0113 0.9043
vn 0.7184 0.0184 0.6954
vt 0.912784 0.973883
vt 0.909988 0.973270
vt 0.911355 0.972378
vt 0.915187 0.971636
vt 0.919245 0.972757
vt 0.914156 0.974595
vt 0.920858 0.975742
vt 0.916646 0.975871
vt 0.915144 0.975466
vt 0.921150 0.976483
s 1
usemtl bodyMat
f 2149/2266/2026 2146/2267/2027 2147/2268/2028
f 2149/2266/2026 2148/2269/2029 2150/2270/2030
f 2151/2271/2031 2150/2270/2030 2152/2272/2032
f 2155/2273/2033 2153/2274/2034 2152/2272/2032
f 2149/2266/2026 2147/2268/2028 2148/2269/2029
f 2149/2266/2026 2150/2270/2030 2151/2271/2031
f 2151/2271/2031 2152/2272/2032 2153/2274/2034
f 2155/2273/2033 2152/2272/2032 2154/2275/2035
o car62
v 7.381077 -3.178579 0.502153
v 7.284957 -3.339047 0.509069
v 7.637293 -3.477011 0.496525
v 7.520977 -3.257059 0.502153
v 7.173381 -3.417851 0.543221
v 7.461493 -3.709911 0.500901
v 7.036813 -3.474555 0.593317
v 6.993489 -3.802539 0.627629
v 6.973382 -3.560771 0.655373
v 6.877389 -3.819307 0.746829
vn 0.0276 0.0049 0.9996
vn 0.0127 0.0607 0.9981
vn 0.0933 0.0043 0.9956
vn 0.2067 0.0474 0.9773
vn 0.1575 0.0662 0.9853
vn 0.4267 -0.0113 0.9043
vn 0.5531 0.0227 0.8328
vn 0.7143 -0.0185 0.6996
vn -0.0063 0.0260 0.9996
vn 0.7184 -0.0184 0.6954
vt 0.886897 0.972378
vt 0.888264 0.973270
vt 0.885468 0.973883
vt 0.884095 0.974595
vt 0.879007 0.972757
vt 0.883107 0.975466
vt 0.877394 0.975742
vt 0.881605 0.975871
vt 0.883065 0.971636
vt 0.877101 0.976483
s 1
usemtl bodyMat
f 2159/2276/2036 2156/2277/2037 2157/2278/2038
f 2157/2278/2038 2160/2279/2039 2161/2280/2040
f 2160/2279/2039 2162/2281/2041 2163/2282/2042
f 2163/2282/2042 2162/2281/2041 2164/2283/2043
f 2159/2276/2036 2157/2278/2038 2158/2284/2044
f 2157/2278/2038 2161/2280/2040 2158/2284/2044
f 2160/2279/2039 2163/2282/2042 2161/2280/2040
f 2163/2282/2042 2164/2283/2043 2165/2285/2045
o car63
v 7.381078 2.639889 0.389249
v 7.520978 2.718369 0.389249
v 7.651142 2.938321 0.383621
v 7.284958 2.800357 0.383621
v 7.474582 3.171221 0.387997
v 7.173382 2.879161 0.408649
v 6.993490 3.263849 0.473669
v 7.036814 2.935865 0.457605
v 6.877390 3.280617 0.586029
v 6.973382 3.022081 0.501417
vn 0.0468 -0.0007 0.9989
vn -0.0156 0.0216 0.9996
vn -0.0131 0.0308 0.9994
vn -0.0316 -0.0197 0.9993
vn 0.0957 -0.0790 0.9923
vn 0.1579 -0.0321 0.9869
vn 0.4942 -0.0088 0.8693
vn 0.6152 -0.0131 0.7883
vn 0.4166 0.1114 0.9022
vn 0.7116 -0.0135 0.7024
vt 0.912784 0.973883
vt 0.909988 0.973270
vt 0.911355 0.972378
vt 0.915187 0.971548
vt 0.919245 0.972674
vt 0.914156 0.974595
vt 0.920858 0.975742
vt 0.916646 0.975871
vt 0.915144 0.975466
vt 0.921150 0.976483
s 1
usemtl bodyMat
f 2169/2286/2046 2166/2287/2047 2167/2288/2048
f 2169/2286/2046 2168/2289/2049 2170/2290/2050
f 2171/2291/2051 2170/2290/2050 2172/2292/2052
f 2175/2293/2053 2173/2294/2054 2172/2292/2052
f 2169/2286/2046 2167/2288/2048 2168/2289/2049
f 2169/2286/2046 2170/2290/2050 2171/2291/2051
f 2171/2291/2051 2172/2292/2052 2173/2294/2054
f 2175/2293/2053 2172/2292/2052 2174/2295/2055
o car64
v 7.381077 -3.167615 0.389249
v 7.284957 -3.328079 0.383621
v 7.651141 -3.466043 0.383621
v 7.520977 -3.246091 0.389249
v 7.173381 -3.406883 0.408649
v 7.474581 -3.698943 0.387997
v 7.036813 -3.463587 0.457605
v 6.993489 -3.791571 0.473669
v 6.973382 -3.549807 0.501417
v 6.877389 -3.808339 0.586029
vn -0.0131 -0.0308 0.9994
vn -0.0156 -0.0216 0.9996
vn 0.0468 0.0007 0.9989
vn 0.1579 0.0321 0.9869
vn 0.0957 0.0790 0.9923
vn 0.4166 -0.1114 0.9022
vn 0.4942 0.0088 0.8693
vn 0.6152 0.0131 0.7883
vn -0.0316 0.0197 0.9993
vn 0.7116 0.0135 0.7024
vt 0.887088 0.972378
vt 0.888455 0.973270
vt 0.885659 0.973883
vt 0.884286 0.974595
vt 0.879198 0.972674
vt 0.883299 0.975466
vt 0.877585 0.975742
vt 0.881797 0.975871
vt 0.883256 0.971548
vt 0.877293 0.976483
s 1
usemtl bodyMat
f 2179/2296/2056 2176/2297/2057 2177/2298/2058
f 2177/2298/2058 2180/2299/2059 2181/2300/2060
f 2180/2299/2059 2182/2301/2061 2183/2302/2062
f 2183/2302/2062 2182/2301/2061 2184/2303/2063
f 2179/2296/2056 2177/2298/2058 2178/2304/2064
f 2177/2298/2058 2181/2300/2060 2178/2304/2064
f 2180/2299/2059 2183/2302/2062 2181/2300/2060
f 2183/2302/2062 2184/2303/2063 2185/2305/2065
o car65
v -6.818126 3.243535 1.341804
v -7.538358 3.073811 1.382859
v -7.538358 2.228687 1.382859
v -6.818126 2.912775 1.341804
v -8.321718 2.819715 1.429131
v -8.507151 2.493031 1.451935
vn 0.0569 -0.0000 0.9984
vn 0.0620 -0.0017 0.9981
vn 0.0626 0.0041 0.9980
vn 0.0635 0.0119 0.9979
vn 0.0981 0.0225 0.9949
vt 0.976465 0.977130
vt 0.982228 0.977130
vt 0.979271 0.981724
vt 0.964548 0.981724
vt 0.974844 0.986721
vt 0.969153 0.987903
s 1
usemtl bodyMat
f 2189/2306/2066 2186/2307/2066 2187/2308/2067
f 2188/2309/2068 2187/2308/2067 2190/2310/2069
f 2189/2306/2066 2187/2308/2067 2188/2309/2068
f 2188/2309/2068 2190/2310/2069 2191/2311/2070
o car66
v -6.818126 3.243535 0.885267
v -7.408714 3.073811 0.921695
v -7.408714 2.577727 0.921695
v -6.818126 2.912775 0.885267
v -7.988350 2.819715 0.984171
v -8.173779 2.652007 1.006975
vn 0.0616 -0.0000 0.9981
vn 0.0805 -0.0007 0.9968
vn 0.0894 0.0007 0.9960
vn 0.1058 0.0083 0.9944
vn 0.1189 0.0071 0.9929
vt 0.976465 0.977130
vt 0.982228 0.977130
vt 0.979271 0.980897
vt 0.970628 0.980897
vt 0.974844 0.984594
vt 0.971922 0.985777
s 1
usemtl bodyMat
f 2195/2312/2071 2192/2313/2071 2193/2314/2072
f 2194/2315/2073 2193/2314/2072 2196/2316/2074
f 2195/2312/2071 2193/2314/2072 2194/2315/2073
f 2194/2315/2073 2196/2316/2074 2197/2317/2075
o car67
v -6.818126 3.243535 1.108880
v -7.475854 3.073811 1.154563
v -7.475854 2.577727 1.154563
v -6.818126 2.912775 1.108880
v -8.087898 2.819715 1.203147
v -8.419174 2.503711 1.230583
vn 0.0693 -0.0000 0.9976
vn 0.0736 -0.0003 0.9973
vn 0.0756 0.0002 0.9971
vn 0.0794 0.0019 0.9968
vn 0.0814 0.0021 0.9967
vt 0.976465 0.977130
vt 0.982228 0.977130
vt 0.979271 0.981325
vt 0.970628 0.981325
vt 0.974844 0.985229
vt 0.969339 0.987342
s 1
usemtl bodyMat
f 2201/2318/2076 2198/2319/2076 2199/2320/2077
f 2200/2321/2078 2199/2320/2077 2202/2322/2079
f 2201/2318/2076 2199/2320/2077 2200/2321/2078
f 2200/2321/2078 2202/2322/2079 2203/2323/2080
o car68
v -6.818127 -3.793317 1.341804
v -6.818127 -3.462557 1.341804
v -7.538359 -2.778469 1.382859
v -7.538359 -3.623589 1.382859
v -8.507152 -3.042813 1.451935
v -8.321719 -3.369497 1.429131
vn 0.0621 0.0017 0.9981
vn 0.0569 -0.0000 0.9984
vn 0.0635 -0.0119 0.9979
vn 0.0626 -0.0041 0.9980
vn 0.0981 -0.0225 0.9949
vt 0.942234 0.981724
vt 0.939277 0.977130
vt 0.945040 0.977130
vt 0.946661 0.986721
vt 0.956957 0.981724
vt 0.952352 0.987903
s 1
usemtl bodyMat
f 2207/2324/2081 2204/2325/2082 2205/2326/2082
f 2209/2327/2083 2207/2324/2081 2206/2328/2084
f 2207/2324/2081 2205/2326/2082 2206/2328/2084
f 2209/2327/2083 2206/2328/2084 2208/2329/2085
o car69
v -6.818127 -3.793317 0.885267
v -6.818127 -3.462557 0.885267
v -7.408715 -3.127509 0.921695
v -7.408715 -3.623589 0.921695
v -8.173779 -3.201789 1.006975
v -7.988351 -3.369497 0.984171
vn 0.0805 0.0007 0.9968
vn 0.0616 -0.0000 0.9981
vn 0.1058 -0.0083 0.9944
vn 0.0894 -0.0007 0.9960
vn 0.1189 -0.0071 0.9929
vt 0.942234 0.980897
vt 0.939277 0.977130
vt 0.945040 0.977130
vt 0.946661 0.984594
vt 0.950877 0.980897
vt 0.949583 0.985777
s 1
usemtl bodyMat
f 2213/2330/2086 2210/2331/2087 2211/2332/2087
f 2215/2333/2088 2213/2330/2086 2212/2334/2089
f 2213/2330/2086 2211/2332/2087 2212/2334/2089
f 2215/2333/2088 2212/2334/2089 2214/2335/2090
o car7
v 4.664785 -3.591990 1.847752
v 4.797201 -3.591990 1.847752
v 4.797201 -3.264935 1.847752
v 4.664785 -3.264935 1.847752
v 4.664781 -3.264935 1.126980
v 4.797201 -3.264935 1.126980
v 4.797201 -3.591990 1.126980
v 4.664781 -3.591990 1.126980
v 4.797201 -3.591990 1.367236
v 4.580181 -3.591990 1.367236
v 4.797201 -3.591990 1.607496
v 4.580181 -3.591990 1.607496
v 4.797201 -3.264935 1.367236
v 4.797201 -3.264935 1.607496
v 4.580181 -3.264935 1.367236
v 4.580181 -3.264935 1.607496
vn -0.5779 -0.0000 0.8161
vn -0.4635 -0.5973 0.6546
vn 0.5774 -0.5774 0.5773
vn -0.4635 -0.5973 -0.6546
vn -0.5779 -0.0000 -0.8161
vn 0.7071 -0.0000 -0.7071
vn 0.5774 -0.5773 -0.5773
vn 0.7071 -0.7071 -0.0000
vn -0.7308 -0.6711 0.1249
vn -0.7308 -0.6711 -0.1249
vn 1.0000 -0.0000 -0.0000
vn 0.7071 -0.0000 0.7071
vn -0.9857 -0.0000 -0.1685
vn -0.9857 -0.0000 0.1685
vt 0.198535 0.315459
vt 0.216966 0.315459
vt 0.198535 0.151725
vt 0.216966 0.151725
vt 0.216966 0.206303
vt 0.186759 0.260881
vt 0.186759 0.206303
vt 0.216966 0.260881
s 1
usemtl metalMat1
f 2219/2336/2091 2216/2336/2092 2217/2337/2093
f 2223/2338/2094 2220/2338/2095 2221/2339/2096
f 2223/2338/2094 2222/2339/2097 2224/2340/2098
f 2227/2341/2099 2225/2342/2100 2224/2340/2098
f 2216/2336/2092 2227/2341/2099 2226/2343/2098
f 2228/2340/2101 2224/2340/2098 2222/2339/2097
f 2229/2343/2101 2226/2343/2098 2224/2340/2098
f 2218/2337/2102 2217/2337/2093 2226/2343/2098
f 2220/2338/2095 2223/2338/2094 2225/2342/2100
f 2230/2342/2103 2225/2342/2100 2227/2341/2099
f 2231/2341/2104 2227/2341/2099 2216/2336/2092
f 2219/2336/2091 2217/2337/2093 2218/2337/2102
f 2223/2338/2094 2221/2339/2096 2222/2339/2097
f 2223/2338/2094 2224/2340/2098 2225/2342/2100
f 2227/2341/2099 2224/2340/2098 2226/2343/2098
f 2216/2336/2092 2226/2343/2098 2217/2337/2093
f 2228/2340/2101 2222/2339/2097 2221/2339/2096
f 2229/2343/2101 2224/2340/2098 2228/2340/2101
f 2218/2337/2102 2226/2343/2098 2229/2343/2101
f 2220/2338/2095 2225/2342/2100 2230/2342/2103
f 2230/2342/2103 2227/2341/2099 2231/2341/2104
f 2231/2341/2104 2216/2336/2092 2219/2336/2091
o car70
v -6.818127 -3.793317 1.108880
v -6.818127 -3.462557 1.108880
v -7.475855 -3.127509 1.154563
v -7.475855 -3.623589 1.154563
v -8.419175 -3.053489 1.230583
v -8.087899 -3.369497 1.203147
vn 0.0734 0.0002 0.9973
vn 0.0693 -0.0000 0.9976
vn 0.0794 -0.0019 0.9968
vn 0.0756 -0.0002 0.9971
vn 0.0814 -0.0021 0.9967
vt 0.942234 0.981325
vt 0.939277 0.977130
vt 0.945040 0.977130
vt 0.946661 0.985229
vt 0.950877 0.981325
vt 0.952166 0.987342
s 1
usemtl bodyMat
f 2235/2344/2105 2232/2345/2106 2233/2346/2106
f 2237/2347/2107 2235/2344/2105 2234/2348/2108
f 2235/2344/2105 2233/2346/2106 2234/2348/2108
f 2237/2347/2107 2234/2348/2108 2236/2349/2109
o car71
v -5.385022 3.221663 1.730608
v -5.417030 3.221663 1.685816
v -5.417030 3.135899 1.685816
v -5.385022 3.135899 1.730608
v -5.466802 3.221663 1.471076
v -5.457762 3.221663 1.416772
v -5.457762 3.135899 1.416772
v -5.466802 3.135899 1.471076
v -5.341110 3.221663 1.229736
v -5.296318 3.221663 1.197728
v -5.296318 3.135899 1.197728
v -5.341110 3.135899 1.229736
v -5.081578 3.221663 1.147960
v -5.027274 3.221663 1.157000
v -5.027274 3.135899 1.157000
v -5.081578 3.135899 1.147960
v -4.840238 3.221663 1.273652
v -4.808234 3.221663 1.318440
v -4.808234 3.135899 1.318440
v -4.840238 3.135899 1.273652
v -4.758462 3.221663 1.533180
v -4.767502 3.221663 1.587484
v -4.767502 3.135899 1.587484
v -4.758462 3.135899 1.533180
v -4.884154 3.221663 1.774520
v -4.928942 3.221663 1.806528
v -4.928942 3.135899 1.806528
v -4.884154 3.135899 1.774520
v -5.143682 3.221663 1.856296
v -5.197986 3.221663 1.847260
v -5.197986 3.135899 1.847260
v -5.143682 3.135899 1.856296
v -5.293674 3.221663 1.803632
v -5.112630 3.221663 1.502128
v -5.453982 3.221663 1.586756
v -5.414282 3.221663 1.321332
v -5.201610 3.221663 1.161868
v -4.936150 3.221663 1.197892
v -4.772078 3.221663 1.414320
v -4.811854 3.221663 1.684384
v -5.025910 3.221663 1.842952
v -5.374234 3.299919 1.937820
v -5.311494 3.299919 1.975420
v -5.436254 3.214151 1.900652
v -5.436254 3.299919 1.900652
v -5.311494 3.214151 1.975420
v -5.605882 3.299919 1.624460
v -5.587914 3.299919 1.696180
v -5.623262 3.214151 1.555092
v -5.623262 3.299919 1.555092
v -5.587914 3.214151 1.696180
v -5.548530 3.299919 1.240868
v -5.585922 3.299919 1.303264
v -5.511154 3.214151 1.178508
v -5.511154 3.299919 1.178508
v -5.585922 3.214151 1.303264
v -5.241034 3.299919 1.010396
v -5.306682 3.299919 1.026844
v -5.165594 3.214151 0.991496
v -5.165594 3.299919 0.991496
v -5.306682 3.214151 1.026844
v -4.857394 3.299919 1.062624
v -4.913766 3.299919 1.028836
v -4.789010 3.214151 1.103608
v -4.789010 3.299919 1.103608
v -4.913766 3.214151 1.028836
v -4.620490 3.299919 1.375360
v -4.637346 3.299919 1.308076
v -4.601998 3.214151 1.449164
v -4.601998 3.299919 1.449164
v -4.637346 3.214151 1.308076
v -4.677954 3.299919 1.765424
v -4.639338 3.299919 1.700992
v -4.714106 3.214151 1.825752
v -4.714106 3.299919 1.825752
v -4.639338 3.214151 1.700992
v -4.987378 3.299919 1.994652
v -4.918582 3.299919 1.977416
v -5.059670 3.214151 2.012764
v -5.059670 3.299919 2.012764
v -4.918582 3.214151 1.977416
v -5.491290 3.403975 2.400340
v -5.476294 3.403975 2.409440
v -5.374234 3.214151 1.937820
v -5.491290 3.318207 2.400340
v -5.476294 3.318207 2.409440
v -6.015878 3.403975 1.868796
v -6.011398 3.403975 1.886559
v -5.605882 3.214151 1.624460
v -6.015878 3.318207 1.868796
v -6.011398 3.318207 1.886559
v -6.011122 3.403975 1.123824
v -6.020042 3.403975 1.138448
v -5.548530 3.214151 1.240868
v -6.011122 3.318207 1.123824
v -6.020042 3.318207 1.138448
v -5.485210 3.403975 0.601228
v -5.497162 3.403975 0.603344
v -5.241034 3.214151 1.010396
v -5.485210 3.318207 0.601228
v -5.497162 3.318207 0.603344
v -4.740918 3.403975 0.600904
v -4.749050 3.403975 0.594704
v -4.857394 3.214151 1.062624
v -4.740918 3.318207 0.600904
v -4.749050 3.318207 0.594704
v -4.211222 3.403975 1.131092
v -4.213950 3.403975 1.117584
v -4.620490 3.214151 1.375360
v -4.211222 3.318207 1.131092
v -4.213950 3.318207 1.117584
v -4.215170 3.403975 1.882484
v -4.205306 3.403975 1.865692
v -4.677954 3.214151 1.765424
v -4.215170 3.318207 1.882484
v -4.205306 3.318207 1.865692
v -4.743166 3.403975 2.404120
v -4.728186 3.403975 2.400796
v -4.987378 3.214151 1.994652
v -4.743166 3.318207 2.404120
v -4.728186 3.318207 2.400796
v -6.084574 3.403975 1.576712
v -6.084574 3.318207 1.576712
v -6.088358 3.403975 1.561239
v -6.088358 3.318207 1.561239
v -5.746566 3.403975 2.242656
v -5.746566 3.318207 2.242656
v -5.760778 3.403975 2.233867
v -5.760778 3.318207 2.233867
v -5.035054 3.403975 2.473860
v -5.035054 3.318207 2.473860
v -5.053526 3.403975 2.477855
v -5.053526 3.318207 2.477855
v -4.373390 3.403975 2.137584
v -4.373390 3.318207 2.137584
v -4.380890 3.403975 2.150276
v -4.380890 3.318207 2.150276
v -4.141026 3.403975 1.423008
v -4.141026 3.318207 1.423008
v -4.136902 3.403975 1.443016
v -4.136902 3.318207 1.443016
v -4.484314 3.403975 0.756804
v -4.484314 3.318207 0.756804
v -4.464482 3.403975 0.770388
v -4.464482 3.318207 0.770388
v -5.193430 3.403975 0.530676
v -5.193430 3.318207 0.530676
v -5.171742 3.403975 0.526400
v -5.171742 3.318207 0.526400
v -5.853398 3.403975 0.868500
v -5.853398 3.318207 0.868500
v -5.844370 3.403975 0.853980
v -5.844370 3.318207 0.853980
vn -0.9717 -0.0000 0.2363
vn -0.5779 0.8160 -0.0134
vn -0.1307 0.8274 0.5461
vn -0.8542 -0.0000 -0.5200
vn -0.3992 0.8160 -0.4180
vn -0.4786 0.8274 0.2937
vn -0.2363 -0.0000 -0.9717
vn 0.0134 0.8160 -0.5779
vn -0.5458 0.8276 -0.1312
vn 0.5200 -0.0000 -0.8542
vn 0.4185 0.8159 -0.3989
vn -0.2929 0.8276 -0.4787
vn 0.9717 -0.0000 -0.2363
vn 0.5781 0.8159 0.0141
vn 0.1311 0.8276 -0.5458
vn 0.8542 -0.0000 0.5200
vn 0.3990 0.8159 0.4184
vn 0.4786 0.8274 -0.2939
vn 0.2363 -0.0000 0.9717
vn -0.0132 0.8161 0.5778
vn 0.5460 0.8275 0.1309
vn -0.5200 -0.0000 0.8542
vn -0.4183 0.8160 0.3990
vn 0.2937 0.8274 0.4786
vn -0.0000 1.0000 -0.0000
vn 0.1253 0.9713 -0.2021
vn 0.2315 0.9713 -0.0542
vn 0.2021 0.9713 0.1252
vn 0.0555 0.9713 0.2315
vn -0.1241 0.9712 0.2032
vn -0.2314 0.9713 0.0551
vn -0.2018 0.9713 -0.1256
vn -0.0547 0.9713 -0.2315
vn 0.6845 0.7245 0.0806
vn -0.8843 -0.0000 -0.4670
vn 0.8368 -0.0000 0.5475
vn 0.2506 -0.0000 0.9681
vn 0.4269 0.7246 0.5411
vn -0.2951 -0.0000 -0.9555
vn 0.2046 -0.0000 0.9788
vn -0.5074 -0.0000 0.8617
vn -0.0806 0.7245 0.6845
vn 0.4670 -0.0000 -0.8843
vn -0.5474 -0.0000 0.8368
vn -0.9681 -0.0000 0.2506
vn -0.5411 0.7242 0.4274
vn 0.9555 -0.0000 -0.2950
vn -0.9788 -0.0000 0.2047
vn -0.8617 -0.0000 -0.5074
vn -0.6850 0.7241 -0.0804
vn 0.8843 -0.0000 0.4670
vn -0.8369 -0.0000 -0.5474
vn -0.2506 -0.0000 -0.9681
vn -0.4273 0.7243 -0.5411
vn 0.2950 -0.0000 0.9555
vn -0.2047 -0.0000 -0.9788
vn 0.5074 -0.0000 -0.8617
vn 0.0806 0.7246 -0.6844
vn -0.4670 -0.0000 0.8843
vn 0.5474 -0.0000 -0.8369
vn 0.9681 -0.0000 -0.2506
vn 0.5411 0.7244 -0.4272
vn -0.9555 -0.0000 0.2950
vn 0.9788 -0.0000 -0.2047
vn 0.8617 -0.0000 0.5074
vn 0.1357 0.7361 -0.6631
vn -0.3729 0.7361 -0.5648
vn -0.6630 0.7363 -0.1356
vn -0.5650 0.7360 0.3729
vn -0.1354 0.7363 0.6629
vn 0.3731 0.7365 0.5643
vn 0.6629 0.7364 0.1353
vn 0.5648 0.7362 -0.3729
vn 0.0677 0.9871 -0.1452
vn -0.4940 0.8129 -0.3084
vn -0.5348 -0.0000 0.8449
vn -0.9694 -0.0000 -0.2453
vn 0.9349 -0.0000 0.3550
vn 0.1506 0.9871 -0.0548
vn -0.1326 0.8120 -0.5684
vn -0.9757 -0.0000 0.2190
vn -0.5119 -0.0000 -0.8590
vn 0.4100 -0.0000 0.9121
vn 0.1452 0.9871 0.0677
vn 0.3081 0.8136 -0.4931
vn -0.8450 -0.0000 -0.5348
vn 0.2453 -0.0000 -0.9695
vn -0.3549 -0.0000 0.9349
vn 0.0547 0.9871 0.1504
vn 0.5603 0.8199 -0.1174
vn -0.2204 -0.0000 -0.9754
vn 0.8587 -0.0000 -0.5125
vn -0.9120 -0.0000 0.4102
vn -0.0676 0.9871 0.1450
vn 0.4694 0.8238 0.3179
vn 0.5334 -0.0000 -0.8459
vn 0.9696 -0.0000 0.2446
vn -0.9350 -0.0000 -0.3547
vn -0.1504 0.9871 0.0548
vn 0.1229 0.8176 0.5625
vn 0.9755 -0.0000 -0.2202
vn 0.5125 -0.0000 0.8587
vn -0.4103 -0.0000 -0.9120
vn -0.1452 0.9871 -0.0676
vn -0.3076 0.8113 0.4972
vn 0.8448 -0.0000 0.5351
vn -0.2452 -0.0000 0.9695
vn 0.3548 -0.0000 -0.9349
vn -0.0549 0.9871 -0.1505
vn -0.5646 0.8156 0.1269
vn 0.2198 -0.0000 0.9755
vn -0.8589 -0.0000 0.5122
vn 0.9120 -0.0000 -0.4101
vn -0.0993 -0.0000 0.9951
vn 0.1233 0.8233 0.5541
vn -0.0132 -0.0000 -0.9999
vn 0.6335 -0.0000 0.7738
vn 0.4794 0.8224 0.3065
vn -0.7164 -0.0000 -0.6977
vn 0.9951 -0.0000 0.0990
vn 0.5592 0.8203 -0.1200
vn -0.9999 -0.0000 0.0132
vn 0.7739 -0.0000 -0.6333
vn 0.3017 0.8248 -0.4781
vn -0.6977 -0.0000 0.7164
vn 0.0989 -0.0000 -0.9951
vn -0.1190 0.8191 -0.5612
vn 0.0132 -0.0000 0.9999
vn -0.6340 -0.0000 -0.7734
vn -0.4826 0.8166 -0.3166
vn 0.7164 -0.0000 0.6977
vn -0.9951 -0.0000 -0.0987
vn -0.5630 0.8180 0.1182
vn 0.9999 -0.0000 -0.0132
vn -0.7738 -0.0000 0.6335
vn -0.3070 0.8222 0.4793
vn 0.6977 -0.0000 -0.7164
vn 0.7183 0.6873 0.1081
vn 0.4313 0.6885 0.5830
vn -0.1086 0.6864 0.7191
vn -0.5971 0.6745 0.4342
vn -0.7367 0.6658 -0.1186
vn -0.4331 0.6792 -0.5925
vn 0.1063 0.6895 -0.7164
vn 0.5888 0.6830 -0.4322
vn 0.1407 0.6715 -0.7275
vn -0.4134 0.6733 -0.6130
vn -0.7223 0.6768 -0.1424
vn -0.6151 0.6692 0.4170
vn -0.1431 0.6786 0.7204
vn 0.4044 0.6822 0.6091
vn 0.7187 0.6803 0.1439
vn 0.6129 0.6737 -0.4130
vt 0.310596 0.953668
vt 0.312403 0.951140
vt 0.315212 0.939018
vt 0.314702 0.935953
vt 0.308117 0.925395
vt 0.305589 0.923589
vt 0.293468 0.920779
vt 0.290402 0.921290
vt 0.279845 0.927874
vt 0.278038 0.930403
vt 0.275228 0.942524
vt 0.275739 0.945589
vt 0.282323 0.956147
vt 0.284852 0.957954
vt 0.296973 0.960763
vt 0.300039 0.960253
vt 0.295220 0.940771
vt 0.305440 0.957790
vt 0.314489 0.945548
vt 0.312248 0.930566
vt 0.300243 0.921565
vt 0.285259 0.923598
vt 0.275997 0.935815
vt 0.278242 0.951059
vt 0.290325 0.960010
vt 0.306446 0.967487
vt 0.313488 0.963267
vt 0.322049 0.951725
vt 0.324044 0.943761
vt 0.321937 0.929546
vt 0.317716 0.922504
vt 0.306174 0.913943
vt 0.298210 0.911947
vt 0.283995 0.914055
vt 0.276953 0.918276
vt 0.268392 0.929818
vt 0.266396 0.937782
vt 0.268504 0.951997
vt 0.272725 0.959039
vt 0.284267 0.967600
vt 0.292231 0.969595
vt 0.309987 0.965365
vt 0.316595 0.991473
vt 0.315748 0.991987
vt 0.323063 0.947677
vt 0.346206 0.961469
vt 0.345954 0.962471
vt 0.319826 0.926024
vt 0.345938 0.919417
vt 0.346442 0.920243
vt 0.302468 0.913014
vt 0.316252 0.889918
vt 0.316926 0.890037
vt 0.280813 0.915962
vt 0.274238 0.889900
vt 0.274697 0.889550
vt 0.267440 0.933616
vt 0.244338 0.919827
vt 0.244492 0.919065
vt 0.270684 0.955634
vt 0.244561 0.962241
vt 0.244004 0.961294
vt 0.288150 0.968573
vt 0.274365 0.991686
vt 0.273520 0.991499
vt 0.350084 0.944981
vt 0.350298 0.944108
vt 0.331005 0.982572
vt 0.331807 0.982076
vt 0.290841 0.995623
vt 0.291884 0.995849
vt 0.253492 0.976641
vt 0.253916 0.977358
vt 0.240376 0.936305
vt 0.240143 0.937435
vt 0.259754 0.898700
vt 0.258634 0.899467
vt 0.299781 0.885935
vt 0.298557 0.885694
vt 0.337035 0.905005
vt 0.336525 0.904185
s 1
usemtl metalMat1
f 2241/2350/2110 2238/2350/2111 2239/2351/2112
f 2245/2352/2113 2242/2352/2114 2243/2353/2115
f 2249/2354/2116 2246/2354/2117 2247/2355/2118
f 2253/2356/2119 2250/2356/2120 2251/2357/2121
f 2257/2358/2122 2254/2358/2123 2255/2359/2124
f 2261/2360/2125 2258/2360/2126 2259/2361/2127
f 2265/2362/2128 2262/2362/2129 2263/2363/2130
f 2269/2364/2131 2266/2364/2132 2267/2365/2133
f 2271/2366/2134 2238/2350/2111 2270/2367/2135
f 2239/2351/2112 2238/2350/2111 2271/2366/2134
f 2271/2366/2134 2242/2352/2114 2272/2368/2136
f 2243/2353/2115 2242/2352/2114 2271/2366/2134
f 2271/2366/2134 2246/2354/2117 2273/2369/2137
f 2247/2355/2118 2246/2354/2117 2271/2366/2134
f 2271/2366/2134 2250/2356/2120 2274/2370/2138
f 2251/2357/2121 2250/2356/2120 2271/2366/2134
f 2271/2366/2134 2254/2358/2123 2275/2371/2139
f 2255/2359/2124 2254/2358/2123 2271/2366/2134
f 2271/2366/2134 2258/2360/2126 2276/2372/2140
f 2259/2361/2127 2258/2360/2126 2271/2366/2134
f 2271/2366/2134 2262/2362/2129 2277/2373/2141
f 2263/2363/2130 2262/2362/2129 2271/2366/2134
f 2271/2366/2134 2266/2364/2132 2278/2374/2142
f 2267/2365/2133 2266/2364/2132 2271/2366/2134
f 2280/2375/2143 2267/2365/2133 2270/2367/2135
f 2238/2350/2111 2241/2350/2110 2281/2376/2144
f 2283/2375/2145 2268/2365/2146 2267/2365/2133
f 2285/2377/2147 2239/2351/2112 2272/2368/2136
f 2242/2352/2114 2245/2352/2113 2286/2378/2148
f 2288/2377/2149 2240/2351/2150 2239/2351/2112
f 2290/2379/2151 2243/2353/2115 2273/2369/2137
f 2246/2354/2117 2249/2354/2116 2291/2380/2152
f 2293/2379/2153 2244/2353/2154 2243/2353/2115
f 2295/2381/2155 2247/2355/2118 2274/2370/2138
f 2250/2356/2120 2253/2356/2119 2296/2382/2156
f 2298/2381/2157 2248/2355/2158 2247/2355/2118
f 2300/2383/2159 2251/2357/2121 2275/2371/2139
f 2254/2358/2123 2257/2358/2122 2301/2384/2160
f 2303/2383/2161 2252/2357/2162 2251/2357/2121
f 2305/2385/2163 2255/2359/2124 2276/2372/2140
f 2258/2360/2126 2261/2360/2125 2306/2386/2164
f 2308/2385/2165 2256/2359/2166 2255/2359/2124
f 2310/2387/2167 2259/2361/2127 2277/2373/2141
f 2262/2362/2129 2265/2362/2128 2311/2388/2168
f 2313/2387/2169 2260/2361/2170 2259/2361/2127
f 2315/2389/2171 2263/2363/2130 2278/2374/2142
f 2266/2364/2132 2269/2364/2131 2316/2390/2172
f 2318/2389/2173 2264/2363/2174 2263/2363/2130
f 2272/2368/2136 2242/2352/2114 2287/2378/2175
f 2270/2367/2135 2238/2350/2111 2282/2376/2176
f 2278/2374/2142 2266/2364/2132 2317/2390/2177
f 2277/2373/2141 2262/2362/2129 2312/2388/2178
f 2276/2372/2140 2258/2360/2126 2307/2386/2179
f 2275/2371/2139 2254/2358/2123 2302/2384/2180
f 2274/2370/2138 2250/2356/2120 2297/2382/2181
f 2273/2369/2137 2246/2354/2117 2292/2380/2182
f 2280/2375/2143 2279/2391/2183 2319/2392/2184
f 2279/2391/2183 2321/2391/2185 2322/2392/2186
f 2323/2393/2187 2283/2375/2145 2280/2375/2143
f 2285/2377/2147 2284/2394/2188 2324/2395/2189
f 2284/2394/2188 2326/2394/2190 2327/2395/2191
f 2328/2396/2192 2288/2377/2149 2285/2377/2147
f 2290/2379/2151 2289/2397/2193 2329/2398/2194
f 2289/2397/2193 2331/2397/2195 2332/2398/2196
f 2333/2399/2197 2293/2379/2153 2290/2379/2151
f 2295/2381/2155 2294/2400/2198 2334/2401/2199
f 2294/2400/2198 2336/2400/2200 2337/2401/2201
f 2338/2402/2202 2298/2381/2157 2295/2381/2155
f 2300/2383/2159 2299/2403/2203 2339/2404/2204
f 2299/2403/2203 2341/2403/2205 2342/2404/2206
f 2343/2405/2207 2303/2383/2161 2300/2383/2159
f 2305/2385/2163 2304/2406/2208 2344/2407/2209
f 2304/2406/2208 2346/2406/2210 2347/2407/2211
f 2348/2408/2212 2308/2385/2165 2305/2385/2163
f 2310/2387/2167 2309/2409/2213 2349/2410/2214
f 2309/2409/2213 2351/2409/2215 2352/2410/2216
f 2353/2411/2217 2313/2387/2169 2310/2387/2167
f 2315/2389/2171 2314/2412/2218 2354/2413/2219
f 2314/2412/2218 2356/2412/2220 2357/2413/2221
f 2358/2414/2222 2318/2389/2173 2315/2389/2171
f 2360/2415/2223 2326/2394/2190 2284/2394/2188
f 2359/2415/2224 2284/2394/2188 2287/2378/2175
f 2287/2378/2175 2286/2378/2148 2362/2416/2225
f 2364/2417/2226 2321/2391/2185 2279/2391/2183
f 2363/2417/2227 2279/2391/2183 2282/2376/2176
f 2282/2376/2176 2281/2376/2144 2366/2418/2228
f 2368/2419/2229 2356/2412/2220 2314/2412/2218
f 2367/2419/2230 2314/2412/2218 2317/2390/2177
f 2317/2390/2177 2316/2390/2172 2370/2420/2231
f 2372/2421/2232 2351/2409/2215 2309/2409/2213
f 2371/2421/2233 2309/2409/2213 2312/2388/2178
f 2312/2388/2178 2311/2388/2168 2374/2422/2234
f 2376/2423/2235 2346/2406/2210 2304/2406/2208
f 2375/2423/2236 2304/2406/2208 2307/2386/2179
f 2307/2386/2179 2306/2386/2164 2378/2424/2237
f 2380/2425/2238 2341/2403/2205 2299/2403/2203
f 2379/2425/2239 2299/2403/2203 2302/2384/2180
f 2302/2384/2180 2301/2384/2160 2382/2426/2240
f 2384/2427/2241 2336/2400/2200 2294/2400/2198
f 2383/2427/2242 2294/2400/2198 2297/2382/2181
f 2297/2382/2181 2296/2382/2156 2386/2428/2243
f 2388/2429/2244 2331/2397/2195 2289/2397/2193
f 2387/2429/2245 2289/2397/2193 2292/2380/2182
f 2292/2380/2182 2291/2380/2152 2390/2430/2246
f 2241/2350/2110 2239/2351/2112 2240/2351/2150
f 2245/2352/2113 2243/2353/2115 2244/2353/2154
f 2249/2354/2116 2247/2355/2118 2248/2355/2158
f 2253/2356/2119 2251/2357/2121 2252/2357/2162
f 2257/2358/2122 2255/2359/2124 2256/2359/2166
f 2261/2360/2125 2259/2361/2127 2260/2361/2170
f 2265/2362/2128 2263/2363/2130 2264/2363/2174
f 2269/2364/2131 2267/2365/2133 2268/2365/2146
f 2271/2366/2134 2270/2367/2135 2267/2365/2133
f 2271/2366/2134 2272/2368/2136 2239/2351/2112
f 2271/2366/2134 2273/2369/2137 2243/2353/2115
f 2271/2366/2134 2274/2370/2138 2247/2355/2118
f 2271/2366/2134 2275/2371/2139 2251/2357/2121
f 2271/2366/2134 2276/2372/2140 2255/2359/2124
f 2271/2366/2134 2277/2373/2141 2259/2361/2127
f 2271/2366/2134 2278/2374/2142 2263/2363/2130
f 2280/2375/2143 2270/2367/2135 2279/2391/2183
f 2238/2350/2111 2281/2376/2144 2282/2376/2176
f 2283/2375/2145 2267/2365/2133 2280/2375/2143
f 2285/2377/2147 2272/2368/2136 2284/2394/2188
f 2242/2352/2114 2286/2378/2148 2287/2378/2175
f 2288/2377/2149 2239/2351/2112 2285/2377/2147
f 2290/2379/2151 2273/2369/2137 2289/2397/2193
f 2246/2354/2117 2291/2380/2152 2292/2380/2182
f 2293/2379/2153 2243/2353/2115 2290/2379/2151
f 2295/2381/2155 2274/2370/2138 2294/2400/2198
f 2250/2356/2120 2296/2382/2156 2297/2382/2181
f 2298/2381/2157 2247/2355/2118 2295/2381/2155
f 2300/2383/2159 2275/2371/2139 2299/2403/2203
f 2254/2358/2123 2301/2384/2160 2302/2384/2180
f 2303/2383/2161 2251/2357/2121 2300/2383/2159
f 2305/2385/2163 2276/2372/2140 2304/2406/2208
f 2258/2360/2126 2306/2386/2164 2307/2386/2179
f 2308/2385/2165 2255/2359/2124 2305/2385/2163
f 2310/2387/2167 2277/2373/2141 2309/2409/2213
f 2262/2362/2129 2311/2388/2168 2312/2388/2178
f 2313/2387/2169 2259/2361/2127 2310/2387/2167
f 2315/2389/2171 2278/2374/2142 2314/2412/2218
f 2266/2364/2132 2316/2390/2172 2317/2390/2177
f 2318/2389/2173 2263/2363/2130 2315/2389/2171
f 2272/2368/2136 2287/2378/2175 2284/2394/2188
f 2270/2367/2135 2282/2376/2176 2279/2391/2183
f 2278/2374/2142 2317/2390/2177 2314/2412/2218
f 2277/2373/2141 2312/2388/2178 2309/2409/2213
f 2276/2372/2140 2307/2386/2179 2304/2406/2208
f 2275/2371/2139 2302/2384/2180 2299/2403/2203
f 2274/2370/2138 2297/2382/2181 2294/2400/2198
f 2273/2369/2137 2292/2380/2182 2289/2397/2193
f 2280/2375/2143 2319/2392/2184 2320/2393/2247
f 2279/2391/2183 2322/2392/2186 2319/2392/2184
f 2323/2393/2187 2280/2375/2143 2320/2393/2247
f 2285/2377/2147 2324/2395/2189 2325/2396/2248
f 2284/2394/2188 2327/2395/2191 2324/2395/2189
f 2328/2396/2192 2285/2377/2147 2325/2396/2248
f 2290/2379/2151 2329/2398/2194 2330/2399/2249
f 2289/2397/2193 2332/2398/2196 2329/2398/2194
f 2333/2399/2197 2290/2379/2151 2330/2399/2249
f 2295/2381/2155 2334/2401/2199 2335/2402/2250
f 2294/2400/2198 2337/2401/2201 2334/2401/2199
f 2338/2402/2202 2295/2381/2155 2335/2402/2250
f 2300/2383/2159 2339/2404/2204 2340/2405/2251
f 2299/2403/2203 2342/2404/2206 2339/2404/2204
f 2343/2405/2207 2300/2383/2159 2340/2405/2251
f 2305/2385/2163 2344/2407/2209 2345/2408/2252
f 2304/2406/2208 2347/2407/2211 2344/2407/2209
f 2348/2408/2212 2305/2385/2163 2345/2408/2252
f 2310/2387/2167 2349/2410/2214 2350/2411/2253
f 2309/2409/2213 2352/2410/2216 2349/2410/2214
f 2353/2411/2217 2310/2387/2167 2350/2411/2253
f 2315/2389/2171 2354/2413/2219 2355/2414/2254
f 2314/2412/2218 2357/2413/2221 2354/2413/2219
f 2358/2414/2222 2315/2389/2171 2355/2414/2254
f 2360/2415/2223 2284/2394/2188 2359/2415/2224
f 2359/2415/2224 2287/2378/2175 2361/2416/2255
f 2287/2378/2175 2362/2416/2225 2361/2416/2255
f 2364/2417/2226 2279/2391/2183 2363/2417/2227
f 2363/2417/2227 2282/2376/2176 2365/2418/2256
f 2282/2376/2176 2366/2418/2228 2365/2418/2256
f 2368/2419/2229 2314/2412/2218 2367/2419/2230
f 2367/2419/2230 2317/2390/2177 2369/2420/2257
f 2317/2390/2177 2370/2420/2231 2369/2420/2257
f 2372/2421/2232 2309/2409/2213 2371/2421/2233
f 2371/2421/2233 2312/2388/2178 2373/2422/2258
f 2312/2388/2178 2374/2422/2234 2373/2422/2258
f 2376/2423/2235 2304/2406/2208 2375/2423/2236
f 2375/2423/2236 2307/2386/2179 2377/2424/2259
f 2307/2386/2179 2378/2424/2237 2377/2424/2259
f 2380/2425/2238 2299/2403/2203 2379/2425/2239
f 2379/2425/2239 2302/2384/2180 2381/2426/2260
f 2302/2384/2180 2382/2426/2240 2381/2426/2260
f 2384/2427/2241 2294/2400/2198 2383/2427/2242
f 2383/2427/2242 2297/2382/2181 2385/2428/2261
f 2297/2382/2181 2386/2428/2243 2385/2428/2261
f 2388/2429/2244 2289/2397/2193 2387/2429/2245
f 2387/2429/2245 2292/2380/2182 2389/2430/2262
f 2292/2380/2182 2390/2430/2246 2389/2430/2262
o car72
v -5.349166 3.079115 2.230115
v -5.112630 3.079115 2.267580
v -5.112630 3.079115 1.922056
v -5.242394 3.079115 1.901504
v -5.562550 3.079115 2.121392
v -5.359458 3.079115 1.841856
v -5.731890 3.079115 1.952047
v -5.452358 3.079115 1.748956
v -5.840618 3.079115 1.738664
v -5.512002 3.079115 1.631892
v -5.878078 3.079115 1.502128
v -5.532558 3.079115 1.502128
v -5.840618 3.079115 1.265592
v -5.512002 3.079115 1.372364
v -5.731890 3.079115 1.052207
v -5.452358 3.079115 1.255304
v -5.562550 3.079115 0.882868
v -5.359458 3.079115 1.162400
v -5.349166 3.079115 0.774144
v -5.242394 3.079115 1.102756
v -5.112630 3.079115 0.736680
v -5.112630 3.079115 1.082204
v -4.876094 3.079115 0.774144
v -4.982866 3.079115 1.102756
v -4.662710 3.079115 0.882868
v -4.865802 3.079115 1.162400
v -4.493366 3.079115 1.052208
v -4.772902 3.079115 1.255304
v -4.384642 3.079115 1.265592
v -4.713258 3.079115 1.372364
v -4.347178 3.079115 1.502128
v -4.692702 3.079115 1.502128
v -4.384642 3.079115 1.738664
v -4.713258 3.079115 1.631892
v -4.493366 3.079115 1.952048
v -4.772902 3.079115 1.748956
v -4.662710 3.079115 2.121392
v -4.865802 3.079115 1.841856
v -4.876094 3.079115 2.230116
v -4.982866 3.079115 1.901504
vn -0.0000 1.0000 -0.0000
vt 0.314109 0.839156
vt 0.323928 0.869377
vt 0.302175 0.872822
vt 0.343552 0.859378
vt 0.359125 0.843804
vt 0.324875 0.833670
vt 0.369124 0.824181
vt 0.333418 0.825127
vt 0.340794 0.802428
vt 0.372570 0.802428
vt 0.369124 0.780675
vt 0.359125 0.761051
vt 0.338904 0.790494
vt 0.324875 0.771185
vt 0.343552 0.745477
vt 0.323928 0.735479
vt 0.302175 0.732033
vt 0.314109 0.765699
vt 0.290242 0.765699
vt 0.280422 0.735479
vt 0.279476 0.771185
vt 0.260799 0.745477
vt 0.245225 0.761051
vt 0.235226 0.780675
vt 0.270932 0.779728
vt 0.263557 0.802428
vt 0.231781 0.802428
vt 0.235226 0.824181
vt 0.270932 0.825127
vt 0.245225 0.843804
vt 0.260799 0.859378
vt 0.290242 0.839156
vt 0.280422 0.869377
vt 0.302175 0.841046
vt 0.338904 0.814361
vt 0.333418 0.779728
vt 0.302175 0.763809
vt 0.265447 0.790494
vt 0.265447 0.814361
vt 0.279476 0.833670
s 1
usemtl metalMat1
f 2394/2431/2263 2391/2432/2263 2392/2433/2263
f 2395/2434/2263 2391/2432/2263 2394/2431/2263
f 2397/2435/2263 2395/2434/2263 2396/2436/2263
f 2399/2437/2263 2397/2435/2263 2398/2438/2263
f 2402/2439/2263 2401/2440/2263 2399/2437/2263
f 2403/2441/2263 2401/2440/2263 2402/2439/2263
f 2405/2442/2263 2403/2441/2263 2404/2443/2263
f 2408/2444/2263 2407/2445/2263 2405/2442/2263
f 2409/2446/2263 2407/2445/2263 2408/2444/2263
f 2411/2447/2263 2409/2446/2263 2410/2448/2263
f 2414/2449/2263 2413/2450/2263 2411/2447/2263
f 2416/2451/2263 2415/2452/2263 2413/2450/2263
f 2417/2453/2263 2415/2452/2263 2416/2451/2263
f 2419/2454/2263 2417/2453/2263 2418/2455/2263
f 2422/2456/2263 2421/2457/2263 2419/2454/2263
f 2423/2458/2263 2421/2457/2263 2422/2456/2263
f 2426/2459/2263 2425/2460/2263 2423/2458/2263
f 2427/2461/2263 2425/2460/2263 2426/2459/2263
f 2430/2462/2263 2429/2463/2263 2427/2461/2263
f 2392/2433/2263 2429/2463/2263 2430/2462/2263
f 2394/2431/2263 2392/2433/2263 2393/2464/2263
f 2395/2434/2263 2394/2431/2263 2396/2436/2263
f 2397/2435/2263 2396/2436/2263 2398/2438/2263
f 2399/2437/2263 2398/2438/2263 2400/2465/2263
f 2402/2439/2263 2399/2437/2263 2400/2465/2263
f 2403/2441/2263 2402/2439/2263 2404/2443/2263
f 2405/2442/2263 2404/2443/2263 2406/2466/2263
f 2408/2444/2263 2405/2442/2263 2406/2466/2263
f 2409/2446/2263 2408/2444/2263 2410/2448/2263
f 2411/2447/2263 2410/2448/2263 2412/2467/2263
f 2414/2449/2263 2411/2447/2263 2412/2467/2263
f 2416/2451/2263 2413/2450/2263 2414/2449/2263
f 2417/2453/2263 2416/2451/2263 2418/2455/2263
f 2419/2454/2263 2418/2455/2263 2420/2468/2263
f 2422/2456/2263 2419/2454/2263 2420/2468/2263
f 2423/2458/2263 2422/2456/2263 2424/2469/2263
f 2426/2459/2263 2423/2458/2263 2424/2469/2263
f 2427/2461/2263 2426/2459/2263 2428/2470/2263
f 2430/2462/2263 2427/2461/2263 2428/2470/2263
f 2392/2433/2263 2430/2462/2263 2393/2464/2263
o car73
v -4.596762 1.936575 0.256712
v -5.112630 1.936575 0.152544
v -5.112630 3.434631 0.158052
v -4.598866 3.434631 0.261792
v -5.112630 3.508007 0.393712
v -5.112630 3.349979 0.471608
v -4.718722 3.349979 0.551148
v -4.688946 3.508007 0.479264
v -5.112630 3.515159 0.280544
v -4.645690 3.515159 0.374832
v -4.158334 1.936575 0.547828
v -4.162222 3.434631 0.551720
v -4.383942 3.349979 0.773440
v -4.328862 3.508007 0.718360
v -4.248842 3.515159 0.638336
v -3.867214 1.936575 0.986260
v -3.872294 3.434631 0.988364
v -4.161650 3.349979 1.108220
v -4.089766 3.508007 1.078444
v -3.985334 3.515159 1.035188
v -3.763046 1.936575 1.502128
v -3.768554 3.434631 1.502128
v -4.082110 3.349979 1.502128
v -4.004214 3.508007 1.502128
v -3.891046 3.515159 1.502128
v -3.867214 1.936575 2.017996
v -3.872294 3.434631 2.015892
v -4.161650 3.349979 1.896036
v -4.089766 3.508007 1.925812
v -3.985334 3.515159 1.969068
v -4.158330 1.936575 2.456428
v -4.162222 3.434631 2.452536
v -4.383942 3.349979 2.230816
v -4.328862 3.508007 2.285896
v -4.248842 3.515159 2.365920
v -4.596762 1.936575 2.747544
v -4.598866 3.434631 2.742464
v -4.718722 3.349979 2.453108
v -4.688946 3.508007 2.524992
v -4.645690 3.515159 2.629424
v -5.112630 1.936575 2.851712
v -5.112630 3.434631 2.846208
v -5.112630 3.349979 2.532648
v -5.112630 3.508007 2.610543
v -5.112630 3.515159 2.723711
v -5.628498 1.936575 2.747544
v -5.626394 3.434631 2.742464
v -5.506538 3.349979 2.453108
v -5.536314 3.508007 2.524992
v -5.579570 3.515159 2.629424
v -6.066930 1.936575 2.456428
v -6.063038 3.434631 2.452536
v -5.841318 3.349979 2.230815
v -5.896398 3.508007 2.285896
v -5.976422 3.515159 2.365920
v -6.358046 1.936575 2.017996
v -6.352966 3.434631 2.015892
v -6.063610 3.349979 1.896036
v -6.135494 3.508007 1.925812
v -6.239926 3.515159 1.969072
v -6.462214 1.936575 1.502128
v -6.456710 3.434631 1.502128
v -6.143150 3.349979 1.502128
v -6.221050 3.508007 1.502128
v -6.334214 3.515159 1.502128
v -6.358046 1.936575 0.986260
v -6.352966 3.434631 0.988364
v -6.063610 3.349979 1.108220
v -6.135494 3.508007 1.078444
v -6.239926 3.515159 1.035187
v -6.066930 1.936575 0.547828
v -6.063038 3.434631 0.551720
v -5.841318 3.349979 0.773440
v -5.896402 3.508007 0.718360
v -5.976422 3.515159 0.638340
v -5.628498 1.936575 0.256712
v -5.626394 3.434631 0.261792
v -5.506538 3.349979 0.551148
v -5.536314 3.508007 0.479264
v -5.579574 3.515159 0.374832
vn 0.3827 0.0037 -0.9239
vn -0.0000 0.0037 -1.0000
vn -0.0000 0.4530 -0.8915
vn -0.1949 0.8606 0.4705
vn -0.0000 0.8616 0.5076
vn -0.0000 0.4421 0.8970
vn 0.3411 0.4533 -0.8235
vn -0.0000 0.9561 -0.2931
vn 0.1118 0.9563 -0.2700
vn 0.6304 0.4530 -0.6304
vn 0.7071 0.0037 -0.7071
vn -0.3433 0.4417 0.8289
vn -0.6342 0.4421 0.6342
vn 0.2072 0.9561 -0.2072
vn -0.3590 0.8616 0.3590
vn 0.9239 0.0037 -0.3827
vn -0.4705 0.8606 0.1949
vn 0.8235 0.4533 -0.3411
vn 0.2700 0.9563 -0.1118
vn 0.8915 0.4530 -0.0000
vn 1.0000 0.0037 -0.0000
vn -0.8289 0.4417 0.3433
vn -0.8970 0.4421 -0.0000
vn 0.2931 0.9561 -0.0000
vn -0.5076 0.8616 -0.0000
vn 0.9239 0.0037 0.3827
vn -0.4705 0.8606 -0.1949
vn 0.8235 0.4533 0.3411
vn 0.2700 0.9563 0.1118
vn 0.6304 0.4530 0.6304
vn 0.7071 0.0037 0.7071
vn -0.8289 0.4417 -0.3433
vn -0.6342 0.4421 -0.6342
vn 0.2072 0.9561 0.2072
vn -0.3590 0.8616 -0.3590
vn 0.3827 0.0037 0.9239
vn -0.1949 0.8606 -0.4705
vn 0.3411 0.4533 0.8235
vn 0.1118 0.9563 0.2700
vn -0.0000 0.4530 0.8915
vn -0.0000 0.0037 1.0000
vn -0.3433 0.4417 -0.8289
vn -0.0000 0.4421 -0.8970
vn -0.0000 0.9561 0.2931
vn -0.0000 0.8616 -0.5076
vn -0.3827 0.0037 0.9239
vn 0.1949 0.8606 -0.4705
vn -0.3411 0.4533 0.8235
vn -0.1118 0.9563 0.2700
vn -0.6304 0.4530 0.6304
vn -0.7071 0.0037 0.7071
vn 0.3433 0.4417 -0.8289
vn 0.6342 0.4421 -0.6342
vn -0.2072 0.9561 0.2072
vn 0.3590 0.8616 -0.3590
vn -0.9239 0.0037 0.3827
vn 0.4705 0.8606 -0.1949
vn -0.8235 0.4533 0.3411
vn -0.2700 0.9563 0.1118
vn -0.8915 0.4530 -0.0000
vn -1.0000 0.0037 -0.0000
vn 0.8289 0.4417 -0.3433
vn 0.8969 0.4421 -0.0000
vn -0.2931 0.9561 -0.0000
vn 0.5076 0.8616 -0.0000
vn -0.9239 0.0037 -0.3827
vn 0.4705 0.8606 0.1949
vn -0.8235 0.4533 -0.3411
vn -0.2700 0.9563 -0.1118
vn -0.6304 0.4530 -0.6304
vn -0.7071 0.0037 -0.7071
vn 0.8289 0.4417 0.3433
vn 0.6342 0.4421 0.6342
vn -0.2072 0.9561 -0.2072
vn 0.3589 0.8616 0.3589
vn -0.3827 0.0037 -0.9239
vn 0.1949 0.8606 0.4705
vn -0.3411 0.4533 -0.8235
vn -0.1118 0.9563 -0.2700
vn 0.3433 0.4417 0.8289
vt 0.398051 0.980299
vt 0.390441 0.980299
vt 0.390441 0.903541
vt 0.561921 0.837736
vt 0.589211 0.832226
vt 0.589211 0.837243
vt 0.556119 0.823729
vt 0.589211 0.817046
vt 0.589211 0.824936
vt 0.559134 0.831009
vt 0.405660 0.903541
vt 0.405660 0.980299
vt 0.563839 0.842366
vt 0.542275 0.856684
vt 0.533573 0.847982
vt 0.538727 0.853137
vt 0.413270 0.980299
vt 0.523327 0.876330
vt 0.509319 0.870528
vt 0.527994 0.842403
vt 0.516600 0.873544
vt 0.420880 0.903541
vt 0.420880 0.980299
vt 0.527957 0.878248
vt 0.522834 0.903620
vt 0.510527 0.903620
vt 0.517816 0.903620
vt 0.428490 0.980299
vt 0.523327 0.930910
vt 0.509319 0.936713
vt 0.502637 0.903620
vt 0.516600 0.933697
vt 0.436099 0.903541
vt 0.436099 0.980299
vt 0.527957 0.928993
vt 0.542275 0.950556
vt 0.533573 0.959258
vt 0.538727 0.954104
vt 0.443709 0.980299
vt 0.561921 0.969504
vt 0.556119 0.983512
vt 0.527994 0.964837
vt 0.559134 0.976231
vt 0.451319 0.903541
vt 0.451319 0.980299
vt 0.563839 0.964874
vt 0.589211 0.969998
vt 0.589211 0.982304
vt 0.589211 0.975015
vt 0.458929 0.980299
vt 0.616501 0.969504
vt 0.622303 0.983512
vt 0.589211 0.990194
vt 0.619287 0.976231
vt 0.466539 0.903541
vt 0.466539 0.980299
vt 0.614583 0.964874
vt 0.636147 0.950556
vt 0.644849 0.959258
vt 0.639694 0.954104
vt 0.474148 0.980299
vt 0.655095 0.930910
vt 0.669103 0.936713
vt 0.650428 0.964837
vt 0.661822 0.933697
vt 0.481758 0.903541
vt 0.481758 0.980299
vt 0.650465 0.928993
vt 0.655588 0.903620
vt 0.667895 0.903620
vt 0.660606 0.903620
vt 0.367611 0.980299
vt 0.360002 0.980299
vt 0.360002 0.903541
vt 0.655095 0.876330
vt 0.669103 0.870528
vt 0.675785 0.903620
vt 0.661822 0.873544
vt 0.375221 0.903541
vt 0.375221 0.980299
vt 0.650465 0.878248
vt 0.636147 0.856684
vt 0.644849 0.847982
vt 0.639694 0.853137
vt 0.382831 0.980299
vt 0.616501 0.837736
vt 0.622303 0.823729
vt 0.650428 0.842403
vt 0.619287 0.831009
vt 0.614583 0.842366
vt 0.398051 0.903541
vt 0.413270 0.903541
vt 0.428490 0.903541
vt 0.443709 0.903541
vt 0.458929 0.903541
vt 0.474148 0.903541
vt 0.367611 0.903541
vt 0.382831 0.903541
s 1
usemtl rubberMat
f 2431/2471/2264 2432/2472/2265 2433/2473/2266
f 2438/2474/2267 2435/2475/2268 2436/2476/2269
f 2434/2477/2270 2433/2478/2266 2439/2479/2271
f 2440/2480/2272 2439/2479/2271 2435/2475/2268
f 2442/2481/2273 2441/2482/2274 2431/2471/2264
f 2438/2474/2267 2437/2483/2275 2443/2484/2276
f 2434/2477/2270 2440/2480/2272 2445/2485/2277
f 2440/2480/2272 2438/2474/2267 2444/2486/2278
f 2446/2487/2279 2441/2482/2274 2442/2481/2273
f 2449/2488/2280 2444/2486/2278 2443/2484/2276
f 2447/2489/2281 2442/2490/2273 2445/2485/2277
f 2450/2491/2282 2445/2485/2277 2444/2486/2278
f 2452/2492/2283 2451/2493/2284 2446/2487/2279
f 2449/2488/2280 2448/2494/2285 2453/2495/2286
f 2447/2489/2281 2450/2491/2282 2455/2496/2287
f 2450/2491/2282 2449/2488/2280 2454/2497/2288
f 2456/2498/2289 2451/2493/2284 2452/2492/2283
f 2459/2499/2290 2454/2497/2288 2453/2495/2286
f 2457/2500/2291 2452/2501/2283 2455/2496/2287
f 2460/2502/2292 2455/2496/2287 2454/2497/2288
f 2462/2503/2293 2461/2504/2294 2456/2498/2289
f 2459/2499/2290 2458/2505/2295 2463/2506/2296
f 2457/2500/2291 2460/2502/2292 2465/2507/2297
f 2460/2502/2292 2459/2499/2290 2464/2508/2298
f 2466/2509/2299 2461/2504/2294 2462/2503/2293
f 2469/2510/2300 2464/2508/2298 2463/2506/2296
f 2467/2511/2301 2462/2512/2293 2465/2507/2297
f 2470/2513/2302 2465/2507/2297 2464/2508/2298
f 2472/2514/2303 2471/2515/2304 2466/2509/2299
f 2469/2510/2300 2468/2516/2305 2473/2517/2306
f 2467/2511/2301 2470/2513/2302 2475/2518/2307
f 2470/2513/2302 2469/2510/2300 2474/2519/2308
f 2476/2520/2309 2471/2515/2304 2472/2514/2303
f 2479/2521/2310 2474/2519/2308 2473/2517/2306
f 2477/2522/2311 2472/2523/2303 2475/2518/2307
f 2480/2524/2312 2475/2518/2307 2474/2519/2308
f 2482/2525/2313 2481/2526/2314 2476/2520/2309
f 2479/2521/2310 2478/2527/2315 2483/2528/2316
f 2477/2522/2311 2480/2524/2312 2485/2529/2317
f 2480/2524/2312 2479/2521/2310 2484/2530/2318
f 2486/2531/2319 2481/2526/2314 2482/2525/2313
f 2489/2532/2320 2484/2530/2318 2483/2528/2316
f 2487/2533/2321 2482/2534/2313 2485/2529/2317
f 2490/2535/2322 2485/2529/2317 2484/2530/2318
f 2492/2536/2323 2491/2537/2324 2486/2531/2319
f 2489/2532/2320 2488/2538/2325 2493/2539/2326
f 2487/2533/2321 2490/2535/2322 2495/2540/2327
f 2490/2535/2322 2489/2532/2320 2494/2541/2328
f 2496/2542/2329 2491/2543/2324 2492/2544/2323
f 2499/2545/2330 2494/2541/2328 2493/2539/2326
f 2497/2546/2331 2492/2547/2323 2495/2540/2327
f 2500/2548/2332 2495/2540/2327 2494/2541/2328
f 2502/2549/2333 2501/2550/2334 2496/2542/2329
f 2499/2545/2330 2498/2551/2335 2503/2552/2336
f 2497/2546/2331 2500/2548/2332 2505/2553/2337
f 2500/2548/2332 2499/2545/2330 2504/2554/2338
f 2506/2555/2339 2501/2550/2334 2502/2549/2333
f 2509/2556/2340 2504/2554/2338 2503/2552/2336
f 2507/2557/2341 2502/2558/2333 2505/2553/2337
f 2510/2559/2342 2505/2553/2337 2504/2554/2338
f 2433/2473/2266 2432/2472/2265 2506/2555/2339
f 2509/2556/2340 2508/2560/2343 2436/2476/2269
f 2507/2557/2341 2510/2559/2342 2439/2479/2271
f 2510/2559/2342 2509/2556/2340 2435/2475/2268
f 2431/2471/2264 2433/2473/2266 2434/2561/2270
f 2438/2474/2267 2436/2476/2269 2437/2483/2275
f 2434/2477/2270 2439/2479/2271 2440/2480/2272
f 2440/2480/2272 2435/2475/2268 2438/2474/2267
f 2442/2481/2273 2431/2471/2264 2434/2561/2270
f 2438/2474/2267 2443/2484/2276 2444/2486/2278
f 2434/2477/2270 2445/2485/2277 2442/2490/2273
f 2440/2480/2272 2444/2486/2278 2445/2485/2277
f 2446/2487/2279 2442/2481/2273 2447/2562/2281
f 2449/2488/2280 2443/2484/2276 2448/2494/2285
f 2447/2489/2281 2445/2485/2277 2450/2491/2282
f 2450/2491/2282 2444/2486/2278 2449/2488/2280
f 2452/2492/2283 2446/2487/2279 2447/2562/2281
f 2449/2488/2280 2453/2495/2286 2454/2497/2288
f 2447/2489/2281 2455/2496/2287 2452/2501/2283
f 2450/2491/2282 2454/2497/2288 2455/2496/2287
f 2456/2498/2289 2452/2492/2283 2457/2563/2291
f 2459/2499/2290 2453/2495/2286 2458/2505/2295
f 2457/2500/2291 2455/2496/2287 2460/2502/2292
f 2460/2502/2292 2454/2497/2288 2459/2499/2290
f 2462/2503/2293 2456/2498/2289 2457/2563/2291
f 2459/2499/2290 2463/2506/2296 2464/2508/2298
f 2457/2500/2291 2465/2507/2297 2462/2512/2293
f 2460/2502/2292 2464/2508/2298 2465/2507/2297
f 2466/2509/2299 2462/2503/2293 2467/2564/2301
f 2469/2510/2300 2463/2506/2296 2468/2516/2305
f 2467/2511/2301 2465/2507/2297 2470/2513/2302
f 2470/2513/2302 2464/2508/2298 2469/2510/2300
f 2472/2514/2303 2466/2509/2299 2467/2564/2301
f 2469/2510/2300 2473/2517/2306 2474/2519/2308
f 2467/2511/2301 2475/2518/2307 2472/2523/2303
f 2470/2513/2302 2474/2519/2308 2475/2518/2307
f 2476/2520/2309 2472/2514/2303 2477/2565/2311
f 2479/2521/2310 2473/2517/2306 2478/2527/2315
f 2477/2522/2311 2475/2518/2307 2480/2524/2312
f 2480/2524/2312 2474/2519/2308 2479/2521/2310
f 2482/2525/2313 2476/2520/2309 2477/2565/2311
f 2479/2521/2310 2483/2528/2316 2484/2530/2318
f 2477/2522/2311 2485/2529/2317 2482/2534/2313
f 2480/2524/2312 2484/2530/2318 2485/2529/2317
f 2486/2531/2319 2482/2525/2313 2487/2566/2321
f 2489/2532/2320 2483/2528/2316 2488/2538/2325
f 2487/2533/2321 2485/2529/2317 2490/2535/2322
f 2490/2535/2322 2484/2530/2318 2489/2532/2320
f 2492/2536/2323 2486/2531/2319 2487/2566/2321
f 2489/2532/2320 2493/2539/2326 2494/2541/2328
f 2487/2533/2321 2495/2540/2327 2492/2547/2323
f 2490/2535/2322 2494/2541/2328 2495/2540/2327
f 2496/2542/2329 2492/2544/2323 2497/2567/2331
f 2499/2545/2330 2493/2539/2326 2498/2551/2335
f 2497/2546/2331 2495/2540/2327 2500/2548/2332
f 2500/2548/2332 2494/2541/2328 2499/2545/2330
f 2502/2549/2333 2496/2542/2329 2497/2567/2331
f 2499/2545/2330 2503/2552/2336 2504/2554/2338
f 2497/2546/2331 2505/2553/2337 2502/2558/2333
f 2500/2548/2332 2504/2554/2338 2505/2553/2337
f 2506/2555/2339 2502/2549/2333 2507/2568/2341
f 2509/2556/2340 2503/2552/2336 2508/2560/2343
f 2507/2557/2341 2505/2553/2337 2510/2559/2342
f 2510/2559/2342 2504/2554/2338 2509/2556/2340
f 2433/2473/2266 2506/2555/2339 2507/2568/2341
f 2509/2556/2340 2436/2476/2269 2435/2475/2268
f 2507/2557/2341 2439/2479/2271 2433/2478/2266
f 2510/2559/2342 2435/2475/2268 2439/2479/2271
o car74
v -4.756214 2.415899 0.641664
v -4.753174 3.328003 0.634320
v -5.112630 3.328003 0.561740
v -5.112630 2.415899 0.569692
v -5.112630 3.367395 0.503856
v -4.731046 3.367395 0.580904
v -4.710798 3.395715 0.532016
v -5.112630 3.395715 0.450876
v -5.112630 3.339023 0.515892
v -4.735650 3.339023 0.592016
v -4.453298 2.415899 0.842796
v -4.447674 3.328003 0.837172
v -4.406746 3.367395 0.796240
v -4.369282 3.395715 0.758780
v -4.415258 3.339023 0.804756
v -4.252166 2.415899 1.145712
v -4.244822 3.328003 1.142672
v -4.191406 3.367395 1.120544
v -4.142518 3.395715 1.100296
v -4.202518 3.339023 1.125148
v -4.180194 2.415899 1.502128
v -4.172242 3.328003 1.502128
v -4.114358 3.367395 1.502128
v -4.061378 3.395715 1.502128
v -4.126398 3.339023 1.502128
v -4.239258 3.395715 2.086028
v -4.283274 3.367395 2.056604
v -4.406742 3.367395 2.208016
v -4.369282 3.395715 2.245476
v -4.252166 2.415899 1.858544
v -4.244822 3.328003 1.861584
v -4.191406 3.367395 1.883712
v -4.142518 3.395715 1.903964
v -4.202518 3.339023 1.879108
v -4.453298 2.415899 2.161460
v -4.447674 3.328003 2.167084
v -4.331362 3.328003 2.024452
v -4.293274 3.339023 2.049916
v -4.415258 3.339023 2.199500
v -4.756214 2.415899 2.362596
v -4.753174 3.328003 2.369936
v -4.731046 3.367395 2.423352
v -4.710798 3.395715 2.472240
v -4.735650 3.339023 2.412240
v -5.112630 2.415899 2.434564
v -5.112630 3.328003 2.442519
v -5.112630 3.367395 2.500403
v -5.112630 3.395715 2.553380
v -5.112630 3.339023 2.488364
v -5.469046 2.415899 2.362596
v -5.472090 3.328003 2.369936
v -5.494214 3.367395 2.423352
v -5.514466 3.395715 2.472239
v -5.489610 3.339023 2.412240
v -5.771962 2.415899 2.161459
v -5.777586 3.328003 2.167084
v -5.818518 3.367395 2.208015
v -5.855978 3.395715 2.245476
v -5.810006 3.339023 2.199503
v -5.973094 2.415899 1.858544
v -5.980438 3.328003 1.861588
v -6.033854 3.367395 1.883712
v -6.082742 3.395715 1.903964
v -6.022742 3.339023 1.879107
v -6.045066 2.415899 1.502128
v -6.053022 3.328003 1.502128
v -6.110906 3.367395 1.502128
v -6.163882 3.395715 1.502128
v -6.098866 3.339023 1.502128
v -5.973098 2.415899 1.145712
v -5.980438 3.328003 1.142671
v -6.033854 3.367395 1.120543
v -6.082742 3.395715 1.100296
v -6.022742 3.339023 1.125148
v -5.771962 2.415899 0.842796
v -5.777586 3.328003 0.837172
v -5.818518 3.367395 0.796244
v -5.855978 3.395715 0.758780
v -5.810006 3.339023 0.804756
v -5.469046 2.415899 0.641664
v -5.472090 3.328003 0.634320
v -5.494214 3.367395 0.580904
v -5.514466 3.395715 0.532016
v -5.489610 3.339023 0.592016
vn -0.0000 0.0087 1.0000
vn -0.3827 0.0087 0.9238
vn -0.2869 0.6617 0.6927
vn -0.0000 0.6963 0.7177
vn -0.2750 0.6954 0.6639
vn -0.1806 0.8817 0.4359
vn -0.2589 0.7364 0.6250
vn -0.0000 0.7358 0.6772
vn -0.0000 0.6630 0.7486
vn -0.7071 0.0087 0.7071
vn -0.5293 0.6630 0.5293
vn -0.5075 0.6964 0.5075
vn -0.4788 0.7359 0.4788
vn -0.9238 0.0087 0.3827
vn -0.6927 0.6617 0.2869
vn -0.6639 0.6954 0.2750
vn -0.4359 0.8817 0.1806
vn -0.6250 0.7364 0.2589
vn -1.0000 0.0087 -0.0000
vn -0.7486 0.6630 -0.0000
vn -0.7177 0.6964 -0.0000
vn -0.6771 0.7359 -0.0000
vn -0.3929 0.8818 -0.2610
vn -0.6069 0.6850 -0.4031
vn -0.4854 0.6906 -0.5361
vn -0.9240 0.0207 -0.3819
vn -0.6918 0.6593 -0.2945
vn -0.6819 0.6896 -0.2437
vn -0.4440 0.8815 -0.1608
vn -0.6306 0.7427 -0.2252
vn -0.6128 0.6475 -0.4530
vn -0.5516 0.7493 -0.3663
vn -0.4773 0.6579 -0.5826
vn -0.4497 0.7422 -0.4969
vn -0.7064 0.0208 -0.7075
vn -0.3827 0.0087 -0.9238
vn -0.2869 0.6617 -0.6927
vn -0.2750 0.6954 -0.6639
vn -0.1806 0.8817 -0.4359
vn -0.2589 0.7364 -0.6250
vn -0.0000 0.0087 -1.0000
vn -0.0000 0.6630 -0.7486
vn -0.0000 0.6964 -0.7177
vn -0.0000 0.7359 -0.6771
vn 0.3827 0.0087 -0.9238
vn 0.2869 0.6617 -0.6927
vn 0.2750 0.6954 -0.6639
vn 0.1806 0.8817 -0.4359
vn 0.2589 0.7364 -0.6250
vn 0.7071 0.0087 -0.7071
vn 0.5293 0.6630 -0.5293
vn 0.5075 0.6963 -0.5075
vn 0.4788 0.7359 -0.4788
vn 0.9238 0.0087 -0.3827
vn 0.6927 0.6617 -0.2869
vn 0.6639 0.6954 -0.2750
vn 0.4359 0.8817 -0.1806
vn 0.6250 0.7364 -0.2589
vn 1.0000 0.0087 -0.0000
vn 0.7486 0.6630 -0.0000
vn 0.7177 0.6963 -0.0000
vn 0.6771 0.7359 -0.0000
vn 0.9238 0.0087 0.3827
vn 0.6927 0.6617 0.2869
vn 0.6639 0.6954 0.2750
vn 0.4359 0.8817 0.1806
vn 0.6250 0.7364 0.2589
vn 0.7071 0.0087 0.7071
vn 0.5293 0.6630 0.5293
vn 0.5075 0.6963 0.5075
vn 0.4788 0.7359 0.4788
vn 0.3827 0.0087 0.9238
vn 0.2869 0.6617 0.6927
vn 0.2750 0.6954 0.6639
vn 0.1806 0.8817 0.4359
vn 0.2589 0.7364 0.6250
vn -0.0000 0.8819 0.4714
vn -0.3333 0.8819 0.3333
vn -0.4714 0.8819 -0.0000
vn -0.3182 0.8817 -0.3484
vn -0.0000 0.8819 -0.4714
vn 0.3334 0.8819 -0.3334
vn 0.4714 0.8819 -0.0000
vn 0.3333 0.8819 0.3333
vt 0.824587 0.960498
vt 0.824587 0.975123
vt 0.862014 0.975248
vt 0.725562 0.845407
vt 0.741220 0.848568
vt 0.742051 0.846562
vt 0.825899 0.846356
vt 0.810430 0.843233
vt 0.810430 0.845114
vt 0.852191 0.881034
vt 0.852191 0.896502
vt 0.853355 0.896691
vt 0.824587 0.987553
vt 0.862014 0.987784
vt 0.754527 0.857404
vt 0.825180 0.848092
vt 0.837715 0.856416
vt 0.852191 0.909649
vt 0.824587 0.995806
vt 0.862014 0.996107
vt 0.763363 0.870712
vt 0.765369 0.869881
vt 0.847775 0.868233
vt 0.839045 0.855086
vt 0.852191 0.918379
vt 0.853355 0.918835
vt 0.781513 0.939639
vt 0.818940 0.939639
vt 0.818940 0.924890
vt 0.766525 0.886369
vt 0.846039 0.868952
vt 0.849017 0.883701
vt 0.823480 0.924890
vt 0.822316 0.925078
vt 0.822316 0.940547
vt 0.761399 0.910329
vt 0.759593 0.909121
vt 0.754527 0.915334
vt 0.781513 0.954264
vt 0.818940 0.954389
vt 0.763363 0.902027
vt 0.765369 0.902858
vt 0.847775 0.899170
vt 0.850898 0.883701
vt 0.822316 0.956016
vt 0.823480 0.956205
vt 0.818940 0.961072
vt 0.846039 0.898451
vt 0.842488 0.905134
vt 0.822316 0.963025
vt 0.823480 0.963299
vt 0.844051 0.906179
vt 0.837715 0.910987
vt 0.822316 0.969163
vt 0.823480 0.969512
vt 0.781513 0.966694
vt 0.781513 0.974947
vt 0.818940 0.975248
vt 0.741220 0.924170
vt 0.742051 0.926176
vt 0.825899 0.921046
vt 0.839045 0.912317
vt 0.822316 0.977892
vt 0.823480 0.978348
vt 0.742980 0.944975
vt 0.780407 0.944975
vt 0.780407 0.930225
vt 0.725562 0.927332
vt 0.825180 0.919310
vt 0.810430 0.922289
vt 0.821210 0.924890
vt 0.820046 0.925078
vt 0.820046 0.940547
vt 0.742980 0.959600
vt 0.780407 0.959725
vt 0.709905 0.924170
vt 0.709074 0.926176
vt 0.794961 0.921046
vt 0.810430 0.924170
vt 0.820046 0.956016
vt 0.821210 0.956205
vt 0.742980 0.972030
vt 0.780407 0.972260
vt 0.696597 0.915334
vt 0.795680 0.919310
vt 0.783145 0.910987
vt 0.820046 0.969163
vt 0.742980 0.980283
vt 0.780407 0.980584
vt 0.687761 0.902027
vt 0.685755 0.902858
vt 0.773085 0.899170
vt 0.781814 0.912317
vt 0.820046 0.977892
vt 0.821210 0.978348
vt 0.727124 0.967652
vt 0.727124 0.930225
vt 0.712374 0.930225
vt 0.684600 0.886369
vt 0.774821 0.898451
vt 0.771843 0.883701
vt 0.711268 0.930225
vt 0.710104 0.930414
vt 0.710104 0.945883
vt 0.741749 0.967652
vt 0.741874 0.930225
vt 0.687761 0.870712
vt 0.685755 0.869881
vt 0.773085 0.868233
vt 0.769961 0.883701
vt 0.710104 0.961352
vt 0.711268 0.961541
vt 0.824587 0.933444
vt 0.862014 0.933213
vt 0.862014 0.924890
vt 0.696597 0.857404
vt 0.774821 0.868952
vt 0.783145 0.856416
vt 0.853355 0.843233
vt 0.852191 0.843689
vt 0.852191 0.852418
vt 0.824587 0.945873
vt 0.862014 0.945749
vt 0.709905 0.848568
vt 0.709074 0.846562
vt 0.794961 0.846356
vt 0.781814 0.855086
vt 0.852191 0.865565
vt 0.853355 0.865376
vt 0.862014 0.960498
vt 0.795680 0.848092
vt 0.725562 0.843233
vt 0.853355 0.881034
vt 0.756064 0.855867
vt 0.853355 0.909999
vt 0.781513 0.925014
vt 0.768698 0.886369
vt 0.823480 0.940547
vt 0.756064 0.916871
vt 0.818940 0.966925
vt 0.742980 0.930350
vt 0.725562 0.929506
vt 0.821210 0.940547
vt 0.695060 0.916871
vt 0.821210 0.969512
vt 0.712499 0.967652
vt 0.682426 0.886369
vt 0.711268 0.945883
vt 0.824587 0.925191
vt 0.695060 0.855867
vt 0.853355 0.852069
s 1
usemtl metalMat1
f 2514/2569/2344 2511/2570/2345 2512/2571/2346
f 2515/2572/2347 2516/2573/2348 2517/2574/2349
f 2520/2575/2350 2519/2576/2351 2513/2577/2352
f 2519/2578/2351 2520/2579/2350 2516/2580/2348
f 2521/2581/2353 2522/2582/2354 2512/2571/2346
f 2517/2574/2349 2516/2573/2348 2523/2583/2355
f 2520/2575/2350 2512/2584/2346 2522/2585/2354
f 2516/2580/2348 2520/2579/2350 2525/2586/2356
f 2521/2581/2353 2526/2587/2357 2527/2588/2358
f 2523/2583/2355 2528/2589/2359 2529/2590/2360
f 2530/2591/2361 2525/2592/2356 2522/2585/2354
f 2525/2586/2356 2530/2593/2361 2528/2594/2359
f 2531/2595/2362 2532/2596/2363 2527/2597/2358
f 2529/2590/2360 2528/2589/2359 2533/2598/2364
f 2530/2591/2361 2527/2599/2358 2532/2600/2363
f 2528/2601/2359 2530/2602/2361 2535/2603/2365
f 2536/2604/2366 2537/2605/2367 2538/2606/2368
f 2531/2595/2362 2540/2607/2369 2541/2608/2370
f 2533/2598/2364 2542/2609/2371 2543/2610/2372
f 2544/2611/2373 2535/2612/2365 2532/2600/2363
f 2535/2603/2365 2544/2613/2373 2542/2614/2371
f 2540/2607/2369 2547/2615/2374 2541/2608/2370
f 2543/2610/2372 2542/2609/2371 2537/2605/2367
f 2544/2611/2373 2541/2616/2370 2547/2617/2374
f 2548/2618/2375 2537/2619/2367 2542/2614/2371
f 2548/2620/2375 2547/2617/2374 2546/2621/2376
f 2549/2622/2377 2538/2623/2368 2537/2619/2367
f 2545/2624/2378 2550/2625/2379 2551/2626/2380
f 2538/2606/2368 2552/2627/2381 2553/2628/2382
f 2554/2629/2383 2549/2630/2377 2546/2621/2376
f 2549/2622/2377 2554/2631/2383 2552/2632/2381
f 2555/2633/2384 2556/2634/2385 2551/2635/2380
f 2553/2628/2382 2552/2627/2381 2557/2636/2386
f 2554/2629/2383 2551/2637/2380 2556/2638/2385
f 2552/2639/2381 2554/2640/2383 2559/2641/2387
f 2555/2633/2384 2560/2642/2388 2561/2643/2389
f 2557/2636/2386 2562/2644/2390 2563/2645/2391
f 2564/2646/2392 2559/2647/2387 2556/2638/2385
f 2559/2641/2387 2564/2648/2392 2562/2649/2390
f 2565/2650/2393 2566/2651/2394 2561/2643/2389
f 2563/2645/2391 2562/2644/2390 2567/2652/2395
f 2564/2646/2392 2561/2653/2389 2566/2654/2394
f 2562/2649/2390 2564/2648/2392 2569/2655/2396
f 2565/2650/2393 2570/2656/2397 2571/2657/2398
f 2567/2652/2395 2572/2658/2399 2573/2659/2400
f 2574/2660/2401 2569/2661/2396 2566/2654/2394
f 2569/2655/2396 2574/2662/2401 2572/2663/2399
f 2575/2664/2402 2576/2665/2403 2571/2666/2398
f 2573/2659/2400 2572/2658/2399 2577/2667/2404
f 2574/2660/2401 2571/2668/2398 2576/2669/2403
f 2572/2670/2399 2574/2671/2401 2579/2672/2405
f 2575/2664/2402 2580/2673/2406 2581/2674/2407
f 2577/2667/2404 2582/2675/2408 2583/2676/2409
f 2584/2677/2410 2579/2678/2405 2576/2669/2403
f 2579/2672/2405 2584/2679/2410 2582/2680/2408
f 2585/2681/2411 2586/2682/2412 2581/2683/2407
f 2583/2676/2409 2582/2675/2408 2587/2684/2413
f 2584/2677/2410 2581/2685/2407 2586/2686/2412
f 2582/2687/2408 2584/2688/2410 2589/2689/2414
f 2585/2681/2411 2590/2690/2415 2591/2691/2416
f 2587/2684/2413 2592/2692/2417 2593/2693/2418
f 2594/2694/2419 2589/2695/2414 2586/2686/2412
f 2589/2689/2414 2594/2696/2419 2592/2697/2417
f 2514/2569/2344 2513/2698/2352 2591/2691/2416
f 2593/2693/2418 2592/2692/2417 2515/2572/2347
f 2594/2694/2419 2591/2699/2416 2513/2577/2352
f 2592/2697/2417 2594/2696/2419 2519/2578/2351
f 2514/2569/2344 2512/2571/2346 2513/2698/2352
f 2515/2572/2347 2517/2574/2349 2518/2700/2420
f 2520/2575/2350 2513/2577/2352 2512/2584/2346
f 2519/2578/2351 2516/2580/2348 2515/2701/2347
f 2521/2581/2353 2512/2571/2346 2511/2570/2345
f 2517/2574/2349 2523/2583/2355 2524/2702/2421
f 2520/2575/2350 2522/2585/2354 2525/2592/2356
f 2516/2580/2348 2525/2586/2356 2523/2703/2355
f 2521/2581/2353 2527/2588/2358 2522/2582/2354
f 2523/2583/2355 2529/2590/2360 2524/2702/2421
f 2530/2591/2361 2522/2585/2354 2527/2599/2358
f 2525/2586/2356 2528/2594/2359 2523/2703/2355
f 2531/2595/2362 2527/2597/2358 2526/2704/2357
f 2529/2590/2360 2533/2598/2364 2534/2705/2422
f 2530/2591/2361 2532/2600/2363 2535/2612/2365
f 2528/2601/2359 2535/2603/2365 2533/2706/2364
f 2536/2604/2366 2538/2606/2368 2539/2707/2423
f 2531/2595/2362 2541/2608/2370 2532/2596/2363
f 2533/2598/2364 2543/2610/2372 2534/2705/2422
f 2544/2611/2373 2532/2600/2363 2541/2616/2370
f 2535/2603/2365 2542/2614/2371 2533/2706/2364
f 2546/2708/2376 2547/2615/2374 2545/2624/2378
f 2545/2624/2378 2547/2615/2374 2540/2607/2369
f 2543/2610/2372 2537/2605/2367 2536/2604/2366
f 2544/2611/2373 2547/2617/2374 2548/2620/2375
f 2548/2618/2375 2542/2614/2371 2544/2613/2373
f 2548/2620/2375 2546/2621/2376 2549/2630/2377
f 2549/2622/2377 2537/2619/2367 2548/2618/2375
f 2545/2624/2378 2551/2626/2380 2546/2708/2376
f 2538/2606/2368 2553/2628/2382 2539/2707/2423
f 2554/2629/2383 2546/2621/2376 2551/2637/2380
f 2549/2622/2377 2552/2632/2381 2538/2623/2368
f 2555/2633/2384 2551/2635/2380 2550/2709/2379
f 2553/2628/2382 2557/2636/2386 2558/2710/2424
f 2554/2629/2383 2556/2638/2385 2559/2647/2387
f 2552/2639/2381 2559/2641/2387 2557/2711/2386
f 2555/2633/2384 2561/2643/2389 2556/2634/2385
f 2557/2636/2386 2563/2645/2391 2558/2710/2424
f 2564/2646/2392 2556/2638/2385 2561/2653/2389
f 2559/2641/2387 2562/2649/2390 2557/2711/2386
f 2565/2650/2393 2561/2643/2389 2560/2642/2388
f 2563/2645/2391 2567/2652/2395 2568/2712/2425
f 2564/2646/2392 2566/2654/2394 2569/2661/2396
f 2562/2649/2390 2569/2655/2396 2567/2713/2395
f 2565/2650/2393 2571/2657/2398 2566/2651/2394
f 2567/2652/2395 2573/2659/2400 2568/2712/2425
f 2574/2660/2401 2566/2654/2394 2571/2668/2398
f 2569/2655/2396 2572/2663/2399 2567/2713/2395
f 2575/2664/2402 2571/2666/2398 2570/2714/2397
f 2573/2659/2400 2577/2667/2404 2578/2715/2426
f 2574/2660/2401 2576/2669/2403 2579/2678/2405
f 2572/2670/2399 2579/2672/2405 2577/2716/2404
f 2575/2664/2402 2581/2674/2407 2576/2665/2403
f 2577/2667/2404 2583/2676/2409 2578/2715/2426
f 2584/2677/2410 2576/2669/2403 2581/2685/2407
f 2579/2672/2405 2582/2680/2408 2577/2716/2404
f 2585/2681/2411 2581/2683/2407 2580/2717/2406
f 2583/2676/2409 2587/2684/2413 2588/2718/2427
f 2584/2677/2410 2586/2686/2412 2589/2695/2414
f 2582/2687/2408 2589/2689/2414 2587/2719/2413
f 2585/2681/2411 2591/2691/2416 2586/2682/2412
f 2587/2684/2413 2593/2693/2418 2588/2718/2427
f 2594/2694/2419 2586/2686/2412 2591/2699/2416
f 2589/2689/2414 2592/2697/2417 2587/2719/2413
f 2514/2569/2344 2591/2691/2416 2590/2690/2415
f 2593/2693/2418 2515/2572/2347 2518/2700/2420
f 2594/2694/2419 2513/2577/2352 2519/2576/2351
f 2592/2697/2417 2519/2578/2351 2515/2701/2347
o car75
v -8.930919 -2.320140 1.080467
v -8.930919 -2.409192 1.117355
v -7.839818 -2.409193 1.117355
v -7.839818 -2.320141 1.080467
v -8.930919 -2.498248 1.080467
v -7.839818 -2.498249 1.080467
v -8.930919 -2.535136 0.991411
v -7.839818 -2.535137 0.991411
v -8.930919 -2.498248 0.902359
v -7.839818 -2.498249 0.902359
v -8.930919 -2.409192 0.865471
v -7.839818 -2.409193 0.865471
v -8.930919 -2.320140 0.902359
v -7.839818 -2.320141 0.902359
v -8.930919 -2.283252 0.991411
v -7.839818 -2.283253 0.991411
vn -0.0000 0.7071 0.7071
vn -0.0000 -0.0000 1.0000
vn -0.0000 -0.7071 0.7071
vn -0.0000 -1.0000 -0.0000
vn -0.0000 -0.7071 -0.7071
vn -0.0000 -0.0000 -1.0000
vn -0.0000 0.7071 -0.7071
vn -0.0000 1.0000 -0.0000
vt 0.769672 0.578372
vt 0.769672 0.487946
vt 0.777189 0.487946
vt 0.777189 0.578372
vt 0.784706 0.487946
vt 0.784706 0.578372
vt 0.792222 0.487946
vt 0.792222 0.578372
vt 0.799739 0.487946
vt 0.799739 0.578372
vt 0.807256 0.487946
vt 0.807256 0.578372
vt 0.814772 0.487946
vt 0.814772 0.578372
vt 0.822289 0.487946
vt 0.822289 0.578372
vt 0.829805 0.487946
vt 0.829805 0.578372
s 1
usemtl metalMat1
f 2598/2720/2428 2595/2721/2428 2596/2722/2429
f 2597/2723/2429 2596/2722/2429 2599/2724/2430
f 2600/2725/2430 2599/2724/2430 2601/2726/2431
f 2602/2727/2431 2601/2726/2431 2603/2728/2432
f 2604/2729/2432 2603/2728/2432 2605/2730/2433
f 2606/2731/2433 2605/2730/2433 2607/2732/2434
f 2608/2733/2434 2607/2732/2434 2609/2734/2435
f 2610/2735/2435 2609/2734/2435 2595/2736/2428
f 2598/2720/2428 2596/2722/2429 2597/2723/2429
f 2597/2723/2429 2599/2724/2430 2600/2725/2430
f 2600/2725/2430 2601/2726/2431 2602/2727/2431
f 2602/2727/2431 2603/2728/2432 2604/2729/2432
f 2604/2729/2432 2605/2730/2433 2606/2731/2433
f 2606/2731/2433 2607/2732/2434 2608/2733/2434
f 2608/2733/2434 2609/2734/2435 2610/2735/2435
f 2610/2735/2435 2595/2736/2428 2598/2737/2428
o car76
v -4.346726 3.098611 1.911616
v -4.485658 3.098611 1.911616
v -4.485658 2.755475 1.911616
v -4.346726 2.755475 1.911616
v -4.346726 2.755475 1.155404
v -4.485658 2.755475 1.155404
v -4.485658 3.098611 1.155404
v -4.346726 3.098611 1.155404
v -4.485658 3.098611 1.407476
v -4.257966 3.098611 1.407476
v -4.485658 3.098611 1.659548
v -4.257966 3.098611 1.659548
v -4.485658 2.755475 1.407476
v -4.485658 2.755475 1.659548
v -4.257966 2.755475 1.407476
v -4.257966 2.755475 1.659548
vn 0.5779 -0.0000 0.8161
vn 0.4635 0.5973 0.6546
vn -0.5774 0.5774 0.5773
vn 0.4635 0.5973 -0.6546
vn 0.5779 -0.0000 -0.8161
vn -0.7071 -0.0000 -0.7071
vn -0.5774 0.5773 -0.5773
vn -0.7071 0.7071 -0.0000
vn 0.7308 0.6711 0.1249
vn 0.7308 0.6711 -0.1249
vn -1.0000 -0.0000 -0.0000
vn -0.7071 -0.0000 0.7071
vn 0.9857 -0.0000 -0.1685
vn 0.9857 -0.0000 0.1685
vt 0.198535 0.315459
vt 0.216966 0.315459
vt 0.198535 0.151725
vt 0.216966 0.151725
vt 0.216966 0.206303
vt 0.186759 0.260881
vt 0.186759 0.206303
vt 0.216966 0.260881
s 1
usemtl metalMat1
f 2614/2738/2436 2611/2738/2437 2612/2739/2438
f 2618/2740/2439 2615/2740/2440 2616/2741/2441
f 2618/2740/2439 2617/2741/2442 2619/2742/2443
f 2622/2743/2444 2620/2744/2445 2619/2742/2443
f 2611/2738/2437 2622/2743/2444 2621/2745/2443
f 2623/2742/2446 2619/2742/2443 2617/2741/2442
f 2624/2745/2446 2621/2745/2443 2619/2742/2443
f 2613/2739/2447 2612/2739/2438 2621/2745/2443
f 2615/2740/2440 2618/2740/2439 2620/2744/2445
f 2625/2744/2448 2620/2744/2445 2622/2743/2444
f 2626/2743/2449 2622/2743/2444 2611/2738/2437
f 2614/2738/2436 2612/2739/2438 2613/2739/2447
f 2618/2740/2439 2616/2741/2441 2617/2741/2442
f 2618/2740/2439 2619/2742/2443 2620/2744/2445
f 2622/2743/2444 2619/2742/2443 2621/2745/2443
f 2611/2738/2437 2621/2745/2443 2612/2739/2438
f 2623/2742/2446 2617/2741/2442 2616/2741/2441
f 2624/2745/2446 2619/2742/2443 2623/2742/2446
f 2613/2739/2447 2621/2745/2443 2624/2745/2446
f 2615/2740/2440 2620/2744/2445 2625/2744/2448
f 2625/2744/2448 2622/2743/2444 2626/2743/2449
f 2626/2743/2449 2611/2738/2437 2614/2738/2436
o car77
v 5.654421 -3.709279 1.675224
v 5.684925 -3.709279 1.632537
v 5.684925 -3.627531 1.632537
v 5.654421 -3.627531 1.675224
v 5.732365 -3.709279 1.427856
v 5.723749 -3.709279 1.376100
v 5.723749 -3.627531 1.376100
v 5.732365 -3.627531 1.427856
v 5.612566 -3.709279 1.197829
v 5.569873 -3.709279 1.167320
v 5.569873 -3.627531 1.167320
v 5.612566 -3.627531 1.197829
v 5.365193 -3.709279 1.119884
v 5.313437 -3.709279 1.128500
v 5.313437 -3.627531 1.128500
v 5.365193 -3.627531 1.119884
v 5.135165 -3.709279 1.239684
v 5.104657 -3.709279 1.282376
v 5.104657 -3.627531 1.282376
v 5.135165 -3.627531 1.239684
v 5.057221 -3.709279 1.487052
v 5.065837 -3.709279 1.538812
v 5.065837 -3.627531 1.538812
v 5.057221 -3.627531 1.487052
v 5.177025 -3.709279 1.717084
v 5.219713 -3.709279 1.747588
v 5.219713 -3.627531 1.747588
v 5.177025 -3.627531 1.717084
v 5.424389 -3.709279 1.795028
v 5.476149 -3.709279 1.786412
v 5.476149 -3.627531 1.786412
v 5.424389 -3.627531 1.795028
v 5.567353 -3.709279 1.744828
v 5.394794 -3.709279 1.457456
v 5.720145 -3.709279 1.538116
v 5.682305 -3.709279 1.285128
v 5.479601 -3.709279 1.133140
v 5.226585 -3.709279 1.167476
v 5.070201 -3.709279 1.373760
v 5.108113 -3.709279 1.631172
v 5.312137 -3.709279 1.782308
v 5.644137 -3.783863 1.872728
v 5.584337 -3.783863 1.908569
v 5.703249 -3.702115 1.837300
v 5.703249 -3.783863 1.837300
v 5.584337 -3.702115 1.908569
v 5.864929 -3.783863 1.574057
v 5.847806 -3.783863 1.642412
v 5.881497 -3.702115 1.507936
v 5.881497 -3.783863 1.507936
v 5.847806 -3.702115 1.642412
v 5.810261 -3.783863 1.208436
v 5.845905 -3.783863 1.267913
v 5.774642 -3.702115 1.149001
v 5.774642 -3.783863 1.149001
v 5.845905 -3.702115 1.267913
v 5.517177 -3.783863 0.988764
v 5.579749 -3.783863 1.004444
v 5.445273 -3.702115 0.970752
v 5.445273 -3.783863 0.970752
v 5.579749 -3.702115 1.004444
v 5.151517 -3.783863 1.038544
v 5.205249 -3.783863 1.006344
v 5.086337 -3.702115 1.077608
v 5.086337 -3.783863 1.077608
v 5.205249 -3.702115 1.006344
v 4.925713 -3.783863 1.336628
v 4.941782 -3.783863 1.272500
v 4.908089 -3.702115 1.406972
v 4.908089 -3.783863 1.406972
v 4.941782 -3.702115 1.272500
v 4.980485 -3.783863 1.708408
v 4.943681 -3.783863 1.647000
v 5.014946 -3.702115 1.765912
v 5.014946 -3.783863 1.765912
v 4.943681 -3.702115 1.647000
v 5.275409 -3.783863 1.926896
v 5.209837 -3.783863 1.910468
v 5.344313 -3.702115 1.944160
v 5.344313 -3.783863 1.944160
v 5.209837 -3.702115 1.910468
v 5.755709 -3.883043 2.313576
v 5.741413 -3.883043 2.322244
v 5.644137 -3.702115 1.872728
v 5.755709 -3.801295 2.313576
v 5.741413 -3.801295 2.322244
v 6.255713 -3.883043 1.806937
v 6.251441 -3.883043 1.823869
v 5.864929 -3.702115 1.574057
v 6.255713 -3.801295 1.806937
v 6.251441 -3.801295 1.823869
v 6.251177 -3.883043 1.096877
v 6.259681 -3.883043 1.110816
v 5.810261 -3.702115 1.208436
v 6.251177 -3.801295 1.096877
v 6.259681 -3.801295 1.110816
v 5.749913 -3.883043 0.598772
v 5.761302 -3.883043 0.600792
v 5.517177 -3.702115 0.988764
v 5.749913 -3.801295 0.598772
v 5.761302 -3.801295 0.600792
v 5.040501 -3.883043 0.598464
v 5.048253 -3.883043 0.592552
v 5.151517 -3.702115 1.038544
v 5.040501 -3.801295 0.598464
v 5.048253 -3.801295 0.592552
v 4.535625 -3.883043 1.103808
v 4.538229 -3.883043 1.090932
v 4.925713 -3.702115 1.336628
v 4.535625 -3.801295 1.103808
v 4.538229 -3.801295 1.090932
v 4.539393 -3.883043 1.819984
v 4.529989 -3.883043 1.803980
v 4.980485 -3.702115 1.708408
v 4.539393 -3.801295 1.819984
v 4.529989 -3.801295 1.803980
v 5.042645 -3.883043 2.317177
v 5.028365 -3.883043 2.314008
v 5.275409 -3.702115 1.926896
v 5.042645 -3.801295 2.317177
v 5.028365 -3.801295 2.314008
v 6.321185 -3.883043 1.528544
v 6.321185 -3.801295 1.528544
v 6.324793 -3.883043 1.513796
v 6.324793 -3.801295 1.513796
v 5.999021 -3.883043 2.163280
v 5.999021 -3.801295 2.163280
v 6.012565 -3.883043 2.154904
v 6.012565 -3.801295 2.154904
v 5.320853 -3.883043 2.383648
v 5.320853 -3.801295 2.383648
v 5.338457 -3.883043 2.387456
v 5.338457 -3.801295 2.387456
v 4.690193 -3.883043 2.063128
v 4.690193 -3.801295 2.063128
v 4.697345 -3.883043 2.075228
v 4.697345 -3.801295 2.075228
v 4.468721 -3.883043 1.382044
v 4.468721 -3.801295 1.382044
v 4.464793 -3.883043 1.401112
v 4.464793 -3.801295 1.401112
v 4.795921 -3.883043 0.747056
v 4.795921 -3.801295 0.747056
v 4.777017 -3.883043 0.760008
v 4.777017 -3.801295 0.760008
v 5.471805 -3.883043 0.531528
v 5.471805 -3.801295 0.531528
v 5.451133 -3.883043 0.527452
v 5.451133 -3.801295 0.527452
v 6.100845 -3.883043 0.853520
v 6.100845 -3.801295 0.853520
v 6.092241 -3.883043 0.839680
v 6.092241 -3.801295 0.839680
vn 0.9717 -0.0000 0.2363
vn 0.5779 -0.8160 -0.0134
vn 0.1307 -0.8274 0.5462
vn 0.8542 -0.0000 -0.5200
vn 0.3992 -0.8160 -0.4180
vn 0.4786 -0.8275 0.2937
vn 0.2363 -0.0000 -0.9717
vn -0.0134 -0.8160 -0.5779
vn 0.5458 -0.8276 -0.1312
vn -0.5200 -0.0000 -0.8542
vn -0.4185 -0.8159 -0.3989
vn 0.2929 -0.8276 -0.4787
vn -0.9717 -0.0000 -0.2363
vn -0.5781 -0.8158 0.0141
vn -0.1311 -0.8275 -0.5459
vn -0.8542 -0.0000 0.5200
vn -0.3990 -0.8159 0.4184
vn -0.4786 -0.8274 -0.2939
vn -0.2363 -0.0000 0.9717
vn 0.0132 -0.8161 0.5778
vn -0.5460 -0.8275 0.1309
vn 0.5200 -0.0000 0.8542
vn 0.4182 -0.8160 0.3990
vn -0.2937 -0.8274 0.4786
vn -0.0000 -1.0000 -0.0000
vn -0.1253 -0.9713 -0.2021
vn -0.2315 -0.9713 -0.0541
vn -0.2021 -0.9713 0.1252
vn -0.0555 -0.9713 0.2314
vn 0.1241 -0.9712 0.2032
vn 0.2314 -0.9713 0.0552
vn 0.2018 -0.9714 -0.1256
vn 0.0548 -0.9713 -0.2314
vn -0.6845 -0.7245 0.0806
vn 0.8843 -0.0000 -0.4670
vn -0.8368 -0.0000 0.5474
vn -0.2506 -0.0000 0.9681
vn -0.4269 -0.7246 0.5411
vn 0.2951 -0.0000 -0.9555
vn -0.2046 -0.0000 0.9788
vn 0.5074 -0.0000 0.8617
vn 0.0806 -0.7245 0.6845
vn -0.4670 -0.0000 -0.8843
vn 0.5474 -0.0000 0.8369
vn 0.9681 -0.0000 0.2506
vn 0.5411 -0.7242 0.4274
vn -0.9555 -0.0000 -0.2951
vn 0.9788 -0.0000 0.2047
vn 0.8617 -0.0000 -0.5074
vn 0.6850 -0.7241 -0.0804
vn -0.8843 -0.0000 0.4670
vn 0.8369 -0.0000 -0.5474
vn 0.2506 -0.0000 -0.9681
vn 0.4273 -0.7243 -0.5411
vn -0.2951 -0.0000 0.9555
vn 0.2047 -0.0000 -0.9788
vn -0.5074 -0.0000 -0.8617
vn -0.0806 -0.7246 -0.6844
vn 0.4670 -0.0000 0.8843
vn -0.5474 -0.0000 -0.8369
vn -0.9681 -0.0000 -0.2506
vn -0.5410 -0.7244 -0.4272
vn 0.9555 -0.0000 0.2950
vn -0.9788 -0.0000 -0.2047
vn -0.8617 -0.0000 0.5074
vn -0.1357 -0.7361 -0.6631
vn 0.3729 -0.7362 -0.5648
vn 0.6630 -0.7363 -0.1356
vn 0.5650 -0.7360 0.3729
vn 0.1354 -0.7363 0.6629
vn -0.3731 -0.7365 0.5642
vn -0.6629 -0.7364 0.1353
vn -0.5648 -0.7362 -0.3729
vn -0.0677 -0.9871 -0.1452
vn 0.4939 -0.8131 -0.3082
vn 0.5348 -0.0000 0.8449
vn 0.9694 -0.0000 -0.2453
vn -0.9349 -0.0000 0.3550
vn -0.1506 -0.9871 -0.0548
vn 0.1326 -0.8120 -0.5684
vn 0.9757 -0.0000 0.2190
vn 0.5119 -0.0000 -0.8590
vn -0.4100 -0.0000 0.9121
vn -0.1452 -0.9871 0.0677
vn -0.3084 -0.8133 -0.4934
vn 0.8450 -0.0000 -0.5348
vn -0.2453 -0.0000 -0.9695
vn 0.3549 -0.0000 0.9349
vn -0.0547 -0.9871 0.1503
vn -0.5603 -0.8199 -0.1175
vn 0.2204 -0.0000 -0.9754
vn -0.8587 -0.0000 -0.5125
vn 0.9120 -0.0000 0.4102
vn 0.0675 -0.9871 0.1450
vn -0.4694 -0.8238 0.3179
vn -0.5334 -0.0000 -0.8459
vn -0.9696 -0.0000 0.2446
vn 0.9350 -0.0000 -0.3547
vn 0.1503 -0.9871 0.0548
vn -0.1230 -0.8176 0.5626
vn -0.9755 -0.0000 -0.2202
vn -0.5125 -0.0000 0.8587
vn 0.4103 -0.0000 -0.9119
vn 0.1452 -0.9871 -0.0677
vn 0.3077 -0.8112 0.4972
vn -0.8448 -0.0000 0.5351
vn 0.2452 -0.0000 0.9695
vn -0.3548 -0.0000 -0.9350
vn 0.0548 -0.9871 -0.1505
vn 0.5646 -0.8155 0.1269
vn -0.2198 -0.0000 0.9755
vn 0.8589 -0.0000 0.5122
vn -0.9120 -0.0000 -0.4101
vn 0.0993 -0.0000 0.9951
vn -0.1233 -0.8233 0.5541
vn 0.0132 -0.0000 -0.9999
vn -0.6335 -0.0000 0.7738
vn -0.4794 -0.8224 0.3065
vn 0.7164 -0.0000 -0.6977
vn -0.9951 -0.0000 0.0990
vn -0.5592 -0.8203 -0.1200
vn 0.9999 -0.0000 0.0132
vn -0.7739 -0.0000 -0.6333
vn -0.3019 -0.8246 -0.4785
vn 0.6977 -0.0000 0.7164
vn -0.0989 -0.0000 -0.9951
vn 0.1190 -0.8191 -0.5612
vn -0.0132 -0.0000 0.9999
vn 0.6339 -0.0000 -0.7734
vn 0.4826 -0.8166 -0.3167
vn -0.7164 -0.0000 0.6977
vn 0.9951 -0.0000 -0.0987
vn 0.5631 -0.8179 0.1182
vn -0.9999 -0.0000 -0.0132
vn 0.7737 -0.0000 0.6335
vn 0.3070 -0.8222 0.4794
vn -0.6977 -0.0000 -0.7164
vn -0.7186 -0.6869 0.1083
vn -0.4313 -0.6886 0.5830
vn 0.1086 -0.6865 0.7190
vn 0.5970 -0.6746 0.4342
vn 0.7367 -0.6658 -0.1186
vn 0.4331 -0.6793 -0.5925
vn -0.1063 -0.6896 -0.7164
vn -0.5888 -0.6830 -0.4322
vn -0.1407 -0.6718 -0.7273
vn 0.4135 -0.6732 -0.6131
vn 0.7223 -0.6768 -0.1424
vn 0.6155 -0.6684 0.4176
vn 0.1431 -0.6786 0.7204
vn -0.4044 -0.6822 0.6091
vn -0.7187 -0.6803 0.1439
vn -0.6129 -0.6736 -0.4130
vt 0.310596 0.953668
vt 0.312403 0.951140
vt 0.315212 0.939018
vt 0.314702 0.935953
vt 0.308117 0.925395
vt 0.305589 0.923589
vt 0.293468 0.920779
vt 0.290402 0.921290
vt 0.279845 0.927874
vt 0.278038 0.930403
vt 0.275228 0.942524
vt 0.275739 0.945589
vt 0.282323 0.956147
vt 0.284852 0.957954
vt 0.296973 0.960763
vt 0.300039 0.960253
vt 0.295220 0.940771
vt 0.305440 0.957790
vt 0.314489 0.945548
vt 0.312248 0.930566
vt 0.300243 0.921565
vt 0.285259 0.923598
vt 0.275997 0.935815
vt 0.278242 0.951059
vt 0.290325 0.960010
vt 0.306446 0.967487
vt 0.313488 0.963267
vt 0.322049 0.951725
vt 0.324044 0.943761
vt 0.321937 0.929546
vt 0.317716 0.922504
vt 0.306174 0.913943
vt 0.298210 0.911947
vt 0.283995 0.914055
vt 0.276953 0.918276
vt 0.268392 0.929818
vt 0.266396 0.937782
vt 0.268504 0.951997
vt 0.272725 0.959039
vt 0.284267 0.967600
vt 0.292231 0.969595
vt 0.309987 0.965365
vt 0.316595 0.991473
vt 0.315748 0.991987
vt 0.323063 0.947677
vt 0.346206 0.961469
vt 0.345954 0.962471
vt 0.319826 0.926024
vt 0.345938 0.919417
vt 0.346442 0.920243
vt 0.302468 0.913014
vt 0.316252 0.889918
vt 0.316926 0.890037
vt 0.280813 0.915962
vt 0.274238 0.889900
vt 0.274697 0.889550
vt 0.267440 0.933616
vt 0.244338 0.919827
vt 0.244492 0.919065
vt 0.270684 0.955634
vt 0.244561 0.962241
vt 0.244004 0.961294
vt 0.288150 0.968573
vt 0.274365 0.991686
vt 0.273520 0.991499
vt 0.350084 0.944981
vt 0.350298 0.944108
vt 0.331005 0.982572
vt 0.331807 0.982076
vt 0.290841 0.995623
vt 0.291884 0.995849
vt 0.253492 0.976641
vt 0.253916 0.977358
vt 0.240376 0.936305
vt 0.240143 0.937435
vt 0.259754 0.898700
vt 0.258634 0.899467
vt 0.299781 0.885935
vt 0.298557 0.885694
vt 0.337035 0.905005
vt 0.336525 0.904185
s 1
usemtl metalMat1
f 2630/2746/2450 2627/2746/2451 2628/2747/2452
f 2634/2748/2453 2631/2748/2454 2632/2749/2455
f 2638/2750/2456 2635/2750/2457 2636/2751/2458
f 2642/2752/2459 2639/2752/2460 2640/2753/2461
f 2646/2754/2462 2643/2754/2463 2644/2755/2464
f 2650/2756/2465 2647/2756/2466 2648/2757/2467
f 2654/2758/2468 2651/2758/2469 2652/2759/2470
f 2658/2760/2471 2655/2760/2472 2656/2761/2473
f 2660/2762/2474 2627/2746/2451 2659/2763/2475
f 2628/2747/2452 2627/2746/2451 2660/2762/2474
f 2660/2762/2474 2631/2748/2454 2661/2764/2476
f 2632/2749/2455 2631/2748/2454 2660/2762/2474
f 2660/2762/2474 2635/2750/2457 2662/2765/2477
f 2636/2751/2458 2635/2750/2457 2660/2762/2474
f 2660/2762/2474 2639/2752/2460 2663/2766/2478
f 2640/2753/2461 2639/2752/2460 2660/2762/2474
f 2660/2762/2474 2643/2754/2463 2664/2767/2479
f 2644/2755/2464 2643/2754/2463 2660/2762/2474
f 2660/2762/2474 2647/2756/2466 2665/2768/2480
f 2648/2757/2467 2647/2756/2466 2660/2762/2474
f 2660/2762/2474 2651/2758/2469 2666/2769/2481
f 2652/2759/2470 2651/2758/2469 2660/2762/2474
f 2660/2762/2474 2655/2760/2472 2667/2770/2482
f 2656/2761/2473 2655/2760/2472 2660/2762/2474
f 2669/2771/2483 2656/2761/2473 2659/2763/2475
f 2627/2746/2451 2630/2746/2450 2670/2772/2484
f 2672/2771/2485 2657/2761/2486 2656/2761/2473
f 2674/2773/2487 2628/2747/2452 2661/2764/2476
f 2631/2748/2454 2634/2748/2453 2675/2774/2488
f 2677/2773/2489 2629/2747/2490 2628/2747/2452
f 2679/2775/2491 2632/2749/2455 2662/2765/2477
f 2635/2750/2457 2638/2750/2456 2680/2776/2492
f 2682/2775/2493 2633/2749/2494 2632/2749/2455
f 2684/2777/2495 2636/2751/2458 2663/2766/2478
f 2639/2752/2460 2642/2752/2459 2685/2778/2496
f 2687/2777/2497 2637/2751/2498 2636/2751/2458
f 2689/2779/2499 2640/2753/2461 2664/2767/2479
f 2643/2754/2463 2646/2754/2462 2690/2780/2500
f 2692/2779/2501 2641/2753/2502 2640/2753/2461
f 2694/2781/2503 2644/2755/2464 2665/2768/2480
f 2647/2756/2466 2650/2756/2465 2695/2782/2504
f 2697/2781/2505 2645/2755/2506 2644/2755/2464
f 2699/2783/2507 2648/2757/2467 2666/2769/2481
f 2651/2758/2469 2654/2758/2468 2700/2784/2508
f 2702/2783/2509 2649/2757/2510 2648/2757/2467
f 2704/2785/2511 2652/2759/2470 2667/2770/2482
f 2655/2760/2472 2658/2760/2471 2705/2786/2512
f 2707/2785/2513 2653/2759/2514 2652/2759/2470
f 2661/2764/2476 2631/2748/2454 2676/2774/2515
f 2659/2763/2475 2627/2746/2451 2671/2772/2516
f 2667/2770/2482 2655/2760/2472 2706/2786/2517
f 2666/2769/2481 2651/2758/2469 2701/2784/2518
f 2665/2768/2480 2647/2756/2466 2696/2782/2519
f 2664/2767/2479 2643/2754/2463 2691/2780/2520
f 2663/2766/2478 2639/2752/2460 2686/2778/2521
f 2662/2765/2477 2635/2750/2457 2681/2776/2522
f 2669/2771/2483 2668/2787/2523 2708/2788/2524
f 2668/2787/2523 2710/2787/2525 2711/2788/2526
f 2712/2789/2527 2672/2771/2485 2669/2771/2483
f 2674/2773/2487 2673/2790/2528 2713/2791/2529
f 2673/2790/2528 2715/2790/2530 2716/2791/2531
f 2717/2792/2532 2677/2773/2489 2674/2773/2487
f 2679/2775/2491 2678/2793/2533 2718/2794/2534
f 2678/2793/2533 2720/2793/2535 2721/2794/2536
f 2722/2795/2537 2682/2775/2493 2679/2775/2491
f 2684/2777/2495 2683/2796/2538 2723/2797/2539
f 2683/2796/2538 2725/2796/2540 2726/2797/2541
f 2727/2798/2542 2687/2777/2497 2684/2777/2495
f 2689/2779/2499 2688/2799/2543 2728/2800/2544
f 2688/2799/2543 2730/2799/2545 2731/2800/2546
f 2732/2801/2547 2692/2779/2501 2689/2779/2499
f 2694/2781/2503 2693/2802/2548 2733/2803/2549
f 2693/2802/2548 2735/2802/2550 2736/2803/2551
f 2737/2804/2552 2697/2781/2505 2694/2781/2503
f 2699/2783/2507 2698/2805/2553 2738/2806/2554
f 2698/2805/2553 2740/2805/2555 2741/2806/2556
f 2742/2807/2557 2702/2783/2509 2699/2783/2507
f 2704/2785/2511 2703/2808/2558 2743/2809/2559
f 2703/2808/2558 2745/2808/2560 2746/2809/2561
f 2747/2810/2562 2707/2785/2513 2704/2785/2511
f 2749/2811/2563 2715/2790/2530 2673/2790/2528
f 2748/2811/2564 2673/2790/2528 2676/2774/2515
f 2676/2774/2515 2675/2774/2488 2751/2812/2565
f 2753/2813/2566 2710/2787/2525 2668/2787/2523
f 2752/2813/2567 2668/2787/2523 2671/2772/2516
f 2671/2772/2516 2670/2772/2484 2755/2814/2568
f 2757/2815/2569 2745/2808/2560 2703/2808/2558
f 2756/2815/2570 2703/2808/2558 2706/2786/2517
f 2706/2786/2517 2705/2786/2512 2759/2816/2571
f 2761/2817/2572 2740/2805/2555 2698/2805/2553
f 2760/2817/2573 2698/2805/2553 2701/2784/2518
f 2701/2784/2518 2700/2784/2508 2763/2818/2574
f 2765/2819/2575 2735/2802/2550 2693/2802/2548
f 2764/2819/2576 2693/2802/2548 2696/2782/2519
f 2696/2782/2519 2695/2782/2504 2767/2820/2577
f 2769/2821/2578 2730/2799/2545 2688/2799/2543
f 2768/2821/2579 2688/2799/2543 2691/2780/2520
f 2691/2780/2520 2690/2780/2500 2771/2822/2580
f 2773/2823/2581 2725/2796/2540 2683/2796/2538
f 2772/2823/2582 2683/2796/2538 2686/2778/2521
f 2686/2778/2521 2685/2778/2496 2775/2824/2583
f 2777/2825/2584 2720/2793/2535 2678/2793/2533
f 2776/2825/2585 2678/2793/2533 2681/2776/2522
f 2681/2776/2522 2680/2776/2492 2779/2826/2586
f 2630/2746/2450 2628/2747/2452 2629/2747/2490
f 2634/2748/2453 2632/2749/2455 2633/2749/2494
f 2638/2750/2456 2636/2751/2458 2637/2751/2498
f 2642/2752/2459 2640/2753/2461 2641/2753/2502
f 2646/2754/2462 2644/2755/2464 2645/2755/2506
f 2650/2756/2465 2648/2757/2467 2649/2757/2510
f 2654/2758/2468 2652/2759/2470 2653/2759/2514
f 2658/2760/2471 2656/2761/2473 2657/2761/2486
f 2660/2762/2474 2659/2763/2475 2656/2761/2473
f 2660/2762/2474 2661/2764/2476 2628/2747/2452
f 2660/2762/2474 2662/2765/2477 2632/2749/2455
f 2660/2762/2474 2663/2766/2478 2636/2751/2458
f 2660/2762/2474 2664/2767/2479 2640/2753/2461
f 2660/2762/2474 2665/2768/2480 2644/2755/2464
f 2660/2762/2474 2666/2769/2481 2648/2757/2467
f 2660/2762/2474 2667/2770/2482 2652/2759/2470
f 2669/2771/2483 2659/2763/2475 2668/2787/2523
f 2627/2746/2451 2670/2772/2484 2671/2772/2516
f 2672/2771/2485 2656/2761/2473 2669/2771/2483
f 2674/2773/2487 2661/2764/2476 2673/2790/2528
f 2631/2748/2454 2675/2774/2488 2676/2774/2515
f 2677/2773/2489 2628/2747/2452 2674/2773/2487
f 2679/2775/2491 2662/2765/2477 2678/2793/2533
f 2635/2750/2457 2680/2776/2492 2681/2776/2522
f 2682/2775/2493 2632/2749/2455 2679/2775/2491
f 2684/2777/2495 2663/2766/2478 2683/2796/2538
f 2639/2752/2460 2685/2778/2496 2686/2778/2521
f 2687/2777/2497 2636/2751/2458 2684/2777/2495
f 2689/2779/2499 2664/2767/2479 2688/2799/2543
f 2643/2754/2463 2690/2780/2500 2691/2780/2520
f 2692/2779/2501 2640/2753/2461 2689/2779/2499
f 2694/2781/2503 2665/2768/2480 2693/2802/2548
f 2647/2756/2466 2695/2782/2504 2696/2782/2519
f 2697/2781/2505 2644/2755/2464 2694/2781/2503
f 2699/2783/2507 2666/2769/2481 2698/2805/2553
f 2651/2758/2469 2700/2784/2508 2701/2784/2518
f 2702/2783/2509 2648/2757/2467 2699/2783/2507
f 2704/2785/2511 2667/2770/2482 2703/2808/2558
f 2655/2760/2472 2705/2786/2512 2706/2786/2517
f 2707/2785/2513 2652/2759/2470 2704/2785/2511
f 2661/2764/2476 2676/2774/2515 2673/2790/2528
f 2659/2763/2475 2671/2772/2516 2668/2787/2523
f 2667/2770/2482 2706/2786/2517 2703/2808/2558
f 2666/2769/2481 2701/2784/2518 2698/2805/2553
f 2665/2768/2480 2696/2782/2519 2693/2802/2548
f 2664/2767/2479 2691/2780/2520 2688/2799/2543
f 2663/2766/2478 2686/2778/2521 2683/2796/2538
f 2662/2765/2477 2681/2776/2522 2678/2793/2533
f 2669/2771/2483 2708/2788/2524 2709/2789/2587
f 2668/2787/2523 2711/2788/2526 2708/2788/2524
f 2712/2789/2527 2669/2771/2483 2709/2789/2587
f 2674/2773/2487 2713/2791/2529 2714/2792/2588
f 2673/2790/2528 2716/2791/2531 2713/2791/2529
f 2717/2792/2532 2674/2773/2487 2714/2792/2588
f 2679/2775/2491 2718/2794/2534 2719/2795/2589
f 2678/2793/2533 2721/2794/2536 2718/2794/2534
f 2722/2795/2537 2679/2775/2491 2719/2795/2589
f 2684/2777/2495 2723/2797/2539 2724/2798/2590
f 2683/2796/2538 2726/2797/2541 2723/2797/2539
f 2727/2798/2542 2684/2777/2495 2724/2798/2590
f 2689/2779/2499 2728/2800/2544 2729/2801/2591
f 2688/2799/2543 2731/2800/2546 2728/2800/2544
f 2732/2801/2547 2689/2779/2499 2729/2801/2591
f 2694/2781/2503 2733/2803/2549 2734/2804/2592
f 2693/2802/2548 2736/2803/2551 2733/2803/2549
f 2737/2804/2552 2694/2781/2503 2734/2804/2592
f 2699/2783/2507 2738/2806/2554 2739/2807/2593
f 2698/2805/2553 2741/2806/2556 2738/2806/2554
f 2742/2807/2557 2699/2783/2507 2739/2807/2593
f 2704/2785/2511 2743/2809/2559 2744/2810/2594
f 2703/2808/2558 2746/2809/2561 2743/2809/2559
f 2747/2810/2562 2704/2785/2511 2744/2810/2594
f 2749/2811/2563 2673/2790/2528 2748/2811/2564
f 2748/2811/2564 2676/2774/2515 2750/2812/2595
f 2676/2774/2515 2751/2812/2565 2750/2812/2595
f 2753/2813/2566 2668/2787/2523 2752/2813/2567
f 2752/2813/2567 2671/2772/2516 2754/2814/2596
f 2671/2772/2516 2755/2814/2568 2754/2814/2596
f 2757/2815/2569 2703/2808/2558 2756/2815/2570
f 2756/2815/2570 2706/2786/2517 2758/2816/2597
f 2706/2786/2517 2759/2816/2571 2758/2816/2597
f 2761/2817/2572 2698/2805/2553 2760/2817/2573
f 2760/2817/2573 2701/2784/2518 2762/2818/2598
f 2701/2784/2518 2763/2818/2574 2762/2818/2598
f 2765/2819/2575 2693/2802/2548 2764/2819/2576
f 2764/2819/2576 2696/2782/2519 2766/2820/2599
f 2696/2782/2519 2767/2820/2577 2766/2820/2599
f 2769/2821/2578 2688/2799/2543 2768/2821/2579
f 2768/2821/2579 2691/2780/2520 2770/2822/2600
f 2691/2780/2520 2771/2822/2580 2770/2822/2600
f 2773/2823/2581 2683/2796/2538 2772/2823/2582
f 2772/2823/2582 2686/2778/2521 2774/2824/2601
f 2686/2778/2521 2775/2824/2583 2774/2824/2601
f 2777/2825/2584 2678/2793/2533 2776/2825/2585
f 2776/2825/2585 2681/2776/2522 2778/2826/2602
f 2681/2776/2522 2779/2826/2586 2778/2826/2602
o car78
v 5.620245 -3.573411 2.151325
v 5.394794 -3.573411 2.187032
v 5.394794 -3.573411 1.857700
v 5.518477 -3.573411 1.838112
v 5.823629 -3.573411 2.047697
v 5.630054 -3.573411 1.781260
v 5.985034 -3.573411 1.886292
v 5.718597 -3.573411 1.692712
v 6.088661 -3.573411 1.682909
v 5.775449 -3.573411 1.581136
v 6.124369 -3.573411 1.457456
v 5.795041 -3.573411 1.457456
v 6.088661 -3.573411 1.232005
v 5.775449 -3.573411 1.333772
v 5.985034 -3.573411 1.028620
v 5.718597 -3.573411 1.222196
v 5.823629 -3.573411 0.867212
v 5.630054 -3.573411 1.133649
v 5.620245 -3.573411 0.763584
v 5.518473 -3.573411 1.076797
v 5.394794 -3.573411 0.727876
v 5.394794 -3.573411 1.057208
v 5.169341 -3.573411 0.763584
v 5.271109 -3.573411 1.076796
v 4.965957 -3.573411 0.867212
v 5.159534 -3.573411 1.133648
v 4.804549 -3.573411 1.028620
v 5.070985 -3.573411 1.222196
v 4.700921 -3.573411 1.232004
v 5.014133 -3.573411 1.333772
v 4.665213 -3.573411 1.457456
v 4.994545 -3.573411 1.457456
v 4.700921 -3.573411 1.682908
v 5.014133 -3.573411 1.581140
v 4.804549 -3.573411 1.886292
v 5.070985 -3.573411 1.692716
v 4.965957 -3.573411 2.047697
v 5.159534 -3.573411 1.781260
v 5.169341 -3.573411 2.151325
v 5.271109 -3.573411 1.838112
vn -0.0000 -1.0000 -0.0000
vt 0.314109 0.839156
vt 0.323928 0.869377
vt 0.302175 0.872822
vt 0.343552 0.859378
vt 0.359125 0.843804
vt 0.324875 0.833670
vt 0.369124 0.824181
vt 0.333418 0.825127
vt 0.340794 0.802428
vt 0.372570 0.802428
vt 0.369124 0.780675
vt 0.359125 0.761051
vt 0.338904 0.790494
vt 0.324875 0.771185
vt 0.343552 0.745477
vt 0.323928 0.735479
vt 0.302175 0.732033
vt 0.314109 0.765699
vt 0.290242 0.765699
vt 0.280422 0.735479
vt 0.260799 0.745477
vt 0.270932 0.779728
vt 0.245225 0.761051
vt 0.265447 0.790494
vt 0.235226 0.780675
vt 0.231781 0.802428
vt 0.265447 0.814361
vt 0.235226 0.824181
vt 0.245225 0.843804
vt 0.260799 0.859378
vt 0.270932 0.825127
vt 0.290242 0.839156
vt 0.280422 0.869377
vt 0.302175 0.841046
vt 0.338904 0.814361
vt 0.333418 0.779728
vt 0.302175 0.763809
vt 0.279476 0.771185
vt 0.263557 0.802428
vt 0.279476 0.833670
s 1
usemtl metalMat1
f 2783/2827/2603 2780/2828/2603 2781/2829/2603
f 2784/2830/2603 2780/2828/2603 2783/2827/2603
f 2786/2831/2603 2784/2830/2603 2785/2832/2603
f 2788/2833/2603 2786/2831/2603 2787/2834/2603
f 2791/2835/2603 2790/2836/2603 2788/2833/2603
f 2792/2837/2603 2790/2836/2603 2791/2835/2603
f 2794/2838/2603 2792/2837/2603 2793/2839/2603
f 2797/2840/2603 2796/2841/2603 2794/2838/2603
f 2798/2842/2603 2796/2841/2603 2797/2840/2603
f 2800/2843/2603 2798/2842/2603 2799/2844/2603
f 2803/2845/2603 2802/2846/2603 2800/2843/2603
f 2804/2847/2603 2802/2846/2603 2803/2845/2603
f 2807/2848/2603 2806/2849/2603 2804/2847/2603
f 2809/2850/2603 2808/2851/2603 2806/2849/2603
f 2810/2852/2603 2808/2851/2603 2809/2850/2603
f 2813/2853/2603 2812/2854/2603 2810/2852/2603
f 2814/2855/2603 2812/2854/2603 2813/2853/2603
f 2816/2856/2603 2814/2855/2603 2815/2857/2603
f 2819/2858/2603 2818/2859/2603 2816/2856/2603
f 2781/2829/2603 2818/2859/2603 2819/2858/2603
f 2783/2827/2603 2781/2829/2603 2782/2860/2603
f 2784/2830/2603 2783/2827/2603 2785/2832/2603
f 2786/2831/2603 2785/2832/2603 2787/2834/2603
f 2788/2833/2603 2787/2834/2603 2789/2861/2603
f 2791/2835/2603 2788/2833/2603 2789/2861/2603
f 2792/2837/2603 2791/2835/2603 2793/2839/2603
f 2794/2838/2603 2793/2839/2603 2795/2862/2603
f 2797/2840/2603 2794/2838/2603 2795/2862/2603
f 2798/2842/2603 2797/2840/2603 2799/2844/2603
f 2800/2843/2603 2799/2844/2603 2801/2863/2603
f 2803/2845/2603 2800/2843/2603 2801/2863/2603
f 2804/2847/2603 2803/2845/2603 2805/2864/2603
f 2807/2848/2603 2804/2847/2603 2805/2864/2603
f 2809/2850/2603 2806/2849/2603 2807/2848/2603
f 2810/2852/2603 2809/2850/2603 2811/2865/2603
f 2813/2853/2603 2810/2852/2603 2811/2865/2603
f 2814/2855/2603 2813/2853/2603 2815/2857/2603
f 2816/2856/2603 2815/2857/2603 2817/2866/2603
f 2819/2858/2603 2816/2856/2603 2817/2866/2603
f 2781/2829/2603 2819/2858/2603 2782/2860/2603
o car79
v 2.151826 2.992750 3.447464
v 2.028902 2.627982 3.443904
v 1.944098 2.731246 3.265460
v 1.979654 2.985626 3.265460
v 2.050946 3.240002 3.447464
v 1.905534 3.236442 3.276144
v 1.842518 3.446310 3.443904
v 1.742198 3.419602 3.319332
v 2.134482 2.992750 3.569704
v 2.138594 2.745490 3.569704
v 2.033602 3.240002 3.569704
v 1.835454 3.460554 3.576828
v 1.972166 2.992750 3.780512
v 1.986826 2.738370 3.784072
v 1.905534 3.229322 3.755584
v 1.770322 3.444530 3.691488
v 1.700934 2.993726 3.789184
v 1.749502 2.744018 3.792744
v 1.657410 3.226290 3.764256
v 1.618518 3.437990 3.721844
v 1.702922 2.994130 3.600060
v 1.749886 2.751362 3.600060
v 1.656774 3.237058 3.600060
v 1.603450 3.522138 3.607180
v 1.702922 2.994130 3.456136
v 1.772362 2.636022 3.452576
v 1.656774 3.237058 3.456136
v 1.606282 3.508178 3.452576
v 1.704038 2.987090 3.274132
v 1.752042 2.737266 3.274132
v 1.657686 3.233610 3.284816
v 1.623818 3.413630 3.336680
v 1.986826 2.627982 3.452576
v 1.986826 2.745490 3.600060
v 1.780554 2.720794 3.734540
v 1.868214 2.720794 3.734540
v 1.800574 2.713674 3.794336
v 1.868214 2.713674 3.791648
v 1.928182 2.720794 3.725120
v 1.668806 2.402094 3.734540
v 1.566646 2.402094 3.734540
v 1.583810 2.394974 3.794336
v 1.668806 2.394974 3.791648
v 1.739374 2.402094 3.725120
vn 0.9254 0.2187 -0.3096
vn 0.5146 -0.8556 -0.0569
vn 0.3127 -0.4545 -0.8341
vn 0.8015 0.5342 -0.2686
vn 0.4469 0.0087 -0.8945
vn 0.5098 0.8059 -0.3010
vn 0.3679 0.3424 -0.8645
vn 0.8941 -0.4403 0.0816
vn 0.9367 0.0344 0.3485
vn 0.8121 0.4880 0.3198
vn 0.4625 0.1425 0.8751
vn 0.4439 -0.5238 0.7270
vn 0.4342 0.3530 0.8288
vn 0.4995 0.8580 0.1196
vn 0.3751 0.6312 0.6789
vn -0.6833 -0.0802 0.7258
vn -0.6788 -0.4169 0.6045
vn -0.6796 0.0172 0.7334
vn -0.4589 0.3800 0.8031
vn -0.7556 -0.6463 0.1061
vn -0.9821 -0.1883 -0.0050
vn -0.9828 -0.1848 -0.0040
vn -0.9822 -0.1879 0.0005
vn -0.6004 0.7884 0.1341
vn -0.6189 0.7490 -0.2364
vn -0.5857 -0.4608 -0.6668
vn -0.5330 -0.8436 0.0653
vn -0.9827 -0.1851 -0.0006
vn -0.6997 -0.0273 -0.7139
vn -0.7574 0.4340 -0.4877
vn -0.7023 -0.1197 -0.7017
vn 0.1348 0.5956 -0.7919
vn -0.0090 -0.9921 0.1250
vn 0.0014 -0.9796 0.2009
vn -0.0840 -0.5887 -0.8040
vn -0.6336 -0.6621 -0.4003
vn -0.3218 0.0060 0.9468
vn 0.3192 -0.2244 0.9207
vn 0.1946 -0.9743 -0.1138
vn -0.0460 0.0255 -0.9986
vn -0.7953 0.5020 -0.3399
vn -0.5867 0.4066 0.7004
vn 0.2799 -0.1606 0.9465
vn 0.6931 -0.4444 -0.5675
vt 0.911202 0.861728
vt 0.909318 0.882719
vt 0.901654 0.876776
vt 0.909929 0.847499
vt 0.902785 0.862138
vt 0.896786 0.835628
vt 0.900394 0.847704
vt 0.915234 0.875957
vt 0.915254 0.861728
vt 0.916037 0.847499
vt 0.930227 0.828274
vt 0.924979 0.861728
vt 0.924573 0.876366
vt 0.927120 0.848114
vt 0.944080 0.824532
vt 0.933953 0.835730
vt 0.934390 0.861672
vt 0.932912 0.876041
vt 0.935968 0.848289
vt 0.937777 0.836106
vt 0.938771 0.875619
vt 0.940210 0.861649
vt 0.941066 0.847669
vt 0.948569 0.861649
vt 0.941455 0.831264
vt 0.947172 0.832067
vt 0.894801 0.876430
vt 0.890474 0.882256
vt 0.887700 0.861649
vt 0.886813 0.847669
vt 0.891978 0.847867
vt 0.886302 0.832067
vt 0.890086 0.837508
vt 0.893362 0.862054
vt 0.893731 0.837164
vt 0.908585 0.882719
vt 0.979603 0.875957
vt 0.951343 0.882256
vt 0.918733 0.875957
vt 0.928656 0.877378
vt 0.932636 0.877378
vt 0.931195 0.877788
vt 0.928748 0.877788
vt 0.925791 0.877378
vt 0.936341 0.895718
vt 0.938385 0.895718
vt 0.936886 0.896127
vt 0.935173 0.896127
vt 0.934415 0.895718
vt 0.947682 0.847669
vt 0.969454 0.882719
s 1
usemtl bodyMat
f 2820/2867/2604 2821/2868/2605 2822/2869/2606
f 2824/2870/2607 2820/2867/2604 2823/2871/2608
f 2826/2872/2609 2824/2870/2607 2825/2873/2610
f 2829/2874/2611 2821/2868/2605 2820/2867/2604
f 2828/2875/2612 2820/2867/2604 2824/2870/2607
f 2830/2876/2613 2824/2870/2607 2826/2877/2609
f 2828/2875/2612 2832/2878/2614 2833/2879/2615
f 2830/2876/2613 2834/2880/2616 2832/2878/2614
f 2831/2881/2617 2835/2882/2618 2834/2880/2616
f 2832/2878/2614 2836/2883/2619 2837/2884/2620
f 2834/2880/2616 2838/2885/2621 2836/2883/2619
f 2835/2882/2618 2839/2886/2622 2838/2885/2621
f 2841/2887/2623 2837/2884/2620 2836/2883/2619
f 2840/2888/2624 2836/2883/2619 2838/2885/2621
f 2842/2889/2625 2838/2885/2621 2839/2886/2622
f 2841/2887/2623 2840/2888/2624 2844/2890/2626
f 2844/2890/2626 2840/2888/2624 2842/2889/2625
f 2842/2889/2625 2843/2891/2627 2847/2892/2628
f 2849/2893/2629 2845/2894/2630 2844/2895/2626
f 2844/2895/2626 2846/2896/2631 2850/2897/2632
f 2846/2896/2631 2847/2898/2628 2851/2899/2633
f 2849/2893/2629 2848/2900/2634 2823/2871/2608
f 2848/2900/2634 2850/2897/2632 2825/2873/2610
f 2850/2897/2632 2851/2899/2633 2827/2901/2635
f 2847/2898/2628 2826/2872/2609 2827/2901/2635
f 2847/2892/2628 2843/2891/2627 2831/2881/2617
f 2835/2882/2618 2831/2881/2617 2843/2891/2627
f 2845/2894/2630 2849/2893/2629 2822/2869/2606
f 2822/2869/2606 2821/2868/2605 2852/2902/2636
f 2853/2903/2637 2841/2887/2623 2845/2904/2630
f 2853/2905/2637 2852/2902/2636 2821/2868/2605
f 2855/2906/2638 2854/2907/2639 2841/2887/2623
f 2837/2884/2620 2841/2887/2623 2854/2907/2639
f 2837/2884/2620 2856/2908/2640 2857/2909/2641
f 2853/2905/2637 2829/2874/2611 2858/2910/2642
f 2858/2910/2642 2829/2874/2611 2833/2879/2615
f 2859/2911/2643 2860/2912/2644 2854/2907/2639
f 2861/2913/2645 2856/2908/2640 2854/2907/2639
f 2856/2908/2640 2861/2913/2645 2862/2914/2646
f 2855/2906/2638 2858/2910/2642 2863/2915/2647
f 2857/2909/2641 2862/2914/2646 2863/2915/2647
f 2820/2867/2604 2822/2869/2606 2823/2871/2608
f 2824/2870/2607 2823/2871/2608 2825/2873/2610
f 2826/2872/2609 2825/2873/2610 2827/2901/2635
f 2829/2874/2611 2820/2867/2604 2828/2875/2612
f 2828/2875/2612 2824/2870/2607 2830/2876/2613
f 2830/2876/2613 2826/2877/2609 2831/2881/2617
f 2828/2875/2612 2833/2879/2615 2829/2874/2611
f 2830/2876/2613 2832/2878/2614 2828/2875/2612
f 2831/2881/2617 2834/2880/2616 2830/2876/2613
f 2832/2878/2614 2837/2884/2620 2833/2879/2615
f 2834/2880/2616 2836/2883/2619 2832/2878/2614
f 2835/2882/2618 2838/2885/2621 2834/2880/2616
f 2841/2887/2623 2836/2883/2619 2840/2888/2624
f 2840/2888/2624 2838/2885/2621 2842/2889/2625
f 2842/2889/2625 2839/2886/2622 2843/2891/2627
f 2841/2887/2623 2844/2890/2626 2845/2904/2630
f 2844/2890/2626 2842/2889/2625 2846/2916/2631
f 2842/2889/2625 2847/2892/2628 2846/2916/2631
f 2849/2893/2629 2844/2895/2626 2848/2900/2634
f 2844/2895/2626 2850/2897/2632 2848/2900/2634
f 2846/2896/2631 2851/2899/2633 2850/2897/2632
f 2849/2893/2629 2823/2871/2608 2822/2869/2606
f 2848/2900/2634 2825/2873/2610 2823/2871/2608
f 2850/2897/2632 2827/2901/2635 2825/2873/2610
f 2847/2898/2628 2827/2901/2635 2851/2899/2633
f 2847/2892/2628 2831/2881/2617 2826/2877/2609
f 2835/2882/2618 2843/2891/2627 2839/2886/2622
f 2845/2894/2630 2822/2869/2606 2852/2902/2636
f 2853/2903/2637 2845/2904/2630 2852/2917/2636
f 2853/2905/2637 2821/2868/2605 2829/2874/2611
f 2855/2906/2638 2841/2887/2623 2853/2905/2637
f 2837/2884/2620 2854/2907/2639 2856/2908/2640
f 2837/2884/2620 2857/2909/2641 2833/2879/2615
f 2853/2905/2637 2858/2910/2642 2855/2906/2638
f 2858/2910/2642 2833/2879/2615 2857/2909/2641
f 2859/2911/2643 2854/2907/2639 2855/2906/2638
f 2861/2913/2645 2854/2907/2639 2860/2912/2644
f 2856/2908/2640 2862/2914/2646 2857/2909/2641
f 2855/2906/2638 2863/2915/2647 2859/2911/2643
f 2857/2909/2641 2863/2915/2647 2858/2910/2642
o car8
v 5.055077 -2.941275 0.637312
v 5.052181 -3.810635 0.630316
v 5.394794 -3.810635 0.561136
v 5.394794 -2.941275 0.568716
v 5.394794 -3.848183 0.505964
v 5.031093 -3.848182 0.579404
v 5.011789 -3.875170 0.532804
v 5.394794 -3.875171 0.455468
v 5.394794 -3.821135 0.517440
v 5.035477 -3.821135 0.589992
v 4.766361 -2.941275 0.829020
v 4.760997 -3.810635 0.823660
v 4.721985 -3.848182 0.784648
v 4.686281 -3.875170 0.748944
v 4.730101 -3.821135 0.792764
v 4.574649 -2.941275 1.117740
v 4.567653 -3.810635 1.114844
v 4.516741 -3.848182 1.093752
v 4.470141 -3.875170 1.074452
v 4.527329 -3.821135 1.098140
v 4.506053 -2.941275 1.457456
v 4.498473 -3.810635 1.457456
v 4.443301 -3.848182 1.457456
v 4.392805 -3.875170 1.457456
v 4.454777 -3.821135 1.457456
v 4.562349 -3.875170 2.013992
v 4.604301 -3.848182 1.985944
v 4.721985 -3.848182 2.130260
v 4.686281 -3.875170 2.165968
v 4.574649 -2.941275 1.797168
v 4.567653 -3.810635 1.800068
v 4.516741 -3.848182 1.821156
v 4.470141 -3.875170 1.840456
v 4.527329 -3.821135 1.816768
v 4.766361 -2.941275 2.085888
v 4.760997 -3.810635 2.091249
v 4.650137 -3.810635 1.955300
v 4.613837 -3.821135 1.979572
v 4.730101 -3.821135 2.122149
v 5.055081 -2.941275 2.277596
v 5.052181 -3.810635 2.284592
v 5.031093 -3.848182 2.335509
v 5.011789 -3.875170 2.382104
v 5.035477 -3.821135 2.324916
v 5.394794 -2.941275 2.346192
v 5.394794 -3.810635 2.353776
v 5.394793 -3.848183 2.408948
v 5.394793 -3.875171 2.459445
v 5.394793 -3.821135 2.397472
v 5.734505 -2.941275 2.277596
v 5.737405 -3.810635 2.284592
v 5.758493 -3.848183 2.335505
v 5.777793 -3.875171 2.382104
v 5.754109 -3.821135 2.324916
v 6.023225 -2.941275 2.085888
v 6.028589 -3.810635 2.091249
v 6.067601 -3.848183 2.130260
v 6.103305 -3.875171 2.165968
v 6.059485 -3.821135 2.122149
v 6.214933 -2.941275 1.797168
v 6.221933 -3.810635 1.800068
v 6.272845 -3.848183 1.821157
v 6.319441 -3.875171 1.840456
v 6.262253 -3.821135 1.816769
v 6.283529 -2.941275 1.457456
v 6.291113 -3.810635 1.457456
v 6.346285 -3.848183 1.457456
v 6.396781 -3.875171 1.457456
v 6.334809 -3.821135 1.457456
v 6.214933 -2.941275 1.117741
v 6.221929 -3.810635 1.114844
v 6.272845 -3.848183 1.093753
v 6.319441 -3.875171 1.074453
v 6.262253 -3.821135 1.098140
v 6.023225 -2.941275 0.829021
v 6.028585 -3.810635 0.823660
v 6.067597 -3.848183 0.784648
v 6.103305 -3.875171 0.748944
v 6.059485 -3.821135 0.792764
v 5.734505 -2.941275 0.637312
v 5.737405 -3.810635 0.630316
v 5.758493 -3.848183 0.579404
v 5.777793 -3.875171 0.532804
v 5.754105 -3.821135 0.589992
vn -0.2869 0.6617 -0.6927
vn -0.3827 0.0087 -0.9238
vn -0.0000 0.0087 -1.0000
vn -0.0000 0.6964 -0.7177
vn -0.0000 0.8819 -0.4714
vn -0.1805 0.8817 -0.4359
vn -0.0000 0.6631 -0.7486
vn -0.0000 0.7359 -0.6771
vn -0.2589 0.7364 -0.6251
vn -0.2750 0.6954 -0.6639
vn -0.7071 0.0087 -0.7071
vn -0.5075 0.6964 -0.5075
vn -0.4788 0.7359 -0.4788
vn -0.5293 0.6631 -0.5293
vn -0.6927 0.6617 -0.2869
vn -0.9238 0.0087 -0.3827
vn -0.3333 0.8819 -0.3333
vn -0.4359 0.8817 -0.1805
vn -0.6251 0.7364 -0.2589
vn -0.6639 0.6954 -0.2750
vn -1.0000 0.0087 -0.0000
vn -0.7177 0.6964 -0.0000
vn -0.6771 0.7359 -0.0000
vn -0.7486 0.6631 -0.0000
vn -0.3928 0.8818 0.2610
vn -0.3181 0.8817 0.3483
vn -0.4854 0.6906 0.5362
vn -0.7054 0.6547 0.2716
vn -0.9233 0.0217 0.3834
vn -0.4714 0.8819 -0.0000
vn -0.4440 0.8815 0.1607
vn -0.6306 0.7427 0.2252
vn -0.6819 0.6896 0.2437
vn -0.6270 0.6449 0.4370
vn -0.6069 0.6850 0.4030
vn -0.5516 0.7494 0.3663
vn -0.4497 0.7421 0.4969
vn -0.5025 0.6697 0.5468
vn -0.2869 0.6617 0.6927
vn -0.3827 0.0087 0.9238
vn -0.7075 0.0217 0.7064
vn -0.1806 0.8817 0.4359
vn -0.2589 0.7364 0.6250
vn -0.2750 0.6954 0.6639
vn -0.0000 0.0087 1.0000
vn -0.0000 0.6964 0.7177
vn -0.0000 0.7359 0.6771
vn -0.0000 0.6631 0.7486
vn 0.2869 0.6617 0.6927
vn 0.3827 0.0087 0.9238
vn -0.0000 0.8819 0.4714
vn 0.1805 0.8817 0.4359
vn 0.2589 0.7364 0.6251
vn 0.2750 0.6954 0.6639
vn 0.7071 0.0087 0.7071
vn 0.5075 0.6964 0.5075
vn 0.4788 0.7359 0.4788
vn 0.5293 0.6631 0.5293
vn 0.6927 0.6617 0.2869
vn 0.9238 0.0087 0.3827
vn 0.3333 0.8819 0.3333
vn 0.4359 0.8817 0.1806
vn 0.6250 0.7364 0.2589
vn 0.6639 0.6954 0.2750
vn 1.0000 0.0087 -0.0000
vn 0.7177 0.6964 -0.0000
vn 0.6771 0.7359 -0.0000
vn 0.7486 0.6631 -0.0000
vn 0.6927 0.6617 -0.2869
vn 0.9238 0.0087 -0.3827
vn 0.4714 0.8819 -0.0000
vn 0.4359 0.8817 -0.1806
vn 0.6250 0.7364 -0.2589
vn 0.6639 0.6954 -0.2750
vn 0.7071 0.0087 -0.7071
vn 0.5075 0.6964 -0.5075
vn 0.4788 0.7359 -0.4788
vn 0.5293 0.6631 -0.5293
vn 0.2869 0.6617 -0.6927
vn 0.3827 0.0087 -0.9238
vn 0.3333 0.8819 -0.3333
vn 0.1805 0.8817 -0.4359
vn 0.2589 0.7364 -0.6251
vn 0.2750 0.6954 -0.6639
vt 0.862014 0.975248
vt 0.824587 0.975123
vt 0.824587 0.960498
vt 0.725562 0.845407
vt 0.725562 0.843233
vt 0.742051 0.846562
vt 0.810430 0.845114
vt 0.810430 0.843233
vt 0.825899 0.846356
vt 0.852191 0.881034
vt 0.853355 0.881034
vt 0.853355 0.896691
vt 0.824587 0.987553
vt 0.754527 0.857404
vt 0.741220 0.848568
vt 0.839045 0.855086
vt 0.837715 0.856416
vt 0.852191 0.909649
vt 0.852191 0.896502
vt 0.862014 0.996107
vt 0.824587 0.995806
vt 0.756064 0.855867
vt 0.765369 0.869881
vt 0.847775 0.868233
vt 0.853355 0.909999
vt 0.853355 0.918835
vt 0.781513 0.939639
vt 0.781513 0.925014
vt 0.818940 0.924890
vt 0.766525 0.886369
vt 0.763363 0.870712
vt 0.850898 0.883701
vt 0.849017 0.883701
vt 0.822316 0.940547
vt 0.822316 0.925078
vt 0.823480 0.924890
vt 0.761399 0.910329
vt 0.756064 0.916871
vt 0.754527 0.915334
vt 0.818940 0.954389
vt 0.781513 0.954264
vt 0.768698 0.886369
vt 0.765369 0.902858
vt 0.847775 0.899170
vt 0.823480 0.940547
vt 0.823480 0.956205
vt 0.818940 0.961072
vt 0.759593 0.909121
vt 0.844051 0.906179
vt 0.842488 0.905134
vt 0.822316 0.963025
vt 0.822316 0.956016
vt 0.839045 0.912317
vt 0.837715 0.910987
vt 0.822316 0.969163
vt 0.823480 0.963299
vt 0.818940 0.975248
vt 0.781513 0.974947
vt 0.781513 0.966694
vt 0.742051 0.926176
vt 0.825899 0.921046
vt 0.823480 0.969512
vt 0.823480 0.978348
vt 0.742980 0.944975
vt 0.742980 0.930350
vt 0.780407 0.930225
vt 0.725562 0.927332
vt 0.741220 0.924170
vt 0.810430 0.924170
vt 0.810430 0.922289
vt 0.820046 0.940547
vt 0.820046 0.925078
vt 0.821210 0.924890
vt 0.780407 0.959725
vt 0.742980 0.959600
vt 0.725562 0.929506
vt 0.709074 0.926176
vt 0.794961 0.921046
vt 0.821210 0.940547
vt 0.821210 0.956205
vt 0.742980 0.972030
vt 0.696597 0.915334
vt 0.709905 0.924170
vt 0.781814 0.912317
vt 0.783145 0.910987
vt 0.820046 0.969163
vt 0.820046 0.956016
vt 0.780407 0.980584
vt 0.742980 0.980283
vt 0.695060 0.916871
vt 0.685755 0.902858
vt 0.773085 0.899170
vt 0.821210 0.969512
vt 0.821210 0.978348
vt 0.727124 0.967652
vt 0.712499 0.967652
vt 0.712374 0.930225
vt 0.684600 0.886369
vt 0.687761 0.902027
vt 0.769961 0.883701
vt 0.771843 0.883701
vt 0.710104 0.945883
vt 0.710104 0.930414
vt 0.711268 0.930225
vt 0.741874 0.930225
vt 0.741749 0.967652
vt 0.682426 0.886369
vt 0.685755 0.869881
vt 0.773085 0.868233
vt 0.711268 0.945883
vt 0.711268 0.961541
vt 0.824587 0.933444
vt 0.824587 0.925191
vt 0.862014 0.924890
vt 0.696597 0.857404
vt 0.687761 0.870712
vt 0.781814 0.855086
vt 0.783145 0.856416
vt 0.852191 0.852418
vt 0.852191 0.843689
vt 0.853355 0.843233
vt 0.862014 0.945749
vt 0.824587 0.945873
vt 0.695060 0.855867
vt 0.709074 0.846562
vt 0.794961 0.846356
vt 0.853355 0.852069
vt 0.853355 0.865376
vt 0.709905 0.848568
vt 0.852191 0.865565
vt 0.862014 0.960498
vt 0.825180 0.848092
vt 0.862014 0.987784
vt 0.846039 0.868952
vt 0.852191 0.918379
vt 0.818940 0.939639
vt 0.763363 0.902027
vt 0.846039 0.898451
vt 0.818940 0.966925
vt 0.825180 0.919310
vt 0.822316 0.977892
vt 0.780407 0.944975
vt 0.795680 0.919310
vt 0.780407 0.972260
vt 0.774821 0.898451
vt 0.820046 0.977892
vt 0.727124 0.930225
vt 0.774821 0.868952
vt 0.710104 0.961352
vt 0.862014 0.933213
vt 0.795680 0.848092
s 1
usemtl metalMat1
f 2865/2918/2648 2864/2919/2649 2867/2920/2650
f 2868/2921/2651 2871/2922/2652 2870/2923/2653
f 2866/2924/2654 2872/2925/2655 2873/2926/2656
f 2872/2927/2655 2868/2928/2651 2869/2929/2657
f 2874/2930/2658 2864/2919/2649 2865/2918/2648
f 2876/2931/2659 2869/2932/2657 2870/2923/2653
f 2873/2926/2656 2878/2933/2660 2875/2934/2661
f 2878/2935/2660 2873/2936/2656 2869/2929/2657
f 2880/2937/2662 2879/2938/2663 2874/2930/2658
f 2876/2931/2659 2877/2939/2664 2882/2940/2665
f 2875/2934/2661 2878/2933/2660 2883/2941/2666
f 2878/2935/2660 2876/2942/2659 2881/2943/2667
f 2884/2944/2668 2879/2945/2663 2880/2946/2662
f 2886/2947/2669 2881/2948/2667 2882/2940/2665
f 2883/2941/2666 2888/2949/2670 2885/2950/2671
f 2888/2951/2670 2883/2952/2666 2881/2953/2667
f 2889/2954/2672 2892/2955/2673 2891/2956/2674
f 2894/2957/2675 2893/2958/2676 2884/2944/2668
f 2886/2947/2669 2887/2959/2677 2896/2960/2678
f 2885/2950/2671 2888/2949/2670 2897/2961/2679
f 2888/2951/2670 2886/2962/2669 2895/2963/2680
f 2900/2964/2681 2893/2958/2676 2894/2957/2675
f 2896/2960/2678 2889/2954/2672 2890/2965/2682
f 2897/2961/2679 2901/2966/2683 2900/2967/2681
f 2901/2968/2683 2897/2969/2679 2895/2963/2680
f 2901/2966/2683 2902/2970/2684 2899/2971/2685
f 2902/2972/2684 2901/2968/2683 2890/2973/2682
f 2904/2974/2686 2903/2975/2687 2898/2976/2688
f 2891/2956/2674 2892/2955/2673 2906/2977/2689
f 2899/2971/2685 2902/2970/2684 2907/2978/2690
f 2902/2972/2684 2891/2979/2674 2905/2980/2691
f 2908/2981/2692 2903/2982/2687 2904/2983/2686
f 2910/2984/2693 2905/2985/2691 2906/2977/2689
f 2907/2978/2690 2912/2986/2694 2909/2987/2695
f 2912/2988/2694 2907/2989/2690 2905/2990/2691
f 2914/2991/2696 2913/2992/2697 2908/2981/2692
f 2910/2984/2693 2911/2993/2698 2916/2994/2699
f 2909/2987/2695 2912/2986/2694 2917/2995/2700
f 2912/2988/2694 2910/2996/2693 2915/2997/2701
f 2918/2998/2702 2913/2992/2697 2914/2991/2696
f 2920/2999/2703 2915/3000/2701 2916/2994/2699
f 2917/2995/2700 2922/3001/2704 2919/3002/2705
f 2922/3003/2704 2917/3004/2700 2915/2997/2701
f 2924/3005/2706 2923/3006/2707 2918/2998/2702
f 2920/2999/2703 2921/3007/2708 2926/3008/2709
f 2919/3002/2705 2922/3001/2704 2927/3009/2710
f 2922/3003/2704 2920/3010/2703 2925/3011/2711
f 2928/3012/2712 2923/3013/2707 2924/3014/2706
f 2930/3015/2713 2925/3016/2711 2926/3008/2709
f 2927/3009/2710 2932/3017/2714 2929/3018/2715
f 2932/3019/2714 2927/3020/2710 2925/3021/2711
f 2934/3022/2716 2933/3023/2717 2928/3012/2712
f 2930/3015/2713 2931/3024/2718 2936/3025/2719
f 2929/3018/2715 2932/3017/2714 2937/3026/2720
f 2932/3019/2714 2930/3027/2713 2935/3028/2721
f 2938/3029/2722 2933/3030/2717 2934/3031/2716
f 2940/3032/2723 2935/3033/2721 2936/3025/2719
f 2937/3026/2720 2942/3034/2724 2939/3035/2725
f 2942/3036/2724 2937/3037/2720 2935/3038/2721
f 2944/3039/2726 2943/3040/2727 2938/3029/2722
f 2940/3032/2723 2941/3041/2728 2946/3042/2729
f 2939/3035/2725 2942/3034/2724 2947/3043/2730
f 2942/3036/2724 2940/3044/2723 2945/3045/2731
f 2867/2920/2650 2943/3040/2727 2944/3039/2726
f 2868/2921/2651 2945/3046/2731 2946/3042/2729
f 2947/3043/2730 2872/2925/2655 2866/2924/2654
f 2872/2927/2655 2947/3047/2730 2945/3045/2731
f 2865/2918/2648 2867/2920/2650 2866/3048/2654
f 2868/2921/2651 2870/2923/2653 2869/2932/2657
f 2866/2924/2654 2873/2926/2656 2865/3049/2648
f 2872/2927/2655 2869/2929/2657 2873/2936/2656
f 2874/2930/2658 2865/2918/2648 2875/3050/2661
f 2876/2931/2659 2870/2923/2653 2877/2939/2664
f 2873/2926/2656 2875/2934/2661 2865/3049/2648
f 2878/2935/2660 2869/2929/2657 2876/2942/2659
f 2880/2937/2662 2874/2930/2658 2875/3050/2661
f 2876/2931/2659 2882/2940/2665 2881/2948/2667
f 2875/2934/2661 2883/2941/2666 2880/3051/2662
f 2878/2935/2660 2881/2943/2667 2883/3052/2666
f 2884/2944/2668 2880/2946/2662 2885/3053/2671
f 2886/2947/2669 2882/2940/2665 2887/2959/2677
f 2883/2941/2666 2885/2950/2671 2880/3051/2662
f 2888/2951/2670 2881/2953/2667 2886/2962/2669
f 2889/2954/2672 2891/2956/2674 2890/2965/2682
f 2894/2957/2675 2884/2944/2668 2885/3053/2671
f 2886/2947/2669 2896/2960/2678 2895/3054/2680
f 2885/2950/2671 2897/2961/2679 2894/3055/2675
f 2888/2951/2670 2895/2963/2680 2897/2969/2679
f 2893/2958/2676 2900/2964/2681 2898/2976/2688
f 2898/2976/2688 2900/2964/2681 2899/3056/2685
f 2896/2960/2678 2890/2965/2682 2895/3054/2680
f 2897/2961/2679 2900/2967/2681 2894/3055/2675
f 2901/2968/2683 2895/2963/2680 2890/2973/2682
f 2901/2966/2683 2899/2971/2685 2900/2967/2681
f 2902/2972/2684 2890/2973/2682 2891/2979/2674
f 2904/2974/2686 2898/2976/2688 2899/3056/2685
f 2891/2956/2674 2906/2977/2689 2905/2985/2691
f 2899/2971/2685 2907/2978/2690 2904/3057/2686
f 2902/2972/2684 2905/2980/2691 2907/3058/2690
f 2908/2981/2692 2904/2983/2686 2909/3059/2695
f 2910/2984/2693 2906/2977/2689 2911/2993/2698
f 2907/2978/2690 2909/2987/2695 2904/3057/2686
f 2912/2988/2694 2905/2990/2691 2910/2996/2693
f 2914/2991/2696 2908/2981/2692 2909/3059/2695
f 2910/2984/2693 2916/2994/2699 2915/3000/2701
f 2909/2987/2695 2917/2995/2700 2914/3060/2696
f 2912/2988/2694 2915/2997/2701 2917/3004/2700
f 2918/2998/2702 2914/2991/2696 2919/3061/2705
f 2920/2999/2703 2916/2994/2699 2921/3007/2708
f 2917/2995/2700 2919/3002/2705 2914/3060/2696
f 2922/3003/2704 2915/2997/2701 2920/3010/2703
f 2924/3005/2706 2918/2998/2702 2919/3061/2705
f 2920/2999/2703 2926/3008/2709 2925/3016/2711
f 2919/3002/2705 2927/3009/2710 2924/3062/2706
f 2922/3003/2704 2925/3011/2711 2927/3063/2710
f 2928/3012/2712 2924/3014/2706 2929/3064/2715
f 2930/3015/2713 2926/3008/2709 2931/3024/2718
f 2927/3009/2710 2929/3018/2715 2924/3062/2706
f 2932/3019/2714 2925/3021/2711 2930/3027/2713
f 2934/3022/2716 2928/3012/2712 2929/3064/2715
f 2930/3015/2713 2936/3025/2719 2935/3033/2721
f 2929/3018/2715 2937/3026/2720 2934/3065/2716
f 2932/3019/2714 2935/3028/2721 2937/3066/2720
f 2938/3029/2722 2934/3031/2716 2939/3067/2725
f 2940/3032/2723 2936/3025/2719 2941/3041/2728
f 2937/3026/2720 2939/3035/2725 2934/3065/2716
f 2942/3036/2724 2935/3038/2721 2940/3044/2723
f 2944/3039/2726 2938/3029/2722 2939/3067/2725
f 2940/3032/2723 2946/3042/2729 2945/3046/2731
f 2939/3035/2725 2947/3043/2730 2944/3068/2726
f 2942/3036/2724 2945/3045/2731 2947/3047/2730
f 2867/2920/2650 2944/3039/2726 2866/3048/2654
f 2868/2921/2651 2946/3042/2729 2871/2922/2652
f 2947/3043/2730 2866/2924/2654 2944/3068/2726
f 2872/2927/2655 2945/3045/2731 2868/2928/2651
o car80
v 7.810986 1.527885 2.349989
v 7.956694 1.391985 2.016997
v 7.587642 2.171549 1.949181
v 7.296030 2.204441 2.472468
v 7.134438 2.700009 2.073313
v 6.730894 2.768093 2.451736
v 7.357110 2.516961 1.970069
v 7.810985 -2.078751 2.349989
v 7.296029 -2.755307 2.472468
v 7.587641 -2.722415 1.949181
v 7.956694 -1.942851 2.016997
v 7.134437 -3.250875 2.073313
v 7.357109 -3.067827 1.970069
v 6.730893 -3.318959 2.451736
vn 0.8078 0.5168 0.2836
vn 0.9291 0.3044 0.2099
vn 0.7727 0.5298 0.3497
vn 0.6847 0.6074 0.4028
vn 0.7159 0.5288 0.4559
vn 0.8078 -0.5168 0.2836
vn 0.7159 -0.5288 0.4559
vn 0.7727 -0.5298 0.3497
vn 0.6847 -0.6074 0.4029
vn 0.5079 0.6674 0.5445
vn 0.6705 0.5885 0.4519
vn 0.9291 -0.3044 0.2099
vn 0.6705 -0.5885 0.4519
vn 0.5079 -0.6674 0.5446
vt 0.896774 0.133768
vt 0.890139 0.118458
vt 0.928201 0.119583
vt 0.945065 0.122476
vt 0.929807 0.141967
vt 0.720685 0.133768
vt 0.687653 0.141964
vt 0.689259 0.119583
vt 0.672394 0.122476
vt 0.957326 0.146571
vt 0.954002 0.129095
vt 0.727320 0.118458
vt 0.663457 0.129095
vt 0.660133 0.146571
s 1
usemtl glassMat
f 2948/3069/2732 2949/3070/2733 2950/3071/2734
f 2954/3072/2735 2951/3073/2736 2950/3071/2734
f 2955/3074/2737 2956/3075/2738 2957/3076/2739
f 2956/3075/2738 2960/3077/2740 2957/3076/2739
f 2948/3069/2732 2950/3071/2734 2951/3073/2736
f 2953/3078/2741 2951/3073/2736 2952/3079/2742
f 2952/3079/2742 2951/3073/2736 2954/3072/2735
f 2955/3074/2737 2957/3076/2739 2958/3080/2743
f 2960/3077/2740 2956/3075/2738 2959/3081/2744
f 2959/3081/2744 2956/3075/2738 2961/3082/2745
o car81
v -7.643494 2.905607 2.567876
v -7.397938 2.720823 3.015244
v -7.397939 -3.271929 3.015244
v -7.643495 -3.456713 2.567876
v -7.997431 -3.178317 3.051431
v -8.067087 -3.285793 2.514283
v -8.067086 2.734687 2.514283
v -7.997430 2.627211 3.051431
v -8.381570 2.383723 2.514283
v -8.332411 -2.955329 3.051431
v -8.381571 -2.934833 2.514283
v -8.646638 1.707759 2.688419
v -8.781974 0.872319 2.683175
v -8.779631 1.015971 3.014671
v -8.779631 -1.567065 3.014671
v -8.781974 -1.423413 2.683175
v -8.646639 -2.258852 2.688419
v -8.572583 -2.385773 3.051431
v -8.681863 -2.200529 2.514283
v -8.332410 2.404223 3.051431
v -8.681862 1.649423 2.514283
v -8.572582 1.834667 3.051431
vn -0.2386 -0.9073 0.3463
vn 0.0273 -0.8722 0.4884
vn -0.4583 -0.8195 0.3440
vn -0.8028 0.5818 0.1303
vn -0.4583 0.8195 0.3440
vn -0.4643 0.8796 0.1033
vn -0.8163 -0.5776 0.0035
vn -0.8028 -0.5818 0.1303
vn -0.9219 -0.3824 0.0625
vn -0.9220 0.3822 0.0624
vn -0.8163 0.5776 0.0035
vn 0.0273 0.8722 0.4884
vn -0.2386 0.9073 0.3463
vn -0.4643 -0.8796 0.1033
vn -0.9718 0.2354 -0.0165
vn -0.9369 0.3272 0.1231
vn -0.9827 0.1713 0.0700
vn -0.9827 -0.1713 0.0700
vn -0.9369 -0.3272 0.1231
vn -0.9718 -0.2354 -0.0165
vn -0.9266 -0.3719 0.0551
vn -0.9266 0.3719 0.0552
vn -0.9960 0.0599 -0.0657
vn -0.9960 -0.0599 -0.0657
vt 0.090378 0.418934
vt 0.097614 0.442499
vt 0.071005 0.443888
vt 0.769785 0.446535
vt 0.751286 0.446114
vt 0.752723 0.417989
vt 0.049067 0.415533
vt 0.052506 0.444308
vt 0.021327 0.445019
vt 0.800964 0.447246
vt 0.773224 0.417759
vt 0.724677 0.444725
vt 0.731913 0.421160
vt 0.069568 0.415763
vt 0.562583 0.082658
vt 0.618070 0.085516
vt 0.609469 0.057292
vt 0.340630 0.057292
vt 0.332029 0.085516
vt 0.387516 0.082658
vt 0.009023 0.415017
vt 0.813267 0.417243
vt 0.552847 0.056884
vt 0.397252 0.056884
s 1
usemtl Material.006
f 2965/3083/2746 2964/3084/2747 2966/3085/2748
f 2981/3086/2749 2969/3087/2750 2968/3088/2751
f 2972/3089/2752 2971/3090/2753 2979/3091/2754
f 2983/3092/2755 2981/3086/2749 2970/3093/2756
f 2969/3087/2750 2963/3094/2757 2962/3095/2758
f 2967/3096/2759 2966/3085/2748 2971/3090/2753
f 2975/3097/2760 2983/3098/2761 2973/3099/2762
f 2978/3100/2763 2979/3101/2764 2976/3102/2765
f 2965/3083/2746 2966/3085/2748 2967/3096/2759
f 2981/3086/2749 2968/3088/2751 2970/3093/2756
f 2972/3089/2752 2979/3091/2754 2980/3103/2766
f 2983/3092/2755 2970/3093/2756 2982/3104/2767
f 2969/3087/2750 2962/3095/2758 2968/3088/2751
f 2967/3096/2759 2971/3090/2753 2972/3089/2752
f 2975/3097/2760 2973/3099/2762 2974/3105/2768
f 2978/3100/2763 2976/3102/2765 2977/3106/2769
o car9
v 4.903101 -2.484411 0.270404
v 5.394794 -2.484411 0.171116
v 5.394794 -3.912267 0.176364
v 4.905105 -3.912266 0.275244
v 5.394794 -3.982203 0.400980
v 5.394794 -3.831579 0.475228
v 5.019341 -3.831578 0.551040
v 4.990965 -3.982203 0.482524
v 5.394794 -3.989019 0.293116
v 4.949733 -3.989018 0.382988
v 4.485213 -2.484411 0.547876
v 4.488925 -3.912266 0.551588
v 4.700253 -3.831578 0.762916
v 4.647753 -3.982203 0.710416
v 4.571481 -3.989018 0.634144
v 4.207741 -2.484411 0.965760
v 4.212581 -3.912266 0.967768
v 4.488377 -3.831578 1.082004
v 4.419861 -3.982203 1.053624
v 4.320325 -3.989018 1.012396
v 4.108457 -2.484411 1.457456
v 4.113701 -3.912266 1.457456
v 4.412565 -3.831578 1.457456
v 4.338321 -3.982203 1.457456
v 4.230457 -3.989018 1.457456
v 4.207741 -2.484411 1.949148
v 4.212581 -3.912266 1.947144
v 4.488377 -3.831578 1.832904
v 4.419861 -3.982203 1.861284
v 4.320325 -3.989018 1.902516
v 4.485213 -2.484411 2.367032
v 4.488925 -3.912266 2.363324
v 4.700253 -3.831578 2.151993
v 4.647753 -3.982203 2.204493
v 4.571481 -3.989018 2.280764
v 4.903101 -2.484411 2.644508
v 4.905105 -3.912266 2.639664
v 5.019345 -3.831578 2.363868
v 4.990965 -3.982203 2.432384
v 4.949733 -3.989018 2.531924
v 5.394794 -2.484411 2.743793
v 5.394793 -3.912267 2.738544
v 5.394793 -3.831579 2.439681
v 5.394793 -3.982203 2.513928
v 5.394793 -3.989019 2.621793
v 5.886485 -2.484411 2.644508
v 5.884481 -3.912267 2.639664
v 5.770241 -3.831579 2.363868
v 5.798621 -3.982203 2.432384
v 5.839853 -3.989019 2.531924
v 6.304369 -2.484411 2.367033
v 6.300661 -3.912267 2.363324
v 6.089333 -3.831579 2.151993
v 6.141833 -3.982203 2.204493
v 6.218105 -3.989019 2.280765
v 6.581845 -2.484411 1.949149
v 6.577001 -3.912267 1.947145
v 6.301209 -3.831579 1.832904
v 6.369721 -3.982203 1.861284
v 6.469261 -3.989019 1.902512
v 6.681129 -2.484411 1.457456
v 6.675885 -3.912267 1.457456
v 6.377021 -3.831579 1.457456
v 6.451265 -3.982203 1.457456
v 6.559129 -3.989019 1.457456
v 6.581845 -2.484411 0.965761
v 6.577001 -3.912267 0.967769
v 6.301205 -3.831579 1.082004
v 6.369721 -3.982203 1.053625
v 6.469261 -3.989019 1.012396
v 6.304369 -2.484411 0.547876
v 6.300661 -3.912267 0.551588
v 6.089333 -3.831579 0.762917
v 6.141833 -3.982203 0.710416
v 6.218105 -3.989019 0.634144
v 5.886485 -2.484411 0.270404
v 5.884481 -3.912267 0.275244
v 5.770241 -3.831579 0.551040
v 5.798621 -3.982203 0.482524
v 5.839853 -3.989019 0.382988
vn -0.3827 -0.0037 -0.9239
vn -0.0000 -0.0037 -1.0000
vn -0.0000 -0.4530 -0.8915
vn 0.1949 -0.8606 0.4705
vn -0.0000 -0.8616 0.5076
vn -0.0000 -0.4421 0.8969
vn -0.3411 -0.4533 -0.8235
vn -0.0000 -0.9561 -0.2931
vn -0.1118 -0.9563 -0.2700
vn -0.6304 -0.4530 -0.6304
vn -0.7071 -0.0037 -0.7071
vn 0.3433 -0.4417 0.8289
vn 0.6342 -0.4421 0.6342
vn -0.2072 -0.9561 -0.2072
vn 0.3589 -0.8616 0.3589
vn -0.9239 -0.0037 -0.3827
vn 0.4705 -0.8606 0.1949
vn -0.8235 -0.4534 -0.3411
vn -0.2700 -0.9563 -0.1118
vn -0.8915 -0.4530 -0.0000
vn -1.0000 -0.0037 -0.0000
vn 0.8289 -0.4417 0.3433
vn 0.8970 -0.4421 -0.0000
vn -0.2930 -0.9561 -0.0000
vn 0.5076 -0.8616 -0.0000
vn -0.9239 -0.0037 0.3827
vn 0.4705 -0.8606 -0.1949
vn -0.8235 -0.4534 0.3411
vn -0.2700 -0.9563 0.1118
vn -0.6304 -0.4530 0.6304
vn -0.7071 -0.0037 0.7071
vn 0.8289 -0.4417 -0.3433
vn 0.6342 -0.4421 -0.6342
vn -0.2072 -0.9561 0.2072
vn 0.3589 -0.8616 -0.3589
vn -0.3827 -0.0037 0.9239
vn 0.1949 -0.8606 -0.4705
vn -0.3411 -0.4533 0.8235
vn -0.1118 -0.9563 0.2700
vn -0.0000 -0.4530 0.8915
vn -0.0000 -0.0037 1.0000
vn 0.3433 -0.4417 -0.8289
vn -0.0000 -0.4421 -0.8969
vn -0.0000 -0.9561 0.2931
vn -0.0000 -0.8616 -0.5076
vn 0.3827 -0.0037 0.9239
vn -0.1949 -0.8606 -0.4705
vn 0.3411 -0.4533 0.8235
vn 0.1118 -0.9563 0.2700
vn 0.6304 -0.4530 0.6304
vn 0.7071 -0.0037 0.7071
vn -0.3433 -0.4417 -0.8289
vn -0.6342 -0.4421 -0.6342
vn 0.2072 -0.9561 0.2072
vn -0.3589 -0.8616 -0.3589
vn 0.9239 -0.0037 0.3827
vn -0.4705 -0.8606 -0.1949
vn 0.8235 -0.4533 0.3411
vn 0.2700 -0.9563 0.1118
vn 0.8915 -0.4530 -0.0000
vn 1.0000 -0.0037 -0.0000
vn -0.8289 -0.4417 -0.3433
vn -0.8970 -0.4421 -0.0000
vn 0.2930 -0.9561 -0.0000
vn -0.5076 -0.8616 -0.0000
vn 0.9239 -0.0037 -0.3827
vn -0.4705 -0.8606 0.1949
vn 0.8235 -0.4533 -0.3411
vn 0.2700 -0.9563 -0.1118
vn 0.6304 -0.4530 -0.6304
vn 0.7071 -0.0037 -0.7071
vn -0.8289 -0.4417 0.3433
vn -0.6342 -0.4421 0.6342
vn 0.2072 -0.9561 -0.2072
vn -0.3589 -0.8616 0.3589
vn 0.3827 -0.0037 -0.9239
vn -0.1949 -0.8606 0.4705
vn 0.3411 -0.4533 -0.8235
vn 0.1118 -0.9563 -0.2700
vn -0.3433 -0.4417 0.8289
vt 0.398051 0.980299
vt 0.390441 0.980299
vt 0.390441 0.903541
vt 0.561921 0.837736
vt 0.589211 0.832226
vt 0.589211 0.837243
vt 0.556119 0.823729
vt 0.589211 0.817046
vt 0.589211 0.824936
vt 0.559134 0.831009
vt 0.405660 0.903541
vt 0.405660 0.980299
vt 0.563839 0.842366
vt 0.542275 0.856684
vt 0.533573 0.847982
vt 0.538727 0.853137
vt 0.413270 0.980299
vt 0.523327 0.876330
vt 0.509319 0.870528
vt 0.527994 0.842403
vt 0.516600 0.873544
vt 0.420880 0.903541
vt 0.420880 0.980299
vt 0.527957 0.878248
vt 0.522834 0.903620
vt 0.510527 0.903620
vt 0.517816 0.903620
vt 0.428490 0.980299
vt 0.523327 0.930910
vt 0.509319 0.936713
vt 0.502637 0.903620
vt 0.516600 0.933697
vt 0.436099 0.903541
vt 0.436099 0.980299
vt 0.527957 0.928993
vt 0.542275 0.950556
vt 0.533573 0.959258
vt 0.538727 0.954104
vt 0.443709 0.980299
vt 0.561921 0.969504
vt 0.556119 0.983512
vt 0.527994 0.964837
vt 0.559134 0.976231
vt 0.451319 0.903541
vt 0.451319 0.980299
vt 0.563839 0.964874
vt 0.589211 0.969998
vt 0.589211 0.982304
vt 0.589211 0.975015
vt 0.458929 0.980299
vt 0.616501 0.969504
vt 0.622303 0.983512
vt 0.589211 0.990194
vt 0.619287 0.976231
vt 0.466539 0.903541
vt 0.466539 0.980299
vt 0.614583 0.964874
vt 0.636147 0.950556
vt 0.644849 0.959258
vt 0.639694 0.954104
vt 0.474148 0.980299
vt 0.655095 0.930910
vt 0.669103 0.936713
vt 0.650428 0.964837
vt 0.661822 0.933697
vt 0.481758 0.903541
vt 0.481758 0.980299
vt 0.650465 0.928993
vt 0.655588 0.903620
vt 0.667895 0.903620
vt 0.660606 0.903620
vt 0.367611 0.980299
vt 0.360002 0.980299
vt 0.360002 0.903541
vt 0.655095 0.876330
vt 0.669103 0.870528
vt 0.675785 0.903620
vt 0.661822 0.873544
vt 0.375221 0.903541
vt 0.375221 0.980299
vt 0.650465 0.878248
vt 0.636147 0.856684
vt 0.644849 0.847982
vt 0.639694 0.853137
vt 0.382831 0.980299
vt 0.616501 0.837736
vt 0.622303 0.823729
vt 0.650428 0.842403
vt 0.619287 0.831009
vt 0.614583 0.842366
vt 0.398051 0.903541
vt 0.413270 0.903541
vt 0.428490 0.903541
vt 0.443709 0.903541
vt 0.458929 0.903541
vt 0.474148 0.903541
vt 0.367611 0.903541
vt 0.382831 0.903541
s 1
usemtl rubberMat
f 2984/3107/2770 2985/3108/2771 2986/3109/2772
f 2991/3110/2773 2988/3111/2774 2989/3112/2775
f 2987/3113/2776 2986/3114/2772 2992/3115/2777
f 2993/3116/2778 2992/3115/2777 2988/3111/2774
f 2995/3117/2779 2994/3118/2780 2984/3107/2770
f 2991/3110/2773 2990/3119/2781 2996/3120/2782
f 2987/3113/2776 2993/3116/2778 2998/3121/2783
f 2993/3116/2778 2991/3110/2773 2997/3122/2784
f 2999/3123/2785 2994/3118/2780 2995/3117/2779
f 3002/3124/2786 2997/3122/2784 2996/3120/2782
f 3000/3125/2787 2995/3126/2779 2998/3121/2783
f 3003/3127/2788 2998/3121/2783 2997/3122/2784
f 3005/3128/2789 3004/3129/2790 2999/3123/2785
f 3002/3124/2786 3001/3130/2791 3006/3131/2792
f 3000/3125/2787 3003/3127/2788 3008/3132/2793
f 3003/3127/2788 3002/3124/2786 3007/3133/2794
f 3009/3134/2795 3004/3129/2790 3005/3128/2789
f 3012/3135/2796 3007/3133/2794 3006/3131/2792
f 3010/3136/2797 3005/3137/2789 3008/3132/2793
f 3013/3138/2798 3008/3132/2793 3007/3133/2794
f 3015/3139/2799 3014/3140/2800 3009/3134/2795
f 3012/3135/2796 3011/3141/2801 3016/3142/2802
f 3010/3136/2797 3013/3138/2798 3018/3143/2803
f 3013/3138/2798 3012/3135/2796 3017/3144/2804
f 3019/3145/2805 3014/3140/2800 3015/3139/2799
f 3022/3146/2806 3017/3144/2804 3016/3142/2802
f 3020/3147/2807 3015/3148/2799 3018/3143/2803
f 3023/3149/2808 3018/3143/2803 3017/3144/2804
f 3025/3150/2809 3024/3151/2810 3019/3145/2805
f 3022/3146/2806 3021/3152/2811 3026/3153/2812
f 3020/3147/2807 3023/3149/2808 3028/3154/2813
f 3023/3149/2808 3022/3146/2806 3027/3155/2814
f 3029/3156/2815 3024/3151/2810 3025/3150/2809
f 3032/3157/2816 3027/3155/2814 3026/3153/2812
f 3030/3158/2817 3025/3159/2809 3028/3154/2813
f 3033/3160/2818 3028/3154/2813 3027/3155/2814
f 3035/3161/2819 3034/3162/2820 3029/3156/2815
f 3032/3157/2816 3031/3163/2821 3036/3164/2822
f 3030/3158/2817 3033/3160/2818 3038/3165/2823
f 3033/3160/2818 3032/3157/2816 3037/3166/2824
f 3039/3167/2825 3034/3162/2820 3035/3161/2819
f 3042/3168/2826 3037/3166/2824 3036/3164/2822
f 3040/3169/2827 3035/3170/2819 3038/3165/2823
f 3043/3171/2828 3038/3165/2823 3037/3166/2824
f 3045/3172/2829 3044/3173/2830 3039/3167/2825
f 3042/3168/2826 3041/3174/2831 3046/3175/2832
f 3040/3169/2827 3043/3171/2828 3048/3176/2833
f 3043/3171/2828 3042/3168/2826 3047/3177/2834
f 3049/3178/2835 3044/3179/2830 3045/3180/2829
f 3052/3181/2836 3047/3177/2834 3046/3175/2832
f 3050/3182/2837 3045/3183/2829 3048/3176/2833
f 3053/3184/2838 3048/3176/2833 3047/3177/2834
f 3055/3185/2839 3054/3186/2840 3049/3178/2835
f 3052/3181/2836 3051/3187/2841 3056/3188/2842
f 3050/3182/2837 3053/3184/2838 3058/3189/2843
f 3053/3184/2838 3052/3181/2836 3057/3190/2844
f 3059/3191/2845 3054/3186/2840 3055/3185/2839
f 3062/3192/2846 3057/3190/2844 3056/3188/2842
f 3060/3193/2847 3055/3194/2839 3058/3189/2843
f 3063/3195/2848 3058/3189/2843 3057/3190/2844
f 2986/3109/2772 2985/3108/2771 3059/3191/2845
f 3062/3192/2846 3061/3196/2849 2989/3112/2775
f 3060/3193/2847 3063/3195/2848 2992/3115/2777
f 3063/3195/2848 3062/3192/2846 2988/3111/2774
f 2984/3107/2770 2986/3109/2772 2987/3197/2776
f 2991/3110/2773 2989/3112/2775 2990/3119/2781
f 2987/3113/2776 2992/3115/2777 2993/3116/2778
f 2993/3116/2778 2988/3111/2774 2991/3110/2773
f 2995/3117/2779 2984/3107/2770 2987/3197/2776
f 2991/3110/2773 2996/3120/2782 2997/3122/2784
f 2987/3113/2776 2998/3121/2783 2995/3126/2779
f 2993/3116/2778 2997/3122/2784 2998/3121/2783
f 2999/3123/2785 2995/3117/2779 3000/3198/2787
f 3002/3124/2786 2996/3120/2782 3001/3130/2791
f 3000/3125/2787 2998/3121/2783 3003/3127/2788
f 3003/3127/2788 2997/3122/2784 3002/3124/2786
f 3005/3128/2789 2999/3123/2785 3000/3198/2787
f 3002/3124/2786 3006/3131/2792 3007/3133/2794
f 3000/3125/2787 3008/3132/2793 3005/3137/2789
f 3003/3127/2788 3007/3133/2794 3008/3132/2793
f 3009/3134/2795 3005/3128/2789 3010/3199/2797
f 3012/3135/2796 3006/3131/2792 3011/3141/2801
f 3010/3136/2797 3008/3132/2793 3013/3138/2798
f 3013/3138/2798 3007/3133/2794 3012/3135/2796
f 3015/3139/2799 3009/3134/2795 3010/3199/2797
f 3012/3135/2796 3016/3142/2802 3017/3144/2804
f 3010/3136/2797 3018/3143/2803 3015/3148/2799
f 3013/3138/2798 3017/3144/2804 3018/3143/2803
f 3019/3145/2805 3015/3139/2799 3020/3200/2807
f 3022/3146/2806 3016/3142/2802 3021/3152/2811
f 3020/3147/2807 3018/3143/2803 3023/3149/2808
f 3023/3149/2808 3017/3144/2804 3022/3146/2806
f 3025/3150/2809 3019/3145/2805 3020/3200/2807
f 3022/3146/2806 3026/3153/2812 3027/3155/2814
f 3020/3147/2807 3028/3154/2813 3025/3159/2809
f 3023/3149/2808 3027/3155/2814 3028/3154/2813
f 3029/3156/2815 3025/3150/2809 3030/3201/2817
f 3032/3157/2816 3026/3153/2812 3031/3163/2821
f 3030/3158/2817 3028/3154/2813 3033/3160/2818
f 3033/3160/2818 3027/3155/2814 3032/3157/2816
f 3035/3161/2819 3029/3156/2815 3030/3201/2817
f 3032/3157/2816 3036/3164/2822 3037/3166/2824
f 3030/3158/2817 3038/3165/2823 3035/3170/2819
f 3033/3160/2818 3037/3166/2824 3038/3165/2823
f 3039/3167/2825 3035/3161/2819 3040/3202/2827
f 3042/3168/2826 3036/3164/2822 3041/3174/2831
f 3040/3169/2827 3038/3165/2823 3043/3171/2828
f 3043/3171/2828 3037/3166/2824 3042/3168/2826
f 3045/3172/2829 3039/3167/2825 3040/3202/2827
f 3042/3168/2826 3046/3175/2832 3047/3177/2834
f 3040/3169/2827 3048/3176/2833 3045/3183/2829
f 3043/3171/2828 3047/3177/2834 3048/3176/2833
f 3049/3178/2835 3045/3180/2829 3050/3203/2837
f 3052/3181/2836 3046/3175/2832 3051/3187/2841
f 3050/3182/2837 3048/3176/2833 3053/3184/2838
f 3053/3184/2838 3047/3177/2834 3052/3181/2836
f 3055/3185/2839 3049/3178/2835 3050/3203/2837
f 3052/3181/2836 3056/3188/2842 3057/3190/2844
f 3050/3182/2837 3058/3189/2843 3055/3194/2839
f 3053/3184/2838 3057/3190/2844 3058/3189/2843
f 3059/3191/2845 3055/3185/2839 3060/3204/2847
f 3062/3192/2846 3056/3188/2842 3061/3196/2849
f 3060/3193/2847 3058/3189/2843 3063/3195/2848
f 3063/3195/2848 3057/3190/2844 3062/3192/2846
f 2986/3109/2772 3059/3191/2845 3060/3204/2847
f 3062/3192/2846 2989/3112/2775 2988/3111/2774
f 3060/3193/2847 2992/3115/2777 2986/3114/2772
f 3063/3195/2848 2988/3111/2774 2992/3115/2777
