# exported by https://3dviewer.net
mtllib model.mtl
g Cube
v 0.006000024318695068 -0.0025173752200126735 0.03990902477998734
v 2.2888169951329474e-8 -0.03990904501047135 0.002517354989528646
v 0.006000024318695068 -0.03990904501047135 0.002517354989528646
v 0.006000024318695068 -0.040876001454639446 0.0007305758825778864
v 0.006000024318695068 -0.040924435762166984 -0.0004403670606613272
v 0.006000024318695068 -0.03990903615963459 -0.0025173638403654212
v 2.2888169951329474e-8 0.03990902604439259 0.002517353725123416
v 0.006000024318695068 0.0025173537251233953 0.03990902604439259
v 0.006000024318695068 0.03990902604439259 0.002517353725123416
v 2.2888169951329474e-8 0.0007305758825779073 -0.040876001454639446
v 2.2888169951329474e-8 -0.0004403670606613064 -0.040924435762166984
v 2.2888169951329474e-8 -0.0025173638403654004 -0.03990903615963459
v 2.2888169951329474e-8 0.03990902477998734 -0.002517375220012656
v 0.006000024318695068 0.0025173549895286668 -0.03990904501047135
v 2.2888169951329474e-8 0.0025173549895286668 -0.03990904501047135
v 2.2888169951329474e-8 -0.0025173638403654004 -0.03990903615963459
v 0.006000024318695068 -0.002300896397066106 -0.04010833045082093
v 0.006000024318695068 -0.0025173638403654004 -0.03990903615963459
v 2.2888169951329474e-8 -0.002300896397066106 -0.04010833045082093
v 0.006000024318695068 -0.0020686984880447304 -0.04028905442209245
v 0.006000024318695068 -0.002300896397066106 -0.04010833045082093
v 2.2888169951329474e-8 -0.0020686984880447304 -0.04028905442209245
v 0.006000024318695068 -0.0018223683215379607 -0.040449994244408614
v 0.006000024318695068 -0.0020686984880447304 -0.04028905442209245
v 2.2888169951329474e-8 -0.0018223683215379607 -0.040449994244408614
v 0.006000024318695068 -0.0015635900853395342 -0.04059003471233845
v 0.006000024318695068 -0.0018223683215379607 -0.040449994244408614
v 2.2888169951329474e-8 -0.0015635900853395342 -0.04059003471233845
v 0.006000024318695068 -0.001294130153584469 -0.040708231315159805
v 0.006000024318695068 -0.0015635900853395342 -0.04059003471233845
v 2.2888169951329474e-8 -0.001294130153584469 -0.040708231315159805
v 0.006000024318695068 -0.0010158332935333164 -0.04080376851148606
v 0.006000024318695068 -0.001294130153584469 -0.040708231315159805
v 2.2888169951329474e-8 -0.0010158332935333164 -0.04080376851148606
v 0.006000024318695068 -0.0007305986418723945 -0.04087600145463944
v 0.006000024318695068 -0.0010158332935333164 -0.04080376851148606
v 2.2888169951329474e-8 -0.0007305986418723945 -0.04087600145463944
v 0.006000024318695068 -0.0004403670606613064 -0.040924435762166984
v 0.006000024318695068 -0.0007305986418723945 -0.04087600145463944
v 2.2888169951329474e-8 -0.0004403670606613064 -0.040924435762166984
v 0.006000024318695068 -0.00014712998816966 -0.04094873130905629
v 0.006000024318695068 -0.0004403670606613064 -0.040924435762166984
v 2.2888169951329474e-8 -0.00014712998816966 -0.04094873130905629
v 0.006000024318695068 0.00014711228649617186 -0.04094872878024579
v 0.006000024318695068 -0.00014712998816966 -0.04094873130905629
v 2.2888169951329474e-8 0.00014711228649617186 -0.04094872878024579
v 0.006000024318695068 0.00044034683017731696 -0.04092443323335648
v 0.006000024318695068 0.00014711228649617186 -0.04094872878024579
v 2.2888169951329474e-8 0.00044034683017731696 -0.04092443323335648
v 0.006000024318695068 0.0007305758825779073 -0.040876001454639446
v 0.006000024318695068 0.00044034683017731696 -0.04092443323335648
v 2.2888169951329474e-8 0.0007305758825779073 -0.040876001454639446
v 0.006000024318695068 0.001015813063049327 -0.04080377104029656
v 0.006000024318695068 0.0007305758825779073 -0.040876001454639446
v 2.2888169951329474e-8 0.001015813063049327 -0.04080377104029656
v 0.006000024318695068 0.001294108658695229 -0.04070823005075455
v 0.006000024318695068 0.001015813063049327 -0.04080377104029656
v 2.2888169951329474e-8 0.001294108658695229 -0.04070823005075455
v 0.006000024318695068 0.0015635698548555482 -0.04059003724114896
v 0.006000024318695068 0.001294108658695229 -0.04070823005075455
v 2.2888169951329474e-8 0.0015635698548555482 -0.04059003724114896
v 0.006000024318695068 0.0018223506198644726 -0.04044999171559811
v 0.006000024318695068 0.0015635698548555482 -0.04059003724114896
v 2.2888169951329474e-8 0.0018223506198644726 -0.04044999171559811
v 0.006000024318695068 0.0020686769931554903 -0.040289055686497696
v 0.006000024318695068 0.0018223506198644726 -0.04044999171559811
v 2.2888169951329474e-8 0.0020686769931554903 -0.040289055686497696
v 0.006000024318695068 0.0023008749021768693 -0.04010832918641568
v 0.006000024318695068 0.0020686769931554903 -0.040289055686497696
v 2.2888169951329474e-8 0.0023008749021768693 -0.04010832918641568
v 0.006000024318695068 0.0025173549895286668 -0.03990904501047135
v 0.006000024318695068 0.0023008749021768693 -0.04010832918641568
v 0.006000024318695068 0.03990902604439259 0.002517353725123416
v 2.2888169951329474e-8 0.04010830895593167 0.0023008749021768693
v 2.2888169951329474e-8 0.03990902604439259 0.002517353725123416
v 0.006000024318695068 0.04010830895593167 0.0023008749021768693
v 2.2888169951329474e-8 0.04028903419160843 0.0020686782575607375
v 2.2888169951329474e-8 0.04010830895593167 0.0023008749021768693
v 0.006000024318695068 0.04028903419160843 0.0020686782575607375
v 2.2888169951329474e-8 0.04044997274951935 0.0018223468266487207
v 2.2888169951329474e-8 0.04028903419160843 0.0020686782575607375
v 0.006000024318695068 0.04044997274951935 0.0018223468266487207
v 2.2888169951329474e-8 0.040590014481854446 0.0015635698548555482
v 2.2888169951329474e-8 0.04044997274951935 0.0018223468266487207
v 0.006000024318695068 0.040590014481854446 0.0015635698548555482
v 2.2888169951329474e-8 0.04070821234908105 0.0012941111875057303
v 2.2888169951329474e-8 0.040590014481854446 0.0015635698548555482
v 0.006000024318695068 0.04070821234908105 0.0012941111875057303
v 2.2888169951329474e-8 0.04080374828100205 0.001015813063049327
v 2.2888169951329474e-8 0.04070821234908105 0.0012941111875057303
v 0.006000024318695068 0.04080374828100205 0.001015813063049327
v 2.2888169951329474e-8 0.04087597995975018 0.0007305771469831579
v 2.2888169951329474e-8 0.04080374828100205 0.001015813063049327
v 0.006000024318695068 0.04087597995975018 0.0007305771469831579
v 2.2888169951329474e-8 0.04092441426727772 0.0004403455657720663
v 2.2888169951329474e-8 0.04087597995975018 0.0007305771469831579
v 0.006000024318695068 0.04092441426727772 0.0004403455657720663
v 2.2888169951329474e-8 0.040948712342977533 0.00014711102209092122
v 2.2888169951329474e-8 0.04092441426727772 0.0004403455657720663
v 0.006000024318695068 0.040948712342977533 0.00014711102209092122
v 2.2888169951329474e-8 0.040948709814167025 -0.00014713125257491064
v 2.2888169951329474e-8 0.040948712342977533 0.00014711102209092122
v 0.006000024318695068 0.040948709814167025 -0.00014713125257491064
v 2.2888169951329474e-8 0.04092441426727772 -0.00044036579625605574
v 2.2888169951329474e-8 0.040948709814167025 -0.00014713125257491064
v 0.006000024318695068 0.04092441426727772 -0.00044036579625605574
v 2.2888169951329474e-8 0.04087598248856068 -0.000730594848656646
v 2.2888169951329474e-8 0.04092441426727772 -0.00044036579625605574
v 0.006000024318695068 0.04087598248856068 -0.000730594848656646
v 2.2888169951329474e-8 0.0408037495454073 -0.001015834557938567
v 2.2888169951329474e-8 0.04087598248856068 -0.000730594848656646
v 0.006000024318695068 0.0408037495454073 -0.001015834557938567
v 2.2888169951329474e-8 0.040708208555865294 -0.001294130153584469
v 2.2888169951329474e-8 0.0408037495454073 -0.001015834557938567
v 0.006000024318695068 0.040708208555865294 -0.001294130153584469
v 2.2888169951329474e-8 0.0405900157462597 -0.0015635913497447883
v 2.2888169951329474e-8 0.040708208555865294 -0.001294130153584469
v 0.006000024318695068 0.0405900157462597 -0.0015635913497447883
v 2.2888169951329474e-8 0.04044997274951935 -0.0018223695859432114
v 2.2888169951329474e-8 0.0405900157462597 -0.0015635913497447883
v 0.006000024318695068 0.04044997274951935 -0.0018223695859432114
v 2.2888169951329474e-8 0.04028903672041893 -0.0020686959592342256
v 2.2888169951329474e-8 0.04044997274951935 -0.0018223695859432114
v 0.006000024318695068 0.04028903672041893 -0.0020686959592342256
v 2.2888169951329474e-8 0.04010830769152642 -0.0023008963970661094
v 2.2888169951329474e-8 0.04028903672041893 -0.0020686959592342256
v 0.006000024318695068 0.04010830769152642 -0.0023008963970661094
v 2.2888169951329474e-8 0.03990902477998734 -0.002517375220012656
v 2.2888169951329474e-8 0.04010830769152642 -0.0023008963970661094
v 0.006000024318695068 -0.03990903615963459 -0.0025173638403654212
v 2.2888169951329474e-8 -0.04010833045082093 -0.0023008963970661267
v 2.2888169951329474e-8 -0.03990903615963459 -0.0025173638403654212
v 0.006000024318695068 -0.04010833045082093 -0.0023008963970661267
v 2.2888169951329474e-8 -0.04028905442209244 -0.0020686984880447477
v 2.2888169951329474e-8 -0.04010833045082093 -0.0023008963970661267
v 0.006000024318695068 -0.04028905442209244 -0.0020686984880447477
v 2.2888169951329474e-8 -0.040449994244408614 -0.0018223683215379816
v 2.2888169951329474e-8 -0.04028905442209244 -0.0020686984880447477
v 0.006000024318695068 -0.040449994244408614 -0.0018223683215379816
v 2.2888169951329474e-8 -0.04059003471233845 -0.001563590085339555
v 2.2888169951329474e-8 -0.040449994244408614 -0.0018223683215379816
v 0.006000024318695068 -0.04059003471233845 -0.001563590085339555
v 2.2888169951329474e-8 -0.040708231315159805 -0.0012941301535844899
v 2.2888169951329474e-8 -0.04059003471233845 -0.001563590085339555
v 0.006000024318695068 -0.040708231315159805 -0.0012941301535844899
v 2.2888169951329474e-8 -0.04080376851148606 -0.0010158332935333372
v 2.2888169951329474e-8 -0.040708231315159805 -0.0012941301535844899
v 0.006000024318695068 -0.04080376851148606 -0.0010158332935333372
v 2.2888169951329474e-8 -0.04087600145463944 -0.0007305986418724153
v 2.2888169951329474e-8 -0.04080376851148606 -0.0010158332935333372
v 0.006000024318695068 -0.04087600145463944 -0.0007305986418724153
v 2.2888169951329474e-8 -0.040924435762166984 -0.0004403670606613272
v 2.2888169951329474e-8 -0.04087600145463944 -0.0007305986418724153
v 0.006000024318695068 -0.040924435762166984 -0.0004403670606613272
v 2.2888169951329474e-8 -0.04094873130905629 -0.00014712998816968081
v 2.2888169951329474e-8 -0.040924435762166984 -0.0004403670606613272
v 0.006000024318695068 -0.04094873130905629 -0.00014712998816968081
v 2.2888169951329474e-8 -0.04094872878024579 0.00014711228649615105
v 2.2888169951329474e-8 -0.04094873130905629 -0.00014712998816968081
v 0.006000024318695068 -0.04094872878024579 0.00014711228649615105
v 2.2888169951329474e-8 -0.04092443323335648 0.00044034683017729614
v 2.2888169951329474e-8 -0.04094872878024579 0.00014711228649615105
v 0.006000024318695068 -0.04092443323335648 0.00044034683017729614
v 2.2888169951329474e-8 -0.040876001454639446 0.0007305758825778864
v 2.2888169951329474e-8 -0.04092443323335648 0.00044034683017729614
v 0.006000024318695068 -0.040876001454639446 0.0007305758825778864
v 2.2888169951329474e-8 -0.04080377104029656 0.0010158130630493062
v 2.2888169951329474e-8 -0.040876001454639446 0.0007305758825778864
v 0.006000024318695068 -0.04080377104029656 0.0010158130630493062
v 2.2888169951329474e-8 -0.04070823005075455 0.0012941086586952116
v 2.2888169951329474e-8 -0.04080377104029656 0.0010158130630493062
v 0.006000024318695068 -0.04070823005075455 0.0012941086586952116
v 2.2888169951329474e-8 -0.04059003724114896 0.0015635698548555274
v 2.2888169951329474e-8 -0.04070823005075455 0.0012941086586952116
v 0.006000024318695068 -0.04059003724114896 0.0015635698548555274
v 2.2888169951329474e-8 -0.04044999171559811 0.0018223506198644518
v 2.2888169951329474e-8 -0.04059003724114896 0.0015635698548555274
v 0.006000024318695068 -0.04044999171559811 0.0018223506198644518
v 2.2888169951329474e-8 -0.040289055686497696 0.0020686769931554695
v 2.2888169951329474e-8 -0.04044999171559811 0.0018223506198644518
v 0.006000024318695068 -0.040289055686497696 0.0020686769931554695
v 2.2888169951329474e-8 -0.04010832918641568 0.0023008749021768485
v 2.2888169951329474e-8 -0.040289055686497696 0.0020686769931554695
v 0.006000024318695068 -0.04010832918641568 0.0023008749021768485
v 2.2888169951329474e-8 -0.03990904501047135 0.002517354989528646
v 2.2888169951329474e-8 -0.04010832918641568 0.0023008749021768485
v 2.2888169951329474e-8 0.0025173537251233953 0.03990902604439259
v 0.006000024318695068 0.0023008749021768485 0.04010830895593167
v 0.006000024318695068 0.0025173537251233953 0.03990902604439259
v 2.2888169951329474e-8 0.0023008749021768485 0.04010830895593167
v 0.006000024318695068 0.00206867825756072 0.04028903419160844
v 0.006000024318695068 0.0023008749021768485 0.04010830895593167
v 2.2888169951329474e-8 0.00206867825756072 0.04028903419160844
v 0.006000024318695068 0.0018223468266486999 0.04044997274951935
v 0.006000024318695068 0.00206867825756072 0.04028903419160844
v 2.2888169951329474e-8 0.0018223468266486999 0.04044997274951935
v 0.006000024318695068 0.0015635698548555274 0.040590014481854446
v 0.006000024318695068 0.0018223468266486999 0.04044997274951935
v 2.2888169951329474e-8 0.0015635698548555274 0.040590014481854446
v 0.006000024318695068 0.0012941111875057094 0.04070821234908105
v 0.006000024318695068 0.0015635698548555274 0.040590014481854446
v 2.2888169951329474e-8 0.0012941111875057094 0.04070821234908105
v 0.006000024318695068 0.0010158130630493062 0.04080374828100205
v 0.006000024318695068 0.0012941111875057094 0.04070821234908105
v 2.2888169951329474e-8 0.0010158130630493062 0.04080374828100205
v 0.006000024318695068 0.0007305771469831371 0.04087597995975018
v 0.006000024318695068 0.0010158130630493062 0.04080374828100205
v 2.2888169951329474e-8 0.0007305771469831371 0.04087597995975018
v 0.006000024318695068 0.0004403455657720455 0.04092441426727772
v 0.006000024318695068 0.0007305771469831371 0.04087597995975018
v 2.2888169951329474e-8 0.0004403455657720455 0.04092441426727772
v 0.006000024318695068 0.0001471110220909004 0.040948712342977533
v 0.006000024318695068 0.0004403455657720455 0.04092441426727772
v 2.2888169951329474e-8 0.0001471110220909004 0.040948712342977533
v 0.006000024318695068 -0.00014713125257493145 0.040948709814167025
v 0.006000024318695068 0.0001471110220909004 0.040948712342977533
v 2.2888169951329474e-8 -0.00014713125257493145 0.040948709814167025
v 0.006000024318695068 -0.00044036579625607655 0.04092441426727772
v 0.006000024318695068 -0.00014713125257493145 0.040948709814167025
v 2.2888169951329474e-8 -0.00044036579625607655 0.04092441426727772
v 0.006000024318695068 -0.0007305948486566669 0.04087598248856068
v 0.006000024318695068 -0.00044036579625607655 0.04092441426727772
v 2.2888169951329474e-8 -0.0007305948486566669 0.04087598248856068
v 0.006000024318695068 -0.0010158345579385844 0.0408037495454073
v 0.006000024318695068 -0.0007305948486566669 0.04087598248856068
v 2.2888169951329474e-8 -0.0010158345579385844 0.0408037495454073
v 0.006000024318695068 -0.0012941301535844899 0.040708208555865294
v 0.006000024318695068 -0.0010158345579385844 0.0408037495454073
v 2.2888169951329474e-8 -0.0012941301535844899 0.040708208555865294
v 0.006000024318695068 -0.001563591349744809 0.0405900157462597
v 0.006000024318695068 -0.0012941301535844899 0.040708208555865294
v 2.2888169951329474e-8 -0.001563591349744809 0.0405900157462597
v 0.006000024318695068 -0.0018223695859432322 0.04044997274951935
v 0.006000024318695068 -0.001563591349744809 0.0405900157462597
v 2.2888169951329474e-8 -0.0018223695859432322 0.04044997274951935
v 0.006000024318695068 -0.0020686959592342465 0.04028903672041893
v 0.006000024318695068 -0.0018223695859432322 0.04044997274951935
v 2.2888169951329474e-8 -0.0020686959592342465 0.04028903672041893
v 0.006000024318695068 -0.0023008963970661267 0.040108307691526415
v 0.006000024318695068 -0.0020686959592342465 0.04028903672041893
v 2.2888169951329474e-8 -0.0023008963970661267 0.040108307691526415
v 0.006000024318695068 -0.0025173752200126735 0.03990902477998734
v 0.006000024318695068 -0.0023008963970661267 0.040108307691526415
v 0.006000024318695068 -0.0025173638403654004 -0.03990903615963459
v 2.2888169951329474e-8 -0.03990903615963459 -0.0025173638403654212
v 2.2888169951329474e-8 -0.0025173638403654004 -0.03990903615963459
v 0.006000024318695068 -0.0025173752200126735 0.03990902477998734
v 2.2888169951329474e-8 -0.0025173752200126735 0.03990902477998734
v 2.2888169951329474e-8 -0.03990904501047135 0.002517354989528646
v 0.006000024318695068 -0.03990903615963459 -0.0025173638403654212
v 0.006000024318695068 -0.0025173638403654004 -0.03990903615963459
v 0.006000024318695068 0.0025173549895286668 -0.03990904501047135
v 0.006000024318695068 -0.0025173638403654004 -0.03990903615963459
v 0.006000024318695068 -0.002300896397066106 -0.04010833045082093
v 0.006000024318695068 0.0025173549895286668 -0.03990904501047135
v 0.006000024318695068 -0.002300896397066106 -0.04010833045082093
v 0.006000024318695068 -0.0020686984880447304 -0.04028905442209245
v 0.006000024318695068 -0.0018223683215379607 -0.040449994244408614
v 0.006000024318695068 -0.0018223683215379607 -0.040449994244408614
v 0.006000024318695068 -0.0015635900853395342 -0.04059003471233845
v 0.006000024318695068 -0.001294130153584469 -0.040708231315159805
v 0.006000024318695068 -0.001294130153584469 -0.040708231315159805
v 0.006000024318695068 -0.0010158332935333164 -0.04080376851148606
v 0.006000024318695068 -0.0018223683215379607 -0.040449994244408614
v 0.006000024318695068 -0.0010158332935333164 -0.04080376851148606
v 0.006000024318695068 -0.0007305986418723945 -0.04087600145463944
v 0.006000024318695068 -0.0018223683215379607 -0.040449994244408614
v 0.006000024318695068 -0.0007305986418723945 -0.04087600145463944
v 0.006000024318695068 -0.0004403670606613064 -0.040924435762166984
v 0.006000024318695068 -0.00014712998816966 -0.04094873130905629
v 0.006000024318695068 -0.00014712998816966 -0.04094873130905629
v 0.006000024318695068 0.00014711228649617186 -0.04094872878024579
v 0.006000024318695068 -0.0007305986418723945 -0.04087600145463944
v 0.006000024318695068 0.00014711228649617186 -0.04094872878024579
v 0.006000024318695068 0.00044034683017731696 -0.04092443323335648
v 0.006000024318695068 -0.0007305986418723945 -0.04087600145463944
v 0.006000024318695068 0.00044034683017731696 -0.04092443323335648
v 0.006000024318695068 0.0007305758825779073 -0.040876001454639446
v 0.006000024318695068 0.001015813063049327 -0.04080377104029656
v 0.006000024318695068 0.001015813063049327 -0.04080377104029656
v 0.006000024318695068 0.001294108658695229 -0.04070823005075455
v 0.006000024318695068 0.0015635698548555482 -0.04059003724114896
v 0.006000024318695068 0.0015635698548555482 -0.04059003724114896
v 0.006000024318695068 0.0018223506198644726 -0.04044999171559811
v 0.006000024318695068 0.0020686769931554903 -0.040289055686497696
v 0.006000024318695068 0.0020686769931554903 -0.040289055686497696
v 0.006000024318695068 0.0023008749021768693 -0.04010832918641568
v 0.006000024318695068 0.0025173549895286668 -0.03990904501047135
v 0.006000024318695068 0.0025173549895286668 -0.03990904501047135
v 0.006000024318695068 0.03990902477998734 -0.002517375220012656
v 0.006000024318695068 -0.03990903615963459 -0.0025173638403654212
v 0.006000024318695068 0.03990902477998734 -0.002517375220012656
v 0.006000024318695068 0.04010830769152642 -0.0023008963970661094
v 0.006000024318695068 0.04092441426727772 0.0004403455657720663
v 0.006000024318695068 -0.03990903615963459 -0.0025173638403654212
v 0.006000024318695068 0.03990902477998734 -0.002517375220012656
v 0.006000024318695068 0.03990902604439259 0.002517353725123416
v 0.006000024318695068 0.04010830769152642 -0.0023008963970661094
v 0.006000024318695068 0.04028903672041893 -0.0020686959592342256
v 0.006000024318695068 0.04044997274951935 -0.0018223695859432114
v 0.006000024318695068 0.04044997274951935 -0.0018223695859432114
v 0.006000024318695068 0.0405900157462597 -0.0015635913497447883
v 0.006000024318695068 0.040708208555865294 -0.001294130153584469
v 0.006000024318695068 0.040708208555865294 -0.001294130153584469
v 0.006000024318695068 0.0408037495454073 -0.001015834557938567
v 0.006000024318695068 0.04044997274951935 -0.0018223695859432114
v 0.006000024318695068 0.0408037495454073 -0.001015834557938567
v 0.006000024318695068 0.04087598248856068 -0.000730594848656646
v 0.006000024318695068 0.04044997274951935 -0.0018223695859432114
v 0.006000024318695068 0.04087598248856068 -0.000730594848656646
v 0.006000024318695068 0.04092441426727772 -0.00044036579625605574
v 0.006000024318695068 0.040948709814167025 -0.00014713125257491064
v 0.006000024318695068 0.040948709814167025 -0.00014713125257491064
v 0.006000024318695068 0.040948712342977533 0.00014711102209092122
v 0.006000024318695068 0.04092441426727772 0.0004403455657720663
v 0.006000024318695068 0.04092441426727772 0.0004403455657720663
v 0.006000024318695068 0.04087597995975018 0.0007305771469831579
v 0.006000024318695068 0.04080374828100205 0.001015813063049327
v 0.006000024318695068 0.04080374828100205 0.001015813063049327
v 0.006000024318695068 0.04070821234908105 0.0012941111875057303
v 0.006000024318695068 0.040590014481854446 0.0015635698548555482
v 0.006000024318695068 0.040590014481854446 0.0015635698548555482
v 0.006000024318695068 0.04044997274951935 0.0018223468266487207
v 0.006000024318695068 0.04028903419160843 0.0020686782575607375
v 0.006000024318695068 0.04028903419160843 0.0020686782575607375
v 0.006000024318695068 0.04010830895593167 0.0023008749021768693
v 0.006000024318695068 0.03990902604439259 0.002517353725123416
v 0.006000024318695068 0.03990902604439259 0.002517353725123416
v 0.006000024318695068 0.0025173537251233953 0.03990902604439259
v 0.006000024318695068 -0.0025173752200126735 0.03990902477998734
v 0.006000024318695068 0.0025173537251233953 0.03990902604439259
v 0.006000024318695068 0.0023008749021768485 0.04010830895593167
v 0.006000024318695068 -0.0025173752200126735 0.03990902477998734
v 0.006000024318695068 0.0023008749021768485 0.04010830895593167
v 0.006000024318695068 0.00206867825756072 0.04028903419160844
v 0.006000024318695068 0.0018223468266486999 0.04044997274951935
v 0.006000024318695068 0.0018223468266486999 0.04044997274951935
v 0.006000024318695068 0.0015635698548555274 0.040590014481854446
v 0.006000024318695068 0.0012941111875057094 0.04070821234908105
v 0.006000024318695068 0.0012941111875057094 0.04070821234908105
v 0.006000024318695068 0.0010158130630493062 0.04080374828100205
v 0.006000024318695068 0.0018223468266486999 0.04044997274951935
v 0.006000024318695068 0.0010158130630493062 0.04080374828100205
v 0.006000024318695068 0.0007305771469831371 0.04087597995975018
v 0.006000024318695068 0.0018223468266486999 0.04044997274951935
v 0.006000024318695068 0.0007305771469831371 0.04087597995975018
v 0.006000024318695068 0.0004403455657720455 0.04092441426727772
v 0.006000024318695068 0.0001471110220909004 0.040948712342977533
v 0.006000024318695068 0.0001471110220909004 0.040948712342977533
v 0.006000024318695068 -0.00014713125257493145 0.040948709814167025
v 0.006000024318695068 0.0007305771469831371 0.04087597995975018
v 0.006000024318695068 -0.00014713125257493145 0.040948709814167025
v 0.006000024318695068 -0.00044036579625607655 0.04092441426727772
v 0.006000024318695068 0.0007305771469831371 0.04087597995975018
v 0.006000024318695068 -0.00044036579625607655 0.04092441426727772
v 0.006000024318695068 -0.0007305948486566669 0.04087598248856068
v 0.006000024318695068 -0.0010158345579385844 0.0408037495454073
v 0.006000024318695068 -0.0010158345579385844 0.0408037495454073
v 0.006000024318695068 -0.0012941301535844899 0.040708208555865294
v 0.006000024318695068 -0.001563591349744809 0.0405900157462597
v 0.006000024318695068 -0.001563591349744809 0.0405900157462597
v 0.006000024318695068 -0.0018223695859432322 0.04044997274951935
v 0.006000024318695068 -0.0020686959592342465 0.04028903672041893
v 0.006000024318695068 -0.0020686959592342465 0.04028903672041893
v 0.006000024318695068 -0.0023008963970661267 0.040108307691526415
v 0.006000024318695068 -0.0025173752200126735 0.03990902477998734
v 0.006000024318695068 -0.0025173752200126735 0.03990902477998734
v 0.006000024318695068 -0.03990904501047135 0.002517354989528646
v 0.006000024318695068 0.03990902604439259 0.002517353725123416
v 0.006000024318695068 -0.03990904501047135 0.002517354989528646
v 0.006000024318695068 -0.04010832918641568 0.0023008749021768485
v 0.006000024318695068 -0.03990903615963459 -0.0025173638403654212
v 0.006000024318695068 0.03990902604439259 0.002517353725123416
v 0.006000024318695068 -0.03990904501047135 0.002517354989528646
v 0.006000024318695068 -0.03990903615963459 -0.0025173638403654212
v 0.006000024318695068 -0.04010832918641568 0.0023008749021768485
v 0.006000024318695068 -0.040289055686497696 0.0020686769931554695
v 0.006000024318695068 -0.04044999171559811 0.0018223506198644518
v 0.006000024318695068 -0.04044999171559811 0.0018223506198644518
v 0.006000024318695068 -0.04059003724114896 0.0015635698548555274
v 0.006000024318695068 -0.04070823005075455 0.0012941086586952116
v 0.006000024318695068 -0.04070823005075455 0.0012941086586952116
v 0.006000024318695068 -0.04080377104029656 0.0010158130630493062
v 0.006000024318695068 -0.04044999171559811 0.0018223506198644518
v 0.006000024318695068 -0.04080377104029656 0.0010158130630493062
v 0.006000024318695068 -0.040876001454639446 0.0007305758825778864
v 0.006000024318695068 -0.04044999171559811 0.0018223506198644518
v 0.006000024318695068 -0.040876001454639446 0.0007305758825778864
v 0.006000024318695068 -0.04092443323335648 0.00044034683017729614
v 0.006000024318695068 -0.04094872878024579 0.00014711228649615105
v 0.006000024318695068 -0.04094872878024579 0.00014711228649615105
v 0.006000024318695068 -0.04094873130905629 -0.00014712998816968081
v 0.006000024318695068 -0.040876001454639446 0.0007305758825778864
v 0.006000024318695068 -0.04094873130905629 -0.00014712998816968081
v 0.006000024318695068 -0.040924435762166984 -0.0004403670606613272
v 0.006000024318695068 -0.040876001454639446 0.0007305758825778864
v 0.006000024318695068 -0.040924435762166984 -0.0004403670606613272
v 0.006000024318695068 -0.04087600145463944 -0.0007305986418724153
v 0.006000024318695068 -0.04080376851148606 -0.0010158332935333372
v 0.006000024318695068 -0.04080376851148606 -0.0010158332935333372
v 0.006000024318695068 -0.040708231315159805 -0.0012941301535844899
v 0.006000024318695068 -0.04059003471233845 -0.001563590085339555
v 0.006000024318695068 -0.04059003471233845 -0.001563590085339555
v 0.006000024318695068 -0.040449994244408614 -0.0018223683215379816
v 0.006000024318695068 -0.04028905442209244 -0.0020686984880447477
v 0.006000024318695068 -0.04028905442209244 -0.0020686984880447477
v 0.006000024318695068 -0.04010833045082093 -0.0023008963970661267
v 0.006000024318695068 -0.03990903615963459 -0.0025173638403654212
v 0.006000024318695068 -0.002300896397066106 -0.04010833045082093
v 0.006000024318695068 -0.0018223683215379607 -0.040449994244408614
v 0.006000024318695068 0.0025173549895286668 -0.03990904501047135
v 0.006000024318695068 0.00044034683017731696 -0.04092443323335648
v 0.006000024318695068 0.001015813063049327 -0.04080377104029656
v 0.006000024318695068 -0.0007305986418723945 -0.04087600145463944
v 0.006000024318695068 0.001015813063049327 -0.04080377104029656
v 0.006000024318695068 0.0015635698548555482 -0.04059003724114896
v 0.006000024318695068 -0.0007305986418723945 -0.04087600145463944
v 0.006000024318695068 0.0015635698548555482 -0.04059003724114896
v 0.006000024318695068 0.0020686769931554903 -0.040289055686497696
v 0.006000024318695068 0.0025173549895286668 -0.03990904501047135
v 0.006000024318695068 0.04010830769152642 -0.0023008963970661094
v 0.006000024318695068 0.04044997274951935 -0.0018223695859432114
v 0.006000024318695068 0.04092441426727772 0.0004403455657720663
v 0.006000024318695068 0.03990902477998734 -0.002517375220012656
v 0.006000024318695068 0.04092441426727772 0.0004403455657720663
v 0.006000024318695068 0.03990902604439259 0.002517353725123416
v 0.006000024318695068 0.04087598248856068 -0.000730594848656646
v 0.006000024318695068 0.040948709814167025 -0.00014713125257491064
v 0.006000024318695068 0.04044997274951935 -0.0018223695859432114
v 0.006000024318695068 0.040948709814167025 -0.00014713125257491064
v 0.006000024318695068 0.04092441426727772 0.0004403455657720663
v 0.006000024318695068 0.04044997274951935 -0.0018223695859432114
v 0.006000024318695068 0.04092441426727772 0.0004403455657720663
v 0.006000024318695068 0.04080374828100205 0.001015813063049327
v 0.006000024318695068 0.03990902604439259 0.002517353725123416
v 0.006000024318695068 0.04080374828100205 0.001015813063049327
v 0.006000024318695068 0.040590014481854446 0.0015635698548555482
v 0.006000024318695068 0.03990902604439259 0.002517353725123416
v 0.006000024318695068 0.040590014481854446 0.0015635698548555482
v 0.006000024318695068 0.04028903419160843 0.0020686782575607375
v 0.006000024318695068 0.03990902604439259 0.002517353725123416
v 0.006000024318695068 0.0023008749021768485 0.04010830895593167
v 0.006000024318695068 0.0018223468266486999 0.04044997274951935
v 0.006000024318695068 -0.0025173752200126735 0.03990902477998734
v 0.006000024318695068 -0.00044036579625607655 0.04092441426727772
v 0.006000024318695068 -0.0010158345579385844 0.0408037495454073
v 0.006000024318695068 0.0007305771469831371 0.04087597995975018
v 0.006000024318695068 -0.0010158345579385844 0.0408037495454073
v 0.006000024318695068 -0.001563591349744809 0.0405900157462597
v 0.006000024318695068 0.0007305771469831371 0.04087597995975018
v 0.006000024318695068 -0.001563591349744809 0.0405900157462597
v 0.006000024318695068 -0.0020686959592342465 0.04028903672041893
v 0.006000024318695068 -0.0025173752200126735 0.03990902477998734
v 0.006000024318695068 -0.04010832918641568 0.0023008749021768485
v 0.006000024318695068 -0.04044999171559811 0.0018223506198644518
v 0.006000024318695068 -0.03990903615963459 -0.0025173638403654212
v 0.006000024318695068 -0.040924435762166984 -0.0004403670606613272
v 0.006000024318695068 -0.04080376851148606 -0.0010158332935333372
v 0.006000024318695068 -0.03990903615963459 -0.0025173638403654212
v 0.006000024318695068 -0.04080376851148606 -0.0010158332935333372
v 0.006000024318695068 -0.04059003471233845 -0.001563590085339555
v 0.006000024318695068 -0.03990903615963459 -0.0025173638403654212
v 0.006000024318695068 -0.04059003471233845 -0.001563590085339555
v 0.006000024318695068 -0.04028905442209244 -0.0020686984880447477
v 0.006000024318695068 -0.03990903615963459 -0.0025173638403654212
v 0.006000024318695068 -0.0018223683215379607 -0.040449994244408614
v 0.006000024318695068 -0.0007305986418723945 -0.04087600145463944
v 0.006000024318695068 0.0015635698548555482 -0.04059003724114896
v 0.006000024318695068 0.0015635698548555482 -0.04059003724114896
v 0.006000024318695068 0.0025173549895286668 -0.03990904501047135
v 0.006000024318695068 -0.0018223683215379607 -0.040449994244408614
v 0.006000024318695068 0.0018223468266486999 0.04044997274951935
v 0.006000024318695068 0.0007305771469831371 0.04087597995975018
v 0.006000024318695068 -0.0025173752200126735 0.03990902477998734
v 0.006000024318695068 -0.001563591349744809 0.0405900157462597
v 0.006000024318695068 -0.0025173752200126735 0.03990902477998734
v 0.006000024318695068 0.0007305771469831371 0.04087597995975018
v 0.006000024318695068 -0.04044999171559811 0.0018223506198644518
v 0.006000024318695068 -0.040876001454639446 0.0007305758825778864
v 0.006000024318695068 -0.03990903615963459 -0.0025173638403654212
v 2.2888169951329474e-8 0.03990902604439259 0.002517353725123416
v 2.2888169951329474e-8 0.0025173537251233953 0.03990902604439259
v 0.006000024318695068 0.0025173537251233953 0.03990902604439259
v 2.2888169951329474e-8 -0.0025173638403654004 -0.03990903615963459
v 2.2888169951329474e-8 -0.03990903615963459 -0.0025173638403654212
v 2.2888169951329474e-8 -0.03990904501047135 0.002517354989528646
v 2.2888169951329474e-8 -0.03990903615963459 -0.0025173638403654212
v 2.2888169951329474e-8 -0.04010833045082093 -0.0023008963970661267
v 2.2888169951329474e-8 -0.03990904501047135 0.002517354989528646
v 2.2888169951329474e-8 -0.04010833045082093 -0.0023008963970661267
v 2.2888169951329474e-8 -0.04028905442209244 -0.0020686984880447477
v 2.2888169951329474e-8 -0.040449994244408614 -0.0018223683215379816
v 2.2888169951329474e-8 -0.040449994244408614 -0.0018223683215379816
v 2.2888169951329474e-8 -0.04059003471233845 -0.001563590085339555
v 2.2888169951329474e-8 -0.040708231315159805 -0.0012941301535844899
v 2.2888169951329474e-8 -0.040708231315159805 -0.0012941301535844899
v 2.2888169951329474e-8 -0.04080376851148606 -0.0010158332935333372
v 2.2888169951329474e-8 -0.040449994244408614 -0.0018223683215379816
v 2.2888169951329474e-8 -0.04080376851148606 -0.0010158332935333372
v 2.2888169951329474e-8 -0.04087600145463944 -0.0007305986418724153
v 2.2888169951329474e-8 -0.040449994244408614 -0.0018223683215379816
v 2.2888169951329474e-8 -0.04087600145463944 -0.0007305986418724153
v 2.2888169951329474e-8 -0.040924435762166984 -0.0004403670606613272
v 2.2888169951329474e-8 -0.04094873130905629 -0.00014712998816968081
v 2.2888169951329474e-8 -0.04094873130905629 -0.00014712998816968081
v 2.2888169951329474e-8 -0.04094872878024579 0.00014711228649615105
v 2.2888169951329474e-8 -0.04087600145463944 -0.0007305986418724153
v 2.2888169951329474e-8 -0.04094872878024579 0.00014711228649615105
v 2.2888169951329474e-8 -0.04092443323335648 0.00044034683017729614
v 2.2888169951329474e-8 -0.04087600145463944 -0.0007305986418724153
v 2.2888169951329474e-8 -0.04092443323335648 0.00044034683017729614
v 2.2888169951329474e-8 -0.040876001454639446 0.0007305758825778864
v 2.2888169951329474e-8 -0.04080377104029656 0.0010158130630493062
v 2.2888169951329474e-8 -0.04080377104029656 0.0010158130630493062
v 2.2888169951329474e-8 -0.04070823005075455 0.0012941086586952116
v 2.2888169951329474e-8 -0.04059003724114896 0.0015635698548555274
v 2.2888169951329474e-8 -0.04059003724114896 0.0015635698548555274
v 2.2888169951329474e-8 -0.04044999171559811 0.0018223506198644518
v 2.2888169951329474e-8 -0.040289055686497696 0.0020686769931554695
v 2.2888169951329474e-8 -0.040289055686497696 0.0020686769931554695
v 2.2888169951329474e-8 -0.04010832918641568 0.0023008749021768485
v 2.2888169951329474e-8 -0.03990904501047135 0.002517354989528646
v 2.2888169951329474e-8 -0.03990904501047135 0.002517354989528646
v 2.2888169951329474e-8 -0.0025173752200126735 0.03990902477998734
v 2.2888169951329474e-8 -0.0025173638403654004 -0.03990903615963459
v 2.2888169951329474e-8 -0.0025173752200126735 0.03990902477998734
v 2.2888169951329474e-8 -0.0023008963970661267 0.040108307691526415
v 2.2888169951329474e-8 0.0004403455657720455 0.04092441426727772
v 2.2888169951329474e-8 -0.0025173638403654004 -0.03990903615963459
v 2.2888169951329474e-8 -0.0025173752200126735 0.03990902477998734
v 2.2888169951329474e-8 0.0025173537251233953 0.03990902604439259
v 2.2888169951329474e-8 -0.0023008963970661267 0.040108307691526415
v 2.2888169951329474e-8 -0.0020686959592342465 0.04028903672041893
v 2.2888169951329474e-8 -0.0018223695859432322 0.04044997274951935
v 2.2888169951329474e-8 -0.0018223695859432322 0.04044997274951935
v 2.2888169951329474e-8 -0.001563591349744809 0.0405900157462597
v 2.2888169951329474e-8 -0.0012941301535844899 0.040708208555865294
v 2.2888169951329474e-8 -0.0012941301535844899 0.040708208555865294
v 2.2888169951329474e-8 -0.0010158345579385844 0.0408037495454073
v 2.2888169951329474e-8 -0.0018223695859432322 0.04044997274951935
v 2.2888169951329474e-8 -0.0010158345579385844 0.0408037495454073
v 2.2888169951329474e-8 -0.0007305948486566669 0.04087598248856068
v 2.2888169951329474e-8 -0.0018223695859432322 0.04044997274951935
v 2.2888169951329474e-8 -0.0007305948486566669 0.04087598248856068
v 2.2888169951329474e-8 -0.00044036579625607655 0.04092441426727772
v 2.2888169951329474e-8 -0.00014713125257493145 0.040948709814167025
v 2.2888169951329474e-8 -0.00014713125257493145 0.040948709814167025
v 2.2888169951329474e-8 0.0001471110220909004 0.040948712342977533
v 2.2888169951329474e-8 0.0004403455657720455 0.04092441426727772
v 2.2888169951329474e-8 0.0004403455657720455 0.04092441426727772
v 2.2888169951329474e-8 0.0007305771469831371 0.04087597995975018
v 2.2888169951329474e-8 0.0010158130630493062 0.04080374828100205
v 2.2888169951329474e-8 0.0010158130630493062 0.04080374828100205
v 2.2888169951329474e-8 0.0012941111875057094 0.04070821234908105
v 2.2888169951329474e-8 0.0015635698548555274 0.040590014481854446
v 2.2888169951329474e-8 0.0015635698548555274 0.040590014481854446
v 2.2888169951329474e-8 0.0018223468266486999 0.04044997274951935
v 2.2888169951329474e-8 0.00206867825756072 0.04028903419160844
v 2.2888169951329474e-8 0.00206867825756072 0.04028903419160844
v 2.2888169951329474e-8 0.0023008749021768485 0.04010830895593167
v 2.2888169951329474e-8 0.0025173537251233953 0.03990902604439259
v 2.2888169951329474e-8 0.0025173537251233953 0.03990902604439259
v 2.2888169951329474e-8 0.03990902604439259 0.002517353725123416
v 2.2888169951329474e-8 0.03990902477998734 -0.002517375220012656
v 2.2888169951329474e-8 0.03990902604439259 0.002517353725123416
v 2.2888169951329474e-8 0.04010830895593167 0.0023008749021768693
v 2.2888169951329474e-8 0.03990902477998734 -0.002517375220012656
v 2.2888169951329474e-8 0.04010830895593167 0.0023008749021768693
v 2.2888169951329474e-8 0.04028903419160843 0.0020686782575607375
v 2.2888169951329474e-8 0.04044997274951935 0.0018223468266487207
v 2.2888169951329474e-8 0.04044997274951935 0.0018223468266487207
v 2.2888169951329474e-8 0.040590014481854446 0.0015635698548555482
v 2.2888169951329474e-8 0.04070821234908105 0.0012941111875057303
v 2.2888169951329474e-8 0.04070821234908105 0.0012941111875057303
v 2.2888169951329474e-8 0.04080374828100205 0.001015813063049327
v 2.2888169951329474e-8 0.04044997274951935 0.0018223468266487207
v 2.2888169951329474e-8 0.04080374828100205 0.001015813063049327
v 2.2888169951329474e-8 0.04087597995975018 0.0007305771469831579
v 2.2888169951329474e-8 0.04044997274951935 0.0018223468266487207
v 2.2888169951329474e-8 0.04087597995975018 0.0007305771469831579
v 2.2888169951329474e-8 0.04092441426727772 0.0004403455657720663
v 2.2888169951329474e-8 0.040948712342977533 0.00014711102209092122
v 2.2888169951329474e-8 0.040948712342977533 0.00014711102209092122
v 2.2888169951329474e-8 0.040948709814167025 -0.00014713125257491064
v 2.2888169951329474e-8 0.04087597995975018 0.0007305771469831579
v 2.2888169951329474e-8 0.040948709814167025 -0.00014713125257491064
v 2.2888169951329474e-8 0.04092441426727772 -0.00044036579625605574
v 2.2888169951329474e-8 0.04087597995975018 0.0007305771469831579
v 2.2888169951329474e-8 0.04092441426727772 -0.00044036579625605574
v 2.2888169951329474e-8 0.04087598248856068 -0.000730594848656646
v 2.2888169951329474e-8 0.0408037495454073 -0.001015834557938567
v 2.2888169951329474e-8 0.0408037495454073 -0.001015834557938567
v 2.2888169951329474e-8 0.040708208555865294 -0.001294130153584469
v 2.2888169951329474e-8 0.0405900157462597 -0.0015635913497447883
v 2.2888169951329474e-8 0.0405900157462597 -0.0015635913497447883
v 2.2888169951329474e-8 0.04044997274951935 -0.0018223695859432114
v 2.2888169951329474e-8 0.04028903672041893 -0.0020686959592342256
v 2.2888169951329474e-8 0.04028903672041893 -0.0020686959592342256
v 2.2888169951329474e-8 0.04010830769152642 -0.0023008963970661094
v 2.2888169951329474e-8 0.03990902477998734 -0.002517375220012656
v 2.2888169951329474e-8 0.03990902477998734 -0.002517375220012656
v 2.2888169951329474e-8 0.0025173549895286668 -0.03990904501047135
v 2.2888169951329474e-8 0.0025173537251233953 0.03990902604439259
v 2.2888169951329474e-8 0.0025173549895286668 -0.03990904501047135
v 2.2888169951329474e-8 0.0023008749021768693 -0.04010832918641568
v 2.2888169951329474e-8 -0.0025173638403654004 -0.03990903615963459
v 2.2888169951329474e-8 0.0025173537251233953 0.03990902604439259
v 2.2888169951329474e-8 0.0025173549895286668 -0.03990904501047135
v 2.2888169951329474e-8 -0.0025173638403654004 -0.03990903615963459
v 2.2888169951329474e-8 0.0023008749021768693 -0.04010832918641568
v 2.2888169951329474e-8 0.0020686769931554903 -0.040289055686497696
v 2.2888169951329474e-8 0.0018223506198644726 -0.04044999171559811
v 2.2888169951329474e-8 0.0018223506198644726 -0.04044999171559811
v 2.2888169951329474e-8 0.0015635698548555482 -0.04059003724114896
v 2.2888169951329474e-8 0.001294108658695229 -0.04070823005075455
v 2.2888169951329474e-8 0.001294108658695229 -0.04070823005075455
v 2.2888169951329474e-8 0.001015813063049327 -0.04080377104029656
v 2.2888169951329474e-8 0.0018223506198644726 -0.04044999171559811
v 2.2888169951329474e-8 0.001015813063049327 -0.04080377104029656
v 2.2888169951329474e-8 0.0007305758825779073 -0.040876001454639446
v 2.2888169951329474e-8 0.0018223506198644726 -0.04044999171559811
v 2.2888169951329474e-8 0.0007305758825779073 -0.040876001454639446
v 2.2888169951329474e-8 0.00044034683017731696 -0.04092443323335648
v 2.2888169951329474e-8 0.00014711228649617186 -0.04094872878024579
v 2.2888169951329474e-8 0.00014711228649617186 -0.04094872878024579
v 2.2888169951329474e-8 -0.00014712998816966 -0.04094873130905629
v 2.2888169951329474e-8 0.0007305758825779073 -0.040876001454639446
v 2.2888169951329474e-8 -0.00014712998816966 -0.04094873130905629
v 2.2888169951329474e-8 -0.0004403670606613064 -0.040924435762166984
v 2.2888169951329474e-8 0.0007305758825779073 -0.040876001454639446
v 2.2888169951329474e-8 -0.0004403670606613064 -0.040924435762166984
v 2.2888169951329474e-8 -0.0007305986418723945 -0.04087600145463944
v 2.2888169951329474e-8 -0.0010158332935333164 -0.04080376851148606
v 2.2888169951329474e-8 -0.0010158332935333164 -0.04080376851148606
v 2.2888169951329474e-8 -0.001294130153584469 -0.040708231315159805
v 2.2888169951329474e-8 -0.0015635900853395342 -0.04059003471233845
v 2.2888169951329474e-8 -0.0015635900853395342 -0.04059003471233845
v 2.2888169951329474e-8 -0.0018223683215379607 -0.040449994244408614
v 2.2888169951329474e-8 -0.0020686984880447304 -0.04028905442209245
v 2.2888169951329474e-8 -0.0020686984880447304 -0.04028905442209245
v 2.2888169951329474e-8 -0.002300896397066106 -0.04010833045082093
v 2.2888169951329474e-8 -0.0025173638403654004 -0.03990903615963459
v 2.2888169951329474e-8 -0.04010833045082093 -0.0023008963970661267
v 2.2888169951329474e-8 -0.040449994244408614 -0.0018223683215379816
v 2.2888169951329474e-8 -0.03990904501047135 0.002517354989528646
v 2.2888169951329474e-8 -0.04092443323335648 0.00044034683017729614
v 2.2888169951329474e-8 -0.04080377104029656 0.0010158130630493062
v 2.2888169951329474e-8 -0.04087600145463944 -0.0007305986418724153
v 2.2888169951329474e-8 -0.04080377104029656 0.0010158130630493062
v 2.2888169951329474e-8 -0.04059003724114896 0.0015635698548555274
v 2.2888169951329474e-8 -0.04087600145463944 -0.0007305986418724153
v 2.2888169951329474e-8 -0.04059003724114896 0.0015635698548555274
v 2.2888169951329474e-8 -0.040289055686497696 0.0020686769931554695
v 2.2888169951329474e-8 -0.03990904501047135 0.002517354989528646
v 2.2888169951329474e-8 -0.0023008963970661267 0.040108307691526415
v 2.2888169951329474e-8 -0.0018223695859432322 0.04044997274951935
v 2.2888169951329474e-8 0.0004403455657720455 0.04092441426727772
v 2.2888169951329474e-8 -0.0025173752200126735 0.03990902477998734
v 2.2888169951329474e-8 0.0004403455657720455 0.04092441426727772
v 2.2888169951329474e-8 0.0025173537251233953 0.03990902604439259
v 2.2888169951329474e-8 -0.0007305948486566669 0.04087598248856068
v 2.2888169951329474e-8 -0.00014713125257493145 0.040948709814167025
v 2.2888169951329474e-8 -0.0018223695859432322 0.04044997274951935
v 2.2888169951329474e-8 -0.00014713125257493145 0.040948709814167025
v 2.2888169951329474e-8 0.0004403455657720455 0.04092441426727772
v 2.2888169951329474e-8 -0.0018223695859432322 0.04044997274951935
v 2.2888169951329474e-8 0.0004403455657720455 0.04092441426727772
v 2.2888169951329474e-8 0.0010158130630493062 0.04080374828100205
v 2.2888169951329474e-8 0.0025173537251233953 0.03990902604439259
v 2.2888169951329474e-8 0.0010158130630493062 0.04080374828100205
v 2.2888169951329474e-8 0.0015635698548555274 0.040590014481854446
v 2.2888169951329474e-8 0.0025173537251233953 0.03990902604439259
v 2.2888169951329474e-8 0.0015635698548555274 0.040590014481854446
v 2.2888169951329474e-8 0.00206867825756072 0.04028903419160844
v 2.2888169951329474e-8 0.0025173537251233953 0.03990902604439259
v 2.2888169951329474e-8 0.04010830895593167 0.0023008749021768693
v 2.2888169951329474e-8 0.04044997274951935 0.0018223468266487207
v 2.2888169951329474e-8 0.03990902477998734 -0.002517375220012656
v 2.2888169951329474e-8 0.04092441426727772 -0.00044036579625605574
v 2.2888169951329474e-8 0.0408037495454073 -0.001015834557938567
v 2.2888169951329474e-8 0.04087597995975018 0.0007305771469831579
v 2.2888169951329474e-8 0.0408037495454073 -0.001015834557938567
v 2.2888169951329474e-8 0.0405900157462597 -0.0015635913497447883
v 2.2888169951329474e-8 0.04087597995975018 0.0007305771469831579
v 2.2888169951329474e-8 0.0405900157462597 -0.0015635913497447883
v 2.2888169951329474e-8 0.04028903672041893 -0.0020686959592342256
v 2.2888169951329474e-8 0.03990902477998734 -0.002517375220012656
v 2.2888169951329474e-8 0.0023008749021768693 -0.04010832918641568
v 2.2888169951329474e-8 0.0018223506198644726 -0.04044999171559811
v 2.2888169951329474e-8 -0.0025173638403654004 -0.03990903615963459
v 2.2888169951329474e-8 -0.0004403670606613064 -0.040924435762166984
v 2.2888169951329474e-8 -0.0010158332935333164 -0.04080376851148606
v 2.2888169951329474e-8 -0.0025173638403654004 -0.03990903615963459
v 2.2888169951329474e-8 -0.0010158332935333164 -0.04080376851148606
v 2.2888169951329474e-8 -0.0015635900853395342 -0.04059003471233845
v 2.2888169951329474e-8 -0.0025173638403654004 -0.03990903615963459
v 2.2888169951329474e-8 -0.0015635900853395342 -0.04059003471233845
v 2.2888169951329474e-8 -0.0020686984880447304 -0.04028905442209245
v 2.2888169951329474e-8 -0.0025173638403654004 -0.03990903615963459
v 2.2888169951329474e-8 -0.040449994244408614 -0.0018223683215379816
v 2.2888169951329474e-8 -0.04087600145463944 -0.0007305986418724153
v 2.2888169951329474e-8 -0.04059003724114896 0.0015635698548555274
v 2.2888169951329474e-8 -0.04059003724114896 0.0015635698548555274
v 2.2888169951329474e-8 -0.03990904501047135 0.002517354989528646
v 2.2888169951329474e-8 -0.040449994244408614 -0.0018223683215379816
v 2.2888169951329474e-8 0.04044997274951935 0.0018223468266487207
v 2.2888169951329474e-8 0.04087597995975018 0.0007305771469831579
v 2.2888169951329474e-8 0.03990902477998734 -0.002517375220012656
v 2.2888169951329474e-8 0.0405900157462597 -0.0015635913497447883
v 2.2888169951329474e-8 0.03990902477998734 -0.002517375220012656
v 2.2888169951329474e-8 0.04087597995975018 0.0007305771469831579
v 2.2888169951329474e-8 0.0018223506198644726 -0.04044999171559811
v 2.2888169951329474e-8 0.0007305758825779073 -0.040876001454639446
v 2.2888169951329474e-8 -0.0025173638403654004 -0.03990903615963459
v 2.2888169951329474e-8 0.03990902477998734 -0.002517375220012656
v 0.006000024318695068 0.03990902477998734 -0.002517375220012656
v 0.006000024318695068 0.0025173549895286668 -0.03990904501047135
v 2.2888169951329474e-8 -0.0025173638403654004 -0.03990903615963459
v 2.2888169951329474e-8 -0.002300896397066106 -0.04010833045082093
v 0.006000024318695068 -0.002300896397066106 -0.04010833045082093
v 2.2888169951329474e-8 -0.002300896397066106 -0.04010833045082093
v 2.2888169951329474e-8 -0.0020686984880447304 -0.04028905442209245
v 0.006000024318695068 -0.0020686984880447304 -0.04028905442209245
v 2.2888169951329474e-8 -0.0020686984880447304 -0.04028905442209245
v 2.2888169951329474e-8 -0.0018223683215379607 -0.040449994244408614
v 0.006000024318695068 -0.0018223683215379607 -0.040449994244408614
v 2.2888169951329474e-8 -0.0018223683215379607 -0.040449994244408614
v 2.2888169951329474e-8 -0.0015635900853395342 -0.04059003471233845
v 0.006000024318695068 -0.0015635900853395342 -0.04059003471233845
v 2.2888169951329474e-8 -0.0015635900853395342 -0.04059003471233845
v 2.2888169951329474e-8 -0.001294130153584469 -0.040708231315159805
v 0.006000024318695068 -0.001294130153584469 -0.040708231315159805
v 2.2888169951329474e-8 -0.001294130153584469 -0.040708231315159805
v 2.2888169951329474e-8 -0.0010158332935333164 -0.04080376851148606
v 0.006000024318695068 -0.0010158332935333164 -0.04080376851148606
v 2.2888169951329474e-8 -0.0010158332935333164 -0.04080376851148606
v 2.2888169951329474e-8 -0.0007305986418723945 -0.04087600145463944
v 0.006000024318695068 -0.0007305986418723945 -0.04087600145463944
v 2.2888169951329474e-8 -0.0007305986418723945 -0.04087600145463944
v 2.2888169951329474e-8 -0.0004403670606613064 -0.040924435762166984
v 0.006000024318695068 -0.0004403670606613064 -0.040924435762166984
v 2.2888169951329474e-8 -0.0004403670606613064 -0.040924435762166984
v 2.2888169951329474e-8 -0.00014712998816966 -0.04094873130905629
v 0.006000024318695068 -0.00014712998816966 -0.04094873130905629
v 2.2888169951329474e-8 -0.00014712998816966 -0.04094873130905629
v 2.2888169951329474e-8 0.00014711228649617186 -0.04094872878024579
v 0.006000024318695068 0.00014711228649617186 -0.04094872878024579
v 2.2888169951329474e-8 0.00014711228649617186 -0.04094872878024579
v 2.2888169951329474e-8 0.00044034683017731696 -0.04092443323335648
v 0.006000024318695068 0.00044034683017731696 -0.04092443323335648
v 2.2888169951329474e-8 0.00044034683017731696 -0.04092443323335648
v 2.2888169951329474e-8 0.0007305758825779073 -0.040876001454639446
v 0.006000024318695068 0.0007305758825779073 -0.040876001454639446
v 2.2888169951329474e-8 0.0007305758825779073 -0.040876001454639446
v 2.2888169951329474e-8 0.001015813063049327 -0.04080377104029656
v 0.006000024318695068 0.001015813063049327 -0.04080377104029656
v 2.2888169951329474e-8 0.001015813063049327 -0.04080377104029656
v 2.2888169951329474e-8 0.001294108658695229 -0.04070823005075455
v 0.006000024318695068 0.001294108658695229 -0.04070823005075455
v 2.2888169951329474e-8 0.001294108658695229 -0.04070823005075455
v 2.2888169951329474e-8 0.0015635698548555482 -0.04059003724114896
v 0.006000024318695068 0.0015635698548555482 -0.04059003724114896
v 2.2888169951329474e-8 0.0015635698548555482 -0.04059003724114896
v 2.2888169951329474e-8 0.0018223506198644726 -0.04044999171559811
v 0.006000024318695068 0.0018223506198644726 -0.04044999171559811
v 2.2888169951329474e-8 0.0018223506198644726 -0.04044999171559811
v 2.2888169951329474e-8 0.0020686769931554903 -0.040289055686497696
v 0.006000024318695068 0.0020686769931554903 -0.040289055686497696
v 2.2888169951329474e-8 0.0020686769931554903 -0.040289055686497696
v 2.2888169951329474e-8 0.0023008749021768693 -0.04010832918641568
v 0.006000024318695068 0.0023008749021768693 -0.04010832918641568
v 2.2888169951329474e-8 0.0023008749021768693 -0.04010832918641568
v 2.2888169951329474e-8 0.0025173549895286668 -0.03990904501047135
v 0.006000024318695068 0.0025173549895286668 -0.03990904501047135
v 0.006000024318695068 0.03990902604439259 0.002517353725123416
v 0.006000024318695068 0.04010830895593167 0.0023008749021768693
v 2.2888169951329474e-8 0.04010830895593167 0.0023008749021768693
v 0.006000024318695068 0.04010830895593167 0.0023008749021768693
v 0.006000024318695068 0.04028903419160843 0.0020686782575607375
v 2.2888169951329474e-8 0.04028903419160843 0.0020686782575607375
v 0.006000024318695068 0.04028903419160843 0.0020686782575607375
v 0.006000024318695068 0.04044997274951935 0.0018223468266487207
v 2.2888169951329474e-8 0.04044997274951935 0.0018223468266487207
v 0.006000024318695068 0.04044997274951935 0.0018223468266487207
v 0.006000024318695068 0.040590014481854446 0.0015635698548555482
v 2.2888169951329474e-8 0.040590014481854446 0.0015635698548555482
v 0.006000024318695068 0.040590014481854446 0.0015635698548555482
v 0.006000024318695068 0.04070821234908105 0.0012941111875057303
v 2.2888169951329474e-8 0.04070821234908105 0.0012941111875057303
v 0.006000024318695068 0.04070821234908105 0.0012941111875057303
v 0.006000024318695068 0.04080374828100205 0.001015813063049327
v 2.2888169951329474e-8 0.04080374828100205 0.001015813063049327
v 0.006000024318695068 0.04080374828100205 0.001015813063049327
v 0.006000024318695068 0.04087597995975018 0.0007305771469831579
v 2.2888169951329474e-8 0.04087597995975018 0.0007305771469831579
v 0.006000024318695068 0.04087597995975018 0.0007305771469831579
v 0.006000024318695068 0.04092441426727772 0.0004403455657720663
v 2.2888169951329474e-8 0.04092441426727772 0.0004403455657720663
v 0.006000024318695068 0.04092441426727772 0.0004403455657720663
v 0.006000024318695068 0.040948712342977533 0.00014711102209092122
v 2.2888169951329474e-8 0.040948712342977533 0.00014711102209092122
v 0.006000024318695068 0.040948712342977533 0.00014711102209092122
v 0.006000024318695068 0.040948709814167025 -0.00014713125257491064
v 2.2888169951329474e-8 0.040948709814167025 -0.00014713125257491064
v 0.006000024318695068 0.040948709814167025 -0.00014713125257491064
v 0.006000024318695068 0.04092441426727772 -0.00044036579625605574
v 2.2888169951329474e-8 0.04092441426727772 -0.00044036579625605574
v 0.006000024318695068 0.04092441426727772 -0.00044036579625605574
v 0.006000024318695068 0.04087598248856068 -0.000730594848656646
v 2.2888169951329474e-8 0.04087598248856068 -0.000730594848656646
v 0.006000024318695068 0.04087598248856068 -0.000730594848656646
v 0.006000024318695068 0.0408037495454073 -0.001015834557938567
v 2.2888169951329474e-8 0.0408037495454073 -0.001015834557938567
v 0.006000024318695068 0.0408037495454073 -0.001015834557938567
v 0.006000024318695068 0.040708208555865294 -0.001294130153584469
v 2.2888169951329474e-8 0.040708208555865294 -0.001294130153584469
v 0.006000024318695068 0.040708208555865294 -0.001294130153584469
v 0.006000024318695068 0.0405900157462597 -0.0015635913497447883
v 2.2888169951329474e-8 0.0405900157462597 -0.0015635913497447883
v 0.006000024318695068 0.0405900157462597 -0.0015635913497447883
v 0.006000024318695068 0.04044997274951935 -0.0018223695859432114
v 2.2888169951329474e-8 0.04044997274951935 -0.0018223695859432114
v 0.006000024318695068 0.04044997274951935 -0.0018223695859432114
v 0.006000024318695068 0.04028903672041893 -0.0020686959592342256
v 2.2888169951329474e-8 0.04028903672041893 -0.0020686959592342256
v 0.006000024318695068 0.04028903672041893 -0.0020686959592342256
v 0.006000024318695068 0.04010830769152642 -0.0023008963970661094
v 2.2888169951329474e-8 0.04010830769152642 -0.0023008963970661094
v 0.006000024318695068 0.04010830769152642 -0.0023008963970661094
v 0.006000024318695068 0.03990902477998734 -0.002517375220012656
v 2.2888169951329474e-8 0.03990902477998734 -0.002517375220012656
v 0.006000024318695068 -0.03990903615963459 -0.0025173638403654212
v 0.006000024318695068 -0.04010833045082093 -0.0023008963970661267
v 2.2888169951329474e-8 -0.04010833045082093 -0.0023008963970661267
v 0.006000024318695068 -0.04010833045082093 -0.0023008963970661267
v 0.006000024318695068 -0.04028905442209244 -0.0020686984880447477
v 2.2888169951329474e-8 -0.04028905442209244 -0.0020686984880447477
v 0.006000024318695068 -0.04028905442209244 -0.0020686984880447477
v 0.006000024318695068 -0.040449994244408614 -0.0018223683215379816
v 2.2888169951329474e-8 -0.040449994244408614 -0.0018223683215379816
v 0.006000024318695068 -0.040449994244408614 -0.0018223683215379816
v 0.006000024318695068 -0.04059003471233845 -0.001563590085339555
v 2.2888169951329474e-8 -0.04059003471233845 -0.001563590085339555
v 0.006000024318695068 -0.04059003471233845 -0.001563590085339555
v 0.006000024318695068 -0.040708231315159805 -0.0012941301535844899
v 2.2888169951329474e-8 -0.040708231315159805 -0.0012941301535844899
v 0.006000024318695068 -0.040708231315159805 -0.0012941301535844899
v 0.006000024318695068 -0.04080376851148606 -0.0010158332935333372
v 2.2888169951329474e-8 -0.04080376851148606 -0.0010158332935333372
v 0.006000024318695068 -0.04080376851148606 -0.0010158332935333372
v 0.006000024318695068 -0.04087600145463944 -0.0007305986418724153
v 2.2888169951329474e-8 -0.04087600145463944 -0.0007305986418724153
v 0.006000024318695068 -0.04087600145463944 -0.0007305986418724153
v 0.006000024318695068 -0.040924435762166984 -0.0004403670606613272
v 2.2888169951329474e-8 -0.040924435762166984 -0.0004403670606613272
v 0.006000024318695068 -0.040924435762166984 -0.0004403670606613272
v 0.006000024318695068 -0.04094873130905629 -0.00014712998816968081
v 2.2888169951329474e-8 -0.04094873130905629 -0.00014712998816968081
v 0.006000024318695068 -0.04094873130905629 -0.00014712998816968081
v 0.006000024318695068 -0.04094872878024579 0.00014711228649615105
v 2.2888169951329474e-8 -0.04094872878024579 0.00014711228649615105
v 0.006000024318695068 -0.04094872878024579 0.00014711228649615105
v 0.006000024318695068 -0.04092443323335648 0.00044034683017729614
v 2.2888169951329474e-8 -0.04092443323335648 0.00044034683017729614
v 0.006000024318695068 -0.04092443323335648 0.00044034683017729614
v 0.006000024318695068 -0.040876001454639446 0.0007305758825778864
v 2.2888169951329474e-8 -0.040876001454639446 0.0007305758825778864
v 0.006000024318695068 -0.040876001454639446 0.0007305758825778864
v 0.006000024318695068 -0.04080377104029656 0.0010158130630493062
v 2.2888169951329474e-8 -0.04080377104029656 0.0010158130630493062
v 0.006000024318695068 -0.04080377104029656 0.0010158130630493062
v 0.006000024318695068 -0.04070823005075455 0.0012941086586952116
v 2.2888169951329474e-8 -0.04070823005075455 0.0012941086586952116
v 0.006000024318695068 -0.04070823005075455 0.0012941086586952116
v 0.006000024318695068 -0.04059003724114896 0.0015635698548555274
v 2.2888169951329474e-8 -0.04059003724114896 0.0015635698548555274
v 0.006000024318695068 -0.04059003724114896 0.0015635698548555274
v 0.006000024318695068 -0.04044999171559811 0.0018223506198644518
v 2.2888169951329474e-8 -0.04044999171559811 0.0018223506198644518
v 0.006000024318695068 -0.04044999171559811 0.0018223506198644518
v 0.006000024318695068 -0.040289055686497696 0.0020686769931554695
v 2.2888169951329474e-8 -0.040289055686497696 0.0020686769931554695
v 0.006000024318695068 -0.040289055686497696 0.0020686769931554695
v 0.006000024318695068 -0.04010832918641568 0.0023008749021768485
v 2.2888169951329474e-8 -0.04010832918641568 0.0023008749021768485
v 0.006000024318695068 -0.04010832918641568 0.0023008749021768485
v 0.006000024318695068 -0.03990904501047135 0.002517354989528646
v 2.2888169951329474e-8 -0.03990904501047135 0.002517354989528646
v 2.2888169951329474e-8 0.0025173537251233953 0.03990902604439259
v 2.2888169951329474e-8 0.0023008749021768485 0.04010830895593167
v 0.006000024318695068 0.0023008749021768485 0.04010830895593167
v 2.2888169951329474e-8 0.0023008749021768485 0.04010830895593167
v 2.2888169951329474e-8 0.00206867825756072 0.04028903419160844
v 0.006000024318695068 0.00206867825756072 0.04028903419160844
v 2.2888169951329474e-8 0.00206867825756072 0.04028903419160844
v 2.2888169951329474e-8 0.0018223468266486999 0.04044997274951935
v 0.006000024318695068 0.0018223468266486999 0.04044997274951935
v 2.2888169951329474e-8 0.0018223468266486999 0.04044997274951935
v 2.2888169951329474e-8 0.0015635698548555274 0.040590014481854446
v 0.006000024318695068 0.0015635698548555274 0.040590014481854446
v 2.2888169951329474e-8 0.0015635698548555274 0.040590014481854446
v 2.2888169951329474e-8 0.0012941111875057094 0.04070821234908105
v 0.006000024318695068 0.0012941111875057094 0.04070821234908105
v 2.2888169951329474e-8 0.0012941111875057094 0.04070821234908105
v 2.2888169951329474e-8 0.0010158130630493062 0.04080374828100205
v 0.006000024318695068 0.0010158130630493062 0.04080374828100205
v 2.2888169951329474e-8 0.0010158130630493062 0.04080374828100205
v 2.2888169951329474e-8 0.0007305771469831371 0.04087597995975018
v 0.006000024318695068 0.0007305771469831371 0.04087597995975018
v 2.2888169951329474e-8 0.0007305771469831371 0.04087597995975018
v 2.2888169951329474e-8 0.0004403455657720455 0.04092441426727772
v 0.006000024318695068 0.0004403455657720455 0.04092441426727772
v 2.2888169951329474e-8 0.0004403455657720455 0.04092441426727772
v 2.2888169951329474e-8 0.0001471110220909004 0.040948712342977533
v 0.006000024318695068 0.0001471110220909004 0.040948712342977533
v 2.2888169951329474e-8 0.0001471110220909004 0.040948712342977533
v 2.2888169951329474e-8 -0.00014713125257493145 0.040948709814167025
v 0.006000024318695068 -0.00014713125257493145 0.040948709814167025
v 2.2888169951329474e-8 -0.00014713125257493145 0.040948709814167025
v 2.2888169951329474e-8 -0.00044036579625607655 0.04092441426727772
v 0.006000024318695068 -0.00044036579625607655 0.04092441426727772
v 2.2888169951329474e-8 -0.00044036579625607655 0.04092441426727772
v 2.2888169951329474e-8 -0.0007305948486566669 0.04087598248856068
v 0.006000024318695068 -0.0007305948486566669 0.04087598248856068
v 2.2888169951329474e-8 -0.0007305948486566669 0.04087598248856068
v 2.2888169951329474e-8 -0.0010158345579385844 0.0408037495454073
v 0.006000024318695068 -0.0010158345579385844 0.0408037495454073
v 2.2888169951329474e-8 -0.0010158345579385844 0.0408037495454073
v 2.2888169951329474e-8 -0.0012941301535844899 0.040708208555865294
v 0.006000024318695068 -0.0012941301535844899 0.040708208555865294
v 2.2888169951329474e-8 -0.0012941301535844899 0.040708208555865294
v 2.2888169951329474e-8 -0.001563591349744809 0.0405900157462597
v 0.006000024318695068 -0.001563591349744809 0.0405900157462597
v 2.2888169951329474e-8 -0.001563591349744809 0.0405900157462597
v 2.2888169951329474e-8 -0.0018223695859432322 0.04044997274951935
v 0.006000024318695068 -0.0018223695859432322 0.04044997274951935
v 2.2888169951329474e-8 -0.0018223695859432322 0.04044997274951935
v 2.2888169951329474e-8 -0.0020686959592342465 0.04028903672041893
v 0.006000024318695068 -0.0020686959592342465 0.04028903672041893
v 2.2888169951329474e-8 -0.0020686959592342465 0.04028903672041893
v 2.2888169951329474e-8 -0.0023008963970661267 0.040108307691526415
v 0.006000024318695068 -0.0023008963970661267 0.040108307691526415
v 2.2888169951329474e-8 -0.0023008963970661267 0.040108307691526415
v 2.2888169951329474e-8 -0.0025173752200126735 0.03990902477998734
v 0.006000024318695068 -0.0025173752200126735 0.03990902477998734
v 0.006000024318695068 -0.0025173638403654004 -0.03990903615963459
v 0.006000024318695068 -0.03990903615963459 -0.0025173638403654212
v 2.2888169951329474e-8 -0.03990903615963459 -0.0025173638403654212
vn 0 -23.570229856881564 23.570229856881557
vn 0 -23.570229856881564 23.570229856881557
vn 0 -23.570229856881564 23.570229856881557
vn 333.33333333333337 0 0
vn 333.33333333333337 0 0
vn 333.33333333333337 0 0
vn 0 23.570229856881557 23.570229856881564
vn 0 23.570229856881557 23.570229856881564
vn 0 23.570229856881557 23.570229856881564
vn -333.33333333333337 0 0
vn -333.33333333333337 0 0
vn -333.33333333333337 0 0
vn 0 23.570229856881564 -23.570229856881557
vn 0 23.570229856881564 -23.570229856881557
vn 0 23.570229856881564 -23.570229856881557
vn 0 -22.57607984307498 -24.524118384680065
vn 0 -22.57607984307498 -24.524118384680065
vn 0 -22.57607984307498 -24.524118384680065
vn 0 -20.47373288348697 -26.304710631046134
vn 0 -20.47373288348697 -26.304710631046134
vn 0 -20.47373288348697 -26.304710631046134
vn 0 -18.23171493316261 -27.90548384595339
vn 0 -18.23171493316261 -27.90548384595339
vn 0 -18.23171493316261 -27.90548384595339
vn 0 -15.86479916734504 -29.31586268095024
vn 0 -15.86479916734504 -29.31586268095024
vn 0 -15.86479916734504 -29.31586268095024
vn 0 -13.389900699587995 -30.525759813047493
vn 0 -13.389900699587995 -30.525759813047493
vn 0 -13.389900699587995 -30.525759813047493
vn 0 -10.823093989293143 -31.527325039214894
vn 0 -10.823093989293143 -31.527325039214894
vn 0 -10.823093989293143 -31.527325039214894
vn 0 -8.183067654564413 -32.31329434893513
vn 0 -8.183067654564413 -32.31329434893513
vn 0 -8.183067654564413 -32.31329434893513
vn 0 -5.486722584391867 -32.87867755453633
vn 0 -5.486722584391867 -32.87867755453633
vn 0 -5.486722584391867 -32.87867755453633
vn 0 -2.752488896166705 -33.21950371979817
vn 0 -2.752488896166705 -33.21950371979817
vn 0 -2.752488896166705 -33.21950371979817
vn 0 3.552713678800501e-15 -33.333340971167715
vn 0 3.552713678800501e-15 -33.333340971167715
vn 0 3.552713678800501e-15 -33.333340971167715
vn 0 2.752487491271541 -33.21950231490299
vn 0 2.752487491271541 -33.21950231490299
vn 0 2.752487491271541 -33.21950231490299
vn 0 5.4867745655134605 -32.87866772027008
vn 0 5.4867745655134605 -32.87866772027008
vn 0 5.4867745655134605 -32.87866772027008
vn 0 8.183136494428137 -32.313276085297815
vn 0 8.183136494428137 -32.313276085297815
vn 0 8.183136494428137 -32.313276085297815
vn 0 10.823004076001766 -31.52735313711845
vn 0 10.823004076001766 -31.52735313711845
vn 0 10.823004076001766 -31.52735313711845
vn 0 13.389830454829108 -30.52579353053176
vn 0 13.389830454829108 -30.52579353053176
vn 0 13.389830454829108 -30.52579353053176
vn 0 15.864679048807337 -29.315926603680825
vn 0 15.864679048807337 -29.315926603680825
vn 0 15.864679048807337 -29.315926603680825
vn 0 18.2317163380578 -27.905485250848567
vn 0 18.2317163380578 -27.905485250848567
vn 0 18.2317163380578 -27.905485250848567
vn 0 20.47373288348698 -26.30471063104613
vn 0 20.47373288348698 -26.30471063104613
vn 0 20.47373288348698 -26.30471063104613
vn 0 22.576070008808742 -24.52412259936559
vn 0 22.576070008808742 -24.52412259936559
vn 0 22.576070008808742 -24.52412259936559
vn 0 24.524118384680058 22.576079843074986
vn 0 24.524118384680058 22.576079843074986
vn 0 24.524118384680058 22.576079843074986
vn 0 26.30471063104613 20.47373288348698
vn 0 26.30471063104613 20.47373288348698
vn 0 26.30471063104613 20.47373288348698
vn 0 27.905483845953388 18.23171493316262
vn 0 27.905483845953388 18.23171493316262
vn 0 27.905483845953388 18.23171493316262
vn 0 29.315862680950232 15.864799167345048
vn 0 29.315862680950232 15.864799167345048
vn 0 29.315862680950232 15.864799167345048
vn 0 30.525759813047493 13.389900699588003
vn 0 30.525759813047493 13.389900699588003
vn 0 30.525759813047493 13.389900699588003
vn 0 31.527325039214894 10.823093989293149
vn 0 31.527325039214894 10.823093989293149
vn 0 31.527325039214894 10.823093989293149
vn 0 32.31329434893513 8.183067654564423
vn 0 32.31329434893513 8.183067654564423
vn 0 32.31329434893513 8.183067654564423
vn 0 32.878680364326684 5.486725394182235
vn 0 32.878680364326684 5.486725394182235
vn 0 32.878680364326684 5.486725394182235
vn 0 33.21950371979817 2.7524888961667173
vn 0 33.21950371979817 2.7524888961667173
vn 0 33.21950371979817 2.7524888961667173
vn 0 33.333340971167715 3.552713678800501e-15
vn 0 33.333340971167715 3.552713678800501e-15
vn 0 33.333340971167715 3.552713678800501e-15
vn 0 33.21950371979817 -2.752488896166705
vn 0 33.21950371979817 -2.752488896166705
vn 0 33.21950371979817 -2.752488896166705
vn 0 32.87867053006044 -5.486771755723092
vn 0 32.87867053006044 -5.486771755723092
vn 0 32.87867053006044 -5.486771755723092
vn 0 32.313276085297815 -8.18313649442813
vn 0 32.313276085297815 -8.18313649442813
vn 0 32.313276085297815 -8.18313649442813
vn 0 31.527353137118453 -10.823004076001755
vn 0 31.527353137118453 -10.823004076001755
vn 0 31.527353137118453 -10.823004076001755
vn 0 30.525790720741412 -13.389833264619455
vn 0 30.525790720741412 -13.389833264619455
vn 0 30.525790720741412 -13.389833264619455
vn 0 29.31592660368083 -15.864679048807329
vn 0 29.31592660368083 -15.864679048807329
vn 0 29.31592660368083 -15.864679048807329
vn 0 27.90548384595339 -18.23171493316261
vn 0 27.90548384595339 -18.23171493316261
vn 0 27.90548384595339 -18.23171493316261
vn 0 26.304710631046134 -20.47373288348697
vn 0 26.304710631046134 -20.47373288348697
vn 0 26.304710631046134 -20.47373288348697
vn 0 24.524122599365597 -22.576070008808735
vn 0 24.524122599365597 -22.576070008808735
vn 0 24.524122599365597 -22.576070008808735
vn 0 -24.524118384680058 -22.576079843074986
vn 0 -24.524118384680058 -22.576079843074986
vn 0 -24.524118384680058 -22.576079843074986
vn 0 -26.30471063104613 -20.47373288348698
vn 0 -26.30471063104613 -20.47373288348698
vn 0 -26.30471063104613 -20.47373288348698
vn 0 -27.905483845953388 -18.23171493316262
vn 0 -27.905483845953388 -18.23171493316262
vn 0 -27.905483845953388 -18.23171493316262
vn 0 -29.315862680950232 -15.864799167345048
vn 0 -29.315862680950232 -15.864799167345048
vn 0 -29.315862680950232 -15.864799167345048
vn 0 -30.525759813047493 -13.389900699588003
vn 0 -30.525759813047493 -13.389900699588003
vn 0 -30.525759813047493 -13.389900699588003
vn 0 -31.527325039214894 -10.823093989293149
vn 0 -31.527325039214894 -10.823093989293149
vn 0 -31.527325039214894 -10.823093989293149
vn 0 -32.31329434893513 -8.183067654564423
vn 0 -32.31329434893513 -8.183067654564423
vn 0 -32.31329434893513 -8.183067654564423
vn 0 -32.878680364326684 -5.486725394182235
vn 0 -32.878680364326684 -5.486725394182235
vn 0 -32.878680364326684 -5.486725394182235
vn 0 -33.21950371979817 -2.7524888961667173
vn 0 -33.21950371979817 -2.7524888961667173
vn 0 -33.21950371979817 -2.7524888961667173
vn 0 -33.333340971167715 -3.552713678800501e-15
vn 0 -33.333340971167715 -3.552713678800501e-15
vn 0 -33.333340971167715 -3.552713678800501e-15
vn 0 -33.21950371979817 2.752488896166705
vn 0 -33.21950371979817 2.752488896166705
vn 0 -33.21950371979817 2.752488896166705
vn 0 -32.87867053006044 5.486771755723092
vn 0 -32.87867053006044 5.486771755723092
vn 0 -32.87867053006044 5.486771755723092
vn 0 -32.313276085297815 8.18313649442813
vn 0 -32.313276085297815 8.18313649442813
vn 0 -32.313276085297815 8.18313649442813
vn 0 -31.527353137118453 10.823004076001755
vn 0 -31.527353137118453 10.823004076001755
vn 0 -31.527353137118453 10.823004076001755
vn 0 -30.525790720741412 13.389833264619455
vn 0 -30.525790720741412 13.389833264619455
vn 0 -30.525790720741412 13.389833264619455
vn 0 -29.31592660368083 15.864679048807329
vn 0 -29.31592660368083 15.864679048807329
vn 0 -29.31592660368083 15.864679048807329
vn 0 -27.90548384595339 18.23171493316261
vn 0 -27.90548384595339 18.23171493316261
vn 0 -27.90548384595339 18.23171493316261
vn 0 -26.304710631046134 20.47373288348697
vn 0 -26.304710631046134 20.47373288348697
vn 0 -26.304710631046134 20.47373288348697
vn 0 -24.524122599365597 22.576070008808735
vn 0 -24.524122599365597 22.576070008808735
vn 0 -24.524122599365597 22.576070008808735
vn 0 22.57607984307498 24.524118384680065
vn 0 22.57607984307498 24.524118384680065
vn 0 22.57607984307498 24.524118384680065
vn 0 20.47373288348697 26.304710631046134
vn 0 20.47373288348697 26.304710631046134
vn 0 20.47373288348697 26.304710631046134
vn 0 18.23171493316261 27.90548384595339
vn 0 18.23171493316261 27.90548384595339
vn 0 18.23171493316261 27.90548384595339
vn 0 15.86479916734504 29.31586268095024
vn 0 15.86479916734504 29.31586268095024
vn 0 15.86479916734504 29.31586268095024
vn 0 13.389900699587995 30.525759813047493
vn 0 13.389900699587995 30.525759813047493
vn 0 13.389900699587995 30.525759813047493
vn 0 10.823093989293143 31.527325039214894
vn 0 10.823093989293143 31.527325039214894
vn 0 10.823093989293143 31.527325039214894
vn 0 8.183067654564413 32.31329434893513
vn 0 8.183067654564413 32.31329434893513
vn 0 8.183067654564413 32.31329434893513
vn 0 5.486722584391867 32.87867755453633
vn 0 5.486722584391867 32.87867755453633
vn 0 5.486722584391867 32.87867755453633
vn 0 2.752488896166705 33.21950371979817
vn 0 2.752488896166705 33.21950371979817
vn 0 2.752488896166705 33.21950371979817
vn 0 -3.552713678800501e-15 33.333340971167715
vn 0 -3.552713678800501e-15 33.333340971167715
vn 0 -3.552713678800501e-15 33.333340971167715
vn 0 -2.752487491271541 33.21950231490299
vn 0 -2.752487491271541 33.21950231490299
vn 0 -2.752487491271541 33.21950231490299
vn 0 -5.4867745655134605 32.87866772027008
vn 0 -5.4867745655134605 32.87866772027008
vn 0 -5.4867745655134605 32.87866772027008
vn 0 -8.183136494428137 32.313276085297815
vn 0 -8.183136494428137 32.313276085297815
vn 0 -8.183136494428137 32.313276085297815
vn 0 -10.823004076001766 31.52735313711845
vn 0 -10.823004076001766 31.52735313711845
vn 0 -10.823004076001766 31.52735313711845
vn 0 -13.389830454829108 30.52579353053176
vn 0 -13.389830454829108 30.52579353053176
vn 0 -13.389830454829108 30.52579353053176
vn 0 -15.864679048807337 29.315926603680825
vn 0 -15.864679048807337 29.315926603680825
vn 0 -15.864679048807337 29.315926603680825
vn 0 -18.2317163380578 27.905485250848567
vn 0 -18.2317163380578 27.905485250848567
vn 0 -18.2317163380578 27.905485250848567
vn 0 -20.47373288348698 26.30471063104613
vn 0 -20.47373288348698 26.30471063104613
vn 0 -20.47373288348698 26.30471063104613
vn 0 -22.576070008808742 24.52412259936559
vn 0 -22.576070008808742 24.52412259936559
vn 0 -22.576070008808742 24.52412259936559
vn 0 -23.570229856881557 -23.570229856881564
vn 0 -23.570229856881557 -23.570229856881564
vn 0 -23.570229856881557 -23.570229856881564
vn 0 -23.570229856881564 23.570229856881557
vn 0 -23.570229856881564 23.570229856881557
vn 0 -23.570229856881564 23.570229856881557
vn 333.33333333333337 0 0
vn 333.33333333333337 0 0
vn 333.33333333333337 0 0
vn 333.33333333333337 0 0
vn 333.33333333333337 0 0
vn 333.33333333333337 0 0
vn 333.33333333333337 0 0
vn 333.33333333333337 0 0
vn 333.33333333333337 0 0
vn 333.33333333333337 0 0
vn 333.33333333333337 0 0
vn 333.33333333333337 0 0
vn 333.33333333333337 0 0
vn 333.33333333333337 0 0
vn 333.33333333333337 0 0
vn 333.33333333333337 0 0
vn 333.33333333333337 0 0
vn 333.33333333333337 0 0
vn 333.33333333333337 -0.005526441237561978 0.005526441237561976
vn 333.33333333333337 -0.005526441237561978 0.005526441237561976
vn 333.33333333333337 -0.005526441237561978 0.005526441237561976
vn 333.33333333333337 0 0
vn 333.33333333333337 0 0
vn 333.33333333333337 0 0
vn 333.33333333333337 0 0
vn 333.33333333333337 0 0
vn 333.33333333333337 0 0
vn 333.33333333333337 0 0
vn 333.33333333333337 0 0
vn 333.33333333333337 0 0
vn 333.3332935969035 0.011053518382267464 -0.01105351838226746
vn 333.3332935969035 0.011053518382267464 -0.01105351838226746
vn 333.3332935969035 0.011053518382267464 -0.01105351838226746
vn 333.33333333333337 0 0
vn 333.33333333333337 0 0
vn 333.33333333333337 0 0
vn 333.33333333333337 0 0
vn 333.33333333333337 0 0
vn 333.33333333333337 0 0
vn 333.33333333333337 0 0
vn 333.33333333333337 0 0
vn 333.33333333333337 0 0
vn 333.33333333333337 0 0
vn 333.33333333333337 0 0
vn 333.33333333333337 0 0
vn 333.33333333333337 0.000004719537917691106 -0.000004719537917691105
vn 333.33333333333337 0.000004719537917691106 -0.000004719537917691105
vn 333.33333333333337 0.000004719537917691106 -0.000004719537917691105
vn 333.3332935969035 0.011053825017103655 -0.011053825017103652
vn 333.3332935969035 0.011053825017103655 -0.011053825017103652
vn 333.3332935969035 0.011053825017103655 -0.011053825017103652
vn 333.33333333333337 0 0
vn 333.33333333333337 0 0
vn 333.33333333333337 0 0
vn 333.33333333333337 0 0
vn 333.33333333333337 0 0
vn 333.33333333333337 0 0
vn 333.33333333333337 0 0
vn 333.33333333333337 0 0
vn 333.33333333333337 0 0
vn 333.33333333333337 -0.005525780977987406 0.005525780977987404
vn 333.33333333333337 -0.005525780977987406 0.005525780977987404
vn 333.33333333333337 -0.005525780977987406 0.005525780977987404
vn 333.33333333333337 -0.005527077487697474 0.005527077487697472
vn 333.33333333333337 -0.005527077487697474 0.005527077487697472
vn 333.33333333333337 -0.005527077487697474 0.005527077487697472
vn 333.33333333333337 0 0
vn 333.33333333333337 0 0
vn 333.33333333333337 0 0
vn 333.33333333333337 0 0
vn 333.33333333333337 0 0
vn 333.33333333333337 0 0
vn 333.33333333333337 -0.002762572363925955 0.002762572363925954
vn 333.33333333333337 -0.002762572363925955 0.002762572363925954
vn 333.33333333333337 -0.002762572363925955 0.002762572363925954
vn 333.33333333333337 -0.0003454028560286129 0.00034540285602861277
vn 333.33333333333337 -0.0003454028560286129 0.00034540285602861277
vn 333.33333333333337 -0.0003454028560286129 0.00034540285602861277
vn 333.33333333333337 0 0
vn 333.33333333333337 0 0
vn 333.33333333333337 0 0
vn 333.33333333333337 0 0
vn 333.33333333333337 0 0
vn 333.33333333333337 0 0
vn 333.33333333333337 0 0
vn 333.33333333333337 0 0
vn 333.33333333333337 0 0
vn 333.33333333333337 0 0
vn 333.33333333333337 0 0
vn 333.33333333333337 0 0
vn 333.33333333333337 0 0
vn 333.33333333333337 0 0
vn 333.33333333333337 0 0
vn 333.33333333333337 0 0
vn 333.33333333333337 0 0
vn 333.33333333333337 0 0
vn 333.33333333333337 0.005527737404280059 -0.005527737404280057
vn 333.33333333333337 0.005527737404280059 -0.005527737404280057
vn 333.33333333333337 0.005527737404280059 -0.005527737404280057
vn 333.33333333333337 0 0
vn 333.33333333333337 0 0
vn 333.33333333333337 0 0
vn 333.33333333333337 0 0
vn 333.33333333333337 0 0
vn 333.33333333333337 0 0
vn 333.33333333333337 0 0
vn 333.33333333333337 0 0
vn 333.33333333333337 0 0
vn 333.3332935969035 -0.01105285846568488 0.011052858465684877
vn 333.3332935969035 -0.01105285846568488 0.011052858465684877
vn 333.3332935969035 -0.01105285846568488 0.011052858465684877
vn 333.33333333333337 0 0
vn 333.33333333333337 0 0
vn 333.33333333333337 0 0
vn 333.33333333333337 0 0
vn 333.33333333333337 0 0
vn 333.33333333333337 0 0
vn 333.33333333333337 0 0
vn 333.33333333333337 0 0
vn 333.33333333333337 0 0
vn 333.33333333333337 0 0
vn 333.33333333333337 0 0
vn 333.33333333333337 0 0
vn 333.33333333333337 -0.000004719537917691106 0.000004719537917691105
vn 333.33333333333337 -0.000004719537917691106 0.000004719537917691105
vn 333.33333333333337 -0.000004719537917691106 0.000004719537917691105
vn 333.3332935969035 -0.011053825017103655 0.011053825017103652
vn 333.3332935969035 -0.011053825017103655 0.011053825017103652
vn 333.3332935969035 -0.011053825017103655 0.011053825017103652
vn 333.33333333333337 0 0
vn 333.33333333333337 0 0
vn 333.33333333333337 0 0
vn 333.33333333333337 0 0
vn 333.33333333333337 0 0
vn 333.33333333333337 0 0
vn 333.33333333333337 0 0
vn 333.33333333333337 0 0
vn 333.33333333333337 0 0
vn 333.33333333333337 0.00552514472785191 -0.005525144727851908
vn 333.33333333333337 0.00552514472785191 -0.005525144727851908
vn 333.33333333333337 0.00552514472785191 -0.005525144727851908
vn 333.33333333333337 0 0
vn 333.33333333333337 0 0
vn 333.33333333333337 0 0
vn 333.33333333333337 0 0
vn 333.33333333333337 0 0
vn 333.33333333333337 0 0
vn 333.33333333333337 0 0
vn 333.33333333333337 0 0
vn 333.33333333333337 0 0
vn 333.33333333333337 0 0
vn 333.33333333333337 0 0
vn 333.33333333333337 0 0
vn 333.33333333333337 0.0027632087855574443 -0.002763208785557444
vn 333.33333333333337 0.0027632087855574443 -0.002763208785557444
vn 333.33333333333337 0.0027632087855574443 -0.002763208785557444
vn 333.33333333333337 0.0003454028560286129 -0.00034540285602861277
vn 333.33333333333337 0.0003454028560286129 -0.00034540285602861277
vn 333.33333333333337 0.0003454028560286129 -0.00034540285602861277
vn 333.33333333333337 0 0
vn 333.33333333333337 0 0
vn 333.33333333333337 0 0
vn 333.33333333333337 0 0
vn 333.33333333333337 0 0
vn 333.33333333333337 0 0
vn 333.33333333333337 0 0
vn 333.33333333333337 0 0
vn 333.33333333333337 0 0
vn 333.33333333333337 -0.0027775395052535303 0.0027775395052535294
vn 333.33333333333337 -0.0027775395052535303 0.0027775395052535294
vn 333.33333333333337 -0.0027775395052535303 0.0027775395052535294
vn 333.33333333333337 0 0
vn 333.33333333333337 0 0
vn 333.33333333333337 0 0
vn 333.33333333333337 0.00003091636250020325 -0.00003091636250020324
vn 333.33333333333337 0.00003091636250020325 -0.00003091636250020324
vn 333.33333333333337 0.00003091636250020325 -0.00003091636250020324
vn 333.33333333333337 -0.0018686148561626477 0.001868614856162647
vn 333.33333333333337 -0.0018686148561626477 0.001868614856162647
vn 333.33333333333337 -0.0018686148561626477 0.001868614856162647
vn 333.33333333333337 0 0
vn 333.33333333333337 0 0
vn 333.33333333333337 0 0
vn 333.33333333333337 -0.00023681480856062878 0.00023681480856062873
vn 333.33333333333337 -0.00023681480856062878 0.00023681480856062873
vn 333.33333333333337 -0.00023681480856062878 0.00023681480856062873
vn 333.33333333333337 0.00023357201225851753 -0.00023357201225851748
vn 333.33333333333337 0.00023357201225851753 -0.00023357201225851748
vn 333.33333333333337 0.00023357201225851753 -0.00023357201225851748
vn 333.33333333333337 0.0005207889573530253 -0.0005207889573530252
vn 333.33333333333337 0.0005207889573530253 -0.0005207889573530252
vn 333.33333333333337 0.0005207889573530253 -0.0005207889573530252
vn 333.33333333333337 0 0
vn 333.33333333333337 0 0
vn 333.33333333333337 0 0
vn 333.33333333333337 0 0
vn 333.33333333333337 0 0
vn 333.33333333333337 0 0
vn 333.33333333333337 0 0
vn 333.33333333333337 0 0
vn 333.33333333333337 0 0
vn 333.33333333333337 0.0027775395052535303 -0.0027775395052535294
vn 333.33333333333337 0.0027775395052535303 -0.0027775395052535294
vn 333.33333333333337 0.0027775395052535303 -0.0027775395052535294
vn 333.33333333333337 0 0
vn 333.33333333333337 0 0
vn 333.33333333333337 0 0
vn 333.33333333333337 0.00023681009242081043 -0.00023681009242081035
vn 333.33333333333337 0.00023681009242081043 -0.00023681009242081035
vn 333.33333333333337 0.00023681009242081043 -0.00023681009242081035
vn 333.33333333333337 -0.0002335906410108001 0.00023359064101080004
vn 333.33333333333337 -0.0002335906410108001 0.00023359064101080004
vn 333.33333333333337 -0.0002335906410108001 0.00023359064101080004
vn 333.33333333333337 -0.0005207276475353865 0.0005207276475353864
vn 333.33333333333337 -0.0005207276475353865 0.0005207276475353864
vn 333.33333333333337 -0.0005207276475353865 0.0005207276475353864
vn 333.33333333333337 0 0
vn 333.33333333333337 0 0
vn 333.33333333333337 0 0
vn 333.33333333333337 0.00025916646017880697 -0.00025916646017880686
vn 333.33333333333337 0.00025916646017880697 -0.00025916646017880686
vn 333.33333333333337 0.00025916646017880697 -0.00025916646017880686
vn 333.33333333333337 0 0
vn 333.33333333333337 0 0
vn 333.33333333333337 0 0
vn 333.33333333333337 -0.0004902513517931102 0.00049025135179311
vn 333.33333333333337 -0.0004902513517931102 0.00049025135179311
vn 333.33333333333337 -0.0004902513517931102 0.00049025135179311
vn 333.33333333333337 0 0
vn 333.33333333333337 0 0
vn 333.33333333333337 0 0
vn 0 23.570229856881557 23.570229856881564
vn 0 23.570229856881557 23.570229856881564
vn 0 23.570229856881557 23.570229856881564
vn -333.33333333333337 0 0
vn -333.33333333333337 0 0
vn -333.33333333333337 0 0
vn -333.33333333333337 0 0
vn -333.33333333333337 0 0
vn -333.33333333333337 0 0
vn -333.33333333333337 0 0
vn -333.33333333333337 0 0
vn -333.33333333333337 0 0
vn -333.33333333333337 0 0
vn -333.33333333333337 0 0
vn -333.33333333333337 0 0
vn -333.33333333333337 0 0
vn -333.33333333333337 0 0
vn -333.33333333333337 0 0
vn -333.33333333333337 0 0
vn -333.33333333333337 0 0
vn -333.33333333333337 0 0
vn -333.33333333333337 0 0
vn -333.33333333333337 0 0
vn -333.33333333333337 0 0
vn -333.33333333333337 0 0
vn -333.33333333333337 0 0
vn -333.33333333333337 0 0
vn -333.33333333333337 0 0
vn -333.33333333333337 0 0
vn -333.33333333333337 0 0
vn -333.33333333333337 0 0
vn -333.33333333333337 0 0
vn -333.33333333333337 0 0
vn -333.33333333333337 0 0
vn -333.33333333333337 0 0
vn -333.33333333333337 0 0
vn -333.33333333333337 0 0
vn -333.33333333333337 0 0
vn -333.33333333333337 0 0
vn -333.33333333333337 0 0
vn -333.33333333333337 0 0
vn -333.33333333333337 0 0
vn -333.33333333333337 0 0
vn -333.33333333333337 0 0
vn -333.33333333333337 0 0
vn -333.33333333333337 0 0
vn -333.33333333333337 0 0
vn -333.33333333333337 0 0
vn -333.33333333333337 0 0
vn -333.33333333333337 0 0
vn -333.33333333333337 0 0
vn -333.33333333333337 0 0
vn -333.33333333333337 0 0
vn -333.33333333333337 0 0
vn -333.33333333333337 0 0
vn -333.33333333333337 0 0
vn -333.33333333333337 0 0
vn -333.33333333333337 0 0
vn -333.33333333333337 0 0
vn -333.33333333333337 0 0
vn -333.33333333333337 0 0
vn -333.33333333333337 0 0
vn -333.33333333333337 0 0
vn -333.33333333333337 0 0
vn -333.33333333333337 0 0
vn -333.33333333333337 0 0
vn -333.33333333333337 0 0
vn -333.33333333333337 0 0
vn -333.33333333333337 0 0
vn -333.33333333333337 0 0
vn -333.33333333333337 0 0
vn -333.33333333333337 0 0
vn -333.33333333333337 0 0
vn -333.33333333333337 0 0
vn -333.33333333333337 0 0
vn -333.33333333333337 0 0
vn -333.33333333333337 0 0
vn -333.33333333333337 0 0
vn -333.33333333333337 0 0
vn -333.33333333333337 0 0
vn -333.33333333333337 0 0
vn -333.33333333333337 0 0
vn -333.33333333333337 0 0
vn -333.33333333333337 0 0
vn -333.33333333333337 0 0
vn -333.33333333333337 0 0
vn -333.33333333333337 0 0
vn -333.33333333333337 0 0
vn -333.33333333333337 0 0
vn -333.33333333333337 0 0
vn -333.33333333333337 0 0
vn -333.33333333333337 0 0
vn -333.33333333333337 0 0
vn -333.33333333333337 0 0
vn -333.33333333333337 0 0
vn -333.33333333333337 0 0
vn -333.33333333333337 0 0
vn -333.33333333333337 0 0
vn -333.33333333333337 0 0
vn -333.33333333333337 0 0
vn -333.33333333333337 0 0
vn -333.33333333333337 0 0
vn -333.33333333333337 0 0
vn -333.33333333333337 0 0
vn -333.33333333333337 0 0
vn -333.33333333333337 0 0
vn -333.33333333333337 0 0
vn -333.33333333333337 0 0
vn -333.33333333333337 0 0
vn -333.33333333333337 0 0
vn -333.33333333333337 0 0
vn -333.33333333333337 0 0
vn -333.33333333333337 0 0
vn -333.33333333333337 0 0
vn -333.33333333333337 0 0
vn -333.33333333333337 0 0
vn -333.33333333333337 0 0
vn -333.33333333333337 0 0
vn -333.33333333333337 0 0
vn -333.33333333333337 0 0
vn -333.33333333333337 0 0
vn -333.33333333333337 0 0
vn -333.33333333333337 0 0
vn -333.33333333333337 0 0
vn -333.33333333333337 0 0
vn -333.33333333333337 0 0
vn -333.33333333333337 0 0
vn -333.33333333333337 0 0
vn -333.33333333333337 0 0
vn -333.33333333333337 0 0
vn -333.33333333333337 0 0
vn -333.33333333333337 0 0
vn -333.33333333333337 0 0
vn -333.33333333333337 0 0
vn -333.33333333333337 0 0
vn -333.33333333333337 0 0
vn -333.33333333333337 0 0
vn -333.33333333333337 0 0
vn -333.33333333333337 0 0
vn -333.33333333333337 0 0
vn -333.33333333333337 0 0
vn -333.33333333333337 0 0
vn -333.33333333333337 0 0
vn -333.33333333333337 0 0
vn -333.33333333333337 0 0
vn -333.33333333333337 0 0
vn -333.33333333333337 0 0
vn -333.33333333333337 0 0
vn -333.33333333333337 0 0
vn -333.33333333333337 0 0
vn -333.33333333333337 0 0
vn -333.33333333333337 0 0
vn -333.33333333333337 0 0
vn -333.33333333333337 0 0
vn -333.33333333333337 0 0
vn -333.33333333333337 0 0
vn -333.33333333333337 0 0
vn -333.33333333333337 0 0
vn -333.33333333333337 0 0
vn -333.33333333333337 0 0
vn -333.33333333333337 0 0
vn -333.33333333333337 0 0
vn -333.33333333333337 0 0
vn -333.33333333333337 0 0
vn -333.33333333333337 0 0
vn -333.33333333333337 0 0
vn -333.33333333333337 0 0
vn -333.33333333333337 0 0
vn -333.33333333333337 0 0
vn -333.33333333333337 0 0
vn -333.33333333333337 0 0
vn -333.33333333333337 0 0
vn -333.33333333333337 0 0
vn -333.33333333333337 0 0
vn -333.33333333333337 0 0
vn -333.33333333333337 0 0
vn -333.33333333333337 0 0
vn -333.33333333333337 0 0
vn -333.33333333333337 0 0
vn -333.33333333333337 0 0
vn -333.33333333333337 0 0
vn -333.33333333333337 0 0
vn -333.33333333333337 0 0
vn -333.33333333333337 0 0
vn -333.33333333333337 0 0
vn -333.33333333333337 0 0
vn -333.33333333333337 0 0
vn -333.33333333333337 0 0
vn -333.33333333333337 0 0
vn -333.33333333333337 0 0
vn -333.33333333333337 0 0
vn -333.33333333333337 0 0
vn -333.33333333333337 0 0
vn -333.33333333333337 0 0
vn -333.33333333333337 0 0
vn -333.33333333333337 0 0
vn -333.33333333333337 0 0
vn -333.33333333333337 0 0
vn -333.33333333333337 0 0
vn -333.33333333333337 0 0
vn -333.33333333333337 0 0
vn -333.33333333333337 0 0
vn -333.33333333333337 0 0
vn -333.33333333333337 0 0
vn -333.33333333333337 0 0
vn -333.33333333333337 0 0
vn -333.33333333333337 0 0
vn -333.33333333333337 0 0
vn -333.33333333333337 0 0
vn -333.33333333333337 0 0
vn -333.33333333333337 0 0
vn -333.33333333333337 0 0
vn -333.33333333333337 0 0
vn -333.33333333333337 0 0
vn -333.33333333333337 0 0
vn -333.33333333333337 0 0
vn -333.33333333333337 0 0
vn -333.33333333333337 0 0
vn -333.33333333333337 0 0
vn -333.33333333333337 0 0
vn -333.33333333333337 0 0
vn -333.33333333333337 0 0
vn -333.33333333333337 0 0
vn -333.33333333333337 0 0
vn -333.33333333333337 0 0
vn -333.33333333333337 0 0
vn -333.33333333333337 0 0
vn -333.33333333333337 0 0
vn -333.33333333333337 0 0
vn -333.33333333333337 0 0
vn -333.33333333333337 0 0
vn -333.33333333333337 0 0
vn -333.33333333333337 0 0
vn -333.33333333333337 0 0
vn 0 23.570229856881564 -23.570229856881557
vn 0 23.570229856881564 -23.570229856881557
vn 0 23.570229856881564 -23.570229856881557
vn 0 -22.576064301422075 -24.524128306752257
vn 0 -22.576064301422075 -24.524128306752257
vn 0 -22.576064301422075 -24.524128306752257
vn 0 -20.47373288348697 -26.304710631046134
vn 0 -20.47373288348697 -26.304710631046134
vn 0 -20.47373288348697 -26.304710631046134
vn 0 -18.23171493316261 -27.90548384595339
vn 0 -18.23171493316261 -27.90548384595339
vn 0 -18.23171493316261 -27.90548384595339
vn 0 -15.864901022245437 -29.31580859248589
vn 0 -15.864901022245437 -29.31580859248589
vn 0 -15.864901022245437 -29.31580859248589
vn 0 -13.389763722308151 -30.525820925987738
vn 0 -13.389763722308151 -30.525820925987738
vn 0 -13.389763722308151 -30.525820925987738
vn 0 -10.823258362028955 -31.527267438512602
vn 0 -10.823258362028955 -31.527267438512602
vn 0 -10.823258362028955 -31.527267438512602
vn 0 -8.182865349658794 -32.31334492516154
vn 0 -8.182865349658794 -32.31334492516154
vn 0 -8.182865349658794 -32.31334492516154
vn 0 -5.486494991373048 -32.878716891601314
vn 0 -5.486494991373048 -32.878716891601314
vn 0 -5.486494991373048 -32.878716891601314
vn 0 -2.752488896166705 -33.21950371979817
vn 0 -2.752488896166705 -33.21950371979817
vn 0 -2.752488896166705 -33.21950371979817
vn 0 3.552713678800501e-15 -33.333340971167715
vn 0 3.552713678800501e-15 -33.333340971167715
vn 0 3.552713678800501e-15 -33.333340971167715
vn 0 2.7524888961667173 -33.21950371979817
vn 0 2.7524888961667173 -33.21950371979817
vn 0 2.7524888961667173 -33.21950371979817
vn 0 5.4864472249370095 -32.87872251118202
vn 0 5.4864472249370095 -32.87872251118202
vn 0 5.4864472249370095 -32.87872251118202
vn 0 8.18279650979509 -32.313360379008486
vn 0 8.18279650979509 -32.313360379008486
vn 0 8.18279650979509 -32.313360379008486
vn 0 10.82334757287276 -31.52724004305663
vn 0 10.82334757287276 -31.52724004305663
vn 0 10.82334757287276 -31.52724004305663
vn 0 13.389833264619464 -30.525790720741405
vn 0 13.389833264619464 -30.525790720741405
vn 0 13.389833264619464 -30.525790720741405
vn 0 15.8650183309928 -29.315741859964934
vn 0 15.8650183309928 -29.315741859964934
vn 0 15.8650183309928 -29.315741859964934
vn 0 18.23171493316262 -27.905483845953388
vn 0 18.23171493316262 -27.905483845953388
vn 0 18.23171493316262 -27.905483845953388
vn 0 20.47373288348698 -26.30471063104613
vn 0 20.47373288348698 -26.30471063104613
vn 0 20.47373288348698 -26.30471063104613
vn 0 22.576070008808742 -24.52412259936559
vn 0 22.576070008808742 -24.52412259936559
vn 0 22.576070008808742 -24.52412259936559
vn 0 24.52412830675225 22.576064301422083
vn 0 24.52412830675225 22.576064301422083
vn 0 24.52412830675225 22.576064301422083
vn 0 26.30471063104613 20.47373288348698
vn 0 26.30471063104613 20.47373288348698
vn 0 26.30471063104613 20.47373288348698
vn 0 27.905483845953388 18.23171493316262
vn 0 27.905483845953388 18.23171493316262
vn 0 27.905483845953388 18.23171493316262
vn 0 29.315808592485883 15.864901022245444
vn 0 29.315808592485883 15.864901022245444
vn 0 29.315808592485883 15.864901022245444
vn 0 30.52582092598773 13.38976372230816
vn 0 30.52582092598773 13.38976372230816
vn 0 30.52582092598773 13.38976372230816
vn 0 31.527270248302955 10.823261171819322
vn 0 31.527270248302955 10.823261171819322
vn 0 31.527270248302955 10.823261171819322
vn 0 32.31334492516153 8.182865349658806
vn 0 32.31334492516153 8.182865349658806
vn 0 32.31334492516153 8.182865349658806
vn 0 32.87871970139167 5.486492181582705
vn 0 32.87871970139167 5.486492181582705
vn 0 32.87871970139167 5.486492181582705
vn 0 33.21950371979817 2.7524888961667173
vn 0 33.21950371979817 2.7524888961667173
vn 0 33.21950371979817 2.7524888961667173
vn 0 33.333340971167715 3.552713678800501e-15
vn 0 33.333340971167715 3.552713678800501e-15
vn 0 33.333340971167715 3.552713678800501e-15
vn 0 33.219502314902996 -2.7524874912715287
vn 0 33.219502314902996 -2.7524874912715287
vn 0 33.219502314902996 -2.7524874912715287
vn 0 32.8787239160772 -5.486448629832177
vn 0 32.8787239160772 -5.486448629832177
vn 0 32.8787239160772 -5.486448629832177
vn 0 32.313358974113314 -8.182797914690257
vn 0 32.313358974113314 -8.182797914690257
vn 0 32.313358974113314 -8.182797914690257
vn 0 31.52724004305663 -10.82334757287275
vn 0 31.52724004305663 -10.82334757287275
vn 0 31.52724004305663 -10.82334757287275
vn 0 30.525793530531764 -13.389830454829099
vn 0 30.525793530531764 -13.389830454829099
vn 0 30.525793530531764 -13.389830454829099
vn 0 29.315744669755297 -15.86502114078315
vn 0 29.315744669755297 -15.86502114078315
vn 0 29.315744669755297 -15.86502114078315
vn 0 27.90548525084857 -18.23171633805779
vn 0 27.90548525084857 -18.23171633805779
vn 0 27.90548525084857 -18.23171633805779
vn 0 26.304710631046134 -20.47373288348697
vn 0 26.304710631046134 -20.47373288348697
vn 0 26.304710631046134 -20.47373288348697
vn 0 24.524122599365597 -22.576070008808735
vn 0 24.524122599365597 -22.576070008808735
vn 0 24.524122599365597 -22.576070008808735
vn 0 -24.52412830675225 -22.576064301422083
vn 0 -24.52412830675225 -22.576064301422083
vn 0 -24.52412830675225 -22.576064301422083
vn 0 -26.30471063104613 -20.47373288348698
vn 0 -26.30471063104613 -20.47373288348698
vn 0 -26.30471063104613 -20.47373288348698
vn 0 -27.905483845953388 -18.23171493316262
vn 0 -27.905483845953388 -18.23171493316262
vn 0 -27.905483845953388 -18.23171493316262
vn 0 -29.315808592485883 -15.864901022245444
vn 0 -29.315808592485883 -15.864901022245444
vn 0 -29.315808592485883 -15.864901022245444
vn 0 -30.52582092598773 -13.38976372230816
vn 0 -30.52582092598773 -13.38976372230816
vn 0 -30.52582092598773 -13.38976372230816
vn 0 -31.527270248302955 -10.823261171819322
vn 0 -31.527270248302955 -10.823261171819322
vn 0 -31.527270248302955 -10.823261171819322
vn 0 -32.31334492516153 -8.182865349658806
vn 0 -32.31334492516153 -8.182865349658806
vn 0 -32.31334492516153 -8.182865349658806
vn 0 -32.87871970139167 -5.486492181582705
vn 0 -32.87871970139167 -5.486492181582705
vn 0 -32.87871970139167 -5.486492181582705
vn 0 -33.21950371979817 -2.7524888961667173
vn 0 -33.21950371979817 -2.7524888961667173
vn 0 -33.21950371979817 -2.7524888961667173
vn 0 -33.333340971167715 -3.552713678800501e-15
vn 0 -33.333340971167715 -3.552713678800501e-15
vn 0 -33.333340971167715 -3.552713678800501e-15
vn 0 -33.219502314902996 2.7524874912715287
vn 0 -33.219502314902996 2.7524874912715287
vn 0 -33.219502314902996 2.7524874912715287
vn 0 -32.8787239160772 5.486448629832177
vn 0 -32.8787239160772 5.486448629832177
vn 0 -32.8787239160772 5.486448629832177
vn 0 -32.313358974113314 8.182797914690257
vn 0 -32.313358974113314 8.182797914690257
vn 0 -32.313358974113314 8.182797914690257
vn 0 -31.52724004305663 10.82334757287275
vn 0 -31.52724004305663 10.82334757287275
vn 0 -31.52724004305663 10.82334757287275
vn 0 -30.525793530531764 13.389830454829099
vn 0 -30.525793530531764 13.389830454829099
vn 0 -30.525793530531764 13.389830454829099
vn 0 -29.315744669755297 15.86502114078315
vn 0 -29.315744669755297 15.86502114078315
vn 0 -29.315744669755297 15.86502114078315
vn 0 -27.90548525084857 18.23171633805779
vn 0 -27.90548525084857 18.23171633805779
vn 0 -27.90548525084857 18.23171633805779
vn 0 -26.304710631046134 20.47373288348697
vn 0 -26.304710631046134 20.47373288348697
vn 0 -26.304710631046134 20.47373288348697
vn 0 -24.524122599365597 22.576070008808735
vn 0 -24.524122599365597 22.576070008808735
vn 0 -24.524122599365597 22.576070008808735
vn 0 22.576064301422075 24.524128306752257
vn 0 22.576064301422075 24.524128306752257
vn 0 22.576064301422075 24.524128306752257
vn 0 20.47373288348697 26.304710631046134
vn 0 20.47373288348697 26.304710631046134
vn 0 20.47373288348697 26.304710631046134
vn 0 18.23171493316261 27.90548384595339
vn 0 18.23171493316261 27.90548384595339
vn 0 18.23171493316261 27.90548384595339
vn 0 15.864901022245437 29.31580859248589
vn 0 15.864901022245437 29.31580859248589
vn 0 15.864901022245437 29.31580859248589
vn 0 13.389763722308151 30.525820925987738
vn 0 13.389763722308151 30.525820925987738
vn 0 13.389763722308151 30.525820925987738
vn 0 10.823258362028955 31.527267438512602
vn 0 10.823258362028955 31.527267438512602
vn 0 10.823258362028955 31.527267438512602
vn 0 8.182865349658794 32.31334492516154
vn 0 8.182865349658794 32.31334492516154
vn 0 8.182865349658794 32.31334492516154
vn 0 5.486494991373048 32.878716891601314
vn 0 5.486494991373048 32.878716891601314
vn 0 5.486494991373048 32.878716891601314
vn 0 2.752488896166705 33.21950371979817
vn 0 2.752488896166705 33.21950371979817
vn 0 2.752488896166705 33.21950371979817
vn 0 -3.552713678800501e-15 33.333340971167715
vn 0 -3.552713678800501e-15 33.333340971167715
vn 0 -3.552713678800501e-15 33.333340971167715
vn 0 -2.7524888961667173 33.21950371979817
vn 0 -2.7524888961667173 33.21950371979817
vn 0 -2.7524888961667173 33.21950371979817
vn 0 -5.4864472249370095 32.87872251118202
vn 0 -5.4864472249370095 32.87872251118202
vn 0 -5.4864472249370095 32.87872251118202
vn 0 -8.18279650979509 32.313360379008486
vn 0 -8.18279650979509 32.313360379008486
vn 0 -8.18279650979509 32.313360379008486
vn 0 -10.82334757287276 31.52724004305663
vn 0 -10.82334757287276 31.52724004305663
vn 0 -10.82334757287276 31.52724004305663
vn 0 -13.389833264619464 30.525790720741405
vn 0 -13.389833264619464 30.525790720741405
vn 0 -13.389833264619464 30.525790720741405
vn 0 -15.8650183309928 29.315741859964934
vn 0 -15.8650183309928 29.315741859964934
vn 0 -15.8650183309928 29.315741859964934
vn 0 -18.23171493316262 27.905483845953388
vn 0 -18.23171493316262 27.905483845953388
vn 0 -18.23171493316262 27.905483845953388
vn 0 -20.47373288348698 26.30471063104613
vn 0 -20.47373288348698 26.30471063104613
vn 0 -20.47373288348698 26.30471063104613
vn 0 -22.576070008808742 24.52412259936559
vn 0 -22.576070008808742 24.52412259936559
vn 0 -22.576070008808742 24.52412259936559
vn 0 -23.570229856881557 -23.570229856881564
vn 0 -23.570229856881557 -23.570229856881564
vn 0 -23.570229856881557 -23.570229856881564
vt 0.19066689908504486 0.12250930070877075
vt 0.1558292955160141 0.1620377004146576
vt 0.1558292955160141 0.12250930070877075
vt 0.00312650203704834 0.506607711315155
vt 0.002576171886175871 0.4924454092979431
vt 0.014918499626219273 0.46735790371894836
vt 0.2325408011674881 0.085326187312603
vt 0.1930122971534729 0.12016390264034271
vt 0.1930122971534729 0.085326187312603
vt 0.20072859525680542 0.09276645630598068
vt 0.20016059279441833 0.09224355220794678
vt 0.19966599345207214 0.09080296009778976
vt 0.19066689908504486 0.043452318757772446
vt 0.1558292955160141 0.08298081159591675
vt 0.1558292955160141 0.043452318757772446
vt 0.1139552965760231 0.085326187312603
vt 0.1534837931394577 0.08513253182172775
vt 0.1534837931394577 0.085326187312603
vt 0.1139552965760231 0.08513253182172775
vt 0.15348389744758606 0.08494018763303757
vt 0.1534837931394577 0.08513253182172775
vt 0.1139552965760231 0.08494012802839279
vt 0.1534837931394577 0.08475040644407272
vt 0.15348389744758606 0.08494018763303757
vt 0.1139552965760231 0.0847504734992981
vt 0.1534837931394577 0.08456461876630783
vt 0.1534837931394577 0.08475040644407272
vt 0.1139552965760231 0.08456461876630783
vt 0.1534837931394577 0.08438407629728317
vt 0.1534837931394577 0.08456461876630783
vt 0.1139552965760231 0.08438407629728317
vt 0.1534837931394577 0.08420991152524948
vt 0.1534837931394577 0.08438407629728317
vt 0.1139552965760231 0.08420991152524948
vt 0.1534837931394577 0.08404338359832764
vt 0.1534837931394577 0.08420991152524948
vt 0.1139552965760231 0.08404338359832764
vt 0.1534837931394577 0.08388561010360718
vt 0.1534837931394577 0.08404338359832764
vt 0.1139552965760231 0.08388561010360718
vt 0.1534837931394577 0.08373773097991943
vt 0.1534837931394577 0.08388561010360718
vt 0.1139552965760231 0.08373773097991943
vt 0.1534837931394577 0.08298081159591675
vt 0.1534837931394577 0.08373773097991943
vt 0.1542406976222992 0.043452318757772446
vt 0.1543886959552765 0.08298081159591675
vt 0.1542406976222992 0.08298081159591675
vt 0.1543886959552765 0.043452318757772446
vt 0.15454639494419098 0.08298081159591675
vt 0.1543886959552765 0.08298081159591675
vt 0.15454639494419098 0.043452318757772446
vt 0.1547130048274994 0.08298081159591675
vt 0.15454639494419098 0.08298081159591675
vt 0.1547130048274994 0.043452318757772446
vt 0.1548870950937271 0.08298081159591675
vt 0.1547130048274994 0.08298081159591675
vt 0.1548870950937271 0.043452318757772446
vt 0.15506769716739655 0.08298081159591675
vt 0.1548870950937271 0.08298081159591675
vt 0.15506769716739655 0.043452318757772446
vt 0.15525349974632263 0.08298081159591675
vt 0.15506769716739655 0.08298081159591675
vt 0.15525349974632263 0.043452318757772446
vt 0.1554432064294815 0.08298081159591675
vt 0.15525349974632263 0.08298081159591675
vt 0.1554432064294815 0.043452318757772446
vt 0.1556355059146881 0.08298081159591675
vt 0.1554432064294815 0.08298081159591675
vt 0.1556355059146881 0.043452318757772446
vt 0.1558292955160141 0.08298081159591675
vt 0.1556355059146881 0.08298081159591675
vt 0.1930122971534729 0.085326187312603
vt 0.2325408011674881 0.08513253182172775
vt 0.2325408011674881 0.085326187312603
vt 0.1930122971534729 0.08513253182172775
vt 0.2325408011674881 0.08494018763303757
vt 0.2325408011674881 0.08513253182172775
vt 0.1930122971534729 0.08494012802839279
vt 0.2325408011674881 0.08475040644407272
vt 0.2325408011674881 0.08494018763303757
vt 0.1930122971534729 0.0847504734992981
vt 0.2325408011674881 0.08456461876630783
vt 0.2325408011674881 0.08475040644407272
vt 0.1930122971534729 0.08456461876630783
vt 0.2325408011674881 0.08438407629728317
vt 0.2325408011674881 0.08456461876630783
vt 0.1930122971534729 0.08438407629728317
vt 0.2325408011674881 0.08420991152524948
vt 0.2325408011674881 0.08438407629728317
vt 0.1930122971534729 0.08420991152524948
vt 0.2325408011674881 0.08404338359832764
vt 0.2325408011674881 0.08420991152524948
vt 0.1930122971534729 0.08404338359832764
vt 0.2325408011674881 0.08388561010360718
vt 0.2325408011674881 0.08404338359832764
vt 0.1930122971534729 0.08388561010360718
vt 0.2325408011674881 0.08373773097991943
vt 0.2325408011674881 0.08388561010360718
vt 0.1930122971534729 0.08373773097991943
vt 0.2325408011674881 0.08298081159591675
vt 0.2325408011674881 0.08373773097991943
vt 0.1922553926706314 0.08298081159591675
vt 0.1921073943376541 0.043452318757772446
vt 0.1922553926706314 0.043452318757772446
vt 0.1921073943376541 0.08298081159591675
vt 0.19194969534873962 0.043452318757772446
vt 0.1921073943376541 0.043452318757772446
vt 0.19194969534873962 0.08298081159591675
vt 0.19178320467472076 0.043452318757772446
vt 0.19194969534873962 0.043452318757772446
vt 0.19178320467472076 0.08298081159591675
vt 0.1916089951992035 0.043452318757772446
vt 0.19178320467472076 0.043452318757772446
vt 0.1916089951992035 0.08298081159591675
vt 0.19142839312553406 0.043452318757772446
vt 0.1916089951992035 0.043452318757772446
vt 0.19142839312553406 0.08298081159591675
vt 0.19124260544776917 0.043452318757772446
vt 0.19142839312553406 0.043452318757772446
vt 0.19124260544776917 0.08298081159591675
vt 0.1910528987646103 0.043452318757772446
vt 0.19124260544776917 0.043452318757772446
vt 0.1910528987646103 0.08298081159591675
vt 0.1908605992794037 0.043452318757772446
vt 0.1910528987646103 0.043452318757772446
vt 0.1908605992794037 0.08298081159591675
vt 0.19066689908504486 0.043452318757772446
vt 0.1908605992794037 0.043452318757772446
vt 0.1534837931394577 0.12016390264034271
vt 0.11395540088415146 0.12035749852657318
vt 0.1139552965760231 0.12016390264034271
vt 0.1534837931394577 0.12035749852657318
vt 0.11395540088415146 0.12054990231990814
vt 0.11395540088415146 0.12035749852657318
vt 0.1534837931394577 0.12054990231990814
vt 0.1139552965760231 0.12073960155248642
vt 0.11395540088415146 0.12054990231990814
vt 0.1534837931394577 0.12073960155248642
vt 0.1139552965760231 0.12092539668083191
vt 0.1139552965760231 0.12073960155248642
vt 0.1534837931394577 0.12092539668083191
vt 0.1139552965760231 0.12110599875450134
vt 0.1139552965760231 0.12092539668083191
vt 0.1534837931394577 0.12110599875450134
vt 0.1139552965760231 0.12128009647130966
vt 0.1139552965760231 0.12110599875450134
vt 0.1534837931394577 0.12128009647130966
vt 0.1139552965760231 0.12144669890403748
vt 0.1139552965760231 0.12128009647130966
vt 0.1534837931394577 0.12144669890403748
vt 0.1139552965760231 0.12160450220108032
vt 0.1139552965760231 0.12144669890403748
vt 0.1534837931394577 0.12160450220108032
vt 0.1139552965760231 0.12175240367650986
vt 0.1139552965760231 0.12160450220108032
vt 0.1534837931394577 0.12175240367650986
vt 0.1139552965760231 0.12250930070877075
vt 0.1139552965760231 0.12175240367650986
vt 0.1542406976222992 0.12250930070877075
vt 0.1543886959552765 0.1620377004146576
vt 0.1542406976222992 0.1620377004146576
vt 0.1543886959552765 0.12250930070877075
vt 0.15454639494419098 0.1620377004146576
vt 0.1543886959552765 0.1620377004146576
vt 0.15454639494419098 0.12250930070877075
vt 0.1547130048274994 0.1620377004146576
vt 0.15454639494419098 0.1620377004146576
vt 0.1547130048274994 0.12250930070877075
vt 0.1548870950937271 0.1620377004146576
vt 0.1547130048274994 0.1620377004146576
vt 0.1548870950937271 0.12250930070877075
vt 0.15506769716739655 0.1620377004146576
vt 0.1548870950937271 0.1620377004146576
vt 0.15506769716739655 0.12250930070877075
vt 0.15525349974632263 0.1620377004146576
vt 0.15506769716739655 0.1620377004146576
vt 0.15525349974632263 0.12250930070877075
vt 0.1554432064294815 0.1620377004146576
vt 0.15525349974632263 0.1620377004146576
vt 0.1554432064294815 0.12250930070877075
vt 0.1556355059146881 0.1620377004146576
vt 0.1554432064294815 0.1620377004146576
vt 0.1556355059146881 0.12250930070877075
vt 0.1558292955160141 0.1620377004146576
vt 0.1556355059146881 0.1620377004146576
vt 0.2325408011674881 0.12016390264034271
vt 0.1930122971534729 0.12035749852657318
vt 0.1930122971534729 0.12016390264034271
vt 0.2325408011674881 0.12035749852657318
vt 0.1930122971534729 0.12054990231990814
vt 0.1930122971534729 0.12035749852657318
vt 0.2325408011674881 0.12054990231990814
vt 0.1930122971534729 0.12073960155248642
vt 0.1930122971534729 0.12054990231990814
vt 0.2325408011674881 0.12073960155248642
vt 0.1930122971534729 0.12092539668083191
vt 0.1930122971534729 0.12073960155248642
vt 0.2325408011674881 0.12092539668083191
vt 0.1930122971534729 0.12110599875450134
vt 0.1930122971534729 0.12092539668083191
vt 0.2325408011674881 0.12110599875450134
vt 0.1930122971534729 0.12128009647130966
vt 0.1930122971534729 0.12110599875450134
vt 0.2325408011674881 0.12128009647130966
vt 0.1930122971534729 0.12144669890403748
vt 0.1930122971534729 0.12128009647130966
vt 0.2325408011674881 0.12144669890403748
vt 0.1930122971534729 0.12160450220108032
vt 0.1930122971534729 0.12144669890403748
vt 0.2325408011674881 0.12160450220108032
vt 0.1930122971534729 0.12175240367650986
vt 0.1930122971534729 0.12160450220108032
vt 0.2325408011674881 0.12175240367650986
vt 0.1930122971534729 0.12250930070877075
vt 0.1930122971534729 0.12175240367650986
vt 0.1922553926706314 0.1620377004146576
vt 0.1921073943376541 0.12250930070877075
vt 0.1922553926706314 0.12250930070877075
vt 0.1921073943376541 0.1620377004146576
vt 0.19194969534873962 0.12250930070877075
vt 0.1921073943376541 0.12250930070877075
vt 0.19194969534873962 0.1620377004146576
vt 0.19178320467472076 0.12250930070877075
vt 0.19194969534873962 0.12250930070877075
vt 0.19178320467472076 0.1620377004146576
vt 0.1916089951992035 0.12250930070877075
vt 0.19178320467472076 0.12250930070877075
vt 0.1916089951992035 0.1620377004146576
vt 0.19142839312553406 0.12250930070877075
vt 0.1916089951992035 0.12250930070877075
vt 0.19142839312553406 0.1620377004146576
vt 0.19124260544776917 0.12250930070877075
vt 0.19142839312553406 0.12250930070877075
vt 0.19124260544776917 0.1620377004146576
vt 0.1910528987646103 0.12250930070877075
vt 0.19124260544776917 0.12250930070877075
vt 0.1910528987646103 0.1620377004146576
vt 0.1908605992794037 0.12250930070877075
vt 0.1910528987646103 0.12250930070877075
vt 0.1908605992794037 0.1620377004146576
vt 0.19066689908504486 0.12250930070877075
vt 0.1908605992794037 0.12250930070877075
vt 0.1534837931394577 0.085326187312603
vt 0.1139552965760231 0.12016390264034271
vt 0.1139552965760231 0.085326187312603
vt 0.19066689908504486 0.12250930070877075
vt 0.19066689908504486 0.1620377004146576
vt 0.1558292955160141 0.1620377004146576
vt 0.014918499626219273 0.46735790371894836
vt 0.4682427942752838 0.01629406027495861
vt 0.5291301012039185 0.016446229070425034
vt 0.4682427942752838 0.01629406027495861
vt 0.4708668887615204 0.013890559785068035
vt 0.5291301012039185 0.016446229070425034
vt 0.4708668887615204 0.013890559785068035
vt 0.47368040680885315 0.011711950413882732
vt 0.47666430473327637 0.0097731351852417
vt 0.47666430473327637 0.0097731351852417
vt 0.47979798913002014 0.008087395690381527
vt 0.4830603003501892 0.0066661229357123375
vt 0.4830603003501892 0.0066661229357123375
vt 0.48642870783805847 0.005519151221960783
vt 0.47666430473327637 0.0097731351852417
vt 0.48642870783805847 0.005519151221960783
vt 0.48988041281700134 0.00465422822162509
vt 0.47666430473327637 0.0097731351852417
vt 0.48988041281700134 0.00465422822162509
vt 0.49339181184768677 0.004077314864844084
vt 0.4969387948513031 0.003792345058172941
vt 0.4969387948513031 0.003792345058172941
vt 0.5004971027374268 0.0038012259174138308
vt 0.48988041281700134 0.00465422822162509
vt 0.5004971027374268 0.0038012259174138308
vt 0.5040426850318909 0.004103958141058683
vt 0.48988041281700134 0.00465422822162509
vt 0.5040426850318909 0.004103958141058683
vt 0.5075510144233704 0.004698394797742367
vt 0.5109983086585999 0.005580544006079435
vt 0.5109983086585999 0.005580544006079435
vt 0.5143610239028931 0.006744383834302425
vt 0.5176160931587219 0.008181869052350521
vt 0.5176160931587219 0.008181869052350521
vt 0.5207414031028748 0.009883344173431396
vt 0.5237154960632324 0.011837000027298927
vt 0.5237154960632324 0.011837000027298927
vt 0.5265182256698608 0.01402967981994152
vt 0.5291301012039185 0.016446229070425034
vt 0.5291301012039185 0.016446229070425034
vt 0.980194091796875 0.469770610332489
vt 0.014918499626219273 0.46735790371894836
vt 0.980194091796875 0.469770610332489
vt 0.9825975894927979 0.47239458560943604
vt 0.9923841953277588 0.5055702924728394
vt 0.014918499626219273 0.46735790371894836
vt 0.980194091796875 0.469770610332489
vt 0.9800418019294739 0.5306578278541565
vt 0.9825975894927979 0.47239458560943604
vt 0.9847761988639832 0.47520819306373596
vt 0.986714780330658 0.47819191217422485
vt 0.986714780330658 0.47819191217422485
vt 0.9884008169174194 0.48132580518722534
vt 0.9898219108581543 0.48458799719810486
vt 0.9898219108581543 0.48458799719810486
vt 0.9909688830375671 0.4879564940929413
vt 0.986714780330658 0.47819191217422485
vt 0.9909688830375671 0.4879564940929413
vt 0.9918338060379028 0.491408109664917
vt 0.986714780330658 0.47819191217422485
vt 0.9918338060379028 0.491408109664917
vt 0.9924108982086182 0.4949195086956024
vt 0.9926958084106445 0.4984664022922516
vt 0.9926958084106445 0.4984664022922516
vt 0.992686927318573 0.5020248889923096
vt 0.9923841953277588 0.5055702924728394
vt 0.9923841953277588 0.5055702924728394
vt 0.991789698600769 0.5090788006782532
vt 0.990907609462738 0.5125260949134827
vt 0.990907609462738 0.5125260949134827
vt 0.989743709564209 0.5158888101577759
vt 0.9883062243461609 0.5191438794136047
vt 0.9883062243461609 0.5191438794136047
vt 0.9866048097610474 0.5222691297531128
vt 0.9846510887145996 0.5252432823181152
vt 0.9846510887145996 0.5252432823181152
vt 0.9824584722518921 0.5280458927154541
vt 0.9800418019294739 0.5306578278541565
vt 0.9800418019294739 0.5306578278541565
vt 0.5267174243927002 0.981721818447113
vt 0.4658302068710327 0.9815695881843567
vt 0.5267174243927002 0.981721818447113
vt 0.524093508720398 0.9841253161430359
vt 0.4658302068710327 0.9815695881843567
vt 0.524093508720398 0.9841253161430359
vt 0.5212798118591309 0.9863039255142212
vt 0.5182960033416748 0.9882428050041199
vt 0.5182960033416748 0.9882428050041199
vt 0.5151622295379639 0.9899284243583679
vt 0.511900007724762 0.9913498163223267
vt 0.511900007724762 0.9913498163223267
vt 0.5085315704345703 0.9924967288970947
vt 0.5182960033416748 0.9882428050041199
vt 0.5085315704345703 0.9924967288970947
vt 0.5050799250602722 0.9933617115020752
vt 0.5182960033416748 0.9882428050041199
vt 0.5050799250602722 0.9933617115020752
vt 0.5015684962272644 0.9939385056495667
vt 0.49802160263061523 0.9942234754562378
vt 0.49802160263061523 0.9942234754562378
vt 0.4944632053375244 0.9942145943641663
vt 0.5050799250602722 0.9933617115020752
vt 0.4944632053375244 0.9942145943641663
vt 0.4909175932407379 0.9939119815826416
vt 0.5050799250602722 0.9933617115020752
vt 0.4909175932407379 0.9939119815826416
vt 0.48740920424461365 0.9933174848556519
vt 0.48396191000938416 0.9924352765083313
vt 0.48396191000938416 0.9924352765083313
vt 0.48059919476509094 0.9912714958190918
vt 0.4773440957069397 0.9898340106010437
vt 0.4773440957069397 0.9898340106010437
vt 0.4742189049720764 0.9881324768066406
vt 0.47124481201171875 0.9861788749694824
vt 0.47124481201171875 0.9861788749694824
vt 0.4684422016143799 0.9839863181114197
vt 0.4658302068710327 0.9815695881843567
vt 0.4658302068710327 0.9815695881843567
vt 0.0147662702947855 0.528245210647583
vt 0.9800418019294739 0.5306578278541565
vt 0.0147662702947855 0.528245210647583
vt 0.012362830340862274 0.5256211757659912
vt 0.014918499626219273 0.46735790371894836
vt 0.9800418019294739 0.5306578278541565
vt 0.0147662702947855 0.528245210647583
vt 0.014918499626219273 0.46735790371894836
vt 0.012362830340862274 0.5256211757659912
vt 0.010184220038354397 0.5228075981140137
vt 0.008245407603681087 0.5198237895965576
vt 0.008245407603681087 0.5198237895965576
vt 0.006559609901160002 0.5166900753974915
vt 0.005138397216796875 0.5134277939796448
vt 0.005138397216796875 0.5134277939796448
vt 0.003991425037384033 0.5100594162940979
vt 0.008245407603681087 0.5198237895965576
vt 0.003991425037384033 0.5100594162940979
vt 0.00312650203704834 0.506607711315155
vt 0.008245407603681087 0.5198237895965576
vt 0.00312650203704834 0.506607711315155
vt 0.002549587981775403 0.5030964016914368
vt 0.002264617942273617 0.4995492994785309
vt 0.002264617942273617 0.4995492994785309
vt 0.00227349903434515 0.49599090218544006
vt 0.00312650203704834 0.506607711315155
vt 0.00227349903434515 0.49599090218544006
vt 0.002576171886175871 0.4924454092979431
vt 0.00312650203704834 0.506607711315155
vt 0.002576171886175871 0.4924454092979431
vt 0.0031706090085208416 0.48893699049949646
vt 0.004052816890180111 0.48548969626426697
vt 0.004052816890180111 0.48548969626426697
vt 0.0052165980450809 0.48212701082229614
vt 0.006654142867773771 0.47887200117111206
vt 0.006654142867773771 0.47887200117111206
vt 0.00835555698722601 0.47574660181999207
vt 0.010309269651770592 0.4727725088596344
vt 0.010309269651770592 0.4727725088596344
vt 0.01250188983976841 0.46996989846229553
vt 0.014918499626219273 0.46735790371894836
vt 0.4708668887615204 0.013890559785068035
vt 0.47666430473327637 0.0097731351852417
vt 0.5291301012039185 0.016446229070425034
vt 0.5040426850318909 0.004103958141058683
vt 0.5109983086585999 0.005580544006079435
vt 0.48988041281700134 0.00465422822162509
vt 0.5109983086585999 0.005580544006079435
vt 0.5176160931587219 0.008181869052350521
vt 0.48988041281700134 0.00465422822162509
vt 0.5176160931587219 0.008181869052350521
vt 0.5237154960632324 0.011837000027298927
vt 0.5291301012039185 0.016446229070425034
vt 0.9825975894927979 0.47239458560943604
vt 0.986714780330658 0.47819191217422485
vt 0.9923841953277588 0.5055702924728394
vt 0.980194091796875 0.469770610332489
vt 0.9923841953277588 0.5055702924728394
vt 0.9800418019294739 0.5306578278541565
vt 0.9918338060379028 0.491408109664917
vt 0.9926958084106445 0.4984664022922516
vt 0.986714780330658 0.47819191217422485
vt 0.9926958084106445 0.4984664022922516
vt 0.9923841953277588 0.5055702924728394
vt 0.986714780330658 0.47819191217422485
vt 0.9923841953277588 0.5055702924728394
vt 0.990907609462738 0.5125260949134827
vt 0.9800418019294739 0.5306578278541565
vt 0.990907609462738 0.5125260949134827
vt 0.9883062243461609 0.5191438794136047
vt 0.9800418019294739 0.5306578278541565
vt 0.9883062243461609 0.5191438794136047
vt 0.9846510887145996 0.5252432823181152
vt 0.9800418019294739 0.5306578278541565
vt 0.524093508720398 0.9841253161430359
vt 0.5182960033416748 0.9882428050041199
vt 0.4658302068710327 0.9815695881843567
vt 0.4909175932407379 0.9939119815826416
vt 0.48396191000938416 0.9924352765083313
vt 0.5050799250602722 0.9933617115020752
vt 0.48396191000938416 0.9924352765083313
vt 0.4773440957069397 0.9898340106010437
vt 0.5050799250602722 0.9933617115020752
vt 0.4773440957069397 0.9898340106010437
vt 0.47124481201171875 0.9861788749694824
vt 0.4658302068710327 0.9815695881843567
vt 0.012362830340862274 0.5256211757659912
vt 0.008245407603681087 0.5198237895965576
vt 0.014918499626219273 0.46735790371894836
vt 0.002576171886175871 0.4924454092979431
vt 0.004052816890180111 0.48548969626426697
vt 0.014918499626219273 0.46735790371894836
vt 0.004052816890180111 0.48548969626426697
vt 0.006654142867773771 0.47887200117111206
vt 0.014918499626219273 0.46735790371894836
vt 0.006654142867773771 0.47887200117111206
vt 0.010309269651770592 0.4727725088596344
vt 0.014918499626219273 0.46735790371894836
vt 0.47666430473327637 0.0097731351852417
vt 0.48988041281700134 0.00465422822162509
vt 0.5176160931587219 0.008181869052350521
vt 0.5176160931587219 0.008181869052350521
vt 0.5291301012039185 0.016446229070425034
vt 0.47666430473327637 0.0097731351852417
vt 0.5182960033416748 0.9882428050041199
vt 0.5050799250602722 0.9933617115020752
vt 0.4658302068710327 0.9815695881843567
vt 0.4773440957069397 0.9898340106010437
vt 0.4658302068710327 0.9815695881843567
vt 0.5050799250602722 0.9933617115020752
vt 0.008245407603681087 0.5198237895965576
vt 0.00312650203704834 0.506607711315155
vt 0.014918499626219273 0.46735790371894836
vt 0.2325408011674881 0.085326187312603
vt 0.2325408011674881 0.12016390264034271
vt 0.1930122971534729 0.12016390264034271
vt 0.19966599345207214 0.09080296009778976
vt 0.19966599345207214 0.055965300649404526
vt 0.20201140642166138 0.05361992120742798
vt 0.19966599345207214 0.055965300649404526
vt 0.19967399537563324 0.05577164143323898
vt 0.20201140642166138 0.05361992120742798
vt 0.19967399537563324 0.05577164143323898
vt 0.19969800114631653 0.05557924136519432
vt 0.19973769783973694 0.05538951978087425
vt 0.19973769783973694 0.05538951978087425
vt 0.19979310035705566 0.05520372837781906
vt 0.19986359775066376 0.0550231896340847
vt 0.19986359775066376 0.0550231896340847
vt 0.19994869828224182 0.05484902113676071
vt 0.19973769783973694 0.05538951978087425
vt 0.19994869828224182 0.05484902113676071
vt 0.20004789531230927 0.05468248948454857
vt 0.19973769783973694 0.05538951978087425
vt 0.20004789531230927 0.05468248948454857
vt 0.20016059279441833 0.05452470853924751
vt 0.2002858966588974 0.05437678098678589
vt 0.2002858966588974 0.05437678098678589
vt 0.20042289793491364 0.05423973873257637
vt 0.20004789531230927 0.05468248948454857
vt 0.20042289793491364 0.05423973873257637
vt 0.20057080686092377 0.054114460945129395
vt 0.20004789531230927 0.05468248948454857
vt 0.20057080686092377 0.054114460945129395
vt 0.20072859525680542 0.05400180071592331
vt 0.20089510083198547 0.053902558982372284
vt 0.20089510083198547 0.053902558982372284
vt 0.2010692059993744 0.05381745100021362
vt 0.20124979317188263 0.053746990859508514
vt 0.20124979317188263 0.053746990859508514
vt 0.20143559575080872 0.05369168147444725
vt 0.20162540674209595 0.05365186184644699
vt 0.20162540674209595 0.05365186184644699
vt 0.20181779563426971 0.053627900779247284
vt 0.20201140642166138 0.05361992120742798
vt 0.20201140642166138 0.05361992120742798
vt 0.23684899508953094 0.05361992120742798
vt 0.19966599345207214 0.09080296009778976
vt 0.23684899508953094 0.05361992120742798
vt 0.23704269528388977 0.053627900779247284
vt 0.23869989812374115 0.05452470853924751
vt 0.19966599345207214 0.09080296009778976
vt 0.23684899508953094 0.05361992120742798
vt 0.23919449746608734 0.055965300649404526
vt 0.23704269528388977 0.053627900779247284
vt 0.23723509907722473 0.05365186184644699
vt 0.2374248057603836 0.05369168147444725
vt 0.2374248057603836 0.05369168147444725
vt 0.2376105934381485 0.053746990859508514
vt 0.23779119551181793 0.05381745100021362
vt 0.23779119551181793 0.05381745100021362
vt 0.2379654049873352 0.053902558982372284
vt 0.2374248057603836 0.05369168147444725
vt 0.2379654049873352 0.053902558982372284
vt 0.23813189566135406 0.05400180071592331
vt 0.2374248057603836 0.05369168147444725
vt 0.23813189566135406 0.05400180071592331
vt 0.2382896989583969 0.054114460945129395
vt 0.2384375035762787 0.05423973873257637
vt 0.2384375035762787 0.05423973873257637
vt 0.23857459425926208 0.05437678098678589
vt 0.23869989812374115 0.05452470853924751
vt 0.23869989812374115 0.05452470853924751
vt 0.23881259560585022 0.05468248948454857
vt 0.23891179263591766 0.05484902113676071
vt 0.23891179263591766 0.05484902113676071
vt 0.23899689316749573 0.0550231896340847
vt 0.23906730115413666 0.05520372837781906
vt 0.23906730115413666 0.05520372837781906
vt 0.23912270367145538 0.05538951978087425
vt 0.23916250467300415 0.05557924136519432
vt 0.23916250467300415 0.05557924136519432
vt 0.23918640613555908 0.05577164143323898
vt 0.23919449746608734 0.055965300649404526
vt 0.23919449746608734 0.055965300649404526
vt 0.23919449746608734 0.09080296009778976
vt 0.23684899508953094 0.09314841032028198
vt 0.23919449746608734 0.09080296009778976
vt 0.23918640613555908 0.09099668264389038
vt 0.23684899508953094 0.09314841032028198
vt 0.23918640613555908 0.09099668264389038
vt 0.23916250467300415 0.09118901938199997
vt 0.23912270367145538 0.09137874096632004
vt 0.23912270367145538 0.09137874096632004
vt 0.23906740546226501 0.09156452864408493
vt 0.23899689316749573 0.09174513071775436
vt 0.23899689316749573 0.09174513071775436
vt 0.23891179263591766 0.09191924333572388
vt 0.23912270367145538 0.09137874096632004
vt 0.23891179263591766 0.09191924333572388
vt 0.23881259560585022 0.09208577126264572
vt 0.23912270367145538 0.09137874096632004
vt 0.23881259560585022 0.09208577126264572
vt 0.23869989812374115 0.09224355220794678
vt 0.23857459425926208 0.0923914909362793
vt 0.23857459425926208 0.0923914909362793
vt 0.2384375035762787 0.0925285816192627
vt 0.23881259560585022 0.09208577126264572
vt 0.2384375035762787 0.0925285816192627
vt 0.23828959465026855 0.09265387058258057
vt 0.23881259560585022 0.09208577126264572
vt 0.23828959465026855 0.09265387058258057
vt 0.23813189566135406 0.09276645630598068
vt 0.2379654049873352 0.09286569803953171
vt 0.2379654049873352 0.09286569803953171
vt 0.23779119551181793 0.09295082092285156
vt 0.2376105934381485 0.09302133321762085
vt 0.2376105934381485 0.09302133321762085
vt 0.2374248057603836 0.09307663887739182
vt 0.23723509907722473 0.0931164026260376
vt 0.23723509907722473 0.0931164026260376
vt 0.23704269528388977 0.0931403636932373
vt 0.23684899508953094 0.09314841032028198
vt 0.23684899508953094 0.09314841032028198
vt 0.20201140642166138 0.09314841032028198
vt 0.23919449746608734 0.055965300649404526
vt 0.20201140642166138 0.09314841032028198
vt 0.20181779563426971 0.0931403636932373
vt 0.19966599345207214 0.09080296009778976
vt 0.23919449746608734 0.055965300649404526
vt 0.20201140642166138 0.09314841032028198
vt 0.19966599345207214 0.09080296009778976
vt 0.20181779563426971 0.0931403636932373
vt 0.20162540674209595 0.0931164026260376
vt 0.20143559575080872 0.09307663887739182
vt 0.20143559575080872 0.09307663887739182
vt 0.20124979317188263 0.09302133321762085
vt 0.20106929540634155 0.09295082092285156
vt 0.20106929540634155 0.09295082092285156
vt 0.20089510083198547 0.09286569803953171
vt 0.20143559575080872 0.09307663887739182
vt 0.20089510083198547 0.09286569803953171
vt 0.20072859525680542 0.09276645630598068
vt 0.20143559575080872 0.09307663887739182
vt 0.20072859525680542 0.09276645630598068
vt 0.20057080686092377 0.09265387058258057
vt 0.20042289793491364 0.0925285816192627
vt 0.20042289793491364 0.0925285816192627
vt 0.2002858966588974 0.0923914909362793
vt 0.20072859525680542 0.09276645630598068
vt 0.2002858966588974 0.0923914909362793
vt 0.20016059279441833 0.09224355220794678
vt 0.20072859525680542 0.09276645630598068
vt 0.20016059279441833 0.09224355220794678
vt 0.20004789531230927 0.09208577126264572
vt 0.19994869828224182 0.09191924333572388
vt 0.19994869828224182 0.09191924333572388
vt 0.19986359775066376 0.09174513071775436
vt 0.19979310035705566 0.09156452864408493
vt 0.19979310035705566 0.09156452864408493
vt 0.19973769783973694 0.09137874096632004
vt 0.19969800114631653 0.09118901938199997
vt 0.19969800114631653 0.09118901938199997
vt 0.19967399537563324 0.09099668264389038
vt 0.19966599345207214 0.09080296009778976
vt 0.19967399537563324 0.05577164143323898
vt 0.19973769783973694 0.05538951978087425
vt 0.20201140642166138 0.05361992120742798
vt 0.20057080686092377 0.054114460945129395
vt 0.20089510083198547 0.053902558982372284
vt 0.20004789531230927 0.05468248948454857
vt 0.20089510083198547 0.053902558982372284
vt 0.20124979317188263 0.053746990859508514
vt 0.20004789531230927 0.05468248948454857
vt 0.20124979317188263 0.053746990859508514
vt 0.20162540674209595 0.05365186184644699
vt 0.20201140642166138 0.05361992120742798
vt 0.23704269528388977 0.053627900779247284
vt 0.2374248057603836 0.05369168147444725
vt 0.23869989812374115 0.05452470853924751
vt 0.23684899508953094 0.05361992120742798
vt 0.23869989812374115 0.05452470853924751
vt 0.23919449746608734 0.055965300649404526
vt 0.23813189566135406 0.05400180071592331
vt 0.2384375035762787 0.05423973873257637
vt 0.2374248057603836 0.05369168147444725
vt 0.2384375035762787 0.05423973873257637
vt 0.23869989812374115 0.05452470853924751
vt 0.2374248057603836 0.05369168147444725
vt 0.23869989812374115 0.05452470853924751
vt 0.23891179263591766 0.05484902113676071
vt 0.23919449746608734 0.055965300649404526
vt 0.23891179263591766 0.05484902113676071
vt 0.23906730115413666 0.05520372837781906
vt 0.23919449746608734 0.055965300649404526
vt 0.23906730115413666 0.05520372837781906
vt 0.23916250467300415 0.05557924136519432
vt 0.23919449746608734 0.055965300649404526
vt 0.23918640613555908 0.09099668264389038
vt 0.23912270367145538 0.09137874096632004
vt 0.23684899508953094 0.09314841032028198
vt 0.23828959465026855 0.09265387058258057
vt 0.2379654049873352 0.09286569803953171
vt 0.23881259560585022 0.09208577126264572
vt 0.2379654049873352 0.09286569803953171
vt 0.2376105934381485 0.09302133321762085
vt 0.23881259560585022 0.09208577126264572
vt 0.2376105934381485 0.09302133321762085
vt 0.23723509907722473 0.0931164026260376
vt 0.23684899508953094 0.09314841032028198
vt 0.20181779563426971 0.0931403636932373
vt 0.20143559575080872 0.09307663887739182
vt 0.19966599345207214 0.09080296009778976
vt 0.20016059279441833 0.09224355220794678
vt 0.19994869828224182 0.09191924333572388
vt 0.19966599345207214 0.09080296009778976
vt 0.19994869828224182 0.09191924333572388
vt 0.19979310035705566 0.09156452864408493
vt 0.19966599345207214 0.09080296009778976
vt 0.19979310035705566 0.09156452864408493
vt 0.19969800114631653 0.09118901938199997
vt 0.19966599345207214 0.09080296009778976
vt 0.19973769783973694 0.05538951978087425
vt 0.20004789531230927 0.05468248948454857
vt 0.20124979317188263 0.053746990859508514
vt 0.20124979317188263 0.053746990859508514
vt 0.20201140642166138 0.05361992120742798
vt 0.19973769783973694 0.05538951978087425
vt 0.23912270367145538 0.09137874096632004
vt 0.23881259560585022 0.09208577126264572
vt 0.23684899508953094 0.09314841032028198
vt 0.2376105934381485 0.09302133321762085
vt 0.23684899508953094 0.09314841032028198
vt 0.23881259560585022 0.09208577126264572
vt 0.20143559575080872 0.09307663887739182
vt 0.20072859525680542 0.09276645630598068
vt 0.19966599345207214 0.09080296009778976
vt 0.19066689908504486 0.043452318757772446
vt 0.19066689908504486 0.08298081159591675
vt 0.1558292955160141 0.08298081159591675
vt 0.1139552965760231 0.085326187312603
vt 0.1139552965760231 0.08513253182172775
vt 0.1534837931394577 0.08513253182172775
vt 0.1139552965760231 0.08513253182172775
vt 0.1139552965760231 0.08494012802839279
vt 0.15348389744758606 0.08494018763303757
vt 0.1139552965760231 0.08494012802839279
vt 0.1139552965760231 0.0847504734992981
vt 0.1534837931394577 0.08475040644407272
vt 0.1139552965760231 0.0847504734992981
vt 0.1139552965760231 0.08456461876630783
vt 0.1534837931394577 0.08456461876630783
vt 0.1139552965760231 0.08456461876630783
vt 0.1139552965760231 0.08438407629728317
vt 0.1534837931394577 0.08438407629728317
vt 0.1139552965760231 0.08438407629728317
vt 0.1139552965760231 0.08420991152524948
vt 0.1534837931394577 0.08420991152524948
vt 0.1139552965760231 0.08420991152524948
vt 0.1139552965760231 0.08404338359832764
vt 0.1534837931394577 0.08404338359832764
vt 0.1139552965760231 0.08404338359832764
vt 0.1139552965760231 0.08388561010360718
vt 0.1534837931394577 0.08388561010360718
vt 0.1139552965760231 0.08388561010360718
vt 0.1139552965760231 0.08373773097991943
vt 0.1534837931394577 0.08373773097991943
vt 0.1139552965760231 0.08373773097991943
vt 0.1139552965760231 0.08298081159591675
vt 0.1534837931394577 0.08298081159591675
vt 0.1542406976222992 0.043452318757772446
vt 0.1543886959552765 0.043452318757772446
vt 0.1543886959552765 0.08298081159591675
vt 0.1543886959552765 0.043452318757772446
vt 0.15454639494419098 0.043452318757772446
vt 0.15454639494419098 0.08298081159591675
vt 0.15454639494419098 0.043452318757772446
vt 0.1547130048274994 0.043452318757772446
vt 0.1547130048274994 0.08298081159591675
vt 0.1547130048274994 0.043452318757772446
vt 0.1548870950937271 0.043452318757772446
vt 0.1548870950937271 0.08298081159591675
vt 0.1548870950937271 0.043452318757772446
vt 0.15506769716739655 0.043452318757772446
vt 0.15506769716739655 0.08298081159591675
vt 0.15506769716739655 0.043452318757772446
vt 0.15525349974632263 0.043452318757772446
vt 0.15525349974632263 0.08298081159591675
vt 0.15525349974632263 0.043452318757772446
vt 0.1554432064294815 0.043452318757772446
vt 0.1554432064294815 0.08298081159591675
vt 0.1554432064294815 0.043452318757772446
vt 0.1556355059146881 0.043452318757772446
vt 0.1556355059146881 0.08298081159591675
vt 0.1556355059146881 0.043452318757772446
vt 0.1558292955160141 0.043452318757772446
vt 0.1558292955160141 0.08298081159591675
vt 0.1930122971534729 0.085326187312603
vt 0.1930122971534729 0.08513253182172775
vt 0.2325408011674881 0.08513253182172775
vt 0.1930122971534729 0.08513253182172775
vt 0.1930122971534729 0.08494012802839279
vt 0.2325408011674881 0.08494018763303757
vt 0.1930122971534729 0.08494012802839279
vt 0.1930122971534729 0.0847504734992981
vt 0.2325408011674881 0.08475040644407272
vt 0.1930122971534729 0.0847504734992981
vt 0.1930122971534729 0.08456461876630783
vt 0.2325408011674881 0.08456461876630783
vt 0.1930122971534729 0.08456461876630783
vt 0.1930122971534729 0.08438407629728317
vt 0.2325408011674881 0.08438407629728317
vt 0.1930122971534729 0.08438407629728317
vt 0.1930122971534729 0.08420991152524948
vt 0.2325408011674881 0.08420991152524948
vt 0.1930122971534729 0.08420991152524948
vt 0.1930122971534729 0.08404338359832764
vt 0.2325408011674881 0.08404338359832764
vt 0.1930122971534729 0.08404338359832764
vt 0.1930122971534729 0.08388561010360718
vt 0.2325408011674881 0.08388561010360718
vt 0.1930122971534729 0.08388561010360718
vt 0.1930122971534729 0.08373773097991943
vt 0.2325408011674881 0.08373773097991943
vt 0.1930122971534729 0.08373773097991943
vt 0.1930122971534729 0.08298081159591675
vt 0.2325408011674881 0.08298081159591675
vt 0.1922553926706314 0.08298081159591675
vt 0.1921073943376541 0.08298081159591675
vt 0.1921073943376541 0.043452318757772446
vt 0.1921073943376541 0.08298081159591675
vt 0.19194969534873962 0.08298081159591675
vt 0.19194969534873962 0.043452318757772446
vt 0.19194969534873962 0.08298081159591675
vt 0.19178320467472076 0.08298081159591675
vt 0.19178320467472076 0.043452318757772446
vt 0.19178320467472076 0.08298081159591675
vt 0.1916089951992035 0.08298081159591675
vt 0.1916089951992035 0.043452318757772446
vt 0.1916089951992035 0.08298081159591675
vt 0.19142839312553406 0.08298081159591675
vt 0.19142839312553406 0.043452318757772446
vt 0.19142839312553406 0.08298081159591675
vt 0.19124260544776917 0.08298081159591675
vt 0.19124260544776917 0.043452318757772446
vt 0.19124260544776917 0.08298081159591675
vt 0.1910528987646103 0.08298081159591675
vt 0.1910528987646103 0.043452318757772446
vt 0.1910528987646103 0.08298081159591675
vt 0.1908605992794037 0.08298081159591675
vt 0.1908605992794037 0.043452318757772446
vt 0.1908605992794037 0.08298081159591675
vt 0.19066689908504486 0.08298081159591675
vt 0.19066689908504486 0.043452318757772446
vt 0.1534837931394577 0.12016390264034271
vt 0.1534837931394577 0.12035749852657318
vt 0.11395540088415146 0.12035749852657318
vt 0.1534837931394577 0.12035749852657318
vt 0.1534837931394577 0.12054990231990814
vt 0.11395540088415146 0.12054990231990814
vt 0.1534837931394577 0.12054990231990814
vt 0.1534837931394577 0.12073960155248642
vt 0.1139552965760231 0.12073960155248642
vt 0.1534837931394577 0.12073960155248642
vt 0.1534837931394577 0.12092539668083191
vt 0.1139552965760231 0.12092539668083191
vt 0.1534837931394577 0.12092539668083191
vt 0.1534837931394577 0.12110599875450134
vt 0.1139552965760231 0.12110599875450134
vt 0.1534837931394577 0.12110599875450134
vt 0.1534837931394577 0.12128009647130966
vt 0.1139552965760231 0.12128009647130966
vt 0.1534837931394577 0.12128009647130966
vt 0.1534837931394577 0.12144669890403748
vt 0.1139552965760231 0.12144669890403748
vt 0.1534837931394577 0.12144669890403748
vt 0.1534837931394577 0.12160450220108032
vt 0.1139552965760231 0.12160450220108032
vt 0.1534837931394577 0.12160450220108032
vt 0.1534837931394577 0.12175240367650986
vt 0.1139552965760231 0.12175240367650986
vt 0.1534837931394577 0.12175240367650986
vt 0.1534837931394577 0.12250930070877075
vt 0.1139552965760231 0.12250930070877075
vt 0.1542406976222992 0.12250930070877075
vt 0.1543886959552765 0.12250930070877075
vt 0.1543886959552765 0.1620377004146576
vt 0.1543886959552765 0.12250930070877075
vt 0.15454639494419098 0.12250930070877075
vt 0.15454639494419098 0.1620377004146576
vt 0.15454639494419098 0.12250930070877075
vt 0.1547130048274994 0.12250930070877075
vt 0.1547130048274994 0.1620377004146576
vt 0.1547130048274994 0.12250930070877075
vt 0.1548870950937271 0.12250930070877075
vt 0.1548870950937271 0.1620377004146576
vt 0.1548870950937271 0.12250930070877075
vt 0.15506769716739655 0.12250930070877075
vt 0.15506769716739655 0.1620377004146576
vt 0.15506769716739655 0.12250930070877075
vt 0.15525349974632263 0.12250930070877075
vt 0.15525349974632263 0.1620377004146576
vt 0.15525349974632263 0.12250930070877075
vt 0.1554432064294815 0.12250930070877075
vt 0.1554432064294815 0.1620377004146576
vt 0.1554432064294815 0.12250930070877075
vt 0.1556355059146881 0.12250930070877075
vt 0.1556355059146881 0.1620377004146576
vt 0.1556355059146881 0.12250930070877075
vt 0.1558292955160141 0.12250930070877075
vt 0.1558292955160141 0.1620377004146576
vt 0.2325408011674881 0.12016390264034271
vt 0.2325408011674881 0.12035749852657318
vt 0.1930122971534729 0.12035749852657318
vt 0.2325408011674881 0.12035749852657318
vt 0.2325408011674881 0.12054990231990814
vt 0.1930122971534729 0.12054990231990814
vt 0.2325408011674881 0.12054990231990814
vt 0.2325408011674881 0.12073960155248642
vt 0.1930122971534729 0.12073960155248642
vt 0.2325408011674881 0.12073960155248642
vt 0.2325408011674881 0.12092539668083191
vt 0.1930122971534729 0.12092539668083191
vt 0.2325408011674881 0.12092539668083191
vt 0.2325408011674881 0.12110599875450134
vt 0.1930122971534729 0.12110599875450134
vt 0.2325408011674881 0.12110599875450134
vt 0.2325408011674881 0.12128009647130966
vt 0.1930122971534729 0.12128009647130966
vt 0.2325408011674881 0.12128009647130966
vt 0.2325408011674881 0.12144669890403748
vt 0.1930122971534729 0.12144669890403748
vt 0.2325408011674881 0.12144669890403748
vt 0.2325408011674881 0.12160450220108032
vt 0.1930122971534729 0.12160450220108032
vt 0.2325408011674881 0.12160450220108032
vt 0.2325408011674881 0.12175240367650986
vt 0.1930122971534729 0.12175240367650986
vt 0.2325408011674881 0.12175240367650986
vt 0.2325408011674881 0.12250930070877075
vt 0.1930122971534729 0.12250930070877075
vt 0.1922553926706314 0.1620377004146576
vt 0.1921073943376541 0.1620377004146576
vt 0.1921073943376541 0.12250930070877075
vt 0.1921073943376541 0.1620377004146576
vt 0.19194969534873962 0.1620377004146576
vt 0.19194969534873962 0.12250930070877075
vt 0.19194969534873962 0.1620377004146576
vt 0.19178320467472076 0.1620377004146576
vt 0.19178320467472076 0.12250930070877075
vt 0.19178320467472076 0.1620377004146576
vt 0.1916089951992035 0.1620377004146576
vt 0.1916089951992035 0.12250930070877075
vt 0.1916089951992035 0.1620377004146576
vt 0.19142839312553406 0.1620377004146576
vt 0.19142839312553406 0.12250930070877075
vt 0.19142839312553406 0.1620377004146576
vt 0.19124260544776917 0.1620377004146576
vt 0.19124260544776917 0.12250930070877075
vt 0.19124260544776917 0.1620377004146576
vt 0.1910528987646103 0.1620377004146576
vt 0.1910528987646103 0.12250930070877075
vt 0.1910528987646103 0.1620377004146576
vt 0.1908605992794037 0.1620377004146576
vt 0.1908605992794037 0.12250930070877075
vt 0.1908605992794037 0.1620377004146576
vt 0.19066689908504486 0.1620377004146576
vt 0.19066689908504486 0.12250930070877075
vt 0.1534837931394577 0.085326187312603
vt 0.1534837931394577 0.12016390264034271
vt 0.1139552965760231 0.12016390264034271
usemtl Material.001
f 1/1/1 2/2/2 3/3/3
f 4/4/4 5/5/5 6/6/6
f 7/7/7 8/8/8 9/9/9
f 10/10/10 11/11/11 12/12/12
f 13/13/13 14/14/14 15/15/15
f 16/16/16 17/17/17 18/18/18
f 19/19/19 20/20/20 21/21/21
f 22/22/22 23/23/23 24/24/24
f 25/25/25 26/26/26 27/27/27
f 28/28/28 29/29/29 30/30/30
f 31/31/31 32/32/32 33/33/33
f 34/34/34 35/35/35 36/36/36
f 37/37/37 38/38/38 39/39/39
f 40/40/40 41/41/41 42/42/42
f 43/43/43 44/44/44 45/45/45
f 46/46/46 47/47/47 48/48/48
f 49/49/49 50/50/50 51/51/51
f 52/52/52 53/53/53 54/54/54
f 55/55/55 56/56/56 57/57/57
f 58/58/58 59/59/59 60/60/60
f 61/61/61 62/62/62 63/63/63
f 64/64/64 65/65/65 66/66/66
f 67/67/67 68/68/68 69/69/69
f 70/70/70 71/71/71 72/72/72
f 73/73/73 74/74/74 75/75/75
f 76/76/76 77/77/77 78/78/78
f 79/79/79 80/80/80 81/81/81
f 82/82/82 83/83/83 84/84/84
f 85/85/85 86/86/86 87/87/87
f 88/88/88 89/89/89 90/90/90
f 91/91/91 92/92/92 93/93/93
f 94/94/94 95/95/95 96/96/96
f 97/97/97 98/98/98 99/99/99
f 100/100/100 101/101/101 102/102/102
f 103/103/103 104/104/104 105/105/105
f 106/106/106 107/107/107 108/108/108
f 109/109/109 110/110/110 111/111/111
f 112/112/112 113/113/113 114/114/114
f 115/115/115 116/116/116 117/117/117
f 118/118/118 119/119/119 120/120/120
f 121/121/121 122/122/122 123/123/123
f 124/124/124 125/125/125 126/126/126
f 127/127/127 128/128/128 129/129/129
f 130/130/130 131/131/131 132/132/132
f 133/133/133 134/134/134 135/135/135
f 136/136/136 137/137/137 138/138/138
f 139/139/139 140/140/140 141/141/141
f 142/142/142 143/143/143 144/144/144
f 145/145/145 146/146/146 147/147/147
f 148/148/148 149/149/149 150/150/150
f 151/151/151 152/152/152 153/153/153
f 154/154/154 155/155/155 156/156/156
f 157/157/157 158/158/158 159/159/159
f 160/160/160 161/161/161 162/162/162
f 163/163/163 164/164/164 165/165/165
f 166/166/166 167/167/167 168/168/168
f 169/169/169 170/170/170 171/171/171
f 172/172/172 173/173/173 174/174/174
f 175/175/175 176/176/176 177/177/177
f 178/178/178 179/179/179 180/180/180
f 181/181/181 182/182/182 183/183/183
f 184/184/184 185/185/185 186/186/186
f 187/187/187 188/188/188 189/189/189
f 190/190/190 191/191/191 192/192/192
f 193/193/193 194/194/194 195/195/195
f 196/196/196 197/197/197 198/198/198
f 199/199/199 200/200/200 201/201/201
f 202/202/202 203/203/203 204/204/204
f 205/205/205 206/206/206 207/207/207
f 208/208/208 209/209/209 210/210/210
f 211/211/211 212/212/212 213/213/213
f 214/214/214 215/215/215 216/216/216
f 217/217/217 218/218/218 219/219/219
f 220/220/220 221/221/221 222/222/222
f 223/223/223 224/224/224 225/225/225
f 226/226/226 227/227/227 228/228/228
f 229/229/229 230/230/230 231/231/231
f 232/232/232 233/233/233 234/234/234
f 235/235/235 236/236/236 237/237/237
f 238/238/238 239/239/239 240/240/240
f 241/241/241 242/242/242 243/243/243
f 244/244/244 245/245/245 246/246/246
f 247/247/247 248/248/248 249/249/249
f 250/250/250 251/251/251 252/252/252
f 253/253/253 254/254/254 255/255/255
f 256/256/256 257/257/257 258/258/258
f 259/259/259 260/260/260 261/261/261
f 262/262/262 263/263/263 264/264/264
f 265/265/265 266/266/266 267/267/267
f 268/268/268 269/269/269 270/270/270
f 271/271/271 272/272/272 273/273/273
f 274/274/274 275/275/275 276/276/276
f 277/277/277 278/278/278 279/279/279
f 280/280/280 281/281/281 282/282/282
f 283/283/283 284/284/284 285/285/285
f 286/286/286 287/287/287 288/288/288
f 289/289/289 290/290/290 291/291/291
f 292/292/292 293/293/293 294/294/294
f 295/295/295 296/296/296 297/297/297
f 298/298/298 299/299/299 300/300/300
f 301/301/301 302/302/302 303/303/303
f 304/304/304 305/305/305 306/306/306
f 307/307/307 308/308/308 309/309/309
f 310/310/310 311/311/311 312/312/312
f 313/313/313 314/314/314 315/315/315
f 316/316/316 317/317/317 318/318/318
f 319/319/319 320/320/320 321/321/321
f 322/322/322 323/323/323 324/324/324
f 325/325/325 326/326/326 327/327/327
f 328/328/328 329/329/329 330/330/330
f 331/331/331 332/332/332 333/333/333
f 334/334/334 335/335/335 336/336/336
f 337/337/337 338/338/338 339/339/339
f 340/340/340 341/341/341 342/342/342
f 343/343/343 344/344/344 345/345/345
f 346/346/346 347/347/347 348/348/348
f 349/349/349 350/350/350 351/351/351
f 352/352/352 353/353/353 354/354/354
f 355/355/355 356/356/356 357/357/357
f 358/358/358 359/359/359 360/360/360
f 361/361/361 362/362/362 363/363/363
f 364/364/364 365/365/365 366/366/366
f 367/367/367 368/368/368 369/369/369
f 370/370/370 371/371/371 372/372/372
f 373/373/373 374/374/374 375/375/375
f 376/376/376 377/377/377 378/378/378
f 379/379/379 380/380/380 381/381/381
f 382/382/382 383/383/383 384/384/384
f 385/385/385 386/386/386 387/387/387
f 388/388/388 389/389/389 390/390/390
f 391/391/391 392/392/392 393/393/393
f 394/394/394 395/395/395 396/396/396
f 397/397/397 398/398/398 399/399/399
f 400/400/400 401/401/401 402/402/402
f 403/403/403 404/404/404 405/405/405
f 406/406/406 407/407/407 408/408/408
f 409/409/409 410/410/410 411/411/411
f 412/412/412 413/413/413 414/414/414
f 415/415/415 416/416/416 417/417/417
f 418/418/418 419/419/419 420/420/420
f 421/421/421 422/422/422 423/423/423
f 424/424/424 425/425/425 426/426/426
f 427/427/427 428/428/428 429/429/429
f 430/430/430 431/431/431 432/432/432
f 433/433/433 434/434/434 435/435/435
f 436/436/436 437/437/437 438/438/438
f 439/439/439 440/440/440 441/441/441
f 442/442/442 443/443/443 444/444/444
f 445/445/445 446/446/446 447/447/447
f 448/448/448 449/449/449 450/450/450
f 451/451/451 452/452/452 453/453/453
f 454/454/454 455/455/455 456/456/456
f 457/457/457 458/458/458 459/459/459
f 460/460/460 461/461/461 462/462/462
f 463/463/463 464/464/464 465/465/465
f 466/466/466 467/467/467 468/468/468
f 469/469/469 470/470/470 471/471/471
f 472/472/472 473/473/473 474/474/474
f 475/475/475 476/476/476 477/477/477
f 478/478/478 479/479/479 480/480/480
f 481/481/481 482/482/482 483/483/483
f 484/484/484 485/485/485 486/486/486
f 487/487/487 488/488/488 489/489/489
f 490/490/490 491/491/491 492/492/492
f 493/493/493 494/494/494 495/495/495
f 496/496/496 497/497/497 498/498/498
f 499/499/499 500/500/500 501/501/501
f 502/502/502 503/503/503 504/504/504
f 505/505/505 506/506/506 507/507/507
f 508/508/508 509/509/509 510/510/510
f 511/511/511 512/512/512 513/513/513
f 514/514/514 515/515/515 516/516/516
f 517/517/517 518/518/518 519/519/519
f 520/520/520 521/521/521 522/522/522
f 523/523/523 524/524/524 525/525/525
f 526/526/526 527/527/527 528/528/528
f 529/529/529 530/530/530 531/531/531
f 532/532/532 533/533/533 534/534/534
f 535/535/535 536/536/536 537/537/537
f 538/538/538 539/539/539 540/540/540
f 541/541/541 542/542/542 543/543/543
f 544/544/544 545/545/545 546/546/546
f 547/547/547 548/548/548 549/549/549
f 550/550/550 551/551/551 552/552/552
f 553/553/553 554/554/554 555/555/555
f 556/556/556 557/557/557 558/558/558
f 559/559/559 560/560/560 561/561/561
f 562/562/562 563/563/563 564/564/564
f 565/565/565 566/566/566 567/567/567
f 568/568/568 569/569/569 570/570/570
f 571/571/571 572/572/572 573/573/573
f 574/574/574 575/575/575 576/576/576
f 577/577/577 578/578/578 579/579/579
f 580/580/580 581/581/581 582/582/582
f 583/583/583 584/584/584 585/585/585
f 586/586/586 587/587/587 588/588/588
f 589/589/589 590/590/590 591/591/591
f 592/592/592 593/593/593 594/594/594
f 595/595/595 596/596/596 597/597/597
f 598/598/598 599/599/599 600/600/600
f 601/601/601 602/602/602 603/603/603
f 604/604/604 605/605/605 606/606/606
f 607/607/607 608/608/608 609/609/609
f 610/610/610 611/611/611 612/612/612
f 613/613/613 614/614/614 615/615/615
f 616/616/616 617/617/617 618/618/618
f 619/619/619 620/620/620 621/621/621
f 622/622/622 623/623/623 624/624/624
f 625/625/625 626/626/626 627/627/627
f 628/628/628 629/629/629 630/630/630
f 631/631/631 632/632/632 633/633/633
f 634/634/634 635/635/635 636/636/636
f 637/637/637 638/638/638 639/639/639
f 640/640/640 641/641/641 642/642/642
f 643/643/643 644/644/644 645/645/645
f 646/646/646 647/647/647 648/648/648
f 649/649/649 650/650/650 651/651/651
f 652/652/652 653/653/653 654/654/654
f 655/655/655 656/656/656 657/657/657
f 658/658/658 659/659/659 660/660/660
f 661/661/661 662/662/662 663/663/663
f 664/664/664 665/665/665 666/666/666
f 667/667/667 668/668/668 669/669/669
f 670/670/670 671/671/671 672/672/672
f 673/673/673 674/674/674 675/675/675
f 676/676/676 677/677/677 678/678/678
f 679/679/679 680/680/680 681/681/681
f 682/682/682 683/683/683 684/684/684
f 685/685/685 686/686/686 687/687/687
f 688/688/688 689/689/689 690/690/690
f 691/691/691 692/692/692 693/693/693
f 694/694/694 695/695/695 696/696/696
f 697/697/697 698/698/698 699/699/699
f 700/700/700 701/701/701 702/702/702
f 703/703/703 704/704/704 705/705/705
f 706/706/706 707/707/707 708/708/708
f 709/709/709 710/710/710 711/711/711
f 712/712/712 713/713/713 714/714/714
f 715/715/715 716/716/716 717/717/717
f 718/718/718 719/719/719 720/720/720
f 721/721/721 722/722/722 723/723/723
f 724/724/724 725/725/725 726/726/726
f 727/727/727 728/728/728 729/729/729
f 730/730/730 731/731/731 732/732/732
f 733/733/733 734/734/734 735/735/735
f 736/736/736 737/737/737 738/738/738
f 739/739/739 740/740/740 741/741/741
f 742/742/742 743/743/743 744/744/744
f 745/745/745 746/746/746 747/747/747
f 748/748/748 749/749/749 750/750/750
f 751/751/751 752/752/752 753/753/753
f 754/754/754 755/755/755 756/756/756
f 757/757/757 758/758/758 759/759/759
f 760/760/760 761/761/761 762/762/762
f 763/763/763 764/764/764 765/765/765
f 766/766/766 767/767/767 768/768/768
f 769/769/769 770/770/770 771/771/771
f 772/772/772 773/773/773 774/774/774
f 775/775/775 776/776/776 777/777/777
f 778/778/778 779/779/779 780/780/780
f 781/781/781 782/782/782 783/783/783
f 784/784/784 785/785/785 786/786/786
f 787/787/787 788/788/788 789/789/789
f 790/790/790 791/791/791 792/792/792
f 793/793/793 794/794/794 795/795/795
f 796/796/796 797/797/797 798/798/798
f 799/799/799 800/800/800 801/801/801
f 802/802/802 803/803/803 804/804/804
f 805/805/805 806/806/806 807/807/807
f 808/808/808 809/809/809 810/810/810
f 811/811/811 812/812/812 813/813/813
f 814/814/814 815/815/815 816/816/816
f 817/817/817 818/818/818 819/819/819
f 820/820/820 821/821/821 822/822/822
f 823/823/823 824/824/824 825/825/825
f 826/826/826 827/827/827 828/828/828
f 829/829/829 830/830/830 831/831/831
f 832/832/832 833/833/833 834/834/834
f 835/835/835 836/836/836 837/837/837
f 838/838/838 839/839/839 840/840/840
f 841/841/841 842/842/842 843/843/843
f 844/844/844 845/845/845 846/846/846
f 847/847/847 848/848/848 849/849/849
f 850/850/850 851/851/851 852/852/852
f 853/853/853 854/854/854 855/855/855
f 856/856/856 857/857/857 858/858/858
f 859/859/859 860/860/860 861/861/861
f 862/862/862 863/863/863 864/864/864
f 865/865/865 866/866/866 867/867/867
f 868/868/868 869/869/869 870/870/870
f 871/871/871 872/872/872 873/873/873
f 874/874/874 875/875/875 876/876/876
f 877/877/877 878/878/878 879/879/879
f 880/880/880 881/881/881 882/882/882
f 883/883/883 884/884/884 885/885/885
f 886/886/886 887/887/887 888/888/888
f 889/889/889 890/890/890 891/891/891
f 892/892/892 893/893/893 894/894/894
f 895/895/895 896/896/896 897/897/897
f 898/898/898 899/899/899 900/900/900
f 901/901/901 902/902/902 903/903/903
f 904/904/904 905/905/905 906/906/906
f 907/907/907 908/908/908 909/909/909
f 910/910/910 911/911/911 912/912/912
f 913/913/913 914/914/914 915/915/915
f 916/916/916 917/917/917 918/918/918
f 919/919/919 920/920/920 921/921/921
f 922/922/922 923/923/923 924/924/924
f 925/925/925 926/926/926 927/927/927
f 928/928/928 929/929/929 930/930/930
f 931/931/931 932/932/932 933/933/933
f 934/934/934 935/935/935 936/936/936
f 937/937/937 938/938/938 939/939/939
f 940/940/940 941/941/941 942/942/942
f 943/943/943 944/944/944 945/945/945
f 946/946/946 947/947/947 948/948/948
