4.7500 3.0860 -1.5598
4.7514 3.0609 -1.5581
4.7526 3.0358 -1.5566
4.7537 3.0107 -1.5553
4.7548 2.9856 -1.5541
4.7557 2.9604 -1.5531
4.7565 2.9353 -1.5522
4.7572 2.9102 -1.5515
4.7578 2.8851 -1.5510
4.7583 2.8600 -1.5507
4.7587 2.8349 -1.5505
4.7591 2.8098 -1.5505
4.7594 2.7847 -1.5507
4.7597 2.7596 -1.5511
4.7598 2.7345 -1.5517
4.7600 2.7094 -1.5524
4.7601 2.6843 -1.5533
4.7601 2.6592 -1.5545
4.7602 2.6341 -1.5558
4.7601 2.6090 -1.5573
4.7601 2.5839 -1.5590
4.7601 2.5587 -1.5608
4.7600 2.5336 -1.5629
4.7600 2.5085 -1.5651
4.7599 2.4834 -1.5676
4.7599 2.4583 -1.5702
4.7599 2.4332 -1.5730
4.7599 2.4080 -1.5758
4.7599 2.3829 -1.5784
4.7599 2.3578 -1.5807
4.7600 2.3327 -1.5828
4.7601 2.3075 -1.5846
4.7603 2.2824 -1.5862
4.7605 2.2572 -1.5876
4.7607 2.2321 -1.5888
4.7608 2.2070 -1.5897
4.7610 2.1818 -1.5903
4.7612 2.1567 -1.5908
4.7613 2.1316 -1.5910
4.7613 2.1065 -1.5909
4.7613 2.0813 -1.5906
4.7612 2.0562 -1.5901
4.7611 2.0311 -1.5894
4.7608 2.0061 -1.5884
4.7605 1.9810 -1.5872
4.7600 1.9559 -1.5858
4.7594 1.9309 -1.5841
4.7587 1.9058 -1.5822
4.7579 1.8808 -1.5802
4.7571 1.8558 -1.5779
4.7562 1.8307 -1.5753
4.7553 1.8057 -1.5726
4.7544 1.7806 -1.5697
4.7535 1.7555 -1.5670
4.7527 1.7304 -1.5652
4.7520 1.7053 -1.5640
4.7513 1.6802 -1.5637
4.7507 1.6550 -1.5640
4.7503 1.6298 -1.5651
4.7501 1.6045 -1.5670
4.7500 1.5792 -1.5696
4.7500 1.5539 -1.5729
4.7502 1.5285 -1.5771
4.7504 1.5032 -1.5820
4.7507 1.4779 -1.5878
4.7509 1.4526 -1.5943
4.7511 1.4274 -1.6018
4.7512 1.4023 -1.6101
4.7511 1.3774 -1.6194
4.7509 1.3526 -1.6296
4.7503 1.3279 -1.6409
4.7496 1.3034 -1.6532
4.7484 1.2791 -1.6667
4.7470 1.2551 -1.6813
4.7451 1.2312 -1.6972
4.7427 1.2077 -1.7144
4.7399 1.1844 -1.7330
4.7365 1.1615 -1.7530
4.7325 1.1389 -1.7746
4.7279 1.1166 -1.7997
4.7226 1.0947 -1.8302
4.7166 1.0732 -1.8662
4.7098 1.0522 -1.9077
4.7022 1.0315 -1.9548
4.6938 1.0113 -2.0072
4.6845 0.9916 -2.0645
4.6743 0.9724 -2.1260
4.6630 0.9538 -2.1909
4.6508 0.9357 -2.2583
4.6375 0.9181 -2.3269
4.6230 0.9011 -2.3956
4.6074 0.8848 -2.4633
4.5907 0.8690 -2.5252
4.5726 0.8540 -2.5786
4.5533 0.8396 -2.6249
4.5327 0.8258 -2.6658
4.5107 0.8129 -2.7022
4.4872 0.8006 -2.7351
4.4624 0.7891 -2.7652
4.4360 0.7784 -2.7993
4.4080 0.7685 -2.8415
4.3785 0.7594 -2.8879
4.3473 0.7512 -2.9346
4.3145 0.7438 -2.9785
4.2799 0.7373 -3.0177
4.2436 0.7317 -3.0484
4.2055 0.7271 -3.0707
4.1655 0.7234 -3.0877
4.1236 0.7207 -3.1011
4.0798 0.7189 -3.1122
4.0340 0.7182 -3.1217
3.9861 0.7186 -3.1301
3.9362 0.7200 -3.1381
3.8842 0.7224 -3.1457
3.8300 0.7260 -3.1524
3.8049 0.7256 -3.1575
3.7797 0.7252 -3.1606
3.7546 0.7249 -3.1608
3.7294 0.7247 -3.1580
3.7043 0.7245 -3.1539
3.6791 0.7244 -3.1503
3.6540 0.7244 -3.1474
3.6288 0.7244 -3.1452
3.6036 0.7245 -3.1437
3.5785 0.7246 -3.1429
3.5533 0.7248 -3.1428
3.5281 0.7250 -3.1435
3.5030 0.7253 -3.1449
3.4778 0.7256 -3.1471
3.4526 0.7260 -3.1500
3.4274 0.7264 -3.1537
3.4023 0.7268 -3.1581
3.3771 0.7273 -3.1627
3.3519 0.7278 -3.1670
3.3267 0.7284 -3.1708
3.3015 0.7289 -3.1744
3.2764 0.7296 -3.1776
3.2512 0.7302 -3.1805
3.2260 0.7309 -3.1830
3.2008 0.7316 -3.1853
3.1756 0.7323 -3.1872
3.1504 0.7330 -3.1888
3.1253 0.7338 -3.1901
3.1001 0.7346 -3.1910
3.0749 0.7354 -3.1917
3.0497 0.7362 -3.1920
3.0245 0.7370 -3.1920
2.9993 0.7378 -3.1918
2.9741 0.7386 -3.1912
2.9490 0.7395 -3.1903
2.9238 0.7403 -3.1891
2.8986 0.7412 -3.1876
2.8734 0.7420 -3.1858
2.8482 0.7429 -3.1836
2.8230 0.7437 -3.1812
2.7979 0.7445 -3.1784
2.7727 0.7454 -3.1754
2.7475 0.7462 -3.1719
2.7223 0.7470 -3.1685
2.6972 0.7478 -3.1651
2.6720 0.7486 -3.1619
2.6468 0.7493 -3.1588
2.6217 0.7501 -3.1559
2.5965 0.7508 -3.1531
2.5713 0.7515 -3.1504
2.5462 0.7522 -3.1479
2.5210 0.7528 -3.1455
2.4959 0.7534 -3.1433
2.4707 0.7540 -3.1413
2.4456 0.7546 -3.1393
2.4204 0.7551 -3.1376
2.3953 0.7556 -3.1360
2.3701 0.7560 -3.1345
2.3450 0.7564 -3.1332
2.3199 0.7568 -3.1320
2.2947 0.7571 -3.1310
2.2696 0.7574 -3.1301
2.2445 0.7577 -3.1294
2.2194 0.7578 -3.1288
2.1943 0.7580 -3.1284
2.1692 0.7581 -3.1282
2.1441 0.7581 -3.1280
2.1190 0.7580 -3.1281
2.0939 0.7580 -3.1283
2.0688 0.7578 -3.1286
2.0437 0.7576 -3.1291
2.0186 0.7573 -3.1298
1.9935 0.7570 -3.1306
1.9685 0.7566 -3.1316
1.9434 0.7561 -3.1327
1.9183 0.7555 -3.1339
1.8933 0.7549 -3.1353
1.8682 0.7542 -3.1369
1.8432 0.7535 -3.1386
1.8181 0.7528 -3.1404
1.7930 0.7520 -3.1424
1.7679 0.7513 -3.1446
1.7428 0.7505 -3.1469
1.7177 0.7497 -3.1493
1.6925 0.7490 -3.1519
1.6673 0.7483 -3.1546
1.6421 0.7477 -3.1574
1.6168 0.7471 -3.1604
1.5916 0.7465 -3.1636
1.5662 0.7461 -3.1668
1.5408 0.7457 -3.1702
1.5154 0.7455 -3.1738
1.4900 0.7455 -3.1775
1.4646 0.7457 -3.1813
1.4392 0.7463 -3.1852
1.4138 0.7472 -3.1910
1.3885 0.7486 -3.2005
1.3633 0.7505 -3.2136
1.3382 0.7529 -3.2304
1.3132 0.7560 -3.2511
1.2883 0.7597 -3.2756
1.2635 0.7642 -3.3041
1.2390 0.7694 -3.3367
1.2146 0.7756 -3.3734
1.1904 0.7826 -3.4143
1.1664 0.7907 -3.4593
1.1427 0.7997 -3.5083
1.1193 0.8097 -3.5611
1.0963 0.8207 -3.6174
1.0736 0.8325 -3.6737
1.0514 0.8452 -3.7269
1.0296 0.8588 -3.7774
1.0084 0.8733 -3.8254
0.9878 0.8885 -3.8712
0.9677 0.9045 -3.9150
0.9484 0.9212 -3.9573
0.9297 0.9387 -3.9982
0.9118 0.9569 -4.0382
0.8947 0.9757 -4.0773
0.8784 0.9952 -4.1161
0.8631 1.0153 -4.1546
0.8486 1.0359 -4.1933
0.8350 1.0571 -4.2319
0.8223 1.0789 -4.2695
0.8105 1.1011 -4.3061
0.7994 1.1238 -4.3415
0.7892 1.1469 -4.3755
0.7797 1.1704 -4.4082
0.7710 1.1942 -4.4392
0.7630 1.2184 -4.4687
0.7558 1.2429 -4.4965
0.7492 1.2677 -4.5226
0.7434 1.2926 -4.5470
0.7382 1.3178 -4.5696
0.7336 1.3432 -4.5905
0.7296 1.3687 -4.6097
0.7263 1.3943 -4.6271
0.7235 1.4199 -4.6428
0.7212 1.4456 -4.6569
0.7195 1.4714 -4.6693
0.7183 1.4971 -4.6800
0.7176 1.5227 -4.6891
0.7174 1.5483 -4.6966
0.7176 1.5737 -4.7025
0.7183 1.5991 -4.7068
0.7193 1.6242 -4.7095
0.7208 1.6491 -4.7107
0.7226 1.6738 -4.7102
0.7247 1.6982 -4.7092
0.7272 1.7222 -4.7083
0.7300 1.7460 -4.7076
0.7306 1.7712 -4.7072
0.7311 1.7965 -4.7070
0.7315 1.8216 -4.7070
0.7318 1.8468 -4.7072
0.7319 1.8720 -4.7077
0.7320 1.8971 -4.7083
0.7320 1.9222 -4.7092
0.7319 1.9473 -4.7103
0.7318 1.9724 -4.7116
0.7316 1.9975 -4.7132
0.7313 2.0226 -4.7150
0.7310 2.0477 -4.7170
0.7307 2.0727 -4.7192
0.7304 2.0978 -4.7216
0.7300 2.1228 -4.7243
0.7297 2.1479 -4.7272
0.7294 2.1730 -4.7304
0.7290 2.1980 -4.7337
0.7287 2.2231 -4.7373
0.7285 2.2482 -4.7412
0.7283 2.2732 -4.7452
0.7281 2.2983 -4.7495
0.7280 2.3234 -4.7541
0.7280 2.3486 -4.7583
0.7280 2.3737 -4.7615
0.7282 2.3988 -4.7639
0.7284 2.4240 -4.7652
0.7288 2.4492 -4.7657
0.7292 2.4744 -4.7652
0.7298 2.4996 -4.7638
0.7306 2.5249 -4.7614
0.7314 2.5502 -4.7581
0.7323 2.5755 -4.7538
0.7333 2.6008 -4.7487
0.7343 2.6260 -4.7426
0.7354 2.6513 -4.7356
0.7364 2.6765 -4.7278
0.7373 2.7018 -4.7190
0.7382 2.7269 -4.7094
0.7389 2.7520 -4.6990
0.7396 2.7771 -4.6877
0.7400 2.8021 -4.6757
0.7403 2.8270 -4.6628
0.7403 2.8518 -4.6493
0.7401 2.8766 -4.6350
0.7397 2.9012 -4.6200
0.7389 2.9257 -4.6044
0.7377 2.9503 -4.5882
0.7362 2.9749 -4.5714
0.7342 2.9997 -4.5562
0.7317 3.0247 -4.5446
0.7287 3.0499 -4.5364
0.7251 3.0754 -4.5316
0.7208 3.1014 -4.5301
0.7159 3.1278 -4.5320
0.7105 3.1545 -4.5373
0.7048 3.1815 -4.5461
0.6988 3.2087 -4.5586
0.6929 3.2359 -4.5751
0.6873 3.2630 -4.5959
0.6820 3.2898 -4.6213
0.6773 3.3164 -4.6518
0.6734 3.3425 -4.6880
0.6704 3.3680 -4.7304
0.6686 3.3928 -4.7797
0.6681 3.4168 -4.8366
0.6691 3.4399 -4.9016
0.6718 3.4620 -4.9751
0.6764 3.4829 -5.0572
0.6830 3.5025 -5.1475
0.6919 3.5207 -5.2450
0.7029 3.5376 -5.3478
0.7160 3.5532 -5.4535
0.7310 3.5676 -5.5594
0.7478 3.5807 -5.6626
0.7663 3.5927 -5.7558
0.7864 3.6036 -5.8347
0.8079 3.6135 -5.9015
0.8308 3.6224 -5.9583
0.8549 3.6304 -6.0069
0.8802 3.6375 -6.0488
0.9064 3.6438 -6.0850
0.9335 3.6493 -6.1167
0.9614 3.6542 -6.1444
0.9899 3.6583 -6.1690
1.0190 3.6619 -6.1907
1.0484 3.6649 -6.2101
1.0782 3.6674 -6.2274
1.1081 3.6695 -6.2431
1.1381 3.6712 -6.2573
1.1681 3.6726 -6.2700
1.1979 3.6737 -6.2811
1.2273 3.6746 -6.2907
1.2564 3.6753 -6.2985
1.2850 3.6759 -6.3047
1.3129 3.6764 -6.3091
1.3403 3.6769 -6.3116
1.3670 3.6773 -6.3123
1.3933 3.6777 -6.3109
1.4190 3.6780 -6.3074
1.4444 3.6782 -6.3016
1.4694 3.6784 -6.2949
1.4941 3.6784 -6.2885
1.5186 3.6784 -6.2826
1.5428 3.6783 -6.2772
1.5669 3.6781 -6.2724
1.5909 3.6778 -6.2682
1.6148 3.6774 -6.2648
1.6387 3.6768 -6.2621
1.6627 3.6762 -6.2601
1.6868 3.6755 -6.2589
1.7110 3.6747 -6.2584
1.7354 3.6739 -6.2587
1.7599 3.6731 -6.2596
1.7847 3.6726 -6.2603
1.8097 3.6723 -6.2599
1.8350 3.6722 -6.2586
1.8606 3.6726 -6.2562
1.8864 3.6734 -6.2529
1.9127 3.6748 -6.2486
1.9393 3.6768 -6.2433
1.9662 3.6793 -6.2369
1.9934 3.6823 -6.2295
2.0207 3.6855 -6.2209
2.0481 3.6888 -6.2110
2.0753 3.6920 -6.1998
2.1024 3.6950 -6.1870
2.1291 3.6975 -6.1818
2.1554 3.6994 -6.1939
2.1812 3.7005 -6.2248
2.2064 3.7007 -6.2765
2.2308 3.6997 -6.3510
2.2544 3.6974 -6.4503
2.2770 3.6937 -6.5743
2.2985 3.6883 -6.7041
2.3189 3.6810 -6.8216
2.3379 3.6718 -6.9271
2.3557 3.6606 -7.0216
2.3721 3.6474 -7.1070
2.3874 3.6324 -7.1849
2.4014 3.6156 -7.2590
2.4143 3.5973 -7.3306
2.4261 3.5774 -7.3981
2.4369 3.5562 -7.4605
2.4467 3.5337 -7.5173
2.4556 3.5100 -7.5681
2.4636 3.4853 -7.6128
2.4707 3.4596 -7.6506
2.4771 3.4330 -7.6814
2.4827 3.4058 -7.7065
2.4876 3.3779 -7.7270
2.4919 3.3495 -7.7435
2.4956 3.3207 -7.7564
2.4988 3.2916 -7.7674
2.5015 3.2623 -7.7780
2.5038 3.2330 -7.7882
2.5056 3.2037 -7.7979
2.5071 3.1745 -7.8071
2.5084 3.1456 -7.8159
2.5094 3.1170 -7.8242
2.5102 3.0890 -7.8319
2.5108 3.0615 -7.8391
2.5114 3.0344 -7.8458
2.5117 3.0079 -7.8519
2.5120 2.9818 -7.8574
2.5122 2.9561 -7.8623
2.5122 2.9308 -7.8666
2.5122 2.9057 -7.8702
2.5121 2.8810 -7.8731
2.5119 2.8566 -7.8753
2.5117 2.8323 -7.8766
2.5114 2.8082 -7.8772
2.5111 2.7843 -7.8769
2.5107 2.7605 -7.8758
2.5103 2.7367 -7.8739
2.5100 2.7130 -7.8711
2.5096 2.6893 -7.8675
2.5092 2.6655 -7.8631
2.5089 2.6417 -7.8580
2.5085 2.6177 -7.8521
2.5083 2.5936 -7.8462
2.5080 2.5693 -7.8409
2.5079 2.5448 -7.8362
2.5078 2.5200 -7.8320
2.5078 2.4949 -7.8285
2.5079 2.4695 -7.8254
2.5080 2.4437 -7.8229
2.5083 2.4175 -7.8210
2.5088 2.3908 -7.8195
2.5093 2.3637 -7.8185
2.5100 2.3360 -7.8181
2.5116 2.3113 -7.8181
2.5131 2.2865 -7.8187
2.5144 2.2617 -7.8197
2.5156 2.2368 -7.8212
2.5166 2.2118 -7.8232
2.5175 2.1868 -7.8257
2.5183 2.1618 -7.8287
2.5189 2.1367 -7.8323
2.5194 2.1116 -7.8363
2.5198 2.0864 -7.8409
2.5200 2.0612 -7.8459
2.5202 2.0360 -7.8516
2.5202 2.0108 -7.8578
2.5202 1.9856 -7.8645
2.5200 1.9604 -7.8719
2.5198 1.9351 -7.8791
2.5195 1.9099 -7.8853
2.5191 1.8847 -7.8906
2.5186 1.8595 -7.8949
2.5181 1.8343 -7.8982
2.5175 1.8091 -7.9005
2.5169 1.7840 -7.9017
2.5162 1.7589 -7.9020
2.5154 1.7338 -7.9012
2.5146 1.7088 -7.8994
2.5138 1.6838 -7.8965
2.5130 1.6589 -7.8927
2.5121 1.6340 -7.8878
2.5112 1.6092 -7.8819
2.5103 1.5845 -7.8751
2.5094 1.5599 -7.8673
2.5085 1.5353 -7.8587
2.5077 1.5107 -7.8491
2.5071 1.4860 -7.8386
2.5066 1.4613 -7.8274
2.5065 1.4364 -7.8153
2.5066 1.4113 -7.8025
2.5071 1.3860 -7.7890
2.5080 1.3604 -7.7749
2.5094 1.3345 -7.7602
2.5114 1.3082 -7.7449
2.5139 1.2815 -7.7293
2.5170 1.2546 -7.7138
2.5206 1.2273 -7.6983
2.5247 1.1998 -7.6826
2.5294 1.1722 -7.6668
2.5347 1.1443 -7.6509
2.5404 1.1163 -7.6347
2.5467 1.0883 -7.6183
2.5536 1.0602 -7.6016
2.5609 1.0321 -7.5845
2.5688 1.0040 -7.5670
2.5772 0.9760 -7.5491
2.5861 0.9481 -7.5307
2.5955 0.9204 -7.5118
2.6054 0.8929 -7.4924
2.6158 0.8656 -7.4723
2.6267 0.8386 -7.4515
2.6381 0.8119 -7.4300
2.6500 0.7856 -7.4078
2.6623 0.7596 -7.3847
2.6752 0.7341 -7.3608
2.6885 0.7090 -7.3359
2.7023 0.6845 -7.3100
2.7166 0.6605 -7.2831
2.7313 0.6371 -7.2551
2.7465 0.6144 -7.2259
2.7621 0.5923 -7.1955
2.7782 0.5709 -7.1635
2.7948 0.5503 -7.1297
2.8118 0.5305 -7.0940
2.8292 0.5115 -7.0560
2.8471 0.4933 -7.0156
2.8654 0.4761 -6.9724
2.8841 0.4599 -6.9262
2.9033 0.4446 -6.8767
2.9229 0.4303 -6.8238
2.9429 0.4171 -6.7671
2.9633 0.4051 -6.7065
2.9841 0.3941 -6.6419
3.0053 0.3844 -6.5734
3.0270 0.3759 -6.5057
3.0490 0.3687 -6.4440
3.0714 0.3627 -6.3888
3.0943 0.3581 -6.3403
3.1175 0.3549 -6.2987
3.1411 0.3531 -6.2637
3.1650 0.3526 -6.2354
3.1893 0.3532 -6.2134
3.2138 0.3548 -6.1976
3.2386 0.3571 -6.1878
3.2636 0.3601 -6.1838
3.2887 0.3636 -6.1855
3.3140 0.3674 -6.1929
3.3394 0.3713 -6.2029
3.3649 0.3752 -6.2125
3.3904 0.3789 -6.2215
3.4159 0.3823 -6.2301
3.4414 0.3852 -6.2381
3.4668 0.3874 -6.2458
3.4921 0.3889 -6.2529
3.5174 0.3898 -6.2596
3.5425 0.3902 -6.2658
3.5677 0.3901 -6.2716
3.5927 0.3896 -6.2769
3.6178 0.3887 -6.2818
3.6428 0.3875 -6.2862
3.6677 0.3861 -6.2902
3.6927 0.3845 -6.2937
3.7176 0.3829 -6.2968
3.7425 0.3812 -6.2995
3.7674 0.3796 -6.3018
3.7923 0.3780 -6.3036
3.8173 0.3766 -6.3049
3.8422 0.3755 -6.3059
3.8672 0.3746 -6.3064
3.8922 0.3739 -6.3065
3.9172 0.3734 -6.3061
3.9422 0.3731 -6.3054
3.9673 0.3730 -6.3042
3.9923 0.3731 -6.3028
4.0174 0.3732 -6.3014
4.0425 0.3735 -6.3000
4.0675 0.3738 -6.2987
4.0926 0.3742 -6.2975
4.1177 0.3746 -6.2962
4.1428 0.3750 -6.2950
4.1679 0.3754 -6.2938
4.1930 0.3758 -6.2927
4.2181 0.3761 -6.2916
4.2431 0.3763 -6.2905
4.2682 0.3765 -6.2895
4.2933 0.3767 -6.2885
4.3183 0.3767 -6.2875
4.3434 0.3768 -6.2866
4.3685 0.3768 -6.2857
4.3935 0.3767 -6.2849
4.4186 0.3767 -6.2840
4.4436 0.3766 -6.2832
4.4687 0.3765 -6.2825
4.4937 0.3764 -6.2818
4.5187 0.3763 -6.2811
4.5438 0.3762 -6.2805
4.5688 0.3761 -6.2799
4.5939 0.3760 -6.2793
4.6189 0.3759 -6.2787
4.6439 0.3759 -6.2783
4.6690 0.3759 -6.2778
4.6940 0.3759 -6.2774
4.7191 0.3759 -6.2770
4.7441 0.3759 -6.2766
4.7692 0.3759 -6.2763
4.7942 0.3760 -6.2760
4.8193 0.3760 -6.2758
4.8444 0.3760 -6.2756
4.8694 0.3760 -6.2754
4.8945 0.3760 -6.2753
4.9195 0.3760 -6.2752
4.9446 0.3760 -6.2751
4.9697 0.3760 -6.2751
4.9947 0.3760 -6.2751
5.0198 0.3759 -6.2751
5.0449 0.3758 -6.2752
5.0700 0.3757 -6.2753
5.0950 0.3757 -6.2755
5.1201 0.3756 -6.2757
5.1452 0.3755 -6.2759
5.1702 0.3755 -6.2762
5.1953 0.3755 -6.2765
5.2203 0.3755 -6.2768
5.2454 0.3755 -6.2772
5.2704 0.3756 -6.2776
5.2954 0.3757 -6.2782
5.3205 0.3758 -6.2792
5.3455 0.3760 -6.2805
5.3705 0.3763 -6.2821
5.3954 0.3766 -6.2842
5.4204 0.3769 -6.2865
5.4454 0.3772 -6.2892
5.4704 0.3775 -6.2923
5.4954 0.3778 -6.2957
5.5204 0.3780 -6.2995
5.5454 0.3781 -6.3036
5.5704 0.3782 -6.3081
5.5955 0.3782 -6.3129
5.6206 0.3780 -6.3181
5.6457 0.3777 -6.3224
5.6709 0.3773 -6.3247
5.6961 0.3767 -6.3248
5.7213 0.3760 -6.3228
5.7466 0.3750 -6.3188
5.7719 0.3740 -6.3126
5.7972 0.3729 -6.3043
5.8225 0.3718 -6.2939
5.8478 0.3709 -6.2814
5.8731 0.3702 -6.2668
5.8984 0.3697 -6.2500
5.9235 0.3696 -6.2312
5.9487 0.3699 -6.2102
5.9737 0.3708 -6.1875
5.9986 0.3722 -6.1635
6.0234 0.3743 -6.1381
6.0481 0.3771 -6.1114
6.0727 0.3808 -6.0831
6.0970 0.3854 -6.0534
6.1213 0.3909 -6.0223
6.1453 0.3974 -5.9896
6.1691 0.4049 -5.9554
6.1927 0.4132 -5.9198
6.2160 0.4224 -5.8827
6.2390 0.4325 -5.8442
6.2618 0.4435 -5.8045
6.2842 0.4552 -5.7647
6.3063 0.4677 -5.7263
6.3281 0.4810 -5.6890
6.3495 0.4950 -5.6528
6.3704 0.5097 -5.6175
6.3910 0.5251 -5.5831
6.4111 0.5412 -5.5494
6.4308 0.5578 -5.5163
6.4500 0.5751 -5.4837
6.4687 0.5929 -5.4515
6.4868 0.6113 -5.4196
6.5043 0.6303 -5.3878
6.5212 0.6497 -5.3560
6.5374 0.6697 -5.3238
6.5528 0.6901 -5.2909
6.5675 0.7110 -5.2571
6.5814 0.7323 -5.2226
6.5944 0.7540 -5.1871
6.6064 0.7761 -5.1507
6.6176 0.7986 -5.1134
6.6277 0.8214 -5.0750
6.6367 0.8446 -5.0357
6.6447 0.8681 -4.9954
6.6516 0.8919 -4.9542
6.6573 0.9159 -4.9119
6.6619 0.9402 -4.8688
6.6656 0.9647 -4.8270
6.6683 0.9895 -4.7890
6.6702 1.0144 -4.7547
6.6713 1.0394 -4.7243
6.6717 1.0646 -4.6975
6.6715 1.0899 -4.6745
6.6708 1.1153 -4.6550
6.6697 1.1407 -4.6390
6.6681 1.1661 -4.6265
6.6663 1.1916 -4.6174
6.6643 1.2171 -4.6116
6.6621 1.2425 -4.6091
6.6598 1.2678 -4.6099
6.6576 1.2931 -4.6124
6.6553 1.3183 -4.6150
6.6531 1.3435 -4.6178
6.6509 1.3685 -4.6206
6.6488 1.3936 -4.6235
6.6466 1.4185 -4.6266
6.6446 1.4435 -4.6298
6.6425 1.4684 -4.6330
6.6406 1.4932 -4.6364
6.6386 1.5181 -4.6399
6.6368 1.5430 -4.6435
6.6350 1.5678 -4.6472
6.6333 1.5927 -4.6510
6.6317 1.6176 -4.6550
6.6302 1.6425 -4.6590
6.6288 1.6674 -4.6632
6.6275 1.6924 -4.6674
6.6262 1.7173 -4.6718
6.6251 1.7423 -4.6763
6.6241 1.7674 -4.6809
6.6232 1.7924 -4.6856
6.6224 1.8175 -4.6904
6.6217 1.8425 -4.6953
6.6211 1.8676 -4.7004
6.6206 1.8927 -4.7055
6.6203 1.9178 -4.7108
6.6200 1.9429 -4.7159
6.6199 1.9680 -4.7205
6.6199 1.9930 -4.7248
6.6199 2.0181 -4.7286
6.6202 2.0432 -4.7320
6.6205 2.0682 -4.7350
6.6209 2.0933 -4.7375
6.6214 2.1183 -4.7396
6.6220 2.1434 -4.7413
6.6226 2.1684 -4.7425
6.6233 2.1935 -4.7433
6.6241 2.2185 -4.7437
6.6249 2.2435 -4.7437
6.6257 2.2686 -4.7432
6.6265 2.2936 -4.7423
6.6273 2.3186 -4.7410
6.6281 2.3437 -4.7392
6.6289 2.3687 -4.7370
6.6297 2.3938 -4.7344
6.6304 2.4189 -4.7314
6.6310 2.4439 -4.7280
6.6316 2.4690 -4.7241
6.6321 2.4941 -4.7199
6.6326 2.5192 -4.7152
6.6329 2.5443 -4.7102
6.6332 2.5694 -4.7047
6.6333 2.5945 -4.6993
6.6333 2.6195 -4.6946
6.6332 2.6446 -4.6906
6.6330 2.6696 -4.6871
6.6327 2.6947 -4.6843
6.6321 2.7197 -4.6821
6.6315 2.7447 -4.6805
6.6306 2.7697 -4.6795
6.6296 2.7946 -4.6791
6.6285 2.8195 -4.6793
6.6272 2.8445 -4.6802
6.6258 2.8694 -4.6816
6.6244 2.8943 -4.6837
6.6230 2.9192 -4.6864
6.6217 2.9441 -4.6897
6.6205 2.9690 -4.6936
6.6195 2.9940 -4.6982
6.6186 3.0190 -4.7034
6.6180 3.0441 -4.7093
6.6177 3.0692 -4.7158
6.6177 3.0944 -4.7230
6.6181 3.1197 -4.7309
6.6190 3.1450 -4.7394
6.6203 3.1704 -4.7487
6.6220 3.1959 -4.7587
6.6241 3.2215 -4.7693
6.6264 3.2471 -4.7769
6.6287 3.2726 -4.7775
6.6308 3.2982 -4.7710
6.6327 3.3237 -4.7574
6.6341 3.3491 -4.7364
6.6348 3.3744 -4.7081
6.6348 3.3996 -4.6724
6.6339 3.4246 -4.6294
6.6319 3.4494 -4.5792
6.6287 3.4740 -4.5224
6.6241 3.4983 -4.4596
6.6179 3.5223 -4.3918
6.6100 3.5460 -4.3203
6.6003 3.5694 -4.2559
6.5891 3.5924 -4.2073
6.5767 3.6152 -4.1727
6.5633 3.6378 -4.1508
6.5494 3.6601 -4.1409
6.5352 3.6823 -4.1424
6.5210 3.7043 -4.1557
6.5072 3.7263 -4.1813
6.4941 3.7481 -4.2204
6.4819 3.7700 -4.2748
6.4711 3.7918 -4.3465
6.4619 3.8137 -4.4377
6.4547 3.8356 -4.5502
6.4497 3.8577 -4.6699
6.4472 3.8799 -4.7800
6.4471 3.9022 -4.8778
6.4491 3.9246 -4.9622
6.4531 3.9472 -5.0330
6.4589 3.9699 -5.0909
6.4663 3.9928 -5.1368
6.4751 4.0157 -5.1719
6.4851 4.0388 -5.1969
6.4961 4.0620 -5.2126
6.5079 4.0854 -5.2195
6.5204 4.1088 -5.2177
6.5333 4.1324 -5.2074
6.5465 4.1561 -5.1916
6.5597 4.1798 -5.1736
6.5728 4.2037 -5.1533
6.5856 4.2277 -5.1307
6.5979 4.2518 -5.1057
6.6094 4.2761 -5.0782
6.6201 4.3004 -5.0482
6.6297 4.3248 -5.0156
6.6380 4.3493 -4.9805
6.6448 4.3739 -4.9429
6.6502 4.3986 -4.9028
6.6543 4.4233 -4.8603
6.6572 4.4482 -4.8156
6.6590 4.4731 -4.7722
6.6598 4.4981 -4.7333
6.6597 4.5231 -4.6991
6.6589 4.5482 -4.6695
6.6574 4.5734 -4.6444
6.6554 4.5986 -4.6236
6.6529 4.6238 -4.6071
6.6502 4.6490 -4.5947
6.6473 4.6743 -4.5864
6.6443 4.6996 -4.5822
6.6413 4.7248 -4.5819
6.6384 4.7501 -4.5856
6.6358 4.7754 -4.5933
6.6334 4.8007 -4.6051
6.6314 4.8260 -4.6197
6.6296 4.8512 -4.6361
6.6282 4.8764 -4.6542
6.6272 4.9016 -4.6742
6.6266 4.9267 -4.6961
6.6265 4.9518 -4.7198
6.6269 4.9769 -4.7456
6.6278 5.0018 -4.7734
6.6293 5.0268 -4.8033
6.6314 5.0516 -4.8352
6.6342 5.0764 -4.8692
6.6376 5.1010 -4.9053
6.6417 5.1256 -4.9434
6.6466 5.1501 -4.9816
6.6521 5.1745 -5.0177
6.6584 5.1987 -5.0516
6.6654 5.2228 -5.0835
6.6731 5.2467 -5.1131
6.6814 5.2704 -5.1406
6.6904 5.2940 -5.1659
6.7001 5.3173 -5.1890
6.7104 5.3404 -5.2101
6.7213 5.3633 -5.2291
6.7328 5.3859 -5.2461
6.7449 5.4082 -5.2611
6.7577 5.4302 -5.2742
6.7710 5.4520 -5.2853
6.7849 5.4734 -5.2947
6.7993 5.4944 -5.3021
6.8141 5.5152 -5.3078
6.8293 5.5358 -5.3116
6.8447 5.5562 -5.3136
6.8602 5.5764 -5.3139
6.8758 5.5965 -5.3123
6.8913 5.6166 -5.3089
6.9067 5.6366 -5.3036
6.9218 5.6567 -5.2964
6.9366 5.6768 -5.2873
6.9510 5.6970 -5.2762
6.9648 5.7173 -5.2612
6.9779 5.7379 -5.2402
6.9903 5.7586 -5.2130
7.0019 5.7797 -5.1794
7.0126 5.8010 -5.1392
7.0222 5.8227 -5.0923
7.0308 5.8448 -5.0386
7.0381 5.8673 -4.9782
7.0440 5.8903 -4.9117
7.0486 5.9138 -4.8398
7.0517 5.9379 -4.7634
7.0531 5.9626 -4.6840
7.0528 5.9880 -4.6031
7.0508 6.0140 -4.5347
7.0468 6.0408 -4.4900
7.0408 6.0683 -4.4662
7.0328 6.0967 -4.4618
7.0225 6.1259 -4.4757
7.0100 6.1560 -4.5080
7.0129 6.1798 -4.5592
7.0148 6.2040 -4.6119
7.0157 6.2285 -4.6474
7.0156 6.2533 -4.6656
7.0146 6.2782 -4.6661
7.0126 6.3034 -4.6487
7.0096 6.3286 -4.6126
7.0057 6.3539 -4.5669
7.0009 6.3791 -4.5214
6.9952 6.4044 -4.4761
6.9886 6.4295 -4.4311
6.9811 6.4545 -4.3864
6.9728 6.4792 -4.3421
6.9636 6.5037 -4.2983
6.9536 6.5279 -4.2549
6.9427 6.5518 -4.2121
6.9311 6.5752 -4.1697
6.9186 6.5981 -4.1279
6.9054 6.6206 -4.0866
6.8915 6.6424 -4.0458
6.8767 6.6637 -4.0056
6.8613 6.6843 -3.9657
6.8451 6.7041 -3.9264
6.8282 6.7232 -3.8875
6.8106 6.7415 -3.8489
6.7924 6.7588 -3.8107
6.7734 6.7753 -3.7728
6.7539 6.7907 -3.7351
6.7337 6.8052 -3.6977
6.7128 6.8185 -3.6604
6.6914 6.8307 -3.6232
6.6694 6.8418 -3.5861
6.6468 6.8518 -3.5491
6.6237 6.8608 -3.5129
6.6002 6.8689 -3.4787
6.5763 6.8761 -3.4463
6.5520 6.8825 -3.4158
6.5275 6.8882 -3.3870
6.5026 6.8933 -3.3600
6.4775 6.8978 -3.3346
6.4522 6.9018 -3.3108
6.4267 6.9053 -3.2886
6.4012 6.9085 -3.2678
6.3756 6.9114 -3.2485
6.3500 6.9140 -3.2305
6.3244 6.9165 -3.2138
6.2989 6.9189 -3.1984
6.2735 6.9212 -3.1842
6.2481 6.9234 -3.1712
6.2228 6.9254 -3.1594
6.1976 6.9273 -3.1488
6.1724 6.9290 -3.1395
6.1473 6.9306 -3.1314
6.1222 6.9320 -3.1247
6.0973 6.9332 -3.1192
6.0723 6.9342 -3.1151
6.0475 6.9350 -3.1123
6.0227 6.9356 -3.1109
5.9980 6.9360 -3.1108
5.9734 6.9361 -3.1120
5.9488 6.9360 -3.1129
5.9243 6.9356 -3.1117
5.8999 6.9349 -3.1085
5.8753 6.9339 -3.1032
5.8507 6.9325 -3.0960
5.8260 6.9307 -3.0869
5.8010 6.9284 -3.0758
5.7758 6.9256 -3.0630
5.7503 6.9223 -3.0484
5.7245 6.9184 -3.0321
5.6982 6.9139 -3.0143
5.6716 6.9089 -2.9950
5.6447 6.9034 -2.9743
5.6177 6.8978 -2.9574
5.5906 6.8921 -2.9487
5.5636 6.8866 -2.9479
5.5367 6.8814 -2.9553
5.5101 6.8768 -2.9710
5.4840 6.8728 -2.9959
5.4583 6.8697 -3.0309
5.4332 6.8676 -3.0777
5.4089 6.8667 -3.1380
5.3854 6.8673 -3.2142
5.3629 6.8694 -3.3086
5.3414 6.8733 -3.4229
5.3211 6.8791 -3.5573
5.3021 6.8870 -3.6978
5.2843 6.8971 -3.8285
5.2679 6.9092 -3.9466
5.2527 6.9232 -4.0509
5.2386 6.9390 -4.1417
5.2257 6.9565 -4.2201
5.2138 6.9757 -4.2876
5.2030 6.9963 -4.3458
5.1932 7.0183 -4.3960
5.1843 7.0415 -4.4395
5.1762 7.0659 -4.4772
5.1691 7.0914 -4.5102
5.1627 7.1178 -4.5390
5.1570 7.1450 -4.5645
5.1521 7.1729 -4.5874
5.1478 7.2014 -4.6078
5.1441 7.2304 -4.6257
5.1410 7.2598 -4.6414
5.1383 7.2895 -4.6548
5.1362 7.3193 -4.6661
5.1344 7.3492 -4.6753
5.1330 7.3790 -4.6825
5.1319 7.4086 -4.6877
5.1311 7.4380 -4.6909
5.1305 7.4669 -4.6921
5.1301 7.4954 -4.6913
5.1298 7.5233 -4.6890
5.1297 7.5505 -4.6854
5.1296 7.5772 -4.6798
5.1295 7.6034 -4.6710
5.1297 7.6544 -4.7076
5.1298 7.6793 -4.7071
5.1256 8.0535 -4.5712
5.1249 8.0703 -4.6631
5.1240 8.0870 -4.6530
5.1220 8.1220 -4.6431
5.1204 8.1473 -4.6346
5.1185 8.1726 -4.6270
5.1165 8.1979 -4.6190
5.1143 8.2232 -4.6106
5.1118 8.2484 -4.6017
5.1092 8.2736 -4.5925
5.1063 8.2987 -4.5828
5.1032 8.3238 -4.5727
5.0998 8.3488 -4.5623
5.0962 8.3737 -4.5515
5.0923 8.3986 -4.5404
5.0882 8.4234 -4.5290
5.0838 8.4481 -4.5174
5.0791 8.4727 -4.5055
5.0742 8.4973 -4.4936
5.0689 8.5218 -4.4817
5.0634 8.5462 -4.4699
5.0575 8.5705 -4.4582
5.0513 8.5947 -4.4466
5.0448 8.6189 -4.4350
5.0380 8.6430 -4.4234
5.0308 8.6669 -4.4120
5.0233 8.6908 -4.4006
5.0155 8.7146 -4.3892
5.0074 8.7384 -4.3779
4.9990 8.7620 -4.3666
4.9903 8.7855 -4.3554
4.9814 8.8090 -4.3442
4.9721 8.8324 -4.3331
4.9627 8.8556 -4.3219
4.9530 8.8788 -4.3109
4.9430 8.9019 -4.2998
4.9329 8.9250 -4.2888
4.9225 8.9479 -4.2778
4.9119 8.9708 -4.2668
4.9012 8.9935 -4.2559
4.8903 9.0162 -4.2449
4.8791 9.0388 -4.2340
4.8678 9.0613 -4.2231
4.8563 9.0836 -4.2122
4.8446 9.1059 -4.2012
4.8327 9.1280 -4.1903
4.8205 9.1500 -4.1794
4.8081 9.1719 -4.1685
4.7955 9.1935 -4.1576
4.7826 9.2151 -4.1467
4.7695 9.2364 -4.1357
4.7561 9.2576 -4.1247
4.7424 9.2786 -4.1138
4.7284 9.2995 -4.1028
4.7142 9.3201 -4.0917
4.6996 9.3405 -4.0807
4.6848 9.3606 -4.0696
4.6697 9.3806 -4.0585
4.6543 9.4004 -4.0473
4.6386 9.4200 -4.0361
4.6227 9.4394 -4.0249
4.6065 9.4586 -4.0136
4.5901 9.4776 -4.0023
4.5735 9.4965 -3.9909
4.5567 9.5152 -3.9795
4.5397 9.5337 -3.9680
4.5225 9.5520 -3.9565
4.5051 9.5702 -3.9449
4.4876 9.5882 -3.9332
4.4699 9.6061 -3.9215
4.4520 9.6239 -3.9097
4.4341 9.6415 -3.8979
4.4159 9.6589 -3.8860
4.3977 9.6762 -3.8742
4.3793 9.6934 -3.8623
4.3607 9.7103 -3.8504
4.3420 9.7271 -3.8385
4.3232 9.7437 -3.8266
4.3041 9.7601 -3.8147
4.2850 9.7762 -3.8027
4.2656 9.7922 -3.7907
4.2461 9.8080 -3.7788
4.2264 9.8235 -3.7668
4.2066 9.8388 -3.7547
4.1865 9.8539 -3.7427
4.1663 9.8687 -3.7307
4.1459 9.8832 -3.7186
4.1254 9.8975 -3.7065
4.1046 9.9115 -3.6944
4.0837 9.9253 -3.6823
4.0625 9.9387 -3.6701
4.0412 9.9519 -3.6580
4.0197 9.9648 -3.6458
3.9979 9.9773 -3.6336
3.9760 9.9896 -3.6214
3.9539 10.0015 -3.6091
3.9315 10.0131 -3.5969
3.9090 10.0243 -3.5846
3.8862 10.0352 -3.5723
3.8632 10.0458 -3.5600
3.8400 10.0560 -3.5476
3.8166 10.0658 -3.5353
3.7932 10.0752 -3.5229
3.7697 10.0842 -3.5105
3.7460 10.0929 -3.4981
3.7223 10.1012 -3.4856
3.6985 10.1091 -3.4732
3.6747 10.1167 -3.4607
3.6507 10.1239 -3.4482
3.6267 10.1308 -3.4357
3.6026 10.1374 -3.4232
3.5784 10.1437 -3.4107
3.5542 10.1496 -3.3981
3.5299 10.1553 -3.3855
3.5056 10.1607 -3.3729
3.4811 10.1658 -3.3603
3.4567 10.1706 -3.3477
3.4321 10.1752 -3.3351
3.4075 10.1795 -3.3224
3.3829 10.1836 -3.3098
3.3582 10.1875 -3.2971
3.3335 10.1911 -3.2844
3.3087 10.1945 -3.2718
3.2839 10.1977 -3.2592
3.2590 10.2007 -3.2470
3.2341 10.2036 -3.2350
3.2092 10.2062 -3.2233
3.1842 10.2087 -3.2118
3.1593 10.2111 -3.2006
3.1342 10.2132 -3.1896
3.1092 10.2153 -3.1787
3.0841 10.2172 -3.1680
3.0590 10.2190 -3.1575
3.0340 10.2205 -3.1471
3.0089 10.2220 -3.1369
2.9837 10.2231 -3.1267
2.9586 10.2241 -3.1167
2.9336 10.2247 -3.1067
2.9085 10.2251 -3.0968
2.8834 10.2252 -3.0870
2.8584 10.2249 -3.0771
2.8334 10.2243 -3.0673
2.8084 10.2232 -3.0575
2.7835 10.2218 -3.0476
2.7586 10.2199 -3.0378
2.7338 10.2175 -3.0278
2.7090 10.2147 -3.0178
2.6843 10.2113 -3.0076
2.6597 10.2076 -2.9974
2.6351 10.2034 -2.9872
2.6105 10.1988 -2.9773
2.5860 10.1939 -2.9678
2.5615 10.1886 -2.9585
2.5371 10.1832 -2.9496
2.5127 10.1774 -2.9410
2.4964 10.1735 -2.9327
2.4802 10.1695 -2.9248
2.4640 10.1655 -2.9173
2.4477 10.1613 -2.9101
2.4315 10.1572 -2.9033
2.4153 10.1530 -2.8968
2.3991 10.1488 -2.8908
2.3829 10.1446 -2.8854
2.3667 10.1403 -2.8810
2.3505 10.1361 -2.8775
2.3343 10.1319 -2.8751
2.3181 10.1278 -2.8739
2.3019 10.1237 -2.8738
2.2857 10.1196 -2.8750
2.2695 10.1155 -2.8775
2.2533 10.1116 -2.8813
2.2371 10.1076 -2.8864
2.2209 10.1038 -2.8929
2.2046 10.0999 -2.9008
2.1884 10.0962 -2.9100
2.1721 10.0926 -2.9200
2.1558 10.0890 -2.9300
2.1395 10.0855 -2.9401
2.1232 10.0821 -2.9501
2.1068 10.0788 -2.9600
2.0905 10.0756 -2.9699
2.0741 10.0726 -2.9795
2.0577 10.0696 -2.9890
2.0413 10.0667 -2.9983
2.0248 10.0640 -3.0072
2.0083 10.0614 -3.0159
1.9918 10.0590 -3.0243
1.9752 10.0567 -3.0323
1.9586 10.0545 -3.0399
1.9420 10.0525 -3.0472
1.9254 10.0507 -3.0540
1.9087 10.0489 -3.0605
1.8920 10.0473 -3.0665
1.8753 10.0459 -3.0722
1.8586 10.0445 -3.0775
1.8418 10.0433 -3.0824
1.8251 10.0422 -3.0868
1.8084 10.0412 -3.0910
1.7916 10.0403 -3.0947
1.7749 10.0395 -3.0981
1.7498 10.0385 -3.1012
1.7247 10.0376 -3.1038
1.6997 10.0370 -3.1059
1.6748 10.0365 -3.1073
1.6499 10.0362 -3.1083
1.6251 10.0360 -3.1088
1.6004 10.0360 -3.1089
1.5758 10.0360 -3.1086
1.5512 10.0362 -3.1078
1.5267 10.0363 -3.1067
1.5022 10.0363 -3.1051
1.4777 10.0363 -3.1032
1.4531 10.0360 -3.1008
1.4283 10.0355 -3.0981
1.4034 10.0347 -3.0950
1.3782 10.0336 -3.0915
1.3528 10.0320 -3.0876
1.3271 10.0299 -3.0833
1.3010 10.0273 -3.0785
1.2746 10.0240 -3.0733
1.2478 10.0203 -3.0676
1.2207 10.0161 -3.0614
1.1936 10.0118 -3.0547
1.1664 10.0075 -3.0474
1.1393 10.0033 -3.0394
1.1124 9.9995 -3.0309
1.0859 9.9962 -3.0216
1.0597 9.9935 -3.0209
1.0341 9.9918 -3.0389
1.0092 9.9910 -3.0771
0.9850 9.9915 -3.1376
0.9617 9.9934 -3.2227
0.9393 9.9969 -3.3339
0.9181 10.0021 -3.4704
0.8980 10.0092 -3.6121
0.8793 10.0184 -3.7408
0.8619 10.0297 -3.8567
0.8457 10.0429 -3.9608
0.8308 10.0581 -4.0551
0.8171 10.0750 -4.1415
0.8045 10.0935 -4.2219
0.7930 10.1135 -4.2957
0.7826 10.1350 -4.3611
0.7731 10.1578 -4.4187
0.7646 10.1817 -4.4689
0.7571 10.2067 -4.5123
0.7503 10.2326 -4.5496
0.7444 10.2594 -4.5812
0.7393 10.2869 -4.6078
0.7349 10.3151 -4.6297
0.7311 10.3437 -4.6472
0.7280 10.3726 -4.6605
0.7255 10.4019 -4.6699
0.7235 10.4313 -4.6753
0.7220 10.4607 -4.6791
0.7209 10.4901 -4.6834
0.7202 10.5192 -4.6882
0.7199 10.5481 -4.6937
0.7199 10.5765 -4.6998
0.7201 10.6044 -4.7065
0.7205 10.6317 -4.7139
0.7212 10.6584 -4.7219
0.7220 10.6846 -4.7307
0.7230 10.7104 -4.7402
0.7241 10.7358 -4.7504
0.7254 10.7608 -4.7614
0.7268 10.7855 -4.7732
0.7283 10.8100 -4.7847
0.7299 10.8342 -4.7948
0.7315 10.8583 -4.8034
0.7332 10.8823 -4.8105
0.7349 10.9063 -4.8158
0.7367 10.9302 -4.8195
0.7384 10.9542 -4.8215
0.7402 10.9782 -4.8217
0.7419 11.0024 -4.8202
0.7436 11.0268 -4.8171
0.7454 11.0512 -4.8122
0.7473 11.0757 -4.8058
0.7494 11.1004 -4.7978
0.7517 11.1251 -4.7916
0.7542 11.1500 -4.7904
0.7570 11.1749 -4.7940
0.7601 11.1998 -4.8025
0.7636 11.2248 -4.8158
0.7676 11.2499 -4.8340
0.7720 11.2749 -4.8570
0.7769 11.3000 -4.8851
0.7824 11.3252 -4.9181
0.7885 11.3503 -4.9563
0.7953 11.3754 -4.9996
0.8027 11.4004 -5.0480
0.8108 11.4253 -5.1013
0.8197 11.4499 -5.1557
0.8293 11.4742 -5.2078
0.8397 11.4981 -5.2579
0.8509 11.5214 -5.3062
0.8628 11.5442 -5.3530
0.8757 11.5662 -5.3986
0.8893 11.5875 -5.4431
0.9039 11.6079 -5.4871
0.9194 11.6274 -5.5306
0.9358 11.6458 -5.5740
0.9531 11.6631 -5.6177
0.9715 11.6792 -5.6619
0.9908 11.6940 -5.7070
1.0111 11.7075 -5.7523
1.0322 11.7197 -5.7966
1.0542 11.7308 -5.8397
1.0769 11.7408 -5.8814
1.1003 11.7498 -5.9214
1.1242 11.7578 -5.9596
1.1486 11.7648 -5.9960
1.1735 11.7711 -6.0303
1.1987 11.7766 -6.0625
1.2242 11.7814 -6.0927
1.2499 11.7855 -6.1207
1.2756 11.7891 -6.1466
1.3015 11.7922 -6.1703
1.3273 11.7948 -6.1920
1.3529 11.7971 -6.2117
1.3785 11.7991 -6.2293
1.4039 11.8008 -6.2450
1.4291 11.8021 -6.2587
1.4543 11.8033 -6.2706
1.4794 11.8042 -6.2806
1.5044 11.8049 -6.2887
1.5293 11.8055 -6.2951
1.5542 11.8058 -6.2997
1.5790 11.8061 -6.3025
1.6038 11.8062 -6.3036
1.6285 11.8062 -6.3029
1.6533 11.8062 -6.3014
1.6781 11.8062 -6.2999
1.7029 11.8061 -6.2985
1.7277 11.8060 -6.2971
1.7526 11.8059 -6.2958
1.7775 11.8059 -6.2945
1.8024 11.8058 -6.2932
1.8274 11.8058 -6.2920
1.8524 11.8058 -6.2908
1.8774 11.8058 -6.2897
1.9024 11.8058 -6.2886
1.9275 11.8058 -6.2875
1.9525 11.8058 -6.2865
1.9776 11.8059 -6.2856
2.0027 11.8059 -6.2846
2.0278 11.8059 -6.2838
2.0529 11.8060 -6.2829
2.0780 11.8060 -6.2822
2.1030 11.8060 -6.2814
2.1281 11.8060 -6.2807
2.1531 11.8060 -6.2801
2.1782 11.8060 -6.2794
2.2032 11.8061 -6.2789
2.2282 11.8061 -6.2784
2.2533 11.8061 -6.2779
2.2783 11.8061 -6.2774
2.3033 11.8061 -6.2771
2.3283 11.8060 -6.2767
2.3533 11.8060 -6.2764
2.3783 11.8060 -6.2762
2.4033 11.8060 -6.2759
2.4283 11.8060 -6.2758
2.4533 11.8060 -6.2757
2.4783 11.8060 -6.2756
2.5033 11.8060 -6.2756
2.5283 11.8060 -6.2756
2.5533 11.8060 -6.2756
2.5783 11.8060 -6.2757
2.6033 11.8060 -6.2759
2.6284 11.8060 -6.2761
2.6534 11.8060 -6.2763
2.6784 11.8060 -6.2766
2.7034 11.8060 -6.2769
2.7284 11.8060 -6.2773
2.7535 11.8060 -6.2777
2.7785 11.8060 -6.2782
2.8035 11.8060 -6.2787
2.8285 11.8060 -6.2792
2.8535 11.8060 -6.2798
2.8786 11.8060 -6.2805
2.9036 11.8060 -6.2811
2.9286 11.8060 -6.2819
2.9536 11.8060 -6.2827
2.9786 11.8060 -6.2834
3.0037 11.8060 -6.2842
3.0287 11.8060 -6.2849
3.0537 11.8060 -6.2855
3.0787 11.8060 -6.2861
3.1037 11.8060 -6.2867
3.1287 11.8060 -6.2872
3.1538 11.8060 -6.2877
3.1788 11.8060 -6.2881
3.2038 11.8060 -6.2885
3.2288 11.8060 -6.2889
3.2538 11.8060 -6.2892
3.2788 11.8060 -6.2895
3.3039 11.8060 -6.2897
3.3289 11.8060 -6.2899
3.3539 11.8060 -6.2900
3.3789 11.8060 -6.2901
3.4039 11.8059 -6.2901
3.4289 11.8059 -6.2902
3.4540 11.8059 -6.2901
3.4790 11.8059 -6.2900
3.5040 11.8059 -6.2899
3.5290 11.8059 -6.2898
3.5540 11.8060 -6.2895
3.5790 11.8060 -6.2893
3.6041 11.8060 -6.2890
3.6291 11.8060 -6.2887
3.6541 11.8060 -6.2883
3.6791 11.8061 -6.2879
3.7041 11.8061 -6.2874
3.7292 11.8061 -6.2869
3.7542 11.8062 -6.2864
3.7792 11.8062 -6.2858
3.8042 11.8062 -6.2851
3.8292 11.8062 -6.2844
3.8542 11.8062 -6.2837
3.8793 11.8062 -6.2830
3.9043 11.8062 -6.2822
3.9293 11.8062 -6.2813
3.9543 11.8061 -6.2804
3.9793 11.8061 -6.2795
4.0043 11.8060 -6.2785
4.0294 11.8059 -6.2775
4.0544 11.8058 -6.2764
4.0794 11.8056 -6.2753
4.1044 11.8055 -6.2742
4.1294 11.8054 -6.2730
4.1545 11.8053 -6.2718
4.1795 11.8052 -6.2705
4.2045 11.8051 -6.2692
4.2295 11.8051 -6.2678
4.2545 11.8051 -6.2664
4.2795 11.8052 -6.2651
4.3046 11.8053 -6.2639
4.3296 11.8055 -6.2629
4.3546 11.8058 -6.2621
4.3796 11.8061 -6.2615
4.4046 11.8066 -6.2610
4.4296 11.8071 -6.2606
4.4546 11.8076 -6.2605
4.4796 11.8082 -6.2605
4.5047 11.8089 -6.2607
4.5297 11.8096 -6.2610
4.5547 11.8103 -6.2616
4.5797 11.8110 -6.2622
4.6047 11.8118 -6.2631
4.6297 11.8125 -6.2641
4.6547 11.8133 -6.2653
4.6797 11.8140 -6.2667
4.7047 11.8148 -6.2682
4.7297 11.8155 -6.2699
4.7547 11.8161 -6.2717
4.7797 11.8167 -6.2738
4.8048 11.8173 -6.2760
4.8298 11.8178 -6.2783
4.8548 11.8182 -6.2809
4.8798 11.8186 -6.2836
4.9048 11.8188 -6.2864
4.9298 11.8190 -6.2895
4.9548 11.8191 -6.2925
4.9799 11.8190 -6.2952
5.0049 11.8189 -6.2978
5.0299 11.8186 -6.3000
5.0549 11.8182 -6.3021
5.0799 11.8176 -6.3039
5.1050 11.8169 -6.3054
5.1300 11.8160 -6.3067
5.1550 11.8147 -6.3078
5.1801 11.8135 -6.3086
5.2051 11.8125 -6.3092
5.2302 11.8115 -6.3095
5.2552 11.8106 -6.3096
5.2803 11.8098 -6.3095
5.3053 11.8091 -6.3091
5.3304 11.8085 -6.3084
5.3555 11.8080 -6.3075
5.3805 11.8075 -6.3064
5.4056 11.8071 -6.3051
5.4306 11.8067 -6.3034
5.4557 11.8064 -6.3016
5.4808 11.8062 -6.2995
5.5059 11.8060 -6.2971
5.5309 11.8059 -6.2945
5.5560 11.8058 -6.2917
5.5811 11.8057 -6.2886
5.6061 11.8057 -6.2855
5.6312 11.8057 -6.2827
5.6563 11.8057 -6.2802
5.6813 11.8057 -6.2779
5.7064 11.8057 -6.2759
5.7315 11.8058 -6.2742
5.7565 11.8058 -6.2727
5.7816 11.8059 -6.2715
5.8067 11.8059 -6.2706
5.8317 11.8060 -6.2699
5.8568 11.8060 -6.2695
5.8818 11.8060 -6.2694
5.9069 11.8060 -6.2695
5.9320 11.8059 -6.2699
5.9570 11.8059 -6.2706
5.9820 11.8058 -6.2715
6.0071 11.8057 -6.2727
6.0321 11.8057 -6.2742
6.0572 11.8056 -6.2759
6.0823 11.8055 -6.2779
6.1073 11.8055 -6.2802
6.1324 11.8055 -6.2827
6.1575 11.8055 -6.2855
6.1825 11.8055 -6.2885
6.2076 11.8056 -6.2918
6.2327 11.8057 -6.2954
6.2578 11.8059 -6.2991
6.2829 11.8061 -6.3028
6.3080 11.8064 -6.3067
6.3332 11.8066 -6.3106
6.3583 11.8069 -6.3145
6.3834 11.8070 -6.3186
6.4085 11.8071 -6.3228
6.4337 11.8071 -6.3270
6.4588 11.8068 -6.3314
6.4838 11.8064 -6.3359
6.5089 11.8057 -6.3405
6.5339 11.8048 -6.3452
6.5590 11.8036 -6.3501
6.5839 11.8020 -6.3547
6.6089 11.8001 -6.3584
6.6338 11.7978 -6.3610
6.6587 11.7950 -6.3626
6.6835 11.7918 -6.3632
6.7083 11.7882 -6.3629
6.7331 11.7843 -6.3619
6.7578 11.7801 -6.4016
6.8320 11.7668 -6.5446
6.7599 11.7798 -6.3944
6.7927 11.7740 -6.3798
6.8256 11.7680 -6.3828
6.8584 11.7620 -6.3845
6.8912 11.7561 -6.3849
6.9240 11.7505 -6.3839
6.9569 11.7453 -6.3815
6.9898 11.7407 -6.3777
7.0228 11.7367 -6.3726
7.0559 11.7337 -6.3662
7.0890 11.7314 -6.3584
7.1222 11.7299 -6.3492
7.1554 11.7290 -6.3387
7.1887 11.7288 -6.3268
7.2221 11.7290 -6.3136
7.2554 11.7297 -6.3004
7.2888 11.7307 -6.2884
7.3222 11.7320 -6.2777
7.3556 11.7334 -6.2684
7.3889 11.7350 -6.2603
7.4223 11.7366 -6.2535
7.4557 11.7381 -6.2480
7.4890 11.7396 -6.2438
7.5223 11.7410 -6.2409
7.5556 11.7423 -6.2392
7.5889 11.7434 -6.2388
7.6221 11.7444 -6.2396
7.6554 11.7452 -6.2417
7.6886 11.7458 -6.2445
7.7219 11.7461 -6.2477
7.7551 11.7461 -6.2512
7.7884 11.7459 -6.2551
7.8216 11.7454 -6.2592
7.8548 11.7446 -6.2637
7.8881 11.7437 -6.2685
7.9213 11.7426 -6.2737
7.9546 11.7415 -6.2791
7.9879 11.7403 -6.2849
8.0211 11.7391 -6.2911
8.0544 11.7381 -6.2976
8.0878 11.7372 -6.3044
8.1211 11.7365 -6.3116
8.1545 11.7360 -6.3192
8.1879 11.7359 -6.3271
8.2213 11.7360 -6.3353
8.2547 11.7362 -6.3439
8.2881 11.7363 -6.3529
8.3215 11.7364 -6.3623
8.3548 11.7363 -6.3720
8.3882 11.7358 -6.3821
8.4214 11.7348 -6.3926
8.4546 11.7333 -6.4035
8.4877 11.7311 -6.4148
8.5208 11.7281 -6.4265
8.5537 11.7243 -6.4383
8.5865 11.7195 -6.4500
8.6192 11.7138 -6.4614
8.6519 11.7073 -6.4727
8.6844 11.7002 -6.4839
8.7168 11.6923 -6.4948
8.7491 11.6840 -6.5056
8.7813 11.6751 -6.5161
8.8135 11.6658 -6.5265
8.8455 11.6562 -6.5367
8.8775 11.6463 -6.5467
8.9093 11.6362 -6.5566
8.9411 11.6260 -6.5662
8.9728 11.6157 -6.5756
9.0045 11.6053 -6.5848
9.0361 11.5948 -6.5938
9.0677 11.5843 -6.6026
9.0992 11.5737 -6.6112
9.1307 11.5631 -6.6196
9.1622 11.5524 -6.6278
9.1937 11.5418 -6.6358
9.2253 11.5311 -6.6436
9.2568 11.5204 -6.6512
9.2884 11.5098 -6.6585
9.3200 11.4992 -6.6657
9.3516 11.4885 -6.6727
9.3831 11.4777 -6.6794
9.4146 11.4668 -6.6857
9.4460 11.4556 -6.6917
9.4773 11.4442 -6.6975
9.5085 11.4324 -6.7028
9.5394 11.4202 -6.7079
9.5702 11.4076 -6.7127
9.6008 11.3946 -6.7171
9.6311 11.3809 -6.7212
9.6612 11.3667 -6.7250
9.6910 11.3521 -6.7285
9.7206 11.3370 -6.7317
9.7501 11.3215 -6.7345
9.7794 11.3058 -6.7371
9.8087 11.2898 -6.7393
9.8379 11.2737 -6.7412
9.8670 11.2575 -6.7429
9.8961 11.2412 -6.7442
9.9253 11.2251 -6.7452
9.9545 11.2090 -6.7459
9.9838 11.1931 -6.7463
10.0132 11.1774 -6.7463
10.0427 11.1619 -6.7461
10.0723 11.1466 -6.7456
10.1019 11.1315 -6.7447
10.1317 11.1166 -6.7435
10.1615 11.1018 -6.7424
10.1914 11.0872 -6.7415
10.2214 11.0728 -6.7409
10.2515 11.0585 -6.7406
10.2817 11.0444 -6.7406
10.3119 11.0305 -6.7410
10.3423 11.0167 -6.7416
10.3726 11.0030 -6.7425
10.4030 10.9894 -6.7437
10.4333 10.9757 -6.7452
10.4636 10.9619 -6.7470
10.4939 10.9480 -6.7490
10.5240 10.9338 -6.7514
10.5541 10.9195 -6.7540
10.5840 10.9048 -6.7564
10.6137 10.8898 -6.7578
10.6432 10.8743 -6.7584
10.6725 10.8584 -6.7581
10.7016 10.8422 -6.7569
10.7306 10.8257 -6.7548
10.7596 10.8091 -6.7519
10.7885 10.7925 -6.7481
10.8175 10.7760 -6.7433
10.8465 10.7597 -6.7377
10.8757 10.7437 -6.7312
10.9050 10.7281 -6.7237
10.9346 10.7130 -6.7154
10.9645 10.6986 -6.7065
10.9947 10.6848 -6.6976
11.0253 10.6718 -6.6887
11.0561 10.6594 -6.6798
11.0871 10.6476 -6.6708
11.1184 10.6362 -6.6619
11.1498 10.6252 -6.6529
11.1814 10.6145 -6.6440
11.2131 10.6040 -6.6350
11.2449 10.5936 -6.6260
11.2766 10.5833 -6.6171
11.3084 10.5730 -6.6081
11.3402 10.5626 -6.5992
11.3719 10.5521 -6.5903
11.4036 10.5415 -6.5814
11.4353 10.5310 -6.5725
11.4670 10.5205 -6.5637
11.4987 10.5102 -6.5549
11.5304 10.5001 -6.5461
11.5622 10.4904 -6.5374
11.5941 10.4810 -6.5287
11.6261 10.4721 -6.5201
11.6582 10.4637 -6.5115
11.6905 10.4559 -6.5029
11.7229 10.4487 -6.4944
11.7554 10.4422 -6.4860
11.7881 10.4362 -6.4777
11.8209 10.4306 -6.4695
11.8538 10.4253 -6.4614
11.8867 10.4204 -6.4535
11.9197 10.4156 -6.4458
11.9528 10.4110 -6.4382
11.9858 10.4065 -6.4307
12.0189 10.4019 -6.4234
12.0520 10.3972 -6.4162
12.0850 10.3923 -6.4091
12.1180 10.3873 -6.4022
12.1510 10.3822 -6.3953
12.1840 10.3771 -6.3886
12.2169 10.3721 -6.3821
12.2499 10.3672 -6.3756
12.2829 10.3626 -6.3693
12.3159 10.3583 -6.3630
12.3489 10.3543 -6.3569
12.3819 10.3508 -6.3509
12.4150 10.3479 -6.3450
12.4481 10.3455 -6.3393
12.4813 10.3437 -6.3336
12.5145 10.3425 -6.3280
12.5477 10.3419 -6.3225
12.5810 10.3416 -6.3172
12.6143 10.3417 -6.3119
12.6476 10.3421 -6.3068
12.6810 10.3427 -6.3020
12.7143 10.3434 -6.2976
12.7477 10.3443 -6.2934
12.7810 10.3451 -6.2896
12.8144 10.3459 -6.2860
12.8477 10.3465 -6.2828
12.8810 10.3470 -6.2798
12.9143 10.3474 -6.2772
12.9477 10.3477 -6.2748
12.9810 10.3478 -6.2728
13.0142 10.3478 -6.2711
13.0475 10.3477 -6.2696
13.0808 10.3475 -6.2685
13.1141 10.3472 -6.2677
13.1474 10.3468 -6.2672
13.1806 10.3463 -6.2670
13.2139 10.3458 -6.2671
13.2472 10.3451 -6.2676
13.2804 10.3444 -6.2683
13.3137 10.3437 -6.2694
13.3470 10.3428 -6.2708
13.3802 10.3420 -6.2725
13.4135 10.3410 -6.2746
13.4468 10.3401 -6.2770
13.4801 10.3391 -6.2797
13.5134 10.3381 -6.2804
13.5467 10.3371 -6.2770
13.5800 10.3360 -6.2722
13.6130 10.3408 -6.2686
13.6461 10.3454 -6.2615
13.7784 10.3615 -6.2299
13.8033 10.3641 -6.1308
13.8282 10.3665 -6.1016
13.8531 10.3689 -6.0859
13.8780 10.3711 -6.0815
13.9029 10.3732 -6.0871
13.9279 10.3751 -6.1023
13.9528 10.3769 -6.1270
13.9778 10.3786 -6.1617
14.0028 10.3801 -6.1998
14.0278 10.3814 -6.2340
14.0527 10.3826 -6.2641
14.0777 10.3837 -6.2901
14.1027 10.3846 -6.3118
14.1277 10.3854 -6.3292
14.1527 10.3860 -6.3424
14.1778 10.3865 -6.3513
14.2028 10.3868 -6.3559
14.2278 10.3869 -6.3562
14.2528 10.3869 -6.3523
14.2778 10.3867 -6.3440
14.3028 10.3863 -6.3314
14.3278 10.3858 -6.3172
14.3528 10.3852 -6.3043
14.3778 10.3844 -6.2925
14.4028 10.3835 -6.2820
14.4278 10.3825 -6.2727
14.4528 10.3815 -6.2646
14.4778 10.3805 -6.2577
14.5028 10.3795 -6.2521
14.5278 10.3786 -6.2476
14.5528 10.3777 -6.2445
14.5778 10.3770 -6.2425
14.6028 10.3764 -6.2418
14.6278 10.3760 -6.2422
14.6528 10.3758 -6.2439
14.6778 10.3758 -6.2469
14.7028 10.3760 -6.2510
14.7278 10.3766 -6.2564
14.7528 10.3773 -6.2630
14.7778 10.3783 -6.2708
14.8028 10.3792 -6.2798
14.8278 10.3802 -6.2900
14.8528 10.3812 -6.3014
14.8778 10.3820 -6.3140
14.9028 10.3826 -6.3278
14.9278 10.3830 -6.3428
14.9528 10.3831 -6.3589
14.9779 10.3828 -6.3759
15.0029 10.3820 -6.3935
15.0279 10.3807 -6.4119
15.0529 10.3788 -6.4309
15.0779 10.3763 -6.4508
15.1028 10.3730 -6.4714
15.1278 10.3690 -6.4928
15.1527 10.3643 -6.5151
15.1775 10.3588 -6.5383
15.2021 10.3527 -6.5625
15.2266 10.3458 -6.5876
15.2509 10.3381 -6.6137
15.2750 10.3298 -6.6408
15.2988 10.3207 -6.6689
15.3223 10.3108 -6.6981
15.3455 10.3003 -6.7283
15.3683 10.2890 -6.7596
15.3908 10.2769 -6.7920
15.4128 10.2642 -6.8254
15.4343 10.2507 -6.8598
15.4554 10.2364 -6.8952
15.4759 10.2215 -6.9316
15.4959 10.2058 -6.9688
15.5153 10.1893 -7.0069
15.5341 10.1721 -7.0456
15.5523 10.1543 -7.0850
15.5699 10.1359 -7.1196
15.5872 10.1170 -7.1444
15.6042 10.0979 -7.1595
15.6210 10.0787 -7.1653
15.6378 10.0596 -7.1618
15.6546 10.0406 -7.1489
15.6716 10.0219 -7.1264
15.6889 10.0038 -7.0940
15.7066 9.9863 -7.0513
15.7248 9.9695 -6.9979
15.7436 9.9537 -6.9337
15.7632 9.9390 -6.8588
15.7836 9.9255 -6.7742
15.8050 9.9133 -6.6886
15.8274 9.9027 -6.6099
15.8507 9.8935 -6.5379
15.8749 9.8857 -6.4718
15.8997 9.8794 -6.4110
15.9250 9.8745 -6.3548
15.9509 9.8709 -6.3025
15.9770 9.8687 -6.2534
16.0034 9.8679 -6.2069
16.0300 9.8684 -6.1623
16.0565 9.8702 -6.1190
16.0829 9.8732 -6.0764
16.1091 9.8775 -6.0338
16.1349 9.8831 -5.9902
16.1603 9.8899 -5.9453
16.1851 9.8978 -5.8992
16.2093 9.9070 -5.8523
16.2326 9.9173 -5.8050
16.2551 9.9287 -5.7576
16.2765 9.9413 -5.7107
16.2971 9.9549 -5.6645
16.3169 9.9694 -5.6194
16.3359 9.9849 -5.5757
16.3543 10.0012 -5.5337
16.3720 10.0182 -5.4937
16.3893 10.0360 -5.4557
16.4062 10.0544 -5.4200
16.4227 10.0733 -5.3893
16.4390 10.0928 -5.3660
16.4551 10.1127 -5.3496
16.4711 10.1329 -5.3396
16.4871 10.1534 -5.3358
16.5031 10.1742 -5.3381
16.5193 10.1952 -5.3464
16.5358 10.2162 -5.3610
16.5524 10.2372 -5.3822
16.5694 10.2580 -5.4105
16.5866 10.2784 -5.4464
16.6042 10.2985 -5.4907
16.6221 10.3179 -5.5442
16.6403 10.3366 -5.6030
16.6590 10.3545 -5.6624
16.6780 10.3713 -5.7218
16.6975 10.3870 -5.7809
16.7174 10.4015 -5.8393
16.7378 10.4145 -5.8966
16.7587 10.4259 -5.9524
16.7802 10.4357 -6.0064
16.8021 10.4437 -6.0585
16.8247 10.4497 -6.1085
16.8477 10.4538 -6.1561
16.8713 10.4562 -6.2015
16.8953 10.4570 -6.2445
16.9197 10.4565 -6.2838
16.9445 10.4549 -6.3181
16.9695 10.4522 -6.3476
16.9948 10.4487 -6.3724
17.0203 10.4446 -6.3929
17.0460 10.4400 -6.4091
17.0718 10.4352 -6.4212
17.0976 10.4303 -6.4293
17.1234 10.4254 -6.4335
17.1492 10.4209 -6.4340
17.1749 10.4167 -6.4306
17.2005 10.4132 -6.4234
17.2260 10.4103 -6.4124
17.2513 10.4080 -6.3996
17.2765 10.4062 -6.3873
17.3016 10.4049 -6.3755
17.3267 10.4040 -6.3641
17.3516 10.4034 -6.3532
17.3765 10.4032 -6.3428
17.4014 10.4032 -6.3328
17.4262 10.4034 -6.3234
17.4510 10.4038 -6.3145
17.4757 10.4043 -6.3060
17.5005 10.4048 -6.2981
17.5253 10.4054 -6.2907
17.5501 10.4058 -6.2838
17.5749 10.4062 -6.2775
17.5998 10.4065 -6.2716
17.6247 10.4066 -6.2663
17.6496 10.4067 -6.2615
17.6746 10.4067 -6.2573
17.6996 10.4067 -6.2536
17.7246 10.4066 -6.2504
17.7496 10.4064 -6.2477
17.7747 10.4063 -6.2455
17.7997 10.4061 -6.2439
17.8248 10.4060 -6.2429
17.8499 10.4059 -6.2423
17.8749 10.4058 -6.2424
17.9000 10.4058 -6.2427
17.9251 10.4059 -6.2431
17.9501 10.4061 -6.2437
17.9752 10.4063 -6.2443
18.0002 10.4067 -6.2451
18.0252 10.4071 -6.2459
18.0502 10.4076 -6.2469
18.0752 10.4082 -6.2479
18.1002 10.4088 -6.2491
18.1252 10.4095 -6.2504
18.1502 10.4102 -6.2518
18.1752 10.4110 -6.2533
18.2002 10.4118 -6.2549
18.2252 10.4126 -6.2566
18.2501 10.4135 -6.2584
18.2751 10.4144 -6.2604
18.3001 10.4153 -6.2624
18.3250 10.4162 -6.2645
18.3500 10.4171 -6.2668
18.3750 10.4180 -6.2691
18.4000 10.4189 -6.2716
18.4249 10.4197 -6.2741
18.4499 10.4205 -6.2768
18.4749 10.4213 -6.2796
18.4999 10.4221 -6.2825
18.5249 10.4228 -6.2854
18.5499 10.4235 -6.2883
18.5749 10.4241 -6.2909
18.5999 10.4246 -6.2933
18.6249 10.4251 -6.2954
18.6499 10.4255 -6.2972
18.6750 10.4258 -6.2987
18.7000 10.4260 -6.3000
18.7251 10.4260 -6.3009
18.7502 10.4259 -6.3016
18.7752 10.4256 -6.3021
18.8003 10.4251 -6.3022
18.8253 10.4246 -6.3021
18.8503 10.4239 -6.3018
18.8753 10.4231 -6.3011
18.9003 10.4223 -6.3002
18.9253 10.4214 -6.2990
18.9503 10.4205 -6.2976
18.9753 10.4196 -6.2959
19.0003 10.4187 -6.2939
19.0252 10.4178 -6.2916
19.0502 10.4169 -6.2891
19.0752 10.4161 -6.2864
19.1002 10.4154 -6.2834
19.1251 10.4148 -6.2801
19.1501 10.4144 -6.2766
19.1751 10.4140 -6.2728
19.2001 10.4139 -6.2683
19.2251 10.4139 -6.2629
19.2501 10.4141 -6.2564
19.2751 10.4145 -6.2488
19.3001 10.4151 -6.2401
19.3251 10.4160 -6.2304
19.3501 10.4172 -6.2196
19.3751 10.4186 -6.2076
19.4002 10.4204 -6.1945
19.4253 10.4225 -6.1802
19.4503 10.4250 -6.1648
19.4754 10.4278 -6.1481
19.5005 10.4310 -6.1301
19.5256 10.4346 -6.1109
19.5506 10.4387 -6.0904
19.5755 10.4433 -6.0686
19.6003 10.4483 -6.0455
19.6249 10.4540 -6.0210
19.6493 10.4602 -5.9951
19.6736 10.4670 -5.9679
19.6976 10.4744 -5.9393
19.7213 10.4825 -5.9094
19.7448 10.4914 -5.8782
19.7679 10.5009 -5.8458
19.7906 10.5112 -5.8121
19.8130 10.5223 -5.7774
19.8349 10.5342 -5.7426
19.8564 10.5469 -5.7088
19.8775 10.5604 -5.6761
19.8982 10.5747 -5.6443
19.9184 10.5896 -5.6135
19.9381 10.6052 -5.5837
19.9574 10.6214 -5.5547
19.9763 10.6382 -5.5266
19.9947 10.6556 -5.4993
20.0126 10.6735 -5.4728
20.0301 10.6919 -5.4470
20.0471 10.7107 -5.4219
20.0636 10.7300 -5.3974
20.0796 10.7496 -5.3735
20.0951 10.7696 -5.3501
20.1102 10.7898 -5.3272
20.1248 10.8104 -5.3048
20.1388 10.8312 -5.2827
20.1525 10.8523 -5.2610
20.1656 10.8737 -5.2397
20.1784 10.8953 -5.2186
20.1906 10.9171 -5.1977
20.2025 10.9392 -5.1769
20.2139 10.9615 -5.1563
20.2249 10.9841 -5.1358
20.2355 11.0068 -5.1153
20.2457 11.0297 -5.0949
20.2555 11.0528 -5.0748
20.2649 11.0761 -5.0548
20.2739 11.0996 -5.0351
20.2826 11.1232 -5.0157
20.2909 11.1470 -4.9966
20.2989 11.1709 -4.9778
20.3064 11.1949 -4.9593
20.3135 11.2191 -4.9412
20.3202 11.2434 -4.9233
20.3265 11.2678 -4.9059
20.3323 11.2922 -4.8888
20.3376 11.3168 -4.8721
20.3425 11.3414 -4.8558
20.3468 11.3661 -4.8399
20.3506 11.3909 -4.8243
20.3538 11.4157 -4.8092
20.3566 11.4406 -4.7945
20.3587 11.4655 -4.7802
20.3602 11.4904 -4.7662
20.3612 11.5153 -4.7527
20.3616 11.5402 -4.7396
20.3615 11.5652 -4.7269
20.3610 11.5901 -4.7146
20.3601 11.6151 -4.7028
20.3588 11.6401 -4.6913
20.3573 11.6651 -4.6803
20.3555 11.6901 -4.6700
20.3535 11.7151 -4.6604
20.3513 11.7401 -4.6514
20.3491 11.7651 -4.6430
20.3468 11.7901 -4.6354
20.3445 11.8151 -4.6283
20.3422 11.8402 -4.6219
20.3401 11.8652 -4.6161
20.3381 11.8902 -4.6110
20.3362 11.9152 -4.6064
20.3344 11.9402 -4.6025
20.3327 11.9652 -4.5993
20.3310 11.9902 -4.5966
20.3294 12.0152 -4.5944
20.3277 12.0402 -4.5923
20.3260 12.0651 -4.5905
20.3242 12.0901 -4.5888
20.3224 12.1150 -4.5873
20.3204 12.1399 -4.5861
20.3183 12.1648 -4.5850
20.3160 12.1897 -4.5841
20.3135 12.2145 -4.5834
20.3108 12.2394 -4.5829
20.3078 12.2642 -4.5826
20.3046 12.2889 -4.5825
20.3011 12.3137 -4.5826
20.2974 12.3384 -4.5823
20.2935 12.3631 -4.5809
20.2893 12.3878 -4.5784
20.2850 12.4124 -4.5749
20.2805 12.4370 -4.5704
20.2757 12.4616 -4.5647
20.2708 12.4862 -4.5580
20.2658 12.5107 -4.5503
20.2606 12.5353 -4.5414
20.2552 12.5597 -4.5315
20.2497 12.5842 -4.5205
20.2441 12.6087 -4.5085
20.2383 12.6331 -4.4953
20.2325 12.6575 -4.4811
20.2264 12.6818 -4.4659
20.2202 12.7061 -4.4497
20.2138 12.7303 -4.4324
20.2071 12.7545 -4.4141
20.2001 12.7785 -4.3949
20.1928 12.8025 -4.3747
20.1852 12.8263 -4.3537
20.1771 12.8500 -4.3318
20.1686 12.8736 -4.3091
20.1597 12.8970 -4.2856
20.1502 12.9202 -4.2614
20.1403 12.9433 -4.2366
20.1297 12.9661 -4.2115
20.1186 12.9888 -4.1862
20.1068 13.0112 -4.1606
20.0944 13.0334 -4.1344
20.0814 13.0552 -4.1077
20.0678 13.0767 -4.0802
20.0536 13.0978 -4.0518
20.0387 13.1184 -4.0224
20.0233 13.1386 -3.9918
20.0072 13.1582 -3.9597
19.9906 13.1773 -3.9262
19.9734 13.1957 -3.8909
19.9555 13.2135 -3.8537
19.9371 13.2306 -3.8158
19.9181 13.2469 -3.7789
19.8985 13.2624 -3.7430
19.8784 13.2771 -3.7082
19.8577 13.2910 -3.6747
19.8364 13.3040 -3.6426
19.8147 13.3162 -3.6120
19.7925 13.3277 -3.5829
19.7699 13.3384 -3.5554
19.7469 13.3484 -3.5294
19.7235 13.3578 -3.5051
19.6999 13.3666 -3.4825
19.6760 13.3748 -3.4614
19.6518 13.3825 -3.4416
19.6275 13.3897 -3.4225
19.6030 13.3964 -3.4042
19.5783 13.4027 -3.3867
19.5536 13.4085 -3.3699
19.5289 13.4141 -3.3539
19.5041 13.4193 -3.3386
19.4793 13.4242 -3.3241
19.4546 13.4289 -3.3103
19.4298 13.4333 -3.2972
19.4050 13.4373 -3.2847
19.3803 13.4412 -3.2730
19.3555 13.4447 -3.2620
19.3307 13.4480 -3.2516
19.3059 13.4511 -3.2419
19.2811 13.4540 -3.2328
19.2563 13.4566 -3.2243
19.2315 13.4590 -3.2165
19.2066 13.4611 -3.2093
19.1817 13.4631 -3.2027
19.1569 13.4649 -3.1968
19.1319 13.4665 -3.1914
19.1070 13.4679 -3.1866
19.0821 13.4692 -3.1824
19.0571 13.4703 -3.1788
19.0321 13.4712 -3.1757
19.0071 13.4720 -3.1730
18.9821 13.4728 -3.1703
18.9571 13.4734 -3.1678
18.9321 13.4739 -3.1652
18.9070 13.4743 -3.1628
18.8820 13.4747 -3.1604
18.8569 13.4750 -3.1580
18.8319 13.4753 -3.1557
18.8068 13.4756 -3.1535
18.7818 13.4758 -3.1514
18.7567 13.4760 -3.1493
18.7317 13.4763 -3.1473
18.7066 13.4765 -3.1453
18.6816 13.4768 -3.1434
18.6566 13.4770 -3.1416
18.6316 13.4772 -3.1399
18.6065 13.4773 -3.1382
18.5815 13.4774 -3.1366
18.5565 13.4775 -3.1350
18.5315 13.4775 -3.1335
18.5065 13.4775 -3.1321
18.4815 13.4774 -3.1308
18.4564 13.4772 -3.1295
18.4314 13.4769 -3.1283
18.4064 13.4765 -3.1272
18.3814 13.4760 -3.1261
18.3564 13.4754 -3.1251
18.3314 13.4748 -3.1242
18.3064 13.4740 -3.1235
18.2814 13.4732 -3.1230
18.2563 13.4723 -3.1226
18.2313 13.4715 -3.1225
18.2063 13.4706 -3.1225
18.1813 13.4698 -3.1227
18.1563 13.4689 -3.1230
18.1313 13.4682 -3.1236
18.1063 13.4675 -3.1243
18.0813 13.4670 -3.1252
18.0562 13.4665 -3.1263
18.0312 13.4662 -3.1276
18.0062 13.4660 -3.1290
17.9812 13.4660 -3.1306
17.9562 13.4662 -3.1324
17.9312 13.4665 -3.1344
17.9062 13.4669 -3.1365
17.8812 13.4675 -3.1389
17.8562 13.4682 -3.1414
17.8312 13.4689 -3.1441
17.8062 13.4697 -3.1469
17.7812 13.4706 -3.1500
17.7562 13.4714 -3.1532
17.7311 13.4723 -3.1566
17.7061 13.4732 -3.1601
17.6811 13.4741 -3.1635
17.6561 13.4749 -3.1663
17.6311 13.4757 -3.1686
17.6060 13.4764 -3.1703
17.5810 13.4770 -3.1714
17.5559 13.4775 -3.1720
17.5309 13.4780 -3.1721
17.5059 13.4783 -3.1715
17.4808 13.4786 -3.1705
17.4558 13.4788 -3.1689
17.4308 13.4789 -3.1667
17.4057 13.4788 -3.1640
17.3807 13.4787 -3.1607
17.3557 13.4785 -3.1569
17.3307 13.4782 -3.1526
17.3057 13.4777 -3.1477
17.2807 13.4772 -3.1423
17.2557 13.4765 -3.1363
17.2307 13.4757 -3.1298
17.2058 13.4748 -3.1228
17.1808 13.4737 -3.1152
17.1559 13.4726 -3.1071
17.1310 13.4712 -3.0985
17.1060 13.4698 -3.0893
17.0811 13.4682 -3.0797
17.0562 13.4664 -3.0695
17.0312 13.4644 -3.0589
17.0063 13.4623 -3.0476
16.9814 13.4600 -3.0358
16.9564 13.4575 -3.0234
16.9315 13.4548 -3.0103
16.9065 13.4519 -2.9967
16.8816 13.4488 -2.9824
16.8566 13.4455 -2.9674
16.8316 13.4420 -2.9517
16.8066 13.4382 -2.9354
16.7817 13.4341 -2.9183
16.7568 13.4297 -2.9004
16.7320 13.4249 -2.8818
16.7073 13.4196 -2.8624
16.6828 13.4140 -2.8422
16.6584 13.4078 -2.8212
16.6341 13.4011 -2.7993
16.6101 13.3939 -2.7766
16.5864 13.3861 -2.7530
16.5628 13.3776 -2.7285
16.5396 13.3685 -2.7031
16.5167 13.3586 -2.6769
16.4941 13.3480 -2.6498
16.4718 13.3366 -2.6218
16.4499 13.3245 -2.5930
16.4284 13.3116 -2.5633
16.4073 13.2980 -2.5336
16.3865 13.2838 -2.5045
16.3662 13.2689 -2.4761
16.3463 13.2533 -2.4483
16.3269 13.2372 -2.4213
16.3078 13.2205 -2.3948
16.2893 13.2033 -2.3690
16.2712 13.1856 -2.3438
16.2535 13.1675 -2.3193
16.2364 13.1489 -2.2953
16.2197 13.1298 -2.2719
16.2036 13.1104 -2.2491
16.1880 13.0907 -2.2268
16.1728 13.0706 -2.2050
16.1582 13.0502 -2.1837
16.1440 13.0295 -2.1629
16.1303 13.0085 -2.1425
16.1171 12.9873 -2.1225
16.1042 12.9658 -2.1029
16.0918 12.9440 -2.0836
16.0797 12.9220 -2.0647
16.0680 12.8998 -2.0461
16.0567 12.8775 -2.0278
16.0457 12.8549 -2.0098
16.0350 12.8322 -1.9920
16.0246 12.8093 -1.9744
16.0144 12.7863 -1.9570
16.0046 12.7631 -1.9398
15.9949 12.7399 -1.9228
15.9856 12.7165 -1.9061
15.9766 12.6931 -1.8896
15.9679 12.6695 -1.8734
15.9595 12.6458 -1.8574
15.9515 12.6220 -1.8416
15.9438 12.5982 -1.8262
15.9366 12.5742 -1.8110
15.9297 12.5501 -1.7961
15.9232 12.5259 -1.7815
15.9172 12.5016 -1.7671
15.9117 12.4772 -1.7531
15.9066 12.4527 -1.7393
15.9021 12.4281 -1.7258
15.8980 12.4034 -1.7126
15.8944 12.3786 -1.6996
15.8913 12.3537 -1.6870
15.8887 12.3288 -1.6746
15.8865 12.3038 -1.6625
15.8846 12.2788 -1.6508
15.8831 12.2538 -1.6392
15.8819 12.2287 -1.6280
15.8810 12.2036 -1.6170
15.8804 12.1785 -1.6063
15.8799 12.1534 -1.5959
15.8797 12.1283 -1.5862
15.8796 12.1033 -1.5776
15.8797 12.0783 -1.5701
15.8798 12.0534 -1.5638
15.8801 12.0285 -1.5586
15.8803 12.0037 -1.5546
15.8806 11.9789 -1.5516
15.8809 11.9542 -1.5498
15.8812 11.9295 -1.5491
15.8815 11.9048 -1.5496
15.8818 11.8800 -1.5511
15.8820 11.8552 -1.5538
15.8821 11.8304 -1.5575
15.8822 11.8054 -1.5624
15.8821 11.7804 -1.5684
15.8819 11.7552 -1.5755
15.8817 11.7299 -1.5836
15.8812 11.7045 -1.5929
15.8807 11.6788 -1.6032
15.8799 11.6530 -1.6146
15.8790 11.6270 -1.6270
15.8778 11.6008 -1.6405
15.8762 11.5746 -1.6549
15.8744 11.5483 -1.6704
15.8721 11.5220 -1.6868
15.8694 11.4958 -1.7042
15.8661 11.4697 -1.7238
15.8622 11.4438 -1.7469
15.8577 11.4181 -1.7737
15.8526 11.3928 -1.8045
15.8466 11.3678 -1.8395
15.8399 11.3432 -1.8788
15.8323 11.3191 -1.9229
15.8238 11.2954 -1.9718
15.8143 11.2724 -2.0258
15.8038 11.2500 -2.0850
15.7922 11.2283 -2.1494
15.7794 11.2073 -2.2186
15.7655 11.1871 -2.2923
15.7503 11.1678 -2.3618
15.7339 11.1494 -2.4191
15.7161 11.1319 -2.4646
15.6973 11.1151 -2.4988
15.6777 11.0990 -2.5223
15.6574 11.0834 -2.5355
15.6366 11.0681 -2.5385
15.6156 11.0530 -2.5314
15.5946 11.0380 -2.5137
15.5737 11.0230 -2.4850
15.5532 11.0077 -2.4444
15.5332 10.9922 -2.3910
15.5141 10.9762 -2.3239
15.4959 10.9596 -2.2500
15.4788 10.9422 -2.1774
15.4632 10.9240 -2.1070
15.4492 10.9048 -2.0395
15.4369 10.8845 -1.9757
15.4263 10.8632 -1.9160
15.4173 10.8409 -1.8606
15.4098 10.8177 -1.8096
15.4037 10.7938 -1.7631
15.3989 10.7693 -1.7208
15.3954 10.7441 -1.6827
15.3930 10.7184 -1.6485
15.3916 10.6923 -1.6181
15.3912 10.6659 -1.5896
15.3917 10.6393 -1.5614
15.3929 10.6126 -1.5330
15.3949 10.5857 -1.5042
15.3974 10.5590 -1.4747
15.4004 10.5323 -1.4441
15.4039 10.5059 -1.4120
15.4079 10.4797 -1.3781
15.4124 10.4538 -1.3421
15.4175 10.4282 -1.3033
15.4232 10.4030 -1.2614
15.4297 10.3781 -1.2158
15.4368 10.3537 -1.1658
15.4448 10.3298 -1.1139
15.4536 10.3064 -1.0637
15.4634 10.2836 -1.0159
15.4741 10.2614 -0.9712
15.4858 10.2397 -0.9302
15.4986 10.2188 -0.8934
15.5124 10.1985 -0.8611
15.5275 10.1790 -0.8335
15.5438 10.1603 -0.8107
15.5611 10.1422 -0.7926
15.5793 10.1248 -0.7793
15.5982 10.1078 -0.7706
15.6176 10.0911 -0.7664
15.6373 10.0747 -0.7667
15.6572 10.0584 -0.7717
15.6770 10.0421 -0.7814
15.6965 10.0257 -0.7958
15.7157 10.0091 -0.8150
15.7342 9.9921 -0.8392
15.7518 9.9748 -0.8689
15.7685 9.9568 -0.9043
15.7840 9.9382 -0.9460
15.7982 9.9188 -0.9947
15.8107 9.8985 -1.0507
15.8218 9.8773 -1.1146
15.8315 9.8554 -1.1868
15.8398 9.8327 -1.2606
15.8469 9.8093 -1.3282
15.8529 9.7854 -1.3888
15.8578 9.7609 -1.4420
15.8618 9.7359 -1.4875
15.8649 9.7106 -1.5255
15.8673 9.6849 -1.5560
15.8690 9.6589 -1.5793
15.8701 9.6327 -1.5956
15.8707 9.6063 -1.6053
15.8710 9.5799 -1.6085
15.8709 9.5534 -1.6053
15.8707 9.5270 -1.5960
15.8703 9.5007 -1.5843
15.8700 9.4746 -1.5741
15.8697 9.4487 -1.5654
15.8695 9.4230 -1.5581
15.8693 9.3975 -1.5522
15.8692 9.3722 -1.5477
15.8691 9.3470 -1.5446
15.8691 9.3220 -1.5428
15.8691 9.2971 -1.5424
15.8692 9.2723 -1.5434
15.8693 9.2475 -1.5457
15.8694 9.2228 -1.5495
15.8695 9.1981 -1.5546
15.8696 9.1735 -1.5603
15.8698 9.1488 -1.5656
15.8699 9.1241 -1.5705
15.8700 9.0994 -1.5749
15.8701 9.0746 -1.5789
15.8702 9.0497 -1.5824
15.8703 9.0248 -1.5855
15.8704 8.9999 -1.5880
15.8704 8.9749 -1.5901
15.8705 8.9499 -1.5918
15.8705 8.9248 -1.5929
15.8705 8.8997 -1.5935
15.8705 8.8746 -1.5936
15.8705 8.8495 -1.5933
15.8704 8.8244 -1.5924
15.8703 8.7993 -1.5910
15.8702 8.7742 -1.5891
15.8701 8.7491 -1.5867
15.8700 8.7240 -1.5838
15.8698 8.6989 -1.5804
15.8697 8.6739 -1.5765
15.8695 8.6489 -1.5721
15.8693 8.6239 -1.5673
15.8692 8.5989 -1.5620
15.8690 8.5739 -1.5562
15.8689 8.5489 -1.5499
15.8688 8.5239 -1.5441
15.8688 8.4989 -1.5396
15.8688 8.4739 -1.5363
15.8689 8.4489 -1.5343
15.8690 8.4238 -1.5336
15.8692 8.3988 -1.5341
15.8696 8.3738 -1.5358
15.8700 8.3487 -1.5388
15.8704 8.3236 -1.5430
15.8710 8.2985 -1.5484
15.8716 8.2734 -1.5549
15.8721 8.2483 -1.5627
15.8725 8.2232 -1.5717
15.8728 8.1981 -1.5818
15.8729 8.1730 -1.5931
15.8728 8.1479 -1.6055
15.8724 8.1229 -1.6193
15.8716 8.0978 -1.6343
15.8705 8.0729 -1.6506
15.8689 8.0479 -1.6683
15.8668 8.0230 -1.6874
15.8642 7.9982 -1.7080
15.8611 7.9734 -1.7302
15.8573 7.9487 -1.7540
15.8528 7.9241 -1.7795
15.8478 7.8996 -1.8068
15.8421 7.8751 -1.8359
15.8359 7.8508 -1.8654
15.8291 7.8266 -1.8936
15.8218 7.8025 -1.9205
15.8139 7.7786 -1.9461
15.8055 7.7549 -1.9702
15.7966 7.7313 -1.9929
15.7872 7.7079 -2.0140
15.7774 7.6847 -2.0336
15.7671 7.6617 -2.0516
15.7564 7.6390 -2.0680
15.7453 7.6164 -2.0829
15.7338 7.5941 -2.0961
15.7219 7.5721 -2.1078
15.7097 7.5503 -2.1180
15.6972 7.5286 -2.1265
15.6844 7.5072 -2.1336
15.6714 7.4859 -2.1391
15.6581 7.4647 -2.1430
15.6446 7.4437 -2.1455
15.6310 7.4227 -2.1464
15.6173 7.4018 -2.1458
15.6034 7.3809 -2.1438
15.5895 7.3601 -2.1403
15.5755 7.3392 -2.1353
15.5616 7.3184 -2.1288
15.5476 7.2975 -2.1209
15.5337 7.2765 -2.1120
15.5199 7.2555 -2.1026
15.5062 7.2343 -2.0928
15.4927 7.2131 -2.0824
15.4794 7.1917 -2.0715
15.4663 7.1703 -2.0601
15.4535 7.1486 -2.0482
15.4409 7.1269 -2.0357
15.4288 7.1049 -2.0226
15.4170 7.0828 -2.0089
15.4056 7.0605 -1.9947
15.3947 7.0381 -1.9799
15.3843 7.0154 -1.9644
15.3744 6.9925 -1.9483
15.3651 6.9693 -1.9316
15.3563 6.9460 -1.9142
15.3483 6.9223 -1.8961
15.3408 6.8985 -1.8774
15.3339 6.8745 -1.8579
15.3275 6.8502 -1.8378
15.3217 6.8258 -1.8170
15.3165 6.8013 -1.7954
15.3117 6.7766 -1.7731
15.3075 6.7518 -1.7502
15.3037 6.7269 -1.7265
15.3004 6.7019 -1.7021
15.2975 6.6769 -1.6781
15.2950 6.6518 -1.6554
15.2930 6.6266 -1.6342
15.2913 6.6015 -1.6144
15.2900 6.5764 -1.5961
15.2891 6.5512 -1.5792
15.2885 6.5262 -1.5637
15.2881 6.5011 -1.5497
15.2881 6.4760 -1.5371
15.2883 6.4510 -1.5259
15.2888 6.4260 -1.5161
15.2895 6.4009 -1.5077
15.2903 6.3759 -1.5007
15.2914 6.3510 -1.4951
15.2925 6.3260 -1.4908
15.2938 6.3010 -1.4878
15.2952 6.2760 -1.4863
15.2966 6.2511 -1.4860
15.2982 6.2261 -1.4871
15.2997 6.2012 -1.4895
15.3012 6.1762 -1.4933
15.3027 6.1513 -1.4984
15.3042 6.1263 -1.5049
15.3056 6.1013 -1.5127
15.3069 6.0764 -1.5219
15.3081 6.0514 -1.5324
15.3092 6.0264 -1.5434
15.3101 6.0014 -1.5537
15.3108 5.9764 -1.5634
15.3113 5.9514 -1.5725
15.3116 5.9263 -1.5810
15.3116 5.9013 -1.5888
15.3114 5.8762 -1.5961
15.3109 5.8511 -1.6027
15.3100 5.8260 -1.6086
15.3108 5.8010 -1.6140
15.3113 5.7759 -1.6187
15.3115 5.7509 -1.6228
15.3115 5.7259 -1.6263
15.3113 5.7009 -1.6291
15.3108 5.6759 -1.6313
15.3102 5.6509 -1.6329
15.3094 5.6259 -1.6338
15.3085 5.6009 -1.6341
15.3074 5.5759 -1.6338
15.3061 5.5509 -1.6328
15.3048 5.5260 -1.6313
15.3034 5.5010 -1.6290
15.3019 5.4760 -1.6262
15.3003 5.4510 -1.6227
15.2987 5.4261 -1.6186
15.2971 5.4011 -1.6138
15.2954 5.3761 -1.6084
15.2937 5.3511 -1.6029
15.2921 5.3262 -1.5976
15.2905 5.3012 -1.5926
15.2889 5.2762 -1.5878
15.2875 5.2513 -1.5834
15.2860 5.2263 -1.5793
15.2847 5.2013 -1.5754
15.2835 5.1764 -1.5718
15.2825 5.1514 -1.5685
15.2815 5.1264 -1.5655
15.2808 5.1014 -1.5627
15.2802 5.0765 -1.5603
15.2798 5.0515 -1.5581
15.2796 5.0265 -1.5563
15.2796 5.0015 -1.5547
15.2797 4.9765 -1.5534
15.2800 4.9515 -1.5524
15.2804 4.9265 -1.5516
15.2809 4.9015 -1.5512
15.2815 4.8765 -1.5510
15.2822 4.8515 -1.5511
15.2830 4.8265 -1.5515
15.2839 4.8015 -1.5522
15.2847 4.7765 -1.5532
15.2856 4.7515 -1.5545
15.2865 4.7265 -1.5560
15.2875 4.7015 -1.5576
15.2883 4.6765 -1.5592
15.2892 4.6515 -1.5608
15.2900 4.6265 -1.5623
15.2907 4.6015 -1.5637
15.2914 4.5764 -1.5650
15.2920 4.5514 -1.5663
15.2926 4.5264 -1.5676
15.2931 4.5014 -1.5688
15.2935 4.4764 -1.5699
15.2939 4.4514 -1.5710
15.2942 4.4264 -1.5721
15.2945 4.4014 -1.5730
15.2947 4.3764 -1.5740
15.2949 4.3514 -1.5748
15.2951 4.3263 -1.5756
15.2952 4.3013 -1.5764
15.2952 4.2763 -1.5771
15.2952 4.2513 -1.5777
15.2952 4.2263 -1.5783
15.2952 4.2013 -1.5789
15.2951 4.1763 -1.5794
15.2950 4.1513 -1.5798
15.2949 4.1263 -1.5802
15.2947 4.1013 -1.5805
15.2945 4.0763 -1.5807
15.2943 4.0512 -1.5809
15.2941 4.0262 -1.5811
15.2938 4.0012 -1.5813
15.2936 3.9762 -1.5814
15.2933 3.9512 -1.5815
15.2930 3.9262 -1.5816
15.2927 3.9012 -1.5816
15.2924 3.8762 -1.5816
15.2921 3.8512 -1.5816
15.2915 3.8095 -1.5815
15.2913 3.7928 -1.5814
15.2911 3.7762 -1.5812
15.2909 3.7595 -1.5810
15.2907 3.7428 -1.5807
15.2905 3.7261 -1.5803
15.2903 3.7095 -1.5797
15.2900 3.6928 -1.5790
15.2898 3.6761 -1.5781
15.2897 3.6595 -1.5771
15.2895 3.6428 -1.5760
15.2893 3.6261 -1.5747
15.2891 3.6094 -1.5732
15.2889 3.5928 -1.5716
15.2887 3.5761 -1.5699
15.2886 3.5594 -1.5681
15.2884 3.5428 -1.5663
15.2883 3.5261 -1.5644
15.2882 3.5094 -1.5627
15.2880 3.4928 -1.5610
15.2879 3.4761 -1.5595
15.2878 3.4594 -1.5580
15.2877 3.4427 -1.5567
15.2877 3.4261 -1.5554
15.2876 3.4094 -1.5542
15.2876 3.3927 -1.5532
15.2875 3.3761 -1.5522
15.2875 3.3594 -1.5513
15.2875 3.3427 -1.5504
15.2875 3.3261 -1.5497
15.2875 3.3094 -1.5490
15.2876 3.2927 -1.5485
15.2876 3.2761 -1.5480
15.2877 3.2594 -1.5476
15.2878 3.2427 -1.5472
15.2879 3.2261 -1.5470
15.2881 3.2094 -1.5468
15.2882 3.1927 -1.5467
15.2884 3.1761 -1.5467
15.2886 3.1594 -1.5468
15.2889 3.1427 -1.5469
15.2891 3.1261 -1.5472
15.2894 3.1094 -1.5475
15.2897 3.0927 -1.5479
15.2900 3.0761 -1.5483
15.2903 3.0594 -1.5489
15.2907 3.0427 -1.5495
15.2911 3.0261 -1.5502
15.2915 3.0094 -1.5510
15.2919 2.9927 -1.5518
15.2924 2.9761 -1.5528
15.2928 2.9594 -1.5538
15.2933 2.9427 -1.5549
15.2938 2.9261 -1.5561
15.2943 2.9094 -1.5573
15.2948 2.8927 -1.5587
15.2953 2.8761 -1.5601
15.2958 2.8594 -1.5616
15.2962 2.8428 -1.5632
15.2967 2.8261 -1.5649
15.2972 2.8094 -1.5667
15.2977 2.7928 -1.5686
15.2982 2.7761 -1.5705
15.2986 2.7594 -1.5726
15.2991 2.7428 -1.5747
15.2995 2.7261 -1.5770
15.2999 2.7094 -1.5793
15.3003 2.6928 -1.5817
15.3007 2.6761 -1.5843
15.3010 2.6594 -1.5869
15.3014 2.6428 -1.5895
15.3017 2.6261 -1.5919
15.3019 2.6094 -1.5940
15.3022 2.5928 -1.5960
15.3024 2.5761 -1.5977
15.3025 2.5594 -1.5991
15.3027 2.5428 -1.6003
15.3027 2.5261 -1.6013
15.3028 2.5094 -1.6019
15.3028 2.4927 -1.6021
15.3028 2.4761 -1.6020
15.3027 2.4594 -1.6016
15.3025 2.4427 -1.6009
15.3023 2.4261 -1.6016
15.3021 2.4094 -1.6059
15.3018 2.3927 -1.6180
15.3014 2.3760 -1.6676
15.3010 2.3594 -1.5930
15.3005 2.3427 -1.5764
15.3000 2.3260 -1.5760
15.2880 2.1621 -1.5882
15.2854 2.1120 -1.6014
15.2862 2.1287 -1.5869
15.2850 2.1036 -1.5836
15.2839 2.0783 -1.5822
15.2829 2.0531 -1.5807
15.2820 2.0277 -1.5791
15.2812 2.0024 -1.5773
15.2806 1.9770 -1.5753
15.2801 1.9516 -1.5732
15.2797 1.9261 -1.5710
15.2795 1.9007 -1.5686
15.2794 1.8753 -1.5660
15.2794 1.8500 -1.5633
15.2795 1.8247 -1.5605
15.2798 1.7994 -1.5575
15.2803 1.7742 -1.5544
15.2809 1.7491 -1.5511
15.2816 1.7240 -1.5478
15.2825 1.6991 -1.5443
15.2835 1.6742 -1.5406
15.2847 1.6495 -1.5369
15.2861 1.6249 -1.5331
15.2876 1.6005 -1.5291
15.2892 1.5762 -1.5251
15.2911 1.5521 -1.5210
15.2931 1.5281 -1.5168
15.2951 1.5042 -1.5125
15.2973 1.4803 -1.5082
15.2996 1.4564 -1.5038
15.3019 1.4324 -1.4996
15.3041 1.4083 -1.4958
15.3064 1.3840 -1.4925
15.3086 1.3595 -1.4895
15.3108 1.3347 -1.4870
15.3128 1.3095 -1.4849
15.3147 1.2840 -1.4832
15.3164 1.2579 -1.4819
15.3179 1.2314 -1.4810
15.3193 1.2044 -1.4805
15.3203 1.1767 -1.4804
15.3213 1.1486 -1.4806
15.3224 1.1204 -1.4812
15.3241 1.0926 -1.4704
15.3267 1.0657 -1.4352
15.3305 1.0401 -1.3713
15.3359 1.0164 -1.2703
15.3432 0.9948 -1.1197
15.3529 0.9760 -0.9070
15.3651 0.9603 -0.6338
15.3801 0.9478 -0.3739
15.3976 0.9385 -0.1860
15.4174 0.9319 -0.0573
15.4392 0.9277 0.0287
15.4628 0.9258 0.0839
15.4880 0.9258 0.1154
15.5145 0.9275 0.1345
15.5421 0.9305 0.1497
15.5705 0.9346 0.1611
15.5996 0.9396 0.1687
15.6290 0.9451 0.1725
15.6585 0.9508 0.1725
15.6879 0.9566 0.1686
15.7170 0.9620 0.1608
15.7455 0.9669 0.1489
15.7732 0.9710 0.1329
15.8002 0.9744 0.1125
15.8267 0.9770 0.0876
15.8525 0.9790 0.0578
15.8779 0.9803 0.0267
15.9028 0.9810 -0.0022
15.9274 0.9811 -0.0288
15.9518 0.9807 -0.0528
15.9759 0.9799 -0.0742
15.9998 0.9785 -0.0928
16.0237 0.9767 -0.1085
16.0476 0.9745 -0.1214
16.0715 0.9720 -0.1312
16.0956 0.9691 -0.1381
16.1199 0.9660 -0.1420
16.1444 0.9626 -0.1428
16.1692 0.9591 -0.1406
16.1942 0.9556 -0.1351
16.2193 0.9520 -0.1260
16.2445 0.9487 -0.1134
16.2698 0.9456 -0.0971
16.2952 0.9428 -0.0772
16.3205 0.9405 -0.0535
16.3458 0.9387 -0.0260
16.3710 0.9375 0.0053
16.3961 0.9372 0.0404
16.4211 0.9376 0.0793
16.4459 0.9390 0.1218
16.4704 0.9415 0.1679
16.4946 0.9450 0.2172
16.5186 0.9498 0.2664
16.5422 0.9559 0.3123
16.5656 0.9630 0.3549
16.5886 0.9713 0.3943
16.6114 0.9806 0.4306
16.6339 0.9909 0.4641
16.6562 1.0020 0.4947
16.6783 1.0140 0.5228
16.7001 1.0268 0.5483
16.7218 1.0402 0.5715
16.7432 1.0543 0.5925
16.7645 1.0691 0.6113
16.7856 1.0843 0.6282
16.8066 1.1000 0.6452
16.8274 1.1160 0.6643
16.8481 1.1325 0.6857
16.8686 1.1492 0.7096
16.8889 1.1662 0.7362
16.9088 1.1836 0.7657
16.9283 1.2013 0.7985
16.9472 1.2194 0.8348
16.9654 1.2378 0.8749
16.9829 1.2567 0.9192
16.9995 1.2760 0.9680
17.0151 1.2957 1.0217
17.0296 1.3158 1.0805
17.0429 1.3364 1.1411
17.0550 1.3575 1.1996
17.0656 1.3790 1.2553
17.0748 1.4011 1.3078
17.0824 1.4237 1.3564
17.0883 1.4468 1.4010
17.0928 1.4703 1.4414
17.0960 1.4943 1.4776
17.0979 1.5187 1.5094
17.0988 1.5434 1.5372
17.0987 1.5684 1.5608
17.0979 1.5937 1.5806
17.0964 1.6192 1.5967
17.0945 1.6448 1.6097
17.0921 1.6706 1.6206
17.0895 1.6964 1.6295
17.0869 1.7223 1.6366
17.0843 1.7481 1.6421
17.0818 1.7739 1.6459
17.0797 1.7996 1.6481
17.0781 1.8251 1.6479
17.0768 1.8505 1.6446
17.0759 1.8758 1.6382
17.0753 1.9010 1.6288
17.0750 1.9261 1.6207
17.0750 1.9511 1.6164
17.0751 1.9761 1.5729
17.0762 2.0341 1.5711
17.0813 2.3657 1.5206
17.0812 2.3824 1.5297
17.0811 2.3991 1.5212
17.0810 2.4158 1.5140
17.0809 2.4325 1.5076
17.0808 2.4492 1.5034
17.0806 2.4659 1.5040
17.0805 2.4826 1.5099
17.0804 2.4994 1.5212
17.0803 2.5161 1.5368
17.0801 2.5328 1.5553
17.0800 2.5496 1.5724
17.0799 2.5663 1.5855
17.0799 2.5831 1.5958
17.0798 2.5998 1.6037
17.0797 2.6165 1.6096
17.0797 2.6333 1.6139
17.0797 2.6500 1.6165
17.0797 2.6667 1.6173
17.0796 2.6835 1.6161
17.0796 2.7002 1.6120
17.0796 2.7169 1.6034
17.0796 2.7336 1.5865
17.0797 2.7503 1.5502
17.0797 2.7670 1.5692
17.0797 2.7837 1.5683
17.0799 2.9905 1.5508
17.0801 3.1974 1.5333
17.0801 3.2225 1.5403
17.0800 3.2478 1.5462
17.0800 3.2733 1.5524
17.0800 3.2989 1.5604
17.0800 3.3247 1.5710
17.0800 3.3506 1.5842
17.0799 3.3767 1.6003
17.0795 3.4029 1.6191
17.0789 3.4290 1.6408
17.0778 3.4551 1.6655
17.0762 3.4810 1.6938
17.0740 3.5066 1.7257
17.0710 3.5320 1.7614
17.0672 3.5570 1.8012
17.0624 3.5815 1.8452
17.0566 3.6056 1.8935
17.0496 3.6290 1.9463
17.0413 3.6518 2.0035
17.0317 3.6739 2.0650
17.0205 3.6951 2.1304
17.0078 3.7155 2.1992
16.9936 3.7351 2.2709
16.9780 3.7538 2.3402
16.9611 3.7717 2.4027
16.9430 3.7888 2.4587
16.9239 3.8051 2.5087
16.9038 3.8207 2.5532
16.8828 3.8356 2.5927
16.8611 3.8498 2.6277
16.8388 3.8632 2.6585
16.8160 3.8761 2.6857
16.7927 3.8882 2.7093
16.7691 3.8998 2.7298
16.7453 3.9108 2.7474
16.7215 3.9212 2.7620
16.6976 3.9311 2.7757
16.6738 3.9404 2.7903
16.6500 3.9492 2.8056
16.6263 3.9575 2.8218
16.6025 3.9653 2.8385
16.5788 3.9727 2.8558
16.5550 3.9796 2.8736
16.5311 3.9862 2.8917
16.5072 3.9923 2.9099
16.4832 3.9980 2.9283
16.4591 4.0033 2.9465
16.4348 4.0083 2.9646
16.4105 4.0130 2.9824
16.3859 4.0173 2.9984
16.3612 4.0213 3.0112
16.3363 4.0251 3.0211
16.3112 4.0286 3.0282
16.2858 4.0318 3.0325
16.2602 4.0349 3.0341
16.2343 4.0377 3.0331
16.2082 4.0404 3.0295
16.1820 4.0430 3.0231
16.1557 4.0457 3.0140
16.1295 4.0486 3.0021
16.1034 4.0519 2.9871
16.0775 4.0555 2.9689
16.0519 4.0596 2.9453
16.0267 4.0643 2.9139
16.0020 4.0698 2.8744
15.9778 4.0761 2.8265
15.9543 4.0833 2.7702
15.9315 4.0916 2.7055
15.9096 4.1011 2.6331
15.8886 4.1118 2.5583
15.8685 4.1239 2.4859
15.8496 4.1374 2.4158
15.8318 4.1525 2.3477
15.8150 4.1689 2.2814
15.7993 4.1866 2.2167
15.7846 4.2056 2.1532
15.7709 4.2256 2.0927
15.7581 4.2468 2.0372
15.7462 4.2688 1.9866
15.7353 4.2918 1.9406
15.7252 4.3155 1.8991
15.7159 4.3399 1.8616
15.7074 4.3650 1.8280
15.6997 4.3906 1.7979
15.6927 4.4166 1.7712
15.6864 4.4430 1.7475
15.6808 4.4696 1.7267
15.6759 4.4965 1.7086
15.6715 4.5234 1.6932
15.6678 4.5503 1.6793
15.6646 4.5772 1.6659
15.6619 4.6039 1.6531
15.6597 4.6304 1.6409
15.6579 4.6566 1.6293
15.6566 4.6825 1.6184
15.6556 4.7081 1.6081
15.6550 4.7335 1.5985
15.6547 4.7587 1.5896
15.6547 4.7838 1.5814
15.6549 4.8086 1.5739
15.6553 4.8334 1.5672
15.6558 4.8580 1.5612
15.6564 4.8826 1.5560
15.6572 4.9071 1.5516
15.6579 4.9316 1.5480
15.6587 4.9561 1.5451
15.6594 4.9807 1.5430
15.6600 5.0053 1.5418
15.6605 5.0299 1.5413
15.6609 5.0547 1.5417
15.6612 5.0795 1.5428
15.6614 5.1044 1.5448
15.6615 5.1293 1.5475
15.6616 5.1543 1.5511
15.6616 5.1794 1.5555
15.6615 5.2044 1.5601
15.6614 5.2295 1.5642
15.6612 5.2546 1.5681
15.6610 5.2798 1.5715
15.6608 5.3049 1.5745
15.6605 5.3301 1.5771
15.6603 5.3552 1.5794
15.6601 5.3803 1.5813
15.6598 5.4054 1.5828
15.6596 5.4304 1.5839
15.6594 5.4555 1.5846
15.6592 5.4805 1.5849
15.6591 5.5055 1.5849
15.6590 5.5305 1.5845
15.6589 5.5555 1.5836
15.6588 5.5805 1.5824
15.6588 5.6055 1.5809
15.6589 5.6305 1.5789
15.6590 5.6554 1.5766
15.6591 5.6804 1.5739
15.6593 5.7054 1.5708
15.6595 5.7304 1.5673
15.6598 5.7554 1.5635
15.6602 5.7804 1.5592
15.6607 5.8054 1.5546
15.6612 5.8304 1.5496
15.6617 5.8554 1.5448
15.6623 5.8805 1.5406
15.6629 5.9055 1.5370
15.6636 5.9305 1.5340
15.6643 5.9555 1.5317
15.6650 5.9806 1.5301
15.6658 6.0056 1.5290
15.6665 6.0306 1.5286
15.6673 6.0555 1.5289
15.6680 6.0805 1.5297
15.6688 6.1054 1.5312
15.6695 6.1304 1.5334
15.6703 6.1553 1.5361
15.6710 6.1801 1.5395
15.6716 6.2050 1.5435
15.6722 6.2299 1.5482
15.6728 6.2547 1.5535
15.6732 6.2796 1.5594
15.6736 6.3045 1.5659
15.6738 6.3294 1.5731
15.6739 6.3543 1.5809
15.6739 6.3793 1.5893
15.6737 6.4043 1.5984
15.6733 6.4294 1.6080
15.6728 6.4545 1.6183
15.6720 6.4798 1.6292
15.6710 6.5051 1.6384
15.6698 6.5304 1.6435
15.6683 6.5559 1.6446
15.6667 6.5814 1.6417
15.6651 6.6070 1.6346
15.6636 6.6326 1.6235
15.6622 6.6581 1.6081
15.6611 6.6836 1.5885
15.6604 6.7089 1.5646
15.6601 6.7342 1.5362
15.6605 6.7593 1.5034
15.6614 6.7843 1.4661
15.6632 6.8090 1.4245
15.6658 6.8335 1.3785
15.6694 6.8578 1.3316
15.6740 6.8817 1.2871
15.6798 6.9053 1.2450
15.6869 6.9286 1.2052
15.6951 6.9516 1.1676
15.7045 6.9742 1.1323
15.7148 6.9965 1.0991
15.7261 7.0186 1.0680
15.7383 7.0403 1.0387
15.7512 7.0618 1.0113
15.7649 7.0831 0.9855
15.7791 7.1042 0.9614
15.7939 7.1250 0.9387
15.8091 7.1457 0.9186
15.8246 7.1662 0.9019
15.8404 7.1865 0.8888
15.8564 7.2067 0.8792
15.8726 7.2268 0.8732
15.8887 7.2468 0.8706
15.9048 7.2667 0.8716
15.9208 7.2865 0.8762
15.9367 7.3063 0.8843
15.9525 7.3261 0.8961
15.9680 7.3460 0.9115
15.9834 7.3660 0.9305
15.9984 7.3860 0.9532
16.0131 7.4062 0.9776
16.0275 7.4265 1.0017
16.0414 7.4470 1.0254
16.0549 7.4677 1.0489
16.0679 7.4887 1.0720
16.0805 7.5099 1.0948
16.0924 7.5315 1.1173
16.1037 7.5534 1.1395
16.1145 7.5757 1.1613
16.1246 7.5982 1.1829
16.1341 7.6211 1.2041
16.1431 7.6443 1.2251
16.1516 7.6678 1.2458
16.1595 7.6915 1.2660
16.1669 7.7154 1.2855
16.1739 7.7396 1.3044
16.1804 7.7639 1.3226
16.1865 7.7885 1.3402
16.1922 7.8132 1.3571
16.1974 7.8380 1.3733
16.2024 7.8629 1.3889
16.2069 7.8880 1.4038
16.2112 7.9131 1.4181
16.2151 7.9383 1.4318
16.2187 7.9635 1.4448
16.2221 7.9887 1.4572
16.2253 8.0139 1.4691
16.2282 8.0392 1.4803
16.2309 8.0643 1.4909
16.2335 8.0895 1.5010
16.2359 8.1145 1.5104
16.2381 8.1394 1.5194
16.2403 8.1643 1.5277
16.2423 8.1890 1.5355
16.2443 8.2135 1.5428
16.2462 8.2379 1.5495
16.2481 8.2620 1.5556
16.2500 8.2860 1.5612
16.2484 8.3108 1.5663
16.2470 8.3357 1.5709
16.2458 8.3606 1.5749
16.2446 8.3856 1.5784
16.2436 8.4106 1.5813
16.2428 8.4356 1.5837
16.2420 8.4606 1.5855
16.2414 8.4857 1.5867
16.2409 8.5108 1.5874
16.2405 8.5359 1.5875
16.2402 8.5610 1.5870
16.2400 8.5862 1.5860
16.2399 8.6113 1.5844
16.2399 8.6364 1.5822
16.2400 8.6616 1.5795
16.2402 8.6868 1.5762
16.2404 8.7119 1.5723
16.2408 8.7371 1.5679
16.2412 8.7622 1.5630
16.2417 8.7873 1.5574
16.2422 8.8125 1.5514
16.2429 8.8376 1.5448
16.2435 8.8626 1.5377
16.2443 8.8877 1.5301
16.2451 8.9127 1.5220
16.2459 8.9377 1.5133
16.2468 8.9627 1.5043
16.2477 8.9876 1.4965
16.2487 9.0125 1.4919
16.2496 9.0373 1.4904
16.2507 9.0621 1.4919
16.2517 9.0869 1.4965
16.2527 9.1117 1.5041
16.2536 9.1364 1.5147
16.2544 9.1611 1.5284
16.2552 9.1859 1.5452
16.2557 9.2107 1.5650
16.2561 9.2356 1.5879
16.2563 9.2606 1.6138
16.2562 9.2856 1.6427
16.2559 9.3107 1.6706
16.2552 9.3360 1.6935
16.2542 9.3614 1.7115
16.2529 9.3869 1.7246
16.2511 9.4126 1.7328
16.2489 9.4385 1.7362
16.2463 9.4645 1.7348
16.2434 9.4907 1.7285
16.2403 9.5169 1.7173
16.2371 9.5432 1.7009
16.2339 9.5695 1.6795
16.2308 9.5958 1.6527
16.2279 9.6220 1.6205
16.2253 9.6481 1.5853
16.2231 9.6740 1.5495
16.2214 9.6997 1.5131
16.2204 9.7252 1.4762
16.2200 9.7504 1.4386
16.2205 9.7753 1.4004
16.2218 9.7998 1.3617
16.2242 9.8239 1.3223
16.2277 9.8476 1.2823
16.2324 9.8708 1.2418
16.2385 9.8935 1.2007
16.2459 9.9156 1.1590
16.2549 9.9371 1.1169
16.2654 9.9581 1.0744
16.2773 9.9784 1.0315
16.2906 9.9981 0.9883
16.3052 10.0174 0.9449
16.3209 10.0361 0.9013
16.3378 10.0543 0.8576
16.3557 10.0720 0.8139
16.3746 10.0893 0.7704
16.3944 10.1062 0.7270
16.4149 10.1227 0.6839
16.4361 10.1388 0.6412
16.4580 10.1546 0.5990
16.4804 10.1701 0.5572
16.5033 10.1852 0.5215
16.5265 10.2001 0.4967
16.5500 10.2148 0.4821
16.5736 10.2293 0.4773
16.5972 10.2438 0.4822
16.6205 10.2583 0.4970
16.6433 10.2729 0.5223
16.6656 10.2877 0.5590
16.6870 10.3029 0.6081
16.7076 10.3184 0.6711
16.7270 10.3345 0.7493
16.7451 10.3511 0.8437
16.7617 10.3683 0.9543
16.7767 10.3864 1.0695
16.7898 10.4052 1.1776
16.8010 10.4251 1.2781
16.8100 10.4459 1.3708
16.8166 10.4678 1.4563
16.8211 10.4907 1.5354
16.8234 10.5144 1.6088
16.8236 10.5388 1.6777
16.8220 10.5637 1.7429
16.8185 10.5890 1.8055
16.8133 10.6146 1.8663
16.8065 10.6403 1.9262
16.7983 10.6660 1.9863
16.7886 10.6915 2.0445
16.7776 10.7167 2.0977
16.7655 10.7414 2.1457
16.7523 10.7656 2.1880
16.7382 10.7890 2.2248
16.7232 10.8115 2.2559
16.7074 10.8330 2.2814
16.6911 10.8535 2.3013
16.6741 10.8732 2.3159
16.6568 10.8922 2.3250
16.6391 10.9105 2.3287
16.6212 10.9284 2.3270
16.6031 10.9459 2.3199
16.5851 10.9632 2.3091
16.5671 10.9803 2.2966
16.5493 10.9974 2.2822
16.5318 11.0147 2.2659
16.5147 11.0321 2.2478
16.4981 11.0499 2.2276
16.4821 11.0682 2.2055
16.4668 11.0871 2.1814
16.4523 11.1067 2.1553
16.4386 11.1270 2.1272
16.4258 11.1480 2.0970
16.4137 11.1696 2.0649
16.4024 11.1918 2.0309
16.3918 11.2145 1.9967
16.3819 11.2377 1.9640
16.3727 11.2613 1.9328
16.3641 11.2852 1.9032
16.3561 11.3095 1.8753
16.3487 11.3341 1.8489
16.3419 11.3589 1.8241
16.3356 11.3838 1.8009
16.3297 11.4088 1.7793
16.3244 11.4339 1.7592
16.3194 11.4590 1.7405
16.3149 11.4841 1.7234
16.3108 11.5091 1.7077
16.3070 11.5341 1.6934
16.3035 11.5591 1.6805
16.3004 11.5840 1.6689
16.2975 11.6089 1.6586
16.2949 11.6338 1.6496
16.2925 11.6587 1.6419
16.2904 11.6836 1.6355
16.2884 11.7084 1.6303
16.2865 11.7333 1.6263
16.2848 11.7581 1.6235
16.2832 11.7830 1.6220
16.2817 11.8078 1.6217
16.2802 11.8327 1.6227
16.2787 11.8576 1.6249
16.2773 11.8825 1.6275
16.2759 11.9074 1.6297
16.2745 11.9324 1.6314
16.2732 11.9573 1.6327
16.2718 11.9823 1.6336
16.2705 12.0073 1.6340
16.2692 12.0323 1.6339
16.2679 12.0573 1.6334
16.2666 12.0823 1.6324
16.2654 12.1074 1.6310
16.2641 12.1325 1.6291
16.2629 12.1576 1.6267
16.2616 12.1827 1.6238
16.2604 12.2079 1.6197
16.2592 12.2331 1.6133
16.2580 12.2582 1.6048
16.2570 12.2834 1.5942
16.2561 12.3086 1.5814
16.2555 12.3338 1.5665
16.2551 12.3590 1.5495
16.2552 12.3842 1.5305
16.2557 12.4093 1.5095
16.2567 12.4344 1.4865
16.2583 12.4594 1.4618
16.2605 12.4843 1.4352
16.2634 12.5092 1.4071
16.2670 12.5340 1.3776
16.2715 12.5588 1.3470
16.2769 12.5834 1.3151
16.2832 12.6079 1.2815
16.2905 12.6323 1.2462
16.2988 12.6565 1.2088
16.3080 12.6804 1.1692
16.3182 12.7040 1.1272
16.3293 12.7272 1.0826
16.3413 12.7499 1.0351
16.3543 12.7721 0.9846
16.3681 12.7936 0.9309
16.3827 12.8146 0.8740
16.3983 12.8347 0.8166
16.4147 12.8541 0.7618
16.4319 12.8727 0.7096
16.4499 12.8903 0.6600
16.4688 12.9069 0.6129
16.4884 12.9225 0.5684
16.5088 12.9369 0.5263
16.5299 12.9504 0.4864
16.5516 12.9628 0.4487
16.5740 12.9743 0.4129
16.5968 12.9849 0.3790
16.6202 12.9945 0.3467
16.6440 13.0033 0.3159
16.6682 13.0113 0.2863
16.6926 13.0185 0.2578
16.7174 13.0250 0.2305
16.7423 13.0308 0.2043
16.7674 13.0359 0.1794
16.7926 13.0404 0.1558
16.8179 13.0443 0.1335
16.8431 13.0477 0.1125
16.8683 13.0505 0.0929
16.8934 13.0529 0.0746
16.9185 13.0548 0.0577
16.9436 13.0563 0.0421
16.9687 13.0575 0.0278
16.9937 13.0583 0.0149
17.0187 13.0587 0.0033
17.0437 13.0590 -0.0070
17.0687 13.0589 -0.0160
17.0937 13.0587 -0.0237
17.1187 13.0583 -0.0301
17.1437 13.0578 -0.0352
17.1686 13.0572 -0.0391
17.1936 13.0565 -0.0417
17.2186 13.0557 -0.0430
17.2436 13.0550 -0.0431
17.2686 13.0543 -0.0419
17.2936 13.0535 -0.0394
17.3186 13.0528 -0.0364
17.3437 13.0521 -0.0334
17.3687 13.0514 -0.0306
17.3938 13.0507 -0.0278
17.4188 13.0500 -0.0252
17.4439 13.0493 -0.0226
17.4689 13.0487 -0.0201
17.4940 13.0481 -0.0178
17.5190 13.0475 -0.0155
17.5441 13.0469 -0.0133
17.5692 13.0464 -0.0113
17.5942 13.0459 -0.0093
17.6193 13.0455 -0.0075
17.6444 13.0451 -0.0057
17.6695 13.0448 -0.0041
17.6945 13.0445 -0.0025
17.7196 13.0443 -0.0011
17.7447 13.0441 0.0002
17.7697 13.0440 0.0015
17.7948 13.0440 0.0026
17.8198 13.0440 0.0036
17.8449 13.0442 0.0045
17.8699 13.0444 0.0053
17.8949 13.0446 0.0060
17.9200 13.0450 0.0066
17.9450 13.0455 0.0071
17.9700 13.0460 0.0074
17.9949 13.0457 0.0077
18.0198 13.0455 0.0079
18.0447 13.0453 0.0079
18.0696 13.0452 0.0079
18.0946 13.0451 0.0077
18.1196 13.0451 0.0074
18.1446 13.0451 0.0071
18.1696 13.0451 0.0066
18.1946 13.0452 0.0060
18.2197 13.0453 0.0053
18.2447 13.0454 0.0045
18.2698 13.0455 0.0036
18.2949 13.0457 0.0026
18.3200 13.0458 0.0015
18.3450 13.0460 0.0003
18.3701 13.0461 -0.0010
18.3952 13.0463 -0.0025
18.4203 13.0464 -0.0040
18.4453 13.0466 -0.0056
18.4704 13.0467 -0.0074
18.4955 13.0468 -0.0092
18.5205 13.0469 -0.0111
18.5455 13.0469 -0.0132
18.5705 13.0469 -0.0153
18.5955 13.0469 -0.0176
18.6205 13.0468 -0.0199
18.6455 13.0467 -0.0217
18.6704 13.0466 -0.0225
18.6953 13.0464 -0.0223
18.7202 13.0461 -0.0210
18.7450 13.0458 -0.0186
18.7698 13.0454 -0.0152
18.7946 13.0450 -0.0107
18.8194 13.0446 -0.0052
18.8442 13.0442 0.0014
18.8691 13.0439 0.0091
18.8939 13.0436 0.0178
18.9188 13.0433 0.0276
18.9437 13.0432 0.0385
18.9687 13.0431 0.0485
18.9938 13.0432 0.0557
19.0189 13.0435 0.0601
19.0441 13.0439 0.0616
19.0694 13.0445 0.0604
19.0949 13.0454 0.0562
19.1204 13.0465 0.0493
19.1460 13.0477 0.0393
19.1717 13.0491 0.0265
19.1975 13.0505 0.0107
19.2232 13.0517 -0.0082
19.2489 13.0526 -0.0300
19.2745 13.0533 -0.0549
19.2999 13.0534 -0.0823
19.3252 13.0530 -0.1116
19.3503 13.0519 -0.1429
19.3751 13.0499 -0.1762
19.3997 13.0471 -0.2115
19.4239 13.0433 -0.2488
19.4478 13.0383 -0.2881
19.4713 13.0321 -0.3292
19.4943 13.0245 -0.3723
19.5168 13.0155 -0.4170
19.5389 13.0051 -0.4633
19.5605 12.9935 -0.5109
19.5816 12.9807 -0.5596
19.6023 12.9667 -0.6073
19.6224 12.9517 -0.6521
19.6421 12.9358 -0.6943
19.6613 12.9190 -0.7341
19.6800 12.9013 -0.7717
19.6983 12.8830 -0.8074
19.7160 12.8640 -0.8414
19.7333 12.8445 -0.8741
19.7500 12.8244 -0.9054
19.7663 12.8040 -0.9358
19.7821 12.7832 -0.9653
19.7973 12.7622 -0.9943
19.8121 12.7409 -1.0228
19.8263 12.7194 -1.0514
19.8398 12.6976 -1.0804
19.8528 12.6756 -1.1100
19.8651 12.6533 -1.1400
19.8767 12.6309 -1.1704
19.8875 12.6082 -1.2013
19.8976 12.5853 -1.2325
19.9069 12.5621 -1.2642
19.9154 12.5388 -1.2962
19.9231 12.5153 -1.3285
19.9298 12.4915 -1.3612
19.9356 12.4676 -1.3941
19.9405 12.4435 -1.4272
19.9443 12.4192 -1.4605
19.9473 12.3947 -1.4923
19.9495 12.3701 -1.5209
19.9509 12.3454 -1.5461
19.9517 12.3205 -1.5681
19.9519 12.2955 -1.5869
19.9515 12.2704 -1.6024
19.9508 12.2453 -1.6148
19.9497 12.2201 -1.6240
19.9483 12.1948 -1.6301
19.9467 12.1695 -1.6331
19.9451 12.1442 -1.6330
19.9433 12.1189 -1.6298
19.9417 12.0936 -1.6236
19.9401 12.0684 -1.6159
19.9388 12.0431 -1.6083
19.9376 12.0180 -1.6010
19.9367 11.9928 -1.5938
19.9359 11.9677 -1.5868
19.9354 11.9427 -1.5800
19.9350 11.9176 -1.5733
19.9349 11.8926 -1.5668
19.9349 11.8676 -1.5606
19.9350 11.8427 -1.5545
19.9354 11.8178 -1.5485
19.9359 11.7928 -1.5428
19.9366 11.7679 -1.5373
19.9375 11.7430 -1.5325
19.9385 11.7181 -1.5293
19.9396 11.6933 -1.5275
19.9409 11.6684 -1.5272
19.9424 11.6435 -1.5284
19.9438 11.6186 -1.5310
19.9452 11.5937 -1.5350
19.9466 11.5688 -1.5405
19.9478 11.5439 -1.5475
19.9488 11.5189 -1.5559
19.9495 11.4940 -1.5658
19.9499 11.4690 -1.5770
19.9499 11.4440 -1.5897
19.9494 11.4189 -1.6047
19.9484 11.3938 -1.6229
19.9468 11.3687 -1.6442
19.9446 11.3436 -1.6689
19.9417 11.3184 -1.6970
19.9380 11.2931 -1.7286
19.9335 11.2678 -1.7638
19.9282 11.2426 -1.8026
19.9220 11.2176 -1.8451
19.9150 11.1927 -1.8913
19.9072 11.1681 -1.9409
19.8984 11.1439 -1.9939
19.8888 11.1201 -2.0500
19.8782 11.0968 -2.1059
19.8668 11.0741 -2.1590
19.8544 11.0520 -2.2095
19.8410 11.0307 -2.2577
19.8267 11.0101 -2.3038
19.8114 10.9904 -2.3482
19.7952 10.9717 -2.3911
19.7779 10.9539 -2.4329
19.7596 10.9373 -2.4737
19.7404 10.9217 -2.5140
19.7203 10.9070 -2.5540
19.6995 10.8934 -2.5939
19.6779 10.8807 -2.6342
19.6556 10.8689 -2.6743
19.6327 10.8579 -2.7133
19.6094 10.8478 -2.7512
19.5855 10.8385 -2.7877
19.5613 10.8299 -2.8227
19.5368 10.8221 -2.8561
19.5120 10.8150 -2.8877
19.4870 10.8085 -2.9176
19.4619 10.8026 -2.9457
19.4368 10.7973 -2.9719
19.4117 10.7926 -2.9963
19.3867 10.7884 -3.0188
19.3617 10.7847 -3.0394
19.3367 10.7814 -3.0582
19.3118 10.7785 -3.0751
19.2868 10.7761 -3.0902
19.2619 10.7740 -3.1036
19.2371 10.7722 -3.1151
19.2122 10.7707 -3.1250
19.1873 10.7694 -3.1331
19.1625 10.7684 -3.1395
19.1376 10.7676 -3.1442
19.1127 10.7670 -3.1473
19.0878 10.7665 -3.1487
19.0629 10.7660 -3.1484
19.0380 10.7657 -3.1465
19.0131 10.7654 -3.1438
18.9881 10.7652 -3.1412
18.9632 10.7650 -3.1388
18.9382 10.7649 -3.1365
18.9132 10.7648 -3.1344
18.8882 10.7648 -3.1324
18.8632 10.7648 -3.1305
18.8382 10.7649 -3.1288
18.8131 10.7650 -3.1272
18.7881 10.7651 -3.1258
18.7630 10.7652 -3.1245
18.7380 10.7654 -3.1234
18.7130 10.7656 -3.1224
18.6879 10.7658 -3.1215
18.6629 10.7661 -3.1208
18.6379 10.7663 -3.1202
18.6128 10.7666 -3.1198
18.5878 10.7668 -3.1195
18.5628 10.7670 -3.1194
18.5378 10.7672 -3.1194
18.5128 10.7674 -3.1195
18.4878 10.7675 -3.1198
18.4628 10.7676 -3.1202
18.4378 10.7676 -3.1208
18.4128 10.7675 -3.1216
18.3878 10.7674 -3.1224
18.3628 10.7672 -3.1235
18.3378 10.7669 -3.1246
18.3128 10.7665 -3.1259
18.2878 10.7660 -3.1274
18.2629 10.7653 -3.1290
18.2379 10.7646 -3.1308
18.2129 10.7638 -3.1327
18.1880 10.7629 -3.1347
18.1630 10.7620 -3.1369
18.1380 10.7611 -3.1393
18.1131 10.7603 -3.1418
18.0881 10.7594 -3.1444
18.0631 10.7586 -3.1472
18.0381 10.7578 -3.1501
18.0131 10.7572 -3.1532
17.9881 10.7567 -3.1564
17.9630 10.7563 -3.1598
17.9380 10.7561 -3.1633
17.9129 10.7560 -3.1670
17.8879 10.7561 -3.1708
17.8628 10.7565 -3.1747
17.8377 10.7570 -3.1788
17.8126 10.7577 -3.1831
17.7875 10.7586 -3.1875
17.7624 10.7596 -3.1920
17.7373 10.7608 -3.1967
17.7123 10.7622 -3.2010
17.6873 10.7637 -3.2047
17.6623 10.7653 -3.2076
17.6374 10.7670 -3.2097
17.6125 10.7689 -3.2111
17.5877 10.7709 -3.2118
17.5630 10.7730 -3.2117
17.5383 10.7752 -3.2109
17.5137 10.7775 -3.2094
17.4891 10.7799 -3.2071
17.4646 10.7823 -3.2041
17.4401 10.7846 -3.2004
17.4155 10.7869 -3.1960
17.3910 10.7891 -3.1908
17.3664 10.7911 -3.1850
17.3417 10.7929 -3.1785
17.3169 10.7945 -3.1713
17.2919 10.7958 -3.1634
17.2668 10.7968 -3.1549
17.2416 10.7974 -3.1457
17.2161 10.7976 -3.1358
17.1904 10.7974 -3.1253
17.1645 10.7966 -3.1143
17.1383 10.7954 -3.1026
17.1118 10.7936 -3.0903
17.0852 10.7915 -3.0775
17.0585 10.7892 -3.0680
17.0317 10.7868 -3.0655
17.0050 10.7845 -3.0699
16.9784 10.7825 -3.0815
16.9521 10.7808 -3.1005
16.9259 10.7797 -3.1274
16.9002 10.7793 -3.1627
16.8748 10.7797 -3.2071
16.8500 10.7812 -3.2615
16.8257 10.7837 -3.3265
16.8020 10.7875 -3.4026
16.7791 10.7928 -3.4898
16.7570 10.7996 -3.5874
16.7357 10.8081 -3.6841
16.7154 10.8186 -3.7687
16.6961 10.8309 -3.8409
16.6776 10.8450 -3.9009
16.6598 10.8606 -3.9496
16.6427 10.8775 -3.9877
16.6260 10.8956 -4.0161
16.6098 10.9147 -4.0354
16.5938 10.9344 -4.0461
16.5779 10.9547 -4.0486
16.5621 10.9754 -4.0428
16.5461 10.9962 -4.0287
16.5300 11.0169 -4.0061
16.5135 11.0373 -3.9767
16.4966 11.0573 -3.9429
16.4791 11.0766 -3.9049
16.4610 11.0951 -3.8630
16.4420 11.1125 -3.8174
16.4223 11.1288 -3.7689
16.4019 11.1441 -3.7179
16.3808 11.1583 -3.6681
16.3591 11.1714 -3.6220
16.3367 11.1835 -3.5787
16.3139 11.1945 -3.5373
16.2905 11.2045 -3.4971
16.2668 11.2134 -3.4575
16.2426 11.2213 -3.4175
16.2180 11.2282 -3.3753
16.1932 11.2340 -3.3300
16.1680 11.2388 -3.2828
16.1427 11.2426 -3.2348
16.1172 11.2454 -3.1872
16.0916 11.2472 -3.1413
16.0659 11.2479 -3.0980
16.0402 11.2476 -3.0572
16.0145 11.2464 -3.0170
15.9889 11.2440 -2.9759
15.9635 11.2407 -2.9323
15.9383 11.2363 -2.8845
15.9133 11.2308 -2.8303
15.8887 11.2243 -2.7724
15.8644 11.2168 -2.7160
15.8406 11.2082 -2.6622
15.8173 11.1985 -2.6124
15.7945 11.1878 -2.5673
15.7723 11.1759 -2.5279
15.7507 11.1630 -2.4946
15.7299 11.1490 -2.4680
15.7098 11.1340 -2.4482
15.6902 11.1182 -2.4353
15.6712 11.1016 -2.4291
15.6525 11.0845 -2.4296
15.6342 11.0669 -2.4364
15.6161 11.0492 -2.4471
15.5981 11.0313 -2.4594
15.5801 11.0135 -2.4735
15.5620 10.9960 -2.4893
15.5437 10.9788 -2.5070
15.5252 10.9621 -2.5266
15.5063 10.9461 -2.5483
15.4869 10.9310 -2.5721
15.4669 10.9168 -2.5984
15.4463 10.9038 -2.6272
15.4250 10.8920 -2.6588
15.4030 10.8814 -2.6933
15.3804 10.8720 -2.7310
15.3572 10.8635 -2.7698
15.3335 10.8560 -2.8073
15.3093 10.8494 -2.8433
15.2848 10.8435 -2.8777
15.2599 10.8384 -2.9103
15.2348 10.8339 -2.9411
15.2094 10.8300 -2.9700
15.1839 10.8266 -2.9968
15.1583 10.8235 -3.0217
15.1326 10.8208 -3.0445
15.1070 10.8184 -3.0652
15.0814 10.8161 -3.0839
15.0559 10.8140 -3.1005
15.0305 10.8119 -3.1152
15.0053 10.8099 -3.1278
14.9802 10.8081 -3.1385
14.9551 10.8064 -3.1472
14.9301 10.8047 -3.1539
14.9052 10.8032 -3.1588
14.8803 10.8018 -3.1618
14.8555 10.8006 -3.1629
14.8307 10.7995 -3.1622
14.8059 10.7985 -3.1596
14.7811 10.7977 -3.1551
14.7564 10.7970 -3.1488
14.7316 10.7965 -3.1407
14.7068 10.7961 -3.1320
14.6819 10.7959 -3.1241
14.6571 10.7958 -3.1169
14.6321 10.7958 -3.1105
14.6072 10.7960 -3.1049
14.5823 10.7962 -3.1000
14.5573 10.7964 -3.0958
14.5323 10.7967 -3.0924
14.5072 10.7969 -3.0897
14.4822 10.7971 -3.0878
14.4571 10.7973 -3.0867
14.4321 10.7974 -3.0862
14.4070 10.7973 -3.0866
14.3819 10.7972 -3.0877
14.3569 10.7968 -3.0896
14.3318 10.7963 -3.0922
14.3067 10.7956 -3.0957
14.2817 10.7947 -3.0999
14.2566 10.7936 -3.1050
14.2316 10.7924 -3.1109
14.2065 10.7912 -3.1176
14.1815 10.7899 -3.1252
14.1565 10.7887 -3.1337
14.1315 10.7875 -3.1431
14.1065 10.7865 -3.1534
14.0815 10.7856 -3.1647
14.0565 10.7849 -3.1758
14.0316 10.7845 -3.1854
14.0066 10.7844 -3.1930
13.9817 10.7847 -3.1987
13.9568 10.7853 -3.2024
13.9319 10.7864 -3.2042
13.9070 10.7879 -3.2044
13.8821 10.7898 -3.2091
13.8572 10.7921 -3.2291
13.8324 10.7947 -3.3089
13.8605 10.7918 -3.2185
13.8274 10.7952 -3.2154
13.7943 10.7990 -3.2118
13.7612 10.8031 -3.2077
13.7281 10.8073 -3.2031
13.6950 10.8115 -3.1981
13.6619 10.8156 -3.1926
13.6288 10.8194 -3.1866
13.5956 10.8229 -3.1801
13.5624 10.8258 -3.1731
13.5292 10.8281 -3.1656
13.4960 10.8299 -3.1575
13.4628 10.8311 -3.1489
13.4295 10.8317 -3.1396
13.3962 10.8320 -3.1308
13.3629 10.8318 -3.1235
13.3295 10.8313 -3.1178
13.2962 10.8305 -3.1136
13.2629 10.8294 -3.1110
13.2295 10.8281 -3.1099
13.1962 10.8267 -3.1103
13.1628 10.8252 -3.1123
13.1295 10.8237 -3.1157
13.0962 10.8221 -3.1208
13.0629 10.8206 -3.1273
13.0296 10.8192 -3.1354
12.9963 10.8179 -3.1450
12.9630 10.8168 -3.1550
12.9297 10.8160 -3.1641
12.8965 10.8155 -3.1725
12.8632 10.8153 -3.1801
12.8299 10.8154 -3.1869
12.7967 10.8161 -3.1928
12.7635 10.8172 -3.1980
12.7302 10.8187 -3.2023
12.6970 10.8206 -3.2059
12.6638 10.8229 -3.2087
12.6306 10.8255 -3.2106
12.5974 10.8283 -3.2118
12.5642 10.8314 -3.2122
12.5310 10.8346 -3.2124
12.4978 10.8379 -3.2131
12.4647 10.8413 -3.2143
12.4315 10.8448 -3.2160
12.3984 10.8482 -3.2182
12.3653 10.8517 -3.2209
12.3321 10.8551 -3.2241
12.2990 10.8585 -3.2278
12.2659 10.8619 -3.2320
12.2328 10.8654 -3.2367
12.1997 10.8688 -3.2419
12.1666 10.8723 -3.2477
12.1335 10.8758 -3.2539
12.1004 10.8794 -3.2607
12.0673 10.8830 -3.2679
12.0341 10.8867 -3.2757
12.0010 10.8904 -3.2840
11.9678 10.8943 -3.2928
11.9347 10.8983 -3.3021
11.9016 10.9026 -3.3119
11.8685 10.9071 -3.3222
11.8356 10.9120 -3.3330
11.8027 10.9173 -3.3443
11.7699 10.9230 -3.3560
11.7372 10.9291 -3.3683
11.7046 10.9358 -3.3810
11.6721 10.9431 -3.3938
11.6398 10.9510 -3.4062
11.6077 10.9596 -3.4183
11.5757 10.9687 -3.4300
11.5439 10.9783 -3.4413
11.5121 10.9884 -3.4524
11.4805 10.9990 -3.4630
11.4490 11.0099 -3.4734
11.4176 11.0212 -3.4834
11.3863 11.0328 -3.4930
11.3551 11.0446 -3.5024
11.3240 11.0566 -3.5114
11.2929 11.0688 -3.5201
11.2619 11.0811 -3.5285
11.2309 11.0935 -3.5365
11.2000 11.1061 -3.5443
11.1692 11.1188 -3.5517
11.1385 11.1316 -3.5588
11.1079 11.1447 -3.5657
11.0774 11.1579 -3.5722
11.0469 11.1714 -3.5785
11.0166 11.1850 -3.5844
10.9863 11.1989 -3.5901
10.9562 11.2131 -3.5955
10.9262 11.2274 -3.6005
10.8963 11.2421 -3.6054
10.8665 11.2569 -3.6099
10.8368 11.2720 -3.6142
10.8072 11.2873 -3.6183
10.7778 11.3029 -3.6221
10.7484 11.3186 -3.6257
10.7191 11.3345 -3.6291
10.6900 11.3507 -3.6322
10.6609 11.3669 -3.6351
10.6319 11.3834 -3.6378
10.6030 11.4000 -3.6402
10.5742 11.4168 -3.6423
10.5455 11.4336 -3.6443
10.5168 11.4505 -3.6459
10.4881 11.4675 -3.6474
10.4594 11.4844 -3.6486
10.4307 11.5012 -3.6495
10.4019 11.5180 -3.6502
10.3730 11.5345 -3.6507
10.3440 11.5509 -3.6509
10.3149 11.5671 -3.6509
10.2857 11.5830 -3.6506
10.2563 11.5985 -3.6501
10.2267 11.6138 -3.6493
10.1970 11.6288 -3.6483
10.1672 11.6437 -3.6471
10.1374 11.6584 -3.6456
10.1075 11.6731 -3.6438
10.0775 11.6877 -3.6419
10.0476 11.7023 -3.6396
10.0177 11.7170 -3.6371
9.9878 11.7318 -3.6344
9.9581 11.7468 -3.6314
9.9284 11.7620 -3.6281
9.8989 11.7774 -3.6246
9.8695 11.7930 -3.6209
9.8401 11.8087 -3.6169
9.8108 11.8245 -3.6127
9.7815 11.8403 -3.6082
9.7522 11.8562 -3.6034
9.7229 11.8720 -3.5984
9.6935 11.8876 -3.5932
9.6641 11.9032 -3.5877
9.6345 11.9185 -3.5820
9.6048 11.9336 -3.5760
9.5750 11.9484 -3.5697
9.5450 11.9628 -3.5633
9.5149 11.9770 -3.5566
9.4847 11.9909 -3.5496
9.4542 12.0044 -3.5424
9.4237 12.0177 -3.5350
9.3930 12.0306 -3.5274
9.3621 12.0432 -3.5195
9.3311 12.0555 -3.5113
9.3000 12.0675 -3.5026
9.2688 12.0792 -3.4928
9.2373 12.0905 -3.4820
9.2058 12.1015 -3.4701
9.1741 12.1122 -3.4571
9.1423 12.1224 -3.4430
9.1104 12.1322 -3.4278
9.0784 12.1415 -3.4114
9.0462 12.1503 -3.3939
9.0139 12.1585 -3.3753
8.9815 12.1662 -3.3554
8.9489 12.1733 -3.3344
8.9163 12.1797 -3.3122
8.8835 12.1854 -3.2907
8.8507 12.1905 -3.2722
8.8177 12.1949 -3.2565
8.7847 12.1988 -3.2437
8.7516 12.2022 -3.2338
8.7184 12.2054 -3.2269
8.6853 12.2084 -3.2228
8.6520 12.2112 -3.2216
8.6188 12.2141 -3.2233
8.5856 12.2171 -3.2278
8.5524 12.2203 -3.2352
8.5193 12.2238 -3.2454
8.4862 12.2277 -3.2584
8.4531 12.2321 -3.2712
8.4201 12.2368 -3.2807
8.3871 12.2417 -3.2871
8.3542 12.2468 -3.2903
8.3212 12.2519 -3.2903
8.2883 12.2568 -3.2873
8.2553 12.2616 -3.2810
8.2224 12.2661 -3.2717
8.1894 12.2701 -3.2591
8.1563 12.2736 -3.2433
8.1232 12.2765 -3.2243
8.0900 12.2787 -3.2020
8.0568 12.2803 -3.1764
8.0235 12.2813 -3.1511
7.9902 12.2818 -3.1295
7.9569 12.2819 -3.1118
7.9235 12.2815 -3.0978
7.8902 12.2809 -3.0877
7.8568 12.2800 -3.0814
7.8235 12.2790 -3.0789
7.7901 12.2778 -3.0803
7.7568 12.2766 -3.0854
7.7236 12.2754 -3.0945
7.6903 12.2743 -3.1074
7.6571 12.2733 -3.1243
7.6239 12.2725 -3.1452
7.5907 12.2718 -3.1661
7.5575 12.2714 -3.1833
7.5242 12.2713 -3.1966
7.4910 12.2715 -3.2060
7.4576 12.2720 -3.2116
7.4242 12.2729 -3.2133
7.3908 12.2743 -3.2111
7.3572 12.2762 -3.2052
7.3236 12.2785 -3.1954
7.2899 12.2811 -3.1818
7.2562 12.2837 -3.1646
7.2226 12.2861 -3.1437
7.1889 12.2881 -3.1192
7.1554 12.2895 -3.0916
7.1220 12.2899 -3.0618
7.0888 12.2892 -3.0308
7.0558 12.2872 -2.9994
7.0231 12.2836 -2.9681
6.9906 12.2782 -2.9373
6.9585 12.2708 -2.9072
6.9266 12.2616 -2.8778
6.8288 12.2268 -2.8445
6.8052 12.2181 -2.7987
6.7815 12.2097 -2.7540
6.7577 12.2018 -2.7489
6.7339 12.1946 -2.8009
6.7099 12.1883 -2.8812
6.6857 12.1831 -2.9559
6.6613 12.1790 -3.0236
6.6368 12.1760 -3.0833
6.6121 12.1739 -3.1344
6.5873 12.1727 -3.1766
6.5623 12.1722 -3.2101
6.5373 12.1723 -3.2348
6.5122 12.1730 -3.2510
6.4870 12.1742 -3.2588
6.4618 12.1757 -3.2583
6.4365 12.1774 -3.2496
6.4112 12.1793 -3.2327
6.3859 12.1813 -3.2125
6.3606 12.1832 -3.1941
6.3353 12.1850 -3.1775
6.3101 12.1866 -3.1627
6.2849 12.1878 -3.1496
6.2597 12.1889 -3.1383
6.2346 12.1896 -3.1287
6.2096 12.1901 -3.1208
6.1846 12.1904 -3.1147
6.1596 12.1905 -3.1104
6.1346 12.1905 -3.1077
6.1096 12.1902 -3.1068
6.0847 12.1899 -3.1075
6.0597 12.1894 -3.1092
6.0348 12.1888 -3.1108
6.0099 12.1881 -3.1123
5.9850 12.1874 -3.1139
5.9600 12.1866 -3.1154
5.9351 12.1858 -3.1168
5.9102 12.1850 -3.1183
5.8852 12.1842 -3.1197
5.8602 12.1834 -3.1211
5.8353 12.1826 -3.1224
5.8103 12.1818 -3.1237
5.7853 12.1810 -3.1250
5.7603 12.1803 -3.1263
5.7353 12.1796 -3.1275
5.7103 12.1789 -3.1287
5.6853 12.1783 -3.1299
5.6602 12.1777 -3.1310
5.6352 12.1772 -3.1321
5.6102 12.1767 -3.1332
5.5852 12.1763 -3.1342
5.5602 12.1760 -3.1352
5.5352 12.1758 -3.1362
5.5102 12.1756 -3.1372
5.4851 12.1755 -3.1381
5.4601 12.1754 -3.1390
5.4351 12.1754 -3.1398
5.4101 12.1754 -3.1406
5.3851 12.1755 -3.1414
5.3601 12.1755 -3.1422
5.3351 12.1756 -3.1429
5.3101 12.1757 -3.1436
5.2851 12.1758 -3.1443
5.2601 12.1759 -3.1449
5.2351 12.1760 -3.1455
5.2101 12.1760 -3.1460
5.1851 12.1760 -3.1466
5.1601 12.1760 -3.1471
5.1351 12.1759 -3.1476
5.1101 12.1758 -3.1480
5.0851 12.1757 -3.1484
5.0601 12.1755 -3.1488
5.0351 12.1754 -3.1491
5.0101 12.1753 -3.1494
4.9851 12.1752 -3.1497
4.9601 12.1751 -3.1500
4.9351 12.1751 -3.1502
4.9101 12.1751 -3.1503
4.8851 12.1752 -3.1505
4.8601 12.1753 -3.1506
4.8351 12.1755 -3.1507
4.8101 12.1758 -3.1508
4.7851 12.1763 -3.1508
4.7601 12.1768 -3.1508
4.7351 12.1773 -3.1508
4.7101 12.1780 -3.1507
4.6851 12.1787 -3.1507
4.6601 12.1795 -3.1506
4.6351 12.1802 -3.1506
4.6101 12.1810 -3.1505
4.5851 12.1818 -3.1504
4.5601 12.1826 -3.1502
4.5351 12.1833 -3.1501
4.5101 12.1840 -3.1500
4.4851 12.1847 -3.1498
4.4601 12.1852 -3.1496
4.4351 12.1857 -3.1494
4.4101 12.1861 -3.1492
4.3851 12.1865 -3.1490
4.3601 12.1867 -3.1488
4.3351 12.1868 -3.1485
4.3101 12.1869 -3.1483
4.2851 12.1869 -3.1480
4.2601 12.1869 -3.1477
4.2351 12.1868 -3.1474
4.2101 12.1867 -3.1471
4.1851 12.1866 -3.1467
4.1601 12.1864 -3.1464
4.1351 12.1863 -3.1460
4.1101 12.1862 -3.1456
4.0851 12.1861 -3.1452
4.0601 12.1860 -3.1448
4.0351 12.1860 -3.1444
4.0101 12.1860 -3.1440
3.9851 12.1861 -3.1435
3.9601 12.1862 -3.1431
3.9351 12.1863 -3.1426
3.9101 12.1864 -3.1421
3.8851 12.1865 -3.1416
3.8600 12.1866 -3.1410
3.8350 12.1867 -3.1405
3.8100 12.1868 -3.1400
3.7850 12.1868 -3.1394
3.7600 12.1868 -3.1388
3.7350 12.1867 -3.1382
3.7100 12.1865 -3.1376
3.6850 12.1863 -3.1370
3.6600 12.1860 -3.1363
3.6350 12.1856 -3.1357
3.6100 12.1851 -3.1350
3.5850 12.1845 -3.1343
3.5601 12.1839 -3.1336
3.5351 12.1832 -3.1329
3.5101 12.1825 -3.1322
3.4851 12.1818 -3.1314
3.4601 12.1810 -3.1307
3.4351 12.1802 -3.1299
3.4101 12.1795 -3.1293
3.3851 12.1788 -3.1286
3.3601 12.1781 -3.1281
3.3351 12.1774 -3.1276
3.3101 12.1768 -3.1271
3.2851 12.1763 -3.1267
3.2601 12.1758 -3.1264
3.2351 12.1755 -3.1261
3.2101 12.1752 -3.1259
3.1851 12.1750 -3.1258
3.1601 12.1748 -3.1257
3.1351 12.1747 -3.1256
3.1101 12.1747 -3.1257
3.0851 12.1747 -3.1257
3.0601 12.1748 -3.1259
3.0351 12.1749 -3.1261
3.0101 12.1750 -3.1263
2.9851 12.1752 -3.1266
2.9601 12.1754 -3.1270
2.9351 12.1756 -3.1274
2.9101 12.1758 -3.1279
2.8851 12.1760 -3.1285
2.8600 12.1763 -3.1291
2.8350 12.1765 -3.1297
2.8100 12.1767 -3.1305
2.7850 12.1769 -3.1312
2.7600 12.1770 -3.1321
2.7350 12.1771 -3.1330
2.7100 12.1772 -3.1339
2.6850 12.1773 -3.1349
2.6600 12.1773 -3.1360
2.6350 12.1772 -3.1371
2.6100 12.1771 -3.1383
2.5850 12.1770 -3.1396
2.5600 12.1767 -3.1409
2.5350 12.1764 -3.1422
2.5100 12.1760 -3.1437
2.4849 12.1752 -3.1451
2.4598 12.1745 -3.1467
2.4346 12.1740 -3.1483
2.4095 12.1736 -3.1499
2.3844 12.1733 -3.1516
2.3593 12.1731 -3.1534
2.3342 12.1731 -3.1553
2.3091 12.1732 -3.1571
2.2840 12.1733 -3.1591
2.2589 12.1736 -3.1611
2.2338 12.1739 -3.1632
2.2087 12.1743 -3.1653
2.1836 12.1748 -3.1675
2.1585 12.1753 -3.1697
2.1334 12.1759 -3.1718
2.1083 12.1765 -3.1734
2.0832 12.1772 -3.1746
2.0581 12.1779 -3.1754
2.0330 12.1786 -3.1757
2.0079 12.1794 -3.1756
1.9828 12.1801 -3.1751
1.9577 12.1809 -3.1742
1.9326 12.1816 -3.1729
1.9075 12.1823 -3.1711
1.8824 12.1830 -3.1689
1.8573 12.1837 -3.1662
1.8322 12.1843 -3.1632
1.8071 12.1849 -3.1597
1.7820 12.1854 -3.1558
1.7569 12.1859 -3.1515
1.7318 12.1863 -3.1468
1.7067 12.1866 -3.1417
1.6816 12.1868 -3.1361
1.6565 12.1869 -3.1301
1.6314 12.1869 -3.1238
1.6062 12.1868 -3.1170
1.5811 12.1865 -3.1098
1.5560 12.1860 -3.1023
1.5309 12.1854 -3.0943
1.5058 12.1845 -3.0860
1.4807 12.1835 -3.0772
1.4556 12.1822 -3.0680
1.4306 12.1807 -3.0580
1.4055 12.1789 -3.0473
1.3804 12.1769 -3.0359
1.3553 12.1746 -3.0237
1.3303 12.1720 -3.0108
1.3053 12.1691 -2.9971
1.2803 12.1658 -2.9826
1.2554 12.1622 -2.9672
1.2305 12.1581 -2.9510
1.2057 12.1537 -2.9339
1.1810 12.1488 -2.9159
1.1564 12.1435 -2.8970
1.1319 12.1377 -2.8771
1.1076 12.1313 -2.8563
1.0833 12.1245 -2.8345
1.0593 12.1170 -2.8116
1.0353 12.1090 -2.7877
1.0116 12.1005 -2.7628
0.9881 12.0912 -2.7369
0.9647 12.0814 -2.7098
0.9416 12.0709 -2.6818
0.9188 12.0599 -2.6527
0.8962 12.0482 -2.6225
0.8740 12.0359 -2.5914
0.8521 12.0230 -2.5593
0.8306 12.0095 -2.5273
0.8095 11.9954 -2.4964
0.7888 11.9808 -2.4665
0.7686 11.9656 -2.4377
0.7489 11.9498 -2.4101
0.7297 11.9335 -2.3836
0.7110 11.9166 -2.3582
0.6929 11.8992 -2.3338
0.6755 11.8812 -2.3106
0.6586 11.8627 -2.2884
0.6423 11.8438 -2.2673
0.6265 11.8243 -2.2472
0.6113 11.8045 -2.2280
0.5966 11.7842 -2.2094
0.5823 11.7635 -2.1908
0.5685 11.7425 -2.1721
0.5551 11.7212 -2.1533
0.5420 11.6996 -2.1343
0.5293 11.6777 -2.1151
0.5169 11.6556 -2.0956
0.5048 11.6334 -2.0759
0.4929 11.6109 -2.0557
0.4812 11.5883 -2.0351
0.4698 11.5656 -2.0140
0.4585 11.5428 -1.9924
0.4474 11.5199 -1.9701
0.4366 11.4969 -1.9476
0.4260 11.4738 -1.9255
0.4158 11.4507 -1.9038
0.4059 11.4274 -1.8824
0.3964 11.4040 -1.8615
0.3874 11.3805 -1.8410
0.3788 11.3569 -1.8210
0.3707 11.3331 -1.8015
0.3632 11.3092 -1.7825
0.3562 11.2852 -1.7641
0.3499 11.2611 -1.7461
0.3443 11.2368 -1.7288
0.3393 11.2124 -1.7120
0.3351 11.1878 -1.6958
0.3315 11.1631 -1.6801
0.3287 11.1382 -1.6651
0.3264 11.1133 -1.6506
0.3247 11.0883 -1.6368
0.3235 11.0632 -1.6235
0.3228 11.0380 -1.6108
0.3225 11.0127 -1.5988
0.3227 10.9875 -1.5873
0.3232 10.9622 -1.5764
0.3241 10.9369 -1.5661
0.3252 10.9116 -1.5564
0.3266 10.8863 -1.5472
0.3282 10.8610 -1.5387
0.3300 10.8358 -1.5308
0.3319 10.8106 -1.5235
0.3339 10.7855 -1.5168
0.3360 10.7605 -1.5108
0.3381 10.7354 -1.5054
0.3403 10.7104 -1.5006
0.3425 10.6854 -1.4964
0.3447 10.6605 -1.4928
0.3468 10.6355 -1.4898
0.3488 10.6106 -1.4875
0.3508 10.5856 -1.4858
0.3527 10.5606 -1.4846
0.3544 10.5357 -1.4841
0.3561 10.5107 -1.4842
0.3577 10.4857 -1.4848
0.3592 10.4607 -1.4861
0.3605 10.4357 -1.4880
0.3618 10.4107 -1.4905
0.3630 10.3856 -1.4936
0.3642 10.3606 -1.4972
0.3652 10.3355 -1.5015
0.3661 10.3105 -1.5064
0.3670 10.2854 -1.5119
0.3678 10.2604 -1.5181
0.3685 10.2353 -1.5248
0.3691 10.2102 -1.5321
0.3697 10.1852 -1.5395
0.3702 10.1601 -1.5466
0.3706 10.1350 -1.5533
0.3709 10.1099 -1.5597
0.3712 10.0848 -1.5657
0.3714 10.0597 -1.5713
0.3716 10.0345 -1.5766
0.3717 10.0094 -1.5815
0.3717 9.9843 -1.5861
0.3717 9.9592 -1.5903
0.3716 9.9341 -1.5941
0.3715 9.9089 -1.5976
0.3713 9.8838 -1.6007
0.3711 9.8586 -1.6034
0.3708 9.8335 -1.6058
0.3705 9.8084 -1.6078
0.3701 9.7832 -1.6095
0.3697 9.7581 -1.6108
0.3693 9.7329 -1.6118
0.3688 9.7078 -1.6124
0.3683 9.6826 -1.6126
0.3677 9.6575 -1.6125
0.3671 9.6323 -1.6120
0.3665 9.6071 -1.6112
0.3659 9.5820 -1.6100
0.3652 9.5568 -1.6084
0.3645 9.5317 -1.6067
0.3638 9.5065 -1.6051
0.3630 9.4814 -1.6035
0.3623 9.4562 -1.6019
0.3615 9.4311 -1.6005
0.3607 9.4059 -1.5990
0.3599 9.3807 -1.5976
0.3590 9.3556 -1.5963
0.3582 9.3304 -1.5950
0.3574 9.3053 -1.5938
0.3565 9.2801 -1.5927
0.3557 9.2550 -1.5916
0.3548 9.2299 -1.5905
0.3540 9.2047 -1.5895
0.3531 9.1796 -1.5886
0.3523 9.1545 -1.5877
0.3514 9.1293 -1.5868
0.3506 9.1042 -1.5860
0.3498 9.0791 -1.5853
0.3490 9.0540 -1.5846
0.3482 9.0289 -1.5840
0.3474 9.0038 -1.5835
0.3466 8.9787 -1.5830
0.3459 8.9536 -1.5825
0.3451 8.9285 -1.5821
0.3444 8.9034 -1.5818
0.3438 8.8783 -1.5815
0.3431 8.8532 -1.5812
0.3425 8.8281 -1.5811
0.3419 8.8030 -1.5809
0.3414 8.7779 -1.5809
0.3408 8.7528 -1.5808
0.3404 8.7277 -1.5809
0.3399 8.7026 -1.5810
0.3396 8.6775 -1.5811
0.3392 8.6524 -1.5813
0.3389 8.6273 -1.5816
0.3387 8.6022 -1.5819
0.3385 8.5771 -1.5823
0.3384 8.5520 -1.5827
0.3383 8.5269 -1.5832
0.3383 8.5018 -1.5837
0.3383 8.4767 -1.5843
0.3384 8.4516 -1.5850
0.3386 8.4265 -1.5857
0.3388 8.4014 -1.5865
0.3392 8.3763 -1.5873
0.3395 8.3511 -1.5882
0.3400 8.3260 -1.5891
0.3416 8.2995 -1.5901
0.3429 8.2733 -1.5912
0.3439 8.2474 -1.5923
0.3446 8.2217 -1.5932
0.3450 8.1963 -1.5936
0.3452 8.1711 -1.5936
0.3451 8.1460 -1.5931
0.3449 8.1212 -1.5921
0.3445 8.0965 -1.5907
0.3440 8.0719 -1.5888
0.3434 8.0475 -1.5864
0.3426 8.0231 -1.5836
0.3418 7.9988 -1.5803
0.3410 7.9746 -1.5766
0.3402 7.9505 -1.5724
0.3393 7.9263 -1.5678
0.3385 7.9021 -1.5628
0.3378 7.8780 -1.5573
0.3371 7.8537 -1.5514
0.3366 7.8295 -1.5452
0.3362 7.8051 -1.5385
0.3359 7.7807 -1.5315
0.3358 7.7561 -1.5241
0.3360 7.7314 -1.5164
0.3364 7.7065 -1.5083
0.3370 7.6815 -1.4999
0.3379 7.6563 -1.4912
0.3391 7.6309 -1.4822
0.3407 7.6052 -1.4730
0.3426 7.5793 -1.4634
0.3449 7.5531 -1.4534
0.3476 7.5266 -1.4431
0.3508 7.4998 -1.4324
0.3544 7.4727 -1.4213
0.3584 7.4453 -1.4097
0.3629 7.4177 -1.3978
0.3678 7.3899 -1.3854
0.3732 7.3619 -1.3725
0.3791 7.3338 -1.3592
0.3853 7.3056 -1.3454
0.3921 7.2773 -1.3312
0.3992 7.2491 -1.3164
0.4069 7.2208 -1.3010
0.4149 7.1926 -1.2852
0.4234 7.1645 -1.2688
0.4324 7.1366 -1.2518
0.4418 7.1088 -1.2342
0.4516 7.0812 -1.2160
0.4619 7.0539 -1.1972
0.4726 7.0268 -1.1777
0.4838 7.0001 -1.1576
0.4954 6.9737 -1.1368
0.5074 6.9477 -1.1154
0.5199 6.9222 -1.0933
0.5328 6.8971 -1.0705
0.5461 6.8725 -1.0468
0.5599 6.8485 -1.0221
0.5741 6.8251 -0.9960
0.5888 6.8023 -0.9685
0.6038 6.7801 -0.9393
0.6194 6.7587 -0.9083
0.6353 6.7379 -0.8750
0.6517 6.7180 -0.8393
0.6685 6.6988 -0.8010
0.6857 6.6805 -0.7595
0.7034 6.6631 -0.7148
0.7214 6.6466 -0.6663
0.7399 6.6311 -0.6138
0.7589 6.6165 -0.5589
0.7782 6.6030 -0.5036
0.7980 6.5906 -0.4482
0.8182 6.5793 -0.3932
0.8389 6.5691 -0.3389
0.8599 6.5601 -0.2855
0.8814 6.5523 -0.2334
0.9033 6.5458 -0.1828
0.9256 6.5405 -0.1339
0.9484 6.5366 -0.0869
0.9715 6.5341 -0.0418
0.9951 6.5329 0.0012
1.0190 6.5329 0.0421
1.0433 6.5340 0.0785
1.0679 6.5359 0.1080
1.0927 6.5385 0.1309
1.1177 6.5417 0.1476
1.1429 6.5453 0.1582
1.1683 6.5491 0.1628
1.1938 6.5531 0.1618
1.2193 6.5569 0.1551
1.2449 6.5606 0.1427
1.2705 6.5639 0.1248
1.2960 6.5666 0.1012
1.3215 6.5687 0.0719
1.3469 6.5702 0.0369
1.3722 6.5711 0.0014
1.3975 6.5716 -0.0292
1.4227 6.5715 -0.0550
1.4478 6.5711 -0.0761
1.4729 6.5703 -0.0924
1.4979 6.5691 -0.1041
1.5229 6.5677 -0.1112
1.5477 6.5661 -0.1136
1.5725 6.5642 -0.1114
1.5973 6.5622 -0.1046
1.6220 6.5602 -0.0930
1.6466 6.5580 -0.0765
1.6711 6.5559 -0.0552
1.6956 6.5538 -0.0324
1.7201 6.5518 -0.0120
1.7446 6.5500 0.0058
1.7692 6.5483 0.0212
1.7939 6.5469 0.0339
1.8188 6.5458 0.0439
1.8439 6.5451 0.0512
1.8692 6.5448 0.0559
1.8948 6.5450 0.0579
1.9208 6.5456 0.0572
1.9472 6.5469 0.0540
1.9739 6.5486 0.0481
2.0008 6.5507 0.0397
2.0278 6.5529 0.0289
2.0549 6.5551 0.0150
2.0819 6.5572 -0.0029
2.1087 6.5589 -0.0250
2.1351 6.5602 -0.0516
2.1612 6.5608 -0.0831
2.1867 6.5607 -0.1202
2.2117 6.5595 -0.1634
2.2359 6.5573 -0.2135
2.2592 6.5538 -0.2713
2.2817 6.5488 -0.3377
2.3030 6.5422 -0.4133
2.3232 6.5338 -0.4987
2.3422 6.5236 -0.5938
2.3599 6.5114 -0.6920
2.3763 6.4974 -0.7857
2.3916 6.4817 -0.8735
2.4058 6.4644 -0.9546
2.4189 6.4456 -1.0287
2.4309 6.4254 -1.0957
2.4419 6.4040 -1.1559
2.4520 6.3813 -1.2099
2.4611 6.3576 -1.2581
2.4695 6.3329 -1.3010
2.4769 6.3073 -1.3392
2.4837 6.2809 -1.3731
2.4896 6.2539 -1.4032
2.4949 6.2264 -1.4299
2.4996 6.1983 -1.4535
2.5037 6.1700 -1.4743
2.5072 6.1414 -1.4925
2.5103 6.1126 -1.5084
2.5128 6.0838 -1.5221
2.5150 6.0551 -1.5337
2.5168 6.0265 -1.5434
2.5183 5.9983 -1.5512
2.5195 5.9704 -1.5571
2.5204 5.9429 -1.5612
2.5212 5.9160 -1.5634
2.5218 5.8896 -1.5637
2.5222 5.8636 -1.5630
2.5225 5.8380 -1.5624
2.5226 5.8127 -1.5619
2.5226 5.7878 -1.5615
2.5225 5.7630 -1.5612
2.5223 5.7385 -1.5610
2.5221 5.7141 -1.5609
2.5218 5.6899 -1.5609
2.5214 5.6657 -1.5610
2.5210 5.6416 -1.5612
2.5206 5.6174 -1.5616
2.5203 5.5932 -1.5620
2.5199 5.5688 -1.5626
2.5196 5.5443 -1.5633
2.5193 5.5198 -1.5642
2.5190 5.4950 -1.5651
2.5188 5.4702 -1.5662
2.5187 5.4453 -1.5673
2.5185 5.4203 -1.5686
2.5185 5.3952 -1.5699
2.5185 5.3701 -1.5714
2.5185 5.3449 -1.5729
2.5186 5.3197 -1.5744
2.5188 5.2944 -1.5761
2.5190 5.2691 -1.5778
2.5193 5.2438 -1.5795
2.5196 5.2185 -1.5811
2.5201 5.1932 -1.5825
2.5205 5.1679 -1.5837
2.5211 5.1427 -1.5846
2.5216 5.1174 -1.5854
2.5222 5.0922 -1.5859
2.5227 5.0670 -1.5863
2.5231 5.0419 -1.5865
2.5235 5.0168 -1.5864
2.5237 4.9917 -1.5862
2.5238 4.9667 -1.5858
2.5238 4.9418 -1.5852
2.5235 4.9169 -1.5843
2.5231 4.8920 -1.5832
2.5224 4.8672 -1.5818
2.5214 4.8425 -1.5801
2.5201 4.8178 -1.5781
2.5185 4.7932 -1.5759
2.5168 4.7686 -1.5733
2.5150 4.7440 -1.5705
2.5132 4.7192 -1.5675
2.5118 4.6942 -1.5644
2.5106 4.6689 -1.5610
2.5101 4.6432 -1.5576
2.5101 4.6171 -1.5540
2.5107 4.5907 -1.5504
2.5118 4.5639 -1.5491
2.5131 4.5370 -1.5525
2.5145 4.5101 -1.5605
2.5159 4.4832 -1.5730
2.5170 4.4565 -1.5904
2.5177 4.4301 -1.6129
2.5179 4.4041 -1.6412
2.5174 4.3785 -1.6759
2.5160 4.3536 -1.7180
2.5135 4.3293 -1.7685
2.5099 4.3059 -1.8289
2.5049 4.2835 -1.9004
2.4984 4.2620 -1.9846
2.4902 4.2417 -2.0827
2.4802 4.2227 -2.1880
2.4684 4.2049 -2.2915
2.4548 4.1883 -2.3903
2.4396 4.1729 -2.4821
2.4229 4.1586 -2.5655
2.4046 4.1454 -2.6396
2.3850 4.1332 -2.7045
2.3641 4.1220 -2.7605
2.3420 4.1118 -2.8082
2.3187 4.1026 -2.8484
2.2944 4.0942 -2.8818
2.2692 4.0866 -2.9090
2.2431 4.0798 -2.9308
2.2163 4.0738 -2.9492
2.1887 4.0685 -2.9663
2.1606 4.0639 -2.9825
2.1319 4.0599 -2.9980
2.1029 4.0565 -3.0131
2.0735 4.0536 -3.0280
2.0438 4.0512 -3.0430
2.0140 4.0493 -3.0583
1.9841 4.0478 -3.0741
1.9543 4.0467 -3.0907
1.9245 4.0459 -3.1083
1.8950 4.0454 -3.1275
1.8657 4.0451 -3.1486
1.8367 4.0451 -3.1700
1.8083 4.0453 -3.1897
1.7803 4.0455 -3.2070
1.7530 4.0459 -3.2216
1.7265 4.0463 -3.2330
1.7007 4.0467 -3.2408
1.6758 4.0470 -3.2446
1.6519 4.0473 -3.2444
1.6290 4.0475 -3.2400
1.6073 4.0474 -3.2314
1.5868 4.0472 -3.2188
1.5677 4.0468 -3.2025
1.5500 4.0460 -3.1828
1.5272 4.0485 -3.1621
1.5037 4.0504 -3.1422
1.4797 4.0518 -3.1231
1.4552 4.0526 -3.1046
1.4302 4.0530 -3.0868
1.4047 4.0528 -3.0694
1.3788 4.0521 -3.0525
1.3525 4.0509 -3.0360
1.3258 4.0491 -3.0198
1.2989 4.0468 -3.0039
1.2716 4.0441 -2.9882
1.2441 4.0408 -2.9727
1.2164 4.0370 -2.9573
1.1885 4.0327 -2.9420
1.1604 4.0279 -2.9268
1.1323 4.0226 -2.9116
1.1041 4.0167 -2.8963
1.0758 4.0104 -2.8811
1.0476 4.0036 -2.8657
1.0194 3.9963 -2.8502
0.9913 3.9885 -2.8346
0.9632 3.9803 -2.8187
0.9353 3.9715 -2.8026
0.9076 3.9622 -2.7863
0.8801 3.9525 -2.7696
0.8529 3.9423 -2.7526
0.8260 3.9316 -2.7351
0.7993 3.9205 -2.7169
0.7731 3.9088 -2.6980
0.7472 3.8967 -2.6783
0.7217 3.8841 -2.6576
0.6967 3.8711 -2.6359
0.6722 3.8576 -2.6131
0.6483 3.8436 -2.5891
0.6249 3.8292 -2.5637
0.6021 3.8143 -2.5369
0.5800 3.7990 -2.5086
0.5585 3.7832 -2.4785
0.5378 3.7669 -2.4466
0.5178 3.7502 -2.4126
0.4986 3.7331 -2.3766
0.4802 3.7155 -2.3382
0.4626 3.6975 -2.2974
0.4460 3.6791 -2.2540
0.4302 3.6602 -2.2080
0.4155 3.6408 -2.1592
0.4017 3.6211 -2.1076
0.3890 3.6009 -2.0532
0.3773 3.5803 -1.9961
0.3668 3.5592 -1.9364
0.3573 3.5377 -1.8743
0.3491 3.5158 -1.8103
0.3421 3.4935 -1.7486
0.3363 3.4708 -1.6933
0.3318 3.4477 -1.6448
0.3286 3.4241 -1.6029
0.3266 3.4002 -1.5675
0.3258 3.3759 -1.5384
0.3260 3.3513 -1.5153
0.3270 3.3264 -1.4979
0.3287 3.3013 -1.4860
0.3310 3.2760 -1.4794
0.3337 3.2505 -1.4780
0.3367 3.2249 -1.4815
0.3398 3.1992 -1.4899
0.3429 3.1735 -1.5031
0.3459 3.1478 -1.5180
0.3485 3.1221 -1.5313
0.3508 3.0965 -1.5431
0.3525 3.0710 -1.5534
0.3539 3.0455 -1.5622
0.3548 3.0202 -1.5695
0.3553 2.9949 -1.5755
0.3555 2.9697 -1.5800
0.3554 2.9445 -1.5832
0.3552 2.9193 -1.5849
0.3547 2.8943 -1.5853
0.3541 2.8692 -1.5842
0.3533 2.8442 -1.5817
0.3526 2.8191 -1.5786
0.3518 2.7941 -1.5757
0.3511 2.7691 -1.5731
0.3504 2.7440 -1.5708
0.3499 2.7190 -1.5687
0.3495 2.6939 -1.5669
0.3492 2.6688 -1.5653
0.3491 2.6436 -1.5640
0.3491 2.6185 -1.5630
0.3491 2.5933 -1.5623
0.3492 2.5682 -1.5619
0.3494 2.5430 -1.5617
0.3495 2.5178 -1.5619
0.3497 2.4925 -1.5623
0.3499 2.4673 -1.5630
0.3500 2.4421 -1.5641
0.3501 2.4169 -1.5654
0.3502 2.3917 -1.5670
0.3501 2.3665 -1.5689
0.3500 2.3412 -1.5710
0.3497 2.3160 -1.5735
0.3493 2.2908 -1.5763
0.3489 2.2657 -1.5793
0.3483 2.2405 -1.5826
0.3477 2.2153 -1.5862
0.3470 2.1901 -1.5901
0.3463 2.1650 -1.5938
0.3455 2.1398 -1.5970
0.3447 2.1146 -1.5996
0.3439 2.0895 -1.6017
0.3431 2.0643 -1.6032
0.3423 2.0392 -1.6042
0.3415 2.0140 -1.6047
0.3407 1.9888 -1.6046
0.3399 1.9637 -1.6040
0.3392 1.9385 -1.6028
0.3386 1.9134 -1.6011
0.3380 1.8882 -1.5989
0.3375 1.8631 -1.5962
0.3371 1.8379 -1.5929
0.3367 1.8127 -1.5891
0.3365 1.7876 -1.5848
0.3364 1.7624 -1.5799
0.3365 1.7372 -1.5746
0.3366 1.7120 -1.5687
0.3370 1.6868 -1.5623
0.3375 1.6616 -1.5553
0.3381 1.6364 -1.5479
0.3390 1.6112 -1.5399
0.3400 1.5860 -1.5315
0.3435 1.5623 -1.5225
0.3468 1.5383 -1.5130
0.3500 1.5141 -1.5030
0.3530 1.4897 -1.4925
0.3561 1.4650 -1.4814
0.3591 1.4402 -1.4697
0.3621 1.4153 -1.4575
0.3652 1.3902 -1.4447
0.3683 1.3651 -1.4312
0.3715 1.3398 -1.4172
0.3749 1.3145 -1.4025
0.3784 1.2892 -1.3871
0.3822 1.2639 -1.3711
0.3862 1.2386 -1.3544
0.3905 1.2133 -1.3371
0.3950 1.1882 -1.3190
0.3999 1.1631 -1.3001
0.4052 1.1381 -1.2806
0.4109 1.1133 -1.2603
0.4170 1.0887 -1.2392
0.4236 1.0642 -1.2174
0.4307 1.0400 -1.1948
0.4384 1.0160 -1.1715
0.4466 0.9922 -1.1474
0.4554 0.9688 -1.1225
0.4648 0.9456 -1.0969
0.4749 0.9228 -1.0705
0.4857 0.9004 -1.0435
0.4973 0.8784 -1.0163
0.5096 0.8567 -0.9895
0.5227 0.8355 -0.9630
0.5365 0.8147 -0.9370
0.5511 0.7944 -0.9113
0.5664 0.7745 -0.8860
0.5824 0.7551 -0.8610
0.5990 0.7361 -0.8363
0.6161 0.7176 -0.8118
0.6339 0.6995 -0.7877
0.6521 0.6818 -0.7637
0.6708 0.6647 -0.7400
0.6899 0.6480 -0.7165
0.7095 0.6317 -0.6931
0.7294 0.6159 -0.6699
0.7497 0.6006 -0.6469
0.7703 0.5858 -0.6239
0.7911 0.5715 -0.6010
0.8122 0.5576 -0.5781
0.8335 0.5441 -0.5553
0.8551 0.5312 -0.5325
0.8769 0.5187 -0.5096
0.8990 0.5066 -0.4867
0.9212 0.4950 -0.4637
0.9437 0.4838 -0.4406
0.9664 0.4730 -0.4174
0.9892 0.4627 -0.3943
1.0123 0.4528 -0.3717
1.0356 0.4433 -0.3495
1.0590 0.4342 -0.3277
1.0826 0.4255 -0.3063
1.1064 0.4172 -0.2855
1.1303 0.4093 -0.2651
1.1544 0.4018 -0.2451
1.1786 0.3947 -0.2257
1.2029 0.3881 -0.2067
1.2273 0.3818 -0.1883
1.2519 0.3761 -0.1703
1.2765 0.3707 -0.1527
1.3012 0.3659 -0.1357
1.3260 0.3615 -0.1191
1.3509 0.3577 -0.1030
1.3758 0.3543 -0.0874
1.4007 0.3514 -0.0722
1.4257 0.3491 -0.0575
1.4506 0.3474 -0.0432
1.4756 0.3462 -0.0294
1.5006 0.3455 -0.0159
1.5256 0.3454 -0.0029
1.5506 0.3458 0.0097
1.5756 0.3466 0.0219
1.6005 0.3479 0.0337
1.6255 0.3495 0.0449
1.6505 0.3515 0.0553
1.6754 0.3538 0.0649
1.7004 0.3563 0.0737
1.7254 0.3591 0.0817
1.7503 0.3620 0.0889
1.7753 0.3651 0.0953
1.8003 0.3682 0.1009
1.8252 0.3715 0.1057
1.8502 0.3747 0.1097
1.8752 0.3780 0.1130
1.9001 0.3811 0.1154
1.9251 0.3842 0.1171
1.9501 0.3872 0.1179
1.9751 0.3900 0.1180
2.0001 0.3926 0.1173
2.0251 0.3951 0.1158
2.0501 0.3974 0.1135
2.0751 0.3996 0.1104
2.1001 0.4016 0.1065
2.1251 0.4035 0.1019
2.1502 0.4053 0.0964
2.1752 0.4069 0.0901
2.2002 0.4084 0.0830
2.2253 0.4097 0.0751
2.2503 0.4110 0.0664
2.2753 0.4121 0.0575
2.3004 0.4131 0.0489
2.3254 0.4140 0.0407
2.3505 0.4147 0.0329
2.3755 0.4154 0.0254
2.4006 0.4160 0.0183
2.4256 0.4164 0.0115
2.4507 0.4168 0.0052
2.4758 0.4170 -0.0008
2.5008 0.4172 -0.0065
2.5259 0.4173 -0.0117
2.5510 0.4173 -0.0166
2.5761 0.4172 -0.0211
2.6011 0.4170 -0.0253
2.6262 0.4167 -0.0290
2.6513 0.4164 -0.0324
2.6764 0.4160 -0.0355
2.7015 0.4155 -0.0381
2.7265 0.4150 -0.0404
2.7516 0.4144 -0.0423
2.7767 0.4138 -0.0439
2.8018 0.4131 -0.0450
2.8269 0.4123 -0.0458
2.8520 0.4115 -0.0462
2.8771 0.4106 -0.0463
2.9022 0.4098 -0.0460
2.9273 0.4088 -0.0454
2.9524 0.4079 -0.0449
2.9775 0.4069 -0.0444
3.0025 0.4058 -0.0438
3.0276 0.4048 -0.0432
3.0527 0.4037 -0.0426
3.0778 0.4026 -0.0420
3.1029 0.4015 -0.0414
3.1280 0.4003 -0.0408
3.1531 0.3992 -0.0401
3.1782 0.3980 -0.0395
3.2033 0.3969 -0.0388
3.2284 0.3957 -0.0381
3.2535 0.3946 -0.0374
3.2786 0.3934 -0.0367
3.3036 0.3923 -0.0360
3.3287 0.3912 -0.0352
3.3538 0.3901 -0.0344
3.3789 0.3890 -0.0337
3.4040 0.3879 -0.0329
3.4291 0.3869 -0.0321
3.4541 0.3858 -0.0312
3.4792 0.3848 -0.0304
3.5043 0.3839 -0.0296
3.5294 0.3830 -0.0287
3.5544 0.3821 -0.0278
3.5795 0.3813 -0.0269
3.6046 0.3805 -0.0260
3.6296 0.3797 -0.0251
3.6547 0.3790 -0.0242
3.6797 0.3784 -0.0232
3.7048 0.3778 -0.0222
3.7298 0.3773 -0.0213
3.7549 0.3769 -0.0203
3.7799 0.3765 -0.0193
3.8050 0.3762 -0.0182
3.8300 0.3760 -0.0172
3.8550 0.3760 -0.0162
3.8801 0.3760 -0.0151
3.9051 0.3760 -0.0140
3.9301 0.3760 -0.0129
3.9551 0.3760 -0.0118
3.9801 0.3760 -0.0107
4.0052 0.3760 -0.0096
4.0302 0.3760 -0.0084
4.0552 0.3760 -0.0072
4.0802 0.3760 -0.0061
4.1053 0.3760 -0.0049
4.1303 0.3760 -0.0037
4.1553 0.3760 -0.0024
4.1803 0.3760 -0.0012
4.2054 0.3760 0.0000
4.2304 0.3760 0.0013
4.2554 0.3760 0.0025
4.2804 0.3760 0.0037
4.3055 0.3760 0.0048
4.3305 0.3760 0.0058
4.3555 0.3760 0.0067
4.3805 0.3760 0.0075
4.4056 0.3760 0.0083
4.4306 0.3760 0.0090
4.4556 0.3760 0.0096
4.4806 0.3760 0.0102
4.5057 0.3760 0.0106
4.5307 0.3760 0.0110
4.5557 0.3760 0.0113
4.5807 0.3760 0.0116
4.6058 0.3760 0.0117
4.6308 0.3760 0.0118
4.6558 0.3760 0.0118
4.6808 0.3761 0.0117
4.7059 0.3761 0.0116
4.7309 0.3761 0.0114
4.7559 0.3761 0.0111
4.7809 0.3761 0.0107
4.8060 0.3761 0.0102
4.8310 0.3761 0.0097
4.8560 0.3761 0.0091
4.8810 0.3761 0.0084
4.9061 0.3761 0.0077
4.9311 0.3761 0.0068
4.9561 0.3760 0.0059
4.9811 0.3760 0.0049
5.0062 0.3759 0.0039
5.0312 0.3759 0.0027
5.0562 0.3758 0.0015
5.0812 0.3757 0.0002
5.1062 0.3757 -0.0012
5.1313 0.3756 -0.0026
5.1563 0.3756 -0.0041
5.1813 0.3756 -0.0057
5.2063 0.3756 -0.0074
5.2314 0.3756 -0.0091
5.2564 0.3756 -0.0109
5.2814 0.3757 -0.0128
5.3064 0.3758 -0.0148
5.3315 0.3759 -0.0169
5.3565 0.3761 -0.0190
5.3815 0.3763 -0.0212
5.4066 0.3765 -0.0235
5.4316 0.3768 -0.0258
5.4566 0.3770 -0.0282
5.4817 0.3772 -0.0307
5.5067 0.3774 -0.0333
5.5317 0.3775 -0.0359
5.5568 0.3776 -0.0380
5.5818 0.3776 -0.0388
5.6068 0.3776 -0.0384
5.6318 0.3774 -0.0367
5.6568 0.3772 -0.0337
5.6819 0.3768 -0.0295
5.7069 0.3763 -0.0240
5.7319 0.3757 -0.0173
5.7569 0.3749 -0.0092
5.7818 0.3741 0.0001
5.8068 0.3734 0.0108
5.8318 0.3726 0.0228
5.8568 0.3721 0.0362
5.8818 0.3717 0.0509
5.9068 0.3715 0.0670
5.9318 0.3717 0.0845
5.9568 0.3723 0.1034
5.9818 0.3733 0.1236
6.0069 0.3749 0.1453
6.0319 0.3769 0.1684
6.0570 0.3797 0.1928
6.0820 0.3831 0.2186
6.1071 0.3873 0.2456
6.1322 0.3922 0.2740
6.1572 0.3981 0.3035
6.1820 0.4048 0.3342
6.2066 0.4124 0.3660
6.2309 0.4209 0.3992
6.2548 0.4304 0.4345
6.2782 0.4409 0.4719
6.3010 0.4524 0.5115
6.3232 0.4649 0.5533
6.3447 0.4786 0.5974
6.3654 0.4933 0.6437
6.3852 0.5093 0.6921
6.4040 0.5264 0.7427
6.4219 0.5447 0.7951
6.4386 0.5642 0.8493
6.4541 0.5850 0.9049
6.4686 0.6068 0.9616
6.4823 0.6295 1.0119
6.4952 0.6527 1.0492
6.5077 0.6764 1.0745
6.5198 0.7001 1.0885
6.5318 0.7238 1.0913
6.5438 0.7471 1.0827
6.5559 0.7698 1.0619
6.5685 0.7917 1.0274
6.5816 0.8126 0.9770
6.5954 0.8322 0.9079
6.6102 0.8503 0.8165
6.6260 0.8667 0.6996
6.6431 0.8810 0.5556
6.6616 0.8932 0.4063
6.6815 0.9032 0.2782
6.7027 0.9113 0.1757
6.7251 0.9174 0.0988
6.7485 0.9220 0.0457
6.7729 0.9251 0.0136
6.7981 0.9269 0.0003
6.8240 0.9276 -0.0050
6.8504 0.9273 -0.0118
6.8772 0.9264 -0.0201
6.9043 0.9249 -0.0298
6.9317 0.9230 -0.0410
6.9590 0.9210 -0.0536
6.9863 0.9189 -0.0638
7.0134 0.9170 -0.0676
7.0402 0.9155 -0.0652
7.0666 0.9144 -0.0565
7.0927 0.9137 -0.0416
7.1185 0.9134 -0.0200
7.1439 0.9134 0.0085
7.1691 0.9138 0.0377
7.1941 0.9144 0.0609
7.2189 0.9153 0.0781
7.2436 0.9163 0.0892
7.2681 0.9175 0.0938
7.2926 0.9189 0.0913
7.3170 0.9203 0.0848
7.3414 0.9218 0.0777
7.3658 0.9233 0.0700
7.3902 0.9248 0.0620
7.4147 0.9263 0.0539
7.4394 0.9276 0.0457
7.4641 0.9289 0.0378
7.4889 0.9301 0.0303
7.5138 0.9312 0.0233
7.5387 0.9322 0.0169
7.5637 0.9331 0.0113
7.5888 0.9339 0.0064
7.6139 0.9345 0.0022
7.6390 0.9351 -0.0012
7.6642 0.9356 -0.0042
7.6894 0.9359 -0.0071
7.7146 0.9361 -0.0100
7.7397 0.9362 -0.0132
7.7649 0.9362 -0.0172
7.7901 0.9360 -0.0230
7.8152 0.9357 -0.0279
7.8403 0.9353 -0.0261
7.8654 0.9347 -0.0202
7.8904 0.9341 -0.0144
7.9155 0.9334 -0.0101
7.9405 0.9327 -0.0071
7.9655 0.9319 -0.0049
8.0654 0.9287 -0.0055
8.2153 0.9253 -0.0125
8.2320 0.9251 -0.0236
8.2486 0.9250 -0.0247
8.2653 0.9249 -0.0244
8.2820 0.9248 -0.0228
8.2987 0.9248 -0.0208
8.3154 0.9248 -0.0190
8.3320 0.9248 -0.0175
8.3487 0.9248 -0.0162
8.3654 0.9249 -0.0150
8.3821 0.9250 -0.0140
8.3988 0.9250 -0.0131
8.4155 0.9251 -0.0122
8.4322 0.9252 -0.0113
8.4489 0.9254 -0.0104
8.4656 0.9255 -0.0095
8.4823 0.9256 -0.0086
8.4990 0.9257 -0.0077
8.5156 0.9258 -0.0069
8.5323 0.9260 -0.0060
8.5490 0.9261 -0.0051
8.5657 0.9261 -0.0042
8.5824 0.9262 -0.0034
8.5991 0.9263 -0.0025
8.6158 0.9264 -0.0017
8.6325 0.9264 -0.0009
8.6491 0.9265 -0.0001
8.6658 0.9265 0.0007
8.6825 0.9266 0.0014
8.6992 0.9266 0.0021
8.7159 0.9266 0.0028
8.7326 0.9266 0.0034
8.7492 0.9266 0.0047
8.7659 0.9266 0.0125
8.7409 0.9266 0.0120
8.7659 0.9266 0.0047
8.7909 0.9265 0.0052
8.8160 0.9265 0.0056
8.8410 0.9264 0.0061
8.8660 0.9263 0.0065
8.8910 0.9262 0.0070
8.9160 0.9260 0.0074
8.9411 0.9259 0.0078
8.9661 0.9257 0.0082
8.9911 0.9255 0.0086
9.0161 0.9253 0.0089
9.0412 0.9252 0.0093
9.0662 0.9250 0.0096
9.0912 0.9249 0.0099
9.1163 0.9248 0.0102
9.1413 0.9248 0.0104
9.1663 0.9248 0.0107
9.1913 0.9248 0.0110
9.2164 0.9250 0.0112
9.2414 0.9252 0.0114
9.2664 0.9255 0.0117
9.2914 0.9258 0.0119
9.3164 0.9263 0.0121
9.3415 0.9269 0.0123
9.3665 0.9275 0.0125
9.3915 0.9282 0.0127
9.4165 0.9290 0.0129
9.4415 0.9298 0.0130
9.4665 0.9306 0.0132
9.4915 0.9314 0.0134
9.5166 0.9321 0.0135
9.5416 0.9329 0.0136
9.5666 0.9336 0.0138
9.5916 0.9343 0.0139
9.6166 0.9349 0.0140
9.6416 0.9354 0.0141
9.6667 0.9358 0.0142
9.6917 0.9361 0.0143
9.7167 0.9363 0.0144
9.7417 0.9364 0.0145
9.7667 0.9364 0.0145
9.7918 0.9363 0.0146
9.8168 0.9362 0.0146
9.8418 0.9361 0.0147
9.8669 0.9359 0.0147
9.8919 0.9358 0.0147
9.9169 0.9356 0.0147
9.9419 0.9355 0.0147
9.9670 0.9355 0.0147
9.9920 0.9355 0.0147
10.0170 0.9356 0.0147
10.0420 0.9358 0.0146
10.0670 0.9361 0.0146
10.0921 0.9365 0.0145
10.1171 0.9371 0.0144
10.1421 0.9377 0.0144
10.1671 0.9384 0.0143
10.1921 0.9391 0.0142
10.2171 0.9399 0.0141
10.2422 0.9407 0.0139
10.2672 0.9416 0.0138
10.2922 0.9424 0.0137
10.3172 0.9431 0.0135
10.3422 0.9439 0.0134
10.3672 0.9446 0.0132
10.3922 0.9451 0.0130
10.4173 0.9456 0.0128
10.4423 0.9460 0.0127
10.4673 0.9463 0.0125
10.4923 0.9464 0.0123
10.5174 0.9465 0.0121
10.5424 0.9465 0.0119
10.5674 0.9464 0.0117
10.5924 0.9463 0.0116
10.6175 0.9461 0.0114
10.6425 0.9460 0.0112
10.6675 0.9458 0.0110
10.6925 0.9457 0.0108
10.7176 0.9456 0.0106
10.7426 0.9456 0.0104
10.7676 0.9456 0.0103
10.7926 0.9457 0.0101
10.8177 0.9460 0.0099
10.8427 0.9463 0.0097
10.8677 0.9468 0.0095
10.8927 0.9473 0.0093
10.9177 0.9480 0.0091
10.9427 0.9486 0.0089
10.9678 0.9494 0.0087
10.9928 0.9502 0.0085
11.0178 0.9510 0.0083
11.0428 0.9518 0.0081
11.0678 0.9526 0.0080
11.0928 0.9533 0.0078
11.1178 0.9541 0.0076
11.1429 0.9547 0.0074
11.1679 0.9553 0.0072
11.1929 0.9559 0.0070
11.2179 0.9563 0.0068
11.2429 0.9566 0.0066
11.2680 0.9569 0.0064
11.2930 0.9570 0.0062
11.3180 0.9571 0.0060
11.3430 0.9571 0.0058
11.3680 0.9571 0.0056
11.3931 0.9571 0.0054
11.4181 0.9569 0.0052
11.4431 0.9568 0.0050
11.4682 0.9567 0.0048
11.4932 0.9565 0.0046
11.5182 0.9563 0.0044
11.5432 0.9562 0.0042
11.5683 0.9561 0.0040
11.5933 0.9559 0.0037
11.6183 0.9559 0.0035
11.6433 0.9558 0.0033
11.6684 0.9558 0.0031
11.6934 0.9557 0.0029
11.7184 0.9557 0.0027
11.7434 0.9558 0.0025
11.7685 0.9558 0.0023
11.7935 0.9558 0.0021
11.8185 0.9558 0.0019
11.8435 0.9559 0.0017
11.8686 0.9559 0.0014
11.8936 0.9560 0.0012
11.9186 0.9560 0.0010
11.9436 0.9560 0.0008
11.9687 0.9560 0.0006
11.9937 0.9560 0.0004
12.0187 0.9560 0.0002
12.0437 0.9560 -0.0001
12.0688 0.9559 -0.0003
12.0938 0.9559 -0.0005
12.1188 0.9559 -0.0007
12.1438 0.9558 -0.0009
12.1688 0.9558 -0.0012
12.1939 0.9558 -0.0014
12.2189 0.9558 -0.0016
12.2439 0.9558 -0.0018
12.2689 0.9559 -0.0020
12.2940 0.9559 -0.0023
12.3190 0.9560 -0.0025
12.3440 0.9561 -0.0027
12.3691 0.9562 -0.0029
12.3941 0.9563 -0.0032
12.4191 0.9564 -0.0034
12.4441 0.9565 -0.0036
12.4692 0.9567 -0.0038
12.4942 0.9568 -0.0041
12.5192 0.9568 -0.0043
12.5442 0.9569 -0.0045
12.5693 0.9569 -0.0048
12.5943 0.9569 -0.0050
12.6193 0.9568 -0.0052
12.6443 0.9567 -0.0054
12.6694 0.9565 -0.0057
12.6944 0.9562 -0.0059
12.7194 0.9559 -0.0061
12.7444 0.9554 -0.0064
12.7694 0.9549 -0.0066
12.7944 0.9544 -0.0068
12.8195 0.9538 -0.0071
12.8445 0.9531 -0.0073
12.8695 0.9524 -0.0076
12.8945 0.9517 -0.0078
12.9195 0.9510 -0.0080
12.9445 0.9502 -0.0083
12.9696 0.9495 -0.0085
12.9946 0.9487 -0.0088
13.0196 0.9480 -0.0090
13.0446 0.9472 -0.0092
13.0696 0.9465 -0.0094
13.0946 0.9459 -0.0095
13.1196 0.9453 -0.0096
13.1447 0.9447 -0.0097
13.1697 0.9442 -0.0098
13.1947 0.9438 -0.0098
13.2197 0.9434 -0.0099
13.2447 0.9432 -0.0098
13.2698 0.9430 -0.0098
13.2948 0.9429 -0.0097
13.3198 0.9430 -0.0096
13.3448 0.9431 -0.0095
13.3699 0.9434 -0.0094
13.3949 0.9438 -0.0092
13.4199 0.9444 -0.0090
13.4450 0.9451 -0.0088
13.4700 0.9460 -0.0085
13.4950 0.9463 -0.0082
13.5200 0.9465 -0.0079
13.5451 0.9467 -0.0076
13.5701 0.9468 -0.0072
13.5951 0.9469 -0.0068
13.6201 0.9470 -0.0064
13.6451 0.9470 -0.0060
13.6702 0.9469 -0.0055
13.6952 0.9469 -0.0050
13.7202 0.9468 -0.0045
13.7452 0.9466 -0.0039
13.7703 0.9465 -0.0033
13.7953 0.9464 -0.0027
13.8203 0.9462 -0.0021
13.8453 0.9460 -0.0015
13.8704 0.9459 -0.0008
13.8954 0.9457 -0.0001
13.9204 0.9456 0.0007
13.9454 0.9454 0.0015
13.9705 0.9453 0.0022
13.9955 0.9452 0.0031
14.0205 0.9451 0.0039
14.0455 0.9451 0.0048
14.0706 0.9450 0.0057
14.0956 0.9451 0.0066
14.1206 0.9451 0.0076
14.1456 0.9452 0.0085
14.1706 0.9454 0.0095
14.1957 0.9456 0.0106
14.2207 0.9459 0.0116
14.2457 0.9462 0.0127
14.2707 0.9466 0.0138
14.2957 0.9471 0.0150
14.3207 0.9476 0.0161
14.3458 0.9482 0.0173
14.3708 0.9488 0.0184
14.3958 0.9494 0.0194
14.4208 0.9501 0.0203
14.4458 0.9508 0.0212
14.4708 0.9516 0.0220
14.4958 0.9523 0.0227
14.5209 0.9531 0.0234
14.5459 0.9539 0.0240
14.5709 0.9547 0.0245
14.5959 0.9555 0.0250
14.6209 0.9564 0.0254
14.6459 0.9572 0.0258
14.6709 0.9580 0.0260
14.6959 0.9588 0.0262
14.7210 0.9596 0.0264
14.7460 0.9603 0.0265
14.7710 0.9611 0.0265
14.7960 0.9618 0.0264
14.8210 0.9625 0.0263
14.8460 0.9631 0.0261
14.8710 0.9637 0.0258
14.8961 0.9643 0.0255
14.9211 0.9648 0.0251
14.9461 0.9653 0.0246
14.9711 0.9657 0.0241
14.9961 0.9661 0.0235
15.0211 0.9664 0.0229
15.0461 0.9666 0.0221
15.0712 0.9668 0.0214
15.0962 0.9669 0.0205
15.1212 0.9670 0.0196
15.1462 0.9671 0.0186
15.1712 0.9671 0.0175
15.1962 0.9670 0.0164
15.2213 0.9670 0.0152
15.2463 0.9668 0.0140
15.2713 0.9667 0.0127
15.2963 0.9665 0.0113
15.3214 0.9663 0.0099
15.3464 0.9661 0.0084
15.3715 0.9659 0.0068
15.3965 0.9656 0.0051
15.4216 0.9654 0.0034
15.4466 0.9651 0.0017
15.4717 0.9649 -0.0002
15.4967 0.9647 -0.0020
15.5218 0.9645 -0.0040
15.5468 0.9644 -0.0060
15.5718 0.9643 -0.0081
15.5969 0.9643 -0.0103
15.6219 0.9644 -0.0125
15.6469 0.9646 -0.0147
15.6719 0.9648 -0.0167
15.6969 0.9651 -0.0186
15.7218 0.9656 -0.0204
15.7468 0.9662 -0.0220
15.7717 0.9669 -0.0235
15.7966 0.9676 -0.0249
15.8215 0.9684 -0.0261
15.8465 0.9692 -0.0273
15.8714 0.9700 -0.0282
15.8963 0.9706 -0.0291
15.9213 0.9711 -0.0298
15.9462 0.9715 -0.0304
15.9712 0.9717 -0.0308
15.9963 0.9716 -0.0312
16.0213 0.9712 -0.0314
16.0465 0.9704 -0.0314
16.0716 0.9693 -0.0314
16.0969 0.9678 -0.0311
16.1222 0.9658 -0.0308
16.1475 0.9634 -0.0303
16.1729 0.9606 -0.0297
16.1983 0.9575 -0.0289
16.2238 0.9543 -0.0280
16.2492 0.9511 -0.0270
16.2745 0.9481 -0.0258
16.2998 0.9452 -0.0244
16.3250 0.9428 -0.0208
16.3501 0.9408 -0.0127
16.3750 0.9394 0.0000
16.3999 0.9387 0.0173
16.4245 0.9388 0.0393
16.4489 0.9399 0.0660
16.4731 0.9421 0.0974
16.4971 0.9455 0.1335
16.5208 0.9502 0.1743
16.5443 0.9561 0.2194
16.5675 0.9633 0.2686
16.5904 0.9715 0.3214
16.6132 0.9809 0.3773
16.6357 0.9912 0.4318
16.6580 1.0025 0.4810
16.6800 1.0146 0.5253
16.7019 1.0275 0.5649
16.7236 1.0412 0.6003
16.7452 1.0555 0.6317
16.7665 1.0704 0.6595
16.7877 1.0858 0.6839
16.8088 1.1016 0.7052
16.8297 1.1178 0.7236
16.8504 1.1344 0.7392
16.8710 1.1512 0.7523
16.8913 1.1683 0.7628
16.9113 1.1858 0.7741
16.9307 1.2036 0.7894
16.9495 1.2217 0.8089
16.9677 1.2402 0.8329
16.9850 1.2591 0.8617
17.0015 1.2785 0.8958
17.0170 1.2982 0.9358
17.0314 1.3184 0.9820
17.0445 1.3390 1.0352
17.0564 1.3601 1.0958
17.0669 1.3817 1.1642
17.0758 1.4038 1.2407
17.0832 1.4265 1.3249
17.0889 1.4496 1.4087
17.0932 1.4733 1.4832
17.0962 1.4973 1.5474
17.0980 1.5218 1.6007
17.0988 1.5466 1.6435
17.0986 1.5716 1.6761
17.0977 1.5969 1.6989
17.0962 1.6225 1.7127
17.0941 1.6481 1.7179
17.0918 1.6739 1.7150
17.0892 1.6998 1.7044
17.0865 1.7257 1.6864
17.0839 1.7515 1.6615
17.0815 1.7773 1.6357
17.0795 1.8030 1.6138
17.0779 1.8286 1.5944
17.0766 1.8540 1.5764
17.0758 1.8793 1.5588
17.0752 1.9045 1.5401
17.0750 1.9296 1.5174
17.0750 1.9546 1.5484
17.0752 1.9796 1.5654
17.0773 2.0760 1.5635
17.0812 2.3746 1.4786
17.0811 2.3913 1.5233
17.0810 2.4080 1.5321
17.0809 2.4247 1.5414
17.0808 2.4414 1.5510
17.0807 2.4581 1.5604
17.0806 2.4749 1.5694
17.0804 2.4916 1.5774
17.0803 2.5083 1.5842
17.0802 2.5251 1.5898
17.0801 2.5418 1.5945
17.0800 2.5585 1.5983
17.0799 2.5753 1.6015
17.0798 2.5920 1.6039
17.0798 2.6088 1.6058
17.0797 2.6255 1.6067
17.0797 2.6423 1.6061
17.0797 2.6590 1.6039
17.0796 2.6757 1.6005
17.0796 2.6924 1.5959
17.0796 2.7092 1.5905
17.0796 2.7259 1.5846
17.0796 2.7426 1.5857
17.0797 2.7759 1.5703
17.0797 2.7926 1.5697
17.0801 3.2232 1.4720
17.0801 3.1518 1.4913
17.0801 3.1767 1.5036
17.0801 3.2018 1.5139
17.0801 3.2270 1.5238
17.0801 3.2524 1.5340
17.0801 3.2779 1.5451
17.0800 3.3035 1.5575
17.0800 3.3294 1.5718
17.0799 3.3554 1.5883
17.0798 3.3815 1.6076
17.0793 3.4077 1.6301
17.0786 3.4338 1.6567
17.0774 3.4599 1.6883
17.0757 3.4857 1.7244
17.0733 3.5114 1.7637
17.0702 3.5367 1.8062
17.0662 3.5616 1.8518
17.0612 3.5861 1.9004
17.0552 3.6101 1.9520
17.0480 3.6334 2.0061
17.0395 3.6561 2.0623
17.0296 3.6780 2.1202
17.0182 3.6991 2.1790
17.0053 3.7194 2.2383
16.9909 3.7387 2.2973
16.9751 3.7573 2.3554
16.9581 3.7751 2.4102
16.9399 3.7920 2.4603
16.9206 3.8082 2.5059
16.9004 3.8237 2.5472
16.8794 3.8385 2.5848
16.8576 3.8525 2.6188
16.8351 3.8659 2.6497
16.8121 3.8786 2.6776
16.7887 3.8906 2.7029
16.7649 3.9021 2.7257
16.7409 3.9130 2.7463
16.7167 3.9233 2.7648
16.6925 3.9330 2.7814
16.6683 3.9422 2.7969
16.6441 3.9509 2.8123
16.6198 3.9591 2.8275
16.5956 3.9669 2.8424
16.5713 3.9742 2.8571
16.5471 3.9810 2.8716
16.5228 3.9874 2.8858
16.4985 3.9935 2.8997
16.4742 3.9991 2.9134
16.4498 4.0044 2.9268
16.4255 4.0093 2.9398
16.4011 4.0139 2.9526
16.3767 4.0181 2.9651
16.3523 4.0221 2.9772
16.3279 4.0258 2.9890
16.3034 4.0293 3.0005
16.2789 4.0325 3.0116
16.2544 4.0355 3.0224
16.2298 4.0383 3.0329
16.2052 4.0409 3.0430
16.1806 4.0433 3.0527
16.1560 4.0455 3.0621
16.1313 4.0475 3.0711
16.1066 4.0493 3.0798
16.0819 4.0510 3.0881
16.0572 4.0525 3.0961
16.0324 4.0539 3.1037
16.0076 4.0551 3.1109
15.9828 4.0562 3.1177
15.9580 4.0571 3.1242
15.9331 4.0579 3.1303
15.9082 4.0585 3.1361
15.8833 4.0590 3.1415
15.8584 4.0594 3.1465
15.8335 4.0597 3.1512
15.8085 4.0598 3.1555
15.7836 4.0599 3.1594
15.7586 4.0598 3.1630
15.7336 4.0597 3.1663
15.7086 4.0595 3.1691
15.6835 4.0591 3.1716
15.6585 4.0587 3.1738
15.6334 4.0583 3.1755
15.6083 4.0577 3.1770
15.5833 4.0571 3.1780
15.5582 4.0564 3.1787
15.5331 4.0557 3.1791
15.5079 4.0549 3.1791
15.4828 4.0541 3.1787
15.4577 4.0533 3.1780
15.4325 4.0524 3.1769
15.4074 4.0515 3.1755
15.3822 4.0505 3.1739
15.3571 4.0496 3.1723
15.3319 4.0486 3.1708
15.3067 4.0477 3.1693
15.2816 4.0467 3.1678
15.2564 4.0457 3.1664
15.2312 4.0448 3.1650
15.2060 4.0438 3.1636
15.1808 4.0429 3.1623
15.1556 4.0420 3.1610
15.1305 4.0411 3.1598
15.1053 4.0403 3.1585
15.0801 4.0395 3.1574
15.0549 4.0388 3.1562
15.0297 4.0381 3.1551
15.0046 4.0374 3.1540
14.9794 4.0368 3.1530
14.9542 4.0363 3.1520
14.9291 4.0359 3.1510
14.9039 4.0356 3.1501
14.8788 4.0353 3.1492
14.8536 4.0351 3.1483
14.8285 4.0350 3.1475
14.8034 4.0350 3.1467
14.7783 4.0351 3.1459
14.7532 4.0353 3.1452
14.7281 4.0357 3.1445
14.7030 4.0361 3.1438
14.6780 4.0367 3.1432
14.6529 4.0374 3.1426
14.6279 4.0381 3.1421
14.6029 4.0389 3.1416
14.5778 4.0398 3.1411
14.5528 4.0407 3.1406
14.5278 4.0415 3.1402
14.5028 4.0424 3.1398
14.4778 4.0432 3.1395
14.4528 4.0439 3.1392
14.4278 4.0446 3.1389
14.4028 4.0451 3.1387
14.3778 4.0456 3.1385
14.3528 4.0459 3.1383
14.3278 4.0460 3.1382
14.3028 4.0459 3.1381
14.2778 4.0457 3.1380
14.2528 4.0454 3.1380
14.2278 4.0448 3.1380
14.2028 4.0442 3.1380
14.1778 4.0435 3.1381
14.1528 4.0427 3.1382
14.1278 4.0419 3.1384
14.1028 4.0410 3.1386
14.0777 4.0401 3.1388
14.0527 4.0393 3.1390
14.0277 4.0384 3.1392
14.0027 4.0376 3.1394
13.9777 4.0369 3.1396
13.9526 4.0363 3.1398
13.9276 4.0358 3.1400
13.9026 4.0353 3.1402
13.8776 4.0350 3.1404
13.8525 4.0348 3.1405
13.8275 4.0347 3.1407
13.8025 4.0346 3.1409
13.7775 4.0347 3.1411
13.7525 4.0347 3.1413
13.7274 4.0348 3.1415
13.7024 4.0350 3.1417
13.6774 4.0352 3.1419
13.6524 4.0353 3.1421
13.6273 4.0355 3.1423
13.6023 4.0357 3.1425
13.5773 4.0359 3.1427
13.5523 4.0360 3.1428
13.5272 4.0362 3.1430
13.5022 4.0362 3.1432
13.4772 4.0363 3.1434
13.4522 4.0363 3.1436
13.4272 4.0363 3.1438
13.4021 4.0363 3.1439
13.3771 4.0363 3.1441
13.3521 4.0363 3.1443
13.3271 4.0363 3.1445
13.3020 4.0362 3.1447
13.2770 4.0362 3.1449
13.2520 4.0361 3.1450
13.2270 4.0361 3.1452
13.2020 4.0360 3.1454
13.1769 4.0360 3.1456
13.1519 4.0360 3.1457
13.1269 4.0360 3.1459
13.1019 4.0360 3.1461
13.0768 4.0360 3.1463
13.0518 4.0360 3.1464
13.0268 4.0360 3.1466
13.0018 4.0360 3.1468
12.9767 4.0360 3.1470
12.9517 4.0360 3.1471
12.9267 4.0360 3.1473
12.9017 4.0360 3.1475
12.8767 4.0360 3.1476
12.8516 4.0360 3.1478
12.8266 4.0360 3.1480
12.8016 4.0360 3.1481
12.7766 4.0360 3.1483
12.7515 4.0359 3.1485
12.7265 4.0359 3.1486
12.7015 4.0359 3.1487
12.6765 4.0358 3.1488
12.6515 4.0358 3.1490
12.6264 4.0358 3.1490
12.6014 4.0358 3.1491
12.5764 4.0357 3.1492
12.5514 4.0357 3.1493
12.5263 4.0357 3.1493
12.5013 4.0358 3.1494
12.4763 4.0358 3.1494
12.4513 4.0359 3.1494
12.4263 4.0360 3.1494
12.4012 4.0361 3.1494
12.3762 4.0362 3.1494
12.3512 4.0364 3.1494
12.3262 4.0365 3.1494
12.3011 4.0367 3.1493
12.2761 4.0368 3.1493
12.2511 4.0369 3.1492
12.2261 4.0370 3.1491
12.2010 4.0370 3.1490
12.1760 4.0370 3.1489
12.1510 4.0370 3.1488
12.1260 4.0369 3.1487
12.1009 4.0367 3.1486
12.0759 4.0365 3.1484
12.0509 4.0362 3.1483
12.0259 4.0358 3.1481
12.0009 4.0353 3.1479
11.9759 4.0347 3.1477
11.9508 4.0340 3.1475
11.9258 4.0334 3.1473
11.9008 4.0326 3.1471
11.8758 4.0319 3.1469
11.8508 4.0311 3.1466
11.8258 4.0303 3.1464
11.8008 4.0296 3.1461
11.7758 4.0288 3.1458
11.7507 4.0281 3.1456
11.7257 4.0274 3.1453
11.7007 4.0268 3.1450
11.6757 4.0263 3.1446
11.6507 4.0258 3.1443
11.6257 4.0255 3.1440
11.6006 4.0252 3.1436
11.5756 4.0250 3.1433
11.5506 4.0248 3.1429
11.5256 4.0247 3.1425
11.5006 4.0247 3.1421
11.4755 4.0247 3.1417
11.4505 4.0248 3.1413
11.4255 4.0249 3.1409
11.4005 4.0250 3.1405
11.3754 4.0252 3.1402
11.3504 4.0254 3.1398
11.3254 4.0256 3.1395
11.3004 4.0258 3.1391
11.2753 4.0260 3.1388
11.2503 4.0263 3.1385
11.2253 4.0265 3.1382
11.2003 4.0267 3.1379
11.1752 4.0269 3.1377
11.1502 4.0270 3.1374
11.1252 4.0272 3.1371
11.1002 4.0272 3.1369
11.0751 4.0273 3.1367
11.0501 4.0273 3.1365
11.0251 4.0273 3.1363
11.0001 4.0271 3.1361
10.9751 4.0270 3.1359
10.9500 4.0267 3.1357
10.9250 4.0264 3.1356
10.9000 4.0260 3.1355
10.8750 4.0272 3.1353
10.8500 4.0283 3.1352
10.8250 4.0293 3.1351
10.7999 4.0302 3.1350
10.7749 4.0311 3.1349
10.7499 4.0319 3.1349
10.7249 4.0326 3.1348
10.6999 4.0332 3.1348
10.6749 4.0338 3.1347
10.6498 4.0342 3.1347
10.6248 4.0347 3.1347
10.5998 4.0351 3.1347
10.5748 4.0354 3.1347
10.5497 4.0357 3.1348
10.5247 4.0359 3.1348
10.4997 4.0361 3.1349
10.4747 4.0362 3.1349
10.4496 4.0363 3.1350
10.4246 4.0364 3.1351
10.3996 4.0364 3.1352
10.3746 4.0365 3.1353
10.3495 4.0365 3.1354
10.3245 4.0364 3.1356
10.2995 4.0364 3.1357
10.2745 4.0364 3.1359
10.2494 4.0363 3.1360
10.2244 4.0362 3.1362
10.1994 4.0362 3.1364
10.1743 4.0361 3.1366
10.1493 4.0360 3.1368
10.1243 4.0360 3.1371
10.0993 4.0359 3.1373
10.0742 4.0359 3.1375
10.0492 4.0359 3.1377
10.0242 4.0359 3.1378
9.9991 4.0359 3.1380
9.9741 4.0359 3.1382
9.9491 4.0359 3.1384
9.9241 4.0359 3.1386
9.8990 4.0359 3.1388
9.8740 4.0359 3.1389
9.8490 4.0359 3.1391
9.8240 4.0360 3.1393
9.7989 4.0360 3.1394
9.7739 4.0360 3.1396
9.7489 4.0360 3.1397
9.7239 4.0360 3.1399
9.6988 4.0360 3.1401
9.6738 4.0360 3.1402
9.6488 4.0360 3.1404
9.6237 4.0360 3.1407
9.5987 4.0360 3.1411
9.5737 4.0360 3.1412
9.4652 4.0360 3.1410
9.4486 4.0360 3.1408
9.4319 4.0360 3.1408
9.4152 4.0360 3.1410
9.3985 4.0360 3.1412
9.3818 4.0360 3.1414
9.3651 4.0360 3.1415
9.3484 4.0360 3.1417
9.3318 4.0360 3.1419
9.3151 4.0360 3.1420
9.2984 4.0360 3.1421
9.2817 4.0360 3.1423
9.2650 4.0360 3.1424
9.2483 4.0360 3.1425
9.2316 4.0360 3.1426
9.2150 4.0360 3.1427
9.1983 4.0360 3.1428
9.1816 4.0360 3.1429
9.1649 4.0360 3.1430
9.1482 4.0360 3.1431
9.1315 4.0360 3.1432
9.1149 4.0360 3.1433
9.0982 4.0360 3.1433
9.0815 4.0360 3.1434
9.0648 4.0360 3.1435
9.0481 4.0360 3.1436
9.0314 4.0360 3.1436
9.0147 4.0360 3.1437
8.9981 4.0360 3.1437
8.9814 4.0360 3.1438
8.9647 4.0360 3.1438
8.9480 4.0360 3.1438
8.9313 4.0360 3.1438
8.9146 4.0360 3.1438
8.8980 4.0360 3.1438
8.8813 4.0360 3.1437
8.8646 4.0360 3.1437
8.8479 4.0360 3.1437
8.8312 4.0360 3.1437
8.8145 4.0360 3.1439
8.7978 4.0360 3.1441
8.7812 4.0360 3.1444
8.7645 4.0360 3.1464
8.7978 4.0360 3.1629
8.7728 4.0360 3.1433
8.7478 4.0360 3.1427
8.7228 4.0360 3.1426
8.6977 4.0360 3.1426
8.6727 4.0360 3.1426
8.6477 4.0360 3.1426
8.6227 4.0360 3.1426
8.5976 4.0360 3.1425
8.5726 4.0360 3.1425
8.5476 4.0360 3.1424
8.5225 4.0360 3.1423
8.4975 4.0360 3.1422
8.4725 4.0360 3.1422
8.4475 4.0360 3.1421
8.4224 4.0360 3.1420
8.3974 4.0360 3.1419
8.3724 4.0360 3.1418
8.3474 4.0360 3.1417
8.3223 4.0360 3.1416
8.2973 4.0360 3.1415
8.2723 4.0360 3.1414
8.2472 4.0360 3.1413
8.2222 4.0360 3.1412
8.1972 4.0360 3.1411
8.1722 4.0360 3.1409
8.1471 4.0360 3.1408
8.1221 4.0360 3.1407
8.0971 4.0360 3.1405
8.0721 4.0360 3.1404
8.0470 4.0360 3.1403
8.0220 4.0360 3.1401
7.9970 4.0360 3.1400
7.9719 4.0360 3.1398
7.9469 4.0360 3.1397
7.9219 4.0360 3.1395
7.8969 4.0360 3.1394
7.8718 4.0360 3.1392
7.8468 4.0360 3.1391
7.8218 4.0360 3.1389
7.7968 4.0360 3.1388
7.7717 4.0359 3.1386
7.7467 4.0359 3.1385
7.7217 4.0359 3.1383
7.6966 4.0359 3.1382
7.6716 4.0359 3.1381
7.6466 4.0359 3.1380
7.6216 4.0358 3.1378
7.5965 4.0358 3.1377
7.5715 4.0359 3.1376
7.5465 4.0359 3.1375
7.5215 4.0359 3.1374
7.4964 4.0359 3.1373
7.4714 4.0360 3.1372
7.4464 4.0361 3.1371
7.4214 4.0361 3.1370
7.3963 4.0362 3.1369
7.3713 4.0363 3.1368
7.3463 4.0365 3.1367
7.3213 4.0366 3.1366
7.2962 4.0367 3.1365
7.2712 4.0369 3.1364
7.2462 4.0370 3.1364
7.2212 4.0372 3.1363
7.1961 4.0374 3.1362
7.1711 4.0376 3.1362
7.1461 4.0377 3.1361
7.1211 4.0379 3.1360
7.0960 4.0382 3.1360
7.0710 4.0384 3.1359
7.0460 4.0386 3.1359
7.0210 4.0388 3.1358
6.9959 4.0390 3.1358
6.9709 4.0393 3.1357
6.9459 4.0395 3.1357
6.9209 4.0397 3.1357
6.8958 4.0400 3.1356
6.8708 4.0402 3.1356
6.8458 4.0405 3.1356
6.8208 4.0407 3.1356
6.7958 4.0410 3.1355
6.7707 4.0412 3.1355
6.7457 4.0414 3.1355
6.7207 4.0417 3.1355
6.6957 4.0419 3.1355
6.6706 4.0422 3.1355
6.6456 4.0424 3.1355
6.6206 4.0427 3.1355
6.5955 4.0429 3.1355
6.5705 4.0431 3.1355
6.5455 4.0433 3.1355
6.5205 4.0436 3.1355
6.4954 4.0438 3.1355
6.4704 4.0440 3.1356
6.4454 4.0442 3.1356
6.4204 4.0444 3.1356
6.3953 4.0446 3.1357
6.3703 4.0447 3.1357
6.3453 4.0449 3.1357
6.3202 4.0451 3.1358
6.2952 4.0452 3.1358
6.2702 4.0454 3.1359
6.2451 4.0455 3.1359
6.2201 4.0456 3.1360
6.1951 4.0457 3.1360
6.1700 4.0458 3.1361
6.1450 4.0459 3.1361
6.1200 4.0460 3.1362
6.0949 4.0460 3.1363
6.0699 4.0461 3.1363
6.0449 4.0461 3.1364
6.0198 4.0461 3.1365
5.9948 4.0461 3.1366
5.9698 4.0461 3.1367
5.9447 4.0461 3.1368
5.9197 4.0461 3.1368
5.8947 4.0461 3.1369
5.8696 4.0461 3.1370
5.8446 4.0460 3.1371
5.8196 4.0460 3.1372
5.7946 4.0460 3.1374
5.7696 4.0460 3.1375
5.7445 4.0460 3.1376
5.7195 4.0460 3.1377
5.6945 4.0460 3.1378
5.6695 4.0460 3.1379
5.6445 4.0460 3.1381
5.6195 4.0461 3.1382
5.5945 4.0461 3.1383
5.5696 4.0462 3.1385
5.5446 4.0462 3.1386
5.5196 4.0463 3.1387
5.4946 4.0463 3.1389
5.4696 4.0464 3.1390
5.4447 4.0465 3.1392
5.4197 4.0465 3.1393
5.3947 4.0466 3.1395
5.3697 4.0467 3.1397
5.3448 4.0468 3.1398
5.3198 4.0469 3.1400
5.2948 4.0469 3.1402
5.2699 4.0470 3.1403
5.2449 4.0471 3.1405
5.2199 4.0472 3.1407
5.1950 4.0473 3.1408
5.1700 4.0474 3.1410
5.1450 4.0475 3.1411
5.1200 4.0476 3.1413
5.0951 4.0477 3.1414
5.0701 4.0477 3.1415
5.0451 4.0478 3.1417
5.0201 4.0479 3.1418
4.9952 4.0480 3.1419
4.9702 4.0480 3.1420
4.9452 4.0481 3.1421
4.9202 4.0482 3.1422
4.8952 4.0482 3.1423
4.8702 4.0483 3.1424
4.8452 4.0483 3.1425
4.8202 4.0484 3.1426
4.7952 4.0484 3.1427
4.7702 4.0484 3.1428
4.7452 4.0485 3.1429
4.7201 4.0485 3.1430
4.6951 4.0485 3.1430
4.6701 4.0485 3.1431
4.6450 4.0485 3.1432
4.6200 4.0485 3.1432
4.5949 4.0484 3.1433
4.5699 4.0484 3.1433
4.5448 4.0483 3.1433
4.5197 4.0483 3.1434
4.4947 4.0482 3.1434
4.4696 4.0481 3.1435
4.4445 4.0480 3.1435
4.4194 4.0479 3.1435
4.3943 4.0478 3.1435
4.3691 4.0476 3.1435
4.3440 4.0475 3.1435
4.3189 4.0473 3.1435
4.2937 4.0471 3.1435
4.2686 4.0469 3.1435
4.2434 4.0467 3.1435
4.2182 4.0465 3.1435
4.1930 4.0462 3.1435
4.1678 4.0460 3.1435
4.1426 4.0457 3.1434
4.1174 4.0454 3.1434
4.0922 4.0451 3.1434
4.0670 4.0449 3.1433
4.0418 4.0446 3.1433
4.0167 4.0444 3.1432
3.9916 4.0443 3.1432
3.9665 4.0442 3.1432
3.9414 4.0441 3.1434
3.9164 4.0442 3.1437
3.8915 4.0443 3.1442
3.8666 4.0445 3.1449
3.8418 4.0449 3.1457
3.8171 4.0453 3.1466
3.7924 4.0459 3.1477
3.7678 4.0467 3.1490
3.7433 4.0475 3.1504
3.7188 4.0483 3.1520
3.6943 4.0491 3.1537
3.6698 4.0498 3.1555
3.6451 4.0504 3.1576
3.6203 4.0508 3.1597
3.5954 4.0510 3.1620
3.5702 4.0508 3.1645
3.5449 4.0502 3.1671
3.5192 4.0492 3.1699
3.4932 4.0478 3.1727
3.4669 4.0457 3.1758
3.4403 4.0432 3.1789
3.4133 4.0402 3.1823
3.3862 4.0369 3.1857
3.3591 4.0336 3.1893
3.3320 4.0304 3.1930
3.3051 4.0274 3.1932
3.2784 4.0248 3.1862
3.2521 4.0228 3.1717
3.2262 4.0216 3.1494
3.2010 4.0212 3.1186
3.1764 4.0219 3.0783
3.1526 4.0239 3.0274
3.1297 4.0272 2.9646
3.1078 4.0321 2.8888
3.0870 4.0387 2.7988
3.0675 4.0473 2.6945
3.0492 4.0578 2.5768
3.0321 4.0702 2.4485
3.0162 4.0845 2.3236
3.0015 4.1004 2.2140
2.9880 4.1180 2.1195
2.9754 4.1370 2.0389
2.9639 4.1575 1.9706
2.9534 4.1792 1.9128
2.9438 4.2022 1.8639
2.9351 4.2262 1.8225
2.9273 4.2512 1.7876
2.9202 4.2771 1.7582
2.9139 4.3038 1.7337
2.9082 4.3311 1.7133
2.9033 4.3590 1.6969
2.8989 4.3873 1.6826
2.8951 4.4161 1.6693
2.8918 4.4450 1.6568
2.8890 4.4741 1.6450
2.8867 4.5033 1.6341
2.8847 4.5324 1.6238
2.8830 4.5613 1.6143
2.8817 4.5900 1.6054
2.8806 4.6183 1.5972
2.8797 4.6462 1.5897
2.8790 4.6735 1.5828
2.8784 4.7003 1.5765
2.8780 4.7266 1.5710
2.8777 4.7526 1.5660
2.8775 4.7781 1.5618
2.8774 4.8033 1.5585
2.8775 4.8282 1.5560
2.8776 4.8528 1.5545
2.8778 4.8772 1.5540
2.8781 4.9014 1.5545
2.8784 4.9254 1.5562
2.8788 4.9492 1.5588
2.8792 4.9730 1.5625
2.8796 4.9967 1.5671
2.8801 5.0203 1.5726
2.8805 5.0440 1.5788
2.8809 5.0677 1.5857
2.8813 5.0915 1.5921
2.8817 5.1154 1.5969
2.8820 5.1395 1.6003
2.8823 5.1637 1.6025
2.8824 5.1882 1.6033
2.8825 5.2129 1.6030
2.8826 5.2379 1.6015
2.8825 5.2632 1.5987
2.8822 5.2889 1.5948
2.8819 5.3150 1.5895
2.8814 5.3415 1.5828
2.8808 5.3685 1.5746
2.8800 5.3960 1.5647
2.8769 5.4225 1.5546
2.8746 5.4487 1.5458
2.8728 5.4746 1.5384
2.8717 5.5003 1.5327
2.8711 5.5256 1.5287
2.8709 5.5508 1.5265
2.8711 5.5758 1.5261
2.8717 5.6006 1.5276
2.8725 5.6252 1.5309
2.8736 5.6498 1.5360
2.8747 5.6743 1.5428
2.8760 5.6988 1.5512
2.8773 5.7232 1.5611
2.8786 5.7477 1.5718
2.8798 5.7722 1.5826
2.8809 5.7967 1.5937
2.8817 5.8214 1.6050
2.8823 5.8462 1.6167
2.8825 5.8712 1.6286
2.8823 5.8964 1.6408
2.8817 5.9217 1.6534
2.8805 5.9474 1.6664
2.8788 5.9732 1.6798
2.8765 5.9994 1.6936
2.8736 6.0258 1.7079
2.8701 6.0524 1.7227
2.8660 6.0791 1.7380
2.8613 6.1060 1.7538
2.8561 6.1330 1.7702
2.8503 6.1601 1.7873
2.8440 6.1872 1.8049
2.8371 6.2143 1.8233
2.8296 6.2414 1.8424
2.8216 6.2684 1.8623
2.8131 6.2953 1.8829
2.8040 6.3221 1.9044
2.7944 6.3487 1.9267
2.7843 6.3751 1.9499
2.7737 6.4013 1.9741
2.7625 6.4273 1.9989
2.7509 6.4529 2.0239
2.7387 6.4783 2.0492
2.7260 6.5032 2.0749
2.7129 6.5278 2.1010
2.6992 6.5520 2.1275
2.6851 6.5757 2.1545
2.6705 6.5989 2.1822
2.6554 6.6216 2.2105
2.6398 6.6438 2.2395
2.6238 6.6654 2.2692
2.6073 6.6863 2.2998
2.5904 6.7066 2.3313
2.5730 6.7262 2.3637
2.5552 6.7452 2.3971
2.5369 6.7633 2.4316
2.5182 6.7807 2.4673
2.4991 6.7973 2.5040
2.4796 6.8130 2.5420
2.4596 6.8278 2.5813
2.4392 6.8417 2.6218
2.4184 6.8547 2.6635
2.3972 6.8667 2.7066
2.3757 6.8777 2.7508
2.3537 6.8877 2.7963
2.3313 6.8966 2.8428
2.3086 6.9044 2.8885
2.2854 6.9110 2.9313
2.2619 6.9165 2.9711
2.2381 6.9208 3.0078
2.2139 6.9240 3.0415
2.1894 6.9263 3.0722
2.1647 6.9277 3.0999
2.1397 6.9283 3.1247
2.1146 6.9282 3.1467
2.0892 6.9276 3.1660
2.0638 6.9264 3.1826
2.0382 6.9248 3.1966
2.0126 6.9230 3.2082
1.9869 6.9209 3.2172
1.9612 6.9187 3.2239
1.9356 6.9165 3.2281
1.9100 6.9143 3.2300
1.8845 6.9123 3.2296
1.8591 6.9104 3.2267
1.8337 6.9086 3.2214
1.8084 6.9070 3.2137
1.7832 6.9056 3.2035
1.7580 6.9045 3.1907
1.7329 6.9035 3.1752
1.7079 6.9029 3.1569
1.6829 6.9025 3.1358
1.6581 6.9024 3.1117
1.6333 6.9026 3.0880
1.6085 6.9031 3.0685
1.5839 6.9041 3.0534
1.5593 6.9054 3.0428
1.5348 6.9071 3.0369
1.5104 6.9092 3.0355
1.4859 6.9115 3.0387
1.4614 6.9139 3.0463
1.4368 6.9164 3.0581
1.4120 6.9188 3.0738
1.3871 6.9210 3.0932
1.3619 6.9230 3.1159
1.3363 6.9245 3.1416
1.3105 6.9256 3.1648
1.2842 6.9260 3.1809
1.2575 6.9259 3.1906
1.2306 6.9252 3.1942
1.2034 6.9243 3.1918
1.1762 6.9232 3.1833
1.1491 6.9221 3.1685
1.1221 6.9212 3.1469
1.0953 6.9207 3.1176
1.0690 6.9206 3.0796
1.0432 6.9213 3.0316
1.0180 6.9229 2.9719
0.9935 6.9254 2.8984
0.9699 6.9292 2.8149
0.9472 6.9343 2.7272
0.9257 6.9410 2.6369
0.9053 6.9494 2.5455
0.8863 6.9596 2.4550
0.8686 6.9717 2.3669
0.8522 6.9858 2.2829
0.8371 7.0015 2.2041
0.8232 7.0189 2.1311
0.8105 7.0378 2.0643
0.7989 7.0581 2.0038
0.7884 7.0798 1.9494
0.7789 7.1026 1.9006
0.7703 7.1265 1.8578
0.7626 7.1514 1.8208
0.7558 7.1772 1.7885
0.7497 7.2037 1.7604
0.7444 7.2309 1.7357
0.7398 7.2586 1.7141
0.7357 7.2868 1.6951
0.7323 7.3153 1.6785
0.7294 7.3440 1.6639
0.7269 7.3728 1.6512
0.7249 7.4016 1.6402
0.7232 7.4303 1.6308
0.7218 7.4588 1.6230
0.7207 7.4870 1.6160
0.7197 7.5147 1.6091
0.7189 7.5420 1.6022
0.7183 7.5688 1.5955
0.7178 7.5951 1.5890
0.7174 7.6211 1.5827
0.7172 7.6466 1.5766
0.7171 7.6719 1.5708
0.7171 7.6969 1.5654
0.7172 7.7215 1.5603
0.7174 7.7460 1.5556
0.7177 7.7703 1.5514
0.7180 7.7944 1.5476
0.7184 7.8184 1.5443
0.7189 7.8422 1.5416
0.7195 7.8660 1.5393
0.7201 7.8898 1.5375
0.7207 7.9136 1.5363
0.7214 7.9375 1.5357
0.7221 7.9614 1.5355
0.7229 7.9854 1.5359
0.7236 8.0095 1.5367
0.7244 8.0338 1.5381
0.7251 8.0584 1.5399
0.7258 8.0831 1.5422
0.7265 8.1082 1.5449
0.7272 8.1335 1.5476
0.7279 8.1592 1.5502
0.7285 8.1852 1.5525
0.7290 8.2117 1.5547
0.7296 8.2386 1.5567
0.7300 8.2660 1.5585
0.7282 8.2925 1.5603
0.7267 8.3187 1.5619
0.7256 8.3446 1.5633
0.7248 8.3703 1.5647
0.7243 8.3958 1.5660
0.7241 8.4210 1.5673
0.7241 8.4461 1.5684
0.7244 8.4710 1.5694
0.7248 8.4957 1.5704
0.7254 8.5203 1.5713
0.7262 8.5447 1.5722
0.7270 8.5691 1.5729
0.7279 8.5934 1.5735
0.7289 8.6177 1.5739
0.7298 8.6419 1.5743
0.7308 8.6661 1.5745
0.7317 8.6902 1.5746
0.7326 8.7144 1.5745
0.7334 8.7387 1.5743
0.7341 8.7630 1.5740
0.7346 8.7874 1.5736
0.7349 8.8118 1.5739
0.7350 8.8364 1.5759
0.7349 8.8612 1.5794
0.7346 8.8860 1.5843
0.7339 8.9111 1.5907
0.7330 8.9363 1.5986
0.7317 8.9618 1.6079
0.7300 8.9875 1.6186
0.7279 9.0134 1.6309
0.7255 9.0397 1.6448
0.7225 9.0662 1.6604
0.7191 9.0930 1.6777
0.7152 9.1201 1.6969
0.7110 9.1474 1.7134
0.7067 9.1747 1.7227
0.7024 9.2021 1.7245
0.6983 9.2293 1.7187
0.6946 9.2564 1.7047
0.6914 9.2831 1.6819
0.6889 9.3093 1.6493
0.6873 9.3350 1.6059
0.6867 9.3601 1.5503
0.6873 9.3844 1.4812
0.6892 9.4079 1.3976
0.6926 9.4305 1.2991
0.6978 9.4519 1.1864
0.7047 9.4722 1.0699
0.7137 9.4913 0.9600
0.7248 9.5090 0.8580
0.7378 9.5254 0.7646
0.7528 9.5407 0.6799
0.7694 9.5547 0.6032
0.7877 9.5675 0.5340
0.8076 9.5793 0.4714
0.8288 9.5901 0.4144
0.8513 9.5998 0.3624
0.8751 9.6085 0.3147
0.8999 9.6164 0.2705
0.9256 9.6234 0.2292
0.9522 9.6295 0.1914
0.9795 9.6349 0.1574
1.0074 9.6395 0.1269
1.0359 9.6435 0.0994
1.0647 9.6468 0.0747
1.0938 9.6496 0.0523
1.1230 9.6518 0.0321
1.1523 9.6534 0.0139
1.1815 9.6547 -0.0025
1.2105 9.6555 -0.0173
1.2392 9.6559 -0.0305
1.2676 9.6561 -0.0423
1.2953 9.6560 -0.0526
1.3225 9.6556 -0.0627
1.3492 9.6550 -0.0741
1.3753 9.6542 -0.0882
1.4010 9.6533 -0.1070
1.4263 9.6522 -0.0592
1.4512 9.6509 -0.0234
1.4759 9.6495 -0.0197
1.5858 9.6421 -0.0291
1.7493 9.6309 -0.0460
1.7660 9.6300 -0.0788
1.7828 9.6293 -0.1428
1.7996 9.6286 -0.2066
1.8164 9.6282 -0.1416
1.8333 9.6279 -0.0785
1.8501 9.6277 -0.0439
1.8670 9.6278 -0.0146
1.8838 9.6280 0.0188
1.9007 9.6285 0.0671
1.9175 9.6293 0.1577
1.9342 9.6303 0.4163
1.9510 9.6315 0.4040
1.9676 9.6331 0.2185
1.9842 9.6350 0.1577
2.0008 9.6372 0.1965
2.2079 9.6964 0.5220
2.2234 9.7026 1.1198
2.2388 9.7090 0.4061
2.2543 9.7155 0.1615
2.2697 9.7220 -0.0043
2.2352 9.7075 0.1228
2.2584 9.7172 0.2791
2.2816 9.7270 0.3541
2.3048 9.7369 0.3916
2.3280 9.7468 0.4074
2.3513 9.7565 0.4077
2.3747 9.7660 0.3944
2.3981 9.7753 0.3741
2.4217 9.7842 0.3537
2.4454 9.7926 0.3332
2.4693 9.8007 0.3127
2.4932 9.8084 0.2922
2.5173 9.8157 0.2718
2.5415 9.8226 0.2515
2.5657 9.8291 0.2315
2.5901 9.8351 0.2116
2.6146 9.8408 0.1920
2.6391 9.8460 0.1728
2.6638 9.8507 0.1539
2.6885 9.8550 0.1355
2.7132 9.8589 0.1174
2.7381 9.8623 0.0996
2.7630 9.8653 0.0821
2.7879 9.8677 0.0649
2.8129 9.8698 0.0479
2.8380 9.8713 0.0313
2.8630 9.8725 0.0150
2.8881 9.8732 -0.0011
2.9132 9.8734 -0.0168
2.9384 9.8732 -0.0323
2.9635 9.8727 -0.0475
2.9886 9.8717 -0.0624
3.0137 9.8703 -0.0770
3.0387 9.8685 -0.0913
3.0638 9.8663 -0.1054
3.0888 9.8638 -0.1191
3.1137 9.8609 -0.1327
3.1386 9.8576 -0.1459
3.1635 9.8540 -0.1589
3.1882 9.8500 -0.1717
3.2129 9.8457 -0.1842
3.2376 9.8411 -0.1965
3.2621 9.8361 -0.2085
3.2866 9.8308 -0.2203
3.3111 9.8253 -0.2319
3.3354 9.8194 -0.2433
3.3597 9.8133 -0.2546
3.3840 9.8069 -0.2660
3.4082 9.8002 -0.2775
3.4323 9.7933 -0.2891
3.4563 9.7862 -0.3008
3.4803 9.7788 -0.3126
3.5042 9.7711 -0.3245
3.5281 9.7633 -0.3365
3.5519 9.7553 -0.3486
3.5756 9.7470 -0.3608
3.5993 9.7385 -0.3732
3.6228 9.7297 -0.3857
3.6463 9.7207 -0.3983
3.6696 9.7115 -0.4110
3.6928 9.7019 -0.4239
3.7159 9.6921 -0.4369
3.7388 9.6820 -0.4501
3.7616 9.6715 -0.4633
3.7842 9.6608 -0.4768
3.8067 9.6497 -0.4903
3.8290 9.6382 -0.5040
3.8511 9.6265 -0.5179
3.8730 9.6143 -0.5319
3.8947 9.6018 -0.5460
3.9162 9.5889 -0.5603
3.9375 9.5757 -0.5748
3.9586 9.5621 -0.5894
3.9794 9.5481 -0.6041
4.0001 9.5338 -0.6190
4.0205 9.5192 -0.6341
4.0407 9.5043 -0.6493
4.0606 9.4890 -0.6647
4.0803 9.4734 -0.6802
4.0998 9.4576 -0.6958
4.1190 9.4414 -0.7116
4.1380 9.4249 -0.7276
4.1568 9.4081 -0.7437
4.1753 9.3911 -0.7599
4.1935 9.3738 -0.7763
4.2115 9.3562 -0.7928
4.2292 9.3383 -0.8094
4.2466 9.3202 -0.8262
4.2638 9.3019 -0.8431
4.2807 9.2833 -0.8601
4.2973 9.2644 -0.8772
4.3137 9.2454 -0.8944
4.3298 9.2261 -0.9117
4.3455 9.2066 -0.9292
4.3610 9.1869 -0.9467
4.3762 9.1669 -0.9642
4.3911 9.1468 -0.9819
4.4057 9.1265 -0.9996
4.4200 9.1060 -0.9996
4.4200 9.1060 -0.9996
4.4200 9.1060 -0.9996
4.4200 9.1060 -0.9996
4.4200 9.1060 -0.9996
4.4200 9.1060 -0.9996
4.4200 9.1060 -0.9996
4.4200 9.1060 -0.9996
4.4200 9.1060 -0.9996
4.4200 9.1060 -0.9996
4.4200 9.1060 -0.9996
4.4200 9.1060 -0.9996
4.4200 9.1060 -0.9996
4.4200 9.1060 -0.9996
4.4200 9.1060 -0.9996
4.4200 9.1060 -0.9996
4.4200 9.1060 -0.9996
4.4200 9.1060 -0.9996
4.4200 9.1060 -0.9996
4.4200 9.1060 -0.9996
4.4200 9.1060 -0.9996
4.4200 9.1060 -0.9996
4.4200 9.1060 -0.9996
4.4200 9.1060 -0.9996
4.4200 9.1060 -0.9996
4.4200 9.1060 -0.9996
4.4200 9.1060 -0.9996
4.4200 9.1060 -0.9996
4.4200 9.1060 -0.9996
4.4200 9.1060 -0.9996
4.4200 9.1060 -0.9996
4.4200 9.1060 -0.9996
4.4200 9.1060 -0.9996
4.4200 9.1060 -0.9996
4.4200 9.1060 -0.9996
4.4200 9.1060 -0.9996
4.4200 9.1060 -0.9996
4.4200 9.1060 -0.9996
4.4200 9.1060 -0.9996
4.4200 9.1060 -0.9996
4.4200 9.1060 -0.9996
4.4200 9.1060 -0.9996
4.4200 9.1060 -0.9996
4.4200 9.1060 -0.9996
4.4200 9.1060 -0.9996
