0.3400 7.9460 -1.6686
0.3367 7.9199 -1.6431
0.3341 7.8926 -1.6198
0.3321 7.8642 -1.5983
0.3307 7.8347 -1.5782
0.3299 7.8042 -1.5593
0.3298 7.7728 -1.5414
0.3302 7.7404 -1.5242
0.3314 7.7073 -1.5077
0.3331 7.6735 -1.4915
0.3355 7.6390 -1.4758
0.3385 7.6040 -1.4602
0.3422 7.5684 -1.4448
0.3465 7.5324 -1.4294
0.3514 7.4960 -1.4139
0.3570 7.4593 -1.3984
0.3633 7.4224 -1.3826
0.3702 7.3853 -1.3665
0.3777 7.3482 -1.3500
0.3859 7.3110 -1.3331
0.3948 7.2738 -1.3156
0.4043 7.2368 -1.2975
0.4145 7.2000 -1.2788
0.4253 7.1635 -1.2591
0.4368 7.1273 -1.2386
0.4490 7.0914 -1.2170
0.4619 7.0561 -1.1943
0.4754 7.0213 -1.1703
0.4896 6.9871 -1.1448
0.5045 6.9537 -1.1178
0.5200 6.9209 -1.0889
0.5363 6.8890 -1.0581
0.5532 6.8580 -1.0252
0.5708 6.8280 -0.9898
0.5891 6.7990 -0.9519
0.6081 6.7711 -0.9111
0.6277 6.7444 -0.8673
0.6481 6.7189 -0.8201
0.6692 6.6948 -0.7693
0.6910 6.6720 -0.7149
0.7134 6.6508 -0.6565
0.7366 6.6310 -0.5943
0.7605 6.6128 -0.5283
0.7851 6.5964 -0.4587
0.8104 6.5816 -0.3858
0.8364 6.5687 -0.3138
0.8631 6.5577 -0.2473
0.8906 6.5486 -0.1866
0.9188 6.5416 -0.1318
0.9476 6.5366 -0.0830
0.9773 6.5338 -0.0399
1.0076 6.5331 -0.0024
1.0385 6.5341 0.0298
1.0699 6.5365 0.0571
1.1017 6.5401 0.0797
1.1340 6.5444 0.0979
1.1665 6.5492 0.1112
1.1991 6.5542 0.1193
1.2319 6.5589 0.1222
1.2648 6.5632 0.1200
1.2975 6.5667 0.1128
1.3302 6.5692 0.1005
1.3627 6.5707 0.0829
1.3951 6.5714 0.0599
1.4274 6.5714 0.0313
1.4596 6.5706 -0.0031
1.4916 6.5693 -0.0436
1.5236 6.5676 -0.0829
1.5554 6.5654 -0.1132
1.5872 6.5630 -0.1341
1.6188 6.5604 -0.1454
1.6503 6.5577 -0.1473
1.6818 6.5550 -0.1398
1.7131 6.5524 -0.1230
1.7445 6.5500 -0.0972
1.7760 6.5479 -0.0628
1.8078 6.5463 -0.0204
1.8398 6.5452 0.0292
1.8723 6.5448 0.0746
1.9052 6.5452 0.1063
1.9388 6.5464 0.1255
1.9729 6.5485 0.1326
2.0074 6.5512 0.1281
2.0421 6.5541 0.1114
2.0767 6.5568 0.0818
2.1110 6.5591 0.0378
2.1449 6.5605 -0.0224
2.1779 6.5608 -0.1012
2.2100 6.5597 -0.2006
2.2410 6.5566 -0.3112
2.2705 6.5515 -0.4212
2.2984 6.5438 -0.5287
2.3244 6.5333 -0.6322
2.3483 6.5196 -0.7309
2.3702 6.5029 -0.8241
2.3902 6.4833 -0.9116
2.4083 6.4611 -0.9936
2.4246 6.4364 -1.0704
2.4392 6.4095 -1.1427
2.4523 6.3807 -1.2108
2.4638 6.3500 -1.2728
2.4740 6.3178 -1.3267
2.4829 6.2843 -1.3732
2.4905 6.2497 -1.4129
2.4971 6.2142 -1.4464
2.5026 6.1781 -1.4744
2.5073 6.1414 -1.4972
2.5111 6.1046 -1.5152
2.5141 6.0677 -1.5286
2.5166 6.0311 -1.5377
2.5184 5.9949 -1.5424
2.5199 5.9593 -1.5450
2.5210 5.9245 -1.5475
2.5217 5.8906 -1.5500
2.5222 5.8573 -1.5525
2.5225 5.8247 -1.5549
2.5225 5.7926 -1.5572
2.5224 5.7609 -1.5595
2.5222 5.7295 -1.5618
2.5218 5.6984 -1.5639
2.5214 5.6674 -1.5660
2.5209 5.6364 -1.5680
2.5204 5.6054 -1.5700
2.5200 5.5743 -1.5718
2.5196 5.5429 -1.5736
2.5193 5.5113 -1.5752
2.5191 5.4795 -1.5768
2.5189 5.4476 -1.5782
2.5188 5.4155 -1.5796
2.5188 5.3833 -1.5808
2.5188 5.3511 -1.5819
2.5189 5.3188 -1.5829
2.5191 5.2864 -1.5838
2.5194 5.2541 -1.5846
2.5197 5.2217 -1.5854
2.5201 5.1894 -1.5861
2.5205 5.1572 -1.5868
2.5210 5.1250 -1.5874
2.5215 5.0928 -1.5879
2.5219 5.0607 -1.5884
2.5223 5.0287 -1.5889
2.5225 4.9966 -1.5893
2.5226 4.9646 -1.5896
2.5225 4.9326 -1.5899
2.5222 4.9006 -1.5902
2.5216 4.8687 -1.5904
2.5207 4.8367 -1.5906
2.5195 4.8047 -1.5907
2.5180 4.7727 -1.5907
2.5163 4.7407 -1.5907
2.5144 4.7087 -1.5907
2.5124 4.6767 -1.5906
2.5105 4.6446 -1.5905
2.5087 4.6126 -1.5903
2.5070 4.5806 -1.5901
2.5055 4.5485 -1.5898
2.5041 4.5165 -1.5895
2.5028 4.4844 -1.5891
2.5017 4.4524 -1.5887
2.5007 4.4203 -1.5882
2.4998 4.3883 -1.5877
2.4990 4.3563 -1.5871
2.4983 4.3242 -1.5865
2.4977 4.2921 -1.5859
2.4972 4.2601 -1.5852
2.4968 4.2280 -1.5844
2.4965 4.1960 -1.5836
2.4963 4.1639 -1.5827
2.4961 4.1319 -1.5818
2.4961 4.0998 -1.5809
2.4961 4.0677 -1.5799
2.4962 4.0357 -1.5789
2.4963 4.0036 -1.5778
2.4965 3.9715 -1.5766
2.4968 3.9395 -1.5755
2.4971 3.9074 -1.5742
2.4975 3.8753 -1.5729
2.4979 3.8432 -1.5717
2.4983 3.8112 -1.5704
2.4988 3.7791 -1.5692
2.4993 3.7470 -1.5681
2.4999 3.7149 -1.5670
2.5005 3.6829 -1.5659
2.5011 3.6508 -1.5649
2.5017 3.6187 -1.5640
2.5023 3.5866 -1.5631
2.5029 3.5546 -1.5622
2.5035 3.5225 -1.5614
2.5041 3.4904 -1.5606
2.5048 3.4583 -1.5599
2.5054 3.4263 -1.5592
2.5060 3.3942 -1.5585
2.5065 3.3621 -1.5579
2.5071 3.3300 -1.5574
2.5076 3.2980 -1.5569
2.5081 3.2659 -1.5564
2.5085 3.2338 -1.5560
2.5090 3.2018 -1.5556
2.5093 3.1697 -1.5553
2.5097 3.1376 -1.5550
2.5099 3.1055 -1.5548
2.5101 3.0735 -1.5546
2.5103 3.0414 -1.5544
2.5104 3.0093 -1.5543
2.5105 2.9773 -1.5543
2.5105 2.9452 -1.5543
2.5105 2.9131 -1.5543
2.5105 2.8811 -1.5544
2.5104 2.8490 -1.5545
2.5103 2.8170 -1.5547
2.5102 2.7849 -1.5549
2.5101 2.7528 -1.5552
2.5100 2.7208 -1.5555
2.5099 2.6887 -1.5559
2.5098 2.6566 -1.5563
2.5097 2.6246 -1.5568
2.5096 2.5925 -1.5573
2.5095 2.5605 -1.5579
2.5095 2.5284 -1.5585
2.5095 2.4963 -1.5592
2.5095 2.4643 -1.5599
2.5096 2.4322 -1.5607
2.5097 2.4001 -1.5615
2.5098 2.3681 -1.5624
2.5100 2.3360 -1.5634
2.5100 2.3360 -1.5645
2.5121 2.3044 -1.5656
2.5139 2.2726 -1.5668
2.5154 2.2408 -1.5681
2.5168 2.2089 -1.5695
2.5178 2.1769 -1.5709
2.5187 2.1448 -1.5724
2.5194 2.1126 -1.5740
2.5198 2.0804 -1.5755
2.5201 2.0482 -1.5772
2.5202 2.0159 -1.5788
2.5202 1.9836 -1.5806
2.5200 1.9514 -1.5824
2.5196 1.9191 -1.5842
2.5191 1.8868 -1.5861
2.5185 1.8545 -1.5881
2.5178 1.8223 -1.5901
2.5170 1.7901 -1.5923
2.5161 1.7580 -1.5945
2.5152 1.7259 -1.5959
2.5142 1.6939 -1.5957
2.5131 1.6620 -1.5940
2.5120 1.6302 -1.5907
2.5108 1.5985 -1.5857
2.5097 1.5669 -1.5793
2.5085 1.5354 -1.5712
2.5075 1.5039 -1.5617
2.5068 1.4723 -1.5506
2.5065 1.4405 -1.5381
2.5066 1.4085 -1.5241
2.5074 1.3760 -1.5088
2.5089 1.3430 -1.4921
2.5113 1.3095 -1.4741
2.5145 1.2753 -1.4548
2.5187 1.2407 -1.4345
2.5238 1.2056 -1.4130
2.5298 1.1702 -1.3906
2.5366 1.1345 -1.3672
2.5443 1.0987 -1.3430
2.5529 1.0627 -1.3182
2.5624 1.0268 -1.2927
2.5727 0.9909 -1.2672
2.5838 0.9551 -1.2418
2.5958 0.9196 -1.2164
2.6085 0.8845 -1.1907
2.6221 0.8497 -1.1646
2.6366 0.8154 -1.1377
2.6518 0.7817 -1.1098
2.6678 0.7486 -1.0807
2.6846 0.7163 -1.0502
2.7021 0.6848 -1.0179
2.7204 0.6542 -0.9835
2.7395 0.6246 -0.9466
2.7594 0.5961 -0.9069
2.7800 0.5687 -0.8640
2.8013 0.5426 -0.8173
2.8233 0.5177 -0.7663
2.8461 0.4943 -0.7105
2.8696 0.4724 -0.6493
2.8937 0.4520 -0.5822
2.9186 0.4333 -0.5088
2.9442 0.4163 -0.4287
2.9704 0.4012 -0.3420
2.9973 0.3879 -0.2559
3.0249 0.3767 -0.1787
3.0531 0.3675 -0.1115
3.0820 0.3604 -0.0549
3.1115 0.3556 -0.0089
3.1416 0.3531 0.0266
3.1723 0.3527 0.0521
3.2035 0.3540 0.0680
3.2351 0.3568 0.0747
3.2671 0.3606 0.0724
3.2993 0.3652 0.0615
3.3318 0.3701 0.0472
3.3644 0.3751 0.0345
3.3970 0.3798 0.0235
3.4297 0.3839 0.0139
3.4622 0.3870 0.0060
3.4946 0.3890 -0.0005
3.5269 0.3900 -0.0056
3.5591 0.3902 -0.0091
3.5912 0.3896 -0.0113
3.6232 0.3885 -0.0121
3.6552 0.3868 -0.0114
3.6871 0.3849 -0.0101
3.7190 0.3828 -0.0088
3.7509 0.3806 -0.0076
3.7828 0.3786 -0.0064
3.8147 0.3768 -0.0053
3.8466 0.3753 -0.0043
3.8786 0.3742 -0.0033
3.9106 0.3735 -0.0024
3.9426 0.3731 -0.0016
3.9746 0.3730 -0.0008
4.0067 0.3731 -0.0001
4.0388 0.3734 0.0006
4.0709 0.3738 0.0012
4.1030 0.3743 0.0017
4.1351 0.3749 0.0022
4.1672 0.3754 0.0026
4.1993 0.3759 0.0030
4.2314 0.3762 0.0032
4.2635 0.3765 0.0035
4.2956 0.3767 0.0036
4.3277 0.3768 0.0037
4.3597 0.3768 0.0038
4.3918 0.3767 0.0037
4.4238 0.3766 0.0036
4.4559 0.3765 0.0035
4.4879 0.3764 0.0033
4.5200 0.3763 0.0030
4.5520 0.3761 0.0026
4.5841 0.3760 0.0022
4.6161 0.3759 0.0017
4.6482 0.3759 0.0012
4.6803 0.3759 0.0006
4.7123 0.3759 -0.0001
4.7444 0.3759 -0.0008
4.7764 0.3759 -0.0016
4.8085 0.3759 -0.0025
4.8406 0.3760 -0.0034
4.8726 0.3760 -0.0044
4.9047 0.3760 -0.0055
4.9368 0.3760 -0.0066
4.9688 0.3760 -0.0078
5.0009 0.3760 -0.0090
5.0330 0.3759 -0.0103
5.0650 0.3758 -0.0117
5.0971 0.3758 -0.0130
5.1291 0.3757 -0.0140
5.1612 0.3756 -0.0147
5.1933 0.3756 -0.0151
5.2253 0.3756 -0.0153
5.2574 0.3757 -0.0152
5.2894 0.3758 -0.0148
5.3215 0.3759 -0.0141
5.3536 0.3761 -0.0131
5.3857 0.3764 -0.0119
5.4177 0.3766 -0.0104
5.4498 0.3769 -0.0086
5.4819 0.3772 -0.0065
5.5139 0.3774 -0.0042
5.5460 0.3776 -0.0016
5.5781 0.3776 0.0012
5.6101 0.3775 0.0043
5.6422 0.3773 0.0077
5.6742 0.3769 0.0113
5.7063 0.3763 0.0151
5.7383 0.3755 0.0192
5.7703 0.3745 0.0235
5.8023 0.3735 0.0281
5.8344 0.3726 0.0342
5.8664 0.3719 0.0433
5.8984 0.3716 0.0553
5.9304 0.3717 0.0704
5.9625 0.3725 0.0887
5.9945 0.3740 0.1103
6.0266 0.3765 0.1353
6.0587 0.3799 0.1640
6.0908 0.3845 0.1964
6.1230 0.3903 0.2329
6.1551 0.3975 0.2736
6.1869 0.4062 0.3186
6.2182 0.4163 0.3681
6.2490 0.4280 0.4220
6.2791 0.4413 0.4803
6.3082 0.4563 0.5427
6.3362 0.4730 0.6089
6.3630 0.4915 0.6783
6.3883 0.5120 0.7502
6.4121 0.5343 0.8236
6.4341 0.5587 0.8976
6.4542 0.5851 0.9712
6.4726 0.6133 1.0328
6.4897 0.6427 1.0736
6.5058 0.6728 1.0959
6.5214 0.7032 1.1011
6.5367 0.7334 1.0892
6.5522 0.7629 1.0594
6.5682 0.7912 1.0095
6.5851 0.8178 0.9361
6.6032 0.8421 0.8352
6.6230 0.8638 0.7028
6.6449 0.8824 0.5382
6.6690 0.8973 0.3699
6.6954 0.9088 0.2284
6.7238 0.9171 0.1153
6.7540 0.9228 0.0282
6.7856 0.9261 -0.0364
6.8184 0.9275 -0.0820
6.8522 0.9273 -0.1111
6.8867 0.9259 -0.1252
6.9216 0.9237 -0.1253
6.9566 0.9212 -0.1112
6.9916 0.9185 -0.0817
7.0262 0.9162 -0.0452
7.0602 0.9146 -0.0118
7.0937 0.9137 0.0178
7.1266 0.9134 0.0430
7.1591 0.9136 0.0633
7.1912 0.9143 0.0784
7.2230 0.9154 0.0879
7.2545 0.9168 0.0917
7.2859 0.9185 0.0899
7.3171 0.9203 0.0826
7.3484 0.9223 0.0701
7.3797 0.9242 0.0560
7.4111 0.9261 0.0437
7.4426 0.9278 0.0330
7.4743 0.9294 0.0237
7.5061 0.9309 0.0157
7.5381 0.9322 0.0089
7.5701 0.9333 0.0032
7.6023 0.9342 -0.0013
7.6345 0.9350 -0.0047
7.6667 0.9356 -0.0070
7.6990 0.9360 -0.0081
7.7312 0.9362 -0.0087
7.7635 0.9362 -0.0092
7.7957 0.9359 -0.0098
7.8279 0.9355 -0.0103
7.8600 0.9349 -0.0108
7.8921 0.9341 -0.0113
7.9242 0.9332 -0.0117
7.9562 0.9322 -0.0122
7.9822 0.9314 -0.0126
8.0035 0.9307 -0.0130
8.0248 0.9300 -0.0134
8.0462 0.9293 -0.0137
8.0675 0.9286 -0.0140
8.0888 0.9280 -0.0143
8.1101 0.9274 -0.0145
8.1314 0.9268 -0.0146
8.1527 0.9263 -0.0148
8.1741 0.9259 -0.0148
8.1954 0.9256 -0.0148
8.2167 0.9253 -0.0148
8.2381 0.9251 -0.0147
8.2594 0.9249 -0.0145
8.2808 0.9248 -0.0143
8.3021 0.9248 -0.0140
8.3235 0.9248 -0.0136
8.3448 0.9248 -0.0132
8.3662 0.9249 -0.0126
8.3875 0.9250 -0.0120
8.4089 0.9251 -0.0113
8.4303 0.9252 -0.0106
8.4516 0.9254 -0.0098
8.4730 0.9255 -0.0089
8.4944 0.9257 -0.0080
8.5158 0.9258 -0.0071
8.5371 0.9260 -0.0061
8.5585 0.9261 -0.0051
8.5798 0.9262 -0.0041
8.6012 0.9263 -0.0031
8.6226 0.9264 -0.0021
8.6439 0.9265 -0.0011
8.6653 0.9265 -0.0001
8.6866 0.9266 0.0009
8.7080 0.9266 0.0019
8.7294 0.9266 0.0029
8.7507 0.9266 0.0038
8.7574 0.9266 0.0046
8.7895 0.9265 0.0054
8.8215 0.9265 0.0061
8.8536 0.9263 0.0068
8.8857 0.9262 0.0074
8.9177 0.9260 0.0080
8.9498 0.9258 0.0086
8.9818 0.9256 0.0091
9.0139 0.9254 0.0096
9.0460 0.9251 0.0101
9.0780 0.9250 0.0105
9.1101 0.9248 0.0110
9.1422 0.9248 0.0114
9.1742 0.9248 0.0118
9.2063 0.9249 0.0122
9.2384 0.9252 0.0125
9.2704 0.9255 0.0129
9.3025 0.9260 0.0132
9.3345 0.9267 0.0135
9.3666 0.9275 0.0139
9.3986 0.9284 0.0142
9.4307 0.9294 0.0145
9.4627 0.9304 0.0147
9.4948 0.9315 0.0150
9.5268 0.9325 0.0152
9.5589 0.9334 0.0154
9.5909 0.9343 0.0156
9.6230 0.9350 0.0157
9.6550 0.9356 0.0158
9.6871 0.9361 0.0159
9.7191 0.9363 0.0160
9.7512 0.9364 0.0160
9.7833 0.9364 0.0160
9.8153 0.9362 0.0160
9.8474 0.9361 0.0160
9.8795 0.9359 0.0159
9.9115 0.9357 0.0158
9.9436 0.9355 0.0157
9.9756 0.9355 0.0156
10.0077 0.9356 0.0154
10.0398 0.9358 0.0152
10.0718 0.9362 0.0150
10.1039 0.9368 0.0148
10.1359 0.9375 0.0145
10.1680 0.9384 0.0142
10.2000 0.9394 0.0140
10.2321 0.9404 0.0137
10.2641 0.9415 0.0135
10.2962 0.9425 0.0132
10.3282 0.9435 0.0129
10.3603 0.9444 0.0127
10.3923 0.9451 0.0124
10.4244 0.9458 0.0122
10.4564 0.9462 0.0119
10.4885 0.9464 0.0117
10.5206 0.9465 0.0114
10.5526 0.9465 0.0112
10.5847 0.9463 0.0109
10.6167 0.9462 0.0106
10.6488 0.9460 0.0104
10.6809 0.9458 0.0101
10.7129 0.9456 0.0099
10.7450 0.9456 0.0096
10.7771 0.9457 0.0094
10.8091 0.9459 0.0091
10.8412 0.9463 0.0089
10.8732 0.9469 0.0086
10.9053 0.9476 0.0084
10.9373 0.9485 0.0081
10.9694 0.9494 0.0079
11.0014 0.9504 0.0076
11.0335 0.9515 0.0074
11.0655 0.9525 0.0071
11.0976 0.9535 0.0069
11.1296 0.9544 0.0066
11.1617 0.9552 0.0064
11.1937 0.9559 0.0061
11.2258 0.9564 0.0059
11.2578 0.9568 0.0056
11.2899 0.9570 0.0054
11.3220 0.9571 0.0052
11.3540 0.9571 0.0049
11.3861 0.9571 0.0047
11.4182 0.9569 0.0044
11.4502 0.9568 0.0042
11.4823 0.9566 0.0039
11.5143 0.9564 0.0037
11.5464 0.9562 0.0034
11.5785 0.9560 0.0032
11.6105 0.9559 0.0030
11.6426 0.9558 0.0027
11.6747 0.9558 0.0025
11.7067 0.9557 0.0022
11.7388 0.9558 0.0020
11.7709 0.9558 0.0017
11.8029 0.9558 0.0015
11.8350 0.9559 0.0013
11.8670 0.9559 0.0010
11.8991 0.9560 0.0008
11.9312 0.9560 0.0005
11.9632 0.9560 0.0003
11.9953 0.9560 0.0001
12.0273 0.9560 -0.0002
12.0594 0.9559 -0.0004
12.0915 0.9559 -0.0006
12.1235 0.9559 -0.0009
12.1556 0.9558 -0.0011
12.1876 0.9558 -0.0014
12.2197 0.9558 -0.0016
12.2518 0.9558 -0.0018
12.2838 0.9559 -0.0021
12.3159 0.9560 -0.0023
12.3480 0.9561 -0.0025
12.3800 0.9562 -0.0028
12.4121 0.9564 -0.0030
12.4442 0.9565 -0.0032
12.4762 0.9567 -0.0035
12.5083 0.9568 -0.0037
12.5403 0.9569 -0.0039
12.5724 0.9569 -0.0042
12.6045 0.9569 -0.0044
12.6365 0.9567 -0.0046
12.6686 0.9565 -0.0049
12.7006 0.9561 -0.0051
12.7327 0.9556 -0.0053
12.7648 0.9550 -0.0056
12.7968 0.9543 -0.0058
12.8289 0.9535 -0.0060
12.8609 0.9527 -0.0063
12.8930 0.9518 -0.0065
12.9250 0.9508 -0.0067
12.9571 0.9498 -0.0070
12.9891 0.9489 -0.0072
13.0212 0.9479 -0.0074
13.0532 0.9470 -0.0075
13.0853 0.9461 -0.0077
13.1173 0.9453 -0.0078
13.1494 0.9446 -0.0079
13.1814 0.9440 -0.0080
13.2135 0.9435 -0.0080
13.2455 0.9432 -0.0081
13.2776 0.9430 -0.0081
13.3096 0.9429 -0.0080
13.3417 0.9431 -0.0080
13.3738 0.9435 -0.0079
13.4059 0.9441 -0.0077
13.4379 0.9449 -0.0075
13.4700 0.9460 -0.0072
13.4700 0.9460 -0.0069
13.5021 0.9464 -0.0066
13.5341 0.9466 -0.0062
13.5662 0.9468 -0.0058
13.5983 0.9469 -0.0053
13.6304 0.9470 -0.0048
13.6625 0.9469 -0.0043
13.6945 0.9469 -0.0038
13.7266 0.9467 -0.0032
13.7587 0.9466 -0.0026
13.7908 0.9464 -0.0020
13.8229 0.9462 -0.0013
13.8549 0.9460 -0.0007
13.8870 0.9458 -0.0000
13.9191 0.9456 0.0007
13.9512 0.9454 0.0014
13.9833 0.9452 0.0022
14.0154 0.9451 0.0030
14.0474 0.9450 0.0038
14.0795 0.9450 0.0046
14.1116 0.9451 0.0055
14.1437 0.9452 0.0064
14.1757 0.9454 0.0074
14.2078 0.9457 0.0083
14.2399 0.9461 0.0094
14.2720 0.9466 0.0104
14.3040 0.9472 0.0115
14.3361 0.9479 0.0126
14.3682 0.9487 0.0137
14.4002 0.9495 0.0148
14.4323 0.9504 0.0158
14.4644 0.9514 0.0167
14.4964 0.9523 0.0176
14.5285 0.9534 0.0184
14.5606 0.9544 0.0191
14.5926 0.9554 0.0198
14.6247 0.9565 0.0204
14.6568 0.9575 0.0209
14.6888 0.9586 0.0213
14.7209 0.9596 0.0217
14.7530 0.9605 0.0220
14.7850 0.9615 0.0223
14.8171 0.9624 0.0224
14.8492 0.9632 0.0225
14.8812 0.9640 0.0226
14.9133 0.9647 0.0225
14.9454 0.9653 0.0224
14.9774 0.9658 0.0222
15.0095 0.9663 0.0220
15.0416 0.9666 0.0217
15.0736 0.9668 0.0213
15.1057 0.9670 0.0208
15.1378 0.9671 0.0203
15.1698 0.9671 0.0198
15.2019 0.9670 0.0191
15.2340 0.9669 0.0184
15.2661 0.9667 0.0177
15.2982 0.9665 0.0169
15.3303 0.9663 0.0160
15.3624 0.9660 0.0151
15.3945 0.9657 0.0141
15.4266 0.9653 0.0130
15.4587 0.9650 0.0119
15.4908 0.9648 0.0107
15.5229 0.9645 0.0095
15.5550 0.9644 0.0082
15.5871 0.9643 0.0068
15.6192 0.9644 0.0053
15.6513 0.9646 0.0038
15.6833 0.9649 0.0022
15.7153 0.9655 0.0006
15.7473 0.9662 -0.0011
15.7793 0.9671 -0.0034
15.8112 0.9681 -0.0068
15.8431 0.9691 -0.0112
15.8751 0.9701 -0.0167
15.9071 0.9709 -0.0232
15.9391 0.9714 -0.0309
15.9711 0.9717 -0.0396
16.0032 0.9715 -0.0494
16.0354 0.9708 -0.0602
16.0676 0.9695 -0.0722
16.1000 0.9676 -0.0851
16.1324 0.9649 -0.0991
16.1650 0.9615 -0.1098
16.1975 0.9576 -0.1128
16.2301 0.9535 -0.1081
16.2627 0.9495 -0.0957
16.2951 0.9458 -0.0756
16.3274 0.9426 -0.0477
16.3596 0.9402 -0.0119
16.3915 0.9388 0.0316
16.4231 0.9388 0.0827
16.4544 0.9403 0.1410
16.4853 0.9437 0.2056
16.5158 0.9491 0.2699
16.5459 0.9566 0.3278
16.5756 0.9661 0.3800
16.6049 0.9773 0.4270
16.6338 0.9903 0.4695
16.6624 1.0048 0.5079
16.6906 1.0207 0.5428
16.7185 1.0379 0.5745
16.7461 1.0561 0.6035
16.7735 1.0753 0.6301
16.8005 1.0953 0.6546
16.8274 1.1160 0.6805
16.8540 1.1372 0.7112
16.8803 1.1589 0.7469
16.9060 1.1811 0.7878
16.9310 1.2039 0.8340
16.9551 1.2272 0.8854
16.9779 1.2512 0.9420
16.9993 1.2758 1.0032
17.0192 1.3011 1.0686
17.0371 1.3271 1.1373
17.0531 1.3540 1.2083
17.0668 1.3816 1.2758
17.0780 1.4100 1.3352
17.0866 1.4393 1.3872
17.0926 1.4694 1.4327
17.0965 1.5003 1.4722
17.0985 1.5317 1.5065
17.0988 1.5637 1.5361
17.0978 1.5961 1.5613
17.0957 1.6288 1.5827
17.0929 1.6618 1.6003
17.0897 1.6949 1.6143
17.0863 1.7281 1.6256
17.0830 1.7612 1.6348
17.0801 1.7943 1.6419
17.0779 1.8270 1.6465
17.0764 1.8596 1.6487
17.0755 1.8920 1.6481
17.0750 1.9243 1.6446
17.0750 1.9563 1.6380
17.0753 1.9845 1.6280
17.0756 2.0058 1.6143
17.0760 2.0270 1.5967
17.0766 2.0482 1.5779
17.0771 2.0694 1.5610
17.0777 2.0906 1.5462
17.0784 2.1117 1.5336
17.0789 2.1329 1.5236
17.0795 2.1541 1.5164
17.0800 2.1753 1.5121
17.0804 2.1965 1.5108
17.0807 2.2178 1.5128
17.0810 2.2390 1.5181
17.0812 2.2603 1.5269
17.0813 2.2816 1.5370
17.0813 2.3029 1.5464
17.0814 2.3243 1.5551
17.0813 2.3457 1.5629
17.0813 2.3670 1.5699
17.0812 2.3884 1.5759
17.0810 2.4098 1.5810
17.0809 2.4312 1.5851
17.0807 2.4527 1.5882
17.0806 2.4741 1.5904
17.0804 2.4955 1.5917
17.0803 2.5170 1.5924
17.0801 2.5384 1.5928
17.0800 2.5599 1.5930
17.0799 2.5814 1.5928
17.0798 2.6028 1.5924
17.0797 2.6243 1.5918
17.0797 2.6457 1.5909
17.0796 2.6672 1.5897
17.0796 2.6886 1.5882
17.0796 2.7101 1.5865
17.0796 2.7315 1.5844
17.0797 2.7529 1.5819
17.0797 2.7743 1.5791
17.0797 2.7956 1.5758
17.0798 2.8170 1.5721
17.0798 2.8383 1.5680
17.0798 2.8596 1.5635
17.0799 2.8808 1.5586
17.0799 2.9021 1.5534
17.0800 2.9233 1.5477
17.0800 2.9444 1.5418
17.0800 2.9655 1.5355
17.0801 2.9866 1.5303
17.0801 3.0077 1.5275
17.0801 3.0288 1.5271
17.0801 3.0499 1.5289
17.0801 3.0710 1.5328
17.0801 3.0922 1.5385
17.0802 3.1133 1.5458
17.0802 3.1346 1.5543
17.0801 3.1393 1.5637
17.0801 3.1713 1.5738
17.0801 3.2035 1.5844
17.0801 3.2358 1.5953
17.0801 3.2684 1.6069
17.0800 3.3012 1.6193
17.0800 3.3344 1.6327
17.0799 3.3678 1.6474
17.0795 3.4013 1.6637
17.0786 3.4348 1.6819
17.0769 3.4682 1.7025
17.0743 3.5012 1.7259
17.0706 3.5338 1.7529
17.0654 3.5658 1.7843
17.0586 3.5969 1.8277
17.0500 3.6272 1.8905
17.0393 3.6564 1.9725
17.0264 3.6843 2.0716
17.0109 3.7109 2.1835
16.9930 3.7361 2.3013
16.9728 3.7599 2.4048
16.9505 3.7823 2.4831
16.9264 3.8035 2.5419
16.9007 3.8235 2.5856
16.8736 3.8423 2.6166
16.8453 3.8599 2.6420
16.8160 3.8765 2.6674
16.7860 3.8920 2.6927
16.7554 3.9065 2.7179
16.7245 3.9200 2.7430
16.6934 3.9326 2.7677
16.6624 3.9444 2.7921
16.6313 3.9553 2.8160
16.6003 3.9654 2.8395
16.5692 3.9748 2.8623
16.5381 3.9834 2.8846
16.5069 3.9914 2.9060
16.4758 3.9987 2.9267
16.4446 4.0055 2.9465
16.4133 4.0116 2.9655
16.3821 4.0172 2.9835
16.3508 4.0224 3.0007
16.3194 4.0271 3.0169
16.2880 4.0313 3.0323
16.2566 4.0352 3.0467
16.2251 4.0388 3.0601
16.1936 4.0420 3.0727
16.1620 4.0449 3.0843
16.1304 4.0476 3.0950
16.0988 4.0499 3.1047
16.0671 4.0520 3.1136
16.0353 4.0538 3.1215
16.0035 4.0553 3.1285
15.9717 4.0566 3.1346
15.9399 4.0577 3.1398
15.9080 4.0585 3.1441
15.8761 4.0591 3.1475
15.8441 4.0596 3.1500
15.8121 4.0598 3.1520
15.7801 4.0599 3.1538
15.7481 4.0598 3.1554
15.7160 4.0595 3.1569
15.6839 4.0591 3.1583
15.6518 4.0586 3.1595
15.6197 4.0580 3.1606
15.5875 4.0572 3.1615
15.5553 4.0564 3.1622
15.5232 4.0554 3.1628
15.4909 4.0544 3.1632
15.4587 4.0533 3.1635
15.4265 4.0522 3.1637
15.3942 4.0510 3.1636
15.3620 4.0498 3.1635
15.3297 4.0485 3.1632
15.2975 4.0473 3.1627
15.2652 4.0461 3.1621
15.2329 4.0448 3.1613
15.2006 4.0436 3.1603
15.1683 4.0424 3.1593
15.1360 4.0413 3.1580
15.1038 4.0402 3.1566
15.0715 4.0392 3.1552
15.0392 4.0383 3.1539
15.0069 4.0375 3.1526
14.9747 4.0367 3.1514
14.9424 4.0361 3.1502
14.9102 4.0356 3.1491
14.8779 4.0353 3.1481
14.8457 4.0351 3.1472
14.8135 4.0350 3.1464
14.7813 4.0351 3.1456
14.7491 4.0354 3.1449
14.7170 4.0359 3.1442
14.6848 4.0365 3.1436
14.6527 4.0374 3.1431
14.6206 4.0384 3.1427
14.5885 4.0394 3.1424
14.5565 4.0405 3.1421
14.5244 4.0416 3.1419
14.4924 4.0427 3.1417
14.4603 4.0437 3.1416
14.4283 4.0446 3.1417
14.3962 4.0453 3.1417
14.3642 4.0457 3.1418
14.3321 4.0460 3.1419
14.3001 4.0459 3.1420
14.2680 4.0456 3.1421
14.2360 4.0450 3.1422
14.2039 4.0443 3.1423
14.1719 4.0433 3.1424
14.1398 4.0423 3.1425
14.1077 4.0412 3.1426
14.0756 4.0401 3.1427
14.0436 4.0390 3.1428
14.0115 4.0379 3.1429
13.9794 4.0370 3.1430
13.9473 4.0362 3.1431
13.9153 4.0355 3.1432
13.8832 4.0351 3.1433
13.8511 4.0348 3.1434
13.8190 4.0347 3.1435
13.7869 4.0346 3.1436
13.7549 4.0347 3.1437
13.7228 4.0349 3.1438
13.6907 4.0351 3.1438
13.6586 4.0353 3.1439
13.6266 4.0355 3.1440
13.5945 4.0358 3.1441
13.5624 4.0360 3.1442
13.5303 4.0361 3.1443
13.4982 4.0363 3.1443
13.4662 4.0363 3.1444
13.4341 4.0363 3.1445
13.4020 4.0363 3.1446
13.3699 4.0363 3.1446
13.3378 4.0363 3.1447
13.3058 4.0362 3.1448
13.2737 4.0362 3.1449
13.2416 4.0361 3.1449
13.2095 4.0360 3.1450
13.1775 4.0360 3.1451
13.1454 4.0360 3.1451
13.1133 4.0360 3.1452
13.0812 4.0360 3.1453
13.0491 4.0360 3.1453
13.0171 4.0360 3.1454
12.9850 4.0360 3.1455
12.9529 4.0360 3.1455
12.9208 4.0360 3.1456
12.8887 4.0360 3.1456
12.8567 4.0360 3.1457
12.8246 4.0360 3.1457
12.7925 4.0360 3.1458
12.7604 4.0360 3.1458
12.7284 4.0359 3.1458
12.6963 4.0359 3.1458
12.6642 4.0358 3.1458
12.6321 4.0358 3.1459
12.6000 4.0358 3.1459
12.5680 4.0357 3.1459
12.5359 4.0357 3.1458
12.5038 4.0358 3.1458
12.4717 4.0358 3.1458
12.4396 4.0359 3.1458
12.4076 4.0361 3.1458
12.3755 4.0362 3.1457
12.3434 4.0364 3.1457
12.3113 4.0366 3.1456
12.2792 4.0368 3.1456
12.2472 4.0369 3.1455
12.2151 4.0370 3.1455
12.1830 4.0371 3.1454
12.1509 4.0370 3.1453
12.1188 4.0369 3.1453
12.0868 4.0366 3.1452
12.0547 4.0362 3.1451
12.0226 4.0357 3.1450
11.9906 4.0350 3.1449
11.9585 4.0342 3.1448
11.9264 4.0334 3.1447
11.8944 4.0324 3.1446
11.8623 4.0315 3.1445
11.8302 4.0305 3.1444
11.7982 4.0295 3.1443
11.7661 4.0285 3.1442
11.7340 4.0277 3.1440
11.7020 4.0269 3.1439
11.6699 4.0262 3.1438
11.6378 4.0256 3.1436
11.6057 4.0252 3.1435
11.5737 4.0249 3.1433
11.5416 4.0248 3.1432
11.5095 4.0247 3.1430
11.4774 4.0247 3.1429
11.4454 4.0248 3.1427
11.4133 4.0250 3.1426
11.3812 4.0252 3.1424
11.3491 4.0254 3.1423
11.3170 4.0257 3.1421
11.2849 4.0260 3.1420
11.2529 4.0262 3.1419
11.2208 4.0265 3.1417
11.1887 4.0268 3.1416
11.1566 4.0270 3.1415
11.1245 4.0272 3.1414
11.0925 4.0273 3.1412
11.0604 4.0273 3.1411
11.0283 4.0273 3.1410
10.9962 4.0271 3.1409
10.9641 4.0269 3.1408
10.9321 4.0265 3.1407
10.9000 4.0260 3.1406
10.9000 4.0260 3.1405
10.8680 4.0275 3.1404
10.8360 4.0289 3.1403
10.8040 4.0301 3.1402
10.7720 4.0312 3.1402
10.7400 4.0322 3.1401
10.7080 4.0330 3.1400
10.6760 4.0337 3.1399
10.6439 4.0344 3.1399
10.6119 4.0349 3.1398
10.5799 4.0353 3.1397
10.5479 4.0357 3.1397
10.5159 4.0360 3.1396
10.4839 4.0362 3.1396
10.4518 4.0363 3.1395
10.4198 4.0364 3.1395
10.3878 4.0365 3.1395
10.3558 4.0365 3.1394
10.3238 4.0364 3.1394
10.2917 4.0364 3.1394
10.2597 4.0363 3.1394
10.2277 4.0362 3.1393
10.1957 4.0362 3.1393
10.1636 4.0361 3.1393
10.1316 4.0360 3.1393
10.0996 4.0359 3.1393
10.0676 4.0359 3.1393
10.0356 4.0359 3.1393
10.0035 4.0359 3.1393
9.9715 4.0359 3.1393
9.9395 4.0359 3.1393
9.9075 4.0359 3.1393
9.8755 4.0359 3.1393
9.8434 4.0359 3.1393
9.8114 4.0360 3.1393
9.7794 4.0360 3.1393
9.7474 4.0360 3.1392
9.7153 4.0360 3.1392
9.6833 4.0360 3.1391
9.6513 4.0360 3.1389
9.6193 4.0360 3.1388
9.5873 4.0360 3.1385
9.5339 4.0360 3.1383
9.5125 4.0360 3.1382
9.4912 4.0360 3.1380
9.4699 4.0360 3.1380
9.4485 4.0360 3.1379
9.4272 4.0360 3.1379
9.4058 4.0360 3.1379
9.3845 4.0360 3.1378
9.3631 4.0360 3.1378
9.3418 4.0360 3.1377
9.3204 4.0360 3.1377
9.2991 4.0360 3.1377
9.2777 4.0360 3.1376
9.2564 4.0360 3.1376
9.2350 4.0360 3.1376
9.2137 4.0360 3.1375
9.1923 4.0360 3.1375
9.1710 4.0360 3.1374
9.1496 4.0360 3.1374
9.1283 4.0360 3.1374
9.1069 4.0360 3.1373
9.0856 4.0360 3.1373
9.0643 4.0360 3.1373
9.0429 4.0360 3.1372
9.0216 4.0360 3.1372
9.0002 4.0360 3.1372
8.9789 4.0360 3.1371
8.9575 4.0360 3.1372
8.9362 4.0360 3.1372
8.9148 4.0360 3.1372
8.8935 4.0360 3.1373
8.8721 4.0360 3.1374
8.8508 4.0360 3.1376
8.8294 4.0360 3.1377
8.8081 4.0360 3.1378
8.7867 4.0360 3.1380
8.7867 4.0360 3.1381
8.7547 4.0360 3.1383
8.7227 4.0360 3.1384
8.6907 4.0360 3.1385
8.6587 4.0360 3.1386
8.6266 4.0360 3.1387
8.5946 4.0360 3.1387
8.5626 4.0360 3.1388
8.5306 4.0360 3.1388
8.4985 4.0360 3.1388
8.4665 4.0360 3.1388
8.4345 4.0360 3.1388
8.4025 4.0360 3.1388
8.3705 4.0360 3.1388
8.3384 4.0360 3.1388
8.3064 4.0360 3.1388
8.2744 4.0360 3.1388
8.2424 4.0360 3.1388
8.2104 4.0360 3.1388
8.1783 4.0360 3.1388
8.1463 4.0360 3.1388
8.1143 4.0360 3.1388
8.0823 4.0360 3.1388
8.0502 4.0360 3.1388
8.0182 4.0360 3.1388
7.9862 4.0360 3.1388
7.9542 4.0360 3.1388
7.9222 4.0360 3.1389
7.8901 4.0360 3.1389
7.8581 4.0360 3.1389
7.8261 4.0360 3.1389
7.7941 4.0360 3.1389
7.7621 4.0359 3.1389
7.7300 4.0359 3.1389
7.6980 4.0359 3.1389
7.6660 4.0359 3.1389
7.6340 4.0359 3.1389
7.6020 4.0358 3.1389
7.5699 4.0359 3.1389
7.5379 4.0359 3.1390
7.5059 4.0359 3.1390
7.4739 4.0360 3.1390
7.4418 4.0361 3.1390
7.4098 4.0362 3.1390
7.3778 4.0363 3.1390
7.3458 4.0364 3.1390
7.3138 4.0366 3.1390
7.2817 4.0368 3.1391
7.2497 4.0370 3.1391
7.2177 4.0372 3.1391
7.1857 4.0374 3.1391
7.1537 4.0376 3.1391
7.1216 4.0379 3.1391
7.0896 4.0382 3.1391
7.0576 4.0384 3.1392
7.0256 4.0387 3.1392
6.9936 4.0390 3.1392
6.9615 4.0393 3.1392
6.9295 4.0396 3.1392
6.8975 4.0399 3.1392
6.8655 4.0402 3.1393
6.8335 4.0405 3.1393
6.8014 4.0408 3.1393
6.7694 4.0411 3.1393
6.7374 4.0414 3.1393
6.7054 4.0417 3.1394
6.6734 4.0420 3.1394
6.6413 4.0423 3.1394
6.6093 4.0426 3.1394
6.5773 4.0429 3.1394
6.5453 4.0432 3.1395
6.5133 4.0435 3.1395
6.4812 4.0438 3.1395
6.4492 4.0440 3.1395
6.4172 4.0443 3.1395
6.3852 4.0445 3.1396
6.3532 4.0448 3.1396
6.3211 4.0450 3.1396
6.2891 4.0452 3.1396
6.2571 4.0454 3.1397
6.2251 4.0455 3.1397
6.1931 4.0457 3.1397
6.1610 4.0458 3.1397
6.1290 4.0459 3.1397
6.0970 4.0460 3.1398
6.0650 4.0461 3.1398
6.0330 4.0461 3.1398
6.0009 4.0462 3.1398
5.9689 4.0462 3.1399
5.9369 4.0462 3.1399
5.9049 4.0462 3.1399
5.8729 4.0462 3.1400
5.8408 4.0461 3.1400
5.8088 4.0461 3.1400
5.7768 4.0461 3.1400
5.7448 4.0460 3.1401
5.7127 4.0460 3.1401
5.6807 4.0460 3.1401
5.6487 4.0459 3.1402
5.6167 4.0459 3.1402
5.5847 4.0459 3.1402
5.5526 4.0459 3.1402
5.5206 4.0458 3.1403
5.4886 4.0458 3.1403
5.4566 4.0458 3.1403
5.4246 4.0458 3.1404
5.3925 4.0458 3.1404
5.3605 4.0458 3.1404
5.3285 4.0458 3.1405
5.2965 4.0458 3.1405
5.2644 4.0458 3.1405
5.2324 4.0458 3.1406
5.2004 4.0458 3.1406
5.1684 4.0457 3.1406
5.1364 4.0458 3.1407
5.1043 4.0458 3.1407
5.0723 4.0458 3.1407
5.0403 4.0458 3.1408
5.0083 4.0458 3.1408
4.9763 4.0458 3.1408
4.9442 4.0458 3.1409
4.9122 4.0458 3.1409
4.8802 4.0458 3.1409
4.8482 4.0458 3.1410
4.8162 4.0458 3.1410
4.7841 4.0458 3.1410
4.7521 4.0458 3.1411
4.7201 4.0458 3.1411
4.6881 4.0459 3.1411
4.6560 4.0459 3.1411
4.6240 4.0459 3.1412
4.5920 4.0459 3.1412
4.5600 4.0459 3.1412
4.5280 4.0459 3.1412
4.4959 4.0459 3.1412
4.4639 4.0459 3.1412
4.4319 4.0459 3.1413
4.3999 4.0460 3.1413
4.3679 4.0460 3.1413
4.3358 4.0460 3.1413
4.3038 4.0460 3.1413
4.2718 4.0460 3.1413
4.2398 4.0460 3.1413
4.2078 4.0460 3.1413
4.1757 4.0460 3.1413
4.1437 4.0460 3.1413
4.1117 4.0460 3.1413
4.0797 4.0460 3.1413
4.0476 4.0460 3.1412
4.0156 4.0460 3.1412
3.9836 4.0460 3.1412
3.9516 4.0460 3.1412
3.9196 4.0460 3.1412
3.8875 4.0460 3.1412
3.8555 4.0460 3.1411
3.8235 4.0460 3.1411
3.7915 4.0460 3.1411
3.7595 4.0460 3.1411
3.7274 4.0460 3.1410
3.6954 4.0460 3.1410
3.6634 4.0460 3.1410
3.6314 4.0460 3.1409
3.5994 4.0460 3.1409
3.5673 4.0460 3.1409
3.5353 4.0460 3.1408
3.5033 4.0460 3.1408
3.4713 4.0460 3.1407
3.4392 4.0460 3.1407
3.4072 4.0460 3.1407
3.3752 4.0460 3.1406
3.3432 4.0460 3.1406
3.3112 4.0460 3.1405
3.2791 4.0460 3.1405
3.2471 4.0460 3.1404
3.2151 4.0460 3.1403
3.1831 4.0460 3.1403
3.1511 4.0460 3.1402
3.1190 4.0460 3.1402
3.0870 4.0460 3.1401
3.0550 4.0460 3.1400
3.0230 4.0460 3.1400
2.9910 4.0460 3.1399
2.9589 4.0460 3.1398
2.9269 4.0460 3.1397
2.8949 4.0460 3.1397
2.8629 4.0460 3.1396
2.8308 4.0460 3.1395
2.7988 4.0460 3.1394
2.7668 4.0460 3.1394
2.7348 4.0460 3.1393
2.7028 4.0460 3.1392
2.6707 4.0460 3.1391
2.6387 4.0460 3.1390
2.6067 4.0460 3.1389
2.5747 4.0460 3.1388
2.5427 4.0460 3.1387
2.5106 4.0460 3.1386
2.4786 4.0460 3.1385
2.4466 4.0460 3.1384
2.4146 4.0460 3.1383
2.3825 4.0460 3.1382
2.3505 4.0460 3.1381
2.3185 4.0460 3.1380
2.2865 4.0460 3.1379
2.2545 4.0460 3.1378
2.2224 4.0460 3.1377
2.1904 4.0460 3.1376
2.1584 4.0460 3.1375
2.1264 4.0460 3.1373
2.0944 4.0460 3.1372
2.0623 4.0460 3.1372
2.0303 4.0460 3.1374
1.9983 4.0460 3.1377
1.9663 4.0460 3.1383
1.9343 4.0460 3.1391
1.9022 4.0460 3.1400
1.8702 4.0460 3.1412
1.8382 4.0460 3.1427
1.8062 4.0460 3.1443
1.7741 4.0460 3.1462
1.7421 4.0460 3.1484
1.7101 4.0460 3.1509
1.6781 4.0460 3.1536
1.6461 4.0460 3.1566
1.6140 4.0460 3.1597
1.5820 4.0460 3.1629
1.5500 4.0460 3.1663
1.5500 4.0460 3.1697
1.5207 4.0490 3.1732
1.4905 4.0512 3.1766
1.4594 4.0525 3.1800
1.4274 4.0530 3.1833
1.3947 4.0526 3.1880
1.3614 4.0513 3.1955
1.3274 4.0492 3.2056
1.2929 4.0463 3.2183
1.2580 4.0425 3.2336
1.2227 4.0379 3.2513
1.1871 4.0325 3.2715
1.1513 4.0262 3.2942
1.1153 4.0191 3.3195
1.0792 4.0112 3.3473
1.0431 4.0025 3.3777
1.0071 3.9930 3.4089
0.9713 3.9827 3.4395
0.9356 3.9716 3.4695
0.9003 3.9597 3.4990
0.8653 3.9470 3.5284
0.8307 3.9336 3.5576
0.7967 3.9193 3.5868
0.7633 3.9043 3.6163
0.7305 3.8885 3.6461
0.6984 3.8720 3.6764
0.6672 3.8547 3.7075
0.6369 3.8367 3.7399
0.6075 3.8179 3.7745
0.5791 3.7984 3.8117
0.5519 3.7781 3.8516
0.5258 3.7571 3.8948
0.5010 3.7353 3.9417
0.4775 3.7129 3.9927
0.4554 3.6897 4.0483
0.4348 3.6658 4.1089
0.4158 3.6412 4.1750
0.3983 3.6159 4.2467
0.3826 3.5899 4.3198
0.3687 3.5632 4.3892
0.3565 3.5358 4.4538
0.3464 3.5077 4.5128
0.3382 3.4790 4.5658
0.3321 3.4495 4.6126
0.3281 3.4194 4.6532
0.3261 3.3887 4.6875
0.3259 3.3574 4.7158
0.3271 3.3257 4.7383
0.3294 3.2935 4.7552
0.3325 3.2611 4.7679
0.3362 3.2285 4.7776
0.3402 3.1957 4.7845
0.3441 3.1628 4.7887
0.3477 3.1300 4.7902
0.3507 3.0972 4.7890
0.3529 3.0647 4.7853
0.3544 3.0322 4.7790
0.3552 2.9999 4.7702
0.3555 2.9677 4.7588
0.3554 2.9355 4.7448
0.3549 2.9034 4.7305
0.3541 2.8714 4.7179
0.3532 2.8394 4.7070
0.3522 2.8075 4.6978
0.3512 2.7755 4.6903
0.3504 2.7435 4.6845
0.3497 2.7115 4.6803
0.3493 2.6795 4.6779
0.3491 2.6474 4.6771
0.3491 2.6153 4.6780
0.3491 2.5831 4.6807
0.3493 2.5509 4.6842
0.3495 2.5188 4.6874
0.3498 2.4866 4.6905
0.3500 2.4543 4.6934
0.3501 2.4221 4.6961
0.3502 2.3899 4.6986
0.3501 2.3577 4.7008
0.3498 2.3255 4.7029
0.3494 2.2933 4.7047
0.3488 2.2612 4.7062
0.3481 2.2290 4.7076
0.3472 2.1969 4.7087
0.3463 2.1647 4.7096
0.3453 2.1326 4.7102
0.3443 2.1004 4.7106
0.3432 2.0683 4.7108
0.3422 2.0362 4.7107
0.3412 2.0040 4.7104
0.3402 1.9719 4.7098
0.3393 1.9398 4.7091
0.3384 1.9077 4.7081
0.3377 1.8755 4.7069
0.3371 1.8434 4.7055
0.3367 1.8112 4.7046
0.3365 1.7791 4.7049
0.3364 1.7469 4.7065
0.3366 1.7148 4.7094
0.3370 1.6826 4.7138
0.3377 1.6504 4.7203
0.3387 1.6182 4.7291
0.3400 1.5860 4.7398
0.3400 1.5860 4.7518
0.3444 1.5556 4.7642
0.3486 1.5248 4.7762
0.3526 1.4936 4.7880
0.3564 1.4621 4.8005
0.3603 1.4302 4.8140
0.3642 1.3982 4.8286
0.3682 1.3660 4.8443
0.3723 1.3337 4.8615
0.3767 1.3013 4.8802
0.3814 1.2689 4.9007
0.3865 1.2365 4.9233
0.3921 1.2042 4.9483
0.3982 1.1720 4.9761
0.4048 1.1400 5.0056
0.4121 1.1083 5.0354
0.4202 1.0768 5.0655
0.4290 1.0456 5.0959
0.4387 1.0149 5.1266
0.4494 0.9845 5.1575
0.4610 0.9547 5.1886
0.4737 0.9254 5.2200
0.4876 0.8967 5.2516
0.5027 0.8686 5.2833
0.5190 0.8413 5.3151
0.5367 0.8146 5.3470
0.5555 0.7886 5.3790
0.5754 0.7634 5.4110
0.5964 0.7389 5.4431
0.6184 0.7152 5.4751
0.6413 0.6922 5.5071
0.6649 0.6700 5.5391
0.6894 0.6485 5.5709
0.7145 0.6277 5.6026
0.7401 0.6078 5.6341
0.7663 0.5886 5.6655
0.7930 0.5702 5.6963
0.8201 0.5525 5.7265
0.8476 0.5356 5.7558
0.8754 0.5195 5.7845
0.9037 0.5041 5.8126
0.9323 0.4894 5.8400
0.9612 0.4755 5.8669
0.9905 0.4622 5.8933
1.0200 0.4496 5.9191
1.0499 0.4377 5.9446
1.0801 0.4264 5.9696
1.1105 0.4158 5.9943
1.1412 0.4059 6.0187
1.1721 0.3966 6.0429
1.2033 0.3880 6.0668
1.2346 0.3801 6.0906
1.2660 0.3729 6.1142
1.2977 0.3666 6.1378
1.3294 0.3610 6.1613
1.3612 0.3562 6.1848
1.3931 0.3523 6.2084
1.4251 0.3492 6.2321
1.4571 0.3470 6.2552
1.4891 0.3457 6.2767
1.5211 0.3454 6.2967
1.5530 0.3458 6.3151
1.5850 0.3470 6.3320
1.6170 0.3489 6.3472
1.6490 0.3514 6.3608
1.6809 0.3543 6.3727
1.7129 0.3577 6.3831
1.7448 0.3613 6.3918
1.7768 0.3653 6.3989
1.8088 0.3693 6.4043
1.8407 0.3735 6.4082
1.8727 0.3776 6.4103
1.9047 0.3817 6.4109
1.9367 0.3856 6.4098
1.9687 0.3893 6.4071
2.0007 0.3926 6.4027
2.0327 0.3958 6.3967
2.0647 0.3987 6.3890
2.0967 0.4013 6.3797
2.1287 0.4038 6.3687
2.1608 0.4060 6.3571
2.1928 0.4079 6.3461
2.2249 0.4097 6.3356
2.2569 0.4113 6.3257
2.2890 0.4127 6.3163
2.3211 0.4138 6.3075
2.3531 0.4148 6.2993
2.3852 0.4156 6.2916
2.4173 0.4163 6.2845
2.4494 0.4168 6.2780
2.4815 0.4171 6.2721
2.5136 0.4172 6.2667
2.5457 0.4173 6.2619
2.5778 0.4172 6.2577
2.6099 0.4169 6.2541
2.6420 0.4165 6.2510
2.6741 0.4160 6.2485
2.7062 0.4154 6.2466
2.7383 0.4147 6.2452
2.7704 0.4139 6.2444
2.8026 0.4130 6.2442
2.8347 0.4121 6.2445
2.8668 0.4110 6.2450
2.8989 0.4099 6.2456
2.9311 0.4087 6.2461
2.9632 0.4074 6.2467
2.9953 0.4061 6.2472
3.0275 0.4048 6.2478
3.0596 0.4034 6.2483
3.0917 0.4020 6.2489
3.1238 0.4005 6.2494
3.1560 0.3991 6.2499
3.1881 0.3976 6.2505
3.2202 0.3961 6.2510
3.2523 0.3946 6.2515
3.2844 0.3932 6.2521
3.3166 0.3917 6.2526
3.3487 0.3903 6.2531
3.3808 0.3889 6.2537
3.4129 0.3875 6.2542
3.4450 0.3862 6.2548
3.4771 0.3849 6.2554
3.5092 0.3837 6.2559
3.5413 0.3825 6.2565
3.5734 0.3815 6.2571
3.6055 0.3804 6.2578
3.6376 0.3795 6.2586
3.6697 0.3787 6.2594
3.7017 0.3779 6.2603
3.7338 0.3773 6.2613
3.7659 0.3767 6.2623
3.7979 0.3763 6.2633
3.8300 0.3760 6.2644
3.8300 0.3760 6.2655
3.8620 0.3760 6.2667
3.8940 0.3760 6.2678
3.9260 0.3760 6.2689
3.9580 0.3760 6.2700
3.9900 0.3761 6.2711
4.0220 0.3760 6.2722
4.0540 0.3760 6.2733
4.0860 0.3760 6.2743
4.1180 0.3760 6.2754
4.1500 0.3760 6.2764
4.1820 0.3760 6.2775
4.2140 0.3760 6.2786
4.2460 0.3760 6.2796
4.2780 0.3760 6.2807
4.3100 0.3760 6.2816
4.3420 0.3760 6.2826
4.3740 0.3760 6.2835
4.4060 0.3759 6.2844
4.4380 0.3759 6.2852
4.4700 0.3760 6.2860
4.5020 0.3760 6.2867
4.5340 0.3760 6.2874
4.5660 0.3760 6.2881
4.5980 0.3760 6.2887
4.6300 0.3760 6.2893
4.6620 0.3761 6.2898
4.6940 0.3761 6.2903
4.7260 0.3761 6.2908
4.7580 0.3761 6.2912
4.7900 0.3762 6.2916
4.8220 0.3762 6.2919
4.8540 0.3762 6.2922
4.8860 0.3761 6.2925
4.9180 0.3761 6.2927
4.9500 0.3760 6.2928
4.9821 0.3760 6.2929
5.0141 0.3759 6.2927
5.0461 0.3758 6.2923
5.0781 0.3757 6.2917
5.1102 0.3756 6.2909
5.1422 0.3755 6.2899
5.1742 0.3754 6.2887
5.2062 0.3754 6.2873
5.2382 0.3755 6.2857
5.2702 0.3756 6.2839
5.3021 0.3757 6.2819
5.3341 0.3759 6.2797
5.3660 0.3763 6.2773
5.3979 0.3766 6.2747
5.4298 0.3770 6.2720
5.4617 0.3774 6.2690
5.4937 0.3778 6.2658
5.5256 0.3780 6.2625
5.5576 0.3782 6.2589
5.5896 0.3782 6.2552
5.6216 0.3780 6.2513
5.6537 0.3776 6.2472
5.6859 0.3770 6.2449
5.7181 0.3761 6.2462
5.7504 0.3749 6.2511
5.7827 0.3735 6.2597
5.8150 0.3721 6.2720
5.8474 0.3709 6.2881
5.8797 0.3700 6.3080
5.9119 0.3696 6.3319
5.9440 0.3698 6.3599
5.9760 0.3709 6.3920
6.0078 0.3729 6.4284
6.0394 0.3760 6.4674
6.0708 0.3805 6.5072
6.1019 0.3864 6.5479
6.1328 0.3939 6.5895
6.1633 0.4029 6.6320
6.1934 0.4135 6.6753
6.2231 0.4255 6.7194
6.2524 0.4389 6.7643
6.2812 0.4536 6.8100
6.3094 0.4696 6.8563
6.3371 0.4868 6.9032
6.3641 0.5052 6.9497
6.3905 0.5247 6.9949
6.4161 0.5453 7.0391
6.4410 0.5669 7.0822
6.4651 0.5894 7.1246
6.4883 0.6129 7.1662
6.5105 0.6372 7.2072
6.5316 0.6624 7.2478
6.5515 0.6883 7.2881
6.5702 0.7150 7.3282
6.5876 0.7424 7.3683
6.6035 0.7705 7.4085
6.6178 0.7991 7.4489
6.6305 0.8284 7.4897
6.6415 0.8582 7.5310
6.6507 0.8884 7.5729
6.6580 0.9191 7.6155
6.6635 0.9503 7.6590
6.6675 0.9817 7.7034
6.6701 1.0135 7.7490
6.6714 1.0455 7.7957
6.6717 1.0777 7.8436
6.6710 1.1101 7.8890
6.6696 1.1426 7.9280
6.6675 1.1751 7.9605
6.6651 1.2076 7.9865
6.6623 1.2401 8.0061
6.6594 1.2725 8.0193
6.6565 1.3048 8.0261
6.6537 1.3369 8.0267
6.6509 1.3689 8.0210
6.6481 1.4009 8.0090
6.6454 1.4328 7.9905
6.6428 1.4646 7.9696
6.6403 1.4964 7.9502
6.6379 1.5281 7.9323
6.6356 1.5599 7.9160
6.6334 1.5916 7.9014
6.6314 1.6234 7.8884
6.6295 1.6552 7.8771
6.6277 1.6871 7.8674
6.6262 1.7190 7.8594
6.6248 1.7509 7.8531
6.6235 1.7829 7.8484
6.6225 1.8149 7.8448
6.6216 1.8469 7.8416
6.6209 1.8790 7.8388
6.6204 1.9110 7.8364
6.6200 1.9431 7.8344
6.6199 1.9751 7.8328
6.6199 2.0071 7.8317
6.6201 2.0392 7.8309
6.6205 2.0712 7.8305
6.6211 2.1032 7.8305
6.6218 2.1352 7.8309
6.6226 2.1671 7.8317
6.6235 2.1991 7.8330
6.6245 2.2311 7.8346
6.6255 2.2631 7.8366
6.6265 2.2950 7.8390
6.6276 2.3270 7.8418
6.6286 2.3590 7.8450
6.6296 2.3910 7.8485
6.6305 2.4231 7.8525
6.6313 2.4551 7.8568
6.6320 2.4871 7.8616
6.6326 2.5192 7.8661
6.6330 2.5512 7.8700
6.6333 2.5833 7.8732
6.6333 2.6153 7.8757
6.6332 2.6473 7.8775
6.6329 2.6793 7.8787
6.6323 2.7113 7.8792
6.6315 2.7432 7.8790
6.6304 2.7751 7.8781
6.6291 2.8070 7.8766
6.6275 2.8388 7.8743
6.6257 2.8706 7.8714
6.6240 2.9024 7.8678
6.6222 2.9342 7.8635
6.6207 2.9661 7.8585
6.6193 2.9980 7.8527
6.6183 3.0300 7.8462
6.6178 3.0620 7.8390
6.6177 3.0942 7.8311
6.6183 3.1264 7.8223
6.6196 3.1588 7.8128
6.6217 3.1914 7.8025
6.6244 3.2240 7.7964
6.6273 3.2567 7.7997
6.6301 3.2894 7.8125
6.6326 3.3220 7.8348
6.6343 3.3544 7.8669
6.6349 3.3867 7.9088
6.6342 3.4187 7.9603
6.6318 3.4504 8.0210
6.6274 3.4817 8.0900
6.6206 3.5126 8.1660
6.6111 3.5430 8.2471
6.5987 3.5729 8.3181
6.5839 3.6022 8.3670
6.5673 3.6312 8.3965
6.5496 3.6597 8.4083
6.5315 3.6880 8.4029
6.5135 3.7161 8.3798
6.4964 3.7441 8.3377
6.4809 3.7720 8.2738
6.4675 3.7999 8.1847
6.4570 3.8279 8.0671
6.4500 3.8560 7.9193
6.4470 3.8843 7.7664
6.4478 3.9129 7.6362
6.4520 3.9417 7.5307
6.4591 3.9707 7.4489
6.4689 3.9999 7.3883
6.4808 4.0293 7.3463
6.4946 4.0589 7.3210
6.5097 4.0887 7.3108
6.5258 4.1187 7.3153
6.5425 4.1489 7.3345
6.5594 4.1792 7.3692
6.5761 4.2098 7.4210
6.5922 4.2405 7.4813
6.6072 4.2714 7.5397
6.6209 4.3024 7.5954
6.6328 4.3336 7.6477
6.6425 4.3650 7.6960
6.6498 4.3965 7.7398
6.6550 4.4281 7.7789
6.6582 4.4599 7.8130
6.6597 4.4918 7.8421
6.6597 4.5238 7.8662
6.6585 4.5558 7.8852
6.6563 4.5880 7.9002
6.6533 4.6202 7.9118
6.6498 4.6524 7.9202
6.6460 4.6847 7.9254
6.6422 4.7170 7.9276
6.6385 4.7493 7.9268
6.6352 4.7816 7.9230
6.6323 4.8139 7.9161
6.6299 4.8461 7.9061
6.6281 4.8783 7.8931
6.6269 4.9105 7.8769
6.6265 4.9426 7.8574
6.6268 4.9745 7.8346
6.6280 5.0064 7.8083
6.6302 5.0382 7.7785
6.6334 5.0699 7.7450
6.6376 5.1014 7.7078
6.6431 5.1328 7.6670
6.6497 5.1640 7.6224
6.6574 5.1950 7.5743
6.6663 5.2258 7.5227
6.6764 5.2563 7.4680
6.6875 5.2865 7.4152
6.6997 5.3163 7.3687
6.7129 5.3458 7.3286
6.7271 5.3749 7.2946
6.7423 5.4035 7.2665
6.7585 5.4317 7.2441
6.7757 5.4594 7.2270
6.7938 5.4865 7.2153
6.8126 5.5132 7.2087
6.8320 5.5394 7.2072
6.8517 5.5654 7.2109
6.8716 5.5911 7.2197
6.8914 5.6168 7.2340
6.9110 5.6423 7.2539
6.9302 5.6680 7.2798
6.9487 5.6937 7.3118
6.9663 5.7197 7.3505
6.9829 5.7460 7.3962
6.9982 5.7727 7.4492
7.0121 5.7999 7.5096
7.0243 5.8277 7.5774
7.0346 5.8561 7.6524
7.0429 5.8852 7.7264
7.0488 5.9152 7.7919
7.0523 5.9462 7.8483
7.0532 5.9781 7.8959
7.0511 6.0111 7.9350
7.0460 6.0454 7.9658
7.0375 6.0808 7.9888
7.0256 6.1177 8.0043
7.0100 6.1560 8.0126
7.0100 6.1560 8.0138
7.0136 6.1865 8.0080
7.0155 6.2176 8.0018
7.0157 6.2492 8.0019
7.0144 6.2811 8.0082
7.0115 6.3133 8.0209
7.0071 6.3456 8.0400
7.0012 6.3779 8.0654
6.9938 6.4101 8.0972
6.9849 6.4422 8.1353
6.9746 6.4740 8.1795
6.9630 6.5053 8.2294
6.9499 6.5362 8.2845
6.9356 6.5664 8.3412
6.9199 6.5959 8.3964
6.9030 6.6246 8.4507
6.8848 6.6523 8.5048
6.8654 6.6789 8.5591
6.8448 6.7044 8.6142
6.8231 6.7287 8.6707
6.8002 6.7515 8.7290
6.7763 6.7729 8.7898
6.7513 6.7927 8.8534
6.7252 6.8108 8.9205
6.6981 6.8270 8.9868
6.6701 6.8415 9.0475
6.6412 6.8541 9.1021
6.6115 6.8652 9.1505
6.5811 6.8747 9.1927
6.5500 6.8830 9.2286
6.5185 6.8901 9.2585
6.4866 6.8962 9.2825
6.4543 6.9015 9.3008
6.4217 6.9060 9.3134
6.3890 6.9099 9.3203
6.3563 6.9134 9.3249
6.3236 6.9166 9.3304
6.2910 6.9197 9.3368
6.2585 6.9225 9.3441
6.2261 6.9252 9.3524
6.1938 6.9276 9.3615
6.1617 6.9297 9.3715
6.1296 6.9316 9.3824
6.0977 6.9332 9.3941
6.0658 6.9345 9.4066
6.0341 6.9354 9.4199
6.0025 6.9359 9.4339
5.9710 6.9361 9.4487
5.9396 6.9359 9.4641
5.9083 6.9352 9.4800
5.8769 6.9340 9.4966
5.8455 6.9321 9.5136
5.8137 6.9296 9.5311
5.7816 6.9263 9.5490
5.7491 6.9221 9.5671
5.7159 6.9170 9.5855
5.6821 6.9109 9.6041
5.6478 6.9041 9.6175
5.6133 6.8969 9.6204
5.5786 6.8897 9.6130
5.5442 6.8828 9.5949
5.5101 6.8768 9.5648
5.4767 6.8718 9.5212
5.4442 6.8684 9.4614
5.4128 6.8668 9.3822
5.3828 6.8674 9.2799
5.3543 6.8707 9.1509
5.3276 6.8770 8.9942
5.3030 6.8866 8.8288
5.2805 6.8997 8.6772
5.2600 6.9160 8.5443
5.2415 6.9355 8.4311
5.2249 6.9578 8.3362
5.2100 6.9826 8.2575
5.1968 7.0098 8.1923
5.1851 7.0392 8.1383
5.1749 7.0705 8.0937
5.1660 7.1034 8.0568
5.1584 7.1378 8.0264
5.1520 7.1734 8.0005
5.1466 7.2099 7.9775
5.1422 7.2472 7.9569
5.1387 7.2851 7.9384
5.1359 7.3232 7.9216
5.1338 7.3614 7.9063
5.1322 7.3994 7.8924
5.1311 7.4370 7.8795
5.1304 7.4740 7.8676
5.1300 7.5101 7.8565
5.1297 7.5452 7.8462
5.1296 7.5793 7.8379
5.1295 7.6127 7.8347
5.1296 7.6453 7.8356
5.1298 7.6773 7.8338
5.1302 7.7655 7.8139
5.1303 7.7860 7.7622
5.1303 7.8065 7.7875
5.1303 7.8270 7.8009
5.1303 7.8475 7.8101
5.1302 7.8680 7.8179
5.1300 7.8887 7.8260
5.1297 7.9094 7.8366
5.1294 7.9303 7.8498
5.1290 7.9513 7.8637
5.1285 7.9724 7.8761
5.1279 7.9936 7.8855
5.1272 8.0148 7.8917
5.1264 8.0362 7.9021
5.1255 8.0575 7.9375
5.1244 8.0790 8.4382
5.1220 8.1219 8.0305
5.1241 8.0852 7.9472
5.1223 8.1175 7.9557
5.1202 8.1498 7.9642
5.1178 8.1821 7.9729
5.1151 8.2145 7.9818
5.1120 8.2468 7.9909
5.1086 8.2790 8.0003
5.1048 8.3111 8.0100
5.1006 8.3431 8.0202
5.0960 8.3749 8.0307
5.0910 8.4067 8.0419
5.0856 8.4384 8.0536
5.0797 8.4699 8.0657
5.0733 8.5013 8.0780
5.0665 8.5326 8.0906
5.0592 8.5637 8.1034
5.0513 8.5947 8.1164
5.0429 8.6256 8.1296
5.0340 8.6563 8.1429
5.0246 8.6869 8.1565
5.0146 8.7174 8.1703
5.0041 8.7477 8.1842
4.9932 8.7778 8.1983
4.9818 8.8078 8.2125
4.9700 8.8377 8.2269
4.9578 8.8674 8.2414
4.9452 8.8970 8.2561
4.9322 8.9265 8.2709
4.9189 8.9558 8.2858
4.9053 8.9849 8.3008
4.8913 9.0140 8.3159
4.8771 9.0428 8.3310
4.8626 9.0715 8.3463
4.8477 9.1001 8.3615
4.8325 9.1284 8.3768
4.8169 9.1565 8.3918
4.8009 9.1843 8.4068
4.7846 9.2119 8.4216
4.7678 9.2392 8.4363
4.7505 9.2663 8.4508
4.7328 9.2930 8.4653
4.7147 9.3194 8.4797
4.6960 9.3454 8.4940
4.6769 9.3712 8.5083
4.6573 9.3965 8.5225
4.6373 9.4216 8.5366
4.6169 9.4463 8.5507
4.5961 9.4708 8.5648
4.5749 9.4949 8.5789
4.5534 9.5188 8.5929
4.5315 9.5424 8.6070
4.5094 9.5657 8.6210
4.4870 9.5888 8.6351
4.4643 9.6117 8.6493
4.4414 9.6343 8.6634
4.4183 9.6567 8.6777
4.3950 9.6788 8.6920
4.3714 9.7006 8.7063
4.3476 9.7222 8.7208
4.3235 9.7434 8.7353
4.2991 9.7643 8.7500
4.2745 9.7849 8.7647
4.2496 9.8051 8.7796
4.2245 9.8250 8.7947
4.1990 9.8445 8.8098
4.1733 9.8636 8.8252
4.1473 9.8823 8.8407
4.1210 9.9005 8.8564
4.0943 9.9183 8.8723
4.0674 9.9357 8.8884
4.0402 9.9525 8.9047
4.0126 9.9689 8.9212
3.9847 9.9848 8.9380
3.9564 10.0001 8.9550
3.9278 10.0149 8.9723
3.8989 10.0292 8.9899
3.8696 10.0429 9.0077
3.8400 10.0560 9.0259
3.8400 10.0560 9.0441
3.8101 10.0685 9.0621
3.7800 10.0803 9.0799
3.7498 10.0915 9.0974
3.7194 10.1022 9.1145
3.6889 10.1122 9.1313
3.6583 10.1217 9.1477
3.6276 10.1306 9.1637
3.5967 10.1389 9.1792
3.5657 10.1468 9.1942
3.5346 10.1542 9.2086
3.5035 10.1611 9.2226
3.4722 10.1676 9.2360
3.4408 10.1736 9.2488
3.4093 10.1792 9.2610
3.3778 10.1844 9.2726
3.3461 10.1893 9.2836
3.3144 10.1937 9.2940
3.2826 10.1979 9.3039
3.2508 10.2017 9.3131
3.2189 10.2052 9.3217
3.1869 10.2085 9.3297
3.1549 10.2114 9.3380
3.1229 10.2142 9.3474
3.0908 10.2167 9.3580
3.0587 10.2190 9.3701
3.0265 10.2210 9.3837
2.9944 10.2227 9.3990
2.9623 10.2240 9.4164
2.9301 10.2248 9.4362
2.8980 10.2252 9.4588
2.8659 10.2250 9.4847
2.8339 10.2243 9.5147
2.8020 10.2229 9.5442
2.7701 10.2208 9.5659
2.7382 10.2180 9.5778
2.7065 10.2144 9.5803
2.6749 10.2099 9.5754
2.6434 10.2048 9.5656
2.6119 10.1991 9.5626
2.5805 10.1927 9.5755
2.5492 10.1859 9.6135
2.4556 10.1633 9.6724
2.4348 10.1580 9.7034
2.4140 10.1527 9.7074
2.3933 10.1473 9.7104
2.3725 10.1419 9.7123
2.3518 10.1365 9.7130
2.3311 10.1311 9.7126
2.3103 10.1258 9.7108
2.2896 10.1206 9.7077
2.2688 10.1154 9.7032
2.2481 10.1103 9.6972
2.2273 10.1053 9.6899
2.2065 10.1004 9.6811
2.1857 10.0956 9.6709
2.1648 10.0910 9.6594
2.1440 10.0864 9.6466
2.1231 10.0821 9.6326
2.1021 10.0779 9.6174
2.0812 10.0739 9.6013
2.0602 10.0700 9.5844
2.0391 10.0664 9.5667
2.0180 10.0630 9.5484
1.9969 10.0597 9.5297
1.9757 10.0568 9.5108
1.9545 10.0540 9.4933
1.9332 10.0515 9.4787
1.9118 10.0492 9.4665
1.8904 10.0472 9.4561
1.8690 10.0453 9.4475
1.8476 10.0437 9.4404
1.8262 10.0422 9.4348
1.8047 10.0410 9.4308
1.7833 10.0399 9.4286
1.7619 10.0389 9.4289
1.7405 10.0381 9.4328
1.7191 10.0375 9.4402
1.7619 10.0389 9.4448
1.7298 10.0378 9.4454
1.6978 10.0370 9.4468
1.6658 10.0364 9.4512
1.6340 10.0361 9.4587
1.6023 10.0360 9.4688
1.5708 10.0361 9.4802
1.5394 10.0362 9.4926
1.5081 10.0363 9.5058
1.4766 10.0363 9.5196
1.4451 10.0359 9.5314
1.4133 10.0351 9.5391
1.3811 10.0337 9.5430
1.3486 10.0317 9.5430
1.3155 10.0288 9.5393
1.2818 10.0250 9.5317
1.2476 10.0202 9.5201
1.2129 10.0149 9.5043
1.1781 10.0093 9.4839
1.1434 10.0039 9.4584
1.1090 9.9990 9.4275
1.0751 9.9950 9.3904
1.0420 9.9922 9.3456
1.0099 9.9910 9.2914
0.9790 9.9919 9.2269
0.9497 9.9951 9.1513
0.9220 10.0010 9.0640
0.8962 10.0100 8.9654
0.8726 10.0224 8.8565
0.8511 10.0381 8.7401
0.8317 10.0570 8.6197
0.8143 10.0788 8.4995
0.7987 10.1033 8.3837
0.7848 10.1301 8.2823
0.7726 10.1591 8.1998
0.7620 10.1900 8.1323
0.7528 10.2226 8.0762
0.7450 10.2567 8.0291
0.7385 10.2920 7.9891
0.7331 10.3282 7.9546
0.7288 10.3651 7.9245
0.7254 10.4025 7.8979
0.7230 10.4402 7.8740
0.7213 10.4778 7.8524
0.7203 10.5153 7.8325
0.7199 10.5522 7.8145
0.7199 10.5884 7.7988
0.7204 10.6237 7.7854
0.7212 10.6580 7.7747
0.7222 10.6915 7.7668
0.7236 10.7243 7.7621
0.7252 10.7565 7.7607
0.7269 10.7882 7.7629
0.7289 10.8194 7.7688
0.7310 10.8504 7.7786
0.7331 10.8811 7.7891
0.7353 10.9118 7.7966
0.7376 10.9424 7.8010
0.7398 10.9732 7.8022
0.7420 11.0042 7.8001
0.7442 11.0354 7.7950
0.7466 11.0667 7.7869
0.7492 11.0983 7.7762
0.7521 11.1300 7.7630
0.7555 11.1618 7.7479
0.7593 11.1937 7.7311
0.7638 11.2257 7.7121
0.7689 11.2578 7.6900
0.7749 11.2899 7.6645
0.7817 11.3221 7.6352
0.7895 11.3543 7.6015
0.7985 11.3864 7.5626
0.8085 11.4183 7.5178
0.8197 11.4499 7.4660
0.8321 11.4809 7.4059
0.8459 11.5112 7.3362
0.8609 11.5406 7.2554
0.8773 11.5689 7.1691
0.8951 11.5958 7.0847
0.9144 11.6213 7.0036
0.9352 11.6452 6.9266
0.9575 11.6672 6.8544
0.9815 11.6871 6.7875
1.0070 11.7050 6.7259
1.0341 11.7207 6.6698
1.0624 11.7346 6.6188
1.0919 11.7467 6.5728
1.1225 11.7572 6.5315
1.1538 11.7662 6.4942
1.1858 11.7739 6.4606
1.2183 11.7803 6.4305
1.2512 11.7857 6.4040
1.2842 11.7902 6.3811
1.3173 11.7938 6.3616
1.3502 11.7969 6.3455
1.3829 11.7994 6.3327
1.4153 11.8014 6.3231
1.4476 11.8030 6.3168
1.4797 11.8042 6.3137
1.5117 11.8051 6.3122
1.5436 11.8057 6.3107
1.5754 11.8061 6.3093
1.6072 11.8062 6.3079
1.6389 11.8062 6.3065
1.6706 11.8062 6.3051
1.7023 11.8061 6.3038
1.7341 11.8060 6.3025
1.7660 11.8059 6.3012
1.7979 11.8058 6.3000
1.8299 11.8058 6.2988
1.8619 11.8058 6.2976
1.8940 11.8058 6.2964
1.9260 11.8058 6.2953
1.9581 11.8058 6.2942
1.9903 11.8059 6.2932
2.0224 11.8059 6.2921
2.0545 11.8060 6.2911
2.0866 11.8060 6.2902
2.1187 11.8060 6.2892
2.1508 11.8060 6.2883
2.1829 11.8060 6.2875
2.2149 11.8061 6.2866
2.2470 11.8061 6.2858
2.2790 11.8061 6.2851
2.3110 11.8061 6.2843
2.3430 11.8060 6.2836
2.3750 11.8060 6.2829
2.4071 11.8060 6.2823
2.4391 11.8060 6.2817
2.4711 11.8060 6.2811
2.5031 11.8060 6.2805
2.5351 11.8060 6.2800
2.5672 11.8060 6.2795
2.5992 11.8060 6.2790
2.6312 11.8060 6.2786
2.6633 11.8060 6.2782
2.6953 11.8060 6.2779
2.7274 11.8060 6.2775
2.7594 11.8060 6.2772
2.7914 11.8060 6.2770
2.8235 11.8060 6.2767
2.8555 11.8060 6.2765
2.8876 11.8060 6.2764
2.9196 11.8060 6.2762
2.9516 11.8060 6.2761
2.9837 11.8060 6.2760
3.0157 11.8060 6.2760
3.0478 11.8060 6.2760
3.0798 11.8060 6.2760
3.1118 11.8060 6.2761
3.1439 11.8060 6.2762
3.1759 11.8060 6.2763
3.2079 11.8060 6.2764
3.2400 11.8060 6.2766
3.2720 11.8060 6.2768
3.3040 11.8060 6.2771
3.3361 11.8060 6.2773
3.3681 11.8060 6.2777
3.4001 11.8059 6.2780
3.4322 11.8059 6.2784
3.4642 11.8059 6.2788
3.4963 11.8059 6.2792
3.5283 11.8059 6.2797
3.5603 11.8060 6.2802
3.5924 11.8060 6.2807
3.6244 11.8060 6.2813
3.6564 11.8060 6.2819
3.6885 11.8061 6.2825
3.7205 11.8061 6.2832
3.7525 11.8062 6.2839
3.7846 11.8062 6.2846
3.8166 11.8062 6.2853
3.8487 11.8062 6.2861
3.8807 11.8062 6.2869
3.9127 11.8062 6.2878
3.9448 11.8062 6.2887
3.9768 11.8061 6.2896
4.0088 11.8060 6.2905
4.0409 11.8058 6.2915
4.0729 11.8057 6.2925
4.1050 11.8055 6.2935
4.1370 11.8053 6.2946
4.1690 11.8052 6.2957
4.2011 11.8051 6.2968
4.2331 11.8051 6.2980
4.2652 11.8052 6.2992
4.2972 11.8053 6.3004
4.3292 11.8055 6.3015
4.3613 11.8059 6.3025
4.3933 11.8064 6.3032
4.4253 11.8070 6.3037
4.4573 11.8077 6.3040
4.4894 11.8085 6.3041
4.5214 11.8093 6.3040
4.5534 11.8102 6.3037
4.5854 11.8112 6.3031
4.6175 11.8122 6.3024
4.6495 11.8131 6.3014
4.6815 11.8141 6.3003
4.7135 11.8150 6.2989
4.7456 11.8159 6.2973
4.7776 11.8167 6.2955
4.8096 11.8174 6.2934
4.8416 11.8180 6.2911
4.8737 11.8185 6.2885
4.9057 11.8189 6.2858
4.9377 11.8191 6.2827
4.9698 11.8191 6.2794
5.0018 11.8189 6.2758
5.0339 11.8185 6.2720
5.0659 11.8179 6.2681
5.0979 11.8171 6.2647
5.1300 11.8160 6.2617
5.1300 11.8160 6.2592
5.1620 11.8144 6.2571
5.1941 11.8129 6.2555
5.2261 11.8117 6.2544
5.2582 11.8105 6.2537
5.2902 11.8096 6.2535
5.3223 11.8087 6.2538
5.3543 11.8080 6.2545
5.3864 11.8074 6.2556
5.4185 11.8069 6.2570
5.4506 11.8065 6.2588
5.4826 11.8062 6.2608
5.5147 11.8060 6.2632
5.5468 11.8058 6.2659
5.5789 11.8057 6.2690
5.6109 11.8057 6.2724
5.6430 11.8057 6.2761
5.6751 11.8057 6.2803
5.7072 11.8057 6.2848
5.7392 11.8058 6.2892
5.7713 11.8059 6.2930
5.8034 11.8059 6.2961
5.8354 11.8060 6.2987
5.8675 11.8060 6.3007
5.8995 11.8060 6.3020
5.9316 11.8059 6.3027
5.9636 11.8059 6.3028
5.9957 11.8058 6.3023
6.0277 11.8057 6.3011
6.0598 11.8056 6.2992
6.0918 11.8055 6.2968
6.1239 11.8055 6.2937
6.1560 11.8055 6.2899
6.1881 11.8055 6.2855
6.2202 11.8057 6.2805
6.2523 11.8059 6.2748
6.2844 11.8061 6.2685
6.3165 11.8065 6.2616
6.3487 11.8068 6.2540
6.3808 11.8070 6.2459
6.4130 11.8071 6.2371
6.4451 11.8070 6.2283
6.4772 11.8065 6.2202
6.5093 11.8057 6.2130
6.5413 11.8045 6.2066
6.5733 11.8027 6.2012
6.6052 11.8004 6.1966
6.6371 11.7974 6.1907
6.6689 11.7937 6.1804
6.7007 11.7893 6.1635
6.7324 11.7844 6.1343
6.7640 11.7791 6.0761
6.7956 11.7735 6.0187
6.8272 11.7677 6.0614
6.7956 11.7735 6.1400
6.8378 11.7658 6.1816
6.8799 11.7581 6.1975
6.9221 11.7508 6.2029
6.9643 11.7442 6.2054
7.0066 11.7386 6.2100
7.0491 11.7342 6.2169
7.0916 11.7313 6.2259
7.1343 11.7295 6.2369
7.1770 11.7288 6.2484
7.2198 11.7290 6.2589
7.2626 11.7299 6.2684
7.3055 11.7313 6.2770
7.3484 11.7331 6.2846
7.3912 11.7351 6.2913
7.4341 11.7371 6.2971
7.4769 11.7391 6.3020
7.5197 11.7409 6.3059
7.5624 11.7425 6.3090
7.6052 11.7439 6.3111
7.6479 11.7450 6.3124
7.6906 11.7458 6.3128
7.7333 11.7461 6.3123
7.7760 11.7460 6.3109
7.8187 11.7455 6.3086
7.8614 11.7445 6.3054
7.9041 11.7432 6.3014
7.9468 11.7417 6.2965
7.9895 11.7402 6.2906
8.0322 11.7388 6.2839
8.0750 11.7375 6.2763
8.1178 11.7366 6.2678
8.1607 11.7360 6.2582
8.2036 11.7359 6.2477
8.2465 11.7361 6.2362
8.2894 11.7363 6.2237
8.3323 11.7364 6.2102
8.3751 11.7360 6.1957
8.4178 11.7349 6.1802
8.4605 11.7330 6.1637
8.5030 11.7299 6.1462
8.5453 11.7253 6.1277
8.5875 11.7193 6.1092
8.6295 11.7118 6.0916
8.6713 11.7031 6.0748
8.7130 11.6933 6.0589
8.7545 11.6825 6.0438
8.7958 11.6709 6.0296
8.8370 11.6588 6.0162
8.8781 11.6461 6.0037
8.9190 11.6331 5.9919
8.9598 11.6200 5.9810
9.0005 11.6066 5.9708
9.0411 11.5932 5.9612
9.0816 11.5796 5.9518
9.1221 11.5660 5.9428
9.1625 11.5523 5.9340
9.2030 11.5386 5.9255
9.2435 11.5249 5.9174
9.2840 11.5113 5.9095
9.3246 11.4976 5.9019
9.3652 11.4839 5.8947
9.4057 11.4699 5.8877
9.4460 11.4556 5.8811
9.4862 11.4409 5.8747
9.5261 11.4255 5.8687
9.5657 11.4095 5.8630
9.6050 11.3927 5.8576
9.6438 11.3750 5.8525
9.6822 11.3564 5.8477
9.7203 11.3371 5.8433
9.7582 11.3172 5.8391
9.7958 11.2969 5.8353
9.8333 11.2762 5.8318
9.8707 11.2554 5.8286
9.9081 11.2346 5.8256
9.9456 11.2139 5.8226
9.9832 11.1934 5.8197
10.0210 11.1733 5.8169
10.0589 11.1535 5.8142
10.0970 11.1340 5.8116
10.1352 11.1148 5.8090
10.1735 11.0959 5.8065
10.2120 11.0773 5.8040
10.2506 11.0589 5.8017
10.2894 11.0409 5.7994
10.3283 11.0231 5.7976
10.3673 11.0055 5.7967
10.4063 10.9879 5.7967
10.4452 10.9703 5.7977
10.4841 10.9525 5.7995
10.5229 10.9344 5.8023
10.5614 10.9159 5.8059
10.5997 10.8969 5.8104
10.6377 10.8772 5.8159
10.6753 10.8568 5.8223
10.7127 10.8359 5.8296
10.7499 10.8147 5.8375
10.7871 10.7933 5.8454
10.8243 10.7721 5.8534
10.8616 10.7513 5.8616
10.8993 10.7311 5.8698
10.9373 10.7117 5.8782
10.9757 10.6934 5.8866
11.0147 10.6762 5.8952
11.0542 10.6602 5.9038
11.0941 10.6450 5.9126
11.1344 10.6305 5.9215
11.1749 10.6167 5.9304
11.2156 10.6032 5.9395
11.2564 10.5899 5.9487
11.2972 10.5767 5.9579
11.3380 10.5634 5.9673
11.3788 10.5498 5.9767
11.4194 10.5363 5.9863
11.4601 10.5228 5.9959
11.5008 10.5095 6.0056
11.5416 10.4966 6.0154
11.5825 10.4843 6.0253
11.6236 10.4728 6.0353
11.6649 10.4620 6.0454
11.7064 10.4523 6.0556
11.7481 10.4436 6.0658
11.7900 10.4358 6.0761
11.8322 10.4287 6.0865
11.8744 10.4222 6.0970
11.9168 10.4161 6.1075
11.9593 10.4101 6.1181
12.0017 10.4043 6.1288
12.0442 10.3983 6.1396
12.0866 10.3921 6.1504
12.1290 10.3856 6.1612
12.1714 10.3790 6.1721
12.2137 10.3726 6.1831
12.2560 10.3664 6.1941
12.2984 10.3605 6.2052
12.3408 10.3553 6.2163
12.3832 10.3507 6.2274
12.4257 10.3470 6.2386
12.4683 10.3443 6.2498
12.5109 10.3426 6.2611
12.5536 10.3418 6.2723
12.5963 10.3416 6.2826
12.6391 10.3420 6.2906
12.6820 10.3427 6.2966
12.7248 10.3437 6.3005
12.7676 10.3448 6.3023
12.8104 10.3458 6.3021
12.8533 10.3466 6.2997
12.8961 10.3472 6.2953
12.9388 10.3476 6.2887
12.9816 10.3478 6.2799
13.0244 10.3478 6.2689
13.0671 10.3476 6.2582
13.1098 10.3472 6.2502
13.1526 10.3467 6.2450
13.1953 10.3461 6.2427
13.2380 10.3453 6.2434
13.2808 10.3444 6.2471
13.3235 10.3434 6.2540
13.3662 10.3423 6.2642
13.4089 10.3412 6.2779
13.4517 10.3399 6.2952
13.4944 10.3387 6.3164
13.5372 10.3373 6.3383
13.5800 10.3360 6.3572
13.5800 10.3360 6.3731
13.6223 10.3421 6.3856
13.6647 10.3479 6.3947
13.7072 10.3532 6.4002
13.7497 10.3583 6.4019
13.7706 10.3606 6.3997
13.8024 10.3640 6.3934
13.8343 10.3671 6.3829
13.8662 10.3701 6.3681
13.8981 10.3728 6.3518
13.9301 10.3753 6.3368
13.9620 10.3775 6.3234
13.9940 10.3796 6.3116
14.0260 10.3813 6.3014
14.0580 10.3829 6.2930
14.0900 10.3842 6.2863
14.1220 10.3852 6.2814
14.1541 10.3860 6.2783
14.1861 10.3866 6.2770
14.2181 10.3869 6.2776
14.2502 10.3869 6.2789
14.2822 10.3866 6.2800
14.3142 10.3861 6.2809
14.3462 10.3853 6.2815
14.3783 10.3843 6.2819
14.4103 10.3832 6.2821
14.4423 10.3819 6.2821
14.4743 10.3806 6.2819
14.5063 10.3794 6.2814
14.5383 10.3782 6.2808
14.5703 10.3772 6.2799
14.6023 10.3764 6.2788
14.6343 10.3759 6.2775
14.6664 10.3757 6.2760
14.6984 10.3760 6.2743
14.7304 10.3767 6.2723
14.7624 10.3777 6.2702
14.7945 10.3789 6.2678
14.8265 10.3802 6.2652
14.8585 10.3814 6.2623
14.8905 10.3824 6.2593
14.9226 10.3830 6.2560
14.9546 10.3831 6.2500
14.9866 10.3825 6.2387
15.0186 10.3812 6.2222
15.0507 10.3790 6.2002
15.0827 10.3757 6.1728
15.1147 10.3712 6.1398
15.1466 10.3655 6.1013
15.1783 10.3586 6.0573
15.2099 10.3506 6.0080
15.2411 10.3413 5.9537
15.2720 10.3308 5.8948
15.3025 10.3192 5.8366
15.3325 10.3063 5.7838
15.3619 10.2922 5.7359
15.3908 10.2769 5.6925
15.4189 10.2605 5.6532
15.4462 10.2428 5.6177
15.4727 10.2239 5.5856
15.4983 10.2038 5.5565
15.5230 10.1825 5.5303
15.5466 10.1600 5.5066
15.5693 10.1365 5.4852
15.5914 10.1123 5.4699
15.6131 10.0878 5.4649
15.6345 10.0633 5.4706
15.6561 10.0389 5.4873
15.6779 10.0152 5.5156
15.7003 9.9923 5.5558
15.7235 9.9707 5.6079
15.7477 9.9505 5.6718
15.7731 9.9322 5.7465
15.8001 9.9160 5.8305
15.8286 9.9022 5.9213
15.8587 9.8907 6.0095
15.8900 9.8817 6.0892
15.9223 9.8749 6.1625
15.9554 9.8704 6.2311
15.9891 9.8682 6.2968
16.0230 9.8681 6.3610
16.0570 9.8702 6.4252
16.0907 9.8744 6.4908
16.1241 9.8806 6.5593
16.1568 9.8888 6.6325
16.1886 9.8990 6.7119
16.2192 9.9112 6.7934
16.2485 9.9252 6.8698
16.2762 9.9410 6.9395
16.3024 9.9586 7.0012
16.3273 9.9777 7.0541
16.3511 9.9982 7.0981
16.3739 10.0200 7.1329
16.3959 10.0430 7.1587
16.4172 10.0669 7.1758
16.4381 10.0917 7.1844
16.4588 10.1172 7.1847
16.4792 10.1433 7.1789
16.4998 10.1698 7.1688
16.5205 10.1966 7.1544
16.5416 10.2235 7.1356
16.5631 10.2503 7.1121
16.5851 10.2767 7.0838
16.6076 10.3023 7.0503
16.6307 10.3269 7.0113
16.6543 10.3502 6.9664
16.6787 10.3719 6.9152
16.7037 10.3917 6.8575
16.7295 10.4094 6.7910
16.7561 10.4246 6.7130
16.7836 10.4371 6.6224
16.8119 10.4465 6.5185
16.8412 10.4528 6.4018
16.8713 10.4562 6.2741
16.9021 10.4570 6.1618
16.9336 10.4557 6.0878
16.9655 10.4527 6.0489
16.9979 10.4482 6.0421
17.0307 10.4428 6.0663
17.0636 10.4367 6.1039
17.0967 10.4304 6.1377
17.1298 10.4243 6.1678
17.1628 10.4186 6.1942
17.1956 10.4139 6.2169
17.2282 10.4101 6.2361
17.2606 10.4073 6.2516
17.2928 10.4053 6.2636
17.3249 10.4040 6.2722
17.3569 10.4033 6.2772
17.3887 10.4032 6.2786
17.4205 10.4034 6.2784
17.4523 10.4038 6.2783
17.4840 10.4045 6.2785
17.5157 10.4052 6.2787
17.5475 10.4058 6.2792
17.5793 10.4063 6.2798
17.6112 10.4066 6.2807
17.6431 10.4067 6.2817
17.6750 10.4067 6.2828
17.7071 10.4066 6.2842
17.7391 10.4065 6.2857
17.7712 10.4063 6.2874
17.8033 10.4061 6.2893
17.8354 10.4060 6.2913
17.8675 10.4059 6.2935
17.8996 10.4058 6.2959
17.9317 10.4059 6.2984
17.9637 10.4062 6.3010
17.9958 10.4066 6.3038
18.0278 10.4071 6.3067
18.0599 10.4078 6.3097
18.0919 10.4086 6.3128
18.1239 10.4094 6.3157
18.1559 10.4104 6.3178
18.1879 10.4114 6.3192
18.2199 10.4125 6.3200
18.2519 10.4136 6.3201
18.2839 10.4147 6.3196
18.3158 10.4158 6.3183
18.3478 10.4170 6.3164
18.3798 10.4181 6.3137
18.4118 10.4193 6.3102
18.4438 10.4203 6.3059
18.4758 10.4214 6.3013
18.5078 10.4223 6.2969
18.5398 10.4232 6.2930
18.5718 10.4240 6.2895
18.6038 10.4247 6.2864
18.6359 10.4253 6.2839
18.6679 10.4257 6.2818
18.7000 10.4260 6.2804
18.7000 10.4260 6.2795
18.7321 10.4260 6.2791
18.7642 10.4257 6.2793
18.7963 10.4252 6.2795
18.8283 10.4245 6.2790
18.8604 10.4236 6.2780
18.8924 10.4226 6.2763
18.9244 10.4214 6.2741
18.9564 10.4203 6.2713
18.9884 10.4191 6.2679
19.0204 10.4179 6.2640
19.0524 10.4169 6.2596
19.0843 10.4159 6.2545
19.1163 10.4150 6.2490
19.1483 10.4144 6.2451
19.1803 10.4140 6.2451
19.2123 10.4138 6.2491
19.2443 10.4140 6.2571
19.2763 10.4145 6.2690
19.3083 10.4154 6.2849
19.3403 10.4167 6.3049
19.3724 10.4185 6.3290
19.4045 10.4208 6.3573
19.4366 10.4236 6.3899
19.4687 10.4270 6.4267
19.5008 10.4310 6.4653
19.5329 10.4358 6.5033
19.5649 10.4412 6.5407
19.5966 10.4476 6.5774
19.6282 10.4548 6.6136
19.6594 10.4629 6.6492
19.6903 10.4721 6.6843
19.7208 10.4823 6.7189
19.7507 10.4937 6.7531
19.7801 10.5063 6.7868
19.8089 10.5202 6.8202
19.8370 10.5354 6.8533
19.8645 10.5520 6.8861
19.8912 10.5697 6.9187
19.9172 10.5887 6.9511
19.9424 10.6087 6.9834
19.9669 10.6298 7.0156
19.9907 10.6518 7.0478
20.0137 10.6746 7.0800
20.0359 10.6983 7.1124
20.0574 10.7226 7.1449
20.0780 10.7477 7.1776
20.0979 10.7732 7.2101
20.1170 10.7993 7.2419
20.1353 10.8258 7.2731
20.1528 10.8528 7.3036
20.1696 10.8802 7.3334
20.1856 10.9081 7.3625
20.2009 10.9363 7.3909
20.2155 10.9648 7.4186
20.2294 10.9938 7.4457
20.2427 11.0230 7.4721
20.2553 11.0526 7.4979
20.2673 11.0824 7.5231
20.2787 11.1125 7.5477
20.2895 11.1429 7.5718
20.2997 11.1735 7.5953
20.3092 11.2043 7.6183
20.3181 11.2354 7.6408
20.3262 11.2666 7.6629
20.3336 11.2979 7.6845
20.3402 11.3294 7.7058
20.3459 11.3610 7.7267
20.3508 11.3927 7.7472
20.3549 11.4245 7.7672
20.3580 11.4564 7.7862
20.3601 11.4882 7.8043
20.3613 11.5202 7.8216
20.3616 11.5521 7.8378
20.3612 11.5841 7.8532
20.3600 11.6160 7.8676
20.3584 11.6480 7.8810
20.3562 11.6800 7.8935
20.3537 11.7120 7.9051
20.3509 11.7441 7.9158
20.3480 11.7761 7.9255
20.3451 11.8081 7.9342
20.3422 11.8402 7.9421
20.3395 11.8722 7.9490
20.3370 11.9042 7.9551
20.3347 11.9363 7.9602
20.3325 11.9683 7.9644
20.3303 12.0003 7.9677
20.3282 12.0323 7.9700
20.3261 12.0642 7.9715
20.3238 12.0962 7.9721
20.3213 12.1281 7.9726
20.3187 12.1600 7.9739
20.3158 12.1918 7.9761
20.3125 12.2236 7.9791
20.3089 12.2554 7.9830
20.3048 12.2871 7.9878
20.3004 12.3188 7.9933
20.2955 12.3505 7.9998
20.2903 12.3821 8.0071
20.2848 12.4136 8.0152
20.2789 12.4451 8.0242
20.2728 12.4766 8.0341
20.2663 12.5080 8.0448
20.2597 12.5394 8.0563
20.2527 12.5708 8.0688
20.2456 12.6021 8.0820
20.2383 12.6334 8.0961
20.2307 12.6646 8.1110
20.2229 12.6957 8.1267
20.2148 12.7268 8.1432
20.2062 12.7577 8.1605
20.1971 12.7885 8.1785
20.1875 12.8191 8.1980
20.1773 12.8495 8.2197
20.1664 12.8796 8.2437
20.1547 12.9095 8.2700
20.1421 12.9391 8.2986
20.1287 12.9684 8.3297
20.1142 12.9973 8.3631
20.0987 13.0258 8.3990
20.0823 13.0539 8.4372
20.0647 13.0814 8.4777
20.0462 13.1082 8.5205
20.0267 13.1342 8.5654
20.0062 13.1594 8.6105
19.9848 13.1836 8.6544
19.9623 13.2068 8.6973
19.9389 13.2289 8.7395
19.9146 13.2498 8.7812
19.8893 13.2693 8.8227
19.8630 13.2875 8.8643
19.8359 13.3043 8.9063
19.8080 13.3198 8.9489
19.7793 13.3340 8.9925
19.7500 13.3471 9.0373
19.7201 13.3591 9.0812
19.6897 13.3702 9.1218
19.6589 13.3803 9.1587
19.6278 13.3896 9.1916
19.5964 13.3981 9.2205
19.5648 13.4059 9.2453
19.5331 13.4132 9.2658
19.5014 13.4199 9.2821
19.4697 13.4261 9.2943
19.4380 13.4318 9.3022
19.4063 13.4371 9.3060
19.3745 13.4420 9.3081
19.3428 13.4465 9.3108
19.3111 13.4505 9.3143
19.2793 13.4542 9.3184
19.2475 13.4574 9.3232
19.2157 13.4604 9.3287
19.1839 13.4630 9.3349
19.1520 13.4652 9.3418
19.1201 13.4672 9.3494
19.0882 13.4689 9.3577
19.0562 13.4703 9.3668
19.0242 13.4715 9.3759
18.9922 13.4725 9.3846
18.9601 13.4733 9.3927
18.9281 13.4740 9.4002
18.8960 13.4745 9.4073
18.8639 13.4749 9.4137
18.8319 13.4753 9.4197
18.7998 13.4756 9.4251
18.7677 13.4759 9.4299
18.7357 13.4762 9.4342
18.7036 13.4765 9.4379
18.6715 13.4768 9.4411
18.6395 13.4771 9.4437
18.6075 13.4773 9.4458
18.5754 13.4775 9.4473
18.5434 13.4775 9.4483
18.5114 13.4775 9.4487
18.4793 13.4774 9.4485
18.4473 13.4771 9.4478
18.4153 13.4767 9.4465
18.3832 13.4761 9.4447
18.3512 13.4753 9.4423
18.3192 13.4744 9.4397
18.2872 13.4734 9.4371
18.2551 13.4723 9.4347
18.2231 13.4712 9.4323
18.1911 13.4701 9.4300
18.1590 13.4690 9.4277
18.1270 13.4681 9.4256
18.0950 13.4673 9.4235
18.0630 13.4666 9.4215
18.0309 13.4662 9.4196
17.9989 13.4660 9.4178
17.9669 13.4661 9.4161
17.9349 13.4664 9.4144
17.9028 13.4670 9.4128
17.8708 13.4678 9.4113
17.8388 13.4687 9.4099
17.8068 13.4697 9.4085
17.7748 13.4708 9.4073
17.7427 13.4719 9.4061
17.7107 13.4731 9.4050
17.6787 13.4742 9.4040
17.6466 13.4752 9.4031
17.6146 13.4762 9.4025
17.5825 13.4770 9.4028
17.5505 13.4776 9.4037
17.5184 13.4782 9.4055
17.4863 13.4786 9.4080
17.4543 13.4788 9.4112
17.4222 13.4789 9.4152
17.3902 13.4788 9.4199
17.3581 13.4785 9.4254
17.3261 13.4781 9.4316
17.2941 13.4775 9.4386
17.2621 13.4767 9.4463
17.2301 13.4757 9.4548
17.1982 13.4745 9.4641
17.1662 13.4731 9.4740
17.1343 13.4714 9.4848
17.1024 13.4696 9.4963
17.0705 13.4674 9.5085
17.0385 13.4650 9.5215
17.0066 13.4623 9.5352
16.9747 13.4594 9.5497
16.9428 13.4561 9.5648
16.9108 13.4524 9.5808
16.8788 13.4485 9.5976
16.8468 13.4442 9.6154
16.8148 13.4395 9.6340
16.7829 13.4343 9.6537
16.7510 13.4286 9.6744
16.7193 13.4222 9.6962
16.6878 13.4152 9.7191
16.6566 13.4073 9.7432
16.6256 13.3986 9.7684
16.5950 13.3890 9.7948
16.5648 13.3783 9.8225
16.5351 13.3666 9.8515
16.5059 13.3537 9.8818
16.4772 13.3395 9.9135
16.4491 13.3240 9.9464
16.4217 13.3074 9.9806
16.3948 13.2896 10.0162
16.3687 13.2707 10.0530
16.3432 13.2508 10.0910
16.3185 13.2300 10.1301
16.2944 13.2082 10.1703
16.2712 13.1856 10.2101
16.2487 13.1623 10.2482
16.2270 13.1382 10.2847
16.2061 13.1135 10.3195
16.1861 13.0883 10.3528
16.1669 13.0624 10.3846
16.1485 13.0361 10.4149
16.1308 13.0093 10.4439
16.1139 12.9820 10.4716
16.0977 12.9544 10.4982
16.0820 12.9263 10.5236
16.0670 12.8979 10.5479
16.0526 12.8692 10.5713
16.0387 12.8402 10.5939
16.0253 12.8110 10.6155
16.0124 12.7815 10.6365
15.9998 12.7518 10.6567
15.9878 12.7220 10.6764
15.9762 12.6919 10.6954
15.9651 12.6617 10.7140
15.9546 12.6313 10.7322
15.9446 12.6008 10.7499
15.9354 12.5701 10.7675
15.9267 12.5392 10.7847
15.9188 12.5081 10.8017
15.9116 12.4769 10.8183
15.9052 12.4455 10.8345
15.8997 12.4139 10.8503
15.8949 12.3822 10.8657
15.8910 12.3504 10.8805
15.8877 12.3185 10.8948
15.8851 12.2864 10.9084
15.8831 12.2544 10.9215
15.8817 12.2222 10.9340
15.8806 12.1901 10.9458
15.8800 12.1580 10.9569
15.8797 12.1259 10.9673
15.8796 12.0938 10.9770
15.8798 12.0619 10.9860
15.8801 12.0300 10.9943
15.8804 11.9982 11.0019
15.8808 11.9666 11.0087
15.8812 11.9349 11.0148
15.8815 11.9033 11.0202
15.8818 11.8716 11.0237
15.8821 11.8398 11.0241
15.8822 11.8079 11.0214
15.8821 11.7758 11.0158
15.8818 11.7435 11.0071
15.8814 11.7110 10.9955
15.8806 11.6782 10.9809
15.8796 11.6451 10.9632
15.8783 11.6117 10.9424
15.8765 11.5781 10.9185
15.8741 11.5444 10.8915
15.8710 11.5108 10.8612
15.8671 11.4773 10.8276
15.8623 11.4441 10.7900
15.8564 11.4113 10.7484
15.8494 11.3790 10.7022
15.8411 11.3474 10.6513
15.8314 11.3164 10.5954
15.8202 11.2864 10.5344
15.8073 11.2573 10.4680
15.7928 11.2293 10.3966
15.7763 11.2026 10.3205
15.7579 11.1771 10.2402
15.7374 11.1532 10.1670
15.7148 11.1306 10.1109
15.6905 11.1094 10.0710
15.6649 11.0890 10.0463
15.6384 11.0694 10.0363
15.6115 11.0501 10.0410
15.5846 11.0309 10.0626
15.5581 11.0115 10.1039
15.5325 10.9916 10.1663
15.5082 10.9710 10.2511
15.4855 10.9493 10.3586
15.4651 10.9263 10.4713
15.4471 10.9017 10.5722
15.4320 10.8753 10.6609
15.4197 10.8472 10.7379
15.4098 10.8177 10.8044
15.4022 10.7870 10.8614
15.3968 10.7552 10.9103
15.3933 10.7225 10.9519
15.3915 10.6891 10.9862
15.3913 10.6553 11.0133
15.3925 10.6211 11.0336
15.3948 10.5867 11.0529
15.3981 10.5525 11.0771
15.4022 10.5184 11.1065
15.4071 10.4848 11.1415
15.4128 10.4516 11.1826
15.4195 10.4189 11.2305
15.4273 10.3869 11.2859
15.4363 10.3555 11.3495
15.4466 10.3249 11.4220
15.4583 10.2952 11.5038
15.4715 10.2665 11.5949
15.4864 10.2387 11.6829
15.5030 10.2120 11.7550
15.5215 10.1865 11.8109
15.5419 10.1623 11.8511
15.5641 10.1392 11.8761
15.5877 10.1170 11.8863
15.6124 10.0955 11.8818
15.6376 10.0745 11.8624
15.6630 10.0536 11.8277
15.6882 10.0327 11.7770
15.7129 10.0115 11.7094
15.7366 9.9898 11.6351
15.7589 9.9674 11.5646
15.7794 9.9439 11.4984
15.7978 9.9193 11.4367
15.8137 9.8931 11.3797
15.8272 9.8656 11.3273
15.8384 9.8369 11.2794
15.8475 9.8070 11.2358
15.8549 9.7762 11.1962
15.8605 9.7445 11.1604
15.8647 9.7121 11.1282
15.8677 9.6792 11.0991
15.8696 9.6458 11.0729
15.8706 9.6121 11.0497
15.8710 9.5783 11.0295
15.8709 9.5444 11.0121
15.8705 9.5106 10.9976
15.8700 9.4771 10.9860
15.8696 9.4440 10.9772
15.8694 9.4112 10.9712
15.8692 9.3787 10.9680
15.8691 9.3464 10.9676
15.8691 9.3144 10.9686
15.8692 9.2825 10.9698
15.8693 9.2508 10.9711
15.8694 9.2192 10.9725
15.8696 9.1876 10.9741
15.8697 9.1560 10.9758
15.8699 9.1244 10.9777
15.8701 9.0928 10.9796
15.8702 9.0610 10.9818
15.8703 9.0291 10.9840
15.8704 8.9971 10.9864
15.8705 8.9651 10.9890
15.8705 8.9331 10.9917
15.8705 8.9010 10.9945
15.8705 8.8688 10.9974
15.8704 8.8367 11.0005
15.8703 8.8045 11.0038
15.8702 8.7724 11.0071
15.8701 8.7402 11.0107
15.8699 8.7081 11.0143
15.8697 8.6760 11.0181
15.8695 8.6440 11.0220
15.8692 8.6120 11.0254
15.8690 8.5800 11.0275
15.8689 8.5479 11.0282
15.8688 8.5159 11.0277
15.8688 8.4839 11.0259
15.8689 8.4519 11.0228
15.8691 8.4199 11.0184
15.8694 8.3878 11.0127
15.8698 8.3557 11.0057
15.8704 8.3236 10.9973
15.8712 8.2915 10.9877
15.8719 8.2593 10.9768
15.8725 8.2272 10.9645
15.8728 8.1950 10.9510
15.8729 8.1629 10.9362
15.8725 8.1308 10.9201
15.8716 8.0988 10.9027
15.8701 8.0668 10.8841
15.8679 8.0349 10.8643
15.8648 8.0030 10.8433
15.8608 7.9713 10.8212
15.8557 7.9397 10.7980
15.8496 7.9082 10.7741
15.8426 7.8769 10.7500
15.8345 7.8458 10.7256
15.8256 7.8148 10.7007
15.8158 7.7841 10.6753
15.8051 7.7537 10.6493
15.7936 7.7236 10.6225
15.7813 7.6937 10.5950
15.7683 7.6642 10.5666
15.7546 7.6351 10.5372
15.7402 7.6063 10.5066
15.7252 7.5780 10.4774
15.7096 7.5500 10.4519
15.6935 7.5223 10.4303
15.6770 7.4950 10.4126
15.6600 7.4678 10.3990
15.6428 7.4408 10.3895
15.6253 7.4140 10.3840
15.6076 7.3873 10.3825
15.5898 7.3606 10.3851
15.5720 7.3339 10.3916
15.5541 7.3072 10.4021
15.5363 7.2804 10.4152
15.5186 7.2534 10.4297
15.5011 7.2263 10.4456
15.4839 7.1990 10.4631
15.4671 7.1716 10.4822
15.4507 7.1439 10.5028
15.4348 7.1159 10.5252
15.4195 7.0877 10.5493
15.4049 7.0592 10.5752
15.3911 7.0303 10.6031
15.3780 7.0012 10.6329
15.3659 6.9716 10.6633
15.3548 6.9417 10.6929
15.3447 6.9113 10.7217
15.3356 6.8806 10.7495
15.3274 6.8496 10.7764
15.3201 6.8184 10.8023
15.3136 6.7869 10.8272
15.3080 6.7551 10.8511
15.3032 6.7232 10.8739
15.2991 6.6912 10.8957
15.2957 6.6591 10.9165
15.2930 6.6269 10.9359
15.2909 6.5948 10.9539
15.2895 6.5626 10.9704
15.2885 6.5304 10.9855
15.2881 6.4983 10.9991
15.2882 6.4662 11.0114
15.2886 6.4342 11.0223
15.2894 6.4022 11.0319
15.2906 6.3702 11.0401
15.2919 6.3382 11.0470
15.2935 6.3062 11.0526
15.2953 6.2742 11.0568
15.2972 6.2423 11.0598
15.2991 6.2103 11.0614
15.3011 6.1783 11.0618
15.3030 6.1464 11.0607
15.3049 6.1144 11.0583
15.3066 6.0824 11.0545
15.3082 6.0505 11.0492
15.3095 6.0185 11.0425
15.3105 5.9865 11.0342
15.3113 5.9544 11.0244
15.3116 5.9224 11.0129
15.3116 5.8903 11.0008
15.3110 5.8582 10.9895
15.3100 5.8260 10.9791
15.3100 5.8260 10.9696
15.3109 5.7939 10.9610
15.3114 5.7617 10.9536
15.3115 5.7296 10.9473
15.3112 5.6975 10.9421
15.3106 5.6653 10.9380
15.3097 5.6332 10.9351
15.3085 5.6011 10.9334
15.3070 5.5690 10.9325
15.3054 5.5370 10.9325
15.3036 5.5049 10.9332
15.3017 5.4728 10.9346
15.2997 5.4407 10.9367
15.2976 5.4086 10.9396
15.2954 5.3766 10.9431
15.2933 5.3445 10.9474
15.2912 5.3124 10.9525
15.2892 5.2804 10.9583
15.2873 5.2483 10.9650
15.2855 5.2162 10.9719
15.2839 5.1841 10.9784
15.2825 5.1521 10.9845
15.2813 5.1200 10.9902
15.2804 5.0879 10.9954
15.2798 5.0558 11.0002
15.2796 5.0237 11.0045
15.2796 4.9916 11.0083
15.2799 4.9595 11.0117
15.2804 4.9274 11.0146
15.2811 4.8953 11.0170
15.2819 4.8632 11.0189
15.2829 4.8311 11.0203
15.2839 4.7990 11.0212
15.2851 4.7669 11.0216
15.2862 4.7348 11.0215
15.2874 4.7026 11.0209
15.2885 4.6705 11.0199
15.2896 4.6384 11.0183
15.2906 4.6063 11.0163
15.2915 4.5741 11.0138
15.2922 4.5420 11.0109
15.2929 4.5099 11.0078
15.2935 4.4778 11.0050
15.2940 4.4457 11.0024
15.2944 4.4135 11.0000
15.2947 4.3814 10.9977
15.2949 4.3493 10.9955
15.2951 4.3172 10.9935
15.2952 4.2850 10.9917
15.2952 4.2529 10.9901
15.2952 4.2208 10.9888
15.2951 4.1887 10.9879
15.2950 4.1566 10.9870
15.2948 4.1244 10.9862
15.2946 4.0923 10.9854
15.2944 4.0602 10.9844
15.2941 4.0281 10.9832
15.2938 3.9959 10.9817
15.2934 3.9638 10.9834
15.2931 3.9317 10.9881
15.2927 3.8996 10.9919
15.2923 3.8675 10.9914
15.2903 3.7133 10.9844
15.2900 3.6920 10.9845
15.2898 3.6706 10.9849
15.2895 3.6493 10.9856
15.2893 3.6279 10.9866
15.2891 3.6066 10.9878
15.2888 3.5852 10.9893
15.2886 3.5639 10.9906
15.2884 3.5426 10.9919
15.2883 3.5212 10.9931
15.2881 3.4999 10.9942
15.2879 3.4785 10.9953
15.2878 3.4572 10.9963
15.2877 3.4358 10.9974
15.2876 3.4145 10.9984
15.2876 3.3931 10.9994
15.2875 3.3718 11.0004
15.2875 3.3505 11.0013
15.2875 3.3291 11.0023
15.2875 3.3078 11.0032
15.2876 3.2864 11.0040
15.2877 3.2651 11.0049
15.2878 3.2437 11.0057
15.2880 3.2224 11.0065
15.2882 3.2011 11.0073
15.2884 3.1797 11.0080
15.2886 3.1584 11.0088
15.2889 3.1370 11.0095
15.2893 3.1157 11.0101
15.2896 3.0944 11.0108
15.2901 3.0730 11.0114
15.2905 3.0517 11.0120
15.2910 3.0303 11.0126
15.2915 3.0090 11.0131
15.2921 2.9877 11.0136
15.2927 2.9663 11.0141
15.2933 2.9450 11.0145
15.2939 2.9236 11.0150
15.2945 2.9023 11.0154
15.2951 2.8810 11.0157
15.2958 2.8596 11.0161
15.2964 2.8383 11.0164
15.2970 2.8169 11.0167
15.2976 2.7956 11.0169
15.2982 2.7743 11.0172
15.2988 2.7529 11.0173
15.2994 2.7316 11.0171
15.2999 2.7102 11.0167
15.3004 2.6889 11.0160
15.3009 2.6676 11.0150
15.3013 2.6462 11.0138
15.3017 2.6249 11.0123
15.3020 2.6035 11.0105
15.3023 2.5822 11.0085
15.3025 2.5608 11.0061
15.3027 2.5395 11.0035
15.3028 2.5182 11.0005
15.3028 2.4968 10.9973
15.3028 2.4755 10.9937
15.3026 2.4541 10.9897
15.3024 2.4328 10.9854
15.3021 2.4114 10.9806
15.3017 2.3901 10.9755
15.3013 2.3687 10.9700
15.3007 2.3474 10.9639
15.3000 2.3260 10.9574
15.3000 2.3260 10.9504
15.2982 2.3054 10.9436
15.2965 2.2846 10.9382
15.2949 2.2637 10.9343
15.2933 2.2427 10.9319
15.2918 2.2217 10.9310
15.2904 2.2005 10.9316
15.2891 2.1792 10.9334
15.2878 2.1579 10.9363
15.2866 2.1365 10.9401
15.2855 2.1150 10.9445
15.2845 2.0935 10.9494
15.2836 2.0720 10.9444
15.2828 2.0503 10.8561
15.2836 2.0720 10.9649
15.2824 2.0395 10.9791
15.2814 2.0070 10.9834
15.2805 1.9745 10.9884
15.2799 1.9419 10.9942
15.2795 1.9093 11.0006
15.2794 1.8768 11.0078
15.2794 1.8443 11.0152
15.2797 1.8119 11.0223
15.2802 1.7795 11.0292
15.2809 1.7473 11.0358
15.2819 1.7153 11.0420
15.2831 1.6834 11.0478
15.2846 1.6516 11.0533
15.2864 1.6201 11.0583
15.2884 1.5889 11.0629
15.2906 1.5579 11.0670
15.2931 1.5271 11.0707
15.2958 1.4965 11.0738
15.2987 1.4659 11.0765
15.3016 1.4352 11.0787
15.3045 1.4043 11.0805
15.3074 1.3730 11.0818
15.3102 1.3414 11.0828
15.3128 1.3092 11.0833
15.3152 1.2764 11.0834
15.3173 1.2428 11.0832
15.3191 1.2083 11.0825
15.3205 1.1728 11.0815
15.3217 1.1367 11.0802
15.3235 1.1008 11.0947
15.3266 1.0662 11.1439
15.3317 1.0337 11.2382
15.3396 1.0043 11.3985
15.3510 0.9790 11.6555
15.3666 0.9587 12.0190
15.3867 0.9438 12.3515
15.4107 0.9337 12.5539
15.4382 0.9279 12.6654
15.4686 0.9256 12.7179
15.5016 0.9265 12.7274
15.5365 0.9298 12.7176
15.5728 0.9350 12.7077
15.6102 0.9415 12.6974
15.6480 0.9488 12.6866
15.6857 0.9561 12.6750
15.7229 0.9631 12.6623
15.7591 0.9690 12.6475
15.7941 0.9736 12.6299
15.8280 0.9771 12.6098
15.8610 0.9795 12.5874
15.8933 0.9808 12.5629
15.9249 0.9812 12.5395
15.9561 0.9806 12.5195
15.9869 0.9793 12.5032
16.0175 0.9772 12.4904
16.0481 0.9745 12.4812
16.0789 0.9712 12.4755
16.1098 0.9673 12.4735
16.1412 0.9631 12.4751
16.1729 0.9586 12.4804
16.2050 0.9540 12.4893
16.2372 0.9496 12.5020
16.2697 0.9456 12.5184
16.3021 0.9421 12.5386
16.3346 0.9394 12.5627
16.3670 0.9377 12.5906
16.3992 0.9372 12.6223
16.4311 0.9381 12.6578
16.4627 0.9406 12.6970
16.4938 0.9449 12.7396
16.5245 0.9512 12.7855
16.5546 0.9595 12.8342
16.5843 0.9697 12.8854
16.6135 0.9815 12.9362
16.6423 0.9949 12.9846
16.6707 1.0098 13.0309
16.6987 1.0259 13.0755
16.7265 1.0433 13.1187
16.7539 1.0616 13.1609
16.7810 1.0809 13.2023
16.8079 1.1010 13.2433
16.8345 1.1217 13.2841
16.8610 1.1429 13.3251
16.8871 1.1646 13.3665
16.9126 1.1869 13.4087
16.9373 1.2098 13.4520
16.9610 1.2332 13.4966
16.9835 1.2574 13.5430
17.0045 1.2821 13.5914
17.0239 1.3076 13.6423
17.0414 1.3339 13.6959
17.0568 1.3609 13.7526
17.0699 1.3887 13.8129
17.0804 1.4174 13.8769
17.0884 1.4469 13.9450
17.0938 1.4772 14.0118
17.0972 1.5082 14.0710
17.0987 1.5397 14.1215
17.0987 1.5718 14.1629
17.0974 1.6042 14.1950
17.0951 1.6370 14.2178
17.0922 1.6700 14.2317
17.0889 1.7031 14.2371
17.0855 1.7362 14.2344
17.0822 1.7693 14.2240
17.0795 1.8022 14.2066
17.0775 1.8349 14.1872
17.0761 1.8674 14.1705
17.0753 1.8997 14.1564
17.0750 1.9319 14.1407
17.0750 1.9639 14.1365
17.0787 2.1230 14.1274
17.0792 2.1441 14.1114
17.0798 2.1653 14.0921
17.0802 2.1865 14.0904
17.0806 2.2078 14.0978
17.0809 2.2290 14.1025
17.0811 2.2503 14.1066
17.0812 2.2716 14.1104
17.0813 2.2929 14.1141
17.0814 2.3142 14.1176
17.0813 2.3356 14.1210
17.0813 2.3570 14.1242
17.0812 2.3783 14.1272
17.0811 2.3997 14.1301
17.0810 2.4211 14.1328
17.0808 2.4426 14.1353
17.0806 2.4640 14.1377
17.0805 2.4854 14.1399
17.0803 2.5069 14.1419
17.0802 2.5283 14.1438
17.0800 2.5498 14.1455
17.0799 2.5712 14.1470
17.0798 2.5927 14.1484
17.0798 2.6141 14.1496
17.0797 2.6356 14.1506
17.0797 2.6570 14.1515
17.0796 2.6785 14.1522
17.0796 2.6999 14.1527
17.0796 2.7213 14.1530
17.0797 2.7427 14.1531
17.0797 2.7641 14.1528
17.0797 2.7855 14.1522
17.0798 2.8068 14.1514
17.0798 2.8282 14.1502
17.0798 2.8495 14.1488
17.0799 2.8707 14.1470
17.0799 2.8920 14.1450
17.0800 2.9132 14.1427
17.0800 2.9343 14.1402
17.0800 2.9555 14.1373
17.0801 2.9766 14.1342
17.0801 2.9977 14.1308
17.0801 3.0188 14.1272
17.0801 3.0399 14.1233
17.0801 3.0610 14.1191
17.0801 3.0821 14.1147
17.0801 3.1032 14.1100
17.0801 3.1244 14.1052
17.0801 3.1457 14.1001
17.0801 3.1670 14.0947
17.0801 3.1883 14.0587
17.0801 3.1776 14.1133
17.0801 3.2098 14.1251
17.0800 3.2422 14.1357
17.0800 3.2747 14.1500
17.0800 3.3076 14.1657
17.0800 3.3408 14.1835
17.0799 3.3742 14.2043
17.0794 3.4077 14.2295
17.0784 3.4412 14.2596
17.0767 3.4744 14.2948
17.0739 3.5074 14.3352
17.0699 3.5398 14.3811
17.0645 3.5716 14.4327
17.0574 3.6026 14.4899
17.0484 3.6326 14.5524
17.0373 3.6615 14.6199
17.0238 3.6892 14.6916
17.0078 3.7155 14.7663
16.9893 3.7404 14.8429
16.9686 3.7640 14.9164
16.9459 3.7862 14.9829
16.9214 3.8071 15.0429
16.8953 3.8269 15.0970
16.8679 3.8454 15.1457
16.8395 3.8629 15.1898
16.8101 3.8792 15.2297
16.7801 3.8945 15.2660
16.7497 3.9088 15.2991
16.7191 3.9222 15.3294
16.6886 3.9347 15.3572
16.6581 3.9463 15.3830
16.6276 3.9570 15.4076
16.5972 3.9670 15.4318
16.5667 3.9763 15.4556
16.5362 3.9848 15.4789
16.5055 3.9927 15.5018
16.4747 3.9999 15.5243
16.4438 4.0065 15.5463
16.4126 4.0126 15.5677
16.3811 4.0181 15.5887
16.3494 4.0232 15.6092
16.3173 4.0278 15.6291
16.2848 4.0320 15.6442
16.2519 4.0358 15.6497
16.2186 4.0393 15.6457
16.1850 4.0427 15.6319
16.1514 4.0462 15.6079
16.1178 4.0500 15.5733
16.0845 4.0544 15.5278
16.0516 4.0596 15.4710
16.0194 4.0658 15.4030
15.9880 4.0733 15.3244
15.9576 4.0822 15.2365
15.9285 4.0928 15.1484
15.9007 4.1054 15.0676
15.8744 4.1201 14.9936
15.8499 4.1372 14.9254
15.8272 4.1567 14.8621
15.8063 4.1784 14.8030
15.7870 4.2022 14.7472
15.7694 4.2279 14.6938
15.7533 4.2553 14.6421
15.7388 4.2842 14.5915
15.7256 4.3144 14.5410
15.7138 4.3458 14.4913
15.7033 4.3782 14.4438
15.6941 4.4113 14.3987
15.6860 4.4451 14.3564
15.6790 4.4793 14.3169
15.6730 4.5138 14.2804
15.6680 4.5483 14.2469
15.6640 4.5828 14.2165
15.6607 4.6169 14.1892
15.6583 4.6506 14.1649
15.6565 4.6838 14.1437
15.6554 4.7166 14.1254
15.6548 4.7491 14.1100
15.6547 4.7812 14.0976
15.6549 4.8131 14.0879
15.6555 4.8447 14.0810
15.6563 4.8762 14.0769
15.6572 4.9077 14.0756
15.6581 4.9391 14.0771
15.6591 4.9705 14.0814
15.6599 5.0020 14.0886
15.6606 5.0336 14.0986
15.6610 5.0654 14.1097
15.6614 5.0972 14.1199
15.6615 5.1292 14.1292
15.6616 5.1612 14.1376
15.6615 5.1933 14.1452
15.6614 5.2255 14.1517
15.6612 5.2577 14.1574
15.6609 5.2899 14.1620
15.6606 5.3221 14.1657
15.6603 5.3543 14.1684
15.6600 5.3865 14.1701
15.6597 5.4186 14.1709
15.6594 5.4507 14.1706
15.6592 5.4828 14.1693
15.6590 5.5149 14.1670
15.6589 5.5469 14.1638
15.6588 5.5789 14.1595
15.6588 5.6110 14.1542
15.6589 5.6430 14.1480
15.6591 5.6750 14.1408
15.6593 5.7070 14.1326
15.6596 5.7390 14.1234
15.6601 5.7710 14.1144
15.6606 5.8031 14.1067
15.6613 5.8352 14.1001
15.6620 5.8672 14.0948
15.6628 5.8993 14.0906
15.6636 5.9314 14.0876
15.6645 5.9634 14.0858
15.6655 5.9955 14.0852
15.6664 6.0275 14.0858
15.6674 6.0596 14.0875
15.6684 6.0915 14.0904
15.6693 6.1235 14.0944
15.6703 6.1554 14.0996
15.6712 6.1873 14.1060
15.6720 6.2191 14.1135
15.6727 6.2510 14.1222
15.6733 6.2829 14.1320
15.6737 6.3148 14.1430
15.6739 6.3467 14.1552
15.6739 6.3787 14.1685
15.6736 6.4108 14.1830
15.6730 6.4430 14.1986
15.6721 6.4753 14.2116
15.6709 6.5077 14.2182
15.6692 6.5402 14.2183
15.6673 6.5729 14.2119
15.6652 6.6057 14.1990
15.6633 6.6384 14.1794
15.6616 6.6711 14.1529
15.6605 6.7037 14.1195
15.6601 6.7361 14.0789
15.6607 6.7682 14.0312
15.6624 6.8001 13.9765
15.6655 6.8316 13.9199
15.6702 6.8626 13.8663
15.6767 6.8932 13.8159
15.6851 6.9232 13.7686
15.6955 6.9526 13.7243
15.7077 6.9815 13.6829
15.7216 7.0100 13.6442
15.7369 7.0380 13.6082
15.7535 7.0655 13.5746
15.7713 7.0927 13.5433
15.7899 7.1195 13.5141
15.8093 7.1460 13.4886
15.8293 7.1723 13.4685
15.8497 7.1982 13.4539
15.8703 7.2240 13.4447
15.8910 7.2496 13.4409
15.9116 7.2751 13.4425
15.9321 7.3005 13.4495
15.9523 7.3259 13.4621
15.9722 7.3514 13.4802
15.9917 7.3770 13.5039
16.0107 7.4028 13.5334
16.0291 7.4288 13.5656
16.0468 7.4552 13.5973
16.0638 7.4819 13.6287
16.0800 7.5091 13.6596
16.0952 7.5368 13.6901
16.1094 7.5650 13.7200
16.1227 7.5938 13.7493
16.1349 7.6231 13.7781
16.1463 7.6529 13.8063
16.1568 7.6831 13.8338
16.1664 7.7138 13.8608
16.1753 7.7447 13.8865
16.1835 7.7760 13.9105
16.1909 7.8076 13.9329
16.1977 7.8394 13.9538
16.2039 7.8714 13.9732
16.2096 7.9035 13.9912
16.2147 7.9358 14.0080
16.2194 7.9681 14.0236
16.2236 8.0005 14.0380
16.2275 8.0328 14.0514
16.2310 8.0651 14.0637
16.2342 8.0972 14.0751
16.2372 8.1293 14.0857
16.2400 8.1611 14.0954
16.2426 8.1928 14.1041
16.2451 8.2242 14.1118
16.2476 8.2553 14.1183
16.2500 8.2860 14.1237
16.2500 8.2860 14.1279
16.2480 8.3179 14.1308
16.2463 8.3498 14.1326
16.2448 8.3818 14.1331
16.2435 8.4139 14.1330
16.2424 8.4460 14.1328
16.2416 8.4781 14.1326
16.2409 8.5103 14.1323
16.2404 8.5425 14.1320
16.2400 8.5747 14.1316
16.2399 8.6070 14.1312
16.2399 8.6393 14.1307
16.2400 8.6715 14.1301
16.2403 8.7038 14.1296
16.2408 8.7361 14.1289
16.2413 8.7683 14.1283
16.2420 8.8006 14.1276
16.2427 8.8328 14.1268
16.2436 8.8650 14.1260
16.2446 8.8971 14.1251
16.2456 8.9292 14.1242
16.2467 8.9612 14.1233
16.2479 8.9932 14.1223
16.2492 9.0251 14.1212
16.2504 9.0569 14.1201
16.2518 9.0887 14.1190
16.2530 9.1205 14.1178
16.2542 9.1522 14.1176
16.2551 9.1840 14.1196
16.2558 9.2158 14.1236
16.2562 9.2478 14.1298
16.2563 9.2799 14.1381
16.2559 9.3121 14.1485
16.2549 9.3445 14.1610
16.2534 9.3772 14.1758
16.2513 9.4101 14.1928
16.2484 9.4433 14.2120
16.2449 9.4768 14.2336
16.2411 9.5104 14.2519
16.2369 9.5441 14.2615
16.2329 9.5779 14.2622
16.2290 9.6115 14.2538
16.2256 9.6450 14.2361
16.2228 9.6783 14.2088
16.2209 9.7112 14.1713
16.2200 9.7437 14.1234
16.2205 9.7757 14.0647
16.2224 9.8070 13.9953
16.2261 9.8378 13.9159
16.2317 9.8677 13.8335
16.2395 9.8968 13.7548
16.2496 9.9249 13.6798
16.2622 9.9521 13.6084
16.2772 9.9783 13.5406
16.2945 10.0035 13.4759
16.3139 10.0279 13.4141
16.3351 10.0515 13.3549
16.3581 10.0742 13.2979
16.3826 10.0963 13.2429
16.4085 10.1177 13.1894
16.4356 10.1385 13.1434
16.4637 10.1586 13.1103
16.4927 10.1783 13.0895
16.5224 10.1975 13.0804
16.5526 10.2163 13.0831
16.5828 10.2349 13.0978
16.6129 10.2535 13.1254
16.6423 10.2722 13.1673
16.6708 10.2913 13.2250
16.6979 10.3109 13.3006
16.7233 10.3313 13.3958
16.7466 10.3526 13.5024
16.7675 10.3749 13.6104
16.7855 10.3986 13.7183
16.8003 10.4238 13.8246
16.8116 10.4506 13.9282
16.8191 10.4792 14.0281
16.8230 10.5092 14.1235
16.8236 10.5404 14.2141
16.8209 10.5726 14.2998
16.8154 10.6052 14.3806
16.8072 10.6382 14.4567
16.7964 10.6711 14.5268
16.7835 10.7037 14.5916
16.7685 10.7357 14.6541
16.7517 10.7667 14.7172
16.7333 10.7965 14.7839
16.7136 10.8248 14.8577
16.6928 10.8515 14.9275
16.6710 10.8767 14.9764
16.6486 10.9008 15.0006
16.6257 10.9239 14.9983
16.6026 10.9464 14.9688
16.5794 10.9685 14.9266
16.5565 10.9905 14.8852
16.5339 11.0126 14.8446
16.5120 11.0350 14.8045
16.4909 11.0580 14.7648
16.4709 11.0819 14.7253
16.4521 11.1069 14.6858
16.4348 11.1330 14.6462
16.4187 11.1603 14.6064
16.4039 11.1886 14.5661
16.3904 11.2177 14.5252
16.3779 11.2476 14.4855
16.3665 11.2782 14.4488
16.3562 11.3093 14.4152
16.3468 11.3408 14.3846
16.3383 11.3727 14.3569
16.3306 11.4048 14.3321
16.3237 11.4370 14.3101
16.3175 11.4692 14.2908
16.3120 11.5013 14.2743
16.3071 11.5334 14.2603
16.3027 11.5654 14.2490
16.2988 11.5974 14.2394
16.2954 11.6293 14.2307
16.2923 11.6612 14.2227
16.2896 11.6931 14.2156
16.2871 11.7250 14.2094
16.2849 11.7569 14.2042
16.2828 11.7888 14.1998
16.2809 11.8207 14.1964
16.2790 11.8526 14.1939
16.2772 11.8846 14.1924
16.2754 11.9165 14.1918
16.2737 11.9485 14.1915
16.2719 11.9806 14.1907
16.2702 12.0126 14.1895
16.2686 12.0447 14.1878
16.2669 12.0768 14.1857
16.2653 12.1090 14.1831
16.2637 12.1412 14.1801
16.2621 12.1734 14.1767
16.2605 12.2057 14.1729
16.2589 12.2380 14.1687
16.2575 12.2703 14.1642
16.2563 12.3026 14.1569
16.2554 12.3349 14.1447
16.2551 12.3672 14.1274
16.2554 12.3995 14.1050
16.2566 12.4317 14.0773
16.2586 12.4638 14.0441
16.2617 12.4958 14.0051
16.2660 12.5276 13.9603
16.2716 12.5594 13.9093
16.2787 12.5910 13.8523
16.2874 12.6223 13.7893
16.2977 12.6535 13.7246
16.3096 12.6841 13.6624
16.3230 12.7142 13.6022
16.3379 12.7436 13.5439
16.3543 12.7722 13.4871
16.3722 12.7997 13.4315
16.3915 12.8262 13.3767
16.4122 12.8513 13.3224
16.4343 12.8751 13.2681
16.4577 12.8974 13.2135
16.4825 12.9179 13.1581
16.5085 12.9367 13.1031
16.5357 12.9538 13.0501
16.5639 12.9693 12.9995
16.5930 12.9832 12.9514
16.6230 12.9956 12.9061
16.6536 13.0066 12.8636
16.6848 13.0163 12.8241
16.7165 13.0248 12.7874
16.7486 13.0321 12.7537
16.7808 13.0384 12.7228
16.8132 13.0436 12.6946
16.8455 13.0480 12.6691
16.8778 13.0515 12.6462
16.9101 13.0542 12.6258
16.9423 13.0562 12.6078
16.9744 13.0577 12.5921
17.0065 13.0585 12.5787
17.0386 13.0589 12.5675
17.0707 13.0589 12.5585
17.1027 13.0586 12.5516
17.1348 13.0580 12.5469
17.1668 13.0572 12.5442
17.1989 13.0563 12.5428
17.2309 13.0554 12.5415
17.2630 13.0544 12.5405
17.2951 13.0535 12.5397
17.3272 13.0526 12.5391
17.3593 13.0516 12.5387
17.3914 13.0507 12.5386
17.4236 13.0498 12.5387
17.4557 13.0490 12.5390
17.4879 13.0482 12.5396
17.5200 13.0474 12.5403
17.5522 13.0467 12.5414
17.5843 13.0461 12.5426
17.6165 13.0455 12.5441
17.6487 13.0450 12.5459
17.6808 13.0446 12.5479
17.7130 13.0443 12.5501
17.7451 13.0441 12.5526
17.7773 13.0440 12.5553
17.8094 13.0440 12.5583
17.8416 13.0441 12.5615
17.8737 13.0444 12.5649
17.9058 13.0448 12.5686
17.9379 13.0453 12.5722
17.9700 13.0460 12.5753
17.9700 13.0460 12.5779
18.0018 13.0456 12.5801
18.0337 13.0454 12.5818
18.0657 13.0452 12.5830
18.0976 13.0451 12.5837
18.1297 13.0451 12.5840
18.1617 13.0451 12.5838
18.1937 13.0452 12.5831
18.2258 13.0453 12.5820
18.2579 13.0455 12.5804
18.2900 13.0456 12.5784
18.3221 13.0458 12.5759
18.3543 13.0460 12.5729
18.3864 13.0462 12.5695
18.4185 13.0464 12.5657
18.4506 13.0466 12.5615
18.4827 13.0467 12.5568
18.5148 13.0468 12.5517
18.5468 13.0469 12.5463
18.5788 13.0469 12.5404
18.6108 13.0469 12.5355
18.6428 13.0467 12.5329
18.6747 13.0466 12.5325
18.7066 13.0463 12.5342
18.7384 13.0459 12.5382
18.7702 13.0454 12.5443
18.8020 13.0449 12.5526
18.8338 13.0444 12.5631
18.8656 13.0439 12.5758
18.8974 13.0435 12.5907
18.9293 13.0432 12.6078
18.9612 13.0431 12.6234
18.9933 13.0432 12.6337
19.0255 13.0436 12.6388
19.0578 13.0442 12.6386
19.0903 13.0452 12.6331
19.1230 13.0466 12.6222
19.1559 13.0483 12.6058
19.1889 13.0500 12.5838
19.2218 13.0516 12.5561
19.2547 13.0528 12.5225
19.2874 13.0534 12.4830
19.3199 13.0531 12.4398
19.3520 13.0518 12.3951
19.3837 13.0491 12.3488
19.4150 13.0448 12.3009
19.4457 13.0388 12.2515
19.4757 13.0307 12.2007
19.5050 13.0204 12.1484
19.5335 13.0078 12.0950
19.5612 12.9931 12.0405
19.5882 12.9764 11.9851
19.6143 12.9579 11.9291
19.6397 12.9378 11.8747
19.6643 12.9163 11.8237
19.6880 12.8934 11.7756
19.7110 12.8695 11.7301
19.7332 12.8445 11.6868
19.7546 12.8188 11.6453
19.7752 12.7924 11.6051
19.7949 12.7656 11.5660
19.8138 12.7383 11.5276
19.8318 12.7107 11.4896
19.8487 12.6826 11.4515
19.8646 12.6542 11.4131
19.8794 12.6254 11.3747
19.8929 12.5962 11.3361
19.9052 12.5667 11.2977
19.9161 12.5368 11.2594
19.9256 12.5066 11.2214
19.9337 12.4761 11.1837
19.9401 12.4453 11.1465
19.9450 12.4141 11.1098
19.9485 12.3827 11.0737
19.9507 12.3511 11.0383
19.9517 12.3193 11.0058
19.9518 12.2872 10.9785
19.9511 12.2551 10.9562
19.9498 12.2228 10.9391
19.9480 12.1905 10.9269
19.9460 12.1581 10.9196
19.9438 12.1257 10.9172
19.9417 12.0933 10.9197
19.9397 12.0609 10.9270
19.9381 12.0287 10.9392
19.9368 11.9965 10.9562
19.9359 11.9643 10.9747
19.9352 11.9322 10.9913
19.9349 11.9002 11.0058
19.9349 11.8682 11.0184
19.9351 11.8362 11.0290
19.9357 11.8043 11.0376
19.9365 11.7724 11.0442
19.9376 11.7405 11.0489
19.9389 11.7087 11.0515
19.9405 11.6768 11.0523
19.9423 11.6449 11.0510
19.9441 11.6130 11.0468
19.9459 11.5812 11.0387
19.9475 11.5492 11.0268
19.9488 11.5173 11.0109
19.9497 11.4853 10.9912
19.9499 11.4533 10.9675
19.9495 11.4213 10.9400
19.9482 11.3891 10.9086
19.9459 11.3569 10.8736
19.9425 11.3247 10.8350
19.9379 11.2924 10.7931
19.9320 11.2600 10.7492
19.9247 11.2278 10.7042
19.9160 11.1959 10.6576
19.9059 11.1644 10.6090
19.8943 11.1335 10.5580
19.8813 11.1034 10.5041
19.8668 11.0742 10.4468
19.8508 11.0461 10.3858
19.8332 11.0191 10.3208
19.8140 10.9936 10.2514
19.7932 10.9695 10.1774
19.7707 10.9472 10.1036
19.7467 10.9266 10.0349
19.7212 10.9076 9.9714
19.6944 10.8903 9.9133
19.6664 10.8744 9.8603
19.6373 10.8600 9.8123
19.6074 10.8470 9.7689
19.5768 10.8353 9.7299
19.5456 10.8248 9.6950
19.5139 10.8155 9.6638
19.4819 10.8072 9.6362
19.4498 10.8000 9.6108
19.4176 10.7937 9.5868
19.3855 10.7882 9.5641
19.3535 10.7835 9.5428
19.3216 10.7796 9.5230
19.2896 10.7763 9.5046
19.2577 10.7736 9.4878
19.2259 10.7715 9.4725
19.1940 10.7697 9.4587
19.1622 10.7684 9.4464
19.1304 10.7674 9.4357
19.0985 10.7667 9.4266
19.0666 10.7661 9.4190
19.0347 10.7657 9.4129
19.0028 10.7653 9.4084
18.9708 10.7651 9.4054
18.9388 10.7649 9.4040
18.9068 10.7648 9.4041
18.8748 10.7648 9.4058
18.8427 10.7649 9.4090
18.8107 10.7650 9.4138
18.7786 10.7652 9.4201
18.7466 10.7654 9.4269
18.7145 10.7656 9.4330
18.6824 10.7659 9.4384
18.6504 10.7662 9.4432
18.6183 10.7665 9.4472
18.5863 10.7668 9.4507
18.5542 10.7671 9.4534
18.5222 10.7673 9.4555
18.4902 10.7675 9.4568
18.4581 10.7676 9.4575
18.4261 10.7676 9.4576
18.3941 10.7674 9.4569
18.3621 10.7672 9.4556
18.3301 10.7668 9.4536
18.2981 10.7662 9.4509
18.2662 10.7654 9.4475
18.2342 10.7645 9.4435
18.2022 10.7634 9.4388
18.1702 10.7623 9.4333
18.1383 10.7611 9.4273
18.1063 10.7600 9.4205
18.0743 10.7589 9.4131
18.0423 10.7580 9.4057
18.0102 10.7571 9.3989
17.9782 10.7565 9.3929
17.9461 10.7561 9.3875
17.9140 10.7560 9.3828
17.8819 10.7562 9.3788
17.8498 10.7567 9.3755
17.8177 10.7575 9.3729
17.7855 10.7586 9.3710
17.7534 10.7600 9.3697
17.7213 10.7617 9.3691
17.6893 10.7635 9.3692
17.6573 10.7656 9.3699
17.6254 10.7679 9.3714
17.5936 10.7704 9.3735
17.5619 10.7731 9.3762
17.5303 10.7760 9.3797
17.4988 10.7790 9.3838
17.4674 10.7820 9.3886
17.4360 10.7850 9.3940
17.4046 10.7879 9.4001
17.3731 10.7906 9.4069
17.3415 10.7929 9.4134
17.3097 10.7949 9.4188
17.2777 10.7964 9.4230
17.2454 10.7974 9.4262
17.2128 10.7976 9.4282
17.1798 10.7971 9.4291
17.1464 10.7958 9.4289
17.1126 10.7936 9.4276
17.0785 10.7909 9.4252
17.0442 10.7879 9.4217
17.0100 10.7849 9.4171
16.9759 10.7823 9.4077
16.9422 10.7804 9.3898
16.9090 10.7794 9.3631
16.8764 10.7797 9.3269
16.8446 10.7816 9.2806
16.8138 10.7854 9.2235
16.7841 10.7915 9.1547
16.7557 10.8000 9.0740
16.7287 10.8115 8.9817
16.7033 10.8260 8.8787
16.6794 10.8435 8.7674
16.6567 10.8636 8.6655
16.6349 10.8858 8.5873
16.6139 10.9097 8.5310
16.5934 10.9349 8.4941
16.5731 10.9610 8.4750
16.5528 10.9875 8.4722
16.5322 11.0141 8.4854
16.5111 11.0403 8.5148
16.4892 11.0656 8.5611
16.4664 11.0898 8.6254
16.4423 11.1123 8.7087
16.4169 11.1330 8.7995
16.3904 11.1520 8.8851
16.3628 11.1692 8.9649
16.3342 11.1847 9.0388
16.3048 11.1985 9.1068
16.2746 11.2106 9.1693
16.2437 11.2210 9.2266
16.2122 11.2296 9.2794
16.1803 11.2366 9.3280
16.1479 11.2419 9.3730
16.1153 11.2456 9.4149
16.0824 11.2475 9.4565
16.0495 11.2479 9.5004
16.0166 11.2465 9.5466
15.9839 11.2435 9.5953
15.9514 11.2387 9.6465
15.9193 11.2322 9.7002
15.8877 11.2241 9.7564
15.8567 11.2141 9.8151
15.8265 11.2025 9.8760
15.7971 11.1891 9.9389
15.7687 11.1739 10.0035
15.7414 11.1570 10.0625
15.7153 11.1383 10.1093
15.6901 11.1181 10.1444
15.6658 11.0968 10.1681
15.6421 11.0746 10.1810
15.6189 11.0519 10.1832
15.5958 11.0291 10.1748
15.5727 11.0063 10.1555
15.5494 10.9841 10.1249
15.5258 10.9626 10.0826
15.5015 10.9423 10.0278
15.4764 10.9233 9.9678
15.4503 10.9062 9.9101
15.4230 10.8910 9.8553
15.3946 10.8778 9.8036
15.3653 10.8663 9.7554
15.3351 10.8565 9.7106
15.3041 10.8480 9.6695
15.2725 10.8409 9.6320
15.2405 10.8349 9.5981
15.2080 10.8298 9.5676
15.1753 10.8255 9.5404
15.1424 10.8218 9.5165
15.1096 10.8186 9.4958
15.0768 10.8157 9.4781
15.0442 10.8130 9.4633
15.0119 10.8104 9.4514
14.9796 10.8081 9.4422
14.9475 10.8059 9.4358
14.9156 10.8038 9.4322
14.8837 10.8020 9.4312
14.8519 10.8004 9.4330
14.8202 10.7991 9.4376
14.7884 10.7979 9.4433
14.7567 10.7970 9.4483
14.7250 10.7963 9.4527
14.6932 10.7959 9.4564
14.6614 10.7958 9.4594
14.6295 10.7958 9.4617
14.5975 10.7960 9.4633
14.5655 10.7963 9.4642
14.5335 10.7966 9.4643
14.5015 10.7970 9.4637
14.4694 10.7972 9.4624
14.4373 10.7974 9.4603
14.4052 10.7973 9.4575
14.3731 10.7971 9.4540
14.3410 10.7965 9.4497
14.3089 10.7957 9.4448
14.2768 10.7945 9.4391
14.2447 10.7930 9.4328
14.2126 10.7915 9.4258
14.1806 10.7899 9.4182
14.1485 10.7883 9.4100
14.1165 10.7869 9.4012
14.0845 10.7857 9.3927
14.0525 10.7849 9.3853
14.0206 10.7845 9.3789
13.9887 10.7846 9.3736
13.9567 10.7853 9.3693
13.9249 10.7868 9.3659
13.8930 10.7890 9.3606
13.8611 10.7917 9.3482
13.8293 10.7950 9.3182
13.7975 10.7986 9.2901
13.7657 10.8025 9.3272
13.7904 10.7995 9.3596
13.7480 10.8047 9.3744
13.7057 10.8101 9.3827
13.6634 10.8154 9.3879
13.6210 10.8202 9.3911
13.5786 10.8244 9.3931
13.5362 10.8277 9.3947
13.4937 10.8300 9.3970
13.4511 10.8313 9.3999
13.4085 10.8319 9.4033
13.3659 10.8318 9.4072
13.3233 10.8312 9.4110
13.2807 10.8300 9.4142
13.2380 10.8285 9.4168
13.1954 10.8267 9.4187
13.1528 10.8247 9.4201
13.1101 10.8227 9.4209
13.0675 10.8208 9.4211
13.0250 10.8190 9.4208
12.9824 10.8174 9.4198
12.9398 10.8162 9.4183
12.8973 10.8155 9.4162
12.8547 10.8153 9.4136
12.8122 10.8157 9.4104
12.7697 10.8169 9.4067
12.7272 10.8189 9.4023
12.6847 10.8215 9.3975
12.6422 10.8246 9.3920
12.5997 10.8281 9.3860
12.5573 10.8320 9.3795
12.5148 10.8362 9.3723
12.4724 10.8405 9.3646
12.4300 10.8450 9.3563
12.3876 10.8494 9.3475
12.3453 10.8537 9.3383
12.3029 10.8581 9.3289
12.2606 10.8625 9.3194
12.2183 10.8669 9.3097
12.1759 10.8713 9.2999
12.1336 10.8758 9.2898
12.0912 10.8804 9.2797
12.0488 10.8850 9.2693
12.0064 10.8898 9.2588
11.9640 10.8947 9.2481
11.9217 10.9000 9.2372
11.8794 10.9056 9.2262
11.8372 10.9118 9.2149
11.7951 10.9185 9.2035
11.7532 10.9260 9.1918
11.7115 10.9344 9.1800
11.6700 10.9436 9.1679
11.6287 10.9539 9.1556
11.5877 10.9652 9.1432
11.5469 10.9774 9.1305
11.5064 10.9903 9.1176
11.4660 11.0040 9.1044
11.4258 11.0183 9.0914
11.3857 11.0330 9.0788
11.3458 11.0482 9.0666
11.3060 11.0636 9.0549
11.2663 11.0793 9.0436
11.2267 11.0952 9.0328
11.1873 11.1113 9.0224
11.1479 11.1277 9.0125
11.1087 11.1443 9.0030
11.0697 11.1613 8.9940
11.0308 11.1786 8.9855
10.9921 11.1963 8.9774
10.9535 11.2143 8.9697
10.9152 11.2328 8.9626
10.8770 11.2516 8.9559
10.8390 11.2709 8.9497
10.8012 11.2905 8.9439
10.7636 11.3105 8.9386
10.7261 11.3307 8.9337
10.6888 11.3513 8.9293
10.6516 11.3722 8.9254
10.6146 11.3933 8.9219
10.5777 11.4147 8.9189
10.5410 11.4363 8.9163
10.5043 11.4579 8.9142
10.4676 11.4796 8.9126
10.4308 11.5011 8.9114
10.3940 11.5225 8.9106
10.3570 11.5436 8.9103
10.3199 11.5644 8.9104
10.2825 11.5847 8.9110
10.2448 11.6045 8.9120
10.2069 11.6239 8.9135
10.1688 11.6429 8.9154
10.1306 11.6617 8.9178
10.0923 11.6805 8.9206
10.0540 11.6991 8.9238
10.0158 11.7179 8.9275
9.9777 11.7369 8.9316
9.9397 11.7562 8.9362
9.9019 11.7758 8.9412
9.8642 11.7958 8.9467
9.8267 11.8159 8.9525
9.7892 11.8362 8.9589
9.7517 11.8564 8.9657
9.7142 11.8766 8.9730
9.6766 11.8966 8.9809
9.6389 11.9163 8.9894
9.6009 11.9355 8.9984
9.5627 11.9543 9.0080
9.5243 11.9727 9.0181
9.4856 11.9905 9.0289
9.4467 12.0078 9.0402
9.4075 12.0245 9.0521
9.3681 12.0408 9.0647
9.3285 12.0566 9.0779
9.2887 12.0718 9.0917
9.2486 12.0865 9.1061
9.2083 12.1007 9.1212
9.1678 12.1142 9.1370
9.1270 12.1271 9.1534
9.0861 12.1393 9.1705
9.0450 12.1506 9.1883
9.0036 12.1610 9.2068
8.9621 12.1705 9.2260
8.9204 12.1789 9.2458
8.8785 12.1862 9.2647
8.8364 12.1924 9.2809
8.7942 12.1977 9.2944
8.7519 12.2022 9.3052
8.7095 12.2062 9.3133
8.6671 12.2099 9.3186
8.6246 12.2136 9.3213
8.5821 12.2174 9.3212
8.5397 12.2216 9.3185
8.4973 12.2263 9.3131
8.4550 12.2318 9.3051
8.4128 12.2379 9.2976
8.3706 12.2442 9.2938
8.3285 12.2507 9.2935
8.2864 12.2571 9.2968
8.2442 12.2632 9.3037
8.2020 12.2686 9.3142
8.1597 12.2733 9.3283
8.1174 12.2770 9.3460
8.0749 12.2795 9.3674
8.0324 12.2811 9.3923
7.9898 12.2818 9.4209
7.9472 12.2818 9.4480
7.9045 12.2812 9.4689
7.8619 12.2802 9.4833
7.8192 12.2788 9.4916
7.7766 12.2773 9.4935
7.7340 12.2758 9.4892
7.6915 12.2743 9.4787
7.6490 12.2731 9.4619
7.6066 12.2721 9.4388
7.5641 12.2715 9.4095
7.5216 12.2713 9.3740
7.4790 12.2716 9.3414
7.4363 12.2726 9.3209
7.3935 12.2742 9.3124
7.3506 12.2766 9.3157
7.3076 12.2797 9.3309
7.2645 12.2831 9.3581
7.2214 12.2862 9.3976
7.1785 12.2886 9.4491
7.1357 12.2898 9.5126
7.0931 12.2894 9.5873
7.0509 12.2868 9.6718
7.0091 12.2815 9.7412
6.9678 12.2732 9.7734
6.9270 12.2617 9.7715
6.8866 12.2481 9.7476
6.7959 12.2147 9.7086
6.7655 12.2043 9.6455
6.7350 12.1949 9.5638
6.7042 12.1869 9.4861
6.6731 12.1808 9.4235
6.6418 12.1765 9.3865
6.6102 12.1738 9.3820
6.5784 12.1724 9.3938
6.5464 12.1722 9.4042
6.5142 12.1729 9.4131
6.4820 12.1744 9.4208
6.4496 12.1765 9.4271
6.4172 12.1789 9.4323
6.3848 12.1814 9.4363
6.3524 12.1838 9.4392
6.3201 12.1860 9.4409
6.2878 12.1877 9.4416
6.2556 12.1890 9.4412
6.2235 12.1899 9.4402
6.1914 12.1904 9.4393
6.1594 12.1905 9.4384
6.1274 12.1904 9.4375
6.0955 12.1900 9.4366
6.0635 12.1895 9.4358
6.0316 12.1887 9.4349
5.9997 12.1879 9.4341
5.9678 12.1869 9.4333
5.9358 12.1859 9.4326
5.9039 12.1848 9.4318
5.8719 12.1838 9.4311
5.8399 12.1828 9.4304
5.8080 12.1817 9.4297
5.7759 12.1808 9.4290
5.7439 12.1798 9.4283
5.7119 12.1790 9.4277
5.6799 12.1782 9.4271
5.6478 12.1774 9.4265
5.6158 12.1768 9.4259
5.5838 12.1763 9.4254
5.5517 12.1759 9.4249
5.5197 12.1756 9.4243
5.4877 12.1755 9.4239
5.4556 12.1754 9.4234
5.4236 12.1754 9.4229
5.3916 12.1755 9.4225
5.3596 12.1755 9.4221
5.3276 12.1757 9.4217
5.2955 12.1758 9.4213
5.2635 12.1759 9.4210
5.2315 12.1760 9.4207
5.1995 12.1760 9.4204
5.1675 12.1760 9.4201
5.1355 12.1759 9.4198
5.1034 12.1757 9.4196
5.0714 12.1756 9.4194
5.0394 12.1754 9.4192
5.0074 12.1753 9.4190
4.9753 12.1751 9.4188
4.9433 12.1751 9.4187
4.9113 12.1751 9.4186
4.8793 12.1752 9.4185
4.8473 12.1754 9.4184
4.8152 12.1758 9.4183
4.7832 12.1763 9.4183
4.7512 12.1770 9.4183
4.7192 12.1778 9.4183
4.6872 12.1786 9.4183
4.6552 12.1796 9.4184
4.6232 12.1806 9.4184
4.5912 12.1816 9.4185
4.5592 12.1826 9.4186
4.5272 12.1835 9.4187
4.4951 12.1844 9.4189
4.4631 12.1852 9.4191
4.4311 12.1858 9.4193
4.3991 12.1863 9.4195
4.3671 12.1866 9.4197
4.3351 12.1868 9.4200
4.3031 12.1869 9.4202
4.2710 12.1869 9.4205
4.2390 12.1868 9.4209
4.2070 12.1867 9.4212
4.1750 12.1865 9.4215
4.1429 12.1863 9.4219
4.1109 12.1862 9.4223
4.0789 12.1861 9.4227
4.0469 12.1860 9.4232
4.0148 12.1860 9.4236
3.9828 12.1861 9.4241
3.9508 12.1862 9.4246
3.9188 12.1864 9.4251
3.8868 12.1865 9.4257
3.8547 12.1867 9.4262
3.8227 12.1868 9.4268
3.7907 12.1868 9.4274
3.7587 12.1868 9.4281
3.7267 12.1867 9.4287
3.6946 12.1864 9.4294
3.6626 12.1860 9.4300
3.6306 12.1855 9.4308
3.5986 12.1848 9.4315
3.5666 12.1841 9.4322
3.5346 12.1832 9.4330
3.5026 12.1823 9.4338
3.4706 12.1813 9.4346
3.4386 12.1803 9.4354
3.4065 12.1794 9.4362
3.3745 12.1785 9.4370
3.3425 12.1776 9.4378
3.3105 12.1768 9.4384
3.2785 12.1762 9.4389
3.2465 12.1756 9.4394
3.2145 12.1752 9.4398
3.1825 12.1749 9.4401
3.1504 12.1748 9.4402
3.1184 12.1747 9.4404
3.0864 12.1747 9.4404
3.0544 12.1748 9.4403
3.0223 12.1750 9.4402
2.9903 12.1752 9.4399
2.9583 12.1754 9.4396
2.9263 12.1757 9.4391
2.8943 12.1760 9.4386
2.8622 12.1762 9.4380
2.8302 12.1765 9.4373
2.7982 12.1768 9.4365
2.7662 12.1770 9.4356
2.7341 12.1771 9.4346
2.7021 12.1772 9.4335
2.6701 12.1773 9.4323
2.6381 12.1772 9.4309
2.6060 12.1771 9.4295
2.5740 12.1769 9.4279
2.5420 12.1765 9.4263
2.5100 12.1760 9.4245
2.5100 12.1760 9.4226
2.4779 12.1750 9.4207
2.4458 12.1742 9.4186
2.4137 12.1736 9.4165
2.3817 12.1733 9.4143
2.3496 12.1731 9.4120
2.3175 12.1731 9.4096
2.2854 12.1733 9.4072
2.2534 12.1736 9.4046
2.2213 12.1741 9.4021
2.1892 12.1747 9.3994
2.1572 12.1754 9.3967
2.1251 12.1761 9.3939
2.0931 12.1770 9.3911
2.0610 12.1778 9.3883
2.0289 12.1788 9.3854
1.9969 12.1797 9.3830
1.9648 12.1807 9.3818
1.9328 12.1816 9.3816
1.9007 12.1825 9.3826
1.8686 12.1834 9.3847
1.8366 12.1842 9.3878
1.8045 12.1849 9.3919
1.7724 12.1856 9.3972
1.7404 12.1862 9.4035
1.7083 12.1866 9.4109
1.6762 12.1869 9.4194
1.6441 12.1869 9.4290
1.6120 12.1868 9.4397
1.5800 12.1865 9.4515
1.5479 12.1858 9.4645
1.5158 12.1849 9.4786
1.4838 12.1836 9.4940
1.4517 12.1820 9.5106
1.4197 12.1800 9.5285
1.3876 12.1775 9.5476
1.3556 12.1746 9.5680
1.3236 12.1713 9.5898
1.2917 12.1674 9.6124
1.2598 12.1629 9.6356
1.2281 12.1577 9.6592
1.1964 12.1519 9.6833
1.1649 12.1454 9.7079
1.1336 12.1381 9.7331
1.1025 12.1299 9.7588
1.0716 12.1209 9.7850
1.0410 12.1110 9.8118
1.0107 12.1001 9.8392
0.9806 12.0882 9.8671
0.9509 12.0752 9.8956
0.9217 12.0613 9.9246
0.8929 12.0464 9.9542
0.8646 12.0304 9.9843
0.8369 12.0135 10.0149
0.8099 11.9957 10.0460
0.7835 11.9769 10.0775
0.7580 11.9572 10.1095
0.7332 11.9365 10.1419
0.7093 11.9150 10.1746
0.6864 11.8926 10.2076
0.6645 11.8693 10.2403
0.6435 11.8452 10.2721
0.6234 11.8203 10.3030
0.6042 11.7948 10.3332
0.5857 11.7686 10.3626
0.5680 11.7418 10.3914
0.5509 11.7145 10.4196
0.5345 11.6867 10.4472
0.5185 11.6586 10.4744
0.5030 11.6301 10.5011
0.4879 11.6014 10.5274
0.4732 11.5724 10.5535
0.4588 11.5433 10.5793
0.4446 11.5140 10.6049
0.4309 11.4846 10.6304
0.4177 11.4551 10.6558
0.4051 11.4254 10.6812
0.3931 11.3954 10.7067
0.3818 11.3653 10.7323
0.3713 11.3350 10.7580
0.3618 11.3045 10.7840
0.3532 11.2738 10.8103
0.3456 11.2429 10.8369
0.3392 11.2117 10.8631
0.3339 11.1802 10.8880
0.3298 11.1486 10.9116
0.3267 11.1168 10.9337
0.3245 11.0848 10.9544
0.3231 11.0527 10.9736
0.3226 11.0205 10.9913
0.3227 10.9882 11.0074
0.3234 10.9559 11.0220
0.3247 10.9236 11.0350
0.3263 10.8912 11.0464
0.3284 10.8590 11.0563
0.3307 10.8268 11.0646
0.3332 10.7947 11.0714
0.3358 10.7626 11.0765
0.3386 10.7307 11.0801
0.3413 10.6987 11.0822
0.3441 10.6668 11.0827
0.3468 10.6349 11.0816
0.3494 10.6031 11.0790
0.3519 10.5712 11.0749
0.3542 10.5393 11.0692
0.3563 10.5074 11.0628
0.3583 10.4754 11.0566
0.3601 10.4435 11.0506
0.3618 10.4115 11.0449
0.3633 10.3795 11.0393
0.3647 10.3476 11.0339
0.3659 10.3156 11.0288
0.3671 10.2836 11.0238
0.3680 10.2515 11.0190
0.3689 10.2195 11.0145
0.3696 10.1875 11.0101
0.3703 10.1554 11.0059
0.3708 10.1234 11.0020
0.3712 10.0913 10.9982
0.3715 10.0592 10.9946
0.3716 10.0271 10.9913
0.3717 9.9951 10.9881
0.3717 9.9630 10.9851
0.3716 9.9309 10.9823
0.3714 9.8988 10.9798
0.3712 9.8666 10.9774
0.3708 9.8345 10.9752
0.3704 9.8024 10.9732
0.3699 9.7703 10.9714
0.3694 9.7382 10.9698
0.3688 9.7060 10.9684
0.3681 9.6739 10.9672
0.3673 9.6418 10.9662
0.3666 9.6096 10.9653
0.3657 9.5775 10.9647
0.3649 9.5453 10.9643
0.3640 9.5132 10.9640
0.3630 9.4811 10.9640
0.3620 9.4489 10.9641
0.3610 9.4168 10.9645
0.3600 9.3847 10.9650
0.3589 9.3525 10.9657
0.3579 9.3204 10.9666
0.3568 9.2883 10.9677
0.3557 9.2562 10.9691
0.3546 9.2241 10.9706
0.3535 9.1919 10.9723
0.3525 9.1598 10.9742
0.3514 9.1277 10.9762
0.3503 9.0956 10.9783
0.3493 9.0636 10.9802
0.3482 9.0315 10.9819
0.3472 8.9994 10.9834
0.3463 8.9673 10.9847
0.3453 8.9353 10.9857
0.3444 8.9032 10.9866
0.3436 8.8712 10.9873
0.3428 8.8391 10.9878
0.3420 8.8070 10.9880
0.3413 8.7750 10.9881
0.3407 8.7429 10.9880
0.3401 8.7109 10.9876
0.3396 8.6788 10.9871
0.3391 8.6468 10.9863
0.3388 8.6147 10.9853
0.3385 8.5827 10.9841
0.3384 8.5506 10.9827
0.3383 8.5185 10.9811
0.3383 8.4865 10.9792
0.3384 8.4544 10.9771
0.3386 8.4223 10.9748
0.3390 8.3902 10.9726
0.3394 8.3581 10.9710
0.3400 8.3260 10.9699
0.3400 8.3260 10.9693
0.3420 8.2922 10.9693
0.3435 8.2588 10.9699
0.3445 8.2259 10.9710
0.3450 8.1934 10.9726
0.3452 8.1612 10.9748
0.3450 8.1293 10.9776
0.3445 8.0976 10.9808
0.3439 8.0662 10.9847
0.3430 8.0350 10.9890
0.3420 8.0039 10.9938
0.3409 7.9729 10.9991
0.3399 7.9420 11.0049
0.3388 7.9111 11.0112
0.3378 7.8802 11.0178
0.3370 7.8492 11.0249
0.3364 7.8181 11.0324
0.3360 7.7869 11.0403
0.3358 7.7555 11.0485
0.3361 7.7239 11.0572
0.3367 7.6920 11.0666
0.3378 7.6598 11.0767
0.3393 7.6272 11.0874
0.3415 7.5943 11.0987
0.3442 7.5610 11.1106
0.3476 7.5272 11.1230
0.3516 7.4929 11.1359
0.3565 7.4581 11.1493
0.3620 7.4228 11.1631
0.3683 7.3873 11.1773
0.3753 7.3514 11.1921
0.3831 7.3154 11.2080
0.3916 7.2793 11.2250
0.4008 7.2431 11.2432
0.4108 7.2070 11.2627
0.4215 7.1710 11.2836
0.4329 7.1352 11.3062
0.4450 7.0997 11.3305
0.4578 7.0646 11.3567
0.4714 7.0299 11.3850
0.4857 6.9957 11.4157
0.5007 6.9621 11.4481
0.5164 6.9292 11.4814
0.5328 6.8970 11.5158
0.5500 6.8657 11.5515
0.5678 6.8353 11.5887
0.5864 6.8059 11.6273
0.6057 6.7775 11.6677
0.6257 6.7503 11.7100
0.6463 6.7243 11.7542
0.6677 6.6996 11.8007
0.6898 6.6763 11.8494
0.7126 6.6545 11.9006
0.7361 6.6342 11.9543
0.7603 6.6155 12.0106
0.7852 6.5985 12.0694
0.8108 6.5833 12.1307
0.8370 6.5699 12.1943
0.8640 6.5585 12.2601
0.8917 6.5491 12.3277
0.9200 6.5417 12.3967
0.9490 6.5366 12.4667
0.9787 6.5336 12.5372
1.0091 6.5328 12.6011
1.0400 6.5338 12.6523
1.0714 6.5362 12.6914
1.1033 6.5398 12.7193
1.1354 6.5442 12.7366
1.1678 6.5491 12.7437
1.2004 6.5541 12.7409
1.2331 6.5589 12.7283
1.2659 6.5633 12.7056
1.2985 6.5668 12.6724
1.3311 6.5693 12.6282
1.3635 6.5709 12.5815
1.3959 6.5716 12.5412
1.4281 6.5715 12.5079
1.4602 6.5707 12.4818
1.4923 6.5694 12.4631
1.5242 6.5676 12.4518
1.5560 6.5655 12.4478
1.5877 6.5630 12.4510
1.6193 6.5604 12.4615
1.6507 6.5577 12.4791
1.6821 6.5550 12.5035
1.7134 6.5523 12.5294
1.7448 6.5499 12.5516
1.7763 6.5479 12.5704
1.8079 6.5463 12.5859
1.8399 6.5452 12.5981
1.8723 6.5448 12.6071
1.9052 6.5452 12.6131
1.9387 6.5464 12.6160
1.9728 6.5485 12.6159
2.0073 6.5512 12.6127
2.0419 6.5540 12.6063
2.0764 6.5568 12.5937
2.1107 6.5590 12.5716
2.1445 6.5605 12.5392
2.1775 6.5608 12.4954
2.2096 6.5597 12.4389
2.2405 6.5567 12.3682
2.2700 6.5516 12.2820
2.2978 6.5440 12.1796
2.3238 6.5335 12.0616
2.3478 6.5200 11.9306
2.3697 6.5033 11.7916
2.3897 6.4839 11.6619
2.4078 6.4617 11.5532
2.4241 6.4372 11.4628
2.4388 6.4104 11.3876
2.4518 6.3816 11.3247
2.4634 6.3511 11.2717
2.4736 6.3190 11.2268
2.4825 6.2856 11.1883
2.4902 6.2511 11.1550
2.4968 6.2157 11.1261
2.5024 6.1796 11.1007
2.5070 6.1431 11.0777
2.5109 6.1063 11.0568
2.5140 6.0695 11.0380
2.5164 6.0329 11.0216
2.5183 5.9967 11.0077
2.5198 5.9611 10.9967
2.5209 5.9264 10.9885
2.5217 5.8924 10.9834
2.5223 5.8592 10.9814
2.5226 5.8266 10.9825
2.5226 5.7945 10.9869
2.5225 5.7628 10.9925
2.5223 5.7315 10.9976
2.5219 5.7004 11.0020
2.5215 5.6694 11.0058
2.5210 5.6385 11.0090
2.5205 5.6076 11.0116
2.5200 5.5765 11.0136
2.5196 5.5452 11.0149
2.5192 5.5137 11.0156
2.5189 5.4821 11.0157
2.5187 5.4502 11.0151
2.5185 5.4182 11.0139
2.5185 5.3861 11.0121
2.5185 5.3539 11.0097
2.5186 5.3217 11.0066
2.5188 5.2894 11.0028
2.5191 5.2570 10.9985
2.5195 5.2247 10.9935
2.5201 5.1923 10.9878
2.5207 5.1601 10.9816
2.5214 5.1278 10.9747
2.5221 5.0956 10.9671
2.5228 5.0634 10.9602
2.5233 5.0313 10.9554
2.5237 4.9993 10.9524
2.5239 4.9673 10.9515
2.5238 4.9354 10.9525
2.5233 4.9035 10.9555
2.5225 4.8717 10.9604
2.5213 4.8400 10.9672
2.5195 4.8083 10.9759
2.5174 4.7767 10.9866
2.5150 4.7451 10.9990
2.5128 4.7133 11.0133
2.5111 4.6812 11.0294
2.5101 4.6487 11.0471
2.5102 4.6158 11.0666
2.5114 4.5824 11.0876
2.5138 4.5487 11.1101
2.5173 4.5145 11.1340
2.5219 4.4802 11.1592
2.5276 4.4456 11.1856
2.5344 4.4109 11.2131
2.5423 4.3761 11.2415
2.5512 4.3414 11.2700
2.5611 4.3068 11.2980
2.5720 4.2723 11.3257
2.5838 4.2380 11.3533
2.5967 4.2041 11.3811
2.6105 4.1705 11.4093
2.6252 4.1373 11.4380
2.6408 4.1047 11.4675
2.6573 4.0726 11.4979
2.6746 4.0412 11.5295
2.6928 4.0105 11.5625
2.7119 3.9807 11.5973
2.7317 3.9516 11.6339
2.7524 3.9235 11.6728
2.7738 3.8964 11.7143
2.7960 3.8704 11.7587
2.8189 3.8455 11.8062
2.8425 3.8219 11.8574
2.8669 3.7995 11.9125
2.8919 3.7784 11.9718
2.9175 3.7588 12.0357
2.9438 3.7407 12.1043
2.9708 3.7242 12.1738
2.9983 3.7092 12.2397
3.0265 3.6960 12.3012
3.0551 3.6846 12.3578
3.0844 3.6750 12.4092
3.1142 3.6673 12.4552
3.1444 3.6616 12.4957
3.1752 3.6578 12.5310
3.2064 3.6555 12.5610
3.2379 3.6548 12.5861
3.2698 3.6553 12.6063
3.3020 3.6570 12.6219
3.3345 3.6596 12.6329
3.3671 3.6629 12.6396
3.3999 3.6668 12.6420
3.4328 3.6710 12.6402
3.4657 3.6754 12.6341
3.4987 3.6798 12.6239
3.5317 3.6841 12.6095
3.5646 3.6880 12.5907
3.5973 3.6913 12.5676
3.6300 3.6939 12.5400
3.6624 3.6956 12.5130
3.6945 3.6961 12.4909
3.7264 3.6954 12.4732
3.7579 3.6932 12.4597
3.7891 3.6894 12.4503
3.8198 3.6837 12.4457
3.8500 3.6760 12.4514
3.8500 3.6760 12.4734
3.8762 3.6671 12.5099
3.9041 3.6609 12.5544
3.9337 3.6572 12.5993
3.9648 3.6556 12.6341
3.9970 3.6560 12.6568
4.0304 3.6579 12.6712
4.0646 3.6611 12.6795
4.0995 3.6654 12.6830
4.1349 3.6705 12.6822
4.1707 3.6761 12.6774
4.2066 3.6819 12.6683
4.2425 3.6877 12.6546
4.2781 3.6931 12.6351
4.3134 3.6979 12.6085
4.3481 3.7019 12.5731
4.3820 3.7047 12.5280
4.4149 3.7060 12.4717
4.4468 3.7057 12.4029
4.4773 3.7033 12.3206
4.5063 3.6987 12.2246
4.5336 3.6915 12.1163
4.5590 3.6816 11.9989
4.5825 3.6685 11.8772
4.6038 3.6524 11.7571
4.6232 3.6333 11.6437
4.6406 3.6116 11.5409
4.6564 3.5874 11.4541
4.6704 3.5610 11.3842
4.6829 3.5325 11.3274
4.6940 3.5022 11.2807
4.7037 3.4704 11.2421
4.7121 3.4371 11.2099
4.7194 3.4026 11.1829
4.7256 3.3672 11.1602
4.7309 3.3311 11.1411
4.7354 3.2944 11.1251
4.7392 3.2575 11.1120
4.7423 3.2204 11.1002
4.7449 3.1834 11.0886
4.7470 3.1468 11.0774
4.7489 3.1107 11.0665
4.7505 3.0754 11.0560
4.7520 3.0409 11.0459
4.7533 3.0072 11.0363
4.7545 2.9742 11.0272
4.7556 2.9418 11.0187
4.7565 2.9099 11.0108
4.7574 2.8784 11.0035
4.7581 2.8471 10.9970
4.7587 2.8161 10.9912
4.7592 2.7852 10.9861
4.7596 2.7543 10.9818
4.7599 2.7232 10.9783
4.7601 2.6920 10.9757
4.7602 2.6606 10.9739
4.7603 2.6289 10.9729
4.7603 2.5971 10.9728
4.7602 2.5651 10.9736
4.7602 2.5330 10.9752
4.7601 2.5007 10.9773
4.7600 2.4684 10.9792
4.7599 2.4361 10.9811
4.7599 2.4037 10.9829
4.7599 2.3713 10.9847
4.7600 2.3390 10.9863
4.7601 2.3067 10.9880
4.7603 2.2745 10.9895
4.7606 2.2423 10.9910
4.7608 2.2102 10.9924
4.7610 2.1781 10.9937
4.7612 2.1461 10.9950
4.7613 2.1140 10.9962
4.7613 2.0820 10.9974
4.7612 2.0501 10.9985
4.7609 2.0181 10.9995
4.7605 1.9862 11.0005
4.7600 1.9543 11.0014
4.7592 1.9223 11.0022
4.7582 1.8904 11.0030
4.7572 1.8585 11.0037
4.7561 1.8265 11.0043
4.7549 1.7945 11.0045
4.7538 1.7625 11.0039
4.7527 1.7305 11.0024
4.7518 1.6984 11.0001
4.7510 1.6662 10.9969
4.7504 1.6340 10.9929
4.7500 1.6018 10.9879
4.7500 1.5694 10.9821
4.7501 1.5371 10.9753
4.7504 1.5047 10.9676
4.7508 1.4724 10.9588
4.7510 1.4402 10.9490
4.7512 1.4081 10.9381
4.7511 1.3763 10.9260
4.7507 1.3446 10.9127
4.7499 1.3132 10.8981
4.7486 1.2822 10.8821
4.7467 1.2515 10.8646
4.7441 1.2212 10.8456
4.7408 1.1914 10.8249
4.7365 1.1620 10.8024
4.7314 1.1332 10.7779
4.7251 1.1050 10.7478
4.7178 1.0774 10.7082
4.7092 1.0505 10.6589
4.6993 1.0243 10.6000
4.6880 0.9989 10.5321
4.6752 0.9743 10.4561
4.6608 0.9505 10.3739
4.6447 0.9276 10.2875
4.6268 0.9057 10.1995
4.6071 0.8847 10.1124
4.5854 0.8648 10.0286
4.5617 0.8459 9.9548
4.5359 0.8282 9.8938
4.5078 0.8116 9.8423
4.4774 0.7962 9.8039
4.4446 0.7821 9.7812
4.4093 0.7692 9.7726
4.3714 0.7577 9.7220
4.3308 0.7476 9.6196
4.2874 0.7389 9.4548
4.2412 0.7317 9.4504
3.8300 0.7260 9.5822
3.7978 0.7255 9.5317
3.7657 0.7250 9.4882
3.7335 0.7247 9.4512
3.7013 0.7245 9.4206
3.6691 0.7244 9.3959
3.6369 0.7244 9.3767
3.6047 0.7245 9.3627
3.5725 0.7246 9.3538
3.5403 0.7249 9.3497
3.5081 0.7252 9.3504
3.4759 0.7256 9.3557
3.4437 0.7261 9.3630
3.4114 0.7266 9.3696
3.3792 0.7272 9.3756
3.3470 0.7279 9.3809
3.3148 0.7286 9.3856
3.2826 0.7294 9.3897
3.2503 0.7302 9.3931
3.2181 0.7311 9.3960
3.1859 0.7320 9.3982
3.1536 0.7329 9.3997
3.1214 0.7339 9.4007
3.0892 0.7349 9.4014
3.0570 0.7359 9.4020
3.0247 0.7370 9.4027
2.9925 0.7380 9.4034
2.9603 0.7391 9.4040
2.9280 0.7402 9.4047
2.8958 0.7413 9.4054
2.8636 0.7423 9.4061
2.8314 0.7434 9.4068
2.7991 0.7445 9.4075
2.7669 0.7455 9.4083
2.7347 0.7466 9.4090
2.7025 0.7476 9.4097
2.6703 0.7486 9.4105
2.6381 0.7496 9.4112
2.6059 0.7505 9.4120
2.5737 0.7514 9.4127
2.5415 0.7523 9.4135
2.5093 0.7531 9.4143
2.4771 0.7539 9.4150
2.4449 0.7546 9.4158
2.4128 0.7553 9.4166
2.3806 0.7559 9.4174
2.3484 0.7564 9.4182
2.3163 0.7569 9.4190
2.2841 0.7573 9.4197
2.2520 0.7576 9.4205
2.2198 0.7578 9.4213
2.1877 0.7580 9.4221
2.1555 0.7581 9.4229
2.1234 0.7581 9.4238
2.0913 0.7579 9.4246
2.0592 0.7577 9.4254
2.0271 0.7574 9.4262
1.9950 0.7570 9.4270
1.9629 0.7565 9.4278
1.9309 0.7558 9.4286
1.8988 0.7550 9.4294
1.8667 0.7542 9.4302
1.8347 0.7533 9.4310
1.8026 0.7523 9.4318
1.7705 0.7513 9.4326
1.7383 0.7504 9.4335
1.7062 0.7494 9.4343
1.6739 0.7485 9.4339
1.6417 0.7477 9.4311
1.6093 0.7469 9.4259
1.5770 0.7463 9.4183
1.5445 0.7458 9.4082
1.5120 0.7455 9.3957
1.4794 0.7456 9.3805
1.4469 0.7461 9.3627
1.4145 0.7472 9.3422
1.3821 0.7490 9.3189
1.3499 0.7517 9.2926
1.3178 0.7553 9.2633
1.2860 0.7601 9.2309
1.2544 0.7660 9.1954
1.2230 0.7733 9.1566
1.1920 0.7821 9.1146
1.1614 0.7925 9.0694
1.1312 0.8045 9.0212
1.1015 0.8181 8.9701
1.0725 0.8331 8.9163
1.0441 0.8496 8.8604
1.0166 0.8675 8.8026
0.9900 0.8868 8.7435
0.9644 0.9073 8.6854
0.9399 0.9290 8.6302
0.9166 0.9519 8.5771
0.8946 0.9759 8.5259
0.8739 1.0009 8.4760
0.8548 1.0269 8.4269
0.8371 1.0539 8.3784
0.8208 1.0817 8.3300
0.8059 1.1103 8.2812
0.7923 1.1396 8.2318
0.7800 1.1696 8.1813
0.7690 1.2002 8.1322
0.7591 1.2313 8.0870
0.7505 1.2628 8.0457
0.7429 1.2948 8.0081
0.7364 1.3270 7.9739
0.7310 1.3596 7.9431
0.7265 1.3923 7.9155
0.7230 1.4252 7.8910
0.7203 1.4581 7.8694
0.7186 1.4910 7.8508
0.7176 1.5238 7.8350
0.7174 1.5565 7.8218
0.7180 1.5890 7.8109
0.7192 1.6212 7.8025
0.7210 1.6531 7.7971
0.7235 1.6845 7.7948
0.7265 1.7155 7.7956
0.7300 1.7460 7.7996
0.7300 1.7460 7.8067
0.7308 1.7782 7.8166
0.7313 1.8103 7.8292
0.7317 1.8424 7.8441
0.7319 1.8744 7.8583
0.7320 1.9065 7.8695
0.7320 1.9385 7.8779
0.7318 1.9705 7.8838
0.7315 2.0024 7.8873
0.7312 2.0344 7.8885
0.7308 2.0663 7.8875
0.7304 2.0983 7.8844
0.7299 2.1302 7.8790
0.7295 2.1621 7.8713
0.7291 2.1941 7.8613
0.7287 2.2260 7.8506
0.7284 2.2580 7.8410
0.7282 2.2900 7.8326
0.7280 2.3219 7.8254
0.7280 2.3540 7.8195
0.7281 2.3860 7.8149
0.7284 2.4181 7.8116
0.7288 2.4502 7.8097
0.7294 2.4823 7.8091
0.7302 2.5145 7.8100
0.7313 2.5467 7.8121
0.7325 2.5789 7.8157
0.7337 2.6111 7.8206
0.7350 2.6433 7.8268
0.7363 2.6755 7.8344
0.7375 2.7076 7.8431
0.7386 2.7397 7.8531
0.7394 2.7717 7.8643
0.7400 2.8035 7.8765
0.7403 2.8352 7.8898
0.7403 2.8668 7.9040
0.7397 2.8982 7.9191
0.7387 2.9296 7.9341
0.7371 2.9609 7.9479
0.7348 2.9924 7.9609
0.7318 3.0241 7.9730
0.7278 3.0563 7.9845
0.7229 3.0891 7.9953
0.7169 3.1225 8.0057
0.7101 3.1566 8.0157
0.7027 3.1911 8.0253
0.6951 3.2257 8.0346
0.6878 3.2603 8.0438
0.6811 3.2945 8.0422
0.6754 3.3281 8.0178
0.6711 3.3610 7.9677
0.6686 3.3927 7.8879
0.6682 3.4232 7.7741
0.6703 3.4521 7.6244
0.6754 3.4792 7.4606
0.6838 3.5043 7.3062
0.6957 3.5272 7.1645
0.7111 3.5478 7.0365
0.7297 3.5665 6.9217
0.7513 3.5832 6.8214
0.7755 3.5980 6.7366
0.8023 3.6111 6.6648
0.8313 3.6226 6.6039
0.8622 3.6326 6.5519
0.8950 3.6413 6.5072
0.9292 3.6486 6.4685
0.9647 3.6548 6.4346
1.0013 3.6599 6.4049
1.0386 3.6640 6.3785
1.0764 3.6674 6.3550
1.1146 3.6700 6.3336
1.1528 3.6720 6.3141
1.1908 3.6735 6.2966
1.2284 3.6747 6.2811
1.2654 3.6755 6.2677
1.3014 3.6762 6.2565
1.3364 3.6768 6.2474
1.3705 3.6773 6.2407
1.4037 3.6777 6.2363
1.4363 3.6780 6.2344
1.4682 3.6782 6.2351
1.4996 3.6782 6.2379
1.5307 3.6782 6.2421
1.5614 3.6779 6.2477
1.5920 3.6776 6.2547
1.6226 3.6771 6.2632
1.6532 3.6764 6.2729
1.6839 3.6756 6.2838
1.7149 3.6747 6.2958
1.7461 3.6738 6.3088
1.7776 3.6731 6.3225
1.8095 3.6727 6.3369
1.8418 3.6727 6.3519
1.8744 3.6733 6.3675
1.9076 3.6746 6.3840
1.9412 3.6768 6.4011
1.9752 3.6799 6.4191
2.0097 3.6840 6.4378
2.0446 3.6889 6.4574
2.0797 3.6948 6.4779
2.1150 3.7016 6.4992
2.1504 3.7093 6.5214
2.1858 3.7179 6.5446
2.2213 3.7273 6.5682
2.2566 3.7376 6.5920
2.2917 3.7487 6.6161
2.3266 3.7607 6.6407
2.3612 3.7736 6.6659
2.3954 3.7872 6.6918
2.4291 3.8017 6.7186
2.4622 3.8170 6.7466
2.4947 3.8331 6.7758
2.5266 3.8500 6.8064
2.5576 3.8676 6.8388
2.5879 3.8860 6.8730
2.6172 3.9052 6.9094
2.6455 3.9251 6.9481
2.6728 3.9458 6.9896
2.6989 3.9672 7.0340
2.7238 3.9893 7.0816
2.7474 4.0121 7.1327
2.7697 4.0356 7.1877
2.7905 4.0599 7.2466
2.8099 4.0848 7.3097
2.8276 4.1103 7.3769
2.8437 4.1366 7.4449
2.8581 4.1634 7.5096
2.8707 4.1910 7.5703
2.8814 4.2191 7.6266
2.8901 4.2479 7.6781
2.8969 4.2773 7.7249
2.9015 4.3073 7.7668
2.9041 4.3379 7.8039
2.9050 4.3690 7.8364
2.9043 4.4005 7.8645
2.9024 4.4323 7.8883
2.8996 4.4645 7.9080
2.8961 4.4969 7.9237
2.8922 4.5295 7.9354
2.8882 4.5621 7.9434
2.8843 4.5948 7.9476
2.8808 4.6274 7.9481
2.8780 4.6600 7.9451
2.8759 4.6923 7.9383
2.8744 4.7246 7.9279
2.8735 4.7568 7.9138
2.8732 4.7889 7.8959
2.8733 4.8209 7.8741
2.8738 4.8528 7.8519
2.8746 4.8847 7.8333
2.8756 4.9165 7.8181
2.8769 4.9483 7.8065
2.8783 4.9801 7.7985
2.8798 5.0118 7.7942
2.8813 5.0436 7.7935
2.8827 5.0753 7.7966
2.8840 5.1071 7.8036
2.8852 5.1389 7.8145
2.8861 5.1708 7.8295
2.8866 5.2027 7.8455
2.8868 5.2347 7.8592
2.8866 5.2668 7.8706
2.8859 5.2989 7.8796
2.8846 5.3312 7.8861
2.8826 5.3635 7.8901
2.8800 5.3960 7.8915
2.8800 5.3960 7.8904
2.8762 5.4300 7.8868
2.8735 5.4635 7.8807
2.8718 5.4965 7.8722
2.8710 5.5291 7.8636
2.8709 5.5614 7.8572
2.8715 5.5933 7.8528
2.8725 5.6251 7.8504
2.8739 5.6566 7.8500
2.8755 5.6881 7.8516
2.8771 5.7195 7.8550
2.8788 5.7509 7.8604
2.8803 5.7824 7.8675
2.8815 5.8140 7.8765
2.8822 5.8459 7.8872
2.8825 5.8780 7.8997
2.8820 5.9104 7.9138
2.8807 5.9432 7.9297
2.8785 5.9765 7.9472
2.8753 6.0102 7.9663
2.8712 6.0442 7.9869
2.8661 6.0786 8.0091
2.8600 6.1131 8.0327
2.8530 6.1478 8.0576
2.8451 6.1826 8.0839
2.8362 6.2174 8.1114
2.8265 6.2522 8.1392
2.8158 6.2868 8.1669
2.8043 6.3213 8.1945
2.7919 6.3555 8.2222
2.7786 6.3893 8.2502
2.7645 6.4227 8.2788
2.7496 6.4557 8.3080
2.7338 6.4881 8.3380
2.7171 6.5200 8.3691
2.6997 6.5511 8.4013
2.6815 6.5815 8.4350
2.6625 6.6111 8.4703
2.6427 6.6398 8.5075
2.6221 6.6675 8.5468
2.6008 6.6943 8.5885
2.5788 6.7199 8.6327
2.5560 6.7443 8.6798
2.5325 6.7676 8.7300
2.5082 6.7895 8.7836
2.4833 6.8101 8.8407
2.4577 6.8292 8.9015
2.4314 6.8468 8.9660
2.4044 6.8628 9.0308
2.3768 6.8772 9.0920
2.3485 6.8899 9.1490
2.3196 6.9007 9.2017
2.2900 6.9098 9.2498
2.2599 6.9169 9.2933
2.2291 6.9221 9.3321
2.1979 6.9256 9.3665
2.1661 6.9276 9.3965
2.1340 6.9283 9.4222
2.1016 6.9280 9.4439
2.0690 6.9267 9.4617
2.0362 6.9247 9.4757
2.0032 6.9222 9.4860
1.9702 6.9195 9.4926
1.9373 6.9166 9.4955
1.9044 6.9139 9.4949
1.8717 6.9113 9.4905
1.8391 6.9090 9.4824
1.8065 6.9069 9.4704
1.7742 6.9052 9.4544
1.7419 6.9038 9.4341
1.7097 6.9029 9.4131
1.6777 6.9024 9.3955
1.6457 6.9024 9.3815
1.6140 6.9030 9.3713
1.5823 6.9042 9.3650
1.5507 6.9060 9.3626
1.5193 6.9084 9.3640
1.4879 6.9113 9.3691
1.4564 6.9144 9.3775
1.4247 6.9176 9.3889
1.3927 6.9206 9.4030
1.3604 6.9231 9.4158
1.3275 6.9250 9.4239
1.2940 6.9260 9.4276
1.2599 6.9259 9.4272
1.2252 6.9251 9.4228
1.1903 6.9237 9.4141
1.1554 6.9223 9.4007
1.1207 6.9211 9.3819
1.0864 6.9206 9.3567
1.0529 6.9210 9.3236
1.0203 6.9227 9.2804
0.9890 6.9261 9.2183
0.9590 6.9315 9.1283
0.9308 6.9393 9.0096
0.9044 6.9498 8.8663
0.8803 6.9634 8.7090
0.8584 6.9801 8.5529
0.8386 6.9998 8.4226
0.8208 7.0222 8.3256
0.8050 7.0471 8.2521
0.7909 7.0743 8.1955
0.7785 7.1035 8.1511
0.7677 7.1344 8.1135
0.7584 7.1669 8.0795
0.7503 7.2008 8.0487
0.7435 7.2357 8.0211
0.7378 7.2715 7.9964
0.7331 7.3080 7.9746
0.7293 7.3448 7.9554
0.7262 7.3819 7.9388
0.7238 7.4188 7.9246
0.7219 7.4555 7.9129
0.7205 7.4917 7.9036
0.7193 7.5271 7.8956
0.7185 7.5618 7.8879
0.7178 7.5957 7.8805
0.7174 7.6289 7.8733
0.7171 7.6616 7.8665
0.7171 7.6938 7.8600
0.7172 7.7255 7.8539
0.7175 7.7568 7.8481
0.7179 7.7879 7.8427
0.7185 7.8187 7.8378
0.7191 7.8494 7.8332
0.7198 7.8799 7.8291
0.7207 7.9105 7.8254
0.7215 7.9411 7.8222
0.7225 7.9719 7.8194
0.7234 8.0028 7.8171
0.7244 8.0340 7.8153
0.7253 8.0656 7.8141
0.7262 8.0975 7.8133
0.7271 8.1300 7.8130
0.7280 8.1630 7.8133
0.7287 8.1966 7.8141
0.7294 8.2309 7.8153
0.7300 8.2660 7.8170
0.7300 8.2660 7.8190
0.7277 8.2999 7.8214
0.7260 8.3334 7.8242
0.7249 8.3664 7.8274
0.7243 8.3991 7.8310
0.7241 8.4314 7.8349
0.7243 8.4633 7.8391
0.7248 8.4951 7.8437
0.7256 8.5266 7.8485
0.7266 8.5579 7.8537
0.7277 8.5891 7.8592
0.7290 8.6202 7.8649
0.7302 8.6512 7.8708
0.7314 8.6822 7.8770
0.7326 8.7133 7.8833
0.7336 8.7443 7.8899
0.7343 8.7755 7.8966
0.7349 8.8069 7.9034
0.7350 8.8384 7.9104
0.7348 8.8701 7.9174
0.7342 8.9022 7.9237
0.7331 8.9345 7.9283
0.7314 8.9671 7.9314
0.7291 9.0002 7.9331
0.7261 9.0337 7.9333
0.7223 9.0676 7.9321
0.7178 9.1021 7.9294
0.7126 9.1370 7.9252
0.7071 9.1720 7.9193
0.7016 9.2071 7.9117
0.6966 9.2420 7.9021
0.6922 9.2764 7.8860
0.6889 9.3101 7.8584
0.6870 9.3429 7.8178
0.6869 9.3747 7.7626
0.6889 9.4051 7.6909
0.6933 9.4339 7.6011
0.7006 9.4610 7.4926
0.7110 9.4861 7.3664
0.7249 9.5091 7.2266
0.7420 9.5300 7.0801
0.7621 9.5488 6.9353
0.7849 9.5657 6.8095
0.8103 9.5808 6.7100
0.8381 9.5942 6.6307
0.8678 9.6060 6.5665
0.8994 9.6162 6.5136
0.9326 9.6251 6.4695
0.9670 9.6325 6.4319
1.0026 9.6388 6.3994
1.0390 9.6439 6.3709
1.0761 9.6480 6.3452
1.1135 9.6511 6.3218
1.1510 9.6534 6.2995
1.1885 9.6549 6.2786
1.2255 9.6558 6.2598
1.2620 9.6561 6.2438
1.2977 9.6559 6.2311
1.3324 9.6554 6.2222
1.3662 9.6545 6.2133
1.3993 9.6534 6.1982
1.4317 9.6519 6.2628
1.4635 9.6502 6.2627
1.6667 9.6362 6.1596
1.6877 9.6347 6.1759
1.7089 9.6333 6.1915
1.7301 9.6320 6.2066
1.7515 9.6308 6.2216
1.7730 9.6297 6.2367
1.7945 9.6288 6.2519
1.8161 9.6282 6.2676
1.8377 9.6278 6.2838
1.8593 9.6277 6.3008
1.8809 9.6280 6.3187
1.9024 9.6286 6.3378
1.9240 9.6296 6.3582
1.9454 9.6311 6.3797
1.9668 9.6330 6.4024
1.9881 9.6355 6.4261
2.0093 9.6385 6.4508
2.0303 9.6421 6.4765
2.0511 9.6462 6.5030
2.0718 9.6511 6.5303
2.0923 9.6565 6.5583
2.1127 9.6624 6.5868
2.1330 9.6689 6.6158
2.1531 9.6758 6.6444
2.1732 9.6830 6.6719
2.1931 9.6906 6.6982
2.2130 9.6984 6.7233
2.2328 9.7065 6.7472
2.2527 9.7148 6.7701
2.2724 9.7231 6.7636
2.2922 9.7316 6.6986
2.3120 9.7400 6.5708
2.3318 9.7484 6.3791
2.3517 9.7567 6.1395
2.2778 9.7254 6.3217
2.3075 9.7381 6.5519
2.3373 9.7507 6.6766
2.3672 9.7630 6.6963
2.3973 9.7749 6.6652
2.4275 9.7863 6.6350
2.4580 9.7970 6.6058
2.4887 9.8070 6.5776
2.5195 9.8164 6.5504
2.5505 9.8251 6.5240
2.5817 9.8331 6.4980
2.6131 9.8404 6.4725
2.6446 9.8470 6.4475
2.6762 9.8529 6.4230
2.7079 9.8581 6.3991
2.7398 9.8625 6.3758
2.7717 9.8662 6.3530
2.8037 9.8691 6.3308
2.8358 9.8712 6.3091
2.8680 9.8726 6.2881
2.9001 9.8733 6.2676
2.9323 9.8733 6.2477
2.9646 9.8726 6.2284
2.9967 9.8713 6.2097
3.0289 9.8693 6.1916
3.0610 9.8666 6.1740
3.0931 9.8633 6.1569
3.1250 9.8594 6.1404
3.1569 9.8550 6.1245
3.1887 9.8499 6.1090
3.2203 9.8443 6.0941
3.2519 9.8382 6.0794
3.2833 9.8316 6.0646
3.3147 9.8244 6.0496
3.3459 9.8168 6.0346
3.3770 9.8088 6.0195
3.4080 9.8003 6.0042
3.4389 9.7914 5.9889
3.4697 9.7821 5.9734
3.5004 9.7724 5.9577
3.5310 9.7623 5.9419
3.5615 9.7519 5.9260
3.5919 9.7412 5.9099
3.6221 9.7300 5.8936
3.6521 9.7184 5.8772
3.6820 9.7064 5.8606
3.7116 9.6939 5.8438
3.7411 9.6810 5.8268
3.7702 9.6675 5.8097
3.7991 9.6535 5.7924
3.8278 9.6389 5.7748
3.8561 9.6237 5.7571
3.8841 9.6080 5.7392
3.9117 9.5916 5.7210
3.9391 9.5747 5.7027
3.9660 9.5571 5.6840
3.9926 9.5390 5.6651
4.0189 9.5204 5.6460
4.0447 9.5012 5.6266
4.0702 9.4815 5.6069
4.0953 9.4613 5.5870
4.1200 9.4406 5.5668
4.1443 9.4194 5.5464
4.1681 9.3977 5.5257
4.1916 9.3756 5.5047
4.2146 9.3530 5.4835
4.2372 9.3300 5.4620
4.2594 9.3066 5.4403
4.2811 9.2828 5.4183
4.3024 9.2586 5.3961
4.3232 9.2340 5.3737
4.3435 9.2091 5.3511
4.3634 9.1838 5.3282
4.3827 9.1582 5.3052
4.4016 9.1322 5.2820
4.4200 9.1060 5.2820
4.4200 9.1060 5.2820
4.4200 9.1060 5.2820
4.4200 9.1060 5.2820
4.4200 9.1060 5.2820
4.4200 9.1060 5.2820
4.4200 9.1060 5.2820
4.4200 9.1060 5.2820
4.4200 9.1060 5.2820
4.4200 9.1060 5.2820
4.4200 9.1060 5.2820
4.4200 9.1060 5.2820
4.4200 9.1060 5.2820
4.4200 9.1060 5.2820
4.4200 9.1060 5.2820
4.4200 9.1060 5.2820
4.4200 9.1060 5.2820
4.4200 9.1060 5.2820
4.4200 9.1060 5.2820
4.4200 9.1060 5.2820
4.4200 9.1060 5.2820
4.4200 9.1060 5.2820
4.4200 9.1060 5.2820
4.4200 9.1060 5.2820
4.4200 9.1060 5.2820
4.4200 9.1060 5.2820
4.4200 9.1060 5.2820
4.4200 9.1060 5.2820
4.4200 9.1060 5.2820
4.4200 9.1060 5.2820
4.4200 9.1060 5.2820
4.4200 9.1060 5.2820
4.4200 9.1060 5.2820
4.4200 9.1060 5.2820
4.4200 9.1060 5.2820
4.4200 9.1060 5.2820
4.4200 9.1060 5.2820
4.4200 9.1060 5.2820
4.4200 9.1060 5.2820
4.4200 9.1060 5.2820
4.4200 9.1060 5.2820
4.4200 9.1060 5.2820
4.4200 9.1060 5.2820
4.4200 9.1060 5.2820
4.4200 9.1060 5.2820
