t_s,cmd_speed_cm_s,cmd_steer_deg,enc_speed_cm_s,enc_cmd_speed_cm_s,yaw_deg
0.0000,9.173333334426085e-06,0.0,0.006,162.158,0.0
0.0490,0.32672362666668653,0.0,0.006,162.158,0.0
0.0541,0.3605471999996249,0.0,0.006,162.158,0.0
0.0620,0.41322410666604503,0.0,0.006,162.158,0.0
0.0671,0.447181866666142,0.0,0.006,162.158,0.0
0.0722,0.48150847999977486,0.0,0.006,162.158,0.0
0.0773,0.5153301333333123,0.0,0.006,162.158,0.0
0.0860,0.5732550399996702,0.0,0.006,162.158,0.0
0.0911,0.607038079999711,0.0,0.006,162.158,0.0
0.0961,0.6408104533329606,0.0,0.006,162.158,0.0
0.1012,0.6745753599996835,0.0,0.006,162.158,0.0
0.1081,0.7205962666663861,0.0,0.006,162.158,0.0
0.1132,0.754377599999619,0.0,0.006,162.158,0.0
0.1184,0.7894903466664498,0.0,0.006,162.158,0.0
0.1235,0.8232614399995934,0.0,0.006,162.158,0.0
0.1290,0.8598999466660946,0.0,0.006,162.158,0.0
0.1341,0.8936667733329766,0.0,0.006,162.158,0.0
0.1391,0.9274325333331035,0.0,0.006,162.158,0.0
0.1442,0.961190613333353,0.0,0.006,162.158,0.0
0.1530,1.0199076266667362,0.0,0.006,162.158,0.0
0.1581,1.0536846933329496,0.0,0.006,162.158,0.0
0.1631,1.0874525866665863,0.0,0.006,162.158,0.0
0.1682,1.1212142933330445,0.0,0.006,162.158,0.0
0.1740,1.159897599999719,0.0,0.006,162.158,0.0
0.1790,1.1936652800000047,0.0,0.006,162.158,0.0
0.1843,1.228878933332756,0.0,0.006,162.158,0.0
0.1894,1.2626542933329197,0.0,0.006,162.51,0.0
0.1960,1.3065546666666705,0.0,0.006,162.51,0.0
0.2010,1.3403234133329534,0.0,0.006,162.51,0.0
0.2075,1.3835347199998673,0.0,0.338,164.883,0.0
0.2160,1.4399391999995714,0.0,0.338,164.883,0.0
0.2211,1.4737160533331917,0.0,0.338,164.883,0.0
0.2261,1.5074805333332129,0.0,0.338,164.883,0.0
0.2312,1.5412413866662669,0.0,0.338,164.883,0.0
0.2363,1.5750344533330463,0.0,1.532,175.166,0.0
0.2417,1.6113109333332432,0.0,1.532,175.166,0.0
0.2468,1.645092266666476,0.0,1.532,175.166,0.0
0.2520,1.680191359999602,0.0,1.532,175.166,0.0
0.2571,1.7139624533327456,0.0,3.029,188.438,0.0
0.2630,1.7533397333333292,0.0,3.029,188.438,0.0
0.2681,1.7871118933332277,0.0,3.029,188.438,0.0
0.2731,1.8209081599995138,0.0,3.029,188.438,0.0
0.2782,1.8546756266664488,0.0,2.891,196.348,0.0
0.2870,1.9133190399998057,0.0,2.891,196.348,0.0
0.2921,1.9470914133330552,0.0,2.891,196.348,0.0
0.2971,1.9808558933330764,0.0,2.891,196.348,0.0
0.3022,2.0146163199994285,0.0,2.94,206.719,0.0
0.3091,2.060347093333045,0.0,2.94,206.719,0.0
0.3141,2.0941252266660135,0.0,2.94,206.719,0.0
0.3194,2.1292179199993675,0.0,2.94,206.719,0.0
0.3244,2.1629941333329348,0.0,3.89,221.396,0.0
0.3300,2.19999893333276,0.0,3.89,221.396,0.0
0.3351,2.2337717333327114,0.0,3.89,221.396,0.0
0.3401,2.26753386666663,0.0,3.89,221.396,0.0
0.3452,2.30129983999935,0.0,3.89,231.943,0.0
0.3506,2.337554773333371,0.0,3.89,231.943,0.0
0.3557,2.371322879999601,0.0,3.89,231.943,0.0
0.3608,2.40508479999941,0.0,3.89,231.943,0.0
0.3658,2.438848426666027,0.0,4.242,246.006,0.0
0.3713,2.4751163733329427,0.0,4.242,246.006,0.0
0.3763,2.5088853333333345,0.0,4.242,246.006,0.0
0.3814,2.5426833066664285,0.0,4.242,246.006,0.0
0.3867,2.5777779199999413,0.0,4.045,257.432,0.0
0.3921,2.613699199999549,0.0,4.045,257.432,0.0
0.3972,2.648317226666374,0.0,4.045,257.432,0.0
0.4023,2.682082986666501,0.0,4.045,257.432,0.0
0.4088,2.725273386666534,0.0,4.045,257.432,0.0
0.4139,2.7590442666663266,0.0,3.76,268.945,0.0
0.4193,2.7953203199998216,0.0,3.76,268.945,0.0
0.4244,2.829093759999826,0.0,3.76,268.945,0.0
0.4294,2.862855893332987,0.0,3.76,268.945,0.0
0.4345,2.8966143999999376,0.0,3.267,278.965,0.0
0.4430,2.9533036799997108,0.0,3.267,278.965,0.0
0.4481,2.987087786666507,0.0,3.267,278.965,0.0
0.4533,3.0222035199994934,0.0,3.267,278.965,0.0
0.4584,3.055977599999551,0.0,2.414,283.271,0.0
0.4650,3.1000275199994576,0.0,2.414,283.271,0.0
0.4701,3.1338077866666936,0.0,2.414,283.271,0.0
0.4751,3.1675720533333633,0.0,2.414,283.271,0.0
0.4802,3.201340586666295,0.0,2.22,291.357,0.0
0.4871,3.2470455466667163,0.0,2.22,291.357,0.0
0.4923,3.2816778666665414,0.0,2.22,291.357,0.0
0.4973,3.315451306666546,0.0,2.22,291.357,0.0
0.5024,3.3492164266666196,0.0,2.927,302.607,0.0
0.5100,3.4003293866665745,0.0,2.927,302.607,0.0
0.5151,3.43426389333293,0.0,2.927,302.607,0.0
0.5205,3.4697868799995986,0.0,2.927,302.607,0.0
0.5256,3.5036998399997783,0.0,2.778,309.199,0.0
0.5309,3.539414186666363,0.0,2.778,309.199,0.0
0.5361,3.5741789866665385,0.0,2.778,309.199,0.0
0.5412,3.6079686399997017,0.0,2.778,309.199,0.0
0.5463,3.641735679999935,0.0,2.778,309.199,0.0
0.5513,3.675499306666552,0.0,2.313,316.318,0.0
0.5568,3.7118350933330175,0.0,2.313,316.318,0.0
0.5618,3.745607039999565,0.0,2.313,316.318,0.0
0.5669,3.77937237333299,0.0,2.313,316.318,0.0
0.5720,3.8131342933327987,0.0,2.127,321.855,0.0
0.5781,3.853722879999471,0.0,2.127,321.855,0.0
0.5831,3.887508693333075,0.0,2.127,321.855,0.0
0.5885,3.9230690133331336,0.0,2.127,321.855,0.0
0.5935,3.956857813332893,0.0,2.233,329.238,0.0
0.6000,4.000012799999695,0.0,2.233,329.238,0.0
0.6065,4.04344085333302,0.0,2.233,329.238,0.0
0.6116,4.077218986666746,0.0,2.233,329.238,0.0
0.6166,4.110987093332976,0.0,1.829,333.809,0.0
0.6240,4.159998933333402,0.0,1.829,333.809,0.0
0.6291,4.193775359999563,0.0,1.829,333.809,0.0
0.6341,4.227546026666005,0.0,1.829,333.809,0.0
0.6392,4.261304959999658,0.0,1.438,336.621,0.0
0.6450,4.299970559999717,0.0,1.438,336.621,0.0
0.6501,4.33374378666637,0.0,1.438,336.621,0.0
0.6553,4.368840106666691,0.0,1.438,336.621,0.0
0.6604,4.402612906666643,0.0,1.22,339.258,0.0
0.6670,4.446649386666195,0.0,1.22,339.258,0.0
0.6721,4.480420479999339,0.0,1.22,339.258,0.0
0.6771,4.514184959999359,0.0,1.22,339.258,0.0
0.6822,4.547945813333172,0.0,1.688,347.871,0.0
0.6876,4.584216533332892,0.0,1.688,347.871,0.0
0.6927,4.617987413332685,0.0,1.688,347.871,0.0
0.6978,4.651750613333358,0.0,1.688,347.871,0.0
0.7028,4.68551103999971,0.0,3.323,363.428,0.0
0.7100,4.7333681066659965,0.0,3.323,363.428,0.0
0.7151,4.767227093332925,0.0,3.323,363.428,0.0
0.7204,4.802552959999957,0.0,3.323,363.428,0.0
0.7255,4.836339413332856,0.0,3.492,373.887,0.0
0.7320,4.880290773332945,0.0,3.492,373.887,0.0
0.7371,4.914085333333181,0.0,3.492,373.887,0.0
0.7422,4.94785983999994,0.0,3.492,373.887,0.0
0.7472,4.981450880000011,0.0,4.225,391.113,0.0
0.7560,5.040000853333217,0.0,4.225,391.113,0.0
0.7611,5.073777919999429,0.0,4.225,391.113,0.0
0.7661,5.107545386666365,0.0,4.225,391.113,0.0
0.7712,5.141316053332806,0.0,4.355,403.857,0.0
0.7780,5.186618026666565,0.0,4.355,403.857,0.0
0.7831,5.220390613333166,0.0,4.355,403.857,0.0
0.7883,5.255610453333096,0.0,4.355,403.857,0.0
0.7934,5.289380053332783,0.0,3.887,414.844,0.0
0.8000,5.333323093332941,0.0,3.887,414.844,0.0
0.8051,5.367093546666032,0.0,3.887,414.844,0.0
0.8115,5.410317013333193,0.0,4.071,426.709,0.0
0.8200,5.466678186666437,0.0,4.071,426.709,0.0
0.8251,5.500455466666002,0.0,4.071,426.709,0.0
0.8301,5.534218239999973,0.0,4.071,426.709,0.0
0.8352,5.567978026666273,0.0,4.071,426.709,0.0
0.8403,5.601734186666363,0.0,3.453,436.641,0.0
0.8457,5.638013226666013,0.0,3.453,436.641,0.0
0.8508,5.67178538666667,0.0,3.453,436.641,0.0
0.8560,5.7068968533333955,0.0,3.453,436.641,0.0
0.8611,5.740664319999572,0.0,2.882,443.408,0.0
0.8670,5.7799978666662355,0.0,2.882,443.408,0.0
0.8721,5.813768746666028,0.0,2.882,443.408,0.0
0.8771,5.847531519999999,0.0,2.882,443.408,0.0
0.8822,5.881295146666616,0.0,2.301,449.648,0.0
0.8910,5.939973759999853,0.0,2.301,449.648,0.0
0.8961,5.973747413333209,0.0,2.301,449.648,0.0
0.9011,6.007509759999721,0.0,2.301,449.648,0.0
0.9076,6.050664746666522,0.0,1.884,453.779,0.0
0.9130,6.086980906666213,0.0,1.884,453.779,0.0
0.9181,6.120908799999446,0.0,1.884,453.779,0.0
0.9236,6.157038719999642,0.0,1.884,453.779,0.0
0.9286,6.190890879999339,0.0,1.688,459.668,0.0
0.9350,6.23337685333278,0.0,1.688,459.668,0.0
0.9401,6.267156906666665,0.0,1.688,459.668,0.0
0.9451,6.300927786666458,0.0,1.688,459.668,0.0
0.9502,6.3346926933331815,0.0,2.46,470.742,0.0
0.9590,6.393278293332969,0.0,2.46,470.742,0.0
0.9641,6.427049599999464,0.0,2.46,470.742,0.0
0.9691,6.460815786666293,0.0,2.46,470.742,0.0
0.9742,6.494573226666489,0.0,2.829,479.795,0.0
0.9800,6.533299626666272,0.0,2.829,479.795,0.0
0.9851,6.567077759999998,0.0,2.829,479.795,0.0
0.9903,6.602197546666654,0.0,2.829,479.795,0.0
0.9954,6.635970133333254,0.0,2.458,485.332,0.0
1.0020,6.6800354133329165,0.0,2.458,485.332,0.0
1.0086,6.7241060266663535,0.0,2.458,485.332,0.0
1.0138,6.758714666666492,0.0,2.692,494.736,0.0
1.0221,6.814148693332905,0.0,2.692,494.736,0.0
1.0272,6.848329386666592,0.0,2.692,494.736,0.0
1.0324,6.882559359999808,0.0,2.692,494.736,0.0
1.0375,6.91672447999963,0.0,3.051,504.141,0.0
1.0432,6.954402986666537,0.0,3.051,504.141,0.0
1.0482,6.988221866666512,0.0,3.051,504.141,0.0
1.0533,7.022058879999804,0.0,3.051,504.141,0.0
1.0586,7.057353813333217,0.0,1.82,505.371,0.0
1.0660,7.106736639999932,0.0,1.82,505.371,0.0
1.0711,7.140607573333,0.0,1.82,505.371,0.0
1.0762,7.17451839999967,0.0,1.82,505.371,0.0
1.0813,7.208399359999476,0.0,1.438,509.854,0.0
1.0900,7.266737920000045,0.0,1.438,509.854,0.0
1.0951,7.300659199999396,0.0,1.438,509.854,0.0
1.1002,7.3346587733332544,0.0,1.438,509.854,0.0
1.1067,7.378162346666008,0.0,2.99,526.465,0.0
1.1150,7.433353386666113,0.0,2.99,526.465,0.0
1.1201,7.467190826666107,0.0,2.99,526.465,0.0
1.1254,7.50263872000005,0.0,2.99,526.465,0.0
1.1305,7.536440959999405,0.0,3.248,534.551,0.0
1.1370,7.58002389333266,0.0,3.248,534.551,0.0
1.1421,7.613807573332755,0.0,3.248,534.551,0.0
1.1471,7.647586986666587,0.0,3.248,534.551,0.0
1.1522,7.681402239999594,0.0,2.434,538.77,0.0
1.1577,7.717914026666222,0.0,2.434,538.77,0.0
1.1628,7.7517134933327725,0.0,2.434,538.77,0.0
1.1678,7.785503573333395,0.0,2.434,538.77,0.0
1.1729,7.819391146666325,0.0,2.594,549.316,0.0
1.1820,7.879999360000056,0.0,2.594,549.316,0.0
1.1871,7.913800533332656,0.0,2.594,549.316,0.0
1.1924,7.949145599999762,0.0,2.594,549.316,0.0
1.1974,7.98293397333282,0.0,3.35,562.061,0.0
1.2040,8.02684629333271,0.0,3.35,562.061,0.0
1.2105,8.070261973333194,0.0,3.35,562.061,0.0
1.2156,8.104059946666288,0.0,3.35,562.061,0.0
1.2207,8.137849813332801,0.0,3.227,571.816,0.0
1.2280,8.186667306666399,0.0,3.227,571.816,0.0
1.2331,8.220465919999546,0.0,3.227,571.816,0.0
1.2381,8.254246186666023,0.0,3.227,571.816,0.0
1.2432,8.288028160000067,0.0,3.905,587.109,0.0
1.2500,8.333406720000008,0.0,3.905,587.109,0.0
1.2551,8.367245653332702,0.0,3.905,587.109,0.0
1.2604,8.402722133333404,0.0,3.905,587.109,0.0
1.2655,8.43651050666646,0.0,3.84,597.129,0.0
1.2720,8.480008319999493,0.0,3.84,597.129,0.0
1.2771,8.513799893332816,0.0,3.84,597.129,0.0
1.2821,8.547584639999664,0.0,3.84,597.129,0.0
1.2872,8.58144512000005,0.0,3.727,610.137,0.0
1.2960,8.639998293332761,0.0,3.727,610.137,0.0
1.3011,8.673790079999435,0.0,3.727,610.137,0.0
1.3076,8.717254399999396,0.0,3.909,622.002,0.0
1.3170,8.780005546666416,0.0,3.909,622.002,0.0
1.3221,8.813809493333338,0.0,3.909,622.002,0.0
1.3274,8.849195306666692,0.0,3.909,622.002,0.0
1.3324,8.882994986666594,0.0,3.017,627.979,0.0
1.3390,8.926639359999626,0.0,3.017,627.979,0.0
1.3441,8.96042730666674,0.0,3.017,627.979,0.0
1.3491,8.994219946666059,0.0,2.809,636.064,0.0
1.3590,9.05999978666614,0.0,2.809,636.064,0.0
1.3641,9.093790079999357,0.0,2.809,636.064,0.0
1.3691,9.12756543999952,0.0,2.809,636.064,0.0
1.3742,9.161339519999578,0.0,3.553,651.182,0.0
1.3840,9.226665173333307,0.0,3.553,651.182,0.0
1.3891,9.26049599999942,0.0,3.553,651.182,0.0
1.3944,9.29614719999942,0.0,3.553,651.182,0.0
1.3995,9.329940266666199,0.0,3.635,662.783,0.0
1.4060,9.373329493332676,0.0,3.635,662.783,0.0
1.4125,9.416669226666272,0.0,3.635,662.783,0.0
1.4176,9.450461653332999,0.0,3.635,662.783,0.0
1.4226,9.484234026666249,0.0,4.431,680.449,0.0
1.4300,9.533346346666653,0.0,4.431,680.449,0.0
1.4351,9.56714282666629,0.0,4.431,680.449,0.0
1.4401,9.600915626666241,0.0,4.431,680.449,0.0
1.4452,9.634695679999368,0.0,4.519,693.193,0.0
1.4510,9.673312213333247,0.0,4.519,693.193,0.0
1.4561,9.707103999999921,0.0,4.519,693.193,0.0
1.4614,9.742430293332896,0.0,4.519,693.193,0.0
1.4664,9.776216106666501,0.0,4.434,706.113,0.0
1.4730,9.820021119999941,0.0,4.434,706.113,0.0
1.4781,9.853809493332998,0.0,4.434,706.113,0.0
1.4831,9.887586346666618,0.0,3.683,713.584,0.0
1.4930,9.95334357333301,0.0,3.683,713.584,0.0
1.4981,9.987124479999542,0.0,3.683,713.584,0.0
1.5031,10.020900693333108,0.0,3.683,713.584,0.0
1.5097,10.064424106666745,0.0,3.343,725.273,0.0
1.5181,10.120349439999547,0.0,3.343,725.273,0.0
1.5231,10.15433279999949,0.0,3.343,725.273,0.0
1.5285,10.189791786666166,0.0,3.343,725.273,0.0
1.5335,10.223623253333091,0.0,4.033,740.303,0.0
1.5389,10.259265066666405,0.0,4.033,740.303,0.0
1.5441,10.293962239999626,0.0,4.033,740.303,0.0
1.5492,10.32775658666651,0.0,4.033,740.303,0.0
1.5542,10.361532373333375,0.0,4.535,757.354,0.0
1.5621,10.413765333332776,0.0,4.535,757.354,0.0
1.5673,10.44870506666636,0.0,4.535,757.354,0.0
1.5724,10.4825009066667,0.0,4.535,757.354,0.0
1.5774,10.516312959999443,0.0,5.174,774.58,0.0
1.5850,10.56674879999946,0.0,5.174,774.58,0.0
1.5901,10.600578986666278,0.0,5.174,774.58,0.0
1.5954,10.636303999999654,0.0,5.174,774.58,0.0
1.6005,10.670103466666205,0.0,5.102,789.609,0.0
1.6074,10.716101119999923,0.0,5.102,789.609,0.0
1.6125,10.749911679999968,0.0,5.102,789.609,0.0
1.6176,10.783718399999696,0.0,5.102,789.609,0.0
1.6226,10.817534933332809,0.0,4.475,802.178,0.0
1.6291,10.860457386666742,0.0,4.475,802.178,0.0
1.6343,10.895383253333268,0.0,4.475,802.178,0.0
1.6394,10.929202773333298,0.0,4.475,802.178,0.0
1.6445,10.963021866666622,0.0,4.525,817.471,0.0
1.6530,11.020065919999524,0.0,4.525,817.471,0.0
1.6581,11.053950506666297,0.0,4.525,817.471,0.0
1.6635,11.089817173333358,0.0,4.525,817.471,0.0
1.6685,11.123613866666346,0.0,4.951,834.258,0.0
1.6750,11.166717013333407,0.0,4.951,834.258,0.0
1.6801,11.200925013332988,0.0,4.951,834.258,0.0
1.6852,11.234731946666063,0.0,5.366,850.781,0.0
1.6931,11.28709674666652,0.0,5.366,850.781,0.0
1.6983,11.32193642666607,0.0,5.366,850.781,0.0
1.7034,11.355747413332818,0.0,5.366,850.781,0.0
1.7099,11.399144959999983,0.0,5.366,850.781,0.0
1.7150,11.433072426666513,0.0,5.566,870.117,0.0
1.7205,11.469700053332872,0.0,5.566,870.117,0.0
1.7255,11.503484799999722,0.0,5.566,870.117,0.0
1.7308,11.538620159999482,0.0,5.566,870.117,0.0
1.7359,11.572414506666366,0.0,5.251,884.971,0.0
1.7420,11.613408213333212,0.0,5.251,884.971,0.0
1.7471,11.647197226666322,0.0,5.251,884.971,0.0
1.7521,11.680993920000066,0.0,5.251,884.971,0.0
1.7572,11.714812586666692,0.0,4.713,899.473,0.0
1.7660,11.773386239999581,0.0,4.713,899.473,0.0
1.7711,11.807174613333398,0.0,4.713,899.473,0.0
1.7761,11.840947199999999,0.0,4.713,899.473,0.0
1.7812,11.874723626666157,0.0,5.31,917.578,0.0
1.7870,11.913370666666196,0.0,5.31,917.578,0.0
1.7921,11.947154559999642,0.0,5.31,917.578,0.0
1.7974,11.982496213333132,0.0,5.31,917.578,0.0
1.8024,12.016280106666574,0.0,5.732,936.826,0.0
1.8094,12.062742613332677,0.0,5.732,936.826,0.0
1.8145,12.096552106666724,0.0,5.732,936.826,0.0
1.8196,12.130365866666278,0.0,5.935,954.316,0.0
1.8271,12.180420479999913,0.0,5.935,954.316,0.0
1.8323,12.215111466666713,0.0,5.935,954.316,0.0
1.8374,12.249025706666242,0.0,5.935,954.316,0.0
1.8424,12.282879146666044,0.0,5.935,954.316,0.0
1.8475,12.31668629333323,0.0,6.275,976.904,0.0
1.8540,12.360070613333392,0.0,6.275,976.904,0.0
1.8591,12.393878826666576,0.0,6.275,976.904,0.0
1.8644,12.429200853333288,0.0,6.275,976.904,0.0
1.8695,12.4630026666667,0.0,6.632,999.141,0.0
1.8748,12.498570879999988,0.0,6.632,999.141,0.0
1.8800,12.533301759999631,0.0,6.632,999.141,0.0
1.8851,12.567128106666132,0.0,6.632,999.141,0.0
1.8901,12.60094357333325,0.0,7.143,1024.893,0.0
1.9000,12.666873599999537,0.0,7.143,1024.893,0.0
1.9066,12.710610773332672,0.0,7.143,1024.893,0.0
1.9117,12.744435626666473,0.0,7.448,1047.832,0.0
1.9210,12.806815573333097,0.0,7.448,1047.832,0.0
1.9261,12.840598399999788,0.0,7.448,1047.832,0.0
1.9314,12.875716479999635,0.0,7.448,1047.832,0.0
1.9364,12.909489066666236,0.0,7.299,1069.102,0.0
1.9430,12.953446826666095,0.0,7.299,1069.102,0.0
1.9481,12.987216426666539,0.0,7.299,1069.102,0.0
1.9531,13.020986453332927,0.0,7.299,1090.371,0.0
1.9630,13.08675264000006,0.0,7.299,1090.371,0.0
1.9681,13.120531413333083,0.0,7.299,1090.371,0.0
1.9732,13.154341973333128,0.0,7.299,1090.371,0.0
1.9782,13.188298453333118,0.0,7.574,1113.75,0.0
1.9840,13.226893013333363,0.0,7.574,1113.75,0.0
1.9891,13.260699093333034,0.0,7.574,1113.75,0.0
1.9942,13.294475519999953,0.0,7.574,1113.75,0.0
1.9994,13.32962837333298,0.0,7.891,1140.029,0.0
2.0070,13.380157653333146,0.0,7.891,1140.029,0.0
2.0143,13.428950826666249,0.0,7.891,1140.029,0.0
2.0194,13.462912426666662,0.0,7.782,1160.771,0.0
2.0270,13.51360874666625,0.0,7.782,1160.771,0.0
2.0321,13.5474600533333,0.0,7.782,1160.771,0.0
2.0372,13.581548586666184,0.0,7.782,1160.771,0.0
2.0424,13.615682986666496,0.0,7.6,1187.49,0.0
2.0520,13.68019007999995,0.0,7.6,1187.49,0.0
2.0571,13.71400554666631,0.0,7.6,1187.49,0.0
2.0622,13.747791999999965,0.0,7.6,1187.49,0.0
2.0674,13.782964053333064,0.0,7.389,1210.078,0.0
2.0750,13.833409066666416,0.0,7.389,1210.078,0.0
2.0801,13.867184213333228,0.0,7.389,1210.078,0.0
2.0851,13.900957866666584,0.0,7.389,1210.078,0.0
2.0902,13.934730666666535,0.0,6.572,1229.063,0.0
2.0971,13.98046335999955,0.0,6.572,1229.063,0.0
2.1023,14.015307519999471,0.0,6.572,1229.063,0.0
2.1088,14.0588686933332,0.0,6.572,1229.063,0.0
2.1139,14.092664746666134,0.0,5.257,1244.971,0.0
2.1221,14.147128960000071,0.0,5.257,1244.971,0.0
2.1273,14.181754666666013,0.0,5.257,1244.971,0.0
2.1330,14.2199332266667,0.0,5.257,1244.971,0.0
2.1381,14.253701973332983,0.0,8.322,1281.973,0.0
2.1460,14.306790613332698,0.0,8.322,1281.973,0.0
2.1511,14.340559999999794,0.0,8.322,1281.973,0.0
2.1561,14.374320639999496,0.0,8.322,1281.973,0.0
2.1612,14.408078079999694,0.0,9.369,1315.547,0.0
2.1700,14.466815786666604,0.0,9.369,1315.547,0.0
2.1751,14.500583893332834,0.0,9.369,1315.547,0.0
2.1802,14.534347306666103,0.0,9.369,1315.547,0.0
2.1852,14.568104106666244,0.0,9.45,1343.672,0.0
2.1910,14.606789759999781,0.0,9.45,1343.672,0.0
2.1961,14.64055615999996,0.0,9.45,1343.672,0.0
2.2013,14.675630506666646,0.0,9.45,1343.672,0.0
2.2078,14.718901333333179,0.0,9.768,1374.873,0.0
2.2133,14.755293226666407,0.0,9.768,1374.873,0.0
2.2184,14.789062826666093,0.0,9.768,1374.873,0.0
2.2234,14.822821973333095,0.0,9.768,1374.873,0.0
2.2285,14.856577493333134,0.0,9.302,1403.701,0.0
2.2370,14.913449813332893,0.0,9.302,1403.701,0.0
2.2421,14.94721749333318,0.0,9.302,1403.701,0.0
2.2471,14.980981119999797,0.0,9.302,1403.701,0.0
2.2522,15.01477887999954,0.0,9.419,1433.232,0.0
2.2580,15.053402666666596,0.0,9.419,1433.232,0.0
2.2631,15.08717823999935,0.0,9.419,1433.232,0.0
2.2684,15.122412373333038,0.0,9.419,1433.232,0.0
2.2734,15.156182399999427,0.0,10.289,1468.125,0.0
2.2800,15.200159359999361,0.0,10.289,1468.125,0.0
2.2851,15.233926826666295,0.0,10.289,1468.125,0.0
2.2902,15.267687466666,0.0,10.289,1468.125,0.0
2.2952,15.301447253333055,0.0,10.058,1499.854,0.0
2.3040,15.360151253332788,0.0,10.058,1499.854,0.0
2.3105,15.403503786666686,0.0,10.058,1499.854,0.0
2.3156,15.437292586666445,0.0,10.058,1499.854,0.0
2.3207,15.471133440000056,0.0,9.824,1532.549,0.0
2.3280,15.520047786666662,0.0,9.824,1532.549,0.0
2.3333,15.5551513599994,0.0,9.824,1532.549,0.0
2.3383,15.588928853333073,0.0,9.824,1532.549,0.0
2.3434,15.622691626666285,0.0,9.711,1560.586,0.0
2.3500,15.666756053333302,0.0,9.711,1560.586,0.0
2.3551,15.700522879999426,0.0,9.711,1560.586,0.0
2.3601,15.73428394666659,0.0,9.711,1560.586,0.0
2.3652,15.768039466666625,0.0,9.35,1591.172,0.0
2.3730,15.820073386666234,0.0,9.35,1591.172,0.0
2.3781,15.853842346666625,0.0,9.35,1591.172,0.0
2.3831,15.887639039999613,0.0,9.35,1591.172,0.0
2.3882,15.921402239999527,0.0,10.166,1627.646,0.0
2.3960,15.973444266666473,0.0,10.166,1627.646,0.0
2.4013,16.008530986666,0.0,10.166,1627.646,0.0
2.4078,16.051833173332852,0.0,10.985,1662.539,0.0
2.4171,16.11383167999975,0.0,10.985,1662.539,0.0
2.4221,16.147615146666492,0.0,10.985,1662.539,0.0
2.4272,16.181377706666353,0.0,11.646,1697.783,0.0
2.4370,16.24685930666601,0.0,11.646,1697.783,0.0
2.4421,16.280630826666613,0.0,11.646,1697.783,0.0
2.4472,16.314388266666054,0.0,11.646,1697.783,0.0
2.4522,16.348143146666036,0.0,11.842,1732.764,0.0
2.4580,16.386788480000025,0.0,11.842,1732.764,0.0
2.4631,16.420556159999553,0.0,11.842,1732.764,0.0
2.4684,16.45573013333281,0.0,11.842,1732.764,0.0
2.4734,16.4894982399998,0.0,11.508,1766.865,0.0
2.4800,16.533486293333226,0.0,11.508,1766.865,0.0
2.4851,16.5672533333327,0.0,11.508,1766.865,0.0
2.4902,16.601010346666197,0.0,11.508,1766.865,0.0
2.4952,16.63477567999962,0.0,12.093,1810.811,0.0
2.5040,16.693486293333233,0.0,12.093,1810.811,0.0
2.5106,16.737089920000017,0.0,12.093,1810.811,0.0
2.5157,16.7710451199999,0.0,12.438,1847.725,0.0
2.5251,16.833693866666028,0.0,12.438,1847.725,0.0
2.5301,16.867543466666273,0.0,12.438,1847.725,0.0
2.5354,16.902907093333397,0.0,12.438,1847.725,0.0
2.5405,16.936698453333367,0.0,12.35,1885.43,0.0
2.5470,16.98019199999938,0.0,12.35,1885.43,0.0
2.5521,17.013994239999494,0.0,12.35,1885.43,0.0
2.5572,17.047851093332913,0.0,12.35,1885.43,0.0
2.5622,17.081662506666362,0.0,11.694,1922.344,0.0
2.5710,17.140098773333346,0.0,11.694,1922.344,0.0
2.5761,17.17386986666649,0.0,11.694,1922.344,0.0
2.5811,17.207629226666086,0.0,11.694,1922.344,0.0
2.5862,17.241379199999756,0.0,11.503,1956.709,0.0
2.5920,17.280251946666187,0.0,11.503,1956.709,0.0
2.5971,17.314031146666668,0.0,11.503,1956.709,0.0
2.6024,17.349221333333087,0.0,11.503,1956.709,0.0
2.6089,17.39264917333306,0.0,12.132,1996.436,0.0
2.6144,17.42920277333269,0.0,12.132,1996.436,0.0
2.6194,17.46299199999991,0.0,12.132,1996.436,0.0
2.6245,17.496776320000055,0.0,12.132,1996.436,0.0
2.6296,17.530538026666516,0.0,12.881,2042.578,0.0
2.6380,17.586770133333022,0.0,12.881,2042.578,0.0
2.6431,17.62054186666622,0.0,12.881,2042.578,0.0
2.6481,17.65430549333284,0.0,12.881,2042.578,0.0
2.6532,17.68806229333298,0.0,13.794,2086.084,0.0
2.6590,17.72680021333296,0.0,13.794,2086.084,0.0
2.6641,17.760571093332754,0.0,13.794,2086.084,0.0
2.6693,17.795646933332893,0.0,13.794,2086.084,0.0
2.6744,17.829415039999883,0.0,13.416,2125.371,0.0
2.6810,17.87347135999956,0.0,13.416,2125.371,0.0
2.6861,17.907238613333146,0.0,13.416,2125.371,0.0
2.6911,17.94099583999999,0.0,13.416,2125.371,0.0
2.6962,17.974749013333167,0.0,13.433,2171.426,0.0
2.7050,18.033460479999423,0.0,13.433,2171.426,0.0
2.7115,18.076788693332826,0.0,13.433,2171.426,0.0
2.7166,18.11056426666634,0.0,13.433,2171.426,0.0
2.7216,18.144327039999553,0.0,13.718,2218.623,0.0
2.7290,18.19345279999955,0.0,13.718,2218.623,0.0
2.7343,18.228527999999642,0.0,13.718,2218.623,0.0
2.7393,18.26229397333312,0.0,13.718,2218.623,0.0
2.7444,18.29605333333272,0.0,13.713,2257.91,0.0
2.7500,18.333457279999646,0.0,13.713,2257.91,0.0
2.7551,18.367225386666632,0.0,13.713,2257.91,0.0
2.7601,18.400981546666724,0.0,13.713,2257.91,0.0
2.7652,18.4347351466666,0.0,12.916,2298.252,0.0
2.7740,18.49346773333309,0.0,12.916,2298.252,0.0
2.7791,18.527319466666086,0.0,12.916,2298.252,0.0
2.7842,18.561136853333362,0.0,12.916,2298.252,0.0
2.7892,18.594955093333283,0.0,12.754,2340.088,0.0
2.7970,18.646798293333024,0.0,12.754,2340.088,0.0
2.8023,18.68190527999938,0.0,12.754,2340.088,0.0
2.8088,18.72508522666673,0.0,12.828,2378.584,0.0
2.8180,18.78677205333285,0.0,12.828,2378.584,0.0
2.8231,18.82054122666659,0.0,12.828,2378.584,0.0
2.8281,18.85430720000007,0.0,13.864,2422.09,0.0
2.8380,18.9201158399995,0.0,13.864,2422.09,0.0
2.8431,18.953882453333033,0.0,13.864,2422.09,0.0
2.8481,18.987652693332773,0.0,13.864,2422.09,0.0
2.8532,19.021418239999548,0.0,14.783,2470.342,0.0
2.8600,19.06677845333282,0.0,14.783,2470.342,0.0
2.8651,19.10054677333316,0.0,14.783,2470.342,0.0
2.8703,19.13564053333327,0.0,14.783,2470.342,0.0
2.8754,19.169413759999923,0.0,15.37,2519.824,0.0
2.8820,19.21344362666635,0.0,15.37,2519.824,0.0
2.8871,19.247212586666745,0.0,15.37,2519.824,0.0
2.8921,19.28096938666613,0.0,15.759,2565.615,0.0
2.9020,19.346780159999827,0.0,15.759,2565.615,0.0
2.9085,19.389963520000038,0.0,15.759,2565.615,0.0
2.9136,19.423732906666373,0.0,15.759,2565.615,0.0
2.9186,19.457491199999975,0.0,16.207,2623.887,0.0
2.9270,19.51344213333338,0.0,16.207,2623.887,0.0
2.9321,19.54721023999961,0.0,16.207,2623.887,0.0
2.9373,19.58228992000007,0.0,16.207,2623.887,0.0
2.9424,19.616055039999384,0.0,15.877,2671.348,0.0
2.9490,19.660141653333387,0.0,15.877,2671.348,0.0
2.9541,19.69390869333286,0.0,15.877,2671.348,0.0
2.9592,19.727666986666463,0.0,15.877,2671.348,0.0
2.9642,19.761421013333045,0.0,15.0,2718.721,0.0
2.9730,19.82016319999957,0.0,15.0,2718.721,0.0
2.9781,19.854027306666165,0.0,15.0,2718.721,0.0
2.9832,19.887825280000015,0.0,15.0,2718.721,0.0
2.9882,19.921601493332826,0.0,14.865,2763.193,0.0
2.9940,19.960145706666026,0.0,14.865,2763.193,0.0
2.9991,19.993918506666734,0.0,14.865,2763.193,0.0
3.0044,20.0291490133327,0.0,14.865,2763.193,0.0
3.0109,20.072702719999903,0.0,15.203,2811.182,0.0
3.0164,20.109497813333142,0.0,15.203,2811.182,0.0
3.0215,20.14352853333321,0.0,15.203,2811.182,0.0
3.0266,20.177348479999942,0.0,16.049,2860.137,0.0
3.0360,20.240114773333367,0.0,16.049,2860.137,0.0
3.0411,20.27388970666607,0.0,16.049,2860.137,0.0
3.0461,20.307647786666315,0.0,16.049,2860.137,0.0
3.0512,20.34139861333339,0.0,16.346,2918.057,0.0
3.0611,20.407071359999613,0.0,16.346,2918.057,0.0
3.0661,20.440864213333043,0.0,16.346,2918.057,0.0
3.0714,20.47598250666624,0.0,16.346,2918.057,0.0
3.0765,20.50975274666674,0.0,16.491,2968.506,0.0
3.0830,20.55343615999997,0.0,16.491,2968.506,0.0
3.0881,20.58736959999957,0.0,16.491,2968.506,0.0
3.0932,20.621415466666043,0.0,16.491,2968.506,0.0
3.0983,20.6552162133327,0.0,15.664,3018.252,0.0
3.1070,20.713546239999992,0.0,15.664,3018.252,0.0
3.1136,20.757074986666645,0.0,15.664,3018.252,0.0
3.1186,20.79085482666642,0.0,15.158,3062.549,0.0
3.1280,20.85352469333278,0.0,15.158,3062.549,0.0
3.1331,20.887454293332816,0.0,15.158,3062.549,0.0
3.1384,20.922700373333406,0.0,15.158,3062.549,0.0
3.1435,20.95652330666629,0.0,16.458,3118.008,0.0
3.1500,21.000161279999553,0.0,16.458,3118.008,0.0
3.1551,21.033947946666558,0.0,16.458,3118.008,0.0
3.1602,21.067726079999524,0.0,16.532,3164.15,0.0
3.1700,21.133464960000005,0.0,16.532,3164.15,0.0
3.1751,21.167241813332872,0.0,16.532,3164.15,0.0
3.1802,21.20100245333333,0.0,16.532,3164.15,0.0
3.1965,21.310330453332732,0.0,16.995,3222.949,0.0
3.2041,21.36072469333309,0.0,16.995,3222.949,0.0
3.2107,21.404709759999605,0.0,17.181,3276.826,0.0
3.2163,21.441761066666153,0.0,17.181,3276.826,0.0
3.2214,21.475978453333177,0.0,17.181,3276.826,0.0
3.2265,21.510266026666613,0.0,17.181,3276.826,0.0
3.2317,21.54455146666654,0.0,16.656,3330.527,0.0
3.2401,21.60046720000006,0.0,16.656,3330.527,0.0
3.2452,21.63478250666609,0.0,16.656,3330.527,0.0
3.2504,21.66913045333331,0.0,16.656,3330.527,0.0
3.2555,21.70347690666631,0.0,16.893,3384.141,0.0
3.2621,21.74721983999992,0.0,16.893,3384.141,0.0
3.2672,21.78119466666658,0.0,16.893,3384.141,0.0
3.2725,21.816714239999634,0.0,16.893,3384.141,0.0
3.2776,21.850522666666166,0.0,16.719,3435.82,0.0
3.2840,21.89349183999942,0.0,16.719,3435.82,0.0
3.2891,21.927273386666002,0.0,16.719,3435.82,0.0
3.2942,21.961087999999712,0.0,16.719,3435.82,0.0
3.2992,21.99481386666624,0.0,17.321,3496.377,0.0
3.3080,22.053476693333018,0.0,17.321,3496.377,0.0
3.3146,22.097034026666428,0.0,17.321,3496.377,0.0
3.3196,22.130810666666697,0.0,17.321,3496.377,0.0
3.3247,22.16458837333297,0.0,18.079,3554.033,0.0
3.3302,22.201181439999495,0.0,18.079,3554.033,0.0
3.3352,22.234963199999434,0.0,18.079,3554.033,0.0
3.3405,22.270219093333402,0.0,18.079,3554.033,0.0
3.3456,22.304033279999658,0.0,17.722,3607.998,0.0
3.3520,22.346828373332905,0.0,17.722,3607.998,0.0
3.3571,22.380605653333227,0.0,17.722,3607.998,0.0
3.3622,22.414362666666726,0.0,17.513,3656.162,0.0
3.3720,22.480148906666578,0.0,17.513,3656.162,0.0
3.3771,22.51392213333323,0.0,17.513,3656.162,0.0
3.3822,22.54770495999992,0.0,17.513,3656.162,0.0
3.3872,22.581509333332782,0.0,18.143,3722.432,0.0
3.3970,22.64686122666641,0.0,18.143,3722.432,0.0
3.4021,22.680636799999924,0.0,18.143,3722.432,0.0
3.4088,22.72543679999975,0.0,18.143,3722.432,0.0
3.4139,22.759211093333157,0.0,18.734,3782.549,0.0
3.4194,22.795670826666687,0.0,18.734,3782.549,0.0
3.4244,22.829458346666343,0.0,18.734,3782.549,0.0
3.4295,22.863243733333242,0.0,18.734,3782.549,0.0
3.4346,22.89714581333328,0.0,19.038,3846.709,0.0
3.4430,22.953491839999366,0.0,19.038,3846.709,0.0
3.4481,22.987262933333263,0.0,19.038,3846.709,0.0
3.4532,23.021019093333358,0.0,19.038,3846.709,0.0
3.4582,23.054779093333003,0.0,19.228,3904.277,0.0
3.4640,23.093483733333265,0.0,19.228,3904.277,0.0
3.4691,23.12725503999976,0.0,19.228,3904.277,0.0
3.4744,23.16236181333276,0.0,19.228,3904.277,0.0
3.4794,23.196229333332973,0.0,18.956,3962.461,0.0
3.4860,23.24015423999981,0.0,18.956,3962.461,0.0
3.4911,23.273931733332724,0.0,18.956,3962.461,0.0
3.4962,23.307691946666488,0.0,19.442,4019.238,0.0
3.5060,23.37358037333312,0.0,19.442,4019.238,0.0
3.5126,23.417318186666307,0.0,19.442,4019.238,0.0
3.5177,23.451291093332806,0.0,19.442,4019.238,0.0
3.5228,23.48539050666659,0.0,19.501,4087.09,0.0
3.5310,23.540193066666383,0.0,19.501,4087.09,0.0
3.5361,23.574072746666083,0.0,19.501,4087.09,0.0
3.5415,23.609725226666193,0.0,19.501,4087.09,0.0
3.5466,23.6437397333331,0.0,19.292,4146.504,0.0
3.5531,23.687263359999328,0.0,19.292,4146.504,0.0
3.5582,23.721358506666093,0.0,19.292,4146.504,0.0
3.5633,23.75517013333289,0.0,19.292,4146.504,0.0
3.5683,23.78895893333341,0.0,19.705,4214.971,0.0
3.5770,23.846857813333223,0.0,19.705,4214.971,0.0
3.5821,23.880645546666223,0.0,19.705,4214.971,0.0
3.5872,23.914416426666016,0.0,19.705,4214.971,0.0
3.5922,23.94818133333274,0.0,19.79,4281.24,0.0
3.6010,24.006797226666095,0.0,19.79,4281.24,0.0
3.6077,24.051624106666623,0.0,19.79,4281.24,0.0
3.6128,24.085427839999433,0.0,19.885,4341.445,0.0
3.6220,24.146778879999907,0.0,19.885,4341.445,0.0
3.6271,24.180550399999753,0.0,19.885,4341.445,0.0
3.6321,24.21431274666626,0.0,19.885,4341.445,0.0
3.6372,24.248073173333374,0.0,20.46,4412.549,0.0
3.6460,24.30676778666642,0.0,20.46,4412.549,0.0
3.6511,24.340541653333126,0.0,20.46,4412.549,0.0
3.6561,24.374308480000003,0.0,20.46,4412.549,0.0
3.6612,24.408066346666146,0.0,20.342,4471.436,0.0
3.6670,24.44672255999952,0.0,20.342,4471.436,0.0
3.6740,24.49350080000007,0.0,20.342,4471.436,0.0
3.6791,24.52739306666672,0.0,19.949,4528.477,0.0
3.6880,24.586780159999456,0.0,19.949,4528.477,0.0
3.6931,24.620565759999714,0.0,19.949,4528.477,0.0
3.6981,24.654331093333134,0.0,19.933,4585.693,0.0
3.7080,24.720130559999994,0.0,19.933,4585.693,0.0
3.7145,24.763546879999772,0.0,19.933,4585.693,0.0
3.7196,24.79734357333276,0.0,19.933,4585.693,0.0
3.7247,24.831111679999744,0.0,20.223,4651.699,0.0
3.7310,24.873405013333162,0.0,20.223,4651.699,0.0
3.7361,24.907220266666172,0.0,20.223,4651.699,0.0
3.7414,24.942347306666,0.0,20.223,4651.699,0.0
3.7464,24.976145706666557,0.0,20.763,4717.969,0.0
3.7530,25.0201252266667,0.0,20.763,4717.969,0.0
3.7581,25.053892906666228,0.0,20.763,4717.969,0.0
3.7631,25.08765503999939,0.0,21.166,4778.613,0.0
3.7730,25.153495253333254,0.0,21.166,4778.613,0.0
3.7781,25.187375146666305,0.0,21.166,4778.613,0.0
3.7832,25.22120234666621,0.0,21.166,4778.613,0.0
3.7882,25.254994773332932,0.0,20.494,4836.006,0.0
3.7940,25.293396053333105,0.0,20.494,4836.006,0.0
3.7991,25.3271673599996,0.0,20.494,4836.006,0.0
3.8041,25.360933546666423,0.0,20.494,4836.006,0.0
3.8108,25.40557546666605,0.0,20.092,4900.342,0.0
3.8170,25.44672575999963,0.0,20.092,4900.342,0.0
3.8221,25.480521599999975,0.0,20.092,4900.342,0.0
3.8271,25.514289493332853,0.0,20.444,4959.316,0.0
3.8370,25.580146986666627,0.0,20.444,4959.316,0.0
3.8421,25.61392042666663,0.0,20.444,4959.316,0.0
3.8472,25.647684906666655,0.0,20.444,4959.316,0.0
3.8522,25.68144533333301,0.0,20.905,5034.375,0.0
3.8620,25.746933759999898,0.0,20.905,5034.375,0.0
3.8672,25.781399679999595,0.0,20.905,5034.375,0.0
3.8724,25.815886293332824,0.0,20.905,5034.375,0.0
3.8778,25.852205866666132,0.0,21.513,5105.83,0.0
3.8852,25.90104661333271,0.0,21.513,5105.83,0.0
3.8903,25.93562474666669,0.0,21.513,5105.83,0.0
3.8955,25.970060799999523,0.0,21.513,5105.83,0.0
3.9007,26.004573866666,0.0,21.599,5178.428,0.0
3.9092,26.061287679999623,0.0,21.599,5178.428,0.0
3.9143,26.09556351999951,0.0,21.599,5178.428,0.0
3.9195,26.129862186666436,0.0,21.599,5178.428,0.0
3.9246,26.164319573332854,0.0,21.063,5251.113,0.0
3.9341,26.22702997333287,0.0,21.063,5251.113,0.0
3.9392,26.26139903999956,0.0,21.063,5251.113,0.0
3.9446,26.29735850666672,0.0,21.063,5251.113,0.0
3.9497,26.33116565333315,0.0,21.758,5320.986,0.0
3.9560,26.3734163199994,0.0,21.758,5320.986,0.0
3.9611,26.407208319999427,0.0,21.758,5320.986,0.0
3.9661,26.44099050666606,0.0,22.2,5384.707,0.0
3.9760,26.50681685333287,0.0,22.2,5384.707,0.0
3.9811,26.54072448000003,0.0,22.2,5384.707,0.0
3.9862,26.574531839999814,0.0,22.2,5384.707,0.0
3.9912,26.6081557333329,0.0,22.589,5452.998,0.0
3.9970,26.646740693333108,0.0,22.589,5452.998,0.0
4.0021,26.680512853333006,0.0,22.589,5452.998,0.0
4.0086,26.724281599999813,0.0,22.589,5452.998,0.0
4.0139,26.759643519999372,0.0,22.541,5524.805,0.0
4.0200,26.80032042666653,0.0,22.541,5524.805,0.0
4.0251,26.834219519999657,0.0,22.541,5524.805,0.0
4.0304,26.869221333333066,0.0,22.239,5587.031,0.0
4.0400,26.93354815999934,0.0,22.239,5587.031,0.0
4.0451,26.967355093333175,0.0,22.239,5587.031,0.0
4.0502,27.001129173333233,0.0,22.239,5587.031,0.0
4.0552,27.034792746666575,0.0,23.056,5671.055,0.0
4.0650,27.100063786666247,0.0,23.056,5671.055,0.0
4.0701,27.133842560000026,0.0,23.056,5671.055,0.0
4.0751,27.167610453332905,0.0,23.056,5671.055,0.0
4.0804,27.20284842666615,0.0,22.762,5742.686,0.0
4.0880,27.253444906666573,0.0,22.762,5742.686,0.0
4.0931,27.28722303999954,0.0,22.762,5742.686,0.0
4.0981,27.320986453332807,0.0,22.762,5742.686,0.0
4.1032,27.354785066666714,0.0,23.493,5825.303,0.0
4.1120,27.413378346666377,0.0,23.493,5825.303,0.0
4.1171,27.447156266665992,0.0,23.493,5825.303,0.0
4.1221,27.480925013333035,0.0,23.493,5825.303,0.0
4.1272,27.5146879999996,0.0,23.655,5907.832,0.0
4.1370,27.5800733866663,0.0,23.655,5907.832,0.0
4.1421,27.61384191999999,0.0,23.655,5907.832,0.0
4.1473,27.648944853332672,0.0,23.655,5907.832,0.0
4.1524,27.682717226666682,0.0,23.498,5980.781,0.0
4.1590,27.72670975999972,0.0,23.498,5980.781,0.0
4.1641,27.760479359999408,0.0,23.498,5980.781,0.0
4.1691,27.794248959999855,0.0,23.498,5980.781,0.0
4.1742,27.828007466666044,0.0,24.14,6064.629,0.0
4.1831,27.887163519999376,0.0,24.14,6064.629,0.0
4.1881,27.920938026666136,0.0,24.14,6064.629,0.0
4.1932,27.954701013332702,0.0,24.14,6064.629,0.0
4.1983,27.98868479999934,0.0,24.264,6136.699,0.0
4.2041,28.027501226666423,0.0,24.264,6136.699,0.0
4.2122,28.081317119999767,0.0,24.264,6136.699,0.0
4.2174,28.115671893332696,0.0,24.542,6213.691,0.0
4.2261,28.174206293332794,0.0,24.542,6213.691,0.0
4.2313,28.208379306666608,0.0,24.542,6213.691,0.0
4.2364,28.242706346666182,0.0,24.542,6213.691,0.0
4.2415,28.276972373332683,0.0,24.408,6295.254,0.0
4.2501,28.334246826666458,0.0,24.408,6295.254,0.0
4.2553,28.368397653333282,0.0,24.408,6295.254,0.0
4.2604,28.40275669333323,0.0,24.408,6295.254,0.0
4.2656,28.437155199999324,0.0,24.393,6367.5,0.0
4.2712,28.47472170666606,0.0,24.393,6367.5,0.0
4.2764,28.509205759999837,0.0,24.393,6367.5,0.0
4.2818,28.54521301333307,0.0,24.393,6367.5,0.0
4.2869,28.579422933332808,0.0,24.496,6442.91,0.0
4.2931,28.620646399999714,0.0,24.496,6442.91,0.0
4.2982,28.654735573333404,0.0,24.496,6442.91,0.0
4.3033,28.68884927999943,0.0,24.496,6442.91,0.0
4.3100,28.733099733333347,0.0,25.868,6535.986,0.0
4.3171,28.780576426666663,0.0,25.868,6535.986,0.0
4.3222,28.81450730666605,0.0,25.868,6535.986,0.0
4.3272,28.848122453333268,0.0,25.868,6535.986,0.0
4.3323,28.88189546666657,0.0,26.207,6613.154,0.0
4.3381,28.920455039999524,0.0,26.207,6613.154,0.0
4.3431,28.954264746666162,0.0,26.207,6613.154,0.0
4.3484,28.9895528533331,0.0,26.207,6613.154,0.0
4.3535,29.023339093333412,0.0,26.383,6695.596,0.0
4.3600,29.066742826666236,0.0,26.383,6695.596,0.0
4.3651,29.100521173333313,0.0,26.383,6695.596,0.0
4.3701,29.134287146666033,0.0,25.849,6765.996,0.0
4.3800,29.200040533332867,0.0,25.849,6765.996,0.0
4.3851,29.23381397333287,0.0,25.849,6765.996,0.0
4.3901,29.267577813332842,0.0,25.849,6765.996,0.0
4.3952,29.30134442666637,0.0,26.842,6865.049,0.0
4.4031,29.353726719999337,0.0,26.842,6865.049,0.0
4.4097,29.398140373333113,0.0,26.842,6865.049,0.0
4.4150,29.433248213332867,0.0,26.842,6865.049,0.0
4.4201,29.467020799999467,0.0,27.527,6951.797,0.0
4.4270,29.513355306666348,0.0,27.527,6951.797,0.0
4.4321,29.547125546666088,0.0,27.527,6951.797,0.0
4.4371,29.58088768000001,0.0,27.527,6951.797,0.0
4.4422,29.614647039999603,0.0,27.2,7041.357,0.0
4.4510,29.673367893333307,0.0,27.2,7041.357,0.0
4.4561,29.70713493333278,0.0,27.2,7041.357,0.0
4.4611,29.74089578666659,0.0,27.2,7041.357,0.0
4.4662,29.77465258666674,0.0,26.795,7119.316,0.0
4.4720,29.813364693332765,0.0,26.795,7119.316,0.0
4.4771,29.847136426666715,0.0,26.795,7119.316,0.0
4.4823,29.882221226666083,0.0,26.795,7119.316,0.0
4.4874,29.915991466666583,0.0,26.828,7203.252,0.0
4.4927,29.95165674666623,0.0,26.828,7203.252,0.0
4.4979,29.98627306666625,0.0,26.828,7203.252,0.0
4.5030,30.02004245333334,0.0,26.925,7278.926,0.0
4.5141,30.093767679999623,0.0,26.925,7278.926,0.0
4.5192,30.127752959999725,0.0,26.925,7278.926,0.0
4.5243,30.161985066666453,0.0,26.925,7278.926,0.0
4.5294,30.19583957333301,0.0,26.723,7371.738,0.0
4.5371,30.24725695999981,0.0,26.723,7371.738,0.0
4.5423,30.28191765333304,0.0,26.723,7371.738,0.0
4.5476,30.3170254933328,0.0,26.723,7371.738,0.0
4.5526,30.350797226665996,0.0,26.807,7455.498,0.0
4.5610,30.40672703999993,0.0,26.807,7455.498,0.0
4.5661,30.44049727999967,0.0,26.807,7455.498,0.0
4.5711,30.47425834666607,0.0,26.807,7455.498,0.0
4.5762,30.508023039999443,0.0,26.674,7545.234,0.0
4.5831,30.553733119999528,0.0,26.674,7545.234,0.0
4.5883,30.588352853333163,0.0,26.674,7545.234,0.0
4.5933,30.622121599999446,0.0,26.674,7545.234,0.0
4.5984,30.65595306666637,0.0,26.674,7545.234,0.0
4.6035,30.68971690666634,0.0,28.413,7646.484,0.0
4.6104,30.73589930666609,0.0,28.413,7646.484,0.0
4.6157,30.771032746666457,0.0,28.413,7646.484,0.0
4.6207,30.804836053333325,0.0,28.403,7728.574,0.0
4.6300,30.866764373333048,0.0,28.403,7728.574,0.0
4.6351,30.9006175999995,0.0,28.403,7728.574,0.0
4.6402,30.93442538666674,0.0,28.403,7728.574,0.0
4.6452,30.968194559999723,0.0,28.346,7825.43,0.0
4.6521,31.01379221333294,0.0,28.346,7825.43,0.0
4.6573,31.048443519999488,0.0,28.346,7825.43,0.0
4.6623,31.08221653333279,0.0,28.346,7825.43,0.0
4.6674,31.1159773866666,0.0,29.628,7926.328,0.0
4.6751,31.167069653333023,0.0,29.628,7926.328,0.0
4.6810,31.206750079999587,0.0,29.628,7926.328,0.0
4.6861,31.240526719999856,0.0,29.628,7926.328,0.0
4.6911,31.274288213332966,0.0,30.487,8017.471,0.0
4.6965,31.310043306666557,0.0,30.487,8017.471,0.0
4.7017,31.344663039999432,0.0,30.487,8017.471,0.0
4.7082,31.388123093333128,0.0,30.487,8017.471,0.0
4.7133,31.4219677866663,0.0,29.823,8115.293,0.0
4.7201,31.46709866666621,0.0,29.823,8115.293,0.0
4.7253,31.501751893332916,0.0,29.823,8115.293,0.0
4.7303,31.53551850666645,0.0,29.823,8115.293,0.0
4.7354,31.56927999999956,0.0,28.843,8202.041,0.0
4.7421,31.613757439999972,0.0,28.843,8202.041,0.0
4.7480,31.653348906665997,0.0,28.843,8202.041,0.0
4.7531,31.687117013332987,0.0,28.843,8202.041,0.0
4.7581,31.720879146666142,0.0,29.382,8291.689,0.0
4.7635,31.756538666666074,0.0,29.382,8291.689,0.0
4.7687,31.79115434666604,0.0,29.382,8291.689,0.0
4.7737,31.824925013333235,0.0,29.382,8291.689,0.0
4.7788,31.858684373332835,0.0,29.921,8377.207,0.0
4.7850,31.90006805333269,0.0,29.921,8377.207,0.0
4.7901,31.93383615999968,0.0,29.921,8377.207,0.0
4.7951,31.967593813333224,0.0,29.921,8377.207,0.0
4.8002,32.001358079999896,0.0,29.476,8461.934,0.0
4.8071,32.04726677333307,0.0,29.476,8461.934,0.0
4.8122,32.081037866666215,0.0,29.476,8461.934,0.0
4.8174,32.11616490666605,0.0,29.476,8461.934,0.0
4.8225,32.14993493333319,0.0,29.502,8553.955,0.0
4.8280,32.18671615999938,0.0,29.502,8553.955,0.0
4.8331,32.22048832000004,0.0,29.502,8553.955,0.0
4.8381,32.25425002666649,0.0,29.502,8553.955,0.0
4.8432,32.288008319999335,0.0,29.898,8656.084,0.0
4.8501,32.333752746666654,0.0,29.898,8656.084,0.0
4.8552,32.36812671999966,0.0,29.898,8656.084,0.0
4.8603,32.40189887999956,0.0,29.898,8656.084,0.0
4.8653,32.43565610666641,0.0,30.341,8750.83,0.0
4.8721,32.480411093332954,0.0,30.341,8750.83,0.0
4.8773,32.515034239999444,0.0,30.341,8750.83,0.0
4.8825,32.55014357333266,0.0,30.341,8750.83,0.0
4.8876,32.583910399999546,0.0,30.213,8842.852,0.0
4.8941,32.62709290666635,0.0,30.213,8842.852,0.0
4.8992,32.66145728000007,0.0,30.213,8842.852,0.0
4.9043,32.69529045333305,0.0,30.213,8842.852,0.0
4.9193,32.79509482666602,0.0,30.123,8927.227,0.0
4.9249,32.83284650666625,0.0,30.123,8927.227,0.0
4.9301,32.86728191999979,0.0,30.17,9013.447,0.0
4.9361,32.90741994666632,0.0,30.17,9013.447,0.0
4.9413,32.941893546666655,0.0,30.17,9013.447,0.0
4.9464,32.9762762666663,0.0,30.17,9013.447,0.0
4.9519,33.012432213333035,0.0,30.732,9114.17,0.0
4.9574,33.04917290666632,0.0,30.732,9114.17,0.0
4.9627,33.084957226666724,0.0,30.732,9114.17,0.0
4.9679,33.11935893333308,0.0,30.732,9114.17,0.0
4.9731,33.15371839999974,0.0,30.656,9199.688,0.0
4.9791,33.19415679999944,0.0,30.656,9199.688,0.0
4.9843,33.22851925333301,0.0,30.656,9199.688,0.0
4.9894,33.26282026666604,0.0,30.656,9199.688,0.0
4.9946,33.29724437333274,0.0,29.621,9295.928,0.0
5.0012,33.341586559999996,0.0,29.621,9295.928,0.0
5.0082,33.38768298666613,0.0,29.621,9295.928,0.0
5.0135,33.42363157333315,0.0,29.621,9295.928,0.0
5.0190,33.46021930666666,0.0,31.228,9404.473,0.0
5.0248,33.4985484799995,0.0,31.228,9404.473,0.0
5.0301,33.53389461333336,0.0,31.228,9404.473,0.0
5.0352,33.56783679999959,0.0,31.228,9404.473,0.0
5.0402,33.601639039999704,0.0,31.652,9511.699,0.0
5.0481,33.65396757333277,0.0,31.652,9511.699,0.0
5.0533,33.68872170666615,0.0,31.652,9511.699,0.0
5.0584,33.72253695999992,0.0,31.652,9511.699,0.0
5.0634,33.756314879999536,0.0,31.652,9511.699,0.0
5.0685,33.79008959999965,0.0,31.468,9616.992,0.0
5.0740,33.82681429333312,0.0,31.468,9616.992,0.0
5.0791,33.86060245333283,0.0,31.468,9616.992,0.0
5.0844,33.89587754666612,0.0,31.468,9616.992,0.0
5.0895,33.92971285333336,0.0,32.4,9721.23,0.0
5.0949,33.96572949333328,0.0,32.4,9721.23,0.0
5.1001,34.000640000000054,0.0,32.4,9721.23,0.0
5.1067,34.044398293332655,0.0,32.4,9721.23,0.0
5.1117,34.07822101333295,0.0,33.711,9838.301,0.0
5.1181,34.12072746666657,0.0,33.711,9838.301,0.0
5.1233,34.15542101333282,0.0,33.711,9838.301,0.0
5.1284,34.18921621333311,0.0,33.711,9838.301,0.0
5.1334,34.22299711999964,0.0,32.036,9930.059,0.0
5.1401,34.2670862933331,0.0,32.036,9930.059,0.0
5.1453,34.30178986666609,0.0,32.036,9930.059,0.0
5.1511,34.340380799999366,0.0,32.036,9930.059,0.0
5.1561,34.374164053332755,0.0,32.387,10035.264,0.0
5.1640,34.426822613333265,0.0,32.387,10035.264,0.0
5.1691,34.46061631999934,0.0,32.387,10035.264,0.0
5.1742,34.494416853333405,0.0,32.387,10035.264,0.0
5.1792,34.528145279999386,0.0,33.808,10153.125,0.0
5.1880,34.586759466666685,0.0,33.808,10153.125,0.0
5.1931,34.62064789333302,0.0,33.808,10153.125,0.0
5.1982,34.654581546666726,0.0,33.808,10153.125,0.0
5.2032,34.688173439999446,0.0,31.913,10243.389,0.0
5.2102,34.73466474666642,0.0,31.913,10243.389,0.0
5.2153,34.768482773332984,0.0,31.913,10243.389,0.0
5.2206,34.80368127999933,0.0,31.913,10243.389,0.0
5.2256,34.83746026666646,0.0,31.618,10342.793,0.0
5.2320,34.88011093333322,0.0,31.618,10342.793,0.0
5.2371,34.913880106666205,0.0,31.618,10342.793,0.0
5.2421,34.947652266666104,0.0,31.618,10342.793,0.0
5.2472,34.98147071999938,0.0,33.412,10462.588,0.0
5.2560,35.04011562666619,0.0,33.412,10462.588,0.0
5.2611,35.073886293333395,0.0,33.412,10462.588,0.0
5.2661,35.10765098666601,0.0,33.412,10462.588,0.0
5.2712,35.14153087999981,0.0,34.05,10581.768,0.0
5.2811,35.207006719999754,0.0,34.05,10581.768,0.0
5.2863,35.24210709333298,0.0,34.05,10581.768,0.0
5.2914,35.27587498666662,0.0,34.05,10581.768,0.0
5.2964,35.30963349333282,0.0,33.729,10681.436,0.0
5.3020,35.34678122666643,0.0,33.729,10681.436,0.0
5.3085,35.39019733333286,0.0,33.729,10681.436,0.0
5.3136,35.42396458666644,0.0,33.729,10681.436,0.0
5.3187,35.45772117333323,0.0,35.212,10806.592,0.0
5.3260,35.50672960000005,0.0,35.212,10806.592,0.0
5.3311,35.54050005333314,0.0,35.212,10806.592,0.0
5.3361,35.57430847999967,0.0,35.212,10806.592,0.0
5.3412,35.608068053333376,0.0,34.962,10915.84,0.0
5.3490,35.660068693333265,0.0,34.962,10915.84,0.0
5.3543,35.69514815999961,0.0,34.962,10915.84,0.0
5.3593,35.7289154133332,0.0,34.962,10915.84,0.0
5.3644,35.76267327999934,0.0,34.035,11014.189,0.0
5.3700,35.80005504000004,0.0,34.035,11014.189,0.0
5.3751,35.833822079999514,0.0,34.035,11014.189,0.0
5.3801,35.8675906133332,0.0,34.035,11014.189,0.0
5.3852,35.9013503999995,0.0,34.003,11130.381,0.0
5.3940,35.96010538666633,0.0,34.003,11130.381,0.0
5.3991,35.99387626666612,0.0,34.003,11130.381,0.0
5.4041,36.02763754666663,0.0,34.003,11130.381,0.0
5.4106,36.07094229333294,0.0,34.958,11240.42,0.0
5.4161,36.10746880000003,0.0,34.958,11240.42,0.0
5.4214,36.142607786666,0.0,34.958,11240.42,0.0
5.4265,36.176379733333306,0.0,34.958,11240.42,0.0
5.4315,36.2101378133328,0.0,34.112,11338.242,0.0
5.4370,36.24678570666674,0.0,34.112,11338.242,0.0
5.4421,36.280549973333414,0.0,34.112,11338.242,0.0
5.4471,36.31431253333327,0.0,34.112,11338.242,0.0
5.4522,36.34807338666633,0.0,35.212,11461.816,0.0
5.4610,36.40672703999977,0.0,35.212,11461.816,0.0
5.4661,36.44052949333324,0.0,35.212,11461.816,0.0
5.4711,36.47429333333321,0.0,35.212,11461.816,0.0
5.4762,36.50805162666605,0.0,36.25,11577.305,0.0
5.4830,36.55337002666632,0.0,36.25,11577.305,0.0
5.4883,36.58844181333279,0.0,36.25,11577.305,0.0
5.4933,36.62222463999948,0.0,36.25,11577.305,0.0
5.4984,36.6559867733334,0.0,35.916,11680.4,0.0
5.5040,36.69339648000005,0.0,35.916,11680.4,0.0
5.5106,36.73701802666604,0.0,35.916,11680.4,0.0
5.5156,36.77094314666647,0.0,35.916,11680.4,0.0
5.5208,36.80502463999952,0.0,35.339,11798.701,0.0
5.5281,36.85369834666668,0.0,35.339,11798.701,0.0
5.5331,36.887491839999406,0.0,35.339,11798.701,0.0
5.5382,36.92126015999975,0.0,35.339,11798.701,0.0
5.5432,36.95499498666626,0.0,36.509,11921.133,0.0
5.5510,37.00684202666631,0.0,36.509,11921.133,0.0
5.5563,37.04212586666623,0.0,36.509,11921.133,0.0
5.5614,37.0759940266665,0.0,36.509,11921.133,0.0
5.5665,37.110046719999445,0.0,35.941,12023.086,0.0
5.5721,37.147298773333354,0.0,35.941,12023.086,0.0
5.5772,37.18126485333338,0.0,35.941,12023.086,0.0
5.5823,37.21507071999971,0.0,35.723,12123.369,0.0
5.5920,37.28007658666608,0.0,35.723,12123.369,0.0
5.5971,37.31387029333291,0.0,35.723,12123.369,0.0
5.6021,37.347641386666055,0.0,36.018,12231.563,0.0
5.6130,37.420133120000024,0.0,36.018,12231.563,0.0
5.6181,37.453910399999586,0.0,36.018,12231.563,0.0
5.6234,37.48902335999977,0.0,36.018,12231.563,0.0
5.6284,37.52279765333318,0.0,36.296,12343.799,0.0
5.6350,37.56672127999991,0.0,36.296,12343.799,0.0
5.6401,37.60049407999986,0.0,36.296,12343.799,0.0
5.6451,37.634256426666376,0.0,36.296,12343.799,0.0
5.6502,37.66802047999969,0.0,36.024,12464.824,0.0
5.6590,37.72669183999975,0.0,36.024,12464.824,0.0
5.6641,37.76046805333332,0.0,36.024,12464.824,0.0
5.6691,37.794239786666516,0.0,36.024,12464.824,0.0
5.6742,37.82799935999947,0.0,36.813,12577.148,0.0
5.6800,37.86672341333315,0.0,36.813,12577.148,0.0
5.6851,37.90049407999959,0.0,36.813,12577.148,0.0
5.6903,37.935580586666525,0.0,36.813,12577.148,0.0
5.6954,37.96938261333329,0.0,37.525,12694.307,0.0
5.7020,38.01337599999973,0.0,37.525,12694.307,0.0
5.7085,38.056663893332825,0.0,37.525,12694.307,0.0
5.7136,38.09043605333272,0.0,37.525,12694.307,0.0
5.7186,38.124197333333235,0.0,37.096,12817.881,0.0
5.7260,38.17337984000005,0.0,37.096,12817.881,0.0
5.7311,38.20714709333288,0.0,37.096,12817.881,0.0
5.7361,38.24091541333322,0.0,37.096,12817.881,0.0
5.7412,38.27467605333292,0.0,37.406,12930.117,0.0
5.7470,38.31340735999978,0.0,37.406,12930.117,0.0
5.7521,38.3472132266661,0.0,37.406,12930.117,0.0
5.7573,38.38229589333272,0.0,37.406,12930.117,0.0
5.7624,38.416067199999965,0.0,37.982,13049.121,0.0
5.7690,38.4600428799998,0.0,37.982,13049.121,0.0
5.7741,38.49384981333287,0.0,37.982,13049.121,0.0
5.7792,38.527711786666714,0.0,37.982,13049.121,0.0
5.7842,38.56154367999958,0.0,37.221,13171.553,0.0
5.7930,38.62006570666608,0.0,37.221,13171.553,0.0
5.7981,38.65385237333309,0.0,37.221,13171.553,0.0
5.8031,38.687615359999654,0.0,37.221,13171.553,0.0
5.8096,38.73089855999979,0.0,38.002,13293.721,0.0
5.8151,38.76741994666645,0.0,38.002,13293.721,0.0
5.8202,38.801191893333,0.0,38.002,13293.721,0.0
5.8254,38.836260479999964,0.0,38.002,13293.721,0.0
5.8305,38.87003135999976,0.0,38.639,13414.043,0.0
5.8370,38.913424853333254,0.0,38.639,13414.043,0.0
5.8421,38.9471963733331,0.0,38.639,13414.043,0.0
5.8471,38.98095551999935,0.0,38.639,13414.043,0.0
5.8522,39.01471167999944,0.0,37.97,13539.551,0.0
5.8610,39.07337919999994,0.0,37.97,13539.551,0.0
5.8661,39.10714858666628,0.0,37.97,13539.551,0.0
5.8711,39.140907093333226,0.0,37.97,13539.551,0.0
5.8762,39.17466453333267,0.0,38.881,13659.434,0.0
5.8820,39.21338453333268,0.0,38.881,13659.434,0.0
5.8871,39.24715199999961,0.0,38.881,13659.434,0.0
5.8924,39.28234730666645,0.0,38.881,13659.434,0.0
5.8974,39.31611647999944,0.0,38.989,13777.822,0.0
5.9040,39.36004672000005,0.0,38.989,13777.822,0.0
5.9105,39.40320917333338,0.0,38.989,13777.822,0.0
5.9155,39.43697344000005,0.0,38.709,13886.543,0.0
5.9240,39.49338325333277,0.0,38.709,13886.543,0.0
5.9291,39.52715199999981,0.0,38.709,13886.543,0.0
5.9341,39.560908159999904,0.0,38.709,13886.543,0.0
5.9392,39.594662399999834,0.0,38.805,14023.477,0.0
5.9471,39.64705535999959,0.0,38.805,14023.477,0.0
5.9523,39.6816680533334,0.0,38.805,14023.477,0.0
5.9580,39.71990506666619,0.0,38.805,14023.477,0.0
5.9631,39.753675306666686,0.0,38.897,14144.15,0.0
5.9710,39.806714239999415,0.0,38.897,14144.15,0.0
5.9761,39.8404819199997,0.0,38.897,14144.15,0.0
5.9811,39.87428266666635,0.0,38.897,14144.15,0.0
5.9862,39.90804160000001,0.0,39.165,14277.744,0.0
5.9950,39.966860586666066,0.0,39.165,14277.744,0.0
0.0000,40.0,0.0,39.165,14277.744,0.0
0.0065,40.0,0.0,39.044,14391.563,0.0
0.0139,40.0,0.0,39.044,14391.563,0.0
0.0191,40.0,0.0,39.044,14391.563,0.0
0.0244,40.0,0.0,39.044,14391.563,0.0
0.0295,40.0,0.0,39.767,14519.092,0.0
0.0359,40.0,0.0,39.767,14519.092,0.0
0.0412,40.0,0.0,39.767,14519.092,0.0
0.0463,40.0,0.0,39.767,14519.092,0.0
0.0513,40.0,0.0,39.767,14519.092,0.0
0.0564,40.0,0.0,39.878,14651.982,0.0
0.0619,40.0,0.0,39.878,14651.982,0.0
0.0669,40.0,0.0,39.878,14651.982,0.0
0.0720,40.0,0.0,39.878,14651.982,0.0
0.0771,40.0,0.0,39.508,14785.225,0.0
0.0839,40.0,0.0,39.508,14785.225,0.0
0.0899,40.0,0.0,39.508,14785.225,0.0
0.0950,40.0,0.0,39.508,14785.225,0.0
0.1000,40.0,0.0,39.725,14902.559,0.0
0.1069,40.0,0.0,39.725,14902.559,0.0
0.1120,40.0,0.0,39.725,14902.559,0.0
0.1171,40.0,0.0,39.725,14902.559,0.0
0.1221,40.0,0.0,39.206,15034.219,0.0
0.1309,40.0,0.0,39.206,15034.219,0.0
0.1360,40.0,0.0,39.206,15034.219,0.0
0.1411,40.0,0.0,39.206,15034.219,0.0
0.1461,40.0,0.0,39.578,15163.33,0.0
0.1519,40.0,0.0,39.578,15163.33,0.0
0.1579,40.0,0.0,39.578,15163.33,0.0
0.1629,40.0,0.0,39.578,15163.33,0.0
0.1680,40.0,0.0,39.729,15280.049,0.0
0.1733,40.0,0.0,39.729,15280.049,0.0
0.1785,40.0,0.0,39.729,15280.049,0.0
0.1836,40.0,0.0,39.729,15280.049,0.0
0.1887,40.0,0.0,39.286,15389.561,0.0
0.1949,40.0,0.0,39.286,15389.561,0.0
0.1999,40.0,0.0,39.286,15389.561,0.0
0.2050,40.0,0.0,39.748,15508.74,0.0
0.2139,40.0,0.0,39.748,15508.74,0.0
0.2191,40.0,0.0,39.748,15508.74,0.0
0.2249,40.0,0.0,39.748,15508.74,0.0
0.2299,40.0,0.0,39.164,15628.184,0.0
0.2359,40.0,0.0,39.164,15628.184,0.0
0.2411,40.0,0.0,39.164,15628.184,0.0
0.2462,40.0,0.0,39.164,15628.184,0.0
0.2513,40.0,0.0,39.164,15628.184,0.0
0.2563,40.0,0.0,39.255,15760.459,0.0
0.2619,40.0,0.0,39.255,15760.459,0.0
0.2669,40.0,0.0,39.255,15760.459,0.0
0.2720,40.0,0.0,39.415,15872.607,0.0
0.2799,40.0,0.0,39.415,15872.607,0.0
0.2851,40.0,0.0,39.415,15872.607,0.0
0.2909,40.0,0.0,39.415,15872.607,0.0
0.2960,40.0,0.0,39.405,15994.688,0.0
0.3019,40.0,0.0,39.405,15994.688,0.0
0.3086,40.0,0.0,39.405,15994.688,0.0
0.3136,40.0,0.0,39.405,15994.688,0.0
0.3187,40.0,0.0,39.111,16102.881,0.0
0.3242,40.0,0.0,39.111,16102.881,0.0
0.3293,40.0,0.0,39.111,16102.881,0.0
0.3343,40.0,0.0,39.111,16102.881,0.0
0.3394,40.0,0.0,39.489,16221.621,0.0
0.3449,40.0,0.0,39.489,16221.621,0.0
0.3500,40.0,0.0,39.489,16221.621,0.0
0.3550,40.0,0.0,39.489,16221.621,0.0
0.3603,40.0,0.0,40.289,16353.984,0.0
0.3659,40.0,0.0,40.289,16353.984,0.0
0.3711,40.0,0.0,40.289,16353.984,0.0
0.3762,40.0,0.0,40.289,16353.984,0.0
0.3813,40.0,0.0,40.289,16353.984,0.0
0.3864,40.0,0.0,38.044,16473.428,0.0
0.3919,40.0,0.0,38.044,16473.428,0.0
0.3970,40.0,0.0,38.044,16473.428,0.0
0.4020,40.0,0.0,38.044,16473.428,0.0
0.4085,40.0,0.0,39.433,16619.854,0.0
0.4149,40.0,0.0,39.433,16619.854,0.0
0.4201,40.0,0.0,39.433,16619.854,0.0
0.4254,40.0,0.0,39.433,16619.854,0.0
0.4304,40.0,0.0,39.825,16741.143,0.0
0.4369,40.0,0.0,39.825,16741.143,0.0
0.4421,40.0,0.0,39.825,16741.143,0.0
0.4472,40.0,0.0,39.825,16741.143,0.0
0.4523,40.0,0.0,39.825,16741.143,0.0
0.4573,40.0,0.0,39.259,16872.979,0.0
0.4629,40.0,0.0,39.259,16872.979,0.0
0.4679,40.0,0.0,39.259,16872.979,0.0
0.4730,40.0,0.0,39.259,16872.979,0.0
0.4781,40.0,0.0,40.315,16995.674,0.0
0.4839,40.0,0.0,40.315,16995.674,0.0
0.4889,40.0,0.0,40.315,16995.674,0.0
0.4942,40.0,0.0,40.315,16995.674,0.0
0.4993,40.0,0.0,39.519,17113.623,0.0
0.5046,40.0,0.0,39.519,17113.623,0.0
0.5113,40.0,0.0,39.519,17113.623,0.0
0.5164,40.0,0.0,39.519,17113.623,0.0
0.5215,40.0,0.0,39.836,17250.908,0.0
0.5280,40.0,0.0,39.836,17250.908,0.0
0.5332,40.0,0.0,39.836,17250.908,0.0
0.5382,40.0,0.0,39.836,17250.908,0.0
0.5433,40.0,0.0,40.041,17367.891,0.0
0.5489,40.0,0.0,40.041,17367.891,0.0
0.5541,40.0,0.0,40.041,17367.891,0.0
0.5594,40.0,0.0,40.041,17367.891,0.0
0.5645,40.0,0.0,39.348,17486.631,0.0
0.5709,40.0,0.0,39.348,17486.631,0.0
0.5761,40.0,0.0,39.348,17486.631,0.0
0.5813,40.0,0.0,39.348,17486.631,0.0
0.5863,40.0,0.0,39.348,17486.631,0.0
0.5914,40.0,0.0,39.55,17622.773,0.0
0.5969,40.0,0.0,39.55,17622.773,0.0
0.6020,40.0,0.0,39.55,17622.773,0.0
0.6085,40.0,0.0,40.221,17742.568,0.0
0.6159,40.0,0.0,40.221,17742.568,0.0
0.6212,40.0,0.0,40.221,17742.568,0.0
0.6270,40.0,0.0,40.221,17742.568,0.0
0.6320,40.0,0.0,39.166,17859.111,0.0
0.6379,40.0,0.0,39.166,17859.111,0.0
0.6432,40.0,0.0,39.166,17859.111,0.0
0.6483,40.0,0.0,39.166,17859.111,0.0
0.6533,40.0,0.0,39.257,17971.875,0.0
0.6587,40.0,0.0,39.257,17971.875,0.0
0.6639,40.0,0.0,39.257,17971.875,0.0
0.6690,40.0,0.0,39.257,17971.875,0.0
0.6741,40.0,0.0,40.105,18092.988,0.0
0.6795,40.0,0.0,40.105,18092.988,0.0
0.6847,40.0,0.0,40.105,18092.988,0.0
0.6898,40.0,0.0,40.105,18092.988,0.0
0.6951,40.0,0.0,39.402,18215.508,0.0
0.7019,40.0,0.0,39.402,18215.508,0.0
0.7086,40.0,0.0,39.402,18215.508,0.0
0.7136,40.0,0.0,39.402,18215.508,0.0
0.7187,40.0,0.0,39.235,18349.805,0.0
0.7259,40.0,0.0,39.235,18349.805,0.0
0.7311,40.0,0.0,39.235,18349.805,0.0
0.7362,40.0,0.0,39.235,18349.805,0.0
0.7412,40.0,0.0,39.235,18349.805,0.0
0.7463,40.0,0.0,39.808,18491.045,0.0
0.7517,40.0,0.0,39.808,18491.045,0.0
0.7568,40.0,0.0,39.808,18491.045,0.0
0.7621,40.0,0.0,39.808,18491.045,0.0
0.7672,40.0,0.0,39.079,18608.906,0.0
0.7729,40.0,0.0,39.079,18608.906,0.0
0.7781,40.0,0.0,39.079,18608.906,0.0
0.7832,40.0,0.0,39.079,18608.906,0.0
0.7883,40.0,0.0,39.255,18720.264,0.0
0.7936,40.0,0.0,39.255,18720.264,0.0
0.7988,40.0,0.0,39.255,18720.264,0.0
0.8039,40.0,0.0,39.255,18720.264,0.0
0.8104,40.0,0.0,38.984,18845.332,0.0
0.8179,40.0,0.0,38.984,18845.332,0.0
0.8230,40.0,0.0,38.984,18845.332,0.0
0.8283,40.0,0.0,38.984,18845.332,0.0
0.8334,40.0,0.0,38.448,18963.193,0.0
0.8388,40.0,0.0,38.448,18963.193,0.0
0.8440,40.0,0.0,38.448,18963.193,0.0
0.8491,40.0,0.0,38.448,18963.193,0.0
0.8542,40.0,0.0,40.416,19107.422,0.0
0.8619,40.0,0.0,40.416,19107.422,0.0
0.8672,40.0,0.0,40.416,19107.422,0.0
0.8723,40.0,0.0,40.416,19107.422,0.0
0.8773,40.0,0.0,39.886,19225.811,0.0
0.8859,40.0,0.0,39.886,19225.811,0.0
0.8909,40.0,0.0,39.886,19225.811,0.0
0.8962,40.0,0.0,39.886,19225.811,0.0
0.9013,40.0,0.0,38.471,19341.563,0.0
0.9083,40.0,0.0,38.471,19341.563,0.0
0.9134,40.0,0.0,38.471,19341.563,0.0
0.9184,40.0,0.0,39.83,19460.303,0.0
0.9259,40.0,0.0,39.83,19460.303,0.0
0.9311,40.0,0.0,39.83,19460.303,0.0
0.9362,40.0,0.0,39.83,19460.303,0.0
0.9412,40.0,0.0,39.83,19460.303,0.0
0.9463,40.0,0.0,39.769,19597.588,0.0
0.9516,40.0,0.0,39.769,19597.588,0.0
0.9568,40.0,0.0,39.769,19597.588,0.0
0.9621,40.0,0.0,39.769,19597.588,0.0
0.9672,40.0,0.0,38.968,19716.943,0.0
0.9729,40.0,0.0,38.968,19716.943,0.0
0.9781,40.0,0.0,38.968,19716.943,0.0
0.9832,40.0,0.0,38.968,19716.943,0.0
0.9882,40.0,0.0,38.968,19716.943,0.0
0.9933,40.0,0.0,39.818,19854.844,0.0
0.9989,40.0,0.0,39.818,19854.844,0.0
1.0039,40.0,0.0,39.818,19854.844,0.0
1.0105,40.0,0.0,39.818,19854.844,0.0
1.0156,40.0,0.0,39.672,19975.078,0.0
1.0211,40.0,0.0,39.672,19975.078,0.0
1.0262,40.0,0.0,39.672,19975.078,0.0
1.0315,40.0,0.0,39.672,19975.078,0.0
1.0365,40.0,0.0,38.897,20094.434,0.0
1.0429,40.0,0.0,38.897,20094.434,0.0
1.0479,40.0,0.0,38.897,20094.434,0.0
1.0530,40.0,0.0,38.897,20094.434,0.0
1.0581,40.0,0.0,39.669,20230.664,0.0
1.0649,40.0,0.0,39.669,20230.664,0.0
1.0701,40.0,0.0,39.669,20230.664,0.0
1.0752,40.0,0.0,39.669,20230.664,0.0
1.0803,40.0,0.0,38.965,20342.109,0.0
1.0859,40.0,0.0,38.965,20342.109,0.0
1.0911,40.0,0.0,38.965,20342.109,0.0
1.0964,40.0,0.0,38.965,20342.109,0.0
1.1015,40.0,0.0,39.105,20464.893,0.0
1.1099,40.0,0.0,39.105,20464.893,0.0
1.1149,40.0,0.0,39.105,20464.893,0.0
1.1200,40.0,0.0,39.569,20577.568,0.0
1.1279,40.0,0.0,39.569,20577.568,0.0
1.1331,40.0,0.0,39.569,20577.568,0.0
1.1382,40.0,0.0,39.569,20577.568,0.0
1.1433,40.0,0.0,39.569,20577.568,0.0
1.1483,40.0,0.0,38.587,20708.877,0.0
1.1549,40.0,0.0,38.587,20708.877,0.0
1.1599,40.0,0.0,38.587,20708.877,0.0
1.1652,40.0,0.0,38.587,20708.877,0.0
1.1703,40.0,0.0,39.483,20836.67,0.0
1.1756,40.0,0.0,39.483,20836.67,0.0
1.1808,40.0,0.0,39.483,20836.67,0.0
1.1859,40.0,0.0,39.483,20836.67,0.0
1.1909,40.0,0.0,39.433,20968.594,0.0
1.2009,40.0,0.0,39.433,20968.594,0.0
1.2074,40.0,0.0,39.433,20968.594,0.0
1.2124,40.0,0.0,39.396,21083.906,0.0
1.2219,40.0,0.0,39.396,21083.906,0.0
1.2269,40.0,0.0,39.396,21083.906,0.0
1.2322,40.0,0.0,39.396,21083.906,0.0
1.2373,40.0,0.0,39.89,21209.766,0.0
1.2439,40.0,0.0,39.89,21209.766,0.0
1.2489,40.0,0.0,39.89,21209.766,0.0
1.2540,40.0,0.0,39.886,21321.299,0.0
1.2619,40.0,0.0,39.886,21321.299,0.0
1.2671,40.0,0.0,39.886,21321.299,0.0
1.2722,40.0,0.0,39.886,21321.299,0.0
1.2772,40.0,0.0,39.886,21321.299,0.0
1.2823,40.0,0.0,38.993,21455.244,0.0
1.2889,40.0,0.0,38.993,21455.244,0.0
1.2939,40.0,0.0,38.993,21455.244,0.0
1.2992,40.0,0.0,38.993,21455.244,0.0
1.3043,40.0,0.0,38.443,21573.193,0.0
1.3113,40.0,0.0,38.443,21573.193,0.0
1.3164,40.0,0.0,38.443,21573.193,0.0
1.3214,40.0,0.0,38.443,21573.193,0.0
1.3265,40.0,0.0,39.208,21708.984,0.0
1.3349,40.0,0.0,39.208,21708.984,0.0
1.3399,40.0,0.0,39.208,21708.984,0.0
1.3450,40.0,0.0,39.208,21708.984,0.0
1.3501,40.0,0.0,39.114,21828.252,0.0
1.3569,40.0,0.0,39.114,21828.252,0.0
1.3619,40.0,0.0,39.114,21828.252,0.0
1.3672,40.0,0.0,39.114,21828.252,0.0
1.3723,40.0,0.0,39.687,21954.199,0.0
1.3789,40.0,0.0,39.687,21954.199,0.0
1.3840,40.0,0.0,39.687,21954.199,0.0
1.3890,40.0,0.0,39.687,21954.199,0.0
1.3941,40.0,0.0,39.105,22082.783,0.0
1.4029,40.0,0.0,39.105,22082.783,0.0
1.4094,40.0,0.0,39.105,22082.783,0.0
1.4144,40.0,0.0,38.411,22194.316,0.0
1.4239,40.0,0.0,38.411,22194.316,0.0
1.4289,40.0,0.0,38.411,22194.316,0.0
1.4342,40.0,0.0,38.411,22194.316,0.0
1.4393,40.0,0.0,39.269,22320.088,0.0
1.4459,40.0,0.0,39.269,22320.088,0.0
1.4509,40.0,0.0,39.269,22320.088,0.0
1.4560,40.0,0.0,39.198,22428.105,0.0
1.4659,40.0,0.0,39.198,22428.105,0.0
1.4709,40.0,0.0,39.198,22428.105,0.0
1.4760,40.0,0.0,39.198,22428.105,0.0
1.4811,40.0,0.0,38.518,22563.018,0.0
1.4909,40.0,0.0,38.518,22563.018,0.0
1.4959,40.0,0.0,38.518,22563.018,0.0
1.5012,40.0,0.0,38.518,22563.018,0.0
1.5077,40.0,0.0,39.335,22684.834,0.0
1.5132,40.0,0.0,39.335,22684.834,0.0
1.5184,40.0,0.0,39.335,22684.834,0.0
1.5235,40.0,0.0,39.335,22684.834,0.0
1.5285,40.0,0.0,39.408,22820.449,0.0
1.5369,40.0,0.0,39.408,22820.449,0.0
1.5420,40.0,0.0,39.408,22820.449,0.0
1.5470,40.0,0.0,39.408,22820.449,0.0
1.5521,40.0,0.0,39.486,22937.256,0.0
1.5579,40.0,0.0,39.486,22937.256,0.0
1.5629,40.0,0.0,39.486,22937.256,0.0
1.5682,40.0,0.0,39.486,22937.256,0.0
1.5733,40.0,0.0,40.033,23062.852,0.0
1.5799,40.0,0.0,40.033,23062.852,0.0
1.5849,40.0,0.0,40.033,23062.852,0.0
1.5900,40.0,0.0,40.033,23175.176,0.0
1.5999,40.0,0.0,40.033,23175.176,0.0
1.6049,40.0,0.0,40.033,23175.176,0.0
1.6114,40.0,0.0,40.033,23175.176,0.0
1.6165,40.0,0.0,39.664,23302.09,0.0
1.6229,40.0,0.0,39.664,23302.09,0.0
1.6279,40.0,0.0,39.664,23302.09,0.0
1.6332,40.0,0.0,39.664,23302.09,0.0
1.6383,40.0,0.0,38.716,23419.336,0.0
1.6449,40.0,0.0,38.716,23419.336,0.0
1.6499,40.0,0.0,38.716,23419.336,0.0
1.6550,40.0,0.0,39.619,23534.912,0.0
1.6649,40.0,0.0,39.619,23534.912,0.0
1.6699,40.0,0.0,39.619,23534.912,0.0
1.6750,40.0,0.0,39.619,23534.912,0.0
1.6801,40.0,0.0,39.762,23652.422,0.0
1.6859,40.0,0.0,39.762,23652.422,0.0
1.6909,40.0,0.0,39.762,23652.422,0.0
1.6960,40.0,0.0,39.762,23652.422,0.0
1.7013,40.0,0.0,40.121,23782.852,0.0
1.7089,40.0,0.0,40.121,23782.852,0.0
1.7139,40.0,0.0,40.121,23782.852,0.0
1.7190,40.0,0.0,40.359,23897.461,0.0
1.7289,40.0,0.0,40.359,23897.461,0.0
1.7339,40.0,0.0,40.359,23897.461,0.0
1.7390,40.0,0.0,40.359,23897.461,0.0
1.7441,40.0,0.0,39.932,24030.264,0.0
1.7529,40.0,0.0,39.932,24030.264,0.0
1.7579,40.0,0.0,39.932,24030.264,0.0
1.7630,40.0,0.0,39.932,24030.264,0.0
1.7683,40.0,0.0,39.469,24157.441,0.0
1.7759,40.0,0.0,39.469,24157.441,0.0
1.7809,40.0,0.0,39.469,24157.441,0.0
1.7860,40.0,0.0,39.469,24157.441,0.0
1.7911,40.0,0.0,38.989,24286.816,0.0
1.7999,40.0,0.0,38.989,24286.816,0.0
1.8049,40.0,0.0,38.989,24286.816,0.0
1.8114,40.0,0.0,38.809,24396.416,0.0
1.8199,40.0,0.0,38.809,24396.416,0.0
1.8249,40.0,0.0,38.809,24396.416,0.0
1.8300,40.0,0.0,38.809,24396.416,0.0
1.8353,40.0,0.0,38.742,24521.924,0.0
1.8429,40.0,0.0,38.742,24521.924,0.0
1.8479,40.0,0.0,38.742,24521.924,0.0
1.8530,40.0,0.0,40.175,24639.785,0.0
1.8629,40.0,0.0,40.175,24639.785,0.0
1.8679,40.0,0.0,40.175,24639.785,0.0
1.8730,40.0,0.0,40.175,24639.785,0.0
1.8781,40.0,0.0,40.175,24639.785,0.0
1.8831,40.0,0.0,39.754,24793.594,0.0
1.8909,40.0,0.0,39.754,24793.594,0.0
1.8959,40.0,0.0,39.754,24793.594,0.0
1.9012,40.0,0.0,39.754,24793.594,0.0
1.9077,40.0,0.0,40.071,24919.805,0.0
1.9132,40.0,0.0,40.071,24919.805,0.0
1.9182,40.0,0.0,40.071,24919.805,0.0
1.9233,40.0,0.0,40.071,24919.805,0.0
1.9284,40.0,0.0,39.519,25049.707,0.0
1.9369,40.0,0.0,39.519,25049.707,0.0
1.9419,40.0,0.0,39.519,25049.707,0.0
1.9470,40.0,0.0,39.519,25049.707,0.0
1.9521,40.0,0.0,38.751,25168.359,0.0
1.9589,40.0,0.0,38.751,25168.359,0.0
1.9639,40.0,0.0,38.751,25168.359,0.0
1.9692,40.0,0.0,38.751,25168.359,0.0
1.9743,40.0,0.0,39.757,25295.625,0.0
1.9809,40.0,0.0,39.757,25295.625,0.0
1.9859,40.0,0.0,39.757,25295.625,0.0
1.9910,40.0,0.0,39.05,25401.006,0.0
0.0000,39.99999807999984,0.0,39.05,25401.006,0.0
0.0065,39.956817066666495,0.0,39.05,25401.006,0.0
0.0116,39.92298581333292,0.0,39.05,25401.006,0.0
0.0166,39.88903359999995,0.0,38.803,25537.061,0.0
0.0250,39.83359658666662,0.0,38.803,25537.061,0.0
0.0300,39.79981205333312,0.0,38.803,25537.061,0.0
0.0353,39.76461077333321,0.0,38.803,25537.061,0.0
0.0404,39.73083583999975,0.0,39.929,25665.645,0.0
0.0470,39.68696405333352,0.0,39.929,25665.645,0.0
0.0520,39.653190826666865,0.0,39.929,25665.645,0.0
0.0571,39.619425066666736,0.0,39.929,25665.645,0.0
0.0622,39.58545877333336,0.0,39.373,25794.668,0.0
0.0710,39.526972800000145,0.0,39.373,25794.668,0.0
0.0760,39.493197866666684,0.0,39.373,25794.668,0.0
0.0811,39.459432533333256,0.0,39.373,25794.668,0.0
0.0861,39.4256712533335,0.0,39.024,25909.365,0.0
0.0920,39.38695040000008,0.0,39.024,25909.365,0.0
0.0970,39.35312341333353,0.0,39.024,25909.365,0.0
0.1023,39.31785109333305,0.0,39.024,25909.365,0.0
0.1088,39.27447125333325,0.0,38.688,26028.018,0.0
0.1143,39.23790613333343,0.0,38.688,26028.018,0.0
0.1194,39.204130133333216,0.0,38.688,26028.018,0.0
0.1244,39.17036479999979,0.0,38.216,26133.75,0.0
0.1340,39.10691861333286,0.0,38.216,26133.75,0.0
0.1390,39.073147733333066,0.0,38.216,26133.75,0.0
0.1441,39.03938133333289,0.0,38.216,26133.75,0.0
0.1492,39.00562111999989,0.0,38.257,26246.162,0.0
0.1550,38.9669361066664,0.0,38.257,26246.162,0.0
0.1600,38.93302741333324,0.0,38.257,26246.162,0.0
0.1651,38.899128533333474,0.0,38.257,26246.162,0.0
0.1704,38.863752746666854,0.0,39.185,26378.262,0.0
0.1780,38.81361834666677,0.0,39.185,26378.262,0.0
0.1830,38.7798404266664,0.0,39.185,26378.262,0.0
0.1881,38.74601685333346,0.0,38.759,26483.115,0.0
0.1980,38.680295466666244,0.0,38.759,26483.115,0.0
0.2030,38.64651989333348,0.0,38.759,26483.115,0.0
0.2095,38.60306496000021,0.0,38.759,26483.115,0.0
0.2146,38.5692925866662,0.0,38.76,26615.566,0.0
0.2220,38.52023914666612,0.0,38.76,26615.566,0.0
0.2270,38.48637717333304,0.0,38.76,26615.566,0.0
0.2322,38.45233215999997,0.0,38.76,26615.566,0.0
0.2375,38.416824533333056,0.0,39.576,26746.172,0.0
0.2450,38.36686549333308,0.0,39.576,26746.172,0.0
0.2500,38.33306175999951,0.0,39.576,26746.172,0.0
0.2551,38.2992855466667,0.0,39.576,26746.172,0.0
0.2602,38.26552149333338,0.0,38.453,26870.273,0.0
0.2690,38.20695125333335,0.0,38.453,26870.273,0.0
0.2740,38.17311615999946,0.0,38.453,26870.273,0.0
0.2791,38.13921237333337,0.0,38.453,26870.273,0.0
0.2842,38.10534143999954,0.0,38.295,27000.615,0.0
0.2930,38.046939519999796,0.0,38.295,27000.615,0.0
0.2980,38.01315903999997,0.0,38.295,27000.615,0.0
0.3033,37.97788351999998,0.0,38.295,27000.615,0.0
0.3098,37.93443562666653,0.0,39.187,27124.541,0.0
0.3153,37.897751680000056,0.0,39.187,27124.541,0.0
0.3204,37.86394751999978,0.0,39.187,27124.541,0.0
0.3255,37.83014976000004,0.0,39.187,27124.541,0.0
0.3305,37.79637311999977,0.0,38.226,27249.346,0.0
0.3390,37.740290133333474,0.0,38.226,27249.346,0.0
0.3440,37.70650538666663,0.0,38.226,27249.346,0.0
0.3491,37.67268672,0.0,38.226,27249.346,0.0
0.3542,37.638914773333454,0.0,38.806,27372.568,0.0
0.3610,37.59362453333324,0.0,38.806,27372.568,0.0
0.3660,37.559853013333395,0.0,38.806,27372.568,0.0
0.3713,37.52470805333284,0.0,38.806,27372.568,0.0
0.3764,37.4908979199995,0.0,39.006,27491.484,0.0
0.3830,37.44686549333286,0.0,39.006,27491.484,0.0
0.3881,37.412951253333325,0.0,39.006,27491.484,0.0
0.3931,37.37911594666684,0.0,39.006,27491.484,0.0
0.3982,37.34531989333315,0.0,37.691,27614.18,0.0
0.4070,37.286849919999746,0.0,37.691,27614.18,0.0
0.4135,37.24328405333305,0.0,37.691,27614.18,0.0
0.4186,37.20930197333322,0.0,37.691,27614.18,0.0
0.4237,37.175407786666405,0.0,38.355,27736.26,0.0
0.4292,37.13844885333325,0.0,38.355,27736.26,0.0
0.4343,37.10465258666621,0.0,38.355,27736.26,0.0
0.4396,37.069467093333515,0.0,38.355,27736.26,0.0
0.4446,37.03568767999968,0.0,38.093,27850.869,0.0
0.4510,36.9936023466668,0.0,38.093,27850.869,0.0
0.4560,36.95982591999988,0.0,38.093,27850.869,0.0
0.4611,36.92605674666614,0.0,38.093,27850.869,0.0
0.4662,36.89228415999954,0.0,37.142,27974.443,0.0
0.4750,36.83363861333343,0.0,37.142,27974.443,0.0
0.4800,36.79985429333328,0.0,37.142,27974.443,0.0
0.4851,36.76608618666629,0.0,37.142,27974.443,0.0
0.4902,36.732325973333296,0.0,37.323,28085.713,0.0
0.4960,36.69360789333344,0.0,37.323,28085.713,0.0
0.5010,36.65983552000019,0.0,37.323,28085.713,0.0
0.5078,36.61472938666672,0.0,37.323,28085.713,0.0
0.5129,36.580702506666206,0.0,37.854,28202.959,0.0
0.5185,36.543132586666616,0.0,37.854,28202.959,0.0
0.5237,36.50845226666661,0.0,37.854,28202.959,0.0
0.5288,36.47443242666668,0.0,37.854,28202.959,0.0
0.5339,36.44063039999992,0.0,37.128,28325.83,0.0
0.5420,36.386932693333165,0.0,37.128,28325.83,0.0
0.5470,36.353151786666636,0.0,37.128,28325.83,0.0
0.5521,36.319378986666685,0.0,37.128,28325.83,0.0
0.5572,36.28550058666633,0.0,37.574,28439.121,0.0
0.5630,36.24642965333351,0.0,37.574,28439.121,0.0
0.5681,36.212538666666205,0.0,37.574,28439.121,0.0
0.5734,36.17702826666649,0.0,37.574,28439.121,0.0
0.5785,36.14322730666648,0.0,37.19,28551.27,0.0
0.5850,36.100121599999966,0.0,37.19,28551.27,0.0
0.5901,36.06624341333296,0.0,37.19,28551.27,0.0
0.5951,36.03245077333289,0.0,37.19,28551.27,0.0
0.6002,35.99867903999969,0.0,35.724,28667.197,0.0
0.6090,35.940265173333046,0.0,35.724,28667.197,0.0
0.6140,35.90648490666657,0.0,35.724,28667.197,0.0
0.6191,35.87271445333348,0.0,35.724,28667.197,0.0
0.6242,35.838793600000066,0.0,36.17,28777.324,0.0
0.6300,35.80012992000017,0.0,36.17,28777.324,0.0
0.6351,35.76633215999967,0.0,36.17,28777.324,0.0
0.6403,35.731160959999976,0.0,36.17,28777.324,0.0
0.6454,35.69738154666614,0.0,36.881,28892.549,0.0
0.6520,35.65359103999981,0.0,36.881,28892.549,0.0
0.6570,35.619812906666844,0.0,36.881,28892.549,0.0
0.6621,35.58605247999973,0.0,35.558,28987.207,0.0
0.6720,35.52023573333296,0.0,35.558,28987.207,0.0
0.6770,35.48645717333329,0.0,35.558,28987.207,0.0
0.6821,35.45269098666646,0.0,35.558,28987.207,0.0
0.6872,35.41887616000016,0.0,36.92,29122.734,0.0
0.6970,35.353607466666595,0.0,36.92,29122.734,0.0
0.7020,35.3198380799995,0.0,36.92,29122.734,0.0
0.7087,35.275085226666455,0.0,36.92,29122.734,0.0
0.7138,35.24130986666629,0.0,36.593,29232.861,0.0
0.7223,35.184974719999595,0.0,36.593,29232.861,0.0
0.7274,35.15058581333354,0.0,36.593,29232.861,0.0
0.7325,35.11665642666685,0.0,36.593,29232.861,0.0
0.7376,35.08279466666636,0.0,35.791,29351.25,0.0
0.7432,35.04552362666649,0.0,35.791,29351.25,0.0
0.7482,35.011674453332944,0.0,35.791,29351.25,0.0
0.7533,34.97786837333327,0.0,35.791,29351.25,0.0
0.7584,34.94402986666652,0.0,35.565,29455.84,0.0
0.7640,34.90677824000007,0.0,35.565,29455.84,0.0
0.7691,34.872948479999955,0.0,35.565,29455.84,0.0
0.7744,34.837597013333074,0.0,35.565,29455.84,0.0
0.7794,34.80378197333342,0.0,35.595,29565.527,0.0
0.7860,34.76018581333316,0.0,35.595,29565.527,0.0
0.7910,34.72636266666617,0.0,35.595,29565.527,0.0
0.7961,34.6925698133335,0.0,34.466,29657.725,0.0
0.8060,34.62687786666644,0.0,34.466,29657.725,0.0
0.8140,34.573583999999755,0.0,34.466,29657.725,0.0
0.8191,34.53908501333293,0.0,34.466,29657.725,0.0
0.8243,34.504638933333354,0.0,33.79,29774.883,0.0
0.8311,34.459135359999586,0.0,33.79,29774.883,0.0
0.8363,34.42465429333348,0.0,33.79,29774.883,0.0
0.8418,34.388032000000145,0.0,33.79,29774.883,0.0
0.8470,34.353645866666135,0.0,33.635,29879.297,0.0
0.8530,34.31314837333351,0.0,33.635,29879.297,0.0
0.8581,34.279059413333165,0.0,33.635,29879.297,0.0
0.8633,34.24495146666686,0.0,33.635,29879.297,0.0
0.8683,34.21100074666659,0.0,34.405,29998.037,0.0
0.8770,34.15313130666618,0.0,34.405,29998.037,0.0
0.8822,34.11871957333309,0.0,34.405,29998.037,0.0
0.8873,34.084720640000036,0.0,34.405,29998.037,0.0
0.8924,34.05078933333319,0.0,33.765,30094.365,0.0
0.8981,34.01293440000018,0.0,33.765,30094.365,0.0
0.9032,33.9789446399997,0.0,33.765,30094.365,0.0
0.9100,33.93321834666646,0.0,34.017,30201.943,0.0
0.9200,33.86662677333334,0.0,34.017,30201.943,0.0
0.9251,33.832657279999694,0.0,34.017,30201.943,0.0
0.9302,33.7987545599996,0.0,34.371,30300.117,0.0
0.9400,33.7331938133328,0.0,34.371,30300.117,0.0
0.9451,33.699188266666624,0.0,34.371,30300.117,0.0
0.9502,33.66531967999966,0.0,34.371,30300.117,0.0
0.9553,33.63127616000005,0.0,33.608,30395.215,0.0
0.9610,33.593200853332895,0.0,33.608,30395.215,0.0
0.9661,33.55920682666616,0.0,33.608,30395.215,0.0
0.9712,33.52509439999949,0.0,33.608,30395.215,0.0
0.9768,33.4881781333335,0.0,32.128,30495.234,0.0
0.9840,33.43999167999982,0.0,32.128,30495.234,0.0
0.9891,33.405972266666595,0.0,32.128,30495.234,0.0
0.9942,33.37207338666682,0.0,32.668,30590.596,0.0
1.0040,33.30660095999974,0.0,32.668,30590.596,0.0
1.0110,33.260298453333235,0.0,32.668,30590.596,0.0
1.0172,33.218878080000046,0.0,32.668,30590.596,0.0
1.0238,33.174349226666585,0.0,32.625,30698.525,0.0
1.0296,33.1362894933333,0.0,32.625,30698.525,0.0
1.0347,33.1021169066662,0.0,32.625,30698.525,0.0
1.0398,33.06806335999985,0.0,32.625,30698.525,0.0
1.0452,33.032260693333534,0.0,32.062,30802.5,0.0
1.0510,32.993250773333024,0.0,32.062,30802.5,0.0
1.0561,32.959242453333296,0.0,32.062,30802.5,0.0
1.0612,32.925346773333025,0.0,32.062,30802.5,0.0
1.0663,32.89141567999953,0.0,32.776,30914.824,0.0
1.0750,32.83333717333335,0.0,32.776,30914.824,0.0
1.0801,32.79900138666638,0.0,32.776,30914.824,0.0
1.0853,32.7647415466663,0.0,32.776,30914.824,0.0
1.0904,32.73068010666672,0.0,32.544,31009.658,0.0
1.0961,32.69265877333282,0.0,32.544,31009.658,0.0
1.1012,32.6586660266662,0.0,32.544,31009.658,0.0
1.1078,32.61439978666658,0.0,32.544,31009.658,0.0
1.1133,32.57795242666665,0.0,31.665,31109.414,0.0
1.1190,32.540078506666156,0.0,31.665,31109.414,0.0
1.1241,32.50617045333305,0.0,31.665,31109.414,0.0
1.1291,32.472341333332984,0.0,31.665,31109.414,0.0
1.1342,32.43877504000011,0.0,31.678,31217.783,0.0
1.1430,32.37998783999956,0.0,31.678,31217.783,0.0
1.1481,32.345739519999675,0.0,31.678,31217.783,0.0
1.1533,32.31164458666626,0.0,31.678,31217.783,0.0
1.1584,32.27765247999969,0.0,32.326,31314.814,0.0
1.1640,32.23989802666665,0.0,32.326,31314.814,0.0
1.1691,32.205950079999944,0.0,32.326,31314.814,0.0
1.1742,32.171709226666586,0.0,32.326,31314.814,0.0
1.1796,32.13590336000001,0.0,31.754,31414.219,0.0
1.1870,32.08689066666617,0.0,31.754,31414.219,0.0
1.1920,32.05308864000017,0.0,31.754,31414.219,0.0
1.1971,32.01930751999953,0.0,31.035,31499.385,0.0
1.2070,31.953570133333265,0.0,31.035,31499.385,0.0
1.2135,31.909851520000153,0.0,31.035,31499.385,0.0
1.2186,31.875832106666167,0.0,31.035,31499.385,0.0
1.2237,31.841905279999686,0.0,30.85,31602.568,0.0
1.2310,31.7936072533333,0.0,30.85,31602.568,0.0
1.2360,31.75979882666676,0.0,30.85,31602.568,0.0
1.2411,31.72601557333337,0.0,30.85,31602.568,0.0
1.2464,31.690821546666633,0.0,30.775,31704.17,0.0
1.2540,31.64023637333306,0.0,30.775,31704.17,0.0
1.2590,31.606417919999785,0.0,30.775,31704.17,0.0
1.2641,31.57263957333347,0.0,30.775,31704.17,0.0
1.2692,31.53886933333297,0.0,31.728,31813.066,0.0
1.2780,31.480186026666765,0.0,31.728,31813.066,0.0
1.2830,31.44639914666641,0.0,31.728,31813.066,0.0
1.2882,31.41214954666642,0.0,31.152,31897.705,0.0
1.2980,31.34679189333307,0.0,31.152,31897.705,0.0
1.3031,31.312972373333047,0.0,31.152,31897.705,0.0
1.3110,31.259876906666854,0.0,30.664,31995.615,0.0
1.3209,31.19367295999988,0.0,30.664,31995.615,0.0
1.3260,31.159892693333404,0.0,30.664,31995.615,0.0
1.3311,31.1261215999995,0.0,30.686,32083.242,0.0
1.3410,31.060287573332822,0.0,30.686,32083.242,0.0
1.3460,31.02651498666622,0.0,30.686,32083.242,0.0
1.3511,30.992723626666248,0.0,30.686,32083.242,0.0
1.3562,30.958910080000045,0.0,30.559,32185.02,0.0
1.3650,30.900319573333185,0.0,30.559,32185.02,0.0
1.3700,30.866543359999618,0.0,30.559,32185.02,0.0
1.3751,30.832750933332896,0.0,30.559,32185.02,0.0
1.3804,30.797341013333153,0.0,29.682,32278.271,0.0
1.3880,30.74660778666688,0.0,29.682,32278.271,0.0
1.3931,30.712669866666147,0.0,29.682,32278.271,0.0
1.3982,30.678879359999577,0.0,29.682,32278.271,0.0
1.4032,30.64505578666664,0.0,29.98,32381.807,0.0
1.4120,30.586971093333283,0.0,29.98,32381.807,0.0
1.4170,30.553158399999724,0.0,29.98,32381.807,0.0
1.4221,30.519330986666468,0.0,30.565,32469.873,0.0
1.4320,30.453569493333056,0.0,30.565,32469.873,0.0
1.4370,30.419790506666686,0.0,30.565,32469.873,0.0
1.4421,30.386024533333206,0.0,30.565,32469.873,0.0
1.4474,30.350826453332807,0.0,29.43,32560.225,0.0
1.4549,30.30034432000017,0.0,29.43,32560.225,0.0
1.4600,30.266573013332923,0.0,29.43,32560.225,0.0
1.4651,30.232804906666694,0.0,29.938,32647.939,0.0
1.4750,30.166949759999774,0.0,29.938,32647.939,0.0
1.4800,30.133109333332868,0.0,29.938,32647.939,0.0
1.4851,30.099210453333093,0.0,29.938,32647.939,0.0
1.4902,30.06542015999988,0.0,30.814,32755.078,0.0
1.4990,30.00685802666643,0.0,30.814,32755.078,0.0
1.5040,29.973020799999784,0.0,30.814,32755.078,0.0
1.5121,29.919578879999637,0.0,31.215,32855.625,0.0
1.5220,29.853237546666758,0.0,31.215,32855.625,0.0
1.5271,29.819356799999543,0.0,31.215,32855.625,0.0
1.5322,29.78543082666647,0.0,31.215,32855.625,0.0
1.5373,29.751607679999477,0.0,30.028,32952.48,0.0
1.5460,29.693634986666286,0.0,30.028,32952.48,0.0
1.5510,29.659834026666278,0.0,30.028,32952.48,0.0
1.5561,29.626050559999538,0.0,30.028,32952.48,0.0
1.5612,29.592275413333482,0.0,28.784,33049.512,0.0
1.5710,29.52695957333314,0.0,28.784,33049.512,0.0
1.5760,29.493165653332955,0.0,28.784,33049.512,0.0
1.5813,29.458028799999738,0.0,28.784,33049.512,0.0
1.5864,29.42412863999986,0.0,28.289,33136.348,0.0
1.5930,29.379686826666784,0.0,28.289,33136.348,0.0
1.5981,29.345777919999517,0.0,28.289,33136.348,0.0
1.6032,29.31182741333335,0.0,28.289,33136.348,0.0
1.6098,29.268313599999754,0.0,27.75,33228.195,0.0
1.6170,29.220212906666347,0.0,27.75,33228.195,0.0
1.6221,29.186274133332972,0.0,27.75,33228.195,0.0
1.6272,29.152225919999637,0.0,27.75,33228.195,0.0
1.6323,29.118314026666212,0.0,27.556,33309.227,0.0
1.6380,29.080303359999863,0.0,27.556,33309.227,0.0
1.6430,29.046518826666368,0.0,27.556,33309.227,0.0
1.6483,29.011350399999476,0.0,27.556,33309.227,0.0
1.6534,28.97756799999949,0.0,26.814,33388.508,0.0
1.6599,28.93367893333334,0.0,26.814,33388.508,0.0
1.6650,28.899910826666353,0.0,26.814,33388.508,0.0
1.6701,28.866141013333316,0.0,26.814,33388.508,0.0
1.6752,28.83232256000004,0.0,27.031,33482.727,0.0
1.6839,28.77366954666665,0.0,27.031,33482.727,0.0
1.6890,28.739888426666766,0.0,27.031,33482.727,0.0
1.6941,28.70613141333327,0.0,27.031,33482.727,0.0
1.6991,28.67237226666627,0.0,27.795,33567.188,0.0
1.7050,28.633652053332906,0.0,27.795,33567.188,0.0
1.7142,28.572250240000205,0.0,27.795,33567.188,0.0
1.7193,28.53817109333325,0.0,27.511,33649.98,0.0
1.7270,28.486848640000062,0.0,27.511,33649.98,0.0
1.7320,28.453012906666874,0.0,27.511,33649.98,0.0
1.7371,28.419231573332883,0.0,27.511,33649.98,0.0
1.7422,28.38544362666653,0.0,26.581,33737.078,0.0
1.7509,28.32701290666667,0.0,26.581,33737.078,0.0
1.7560,28.293233066666136,0.0,26.581,33737.078,0.0
1.7611,28.259470719999626,0.0,26.581,33737.078,0.0
1.7661,28.22570943999987,0.0,26.4,33814.773,0.0
1.7719,28.187012906666194,0.0,26.4,33814.773,0.0
1.7770,28.153238613333542,0.0,26.4,33814.773,0.0
1.7823,28.118041813333246,0.0,26.4,33814.773,0.0
1.7874,28.084256639999694,0.0,26.589,33898.184,0.0
1.7940,28.040129919999497,0.0,26.589,33898.184,0.0
1.7991,28.00630463999975,0.0,26.589,33898.184,0.0
1.8041,27.972514986666585,0.0,26.589,33898.184,0.0
1.8107,27.928831573333355,0.0,26.589,33987.391,0.0
1.8180,27.880114559999736,0.0,26.589,33987.391,0.0
1.8231,27.846298666666673,0.0,26.589,33987.391,0.0
1.8281,27.81251477333323,0.0,26.589,33987.391,0.0
1.8332,27.778706133333344,0.0,25.799,34059.813,0.0
1.8390,27.74033023999967,0.0,25.799,34059.813,0.0
1.8440,27.706543146666718,0.0,25.799,34059.813,0.0
1.8493,27.67141653333283,0.0,25.799,34059.813,0.0
1.8544,27.637639466666617,0.0,25.525,34139.707,0.0
1.8610,27.593617920000117,0.0,25.525,34139.707,0.0
1.8660,27.559828053332847,0.0,25.525,34139.707,0.0
1.8711,27.526067839999843,0.0,25.525,34139.707,0.0
1.8762,27.49230293333312,0.0,26.459,34232.168,0.0
1.8849,27.43368511999961,0.0,26.459,34232.168,0.0
1.8900,27.399920213332887,0.0,26.459,34232.168,0.0
1.8951,27.36616127999999,0.0,26.459,34232.168,0.0
1.9001,27.332401493332934,0.0,26.078,34306.789,0.0
1.9071,27.286161066666256,0.0,26.078,34306.789,0.0
1.9140,27.23986047999991,0.0,26.078,34306.789,0.0
1.9191,27.205893546666477,0.0,25.645,34384.656,0.0
1.9280,27.14694208000007,0.0,25.645,34384.656,0.0
1.9330,27.113166933333257,0.0,25.645,34384.656,0.0
1.9381,27.0794075733329,0.0,25.367,34455.234,0.0
1.9480,27.01309738666623,0.0,25.367,34455.234,0.0
1.9531,26.979325013332982,0.0,25.367,34455.234,0.0
1.9582,26.94556906666624,0.0,25.367,34455.234,0.0
1.9632,26.9117450666666,0.0,25.775,34547.961,0.0
1.9729,26.8470116266667,0.0,25.775,34547.961,0.0
1.9780,26.81324714666668,0.0,25.775,34547.961,0.0
1.9833,26.778031999999712,0.0,25.775,34547.961,0.0
1.9884,26.744252586666637,0.0,26.248,34630.84,0.0
1.9949,26.70037162666631,0.0,26.248,34630.84,0.0
2.0000,26.666594560000096,0.0,26.248,34630.84,0.0
2.0066,26.622663680000187,0.0,26.248,34630.84,0.0
2.0117,26.58851583999952,0.0,25.847,34715.305,0.0
2.0190,26.539704533333104,0.0,25.847,34715.305,0.0
2.0242,26.505442773332863,0.0,25.847,34715.305,0.0
2.0293,26.471445759999977,0.0,25.847,34715.305,0.0
2.0344,26.437525973333322,0.0,24.531,34783.418,0.0
2.0400,26.400295679999697,0.0,24.531,34783.418,0.0
2.0450,26.366522026666342,0.0,24.531,34783.418,0.0
2.0503,26.331377493333246,0.0,24.531,34783.418,0.0
2.0554,26.2976055466667,0.0,24.271,34858.477,0.0
2.0619,26.253684053333473,0.0,24.271,34858.477,0.0
2.0670,26.219920213333506,0.0,24.271,34858.477,0.0
2.0721,26.186089173333283,0.0,24.103,34925.539,0.0
2.0819,26.120362239999697,0.0,24.103,34925.539,0.0
2.0870,26.08659029333315,0.0,24.103,34925.539,0.0
2.0921,26.052824533333023,0.0,24.103,34925.539,0.0
2.0971,26.019004373332944,0.0,24.144,35010.352,0.0
2.1070,25.953613439999874,0.0,24.144,35010.352,0.0
2.1160,25.893447893333057,0.0,24.144,35010.352,0.0
2.1211,25.859627946666325,0.0,23.888,35083.301,0.0
2.1290,25.806998186666686,0.0,23.888,35083.301,0.0
2.1340,25.77321429333324,0.0,23.888,35083.301,0.0
2.1391,25.73944533333285,0.0,23.888,35083.301,0.0
2.1442,25.705651626666775,0.0,22.812,35155.984,0.0
2.1529,25.647007146666663,0.0,22.812,35155.984,0.0
2.1580,25.61323199999985,0.0,22.812,35155.984,0.0
2.1631,25.579468586666582,0.0,22.812,35155.984,0.0
2.1681,25.545709866666282,0.0,22.441,35222.344,0.0
2.1740,25.506976853333374,0.0,22.441,35222.344,0.0
2.1790,25.473133226666203,0.0,22.441,35222.344,0.0
2.1843,25.437897813333166,0.0,22.441,35222.344,0.0
2.1894,25.404117760000037,0.0,23.692,35299.688,0.0
2.1959,25.360334080000182,0.0,23.692,35299.688,0.0
2.2010,25.326555946666456,0.0,23.692,35299.688,0.0
2.2076,25.28278272000004,0.0,24.253,35369.824,0.0
2.2160,25.226875306666443,0.0,24.253,35369.824,0.0
2.2210,25.193066239999855,0.0,24.253,35369.824,0.0
2.2261,25.159291519999744,0.0,24.253,35369.824,0.0
2.2312,25.12553045333334,0.0,23.982,35452.266,0.0
2.2409,25.060349653332803,0.0,23.982,35452.266,0.0
2.2460,25.026565333333412,0.0,23.982,35452.266,0.0
2.2513,24.991302186666264,0.0,23.982,35452.266,0.0
2.2564,24.95752661333351,0.0,23.828,35526.27,0.0
2.2629,24.913700693333187,0.0,23.828,35526.27,0.0
2.2680,24.87988693333288,0.0,23.828,35526.27,0.0
2.2731,24.845979733333177,0.0,23.828,35526.27,0.0
2.2782,24.812055466666152,0.0,23.828,35605.723,0.0
2.2869,24.75368426666667,0.0,23.828,35605.723,0.0
2.2920,24.719891839999946,0.0,23.828,35605.723,0.0
2.2971,24.68611839999994,0.0,23.828,35605.723,0.0
2.3022,24.65202965333295,0.0,23.263,35672.609,0.0
2.3093,24.604819839999738,0.0,23.263,35672.609,0.0
2.3170,24.553547519999483,0.0,23.263,35672.609,0.0
2.3220,24.5197369600002,0.0,22.996,35742.832,0.0
2.3299,24.467028693333457,0.0,22.996,35742.832,0.0
2.3350,24.43324842666622,0.0,22.996,35742.832,0.0
2.3401,24.39947797333313,0.0,21.982,35800.137,0.0
2.3499,24.333692586666682,0.0,21.982,35800.137,0.0
2.3550,24.299924479999692,0.0,21.982,35800.137,0.0
2.3601,24.26616405333334,0.0,21.982,35800.137,0.0
2.3651,24.232405119999687,0.0,21.043,35869.043,0.0
2.3739,24.173690453333165,0.0,21.043,35869.043,0.0
2.3790,24.139854719999978,0.0,21.043,35869.043,0.0
2.3843,24.1046884266666,0.0,21.043,35869.043,0.0
2.3894,24.070907306666715,0.0,21.388,35937.508,0.0
2.3960,24.02698773333289,0.0,21.388,35937.508,0.0
2.4010,23.993219840000013,0.0,21.388,35937.508,0.0
2.4076,23.949513599999744,0.0,21.388,35937.508,0.0
2.4127,23.91552341333333,0.0,22.156,36014.941,0.0
2.4200,23.8668437333331,0.0,22.156,36014.941,0.0
2.4251,23.832992213333455,0.0,22.156,36014.941,0.0
2.4301,23.799095466666433,0.0,22.156,36014.941,0.0
2.4352,23.7651281066663,0.0,21.507,36074.094,0.0
2.4410,23.726610133332997,0.0,21.507,36074.094,0.0
2.4461,23.692791893333077,0.0,21.507,36074.094,0.0
2.4514,23.65729450666625,0.0,21.507,36074.094,0.0
2.4565,23.623506986666598,0.0,21.35,36141.504,0.0
2.4629,23.580339413332847,0.0,21.35,36141.504,0.0
2.4680,23.54655594666686,0.0,21.35,36141.504,0.0
2.4731,23.512784426666258,0.0,21.09,36199.773,0.0
2.4829,23.447010346666655,0.0,21.09,36199.773,0.0
2.4880,23.41322645333321,0.0,21.09,36199.773,0.0
2.4931,23.3794668799995,0.0,21.09,36199.773,0.0
2.4981,23.345707519999905,0.0,21.018,36274.133,0.0
2.5079,23.280400639999545,0.0,21.018,36274.133,0.0
2.5161,23.226235093333496,0.0,21.018,36274.133,0.0
2.5213,23.19146240000009,0.0,21.793,36344.266,0.0
2.5300,23.1335035733332,0.0,21.793,36344.266,0.0
2.5350,23.099696640000122,0.0,21.793,36344.266,0.0
2.5401,23.065907839999607,0.0,21.793,36344.266,0.0
2.5452,23.03201429333285,0.0,22.39,36420.996,0.0
2.5540,22.973604906666576,0.0,22.39,36420.996,0.0
2.5590,22.939735466666207,0.0,22.39,36420.996,0.0
2.5641,22.905768533333532,0.0,22.39,36420.996,0.0
2.5693,22.87166293333333,0.0,21.821,36482.695,0.0
2.5750,22.833621760000067,0.0,21.821,36482.695,0.0
2.5800,22.799815466666285,0.0,21.821,36482.695,0.0
2.5853,22.76463210666634,0.0,21.821,36482.695,0.0
2.5904,22.730846720000198,0.0,20.709,36543.691,0.0
2.5970,22.686974719999853,0.0,20.709,36543.691,0.0
2.6020,22.65308394666666,0.0,20.709,36543.691,0.0
2.6086,22.609542399999707,0.0,20.588,36601.609,0.0
2.6171,22.552603519999746,0.0,20.588,36601.609,0.0
2.6222,22.518756479999713,0.0,20.588,36601.609,0.0
2.6273,22.484928853333106,0.0,20.588,36601.609,0.0
2.6323,22.451139413333294,0.0,20.25,36670.781,0.0
2.6420,22.386988586666423,0.0,20.25,36670.781,0.0
2.6470,22.35317781333303,0.0,20.25,36670.781,0.0
2.6523,22.317816320000173,0.0,20.25,36670.781,0.0
2.6574,22.284019839999775,0.0,19.897,36732.48,0.0
2.6640,22.23983637333352,0.0,19.897,36732.48,0.0
2.6691,22.20578858666613,0.0,19.897,36732.48,0.0
2.6743,22.17144191999978,0.0,19.897,36732.48,0.0
2.6794,22.13724842666655,0.0,19.743,36798.133,0.0
2.6880,22.080230400000193,0.0,19.743,36798.133,0.0
2.6930,22.04642175999955,0.0,19.743,36798.133,0.0
2.6981,22.01264490666669,0.0,19.743,36798.133,0.0
2.7032,21.97888106666672,0.0,19.184,36852.102,0.0
2.7101,21.93250709333294,0.0,19.184,36852.102,0.0
2.7170,21.88679274666659,0.0,19.184,36852.102,0.0
2.7221,21.85288981333315,0.0,18.96,36910.633,0.0
2.7309,21.793668693333075,0.0,18.96,36910.633,0.0
2.7360,21.75985194666661,0.0,18.96,36910.633,0.0
2.7411,21.72606677333306,0.0,18.96,36910.633,0.0
2.7462,21.692299306666126,0.0,17.667,36965.918,0.0
2.7549,21.633684266666176,0.0,17.667,36965.918,0.0
2.7600,21.599905279999803,0.0,17.667,36965.918,0.0
2.7651,21.566135466666765,0.0,17.667,36965.918,0.0
2.7701,21.532377599999865,0.0,18.379,37031.484,0.0
2.7789,21.473722026666263,0.0,18.379,37031.484,0.0
2.7842,21.43857834666657,0.0,18.379,37031.484,0.0
2.7893,21.404802773333056,0.0,18.379,37031.484,0.0
2.7943,21.371041066666596,0.0,18.693,37087.207,0.0
2.8000,21.333453013332928,0.0,18.693,37087.207,0.0
2.8051,21.299647146666604,0.0,18.693,37087.207,0.0
2.8116,21.256159786666256,0.0,18.693,37087.207,0.0
2.8167,21.222271359999922,0.0,18.457,37148.027,0.0
2.8240,21.17362474666682,0.0,18.457,37148.027,0.0
2.8290,21.13977066666621,0.0,18.457,37148.027,0.0
2.8341,21.105958613333467,0.0,18.457,37148.027,0.0
2.8392,21.072165546666685,0.0,17.741,37203.133,0.0
2.8469,21.020380373333108,0.0,17.741,37203.133,0.0
2.8522,20.985192106666847,0.0,17.741,37203.133,0.0
2.8573,20.95142143999965,0.0,17.741,37203.133,0.0
2.8624,20.917649706666452,0.0,17.284,37252.531,0.0
2.8679,20.880403413333017,0.0,17.284,37252.531,0.0
2.8730,20.846622293333137,0.0,17.284,37252.531,0.0
2.8781,20.812797866666795,0.0,17.23,37301.66,0.0
2.8880,20.74697151999999,0.0,17.23,37301.66,0.0
2.8930,20.713188053333244,0.0,17.23,37301.66,0.0
2.8981,20.67942293333317,0.0,17.23,37301.66,0.0
2.9032,20.645656959999695,0.0,17.871,37356.68,0.0
2.9102,20.59878527999975,0.0,17.871,37356.68,0.0
2.9170,20.553117226666775,0.0,17.871,37356.68,0.0
2.9221,20.519292799999675,0.0,18.022,37413.105,0.0
2.9309,20.460392319999603,0.0,18.022,37413.105,0.0
2.9360,20.426604373333248,0.0,18.022,37413.105,0.0
2.9411,20.392835199999507,0.0,18.022,37413.105,0.0
2.9461,20.359073706666397,0.0,17.944,37472.609,0.0
2.9549,20.300410026666214,0.0,17.944,37472.609,0.0
2.9600,20.266634240000105,0.0,17.944,37472.609,0.0
2.9651,20.23286421333296,0.0,17.944,37472.609,0.0
2.9701,20.199066453333216,0.0,17.743,37523.938,0.0
2.9759,20.160346879999906,0.0,17.743,37523.938,0.0
2.9810,20.126571306666392,0.0,17.743,37523.938,0.0
2.9863,20.09146197333318,0.0,17.743,37523.938,0.0
2.9913,20.05768767999977,0.0,16.895,37573.242,0.0
2.9979,20.013741653333454,0.0,16.895,37573.242,0.0
3.0030,19.979863893333153,0.0,16.895,37573.242,0.0
3.0097,19.935562026666197,0.0,15.617,37611.563,0.0
3.0181,19.879295359999865,0.0,15.617,37611.563,0.0
3.0233,19.844519679999543,0.0,15.617,37611.563,0.0
3.0285,19.810258773333466,0.0,15.617,37611.563,0.0
3.0336,19.776131199999632,0.0,15.766,37670.098,0.0
3.0429,19.71367999999984,0.0,15.766,37670.098,0.0
3.0480,19.679883520000203,0.0,15.766,37670.098,0.0
3.0533,19.64471530666666,0.0,15.766,37670.098,0.0
3.0584,19.61094506666617,0.0,16.636,37723.887,0.0
3.0650,19.566638293332893,0.0,16.636,37723.887,0.0
3.0701,19.532686293333278,0.0,16.636,37723.887,0.0
3.0752,19.498759253333446,0.0,16.636,37723.887,0.0
3.0803,19.464823039999523,0.0,16.476,37777.938,0.0
3.0889,19.407027413333253,0.0,16.476,37777.938,0.0
3.0940,19.37323413333312,0.0,16.476,37777.938,0.0
3.0991,19.339449599999625,0.0,16.476,37777.938,0.0
3.1042,19.30561386666644,0.0,16.189,37824.785,0.0
3.1111,19.259070719999727,0.0,16.189,37824.785,0.0
3.1162,19.225188906666517,0.0,16.189,37824.785,0.0
3.1216,19.1893073066664,0.0,16.189,37824.785,0.0
3.1267,19.155522986666256,0.0,14.682,37865.039,0.0
3.1322,19.11895189333336,0.0,14.682,37865.039,0.0
3.1372,19.08517952000011,0.0,14.682,37865.039,0.0
3.1423,19.051416533333544,0.0,14.682,37865.039,0.0
3.1474,19.017642240000136,0.0,15.608,37922.52,0.0
3.1559,18.96036970666652,0.0,15.608,37922.52,0.0
3.1610,18.926598613333375,0.0,15.608,37922.52,0.0
3.1661,18.892770560000066,0.0,15.608,37922.52,0.0
3.1711,18.859005439999997,0.0,16.083,37972.883,0.0
3.1779,18.81367402666683,0.0,16.083,37972.883,0.0
3.1830,18.779770880000036,0.0,16.083,37972.883,0.0
3.1883,18.74447872000019,0.0,16.083,37972.883,0.0
3.1934,18.7106958933335,0.0,16.381,38024.473,0.0
3.1999,18.667042773333073,0.0,16.381,38024.473,0.0
3.2050,18.633273600000088,0.0,16.381,38024.473,0.0
3.2115,18.589691946666186,0.0,16.432,38071.23,0.0
3.2200,18.5336386133334,0.0,16.432,38071.23,0.0
3.2250,18.499699840000027,0.0,16.432,38071.23,0.0
3.2301,18.465889279999978,0.0,16.432,38071.23,0.0
3.2352,18.432109440000204,0.0,16.079,38125.371,0.0
3.2449,18.36704853333307,0.0,16.079,38125.371,0.0
3.2500,18.333275093333064,0.0,16.079,38125.371,0.0
3.2553,18.297957973333418,0.0,16.079,38125.371,0.0
3.2604,18.264170026666307,0.0,15.346,38171.164,0.0
3.2669,18.220395733333135,0.0,15.346,38171.164,0.0
3.2720,18.18661760000017,0.0,15.346,38171.164,0.0
3.2771,18.15280490666661,0.0,15.346,38171.164,0.0
3.2822,18.11890346666663,0.0,15.067,38220.996,0.0
3.2909,18.060358186666384,0.0,15.067,38220.996,0.0
3.2960,18.026558933333185,0.0,15.067,38220.996,0.0
3.3011,17.99271445333337,0.0,15.067,38220.996,0.0
3.3076,17.949174186666518,0.0,15.11,38268.898,0.0
3.3131,17.91240170666621,0.0,15.11,38268.898,0.0
3.3182,17.878455039999608,0.0,15.11,38268.898,0.0
3.3236,17.842984960000194,0.0,15.11,38268.898,0.0
3.3286,17.809201920000156,0.0,15.194,38315.125,0.0
3.3349,17.767048533332854,0.0,15.194,38315.125,0.0
3.3400,17.73327765333306,0.0,15.194,38315.125,0.0
3.3451,17.699510613332826,0.0,15.194,38315.125,0.0
3.3501,17.6657429333333,0.0,15.375,38367.508,0.0
3.3589,17.60708181333333,0.0,15.375,38367.508,0.0
3.3640,17.573313066666287,0.0,15.375,38367.508,0.0
3.3691,17.539555626666846,0.0,15.375,38367.508,0.0
3.3741,17.505787733333214,0.0,14.597,38407.414,0.0
3.3799,17.467024000000038,0.0,14.597,38407.414,0.0
3.3850,17.433106133333546,0.0,14.597,38407.414,0.0
3.3903,17.39786794666619,0.0,14.597,38407.414,0.0
3.3954,17.36409045333327,0.0,14.398,38451.973,0.0
3.4019,17.32042624000011,0.0,14.398,38451.973,0.0
3.4085,17.276846719999718,0.0,14.398,38451.973,0.0
3.4136,17.242952319999553,0.0,14.079,38490.117,0.0
3.4219,17.18700885333343,0.0,14.079,38490.117,0.0
3.4270,17.15312426666666,0.0,14.079,38490.117,0.0
3.4321,17.119319679999684,0.0,14.079,38490.117,0.0
3.4372,17.085532160000035,0.0,13.999,38539.336,0.0
3.4469,17.020397866666222,0.0,13.999,38539.336,0.0
3.4520,16.986623146666865,0.0,13.999,38539.336,0.0
3.4573,16.951473066666644,0.0,13.999,38539.336,0.0
3.4623,16.917703039999502,0.0,13.571,38579.414,0.0
3.4689,16.87374976000001,0.0,13.571,38579.414,0.0
3.4740,16.83997760000011,0.0,13.571,38579.414,0.0
3.4791,16.80617151999968,0.0,13.571,38579.414,0.0
3.4842,16.77227690666617,0.0,13.272,38623.977,0.0
3.4929,16.71372394666681,0.0,13.272,38623.977,0.0
3.4980,16.679950720000157,0.0,13.272,38623.977,0.0
3.5031,16.64616490666655,0.0,13.134,38661.328,0.0
3.5140,16.573372800000165,0.0,13.134,38661.328,0.0
3.5191,16.539370453333504,0.0,13.134,38661.328,0.0
3.5244,16.503761279999857,0.0,13.134,38661.328,0.0
3.5295,16.46993877333292,0.0,12.621,38698.68,0.0
3.5359,16.42700607999965,0.0,12.621,38698.68,0.0
3.5410,16.393232639999646,0.0,12.621,38698.68,0.0
3.5461,16.35946133333315,0.0,11.801,38727.949,0.0
3.5560,16.29350997333328,0.0,11.801,38727.949,0.0
3.5610,16.259679146666407,0.0,11.801,38727.949,0.0
3.5661,16.22578474666625,0.0,11.801,38727.949,0.0
3.5712,16.19197162666675,0.0,11.397,38768.82,0.0
3.5810,16.126580693332926,0.0,11.397,38768.82,0.0
3.5890,16.073579733332885,0.0,11.397,38768.82,0.0
3.5940,16.03978581333346,0.0,12.888,38812.148,0.0
3.6029,15.980400213333418,0.0,12.888,38812.148,0.0
3.6095,15.936992213332815,0.0,12.888,38812.148,0.0
3.6145,15.903215786666657,0.0,12.888,38812.148,0.0
3.6196,15.869445546666157,0.0,13.052,38856.531,0.0
3.6269,15.820376319999617,0.0,13.052,38856.531,0.0
3.6320,15.786600746666863,0.0,13.052,38856.531,0.0
3.6371,15.752838613332948,0.0,13.052,38856.531,0.0
3.6421,15.719083093332905,0.0,13.128,38895.555,0.0
3.6479,15.680363306666244,0.0,13.128,38895.555,0.0
3.6530,15.646596053333418,0.0,13.128,38895.555,0.0
3.6583,15.611487573332852,0.0,13.128,38895.555,0.0
3.6633,15.577720106666675,0.0,12.727,38933.703,0.0
3.6699,15.533718826666245,0.0,12.727,38933.703,0.0
3.6750,15.49995605333303,0.0,12.727,38933.703,0.0
3.6801,15.466117759999634,0.0,13.295,38972.988,0.0
3.6899,15.400361599999997,0.0,13.295,38972.988,0.0
3.6950,15.36636671999986,0.0,13.295,38972.988,0.0
3.7002,15.332134613333132,0.0,13.064,39009.992,0.0
3.7109,15.260346026666411,0.0,13.064,39009.992,0.0
3.7160,15.22653994666674,0.0,13.064,39009.992,0.0
3.7211,15.192642346666311,0.0,13.064,39009.992,0.0
3.7265,15.156804906666821,0.0,12.49,39048.574,0.0
3.7340,15.106990506666683,0.0,12.49,39048.574,0.0
3.7390,15.073152213333287,0.0,12.49,39048.574,0.0
3.7441,15.039371306666759,0.0,12.409,39083.289,0.0
3.7539,14.973743999999748,0.0,12.409,39083.289,0.0
3.7590,14.939965226666722,0.0,12.409,39083.289,0.0
3.7641,14.906202240000162,0.0,12.409,39083.289,0.0
3.7691,14.87244949333293,0.0,12.409,39083.289,0.0
3.7742,14.838710826666862,0.0,12.412,39132.598,0.0
3.7810,14.793112319999487,0.0,12.412,39132.598,0.0
3.7861,14.75921749333338,0.0,12.412,39132.598,0.0
3.7914,14.723779413332828,0.0,12.412,39132.598,0.0
3.7965,14.68999594666684,0.0,12.034,39167.578,0.0
3.8039,14.640363519999937,0.0,12.034,39167.578,0.0
3.8105,14.596861866666586,0.0,12.034,39167.578,0.0
3.8156,14.562990720000165,0.0,11.827,39200.977,0.0
3.8239,14.50702677333311,0.0,11.827,39200.977,0.0
3.8290,14.473239253333453,0.0,11.827,39200.977,0.0
3.8341,14.439470293333066,0.0,11.827,39200.977,0.0
3.8391,14.405703466666182,0.0,12.101,39236.922,0.0
3.8449,14.36700800000002,0.0,12.101,39236.922,0.0
3.8500,14.33323349333326,0.0,12.101,39236.922,0.0
3.8551,14.299433600000008,0.0,12.101,39236.922,0.0
3.8604,14.264292693333118,0.0,11.345,39271.203,0.0
3.8679,14.213692373333139,0.0,11.345,39271.203,0.0
3.8730,14.179925119999552,0.0,11.345,39271.203,0.0
3.8781,14.146114133332809,0.0,10.997,39301.523,0.0
3.8879,14.080340266666553,0.0,10.997,39301.523,0.0
3.8930,14.046551680000142,0.0,10.997,39301.523,0.0
3.8981,14.012778026666787,0.0,10.997,39301.523,0.0
3.9032,13.978998186666253,0.0,10.544,39335.008,0.0
3.9112,13.925541973333111,0.0,10.544,39335.008,0.0
3.9163,13.891240106666679,0.0,10.544,39335.008,0.0
3.9214,13.857015893333177,0.0,10.544,39335.008,0.0
3.9272,13.818688426666391,0.0,9.657,39363.664,0.0
3.9341,13.77292479999975,0.0,9.657,39363.664,0.0
3.9391,13.739008000000013,0.0,9.657,39363.664,0.0
3.9442,13.705079253333373,0.0,9.657,39363.664,0.0
3.9493,13.671158399999968,0.0,9.052,39392.141,0.0
3.9581,13.61240319999979,0.0,9.052,39392.141,0.0
3.9632,13.578346239999824,0.0,9.052,39392.141,0.0
3.9683,13.54444970666615,0.0,9.052,39392.141,0.0
3.9734,13.510519680000165,0.0,8.607,39414.902,0.0
3.9790,13.4734916266666,0.0,8.607,39414.902,0.0
3.9841,13.439547093333509,0.0,8.607,39414.902,0.0
3.9892,13.405585279999741,0.0,8.607,39414.902,0.0
3.9945,13.370025173333033,0.0,8.079,39439.25,0.0
4.0011,13.326251306666563,0.0,8.079,39439.25,0.0
4.0077,13.281950933333064,0.0,8.079,39439.25,0.0
4.0128,13.247842133333357,0.0,8.277,39464.121,0.0
4.0211,13.192877013332996,0.0,8.277,39464.121,0.0
4.0262,13.158971520000101,0.0,8.277,39464.121,0.0
4.0313,13.124572799999896,0.0,8.277,39464.121,0.0
4.0364,13.090460373333222,0.0,9.18,39498.047,0.0
4.0451,13.032946133333404,0.0,9.18,39498.047,0.0
4.0501,12.999002239999605,0.0,9.18,39498.047,0.0
4.0552,12.96513877333306,0.0,9.18,39498.047,0.0
4.0605,12.929751466666254,0.0,9.337,39528.367,0.0
4.0680,12.87971925333295,0.0,9.337,39528.367,0.0
4.0731,12.845903359999888,0.0,9.337,39528.367,0.0
4.0782,12.812043093332854,0.0,9.337,39528.367,0.0
4.0833,12.778152533333014,0.0,9.709,39562.648,0.0
4.0920,12.719677653333292,0.0,9.709,39562.648,0.0
4.0971,12.685803306666607,0.0,9.709,39562.648,0.0
4.1022,12.652108586666294,0.0,9.456,39587.344,0.0
4.1120,12.586367573333064,0.0,9.456,39587.344,0.0
4.1171,12.552511146666347,0.0,9.456,39587.344,0.0
4.1222,12.51866517333307,0.0,9.456,39587.344,0.0
4.1275,12.483251626666366,0.0,7.965,39608.262,0.0
4.1350,12.43312021333319,0.0,7.965,39608.262,0.0
4.1401,12.399302613333326,0.0,7.965,39608.262,0.0
4.1452,12.365479893333031,0.0,7.965,39608.262,0.0
4.1503,12.33158485333282,0.0,7.038,39623.73,0.0
4.1558,12.29498581333322,0.0,7.038,39623.73,0.0
4.1608,12.261001599999872,0.0,7.038,39623.73,0.0
4.1659,12.22721258666676,0.0,7.038,39623.73,0.0
4.1710,12.193414826666263,0.0,5.763,39643.418,0.0
4.1800,12.133083306666776,0.0,5.763,39643.418,0.0
4.1851,12.099108906666821,0.0,5.763,39643.418,0.0
4.1902,12.065389440000068,0.0,5.763,39643.418,0.0
4.1955,12.029756160000034,0.0,8.854,39680.594,0.0
4.2031,11.979544533332955,0.0,8.854,39680.594,0.0
4.2096,11.93602154666678,0.0,8.854,39680.594,0.0
4.2147,11.902117759999932,0.0,9.312,39707.141,0.0
4.2230,11.8464516266666,0.0,9.312,39707.141,0.0
4.2281,11.81253887999977,0.0,9.312,39707.141,0.0
4.2332,11.778722560000006,0.0,9.312,39707.141,0.0
4.2383,11.74493312000019,0.0,9.312,39707.141,0.0
4.2433,11.711135359999695,0.0,8.65,39738.078,0.0
4.2510,11.659777706666624,0.0,8.65,39738.078,0.0
4.2561,11.625895253333361,0.0,8.65,39738.078,0.0
4.2614,11.590551253333011,0.0,8.65,39738.078,0.0
4.2665,11.556580480000015,0.0,7.902,39760.75,0.0
4.2730,11.513123199999882,0.0,7.902,39760.75,0.0
4.2781,11.479270613333483,0.0,7.902,39760.75,0.0
4.2832,11.445306239999503,0.0,7.902,39760.75,0.0
4.2883,11.411485440000128,0.0,7.545,39780.969,0.0
4.2938,11.374856106666208,0.0,7.545,39780.969,0.0
4.2988,11.341057919999763,0.0,7.545,39780.969,0.0
4.3039,11.307252480000137,0.0,7.644,39804.609,0.0
4.3140,11.239763199999594,0.0,7.644,39804.609,0.0
4.3191,11.205887573332802,0.0,7.644,39804.609,0.0
4.3242,11.172077226666865,0.0,7.644,39804.609,0.0
4.3297,11.13545770666633,0.0,8.142,39832.297,0.0
4.3370,11.08639551999962,0.0,8.142,39832.297,0.0
4.3421,11.052579413333206,0.0,8.142,39832.297,0.0
4.3472,11.018799786666783,0.0,8.142,39832.297,0.0
4.3522,10.985030613333038,0.0,8.249,39855.672,0.0
4.3577,10.948487040000145,0.0,8.249,39855.672,0.0
4.3628,10.914702293333299,0.0,8.249,39855.672,0.0
4.3679,10.880931413333506,0.0,8.249,39855.672,0.0
4.3729,10.84716863999953,0.0,8.249,39855.672,0.0
4.3780,10.813411626666799,0.0,8.149,39887.227,0.0
4.3850,10.766444159999843,0.0,8.149,39887.227,0.0
4.3901,10.732665173333466,0.0,8.149,39887.227,0.0
4.3954,10.697430399999725,0.0,8.149,39887.227,0.0
4.4005,10.663585493333208,0.0,7.479,39908.145,0.0
4.4075,10.616929493332918,0.0,7.479,39908.145,0.0
4.4125,10.58313045333307,0.0,7.479,39908.145,0.0
4.4176,10.549360640000032,0.0,7.479,39908.145,0.0
4.4227,10.515598080000167,0.0,6.662,39927.832,0.0
4.4310,10.459849386666825,0.0,6.662,39927.832,0.0
4.4361,10.42599338666681,0.0,6.662,39927.832,0.0
4.4412,10.392197546666466,0.0,6.662,39927.832,0.0
4.4462,10.358394026666247,0.0,5.854,39943.039,0.0
4.4530,10.313254186666349,0.0,5.854,39943.039,0.0
4.4581,10.279433599999571,0.0,5.854,39943.039,0.0
4.4634,10.243943466666678,0.0,5.854,39943.039,0.0
4.4685,10.210005546666707,0.0,5.818,39962.195,0.0
4.4751,10.16593535999997,0.0,5.818,39962.195,0.0
4.4802,10.132147199999508,0.0,5.818,39962.195,0.0
4.4852,10.098374613332908,0.0,5.818,39962.195,0.0
4.4903,10.06460906666613,0.0,6.108,39980.305,0.0
4.4958,10.028156373333182,0.0,6.108,39980.305,0.0
4.5008,9.994383146666529,0.0,6.108,39980.305,0.0
4.5074,9.950567893332995,0.0,6.108,39980.305,0.0
4.5125,9.91657557333307,0.0,6.565,40004.914,0.0
4.5200,9.866347519999486,0.0,6.565,40004.914,0.0
4.5251,9.832471680000104,0.0,6.565,40004.914,0.0
4.5304,9.797031040000093,0.0,6.565,40004.914,0.0
4.5355,9.763093120000121,0.0,6.648,40025.391,0.0
4.5420,9.719960533332902,0.0,6.648,40025.391,0.0
4.5471,9.686178986666313,0.0,6.648,40025.391,0.0
4.5521,9.652411520000136,0.0,6.648,40025.391,0.0
4.5572,9.618644266666557,0.0,6.532,40047.625,0.0
4.5660,9.55992895999998,0.0,6.532,40047.625,0.0
4.5711,9.52615445333322,0.0,6.532,40047.625,0.0
4.5761,9.492387199999634,0.0,6.532,40047.625,0.0
4.5812,9.45862122666616,0.0,6.238,40063.711,0.0
4.5870,9.420030293332879,0.0,6.238,40063.711,0.0
4.5921,9.38625599999947,0.0,6.238,40063.711,0.0
4.5973,9.351131733333204,0.0,6.238,40063.711,0.0
4.6024,9.317339093333125,0.0,5.895,40081.203,0.0
4.6094,9.27092970666687,0.0,5.895,40081.203,0.0
4.6144,9.237155626666812,0.0,5.895,40081.203,0.0
4.6195,9.2033943466663,0.0,5.895,40081.203,0.0
4.6246,9.16962815999947,0.0,4.963,40091.047,0.0
4.6300,9.133272106666176,0.0,4.963,40091.047,0.0
4.6351,9.099441493333416,0.0,4.963,40091.047,0.0
4.6401,9.065671466666267,0.0,4.963,40091.047,0.0
4.6452,9.031910826666568,0.0,4.435,40105.547,0.0
4.6540,8.973377706666575,0.0,4.435,40105.547,0.0
4.6591,8.939604906666624,0.0,4.435,40105.547,0.0
4.6643,8.904481493333002,0.0,4.435,40105.547,0.0
4.6694,8.870705280000188,0.0,3.886,40115.566,0.0
4.6760,8.8266065066667,0.0,3.886,40115.566,0.0
4.6811,8.792726186666187,0.0,3.886,40115.566,0.0
4.6862,8.75890943999972,0.0,3.886,40115.566,0.0
4.6912,8.725141120000139,0.0,3.86,40129.453,0.0
4.7001,8.665716693333252,0.0,3.86,40129.453,0.0
4.7067,8.622090666666132,0.0,3.86,40129.453,0.0
4.7118,8.588247253333066,0.0,3.86,40129.453,0.0
4.7169,8.554277546666832,0.0,4.799,40146.766,0.0
4.7224,8.517613013333026,0.0,4.799,40146.766,0.0
4.7274,8.483822293333105,0.0,4.799,40146.766,0.0
4.7327,8.448677119999957,0.0,4.799,40146.766,0.0
4.7378,8.414893866666567,0.0,5.395,40165.578,0.0
4.7432,8.378542933332938,0.0,5.395,40165.578,0.0
4.7483,8.344765866666727,0.0,5.395,40165.578,0.0
4.7534,8.31099839999979,0.0,5.395,40165.578,0.0
4.7584,8.277227306666646,0.0,5.187,40181.047,0.0
4.7670,8.220000213333002,0.0,5.187,40181.047,0.0
4.7721,8.186176640000063,0.0,5.187,40181.047,0.0
4.7771,8.152347093333297,0.0,5.187,40181.047,0.0
4.7822,8.11878250666647,0.0,4.58,40192.648,0.0
4.7880,8.080009813333312,0.0,4.58,40192.648,0.0
4.7931,8.04623680000001,0.0,4.58,40192.648,0.0
4.7983,8.011113386666388,0.0,4.58,40192.648,0.0
4.8034,7.977335466666773,0.0,3.682,40200.996,0.0
4.8104,7.93094250666627,0.0,3.682,40200.996,0.0
4.8154,7.89711210666686,0.0,3.682,40200.996,0.0
4.8205,7.863247573332806,0.0,3.682,40200.996,0.0
4.8256,7.829438506666214,0.0,3.254,40210.84,0.0
4.8340,7.773357866666778,0.0,3.254,40210.84,0.0
4.8391,7.739583146666668,0.0,3.254,40210.84,0.0
4.8441,7.7058073599998025,0.0,3.254,40210.84,0.0
4.8492,7.671962026666584,0.0,3.548,40222.969,0.0
4.8550,7.633190613333532,0.0,3.548,40222.969,0.0
4.8601,7.599399466666149,0.0,3.548,40222.969,0.0
4.8654,7.56426069333353,0.0,3.548,40222.969,0.0
4.8704,7.530485333333367,0.0,3.62,40233.953,0.0
4.8770,7.486701440000161,0.0,3.62,40233.953,0.0
4.8821,7.452927146666752,0.0,3.62,40233.953,0.0
4.8871,7.419169279999856,0.0,3.62,40233.953,0.0
4.8922,7.385399253333468,0.0,3.62,40246.086,0.0
4.9010,7.326697173333137,0.0,3.62,40246.086,0.0
4.9075,7.2832145066665035,0.0,3.62,40246.086,0.0
4.9126,7.249438933332989,0.0,3.62,40246.086,0.0
4.9176,7.215671893333514,0.0,3.62,40256.191,0.0
4.9231,7.179272959999707,0.0,3.62,40256.191,0.0
4.9282,7.145494186666689,0.0,3.62,40256.191,0.0
4.9334,7.11033962666685,0.0,3.62,40256.191,0.0
4.9385,7.076567253332847,0.0,3.032,40263.664,0.0
4.9440,7.040049279999799,0.0,3.032,40263.664,0.0
4.9491,7.006284373333074,0.0,3.032,40263.664,0.0
4.9541,6.972527146666231,0.0,3.032,40263.664,0.0
4.9592,6.938768640000035,0.0,2.656,40269.992,0.0
4.9646,6.90242090666667,0.0,2.656,40269.992,0.0
4.9697,6.868653866666442,0.0,2.656,40269.992,0.0
4.9748,6.834831573332849,0.0,2.656,40269.992,0.0
4.9799,6.800944639999976,0.0,2.231,40275.969,0.0
4.9880,6.74667690666638,0.0,2.231,40275.969,0.0
4.9931,6.712857599999701,0.0,2.231,40275.969,0.0
4.9983,6.67771690666617,0.0,2.231,40275.969,0.0
5.0034,6.643941333333409,0.0,1.824,40280.359,0.0
5.0104,6.597299839999472,0.0,1.824,40280.359,0.0
5.0155,6.5633279999997285,0.0,1.824,40280.359,0.0
5.0206,6.529196799999681,0.0,1.824,40280.359,0.0
5.0257,6.495335253333302,0.0,1.453,40282.82,0.0
5.0312,6.458622933333423,0.0,1.453,40282.82,0.0
5.0363,6.424830720000045,0.0,1.453,40282.82,0.0
5.0413,6.3910596266661415,0.0,1.453,40282.82,0.0
5.0464,6.357294506666825,0.0,1.729,40290.293,0.0
5.0519,6.320891946666812,0.0,1.729,40290.293,0.0
5.0569,6.287115946666596,0.0,1.729,40290.293,0.0
5.0620,6.253356159999534,0.0,1.729,40290.293,0.0
5.0673,6.21810474666669,0.0,3.409,40307.168,0.0
5.0740,6.173348053333335,0.0,3.409,40307.168,0.0
5.0791,6.139564799999938,0.0,3.409,40307.168,0.0
5.0841,6.105790933333232,0.0,3.409,40307.168,0.0
5.0892,6.0720273066666195,0.0,3.479,40314.992,0.0
5.0947,6.0356298666662624,0.0,3.479,40314.992,0.0
5.0997,6.001853866666806,0.0,3.479,40314.992,0.0
5.1048,5.968088320000028,0.0,3.479,40314.992,0.0
5.1113,5.9246920533329686,0.0,3.493,40327.91,0.0
5.1180,5.879996373333448,0.0,3.493,40327.91,0.0
5.1231,5.846218453333073,0.0,3.493,40327.91,0.0
5.1281,5.812444159999664,0.0,3.493,40327.91,0.0
5.1334,5.777186559999642,0.0,4.789,40347.949,0.0
5.1410,5.726700586666688,0.0,4.789,40347.949,0.0
5.1461,5.692923093333015,0.0,4.789,40347.949,0.0
5.1511,5.659164373333475,0.0,4.789,40347.949,0.0
5.1562,5.625403519999658,0.0,5.09,40364.563,0.0
5.1650,5.5667178666666,0.0,5.09,40364.563,0.0
5.1701,5.53294741333351,0.0,5.09,40364.563,0.0
5.1751,5.499133226666494,0.0,5.09,40364.563,0.0
5.1802,5.465233920000024,0.0,3.734,40371.855,0.0
5.1890,5.406706559999748,0.0,3.734,40371.855,0.0
5.1941,5.372920746666146,0.0,3.734,40371.855,0.0
5.1993,5.3376870399999135,0.0,3.734,40371.855,0.0
5.2044,5.303911466666399,0.0,2.129,40374.227,0.0
5.2114,5.257451093333053,0.0,2.129,40374.227,0.0
5.2165,5.223627306666764,0.0,2.129,40374.227,0.0
5.2215,5.18974911999976,0.0,2.129,40374.227,0.0
5.2266,5.155933440000048,0.0,2.653,40387.063,0.0
5.2350,5.100039893333509,0.0,2.653,40387.063,0.0
5.2401,5.066260693333028,0.0,2.653,40387.063,0.0
5.2451,5.0325004800000315,0.0,2.653,40387.063,0.0
5.2502,4.998787626666399,0.0,3.961,40403.145,0.0
5.2570,4.9533892266663315,0.0,3.961,40403.145,0.0
5.2621,4.919619626666645,0.0,3.961,40403.145,0.0
5.2674,4.884323626666479,0.0,3.961,40403.145,0.0
5.2725,4.850332159999958,0.0,3.572,40411.758,0.0
5.2790,4.806685866666761,0.0,3.572,40411.758,0.0
5.2841,4.772903893333478,0.0,3.572,40411.758,0.0
5.2891,4.739138346666699,0.0,3.572,40411.758,0.0
5.2942,4.705455999999991,0.0,3.606,40425.203,0.0
5.3030,4.646607146666305,0.0,3.606,40425.203,0.0
5.3096,4.602871039999933,0.0,3.606,40425.203,0.0
5.3147,4.568891946666248,0.0,3.606,40425.203,0.0
5.3197,4.535012906666601,0.0,3.514,40434.172,0.0
5.3253,4.498154026666725,0.0,3.514,40434.172,0.0
5.3303,4.4643532800000685,0.0,3.514,40434.172,0.0
5.3356,4.429106133333484,0.0,3.514,40434.172,0.0
5.3407,4.395237333333171,0.0,2.875,40441.289,0.0
5.3462,4.358757973332864,0.0,2.875,40441.289,0.0
5.3513,4.324965759999486,0.0,2.875,40441.289,0.0
5.3563,4.291181866666797,0.0,2.875,40441.289,0.0
5.3614,4.2573969066665995,0.0,2.8,40449.023,0.0
5.3669,4.220681813333158,0.0,2.8,40449.023,0.0
5.3720,4.1868883199996745,0.0,2.8,40449.023,0.0
5.3770,4.153107199999795,0.0,2.8,40449.023,0.0
5.3821,4.1193320533329825,0.0,2.414,40456.141,0.0
5.3910,4.059998080000092,0.0,2.414,40456.141,0.0
5.3961,4.026213759999941,0.0,2.414,40456.141,0.0
5.4013,3.9910818133330395,0.0,2.414,40456.141,0.0
5.4079,3.9470331733332387,0.0,1.764,40459.484,0.0
5.4134,3.9105457066663476,0.0,1.764,40459.484,0.0
5.4185,3.876752639999573,0.0,1.764,40459.484,0.0
5.4236,3.8429708799996334,0.0,1.764,40459.484,0.0
5.4286,3.8091938133334224,0.0,1.888,40466.953,0.0
5.4370,3.7533405866664324,0.0,1.888,40466.953,0.0
5.4421,3.719556479999632,0.0,1.888,40466.953,0.0
5.4471,3.6856718933328594,0.0,1.888,40466.953,0.0
5.4522,3.651727999999821,0.0,2.508,40476.883,0.0
5.4580,3.6132838399998946,0.0,2.508,40476.883,0.0
5.4631,3.579491626666517,0.0,2.508,40476.883,0.0
5.4683,3.544376106666128,0.0,2.508,40476.883,0.0
5.4734,3.510600960000069,0.0,3.076,40487.43,0.0
5.4800,3.466653653332891,0.0,3.076,40487.43,0.0
5.4851,3.4328281599997936,0.0,3.076,40487.43,0.0
5.4901,3.39905493333314,0.0,3.076,40487.43,0.0
5.4952,3.3652311466668507,0.0,2.998,40496.75,0.0
5.5040,3.3065811199996133,0.0,2.998,40496.75,0.0
5.5106,3.2627443199999107,0.0,2.998,40496.75,0.0
5.5157,3.2287660799996374,0.0,2.998,40496.75,0.0
5.5208,3.1946555733331152,0.0,2.703,40503.867,0.0
5.5263,3.1580138666663515,0.0,2.703,40503.867,0.0
5.5314,3.124130559999685,0.0,2.703,40503.867,0.0
5.5367,3.088847573333169,0.0,2.703,40503.867,0.0
5.5417,3.0550538666663343,0.0,2.438,40510.109,0.0
5.5472,3.018540373332904,0.0,2.438,40510.109,0.0
5.5523,2.9846937599995726,0.0,2.438,40510.109,0.0
5.5574,2.950925226666641,0.0,2.438,40510.109,0.0
5.5624,2.9171694933332546,0.0,1.562,40512.305,0.0
5.5710,2.8600040533334905,0.0,1.562,40512.305,0.0
5.5761,2.8262318933328388,0.0,1.562,40512.305,0.0
5.5811,2.792471466666484,0.0,1.562,40512.305,0.0
5.5862,2.7587884799997155,0.0,1.342,40515.734,0.0
5.5920,2.719972906666804,0.0,1.342,40515.734,0.0
5.5971,2.686173653332844,0.0,1.342,40515.734,0.0
5.6023,2.6510387199997822,0.0,1.342,40515.734,0.0
5.6089,2.607539839999994,0.0,1.297,40520.742,0.0
5.6143,2.5711123200001893,0.0,1.297,40520.742,0.0
5.6194,2.537334826666516,0.0,1.297,40520.742,0.0
5.6245,2.503575893332858,0.0,1.297,40520.742,0.0
5.6295,2.469820159999472,0.0,3.138,40538.055,0.0
5.6380,2.4133371733334243,0.0,3.138,40538.055,0.0
5.6431,2.3795362133334166,0.0,3.138,40538.055,0.0
5.6481,2.3457683199997845,0.0,3.138,40538.055,0.0
5.6532,2.3120110933329343,0.0,3.31,40546.672,0.0
5.6590,2.2733365333328948,0.0,3.31,40546.672,0.0
5.6641,2.239559253333333,0.0,3.31,40546.672,0.0
5.6693,2.2044475733332547,0.0,3.31,40546.672,0.0
5.6744,2.1706828799998803,0.0,3.617,40559.766,0.0
5.6810,2.1266856533331193,0.0,3.617,40559.766,0.0
5.6861,2.0929038933331867,0.0,3.617,40559.766,0.0
5.6911,2.0590745599997717,0.0,3.617,40559.766,0.0
5.6962,2.0252486399999725,0.0,3.832,40570.488,0.0
5.7017,1.988605226666401,0.0,3.832,40570.488,0.0
5.7083,1.9447406933333369,0.0,3.832,40570.488,0.0
5.7134,1.9108665600000094,0.0,3.832,40570.488,0.0
5.7184,1.8770643199998958,0.0,3.67,40583.234,0.0
5.7260,1.826718293333066,0.0,3.67,40583.234,0.0
5.7311,1.7929410133334969,0.0,3.67,40583.234,0.0
5.7363,1.757745706666661,0.0,3.67,40583.234,0.0
5.7414,1.7239722666666566,0.0,3.975,40596.945,0.0
5.7480,1.6799746133331936,0.0,3.975,40596.945,0.0
5.7531,1.6462069333329055,0.0,3.975,40596.945,0.0
5.7581,1.6124469333332527,0.0,3.975,40596.945,0.0
5.7632,1.5786892799997077,0.0,2.888,40601.516,0.0
5.7720,1.5199451733330207,0.0,2.888,40601.516,0.0
5.7771,1.486064426666566,0.0,2.888,40601.516,0.0
5.7822,1.452214186666275,0.0,2.888,40601.516,0.0
5.7872,1.418344960000013,0.0,2.716,40610.305,0.0
5.7931,1.379453226666861,0.0,2.716,40610.305,0.0
5.7982,1.3456394666665474,0.0,2.716,40610.305,0.0
5.8034,1.3103394133334731,0.0,2.716,40610.305,0.0
5.8100,1.2668415999996796,0.0,2.245,40614.609,0.0
5.8155,1.2302267733328662,0.0,2.245,40614.609,0.0
5.8205,1.196451413333456,0.0,2.245,40614.609,0.0
5.8256,1.1626510933335013,0.0,2.245,40614.609,0.0
5.8307,1.1288006399998594,0.0,2.245,40622.781,0.0
5.8362,1.0921318399997872,0.0,2.245,40622.781,0.0
5.8412,1.0583537066668214,0.0,2.245,40622.781,0.0
5.8463,1.0245766399998502,0.0,2.245,40622.781,0.0
5.8514,0.990798719999475,0.0,2.309,40628.406,0.0
5.8568,0.954362666666384,0.0,2.309,40628.406,0.0
5.8619,0.9205691733329004,0.0,2.309,40628.406,0.0
5.8670,0.8868076799997979,0.0,2.309,40628.406,0.0
5.8723,0.8516475733328335,0.0,2.8,40639.836,0.0
5.8790,0.8065894399995486,0.0,2.8,40639.836,0.0
5.8841,0.772624853332978,0.0,2.8,40639.836,0.0
5.8892,0.7387997866665827,0.0,2.8,40639.836,0.0
5.8942,0.7050229333329625,0.0,3.743,40655.215,0.0
5.9030,0.646660480000115,0.0,3.743,40655.215,0.0
5.9095,0.603178240000183,0.0,3.743,40655.215,0.0
5.9146,0.5694054399994783,0.0,3.743,40655.215,0.0
5.9197,0.5356247466662936,0.0,3.576,40667.871,0.0
5.9280,0.48000213333352804,0.0,3.576,40667.871,0.0
5.9331,0.44622869333352355,0.0,3.576,40667.871,0.0
5.9383,0.41110378666644465,0.0,3.576,40667.871,0.0
5.9434,0.3773339733334069,0.0,4.041,40680.266,0.0
5.9500,0.3333774933328968,0.0,4.041,40680.266,0.0
5.9551,0.29959189333339964,0.0,4.041,40680.266,0.0
5.9601,0.2658220799996016,0.0,4.041,40680.266,0.0
5.9652,0.2320563199994794,0.0,2.09,40679.563,0.0
5.9740,0.1732484266661558,0.0,2.09,40679.563,0.0
5.9791,0.1393060266665671,0.0,2.09,40679.563,0.0
5.9842,0.10538175999954547,0.0,2.09,40679.563,0.0
5.9893,0.07156202666616451,0.0,1.625,40684.395,0.0
5.9950,0.033342933333337044,0.0,1.625,40684.395,0.0
