t_s,cmd_speed_cm_s,cmd_steer_deg,enc_speed_cm_s,enc_cmd_speed_cm_s,yaw_deg
0.0000,-7.89333322851841e-06,0.0,-0.003,40711.023,0.0
0.0495,-0.3302306133332422,0.0,-0.003,40711.023,0.0
0.0546,-0.36404607999960115,0.0,-0.003,40711.023,0.0
0.0597,-0.39781269333313196,0.0,-0.003,40711.023,0.0
0.0650,-0.4330112000002373,0.0,-0.003,40711.023,0.0
0.0724,-0.4827584000001176,0.0,-0.003,40711.023,0.0
0.0775,-0.516565973333248,0.0,-0.003,40711.023,0.0
0.0825,-0.5503259733328983,0.0,-0.003,40711.023,0.0
0.0876,-0.5841164800002238,0.0,-0.003,40711.023,0.0
0.0964,-0.6429510400001466,0.0,-0.003,40711.023,0.0
0.1015,-0.6767131733333069,0.0,-0.003,40711.023,0.0
0.1080,-0.720260266666628,0.0,-0.003,40711.023,0.0
0.1131,-0.7540258133334039,0.0,-0.003,40711.023,0.0
0.1194,-0.7960482133330515,0.0,-0.003,40711.023,0.0
0.1245,-0.8298103466669697,0.0,-0.003,40711.023,0.0
0.1297,-0.8649292800002211,0.0,-0.003,40711.023,0.0
0.1348,-0.8986986666665568,0.0,-0.003,40711.023,0.0
0.1414,-0.9428319999998773,0.0,-0.003,40711.023,0.0
0.1465,-0.976602239999617,0.0,-0.003,40711.023,0.0
0.1516,-1.0103556266669027,0.0,-0.003,40711.023,0.0
0.1566,-1.0441674666662948,0.0,-0.003,40711.023,0.0
0.1654,-1.102822826666549,0.0,-0.003,40711.023,0.0
0.1705,-1.1366080000000995,0.0,-0.003,40711.023,0.0
0.1756,-1.1703665066662932,0.0,-0.003,40711.023,0.0
0.1806,-1.2041348266666319,0.0,-0.003,40710.938,0.0
0.1864,-1.2427532799999124,0.0,-0.003,40710.938,0.0
0.1915,-1.2765457066666386,0.0,-0.003,40710.938,0.0
0.1968,-1.3117384533332674,0.0,-0.003,40710.938,0.0
0.2018,-1.3455628799996098,0.0,-0.609,40705.75,0.0
0.2088,-1.3921791999996458,0.0,-0.609,40705.75,0.0
0.2139,-1.4259720533330742,0.0,-0.609,40705.75,0.0
0.2190,-1.4597457066664297,0.0,-0.609,40705.75,0.0
0.2240,-1.493503359999977,0.0,-1.507,40698.281,0.0
0.2295,-1.5300247466666406,0.0,-1.507,40698.281,0.0
0.2346,-1.5637969066665391,0.0,-1.507,40698.281,0.0
0.2396,-1.597576959999666,0.0,-1.507,40698.281,0.0
0.2447,-1.6313422933330912,0.0,-1.546,40695.031,0.0
0.2502,-1.6678508800002114,0.0,-1.546,40695.031,0.0
0.2552,-1.701621546666653,0.0,-1.546,40695.031,0.0
0.2603,-1.7353800533336048,0.0,-1.546,40695.031,0.0
0.2656,-1.7704885333334155,0.0,-3.413,40676.133,0.0
0.2724,-1.8162150400000123,0.0,-3.413,40676.133,0.0
0.2775,-1.8499950933331397,0.0,-3.413,40676.133,0.0
0.2826,-1.8837491199997203,0.0,-3.413,40676.133,0.0
0.2876,-1.917470933333334,0.0,-4.695,40659.344,0.0
0.2931,-1.9539157333330572,0.0,-4.695,40659.344,0.0
0.2982,-1.9876925866666775,0.0,-4.695,40659.344,0.0
0.3032,-2.0214604799995564,0.0,-4.695,40659.344,0.0
0.3097,-2.064702080000037,0.0,-4.687,40645.02,0.0
0.3164,-2.109510399999787,0.0,-4.687,40645.02,0.0
0.3215,-2.1432785066667748,0.0,-4.687,40645.02,0.0
0.3266,-2.17705429333364,0.0,-4.687,40645.02,0.0
0.3318,-2.212210560000282,0.0,-4.714,40629.289,0.0
0.3394,-2.2629028266669593,0.0,-4.714,40629.289,0.0
0.3445,-2.29668970666656,0.0,-4.714,40629.289,0.0
0.3496,-2.3304667733335314,0.0,-4.714,40629.289,0.0
0.3546,-2.3642333866663043,0.0,-4.25,40617.688,0.0
0.3634,-2.422881493333383,0.0,-4.25,40617.688,0.0
0.3685,-2.4566461866667546,0.0,-4.25,40617.688,0.0
0.3736,-2.4904153599997394,0.0,-4.25,40617.688,0.0
0.3786,-2.5241813333332175,0.0,-3.818,40605.734,0.0
0.3841,-2.5607005866663712,0.0,-3.818,40605.734,0.0
0.3892,-2.5944834133330614,0.0,-3.818,40605.734,0.0
0.3942,-2.628252160000102,0.0,-3.818,40605.734,0.0
0.3995,-2.6633602133332106,0.0,-5.083,40587.273,0.0
0.4064,-2.7095680000002176,0.0,-5.083,40587.273,0.0
0.4129,-2.752870186666314,0.0,-5.083,40587.273,0.0
0.4180,-2.7866438399996696,0.0,-4.959,40573.039,0.0
0.4264,-2.842893440000201,0.0,-4.959,40573.039,0.0
0.4315,-2.8767351466664577,0.0,-4.959,40573.039,0.0
0.4366,-2.9105329066669583,0.0,-4.959,40573.039,0.0
0.4417,-2.9443995733330057,0.0,-4.72,40558.711,0.0
0.4504,-3.0029454933333,0.0,-4.72,40558.711,0.0
0.4555,-3.036772053333152,0.0,-4.72,40558.711,0.0
0.4606,-3.0705510400002822,0.0,-4.72,40558.711,0.0
0.4659,-3.1057149866668015,0.0,-4.748,40542.273,0.0
0.4734,-3.1562833066664098,0.0,-4.748,40542.273,0.0
0.4785,-3.190062720000242,0.0,-4.748,40542.273,0.0
0.4836,-3.223821866666488,0.0,-4.748,40542.273,0.0
0.4886,-3.2575891200000724,0.0,-4.418,40529.266,0.0
0.4974,-3.3162393599999023,0.0,-4.418,40529.266,0.0
0.5025,-3.350011733333152,0.0,-4.418,40529.266,0.0
0.5091,-3.3937553066668142,0.0,-3.987,40519.512,0.0
0.5175,-3.449989546666832,0.0,-3.987,40519.512,0.0
0.5226,-3.4839761066662804,0.0,-3.987,40519.512,0.0
0.5277,-3.5179180799999203,0.0,-3.987,40519.512,0.0
0.5330,-3.5532727466663045,0.0,-3.387,40509.141,0.0
0.5404,-3.6029309866664034,0.0,-3.387,40509.141,0.0
0.5455,-3.6367091200001296,0.0,-3.387,40509.141,0.0
0.5506,-3.6705090133333824,0.0,-3.387,40509.141,0.0
0.5556,-3.704134613333281,0.0,-4.539,40491.477,0.0
0.5611,-3.7406538666664346,0.0,-4.539,40491.477,0.0
0.5662,-3.774426026666333,0.0,-4.539,40491.477,0.0
0.5712,-3.808184533333285,0.0,-4.539,40491.477,0.0
0.5763,-3.8419637333330074,0.0,-5.015,40474.688,0.0
0.5844,-3.8961802666669128,0.0,-5.015,40474.688,0.0
0.5895,-3.9299511466667054,0.0,-5.015,40474.688,0.0
0.5946,-3.9637094400003052,0.0,-5.015,40474.688,0.0
0.5998,-3.9988119466662893,0.0,-5.065,40457.285,0.0
0.6074,-4.049545386666675,0.0,-5.065,40457.285,0.0
0.6140,-4.0930203733334265,0.0,-5.065,40457.285,0.0
0.6190,-4.126790186666464,0.0,-5.065,40457.285,0.0
0.6241,-4.160548266666713,0.0,-4.32,40446.828,0.0
0.6314,-4.209515093333114,0.0,-4.32,40446.828,0.0
0.6365,-4.243282986666752,0.0,-4.32,40446.828,0.0
0.6416,-4.277048746666878,0.0,-4.32,40446.828,0.0
0.6466,-4.310805973332966,0.0,-3.767,40436.102,0.0
0.6521,-4.3473109333331195,0.0,-3.767,40436.102,0.0
0.6572,-4.381096746666723,0.0,-3.767,40436.102,0.0
0.6622,-4.414852693333462,0.0,-3.767,40436.102,0.0
0.6675,-4.4499810133333995,0.0,-4.029,40423.359,0.0
0.6744,-4.496185386666791,0.0,-4.029,40423.359,0.0
0.6795,-4.529963306666407,0.0,-4.029,40423.359,0.0
0.6846,-4.563723733333518,0.0,-4.029,40423.359,0.0
0.6896,-4.5974946133333106,0.0,-3.429,40415.801,0.0
0.6951,-4.63402752000017,0.0,-3.429,40415.801,0.0
0.7002,-4.667794133332943,0.0,-3.429,40415.801,0.0
0.7068,-4.711784106666528,0.0,-3.429,40415.801,0.0
0.7118,-4.745545173332933,0.0,-3.535,40402.969,0.0
0.7184,-4.7895155199997435,0.0,-3.535,40402.969,0.0
0.7235,-4.823338666666738,0.0,-3.535,40402.969,0.0
0.7286,-4.857120213333322,0.0,-3.535,40402.969,0.0
0.7338,-4.892224000000169,0.0,-3.19,40394.531,0.0
0.7414,-4.9429132799999325,0.0,-3.19,40394.531,0.0
0.7465,-4.976678400000007,0.0,-3.19,40394.531,0.0
0.7516,-5.010435840000204,0.0,-3.19,40394.531,0.0
0.7566,-5.044195626666502,0.0,-2.782,40386.008,0.0
0.7655,-5.103352746666587,0.0,-2.782,40386.008,0.0
0.7706,-5.137159253332962,0.0,-2.782,40386.008,0.0
0.7756,-5.17077610666623,0.0,-2.782,40386.008,0.0
0.7807,-5.204545279999971,0.0,-3.499,40370.449,0.0
0.7904,-5.269527466666659,0.0,-3.499,40370.449,0.0
0.7955,-5.3033518933330015,0.0,-3.499,40370.449,0.0
0.8008,-5.338585599999988,0.0,-3.499,40370.449,0.0
0.8073,-5.381902719999895,0.0,-3.856,40358.586,0.0
0.8128,-5.418546560000172,0.0,-3.856,40358.586,0.0
0.8178,-5.452325759999894,0.0,-3.856,40358.586,0.0
0.8229,-5.486081706666633,0.0,-3.856,40358.586,0.0
0.8280,-5.519840000000235,0.0,-3.97,40346.633,0.0
0.8335,-5.556399573332934,0.0,-3.97,40346.633,0.0
0.8385,-5.590173866666342,0.0,-3.97,40346.633,0.0
0.8436,-5.623942613333384,0.0,-3.97,40346.633,0.0
0.8487,-5.657703039999737,0.0,-4.034,40332.391,0.0
0.8575,-5.71670506666654,0.0,-4.034,40332.391,0.0
0.8626,-5.750536533333465,0.0,-4.034,40332.391,0.0
0.8679,-5.785730773333549,0.0,-4.034,40332.391,0.0
0.8729,-5.819507413333062,0.0,-4.194,40317.805,0.0
0.8794,-5.8628347733330575,0.0,-4.194,40317.805,0.0
0.8845,-5.896606079999552,0.0,-4.194,40317.805,0.0
0.8896,-5.930372053333031,0.0,-4.194,40317.805,0.0
0.8946,-5.964221653333274,0.0,-4.194,40304.707,0.0
0.9034,-6.022842879999644,0.0,-4.194,40304.707,0.0
0.9099,-6.066247466666633,0.0,-4.194,40304.707,0.0
0.9150,-6.100019413333181,0.0,-4.162,40291.789,0.0
0.9244,-6.16287509333309,0.0,-4.162,40291.789,0.0
0.9295,-6.19664959999985,0.0,-4.162,40291.789,0.0
0.9348,-6.231736960000186,0.0,-4.162,40291.789,0.0
0.9398,-6.2655069866665745,0.0,-5.038,40273.242,0.0
0.9464,-6.30951722666623,0.0,-5.038,40273.242,0.0
0.9515,-6.343284266666464,0.0,-5.038,40273.242,0.0
0.9566,-6.37704170666666,0.0,-5.038,40273.242,0.0
0.9616,-6.410836693333598,0.0,-5.054,40256.453,0.0
0.9704,-6.469548159999855,0.0,-5.054,40256.453,0.0
0.9755,-6.503334186666811,0.0,-5.054,40256.453,0.0
0.9806,-6.5370986666668305,0.0,-5.054,40256.453,0.0
0.9856,-6.570868479999868,0.0,-4.896,40240.195,0.0
0.9954,-6.6362237866663545,0.0,-4.896,40240.195,0.0
1.0007,-6.671608746666303,0.0,-4.896,40240.195,0.0
1.0073,-6.7154564266669095,0.0,-4.786,40225.43,0.0
1.0166,-6.777035946666578,0.0,-4.786,40225.43,0.0
1.0217,-6.811337173332959,0.0,-4.786,40225.43,0.0
1.0268,-6.845336746666817,0.0,-4.786,40225.43,0.0
1.0319,-6.879432959999576,0.0,-4.281,40213.391,0.0
1.0404,-6.936326826666269,0.0,-4.281,40213.391,0.0
1.0455,-6.970286506666525,0.0,-4.281,40213.391,0.0
1.0506,-7.004191573333477,0.0,-4.281,40213.391,0.0
1.0557,-7.037997013333097,0.0,-4.142,40199.5,0.0
1.0634,-7.089553066666667,0.0,-4.142,40199.5,0.0
1.0687,-7.124824106666287,0.0,-4.142,40199.5,0.0
1.0738,-7.158604586666874,0.0,-4.142,40199.5,0.0
1.0789,-7.192388266666967,0.0,-4.642,40184.914,0.0
1.0844,-7.229522986666931,0.0,-4.642,40184.914,0.0
1.0895,-7.263296426666935,0.0,-4.642,40184.914,0.0
1.0946,-7.297068160000132,0.0,-4.642,40184.914,0.0
1.0996,-7.3308682666667355,0.0,-4.314,40171.641,0.0
1.1084,-7.389548373333431,0.0,-4.314,40171.641,0.0
1.1150,-7.433021013333322,0.0,-4.314,40171.641,0.0
1.1200,-7.466807893332922,0.0,-4.314,40171.641,0.0
1.1251,-7.500573226666347,0.0,-3.723,40162.063,0.0
1.1314,-7.542861866666803,0.0,-3.723,40162.063,0.0
1.1367,-7.57807082666659,0.0,-3.723,40162.063,0.0
1.1418,-7.611851306666418,0.0,-3.723,40162.063,0.0
1.1468,-7.645614506666334,0.0,-2.992,40155.383,0.0
1.1524,-7.682851199999732,0.0,-2.992,40155.383,0.0
1.1575,-7.716634666666474,0.0,-2.992,40155.383,0.0
1.1626,-7.750457173333416,0.0,-3.554,40142.023,0.0
1.1724,-7.816220586666228,0.0,-3.554,40142.023,0.0
1.1775,-7.850003199999568,0.0,-3.554,40142.023,0.0
1.1826,-7.883820586666843,0.0,-3.554,40142.023,0.0
1.1876,-7.917467733332918,0.0,-4.01,40129.367,0.0
1.1934,-7.956198826666423,0.0,-4.01,40129.367,0.0
1.1985,-7.989968640000219,0.0,-4.01,40129.367,0.0
1.2038,-8.025075413333221,0.0,-4.01,40129.367,0.0
1.2103,-8.06856597333308,0.0,-4.421,40113.809,0.0
1.2158,-8.105092053333465,0.0,-4.421,40113.809,0.0
1.2208,-8.138877013332907,0.0,-4.421,40113.809,0.0
1.2259,-8.172635733333209,0.0,-4.421,40113.809,0.0
1.2310,-8.206393386666756,0.0,-4.854,40097.195,0.0
1.2394,-8.262845866666643,0.0,-4.854,40097.195,0.0
1.2445,-8.296610773333365,0.0,-4.854,40097.195,0.0
1.2496,-8.330375253333386,0.0,-4.854,40097.195,0.0
1.2546,-8.36414250666697,0.0,-4.721,40082.961,0.0
1.2604,-8.40285525333305,0.0,-4.721,40082.961,0.0
1.2655,-8.436622293333281,0.0,-4.721,40082.961,0.0
1.2708,-8.471712639999774,0.0,-4.721,40082.961,0.0
1.2758,-8.50549866666673,0.0,-4.361,40071.18,0.0
1.2824,-8.549562666666285,0.0,-4.361,40071.18,0.0
1.2875,-8.583339733333256,0.0,-4.361,40071.18,0.0
1.2926,-8.617098880000261,0.0,-4.289,40058.703,0.0
1.3024,-8.682843306666351,0.0,-4.289,40058.703,0.0
1.3089,-8.726118186666554,0.0,-4.289,40058.703,0.0
1.3140,-8.759887999999592,0.0,-4.289,40046.57,0.0
1.3234,-8.822836053332898,0.0,-4.289,40046.57,0.0
1.3285,-8.856606506666745,0.0,-4.289,40046.57,0.0
1.3336,-8.890372266666873,0.0,-4.289,40046.57,0.0
1.3388,-8.925499520000054,0.0,-4.207,40033.125,0.0
1.3464,-8.976188586666467,0.0,-4.207,40033.125,0.0
1.3515,-9.009956266666753,0.0,-4.207,40033.125,0.0
1.3566,-9.04372010666672,0.0,-4.429,40018.977,0.0
1.3664,-9.10951167999959,0.0,-4.429,40018.977,0.0
1.3715,-9.143277653333067,0.0,-4.429,40018.977,0.0
1.3766,-9.177037866666828,0.0,-4.429,40018.977,0.0
1.3816,-9.210807679999865,0.0,-4.448,40004.563,0.0
1.3904,-9.26950848000009,0.0,-4.448,40004.563,0.0
1.3955,-9.303276159999617,0.0,-4.448,40004.563,0.0
1.4006,-9.337035946666674,0.0,-4.448,40004.563,0.0
1.4073,-9.381772586666557,0.0,-4.249,39991.289,0.0
1.4134,-9.422848853333411,0.0,-4.249,39991.289,0.0
1.4185,-9.45662122666666,0.0,-4.249,39991.289,0.0
1.4236,-9.490390826666347,0.0,-4.249,39991.289,0.0
1.4286,-9.524144000000282,0.0,-4.09,39977.93,0.0
1.4374,-9.582849920000172,0.0,-4.09,39977.93,0.0
1.4425,-9.616620586666613,0.0,-4.09,39977.93,0.0
1.4476,-9.650381013332966,0.0,-4.353,39964.395,0.0
1.4574,-9.716185386666893,0.0,-4.353,39964.395,0.0
1.4625,-9.749949013333511,0.0,-4.353,39964.395,0.0
1.4676,-9.783748266666711,0.0,-4.353,39964.395,0.0
1.4728,-9.81893695999967,0.0,-4.895,39946.906,0.0
1.4804,-9.86950421333328,0.0,-4.895,39946.906,0.0
1.4855,-9.903280000000146,0.0,-4.895,39946.906,0.0
1.4906,-9.937039786666446,0.0,-5.54,39928.625,0.0
1.5004,-10.002898346666218,0.0,-5.54,39928.625,0.0
1.5070,-10.04650090666625,0.0,-5.54,39928.625,0.0
1.5121,-10.080522666666337,0.0,-5.54,39928.625,0.0
1.5172,-10.114612053333378,0.0,-5.476,39911.219,0.0
1.5245,-10.163358506666402,0.0,-5.476,39911.219,0.0
1.5296,-10.197207893333296,0.0,-5.476,39911.219,0.0
1.5347,-10.231095679999573,0.0,-5.476,39911.219,0.0
1.5400,-10.266353493332947,0.0,-5.097,39896.367,0.0
1.5474,-10.316301226666837,0.0,-5.097,39896.367,0.0
1.5525,-10.350308693333165,0.0,-5.097,39896.367,0.0
1.5576,-10.384121600000071,0.0,-5.097,39896.367,0.0
1.5627,-10.41794538666636,0.0,-4.34,39883.977,0.0
1.5714,-10.476265813333612,0.0,-4.34,39883.977,0.0
1.5765,-10.510049919999648,0.0,-4.34,39883.977,0.0
1.5816,-10.543818880000043,0.0,-4.253,39872.727,0.0
1.5914,-10.609567786666503,0.0,-4.253,39872.727,0.0
1.5965,-10.643340373333103,0.0,-4.253,39872.727,0.0
1.6016,-10.677105706666527,0.0,-4.253,39872.727,0.0
1.6083,-10.722055679999965,0.0,-3.628,39862.969,0.0
1.6144,-10.762972373333167,0.0,-3.628,39862.969,0.0
1.6195,-10.796868480000132,0.0,-3.628,39862.969,0.0
1.6246,-10.830718079999617,0.0,-3.55,39852.598,0.0
1.6344,-10.896262186666565,0.0,-3.55,39852.598,0.0
1.6395,-10.930050346666274,0.0,-3.55,39852.598,0.0
1.6446,-10.96381397333289,0.0,-3.55,39852.598,0.0
1.6496,-10.997583146666631,0.0,-3.651,39840.645,0.0
1.6585,-11.05635242666646,0.0,-3.651,39840.645,0.0
1.6635,-11.090183893333386,0.0,-3.651,39840.645,0.0
1.6686,-11.124001919999955,0.0,-3.651,39840.645,0.0
1.6739,-11.159212373333201,0.0,-3.236,39831.68,0.0
1.6814,-11.20962858666644,0.0,-3.236,39831.68,0.0
1.6865,-11.243535360000198,0.0,-3.236,39831.68,0.0
1.6916,-11.277315626666677,0.0,-3.236,39831.68,0.0
1.6967,-11.31116117333325,0.0,-3.236,39819.992,0.0
1.7054,-11.369614720000147,0.0,-3.236,39819.992,0.0
1.7119,-11.412962986666269,0.0,-3.236,39819.992,0.0
1.7170,-11.44675455999959,0.0,-3.236,39819.992,0.0
1.7221,-11.480566613333092,0.0,-2.96,39810.852,0.0
1.7304,-11.53625215999985,0.0,-2.96,39810.852,0.0
1.7355,-11.570049919999594,0.0,-2.96,39810.852,0.0
1.7408,-11.605357013333258,0.0,-2.96,39810.852,0.0
1.7459,-11.639140266666647,0.0,-4.077,39792.922,0.0
1.7524,-11.682945280000087,0.0,-4.077,39792.922,0.0
1.7575,-11.716749013332901,0.0,-4.077,39792.922,0.0
1.7626,-11.75052992000019,0.0,-4.077,39792.922,0.0
1.7676,-11.784085759999623,0.0,-5.561,39769.719,0.0
1.7764,-11.842932266666441,0.0,-5.561,39769.719,0.0
1.7815,-11.876717439999993,0.0,-5.561,39769.719,0.0
1.7866,-11.91049727999977,0.0,-5.561,39769.719,0.0
1.7916,-11.944085759999627,0.0,-6.323,39749.59,0.0
1.7974,-11.982941866666959,0.0,-6.323,39749.59,0.0
1.8025,-12.016845013332993,0.0,-6.323,39749.59,0.0
1.8092,-12.061466026666494,0.0,-6.323,39749.59,0.0
1.8143,-12.09534122666658,0.0,-6.201,39731.398,0.0
1.8198,-12.131994026666842,0.0,-6.201,39731.398,0.0
1.8249,-12.165782186666547,0.0,-6.201,39731.398,0.0
1.8299,-12.19961087999991,0.0,-6.201,39731.398,0.0
1.8350,-12.233506133333474,0.0,-4.798,39719.617,0.0
1.8434,-12.289612800000214,0.0,-4.798,39719.617,0.0
1.8485,-12.323410346666606,0.0,-4.798,39719.617,0.0
1.8536,-12.35719829333296,0.0,-4.798,39719.617,0.0
1.8586,-12.390982399999757,0.0,-5.563,39698.789,0.0
1.8654,-12.436240213332894,0.0,-5.563,39698.789,0.0
1.8705,-12.470023039999585,0.0,-5.563,39698.789,0.0
1.8758,-12.505152213332924,0.0,-5.563,39698.789,0.0
1.8808,-12.538931200000054,0.0,-5.79,39681.477,0.0
1.8874,-12.582939306666958,0.0,-5.79,39681.477,0.0
1.8925,-12.616717439999928,0.0,-5.79,39681.477,0.0
1.8976,-12.650491733333336,0.0,-5.79,39681.477,0.0
1.9026,-12.684307626666396,0.0,-5.678,39661.523,0.0
1.9114,-12.742957866666227,0.0,-5.678,39661.523,0.0
1.9165,-12.77688682666697,0.0,-5.678,39661.523,0.0
1.9216,-12.810995840000032,0.0,-5.678,39661.523,0.0
1.9267,-12.844832639999975,0.0,-5.371,39646.406,0.0
1.9334,-12.889561173333277,0.0,-5.371,39646.406,0.0
1.9385,-12.923358506666318,0.0,-5.371,39646.406,0.0
1.9438,-12.958512213333506,0.0,-5.371,39646.406,0.0
1.9488,-12.992284586666756,0.0,-5.289,39629.531,0.0
1.9554,-13.036240639999807,0.0,-5.289,39629.531,0.0
1.9605,-13.070009813333552,0.0,-5.289,39629.531,0.0
1.9656,-13.103770666666605,0.0,-5.289,39629.531,0.0
1.9706,-13.137526399999995,0.0,-6.963,39598.859,0.0
1.9794,-13.196169173333299,0.0,-6.963,39598.859,0.0
1.9845,-13.229935146666776,0.0,-6.963,39598.859,0.0
1.9896,-13.26369173333357,0.0,-6.963,39598.859,0.0
1.9946,-13.297448746666305,0.0,-9.776,39561.855,0.0
2.0004,-13.336296959999647,0.0,-9.776,39561.855,0.0
2.0070,-13.379979946666936,0.0,-9.776,39561.855,0.0
2.0123,-13.415331413333053,0.0,-9.511,39536.281,0.0
2.0225,-13.483163519999835,0.0,-9.511,39536.281,0.0
2.0276,-13.517011413333268,0.0,-9.511,39536.281,0.0
2.0326,-13.550973439999627,0.0,-8.766,39514.133,0.0
2.0425,-13.616790826666449,0.0,-8.766,39514.133,0.0
2.0476,-13.65070399999998,0.0,-8.766,39514.133,0.0
2.0527,-13.68457920000007,0.0,-8.766,39514.133,0.0
2.0578,-13.718359253333194,0.0,-8.494,39484.688,0.0
2.0674,-13.782913066666726,0.0,-8.494,39484.688,0.0
2.0725,-13.816698666666223,0.0,-8.494,39484.688,0.0
2.0778,-13.851822719999898,0.0,-8.494,39484.688,0.0
2.0828,-13.88559338666634,0.0,-8.006,39461.836,0.0
2.0894,-13.929620906666667,0.0,-8.006,39461.836,0.0
2.0945,-13.9634026666666,0.0,-8.006,39461.836,0.0
2.0996,-13.997165866666517,0.0,-8.006,39461.836,0.0
2.1046,-14.030924160000115,0.0,-7.411,39438.547,0.0
2.1134,-14.089603413333407,0.0,-7.411,39438.547,0.0
2.1185,-14.123382826666482,0.0,-7.411,39438.547,0.0
2.1236,-14.157147093333151,0.0,-7.411,39438.547,0.0
2.1286,-14.190901973333137,0.0,-7.606,39414.199,0.0
2.1344,-14.229601066666266,0.0,-7.606,39414.199,0.0
2.1395,-14.263373440000276,0.0,-7.606,39414.199,0.0
2.1448,-14.29858581333292,0.0,-7.606,39414.199,0.0
2.1499,-14.332357120000172,0.0,-8.032,39388.625,0.0
2.1564,-14.37626240000024,0.0,-8.032,39388.625,0.0
2.1615,-14.410026240000207,0.0,-8.032,39388.625,0.0
2.1666,-14.443786453333207,0.0,-7.762,39367.441,0.0
2.1764,-14.50961983999984,0.0,-7.762,39367.441,0.0
2.1815,-14.543388373333528,0.0,-7.762,39367.441,0.0
2.1866,-14.577144106666918,0.0,-7.762,39367.441,0.0
2.1916,-14.6108989866669,0.0,-8.345,39340.633,0.0
2.1974,-14.649572693333539,0.0,-8.345,39340.633,0.0
2.2025,-14.683341439999822,0.0,-8.345,39340.633,0.0
2.2090,-14.726693333332907,0.0,-8.345,39340.633,0.0
2.2143,-14.761803093333583,0.0,-9.086,39309.172,0.0
2.2204,-14.802962986666444,0.0,-9.086,39309.172,0.0
2.2265,-14.843179733333425,0.0,-9.086,39309.172,0.0
2.2316,-14.877020159999574,0.0,-9.086,39309.172,0.0
2.2366,-14.910799146666704,0.0,-8.901,39280.605,0.0
2.2445,-14.96314901333335,0.0,-8.901,39280.605,0.0
2.2495,-14.996927999999723,0.0,-8.901,39280.605,0.0
2.2546,-15.030700373332973,0.0,-8.901,39280.605,0.0
2.2597,-15.064464639999642,0.0,-9.171,39246.414,0.0
2.2694,-15.129618346666877,0.0,-9.171,39246.414,0.0
2.2745,-15.163393706666284,0.0,-9.171,39246.414,0.0
2.2798,-15.19853269333301,0.0,-9.171,39246.414,0.0
2.2848,-15.232304213333617,0.0,-10.022,39212.93,0.0
2.2914,-15.276307626666796,0.0,-10.022,39212.93,0.0
2.2965,-15.310071893333468,0.0,-10.022,39212.93,0.0
2.3016,-15.343851093333189,0.0,-10.022,39212.93,0.0
2.3081,-15.387162240000027,0.0,-9.632,39182.609,0.0
2.3154,-15.43629909333352,0.0,-9.632,39182.609,0.0
2.3205,-15.470070613333366,0.0,-9.632,39182.609,0.0
2.3256,-15.50383295999988,0.0,-9.632,39182.609,0.0
2.3306,-15.537594879999688,0.0,-9.137,39157.297,0.0
2.3364,-15.576253653333271,0.0,-9.137,39157.297,0.0
2.3415,-15.610033066666347,0.0,-9.137,39157.297,0.0
2.3468,-15.645165653333304,0.0,-9.137,39157.297,0.0
2.3518,-15.678935679999693,0.0,-9.137,39128.992,0.0
2.3584,-15.722964693333477,0.0,-9.137,39128.992,0.0
2.3635,-15.756734506666515,0.0,-9.137,39128.992,0.0
2.3686,-15.790501973333448,0.0,-9.137,39128.992,0.0
2.3736,-15.824264106666607,0.0,-9.165,39097.531,0.0
2.3824,-15.88291221333293,0.0,-9.165,39097.531,0.0
2.3875,-15.91668330666683,0.0,-9.165,39097.531,0.0
2.3926,-15.95044266666643,0.0,-9.165,39097.531,0.0
2.3976,-15.984199679999922,0.0,-9.792,39066.152,0.0
2.4034,-16.02293461333299,0.0,-9.792,39066.152,0.0
2.4099,-16.066193280000032,0.0,-9.792,39066.152,0.0
2.4152,-16.10132629333293,0.0,-9.792,39066.152,0.0
2.4203,-16.135101013333042,0.0,-10.169,39034.422,0.0
2.4258,-16.171822293332905,0.0,-10.169,39034.422,0.0
2.4308,-16.205591466666647,0.0,-10.169,39034.422,0.0
2.4359,-16.239352746666402,0.0,-10.169,39034.422,0.0
2.4410,-16.273111466666705,0.0,-10.169,38999.531,0.0
2.4494,-16.329650773333622,0.0,-10.169,38999.531,0.0
2.4545,-16.363421226666713,0.0,-10.169,38999.531,0.0
2.4596,-16.39718293333317,0.0,-10.169,38999.531,0.0
2.4646,-16.430941866666824,0.0,-10.888,38964.902,0.0
2.4704,-16.46964010666655,0.0,-10.888,38964.902,0.0
2.4755,-16.503410133332938,0.0,-10.888,38964.902,0.0
2.4808,-16.53870655999981,0.0,-10.888,38964.902,0.0
2.4859,-16.572477653332953,0.0,-10.659,38934.227,0.0
2.4924,-16.616297386666854,0.0,-10.659,38934.227,0.0
2.4975,-16.65006655999984,0.0,-10.659,38934.227,0.0
2.5026,-16.683826986666947,0.0,-10.553,38903.992,0.0
2.5125,-16.749921706666555,0.0,-10.553,38903.992,0.0
2.5176,-16.783900373333534,0.0,-10.553,38903.992,0.0
2.5227,-16.81797781333292,0.0,-10.553,38903.992,0.0
2.5278,-16.851823786666955,0.0,-11.568,38858.992,0.0
2.5375,-16.91636352000008,0.0,-11.568,38858.992,0.0
2.5425,-16.950151253333086,0.0,-11.568,38858.992,0.0
2.5478,-16.98525269333307,0.0,-11.568,38858.992,0.0
2.5529,-17.0190184533332,0.0,-12.237,38819.445,0.0
2.5594,-17.06294997333316,0.0,-12.237,38819.445,0.0
2.5645,-17.096727040000133,0.0,-12.237,38819.445,0.0
2.5696,-17.13049471999966,0.0,-12.237,38819.445,0.0
2.5746,-17.164254293333368,0.0,-12.731,38775.148,0.0
2.5834,-17.22296682666638,0.0,-12.731,38775.148,0.0
2.5885,-17.256742186666543,0.0,-12.731,38775.148,0.0
2.5936,-17.29061546666647,0.0,-12.731,38775.148,0.0
2.5987,-17.32438570666697,0.0,-12.124,38742.805,0.0
2.6044,-17.362980053333104,0.0,-12.124,38742.805,0.0
2.6109,-17.4063078399998,0.0,-12.124,38742.805,0.0
2.6162,-17.441458986666778,0.0,-12.124,38742.805,0.0
2.6213,-17.475292159999753,0.0,-11.252,38708.613,0.0
2.6268,-17.51204970666625,0.0,-11.252,38708.613,0.0
2.6319,-17.545831466666943,0.0,-11.252,38708.613,0.0
2.6369,-17.579598506666418,0.0,-12.555,38668.094,0.0
2.6464,-17.642972373333425,0.0,-12.555,38668.094,0.0
2.6515,-17.6767784533331,0.0,-12.555,38668.094,0.0
2.6566,-17.710541653333014,0.0,-12.555,38668.094,0.0
2.6616,-17.74429909333321,0.0,-13.848,38615.801,0.0
2.6714,-17.809621119999974,0.0,-13.848,38615.801,0.0
2.6765,-17.84339029333296,0.0,-13.848,38615.801,0.0
2.6818,-17.878468479999963,0.0,-13.848,38615.801,0.0
2.6868,-17.91225365333351,0.0,-13.196,38578.797,0.0
2.6934,-17.956298453332995,0.0,-13.196,38578.797,0.0
2.6985,-17.99015487999971,0.0,-13.196,38578.797,0.0
2.7036,-18.024109440000302,0.0,-13.196,38578.797,0.0
2.7102,-18.067711146666927,0.0,-13.735,38529.316,0.0
2.7175,-18.11633514666634,0.0,-13.735,38529.316,0.0
2.7225,-18.150114986666875,0.0,-13.735,38529.316,0.0
2.7276,-18.18388202666635,0.0,-13.735,38529.316,0.0
2.7326,-18.217652480000197,0.0,-14.715,38480.539,0.0
2.7394,-18.26295295999974,0.0,-14.715,38480.539,0.0
2.7445,-18.296722133333486,0.0,-14.715,38480.539,0.0
2.7498,-18.331851733333526,0.0,-14.715,38480.539,0.0
2.7548,-18.365624533333477,0.0,-15.116,38433.691,0.0
2.7614,-18.409640746666962,0.0,-15.116,38433.691,0.0
2.7665,-18.44341077333335,0.0,-15.116,38433.691,0.0
2.7716,-18.477244373333026,0.0,-15.116,38433.691,0.0
2.7767,-18.511002026666574,0.0,-14.722,38385.527,0.0
2.7854,-18.569642026666315,0.0,-14.722,38385.527,0.0
2.7905,-18.603406719999686,0.0,-14.722,38385.527,0.0
2.7956,-18.637178879999585,0.0,-14.722,38385.527,0.0
2.8006,-18.67094037333345,0.0,-14.643,38342.547,0.0
2.8076,-18.717278506666542,0.0,-14.643,38342.547,0.0
2.8144,-18.76291925333362,0.0,-14.643,38342.547,0.0
2.8195,-18.796832853333097,0.0,-14.345,38299.219,0.0
2.8284,-18.856319146666465,0.0,-14.345,38299.219,0.0
2.8335,-18.890098346666946,0.0,-14.345,38299.219,0.0
2.8386,-18.923860906666807,0.0,-14.345,38299.219,0.0
2.8436,-18.957620266666407,0.0,-14.345,38249.914,0.0
2.8524,-19.016292693333224,0.0,-14.345,38249.914,0.0
2.8575,-19.05007317333305,0.0,-14.345,38249.914,0.0
2.8626,-19.08386218666692,0.0,-14.345,38249.914,0.0
2.8676,-19.117626026666887,0.0,-14.088,38210.008,0.0
2.8734,-19.15630421333314,0.0,-14.088,38210.008,0.0
2.8785,-19.19007061333332,0.0,-14.088,38210.008,0.0
2.8838,-19.22516458666678,0.0,-14.088,38210.008,0.0
2.8888,-19.25893311999971,0.0,-14.402,38163.516,0.0
2.8954,-19.302957439999773,0.0,-14.402,38163.516,0.0
2.9005,-19.336726186666812,0.0,-14.402,38163.516,0.0
2.9070,-19.38002453333335,0.0,-14.402,38163.516,0.0
2.9121,-19.413795626666495,0.0,-15.227,38109.109,0.0
2.9194,-19.462945706666233,0.0,-15.227,38109.109,0.0
2.9245,-19.496715733333378,0.0,-15.227,38109.109,0.0
2.9296,-19.530476586666435,0.0,-15.227,38109.109,0.0
2.9346,-19.56423616000014,0.0,-15.506,38060.773,0.0
2.9415,-19.610179626666497,0.0,-15.506,38060.773,0.0
2.9466,-19.643949013333593,0.0,-15.506,38060.773,0.0
2.9519,-19.67902378666622,0.0,-15.506,38060.773,0.0
2.9569,-19.712791253333155,0.0,-15.706,38011.906,0.0
2.9634,-19.75628970666624,0.0,-15.706,38011.906,0.0
2.9685,-19.790056746666476,0.0,-15.706,38011.906,0.0
2.9736,-19.82381226666651,0.0,-14.952,37973.32,0.0
2.9835,-19.88970751999962,0.0,-14.952,37973.32,0.0
2.9885,-19.923513600000053,0.0,-14.952,37973.32,0.0
2.9936,-19.95729535999999,0.0,-14.952,37973.32,0.0
2.9987,-19.99106240000022,0.0,-14.275,37925.07,0.0
3.0084,-20.05628437333295,0.0,-14.275,37925.07,0.0
3.0150,-20.100101973333345,0.0,-14.275,37925.07,0.0
3.0203,-20.135483306666323,0.0,-13.808,37884.109,0.0
3.0305,-20.203067093333026,0.0,-13.808,37884.109,0.0
3.0355,-20.236886399999698,0.0,-13.808,37884.109,0.0
3.0406,-20.270668373332988,0.0,-13.808,37884.109,0.0
3.0457,-20.30443178666625,0.0,-14.119,37835.07,0.0
3.0544,-20.362983039999563,0.0,-14.119,37835.07,0.0
3.0595,-20.396758826666428,0.0,-14.119,37835.07,0.0
3.0646,-20.430550399999753,0.0,-14.119,37835.07,0.0
3.0697,-20.46478421333328,0.0,-17.339,37762.031,0.0
3.0794,-20.529575466666756,0.0,-17.339,37762.031,0.0
3.0847,-20.564798506666953,0.0,-17.339,37762.031,0.0
3.0898,-20.59857493333311,0.0,-17.339,37762.031,0.0
3.0949,-20.632346239999606,0.0,-18.459,37707.891,0.0
3.1004,-20.66962645333357,0.0,-18.459,37707.891,0.0
3.1070,-20.71312362666655,0.0,-18.459,37707.891,0.0
3.1120,-20.74690559999984,0.0,-18.097,37658.672,0.0
3.1204,-20.802971306666223,0.0,-18.097,37658.672,0.0
3.1255,-20.83674730666644,0.0,-18.097,37658.672,0.0
3.1306,-20.87051327999992,0.0,-18.097,37658.672,0.0
3.1356,-20.904095360000007,0.0,-16.657,37604.969,0.0
3.1454,-20.969648213333585,0.0,-16.657,37604.969,0.0
3.1524,-21.01588800000021,0.0,-16.657,37604.969,0.0
3.1575,-21.049683413333092,0.0,-16.859,37553.117,0.0
3.1665,-21.109693653333274,0.0,-16.859,37553.117,0.0
3.1716,-21.14370197333301,0.0,-16.859,37553.117,0.0
3.1766,-21.177610240000227,0.0,-16.859,37553.117,0.0
3.1817,-21.211415253333143,0.0,-17.965,37488.867,0.0
3.1904,-21.2696456533331,0.0,-17.965,37488.867,0.0
3.1955,-21.303428053333086,0.0,-17.965,37488.867,0.0
3.2006,-21.33719509333332,0.0,-18.049,37435.781,0.0
3.2115,-21.409668053333156,0.0,-18.049,37435.781,0.0
3.2165,-21.44344362666667,0.0,-18.049,37435.781,0.0
3.2218,-21.478573226666718,0.0,-18.049,37435.781,0.0
3.2269,-21.51235285333314,0.0,-18.81,37375.227,0.0
3.2335,-21.556337919999656,0.0,-18.81,37375.227,0.0
3.2385,-21.59010623999999,0.0,-18.81,37375.227,0.0
3.2436,-21.623870506666663,0.0,-18.81,37375.227,0.0
3.2486,-21.657634773333335,0.0,-18.255,37316.25,0.0
3.2574,-21.71631978666634,0.0,-18.255,37316.25,0.0
3.2625,-21.750109226666915,0.0,-18.255,37316.25,0.0
3.2676,-21.783877973333198,0.0,-18.255,37316.25,0.0
3.2726,-21.817638826666247,0.0,-17.356,37268.352,0.0
3.2784,-21.85625600000018,0.0,-17.356,37268.352,0.0
3.2835,-21.89006464000007,0.0,-17.356,37268.352,0.0
3.2888,-21.92552895999976,0.0,-17.356,37268.352,0.0
3.2939,-21.959358933333228,0.0,-16.818,37217.547,0.0
3.3004,-22.002984959999594,0.0,-16.818,37217.547,0.0
3.3069,-22.046307626666625,0.0,-16.818,37217.547,0.0
3.3120,-22.080080639999927,0.0,-16.818,37217.547,0.0
3.3171,-22.113846400000057,0.0,-17.055,37158.223,0.0
3.3244,-22.162953173333335,0.0,-17.055,37158.223,0.0
3.3295,-22.196775040000226,0.0,-17.055,37158.223,0.0
3.3346,-22.23064426666648,0.0,-17.055,37158.223,0.0
3.3397,-22.264460373332895,0.0,-17.587,37104.875,0.0
3.3454,-22.302927999999916,0.0,-17.587,37104.875,0.0
3.3505,-22.336702933333378,0.0,-17.587,37104.875,0.0
3.3558,-22.371816533333607,0.0,-17.587,37104.875,0.0
3.3608,-22.405598506666898,0.0,-18.892,37041.328,0.0
3.3674,-22.44961301333357,0.0,-18.892,37041.328,0.0
3.3725,-22.48353322666693,0.0,-18.892,37041.328,0.0
3.3776,-22.51734570666637,0.0,-19.175,36987.805,0.0
3.3874,-22.58295999999973,0.0,-19.175,36987.805,0.0
3.3925,-22.616738346666807,0.0,-19.175,36987.805,0.0
3.3976,-22.65053824000006,0.0,-19.175,36987.805,0.0
3.4026,-22.68430229333338,0.0,-17.492,36933.047,0.0
3.4124,-22.749578026666768,0.0,-17.492,36933.047,0.0
3.4175,-22.783353813333633,0.0,-17.492,36933.047,0.0
3.4228,-22.81844693333293,0.0,-17.492,36933.047,0.0
3.4278,-22.852220586666284,0.0,-18.347,36870.117,0.0
3.4344,-22.896284586666603,0.0,-18.347,36870.117,0.0
3.4395,-22.930061440000223,0.0,-18.347,36870.117,0.0
3.4446,-22.963822719999975,0.0,-18.347,36870.117,0.0
3.4496,-22.99761898666626,0.0,-19.514,36800.594,0.0
3.4584,-23.056237226666475,0.0,-19.514,36800.594,0.0
3.4635,-23.090009813333076,0.0,-19.514,36800.594,0.0
3.4686,-23.123773226666344,0.0,-19.514,36800.594,0.0
3.4736,-23.15755797333319,0.0,-20.429,36737.313,0.0
3.4794,-23.19623999999976,0.0,-20.429,36737.313,0.0
3.4845,-23.230011306666256,0.0,-20.429,36737.313,0.0
3.4898,-23.26510186666686,0.0,-20.429,36737.313,0.0
3.4948,-23.29887402666676,0.0,-21.617,36666.477,0.0
3.5014,-23.3429203199997,0.0,-21.617,36666.477,0.0
3.5080,-23.386472106666737,0.0,-21.617,36666.477,0.0
3.5131,-23.420385919999568,0.0,-21.245,36609.434,0.0
3.5215,-23.476452693333464,0.0,-21.245,36609.434,0.0
3.5265,-23.51024703999959,0.0,-21.245,36609.434,0.0
3.5316,-23.54401664000003,0.0,-21.245,36609.434,0.0
3.5367,-23.577864106666766,0.0,-19.997,36543.164,0.0
3.5464,-23.642906026666424,0.0,-19.997,36543.164,0.0
3.5515,-23.676682880000044,0.0,-19.997,36543.164,0.0
3.5568,-23.711931733333437,0.0,-19.997,36543.164,0.0
3.5619,-23.745809279999627,0.0,-19.864,36481.289,0.0
3.5684,-23.789642879999825,0.0,-19.864,36481.289,0.0
3.5735,-23.823444479999885,0.0,-19.864,36481.289,0.0
3.5786,-23.857219199999996,0.0,-19.864,36481.289,0.0
3.5836,-23.89076970666641,0.0,-20.549,36409.043,0.0
3.5924,-23.94955839999966,0.0,-20.549,36409.043,0.0
3.5975,-23.98333503999993,0.0,-20.549,36409.043,0.0
3.6026,-24.017100586666707,0.0,-20.744,36347.52,0.0
3.6134,-24.08966655999999,0.0,-20.744,36347.52,0.0
3.6185,-24.12351743999958,0.0,-20.744,36347.52,0.0
3.6238,-24.158752853333375,0.0,-20.744,36347.52,0.0
3.6289,-24.192533973333262,0.0,-21.103,36281.164,0.0
3.6354,-24.236231893333603,0.0,-21.103,36281.164,0.0
3.6405,-24.270011520000025,0.0,-21.103,36281.164,0.0
3.6456,-24.30378943999964,0.0,-20.308,36227.988,0.0
3.6554,-24.36962005333347,0.0,-20.308,36227.988,0.0
3.6605,-24.403395626666224,0.0,-20.308,36227.988,0.0
3.6656,-24.43722261333354,0.0,-20.308,36227.988,0.0
3.6706,-24.470987306666906,0.0,-19.667,36171.297,0.0
3.6764,-24.50957632000003,0.0,-19.667,36171.297,0.0
3.6815,-24.543364693333082,0.0,-19.667,36171.297,0.0
3.6866,-24.57713002666651,0.0,-19.667,36171.297,0.0
3.6918,-24.612262400000112,0.0,-20.679,36100.195,0.0
3.6994,-24.66291455999984,0.0,-20.679,36100.195,0.0
3.7045,-24.696682666666824,0.0,-20.679,36100.195,0.0
3.7110,-24.73999637333312,0.0,-20.876,36041.836,0.0
3.7194,-24.79622506666677,0.0,-20.876,36041.836,0.0
3.7245,-24.82999957333353,0.0,-20.876,36041.836,0.0
3.7296,-24.86376554666625,0.0,-20.876,36041.836,0.0
3.7346,-24.897569919999874,0.0,-22.546,35958.602,0.0
3.7434,-24.95622186666651,0.0,-22.546,35958.602,0.0
3.7485,-24.989995519999866,0.0,-22.546,35958.602,0.0
3.7536,-25.023758506666432,0.0,-22.546,35958.602,0.0
3.7588,-25.05887658666628,0.0,-22.761,35886.797,0.0
3.7664,-25.109594666666908,0.0,-22.761,35886.797,0.0
3.7715,-25.143484800000046,0.0,-22.761,35886.797,0.0
3.7766,-25.177290453333022,0.0,-22.761,35886.797,0.0
3.7817,-25.21108415999985,0.0,-21.604,35818.328,0.0
3.7904,-25.269571839999877,0.0,-21.604,35818.328,0.0
3.7955,-25.303387733332933,0.0,-21.604,35818.328,0.0
3.8006,-25.337230720000058,0.0,-21.804,35754.172,0.0
3.8105,-25.403001813333503,0.0,-21.804,35754.172,0.0
3.8155,-25.436805973333016,0.0,-21.804,35754.172,0.0
3.8206,-25.4705856000002,0.0,-21.804,35754.172,0.0
3.8259,-25.505754239999682,0.0,-23.004,35676.211,0.0
3.8334,-25.556282026666395,0.0,-23.004,35676.211,0.0
3.8385,-25.590059093333366,0.0,-23.004,35676.211,0.0
3.8436,-25.623823146666687,0.0,-23.621,35607.57,0.0
3.8534,-25.689591893333272,0.0,-23.621,35607.57,0.0
3.8585,-25.723364479999873,0.0,-23.621,35607.57,0.0
3.8636,-25.75712789333314,0.0,-23.621,35607.57,0.0
3.8686,-25.79088597333339,0.0,-23.933,35523.281,0.0
3.8784,-25.85624853333305,0.0,-23.933,35523.281,0.0
3.8835,-25.890024533333268,0.0,-23.933,35523.281,0.0
3.8886,-25.923806933333253,0.0,-23.933,35523.281,0.0
3.8938,-25.95897386666669,0.0,-23.258,35450.422,0.0
3.9014,-26.009640320000166,0.0,-23.258,35450.422,0.0
3.9079,-26.052992639999957,0.0,-23.258,35450.422,0.0
3.9130,-26.08677013333363,0.0,-23.258,35450.422,0.0
3.9181,-26.12054016000002,0.0,-23.171,35371.141,0.0
3.9254,-26.169629013333328,0.0,-23.171,35371.141,0.0
3.9305,-26.203400746666524,0.0,-23.171,35371.141,0.0
3.9356,-26.237173546666476,0.0,-23.171,35371.141,0.0
3.9406,-26.2709384533332,0.0,-23.645,35286.855,0.0
3.9504,-26.336235306666822,0.0,-23.645,35286.855,0.0
3.9555,-26.3700031999997,0.0,-23.645,35286.855,0.0
3.9608,-26.405249706666233,0.0,-23.645,35286.855,0.0
3.9659,-26.439026346666502,0.0,-24.325,35209.773,0.0
3.9724,-26.482885119999843,0.0,-24.325,35209.773,0.0
3.9775,-26.516671146666795,0.0,-24.325,35209.773,0.0
3.9826,-26.55043797333292,0.0,-24.325,35209.773,0.0
3.9876,-26.584109440000248,0.0,-22.293,35142.102,0.0
3.9965,-26.64301119999967,0.0,-22.293,35142.102,0.0
4.0015,-26.67682111999966,0.0,-22.293,35142.102,0.0
4.0081,-26.720493013333453,0.0,-22.293,35142.102,0.0
4.0132,-26.754522666666766,0.0,-24.113,35057.898,0.0
4.0188,-26.791893973333266,0.0,-24.113,35057.898,0.0
4.0239,-26.825869226666633,0.0,-24.113,35057.898,0.0
4.0292,-26.861221760000262,0.0,-24.113,35057.898,0.0
4.0343,-26.895191466666496,0.0,-25.239,34978.273,0.0
4.0404,-26.936308693332954,0.0,-25.239,34978.273,0.0
4.0455,-26.97010389333324,0.0,-25.239,34978.273,0.0
4.0506,-27.00388074666686,0.0,-25.702,34903.828,0.0
4.0604,-27.06961642666632,0.0,-25.702,34903.828,0.0
4.0655,-27.103405013333486,0.0,-25.702,34903.828,0.0
4.0706,-27.137179093333543,0.0,-25.702,34903.828,0.0
4.0756,-27.17080191999988,0.0,-26.165,34810.93,0.0
4.0854,-27.236308480000083,0.0,-26.165,34810.93,0.0
4.0905,-27.270110293333495,0.0,-26.165,34810.93,0.0
4.0958,-27.305267200000195,0.0,-26.165,34810.93,0.0
4.1009,-27.339052159999632,0.0,-25.775,34733.586,0.0
4.1079,-27.385887573332944,0.0,-25.775,34733.586,0.0
4.1130,-27.41970304000006,0.0,-25.775,34733.586,0.0
4.1180,-27.453466666666678,0.0,-25.775,34733.586,0.0
4.1231,-27.48728832000021,0.0,-25.194,34650.789,0.0
4.1314,-27.542922666666527,0.0,-25.194,34650.789,0.0
4.1365,-27.576708266666778,0.0,-25.194,34650.789,0.0
4.1416,-27.61048320000024,0.0,-25.194,34650.789,0.0
4.1466,-27.64429397333364,0.0,-24.959,34577.664,0.0
4.1524,-27.682916053333123,0.0,-24.959,34577.664,0.0
4.1575,-27.716701013333328,0.0,-24.959,34577.664,0.0
4.1628,-27.751829546666613,0.0,-24.959,34577.664,0.0
4.1678,-27.785600426666406,0.0,-25.433,34497.156,0.0
4.1744,-27.82959146666675,0.0,-25.433,34497.156,0.0
4.1795,-27.86335978666633,0.0,-25.433,34497.156,0.0
4.1846,-27.897119360000033,0.0,-24.598,34432.469,0.0
4.1944,-27.96290005333352,0.0,-24.598,34432.469,0.0
4.1995,-27.996667733333048,0.0,-24.598,34432.469,0.0
4.2046,-28.03042922666691,0.0,-24.598,34432.469,0.0
4.2111,-28.073853013333213,0.0,-24.581,34344.227,0.0
4.2194,-28.1295699200003,0.0,-24.581,34344.227,0.0
4.2245,-28.163344853333,0.0,-24.581,34344.227,0.0
4.2298,-28.19851050666633,0.0,-24.581,34344.227,0.0
4.2349,-28.232386133333115,0.0,-25.137,34265.656,0.0
4.2414,-28.276258346666815,0.0,-25.137,34265.656,0.0
4.2465,-28.31004053333345,0.0,-25.137,34265.656,0.0
4.2516,-28.343812053333295,0.0,-25.137,34265.656,0.0
4.2566,-28.377618346666317,0.0,-26.024,34173.457,0.0
4.2654,-28.43624597333322,0.0,-26.024,34173.457,0.0
4.2705,-28.470020906666683,0.0,-26.024,34173.457,0.0
4.2756,-28.503782186666434,0.0,-26.024,34173.457,0.0
4.2806,-28.537536853333073,0.0,-27.252,34086.18,0.0
4.2874,-28.5829105066667,0.0,-27.252,34086.18,0.0
4.2925,-28.61694826666659,0.0,-27.252,34086.18,0.0
4.2978,-28.652067839999894,0.0,-27.252,34086.18,0.0
4.3029,-28.68587541333303,0.0,-26.812,34005.586,0.0
4.3104,-28.736157866666566,0.0,-26.812,34005.586,0.0
4.3155,-28.770186666666483,0.0,-26.812,34005.586,0.0
4.3206,-28.804032639999754,0.0,-26.812,34005.586,0.0
4.3257,-28.837950933332955,0.0,-26.805,33914.266,0.0
4.3334,-28.889625599999817,0.0,-26.805,33914.266,0.0
4.3385,-28.923419520000003,0.0,-26.805,33914.266,0.0
4.3436,-28.957197439999618,0.0,-26.805,33914.266,0.0
4.3486,-28.990959786666885,0.0,-27.716,33828.223,0.0
4.3544,-29.02959125333306,0.0,-27.716,33828.223,0.0
4.3595,-29.06335936000005,0.0,-27.716,33828.223,0.0
4.3648,-29.098546986666257,0.0,-27.716,33828.223,0.0
4.3698,-29.132311679999624,0.0,-28.991,33736.023,0.0
4.3764,-29.17623487999966,0.0,-28.991,33736.023,0.0
4.3815,-29.21009365333324,0.0,-28.991,33736.023,0.0
4.3866,-29.244206506666615,0.0,-28.692,33656.57,0.0
4.3964,-29.30964522666651,0.0,-28.692,33656.57,0.0
4.4015,-29.343550933333518,0.0,-28.692,33656.57,0.0
4.4081,-29.387525119999886,0.0,-28.071,33575.539,0.0
4.4175,-29.449736320000284,0.0,-28.071,33575.539,0.0
4.4225,-29.48356629333299,0.0,-28.071,33575.539,0.0
4.4276,-29.517362560000038,0.0,-28.071,33575.539,0.0
4.4329,-29.552654933333237,0.0,-27.619,33487.559,0.0
4.4404,-29.602908586666672,0.0,-27.619,33487.559,0.0
4.4455,-29.636696106666328,0.0,-27.619,33487.559,0.0
4.4506,-29.670465280000066,0.0,-27.619,33487.559,0.0
4.4556,-29.704111146666797,0.0,-27.025,33399.141,0.0
4.4644,-29.76290965333343,0.0,-27.025,33399.141,0.0
4.4695,-29.796689919999913,0.0,-27.025,33399.141,0.0
4.4746,-29.83045226666642,0.0,-27.025,33399.141,0.0
4.4796,-29.864107306666483,0.0,-27.326,33306.945,0.0
4.4874,-29.91622527999956,0.0,-27.326,33306.945,0.0
4.4925,-29.9499953066667,0.0,-27.326,33306.945,0.0
4.4978,-29.98512085333308,0.0,-27.326,33306.945,0.0
4.5028,-30.018891733333625,0.0,-29.161,33212.461,0.0
4.5099,-30.065841066666508,0.0,-29.161,33212.461,0.0
4.5150,-30.09984362666652,0.0,-29.161,33212.461,0.0
4.5201,-30.133991039999728,0.0,-29.161,33212.461,0.0
4.5252,-30.16788202666627,0.0,-29.741,33110.242,0.0
4.5334,-30.22295423999973,0.0,-29.741,33110.242,0.0
4.5385,-30.25674495999965,0.0,-29.741,33110.242,0.0
4.5436,-30.290513279999992,0.0,-29.741,33110.242,0.0
4.5487,-30.32433877333309,0.0,-30.535,33013.828,0.0
4.5554,-30.36955029333361,0.0,-30.535,33013.828,0.0
4.5605,-30.40333333333289,0.0,-30.535,33013.828,0.0
4.5658,-30.43856426666631,0.0,-30.535,33013.828,0.0
4.5709,-30.472436480000248,0.0,-29.711,32924.969,0.0
4.5774,-30.51632213333354,0.0,-29.711,32924.969,0.0
4.5825,-30.55010111999991,0.0,-29.711,32924.969,0.0
4.5876,-30.583864746666528,0.0,-29.711,32924.969,0.0
4.5926,-30.617658453333355,0.0,-29.362,32826.359,0.0
4.6014,-30.676268586666232,0.0,-29.362,32826.359,0.0
4.6079,-30.719658453333523,0.0,-29.362,32826.359,0.0
4.6130,-30.753453653333054,0.0,-29.362,32826.359,0.0
4.6181,-30.787228586666515,0.0,-30.09,32721.68,0.0
4.6254,-30.83625450666659,0.0,-30.09,32721.68,0.0
4.6307,-30.871370026666227,0.0,-30.09,32721.68,0.0
4.6358,-30.905139626666674,0.0,-30.09,32721.68,0.0
4.6408,-30.938910719999818,0.0,-29.923,32636.338,0.0
4.6464,-30.97624170666677,0.0,-29.923,32636.338,0.0
4.6515,-31.010019199999682,0.0,-29.923,32636.338,0.0
4.6566,-31.043780906666903,0.0,-29.923,32636.338,0.0
4.6616,-31.077540053333145,0.0,-29.385,32537.988,0.0
4.6704,-31.136238079999806,0.0,-29.385,32537.988,0.0
4.6755,-31.17001151999981,0.0,-29.385,32537.988,0.0
4.6806,-31.20377066666682,0.0,-29.385,32537.988,0.0
4.6856,-31.237531093333168,0.0,-28.397,32450.186,0.0
4.6934,-31.289519786666915,0.0,-28.397,32450.186,0.0
4.6987,-31.324618026666634,0.0,-28.397,32450.186,0.0
4.7038,-31.35838528000022,0.0,-30.301,32350.254,0.0
4.7144,-31.42956245333304,0.0,-30.301,32350.254,0.0
4.7195,-31.463354453333068,0.0,-30.301,32350.254,0.0
4.7246,-31.49712767999972,0.0,-30.301,32350.254,0.0
4.7296,-31.530896426666764,0.0,-31.116,32245.576,0.0
4.7384,-31.589566933333423,0.0,-31.116,32245.576,0.0
4.7435,-31.623337386666513,0.0,-31.116,32245.576,0.0
4.7486,-31.65709738666692,0.0,-31.116,32245.576,0.0
4.7536,-31.6908657066665,0.0,-30.453,32149.072,0.0
4.7614,-31.742862080000123,0.0,-30.453,32149.072,0.0
4.7667,-31.77795328000002,0.0,-30.453,32149.072,0.0
4.7718,-31.811725226666567,0.0,-30.453,32149.072,0.0
4.7768,-31.845495466666307,0.0,-31.359,32051.602,0.0
4.7824,-31.882937386666676,0.0,-31.359,32051.602,0.0
4.7875,-31.916708053333117,0.0,-31.359,32051.602,0.0
4.7926,-31.95047466666665,0.0,-32.134,31960.459,0.0
4.8024,-32.016245546666745,0.0,-32.134,31960.459,0.0
4.8089,-32.05950912000011,0.0,-32.134,31960.459,0.0
4.8140,-32.093283413333516,0.0,-30.993,31873.447,0.0
4.8234,-32.15620842666643,0.0,-30.993,31873.447,0.0
4.8285,-32.19000191999991,0.0,-30.993,31873.447,0.0
4.8338,-32.22515264000018,0.0,-30.993,31873.447,0.0
4.8388,-32.25892799999959,0.0,-30.588,31778.701,0.0
4.8454,-32.302938880000056,0.0,-30.588,31778.701,0.0
4.8505,-32.33671829333313,0.0,-30.588,31778.701,0.0
4.8556,-32.370481493333045,0.0,-30.588,31778.701,0.0
4.8606,-32.40424639999977,0.0,-30.195,31678.594,0.0
4.8694,-32.46292992000008,0.0,-30.195,31678.594,0.0
4.8745,-32.49670293333338,0.0,-30.195,31678.594,0.0
4.8796,-32.53046933333356,0.0,-30.195,31678.594,0.0
4.8846,-32.56427370666643,0.0,-30.426,31588.066,0.0
4.8904,-32.6028614400002,0.0,-30.426,31588.066,0.0
4.8955,-32.63663850666641,0.0,-30.426,31588.066,0.0
4.9008,-32.67193173333302,0.0,-30.426,31588.066,0.0
4.9073,-32.71525525333345,0.0,-31.272,31486.113,0.0
4.9128,-32.7521990400002,0.0,-31.272,31486.113,0.0
4.9179,-32.78619029333337,0.0,-31.272,31486.113,0.0
4.9230,-32.82000192000017,0.0,-31.272,31486.113,0.0
4.9281,-32.853803520000234,0.0,-31.849,31378.887,0.0
4.9364,-32.909617279999566,0.0,-31.849,31378.887,0.0
4.9415,-32.94357141333345,0.0,-31.849,31378.887,0.0
4.9466,-32.977474560000246,0.0,-31.849,31378.887,0.0
4.9517,-33.01128895999985,0.0,-32.418,31279.482,0.0
4.9574,-33.049644800000046,0.0,-32.418,31279.482,0.0
4.9625,-33.08349823999985,0.0,-32.418,31279.482,0.0
4.9678,-33.118723626666906,0.0,-32.418,31279.482,0.0
4.9729,-33.15252778666642,0.0,-32.691,31178.408,0.0
4.9794,-33.19624767999964,0.0,-32.691,31178.408,0.0
4.9845,-33.23003605333346,0.0,-32.691,31178.408,0.0
4.9896,-33.26381631999993,0.0,-32.447,31088.848,0.0
4.9995,-33.329910613333595,0.0,-32.447,31088.848,0.0
5.0046,-33.363691946666826,0.0,-32.447,31088.848,0.0
5.0111,-33.40733333333295,0.0,-32.447,31088.848,0.0
5.0162,-33.44131456000014,0.0,-32.267,30975.293,0.0
5.0245,-33.49643477333302,0.0,-32.267,30975.293,0.0
5.0295,-33.530286506666776,0.0,-32.267,30975.293,0.0
5.0348,-33.56563498666674,0.0,-32.267,30975.293,0.0
5.0399,-33.59942634666671,0.0,-33.345,30868.594,0.0
5.0464,-33.64290944000004,0.0,-33.345,30868.594,0.0
5.0515,-33.67669994666661,0.0,-33.345,30868.594,0.0
5.0566,-33.7104836266667,0.0,-33.345,30868.594,0.0
5.0616,-33.74425792000011,0.0,-32.494,30762.422,0.0
5.0704,-33.80291242666696,0.0,-32.494,30762.422,0.0
5.0755,-33.836696106666295,0.0,-32.494,30762.422,0.0
5.0806,-33.87047189333316,0.0,-32.494,30762.422,0.0
5.0856,-33.904245119999814,0.0,-30.643,30680.068,0.0
5.0914,-33.9429038933334,0.0,-30.643,30680.068,0.0
5.0965,-33.9766920533331,0.0,-30.643,30680.068,0.0
5.1018,-34.01182975999973,0.0,-30.643,30680.068,0.0
5.1083,-34.05537322666684,0.0,-32.687,30564.932,0.0
5.1138,-34.09205077333354,0.0,-32.687,30564.932,0.0
5.1189,-34.125844906666316,0.0,-32.687,30564.932,0.0
5.1240,-34.15966912000007,0.0,-34.524,30464.648,0.0
5.1334,-34.222962559999814,0.0,-34.524,30464.648,0.0
5.1385,-34.25676991999959,0.0,-34.524,30464.648,0.0
5.1436,-34.290545279999755,0.0,-34.524,30464.648,0.0
5.1487,-34.32434986666673,0.0,-34.359,30346.084,0.0
5.1584,-34.389523413333336,0.0,-34.359,30346.084,0.0
5.1635,-34.423317760000224,0.0,-34.359,30346.084,0.0
5.1688,-34.45853802666685,0.0,-34.359,30346.084,0.0
5.1738,-34.49232768000002,0.0,-35.796,30228.486,0.0
5.1804,-34.536219519999726,0.0,-35.796,30228.486,0.0
5.1855,-34.56999573333329,0.0,-35.796,30228.486,0.0
5.1906,-34.60375893333321,0.0,-35.796,30228.486,0.0
5.1956,-34.637422719999904,0.0,-35.733,30110.449,0.0
5.2044,-34.696170026666856,0.0,-35.733,30110.449,0.0
5.2109,-34.739543893333575,0.0,-35.733,30110.449,0.0
5.2160,-34.77331733333358,0.0,-34.065,30015.791,0.0
5.2254,-34.83620714666662,0.0,-34.065,30015.791,0.0
5.2305,-34.87003861333354,0.0,-34.065,30015.791,0.0
5.2358,-34.90536832000013,0.0,-34.065,30015.791,0.0
5.2409,-34.9391584,0.0,-33.04,29915.771,0.0
5.2474,-34.98285077333321,0.0,-33.04,29915.771,0.0
5.2525,-35.016688426666555,0.0,-33.04,29915.771,0.0
5.2576,-35.05045845333294,0.0,-33.871,29815.84,0.0
5.2674,-35.116184533333126,0.0,-33.871,29815.84,0.0
5.2725,-35.149952640000116,0.0,-33.871,29815.84,0.0
5.2776,-35.18371391999987,0.0,-33.871,29815.84,0.0
5.2826,-35.21748309333361,0.0,-34.209,29695.342,0.0
5.2924,-35.28283733333334,0.0,-34.209,29695.342,0.0
5.2975,-35.31660480000028,0.0,-34.209,29695.342,0.0
5.3028,-35.35171925333316,0.0,-34.209,29695.342,0.0
5.3093,-35.39501674666629,0.0,-34.865,29586.094,0.0
5.3148,-35.43169024000008,0.0,-34.865,29586.094,0.0
5.3198,-35.46548735999977,0.0,-34.865,29586.094,0.0
5.3249,-35.4993868799996,0.0,-34.865,29586.094,0.0
5.3300,-35.53325567999991,0.0,-35.782,29461.904,0.0
5.3384,-35.58953045333359,0.0,-35.782,29461.904,0.0
5.3435,-35.623306666666394,0.0,-35.782,29461.904,0.0
5.3486,-35.657070719999716,0.0,-35.782,29461.904,0.0
5.3536,-35.690849706666846,0.0,-35.875,29357.051,0.0
5.3594,-35.72952725333304,0.0,-35.875,29357.051,0.0
5.3645,-35.76329813333359,0.0,-35.875,29357.051,0.0
5.3698,-35.79841664000014,0.0,-35.875,29357.051,0.0
5.3748,-35.83217941333336,0.0,-35.613,29247.979,0.0
5.3814,-35.876182399999834,0.0,-35.613,29247.979,0.0
5.3865,-35.90994794666661,0.0,-35.613,29247.979,0.0
5.3916,-35.94371626666695,0.0,-35.375,29148.223,0.0
5.4014,-36.00953429333307,0.0,-35.375,29148.223,0.0
5.4079,-36.05285909333361,0.0,-35.375,29148.223,0.0
5.4130,-36.086697813332954,0.0,-34.946,29047.852,0.0
5.4225,-36.14973247999993,0.0,-34.946,29047.852,0.0
5.4275,-36.183565866666264,0.0,-34.946,29047.852,0.0
5.4326,-36.217416319999906,0.0,-34.946,29047.852,0.0
5.4379,-36.25267434666663,0.0,-33.842,28941.416,0.0
5.4454,-36.30296810666626,0.0,-33.842,28941.416,0.0
5.4505,-36.336774400000046,0.0,-33.842,28941.416,0.0
5.4556,-36.37057002666628,0.0,-33.278,28847.197,0.0
5.4654,-36.43626986666656,0.0,-33.278,28847.197,0.0
5.4705,-36.470073386666776,0.0,-33.278,28847.197,0.0
5.4756,-36.50388949333319,0.0,-33.278,28847.197,0.0
5.4807,-36.53770943999992,0.0,-36.424,28709.824,0.0
5.4904,-36.6029439999996,0.0,-36.424,28709.824,0.0
5.4955,-36.63677120000026,0.0,-36.424,28709.824,0.0
5.5006,-36.670598400000166,0.0,-36.424,28709.824,0.0
5.5075,-36.71646037333327,0.0,-36.545,28592.93,0.0
5.5135,-36.756574506666766,0.0,-36.545,28592.93,0.0
5.5186,-36.7907293866665,0.0,-36.545,28592.93,0.0
5.5237,-36.824840319999716,0.0,-36.545,28592.93,0.0
5.5288,-36.85875690666686,0.0,-36.967,28466.191,0.0
5.5374,-36.91627882666656,0.0,-36.967,28466.191,0.0
5.5425,-36.9500742400002,0.0,-36.967,28466.191,0.0
5.5476,-36.98387647999956,0.0,-36.967,28466.191,0.0
5.5526,-37.01766271999986,0.0,-37.522,28332.51,0.0
5.5624,-37.08290154666656,0.0,-37.522,28332.51,0.0
5.5675,-37.11669375999994,0.0,-37.522,28332.51,0.0
5.5728,-37.15193023999973,0.0,-37.522,28332.51,0.0
5.5779,-37.18571455999987,0.0,-36.765,28222.471,0.0
5.5844,-37.2295684266669,0.0,-36.765,28222.471,0.0
5.5895,-37.26335253333294,0.0,-36.765,28222.471,0.0
5.5946,-37.297125973332946,0.0,-36.765,28222.471,0.0
5.5996,-37.330752853332946,0.0,-36.736,28097.051,0.0
5.6084,-37.389573333333225,0.0,-36.736,28097.051,0.0
5.6149,-37.43293312000029,0.0,-36.736,28097.051,0.0
5.6200,-37.46678314666648,0.0,-37.195,27987.891,0.0
5.6294,-37.52963114666651,0.0,-37.195,27987.891,0.0
5.6345,-37.56349717333327,0.0,-37.195,27987.891,0.0
5.6398,-37.598724693333075,0.0,-37.195,27987.891,0.0
5.6449,-37.63253824000003,0.0,-37.113,27871.436,0.0
5.6514,-37.676250453333374,0.0,-37.113,27871.436,0.0
5.6565,-37.7100819200003,0.0,-37.113,27871.436,0.0
5.6616,-37.743994453333016,0.0,-37.113,27871.436,0.0
5.6667,-37.777893546666895,0.0,-37.736,27741.357,0.0
5.6754,-37.836252160000186,0.0,-37.736,27741.357,0.0
5.6805,-37.870053333333544,0.0,-37.736,27741.357,0.0
5.6856,-37.903830399999755,0.0,-37.736,27741.357,0.0
5.6906,-37.93759978666685,0.0,-38.758,27624.111,0.0
5.6964,-37.97621845333348,0.0,-38.758,27624.111,0.0
5.7015,-38.00999978666672,0.0,-38.758,27624.111,0.0
5.7082,-38.05471615999977,0.0,-38.758,27624.111,0.0
5.7133,-38.08849962666651,0.0,-38.499,27507.041,0.0
5.7188,-38.125202346666356,0.0,-38.499,27507.041,0.0
5.7239,-38.15901973333363,0.0,-38.499,27507.041,0.0
5.7289,-38.19296063999976,0.0,-38.499,27507.041,0.0
5.7340,-38.22677909333303,0.0,-37.596,27383.291,0.0
5.7424,-38.2828526933334,0.0,-37.596,27383.291,0.0
5.7475,-38.31663509333339,0.0,-37.596,27383.291,0.0
5.7526,-38.35039872000001,0.0,-37.596,27383.291,0.0
5.7576,-38.3841700266665,0.0,-37.987,27269.209,0.0
5.7634,-38.42284608,0.0,-37.987,27269.209,0.0
5.7685,-38.456613120000235,0.0,-37.987,27269.209,0.0
5.7738,-38.49174016000006,0.0,-37.987,27269.209,0.0
5.7788,-38.525504213333384,0.0,-36.753,27160.488,0.0
5.7854,-38.569518506666704,0.0,-36.753,27160.488,0.0
5.7905,-38.60328426666683,0.0,-36.753,27160.488,0.0
5.7956,-38.63705322666647,0.0,-36.693,27054.932,0.0
5.8054,-38.7028731733335,0.0,-36.693,27054.932,0.0
5.8119,-38.746197546666586,0.0,-36.693,27054.932,0.0
5.8170,-38.779967359999624,0.0,-38.841,26932.412,0.0
5.8264,-38.84283797333334,0.0,-38.841,26932.412,0.0
5.8315,-38.87665856000012,0.0,-38.841,26932.412,0.0
5.8366,-38.91052352000012,0.0,-38.841,26932.412,0.0
5.8419,-38.945770666666704,0.0,-39.337,26806.377,0.0
5.8494,-38.996257706666405,0.0,-39.337,26806.377,0.0
5.8545,-39.030119253333545,0.0,-39.337,26806.377,0.0
5.8596,-39.06392490666652,0.0,-39.337,26806.377,0.0
5.8647,-39.097695999999665,0.0,-39.802,26669.883,0.0
5.8734,-39.156196693333335,0.0,-39.802,26669.883,0.0
5.8785,-39.18997312000025,0.0,-39.802,26669.883,0.0
5.8836,-39.22373333333326,0.0,-39.802,26669.883,0.0
5.8886,-39.257496533333175,0.0,-40.6,26524.863,0.0
5.8984,-39.32279039999988,0.0,-40.6,26524.863,0.0
5.9035,-39.35655744000011,0.0,-40.6,26524.863,0.0
5.9102,-39.40113002666673,0.0,-40.6,26524.863,0.0
5.9152,-39.43491029333321,0.0,-38.891,26411.836,0.0
5.9208,-39.47171434666643,0.0,-38.891,26411.836,0.0
5.9258,-39.50561984000009,0.0,-38.891,26411.836,0.0
5.9309,-39.53950528000026,0.0,-38.68,26301.973,0.0
5.9404,-39.60287232000004,0.0,-38.68,26301.973,0.0
5.9455,-39.63666453333341,0.0,-38.68,26301.973,0.0
5.9506,-39.670443306666435,0.0,-38.68,26301.973,0.0
5.9556,-39.70410943999999,0.0,-38.234,26168.379,0.0
5.9655,-39.769673386666305,0.0,-38.234,26168.379,0.0
5.9705,-39.80354837333304,0.0,-38.234,26168.379,0.0
5.9758,-39.838809386666675,0.0,-38.234,26168.379,0.0
5.9809,-39.87261205333349,0.0,-39.626,26040.586,0.0
5.9874,-39.91622101333329,0.0,-39.626,26040.586,0.0
5.9925,-39.95001066666646,0.0,-39.626,26040.586,0.0
5.9976,-39.98379157333299,0.0,-39.626,26040.586,0.0
0.0000,-40.0,0.0,-40.689,25899.082,0.0
0.0088,-40.0,0.0,-40.689,25899.082,0.0
0.0139,-40.0,0.0,-40.689,25899.082,0.0
0.0189,-40.0,0.0,-40.689,25899.082,0.0
0.0240,-40.0,0.0,-41.346,25777.178,0.0
0.0307,-40.0,0.0,-41.346,25777.178,0.0
0.0378,-40.0,0.0,-41.346,25777.178,0.0
0.0428,-40.0,0.0,-40.468,25654.922,0.0
0.0518,-40.0,0.0,-40.468,25654.922,0.0
0.0568,-40.0,0.0,-40.468,25654.922,0.0
0.0619,-40.0,0.0,-40.468,25654.922,0.0
0.0670,-40.0,0.0,-40.431,25517.725,0.0
0.0758,-40.0,0.0,-40.431,25517.725,0.0
0.0808,-40.0,0.0,-40.431,25517.725,0.0
0.0859,-40.0,0.0,-40.431,25517.725,0.0
0.0910,-40.0,0.0,-39.104,25408.828,0.0
0.0968,-40.0,0.0,-39.104,25408.828,0.0
0.1018,-40.0,0.0,-39.104,25408.828,0.0
0.1086,-40.0,0.0,-39.104,25408.828,0.0
0.1136,-40.0,0.0,-38.412,25289.912,0.0
0.1191,-40.0,0.0,-38.412,25289.912,0.0
0.1242,-40.0,0.0,-38.412,25289.912,0.0
0.1293,-40.0,0.0,-38.412,25289.912,0.0
0.1343,-40.0,0.0,-39.599,25151.309,0.0
0.1428,-40.0,0.0,-39.599,25151.309,0.0
0.1478,-40.0,0.0,-39.599,25151.309,0.0
0.1529,-40.0,0.0,-39.599,25151.309,0.0
0.1580,-40.0,0.0,-40.336,25025.361,0.0
0.1647,-40.0,0.0,-40.336,25025.361,0.0
0.1698,-40.0,0.0,-40.336,25025.361,0.0
0.1751,-40.0,0.0,-40.336,25025.361,0.0
0.1802,-40.0,0.0,-40.336,24900.029,0.0
0.1868,-40.0,0.0,-40.336,24900.029,0.0
0.1918,-40.0,0.0,-40.336,24900.029,0.0
0.1969,-40.0,0.0,-40.336,24900.029,0.0
0.2020,-40.0,0.0,-41.1,24758.525,0.0
0.2108,-40.0,0.0,-41.1,24758.525,0.0
0.2158,-40.0,0.0,-41.1,24758.525,0.0
0.2209,-40.0,0.0,-41.1,24758.525,0.0
0.2260,-40.0,0.0,-40.205,24645.059,0.0
0.2318,-40.0,0.0,-40.205,24645.059,0.0
0.2368,-40.0,0.0,-40.205,24645.059,0.0
0.2421,-40.0,0.0,-40.205,24645.059,0.0
0.2472,-40.0,0.0,-39.067,24526.23,0.0
0.2537,-40.0,0.0,-39.067,24526.23,0.0
0.2588,-40.0,0.0,-39.067,24526.23,0.0
0.2639,-40.0,0.0,-37.828,24426.123,0.0
0.2738,-40.0,0.0,-37.828,24426.123,0.0
0.2788,-40.0,0.0,-37.828,24426.123,0.0
0.2839,-40.0,0.0,-37.828,24426.123,0.0
0.2890,-40.0,0.0,-39.689,24276.182,0.0
0.2988,-40.0,0.0,-39.689,24276.182,0.0
0.3038,-40.0,0.0,-39.689,24276.182,0.0
0.3106,-40.0,0.0,-39.689,24276.182,0.0
0.3156,-40.0,0.0,-41.277,24144.697,0.0
0.3211,-40.0,0.0,-41.277,24144.697,0.0
0.3262,-40.0,0.0,-41.277,24144.697,0.0
0.3313,-40.0,0.0,-41.277,24144.697,0.0
0.3363,-40.0,0.0,-42.082,24001.26,0.0
0.3447,-40.0,0.0,-42.082,24001.26,0.0
0.3498,-40.0,0.0,-42.082,24001.26,0.0
0.3549,-40.0,0.0,-42.082,24001.26,0.0
0.3600,-40.0,0.0,-40.448,23888.672,0.0
0.3657,-40.0,0.0,-40.448,23888.672,0.0
0.3708,-40.0,0.0,-40.448,23888.672,0.0
0.3761,-40.0,0.0,-40.448,23888.672,0.0
0.3811,-40.0,0.0,-40.122,23763.164,0.0
0.3877,-40.0,0.0,-40.122,23763.164,0.0
0.3928,-40.0,0.0,-40.122,23763.164,0.0
0.3979,-40.0,0.0,-40.122,23763.164,0.0
0.4029,-40.0,0.0,-39.932,23629.922,0.0
0.4117,-40.0,0.0,-39.932,23629.922,0.0
0.4168,-40.0,0.0,-39.932,23629.922,0.0
0.4219,-40.0,0.0,-39.932,23629.922,0.0
0.4270,-40.0,0.0,-38.741,23502.656,0.0
0.4357,-40.0,0.0,-38.741,23502.656,0.0
0.4410,-40.0,0.0,-38.741,23502.656,0.0
0.4461,-40.0,0.0,-38.741,23502.656,0.0
0.4511,-40.0,0.0,-39.622,23379.697,0.0
0.4567,-40.0,0.0,-39.622,23379.697,0.0
0.4618,-40.0,0.0,-39.622,23379.697,0.0
0.4669,-40.0,0.0,-39.622,23379.697,0.0
0.4719,-40.0,0.0,-40.265,23242.412,0.0
0.4807,-40.0,0.0,-40.265,23242.412,0.0
0.4858,-40.0,0.0,-40.265,23242.412,0.0
0.4909,-40.0,0.0,-40.265,23242.412,0.0
0.4959,-40.0,0.0,-40.51,23121.65,0.0
0.5017,-40.0,0.0,-40.51,23121.65,0.0
0.5085,-40.0,0.0,-40.51,23121.65,0.0
0.5136,-40.0,0.0,-40.986,22999.043,0.0
0.5228,-40.0,0.0,-40.986,22999.043,0.0
0.5279,-40.0,0.0,-40.986,22999.043,0.0
0.5329,-40.0,0.0,-40.986,22999.043,0.0
0.5380,-40.0,0.0,-40.45,22865.889,0.0
0.5468,-40.0,0.0,-40.45,22865.889,0.0
0.5518,-40.0,0.0,-40.45,22865.889,0.0
0.5569,-40.0,0.0,-40.45,22865.889,0.0
0.5620,-40.0,0.0,-39.307,22753.564,0.0
0.5678,-40.0,0.0,-39.307,22753.564,0.0
0.5757,-40.0,0.0,-39.307,22753.564,0.0
0.5808,-40.0,0.0,-38.277,22638.428,0.0
0.5897,-40.0,0.0,-38.277,22638.428,0.0
0.5948,-40.0,0.0,-38.277,22638.428,0.0
0.5999,-40.0,0.0,-39.636,22518.984,0.0
0.6098,-40.0,0.0,-39.636,22518.984,0.0
0.6163,-40.0,0.0,-39.636,22518.984,0.0
0.6214,-40.0,0.0,-39.636,22518.984,0.0
0.6265,-40.0,0.0,-39.922,22390.664,0.0
0.6328,-40.0,0.0,-39.922,22390.664,0.0
0.6378,-40.0,0.0,-39.922,22390.664,0.0
0.6431,-40.0,0.0,-39.922,22390.664,0.0
0.6482,-40.0,0.0,-40.921,22259.268,0.0
0.6548,-40.0,0.0,-40.921,22259.268,0.0
0.6598,-40.0,0.0,-40.921,22259.268,0.0
0.6649,-40.0,0.0,-40.921,22147.031,0.0
0.6748,-40.0,0.0,-40.921,22147.031,0.0
0.6798,-40.0,0.0,-40.921,22147.031,0.0
0.6849,-40.0,0.0,-40.921,22147.031,0.0
0.6900,-40.0,0.0,-39.689,22016.602,0.0
0.6987,-40.0,0.0,-39.689,22016.602,0.0
0.7038,-40.0,0.0,-39.689,22016.602,0.0
0.7105,-40.0,0.0,-39.689,22016.602,0.0
0.7156,-40.0,0.0,-39.685,21893.291,0.0
0.7211,-40.0,0.0,-39.685,21893.291,0.0
0.7262,-40.0,0.0,-39.685,21893.291,0.0
0.7312,-40.0,0.0,-39.685,21893.291,0.0
0.7363,-40.0,0.0,-38.918,21765.938,0.0
0.7447,-40.0,0.0,-38.918,21765.938,0.0
0.7498,-40.0,0.0,-38.918,21765.938,0.0
0.7549,-40.0,0.0,-38.28,21658.096,0.0
0.7648,-40.0,0.0,-38.28,21658.096,0.0
0.7698,-40.0,0.0,-38.28,21658.096,0.0
0.7757,-40.0,0.0,-38.28,21658.096,0.0
0.7808,-40.0,0.0,-40.266,21526.26,0.0
0.7868,-40.0,0.0,-40.266,21526.26,0.0
0.7918,-40.0,0.0,-40.266,21526.26,0.0
0.7969,-40.0,0.0,-40.266,21526.26,0.0
0.8019,-40.0,0.0,-41.077,21386.865,0.0
0.8107,-40.0,0.0,-41.077,21386.865,0.0
0.8158,-40.0,0.0,-41.077,21386.865,0.0
0.8209,-40.0,0.0,-41.077,21386.865,0.0
0.8259,-40.0,0.0,-41.192,21241.406,0.0
0.8358,-40.0,0.0,-41.192,21241.406,0.0
0.8417,-40.0,0.0,-41.192,21241.406,0.0
0.8468,-40.0,0.0,-40.978,21122.051,0.0
0.8568,-40.0,0.0,-40.978,21122.051,0.0
0.8618,-40.0,0.0,-40.978,21122.051,0.0
0.8669,-40.0,0.0,-39.321,21017.813,0.0
0.8767,-40.0,0.0,-39.321,21017.813,0.0
0.8818,-40.0,0.0,-39.321,21017.813,0.0
0.8869,-40.0,0.0,-39.321,21017.813,0.0
0.8919,-40.0,0.0,-38.64,20882.988,0.0
0.9017,-40.0,0.0,-38.64,20882.988,0.0
0.9088,-40.0,0.0,-38.64,20882.988,0.0
0.9138,-40.0,0.0,-39.601,20755.811,0.0
0.9238,-40.0,0.0,-39.601,20755.811,0.0
0.9289,-40.0,0.0,-39.601,20755.811,0.0
0.9339,-40.0,0.0,-39.601,20755.811,0.0
0.9390,-40.0,0.0,-39.341,20625.908,0.0
0.9477,-40.0,0.0,-39.341,20625.908,0.0
0.9528,-40.0,0.0,-39.341,20625.908,0.0
0.9579,-40.0,0.0,-39.341,20625.908,0.0
0.9629,-40.0,0.0,-40.055,20486.953,0.0
0.9717,-40.0,0.0,-40.055,20486.953,0.0
0.9770,-40.0,0.0,-40.055,20486.953,0.0
0.9821,-40.0,0.0,-40.055,20486.953,0.0
0.9872,-40.0,0.0,-40.732,20366.191,0.0
0.9927,-40.0,0.0,-40.732,20366.191,0.0
0.9978,-40.0,0.0,-40.732,20366.191,0.0
1.0029,-40.0,0.0,-40.732,20366.191,0.0
1.0094,-40.0,0.0,-39.839,20234.971,0.0
1.0168,-40.0,0.0,-39.839,20234.971,0.0
1.0219,-40.0,0.0,-39.839,20234.971,0.0
1.0270,-40.0,0.0,-39.839,20234.971,0.0
1.0321,-40.0,0.0,-40.314,20101.992,0.0
1.0397,-40.0,0.0,-40.314,20101.992,0.0
1.0450,-40.0,0.0,-40.314,20101.992,0.0
1.0501,-40.0,0.0,-40.314,20101.992,0.0
1.0551,-40.0,0.0,-39.717,19989.492,0.0
1.0608,-40.0,0.0,-39.717,19989.492,0.0
1.0659,-40.0,0.0,-39.717,19989.492,0.0
1.0713,-40.0,0.0,-39.717,19989.492,0.0
1.0764,-40.0,0.0,-39.271,19855.986,0.0
1.0847,-40.0,0.0,-39.271,19855.986,0.0
1.0898,-40.0,0.0,-39.271,19855.986,0.0
1.0949,-40.0,0.0,-39.271,19855.986,0.0
1.0999,-40.0,0.0,-40.947,19719.58,0.0
1.1077,-40.0,0.0,-40.947,19719.58,0.0
1.1145,-40.0,0.0,-40.947,19719.58,0.0
1.1195,-40.0,0.0,-41.008,19599.434,0.0
1.1287,-40.0,0.0,-41.008,19599.434,0.0
1.1338,-40.0,0.0,-41.008,19599.434,0.0
1.1389,-40.0,0.0,-40.614,19486.318,0.0
1.1487,-40.0,0.0,-40.614,19486.318,0.0
1.1538,-40.0,0.0,-40.614,19486.318,0.0
1.1589,-40.0,0.0,-40.614,19486.318,0.0
1.1639,-40.0,0.0,-40.543,19366.875,0.0
1.1697,-40.0,0.0,-40.543,19366.875,0.0
1.1748,-40.0,0.0,-40.543,19366.875,0.0
1.1801,-40.0,0.0,-40.543,19366.875,0.0
1.1852,-40.0,0.0,-39.81,19247.432,0.0
1.1917,-40.0,0.0,-39.81,19247.432,0.0
1.1968,-40.0,0.0,-39.81,19247.432,0.0
1.2019,-40.0,0.0,-39.81,19247.432,0.0
1.2084,-40.0,0.0,-39.246,19115.508,0.0
1.2157,-40.0,0.0,-39.246,19115.508,0.0
1.2208,-40.0,0.0,-39.246,19115.508,0.0
1.2259,-40.0,0.0,-39.246,19115.508,0.0
1.2309,-40.0,0.0,-39.723,18996.064,0.0
1.2367,-40.0,0.0,-39.723,18996.064,0.0
1.2418,-40.0,0.0,-39.723,18996.064,0.0
1.2471,-40.0,0.0,-39.723,18996.064,0.0
1.2521,-40.0,0.0,-39.152,18879.346,0.0
1.2587,-40.0,0.0,-39.152,18879.346,0.0
1.2638,-40.0,0.0,-39.152,18879.346,0.0
1.2689,-40.0,0.0,-39.152,18879.346,0.0
1.2739,-40.0,0.0,-40.206,18737.666,0.0
1.2827,-40.0,0.0,-40.206,18737.666,0.0
1.2878,-40.0,0.0,-40.206,18737.666,0.0
1.2929,-40.0,0.0,-40.206,18737.666,0.0
1.2979,-40.0,0.0,-42.01,18607.939,0.0
1.3037,-40.0,0.0,-42.01,18607.939,0.0
1.3103,-40.0,0.0,-42.01,18607.939,0.0
1.3155,-40.0,0.0,-42.01,18607.939,0.0
1.3206,-40.0,0.0,-40.763,18488.496,0.0
1.3261,-40.0,0.0,-40.763,18488.496,0.0
1.3312,-40.0,0.0,-40.763,18488.496,0.0
1.3362,-40.0,0.0,-40.763,18488.496,0.0
1.3413,-40.0,0.0,-39.979,18355.43,0.0
1.3497,-40.0,0.0,-39.979,18355.43,0.0
1.3548,-40.0,0.0,-39.979,18355.43,0.0
1.3599,-40.0,0.0,-39.979,18355.43,0.0
1.3649,-40.0,0.0,-39.934,18237.48,0.0
1.3707,-40.0,0.0,-39.934,18237.48,0.0
1.3758,-40.0,0.0,-39.934,18237.48,0.0
1.3811,-40.0,0.0,-39.934,18237.48,0.0
1.3861,-40.0,0.0,-38.617,18121.289,0.0
1.3927,-40.0,0.0,-38.617,18121.289,0.0
1.3978,-40.0,0.0,-38.617,18121.289,0.0
1.4029,-40.0,0.0,-38.617,18121.289,0.0
1.4094,-40.0,0.0,-40.366,17978.555,0.0
1.4167,-40.0,0.0,-40.366,17978.555,0.0
1.4218,-40.0,0.0,-40.366,17978.555,0.0
1.4269,-40.0,0.0,-40.366,17978.555,0.0
1.4319,-40.0,0.0,-40.953,17855.947,0.0
1.4377,-40.0,0.0,-40.953,17855.947,0.0
1.4428,-40.0,0.0,-40.953,17855.947,0.0
1.4481,-40.0,0.0,-40.953,17855.947,0.0
1.4532,-40.0,0.0,-41.144,17729.033,0.0
1.4597,-40.0,0.0,-41.144,17729.033,0.0
1.4648,-40.0,0.0,-41.144,17729.033,0.0
1.4699,-40.0,0.0,-41.007,17612.93,0.0
1.4797,-40.0,0.0,-41.007,17612.93,0.0
1.4848,-40.0,0.0,-41.007,17612.93,0.0
1.4899,-40.0,0.0,-41.007,17612.93,0.0
1.4950,-40.0,0.0,-40.508,17473.799,0.0
1.5047,-40.0,0.0,-40.508,17473.799,0.0
1.5113,-40.0,0.0,-40.508,17473.799,0.0
1.5166,-40.0,0.0,-40.508,17473.799,0.0
1.5217,-40.0,0.0,-39.76,17351.719,0.0
1.5273,-40.0,0.0,-39.76,17351.719,0.0
1.5323,-40.0,0.0,-39.76,17351.719,0.0
1.5374,-40.0,0.0,-39.76,17351.719,0.0
1.5425,-40.0,0.0,-40.182,17213.379,0.0
1.5507,-40.0,0.0,-40.182,17213.379,0.0
1.5558,-40.0,0.0,-40.182,17213.379,0.0
1.5609,-40.0,0.0,-40.182,17213.379,0.0
1.5659,-40.0,0.0,-40.327,17096.484,0.0
1.5718,-40.0,0.0,-40.327,17096.484,0.0
1.5769,-40.0,0.0,-40.327,17096.484,0.0
1.5822,-40.0,0.0,-40.327,17096.484,0.0
1.5873,-40.0,0.0,-40.527,16968.076,0.0
1.5937,-40.0,0.0,-40.527,16968.076,0.0
1.5988,-40.0,0.0,-40.527,16968.076,0.0
1.6039,-40.0,0.0,-41.638,16847.578,0.0
1.6137,-40.0,0.0,-41.638,16847.578,0.0
1.6188,-40.0,0.0,-41.638,16847.578,0.0
1.6239,-40.0,0.0,-41.638,16847.578,0.0
1.6289,-40.0,0.0,-40.361,16711.963,0.0
1.6387,-40.0,0.0,-40.361,16711.963,0.0
1.6438,-40.0,0.0,-40.361,16711.963,0.0
1.6491,-40.0,0.0,-40.361,16711.963,0.0
1.6541,-40.0,0.0,-39.701,16589.092,0.0
1.6607,-40.0,0.0,-39.701,16589.092,0.0
1.6658,-40.0,0.0,-39.701,16589.092,0.0
1.6709,-40.0,0.0,-39.701,16589.092,0.0
1.6760,-40.0,0.0,-40.093,16453.125,0.0
1.6847,-40.0,0.0,-40.093,16453.125,0.0
1.6898,-40.0,0.0,-40.093,16453.125,0.0
1.6949,-40.0,0.0,-40.093,16453.125,0.0
1.6999,-40.0,0.0,-39.119,16340.01,0.0
1.7057,-40.0,0.0,-39.119,16340.01,0.0
1.7123,-40.0,0.0,-39.119,16340.01,0.0
1.7175,-40.0,0.0,-39.119,16340.01,0.0
1.7226,-40.0,0.0,-39.946,16213.535,0.0
1.7281,-40.0,0.0,-39.946,16213.535,0.0
1.7332,-40.0,0.0,-39.946,16213.535,0.0
1.7382,-40.0,0.0,-40.615,16096.729,0.0
1.7477,-40.0,0.0,-40.615,16096.729,0.0
1.7528,-40.0,0.0,-40.615,16096.729,0.0
1.7579,-40.0,0.0,-40.615,16096.729,0.0
1.7629,-40.0,0.0,-40.749,15975.703,0.0
1.7687,-40.0,0.0,-40.749,15975.703,0.0
1.7738,-40.0,0.0,-40.749,15975.703,0.0
1.7789,-40.0,0.0,-40.749,15975.703,0.0
1.7841,-40.0,0.0,-41.103,15842.021,0.0
1.7917,-40.0,0.0,-41.103,15842.021,0.0
1.7968,-40.0,0.0,-41.103,15842.021,0.0
1.8019,-40.0,0.0,-41.637,15723.281,0.0
1.8117,-40.0,0.0,-41.637,15723.281,0.0
1.8168,-40.0,0.0,-41.637,15723.281,0.0
1.8219,-40.0,0.0,-41.637,15723.281,0.0
1.8270,-40.0,0.0,-40.153,15593.379,0.0
1.8357,-40.0,0.0,-40.153,15593.379,0.0
1.8408,-40.0,0.0,-40.153,15593.379,0.0
1.8459,-40.0,0.0,-40.153,15593.379,0.0
1.8511,-40.0,0.0,-38.716,15472.441,0.0
1.8587,-40.0,0.0,-38.716,15472.441,0.0
1.8638,-40.0,0.0,-38.716,15472.441,0.0
1.8689,-40.0,0.0,-38.716,15472.441,0.0
1.8739,-40.0,0.0,-40.146,15330.41,0.0
1.8827,-40.0,0.0,-40.146,15330.41,0.0
1.8878,-40.0,0.0,-40.146,15330.41,0.0
1.8929,-40.0,0.0,-40.146,15218.174,0.0
1.9027,-40.0,0.0,-40.146,15218.174,0.0
1.9093,-40.0,0.0,-40.146,15218.174,0.0
1.9143,-40.0,0.0,-40.146,15218.174,0.0
1.9196,-40.0,0.0,-41.319,15079.219,0.0
1.9257,-40.0,0.0,-41.319,15079.219,0.0
1.9308,-40.0,0.0,-41.319,15079.219,0.0
1.9359,-40.0,0.0,-41.168,14966.631,0.0
1.9457,-40.0,0.0,-41.168,14966.631,0.0
1.9508,-40.0,0.0,-41.168,14966.631,0.0
1.9559,-40.0,0.0,-41.168,14966.631,0.0
1.9609,-40.0,0.0,-41.168,14966.631,0.0
1.9660,-40.0,0.0,-39.645,14814.932,0.0
1.9737,-40.0,0.0,-39.645,14814.932,0.0
1.9788,-40.0,0.0,-39.645,14814.932,0.0
1.9841,-40.0,0.0,-39.645,14814.932,0.0
1.9891,-40.0,0.0,-39.619,14691.182,0.0
1.9957,-40.0,0.0,-39.619,14691.182,0.0
0.0000,-39.99999829333319,0.0,-39.619,14691.182,0.0
0.0065,-39.956561919999935,0.0,-39.619,14691.182,0.0
0.0116,-39.9227255466667,0.0,-39.171,14560.313,0.0
0.0189,-39.8740541866664,0.0,-39.171,14560.313,0.0
0.0240,-39.840266880000094,0.0,-39.171,14560.313,0.0
0.0290,-39.80650026666657,0.0,-39.171,14560.313,0.0
0.0341,-39.772727253333265,0.0,-39.822,14435.508,0.0
0.0409,-39.72737557333327,0.0,-39.822,14435.508,0.0
0.0460,-39.69358975999967,0.0,-39.822,14435.508,0.0
0.0512,-39.658405759999674,0.0,-39.822,14435.508,0.0
0.0563,-39.62463018666691,0.0,-40.24,14308.33,0.0
0.0629,-39.58074858666654,0.0,-40.24,14308.33,0.0
0.0680,-39.546924160000195,0.0,-40.24,14308.33,0.0
0.0731,-39.512981973333204,0.0,-40.522,14194.072,0.0
0.0829,-39.447401599999615,0.0,-40.522,14194.072,0.0
0.0880,-39.413585066666506,0.0,-40.522,14194.072,0.0
0.0930,-39.37980437333332,0.0,-40.522,14194.072,0.0
0.0981,-39.346037546666444,0.0,-41.009,14047.822,0.0
0.1079,-39.28066773333361,0.0,-41.009,14047.822,0.0
0.1159,-39.227217706666885,0.0,-41.009,14047.822,0.0
0.1210,-39.193416106666824,0.0,-41.033,13922.93,0.0
0.1299,-39.13392682666654,0.0,-41.033,13922.93,0.0
0.1350,-39.09984213333322,0.0,-41.033,13922.93,0.0
0.1401,-39.06602069333303,0.0,-41.033,13922.93,0.0
0.1452,-39.0322250666668,0.0,-39.422,13794.785,0.0
0.1539,-38.97401557333296,0.0,-39.422,13794.785,0.0
0.1590,-38.94022848000001,0.0,-39.422,13794.785,0.0
0.1640,-38.90645866666697,0.0,-39.422,13794.785,0.0
0.1691,-38.87269482666701,0.0,-37.823,13688.877,0.0
0.1749,-38.83407360000016,0.0,-37.823,13688.877,0.0
0.1800,-38.800291413333525,0.0,-37.823,13688.877,0.0
0.1853,-38.76491071999984,0.0,-37.823,13688.877,0.0
0.1903,-38.73113130666676,0.0,-39.918,13555.547,0.0
0.1969,-38.68742399999974,0.0,-39.918,13555.547,0.0
0.2020,-38.65364778666693,0.0,-39.918,13555.547,0.0
0.2085,-38.610234239999954,0.0,-39.538,13447.793,0.0
0.2169,-38.554084053333405,0.0,-39.538,13447.793,0.0
0.2220,-38.52025941333295,0.0,-39.538,13447.793,0.0
0.2270,-38.4863918933335,0.0,-39.538,13447.793,0.0
0.2321,-38.45267114666664,0.0,-40.108,13303.037,0.0
0.2419,-38.387360640000075,0.0,-40.108,13303.037,0.0
0.2470,-38.35357290666631,0.0,-40.108,13303.037,0.0
0.2522,-38.31839274666663,0.0,-40.108,13303.037,0.0
0.2573,-38.28461354666691,0.0,-40.222,13180.342,0.0
0.2639,-38.24075946666653,0.0,-40.222,13180.342,0.0
0.2690,-38.206971520000174,0.0,-40.222,13180.342,0.0
0.2740,-38.17316928000006,0.0,-40.222,13180.342,0.0
0.2791,-38.139393279999844,0.0,-39.284,13050.791,0.0
0.2879,-38.08074325333337,0.0,-39.284,13050.791,0.0
0.2930,-38.04697002666671,0.0,-39.284,13050.791,0.0
0.2980,-38.01320511999999,0.0,-39.284,13050.791,0.0
0.3031,-37.97944533333369,0.0,-39.215,12934.6,0.0
0.3100,-37.93306175999987,0.0,-39.215,12934.6,0.0
0.3169,-37.88733760000014,0.0,-39.215,12934.6,0.0
0.3220,-37.853370453333355,0.0,-38.349,12821.045,0.0
0.3309,-37.79405354666702,0.0,-38.349,12821.045,0.0
0.3360,-37.76022719999977,0.0,-38.349,12821.045,0.0
0.3410,-37.7263571200001,0.0,-38.349,12821.045,0.0
0.3461,-37.6925565866668,0.0,-38.423,12689.209,0.0
0.3549,-37.63407466666649,0.0,-38.423,12689.209,0.0
0.3600,-37.600282666666466,0.0,-38.423,12689.209,0.0
0.3650,-37.56650090666653,0.0,-38.423,12689.209,0.0
0.3701,-37.532720000000005,0.0,-38.332,12576.182,0.0
0.3759,-37.49403221333296,0.0,-38.332,12576.182,0.0
0.3810,-37.46012693333341,0.0,-38.332,12576.182,0.0
0.3863,-37.424841600000036,0.0,-38.332,12576.182,0.0
0.3913,-37.39105685333319,0.0,-39.326,12451.025,0.0
0.3979,-37.347377493333624,0.0,-39.326,12451.025,0.0
0.4030,-37.313605119999615,0.0,-39.326,12451.025,0.0
0.4095,-37.270128640000166,0.0,-39.326,12451.025,0.0
0.4146,-37.236058666666544,0.0,-38.966,12321.563,0.0
0.4219,-37.187378773332966,0.0,-38.966,12321.563,0.0
0.4269,-37.15378261333323,0.0,-38.966,12321.563,0.0
0.4320,-37.11982399999973,0.0,-38.966,12321.563,0.0
0.4371,-37.085949226666344,0.0,-39.033,12205.283,0.0
0.4430,-37.04689173333312,0.0,-39.033,12205.283,0.0
0.4480,-37.0130600533336,0.0,-39.033,12205.283,0.0
0.4533,-36.9777277866668,0.0,-39.033,12205.283,0.0
0.4584,-36.943903573333046,0.0,-38.491,12089.619,0.0
0.4649,-36.90073770666686,0.0,-38.491,12089.619,0.0
0.4700,-36.8669393066663,0.0,-38.491,12089.619,0.0
0.4750,-36.83316117333334,0.0,-38.491,12089.619,0.0
0.4801,-36.799392426666294,0.0,-36.799,11971.582,0.0
0.4889,-36.74074517333338,0.0,-36.799,11971.582,0.0
0.4940,-36.706940159999704,0.0,-36.799,11971.582,0.0
0.4990,-36.67303680000032,0.0,-36.799,11971.582,0.0
0.5041,-36.639209813333004,0.0,-36.699,11860.225,0.0
0.5111,-36.592338133333065,0.0,-36.699,11860.225,0.0
0.5189,-36.540349013333376,0.0,-36.699,11860.225,0.0
0.5241,-36.50629418666691,0.0,-38.667,11736.563,0.0
0.5319,-36.45400127999968,0.0,-38.667,11736.563,0.0
0.5370,-36.42019050666628,0.0,-38.667,11736.563,0.0
0.5420,-36.38641791999968,0.0,-37.621,11635.225,0.0
0.5519,-36.32076010666651,0.0,-37.621,11635.225,0.0
0.5570,-36.2869821866669,0.0,-37.621,11635.225,0.0
0.5620,-36.253162240000165,0.0,-37.621,11635.225,0.0
0.5671,-36.21925973333342,0.0,-38.473,11495.566,0.0
0.5769,-36.15411498666693,0.0,-38.473,11495.566,0.0
0.5820,-36.12032320000026,0.0,-38.473,11495.566,0.0
0.5872,-36.08518336000012,0.0,-38.473,11495.566,0.0
0.5923,-36.05134762666694,0.0,-38.763,11376.387,0.0
0.5989,-36.00741568000027,0.0,-38.763,11376.387,0.0
0.6040,-35.9735844266667,0.0,-38.763,11376.387,0.0
0.6105,-35.930022613333676,0.0,-38.763,11376.387,0.0
0.6156,-35.89612159999964,0.0,-37.092,11257.559,0.0
0.6229,-35.84739797333365,0.0,-37.092,11257.559,0.0
0.6280,-35.81361408000021,0.0,-37.092,11257.559,0.0
0.6330,-35.77983104000017,0.0,-37.092,11257.559,0.0
0.6381,-35.746004480000316,0.0,-36.919,11142.686,0.0
0.6449,-35.70080085333302,0.0,-36.919,11142.686,0.0
0.6499,-35.667018239999685,0.0,-36.919,11142.686,0.0
0.6552,-35.631875200000046,0.0,-36.919,11142.686,0.0
0.6603,-35.59809685333297,0.0,-36.164,11035.107,0.0
0.6669,-35.55408917333352,0.0,-36.164,11035.107,0.0
0.6720,-35.52031381333336,0.0,-36.164,11035.107,0.0
0.6770,-35.486551040000144,0.0,-35.771,10934.033,0.0
0.6869,-35.42070399999981,0.0,-35.771,10934.033,0.0
0.6920,-35.3869141333333,0.0,-35.771,10934.033,0.0
0.6970,-35.35315093333338,0.0,-35.771,10934.033,0.0
0.7021,-35.31939370666654,0.0,-35.971,10826.631,0.0
0.7090,-35.27307520000022,0.0,-35.971,10826.631,0.0
0.7141,-35.239292586666885,0.0,-35.971,10826.631,0.0
0.7192,-35.205524693333246,0.0,-35.971,10826.631,0.0
0.7244,-35.1703667199998,0.0,-37.238,10702.178,0.0
0.7309,-35.12741439999976,0.0,-37.238,10702.178,0.0
0.7360,-35.09356480000027,0.0,-37.238,10702.178,0.0
0.7410,-35.05975296000012,0.0,-37.054,10599.521,0.0
0.7510,-34.99345429333365,0.0,-37.054,10599.521,0.0
0.7560,-34.95967509333317,0.0,-37.054,10599.521,0.0
0.7611,-34.92590378666667,0.0,-37.054,10599.521,0.0
0.7662,-34.89201130666667,0.0,-37.054,10599.521,0.0
0.7713,-34.858191786666644,0.0,-35.981,10461.27,0.0
0.7789,-34.807223039999826,0.0,-35.981,10461.27,0.0
0.7840,-34.77342314666657,0.0,-35.981,10461.27,0.0
0.7893,-34.738117333333015,0.0,-35.981,10461.27,0.0
0.7944,-34.70427263999985,0.0,-36.255,10347.275,0.0
0.8009,-34.66068501333363,0.0,-36.255,10347.275,0.0
0.8074,-34.61725333333334,0.0,-36.255,10347.275,0.0
0.8125,-34.58346901333319,0.0,-36.255,10347.275,0.0
0.8175,-34.54969322666633,0.0,-35.542,10230.557,0.0
0.8249,-34.50071402666632,0.0,-35.542,10230.557,0.0
0.8300,-34.466922453333005,0.0,-35.542,10230.557,0.0
0.8350,-34.433149866666405,0.0,-35.542,10230.557,0.0
0.8401,-34.39941141333369,0.0,-34.08,10129.834,0.0
0.8469,-34.35414314666635,0.0,-34.08,10129.834,0.0
0.8519,-34.3203703466664,0.0,-34.08,10129.834,0.0
0.8572,-34.28512661333343,0.0,-34.08,10129.834,0.0
0.8623,-34.25135317333343,0.0,-35.735,10010.566,0.0
0.8689,-34.20745664,0.0,-35.735,10010.566,0.0
0.8740,-34.173649920000265,0.0,-35.735,10010.566,0.0
0.8790,-34.13988330666674,0.0,-35.352,9916.436,0.0
0.8869,-34.0870946133335,0.0,-35.352,9916.436,0.0
0.8921,-34.05274602666699,0.0,-35.352,9916.436,0.0
0.8972,-34.01897471999973,0.0,-35.352,9916.436,0.0
0.9022,-33.985211306666464,0.0,-35.352,9916.436,0.0
0.9087,-33.9418242133335,0.0,-34.972,9792.861,0.0
0.9142,-33.90518165333333,0.0,-34.972,9792.861,0.0
0.9193,-33.87137173333334,0.0,-34.972,9792.861,0.0
0.9246,-33.83620992000033,0.0,-34.972,9792.861,0.0
0.9296,-33.80236864000002,0.0,-36.857,9671.748,0.0
0.9359,-33.76078591999961,0.0,-36.857,9671.748,0.0
0.9410,-33.72699711999985,0.0,-36.857,9671.748,0.0
0.9460,-33.69321855999942,0.0,-36.857,9671.748,0.0
0.9511,-33.65937770666657,0.0,-35.914,9557.139,0.0
0.9579,-33.613770666666674,0.0,-35.914,9557.139,0.0
0.9631,-33.5790485333329,0.0,-35.914,9557.139,0.0
0.9682,-33.54526549333286,0.0,-35.914,9557.139,0.0
0.9733,-33.51149631999988,0.0,-34.567,9458.877,0.0
0.9789,-33.473818666667135,0.0,-34.567,9458.877,0.0
0.9841,-33.43936256000006,0.0,-34.567,9458.877,0.0
0.9894,-33.40425045333404,0.0,-34.567,9458.877,0.0
0.9944,-33.370483413333055,0.0,-34.284,9352.881,0.0
1.0009,-33.3271788800001,0.0,-34.284,9352.881,0.0
1.0076,-33.282413226666755,0.0,-34.284,9352.881,0.0
1.0127,-33.24839466666693,0.0,-34.284,9352.881,0.0
1.0179,-33.21428458666636,0.0,-33.852,9260.684,0.0
1.0234,-33.17719744000063,0.0,-33.852,9260.684,0.0
1.0285,-33.14327381333366,0.0,-33.852,9260.684,0.0
1.0336,-33.109382613333004,0.0,-33.852,9260.684,0.0
1.0387,-33.075565653333946,0.0,-33.286,9143.086,0.0
1.0459,-33.02707776000034,0.0,-33.286,9143.086,0.0
1.0511,-32.99241557333289,0.0,-33.286,9143.086,0.0
1.0564,-32.95720597333381,0.0,-33.286,9143.086,0.0
1.0615,-32.923409066666714,0.0,-33.747,9037.002,0.0
1.0679,-32.88044800000004,0.0,-33.747,9037.002,0.0
1.0732,-32.84549461333351,0.0,-33.747,9037.002,0.0
1.0782,-32.81171007999925,0.0,-33.747,9037.002,0.0
1.0833,-32.77793962666616,0.0,-33.747,9037.002,0.0
1.0884,-32.744176426667,0.0,-34.823,8916.943,0.0
1.0939,-32.70749141333378,0.0,-34.823,8916.943,0.0
1.0989,-32.67368021333292,0.0,-34.823,8916.943,0.0
1.1040,-32.639904213332706,0.0,-34.571,8816.133,0.0
1.1129,-32.58048063999998,0.0,-34.571,8816.133,0.0
1.1181,-32.54583615999991,0.0,-34.571,8816.133,0.0
1.1239,-32.50721984000014,0.0,-34.571,8816.133,0.0
1.1290,-32.47344085333301,0.0,-33.983,8712.773,0.0
1.1349,-32.433822293333684,0.0,-33.983,8712.773,0.0
1.1401,-32.39940117333314,0.0,-33.983,8712.773,0.0
1.1452,-32.36559082666721,0.0,-33.983,8712.773,0.0
1.1502,-32.33181141333338,0.0,-33.983,8712.773,0.0
1.1553,-32.29804650666589,0.0,-34.299,8595.088,0.0
1.1609,-32.260855039999875,0.0,-34.299,8595.088,0.0
1.1659,-32.227079680000465,0.0,-34.299,8595.088,0.0
1.1710,-32.1933192533326,0.0,-34.299,8595.088,0.0
1.1761,-32.15955477333333,0.0,-33.345,8482.588,0.0
1.1839,-32.10703552000041,0.0,-33.345,8482.588,0.0
1.1909,-32.06054101333317,0.0,-33.345,8482.588,0.0
1.1960,-32.02665279999943,0.0,-33.345,8482.588,0.0
1.2011,-31.99283669333378,0.0,-32.234,8391.006,0.0
1.2080,-31.94644693333354,0.0,-32.234,8391.006,0.0
1.2131,-31.912625279999247,0.0,-32.234,8391.006,0.0
1.2182,-31.878840533333914,0.0,-32.234,8391.006,0.0
1.2232,-31.84504917333394,0.0,-31.465,8285.537,0.0
1.2290,-31.80699306666687,0.0,-31.465,8285.537,0.0
1.2342,-31.77204415999995,0.0,-31.465,8285.537,0.0
1.2393,-31.738030933333143,0.0,-31.465,8285.537,0.0
1.2444,-31.70398336000062,0.0,-31.986,8190.527,0.0
1.2519,-31.65411498666723,0.0,-31.986,8190.527,0.0
1.2579,-31.613733333332824,0.0,-31.986,8190.527,0.0
1.2630,-31.57994239999956,0.0,-31.62,8098.418,0.0
1.2709,-31.527094186666694,0.0,-31.62,8098.418,0.0
1.2761,-31.492734506666693,0.0,-31.62,8098.418,0.0
1.2812,-31.45894101333321,0.0,-31.62,8098.418,0.0
1.2862,-31.42514282666601,0.0,-31.62,8098.418,0.0
1.2913,-31.39134464000032,0.0,-32.085,7987.5,0.0
1.2969,-31.354124586666785,0.0,-32.085,7987.5,0.0
1.3020,-31.320300586666384,0.0,-32.085,7987.5,0.0
1.3085,-31.276808746666426,0.0,-32.875,7888.008,0.0
1.3179,-31.21408895999972,0.0,-32.875,7888.008,0.0
1.3249,-31.167468373333428,0.0,-32.875,7888.008,0.0
1.3300,-31.13354922666607,0.0,-33.02,7786.494,0.0
1.3379,-31.080352213333903,0.0,-33.02,7786.494,0.0
1.3432,-31.04561365333287,0.0,-33.02,7786.494,0.0
1.3482,-31.011821013332792,0.0,-33.02,7786.494,0.0
1.3533,-30.978028373332712,0.0,-33.02,7786.494,0.0
1.3584,-30.944249386667103,0.0,-31.566,7685.42,0.0
1.3639,-30.907401386667367,0.0,-31.566,7685.42,0.0
1.3690,-30.873615360000407,0.0,-31.566,7685.42,0.0
1.3740,-30.83983018666686,0.0,-31.566,7685.42,0.0
1.3791,-30.805922773333045,0.0,-30.802,7588.037,0.0
1.3870,-30.753557333333298,0.0,-30.802,7588.037,0.0
1.3923,-30.718225493333954,0.0,-30.802,7588.037,0.0
1.3974,-30.684332800000597,0.0,-30.802,7588.037,0.0
1.4024,-30.650354773332914,0.0,-31.116,7493.994,0.0
1.4095,-30.60322688000042,0.0,-31.116,7493.994,0.0
1.4146,-30.569218986666634,0.0,-31.116,7493.994,0.0
1.4197,-30.535379626666476,0.0,-30.603,7409.531,0.0
1.4260,-30.493626453333036,0.0,-30.603,7409.531,0.0
1.4312,-30.458859946666813,0.0,-30.603,7409.531,0.0
1.4362,-30.425083733334,0.0,-30.603,7409.531,0.0
1.4413,-30.391308373333082,0.0,-31.063,7312.676,0.0
1.4499,-30.334224853334035,0.0,-31.063,7312.676,0.0
1.4549,-30.300452480000025,0.0,-31.063,7312.676,0.0
1.4602,-30.265343573333517,0.0,-31.063,7312.676,0.0
1.4653,-30.231568853333407,0.0,-31.149,7216.611,0.0
1.4719,-30.18750271999958,0.0,-31.149,7216.611,0.0
1.4769,-30.153721173333757,0.0,-31.149,7216.611,0.0
1.4820,-30.119956693332973,0.0,-31.62,7124.766,0.0
1.4899,-30.067106133334015,0.0,-31.62,7124.766,0.0
1.4951,-30.032479146667207,0.0,-31.62,7124.766,0.0
1.5002,-29.99871125333281,0.0,-31.62,7124.766,0.0
1.5068,-29.954933759999374,0.0,-31.62,7124.766,0.0
1.5119,-29.920920533332566,0.0,-31.484,7015.693,0.0
1.5175,-29.883435093333144,0.0,-31.484,7015.693,0.0
1.5226,-29.849349333333066,0.0,-31.484,7015.693,0.0
1.5279,-29.81381845333317,0.0,-31.484,7015.693,0.0
1.5330,-29.780025813333094,0.0,-31.146,6919.805,0.0
1.5389,-29.740830080000553,0.0,-31.146,6919.805,0.0
1.5439,-29.707055786667144,0.0,-31.146,6919.805,0.0
1.5490,-29.673282773333842,0.0,-31.146,6919.805,0.0
1.5541,-29.63952021333398,0.0,-30.778,6817.5,0.0
1.5630,-29.58026325333397,0.0,-30.778,6817.5,0.0
1.5681,-29.54626474666611,0.0,-30.778,6817.5,0.0
1.5732,-29.512289280000157,0.0,-30.031,6736.553,0.0
1.5829,-29.447184640000614,0.0,-30.031,6736.553,0.0
1.5880,-29.413378346666075,0.0,-30.031,6736.553,0.0
1.5933,-29.378095360000316,0.0,-30.031,6736.553,0.0
1.5984,-29.34431295999957,0.0,-29.358,6646.641,0.0
1.6037,-29.308475306666725,0.0,-29.358,6646.641,0.0
1.6104,-29.26405589333399,0.0,-29.358,6646.641,0.0
1.6157,-29.228449279999797,0.0,-29.358,6646.641,0.0
1.6208,-29.194512853333283,0.0,-28.256,6555.498,0.0
1.6269,-29.153698133332757,0.0,-28.256,6555.498,0.0
1.6322,-29.11899520000058,0.0,-28.256,6555.498,0.0
1.6372,-29.085092053333785,0.0,-28.256,6555.498,0.0
1.6423,-29.051275946666618,0.0,-28.802,6462.334,0.0
1.6509,-28.99418282666602,0.0,-28.802,6462.334,0.0
1.6559,-28.96039466666707,0.0,-28.802,6462.334,0.0
1.6612,-28.9250045866667,0.0,-28.802,6462.334,0.0
1.6663,-28.89118890666623,0.0,-29.605,6368.906,0.0
1.6717,-28.855362986666933,0.0,-29.605,6368.906,0.0
1.6769,-28.82072661333268,0.0,-29.605,6368.906,0.0
1.6820,-28.786942079999942,0.0,-29.605,6368.906,0.0
1.6870,-28.753176106666462,0.0,-28.898,6274.951,0.0
1.6969,-28.68751978666675,0.0,-28.898,6274.951,0.0
1.7019,-28.65373141333369,0.0,-28.898,6274.951,0.0
1.7085,-28.610220373333657,0.0,-28.94,6188.467,0.0
1.7179,-28.547443626666034,0.0,-28.94,6188.467,0.0
1.7230,-28.513525546666187,0.0,-28.94,6188.467,0.0
1.7283,-28.47818901333312,0.0,-28.94,6188.467,0.0
1.7333,-28.444391040000028,0.0,-29.66,6093.896,0.0
1.7399,-28.4008565333329,0.0,-29.66,6093.896,0.0
1.7449,-28.36706303999942,0.0,-29.66,6093.896,0.0
1.7500,-28.333260373332603,0.0,-29.956,6009.521,0.0
1.7579,-28.28044949333389,0.0,-29.956,6009.521,0.0
1.7631,-28.245808213333323,0.0,-29.956,6009.521,0.0
1.7682,-28.212037546666124,0.0,-29.956,6009.521,0.0
1.7733,-28.178236800000224,0.0,-29.956,6009.521,0.0
1.7783,-28.144382719999612,0.0,-29.033,5915.391,0.0
1.7839,-28.107493120000225,0.0,-29.033,5915.391,0.0
1.7889,-28.073710080000183,0.0,-29.033,5915.391,0.0
1.7942,-28.038550400000684,0.0,-29.033,5915.391,0.0
1.7993,-28.004754559999583,0.0,-28.235,5830.488,0.0
1.8059,-27.960824320000484,0.0,-28.235,5830.488,0.0
1.8124,-27.917440853333726,0.0,-28.235,5830.488,0.0
1.8175,-27.88365909333379,0.0,-28.235,5830.488,0.0
1.8225,-27.849895466666414,0.0,-27.477,5739.873,0.0
1.8299,-27.800804906667054,0.0,-27.477,5739.873,0.0
1.8350,-27.76690560000058,0.0,-27.477,5739.873,0.0
1.8400,-27.73307946666667,0.0,-26.73,5667.715,0.0
1.8499,-27.667469866667034,0.0,-26.73,5667.715,0.0
1.8549,-27.63369429333352,0.0,-26.73,5667.715,0.0
1.8609,-27.593792639999418,0.0,-26.73,5667.715,0.0
1.8660,-27.56001045333278,0.0,-27.871,5576.221,0.0
1.8719,-27.5208580266667,0.0,-27.871,5576.221,0.0
1.8769,-27.48708287999989,0.0,-27.871,5576.221,0.0
1.8820,-27.45330240000006,0.0,-27.871,5576.221,0.0
1.8871,-27.4195131733336,0.0,-27.592,5484.902,0.0
1.8959,-27.360872319999697,0.0,-27.592,5484.902,0.0
1.9009,-27.32709013333306,0.0,-27.592,5484.902,0.0
1.9075,-27.28357695999951,0.0,-27.592,5484.902,0.0
1.9125,-27.249794346666175,0.0,-27.643,5386.641,0.0
1.9209,-27.194184106666246,0.0,-27.643,5386.641,0.0
1.9279,-27.14734720000024,0.0,-27.643,5386.641,0.0
1.9330,-27.11347072000005,0.0,-28.154,5299.014,0.0
1.9429,-27.04746453333352,0.0,-28.154,5299.014,0.0
1.9479,-27.013672106666036,0.0,-28.154,5299.014,0.0
1.9530,-26.979901653332945,0.0,-28.154,5299.014,0.0
1.9581,-26.946133333333364,0.0,-27.358,5209.365,0.0
1.9669,-26.88752362666719,0.0,-27.358,5209.365,0.0
1.9719,-26.853747839999567,0.0,-27.358,5209.365,0.0
1.9770,-26.819981013332683,0.0,-27.358,5209.365,0.0
1.9821,-26.786193280000436,0.0,-26.437,5122.881,0.0
1.9909,-26.727569493333096,0.0,-26.437,5122.881,0.0
1.9961,-26.69271637333395,0.0,-26.437,5122.881,0.0
2.0012,-26.658938026666117,0.0,-26.157,5045.361,0.0
2.0119,-26.587220693332558,0.0,-26.157,5045.361,0.0
2.0170,-26.553184000000176,0.0,-26.157,5045.361,0.0
2.0222,-26.518933546666783,0.0,-26.157,5045.361,0.0
2.0273,-26.484996479999456,0.0,-26.693,4953.691,0.0
2.0359,-26.42748245333299,0.0,-26.693,4953.691,0.0
2.0409,-26.3936872533327,0.0,-26.693,4953.691,0.0
2.0460,-26.359913813332696,0.0,-26.693,4953.691,0.0
2.0511,-26.326146133333925,0.0,-26.404,4869.404,0.0
2.0589,-26.274181119999866,0.0,-26.404,4869.404,0.0
2.0642,-26.23883008000045,0.0,-26.404,4869.404,0.0
2.0692,-26.205019306666298,0.0,-26.404,4869.404,0.0
2.0743,-26.171223466666714,0.0,-25.52,4799.18,0.0
2.0799,-26.13413589333277,0.0,-25.52,4799.18,0.0
2.0850,-26.100245546667036,0.0,-25.52,4799.18,0.0
2.0900,-26.066354773333085,0.0,-25.319,4725.352,0.0
2.0999,-26.00085503999935,0.0,-25.319,4725.352,0.0
2.1049,-25.967069440000614,0.0,-25.319,4725.352,0.0
2.1115,-25.923525546666042,0.0,-25.319,4725.352,0.0
2.1166,-25.889627093332972,0.0,-25.978,4643.613,0.0
2.1221,-25.852760319999863,0.0,-25.978,4643.613,0.0
2.1272,-25.81896810666649,0.0,-25.978,4643.613,0.0
2.1324,-25.78381930666713,0.0,-25.978,4643.613,0.0
2.1375,-25.750037120000496,0.0,-25.822,4564.951,0.0
2.1439,-25.70750762666724,0.0,-25.822,4564.951,0.0
2.1490,-25.67357141333332,0.0,-25.822,4564.951,0.0
2.1540,-25.639752533333347,0.0,-25.415,4495.869,0.0
2.1639,-25.574133973332966,0.0,-25.415,4495.869,0.0
2.1689,-25.540338773332678,0.0,-25.415,4495.869,0.0
2.1740,-25.50656064000047,0.0,-25.415,4495.869,0.0
2.1791,-25.47279658666639,0.0,-25.061,4411.846,0.0
2.1879,-25.414229546667382,0.0,-25.061,4411.846,0.0
2.1929,-25.380438400000003,0.0,-25.061,4411.846,0.0
2.1982,-25.34527210666738,0.0,-25.061,4411.846,0.0
2.2033,-25.311498026666566,0.0,-24.902,4336.26,0.0
2.2103,-25.264477226667168,0.0,-24.902,4336.26,0.0
2.2154,-25.230678826667372,0.0,-24.902,4336.26,0.0
2.2205,-25.196898560000136,0.0,-24.733,4267.002,0.0
2.2299,-25.13419178666709,0.0,-24.733,4267.002,0.0
2.2349,-25.100415146666062,0.0,-24.733,4267.002,0.0
2.2400,-25.066651306666092,0.0,-24.733,4267.002,0.0
2.2451,-25.032885759999317,0.0,-23.771,4200.82,0.0
2.2509,-24.99419840000049,0.0,-23.771,4200.82,0.0
2.2559,-24.960395946666267,0.0,-23.771,4200.82,0.0
2.2610,-24.926609066665907,0.0,-23.771,4200.82,0.0
2.2663,-24.891398826666016,0.0,-22.728,4130.244,0.0
2.2739,-24.840870826665952,0.0,-22.728,4130.244,0.0
2.2789,-24.807101440000377,0.0,-22.728,4130.244,0.0
2.2840,-24.773332693332577,0.0,-22.151,4069.6,0.0
2.2939,-24.70751829333267,0.0,-22.151,4069.6,0.0
2.2989,-24.673740799999752,0.0,-22.151,4069.6,0.0
2.3040,-24.639955199999502,0.0,-22.151,4069.6,0.0
2.3105,-24.5965604266659,0.0,-22.339,3992.871,0.0
2.3179,-24.54756757333371,0.0,-22.339,3992.871,0.0
2.3229,-24.513793493332894,0.0,-22.339,3992.871,0.0
2.3280,-24.480030079999626,0.0,-22.339,3992.871,0.0
2.3333,-24.444795306666645,0.0,-22.86,3917.021,0.0
2.3409,-24.39425855999995,0.0,-22.86,3917.021,0.0
2.3459,-24.36047616000072,0.0,-22.86,3917.021,0.0
2.3510,-24.3267012266665,0.0,-22.86,3917.021,0.0
2.3561,-24.292931626666814,0.0,-22.864,3840.117,0.0
2.3649,-24.234250239999255,0.0,-22.864,3840.117,0.0
2.3699,-24.200473813333854,0.0,-22.864,3840.117,0.0
2.3750,-24.166711039999882,0.0,-22.727,3777.803,0.0
2.3849,-24.100931626666505,0.0,-22.727,3777.803,0.0
2.3899,-24.06715200000008,0.0,-22.727,3777.803,0.0
2.3950,-24.033279999999497,0.0,-22.727,3777.803,0.0
2.4004,-23.997521066666348,0.0,-21.418,3712.588,0.0
2.4079,-23.947547306666667,0.0,-21.418,3712.588,0.0
2.4129,-23.913669760000477,0.0,-21.418,3712.588,0.0
2.4181,-23.879547093332956,0.0,-21.322,3652.119,0.0
2.4279,-23.814129279999936,0.0,-21.322,3652.119,0.0
2.4330,-23.780314453332874,0.0,-21.322,3652.119,0.0
2.4380,-23.74649173333258,0.0,-21.322,3652.119,0.0
2.4431,-23.71270784000065,0.0,-22.236,3573.105,0.0
2.4519,-23.654169813332828,0.0,-22.236,3573.105,0.0
2.4570,-23.62011071999935,0.0,-22.236,3573.105,0.0
2.4621,-23.586304213333733,0.0,-22.236,3573.105,0.0
2.4673,-23.551065386666323,0.0,-22.998,3497.08,0.0
2.4749,-23.500876799999634,0.0,-22.998,3497.08,0.0
2.4799,-23.467089279999982,0.0,-22.998,3497.08,0.0
2.4850,-23.4333205333337,0.0,-22.998,3497.08,0.0
2.4901,-23.39954218666738,0.0,-22.851,3421.582,0.0
2.4989,-23.340880213334003,0.0,-22.851,3421.582,0.0
2.5039,-23.30710080000017,0.0,-22.851,3421.582,0.0
2.5105,-23.26324778666655,0.0,-21.588,3365.596,0.0
2.5190,-23.20662613333373,0.0,-21.588,3365.596,0.0
2.5241,-23.172680533333885,0.0,-21.588,3365.596,0.0
2.5292,-23.138758826666315,0.0,-21.588,3365.596,0.0
2.5345,-23.103297706666883,0.0,-21.069,3298.447,0.0
2.5419,-23.05419967999948,0.0,-21.069,3298.447,0.0
2.5469,-23.020422400000673,0.0,-21.069,3298.447,0.0
2.5520,-22.986659839999295,0.0,-21.162,3237.188,0.0
2.5619,-22.920898133333292,0.0,-21.162,3237.188,0.0
2.5669,-22.887122773333886,0.0,-21.162,3237.188,0.0
2.5720,-22.853360426666615,0.0,-21.162,3237.188,0.0
2.5771,-22.819591039999523,0.0,-21.162,3237.188,0.0
2.5821,-22.785799040000256,0.0,-21.63,3151.23,0.0
2.5899,-22.734162133332728,0.0,-21.63,3151.23,0.0
2.5949,-22.700385706667323,0.0,-21.63,3151.23,0.0
2.6002,-22.665258879999328,0.0,-21.63,3151.23,0.0
2.6067,-22.62179733333369,0.0,-21.385,3085.928,0.0
2.6122,-22.585156480000325,0.0,-21.385,3085.928,0.0
2.6173,-22.551326933332803,0.0,-21.385,3085.928,0.0
2.6224,-22.51752789333371,0.0,-21.385,3085.928,0.0
2.6274,-22.483753813332896,0.0,-19.785,3025.635,0.0
2.6359,-22.42747221333275,0.0,-19.785,3025.635,0.0
2.6410,-22.393642240000037,0.0,-19.785,3025.635,0.0
2.6460,-22.359823786666766,0.0,-19.785,3025.635,0.0
2.6511,-22.32599829333367,0.0,-19.359,2964.727,0.0
2.6579,-22.280550399999964,0.0,-19.359,2964.727,0.0
2.6630,-22.246644480000366,0.0,-19.359,2964.727,0.0
2.6683,-22.211317546667335,0.0,-19.359,2964.727,0.0
2.6734,-22.177458560000407,0.0,-21.026,2895.205,0.0
2.6799,-22.13417258666671,0.0,-21.026,2895.205,0.0
2.6850,-22.10033109333305,0.0,-21.026,2895.205,0.0
2.6900,-22.066507733333463,0.0,-21.542,2832.275,0.0
2.6999,-22.000790826666616,0.0,-21.542,2832.275,0.0
2.7050,-21.966954239999268,0.0,-21.542,2832.275,0.0
2.7115,-21.92345215999997,0.0,-21.542,2832.275,0.0
2.7166,-21.889637120000316,0.0,-21.446,2758.623,0.0
2.7249,-21.834011733333227,0.0,-21.446,2758.623,0.0
2.7300,-21.800172586667184,0.0,-21.446,2758.623,0.0
2.7353,-21.76435733333392,0.0,-21.446,2758.623,0.0
2.7404,-21.730538880000648,0.0,-20.215,2701.055,0.0
2.7469,-21.687531946667303,0.0,-20.215,2701.055,0.0
2.7519,-21.653724373332654,0.0,-20.215,2701.055,0.0
2.7570,-21.619930239999878,0.0,-20.215,2701.055,0.0
2.7621,-21.586138666667313,0.0,-19.89,2634.521,0.0
2.7709,-21.527439573333897,0.0,-19.89,2634.521,0.0
2.7760,-21.49354773333395,0.0,-19.89,2634.521,0.0
2.7810,-21.45970239999997,0.0,-19.89,2634.521,0.0
2.7861,-21.42583765333332,0.0,-20.033,2574.316,0.0
2.7919,-21.387504213332704,0.0,-20.033,2574.316,0.0
2.7969,-21.35370837333312,0.0,-20.033,2574.316,0.0
2.8022,-21.318547199999404,0.0,-20.033,2574.316,0.0
2.8087,-21.275122133332996,0.0,-19.833,2512.969,0.0
2.8143,-21.23806656000018,0.0,-19.833,2512.969,0.0
2.8194,-21.20421461333308,0.0,-19.833,2512.969,0.0
2.8244,-21.170360106667278,0.0,-19.833,2512.969,0.0
2.8295,-21.13655018666653,0.0,-19.971,2445.996,0.0
2.8379,-21.08083519999961,0.0,-19.971,2445.996,0.0
2.8429,-21.047038720000728,0.0,-19.971,2445.996,0.0
2.8480,-21.01325589333328,0.0,-19.971,2445.996,0.0
2.8531,-20.97947754666696,0.0,-18.701,2395.898,0.0
2.8589,-20.940839253332797,0.0,-18.701,2395.898,0.0
2.8639,-20.907018239999314,0.0,-18.701,2395.898,0.0
2.8693,-20.871506133332787,0.0,-18.701,2395.898,0.0
2.8743,-20.837708586666395,0.0,-16.897,2348.877,0.0
2.8809,-20.79413119999951,0.0,-16.897,2348.877,0.0
2.8859,-20.76033664000003,0.0,-16.897,2348.877,0.0
2.8910,-20.726561066666516,0.0,-16.897,2348.877,0.0
2.8961,-20.69275626666619,0.0,-16.398,2294.473,0.0
2.9049,-20.6341954133336,0.0,-16.398,2294.473,0.0
2.9114,-20.59073706666595,0.0,-16.398,2294.473,0.0
2.9165,-20.55694570666598,0.0,-16.398,2294.473,0.0
2.9215,-20.52316757333377,0.0,-17.405,2236.201,0.0
2.9271,-20.486279893333784,0.0,-17.405,2236.201,0.0
2.9321,-20.452753919999697,0.0,-17.405,2236.201,0.0
2.9374,-20.417569493333,0.0,-17.405,2236.201,0.0
2.9424,-20.383793493332785,0.0,-18.082,2178.633,0.0
2.9489,-20.340811306666637,0.0,-18.082,2178.633,0.0
2.9540,-20.306949333332796,0.0,-18.082,2178.633,0.0
2.9590,-20.27307626666622,0.0,-18.082,2178.633,0.0
2.9641,-20.23936853333377,0.0,-18.751,2114.033,0.0
2.9729,-20.180854399999742,0.0,-18.751,2114.033,0.0
2.9779,-20.14705663999924,0.0,-18.751,2114.033,0.0
2.9830,-20.113275520000116,0.0,-18.751,2114.033,0.0
2.9881,-20.079404373332938,0.0,-18.158,2062.793,0.0
2.9939,-20.040836906666755,0.0,-18.158,2062.793,0.0
2.9989,-20.00702037333288,0.0,-18.158,2062.793,0.0
3.0043,-19.971386240000207,0.0,-17.12,2013.486,0.0
3.0159,-19.893919359999472,0.0,-17.12,2013.486,0.0
3.0210,-19.859886506665895,0.0,-17.12,2013.486,0.0
3.0261,-19.825895039999374,0.0,-15.985,1972.529,0.0
3.0359,-19.760868053333525,0.0,-15.985,1972.529,0.0
3.0409,-19.72706794666692,0.0,-15.985,1972.529,0.0
3.0460,-19.693269333333014,0.0,-15.985,1972.529,0.0
3.0511,-19.659499306666625,0.0,-15.957,1914.961,0.0
3.0609,-19.5942402133331,0.0,-15.957,1914.961,0.0
3.0659,-19.56045824000057,0.0,-15.957,1914.961,0.0
3.0712,-19.525340160000724,0.0,-15.957,1914.961,0.0
3.0763,-19.49156672000072,0.0,-17.009,1858.887,0.0
3.0829,-19.44758613333382,0.0,-17.009,1858.887,0.0
3.0879,-19.413810346666196,0.0,-17.009,1858.887,0.0
3.0930,-19.3800366933336,0.0,-17.009,1858.887,0.0
3.0981,-19.346275840000544,0.0,-17.804,1796.221,0.0
3.1069,-19.287567573333796,0.0,-17.804,1796.221,0.0
3.1134,-19.244049706666523,0.0,-17.804,1796.221,0.0
3.1185,-19.210271786666908,0.0,-18.152,1741.816,0.0
3.1279,-19.147538986666554,0.0,-18.152,1741.816,0.0
3.1330,-19.113618986667312,0.0,-18.152,1741.816,0.0
3.1383,-19.078275200000313,0.0,-18.152,1741.816,0.0
3.1433,-19.044476159999704,0.0,-17.751,1688.994,0.0
3.1499,-19.000867413334014,0.0,-17.751,1688.994,0.0
3.1549,-18.96709013333369,0.0,-17.751,1688.994,0.0
3.1600,-18.933290026667088,0.0,-17.751,1688.994,0.0
3.1651,-18.89952704000052,0.0,-16.854,1635.293,0.0
3.1739,-18.840893226666445,0.0,-16.854,1635.293,0.0
3.1789,-18.807115306666823,0.0,-16.854,1635.293,0.0
3.1840,-18.77334293333282,0.0,-16.854,1635.293,0.0
3.1891,-18.73958165333306,0.0,-15.724,1590.029,0.0
3.1959,-18.694293333333768,0.0,-15.724,1590.029,0.0
3.2009,-18.660466346666453,0.0,-15.724,1590.029,0.0
3.2077,-18.615630293333346,0.0,-15.724,1590.029,0.0
3.2127,-18.581853013333024,0.0,-15.97,1538.701,0.0
3.2182,-18.54524202666729,0.0,-15.97,1538.701,0.0
3.2233,-18.511368533334007,0.0,-15.97,1538.701,0.0
3.2284,-18.477354453333795,0.0,-16.167,1492.646,0.0
3.2379,-18.41418047999999,0.0,-16.167,1492.646,0.0
3.2429,-18.38039424000044,0.0,-16.167,1492.646,0.0
3.2480,-18.34662784000026,0.0,-16.167,1492.646,0.0
3.2531,-18.312868266667316,0.0,-16.226,1435.781,0.0
3.2629,-18.247575679999954,0.0,-16.226,1435.781,0.0
3.2679,-18.213801386666546,0.0,-16.226,1435.781,0.0
3.2732,-18.17857429333268,0.0,-16.226,1435.781,0.0
3.2783,-18.14477525333359,0.0,-16.226,1385.859,0.0
3.2849,-18.10090560000011,0.0,-16.226,1385.859,0.0
3.2899,-18.06704405333297,0.0,-16.226,1385.859,0.0
3.2950,-18.03323093333271,0.0,-16.226,1385.859,0.0
3.3001,-17.999399893334008,0.0,-14.543,1343.145,0.0
3.3089,-17.94090367999994,0.0,-14.543,1343.145,0.0
3.3139,-17.90711360000008,0.0,-14.543,1343.145,0.0
3.3190,-17.873346560000606,0.0,-14.543,1343.145,0.0
3.3241,-17.839576533332696,0.0,-13.598,1305.352,0.0
3.3299,-17.800943999999767,0.0,-13.598,1305.352,0.0
3.3349,-17.767162026667243,0.0,-13.598,1305.352,0.0
3.3402,-17.73204053333378,0.0,-13.598,1305.352,0.0
3.3453,-17.69826559999956,0.0,-13.138,1266.68,0.0
3.3519,-17.65427754666613,0.0,-13.138,1266.68,0.0
3.3569,-17.620507946666443,0.0,-13.138,1266.68,0.0
3.3620,-17.58674453333318,0.0,-13.025,1229.59,0.0
3.3719,-17.520901120000566,0.0,-13.025,1229.59,0.0
3.3769,-17.487079466666273,0.0,-13.025,1229.59,0.0
3.3820,-17.453117653333265,0.0,-13.025,1229.59,0.0
3.3871,-17.419159039999762,0.0,-14.928,1169.736,0.0
3.3969,-17.354166399999635,0.0,-14.928,1169.736,0.0
3.4049,-17.300913066667363,0.0,-14.928,1169.736,0.0
3.4114,-17.257388160000268,0.0,-15.977,1118.32,0.0
3.4189,-17.207546239999374,0.0,-15.977,1118.32,0.0
3.4239,-17.17371903999947,0.0,-15.977,1118.32,0.0
3.4290,-17.139836373332855,0.0,-15.977,1118.32,0.0
3.4341,-17.106027733333725,0.0,-15.625,1067.256,0.0
3.4429,-17.04755477333265,0.0,-15.625,1067.256,0.0
3.4479,-17.01377920000065,0.0,-15.625,1067.256,0.0
3.4530,-16.98001215999966,0.0,-15.625,1067.256,0.0
3.4581,-16.946240640000575,0.0,-15.717,1020.762,0.0
3.4639,-16.90764010666726,0.0,-15.717,1020.762,0.0
3.4689,-16.873868373334062,0.0,-15.717,1020.762,0.0
3.4742,-16.83871999999989,0.0,-15.717,1020.762,0.0
3.4793,-16.804947200000697,0.0,-14.633,979.189,0.0
3.4859,-16.76097514666632,0.0,-14.633,979.189,0.0
3.4909,-16.727201279999612,0.0,-14.633,979.189,0.0
3.4960,-16.693443199999365,0.0,-14.304,939.814,0.0
3.5059,-16.62751125333292,0.0,-14.304,939.814,0.0
3.5125,-16.583367040000212,0.0,-14.304,939.814,0.0
3.5176,-16.549289600000066,0.0,-13.571,902.373,0.0
3.5269,-16.487370026666973,0.0,-13.571,902.373,0.0
3.5320,-16.453472213333193,0.0,-13.571,902.373,0.0
3.5371,-16.419506133333165,0.0,-13.571,902.373,0.0
3.5424,-16.384153173332834,0.0,-13.586,857.725,0.0
3.5499,-16.3343234133337,0.0,-13.586,857.725,0.0
3.5549,-16.30053567999994,0.0,-13.586,857.725,0.0
3.5600,-16.266764373333444,0.0,-13.658,818.789,0.0
3.5699,-16.200938239999992,0.0,-13.658,818.789,0.0
3.5749,-16.167161813333074,0.0,-13.658,818.789,0.0
3.5800,-16.133394133332786,0.0,-13.658,818.789,0.0
3.5851,-16.09963093333363,0.0,-13.737,771.68,0.0
3.5939,-16.040992000000642,0.0,-13.737,771.68,0.0
3.5989,-16.007214293333618,0.0,-13.737,771.68,0.0
3.6040,-15.9734355200006,0.0,-13.737,771.68,0.0
3.6107,-15.9286035200004,0.0,-13.709,728.525,0.0
3.6169,-15.88757397333287,0.0,-13.709,728.525,0.0
3.6219,-15.853770666666755,0.0,-13.709,728.525,0.0
3.6270,-15.81999936000026,0.0,-13.709,728.525,0.0
3.6321,-15.786239573333205,0.0,-14.152,678.691,0.0
3.6409,-15.727655253333523,0.0,-14.152,678.691,0.0
3.6459,-15.693744853332795,0.0,-14.152,678.691,0.0
3.6510,-15.659903573333246,0.0,-14.152,678.691,0.0
3.6561,-15.626079786666956,0.0,-13.346,643.184,0.0
3.6619,-15.587643093333554,0.0,-13.346,643.184,0.0
3.6669,-15.553864959999828,0.0,-13.346,643.184,0.0
3.6720,-15.520101119999858,0.0,-13.346,643.184,0.0
3.6773,-15.484828800000138,0.0,-12.594,604.336,0.0
3.6848,-15.43436949333303,0.0,-12.594,604.336,0.0
3.6899,-15.400568959999724,0.0,-12.594,604.336,0.0
3.6950,-15.366788053333188,0.0,-12.594,604.336,0.0
3.7000,-15.333017813332695,0.0,-11.342,571.201,0.0
3.7088,-15.27435648000013,0.0,-11.342,571.201,0.0
3.7139,-15.240571946667387,0.0,-11.342,571.201,0.0
3.7190,-15.206792746666146,0.0,-10.686,542.373,0.0
3.7288,-15.141022720000215,0.0,-10.686,542.373,0.0
3.7339,-15.10723818666596,0.0,-10.686,542.373,0.0
3.7390,-15.073467733332869,0.0,-10.686,542.373,0.0
3.7443,-15.038242346667325,0.0,-10.902,505.898,0.0
3.7518,-14.987714133333156,0.0,-10.902,505.898,0.0
3.7569,-14.95394005333386,0.0,-10.902,505.898,0.0
3.7620,-14.920175999999778,0.0,-10.805,475.4,0.0
3.7718,-14.854369280000505,0.0,-10.805,475.4,0.0
3.7769,-14.820596053333098,0.0,-10.805,475.4,0.0
3.7820,-14.786823039999796,0.0,-10.805,475.4,0.0
3.7870,-14.753051093334001,0.0,-11.0,437.695,0.0
3.7958,-14.694361173333924,0.0,-11.0,437.695,0.0
3.8009,-14.660586880000515,0.0,-11.0,437.695,0.0
3.8099,-14.600976640000077,0.0,-11.079,402.539,0.0
3.8189,-14.540965759999835,0.0,-11.079,402.539,0.0
3.8239,-14.507080106666308,0.0,-11.079,402.539,0.0
3.8290,-14.473266773333457,0.0,-11.079,402.539,0.0
3.8341,-14.439464960000045,0.0,-10.654,367.822,0.0
3.8429,-14.380973653333818,0.0,-10.654,367.822,0.0
3.8479,-14.34713493333296,0.0,-10.654,367.822,0.0
3.8530,-14.313338026667374,0.0,-10.654,367.822,0.0
3.8581,-14.279560106666246,0.0,-10.088,341.191,0.0
3.8638,-14.24100885333322,0.0,-10.088,341.191,0.0
3.8689,-14.20723626666662,0.0,-10.088,341.191,0.0
3.8740,-14.173468800000443,0.0,-10.088,341.191,0.0
3.8793,-14.138251733333313,0.0,-9.726,308.32,0.0
3.8859,-14.093770880000044,0.0,-9.726,308.32,0.0
3.8910,-14.059956906666379,0.0,-9.726,308.32,0.0
3.8961,-14.026011520000644,0.0,-9.726,308.32,0.0
3.9012,-13.992067626666085,0.0,-10.685,269.561,0.0
3.9109,-13.927604693333251,0.0,-10.685,269.561,0.0
3.9159,-13.89379647999931,0.0,-10.685,269.561,0.0
3.9210,-13.859998293333625,0.0,-10.685,269.561,0.0
3.9261,-13.826161066666977,0.0,-10.428,234.844,0.0
3.9359,-13.760960639999666,0.0,-10.428,234.844,0.0
3.9409,-13.727150293333729,0.0,-10.428,234.844,0.0
3.9462,-13.691962453333417,0.0,-10.428,234.844,0.0
3.9513,-13.658134613332699,0.0,-9.474,209.531,0.0
3.9569,-13.62038399999998,0.0,-9.474,209.531,0.0
3.9620,-13.586589226666398,0.0,-9.474,209.531,0.0
3.9671,-13.55278613333288,0.0,-9.474,209.531,0.0
3.9722,-13.51897301333262,0.0,-8.505,183.428,0.0
3.9809,-13.46035797333343,0.0,-8.505,183.428,0.0
3.9860,-13.426548906666085,0.0,-8.505,183.428,0.0
3.9911,-13.392740266666955,0.0,-8.505,183.428,0.0
3.9962,-13.358929706666913,0.0,-8.272,159.17,0.0
4.0019,-13.320456746666878,0.0,-8.272,159.17,0.0
4.0085,-13.276788053333348,0.0,-8.272,159.17,0.0
4.0138,-13.24131925333328,0.0,-8.272,159.17,0.0
4.0190,-13.206952746666047,0.0,-8.19,133.594,0.0
4.0245,-13.169739946666446,0.0,-8.19,133.594,0.0
4.0296,-13.13579818666691,0.0,-8.19,133.594,0.0
4.0347,-13.101809066666497,0.0,-8.19,133.594,0.0
4.0398,-13.067934933333923,0.0,-8.878,100.723,0.0
4.0479,-13.013724800000546,0.0,-8.878,100.723,0.0
4.0530,-12.979900800000145,0.0,-8.878,100.723,0.0
4.0581,-12.946094506667123,0.0,-8.878,100.723,0.0
4.0632,-12.912287360000697,0.0,-9.372,72.246,0.0
4.0689,-12.87376042666665,0.0,-9.372,72.246,0.0
4.0740,-12.839844053333614,0.0,-9.372,72.246,0.0
4.0793,-12.804388053333092,0.0,-9.372,72.246,0.0
4.0844,-12.770579199999851,0.0,-9.477,42.891,0.0
4.0909,-12.727087146667294,0.0,-9.477,42.891,0.0
4.0960,-12.693257386667177,0.0,-9.477,42.891,0.0
4.1011,-12.65945856000068,0.0,-9.477,42.891,0.0
4.1076,-12.61595135999945,0.0,-9.749,8.965,0.0
4.1149,-12.56715861333381,0.0,-9.749,8.965,0.0
4.1200,-12.533196159999989,0.0,-9.749,8.965,0.0
4.1251,-12.499270186666912,0.0,-9.749,8.965,0.0
4.1302,-12.465355306666574,0.0,-9.424,-17.227,0.0
4.1360,-12.426997546666975,0.0,-9.424,-17.227,0.0
4.1410,-12.393167573332754,0.0,-9.424,-17.227,0.0
4.1463,-12.357934933333276,0.0,-9.424,-17.227,0.0
4.1514,-12.324093653333726,0.0,-8.951,-43.154,0.0
4.1580,-12.280296746666103,0.0,-8.951,-43.154,0.0
4.1630,-12.246486400000173,0.0,-8.951,-43.154,0.0
4.1681,-12.212756480000735,0.0,-8.951,-43.154,0.0
4.1732,-12.178928640000017,0.0,-8.628,-71.455,0.0
4.1819,-12.120425600000239,0.0,-8.628,-71.455,0.0
4.1870,-12.086607573333673,0.0,-8.628,-71.455,0.0
4.1921,-12.052809173333877,0.0,-8.628,-71.455,0.0
4.1972,-12.018950186666949,0.0,-7.313,-91.055,0.0
4.2060,-11.95998016000052,0.0,-7.313,-91.055,0.0
4.2127,-11.915041706666521,0.0,-7.313,-91.055,0.0
4.2178,-11.881238186666302,0.0,-6.271,-106.611,0.0
4.2269,-11.820410666666703,0.0,-6.271,-106.611,0.0
4.2320,-11.786557653333603,0.0,-6.271,-106.611,0.0
4.2371,-11.752657493333722,0.0,-6.271,-106.611,0.0
4.2422,-11.718814506667364,0.0,-6.029,-127.09,0.0
4.2509,-11.66041941333257,0.0,-6.029,-127.09,0.0
4.2560,-11.626607146667233,0.0,-6.029,-127.09,0.0
4.2611,-11.592818346665958,0.0,-6.029,-127.09,0.0
4.2661,-11.55903765333354,0.0,-6.103,-146.865,0.0
4.2739,-11.507102933333805,0.0,-6.103,-146.865,0.0
4.2792,-11.471868373333415,0.0,-6.103,-146.865,0.0
4.2843,-11.4380650666673,0.0,-6.103,-146.865,0.0
4.2894,-11.404272853333929,0.0,-6.121,-164.619,0.0
4.2949,-11.367085866666002,0.0,-6.121,-164.619,0.0
4.3000,-11.333243946667153,0.0,-6.121,-164.619,0.0
4.3065,-11.289771733333964,0.0,-5.953,-180.967,0.0
4.3149,-11.233736106667038,0.0,-5.953,-180.967,0.0
4.3200,-11.199891413333866,0.0,-5.953,-180.967,0.0
4.3251,-11.165975253333421,0.0,-5.953,-180.967,0.0
4.3302,-11.13209578666632,0.0,-5.735,-197.139,0.0
4.3359,-11.093748053333456,0.0,-5.735,-197.139,0.0
4.3410,-11.059909333332598,0.0,-5.735,-197.139,0.0
4.3463,-11.02457642666726,0.0,-5.735,-197.139,0.0
4.3514,-10.990779093333458,0.0,-5.933,-216.65,0.0
4.3579,-10.947073066667294,0.0,-5.933,-216.65,0.0
4.3630,-10.91328021333311,0.0,-5.933,-216.65,0.0
4.3681,-10.879498026666475,0.0,-5.933,-216.65,0.0
4.3732,-10.845665493333549,0.0,-6.054,-237.568,0.0
4.3819,-10.787092480000716,0.0,-6.054,-237.568,0.0
4.3870,-10.75326933333372,0.0,-6.054,-237.568,0.0
4.3921,-10.719464960000096,0.0,-6.054,-237.568,0.0
4.3972,-10.685624319999839,0.0,-6.317,-257.256,0.0
4.4039,-10.640442879999533,0.0,-6.317,-257.256,0.0
4.4105,-10.596905173332893,0.0,-6.317,-257.256,0.0
4.4158,-10.561637546666894,0.0,-6.317,-257.256,0.0
4.4208,-10.527842560000714,0.0,-6.202,-275.801,0.0
4.4263,-10.491221973333417,0.0,-6.202,-275.801,0.0
4.4314,-10.457348480000142,0.0,-6.202,-275.801,0.0
4.4365,-10.423444906666646,0.0,-6.202,-275.801,0.0
4.4416,-10.389616853333337,0.0,-5.879,-294.521,0.0
4.4499,-10.333716906667028,0.0,-5.879,-294.521,0.0
4.4550,-10.299923413333545,0.0,-5.879,-294.521,0.0
4.4601,-10.266140159999395,0.0,-5.879,-294.521,0.0
4.4652,-10.232268373332921,0.0,-5.602,-309.99,0.0
4.4709,-10.193765759999373,0.0,-5.602,-309.99,0.0
4.4760,-10.159968426667092,0.0,-5.602,-309.99,0.0
4.4813,-10.124658986667328,0.0,-5.602,-309.99,0.0
4.4864,-10.090873386667077,0.0,-5.765,-329.326,0.0
4.4929,-10.047124053332936,0.0,-5.765,-329.326,0.0
4.4980,-10.013320106666015,0.0,-5.765,-329.326,0.0
4.5031,-9.979513600000395,0.0,-5.629,-343.828,0.0
4.5130,-9.913464533332593,0.0,-5.629,-343.828,0.0
4.5181,-9.879421439999682,0.0,-5.629,-343.828,0.0
4.5232,-9.845180159999622,0.0,-5.629,-343.828,0.0
4.5283,-9.81121728000062,0.0,-5.629,-343.828,0.0
4.5334,-9.77729792000067,0.0,-5.24,-360.527,0.0
4.5389,-9.740496639999492,0.0,-5.24,-360.527,0.0
4.5469,-9.687508053333808,0.0,-5.24,-360.527,0.0
4.5519,-9.653709439999908,0.0,-4.677,-373.271,0.0
4.5599,-9.600513920000445,0.0,-4.677,-373.271,0.0
4.5650,-9.566718293333452,0.0,-4.677,-373.271,0.0
4.5701,-9.532880426665997,0.0,-4.677,-373.271,0.0
4.5752,-9.498987946666752,0.0,-3.573,-381.182,0.0
4.5839,-9.440497279999818,0.0,-3.573,-381.182,0.0
4.5890,-9.40670272000034,0.0,-3.573,-381.182,0.0
4.5941,-9.372914559999877,0.0,-3.573,-381.182,0.0
4.5991,-9.339134293332641,0.0,-3.051,-388.564,0.0
4.6049,-9.300498986666902,0.0,-3.051,-388.564,0.0
4.6116,-9.256317866666755,0.0,-3.051,-388.564,0.0
4.6169,-9.220801280000614,0.0,-3.051,-388.564,0.0
4.6220,-9.186995200000183,0.0,-2.795,-398.145,0.0
4.6274,-9.150449066667079,0.0,-2.795,-398.145,0.0
4.6325,-9.116630613333804,0.0,-2.795,-398.145,0.0
4.6376,-9.082690133332868,0.0,-2.795,-398.145,0.0
4.6427,-9.04888640000005,0.0,-4.359,-416.338,0.0
4.6482,-9.01225215999981,0.0,-4.359,-416.338,0.0
4.6532,-8.978472106666686,0.0,-4.359,-416.338,0.0
4.6585,-8.943527893333489,0.0,-4.359,-416.338,0.0
4.6636,-8.909532159999948,0.0,-4.522,-431.719,0.0
4.6720,-8.853033386666688,0.0,-4.522,-431.719,0.0
4.6771,-8.819242666666014,0.0,-4.522,-431.719,0.0
4.6824,-8.784092586666553,0.0,-4.522,-431.719,0.0
4.6875,-8.750311680000017,0.0,-3.988,-441.563,0.0
4.6939,-8.70717973333361,0.0,-3.988,-441.563,0.0
4.6990,-8.673410346666515,0.0,-3.988,-441.563,0.0
4.7041,-8.639650986666162,0.0,-3.988,-441.563,0.0
4.7106,-8.596115839999733,0.0,-3.205,-449.736,0.0
4.7179,-8.547172053333725,0.0,-3.205,-449.736,0.0
4.7230,-8.5133429333329,0.0,-3.205,-449.736,0.0
4.7281,-8.47937621333358,0.0,-3.205,-449.736,0.0
4.7332,-8.445563520000029,0.0,-3.297,-463.008,0.0
4.7399,-8.400561493333498,0.0,-3.297,-463.008,0.0
4.7450,-8.36678058666697,0.0,-3.297,-463.008,0.0
4.7503,-8.33158613333353,0.0,-3.297,-463.008,0.0
4.7553,-8.297725439999795,0.0,-4.564,-479.971,0.0
4.7619,-8.253764266667076,0.0,-4.564,-479.971,0.0
4.7670,-8.219968213333381,0.0,-4.564,-479.971,0.0
4.7721,-8.186192426667276,0.0,-4.564,-479.971,0.0
4.7771,-8.152398293332986,0.0,-5.087,-498.516,0.0
4.7859,-8.093872853333629,0.0,-5.087,-498.516,0.0
4.7910,-8.060100053332917,0.0,-5.087,-498.516,0.0
4.7960,-8.026343679999478,0.0,-5.087,-498.516,0.0
4.8011,-7.992577920000109,0.0,-4.995,-512.314,0.0
4.8081,-7.9462990933332875,0.0,-4.995,-512.314,0.0
4.8150,-7.900094720000652,0.0,-4.995,-512.314,0.0
4.8201,-7.86630378666738,0.0,-4.694,-526.113,0.0
4.8289,-7.80722709333304,0.0,-4.694,-526.113,0.0
4.8340,-7.773413333333487,0.0,-4.694,-526.113,0.0
4.8391,-7.739515946666415,0.0,-4.694,-526.113,0.0
4.8442,-7.705652479999877,0.0,-3.808,-533.145,0.0
4.8496,-7.669017173333636,0.0,-3.808,-533.145,0.0
4.8547,-7.635022720000201,0.0,-3.808,-533.145,0.0
4.8598,-7.601223253332897,0.0,-3.808,-533.145,0.0
4.8649,-7.567449173333593,0.0,-3.501,-545.098,0.0
4.8719,-7.520548266666843,0.0,-3.501,-545.098,0.0
4.8770,-7.486769706666415,0.0,-3.501,-545.098,0.0
4.8823,-7.451606826665888,0.0,-3.501,-545.098,0.0
4.8873,-7.417744426666864,0.0,-3.244,-553.008,0.0
4.8939,-7.3738150399996485,0.0,-3.244,-553.008,0.0
4.8990,-7.340014293333752,0.0,-3.244,-553.008,0.0
4.9041,-7.30624789333357,0.0,-4.36,-571.641,0.0
4.9139,-7.240515413332865,0.0,-4.36,-571.641,0.0
4.9190,-7.206734293333739,0.0,-4.36,-571.641,0.0
4.9241,-7.172923306666995,0.0,-4.36,-571.641,0.0
4.9292,-7.138957226666967,0.0,-5.633,-591.504,0.0
4.9349,-7.100429013332814,0.0,-5.633,-591.504,0.0
4.9400,-7.0666487466670915,0.0,-5.633,-591.504,0.0
4.9451,-7.03286079999922,0.0,-5.633,-591.504,0.0
4.9504,-6.997645440000419,0.0,-5.323,-606.973,0.0
4.9579,-6.9471598933334135,0.0,-5.323,-606.973,0.0
4.9630,-6.9133922133331325,0.0,-5.323,-606.973,0.0
4.9681,-6.879629226666566,0.0,-5.323,-606.973,0.0
4.9731,-6.845863466667197,0.0,-4.906,-618.75,0.0
4.9786,-6.809223679999832,0.0,-4.906,-618.75,0.0
4.9837,-6.775292373333741,0.0,-4.906,-618.75,0.0
4.9888,-6.741424853332774,0.0,-4.906,-618.75,0.0
4.9939,-6.707574399999885,0.0,-4.534,-634.307,0.0
5.0029,-6.647192746665951,0.0,-4.534,-634.307,0.0
5.0095,-6.603380053333389,0.0,-4.534,-634.307,0.0
5.0146,-6.5694336000001385,0.0,-4.534,-634.307,0.0
5.0199,-6.533827626666756,0.0,-4.75,-650.303,0.0
5.0260,-6.493596586666023,0.0,-4.75,-650.303,0.0
5.0311,-6.45966485333323,0.0,-4.75,-650.303,0.0
5.0361,-6.425696000000393,0.0,-4.75,-650.303,0.0
5.0412,-6.391864746666066,0.0,-5.296,-670.43,0.0
5.0499,-6.333802666667147,0.0,-5.296,-670.43,0.0
5.0550,-6.299995946665909,0.0,-5.296,-670.43,0.0
5.0601,-6.266220586666499,0.0,-5.296,-670.43,0.0
5.0651,-6.232451626666112,0.0,-5.296,-670.43,0.0
5.0702,-6.198686079999334,0.0,-4.155,-679.395,0.0
5.0757,-6.162160640000515,0.0,-4.155,-679.395,0.0
5.0807,-6.128365653332821,0.0,-4.155,-679.395,0.0
5.0860,-6.093145600000298,0.0,-4.155,-679.395,0.0
5.0911,-6.059355946667132,0.0,-3.519,-689.766,0.0
5.0969,-6.020555946666569,0.0,-3.519,-689.766,0.0
5.1020,-5.986774186666629,0.0,-3.519,-689.766,0.0
5.1085,-5.943347840000115,0.0,-3.311,-698.203,0.0
5.1169,-5.8872349866661935,0.0,-3.311,-698.203,0.0
5.1220,-5.85337472000068,0.0,-3.311,-698.203,0.0
5.1271,-5.819389866667279,0.0,-3.311,-698.203,0.0
5.1322,-5.785477120000451,0.0,-3.311,-698.203,0.0
5.1373,-5.751659733333177,0.0,-2.783,-706.816,0.0
5.1428,-5.714894720000153,0.0,-2.783,-706.816,0.0
5.1478,-5.681114026666215,0.0,-2.783,-706.816,0.0
5.1531,-5.645950079999693,0.0,-2.783,-706.816,0.0
5.1582,-5.612167253333759,0.0,-4.201,-725.625,0.0
5.1639,-5.573880746667328,0.0,-4.201,-725.625,0.0
5.1690,-5.540097280000587,0.0,-4.201,-725.625,0.0
5.1741,-5.506312106667032,0.0,-4.201,-725.625,0.0
5.1791,-5.472540159999731,0.0,-5.301,-746.631,0.0
5.1879,-5.413896533333023,0.0,-5.301,-746.631,0.0
5.1930,-5.380120106666105,0.0,-5.301,-746.631,0.0
5.1980,-5.346355626666842,0.0,-5.301,-746.631,0.0
5.2031,-5.3125196800003,0.0,-5.627,-763.857,0.0
5.2101,-5.265978453332991,0.0,-5.627,-763.857,0.0
5.2152,-5.232032853333145,0.0,-5.627,-763.857,0.0
5.2205,-5.196634026666139,0.0,-5.627,-763.857,0.0
5.2256,-5.162827520000519,0.0,-5.178,-777.832,0.0
5.2311,-5.1262050133338235,0.0,-5.178,-777.832,0.0
5.2362,-5.092322773333912,0.0,-5.178,-777.832,0.0
5.2412,-5.058499839999513,0.0,-5.178,-777.832,0.0
5.2463,-5.024721066666494,0.0,-4.767,-791.982,0.0
5.2549,-4.967213013333854,0.0,-4.767,-791.982,0.0
5.2600,-4.933422719999875,0.0,-4.767,-791.982,0.0
5.2651,-4.89964266666675,0.0,-4.767,-791.982,0.0
5.2701,-4.865848319999863,0.0,-4.431,-805.693,0.0
5.2769,-4.820622719999697,0.0,-4.431,-805.693,0.0
5.2820,-4.786784213332943,0.0,-4.431,-805.693,0.0
5.2873,-4.751448959999983,0.0,-4.431,-805.693,0.0
5.2924,-4.71762218666678,0.0,-5.176,-823.447,0.0
5.2989,-4.67387797333307,0.0,-5.176,-823.447,0.0
5.3040,-4.64009834666664,0.0,-5.176,-823.447,0.0
5.3105,-4.596682880000266,0.0,-5.077,-837.773,0.0
5.3189,-4.540549760000282,0.0,-5.077,-837.773,0.0
5.3240,-4.506706773333917,0.0,-5.077,-837.773,0.0
5.3291,-4.472807893332629,0.0,-5.077,-837.773,0.0
5.3341,-4.439007146666732,0.0,-5.077,-837.773,0.0
5.3392,-4.405236053332828,0.0,-5.362,-857.021,0.0
5.3447,-4.368557866666833,0.0,-5.362,-857.021,0.0
5.3498,-4.334740266666962,0.0,-5.362,-857.021,0.0
5.3551,-4.299571200000024,0.0,-5.362,-857.021,0.0
5.3601,-4.266081919999273,0.0,-4.74,-869.678,0.0
5.3659,-4.227204053333935,0.0,-4.74,-869.678,0.0
5.3710,-4.193428266666309,0.0,-4.74,-869.678,0.0
5.3761,-4.159594879999986,0.0,-4.74,-869.678,0.0
5.3812,-4.125585066666794,0.0,-3.741,-878.115,0.0
5.3899,-4.067139626667235,0.0,-3.741,-878.115,0.0
5.3950,-4.033338240000525,0.0,-3.741,-878.115,0.0
5.4001,-3.9995515733327593,0.0,-3.741,-878.115,0.0
5.4066,-3.955914239999551,0.0,-3.741,-892.002,0.0
5.4121,-3.919335039999318,0.0,-3.741,-892.002,0.0
5.4172,-3.885549866667283,0.0,-3.741,-892.002,0.0
5.4224,-3.8504441600002792,0.0,-3.741,-892.002,0.0
5.4275,-3.8166711466669767,0.0,-4.946,-910.283,0.0
5.4330,-3.780262186667187,0.0,-4.946,-910.283,0.0
5.4380,-3.7464874666670767,0.0,-4.946,-910.283,0.0
5.4431,-3.71271573333388,0.0,-4.946,-910.283,0.0
5.4482,-3.678935466666644,0.0,-5.345,-927.07,0.0
5.4536,-3.6423955199999583,0.0,-5.345,-927.07,0.0
5.4587,-3.608610986667223,0.0,-5.345,-927.07,0.0
5.4638,-3.5748490666666513,0.0,-5.345,-927.07,0.0
5.4688,-3.5410901333330003,0.0,-5.435,-945.088,0.0
5.4779,-3.48062015999934,0.0,-5.435,-945.088,0.0
5.4830,-3.4468296533327702,0.0,-5.435,-945.088,0.0
5.4882,-3.411720533333664,0.0,-5.435,-945.088,0.0
5.4933,-3.3779321600006043,0.0,-4.719,-958.271,0.0
5.4999,-3.333895253333594,0.0,-4.719,-958.271,0.0
5.5050,-3.3000742400001073,0.0,-4.719,-958.271,0.0
5.5116,-3.2562272000003176,0.0,-4.719,-958.271,0.0
5.5167,-3.222231466666777,0.0,-3.659,-966.709,0.0
5.5240,-3.1735914666667995,0.0,-3.659,-966.709,0.0
5.5291,-3.1396164266660307,0.0,-3.659,-966.709,0.0
5.5341,-3.1056904533329543,0.0,-3.659,-966.709,0.0
5.5392,-3.071842773332868,0.0,-3.662,-978.926,0.0
5.5449,-3.0338969599999146,0.0,-3.662,-978.926,0.0
5.5500,-3.0001117866663662,0.0,-3.662,-978.926,0.0
5.5553,-2.9649864533325854,0.0,-3.662,-978.926,0.0
5.5603,-2.931213653333394,0.0,-4.39,-994.746,0.0
5.5669,-2.887087146666545,0.0,-4.39,-994.746,0.0
5.5720,-2.8532424533333725,0.0,-4.39,-994.746,0.0
5.5771,-2.819400746667121,0.0,-4.39,-994.746,0.0
5.5822,-2.785569066666085,0.0,-4.534,-1010.654,0.0
5.5909,-2.7270632533335046,0.0,-4.534,-1010.654,0.0
5.5960,-2.693200213333661,0.0,-4.534,-1010.654,0.0
5.6011,-2.659402666667269,0.0,-4.534,-1010.654,0.0
5.6076,-2.615981866666367,0.0,-5.08,-1026.738,0.0
5.6131,-2.5792640000001157,0.0,-5.08,-1026.738,0.0
5.6182,-2.5453883733333313,0.0,-5.08,-1026.738,0.0
5.6235,-2.5100738133331433,0.0,-5.08,-1026.738,0.0
5.6286,-2.476189653333826,0.0,-3.775,-1033.506,0.0
5.6342,-2.438942719999581,0.0,-3.775,-1033.506,0.0
5.6392,-2.405013973333702,0.0,-3.775,-1033.506,0.0
5.6443,-2.3711916800001163,0.0,-3.775,-1033.506,0.0
5.6494,-2.337384533333683,0.0,-3.568,-1045.371,0.0
5.6579,-2.280471680000268,0.0,-3.568,-1045.371,0.0
5.6630,-2.246674346666474,0.0,-3.568,-1045.371,0.0
5.6681,-2.212847786667375,0.0,-3.568,-1045.371,0.0
5.6732,-2.1788590933336636,0.0,-2.877,-1050.996,0.0
5.6789,-2.1404409599995233,0.0,-2.877,-1050.996,0.0
5.6840,-2.106635519999905,0.0,-2.877,-1050.996,0.0
5.6893,-2.0711746133330635,0.0,-2.877,-1050.996,0.0
5.6944,-2.0373745066664597,0.0,-2.57,-1058.643,0.0
5.7009,-1.993830613333408,0.0,-2.57,-1058.643,0.0
5.7074,-1.950450133333561,0.0,-2.57,-1058.643,0.0
5.7125,-1.916660693332993,0.0,-2.57,-1058.643,0.0
5.7176,-1.882882346666669,0.0,-2.863,-1070.156,0.0
5.7249,-1.8337796266670594,0.0,-2.863,-1070.156,0.0
5.7300,-1.7998510933337784,0.0,-2.863,-1070.156,0.0
5.7351,-1.76601450666643,0.0,-2.863,-1070.156,0.0
5.7402,-1.732216533333336,0.0,-3.087,-1080.264,0.0
5.7470,-1.6864413866665018,0.0,-3.087,-1080.264,0.0
5.7521,-1.6527357866660495,0.0,-3.087,-1080.264,0.0
5.7574,-1.6175564799997701,0.0,-3.087,-1080.264,0.0
5.7624,-1.5837753600006508,0.0,-3.087,-1089.668,0.0
5.7691,-1.5392339200002425,0.0,-3.087,-1089.668,0.0
5.7742,-1.5052132266669105,0.0,-3.087,-1089.668,0.0
5.7793,-1.4713137066663293,0.0,-3.087,-1089.668,0.0
5.7844,-1.4374107733336459,0.0,-3.487,-1101.621,0.0
5.7900,-1.4002897066673867,0.0,-3.487,-1101.621,0.0
5.7950,-1.3664292266662414,0.0,-3.487,-1101.621,0.0
5.8001,-1.3327116799996475,0.0,-3.487,-1101.621,0.0
5.8066,-1.2891850666672653,0.0,-4.309,-1118.848,0.0
5.8139,-1.240466773332777,0.0,-4.309,-1118.848,0.0
5.8190,-1.2066643200000726,0.0,-4.309,-1118.848,0.0
5.8243,-1.1713614933334284,0.0,-4.309,-1118.848,0.0
5.8294,-1.137457280000639,0.0,-4.223,-1132.207,0.0
5.8359,-1.0938246399996387,0.0,-4.223,-1132.207,0.0
5.8410,-1.06003648000069,0.0,-4.223,-1132.207,0.0
5.8461,-1.026203519999548,0.0,-4.223,-1132.207,0.0
5.8511,-0.9923556266668712,0.0,-3.917,-1143.545,0.0
5.8599,-0.9338941866667483,0.0,-3.917,-1143.545,0.0
5.8650,-0.9001226666661424,0.0,-3.917,-1143.545,0.0
5.8700,-0.8663400533328058,0.0,-3.917,-1143.545,0.0
5.8751,-0.8325124266661987,0.0,-3.443,-1152.598,0.0
5.8809,-0.7938745600002548,0.0,-3.443,-1152.598,0.0
5.8860,-0.7600955733331247,0.0,-3.443,-1152.598,0.0
5.8913,-0.7249937066664316,0.0,-3.443,-1152.598,0.0
5.8963,-0.6912277333329584,0.0,-3.63,-1164.727,0.0
5.9029,-0.6472181333333538,0.0,-3.63,-1164.727,0.0
5.9094,-0.6037689600005578,0.0,-3.63,-1164.727,0.0
5.9145,-0.5699816533334925,0.0,-3.63,-1174.307,0.0
5.9230,-0.5135797333340051,0.0,-3.63,-1174.307,0.0
5.9280,-0.4797945600004496,0.0,-3.63,-1174.307,0.0
5.9331,-0.44603114666718824,0.0,-3.63,-1174.307,0.0
5.9382,-0.41226218666679415,0.0,-3.63,-1174.307,0.0
5.9432,-0.3784896000001936,0.0,-3.654,-1187.666,0.0
5.9487,-0.3419528533330194,0.0,-3.654,-1187.666,0.0
5.9538,-0.3081661866667673,0.0,-3.654,-1187.666,0.0
5.9590,-0.27301333333298317,0.0,-3.654,-1187.666,0.0
5.9641,-0.23924010666708995,0.0,-3.922,-1199.883,0.0
5.9699,-0.20054186666660456,0.0,-3.922,-1199.883,0.0
5.9750,-0.1667722666669178,0.0,-3.922,-1199.883,0.0
5.9800,-0.13301589333347152,0.0,-3.922,-1199.883,0.0
5.9851,-0.0992629333336481,0.0,-3.426,-1209.902,0.0
5.9939,-0.04055509333360163,0.0,-3.426,-1209.902,0.0
5.9990,-0.0067916800003331446,0.0,-3.426,-1209.902,0.0
