t_s,cmd_speed_cm_s,cmd_steer_deg,enc_speed_cm_s,enc_cmd_speed_cm_s,yaw_deg
0.0000,5.0,-4.479999233808485e-06,-0.028,-1224.58,0.0
0.0461,5.0,-0.23062831999936861,-0.028,-1224.58,0.0
0.0512,5.0,-0.2560280000000148,-0.028,-1224.58,0.0
0.0563,5.0,-0.2814046399998915,-0.028,-1224.58,0.0
0.0613,5.0,-0.30673952000029203,0.066,-1223.965,0.0
0.0669,5.0,-0.3342520000001059,0.066,-1223.965,0.0
0.0719,5.0,-0.35959407999939685,0.066,-1223.965,0.0
0.0770,5.0,-0.38491919999955826,0.066,-1223.965,0.0
0.0820,5.0,-0.4102420799995343,0.066,-1223.789,0.0
0.0885,5.0,-0.4426793599998291,0.066,-1223.789,0.0
0.0938,5.0,-0.4690172799996617,0.066,-1223.789,0.0
0.0989,5.0,-0.49439743999982966,0.066,-1223.789,0.0
0.1040,5.0,-0.5197529600002326,1.3,-1213.857,0.0
0.1110,5.0,-0.554793599999357,1.3,-1213.857,0.0
0.1160,5.0,-0.5801336000001811,1.3,-1213.857,0.0
0.1211,5.0,-0.605460959999391,2.999,-1199.619,0.0
0.1305,5.0,-0.6523353599993698,2.999,-1199.619,0.0
0.1355,5.0,-0.6777086399995369,2.999,-1199.619,0.0
0.1406,5.0,-0.7031177599992589,2.999,-1199.619,0.0
0.1457,5.0,-0.7284924800001136,3.154,-1191.709,0.0
0.1515,5.0,-0.7574011199994857,3.154,-1191.709,0.0
0.1565,5.0,-0.7827457600001253,3.154,-1191.709,0.0
0.1618,5.0,-0.8091079999996964,3.154,-1191.709,0.0
0.1669,5.0,-0.8344436799995947,2.54,-1185.557,0.0
0.1735,5.0,-0.8673281599999427,2.54,-1185.557,0.0
0.1785,5.0,-0.8926561599992056,2.54,-1185.557,0.0
0.1836,5.0,-0.9179863999997906,2.54,-1185.557,0.0
0.1887,5.0,-0.9435526400000072,3.183,-1171.494,0.0
0.1975,5.0,-0.9873919999995451,3.183,-1171.494,0.0
0.2025,5.0,-1.0127428800001326,3.183,-1171.494,0.0
0.2091,5.0,-1.0454231999995045,3.183,-1171.494,0.0
0.2142,5.0,-1.0707607999995616,3.941,-1157.344,0.0
0.2196,5.0,-1.098137599999518,3.941,-1157.344,0.0
0.2247,5.0,-1.1235289599994758,3.941,-1157.344,0.0
0.2300,5.0,-1.1499718400000347,3.941,-1157.344,0.0
0.2351,5.0,-1.1753134399998544,4.097,-1144.072,0.0
0.2415,5.0,-1.2073636799993892,4.097,-1144.072,0.0
0.2465,5.0,-1.232742720000033,4.097,-1144.072,0.0
0.2516,5.0,-1.2580839999998261,4.097,-1144.072,0.0
0.2567,5.0,-1.2834176000001207,4.293,-1129.658,0.0
0.2655,5.0,-1.3273345599998265,4.293,-1129.658,0.0
0.2705,5.0,-1.3526660799993806,4.293,-1129.658,0.0
0.2756,5.0,-1.3780203199996777,4.293,-1129.658,0.0
0.2807,5.0,-1.4034207999998216,3.508,-1121.396,0.0
0.2875,5.0,-1.4373699199995826,3.508,-1121.396,0.0
0.2925,5.0,-1.4627425599996968,3.508,-1121.396,0.0
0.2978,5.0,-1.4891555199994855,3.508,-1121.396,0.0
0.3029,5.0,-1.5145015999996758,3.528,-1109.355,0.0
0.3099,5.0,-1.5493972799993116,3.528,-1109.355,0.0
0.3149,5.0,-1.5747407999992902,3.528,-1109.355,0.0
0.3200,5.0,-1.6000659199994516,3.528,-1109.355,0.0
0.3251,5.0,-1.6253892800000358,2.782,-1103.555,0.0
0.3335,5.0,-1.6673310399994534,2.782,-1103.555,0.0
0.3385,5.0,-1.69266959999959,2.782,-1103.555,0.0
0.3436,5.0,-1.7180228799998076,2.782,-1103.555,0.0
0.3487,5.0,-1.7433553599994411,2.356,-1096.348,0.0
0.3555,5.0,-1.777332319999232,2.356,-1096.348,0.0
0.3605,5.0,-1.802660639999658,2.356,-1096.348,0.0
0.3658,5.0,-1.8290195199995196,2.356,-1096.348,0.0
0.3709,5.0,-1.8544249599995055,3.483,-1080.527,0.0
0.3775,5.0,-1.8873539200001233,3.483,-1080.527,0.0
0.3825,5.0,-1.9126982399995995,3.483,-1080.527,0.0
0.3876,5.0,-1.9380452799998693,3.812,-1070.771,0.0
0.3975,5.0,-1.9873507199997675,3.812,-1070.771,0.0
0.4025,5.0,-2.0126784000001408,3.812,-1070.771,0.0
0.4091,5.0,-2.0453177599995342,3.812,-1070.771,0.0
0.4141,5.0,-2.070649920000278,2.496,-1066.377,0.0
0.4225,5.0,-2.112328800000114,2.496,-1066.377,0.0
0.4275,5.0,-2.1376641599999857,2.496,-1066.377,0.0
0.4328,5.0,-2.1640116799994757,2.496,-1066.377,0.0
0.4379,5.0,-2.189395999999988,1.931,-1061.631,0.0
0.4445,5.0,-2.2223547199996574,1.931,-1061.631,0.0
0.4495,5.0,-2.2476843200001895,1.931,-1061.631,0.0
0.4546,5.0,-2.2730166399992413,1.931,-1061.631,0.0
0.4597,5.0,-2.2983387199997196,2.799,-1047.832,0.0
0.4685,5.0,-2.3425255999995898,2.799,-1047.832,0.0
0.4736,5.0,-2.367915999999468,2.799,-1047.832,0.0
0.4787,5.0,-2.3933142399994267,2.799,-1047.832,0.0
0.4837,5.0,-2.418689759999779,2.958,-1040.537,0.0
0.4895,5.0,-2.447315360000175,2.958,-1040.537,0.0
0.4945,5.0,-2.472645120000152,2.958,-1040.537,0.0
0.4998,5.0,-2.499227199999723,2.958,-1040.537,0.0
0.5049,5.0,-2.524556319999647,2.097,-1036.582,0.0
0.5119,5.0,-2.559634560000177,2.097,-1036.582,0.0
0.5170,5.0,-2.585083519999216,2.097,-1036.582,0.0
0.5221,5.0,-2.6105390399993667,1.937,-1031.045,0.0
0.5315,5.0,-2.6575790399999732,1.937,-1031.045,0.0
0.5366,5.0,-2.682995520000304,1.937,-1031.045,0.0
0.5417,5.0,-2.7083587200002057,1.937,-1031.045,0.0
0.5467,5.0,-2.7336865600000237,2.287,-1021.553,0.0
0.5565,5.0,-2.782359999999926,2.287,-1021.553,0.0
0.5615,5.0,-2.807717439999351,2.287,-1021.553,0.0
0.5668,5.0,-2.8341662399998313,2.287,-1021.553,0.0
0.5719,5.0,-2.8595196799994937,1.946,-1017.422,0.0
0.5785,5.0,-2.89238495999939,1.946,-1017.422,0.0
0.5835,5.0,-2.9177487999993446,1.946,-1017.422,0.0
0.5886,5.0,-2.943169279999438,1.946,-1017.422,0.0
0.5938,5.0,-2.968786399999317,1.296,-1015.225,0.0
0.6025,5.0,-3.012444159999177,1.296,-1015.225,0.0
0.6090,5.0,-3.0451892799999314,1.296,-1015.225,0.0
0.6141,5.0,-3.070546879999938,1.602,-1008.545,0.0
0.6235,5.0,-3.1173358399996687,1.602,-1008.545,0.0
0.6285,5.0,-3.1426884799998334,1.602,-1008.545,0.0
0.6338,5.0,-3.169084159999329,1.602,-1008.545,0.0
0.6389,5.0,-3.1944203199998356,2.478,-997.559,0.0
0.6445,5.0,-3.222715680000192,2.478,-997.559,0.0
0.6496,5.0,-3.24804047999919,2.478,-997.559,0.0
0.6547,5.0,-3.2733710399998017,2.478,-997.559,0.0
0.6597,5.0,-3.2987223999998605,3.242,-984.463,0.0
0.6695,5.0,-3.34731024000007,3.242,-984.463,0.0
0.6745,5.0,-3.3726807999994435,3.242,-984.463,0.0
0.6796,5.0,-3.3980172799999764,3.242,-984.463,0.0
0.6847,5.0,-3.4233494399995834,3.348,-973.828,0.0
0.6905,5.0,-3.452746399999569,3.348,-973.828,0.0
0.6956,5.0,-3.4780776000002334,3.348,-973.828,0.0
0.7009,5.0,-3.5044180800002778,3.348,-973.828,0.0
0.7075,5.0,-3.5373958399998173,3.835,-959.941,0.0
0.7135,5.0,-3.567329759999893,3.835,-959.941,0.0
0.7185,5.0,-3.5926708800002416,3.835,-959.941,0.0
0.7236,5.0,-3.6180179199993745,3.821,-950.098,0.0
0.7335,5.0,-3.667324479999934,3.821,-950.098,0.0
0.7385,5.0,-3.6926660799997535,3.821,-950.098,0.0
0.7436,5.0,-3.7179982399993605,3.821,-950.098,0.0
0.7487,5.0,-3.7433206399998653,3.656,-939.287,0.0
0.7541,5.0,-3.770590079999465,3.656,-939.287,0.0
0.7592,5.0,-3.7959193599999708,3.656,-939.287,0.0
0.7642,5.0,-3.8212475199998153,3.656,-939.287,0.0
0.7695,5.0,-3.8477278400000614,3.265,-930.762,0.0
0.7765,5.0,-3.8827187200001845,3.265,-930.762,0.0
0.7816,5.0,-3.908049279999659,3.265,-930.762,0.0
0.7867,5.0,-3.933370559999503,3.265,-930.762,0.0
0.7917,5.0,-3.9586903999997958,2.644,-925.576,0.0
0.7972,5.0,-3.9859363200002917,2.644,-925.576,0.0
0.8023,5.0,-4.011287040000298,2.644,-925.576,0.0
0.8088,5.0,-4.044010559999833,2.644,-925.576,0.0
0.8139,5.0,-4.069345440000234,2.607,-916.172,0.0
0.8205,5.0,-4.102726879999636,2.607,-916.172,0.0
0.8256,5.0,-4.128060959999402,2.607,-916.172,0.0
0.8307,5.0,-4.153390559999934,2.607,-916.172,0.0
0.8360,5.0,-4.179790559999219,3.107,-904.131,0.0
0.8435,5.0,-4.217731359999561,3.107,-904.131,0.0
0.8486,5.0,-4.243058879999353,3.107,-904.131,0.0
0.8537,5.0,-4.268380639999805,3.107,-904.131,0.0
0.8587,5.0,-4.293703999999252,3.047,-894.727,0.0
0.8675,5.0,-4.337736640000003,3.047,-894.727,0.0
0.8726,5.0,-4.3630659199993715,3.047,-894.727,0.0
0.8777,5.0,-4.3883863999997175,3.047,-894.727,0.0
0.8827,5.0,-4.413706079999429,2.966,-887.08,0.0
0.8882,5.0,-4.440978719999293,2.966,-887.08,0.0
0.8933,5.0,-4.466313120000223,2.966,-887.08,0.0
0.8983,5.0,-4.491662880000149,2.966,-887.08,0.0
0.9036,5.0,-4.518009920000168,2.641,-879.609,0.0
0.9106,5.0,-4.552754559999812,2.641,-879.609,0.0
0.9156,5.0,-4.5781030399996325,2.641,-879.609,0.0
0.9207,5.0,-4.603428799999847,2.641,-879.609,0.0
0.9257,5.0,-4.628747839999505,2.331,-874.248,0.0
0.9312,5.0,-4.656078719999641,2.331,-874.248,0.0
0.9363,5.0,-4.681425599999329,2.331,-874.248,0.0
0.9413,5.0,-4.706746079999675,2.331,-874.248,0.0
0.9464,5.0,-4.7320681600001535,1.687,-870.908,0.0
0.9545,5.0,-4.772689919999493,1.687,-870.908,0.0
0.9596,5.0,-4.798087199999372,1.687,-870.908,0.0
0.9647,5.0,-4.823513279999361,1.687,-870.908,0.0
0.9700,5.0,-4.8499833599998965,2.352,-859.922,0.0
0.9775,5.0,-4.8877046400002655,2.352,-859.922,0.0
0.9826,5.0,-4.913033599999608,2.352,-859.922,0.0
0.9877,5.0,-4.938357600000245,2.352,-859.922,0.0
0.9927,5.0,-4.963680319999639,3.213,-846.65,0.0
1.0015,5.0,-5.007732959999203,3.213,-846.65,0.0
1.0082,5.0,-5.040924639999957,3.213,-846.65,0.0
1.0134,5.0,-5.066839679999475,3.026,-839.531,0.0
1.0227,5.0,-5.113262239999585,3.026,-839.531,0.0
1.0278,5.0,-5.138838719999512,3.026,-839.531,0.0
1.0329,5.0,-5.164396799999622,3.026,-839.531,0.0
1.0382,5.0,-5.191174399999454,3.16,-827.93,0.0
1.0455,5.0,-5.227730880000081,3.16,-827.93,0.0
1.0506,5.0,-5.253080319999981,3.16,-827.93,0.0
1.0557,5.0,-5.278465919999462,3.16,-827.93,0.0
1.0608,5.0,-5.303797599999598,3.667,-813.779,0.0
1.0695,5.0,-5.347715039999912,3.667,-813.779,0.0
1.0746,5.0,-5.3730449599993335,3.667,-813.779,0.0
1.0797,5.0,-5.398371039999574,3.667,-813.779,0.0
1.0847,5.0,-5.423703839999234,3.667,-804.287,0.0
1.0902,5.0,-5.45103872000027,3.667,-804.287,0.0
1.0953,5.0,-5.476374559999613,3.667,-804.287,0.0
1.1004,5.0,-5.501792640000076,3.667,-804.287,0.0
1.1072,5.0,-5.535844799999268,3.134,-795.674,0.0
1.1126,5.0,-5.563141119999955,3.134,-795.674,0.0
1.1177,5.0,-5.588480479999589,3.134,-795.674,0.0
1.1228,5.0,-5.6138148799993814,3.134,-795.674,0.0
1.1278,5.0,-5.639136799999278,3.09,-785.742,0.0
1.1365,5.0,-5.682739200000242,3.09,-785.742,0.0
1.1416,5.0,-5.708074399999532,3.09,-785.742,0.0
1.1467,5.0,-5.733396319999429,3.09,-785.742,0.0
1.1517,5.0,-5.758731839999882,3.09,-785.742,0.0
1.1568,5.0,-5.784068799999886,2.211,-780.645,0.0
1.1623,5.0,-5.811487039999292,2.211,-780.645,0.0
1.1674,5.0,-5.836816959999851,2.211,-780.645,0.0
1.1726,5.0,-5.863166079999473,2.211,-780.645,0.0
1.1777,5.0,-5.888493119999794,2.42,-771.328,0.0
1.1835,5.0,-5.917738719999761,2.42,-771.328,0.0
1.1886,5.0,-5.943063039999288,2.42,-771.328,0.0
1.1937,5.0,-5.968388640000057,2.42,-771.328,0.0
1.1988,5.0,-5.993751999999404,2.615,-762.012,0.0
1.2075,5.0,-6.037737599999673,2.615,-762.012,0.0
1.2141,5.0,-6.070405919999757,2.615,-762.012,0.0
1.2191,5.0,-6.095735839999179,2.615,-762.012,0.0
1.2242,5.0,-6.121061599999393,2.008,-759.199,0.0
1.2297,5.0,-6.148354559999234,2.008,-759.199,0.0
1.2347,5.0,-6.173681440000109,2.008,-759.199,0.0
1.2400,5.0,-6.2000129599994125,2.008,-759.199,0.0
1.2451,5.0,-6.225345760000209,1.451,-756.387,0.0
1.2505,5.0,-6.252668160000212,1.451,-756.387,0.0
1.2556,5.0,-6.278016320000006,1.451,-756.387,0.0
1.2607,5.0,-6.303338719999374,1.451,-756.387,0.0
1.2657,5.0,-6.328659519999746,1.221,-753.311,0.0
1.2712,5.0,-6.355919359999689,1.221,-753.311,0.0
1.2763,5.0,-6.3812566399997195,1.221,-753.311,0.0
1.2813,5.0,-6.406581599999299,1.221,-753.311,0.0
1.2864,5.0,-6.431900640000094,2.528,-739.336,0.0
1.2945,5.0,-6.472675840000193,2.528,-739.336,0.0
1.2996,5.0,-6.498027679999723,2.528,-739.336,0.0
1.3055,5.0,-6.527633919999971,2.528,-739.336,0.0
1.3121,5.0,-6.5603016000000025,3.4,-727.822,0.0
1.3175,5.0,-6.587602399999923,3.4,-727.822,0.0
1.3226,5.0,-6.612930080000297,3.4,-727.822,0.0
1.3277,5.0,-6.638264480000089,2.685,-723.428,0.0
1.3365,5.0,-6.68274399999973,2.685,-723.428,0.0
1.3416,5.0,-6.708149280000271,2.685,-723.428,0.0
1.3467,5.0,-6.733531039999434,2.685,-723.428,0.0
1.3518,5.0,-6.758869599999571,3.477,-708.047,0.0
1.3605,5.0,-6.802687360000164,3.477,-708.047,0.0
1.3656,5.0,-6.828019519999771,3.477,-708.047,0.0
1.3735,5.0,-6.867365279999831,3.887,-695.303,0.0
1.3825,5.0,-6.912713599999734,3.887,-695.303,0.0
1.3876,5.0,-6.9380507199991825,3.887,-695.303,0.0
1.3927,5.0,-6.963388479999821,3.887,-695.303,0.0
1.3977,5.0,-6.988713119999375,3.574,-684.492,0.0
1.4065,5.0,-7.032675680000011,3.574,-684.492,0.0
1.4131,5.0,-7.065266239999346,3.574,-684.492,0.0
1.4181,5.0,-7.090594080000301,3.766,-673.506,0.0
1.4265,5.0,-7.13265999999976,3.766,-673.506,0.0
1.4316,5.0,-7.157986239999445,3.766,-673.506,0.0
1.4367,5.0,-7.183313599999792,3.766,-673.506,0.0
1.4419,5.0,-7.2096990399995775,3.15,-665.596,0.0
1.4495,5.0,-7.247677279999607,3.15,-665.596,0.0
1.4546,5.0,-7.273000960000218,3.15,-665.596,0.0
1.4597,5.0,-7.298336000000063,3.15,-665.596,0.0
1.4647,5.0,-7.323657119999325,2.965,-657.158,0.0
1.4702,5.0,-7.350865439999552,2.965,-657.158,0.0
1.4752,5.0,-7.376197919999186,2.965,-657.158,0.0
1.4803,5.0,-7.401514559999214,2.965,-657.158,0.0
1.4854,5.0,-7.426844799999799,2.965,-657.158,0.0
1.4904,5.0,-7.452168799999299,3.633,-641.074,0.0
1.4965,5.0,-7.482697279999684,3.633,-641.074,0.0
1.5016,5.0,-7.5080542399996375,3.633,-641.074,0.0
1.5084,5.0,-7.542061919999696,3.633,-641.074,0.0
1.5135,5.0,-7.567558079999799,3.942,-628.154,0.0
1.5190,5.0,-7.595189279999204,3.942,-628.154,0.0
1.5241,5.0,-7.620642560000306,3.942,-628.154,0.0
1.5292,5.0,-7.645993280000312,3.942,-628.154,0.0
1.5343,5.0,-7.6713569599996845,4.143,-615.322,0.0
1.5398,5.0,-7.698762719999195,4.143,-615.322,0.0
1.5448,5.0,-7.724098559999675,4.143,-615.322,0.0
1.5499,5.0,-7.749422560000312,4.143,-615.322,0.0
1.5550,5.0,-7.774752000000262,4.295,-600.117,0.0
1.5636,5.0,-7.818162720000146,4.295,-600.117,0.0
1.5687,5.0,-7.843497599999409,4.295,-600.117,0.0
1.5740,5.0,-7.869852479999508,4.295,-600.117,0.0
1.5790,5.0,-7.895180799999935,4.076,-588.604,0.0
1.5855,5.0,-7.927692959999604,4.076,-588.604,0.0
1.5906,5.0,-7.953019679999898,4.076,-588.604,0.0
1.5957,5.0,-7.978343679999398,4.076,-588.604,0.0
1.6007,5.0,-8.003668479999533,2.919,-583.066,0.0
1.6095,5.0,-8.047684639999488,2.919,-583.066,0.0
1.6146,5.0,-8.07301088000031,2.919,-583.066,0.0
1.6197,5.0,-8.098340479999706,2.919,-583.066,0.0
1.6247,5.0,-8.123722719999478,2.498,-575.596,0.0
1.6305,5.0,-8.152708960000155,2.498,-575.596,0.0
1.6356,5.0,-8.17805663999934,2.498,-575.596,0.0
1.6409,5.0,-8.204395359999808,2.498,-575.596,0.0
1.6459,5.0,-8.229728479999494,3.078,-563.906,0.0
1.6525,5.0,-8.262664799999584,3.078,-563.906,0.0
1.6576,5.0,-8.287995839999667,3.078,-563.906,0.0
1.6627,5.0,-8.313319200000251,3.078,-563.906,0.0
1.6677,5.0,-8.338665919999357,2.751,-558.984,0.0
1.6732,5.0,-8.365963359999569,2.751,-558.984,0.0
1.6783,5.0,-8.391317119999258,2.751,-558.984,0.0
1.6833,5.0,-8.416687519999186,2.751,-558.984,0.0
1.6884,5.0,-8.442012639999348,1.566,-558.193,0.0
1.6939,5.0,-8.469285119999768,1.566,-558.193,0.0
1.6989,5.0,-8.494624799999428,1.566,-558.193,0.0
1.7040,5.0,-8.519943039999589,1.566,-558.193,0.0
1.7107,5.0,-8.55353263999973,1.336,-554.063,0.0
1.7165,5.0,-8.582679999999527,1.336,-554.063,0.0
1.7216,5.0,-8.608027519999268,1.336,-554.063,0.0
1.7267,5.0,-8.633366079999405,1.336,-554.063,0.0
1.7317,5.0,-8.658694079999805,1.081,-551.953,0.0
1.7372,5.0,-8.685976799999935,1.081,-551.953,0.0
1.7423,5.0,-8.711302399999568,1.081,-551.953,0.0
1.7473,5.0,-8.736624319999464,1.081,-551.953,0.0
1.7524,5.0,-8.7619491199996,3.795,-527.959,0.0
1.7605,5.0,-8.80267807999985,3.795,-527.959,0.0
1.7656,5.0,-8.828006400000277,3.795,-527.959,0.0
1.7707,5.0,-8.853343839999752,3.795,-527.959,0.0
1.7760,5.0,-8.879806879999705,4.741,-512.578,0.0
1.7835,5.0,-8.917682239999749,4.741,-512.578,0.0
1.7886,5.0,-8.943007839999382,4.741,-512.578,0.0
1.7937,5.0,-8.968332800000098,4.741,-512.578,0.0
1.7987,5.0,-8.993653119999863,4.353,-500.537,0.0
1.8075,5.0,-9.037684959999979,4.353,-500.537,0.0
1.8141,5.0,-9.070314240000243,4.353,-500.537,0.0
1.8191,5.0,-9.095667999999932,2.962,-496.582,0.0
1.8275,5.0,-9.137693440000021,2.962,-496.582,0.0
1.8326,5.0,-9.163021279999839,2.962,-496.582,0.0
1.8377,5.0,-9.188340160000052,2.962,-496.582,0.0
1.8429,5.0,-9.214711839999836,3.247,-484.014,0.0
1.8505,5.0,-9.252671039999996,3.247,-484.014,0.0
1.8556,5.0,-9.277995999999575,3.247,-484.014,0.0
1.8607,5.0,-9.30331744,3.247,-484.014,0.0
1.8657,5.0,-9.328656320000164,3.937,-470.742,0.0
1.8712,5.0,-9.355947839999317,3.937,-470.742,0.0
1.8763,5.0,-9.38130671999943,3.937,-470.742,0.0
1.8813,5.0,-9.406655999999884,3.937,-470.742,0.0
1.8864,5.0,-9.43197535999957,3.047,-464.063,0.0
1.8945,5.0,-9.472691199999872,3.047,-464.063,0.0
1.8996,5.0,-9.498044160000063,3.047,-464.063,0.0
1.9047,5.0,-9.523443519999546,3.047,-464.063,0.0
1.9114,5.0,-9.557154079999464,2.93,-454.57,0.0
1.9175,5.0,-9.587710559999323,2.93,-454.57,0.0
1.9226,5.0,-9.613044479999644,2.93,-454.57,0.0
1.9277,5.0,-9.63836495999999,2.93,-454.57,0.0
1.9327,5.0,-9.663687039999331,2.444,-447.275,0.0
1.9416,5.0,-9.708075839999992,2.444,-447.275,0.0
1.9467,5.0,-9.73340703999952,2.444,-447.275,0.0
1.9517,5.0,-9.758728319999364,2.444,-447.275,0.0
1.9568,5.0,-9.784049599999207,2.676,-440.068,0.0
1.9623,5.0,-9.811367519999976,2.676,-440.068,0.0
1.9673,5.0,-9.836694399999715,2.676,-440.068,0.0
1.9724,5.0,-9.86201919999985,2.676,-440.068,0.0
1.9777,5.0,-9.888386399999263,2.638,-430.84,0.0
1.9845,5.0,-9.922741120000182,2.638,-430.84,0.0
1.9896,5.0,-9.948096159999977,2.638,-430.84,0.0
1.9947,5.0,-9.973430399999188,2.638,-430.84,0.0
1.9998,5.0,-9.998759520000249,2.73,-422.578,0.0
2.0052,5.0,-10.026068800000303,2.73,-422.578,0.0
2.0119,5.0,-10.059294879999925,2.73,-422.578,0.0
2.0170,5.0,-10.084799679999605,2.73,-422.578,0.0
2.0221,5.0,-10.110433119999698,2.653,-414.932,0.0
2.0286,5.0,-10.143019839999852,2.653,-414.932,0.0
2.0337,5.0,-10.168554240000276,2.653,-414.932,0.0
2.0388,5.0,-10.194099039999855,2.653,-414.932,0.0
2.0442,5.0,-10.22089584000014,2.478,-405.791,0.0
2.0516,5.0,-10.25775039999985,2.478,-405.791,0.0
2.0566,5.0,-10.283126240000229,2.478,-405.791,0.0
2.0617,5.0,-10.308478719999812,2.478,-405.791,0.0
2.0668,5.0,-10.33381775999942,3.599,-389.707,0.0
2.0755,5.0,-10.377718400000049,3.599,-389.707,0.0
2.0806,5.0,-10.403087679999317,3.599,-389.707,0.0
2.0857,5.0,-10.428415200000245,3.599,-389.707,0.0
2.0908,5.0,-10.4537790400002,3.599,-389.707,0.0
2.0958,5.0,-10.4791030399997,2.376,-386.631,0.0
2.1013,5.0,-10.506516479999846,2.376,-386.631,0.0
2.1095,5.0,-10.54770287999986,2.376,-386.631,0.0
2.1146,5.0,-10.573053119999258,2.663,-375.469,0.0
2.1225,5.0,-10.612689119999459,2.663,-375.469,0.0
2.1276,5.0,-10.638072159999865,2.663,-375.469,0.0
2.1327,5.0,-10.663501760000145,2.663,-375.469,0.0
2.1378,5.0,-10.688855519999834,4.084,-359.033,0.0
2.1432,5.0,-10.71624015999987,4.084,-359.033,0.0
2.1483,5.0,-10.741576159999795,4.084,-359.033,0.0
2.1534,5.0,-10.766924160000144,4.084,-359.033,0.0
2.1585,5.0,-10.792256959999804,3.428,-350.771,0.0
2.1675,5.0,-10.837703839999904,3.428,-350.771,0.0
2.1726,5.0,-10.863060479999831,3.428,-350.771,0.0
2.1779,5.0,-10.889604479999662,3.428,-350.771,0.0
2.1830,5.0,-10.914945759999455,2.806,-343.652,0.0
2.1895,5.0,-10.947746399999687,2.806,-343.652,0.0
2.1946,5.0,-10.973111199999721,2.806,-343.652,0.0
2.1997,5.0,-10.998457439999356,2.806,-343.652,0.0
2.2048,5.0,-11.023799679999229,3.084,-331.436,0.0
2.2135,5.0,-11.067690400000174,3.084,-331.436,0.0
2.2186,5.0,-11.093035359999703,3.084,-331.436,0.0
2.2237,5.0,-11.118394079999234,3.084,-331.436,0.0
2.2287,5.0,-11.143722560000242,2.878,-324.316,0.0
2.2355,5.0,-11.177701760000218,2.878,-324.316,0.0
2.2406,5.0,-11.203037919999588,2.878,-324.316,0.0
2.2459,5.0,-11.229396159999396,2.878,-324.316,0.0
2.2510,5.0,-11.254827039999782,2.493,-316.846,0.0
2.2575,5.0,-11.287732480000159,2.493,-316.846,0.0
2.2626,5.0,-11.31307359999937,2.493,-316.846,0.0
2.2677,5.0,-11.338405279999506,2.493,-316.846,0.0
2.2727,5.0,-11.363732639999853,3.232,-303.223,0.0
2.2815,5.0,-11.407690879999564,3.232,-303.223,0.0
2.2866,5.0,-11.433014240000148,3.232,-303.223,0.0
2.2917,5.0,-11.458344320000151,3.232,-303.223,0.0
2.2967,5.0,-11.483710400000291,3.898,-288.984,0.0
2.3035,5.0,-11.51768240000024,3.898,-288.984,0.0
2.3101,5.0,-11.55038912000009,3.898,-288.984,0.0
2.3154,5.0,-11.576821439999776,3.898,-288.984,0.0
2.3204,5.0,-11.602164959999755,4.472,-273.164,0.0
2.3259,5.0,-11.629421760000014,4.472,-273.164,0.0
2.3310,5.0,-11.65475679999986,4.472,-273.164,0.0
2.3360,5.0,-11.680075839999517,4.472,-273.164,0.0
2.3411,5.0,-11.705395359999784,4.178,-261.299,0.0
2.3495,5.0,-11.747721759999195,4.178,-261.299,0.0
2.3546,5.0,-11.773069920000125,4.178,-261.299,0.0
2.3597,5.0,-11.79839807999997,4.178,-261.299,0.0
2.3647,5.0,-11.823719839999285,3.22,-254.971,0.0
2.3705,5.0,-11.852681919999668,3.22,-254.971,0.0
2.3756,5.0,-11.878007839999327,3.22,-254.971,0.0
2.3809,5.0,-11.90436783999985,3.22,-254.971,0.0
2.3859,5.0,-11.929701279999563,3.011,-246.094,0.0
2.3925,5.0,-11.96269167999958,3.011,-246.094,0.0
2.3976,5.0,-11.98804447999919,3.011,-246.094,0.0
2.4027,5.0,-12.013401919999751,3.011,-246.094,0.0
2.4092,5.0,-12.04603087999999,2.123,-242.051,0.0
2.4165,5.0,-12.08268911999994,2.123,-242.051,0.0
2.4216,5.0,-12.108021279999548,2.123,-242.051,0.0
2.4267,5.0,-12.133340479999788,2.123,-242.051,0.0
2.4317,5.0,-12.158663999999817,1.463,-239.854,0.0
2.4375,5.0,-12.18767535999973,1.463,-239.854,0.0
2.4426,5.0,-12.213034559999869,1.463,-239.854,0.0
2.4479,5.0,-12.239437759999419,1.463,-239.854,0.0
2.4530,5.0,-12.264769600000136,1.187,-236.865,0.0
2.4595,5.0,-12.297697120000066,1.187,-236.865,0.0
2.4646,5.0,-12.323023679999778,1.187,-236.865,0.0
2.4697,5.0,-12.348375359999864,1.187,-236.865,0.0
2.4747,5.0,-12.373696160000236,1.336,-230.889,0.0
2.4835,5.0,-12.41766079999934,1.336,-230.889,0.0
2.4886,5.0,-12.442992000000004,1.336,-230.889,0.0
2.4937,5.0,-12.468466079999416,1.336,-230.889,0.0
2.4988,5.0,-12.493803840000055,1.938,-222.979,0.0
2.5045,5.0,-12.522726720000037,1.938,-222.979,0.0
2.5111,5.0,-12.5555043199995,1.938,-222.979,0.0
2.5164,5.0,-12.5820859199996,1.938,-222.979,0.0
2.5216,5.0,-12.607869119999577,2.643,-212.52,0.0
2.5271,5.0,-12.635578079999732,2.643,-212.52,0.0
2.5322,5.0,-12.661054239999885,2.643,-212.52,0.0
2.5373,5.0,-12.686451040000293,2.643,-212.52,0.0
2.5424,5.0,-12.711868000000095,2.723,-205.576,0.0
2.5479,5.0,-12.739434559999836,2.723,-205.576,0.0
2.5530,5.0,-12.764823039999555,2.723,-205.576,0.0
2.5580,5.0,-12.790156799999295,2.723,-205.576,0.0
2.5631,5.0,-12.815484000000197,2.723,-195.205,0.0
2.5715,5.0,-12.8576732800002,2.723,-195.205,0.0
2.5766,5.0,-12.883054239999865,2.723,-195.205,0.0
2.5819,5.0,-12.909487040000158,2.723,-195.205,0.0
2.5870,5.0,-12.934896799999933,3.238,-183.779,0.0
2.5935,5.0,-12.967671839999184,3.238,-183.779,0.0
2.5986,5.0,-12.993012959999533,3.238,-183.779,0.0
2.6037,5.0,-13.0183462399998,3.238,-183.779,0.0
2.6102,5.0,-13.051087359999656,2.416,-179.209,0.0
2.6175,5.0,-13.08770031999984,2.416,-179.209,0.0
2.6226,5.0,-13.113059679999424,2.416,-179.209,0.0
2.6277,5.0,-13.138401759999851,2.416,-179.209,0.0
2.6327,5.0,-13.163737919999221,1.992,-173.936,0.0
2.6395,5.0,-13.197693759999538,1.992,-173.936,0.0
2.6446,5.0,-13.223033439999199,1.992,-173.936,0.0
2.6499,5.0,-13.249396799999431,1.992,-173.936,0.0
2.6549,5.0,-13.274735679999594,1.905,-168.75,0.0
2.6615,5.0,-13.307716479999954,1.905,-168.75,0.0
2.6667,5.0,-13.333261440000115,1.905,-168.75,0.0
2.6717,5.0,-13.358721280000054,1.905,-168.75,0.0
2.6769,5.0,-13.384289119999266,1.926,-161.367,0.0
2.6855,5.0,-13.42774640000016,1.926,-161.367,0.0
2.6906,5.0,-13.453089119999504,1.926,-161.367,0.0
2.6957,5.0,-13.47842319999927,1.926,-161.367,0.0
2.7007,5.0,-13.503747199999907,1.799,-157.061,0.0
2.7077,5.0,-13.538307999999688,1.799,-157.061,0.0
2.7127,5.0,-13.563646399999243,1.799,-157.061,0.0
2.7180,5.0,-13.589989759999526,1.799,-157.061,0.0
2.7231,5.0,-13.61532575999945,1.543,-153.721,0.0
2.7285,5.0,-13.642715999999382,1.543,-153.721,0.0
2.7336,5.0,-13.668072479999864,1.543,-153.721,0.0
2.7387,5.0,-13.693399840000211,1.543,-153.721,0.0
2.7437,5.0,-13.718725119999817,1.621,-147.129,0.0
2.7525,5.0,-13.762658719999763,1.621,-147.129,0.0
2.7576,5.0,-13.78799631999982,1.621,-147.129,0.0
2.7627,5.0,-13.81331983999985,1.621,-147.129,0.0
2.7677,5.0,-13.83864191999919,2.413,-136.758,0.0
2.7735,5.0,-13.867725759999985,2.413,-136.758,0.0
2.7787,5.0,-13.89328991999946,2.413,-136.758,0.0
2.7840,5.0,-13.919906239999591,2.413,-136.758,0.0
2.7891,5.0,-13.94525520000002,3.708,-121.377,0.0
2.7955,5.0,-13.977673759999334,3.708,-121.377,0.0
2.8006,5.0,-14.00301327999955,3.708,-121.377,0.0
2.8071,5.0,-14.035649279999234,3.708,-121.377,0.0
2.8122,5.0,-14.060979839999845,4.332,-104.766,0.0
2.8195,5.0,-14.097688639999433,4.332,-104.766,0.0
2.8246,5.0,-14.123049920000312,4.332,-104.766,0.0
2.8297,5.0,-14.148387679999814,4.332,-104.766,0.0
2.8348,5.0,-14.173774719999983,4.559,-91.67,0.0
2.8405,5.0,-14.202634079999825,4.559,-91.67,0.0
2.8456,5.0,-14.227966400000014,4.559,-91.67,0.0
2.8509,5.0,-14.254401759999382,4.559,-91.67,0.0
2.8559,5.0,-14.279731519999359,3.817,-82.178,0.0
2.8625,5.0,-14.31264016,3.817,-82.178,0.0
2.8676,5.0,-14.338003359999902,3.817,-82.178,0.0
2.8727,5.0,-14.363430239999389,3.817,-82.178,0.0
2.8778,5.0,-14.388789759999554,3.662,-70.225,0.0
2.8865,5.0,-14.432591839999986,3.662,-70.225,0.0
2.8916,5.0,-14.457927519999885,3.662,-70.225,0.0
2.8966,5.0,-14.483249439999781,3.662,-70.225,0.0
2.9017,5.0,-14.508535359999541,2.643,-66.621,0.0
2.9086,5.0,-14.543134079999618,2.643,-66.621,0.0
2.9137,5.0,-14.568498239999599,2.643,-66.621,0.0
2.9190,5.0,-14.59492303999923,2.643,-66.621,0.0
2.9241,5.0,-14.620262559999446,2.036,-61.348,0.0
2.9295,5.0,-14.647597599999926,2.036,-61.348,0.0
2.9346,5.0,-14.672936800000116,2.036,-61.348,0.0
2.9397,5.0,-14.698302240000203,2.036,-61.348,0.0
2.9447,5.0,-14.723628639999333,2.75,-48.516,0.0
2.9535,5.0,-14.767610079999258,2.75,-48.516,0.0
2.9586,5.0,-14.792939199999182,2.75,-48.516,0.0
2.9637,5.0,-14.818270239999265,2.75,-48.516,0.0
2.9687,5.0,-14.84361263999972,3.614,-35.156,0.0
2.9755,5.0,-14.877639999999701,3.614,-35.156,0.0
2.9806,5.0,-14.902967040000021,3.614,-35.156,0.0
2.9859,5.0,-14.92932767999946,3.614,-35.156,0.0
2.9909,5.0,-14.954658560000098,3.93,-22.061,0.0
2.9975,5.0,-14.987600480000083,3.93,-22.061,0.0
3.0026,5.0,-15.01292719999924,3.93,-22.061,0.0
3.0092,5.0,-15.04578496000022,4.352,-8.35,0.0
3.0176,5.0,-15.08788607999918,4.352,-8.35,0.0
3.0227,5.0,-15.11343743999987,4.352,-8.35,0.0
3.0278,5.0,-15.138919839999971,4.352,-8.35,0.0
3.0329,5.0,-15.164422399999467,4.352,-8.35,0.0
3.0380,5.0,-15.189794719999554,3.671,1.67,0.0
3.0434,5.0,-15.217119519999187,3.671,1.67,0.0
3.0485,5.0,-15.24245935999943,3.671,1.67,0.0
3.0538,5.0,-15.268827200000032,3.671,1.67,0.0
3.0588,5.0,-15.29416175999927,3.579,12.832,0.0
3.0645,5.0,-15.322597119999273,3.579,12.832,0.0
3.0696,5.0,-15.347927839999329,3.579,12.832,0.0
3.0747,5.0,-15.373254400000178,3.579,12.832,0.0
3.0797,5.0,-15.39857551999944,3.211,21.973,0.0
3.0885,5.0,-15.442598879999423,3.211,21.973,0.0
3.0936,5.0,-15.467935679999982,3.211,21.973,0.0
3.0987,5.0,-15.493263839999827,3.211,21.973,0.0
3.1037,5.0,-15.51858607999975,2.517,27.158,0.0
3.1106,5.0,-15.553127680000216,2.517,27.158,0.0
3.1157,5.0,-15.578482079999958,2.517,27.158,0.0
3.1210,5.0,-15.604865919999611,2.517,27.158,0.0
3.1260,5.0,-15.630197599999747,2.62,36.387,0.0
3.1315,5.0,-15.657583839999916,2.62,36.387,0.0
3.1366,5.0,-15.682911200000262,2.62,36.387,0.0
3.1416,5.0,-15.708236639999313,2.62,36.387,0.0
3.1467,5.0,-15.733559839999316,3.108,48.691,0.0
3.1555,5.0,-15.777588480000304,3.108,48.691,0.0
3.1606,5.0,-15.80294256000002,3.108,48.691,0.0
3.1657,5.0,-15.828268320000234,3.108,48.691,0.0
3.1707,5.0,-15.853593119999232,3.206,58.711,0.0
3.1765,5.0,-15.882569919999696,3.206,58.711,0.0
3.1816,5.0,-15.907898880000175,3.206,58.711,0.0
3.1869,5.0,-15.9343155199997,3.206,58.711,0.0
3.1919,5.0,-15.959643359999518,3.636,71.279,0.0
3.1985,5.0,-15.992557920000081,3.636,71.279,0.0
3.2036,5.0,-16.017892959999926,3.636,71.279,0.0
3.2101,5.0,-16.050488639999685,3.636,71.279,0.0
3.2152,5.0,-16.0758281599999,4.007,85.605,0.0
3.2225,5.0,-16.11260160000029,4.007,85.605,0.0
3.2276,5.0,-16.137995679999904,4.007,85.605,0.0
3.2327,5.0,-16.163341760000094,4.007,85.605,0.0
3.2377,5.0,-16.188473280000153,3.662,95.01,0.0
3.2435,5.0,-16.217573279999442,3.662,95.01,0.0
3.2486,5.0,-16.242914079999764,3.662,95.01,0.0
3.2539,5.0,-16.269333599999527,3.662,95.01,0.0
3.2589,5.0,-16.2946758399994,3.136,102.744,0.0
3.2655,5.0,-16.327588479999804,3.136,102.744,0.0
3.2706,5.0,-16.352916480000204,3.136,102.744,0.0
3.2756,5.0,-16.37824367999997,3.136,102.744,0.0
3.2807,5.0,-16.403562560000182,2.322,107.93,0.0
3.2895,5.0,-16.447597599999426,2.322,107.93,0.0
3.2946,5.0,-16.472970879999593,2.322,107.93,0.0
3.2997,5.0,-16.498327680000102,2.322,107.93,0.0
3.3047,5.0,-16.52365599999939,1.691,111.533,0.0
3.3116,5.0,-16.55824415999973,1.691,111.533,0.0
3.3167,5.0,-16.58357647999992,1.691,111.533,0.0
3.3220,5.0,-16.6099275199997,1.691,111.533,0.0
3.3271,5.0,-16.6352563199996,2.037,120.059,0.0
3.3335,5.0,-16.667592479999485,2.037,120.059,0.0
3.3386,5.0,-16.69292063999933,2.037,120.059,0.0
3.3436,5.0,-16.718247200000178,2.037,120.059,0.0
3.3487,5.0,-16.743623200000002,2.723,130.078,0.0
3.3542,5.0,-16.771059999999807,2.723,130.078,0.0
3.3593,5.0,-16.79640080000013,2.723,130.078,0.0
3.3643,5.0,-16.82172928,2.723,130.078,0.0
3.3694,5.0,-16.847098879999294,2.834,139.395,0.0
3.3775,5.0,-16.88761647999968,2.834,139.395,0.0
3.3826,5.0,-16.912961919999816,2.834,139.395,0.0
3.3879,5.0,-16.939345600000024,2.834,139.395,0.0
3.3929,5.0,-16.96467775999963,2.642,147.129,0.0
3.3995,5.0,-16.997617119999404,2.642,147.129,0.0
3.4046,5.0,-17.022951999999805,2.642,147.129,0.0
3.4111,5.0,-17.055647839999892,2.642,147.129,0.0
3.4162,5.0,-17.0809792,2.832,157.588,0.0
3.4235,5.0,-17.117657919999374,2.832,157.588,0.0
3.4286,5.0,-17.142991360000224,2.832,157.588,0.0
3.4337,5.0,-17.16832351999983,2.832,157.588,0.0
3.4393,5.0,-17.19663455999921,2.629,164.092,0.0
3.4455,5.0,-17.227724480000006,2.629,164.092,0.0
3.4506,5.0,-17.253080799999907,2.629,164.092,0.0
3.4559,5.0,-17.2794950399998,2.629,164.092,0.0
3.4610,5.0,-17.30483311999933,1.859,167.52,0.0
3.4675,5.0,-17.3376297599998,1.859,167.52,0.0
3.4726,5.0,-17.36295967999922,1.859,167.52,0.0
3.4777,5.0,-17.38828431999991,1.859,167.52,0.0
3.4827,5.0,-17.413606559999835,2.405,178.066,0.0
3.4882,5.0,-17.440843360000144,2.405,178.066,0.0
3.4932,5.0,-17.466195680000283,2.405,178.066,0.0
3.4983,5.0,-17.49152687999981,2.405,178.066,0.0
3.5034,5.0,-17.51685135999992,3.323,191.953,0.0
3.5126,5.0,-17.5628463999999,3.323,191.953,0.0
3.5177,5.0,-17.58835375999979,3.323,191.953,0.0
3.5230,5.0,-17.61515615999997,3.323,191.953,0.0
3.5281,5.0,-17.640618240000094,2.595,195.82,0.0
3.5345,5.0,-17.67266159999963,2.595,195.82,0.0
3.5396,5.0,-17.698014239999793,2.595,195.82,0.0
3.5447,5.0,-17.72335967999993,2.595,195.82,0.0
3.5497,5.0,-17.748474400000305,3.356,211.816,0.0
3.5585,5.0,-17.792607359999693,3.356,211.816,0.0
3.5636,5.0,-17.81794047999938,3.356,211.816,0.0
3.5687,5.0,-17.843264480000016,3.356,211.816,0.0
3.5737,5.0,-17.868469279999317,4.292,226.494,0.0
3.5795,5.0,-17.897596159999694,4.292,226.494,0.0
3.5846,5.0,-17.923016479999205,4.292,226.494,0.0
3.5899,5.0,-17.949618079999254,4.292,226.494,0.0
3.5950,5.0,-17.97496927999987,4.292,239.414,0.0
3.6015,5.0,-18.00759439999979,4.292,239.414,0.0
3.6080,5.0,-18.040191359999653,4.292,239.414,0.0
3.6131,5.0,-18.06552351999926,4.292,239.414,0.0
3.6182,5.0,-18.0908427199995,4.061,251.719,0.0
3.6255,5.0,-18.127612160000126,4.061,251.719,0.0
3.6306,5.0,-18.15294224000013,4.061,251.719,0.0
3.6357,5.0,-18.178294560000268,4.061,251.719,0.0
3.6407,5.0,-18.203644320000194,2.584,255.674,0.0
3.6495,5.0,-18.247601919999852,2.584,255.674,0.0
3.6555,5.0,-18.277644159999227,2.584,255.674,0.0
3.6606,5.0,-18.30297423999923,2.584,255.674,0.0
3.6657,5.0,-18.328353919999927,2.654,265.693,0.0
3.6712,5.0,-18.355978879999384,2.654,265.693,0.0
3.6763,5.0,-18.381575199999816,2.654,265.693,0.0
3.6814,5.0,-18.407171520000247,2.654,265.693,0.0
3.6865,5.0,-18.432734240000173,2.054,269.473,0.0
3.6946,5.0,-18.472925759999725,2.054,269.473,0.0
3.6997,5.0,-18.498482239999703,2.054,269.473,0.0
3.7048,5.0,-18.52397263999933,2.054,269.473,0.0
3.7113,5.0,-18.55670095999926,2.336,278.701,0.0
3.7168,5.0,-18.58412928000007,2.336,278.701,0.0
3.7235,5.0,-18.617438080000284,2.336,278.701,0.0
3.7286,5.0,-18.642779199999495,2.186,283.184,0.0
3.7375,5.0,-18.687600639999573,2.186,283.184,0.0
3.7426,5.0,-18.712931840000238,2.186,283.184,0.0
3.7477,5.0,-18.73826192000024,2.186,283.184,0.0
3.7527,5.0,-18.7635955199994,2.211,292.061,0.0
3.7615,5.0,-18.807588800000303,2.211,292.061,0.0
3.7666,5.0,-18.83293743999957,2.211,292.061,0.0
3.7717,5.0,-18.85826687999952,2.211,292.061,0.0
3.7767,5.0,-18.883603839999523,3.347,306.211,0.0
3.7845,5.0,-18.922631519999413,3.347,306.211,0.0
3.7898,5.0,-18.94896688000017,3.347,306.211,0.0
3.7949,5.0,-18.974295360000042,3.347,306.211,0.0
3.7999,5.0,-18.999618560000044,2.728,310.518,0.0
3.8055,5.0,-19.027603839999756,2.728,310.518,0.0
3.8121,5.0,-19.060290400000213,2.728,310.518,0.0
3.8171,5.0,-19.085618719999502,2.728,310.518,0.0
3.8222,5.0,-19.110938399999213,2.617,319.658,0.0
3.8295,5.0,-19.147628959999565,2.617,319.658,0.0
3.8346,5.0,-19.172964319999437,2.617,319.658,0.0
3.8397,5.0,-19.19828847999952,2.617,319.658,0.0
3.8447,5.0,-19.22360863999984,3.174,332.139,0.0
3.8525,5.0,-19.262568319999218,3.174,332.139,0.0
3.8578,5.0,-19.288891359999525,3.174,332.139,0.0
3.8628,5.0,-19.314221920000136,3.174,332.139,0.0
3.8679,5.0,-19.33955792000006,2.472,334.951,0.0
3.8735,5.0,-19.36760800000002,2.472,334.951,0.0
3.8786,5.0,-19.39300256000024,2.472,334.951,0.0
3.8837,5.0,-19.418337439999505,2.472,334.951,0.0
3.8887,5.0,-19.443656319999718,1.61,337.764,0.0
3.8975,5.0,-19.487563200000295,1.61,337.764,0.0
3.9026,5.0,-19.51292303999935,1.61,337.764,0.0
3.9091,5.0,-19.545574400000305,1.61,337.764,0.0
3.9142,5.0,-19.570909760000177,1.067,339.609,0.0
3.9205,5.0,-19.60259535999967,1.067,339.609,0.0
3.9258,5.0,-19.629008319999457,1.067,339.609,0.0
3.9309,5.0,-19.654343039999276,1.067,339.609,0.0
3.9359,5.0,-19.679665759999807,2.445,354.99,0.0
3.9415,5.0,-19.707573119999324,2.445,354.99,0.0
3.9466,5.0,-19.732903199999328,2.445,354.99,0.0
3.9516,5.0,-19.758226559999912,2.445,354.99,0.0
3.9567,5.0,-19.783550399999967,4.235,371.162,0.0
3.9622,5.0,-19.810828959999753,4.235,371.162,0.0
3.9672,5.0,-19.836171519999652,4.235,371.162,0.0
3.9723,5.0,-19.861541120000084,4.235,371.162,0.0
3.9774,5.0,-19.886871679999558,4.56,387.422,0.0
3.9855,5.0,-19.927553119999857,4.56,387.422,0.0
3.9908,5.0,-19.953951359999564,4.56,387.422,0.0
3.9959,5.0,-19.979273919999514,4.56,387.422,0.0
0.0000,5.0,-20.0,4.54,399.727,0.0
0.0069,5.0,-20.0,4.54,399.727,0.0
0.0120,5.0,-20.0,4.54,399.727,0.0
0.0171,5.0,-20.0,4.54,399.727,0.0
0.0222,5.0,-20.0,4.063,412.295,0.0
0.0296,5.0,-20.0,4.063,412.295,0.0
0.0346,5.0,-20.0,4.063,412.295,0.0
0.0397,5.0,-20.0,4.063,412.295,0.0
0.0447,5.0,-20.0,4.186,426.533,0.0
0.0526,5.0,-20.0,4.186,426.533,0.0
0.0578,5.0,-20.0,4.186,426.533,0.0
0.0629,5.0,-20.0,4.186,426.533,0.0
0.0680,5.0,-20.0,3.871,436.465,0.0
0.0736,5.0,-20.0,3.871,436.465,0.0
0.0786,5.0,-20.0,3.871,436.465,0.0
0.0837,5.0,-20.0,3.871,436.465,0.0
0.0887,5.0,-20.0,3.277,442.793,0.0
0.0942,5.0,-20.0,3.277,442.793,0.0
0.0993,5.0,-20.0,3.277,442.793,0.0
0.1043,5.0,-20.0,2.316,446.836,0.0
0.1146,5.0,-20.0,2.316,446.836,0.0
0.1196,5.0,-20.0,2.316,446.836,0.0
0.1249,5.0,-20.0,2.316,446.836,0.0
0.1300,5.0,-20.0,1.938,451.582,0.0
0.1366,5.0,-20.0,1.938,451.582,0.0
0.1417,5.0,-20.0,1.938,451.582,0.0
0.1467,5.0,-20.0,1.938,451.582,0.0
0.1518,5.0,-20.0,1.305,453.779,0.0
0.1606,5.0,-20.0,1.305,453.779,0.0
0.1656,5.0,-20.0,1.305,453.779,0.0
0.1707,5.0,-20.0,1.305,453.779,0.0
0.1758,5.0,-20.0,1.305,453.779,0.0
0.1808,5.0,-20.0,2.331,466.523,0.0
0.1863,5.0,-20.0,2.331,466.523,0.0
0.1916,5.0,-20.0,2.331,466.523,0.0
0.1966,5.0,-20.0,2.331,466.523,0.0
0.2017,5.0,-20.0,3.704,481.553,0.0
0.2087,5.0,-20.0,3.704,481.553,0.0
0.2137,5.0,-20.0,3.704,481.553,0.0
0.2188,5.0,-20.0,4.229,495.088,0.0
0.2266,5.0,-20.0,4.229,495.088,0.0
0.2316,5.0,-20.0,4.229,495.088,0.0
0.2367,5.0,-20.0,4.229,495.088,0.0
0.2417,5.0,-20.0,4.108,505.986,0.0
0.2486,5.0,-20.0,4.108,505.986,0.0
0.2536,5.0,-20.0,4.108,505.986,0.0
0.2589,5.0,-20.0,4.108,505.986,0.0
0.2640,5.0,-20.0,2.457,507.92,0.0
0.2706,5.0,-20.0,2.457,507.92,0.0
0.2756,5.0,-20.0,2.457,507.92,0.0
0.2807,5.0,-20.0,2.457,507.92,0.0
0.2858,5.0,-20.0,2.52,518.467,0.0
0.2946,5.0,-20.0,2.52,518.467,0.0
0.2996,5.0,-20.0,2.52,518.467,0.0
0.3047,5.0,-20.0,2.52,518.467,0.0
0.3112,5.0,-20.0,3.688,532.969,0.0
0.3167,5.0,-20.0,3.688,532.969,0.0
0.3218,5.0,-20.0,3.688,532.969,0.0
0.3270,5.0,-20.0,3.688,532.969,0.0
0.3321,5.0,-20.0,2.735,536.572,0.0
0.3376,5.0,-20.0,2.735,536.572,0.0
0.3426,5.0,-20.0,2.735,536.572,0.0
0.3477,5.0,-20.0,2.735,536.572,0.0
0.3527,5.0,-20.0,2.097,542.197,0.0
0.3616,5.0,-20.0,2.097,542.197,0.0
0.3666,5.0,-20.0,2.097,542.197,0.0
0.3717,5.0,-20.0,2.097,542.197,0.0
0.3767,5.0,-20.0,2.097,542.197,0.0
0.3818,5.0,-20.0,3.444,559.512,0.0
0.3873,5.0,-20.0,3.444,559.512,0.0
0.3925,5.0,-20.0,3.444,559.512,0.0
0.3976,5.0,-20.0,3.444,559.512,0.0
0.4027,5.0,-20.0,3.708,569.443,0.0
0.4096,5.0,-20.0,3.708,569.443,0.0
0.4147,5.0,-20.0,3.708,569.443,0.0
0.4197,5.0,-20.0,3.708,569.443,0.0
0.4248,5.0,-20.0,4.365,587.461,0.0
0.4316,5.0,-20.0,4.365,587.461,0.0
0.4366,5.0,-20.0,4.365,587.461,0.0
0.4417,5.0,-20.0,4.365,587.461,0.0
0.4468,5.0,-20.0,4.011,597.744,0.0
0.4546,5.0,-20.0,4.011,597.744,0.0
0.4599,5.0,-20.0,4.011,597.744,0.0
0.4649,5.0,-20.0,4.011,597.744,0.0
0.4700,5.0,-20.0,3.574,607.324,0.0
0.4756,5.0,-20.0,3.574,607.324,0.0
0.4806,5.0,-20.0,3.574,607.324,0.0
0.4857,5.0,-20.0,3.574,607.324,0.0
0.4907,5.0,-20.0,3.684,620.244,0.0
0.4996,5.0,-20.0,3.684,620.244,0.0
0.5046,5.0,-20.0,3.684,620.244,0.0
0.5112,5.0,-20.0,3.684,620.244,0.0
0.5163,5.0,-20.0,2.737,624.99,0.0
0.5219,5.0,-20.0,2.737,624.99,0.0
0.5272,5.0,-20.0,2.737,624.99,0.0
0.5322,5.0,-20.0,2.737,624.99,0.0
0.5373,5.0,-20.0,2.656,634.219,0.0
0.5428,5.0,-20.0,2.656,634.219,0.0
0.5479,5.0,-20.0,2.656,634.219,0.0
0.5529,5.0,-20.0,2.656,634.219,0.0
0.5580,5.0,-20.0,3.839,651.182,0.0
0.5666,5.0,-20.0,3.839,651.182,0.0
0.5716,5.0,-20.0,3.839,651.182,0.0
0.5767,5.0,-20.0,3.839,651.182,0.0
0.5818,5.0,-20.0,3.76,661.025,0.0
0.5876,5.0,-20.0,3.76,661.025,0.0
0.5928,5.0,-20.0,3.76,661.025,0.0
0.5980,5.0,-20.0,3.76,661.025,0.0
0.6030,5.0,-20.0,3.976,674.385,0.0
0.6100,5.0,-20.0,3.976,674.385,0.0
0.6151,5.0,-20.0,3.976,674.385,0.0
0.6202,5.0,-20.0,3.942,684.492,0.0
0.6286,5.0,-20.0,3.942,684.492,0.0
0.6336,5.0,-20.0,3.942,684.492,0.0
0.6387,5.0,-20.0,3.942,684.492,0.0
0.6438,5.0,-20.0,3.942,684.492,0.0
0.6488,5.0,-20.0,3.386,694.863,0.0
0.6543,5.0,-20.0,3.386,694.863,0.0
0.6596,5.0,-20.0,3.386,694.863,0.0
0.6646,5.0,-20.0,3.386,694.863,0.0
0.6697,5.0,-20.0,3.197,703.477,0.0
0.6751,5.0,-20.0,3.197,703.477,0.0
0.6802,5.0,-20.0,3.197,703.477,0.0
0.6853,5.0,-20.0,3.197,703.477,0.0
0.6903,5.0,-20.0,2.417,709.014,0.0
0.6986,5.0,-20.0,2.417,709.014,0.0
0.7037,5.0,-20.0,2.417,709.014,0.0
0.7103,5.0,-20.0,2.417,709.014,0.0
0.7153,5.0,-20.0,1.79,712.881,0.0
0.7216,5.0,-20.0,1.79,712.881,0.0
0.7268,5.0,-20.0,1.79,712.881,0.0
0.7319,5.0,-20.0,1.79,712.881,0.0
0.7370,5.0,-20.0,1.814,719.209,0.0
0.7426,5.0,-20.0,1.814,719.209,0.0
0.7476,5.0,-20.0,1.814,719.209,0.0
0.7527,5.0,-20.0,1.814,719.209,0.0
0.7578,5.0,-20.0,2.748,732.041,0.0
0.7666,5.0,-20.0,2.748,732.041,0.0
0.7716,5.0,-20.0,2.748,732.041,0.0
0.7767,5.0,-20.0,2.748,732.041,0.0
0.7817,5.0,-20.0,3.32,743.115,0.0
0.7876,5.0,-20.0,3.32,743.115,0.0
0.7929,5.0,-20.0,3.32,743.115,0.0
0.7980,5.0,-20.0,3.32,743.115,0.0
0.8031,5.0,-20.0,3.747,755.771,0.0
0.8100,5.0,-20.0,3.747,755.771,0.0
0.8151,5.0,-20.0,3.747,755.771,0.0
0.8202,5.0,-20.0,3.747,755.771,0.0
0.8252,5.0,-20.0,4.057,770.361,0.0
0.8326,5.0,-20.0,4.057,770.361,0.0
0.8376,5.0,-20.0,4.057,770.361,0.0
0.8427,5.0,-20.0,4.057,770.361,0.0
0.8478,5.0,-20.0,3.843,781.787,0.0
0.8556,5.0,-20.0,3.843,781.787,0.0
0.8608,5.0,-20.0,3.843,781.787,0.0
0.8659,5.0,-20.0,3.843,781.787,0.0
0.8710,5.0,-20.0,3.77,792.773,0.0
0.8766,5.0,-20.0,3.77,792.773,0.0
0.8816,5.0,-20.0,3.77,792.773,0.0
0.8867,5.0,-20.0,3.77,792.773,0.0
0.8918,5.0,-20.0,2.774,798.047,0.0
0.9006,5.0,-20.0,2.774,798.047,0.0
0.9071,5.0,-20.0,2.774,798.047,0.0
0.9122,5.0,-20.0,2.774,798.047,0.0
0.9172,5.0,-20.0,1.818,800.859,0.0
0.9227,5.0,-20.0,1.818,800.859,0.0
0.9280,5.0,-20.0,1.818,800.859,0.0
0.9330,5.0,-20.0,1.818,800.859,0.0
0.9381,5.0,-20.0,1.81,807.451,0.0
0.9436,5.0,-20.0,1.81,807.451,0.0
0.9486,5.0,-20.0,1.81,807.451,0.0
0.9537,5.0,-20.0,1.81,807.451,0.0
0.9588,5.0,-20.0,2.665,818.525,0.0
0.9642,5.0,-20.0,2.665,818.525,0.0
0.9693,5.0,-20.0,2.665,818.525,0.0
0.9744,5.0,-20.0,2.665,818.525,0.0
0.9794,5.0,-20.0,3.165,830.566,0.0
0.9885,5.0,-20.0,3.165,830.566,0.0
0.9945,5.0,-20.0,3.165,830.566,0.0
0.9996,5.0,-20.0,3.165,830.566,0.0
1.0047,5.0,-20.0,3.359,841.289,0.0
1.0116,5.0,-20.0,3.359,841.289,0.0
1.0168,5.0,-20.0,3.359,841.289,0.0
1.0219,5.0,-20.0,3.747,853.154,0.0
1.0296,5.0,-20.0,3.747,853.154,0.0
1.0346,5.0,-20.0,3.747,853.154,0.0
1.0397,5.0,-20.0,3.747,853.154,0.0
1.0447,5.0,-20.0,3.747,853.154,0.0
1.0498,5.0,-20.0,3.408,863.525,0.0
1.0553,5.0,-20.0,3.408,863.525,0.0
1.0603,5.0,-20.0,3.408,863.525,0.0
1.0656,5.0,-20.0,3.408,863.525,0.0
1.0707,5.0,-20.0,3.334,873.809,0.0
1.0766,5.0,-20.0,3.334,873.809,0.0
1.0816,5.0,-20.0,3.334,873.809,0.0
1.0867,5.0,-20.0,3.334,873.809,0.0
1.0918,5.0,-20.0,2.795,881.016,0.0
1.1005,5.0,-20.0,2.795,881.016,0.0
1.1071,5.0,-20.0,2.795,881.016,0.0
1.1122,5.0,-20.0,2.795,881.016,0.0
1.1172,5.0,-20.0,1.828,884.268,0.0
1.1246,5.0,-20.0,1.828,884.268,0.0
1.1306,5.0,-20.0,1.828,884.268,0.0
1.1357,5.0,-20.0,1.828,884.268,0.0
1.1407,5.0,-20.0,1.715,890.684,0.0
1.1462,5.0,-20.0,1.715,890.684,0.0
1.1513,5.0,-20.0,1.715,890.684,0.0
1.1563,5.0,-20.0,1.715,890.684,0.0
1.1614,5.0,-20.0,2.962,905.273,0.0
1.1696,5.0,-20.0,2.962,905.273,0.0
1.1746,5.0,-20.0,2.962,905.273,0.0
1.1797,5.0,-20.0,2.962,905.273,0.0
1.1847,5.0,-20.0,3.505,915.908,0.0
1.1905,5.0,-20.0,3.505,915.908,0.0
1.1956,5.0,-20.0,3.505,915.908,0.0
1.2009,5.0,-20.0,3.505,915.908,0.0
1.2074,5.0,-20.0,3.801,929.531,0.0
1.2129,5.0,-20.0,3.801,929.531,0.0
1.2179,5.0,-20.0,3.801,929.531,0.0
1.2230,5.0,-20.0,3.801,929.531,0.0
1.2281,5.0,-20.0,4.186,943.857,0.0
1.2366,5.0,-20.0,4.186,943.857,0.0
1.2416,5.0,-20.0,4.186,943.857,0.0
1.2467,5.0,-20.0,4.186,943.857,0.0
1.2518,5.0,-20.0,3.844,956.162,0.0
1.2605,5.0,-20.0,3.844,956.162,0.0
1.2658,5.0,-20.0,3.844,956.162,0.0
1.2709,5.0,-20.0,3.844,956.162,0.0
1.2760,5.0,-20.0,4.068,969.346,0.0
1.2815,5.0,-20.0,4.068,969.346,0.0
1.2866,5.0,-20.0,4.068,969.346,0.0
1.2917,5.0,-20.0,4.068,969.346,0.0
1.2967,5.0,-20.0,3.648,979.717,0.0
1.3055,5.0,-20.0,3.648,979.717,0.0
1.3121,5.0,-20.0,3.648,979.717,0.0
1.3172,5.0,-20.0,3.648,979.717,0.0
1.3222,5.0,-20.0,3.728,992.461,0.0
1.3286,5.0,-20.0,3.728,992.461,0.0
1.3339,5.0,-20.0,3.728,992.461,0.0
1.3390,5.0,-20.0,3.728,992.461,0.0
1.3440,5.0,-20.0,3.952,1004.15,0.0
1.3496,5.0,-20.0,3.952,1004.15,0.0
1.3546,5.0,-20.0,3.952,1004.15,0.0
1.3597,5.0,-20.0,3.952,1004.15,0.0
1.3647,5.0,-20.0,3.97,1016.104,0.0
1.3702,5.0,-20.0,3.97,1016.104,0.0
1.3753,5.0,-20.0,3.97,1016.104,0.0
1.3803,5.0,-20.0,3.97,1016.104,0.0
1.3854,5.0,-20.0,3.97,1016.104,0.0
1.3904,5.0,-20.0,4.273,1031.66,0.0
1.3959,5.0,-20.0,4.273,1031.66,0.0
1.4012,5.0,-20.0,4.273,1031.66,0.0
1.4077,5.0,-20.0,4.197,1043.701,0.0
1.4156,5.0,-20.0,4.197,1043.701,0.0
1.4206,5.0,-20.0,4.197,1043.701,0.0
1.4257,5.0,-20.0,4.197,1043.701,0.0
1.4308,5.0,-20.0,3.903,1055.566,0.0
1.4396,5.0,-20.0,3.903,1055.566,0.0
1.4446,5.0,-20.0,3.903,1055.566,0.0
1.4497,5.0,-20.0,3.903,1055.566,0.0
1.4547,5.0,-20.0,2.743,1060.313,0.0
1.4626,5.0,-20.0,2.743,1060.313,0.0
1.4678,5.0,-20.0,2.743,1060.313,0.0
1.4729,5.0,-20.0,2.743,1060.313,0.0
1.4779,5.0,-20.0,2.682,1069.805,0.0
1.4835,5.0,-20.0,2.682,1069.805,0.0
1.4886,5.0,-20.0,2.682,1069.805,0.0
1.4937,5.0,-20.0,2.682,1069.805,0.0
1.4987,5.0,-20.0,3.648,1083.867,0.0
0.0000,5.0,-19.999998399999868,3.648,1083.867,0.0
0.0065,5.0,-19.967416640000692,3.648,1083.867,0.0
0.0116,5.0,-19.94207488000029,3.903,1095.82,0.0
0.0203,5.0,-19.89845360000004,3.903,1095.82,0.0
0.0254,5.0,-19.873120320000908,3.903,1095.82,0.0
0.0306,5.0,-19.84677808000015,3.903,1095.82,0.0
0.0357,5.0,-19.821448160000728,4.269,1110.498,0.0
0.0423,5.0,-19.788408640000625,4.269,1110.498,0.0
0.0474,5.0,-19.763050400000566,4.269,1110.498,0.0
0.0525,5.0,-19.737673920000134,4.269,1110.498,0.0
0.0575,5.0,-19.712352000000237,3.81,1120.869,0.0
0.0663,5.0,-19.66844464000019,3.81,1120.869,0.0
0.0714,5.0,-19.643116160000318,3.81,1120.869,0.0
0.0764,5.0,-19.617796320000025,3.81,1120.869,0.0
0.0815,5.0,-19.592477120000922,3.392,1130.01,0.0
0.0873,5.0,-19.563461440000083,3.392,1130.01,0.0
0.0924,5.0,-19.538130240000555,3.392,1130.01,0.0
0.0977,5.0,-19.511627200000703,3.392,1130.01,0.0
0.1027,5.0,-19.486259200000404,3.473,1140.645,0.0
0.1097,5.0,-19.45140944000059,3.473,1140.645,0.0
0.1148,5.0,-19.42606880000085,3.473,1140.645,0.0
0.1199,5.0,-19.400739200000316,3.473,1140.645,0.0
0.1249,5.0,-19.375417920000473,2.682,1146.709,0.0
0.1333,5.0,-19.333407520000492,2.682,1146.709,0.0
0.1384,5.0,-19.30803104000006,2.682,1146.709,0.0
0.1435,5.0,-19.282652960000632,2.682,1146.709,0.0
0.1485,5.0,-19.257497920000333,1.866,1149.697,0.0
0.1543,5.0,-19.228392160000567,1.866,1149.697,0.0
0.1594,5.0,-19.20304048000048,1.866,1149.697,0.0
0.1647,5.0,-19.17667359999996,1.866,1149.697,0.0
0.1697,5.0,-19.151325920000772,2.148,1158.662,0.0
0.1763,5.0,-19.11846624000077,2.148,1158.662,0.0
0.1814,5.0,-19.09313824000037,2.148,1158.662,0.0
0.1864,5.0,-19.06781023999997,2.148,1158.662,0.0
0.1915,5.0,-19.042477280000867,2.582,1167.275,0.0
0.1970,5.0,-19.01513647999991,2.582,1167.275,0.0
0.2020,5.0,-18.989813279999908,2.582,1167.275,0.0
0.2086,5.0,-18.956927200000564,2.79,1176.328,0.0
0.2173,5.0,-18.913464480000357,2.79,1176.328,0.0
0.2224,5.0,-18.888083040000083,2.79,1176.328,0.0
0.2275,5.0,-18.86261776000083,2.79,1176.328,0.0
0.2328,5.0,-18.836105120000184,2.695,1184.854,0.0
0.2403,5.0,-18.798460640000485,2.695,1184.854,0.0
0.2454,5.0,-18.773112160000665,2.695,1184.854,0.0
0.2504,5.0,-18.74775311999997,2.695,1184.854,0.0
0.2555,5.0,-18.722422079999888,2.962,1195.137,0.0
0.2643,5.0,-18.678457120000758,2.962,1195.137,0.0
0.2694,5.0,-18.652955680000787,2.962,1195.137,0.0
0.2745,5.0,-18.62762000000089,2.962,1195.137,0.0
0.2795,5.0,-18.60228720000009,2.221,1199.883,0.0
0.2883,5.0,-18.558333120000725,2.221,1199.883,0.0
0.2934,5.0,-18.532962720000796,2.221,1199.883,0.0
0.2987,5.0,-18.506542239999817,2.221,1199.883,0.0
0.3038,5.0,-18.48120336000079,1.322,1201.113,0.0
0.3107,5.0,-18.446542560000125,1.322,1201.113,0.0
0.3158,5.0,-18.42119776000004,1.322,1201.113,0.0
0.3208,5.0,-18.395868160000646,1.322,1201.113,0.0
0.3259,5.0,-18.37053888000014,1.435,1206.826,0.0
0.3314,5.0,-18.343242240000563,1.435,1206.826,0.0
0.3365,5.0,-18.31772848000014,1.435,1206.826,0.0
0.3416,5.0,-18.292000160000725,1.435,1206.826,0.0
0.3467,5.0,-18.266577279999865,2.811,1220.625,0.0
0.3522,5.0,-18.23895728000025,2.811,1220.625,0.0
0.3573,5.0,-18.213611680000668,2.811,1220.625,0.0
0.3653,5.0,-18.173682240000062,2.772,1226.865,0.0
0.3743,5.0,-18.12844448000078,2.772,1226.865,0.0
0.3794,5.0,-18.103107840000803,2.772,1226.865,0.0
0.3845,5.0,-18.07768448000047,2.772,1226.865,0.0
0.3896,5.0,-18.052011199999924,1.854,1230.557,0.0
0.3983,5.0,-18.008293760000242,1.854,1230.557,0.0
0.4034,5.0,-17.98291231999997,1.854,1230.557,0.0
0.4100,5.0,-17.950180960000353,1.854,1230.557,0.0
0.4150,5.0,-17.924838400000453,1.232,1232.314,0.0
0.4213,5.0,-17.89343408000036,1.232,1232.314,0.0
0.4264,5.0,-17.868100000000595,1.232,1232.314,0.0
0.4323,5.0,-17.83853696000051,1.232,1232.314,0.0
0.4374,5.0,-17.813190240000267,1.959,1244.443,0.0
0.4433,5.0,-17.783449120000796,1.959,1244.443,0.0
0.4484,5.0,-17.758122080000476,1.959,1244.443,0.0
0.4534,5.0,-17.73280016000058,1.959,1244.443,0.0
0.4585,5.0,-17.707480640000313,5.333,1272.832,0.0
0.4673,5.0,-17.66345871999988,5.333,1272.832,0.0
0.4724,5.0,-17.63812976000054,5.333,1272.832,0.0
0.4774,5.0,-17.612802560000773,5.333,1272.832,0.0
0.4825,5.0,-17.587461440000425,5.333,1272.832,0.0
0.4876,5.0,-17.562139359999946,5.425,1290.41,0.0
0.4930,5.0,-17.534834720000845,5.425,1290.41,0.0
0.4981,5.0,-17.50950704000047,5.425,1290.41,0.0
0.5034,5.0,-17.48317168000085,5.425,1290.41,0.0
0.5099,5.0,-17.450311360000796,4.901,1304.824,0.0
0.5154,5.0,-17.42280400000027,4.901,1304.824,0.0
0.5206,5.0,-17.3970564800004,4.901,1304.824,0.0
0.5257,5.0,-17.371550240000033,4.901,1304.824,0.0
0.5308,5.0,-17.34616560000063,4.258,1316.338,0.0
0.5383,5.0,-17.308431680000922,4.258,1316.338,0.0
0.5434,5.0,-17.28310016000023,4.258,1316.338,0.0
0.5484,5.0,-17.257780160000493,4.258,1316.338,0.0
0.5535,5.0,-17.232460000000174,2.873,1322.754,0.0
0.5623,5.0,-17.18836384000042,2.873,1322.754,0.0
0.5676,5.0,-17.162015840000322,2.873,1322.754,0.0
0.5727,5.0,-17.136681279999948,2.873,1322.754,0.0
0.5777,5.0,-17.111338240000578,3.506,1336.465,0.0
0.5833,5.0,-17.08344880000027,3.506,1336.465,0.0
0.5884,5.0,-17.0581203200004,3.506,1336.465,0.0
0.5934,5.0,-17.03280464000045,3.506,1336.465,0.0
0.5985,5.0,-17.007485120000183,3.857,1349.824,0.0
0.6073,5.0,-16.963400000000775,3.857,1349.824,0.0
0.6139,5.0,-16.9307427199999,3.857,1349.824,0.0
0.6189,5.0,-16.90536896000026,3.857,1349.824,0.0
0.6240,5.0,-16.879969920000804,3.989,1363.887,0.0
0.6303,5.0,-16.848406400000613,3.989,1363.887,0.0
0.6356,5.0,-16.822040000000698,3.989,1363.887,0.0
0.6407,5.0,-16.796707040000456,3.989,1363.887,0.0
0.6457,5.0,-16.77138064000019,4.11,1375.576,0.0
0.6513,5.0,-16.743449120000378,4.11,1375.576,0.0
0.6564,5.0,-16.71811792000085,4.11,1375.576,0.0
0.6614,5.0,-16.692794880000292,4.11,1375.576,0.0
0.6665,5.0,-16.667459200000394,3.674,1384.277,0.0
0.6720,5.0,-16.64009968000073,3.674,1384.277,0.0
0.6770,5.0,-16.61476031999996,3.674,1384.277,0.0
0.6821,5.0,-16.589400320000323,3.674,1384.277,0.0
0.6872,5.0,-16.56407664000085,3.516,1396.406,0.0
0.6963,5.0,-16.518468640000492,3.516,1396.406,0.0
0.7023,5.0,-16.488545440000735,3.516,1396.406,0.0
0.7088,5.0,-16.455920000000788,2.639,1400.186,0.0
0.7173,5.0,-16.41341807999993,2.639,1400.186,0.0
0.7224,5.0,-16.387985600000547,2.639,1400.186,0.0
0.7275,5.0,-16.36263328000041,2.639,1400.186,0.0
0.7325,5.0,-16.337298240000564,2.26,1407.393,0.0
0.7413,5.0,-16.29345552000018,2.26,1407.393,0.0
0.7464,5.0,-16.268124480000097,2.26,1407.393,0.0
0.7514,5.0,-16.242802880000227,2.26,1407.393,0.0
0.7565,5.0,-16.217542880000337,3.162,1420.928,0.0
0.7623,5.0,-16.188447520000864,3.162,1420.928,0.0
0.7693,5.0,-16.15339600000084,3.162,1420.928,0.0
0.7744,5.0,-16.128060319999804,4.002,1434.375,0.0
0.7833,5.0,-16.0834576000002,4.002,1434.375,0.0
0.7884,5.0,-16.058128480000278,4.002,1434.375,0.0
0.7934,5.0,-16.032808800000566,4.002,1434.375,0.0
0.7985,5.0,-16.007485119999956,3.929,1447.559,0.0
0.8073,5.0,-15.96346320000066,3.929,1447.559,0.0
0.8138,5.0,-15.930808800000023,3.929,1447.559,0.0
0.8189,5.0,-15.90546176000089,3.929,1447.559,0.0
0.8240,5.0,-15.880132319999802,4.21,1460.83,0.0
0.8294,5.0,-15.85280512000054,4.21,1460.83,0.0
0.8363,5.0,-15.818558080000003,4.21,1460.83,0.0
0.8414,5.0,-15.79322912000066,3.679,1469.795,0.0
0.8503,5.0,-15.74844272000064,3.679,1469.795,0.0
0.8554,5.0,-15.723110879999922,3.679,1469.795,0.0
0.8604,5.0,-15.697775840000077,3.679,1469.795,0.0
0.8655,5.0,-15.672425600000679,3.514,1481.045,0.0
0.8743,5.0,-15.628453279999803,3.514,1481.045,0.0
0.8794,5.0,-15.603126560000646,3.514,1481.045,0.0
0.8844,5.0,-15.577797920000194,3.514,1481.045,0.0
0.8895,5.0,-15.552474720000191,2.729,1487.461,0.0
0.8983,5.0,-15.50847632,2.729,1487.461,0.0
0.9036,5.0,-15.482122720000007,2.729,1487.461,0.0
0.9101,5.0,-15.449439840000423,2.729,1487.461,0.0
0.9152,5.0,-15.42410335999989,1.931,1490.361,0.0
0.9206,5.0,-15.396759679999832,1.931,1490.361,0.0
0.9257,5.0,-15.371426080000674,1.931,1490.361,0.0
0.9308,5.0,-15.346104160000777,1.931,1490.361,0.0
0.9358,5.0,-15.320787360000168,1.767,1495.986,0.0
0.9433,5.0,-15.283460320000586,1.767,1495.986,0.0
0.9484,5.0,-15.25812864000045,1.767,1495.986,0.0
0.9534,5.0,-15.23277920000055,1.767,1495.986,0.0
0.9585,5.0,-15.207432640000889,2.009,1503.545,0.0
0.9653,5.0,-15.173484160000044,2.009,1503.545,0.0
0.9706,5.0,-15.147154880000926,2.009,1503.545,0.0
0.9756,5.0,-15.121825759999865,2.009,1503.545,0.0
0.9807,5.0,-15.0965054400001,2.789,1514.971,0.0
0.9863,5.0,-15.068458719999853,2.789,1514.971,0.0
0.9914,5.0,-15.043131200000062,2.789,1514.971,0.0
0.9964,5.0,-15.017785119999871,2.789,1514.971,0.0
1.0015,5.0,-14.992455679999921,2.87,1524.639,0.0
1.0104,5.0,-14.948218240000415,2.87,1524.639,0.0
1.0155,5.0,-14.922720320000735,2.87,1524.639,0.0
1.0206,5.0,-14.897111040000937,2.87,1524.639,0.0
1.0257,5.0,-14.871658399999887,3.196,1536.24,0.0
1.0333,5.0,-14.833451200000809,3.196,1536.24,0.0
1.0386,5.0,-14.807112640000923,3.196,1536.24,0.0
1.0436,5.0,-14.781773920000205,3.196,1536.24,0.0
1.0487,5.0,-14.75640960000078,3.56,1547.93,0.0
1.0543,5.0,-14.728440160000673,3.56,1547.93,0.0
1.0594,5.0,-14.703071680000903,3.56,1547.93,0.0
1.0645,5.0,-14.677741280000873,3.56,1547.93,0.0
1.0695,5.0,-14.652413280000474,3.24,1557.158,0.0
1.0783,5.0,-14.608432640000046,3.24,1557.158,0.0
1.0834,5.0,-14.583097280000175,3.24,1557.158,0.0
1.0884,5.0,-14.557774080000172,3.24,1557.158,0.0
1.0935,5.0,-14.532450240000117,3.24,1568.057,0.0
1.1003,5.0,-14.498442560000058,3.24,1568.057,0.0
1.1070,5.0,-14.464789120000887,3.24,1568.057,0.0
1.1121,5.0,-14.439451200000804,3.24,1568.057,0.0
1.1172,5.0,-14.414127680000774,2.898,1574.209,0.0
1.1226,5.0,-14.386885119999988,2.898,1574.209,0.0
1.1277,5.0,-14.361554079999905,2.898,1574.209,0.0
1.1328,5.0,-14.336231680000537,2.238,1578.604,0.0
1.1413,5.0,-14.293459360000043,2.238,1578.604,0.0
1.1464,5.0,-14.268101760000036,2.238,1578.604,0.0
1.1514,5.0,-14.242771680000033,2.238,1578.604,0.0
1.1565,5.0,-14.217539360000728,2.632,1588.711,0.0
1.1623,5.0,-14.188494240000864,2.632,1588.711,0.0
1.1674,5.0,-14.163166240000464,2.632,1588.711,0.0
1.1726,5.0,-14.136841760000607,2.632,1588.711,0.0
1.1777,5.0,-14.111515200000895,3.443,1601.982,0.0
1.1843,5.0,-14.078446400000075,3.443,1601.982,0.0
1.1894,5.0,-14.053025120000484,3.443,1601.982,0.0
1.1945,5.0,-14.027630560000262,3.443,1601.982,0.0
1.1995,5.0,-14.002257280000094,3.135,1611.123,0.0
1.2083,5.0,-13.958490080000274,3.135,1611.123,0.0
1.2148,5.0,-13.925911680000809,3.135,1611.123,0.0
1.2199,5.0,-13.900578080000514,3.135,1611.123,0.0
1.2249,5.0,-13.875253600000406,3.239,1621.67,0.0
1.2304,5.0,-13.847952480000458,3.239,1621.67,0.0
1.2355,5.0,-13.822615039999846,3.239,1621.67,0.0
1.2408,5.0,-13.796153600000025,3.239,1621.67,0.0
1.2458,5.0,-13.770803360000627,4.014,1636.172,0.0
1.2513,5.0,-13.743519360000391,4.014,1636.172,0.0
1.2564,5.0,-13.718188000000282,4.014,1636.172,0.0
1.2614,5.0,-13.692865760000359,4.014,1636.172,0.0
1.2665,5.0,-13.66754367999988,4.305,1651.904,0.0
1.2753,5.0,-13.623455840000815,4.305,1651.904,0.0
1.2804,5.0,-13.598124960000177,4.305,1651.904,0.0
1.2854,5.0,-13.572793440000623,4.305,1651.904,0.0
1.2905,5.0,-13.547452800000883,4.305,1651.904,0.0
1.2956,5.0,-13.522129440000299,3.835,1662.979,0.0
1.3010,5.0,-13.494816480000509,3.835,1662.979,0.0
1.3078,5.0,-13.460962080000627,3.835,1662.979,0.0
1.3129,5.0,-13.435626080000702,3.396,1672.119,0.0
1.3213,5.0,-13.393496480000522,3.396,1672.119,0.0
1.3264,5.0,-13.36816208000073,3.396,1672.119,0.0
1.3314,5.0,-13.342827999999827,3.396,1672.119,0.0
1.3365,5.0,-13.317552000000887,3.889,1687.939,0.0
1.3453,5.0,-13.273493600000847,3.889,1687.939,0.0
1.3504,5.0,-13.248160960000632,3.889,1687.939,0.0
1.3554,5.0,-13.222809600000573,3.889,1687.939,0.0
1.3605,5.0,-13.197550080000156,3.761,1698.926,0.0
1.3683,5.0,-13.158496000000923,3.761,1698.926,0.0
1.3736,5.0,-13.132094240000924,3.761,1698.926,0.0
1.3786,5.0,-13.106756960000894,3.761,1698.926,0.0
1.3837,5.0,-13.081418720000784,3.991,1712.285,0.0
1.3893,5.0,-13.053492800000868,3.991,1712.285,0.0
1.3944,5.0,-13.028103999999985,3.991,1712.285,0.0
1.3995,5.0,-13.002706240000634,3.991,1712.285,0.0
1.4045,5.0,-12.977492160000565,4.0,1725.029,0.0
1.4133,5.0,-12.933480960000452,4.0,1725.029,0.0
1.4184,5.0,-12.90814351999984,4.0,1725.029,0.0
1.4234,5.0,-12.88281424000047,4.0,1725.029,0.0
1.4285,5.0,-12.857413760000327,3.61,1735.225,0.0
1.4353,5.0,-12.823406080000268,3.61,1735.225,0.0
1.4406,5.0,-12.797032160000299,3.61,1735.225,0.0
1.4457,5.0,-12.771691200000532,3.61,1735.225,0.0
1.4507,5.0,-12.746360959999947,3.381,1744.102,0.0
1.4563,5.0,-12.718491040000117,3.381,1744.102,0.0
1.4614,5.0,-12.693153280000615,3.381,1744.102,0.0
1.4664,5.0,-12.667826880000348,3.381,1744.102,0.0
1.4715,5.0,-12.642508640000187,2.499,1749.375,0.0
1.4803,5.0,-12.598491520000152,2.499,1749.375,0.0
1.4854,5.0,-12.57308480000006,2.499,1749.375,0.0
1.4904,5.0,-12.547754880000639,2.499,1749.375,0.0
1.4955,5.0,-12.522432640000716,2.195,1755.615,0.0
1.5023,5.0,-12.48847823999995,2.195,1755.615,0.0
1.5091,5.0,-12.454578080000829,2.195,1755.615,0.0
1.5142,5.0,-12.429066880000619,2.534,1765.02,0.0
1.5233,5.0,-12.383303520000482,2.534,1765.02,0.0
1.5284,5.0,-12.357887680000204,2.534,1765.02,0.0
1.5335,5.0,-12.332423520000475,2.534,1765.02,0.0
1.5386,5.0,-12.30705616000023,2.918,1775.654,0.0
1.5473,5.0,-12.26348143999985,2.918,1775.654,0.0
1.5524,5.0,-12.23814864000019,2.918,1775.654,0.0
1.5574,5.0,-12.212824320000664,2.918,1775.654,0.0
1.5625,5.0,-12.187501920000159,2.918,1784.619,0.0
1.5693,5.0,-12.153489760000866,2.918,1784.619,0.0
1.5746,5.0,-12.127149440000267,2.918,1784.619,0.0
1.5796,5.0,-12.101800000000367,2.918,1784.619,0.0
1.5847,5.0,-12.076474560000179,3.044,1794.287,0.0
1.5904,5.0,-12.048106240000607,3.044,1794.287,0.0
1.5955,5.0,-12.022704639999802,3.044,1794.287,0.0
1.6005,5.0,-11.99728976000074,3.335,1804.658,0.0
1.6103,5.0,-11.948460639999894,3.335,1804.658,0.0
1.6154,5.0,-11.923104800000601,3.335,1804.658,0.0
1.6205,5.0,-11.897720800000116,3.335,1804.658,0.0
1.6256,5.0,-11.87220112000091,3.176,1812.92,0.0
1.6313,5.0,-11.843462720000844,3.176,1812.92,0.0
1.6364,5.0,-11.818128480000496,3.176,1812.92,0.0
1.6417,5.0,-11.79171168000039,3.176,1812.92,0.0
1.6467,5.0,-11.76638271999991,3.003,1821.709,0.0
1.6533,5.0,-11.733498400000144,3.003,1821.709,0.0
1.6584,5.0,-11.70816479999985,3.003,1821.709,0.0
1.6634,5.0,-11.682838080000693,3.003,1821.709,0.0
1.6685,5.0,-11.657402240000465,2.807,1830.322,0.0
1.6773,5.0,-11.613373120000006,2.807,1830.322,0.0
1.6824,5.0,-11.587947200000599,2.807,1830.322,0.0
1.6875,5.0,-11.56259040000009,2.807,1830.322,0.0
1.6925,5.0,-11.537253600000668,2.187,1834.629,0.0
1.6983,5.0,-11.50846480000041,2.187,1834.629,0.0
1.7034,5.0,-11.483120480000935,2.187,1834.629,0.0
1.7101,5.0,-11.449402240000381,2.187,1834.629,0.0
1.7152,5.0,-11.423999680000634,1.705,1838.145,0.0
1.7207,5.0,-11.396492160000662,1.705,1838.145,0.0
1.7258,5.0,-11.371099840000625,1.705,1838.145,0.0
1.7308,5.0,-11.345760000000382,1.705,1838.145,0.0
1.7359,5.0,-11.320438720000539,1.737,1844.033,0.0
1.7414,5.0,-11.293021440000075,1.737,1844.033,0.0
1.7465,5.0,-11.267686560000811,1.737,1844.033,0.0
1.7515,5.0,-11.242360800000597,1.737,1844.033,0.0
1.7566,5.0,-11.21703536000041,2.355,1854.58,0.0
1.7653,5.0,-11.173413120000077,2.355,1854.58,0.0
1.7704,5.0,-11.147860480000418,2.355,1854.58,0.0
1.7757,5.0,-11.121322239999927,2.355,1854.58,0.0
1.7808,5.0,-11.095983520000345,2.813,1864.424,0.0
1.7873,5.0,-11.063456159999987,2.813,1864.424,0.0
1.7924,5.0,-11.038124799999878,2.813,1864.424,0.0
1.7974,5.0,-11.012801279999849,2.813,1864.424,0.0
1.8025,5.0,-10.98748320000027,2.813,1873.301,0.0
1.8113,5.0,-10.943484800000078,2.813,1873.301,0.0
1.8164,5.0,-10.918128960000786,2.813,1873.301,0.0
1.8215,5.0,-10.892740000000458,2.813,1873.301,0.0
1.8265,5.0,-10.867266879999988,3.14,1884.902,0.0
1.8323,5.0,-10.838456480000787,3.14,1884.902,0.0
1.8374,5.0,-10.813125600000149,3.14,1884.902,0.0
1.8426,5.0,-10.786781599999813,3.14,1884.902,0.0
1.8477,5.0,-10.761453280000524,3.946,1897.734,0.0
1.8553,5.0,-10.723531360000607,3.946,1897.734,0.0
1.8604,5.0,-10.69819136000092,3.946,1897.734,0.0
1.8654,5.0,-10.6727988800003,3.7,1907.578,0.0
1.8743,5.0,-10.628430080000726,3.7,1907.578,0.0
1.8794,5.0,-10.603087360000245,3.7,1907.578,0.0
1.8844,5.0,-10.577758560000348,3.7,1907.578,0.0
1.8895,5.0,-10.552436320000425,3.7,1907.578,0.0
1.8946,5.0,-10.527110080000739,3.388,1918.213,0.0
1.9000,5.0,-10.499850720000268,3.388,1918.213,0.0
1.9066,5.0,-10.466946559999997,3.388,1918.213,0.0
1.9119,5.0,-10.440500320000865,3.388,1918.213,0.0
1.9170,5.0,-10.415118880000591,2.367,1921.553,0.0
1.9225,5.0,-10.387639840000702,2.367,1921.553,0.0
1.9275,5.0,-10.362285120000934,2.367,1921.553,0.0
1.9326,5.0,-10.336954560000322,2.367,1921.553,0.0
1.9377,5.0,-10.311627360000557,1.763,1925.859,0.0
1.9453,5.0,-10.273485920000667,1.763,1925.859,0.0
1.9504,5.0,-10.2481595200004,1.763,1925.859,0.0
1.9554,5.0,-10.222830400000475,1.763,1925.859,0.0
1.9605,5.0,-10.197564000000057,2.527,1937.9,0.0
1.9673,5.0,-10.163500160000467,2.527,1937.9,0.0
1.9724,5.0,-10.138172960000702,2.527,1937.9,0.0
1.9776,5.0,-10.111766400000306,2.527,1937.9,0.0
1.9827,5.0,-10.086441440000726,3.576,1950.645,0.0
1.9893,5.0,-10.053505600000108,3.576,1950.645,0.0
1.9944,5.0,-10.028176960000792,3.576,1950.645,0.0
1.9994,5.0,-10.002856480000446,3.576,1950.645,0.0
2.0045,5.0,-9.977559999999812,2.433,1954.424,0.0
2.0133,5.0,-9.93325536000043,2.433,1954.424,0.0
2.0184,5.0,-9.907764000000725,2.433,1954.424,0.0
2.0236,5.0,-9.882143360000555,2.433,1954.424,0.0
2.0287,5.0,-9.856688959999929,3.276,1968.662,0.0
2.0343,5.0,-9.828472320000401,3.276,1968.662,0.0
2.0394,5.0,-9.803124960000105,3.276,1968.662,0.0
2.0447,5.0,-9.776715840000634,3.276,1968.662,0.0
2.0497,5.0,-9.751373600000761,3.864,1980.879,0.0
2.0563,5.0,-9.718477600000597,3.864,1980.879,0.0
2.0614,5.0,-9.693141760000117,3.864,1980.879,0.0
2.0664,5.0,-9.66777056000069,3.864,1980.879,0.0
2.0715,5.0,-9.64244352000037,2.667,1983.604,0.0
2.0770,5.0,-9.61515984000016,2.667,1983.604,0.0
2.0820,5.0,-9.589828320000606,2.667,1983.604,0.0
2.0871,5.0,-9.564509440000393,2.667,1983.604,0.0
2.0922,5.0,-9.539192000000867,2.667,1983.604,0.0
2.0972,5.0,-9.513865440000018,3.317,1999.16,0.0
2.1027,5.0,-9.486503360000142,3.317,1999.16,0.0
2.1103,5.0,-9.4485156799999,3.317,1999.16,0.0
2.1154,5.0,-9.423178079999843,3.534,2008.916,0.0
2.1233,5.0,-9.383491840000033,3.534,2008.916,0.0
2.1284,5.0,-9.358164480000823,3.534,2008.916,0.0
2.1334,5.0,-9.33284464000053,3.534,2008.916,0.0
2.1385,5.0,-9.30752095999992,2.55,2014.189,0.0
2.1473,5.0,-9.263487360000227,2.55,2014.189,0.0
2.1524,5.0,-9.238105599999926,2.55,2014.189,0.0
2.1575,5.0,-9.21268896000015,2.55,2014.189,0.0
2.1625,5.0,-9.187331840000752,3.357,2028.516,0.0
2.1683,5.0,-9.15852864000044,3.357,2028.516,0.0
2.1734,5.0,-9.133199039999909,3.357,2028.516,0.0
2.1786,5.0,-9.106861280000658,3.357,2028.516,0.0
2.1837,5.0,-9.081531200000654,4.003,2041.172,0.0
2.1903,5.0,-9.048487040000737,4.003,2041.172,0.0
2.1954,5.0,-9.023154879999993,4.003,2041.172,0.0
2.2004,5.0,-8.997824320000518,3.914,2052.51,0.0
2.2103,5.0,-8.948483039999928,3.914,2052.51,0.0
2.2154,5.0,-8.923152319999872,3.914,2052.51,0.0
2.2204,5.0,-8.897802559999946,3.914,2052.51,0.0
2.2255,5.0,-8.872425600000042,3.914,2052.51,0.0
2.2306,5.0,-8.847077440000248,3.672,2064.727,0.0
2.2361,5.0,-8.819678560000739,3.672,2064.727,0.0
2.2411,5.0,-8.794263199999932,3.672,2064.727,0.0
2.2465,5.0,-8.767443840000624,3.672,2064.727,0.0
2.2516,5.0,-8.742083040000352,3.588,2074.922,0.0
2.2573,5.0,-8.71346399999993,3.588,2074.922,0.0
2.2624,5.0,-8.688121440000032,3.588,2074.922,0.0
2.2674,5.0,-8.662794080000822,3.588,2074.922,0.0
2.2725,5.0,-8.637565440000117,3.588,2087.314,0.0
2.2813,5.0,-8.59349408000071,3.588,2087.314,0.0
2.2864,5.0,-8.568156000000045,3.588,2087.314,0.0
2.2914,5.0,-8.542814400000225,3.588,2087.314,0.0
2.2965,5.0,-8.517564800000628,2.852,2092.061,0.0
2.3023,5.0,-8.4885302400005,2.852,2092.061,0.0
2.3088,5.0,-8.45586064000031,2.852,2092.061,0.0
2.3141,5.0,-8.429354880000801,2.852,2092.061,0.0
2.3192,5.0,-8.404017920000797,1.787,2094.785,0.0
2.3246,5.0,-8.376764480000247,1.787,2094.785,0.0
2.3297,5.0,-8.351392480000186,1.787,2094.785,0.0
2.3348,5.0,-8.326060320000579,1.787,2094.785,0.0
2.3399,5.0,-8.300696960000096,1.915,2101.816,0.0
2.3453,5.0,-8.273388480000676,1.915,2101.816,0.0
2.3504,5.0,-8.248055359999853,1.915,2101.816,0.0
2.3555,5.0,-8.222733280000512,1.915,2101.816,0.0
2.3605,5.0,-8.19755760000021,2.754,2113.066,0.0
2.3659,5.0,-8.170298080000293,2.754,2113.066,0.0
2.3710,5.0,-8.144944640000631,2.754,2113.066,0.0
2.3761,5.0,-8.119579039999962,2.754,2113.066,0.0
2.3814,5.0,-8.093199840000125,2.661,2119.57,0.0
2.3883,5.0,-8.058482720000484,2.661,2119.57,0.0
2.3934,5.0,-8.033152960000507,2.661,2119.57,0.0
2.3984,5.0,-8.00779776000013,2.661,2119.57,0.0
2.4035,5.0,-7.982432480000625,2.185,2124.492,0.0
2.4104,5.0,-7.947852319999811,2.185,2124.492,0.0
2.4155,5.0,-7.9225166399999125,2.185,2124.492,0.0
2.4206,5.0,-7.8971961600007035,2.185,2124.492,0.0
2.4256,5.0,-7.871874560000833,2.301,2133.984,0.0
2.4323,5.0,-7.838552160000063,2.301,2133.984,0.0
2.4374,5.0,-7.813203200000771,2.301,2133.984,0.0
2.4424,5.0,-7.787872480000715,2.301,2133.984,0.0
2.4477,5.0,-7.761495519999926,3.901,2150.859,0.0
2.4553,5.0,-7.723501440000291,3.901,2150.859,0.0
2.4604,5.0,-7.6981745600005524,3.901,2150.859,0.0
2.4654,5.0,-7.672853440000154,3.901,2150.859,0.0
2.4705,5.0,-7.64753455999994,4.268,2165.801,0.0
2.4793,5.0,-7.603525600000012,4.268,2165.801,0.0
2.4844,5.0,-7.578182240000615,4.268,2165.801,0.0
2.4894,5.0,-7.552858080000533,4.268,2165.801,0.0
2.4945,5.0,-7.527537440000742,4.268,2177.93,0.0
2.5003,5.0,-7.498531520000142,4.268,2177.93,0.0
2.5069,5.0,-7.465663039999981,4.268,2177.93,0.0
2.5120,5.0,-7.440184320000753,4.268,2177.93,0.0
2.5173,5.0,-7.413515200000802,3.589,2186.982,0.0
2.5234,5.0,-7.382858720000058,3.589,2186.982,0.0
2.5285,5.0,-7.357487200000605,3.589,2186.982,0.0
2.5336,5.0,-7.331980320000184,3.589,2186.982,0.0
2.5387,5.0,-7.306607520000625,4.216,2204.561,0.0
2.5473,5.0,-7.263487200000327,4.216,2204.561,0.0
2.5524,5.0,-7.23814384000093,4.216,2204.561,0.0
2.5574,5.0,-7.21281584000053,4.216,2204.561,0.0
2.5625,5.0,-7.187465920000022,4.544,2218.447,0.0
2.5683,5.0,-7.158491680000907,4.544,2218.447,0.0
2.5734,5.0,-7.133147520000875,4.544,2218.447,0.0
2.5785,5.0,-7.1077439999999115,4.544,2218.447,0.0
2.5838,5.0,-7.081238079999821,4.4,2231.631,0.0
2.5913,5.0,-7.043496160000586,4.4,2231.631,0.0
2.5964,5.0,-7.018152960000634,4.4,2231.631,0.0
2.6014,5.0,-6.992818720000287,4.168,2242.529,0.0
2.6113,5.0,-6.943453600000566,4.168,2242.529,0.0
2.6164,5.0,-6.918117920000668,4.168,2242.529,0.0
2.6219,5.0,-6.890372320000324,4.168,2242.529,0.0
2.6270,5.0,-6.864876000000777,3.76,2254.219,0.0
2.6353,5.0,-6.823480479999944,3.76,2254.219,0.0
2.6404,5.0,-6.798137600000018,3.76,2254.219,0.0
2.6454,5.0,-6.772804640000913,3.76,2254.219,0.0
2.6507,5.0,-6.746416959999806,3.504,2264.854,0.0
2.6583,5.0,-6.708494079999809,3.504,2264.854,0.0
2.6634,5.0,-6.683145920000015,3.504,2264.854,0.0
2.6684,5.0,-6.657824960000198,3.504,2264.854,0.0
2.6735,5.0,-6.632491200000459,2.271,2267.754,0.0
2.6823,5.0,-6.5885075200003484,2.271,2267.754,0.0
2.6874,5.0,-6.5631710399998155,2.271,2267.754,0.0
2.6924,5.0,-6.537852960000237,2.271,2267.754,0.0
2.6975,5.0,-6.51252864000071,2.271,2267.754,0.0
2.7026,5.0,-6.487212480000153,2.791,2280.85,0.0
2.7095,5.0,-6.4525182400007,2.791,2280.85,0.0
2.7163,5.0,-6.418378560000519,2.791,2280.85,0.0
2.7214,5.0,-6.392944159999843,3.264,2290.166,0.0
2.7293,5.0,-6.353509599999825,3.264,2290.166,0.0
2.7344,5.0,-6.328171040000825,3.264,2290.166,0.0
2.7394,5.0,-6.302845760000082,3.264,2290.166,0.0
2.7445,5.0,-6.27754847999995,2.177,2292.451,0.0
2.7499,5.0,-6.250286880000431,2.177,2292.451,0.0
2.7550,5.0,-6.224951520000559,2.177,2292.451,0.0
2.7601,5.0,-6.199629120000054,2.177,2292.451,0.0
2.7651,5.0,-6.174305920000052,2.01,2299.746,0.0
2.7733,5.0,-6.133485280000741,2.01,2299.746,0.0
2.7784,5.0,-6.108118719999993,2.01,2299.746,0.0
2.7837,5.0,-6.08174608000013,2.01,2299.746,0.0
2.7887,5.0,-6.056420160000471,3.911,2319.346,0.0
2.7953,5.0,-6.02352144000065,3.911,2319.346,0.0
2.8004,5.0,-5.998186880000276,3.911,2319.346,0.0
2.8069,5.0,-5.965538400000696,3.911,2319.346,0.0
2.8120,5.0,-5.9402054400004545,3.022,2323.916,0.0
2.8193,5.0,-5.903476000000865,3.022,2323.916,0.0
2.8244,5.0,-5.8780977600008555,3.022,2323.916,0.0
2.8295,5.0,-5.852673919999916,3.022,2323.916,0.0
2.8345,5.0,-5.827324480000016,2.51,2331.65,0.0
2.8413,5.0,-5.793524480000087,2.51,2331.65,0.0
2.8464,5.0,-5.768179200000532,2.51,2331.65,0.0
2.8516,5.0,-5.741816800000379,2.51,2331.65,0.0
2.8567,5.0,-5.716479360000903,3.462,2345.801,0.0
2.8633,5.0,-5.683524319999833,3.462,2345.801,0.0
2.8684,5.0,-5.658171200000197,3.462,2345.801,0.0
2.8734,5.0,-5.632821280000826,3.462,2345.801,0.0
2.8785,5.0,-5.6074857600003725,3.226,2354.678,0.0
2.8873,5.0,-5.563481600000841,3.226,2354.678,0.0
2.8924,5.0,-5.538152000000309,3.226,2354.678,0.0
2.8974,5.0,-5.512806080000701,3.226,2354.678,0.0
2.9025,5.0,-5.487477440000248,3.257,2365.664,0.0
2.9094,5.0,-5.452938079999967,3.257,2365.664,0.0
2.9173,5.0,-5.413620960000571,3.257,2365.664,0.0
2.9224,5.0,-5.3880518400001165,4.163,2380.518,0.0
2.9303,5.0,-5.348513440000033,4.163,2380.518,0.0
2.9354,5.0,-5.323181439999871,4.163,2380.518,0.0
2.9404,5.0,-5.297858720000477,4.163,2380.518,0.0
2.9455,5.0,-5.272533120000844,3.988,2393.438,0.0
2.9543,5.0,-5.228525439999885,3.988,2393.438,0.0
2.9594,5.0,-5.203195679999908,3.988,2393.438,0.0
2.9644,5.0,-5.177852159999929,3.988,2393.438,0.0
2.9695,5.0,-5.1525260800008255,4.385,2408.467,0.0
2.9753,5.0,-5.12350672000025,4.385,2408.467,0.0
2.9804,5.0,-5.098176640000247,4.385,2408.467,0.0
2.9856,5.0,-5.071757599999955,4.385,2408.467,0.0
2.9907,5.0,-5.046429440000111,4.075,2419.014,0.0
2.9973,5.0,-5.013539679999894,4.075,2419.014,0.0
3.0024,5.0,-4.98820672000079,4.075,2419.014,0.0
3.0090,5.0,-4.9552391999998235,4.075,2419.014,0.0
3.0141,5.0,-4.9297070400007215,3.943,2431.846,0.0
3.0213,5.0,-4.893346080000356,3.943,2431.846,0.0
3.0264,5.0,-4.867947200000344,3.943,2431.846,0.0
3.0315,5.0,-4.842514719999826,3.943,2431.846,0.0
3.0366,5.0,-4.817152800000031,3.417,2439.756,0.0
3.0423,5.0,-4.788501120000319,3.417,2439.756,0.0
3.0474,5.0,-4.763167040000553,3.417,2439.756,0.0
3.0526,5.0,-4.736815200000137,3.417,2439.756,0.0
3.0577,5.0,-4.7114687999999205,2.762,2446.523,0.0
3.0643,5.0,-4.678433920000771,2.762,2446.523,0.0
3.0694,5.0,-4.653096960000767,2.762,2446.523,0.0
3.0744,5.0,-4.627768480000896,2.762,2446.523,0.0
3.0795,5.0,-4.6024092800007566,2.795,2455.313,0.0
3.0850,5.0,-4.575108320000254,2.795,2455.313,0.0
3.0900,5.0,-4.549763840000196,2.795,2455.313,0.0
3.0951,5.0,-4.52443856000059,2.795,2455.313,0.0
3.1002,5.0,-4.499116320000667,3.27,2466.563,0.0
3.1071,5.0,-4.464432160000342,3.27,2466.563,0.0
3.1122,5.0,-4.439071040000044,3.27,2466.563,0.0
3.1193,5.0,-4.4034276800005046,3.457,2478.252,0.0
3.1283,5.0,-4.358516639999834,3.457,2478.252,0.0
3.1334,5.0,-4.333170080000173,3.457,2478.252,0.0
3.1384,5.0,-4.3077992000007725,3.457,2478.252,0.0
3.1435,5.0,-4.282469920000267,3.954,2493.545,0.0
3.1523,5.0,-4.238506880000159,3.954,2493.545,0.0
3.1574,5.0,-4.2131510400008665,3.954,2493.545,0.0
3.1624,5.0,-4.187805920000756,3.954,2493.545,0.0
3.1675,5.0,-4.162356159999945,3.954,2493.545,0.0
3.1726,5.0,-4.1367644800004655,4.041,2507.168,0.0
3.1782,5.0,-4.10906768000018,4.041,2507.168,0.0
3.1833,5.0,-4.083664160000353,4.041,2507.168,0.0
3.1886,5.0,-4.056999040000164,4.041,2507.168,0.0
3.1937,5.0,-4.031401920000235,3.964,2519.473,0.0
3.1993,5.0,-4.003433280000763,3.964,2519.473,0.0
3.2044,5.0,-3.9780267200001163,3.964,2519.473,0.0
3.2109,5.0,-3.9453246400000808,3.51,2527.119,0.0
3.2193,5.0,-3.903520160000653,3.51,2527.119,0.0
3.2244,5.0,-3.8781796800003576,3.51,2527.119,0.0
3.2294,5.0,-3.8528431999998247,3.51,2527.119,0.0
3.2345,5.0,-3.827512000000297,3.183,2535.557,0.0
3.2403,5.0,-3.798523520000572,3.183,2535.557,0.0
3.2454,5.0,-3.7731872000006206,3.183,2535.557,0.0
3.2504,5.0,-3.7478328000008787,3.183,2535.557,0.0
3.2557,5.0,-3.721331200000577,3.736,2550.41,0.0
3.2633,5.0,-3.6834916800000883,3.736,2550.41,0.0
3.2684,5.0,-3.658143200000268,3.736,2550.41,0.0
3.2734,5.0,-3.632808639999894,3.736,2550.41,0.0
3.2785,5.0,-3.607477440000366,4.083,2562.979,0.0
3.2840,5.0,-3.580176159999837,4.083,2562.979,0.0
3.2890,5.0,-3.554820640000571,4.083,2562.979,0.0
3.2941,5.0,-3.5294808000003286,4.083,2562.979,0.0
3.2992,5.0,-3.504145919999928,4.382,2578.623,0.0
3.3073,5.0,-3.463520000000244,4.382,2578.623,0.0
3.3138,5.0,-3.4308652800007167,4.382,2578.623,0.0
3.3189,5.0,-3.4055344000000787,4.382,2578.623,0.0
3.3242,5.0,-3.3791308800005027,4.038,2589.609,0.0
3.3303,5.0,-3.348514880000266,4.038,2589.609,0.0
3.3354,5.0,-3.323185280000871,4.038,2589.609,0.0
3.3404,5.0,-3.2978572800004713,4.038,2589.609,0.0
3.3455,5.0,-3.2725152000000435,3.498,2600.156,0.0
3.3543,5.0,-3.2285128000000896,3.498,2600.156,0.0
3.3594,5.0,-3.2031819200005884,3.498,2600.156,0.0
3.3644,5.0,-3.177862240000877,3.498,2600.156,0.0
3.3695,5.0,-3.1525414400005047,3.36,2610.879,0.0
3.3783,5.0,-3.1085233600003903,3.36,2610.879,0.0
3.3834,5.0,-3.0831904000001487,3.36,2610.879,0.0
3.3886,5.0,-3.056825440000921,3.36,2610.879,0.0
3.3937,5.0,-3.031399200000351,2.486,2615.361,0.0
3.4003,5.0,-2.99850048000053,2.486,2615.361,0.0
3.4068,5.0,-2.9658734400004505,2.486,2615.361,0.0
3.4119,5.0,-2.940497760000653,2.486,2615.361,0.0
3.4170,5.0,-2.91515648000086,2.303,2623.008,0.0
3.4243,5.0,-2.878544800000782,2.303,2623.008,0.0
3.4294,5.0,-2.8532121600005667,2.303,2623.008,0.0
3.4344,5.0,-2.8278799999998228,2.303,2623.008,0.0
3.4395,5.0,-2.8025393600000825,3.048,2635.752,0.0
3.4463,5.0,-2.768502559999888,3.048,2635.752,0.0
3.4514,5.0,-2.74317776000089,3.048,2635.752,0.0
3.4566,5.0,-2.7168276800000513,3.048,2635.752,0.0
3.4617,5.0,-2.6914984000006825,3.337,2646.475,0.0
3.4683,5.0,-2.658534880000616,3.337,2646.475,0.0
3.4734,5.0,-2.633203359999925,3.337,2646.475,0.0
3.4784,5.0,-2.6078763200007415,3.337,2646.475,0.0
3.4835,5.0,-2.5825529600001573,3.618,2659.658,0.0
3.4923,5.0,-2.5385166400008075,3.618,2659.658,0.0
3.4974,5.0,-2.5131352000005336,3.618,2659.658,0.0
3.5024,5.0,-2.487800960000186,3.618,2659.658,0.0
3.5090,5.0,-2.4549641600003724,4.032,2671.963,0.0
3.5145,5.0,-2.427469920000931,4.032,2671.963,0.0
3.5223,5.0,-2.3882614400008606,4.032,2671.963,0.0
3.5274,5.0,-2.3628412800007936,3.074,2677.939,0.0
3.5353,5.0,-2.323444160000463,3.074,2677.939,0.0
3.5404,5.0,-2.298076960000799,3.074,2677.939,0.0
3.5455,5.0,-2.2727430400004778,3.074,2677.939,0.0
3.5505,5.0,-2.2474177600008716,2.462,2682.773,0.0
3.5560,5.0,-2.220132960000001,2.462,2682.773,0.0
3.5610,5.0,-2.194802400000526,2.462,2682.773,0.0
3.5661,5.0,-2.1694824000007884,2.462,2682.773,0.0
3.5712,5.0,-2.1441644800006543,2.462,2682.773,0.0
3.5762,5.0,-2.118848000000071,2.317,2691.299,0.0
3.5817,5.0,-2.0915116800006217,2.317,2691.299,0.0
3.5868,5.0,-2.0661668800005373,2.317,2691.299,0.0
3.5920,5.0,-2.0397996799999873,2.317,2691.299,0.0
3.5971,5.0,-2.014472640000804,2.183,2696.484,0.0
3.6026,5.0,-1.9872400000008383,2.183,2696.484,0.0
3.6091,5.0,-1.9546377599999687,2.183,2696.484,0.0
3.6141,5.0,-1.929306719999886,2.183,2696.484,0.0
3.6192,5.0,-1.9039876800002276,1.565,2699.824,0.0
3.6263,5.0,-1.8685025600007066,1.565,2699.824,0.0
3.6314,5.0,-1.8431040000007215,1.565,2699.824,0.0
3.6365,5.0,-1.817710080000552,1.565,2699.824,0.0
3.6415,5.0,-1.7923702400003094,2.257,2710.371,0.0
3.6483,5.0,-1.7585785599999326,2.257,2710.371,0.0
3.6534,5.0,-1.7332496000005904,2.257,2710.371,0.0
3.6586,5.0,-1.7068955199999891,2.257,2710.371,0.0
3.6637,5.0,-1.681568320000224,3.274,2723.291,0.0
3.6703,5.0,-1.6485054400004628,3.274,2723.291,0.0
3.6754,5.0,-1.623171360000697,3.274,2723.291,0.0
3.6804,5.0,-1.5978286400002162,3.274,2723.291,0.0
3.6855,5.0,-1.572504000000663,2.723,2729.619,0.0
3.6943,5.0,-1.5284851199999139,2.723,2729.619,0.0
3.6994,5.0,-1.5030745600006412,2.723,2729.619,0.0
3.7045,5.0,-1.4777241600006619,2.723,2729.619,0.0
3.7110,5.0,-1.4449968000008084,2.786,2739.199,0.0
3.7165,5.0,-1.4175564800007123,2.786,2739.199,0.0
3.7216,5.0,-1.3922046400000454,2.786,2739.199,0.0
3.7269,5.0,-1.3657476800005952,2.786,2739.199,0.0
3.7319,5.0,-1.340380640000376,3.445,2752.295,0.0
3.7374,5.0,-1.3130760000001374,3.445,2752.295,0.0
3.7425,5.0,-1.2876939199998105,3.445,2752.295,0.0
3.7475,5.0,-1.2623240000004898,3.445,2752.295,0.0
3.7526,5.0,-1.2369937599999048,3.533,2761.611,0.0
3.7581,5.0,-1.209690400000909,3.533,2761.611,0.0
3.7631,5.0,-1.1843600000008792,3.533,2761.611,0.0
3.7682,5.0,-1.1590369600003214,3.533,2761.611,0.0
3.7733,5.0,-1.133713120000266,3.185,2771.631,0.0
3.7823,5.0,-1.088471360000085,3.185,2771.631,0.0
3.7874,5.0,-1.0631014400007643,3.185,2771.631,0.0
3.7927,5.0,-1.0367175999999745,3.185,2771.631,0.0
3.7977,5.0,-1.0113724799998636,3.08,2780.508,0.0
3.8043,5.0,-0.9785276800005249,3.08,2780.508,0.0
3.8108,5.0,-0.9459216000004744,3.08,2780.508,0.0
3.8159,5.0,-0.9205859200005762,3.08,2780.508,0.0
3.8210,5.0,-0.8952227200006746,2.46,2786.748,0.0
3.8283,5.0,-0.8584788799998933,2.46,2786.748,0.0
3.8334,5.0,-0.8331280000004426,2.46,2786.748,0.0
3.8384,5.0,-0.8077976000004128,2.46,2786.748,0.0
3.8435,5.0,-0.7824673599998277,2.156,2792.988,0.0
3.8493,5.0,-0.7535550400007196,2.156,2792.988,0.0
3.8544,5.0,-0.7282203200009008,2.156,2792.988,0.0
3.8596,5.0,-0.7018625600005635,2.156,2792.988,0.0
3.8647,5.0,-0.6765368000003491,2.77,2804.063,0.0
3.8713,5.0,-0.6435651200001757,2.77,2804.063,0.0
3.8764,5.0,-0.6182164800009105,2.77,2804.063,0.0
3.8814,5.0,-0.5928824000000077,2.77,2804.063,0.0
3.8865,5.0,-0.5675590400005603,3.142,2814.17,0.0
3.8920,5.0,-0.5402443200000562,3.142,2814.17,0.0
3.8970,5.0,-0.5149214400000801,3.142,2814.17,0.0
3.9021,5.0,-0.48959808000063276,3.142,2814.17,0.0
3.9086,5.0,-0.45700367999984337,3.468,2827.178,0.0
3.9163,5.0,-0.418523839999807,3.468,2827.178,0.0
3.9214,5.0,-0.3930983999998716,3.468,2827.178,0.0
3.9267,5.0,-0.3665190399999574,3.468,2827.178,0.0
3.9318,5.0,-0.3411835200006408,3.931,2840.977,0.0
3.9383,5.0,-0.30852224000000206,3.931,2840.977,0.0
3.9434,5.0,-0.2831908799998928,3.931,2840.977,0.0
3.9484,5.0,-0.2578593600003387,3.931,2840.977,0.0
3.9535,5.0,-0.2325384000005215,3.854,2853.369,0.0
3.9623,5.0,-0.18853808000017125,3.854,2853.369,0.0
3.9674,5.0,-0.16319088000045667,3.854,2853.369,0.0
3.9724,5.0,-0.13783600000010665,3.854,2853.369,0.0
3.9775,5.0,-0.11250224000036724,3.848,2864.355,0.0
3.9833,5.0,-0.08353536000072381,3.848,2864.355,0.0
3.9884,5.0,-0.058136000000104104,3.848,2864.355,0.0
3.9937,5.0,-0.03154224000013528,3.848,2864.355,0.0
3.9988,5.0,-0.006209440000475297,3.393,2873.057,0.0
4.0053,5.0,0.026429600000028586,3.393,2873.057,0.0
4.0119,5.0,0.05927616000008129,3.393,2873.057,0.0
4.0170,5.0,0.08476239999936297,2.691,2878.33,0.0
4.0253,5.0,0.1266881599997305,2.691,2878.33,0.0
4.0304,5.0,0.15213295999956244,2.691,2878.33,0.0
4.0355,5.0,0.17755583999928604,2.691,2878.33,0.0
4.0406,5.0,0.20290336000016396,3.127,2890.283,0.0
4.0463,5.0,0.23145247999991625,3.127,2890.283,0.0
4.0514,5.0,0.2567825599999196,3.127,2890.283,0.0
4.0564,5.0,0.2821123199998965,3.127,2890.283,0.0
4.0617,5.0,0.3085630399993988,4.011,2905.664,0.0
4.0693,5.0,0.34642879999978504,4.011,2905.664,0.0
4.0744,5.0,0.37175663999960307,4.011,2905.664,0.0
4.0794,5.0,0.39707791999944675,4.011,2905.664,0.0
4.0845,5.0,0.4224052799997935,4.348,2919.023,0.0
4.0899,5.0,0.44970623999915915,4.348,2919.023,0.0
4.0950,5.0,0.4750353599990831,4.348,2919.023,0.0
4.1001,5.0,0.5003563200000372,4.348,2919.023,0.0
4.1066,5.0,0.5330588799995439,4.651,2934.756,0.0
4.1133,5.0,0.5664321599999766,4.651,2934.756,0.0
4.1184,5.0,0.591791199999534,4.651,2934.756,0.0
4.1234,5.0,0.6171172799997748,4.651,2934.756,0.0
4.1287,5.0,0.6435203199998796,4.237,2947.061,0.0
4.1363,5.0,0.681428479999795,4.237,2947.061,0.0
4.1414,5.0,0.7067577599991637,4.237,2947.061,0.0
4.1464,5.0,0.7320803199991133,4.237,2947.061,0.0
4.1515,5.0,0.7574079999994865,2.79,2950.84,0.0
4.1603,5.0,0.8014233599999443,2.79,2950.84,0.0
4.1654,5.0,0.8267721599997913,2.79,2950.84,0.0
4.1704,5.0,0.8521028799998476,2.79,2950.84,0.0
4.1755,5.0,0.8774219199995059,2.696,2961.123,0.0
4.1843,5.0,0.9214225599998827,2.696,2961.123,0.0
4.1893,5.0,0.9467435199996999,2.696,2961.123,0.0
4.1953,5.0,0.9765099200001259,2.696,2961.123,0.0
4.2004,5.0,1.0020588800000496,2.209,2964.727,0.0
4.2074,5.0,1.0369744000001901,2.209,2964.727,0.0
4.2125,5.0,1.0623747199997524,2.209,2964.727,0.0
4.2176,5.0,1.087794559999793,2.209,2964.727,0.0
4.2226,5.0,1.1131439999996928,2.387,2974.482,0.0
4.2303,5.0,1.151489119999951,2.387,2974.482,0.0
4.2354,5.0,1.1768271999994795,2.387,2974.482,0.0
4.2404,5.0,1.202149759999429,2.387,2974.482,0.0
4.2455,5.0,1.227473919999511,2.387,2974.482,0.0
4.2506,5.0,1.2527969600000688,3.113,2987.227,0.0
4.2560,5.0,1.2801225599991994,3.113,2987.227,0.0
4.2633,5.0,1.3163262399996256,3.113,2987.227,0.0
4.2683,5.0,1.341659359999312,2.009,2988.809,0.0
4.2773,5.0,1.3864526399993338,2.009,2988.809,0.0
4.2824,5.0,1.4117971199993917,2.009,2988.809,0.0
4.2874,5.0,1.4371239999991303,2.009,2988.809,0.0
4.2925,5.0,1.4625113599993256,2.453,3000.322,0.0
4.3013,5.0,1.50648015999991,2.453,3000.322,0.0
4.3078,5.0,1.5391785599990726,2.453,3000.322,0.0
4.3129,5.0,1.5645268799994483,2.453,3000.322,0.0
4.3180,5.0,1.5898939199996676,3.373,3013.418,0.0
4.3233,5.0,1.616743359999191,3.373,3013.418,0.0
4.3303,5.0,1.6516977599997062,3.373,3013.418,0.0
4.3354,5.0,1.6770310399999744,3.373,3013.418,0.0
4.3405,5.0,1.7023534399993423,2.302,3014.824,0.0
4.3463,5.0,1.731429599999501,2.302,3014.824,0.0
4.3514,5.0,1.7567779199998768,2.302,3014.824,0.0
4.3564,5.0,1.7821035199995094,2.302,3014.824,0.0
4.3615,5.0,1.8074284799990892,1.479,3017.285,0.0
4.3703,5.0,1.8514263999998093,1.479,3017.285,0.0
4.3754,5.0,1.8767548799996803,1.479,3017.285,0.0
4.3804,5.0,1.902074239999365,1.479,3017.285,0.0
4.3855,5.0,1.9273939199990764,1.121,3019.922,0.0
4.3913,5.0,1.9564329599995745,1.121,3019.922,0.0
4.3983,5.0,1.9916763200001242,1.121,3019.922,0.0
4.4034,5.0,2.0170771199991577,3.975,3044.707,0.0
4.4123,5.0,2.061468800000057,3.975,3044.707,0.0
4.4174,5.0,2.086811519999401,3.975,3044.707,0.0
4.4224,5.0,2.112137440000197,3.975,3044.707,0.0
4.4275,5.0,2.137468959999751,4.593,3058.33,0.0
4.4363,5.0,2.181433599999991,4.593,3058.33,0.0
4.4414,5.0,2.2067748799997844,4.593,3058.33,0.0
4.4464,5.0,2.232114079999974,4.593,3058.33,0.0
4.4515,5.0,2.257444959999475,4.507,3071.25,0.0
4.4573,5.0,2.2864559999993617,4.507,3071.25,0.0
4.4624,5.0,2.3117876799994974,4.507,3071.25,0.0
4.4676,5.0,2.338154560000021,4.507,3071.25,0.0
4.4727,5.0,2.3634913599994434,2.8,3073.711,0.0
4.4793,5.0,2.396420479999506,2.8,3073.711,0.0
4.4843,5.0,2.421748959999377,2.8,3073.711,0.0
4.4894,5.0,2.4470764799991684,2.8,3073.711,0.0
4.4945,5.0,2.472415519999913,2.504,3081.621,0.0
4.4999,5.0,2.4997499199992035,2.504,3081.621,0.0
4.5050,5.0,2.525080479999815,2.504,3081.621,0.0
4.5116,5.0,2.5581959999999526,2.504,3081.621,0.0
4.5167,5.0,2.5837203200001113,3.458,3096.035,0.0
4.5223,5.0,2.6117001599993728,3.458,3096.035,0.0
4.5274,5.0,2.637118399999281,3.458,3096.035,0.0
4.5328,5.0,2.663772799999151,3.458,3096.035,0.0
4.5378,5.0,2.689211999999088,3.44,3104.473,0.0
4.5443,5.0,2.7214723199995206,3.44,3104.473,0.0
4.5494,5.0,2.74680912000008,3.44,3104.473,0.0
4.5544,5.0,2.772144959999423,3.44,3104.473,0.0
4.5595,5.0,2.7974731199992675,2.899,3112.646,0.0
4.5683,5.0,2.8414281599998503,2.899,3112.646,0.0
4.5734,5.0,2.8667603199994574,2.899,3112.646,0.0
4.5784,5.0,2.8920897599994078,2.899,3112.646,0.0
4.5835,5.0,2.9174123199993574,2.543,3118.799,0.0
4.5893,5.0,2.946465279999302,2.543,3118.799,0.0
4.5944,5.0,2.971847679999655,2.543,3118.799,0.0
4.5997,5.0,2.998323199999504,2.543,3118.799,0.0
4.6047,5.0,3.0236980799998037,1.98,3123.809,0.0
4.6117,5.0,3.058488959999295,1.98,3123.809,0.0
4.6168,5.0,3.083835039999485,1.98,3123.809,0.0
4.6218,5.0,3.1091707199993834,1.98,3123.809,0.0
4.6269,5.0,3.134504959999731,2.26,3132.158,0.0
4.6334,5.0,3.1667756799993185,2.26,3132.158,0.0
4.6386,5.0,3.19313455999918,2.26,3132.158,0.0
4.6437,5.0,3.2185094399994796,2.26,3132.158,0.0
4.6488,5.0,3.243844959999933,2.514,3141.387,0.0
4.6553,5.0,3.2767407999995157,2.514,3141.387,0.0
4.6605,5.0,3.302731200000153,2.514,3141.387,0.0
4.6663,5.0,3.331414559999075,2.514,3141.387,0.0
4.6713,5.0,3.356743839999581,3.188,3153.516,0.0
4.6793,5.0,3.396431679999523,3.188,3153.516,0.0
4.6844,5.0,3.421771199999739,3.188,3153.516,0.0
4.6894,5.0,3.447114559999136,3.188,3153.516,0.0
4.6945,5.0,3.4724468799993247,3.357,3165.117,0.0
4.7014,5.0,3.506835839999667,3.357,3165.117,0.0
4.7080,5.0,3.5401348799996413,3.357,3165.117,0.0
4.7131,5.0,3.565481279999858,3.357,3165.117,0.0
4.7182,5.0,3.5908612799994444,3.805,3178.301,0.0
4.7243,5.0,3.6214868799993383,3.805,3178.301,0.0
4.7294,5.0,3.6468343999990793,3.805,3178.301,0.0
4.7347,5.0,3.673256639999636,3.805,3178.301,0.0
4.7397,5.0,3.6986414399996193,3.633,3187.441,0.0
4.7451,5.0,3.725477759999194,3.633,3187.441,0.0
4.7503,5.0,3.751481919999833,3.633,3187.441,0.0
4.7554,5.0,3.7768375999996806,3.633,3187.441,0.0
4.7604,5.0,3.802162879999287,2.806,3192.539,0.0
4.7663,5.0,3.831696639999791,2.806,3192.539,0.0
4.7714,5.0,3.857044159999532,2.806,3192.539,0.0
4.7765,5.0,3.882374400000117,2.806,3192.539,0.0
4.7816,5.0,3.907772960000102,2.806,3192.539,0.0
4.7866,5.0,3.9331670399997165,2.469,3201.24,0.0
4.7922,5.0,3.9607723199992506,2.469,3201.24,0.0
4.7972,5.0,3.986115839999229,2.469,3201.24,0.0
4.8025,5.0,4.012483199999224,2.469,3201.24,0.0
4.8090,5.0,4.045068639999272,2.598,3208.535,0.0
4.8145,5.0,4.072411359999251,2.598,3208.535,0.0
4.8195,5.0,4.097745440000153,2.598,3208.535,0.0
4.8246,5.0,4.123078079999232,2.598,3208.535,0.0
4.8297,5.0,4.148430239999925,1.894,3212.666,0.0
4.8354,5.0,4.176767679999784,1.894,3212.666,0.0
4.8406,5.0,4.202807839999423,1.894,3212.666,0.0
4.8456,5.0,4.228249919999598,1.894,3212.666,0.0
4.8507,5.0,4.253598880000027,1.555,3216.709,0.0
4.8564,5.0,4.281777119999788,1.555,3216.709,0.0
4.8616,5.0,4.3078128000001925,1.555,3216.709,0.0
4.8674,5.0,4.336753439999939,1.555,3216.709,0.0
4.8724,5.0,4.362095999999838,2.114,3225.674,0.0
4.8784,5.0,4.391800319999675,2.114,3225.674,0.0
4.8836,5.0,4.417801920000102,2.114,3225.674,0.0
4.8886,5.0,4.443135839999286,2.114,3225.674,0.0
4.8937,5.0,4.468639039999971,3.051,3237.891,0.0
4.8991,5.0,4.495317439999553,3.051,3237.891,0.0
4.9043,5.0,4.521290239999871,3.051,3237.891,0.0
4.9108,5.0,4.553907679999156,3.051,3237.891,0.0
4.9158,5.0,4.579238879999821,3.461,3248.965,0.0
4.9213,5.0,4.606539359999715,3.461,3248.965,0.0
4.9264,5.0,4.631980639999256,3.461,3248.965,0.0
4.9315,5.0,4.657569919999105,3.461,3248.965,0.0
4.9368,5.0,4.6841871999993145,4.09,3264.697,0.0
4.9423,5.0,4.711723359999951,4.09,3264.697,0.0
4.9475,5.0,4.7377099199991335,4.09,3264.697,0.0
4.9526,5.0,4.763061919999245,4.09,3264.697,0.0
4.9577,5.0,4.788391999999249,4.7,3279.375,0.0
4.9630,5.0,4.815050239999437,4.7,3279.375,0.0
4.9682,5.0,4.841020159999516,4.7,3279.375,0.0
4.9733,5.0,4.866367199999786,4.7,3279.375,0.0
4.9783,5.0,4.891710879999209,4.7,3279.375,0.0
4.9834,5.0,4.917041439999821,3.96,3292.295,0.0
4.9903,5.0,4.951664799999662,3.96,3292.295,0.0
4.9955,5.0,4.9776415999997425,3.96,3292.295,0.0
5.0013,5.0,5.006646879999153,3.96,3292.295,0.0
5.0079,5.0,5.039486879999231,3.06,3297.92,0.0
5.0133,5.0,5.066374559999076,3.06,3297.92,0.0
5.0186,5.0,5.092958879999969,3.06,3297.92,0.0
5.0237,5.0,5.118730880000157,3.06,3297.92,0.0
5.0288,5.0,5.14424847999976,3.06,3297.92,0.0
5.0339,5.0,5.169609439999476,2.066,3301.699,0.0
5.0394,5.0,5.197059839999838,2.066,3301.699,0.0
5.0445,5.0,5.222400960000186,2.066,3301.699,0.0
5.0496,5.0,5.247789119999879,2.066,3301.699,0.0
5.0546,5.0,5.273134880000043,1.582,3306.094,0.0
5.0603,5.0,5.30138031999968,1.582,3306.094,0.0
5.0654,5.0,5.326820319999115,1.582,3306.094,0.0
5.0707,5.0,5.353524639999705,1.582,3306.094,0.0
5.0758,5.0,5.3789358400001674,2.925,3321.211,0.0
5.0812,5.0,5.405772319999187,2.925,3321.211,0.0
5.0864,5.0,5.4318031999991945,2.925,3321.211,0.0
5.0914,5.0,5.457165919999625,2.925,3321.211,0.0
5.0965,5.0,5.48244383999986,3.589,3332.197,0.0
5.1023,5.0,5.511451359999455,3.589,3332.197,0.0
5.1088,5.0,5.544061119999242,3.589,3332.197,0.0
5.1139,5.0,5.569540959999131,3.589,3332.197,0.0
5.1190,5.0,5.594966559999648,2.928,3339.756,0.0
5.1254,5.0,5.626757759999919,2.928,3339.756,0.0
5.1306,5.0,5.652830079999376,2.928,3339.756,0.0
5.1363,5.0,5.681460639999614,2.928,3339.756,0.0
5.1414,5.0,5.706809600000042,3.098,3350.83,0.0
5.1473,5.0,5.736731199999667,3.098,3350.83,0.0
5.1525,5.0,5.7627278399991155,3.098,3350.83,0.0
5.1576,5.0,5.788099679999732,3.098,3350.83,0.0
5.1627,5.0,5.813450719999764,3.098,3350.83,0.0
5.1678,5.0,5.838793119999082,3.313,3361.904,0.0
5.1733,5.0,5.8664163200000985,3.313,3361.904,0.0
5.1784,5.0,5.891760959999601,3.313,3361.904,0.0
5.1834,5.0,5.917097120000108,3.313,3361.904,0.0
5.1885,5.0,5.942448319999585,2.631,3367.441,0.0
5.1943,5.0,5.971413919999122,2.631,3367.441,0.0
5.1994,5.0,5.9967612799994185,2.631,3367.441,0.0
5.2046,5.0,6.023214239999106,2.631,3367.441,0.0
5.2112,5.0,6.055871039999374,2.45,3375.439,0.0
5.2166,5.0,6.08320832000004,2.45,3375.439,0.0
5.2217,5.0,6.108589919999758,2.45,3375.439,0.0
5.2268,5.0,6.134023359999219,2.45,3375.439,0.0
5.2319,5.0,6.159397440000021,2.788,3384.229,0.0
5.2374,5.0,6.186815199999955,2.788,3384.229,0.0
5.2424,5.0,6.212194239999462,2.788,3384.229,0.0
5.2475,5.0,6.237574719999657,2.17,3387.48,0.0
5.2553,5.0,6.276700959999744,2.17,3387.48,0.0
5.2605,5.0,6.302710239999669,2.17,3387.48,0.0
5.2656,5.0,6.328050719999965,2.17,3387.48,0.0
5.2713,5.0,6.356349279999449,1.414,3390.117,0.0
5.2783,5.0,6.39167567999948,1.414,3390.117,0.0
5.2835,5.0,6.41766672000017,1.414,3390.117,0.0
5.2886,5.0,6.443003999999064,1.414,3390.117,0.0
5.2937,5.0,6.468342559999201,1.871,3398.467,0.0
5.2990,5.0,6.495069919999423,1.871,3398.467,0.0
5.3042,5.0,6.521088480000117,1.871,3398.467,0.0
5.3107,5.0,6.5536753599997155,1.871,3398.467,0.0
5.3158,5.0,6.5790131199992175,3.352,3414.639,0.0
5.3243,5.0,6.621424799999431,3.352,3414.639,0.0
5.3294,5.0,6.64681423999923,3.352,3414.639,0.0
5.3344,5.0,6.672208640000008,3.352,3414.639,0.0
5.3397,5.0,6.6986764799992216,3.526,3425.713,0.0
5.3454,5.0,6.72679599999924,3.526,3425.713,0.0
5.3506,5.0,6.752865919999067,3.526,3425.713,0.0
5.3556,5.0,6.77821023999968,3.526,3425.713,0.0
5.3607,5.0,6.803544639999473,3.526,3425.713,0.0
5.3658,5.0,6.828877759999159,3.834,3439.863,0.0
5.3713,5.0,6.856432639999639,3.834,3439.863,0.0
5.3764,5.0,6.881816640000125,3.834,3439.863,0.0
5.3814,5.0,6.907168159999628,4.066,3451.553,0.0
5.3893,5.0,6.9467335999991064,4.066,3451.553,0.0
5.3946,5.0,6.972808479999912,4.066,3451.553,0.0
5.3996,5.0,6.998193919999949,4.066,3451.553,0.0
5.4053,5.0,7.026474879999114,3.814,3463.066,0.0
5.4123,5.0,7.061717599999611,3.814,3463.066,0.0
5.4176,5.0,7.087837919999629,3.814,3463.066,0.0
5.4226,5.0,7.11322351999911,3.814,3463.066,0.0
5.4277,5.0,7.138654240000051,3.739,3472.734,0.0
5.4331,5.0,7.165510080000104,3.739,3472.734,0.0
5.4383,5.0,7.191598719999774,3.739,3472.734,0.0
5.4434,5.0,7.216952640000045,3.739,3472.734,0.0
5.4485,5.0,7.242289280000023,2.884,3479.678,0.0
5.4564,5.0,7.2817583999994895,2.884,3479.678,0.0
5.4616,5.0,7.307864480000035,2.884,3479.678,0.0
5.4666,5.0,7.333199999999351,2.884,3479.678,0.0
5.4723,5.0,7.361441759999252,2.819,3489.521,0.0
5.4793,5.0,7.396713279999858,2.819,3489.521,0.0
5.4845,5.0,7.422739999999521,2.819,3489.521,0.0
5.4896,5.0,7.448085119999632,2.819,3489.521,0.0
5.4947,5.0,7.473420000000033,2.819,3489.521,0.0
5.4998,5.0,7.49875119999956,3.551,3504.199,0.0
5.5053,5.0,7.526398559999734,3.551,3504.199,0.0
5.5118,5.0,7.559167839999645,3.551,3504.199,0.0
5.5169,5.0,7.584684159999142,3.7,3514.482,0.0
5.5235,5.0,7.617624639999576,3.7,3514.482,0.0
5.5290,5.0,7.6447547199995824,3.7,3514.482,0.0
5.5341,5.0,7.670367999999144,3.7,3514.482,0.0
5.5394,5.0,7.697023039999067,3.781,3527.666,0.0
5.5463,5.0,7.731708479999497,3.781,3527.666,0.0
5.5515,5.0,7.757725120000032,3.781,3527.666,0.0
5.5566,5.0,7.783064479999666,3.781,3527.666,0.0
5.5617,5.0,7.8084007999996174,3.906,3538.125,0.0
5.5670,5.0,7.835229919999165,3.906,3538.125,0.0
5.5723,5.0,7.861318239999946,3.906,3538.125,0.0
5.5773,5.0,7.886671679999608,3.906,3538.125,0.0
5.5824,5.0,7.912016959999164,3.411,3548.232,0.0
5.5903,5.0,7.951693759999898,3.411,3548.232,0.0
5.5955,5.0,7.977700000000141,3.411,3548.232,0.0
5.6006,5.0,8.003093919999174,3.411,3548.232,0.0
5.6073,5.0,8.036669439999287,3.136,3557.285,0.0
5.6133,5.0,8.066711039999745,3.136,3557.285,0.0
5.6186,5.0,8.092836799999077,3.136,3557.285,0.0
5.6236,5.0,8.118206399999508,3.136,3557.285,0.0
5.6287,5.0,8.143579519999093,3.136,3557.285,0.0
5.6338,5.0,8.16893231999984,2.469,3563.438,0.0
5.6393,5.0,8.196525920000113,2.469,3563.438,0.0
5.6444,5.0,8.221881759999405,2.469,3563.438,0.0
5.6494,5.0,8.247223519999807,2.469,3563.438,0.0
5.6545,5.0,8.272558239999626,2.756,3574.951,0.0
5.6643,5.0,8.321420479999233,2.756,3574.951,0.0
5.6694,5.0,8.346774399999504,2.756,3574.951,0.0
5.6746,5.0,8.373163679999607,2.756,3574.951,0.0
5.6797,5.0,8.398506400000088,3.771,3590.156,0.0
5.6850,5.0,8.42516240000009,3.771,3590.156,0.0
5.6902,5.0,8.451166080000121,3.771,3590.156,0.0
5.6953,5.0,8.476534879999917,3.771,3590.156,0.0
5.7004,5.0,8.50186831999963,3.868,3600.967,0.0
5.7073,5.0,8.536330879999241,3.868,3600.967,0.0
5.7123,5.0,8.561708799999224,3.868,3600.967,0.0
5.7174,5.0,8.587055519999467,4.16,3614.414,0.0
5.7253,5.0,8.626675360000036,4.16,3614.414,0.0
5.7305,5.0,8.65268560000004,4.16,3614.414,0.0
5.7356,5.0,8.678031839999676,4.16,3614.414,0.0
5.7413,5.0,8.706633119999196,4.44,3628.564,0.0
5.7483,5.0,8.741705439999805,4.44,3628.564,0.0
5.7536,5.0,8.767847839999376,4.44,3628.564,0.0
5.7586,5.0,8.793204319999859,4.44,3628.564,0.0
5.7637,5.0,8.818539039999678,4.199,3639.551,0.0
5.7690,5.0,8.845248640000136,4.199,3639.551,0.0
5.7743,5.0,8.8712567999994,4.199,3639.551,0.0
5.7793,5.0,8.896592959999907,4.199,3639.551,0.0
5.7844,5.0,8.921922399999858,4.199,3639.551,0.0
5.7894,5.0,8.947243999999728,3.455,3650.625,0.0
5.7983,5.0,8.991420639999887,3.455,3650.625,0.0
5.8034,5.0,9.016784159999816,3.455,3650.625,0.0
5.8101,5.0,9.050435359999938,3.455,3650.625,0.0
5.8152,5.0,9.075866719999794,2.411,3654.58,0.0
5.8206,5.0,9.103138240000135,2.411,3654.58,0.0
5.8257,5.0,9.128482720000193,2.411,3654.58,0.0
5.8308,5.0,9.153814719999218,2.411,3654.58,0.0
5.8358,5.0,9.179143839999142,2.122,3661.611,0.0
5.8423,5.0,9.211717599999929,2.122,3661.611,0.0
5.8476,5.0,9.237816639999892,2.122,3661.611,0.0
5.8526,5.0,9.263198080000166,2.122,3661.611,0.0
5.8577,5.0,9.288547039999457,2.284,3669.434,0.0
5.8663,5.0,9.331415839999408,2.284,3669.434,0.0
5.8714,5.0,9.356791359999761,2.284,3669.434,0.0
5.8766,5.0,9.38324335999937,2.284,3669.434,0.0
5.8817,5.0,9.408590399999639,2.741,3679.102,0.0
5.8883,5.0,9.441408320000164,2.741,3679.102,0.0
5.8934,5.0,9.46679071999938,2.741,3679.102,0.0
5.8984,5.0,9.492184480000105,2.178,3682.354,0.0
5.9063,5.0,9.531713919999447,2.178,3682.354,0.0
5.9130,5.0,9.565097759999617,2.178,3682.354,0.0
5.9181,5.0,9.59044447999986,2.178,3682.354,0.0
5.9232,5.0,9.615873599999532,2.625,3694.219,0.0
5.9333,5.0,9.666392319999204,2.625,3694.219,0.0
5.9384,5.0,9.691788320000114,2.625,3694.219,0.0
5.9437,5.0,9.718287679999094,2.625,3694.219,0.0
5.9487,5.0,9.74365616,3.438,3706.963,0.0
5.9541,5.0,9.77038959999959,3.438,3706.963,0.0
5.9593,5.0,9.796459519999416,3.438,3706.963,0.0
5.9644,5.0,9.821818880000137,3.438,3706.963,0.0
5.9694,5.0,9.847161760000063,2.383,3710.039,0.0
5.9793,5.0,9.896413120000034,2.383,3710.039,0.0
5.9844,5.0,9.921826720000126,2.383,3710.039,0.0
5.9894,5.0,9.94718272,2.383,3710.039,0.0
5.9945,5.0,9.972542240000166,1.882,3715.049,0.0
6.0003,5.0,10.001402560000088,1.882,3715.049,0.0
6.0093,5.0,10.04652559999954,1.882,3715.049,0.0
6.0144,5.0,10.072022399999696,2.791,3727.266,0.0
6.0223,5.0,10.111574239999754,2.791,3727.266,0.0
6.0274,5.0,10.136975519999396,2.791,3727.266,0.0
6.0325,5.0,10.162472959999604,3.063,3735.703,0.0
6.0403,5.0,10.201712159999943,3.063,3735.703,0.0
6.0456,5.0,10.227801919999138,3.063,3735.703,0.0
6.0506,5.0,10.253156159999435,3.063,3735.703,0.0
6.0557,5.0,10.278502879999678,3.063,3735.703,0.0
6.0608,5.0,10.303831039999523,2.122,3740.273,0.0
6.0673,5.0,10.336393279999356,2.122,3740.273,0.0
6.0725,5.0,10.362600959999781,2.122,3740.273,0.0
6.0779,5.0,10.389402559999326,2.122,3740.273,0.0
6.0830,5.0,10.414775680000048,3.478,3757.412,0.0
6.0893,5.0,10.446460160000015,3.478,3757.412,0.0
6.0944,5.0,10.471796639999411,3.478,3757.412,0.0
6.0994,5.0,10.49711871999989,3.478,3757.412,0.0
6.1045,5.0,10.522452639999074,3.68,3768.574,0.0
6.1133,5.0,10.566437279999263,3.68,3768.574,0.0
6.1184,5.0,10.591776159999426,3.68,3768.574,0.0
6.1234,5.0,10.617094240000142,3.68,3768.574,0.0
6.1285,5.0,10.642455839999911,3.617,3780.176,0.0
6.1343,5.0,10.671405119999235,3.617,3780.176,0.0
6.1393,5.0,10.696738880000112,3.617,3780.176,0.0
6.1446,5.0,10.723072319999574,3.617,3780.176,0.0
6.1497,5.0,10.748402240000132,4.171,3794.941,0.0
6.1563,5.0,10.781391360000043,4.171,3794.941,0.0
6.1613,5.0,10.806722400000126,4.171,3794.941,0.0
6.1664,5.0,10.832048639999812,4.171,3794.941,0.0
6.1715,5.0,10.857368800000131,4.259,3809.268,0.0
6.1783,5.0,10.891699999999673,4.259,3809.268,0.0
6.1835,5.0,10.917673120000018,4.259,3809.268,0.0
6.1886,5.0,10.943012159999626,4.259,3809.268,0.0
6.1937,5.0,10.968340800000078,4.375,3822.275,0.0
6.2013,5.0,11.00641343999996,4.375,3822.275,0.0
6.2093,5.0,11.046570080000038,4.375,3822.275,0.0
6.2144,5.0,11.071904319999248,3.963,3833.262,0.0
6.2233,5.0,11.11640159999979,3.963,3833.262,0.0
6.2283,5.0,11.141724479999766,3.963,3833.262,0.0
6.2334,5.0,11.167047039999716,3.963,3833.262,0.0
6.2385,5.0,11.19236495999985,4.18,3848.906,0.0
6.2473,5.0,11.236408959999835,4.18,3848.906,0.0
6.2523,5.0,11.261734559999468,4.18,3848.906,0.0
6.2574,5.0,11.287058240000079,4.18,3848.906,0.0
6.2625,5.0,11.312380159999975,4.516,3865.166,0.0
6.2713,5.0,11.356381119999241,4.516,3865.166,0.0
6.2765,5.0,11.382729759999393,4.516,3865.166,0.0
6.2816,5.0,11.408062719999634,4.516,3865.166,0.0
6.2867,5.0,11.433386879999716,4.516,3877.91,0.0
6.2923,5.0,11.461419839999962,4.516,3877.91,0.0
6.2973,5.0,11.486749919999966,4.516,3877.91,0.0
6.3024,5.0,11.512071039999228,4.516,3877.91,0.0
6.3089,5.0,11.544613599999138,3.633,3886.699,0.0
6.3163,5.0,11.581408480000164,3.633,3886.699,0.0
6.3213,5.0,11.606728959999373,3.633,3886.699,0.0
6.3264,5.0,11.632090879999168,3.633,3886.699,0.0
6.3315,5.0,11.657412799999065,2.646,3892.236,0.0
6.3393,5.0,11.696397119999347,2.646,3892.236,0.0
6.3445,5.0,11.722732959999576,2.646,3892.236,0.0
6.3496,5.0,11.748063679999632,2.646,3892.236,0.0
6.3547,5.0,11.77338703999908,2.3,3898.652,0.0
6.3603,5.0,11.801408159999482,2.3,3898.652,0.0
6.3653,5.0,11.826737119999962,2.3,3898.652,0.0
6.3704,5.0,11.852054879999514,2.3,3898.652,0.0
6.3755,5.0,11.877374719999807,1.841,3902.783,0.0
6.3843,5.0,11.921401920000108,1.841,3902.783,0.0
6.3893,5.0,11.946728959999291,1.841,3902.783,0.0
6.3944,5.0,11.972046559999399,1.841,3902.783,0.0
6.3995,5.0,11.997367039999745,1.157,3904.102,0.0
6.4063,5.0,12.031385599999567,1.157,3904.102,0.0
6.4130,5.0,12.064848799999481,1.157,3904.102,0.0
6.4180,5.0,12.090191839999989,1.189,3908.672,0.0
6.4273,5.0,12.136420319999388,1.189,3908.672,0.0
6.4324,5.0,12.161750399999391,1.189,3908.672,0.0
6.4374,5.0,12.187074080000002,1.189,3911.484,0.0
6.4473,5.0,12.236399199999823,1.189,3911.484,0.0
6.4523,5.0,12.261731999999483,1.189,3911.484,0.0
6.4574,5.0,12.287056959999063,1.189,3911.484,0.0
6.4625,5.0,12.31237647999933,2.719,3926.777,0.0
6.4683,5.0,12.341377760000114,2.719,3926.777,0.0
6.4733,5.0,12.366708800000197,2.719,3926.777,0.0
6.4786,5.0,12.393036639999764,2.719,3926.777,0.0
6.4837,5.0,12.418364479999582,3.717,3939.521,0.0
6.4903,5.0,12.451416960000188,3.717,3939.521,0.0
6.4954,5.0,12.476752960000113,3.717,3939.521,0.0
6.5004,5.0,12.502082080000037,3.717,3939.521,0.0
6.5070,5.0,12.534821919999786,3.803,3952.441,0.0
6.5143,5.0,12.571572959999457,3.803,3952.441,0.0
6.5194,5.0,12.596999520000054,3.803,3952.441,0.0
6.5245,5.0,12.622409279999829,3.803,3952.441,0.0
6.5296,5.0,12.647796319999998,4.209,3966.328,0.0
6.5353,5.0,12.676399839999704,4.209,3966.328,0.0
6.5403,5.0,12.701733760000025,4.209,3966.328,0.0
6.5456,5.0,12.728111519999175,4.209,3966.328,0.0
6.5507,5.0,12.75344959999984,3.064,3971.602,0.0
6.5573,5.0,12.786380320000035,3.064,3971.602,0.0
6.5623,5.0,12.811740639999698,3.064,3971.602,0.0
6.5674,5.0,12.837069600000177,3.064,3971.602,0.0
6.5725,5.0,12.86239311999907,3.296,3983.994,0.0
6.5813,5.0,12.906398559999843,3.296,3983.994,0.0
6.5863,5.0,12.931731999999556,3.296,3983.994,0.0
6.5914,5.0,12.957056479999665,3.296,3983.994,0.0
6.5965,5.0,12.982379200000196,3.384,3995.42,0.0
6.6053,5.0,13.026357759999883,3.384,3995.42,0.0
6.6120,5.0,13.059827519999772,3.384,3995.42,0.0
6.6170,5.0,13.085166719999961,2.582,3999.99,0.0
6.6263,5.0,13.131389119999994,2.582,3999.99,0.0
6.6313,5.0,13.156719359999443,2.582,3999.99,0.0
6.6364,5.0,13.182043680000106,2.582,3999.99,0.0
6.6415,5.0,13.207368159999078,2.887,4011.68,0.0
6.6503,5.0,13.251426079999646,2.887,4011.68,0.0
6.6554,5.0,13.2767575999992,2.887,4011.68,0.0
6.6604,5.0,13.30207200000018,2.887,4011.68,0.0
6.6655,5.0,13.327401279999549,3.12,4022.49,0.0
6.6733,5.0,13.366376479999644,3.12,4022.49,0.0
6.6785,5.0,13.39270383999974,3.12,4022.49,0.0
6.6836,5.0,13.418034559999796,3.12,4022.49,0.0
6.6887,5.0,13.443355999999085,2.877,4029.082,0.0
6.6943,5.0,13.47140207999928,2.877,4029.082,0.0
6.6993,5.0,13.496734240000023,2.877,4029.082,0.0
6.7044,5.0,13.522056799999973,3.093,4038.574,0.0
6.7143,5.0,13.571401919999744,3.093,4038.574,0.0
6.7193,5.0,13.596735359999457,3.093,4038.574,0.0
6.7244,5.0,13.622101919999068,3.093,4038.574,0.0
6.7295,5.0,13.647525760000008,3.566,4051.494,0.0
6.7353,5.0,13.676410719999694,3.566,4051.494,0.0
6.7404,5.0,13.701750399999355,3.566,4051.494,0.0
6.7456,5.0,13.728187680000019,3.566,4051.494,0.0
6.7507,5.0,13.753523039999891,2.649,4054.922,0.0
6.7573,5.0,13.786376159999918,2.649,4054.922,0.0
6.7623,5.0,13.811704799999234,2.649,4054.922,0.0
6.7674,5.0,13.837027839999791,2.649,4054.922,0.0
6.7725,5.0,13.862339359999396,2.52,4064.59,0.0
6.7813,5.0,13.90637168000012,2.52,4064.59,0.0
6.7863,5.0,13.9317035199997,2.52,4064.59,0.0
6.7914,5.0,13.957025759999624,2.52,4064.59,0.0
6.7965,5.0,13.982347999999547,3.17,4075.576,0.0
6.8023,5.0,14.0113905599992,3.17,4075.576,0.0
6.8088,5.0,14.043847359999972,3.17,4075.576,0.0
6.8140,5.0,14.070198879999225,3.17,4075.576,0.0
6.8191,5.0,14.09553247999952,2.034,4076.367,0.0
6.8246,5.0,14.12276383999938,2.034,4076.367,0.0
6.8296,5.0,14.14810111999941,2.034,4076.367,0.0
6.8347,5.0,14.173428959999228,1.69,4080.85,0.0
6.8443,5.0,14.221409759999233,1.69,4080.85,0.0
6.8493,5.0,14.246741439999369,1.69,4080.85,0.0
6.8544,5.0,14.272088320000194,1.69,4080.85,0.0
6.8595,5.0,14.297411359999614,3.242,4099.043,0.0
6.8693,5.0,14.34636879999971,3.242,4099.043,0.0
6.8743,5.0,14.371699519999765,3.242,4099.043,0.0
6.8796,5.0,14.398015839999516,3.242,4099.043,0.0
6.8850,5.0,14.425018079999745,4.163,4111.699,0.0
6.8913,5.0,14.456414879999784,4.163,4111.699,0.0
6.8964,5.0,14.481751199999735,4.163,4111.699,0.0
6.9014,5.0,14.50707695999995,4.163,4111.699,0.0
6.9079,5.0,14.539556799999218,3.789,4123.037,0.0
6.9153,5.0,14.576381439999295,3.789,4123.037,0.0
6.9203,5.0,14.601719359999379,3.789,4123.037,0.0
6.9254,5.0,14.627044799999567,3.789,4123.037,0.0
6.9305,5.0,14.652367520000098,3.787,4134.902,0.0
6.9363,5.0,14.68138895999914,3.787,4134.902,0.0
6.9413,5.0,14.706718239999645,3.787,4134.902,0.0
6.9466,5.0,14.733055039999954,3.787,4134.902,0.0
6.9517,5.0,14.758381599999666,3.429,4143.428,0.0
6.9583,5.0,14.791375999999445,3.429,4143.428,0.0
6.9633,5.0,14.816705599999977,3.429,4143.428,0.0
6.9684,5.0,14.842028639999398,3.429,4143.428,0.0
6.9735,5.0,14.867347680000194,3.445,4155.996,0.0
6.9823,5.0,14.911387519999835,3.445,4155.996,0.0
6.9873,5.0,14.936724319999257,3.445,4155.996,0.0
6.9924,5.0,14.962048159999313,3.445,4155.996,0.0
6.9975,5.0,14.987369599999738,3.354,4164.873,0.0
7.0033,5.0,15.016408319999073,3.354,4164.873,0.0
7.0098,5.0,15.049012160000075,3.354,4164.873,0.0
7.0151,5.0,15.075486559999263,3.354,4164.873,0.0
7.0202,5.0,15.100936320000073,2.726,4170.938,0.0
7.0257,5.0,15.128304479999315,2.726,4170.938,0.0
7.0307,5.0,15.153634239999292,2.726,4170.938,0.0
7.0358,5.0,15.178961120000167,2.726,4170.938,0.0
7.0409,5.0,15.204282879999482,3.323,4185.615,0.0
7.0493,5.0,15.246362399999498,3.323,4185.615,0.0
7.0543,5.0,15.271715519999134,3.323,4185.615,0.0
7.0594,5.0,15.297040159999824,3.323,4185.615,0.0
7.0645,5.0,15.322367359999589,4.031,4199.238,0.0
7.0703,5.0,15.351392960000112,4.031,4199.238,0.0
7.0753,5.0,15.37672463999911,4.031,4199.238,0.0
7.0806,5.0,15.403053439999894,4.031,4199.238,0.0
7.0857,5.0,15.428385440000056,4.296,4213.389,0.0
7.0923,5.0,15.46136879999949,4.296,4213.389,0.0
7.0973,5.0,15.486695519999785,4.296,4213.389,0.0
7.1024,5.0,15.512016159999575,4.296,4213.389,0.0
7.1089,5.0,15.544547839999723,4.53,4228.506,0.0
7.1163,5.0,15.581385599999749,4.53,4228.506,0.0
7.1213,5.0,15.60672095999962,4.53,4228.506,0.0
7.1264,5.0,15.632048479999412,4.53,4228.506,0.0
7.1315,5.0,15.65737151999997,3.841,4237.471,0.0
7.1373,5.0,15.686383039999328,3.841,4237.471,0.0
7.1423,5.0,15.711716160000151,3.841,4237.471,0.0
7.1476,5.0,15.73804351999911,3.841,4237.471,0.0
7.1527,5.0,15.763369279999324,3.536,4247.578,0.0
7.1593,5.0,15.796390240000164,3.536,4247.578,0.0
7.1643,5.0,15.821721119999665,3.536,4247.578,0.0
7.1694,5.0,15.847040799999377,3.0,4253.818,0.0
7.1793,5.0,15.896371679999675,3.0,4253.818,0.0
7.1843,5.0,15.921704639999916,3.0,4253.818,0.0
7.1894,5.0,15.947027679999337,3.0,4253.818,0.0
7.1945,5.0,15.972346879999577,2.478,4261.289,0.0
7.2043,5.0,16.021378079999522,2.478,4261.289,0.0
7.2133,5.0,16.066313759999957,2.478,4261.289,0.0
7.2183,5.0,16.091647839999723,2.773,4271.924,0.0
7.2263,5.0,16.131386559999328,2.773,4271.924,0.0
7.2313,5.0,16.156707999999753,2.773,4271.924,0.0
7.2364,5.0,16.182037119999677,2.773,4271.924,0.0
7.2415,5.0,16.20735679999939,3.216,4283.789,0.0
7.2503,5.0,16.251346239999975,3.216,4283.789,0.0
7.2553,5.0,16.276674079999793,3.216,4283.789,0.0
7.2604,5.0,16.301999679999426,3.216,4283.789,0.0
7.2655,5.0,16.327316480000036,3.141,4292.051,0.0
7.2713,5.0,16.35635136000019,3.141,4292.051,0.0
7.2763,5.0,16.38167775999932,3.141,4292.051,0.0
7.2816,5.0,16.40808207999953,3.141,4292.051,0.0
7.2867,5.0,16.433400959999744,3.165,4303.037,0.0
7.2933,5.0,16.46635311999944,3.165,4303.037,0.0
7.2983,5.0,16.491678879999654,3.165,4303.037,0.0
7.3034,5.0,16.516996799999788,2.988,4309.717,0.0
7.3133,5.0,16.566342879999638,2.988,4309.717,0.0
7.3183,5.0,16.591673599999694,2.988,4309.717,0.0
7.3234,5.0,16.616992479999908,2.988,4309.717,0.0
7.3285,5.0,16.64230975999999,2.091,4314.287,0.0
7.3383,5.0,16.691347199999882,2.091,4314.287,0.0
7.3433,5.0,16.716669279999223,2.091,4314.287,0.0
7.3486,5.0,16.742980799999714,2.091,4314.287,0.0
7.3537,5.0,16.7683139199994,2.018,4320.791,0.0
7.3603,5.0,16.8013190399995,2.018,4320.791,0.0
7.3653,5.0,16.82664960000011,2.018,4320.791,0.0
7.3704,5.0,16.851968799999213,2.018,4320.791,0.0
7.3755,5.0,16.877285599999823,2.651,4332.393,0.0
7.3843,5.0,16.921337759999915,2.651,4332.393,0.0
7.3893,5.0,16.94666256000005,2.651,4332.393,0.0
7.3944,5.0,16.971984319999365,2.651,4332.393,0.0
7.3995,5.0,16.997303999999076,2.733,4339.775,0.0
7.4053,5.0,17.026348159999998,2.733,4339.775,0.0
7.4118,5.0,17.058763200000158,2.733,4339.775,0.0
7.4170,5.0,17.085111519999145,2.733,4339.775,0.0
7.4221,5.0,17.110499519999394,2.165,4344.521,0.0
7.4276,5.0,17.137874239999746,2.165,4344.521,0.0
7.4326,5.0,17.163233279999304,2.165,4344.521,0.0
7.4377,5.0,17.188565760000074,2.56,4354.102,0.0
7.4473,5.0,17.2363471999995,2.56,4354.102,0.0
7.4523,5.0,17.261676480000006,2.56,4354.102,0.0
7.4574,5.0,17.286997439999823,2.56,4354.102,0.0
7.4625,5.0,17.31231008000009,3.743,4370.889,0.0
7.4723,5.0,17.36132927999961,3.743,4370.889,0.0
7.4773,5.0,17.38666127999977,3.743,4370.889,0.0
7.4826,5.0,17.41299951999963,3.743,4370.889,0.0
7.4877,5.0,17.438324159999183,3.937,4383.457,0.0
7.4943,5.0,17.471358880000025,3.937,4383.457,0.0
7.4993,5.0,17.496684479999658,3.937,4383.457,0.0
7.5044,5.0,17.522003039999845,3.937,4383.457,0.0
7.5109,5.0,17.554584800000157,4.46,4400.596,0.0
7.5183,5.0,17.59148671999924,4.46,4400.596,0.0
7.5234,5.0,17.61689535999949,4.46,4400.596,0.0
7.5284,5.0,17.642223039999863,4.46,4400.596,0.0
7.5335,5.0,17.66755711999963,4.085,4410.439,0.0
7.5393,5.0,17.6963153600002,4.085,4410.439,0.0
7.5443,5.0,17.721643999999515,4.085,4410.439,0.0
7.5496,5.0,17.748050719999355,4.085,4410.439,0.0
7.5547,5.0,17.773379199999226,3.996,4422.832,0.0
7.5613,5.0,17.806340799999134,3.996,4422.832,0.0
7.5663,5.0,17.831668960000115,3.996,4422.832,0.0
7.5714,5.0,17.85698815999922,3.205,4428.105,0.0
7.5813,5.0,17.90632655999957,3.205,4428.105,0.0
7.5863,5.0,17.93164911999952,3.205,4428.105,0.0
7.5914,5.0,17.956971520000025,3.205,4428.105,0.0
7.5965,5.0,17.9822944,2.618,4436.631,0.0
7.6063,5.0,18.031361119999474,2.618,4436.631,0.0
7.6153,5.0,18.076323359999833,2.618,4436.631,0.0
7.6203,5.0,18.10165103999907,3.367,4450.078,0.0
7.6283,5.0,18.141337280000016,3.367,4450.078,0.0
7.6333,5.0,18.16666527999928,3.367,4450.078,0.0
7.6384,5.0,18.191986239999096,3.367,4450.078,0.0
7.6435,5.0,18.217299519999415,3.579,4461.592,0.0
7.6523,5.0,18.261350559999983,3.579,4461.592,0.0
7.6573,5.0,18.286685439999246,3.579,4461.592,0.0
7.6624,5.0,18.312006080000174,3.579,4461.592,0.0
7.6675,5.0,18.337323359999118,3.224,4470.117,0.0
7.6733,5.0,18.36629872000003,3.224,4470.117,0.0
7.6783,5.0,18.391626399999268,3.224,4470.117,0.0
7.6836,5.0,18.41794431999915,3.224,4470.117,0.0
7.6887,5.0,18.44326975999934,3.224,4479.873,0.0
7.6953,5.0,18.476354879999235,3.224,4479.873,0.0
7.7003,5.0,18.50167823999982,3.224,4479.873,0.0
7.7068,5.0,18.534115039999506,3.224,4479.873,0.0
7.7119,5.0,18.559446399999615,2.526,4485.762,0.0
7.7193,5.0,18.596360639999148,2.526,4485.762,0.0
7.7243,5.0,18.621694079999997,2.526,4485.762,0.0
7.7294,5.0,18.647047839999686,2.526,4485.762,0.0
7.7345,5.0,18.672372319999795,1.873,4489.541,0.0
7.7403,5.0,18.701365439999336,1.873,4489.541,0.0
7.7453,5.0,18.726692479999656,1.873,4489.541,0.0
7.7506,5.0,18.753013279999777,1.873,4489.541,0.0
7.7557,5.0,18.77834415999928,1.647,4493.936,0.0
7.7623,5.0,18.811355519999324,1.647,4493.936,0.0
7.7673,5.0,18.836674399999538,1.647,4493.936,0.0
7.7724,5.0,18.86199999999917,1.647,4493.936,0.0
7.7775,5.0,18.887320479999516,1.647,4499.473,0.0
7.7863,5.0,18.931366559999105,1.647,4499.473,0.0
7.7913,5.0,18.956716479999614,1.647,4499.473,0.0
7.7964,5.0,18.98204367999938,1.647,4499.473,0.0
7.8015,5.0,19.007367519999434,1.753,4505.537,0.0
7.8083,5.0,19.041703199999347,1.753,4505.537,0.0
7.8134,5.0,19.06703519999951,1.753,4505.537,0.0
7.8187,5.0,19.093366879999394,1.753,4505.537,0.0
7.8237,5.0,19.118690239999978,1.531,4508.701,0.0
7.8293,5.0,19.14635199999907,1.531,4508.701,0.0
7.8343,5.0,19.17168704000005,1.531,4508.701,0.0
7.8394,5.0,19.197009920000028,1.531,4508.701,0.0
7.8445,5.0,19.222332319999396,1.346,4512.393,0.0
7.8533,5.0,19.266301279999425,1.346,4512.393,0.0
7.8583,5.0,19.2916310399994,1.346,4512.393,0.0
7.8634,5.0,19.316979199999196,1.138,4515.996,0.0
7.8733,5.0,19.36630351999952,1.138,4515.996,0.0
7.8783,5.0,19.39163391999955,1.138,4515.996,0.0
7.8836,5.0,19.41795551999917,1.138,4515.996,0.0
7.8887,5.0,19.443282080000017,1.888,4524.785,0.0
7.8953,5.0,19.47635615999957,1.888,4524.785,0.0
7.9003,5.0,19.50168127999973,1.888,4524.785,0.0
7.9068,5.0,19.534093599999096,1.888,4524.785,0.0
7.9119,5.0,19.559419999999363,3.012,4539.023,0.0
7.9193,5.0,19.596300639999527,3.012,4539.023,0.0
7.9243,5.0,19.621627519999265,3.012,4539.023,0.0
7.9294,5.0,19.646948160000193,3.012,4539.023,0.0
7.9345,5.0,19.672266719999243,3.8,4554.668,0.0
7.9443,5.0,19.72128880000014,3.8,4554.668,0.0
7.9503,5.0,19.751594079999677,3.8,4554.668,0.0
7.9554,5.0,19.776925279999205,4.014,4567.236,0.0
7.9653,5.0,19.826297920000115,4.014,4567.236,0.0
7.9703,5.0,19.851622080000197,4.014,4567.236,0.0
7.9754,5.0,19.87694079999983,4.124,4578.398,0.0
7.9853,5.0,19.926339359999474,4.124,4578.398,0.0
7.9903,5.0,19.951665919999186,4.124,4578.398,0.0
7.9954,5.0,19.976984479999373,4.124,4578.398,0.0
0.0000,5.0,20.0,3.947,4591.934,0.0
0.0099,5.0,20.0,3.947,4591.934,0.0
0.0149,5.0,20.0,3.947,4591.934,0.0
0.0202,5.0,20.0,3.947,4591.934,0.0
0.0253,5.0,20.0,3.427,4600.107,0.0
0.0318,5.0,20.0,3.427,4600.107,0.0
0.0368,5.0,20.0,3.427,4600.107,0.0
0.0419,5.0,20.0,3.427,4600.107,0.0
0.0470,5.0,20.0,2.752,4607.578,0.0
0.0558,5.0,20.0,2.752,4607.578,0.0
0.0608,5.0,20.0,2.752,4607.578,0.0
0.0659,5.0,20.0,2.752,4607.578,0.0
0.0710,5.0,20.0,3.21,4620.322,0.0
0.0798,5.0,20.0,3.21,4620.322,0.0
0.0850,5.0,20.0,3.21,4620.322,0.0
0.0901,5.0,20.0,3.21,4620.322,0.0
0.0952,5.0,20.0,3.304,4629.551,0.0
0.1008,5.0,20.0,3.304,4629.551,0.0
0.1073,5.0,20.0,3.304,4629.551,0.0
0.1123,5.0,20.0,3.304,4629.551,0.0
0.1174,5.0,20.0,2.84,4637.549,0.0
0.1248,5.0,20.0,2.84,4637.549,0.0
0.1299,5.0,20.0,2.84,4637.549,0.0
0.1349,5.0,20.0,2.84,4637.549,0.0
0.1400,5.0,20.0,2.926,4647.129,0.0
0.1478,5.0,20.0,2.926,4647.129,0.0
0.1530,5.0,20.0,2.926,4647.129,0.0
0.1581,5.0,20.0,2.926,4647.129,0.0
0.1632,5.0,20.0,2.836,4655.039,0.0
0.1688,5.0,20.0,2.836,4655.039,0.0
0.1739,5.0,20.0,2.836,4655.039,0.0
0.1789,5.0,20.0,2.836,4655.039,0.0
0.1840,5.0,20.0,2.133,4659.609,0.0
0.1928,5.0,20.0,2.133,4659.609,0.0
0.1978,5.0,20.0,2.133,4659.609,0.0
0.2029,5.0,20.0,2.133,4659.609,0.0
0.2094,5.0,20.0,2.211,4667.783,0.0
0.2149,5.0,20.0,2.211,4667.783,0.0
0.2201,5.0,20.0,2.211,4667.783,0.0
0.2252,5.0,20.0,2.211,4667.783,0.0
0.2302,5.0,20.0,3.096,4679.912,0.0
0.2358,5.0,20.0,3.096,4679.912,0.0
0.2408,5.0,20.0,3.096,4679.912,0.0
0.2459,5.0,20.0,3.096,4679.912,0.0
0.2510,5.0,20.0,3.264,4690.635,0.0
0.2598,5.0,20.0,3.264,4690.635,0.0
0.2648,5.0,20.0,3.264,4690.635,0.0
0.2699,5.0,20.0,3.264,4690.635,0.0
0.2750,5.0,20.0,3.453,4703.115,0.0
0.2828,5.0,20.0,3.453,4703.115,0.0
0.2880,5.0,20.0,3.453,4703.115,0.0
0.2931,5.0,20.0,3.453,4703.115,0.0
0.2982,5.0,20.0,4.13,4717.793,0.0
0.3038,5.0,20.0,4.13,4717.793,0.0
0.3103,5.0,20.0,4.13,4717.793,0.0
0.3153,5.0,20.0,4.13,4717.793,0.0
0.3204,5.0,20.0,3.46,4726.318,0.0
0.3278,5.0,20.0,3.46,4726.318,0.0
0.3328,5.0,20.0,3.46,4726.318,0.0
0.3379,5.0,20.0,3.46,4726.318,0.0
0.3430,5.0,20.0,2.962,4733.525,0.0
0.3498,5.0,20.0,2.962,4733.525,0.0
0.3550,5.0,20.0,2.962,4733.525,0.0
0.3601,5.0,20.0,2.962,4733.525,0.0
0.3652,5.0,20.0,2.195,4738.096,0.0
0.3708,5.0,20.0,2.195,4738.096,0.0
0.3761,5.0,20.0,2.195,4738.096,0.0
0.3812,5.0,20.0,2.877,4749.697,0.0
0.3909,5.0,20.0,2.877,4749.697,0.0
0.3959,5.0,20.0,2.877,4749.697,0.0
0.4010,5.0,20.0,2.999,4758.75,0.0
0.4118,5.0,20.0,2.999,4758.75,0.0
0.4169,5.0,20.0,2.999,4758.75,0.0
0.4222,5.0,20.0,2.999,4758.75,0.0
0.4272,5.0,20.0,3.571,4771.67,0.0
0.4338,5.0,20.0,3.571,4771.67,0.0
0.4389,5.0,20.0,3.571,4771.67,0.0
0.4439,5.0,20.0,3.571,4771.67,0.0
0.4490,5.0,20.0,2.376,4774.395,0.0
0.4578,5.0,20.0,2.376,4774.395,0.0
0.4628,5.0,20.0,2.376,4774.395,0.0
0.4679,5.0,20.0,2.376,4774.395,0.0
0.4730,5.0,20.0,2.375,4783.184,0.0
0.4788,5.0,20.0,2.375,4783.184,0.0
0.4839,5.0,20.0,2.375,4783.184,0.0
0.4891,5.0,20.0,2.375,4783.184,0.0
0.4942,5.0,20.0,3.848,4799.883,0.0
0.5008,5.0,20.0,3.848,4799.883,0.0
0.5073,5.0,20.0,3.848,4799.883,0.0
0.5124,5.0,20.0,3.848,4799.883,0.0
0.5176,5.0,20.0,2.541,4801.992,0.0
0.5249,5.0,20.0,2.541,4801.992,0.0
0.5300,5.0,20.0,2.541,4801.992,0.0
0.5351,5.0,20.0,2.541,4801.992,0.0
0.5401,5.0,20.0,1.505,4803.311,0.0
0.5458,5.0,20.0,1.505,4803.311,0.0
0.5509,5.0,20.0,1.505,4803.311,0.0
0.5561,5.0,20.0,1.505,4803.311,0.0
0.5612,5.0,20.0,0.825,4804.277,0.0
0.5678,5.0,20.0,0.825,4804.277,0.0
0.5728,5.0,20.0,0.825,4804.277,0.0
0.5779,5.0,20.0,0.825,4804.277,0.0
0.5830,5.0,20.0,2.111,4818.604,0.0
0.5918,5.0,20.0,2.111,4818.604,0.0
0.5969,5.0,20.0,2.111,4818.604,0.0
0.6019,5.0,20.0,2.111,4818.604,0.0
0.6085,5.0,20.0,5.049,4843.037,0.0
0.6158,5.0,20.0,5.049,4843.037,0.0
0.6210,5.0,20.0,5.049,4843.037,0.0
0.6261,5.0,20.0,5.049,4843.037,0.0
0.6312,5.0,20.0,4.981,4855.43,0.0
0.6368,5.0,20.0,4.981,4855.43,0.0
0.6418,5.0,20.0,4.981,4855.43,0.0
0.6469,5.0,20.0,4.981,4855.43,0.0
0.6520,5.0,20.0,3.829,4864.307,0.0
0.6608,5.0,20.0,3.829,4864.307,0.0
0.6658,5.0,20.0,3.829,4864.307,0.0
0.6709,5.0,20.0,3.829,4864.307,0.0
0.6760,5.0,20.0,4.354,4881.357,0.0
0.6838,5.0,20.0,4.354,4881.357,0.0
0.6891,5.0,20.0,4.354,4881.357,0.0
0.6941,5.0,20.0,4.354,4881.357,0.0
0.6992,5.0,20.0,4.126,4891.289,0.0
0.7049,5.0,20.0,4.126,4891.289,0.0
0.7114,5.0,20.0,4.126,4891.289,0.0
0.7165,5.0,20.0,4.126,4891.289,0.0
0.7215,5.0,20.0,4.032,4904.561,0.0
0.7288,5.0,20.0,4.032,4904.561,0.0
0.7339,5.0,20.0,4.032,4904.561,0.0
0.7389,5.0,20.0,3.676,4913.613,0.0
0.7488,5.0,20.0,3.676,4913.613,0.0
0.7541,5.0,20.0,3.676,4913.613,0.0
0.7592,5.0,20.0,3.676,4913.613,0.0
0.7643,5.0,20.0,3.127,4920.732,0.0
0.7699,5.0,20.0,3.127,4920.732,0.0
0.7749,5.0,20.0,3.127,4920.732,0.0
0.7800,5.0,20.0,3.127,4920.732,0.0
0.7851,5.0,20.0,3.035,4930.84,0.0
0.7938,5.0,20.0,3.035,4930.84,0.0
0.7989,5.0,20.0,3.035,4930.84,0.0
0.8039,5.0,20.0,2.542,4936.289,0.0
0.8148,5.0,20.0,2.542,4936.289,0.0
0.8218,5.0,20.0,2.542,4936.289,0.0
0.8269,5.0,20.0,1.872,4939.629,0.0
0.8358,5.0,20.0,1.872,4939.629,0.0
0.8409,5.0,20.0,1.872,4939.629,0.0
0.8459,5.0,20.0,1.417,4941.914,0.0
0.8558,5.0,20.0,1.417,4941.914,0.0
0.8608,5.0,20.0,1.417,4941.914,0.0
0.8659,5.0,20.0,1.417,4941.914,0.0
0.8710,5.0,20.0,1.188,4945.166,0.0
0.8788,5.0,20.0,1.188,4945.166,0.0
0.8839,5.0,20.0,1.188,4945.166,0.0
0.8892,5.0,20.0,1.188,4945.166,0.0
0.8943,5.0,20.0,1.809,4954.307,0.0
0.9008,5.0,20.0,1.809,4954.307,0.0
0.9073,5.0,20.0,1.809,4954.307,0.0
0.9123,5.0,20.0,3.031,4967.051,0.0
0.9208,5.0,20.0,3.031,4967.051,0.0
0.9259,5.0,20.0,3.031,4967.051,0.0
0.9310,5.0,20.0,3.031,4967.051,0.0
0.9360,5.0,20.0,2.627,4971.709,0.0
0.9418,5.0,20.0,2.627,4971.709,0.0
0.9468,5.0,20.0,2.627,4971.709,0.0
0.9519,5.0,20.0,2.627,4971.709,0.0
0.9572,5.0,20.0,2.291,4979.092,0.0
0.9648,5.0,20.0,2.291,4979.092,0.0
0.9698,5.0,20.0,2.291,4979.092,0.0
0.9749,5.0,20.0,3.161,4992.012,0.0
0.9848,5.0,20.0,3.161,4992.012,0.0
0.9898,5.0,20.0,3.161,4992.012,0.0
0.9949,5.0,20.0,3.161,4992.012,0.0
1.0000,5.0,20.0,3.327,5002.559,0.0
1.0088,5.0,20.0,3.327,5002.559,0.0
1.0153,5.0,20.0,3.327,5002.559,0.0
1.0229,5.0,20.0,2.889,5010.732,0.0
1.0318,5.0,20.0,2.889,5010.732,0.0
1.0369,5.0,20.0,2.889,5010.732,0.0
1.0419,5.0,20.0,2.889,5010.732,0.0
1.0470,5.0,20.0,3.3,5023.74,0.0
1.0558,5.0,20.0,3.3,5023.74,0.0
1.0608,5.0,20.0,3.3,5023.74,0.0
1.0659,5.0,20.0,3.3,5023.74,0.0
1.0710,5.0,20.0,2.731,5029.98,0.0
1.0798,5.0,20.0,2.731,5029.98,0.0
1.0848,5.0,20.0,2.731,5029.98,0.0
1.0901,5.0,20.0,2.731,5029.98,0.0
1.0952,5.0,20.0,2.177,5036.924,0.0
1.1018,5.0,20.0,2.177,5036.924,0.0
1.1083,5.0,20.0,2.177,5036.924,0.0
1.1134,5.0,20.0,2.177,5036.924,0.0
1.1184,5.0,20.0,3.632,5054.678,0.0
1.1258,5.0,20.0,3.632,5054.678,0.0
1.1309,5.0,20.0,3.632,5054.678,0.0
1.1359,5.0,20.0,3.632,5054.678,0.0
1.1410,5.0,20.0,3.745,5065.4,0.0
1.1478,5.0,20.0,3.745,5065.4,0.0
1.1528,5.0,20.0,3.745,5065.4,0.0
1.1581,5.0,20.0,3.745,5065.4,0.0
1.1632,5.0,20.0,4.169,5080.869,0.0
1.1698,5.0,20.0,4.169,5080.869,0.0
1.1749,5.0,20.0,4.169,5080.869,0.0
1.1799,5.0,20.0,4.169,5080.869,0.0
1.1850,5.0,20.0,3.858,5091.24,0.0
1.1938,5.0,20.0,3.858,5091.24,0.0
1.1989,5.0,20.0,3.858,5091.24,0.0
1.2040,5.0,20.0,2.57,5094.404,0.0
1.2148,5.0,20.0,2.57,5094.404,0.0
1.2198,5.0,20.0,2.57,5094.404,0.0
1.2251,5.0,20.0,2.57,5094.404,0.0
1.2302,5.0,20.0,2.074,5100.205,0.0
1.2368,5.0,20.0,2.074,5100.205,0.0
1.2418,5.0,20.0,2.074,5100.205,0.0
1.2469,5.0,20.0,2.29,5108.115,0.0
1.2568,5.0,20.0,2.29,5108.115,0.0
1.2619,5.0,20.0,2.29,5108.115,0.0
1.2669,5.0,20.0,2.29,5108.115,0.0
1.2720,5.0,20.0,2.456,5116.465,0.0
1.2818,5.0,20.0,2.456,5116.465,0.0
1.2868,5.0,20.0,2.456,5116.465,0.0
1.2921,5.0,20.0,2.456,5116.465,0.0
1.2972,5.0,20.0,1.889,5120.508,0.0
1.3038,5.0,20.0,1.889,5120.508,0.0
1.3103,5.0,20.0,1.889,5120.508,0.0
1.3154,5.0,20.0,1.889,5120.508,0.0
1.3204,5.0,20.0,2.753,5134.307,0.0
1.3278,5.0,20.0,2.753,5134.307,0.0
1.3328,5.0,20.0,2.753,5134.307,0.0
1.3379,5.0,20.0,2.753,5134.307,0.0
1.3430,5.0,20.0,3.842,5148.369,0.0
1.3488,5.0,20.0,3.842,5148.369,0.0
1.3538,5.0,20.0,3.842,5148.369,0.0
1.3591,5.0,20.0,3.842,5148.369,0.0
1.3642,5.0,20.0,3.618,5158.652,0.0
1.3708,5.0,20.0,3.618,5158.652,0.0
1.3758,5.0,20.0,3.618,5158.652,0.0
1.3809,5.0,20.0,3.861,5170.781,0.0
1.3908,5.0,20.0,3.861,5170.781,0.0
1.3959,5.0,20.0,3.861,5170.781,0.0
1.4009,5.0,20.0,3.861,5170.781,0.0
1.4075,5.0,20.0,2.814,5176.055,0.0
1.4158,5.0,20.0,2.814,5176.055,0.0
1.4208,5.0,20.0,2.814,5176.055,0.0
1.4261,5.0,20.0,2.814,5176.055,0.0
1.4312,5.0,20.0,2.073,5181.328,0.0
1.4378,5.0,20.0,2.073,5181.328,0.0
1.4428,5.0,20.0,2.073,5181.328,0.0
1.4479,5.0,20.0,2.073,5181.328,0.0
1.4530,5.0,20.0,2.592,5192.666,0.0
1.4618,5.0,20.0,2.592,5192.666,0.0
1.4668,5.0,20.0,2.592,5192.666,0.0
1.4719,5.0,20.0,2.592,5192.666,0.0
1.4770,5.0,20.0,3.0,5202.422,0.0
1.4828,5.0,20.0,3.0,5202.422,0.0
1.4879,5.0,20.0,3.0,5202.422,0.0
1.4932,5.0,20.0,3.0,5202.422,0.0
1.4983,5.0,20.0,2.815,5210.244,0.0
0.0000,5.0,19.999998399999868,2.815,5210.244,0.0
0.0065,5.0,19.967333119999466,2.815,5210.244,0.0
0.0116,5.0,19.94180032000031,3.323,5222.373,0.0
0.0200,5.0,19.900105120000262,3.323,5222.373,0.0
0.0251,5.0,19.874724479999486,3.323,5222.373,0.0
0.0301,5.0,19.849386399999958,3.323,5222.373,0.0
0.0352,5.0,19.82400335999955,3.682,5235.908,0.0
0.0450,5.0,19.775186240000266,3.682,5235.908,0.0
0.0500,5.0,19.749855200000184,3.682,5235.908,0.0
0.0553,5.0,19.723513599999478,3.682,5235.908,0.0
0.0604,5.0,19.698188319999872,3.99,5249.531,0.0
0.0670,5.0,19.6652049599993,3.99,5249.531,0.0
0.0720,5.0,19.63984959999948,3.99,5249.531,0.0
0.0771,5.0,19.61448207999979,3.99,5249.531,0.0
0.0822,5.0,19.58915855999976,3.984,5262.188,0.0
0.0910,5.0,19.545222560000184,3.984,5262.188,0.0
0.0960,5.0,19.519859519999727,3.984,5262.188,0.0
0.1011,5.0,19.494431199999553,3.485,5270.889,0.0
0.1120,5.0,19.44020096000031,3.485,5270.889,0.0
0.1170,5.0,19.41483663999975,3.485,5270.889,0.0
0.1223,5.0,19.38843583999983,3.485,5270.889,0.0
0.1274,5.0,19.363099839999904,3.485,5282.402,0.0
0.1340,5.0,19.330212959999926,3.485,5282.402,0.0
0.1390,5.0,19.304825440000286,3.485,5282.402,0.0
0.1441,5.0,19.279500960000178,3.485,5282.402,0.0
0.1492,5.0,19.25418143999991,2.884,5289.346,0.0
0.1580,5.0,19.21020752000004,2.884,5289.346,0.0
0.1630,5.0,19.184849920000033,2.884,5289.346,0.0
0.1681,5.0,19.159515679999686,2.884,5289.346,0.0
0.1732,5.0,19.134193439999763,2.4,5296.816,0.0
0.1830,5.0,19.08522191999964,2.4,5296.816,0.0
0.1882,5.0,19.058891039999253,2.4,5296.816,0.0
0.1933,5.0,19.03356735999978,2.4,5296.816,0.0
0.1984,5.0,19.008248640000147,2.873,5308.154,0.0
0.2040,5.0,18.979896959999678,2.873,5308.154,0.0
0.2106,5.0,18.947124479999502,2.873,5308.154,0.0
0.2157,5.0,18.92174367999928,2.873,5308.154,0.0
0.2207,5.0,18.896300799999608,3.541,5321.777,0.0
0.2280,5.0,18.860208319999856,3.541,5321.777,0.0
0.2330,5.0,18.8348521599994,3.541,5321.777,0.0
0.2381,5.0,18.80951743999958,3.541,5321.777,0.0
0.2432,5.0,18.78419775999987,3.968,5336.191,0.0
0.2510,5.0,18.745219840000118,3.968,5336.191,0.0
0.2562,5.0,18.718797440000117,3.968,5336.191,0.0
0.2613,5.0,18.69345247999945,3.968,5336.191,0.0
0.2664,5.0,18.668133599999237,4.145,5348.32,0.0
0.2720,5.0,18.64022095999985,4.145,5348.32,0.0
0.2770,5.0,18.614849119999235,4.145,5348.32,0.0
0.2821,5.0,18.589516959999628,4.145,5348.32,0.0
0.2872,5.0,18.56415871999957,3.842,5359.922,0.0
0.2960,5.0,18.52020656000036,3.842,5359.922,0.0
0.3010,5.0,18.494820639999716,3.842,5359.922,0.0
0.3076,5.0,18.46215167999958,3.842,5359.922,0.0
0.3126,5.0,18.436758240000017,3.842,5372.842,0.0
0.3190,5.0,18.40518223999993,3.842,5372.842,0.0
0.3243,5.0,18.37859183999967,3.842,5372.842,0.0
0.3294,5.0,18.353249919999826,3.842,5372.842,0.0
0.3344,5.0,18.32792703999985,2.957,5376.973,0.0
0.3400,5.0,18.300223039999537,2.957,5376.973,0.0
0.3450,5.0,18.274873120000166,2.957,5376.973,0.0
0.3501,5.0,18.249525439999843,2.215,5381.543,0.0
0.3600,5.0,18.200227840000025,2.215,5381.543,0.0
0.3650,5.0,18.1748526399997,2.215,5381.543,0.0
0.3701,5.0,18.14941920000024,2.215,5381.543,0.0
0.3752,5.0,18.124073120000048,3.098,5395.078,0.0
0.3810,5.0,18.095210879999968,3.098,5395.078,0.0
0.3860,5.0,18.069882239999515,3.098,5395.078,0.0
0.3913,5.0,18.04351391999944,3.098,5395.078,0.0
0.3964,5.0,18.018151999999645,4.34,5411.953,0.0
0.4030,5.0,17.985234719999426,4.34,5411.953,0.0
0.4095,5.0,17.952671519999512,4.34,5411.953,0.0
0.4145,5.0,17.92734543999927,4.34,5411.953,0.0
0.4196,5.0,17.901993279999715,5.193,5432.08,0.0
0.4270,5.0,17.86521040000025,5.193,5432.08,0.0
0.4320,5.0,17.839864640000087,5.193,5432.08,0.0
0.4371,5.0,17.814529759999687,5.193,5432.08,0.0
0.4422,5.0,17.78917503999992,4.681,5442.627,0.0
0.4480,5.0,17.760218879999456,4.681,5442.627,0.0
0.4530,5.0,17.73487791999969,4.681,5442.627,0.0
0.4583,5.0,17.70853087999967,4.681,5442.627,0.0
0.4634,5.0,17.683203679999906,3.499,5449.834,0.0
0.4700,5.0,17.65020800000002,3.499,5449.834,0.0
0.4750,5.0,17.624811360000194,3.499,5449.834,0.0
0.4801,5.0,17.59941567999931,3.499,5449.834,0.0
0.4852,5.0,17.573943679999502,3.022,5459.063,0.0
0.4940,5.0,17.530220159999317,3.022,5459.063,0.0
0.4990,5.0,17.504849279999917,3.022,5459.063,0.0
0.5041,5.0,17.479522720000205,2.278,5462.578,0.0
0.5150,5.0,17.42499759999987,2.278,5462.578,0.0
0.5201,5.0,17.399521920000325,2.278,5462.578,0.0
0.5254,5.0,17.372914879999826,2.278,5462.578,0.0
0.5305,5.0,17.34754080000016,1.362,5464.336,0.0
0.5370,5.0,17.31520815999943,1.362,5464.336,0.0
0.5420,5.0,17.28987296000014,1.362,5464.336,0.0
0.5471,5.0,17.26454303999958,1.362,5464.336,0.0
0.5522,5.0,17.239221119999684,1.49,5471.191,0.0
0.5610,5.0,17.195219200000338,1.49,5471.191,0.0
0.5660,5.0,17.16985071999943,1.49,5471.191,0.0
0.5711,5.0,17.14452319999964,1.49,5471.191,0.0
0.5762,5.0,17.119182719999344,3.793,5491.67,0.0
0.5860,5.0,17.070213759999433,3.793,5491.67,0.0
0.5912,5.0,17.044031039999936,3.793,5491.67,0.0
0.5963,5.0,17.018703039999536,3.793,5491.67,0.0
0.6013,5.0,16.9933361599999,3.462,5497.646,0.0
0.6083,5.0,16.958683679999922,3.462,5497.646,0.0
0.6133,5.0,16.933316319999676,3.462,5497.646,0.0
0.6184,5.0,16.907894879999503,2.906,5504.678,0.0
0.6270,5.0,16.865211519999548,2.906,5504.678,0.0
0.6320,5.0,16.83987600000023,2.906,5504.678,0.0
0.6371,5.0,16.814551999999594,2.906,5504.678,0.0
0.6422,5.0,16.78918911999972,2.906,5514.258,0.0
0.6490,5.0,16.75521519999961,2.906,5514.258,0.0
0.6540,5.0,16.729882559999396,2.906,5514.258,0.0
0.6593,5.0,16.703528159999905,2.906,5514.258,0.0
0.6644,5.0,16.678199360000008,2.994,5523.047,0.0
0.6710,5.0,16.645234399999254,2.994,5523.047,0.0
0.6760,5.0,16.61990719999949,2.994,5523.047,0.0
0.6811,5.0,16.594582559999935,2.039,5524.893,0.0
0.6910,5.0,16.545223360000136,2.039,5524.893,0.0
0.6960,5.0,16.51990031999958,2.039,5524.893,0.0
0.7011,5.0,16.494579999999814,2.039,5524.893,0.0
0.7076,5.0,16.46199423999974,1.539,5530.166,0.0
0.7160,5.0,16.420210400000315,1.539,5530.166,0.0
0.7210,5.0,16.39486304000002,1.539,5530.166,0.0
0.7263,5.0,16.36850912,1.539,5530.166,0.0
0.7314,5.0,16.343181920000234,2.449,5540.889,0.0
0.7380,5.0,16.3102345599998,2.449,5540.889,0.0
0.7430,5.0,16.284911359999796,2.449,5540.889,0.0
0.7481,5.0,16.259588639999265,2.449,5540.889,0.0
0.7531,5.0,16.23426927999958,2.628,5549.766,0.0
0.7620,5.0,16.19019871999967,2.628,5549.766,0.0
0.7670,5.0,16.164863200000354,2.628,5549.766,0.0
0.7721,5.0,16.13954079999985,2.628,5549.766,0.0
0.7772,5.0,16.11421727999982,1.847,5551.699,0.0
0.7830,5.0,16.08524303999957,1.847,5551.699,0.0
0.7880,5.0,16.059917759999962,1.847,5551.699,0.0
0.7933,5.0,16.033563839999943,1.847,5551.699,0.0
0.7984,5.0,16.008242880000125,1.813,5558.818,0.0
0.8050,5.0,15.975223199999391,1.813,5558.818,0.0
0.8115,5.0,15.94260239999926,1.813,5558.818,0.0
0.8165,5.0,15.917264639999757,3.082,5572.705,0.0
0.8250,5.0,15.875207839999348,3.082,5572.705,0.0
0.8300,5.0,15.84987663999982,3.082,5572.705,0.0
0.8351,5.0,15.824552799999765,3.082,5572.705,0.0
0.8402,5.0,15.799238079999895,3.949,5588.613,0.0
0.8500,5.0,15.75022448000027,3.949,5588.613,0.0
0.8550,5.0,15.724869759999365,3.949,5588.613,0.0
0.8603,5.0,15.698355519999723,3.949,5588.613,0.0
0.8654,5.0,15.673015359999454,4.135,5601.973,0.0
0.8720,5.0,15.640227039999672,4.135,5601.973,0.0
0.8770,5.0,15.61489951999988,4.135,5601.973,0.0
0.8821,5.0,15.58957439999972,4.135,5601.973,0.0
0.8871,5.0,15.5642542399994,4.263,5616.826,0.0
0.8960,5.0,15.520177600000125,4.263,5616.826,0.0
0.9010,5.0,15.494799199999534,4.263,5616.826,0.0
0.9076,5.0,15.462191199999324,4.263,5616.826,0.0
0.9126,5.0,15.436864160000141,4.164,5629.131,0.0
0.9181,5.0,15.409469279999257,4.164,5629.131,0.0
0.9232,5.0,15.38412256000015,4.164,5629.131,0.0
0.9285,5.0,15.357700959999647,4.164,5629.131,0.0
0.9335,5.0,15.332363520000172,3.818,5639.59,0.0
0.9400,5.0,15.30022047999978,3.818,5639.59,0.0
0.9450,5.0,15.274859359999482,3.818,5639.59,0.0
0.9501,5.0,15.24951920000035,3.818,5639.59,0.0
0.9552,5.0,15.224199199999475,3.441,5650.313,0.0
0.9640,5.0,15.180225279999604,3.441,5650.313,0.0
0.9690,5.0,15.154896000000235,3.441,5650.313,0.0
0.9741,5.0,15.129578559999572,3.441,5650.313,0.0
0.9791,5.0,15.104252639999913,3.597,5661.65,0.0
0.9850,5.0,15.07521775999976,3.597,5661.65,0.0
0.9900,5.0,15.049847039999804,3.597,5661.65,0.0
0.9953,5.0,15.023458880000362,3.597,5661.65,0.0
1.0004,5.0,14.998111999999537,2.672,5665.605,0.0
1.0073,5.0,14.963424960000111,2.672,5665.605,0.0
1.0124,5.0,14.937855839999656,2.672,5665.605,0.0
1.0175,5.0,14.912250239999594,2.672,5665.605,0.0
1.0226,5.0,14.886751999999888,1.956,5670.439,0.0
1.0310,5.0,14.845180479999271,1.956,5670.439,0.0
1.0360,5.0,14.819812959999581,1.956,5670.439,0.0
1.0411,5.0,14.794456480000235,1.956,5670.439,0.0
1.0462,5.0,14.76912623999965,1.956,5676.24,0.0
1.0520,5.0,14.739795680000043,1.956,5676.24,0.0
1.0571,5.0,14.714453919999642,1.956,5676.24,0.0
1.0624,5.0,14.68809952000015,1.956,5676.24,0.0
1.0674,5.0,14.662776479999593,1.565,5680.371,0.0
1.0750,5.0,14.625222079999958,1.565,5680.371,0.0
1.0800,5.0,14.599883519999821,1.565,5680.371,0.0
1.0851,5.0,14.574525279999762,1.565,5680.371,0.0
1.0902,5.0,14.549194879999732,1.904,5688.545,0.0
1.0980,5.0,14.509806400000116,1.904,5688.545,0.0
1.1031,5.0,14.484472000000324,1.904,5688.545,0.0
1.1096,5.0,14.451891840000144,1.904,5688.545,0.0
1.1147,5.0,14.426559839999982,1.315,5689.336,0.0
1.1201,5.0,14.399283519999244,1.315,5689.336,0.0
1.1252,5.0,14.37389392,1.315,5689.336,0.0
1.1306,5.0,14.347081439999556,1.315,5689.336,0.0
1.1357,5.0,14.321592960000089,1.059,5692.412,0.0
1.1412,5.0,14.29403711999953,1.059,5692.412,0.0
1.1463,5.0,14.268689759999234,1.059,5692.412,0.0
1.1513,5.0,14.24335823999968,1.059,5692.412,0.0
1.1564,5.0,14.21804112000018,0.961,5694.521,0.0
1.1620,5.0,14.190207679999958,0.961,5694.521,0.0
1.1670,5.0,14.164875200000324,0.961,5694.521,0.0
1.1721,5.0,14.139556000000084,0.961,5694.521,0.0
1.1772,5.0,14.114229599999817,1.019,5698.828,0.0
1.1860,5.0,14.070060320000266,1.019,5698.828,0.0
1.1911,5.0,14.044734560000052,1.019,5698.828,0.0
1.1963,5.0,14.018277119999993,1.019,5698.828,0.0
1.2014,5.0,13.992948799999567,3.594,5720.537,0.0
1.2084,5.0,13.958087519999935,3.594,5720.537,0.0
1.2134,5.0,13.932759040000064,3.594,5720.537,0.0
1.2185,5.0,13.907439519999798,3.594,5720.537,0.0
1.2236,5.0,13.882078240000055,3.004,5725.986,0.0
1.2310,5.0,13.844812159999265,3.004,5725.986,0.0
1.2361,5.0,13.819465279999577,3.004,5725.986,0.0
1.2412,5.0,13.794138079999811,3.004,5725.986,0.0
1.2462,5.0,13.768805920000204,3.401,5738.994,0.0
1.2530,5.0,13.734759520000352,3.401,5738.994,0.0
1.2581,5.0,13.709431679999398,3.401,5738.994,0.0
1.2634,5.0,13.683090879999327,3.401,5738.994,0.0
1.2684,5.0,13.657760959999905,3.743,5749.805,0.0
1.2750,5.0,13.624794720000182,3.743,5749.805,0.0
1.2801,5.0,13.599471359999598,3.743,5749.805,0.0
1.2852,5.0,13.574151679999886,3.743,5749.805,0.0
1.2902,5.0,13.54882095999983,3.724,5764.482,0.0
1.3000,5.0,13.500238240000044,3.724,5764.482,0.0
1.3050,5.0,13.474908639999512,3.724,5764.482,0.0
1.3115,5.0,13.442370079999364,4.805,5781.797,0.0
1.3200,5.0,13.399790239999447,4.805,5781.797,0.0
1.3251,5.0,13.374448959999654,4.805,5781.797,0.0
1.3304,5.0,13.34807920000003,4.805,5781.797,0.0
1.3355,5.0,13.322747679999338,3.61,5786.631,0.0
1.3429,5.0,13.285253440000133,3.61,5786.631,0.0
1.3480,5.0,13.259902879999572,3.61,5786.631,0.0
1.3531,5.0,13.234514879999324,3.61,5786.631,0.0
1.3582,5.0,13.209149759999264,3.127,5796.563,0.0
1.3660,5.0,13.169797759999256,3.127,5796.563,0.0
1.3711,5.0,13.144462879999992,3.127,5796.563,0.0
1.3762,5.0,13.11913775999983,3.127,5796.563,0.0
1.3812,5.0,13.093811200000118,2.279,5800.254,0.0
1.3880,5.0,13.05980016000035,2.279,5800.254,0.0
1.3931,5.0,13.034467359999553,2.279,5800.254,0.0
1.3984,5.0,13.00811279999948,2.279,5800.254,0.0
1.4034,5.0,12.982780479999292,2.052,5807.373,0.0
1.4104,5.0,12.948082079999494,2.052,5807.373,0.0
1.4155,5.0,12.92274943999928,2.052,5807.373,0.0
1.4205,5.0,12.897415359999513,2.052,5807.373,0.0
1.4256,5.0,12.872064639999508,1.588,5810.273,0.0
1.4340,5.0,12.829795679999734,1.588,5810.273,0.0
1.4391,5.0,12.804465279999704,1.588,5810.273,0.0
1.4442,5.0,12.779143519999252,1.588,5810.273,0.0
1.4492,5.0,12.753814239999883,2.265,5820.82,0.0
1.4550,5.0,12.724834560000318,2.265,5820.82,0.0
1.4601,5.0,12.699308479999445,2.265,5820.82,0.0
1.4654,5.0,12.672894720000158,2.265,5820.82,0.0
1.4705,5.0,12.647523680000177,3.19,5833.125,0.0
1.4770,5.0,12.614796799999795,3.19,5833.125,0.0
1.4821,5.0,12.589468319999924,3.19,5833.125,0.0
1.4872,5.0,12.564143199999762,3.19,5833.125,0.0
1.4922,5.0,12.538829119999946,3.531,5843.672,0.0
1.4977,5.0,12.511575199999925,3.531,5843.672,0.0
1.5028,5.0,12.486218399999416,3.531,5843.672,0.0
1.5093,5.0,12.453290720000041,3.531,5843.672,0.0
1.5144,5.0,12.427804159999596,4.403,5862.393,0.0
1.5221,5.0,12.389605920000122,4.403,5862.393,0.0
1.5272,5.0,12.364195359999712,4.403,5862.393,0.0
1.5325,5.0,12.337543520000054,4.403,5862.393,0.0
1.5376,5.0,12.312191519999942,3.193,5865.908,0.0
1.5441,5.0,12.279459359999692,3.193,5865.908,0.0
1.5492,5.0,12.254063199999337,3.193,5865.908,0.0
1.5543,5.0,12.22871648000023,3.193,5865.908,0.0
1.5593,5.0,12.203390559999434,2.528,5873.467,0.0
1.5690,5.0,12.155000640000253,2.528,5873.467,0.0
1.5741,5.0,12.12961279999945,2.528,5873.467,0.0
1.5792,5.0,12.104162560000304,2.528,5873.467,0.0
1.5843,5.0,12.078677119999384,3.243,5886.387,0.0
1.5898,5.0,12.051231039999948,3.243,5886.387,0.0
1.5949,5.0,12.0257492799999,3.243,5886.387,0.0
1.6002,5.0,11.999213919999647,3.243,5886.387,0.0
1.6067,5.0,11.966513119999718,3.186,5894.473,0.0
1.6122,5.0,11.939195679999557,3.186,5894.473,0.0
1.6172,5.0,11.91385232000016,3.186,5894.473,0.0
1.6223,5.0,11.888528959999576,2.492,5899.043,0.0
1.6310,5.0,11.844816000000264,2.492,5899.043,0.0
1.6361,5.0,11.819458239999676,2.492,5899.043,0.0
1.6412,5.0,11.794107360000226,2.492,5899.043,0.0
1.6462,5.0,11.768769599999587,2.492,5899.043,0.0
1.6513,5.0,11.743446560000166,2.504,5908.623,0.0
1.6568,5.0,11.7160623999996,2.504,5908.623,0.0
1.6619,5.0,11.690737119999994,2.504,5908.623,0.0
1.6671,5.0,11.664394399999765,2.504,5908.623,0.0
1.6722,5.0,11.639053760000024,2.814,5917.939,0.0
1.6780,5.0,11.609810559999687,2.814,5917.939,0.0
1.6831,5.0,11.584475519999842,2.814,5917.939,0.0
1.6882,5.0,11.559126079999942,2.814,5917.939,0.0
1.6932,5.0,11.533795679999912,2.442,5924.795,0.0
1.7020,5.0,11.489795999999615,2.442,5924.795,0.0
1.7086,5.0,11.457124159999239,2.442,5924.795,0.0
1.7136,5.0,11.431797440000082,2.442,5924.795,0.0
1.7187,5.0,11.406466079999973,2.72,5934.639,0.0
1.7242,5.0,11.379159040000104,2.72,5934.639,0.0
1.7292,5.0,11.353790560000334,2.72,5934.639,0.0
1.7345,5.0,11.327339839999695,2.72,5934.639,0.0
1.7396,5.0,11.302009439999665,3.574,5948.613,0.0
1.7451,5.0,11.274695040000324,3.574,5948.613,0.0
1.7501,5.0,11.249365919999263,3.574,5948.613,0.0
1.7552,5.0,11.22402895999926,3.574,5948.613,0.0
1.7603,5.0,11.198702399999547,3.701,5960.918,0.0
1.7690,5.0,11.154792319999842,3.701,5960.918,0.0
1.7741,5.0,11.129444959999546,3.701,5960.918,0.0
1.7792,5.0,11.104081439999618,3.701,5960.918,0.0
1.7843,5.0,11.078705919999265,3.701,5960.918,0.0
1.7893,5.0,11.053363359999366,3.779,5974.189,0.0
1.7948,5.0,11.026053279999815,3.779,5974.189,0.0
1.8001,5.0,10.999719999999797,3.779,5974.189,0.0
1.8066,5.0,10.967182079999702,3.387,5982.275,0.0
1.8150,5.0,10.924807359999704,3.387,5982.275,0.0
1.8201,5.0,10.899472479999304,3.387,5982.275,0.0
1.8252,5.0,10.874122079999324,3.387,5982.275,0.0
1.8302,5.0,10.848792319999347,3.309,5993.877,0.0
1.8390,5.0,10.804842720000352,3.309,5993.877,0.0
1.8441,5.0,10.779509919999555,3.309,5993.877,0.0
1.8492,5.0,10.754184799999393,3.309,5993.877,0.0
1.8542,5.0,10.72886464000021,3.764,6006.797,0.0
1.8600,5.0,10.699825599999713,3.764,6006.797,0.0
1.8670,5.0,10.664817439999297,3.764,6006.797,0.0
1.8721,5.0,10.63945743999966,4.098,6020.42,0.0
1.8810,5.0,10.594759360000126,4.098,6020.42,0.0
1.8861,5.0,10.56943216000036,4.098,6020.42,0.0
1.8912,5.0,10.54406847999985,4.098,6020.42,0.0
1.8963,5.0,10.51863631999936,4.705,6038.262,0.0
1.9050,5.0,10.474798079999346,4.705,6038.262,0.0
1.9115,5.0,10.442287040000338,4.705,6038.262,0.0
1.9166,5.0,10.41692688000012,4.705,6038.262,0.0
1.9217,5.0,10.391587039999877,4.122,6047.227,0.0
1.9271,5.0,10.364279359999955,4.122,6047.227,0.0
1.9350,5.0,10.325182399999449,4.122,6047.227,0.0
1.9400,5.0,10.299847359999603,3.658,6057.686,0.0
1.9490,5.0,10.2550902400003,3.658,6057.686,0.0
1.9541,5.0,10.229663520000258,3.658,6057.686,0.0
1.9591,5.0,10.204306079999697,3.658,6057.686,0.0
1.9642,5.0,10.178941919999716,2.905,6064.365,0.0
1.9720,5.0,10.139826879999418,2.905,6064.365,0.0
1.9771,5.0,10.114493119999679,2.905,6064.365,0.0
1.9822,5.0,10.089168959999597,2.905,6064.365,0.0
1.9872,5.0,10.064028959999405,1.926,6068.232,0.0
1.9960,5.0,10.019841439999482,1.926,6068.232,0.0
2.0013,5.0,9.993452799999432,1.926,6068.232,0.0
2.0079,5.0,9.960613599999988,2.115,6076.23,0.0
2.0171,5.0,9.91445935999991,2.115,6076.23,0.0
2.0222,5.0,9.888859039999716,2.115,6076.23,0.0
2.0273,5.0,9.863359679999348,2.115,6076.23,0.0
2.0324,5.0,9.837794080000322,3.241,6091.436,0.0
2.0411,5.0,9.794742560000032,3.241,6091.436,0.0
2.0461,5.0,9.769388319999734,3.241,6091.436,0.0
2.0512,5.0,9.744019519999938,3.241,6091.436,0.0
2.0563,5.0,9.718657600000142,4.046,6105.85,0.0
2.0630,5.0,9.684799999999996,4.046,6105.85,0.0
2.0684,5.0,9.658220799999526,4.046,6105.85,0.0
2.0734,5.0,9.632865759999731,4.046,6105.85,0.0
2.0785,5.0,9.607517439999356,4.89,6123.779,0.0
2.0841,5.0,9.579741599999352,4.89,6123.779,0.0
2.0891,5.0,9.554330400000026,4.89,6123.779,0.0
2.0942,5.0,9.528905439999562,4.89,6123.779,0.0
2.0993,5.0,9.503517919999922,4.461,6132.744,0.0
2.1048,5.0,9.475978719999603,4.461,6132.744,0.0
2.1113,5.0,9.443358559999524,4.461,6132.744,0.0
2.1164,5.0,9.418000319999464,4.461,6132.744,0.0
2.1215,5.0,9.392658719999645,3.468,6140.566,0.0
2.1269,5.0,9.365299199999981,3.468,6140.566,0.0
2.1320,5.0,9.339959840000347,3.468,6140.566,0.0
2.1373,5.0,9.313425120000147,3.468,6140.566,0.0
2.1424,5.0,9.28807327999948,3.377,6150.85,0.0
2.1481,5.0,9.259742719999622,3.377,6150.85,0.0
2.1531,5.0,9.234389439999404,3.377,6150.85,0.0
2.1582,5.0,9.209053920000088,3.377,6150.85,0.0
2.1633,5.0,9.183723520000058,2.388,6155.156,0.0
2.1720,5.0,9.13977407999937,2.388,6155.156,0.0
2.1771,5.0,9.114347999999381,2.388,6155.156,0.0
2.1822,5.0,9.088989759999322,2.388,6155.156,0.0
2.1873,5.0,9.063653599999952,2.032,6161.133,0.0
2.1931,5.0,9.034749439999814,2.032,6161.133,0.0
2.1981,5.0,9.00940607999928,2.032,6161.133,0.0
2.2034,5.0,8.983003679999229,2.032,6161.133,0.0
2.2100,5.0,8.950194239999973,2.634,6172.119,0.0
2.2154,5.0,8.922835359999226,2.634,6172.119,0.0
2.2205,5.0,8.897417919999953,2.634,6172.119,0.0
2.2256,5.0,8.87205568000013,2.634,6172.119,0.0
2.2307,5.0,8.846711359999517,3.757,6188.467,0.0
2.2391,5.0,8.804695999999694,3.757,6188.467,0.0
2.2442,5.0,8.779159519999666,3.757,6188.467,0.0
2.2492,5.0,8.753777279999895,3.757,6188.467,0.0
2.2543,5.0,8.728426399999307,3.745,6198.311,0.0
2.2600,5.0,8.699760319999541,3.745,6198.311,0.0
2.2651,5.0,8.674411519999694,3.745,6198.311,0.0
2.2704,5.0,8.648004639999272,3.745,6198.311,0.0
2.2755,5.0,8.622659679999742,3.87,6211.934,0.0
2.2820,5.0,8.589793280000322,3.87,6211.934,0.0
2.2871,5.0,8.564443839999285,3.87,6211.934,0.0
2.2922,5.0,8.539091200000257,3.87,6211.934,0.0
2.2973,5.0,8.513740959999723,3.41,6220.811,0.0
2.3060,5.0,8.469810719999487,3.41,6220.811,0.0
2.3126,5.0,8.437194399999726,3.41,6220.811,0.0
2.3176,5.0,8.411844959999826,3.41,6220.811,0.0
2.3227,5.0,8.386510079999425,2.914,6227.754,0.0
2.3282,5.0,8.359178879999263,2.914,6227.754,0.0
2.3332,5.0,8.33382639999968,2.914,6227.754,0.0
2.3385,5.0,8.307306560000143,2.914,6227.754,0.0
2.3436,5.0,8.28196031999937,2.839,6236.455,0.0
2.3491,5.0,8.254494719999457,2.839,6236.455,0.0
2.3542,5.0,8.22914159999982,2.839,6236.455,0.0
2.3592,5.0,8.204015679999657,2.839,6236.455,0.0
2.3643,5.0,8.178681919999917,2.092,6240.674,0.0
2.3730,5.0,8.134776319999446,2.092,6240.674,0.0
2.3781,5.0,8.109409759999835,2.092,6240.674,0.0
2.3832,5.0,8.083949759999314,2.092,6240.674,0.0
2.3883,5.0,8.058567519999542,1.477,6242.871,0.0
2.3938,5.0,8.031203519999508,1.477,6242.871,0.0
2.3988,5.0,8.005862720000323,1.477,6242.871,0.0
2.4041,5.0,7.97934191999957,1.477,6242.871,0.0
2.4106,5.0,7.946807360000321,1.468,6248.408,0.0
2.4161,5.0,7.919427680000126,1.468,6248.408,0.0
2.4212,5.0,7.894072640000331,1.468,6248.408,0.0
2.4263,5.0,7.868728800000326,1.468,6248.408,0.0
2.4313,5.0,7.843381599999475,2.078,6257.988,0.0
2.4390,5.0,7.8047977599999285,2.078,6257.988,0.0
2.4441,5.0,7.779456480000135,2.078,6257.988,0.0
2.4492,5.0,7.754120160000184,2.078,6257.988,0.0
2.4542,5.0,7.728792959999282,2.078,6257.988,0.0
2.4593,5.0,7.703466079999544,2.893,6270.381,0.0
2.4648,5.0,7.676181919999863,2.893,6270.381,0.0
2.4698,5.0,7.65082064000012,2.893,6270.381,0.0
2.4751,5.0,7.6243540799998755,2.893,6270.381,0.0
2.4802,5.0,7.598990879999974,3.049,6279.697,0.0
2.4860,5.0,7.569770879999851,3.049,6279.697,0.0
2.4911,5.0,7.544429600000058,3.049,6279.697,0.0
2.4962,5.0,7.519096639999816,3.049,6279.697,0.0
2.5012,5.0,7.493768639999416,2.975,6288.574,0.0
2.5082,5.0,7.458975199999713,2.975,6288.574,0.0
2.5133,5.0,7.433443999999554,2.975,6288.574,0.0
2.5184,5.0,7.407806400000254,2.975,6288.574,0.0
2.5235,5.0,7.3822561600002246,3.189,6299.033,0.0
2.5291,5.0,7.354563200000257,3.189,6299.033,0.0
2.5342,5.0,7.329205280000224,3.189,6299.033,0.0
2.5400,5.0,7.3001147200000105,3.189,6299.033,0.0
2.5450,5.0,7.2747708800000055,2.901,6306.416,0.0
2.5510,5.0,7.244807199999741,2.901,6306.416,0.0
2.5561,5.0,7.219427840000208,2.901,6306.416,0.0
2.5612,5.0,7.194079040000361,2.901,6306.416,0.0
2.5663,5.0,7.168723999999429,2.592,6314.414,0.0
2.5750,5.0,7.124811359999512,2.592,6314.414,0.0
2.5801,5.0,7.099456480000299,2.592,6314.414,0.0
2.5852,5.0,7.074113280000347,2.592,6314.414,0.0
2.5902,5.0,7.048755360000314,2.351,6320.566,0.0
2.5971,5.0,7.014741120000281,2.351,6320.566,0.0
2.6021,5.0,6.989394559999482,2.351,6320.566,0.0
2.6089,5.0,6.955701759999329,2.351,6320.566,0.0
2.6139,5.0,6.930313120000164,1.819,6324.258,0.0
2.6194,5.0,6.902954239999417,1.819,6324.258,0.0
2.6245,5.0,6.877603359999966,1.819,6324.258,0.0
2.6295,5.0,6.852264320000359,1.819,6324.258,0.0
2.6346,5.0,6.82693679999943,1.465,6327.334,0.0
2.6401,5.0,6.799638720000303,1.465,6327.334,0.0
2.6451,5.0,6.774295359999769,1.465,6327.334,0.0
2.6502,5.0,6.748933599999418,1.465,6327.334,0.0
2.6553,5.0,6.723594239999784,1.587,6333.135,0.0
2.6608,5.0,6.696217759999854,1.587,6333.135,0.0
2.6658,5.0,6.670868639999981,1.587,6333.135,0.0
2.6709,5.0,6.645433599999251,1.587,6333.135,0.0
2.6762,5.0,6.619038719999253,2.272,6342.891,0.0
2.6830,5.0,6.584813599999961,2.272,6342.891,0.0
2.6881,5.0,6.559474399999772,2.272,6342.891,0.0
2.6932,5.0,6.534125599999925,2.272,6342.891,0.0
2.6982,5.0,6.508790079999471,3.007,6354.053,0.0
2.7037,5.0,6.481409919999805,3.007,6354.053,0.0
2.7103,5.0,6.448447359999818,3.007,6354.053,0.0
2.7154,5.0,6.4231014400002095,3.007,6354.053,0.0
2.7204,5.0,6.397756960000152,3.15,6364.775,0.0
2.7270,5.0,6.364783999999872,3.15,6364.775,0.0
2.7321,5.0,6.339436160000105,3.15,6364.775,0.0
2.7372,5.0,6.3140894399998615,3.15,6364.775,0.0
2.7425,5.0,6.287681919999386,4.042,6380.947,0.0
2.7500,5.0,6.249764799999866,4.042,6380.947,0.0
2.7551,5.0,6.224414719999913,4.042,6380.947,0.0
2.7602,5.0,6.1990806400001475,4.042,6380.947,0.0
2.7652,5.0,6.173753599999827,3.895,6392.549,0.0
2.7740,5.0,6.129802560000144,3.895,6392.549,0.0
2.7791,5.0,6.104467359999717,3.895,6392.549,0.0
2.7842,5.0,6.079131999999845,3.895,6392.549,0.0
2.7892,5.0,6.053790400000025,3.79,6403.359,0.0
2.7950,5.0,6.02475199999958,3.79,6403.359,0.0
2.8001,5.0,5.999393920000102,3.79,6403.359,0.0
2.8066,5.0,5.966848159999927,3.79,6403.359,0.0
2.8119,5.0,5.940281439999353,3.434,6412.939,0.0
2.8180,5.0,5.909798079999291,3.434,6412.939,0.0
2.8231,5.0,5.884454079999841,3.434,6412.939,0.0
2.8282,5.0,5.85912320000034,3.434,6412.939,0.0
2.8332,5.0,5.833755679999513,2.493,6416.367,0.0
2.8387,5.0,5.806307039999865,2.493,6416.367,0.0
2.8439,5.0,5.780744799999411,2.493,6416.367,0.0
2.8489,5.0,5.7553249599993705,2.493,6416.367,0.0
2.8540,5.0,5.729948959999547,2.493,6416.367,0.0
2.8591,5.0,5.704597120000017,3.427,6433.945,0.0
2.8660,5.0,5.669795359999625,3.427,6433.945,0.0
2.8711,5.0,5.644449760000043,3.427,6433.945,0.0
2.8770,5.0,5.615074080000113,3.427,6433.945,0.0
2.8821,5.0,5.589730560000135,3.951,6445.811,0.0
2.8880,5.0,5.559814559999268,3.951,6445.811,0.0
2.8931,5.0,5.534446399999524,3.951,6445.811,0.0
2.8982,5.0,5.509054560000095,3.951,6445.811,0.0
2.9033,5.0,5.483691839999665,3.852,6459.258,0.0
2.9120,5.0,5.4398198399997,3.852,6459.258,0.0
2.9171,5.0,5.414485599999352,3.852,6459.258,0.0
2.9222,5.0,5.3891201599992655,3.852,6459.258,0.0
2.9273,5.0,5.363712160000205,4.307,6474.463,0.0
2.9340,5.0,5.329840959999501,4.307,6474.463,0.0
2.9391,5.0,5.304497280000078,4.307,6474.463,0.0
2.9444,5.0,5.27803648000031,4.307,6474.463,0.0
2.9495,5.0,5.252696799999512,4.054,6485.361,0.0
2.9560,5.0,5.219839679999723,4.054,6485.361,0.0
2.9611,5.0,5.194511999999349,4.054,6485.361,0.0
2.9662,5.0,5.169195359999321,4.054,6485.361,0.0
2.9712,5.0,5.1438783999992665,4.054,6497.227,0.0
2.9767,5.0,5.116640319999988,4.054,6497.227,0.0
2.9817,5.0,5.091298080000115,4.054,6497.227,0.0
2.9868,5.0,5.065971679999848,4.054,6497.227,0.0
2.9919,5.0,5.040654240000322,4.054,6497.227,0.0
2.9969,5.0,5.015295360000209,3.184,6504.521,0.0
3.0024,5.0,4.9880105599993385,3.184,6504.521,0.0
3.0110,5.0,4.9449687999992875,3.184,6504.521,0.0
3.0161,5.0,4.9194920000002185,2.067,6508.125,0.0
3.0231,5.0,4.884658080000008,2.067,6508.125,0.0
3.0282,5.0,4.8592299199992794,2.067,6508.125,0.0
3.0332,5.0,4.833788480000294,2.067,6508.125,0.0
3.0383,5.0,4.808435359999521,2.475,6518.936,0.0
3.0470,5.0,4.764833599999747,2.475,6518.936,0.0
3.0521,5.0,4.739500639999505,2.475,6518.936,0.0
3.0572,5.0,4.714177600000085,2.475,6518.936,0.0
3.0622,5.0,4.688862560000189,2.557,6525.967,0.0
3.0680,5.0,4.659862720000092,2.557,6525.967,0.0
3.0731,5.0,4.63451168000006,2.557,6525.967,0.0
3.0784,5.0,4.608114559999876,2.557,6525.967,0.0
3.0835,5.0,4.5826992000002065,2.902,6536.25,0.0
3.0900,5.0,4.549793599999248,2.902,6536.25,0.0
3.0951,5.0,4.524400000000242,2.902,6536.25,0.0
3.1002,5.0,4.499000319999595,2.902,6536.25,0.0
3.1067,5.0,4.466384319999861,3.258,6548.643,0.0
3.1140,5.0,4.429775039999413,3.258,6548.643,0.0
3.1191,5.0,4.404418560000067,3.258,6548.643,0.0
3.1242,5.0,4.379058079999822,3.258,6548.643,0.0
3.1293,5.0,4.353651520000312,3.553,6560.156,0.0
3.1360,5.0,4.319867519999434,3.553,6560.156,0.0
3.1411,5.0,4.294531839999536,3.553,6560.156,0.0
3.1464,5.0,4.268175679999331,3.553,6560.156,0.0
3.1514,5.0,4.242839839999988,2.598,6564.287,0.0
3.1580,5.0,4.209867999999233,2.598,6564.287,0.0
3.1631,5.0,4.184534400000075,2.598,6564.287,0.0
3.1682,5.0,4.1591915200001495,2.598,6564.287,0.0
3.1732,5.0,4.13386591999938,2.386,6570.967,0.0
3.1787,5.0,4.106548480000356,2.386,6570.967,0.0
3.1838,5.0,4.081219519999877,2.386,6570.967,0.0
3.1888,5.0,4.055899520000139,2.386,6570.967,0.0
3.1939,5.0,4.030583039999556,2.106,6577.734,0.0
3.2030,5.0,3.984870880000244,2.106,6577.734,0.0
3.2095,5.0,3.952299520000224,2.106,6577.734,0.0
3.2148,5.0,3.9258683200000632,2.106,6577.734,0.0
3.2199,5.0,3.9005198400002428,2.107,6583.623,0.0
3.2254,5.0,3.8732260799997675,2.107,6583.623,0.0
3.2304,5.0,3.84789488000024,2.107,6583.623,0.0
3.2355,5.0,3.8225372800002333,2.107,6583.623,0.0
3.2406,5.0,3.7971516799996152,1.303,6585.117,0.0
3.2490,5.0,3.7548112000001765,1.303,6585.117,0.0
3.2541,5.0,3.7294564799992713,1.303,6585.117,0.0
3.2592,5.0,3.7041135999993458,1.303,6585.117,0.0
3.2643,5.0,3.6787279999998646,0.99,6586.875,0.0
3.2700,5.0,3.6498457599998346,0.99,6586.875,0.0
3.2751,5.0,3.6245092799993017,0.99,6586.875,0.0
3.2804,5.0,3.5980462399993485,0.99,6586.875,0.0
3.2855,5.0,3.572714879999239,0.987,6591.182,0.0
3.2920,5.0,3.5398835199998757,0.987,6591.182,0.0
3.2971,5.0,3.51454944000011,0.987,6591.182,0.0
3.3022,5.0,3.489231359999394,1.695,6599.531,0.0
3.3120,5.0,3.4398455999996713,1.695,6599.531,0.0
3.3171,5.0,3.4145073599995612,1.695,6599.531,0.0
3.3222,5.0,3.389191359999586,1.695,6599.531,0.0
3.3272,5.0,3.3640281600003163,1.695,6599.531,0.0
3.3323,5.0,3.338704799999732,3.669,6617.637,0.0
3.3377,5.0,3.3114203200000247,3.669,6617.637,0.0
3.3428,5.0,3.2860967999999957,3.669,6617.637,0.0
3.3481,5.0,3.2597089599994433,3.669,6617.637,0.0
3.3532,5.0,3.2342215999995005,3.865,6630.029,0.0
3.3590,5.0,3.204816159999382,3.865,6630.029,0.0
3.3641,5.0,3.1794683199996143,3.865,6630.029,0.0
3.3692,5.0,3.154141279999294,3.865,6630.029,0.0
3.3742,5.0,3.1288219199996092,4.339,6646.465,0.0
3.3830,5.0,3.0848231999993914,4.339,6646.465,0.0
3.3881,5.0,3.0594902400002866,4.339,6646.465,0.0
3.3932,5.0,3.0340676799994526,4.339,6646.465,0.0
3.3983,5.0,3.0085166399999252,4.255,6658.154,0.0
3.4040,5.0,2.9798319999997602,4.255,6658.154,0.0
3.4106,5.0,2.947196799999574,4.255,6658.154,0.0
3.4158,5.0,2.9208097599996563,4.255,6658.154,0.0
3.4209,5.0,2.895476479999388,4.255,6671.25,0.0
3.4264,5.0,2.8680203199996868,4.255,6671.25,0.0
3.4315,5.0,2.842689760000212,4.255,6671.25,0.0
3.4365,5.0,2.817360640000288,4.255,6671.25,0.0
3.4416,5.0,2.7920358400001533,3.767,6681.973,0.0
3.4500,5.0,2.749879680000049,3.767,6681.973,0.0
3.4551,5.0,2.7245516799996494,3.767,6681.973,0.0
3.4602,5.0,2.699219840000069,3.767,6681.973,0.0
3.4652,5.0,2.673902399999406,3.767,6693.926,0.0
3.4710,5.0,2.6448856000001797,3.767,6693.926,0.0
3.4761,5.0,2.6195510399998057,3.767,6693.926,0.0
3.4814,5.0,2.5932099199997083,3.767,6693.926,0.0
3.4864,5.0,2.5678825599993615,3.971,6706.934,0.0
3.4930,5.0,2.5348633599992354,3.971,6706.934,0.0
3.4981,5.0,2.5095304000001306,3.971,6706.934,0.0
3.5032,5.0,2.48420976000034,3.971,6706.934,0.0
3.5097,5.0,2.451327679999622,4.159,6721.699,0.0
3.5171,5.0,2.414313440000342,4.159,6721.699,0.0
3.5222,5.0,2.3887967999996818,4.159,6721.699,0.0
3.5273,5.0,2.3633307199997944,4.159,6721.699,0.0
3.5324,5.0,2.337966719999258,3.966,6731.719,0.0
3.5380,5.0,2.309826719999819,3.966,6731.719,0.0
3.5431,5.0,2.2844758399992315,3.966,6731.719,0.0
3.5484,5.0,2.258012479999252,3.966,6731.719,0.0
3.5535,5.0,2.232676479999327,3.31,6740.508,0.0
3.5600,5.0,2.1998753599996235,3.31,6740.508,0.0
3.5651,5.0,2.174547040000334,3.31,6740.508,0.0
3.5702,5.0,2.14922128000012,3.31,6740.508,0.0
3.5752,5.0,2.1240001599994685,3.191,6750.791,0.0
3.5840,5.0,2.0798495999997613,3.191,6750.791,0.0
3.5891,5.0,2.0545129599997836,3.191,6750.791,0.0
3.5942,5.0,2.0291902399992523,3.191,6750.791,0.0
3.5992,5.0,2.0038603199998306,2.171,6752.637,0.0
3.6050,5.0,1.97487199999955,2.171,6752.637,0.0
3.6115,5.0,1.942264479999949,2.171,6752.637,0.0
3.6168,5.0,1.9158681599992633,2.171,6752.637,0.0
3.6219,5.0,1.8905393599993658,1.703,6757.559,0.0
3.6273,5.0,1.8632726399994226,1.703,6757.559,0.0
3.6324,5.0,1.8379084799994416,1.703,6757.559,0.0
3.6375,5.0,1.81258095999965,1.703,6757.559,0.0
3.6426,5.0,1.7872479999994084,2.337,6767.93,0.0
3.6480,5.0,1.7599406399995132,2.337,6767.93,0.0
3.6531,5.0,1.7346003199997995,2.337,6767.93,0.0
3.6582,5.0,1.7092246400000022,2.337,6767.93,0.0
3.6632,5.0,1.6838947199994436,3.753,6784.365,0.0
3.6711,5.0,1.6446905600002992,3.753,6784.365,0.0
3.6762,5.0,1.61914816000035,3.753,6784.365,0.0
3.6821,5.0,1.5896151999993435,3.753,6784.365,0.0
3.6872,5.0,1.563938079999616,2.972,6789.551,0.0
3.6931,5.0,1.534707040000285,2.972,6789.551,0.0
3.6981,5.0,1.5093420799996693,2.972,6789.551,0.0
3.7032,5.0,1.484031679999589,3.022,6799.395,0.0
3.7130,5.0,1.4348241599998346,3.022,6799.395,0.0
3.7181,5.0,1.4094836799995392,3.022,6799.395,0.0
3.7232,5.0,1.3841291200003525,3.022,6799.395,0.0
3.7283,5.0,1.358727199999521,3.8,6814.863,0.0
3.7371,5.0,1.3147462400002041,3.8,6814.863,0.0
3.7421,5.0,1.2893891199996688,3.8,6814.863,0.0
3.7491,5.0,1.2545926400002827,3.8,6814.863,0.0
3.7542,5.0,1.2292238399993494,3.149,6821.631,0.0
3.7596,5.0,1.201886399999239,3.149,6821.631,0.0
3.7647,5.0,1.176520960000289,3.149,6821.631,0.0
3.7698,5.0,1.1511388799999622,3.149,6821.631,0.0
3.7749,5.0,1.125694879999628,3.076,6832.793,0.0
3.7830,5.0,1.0848283199993602,3.076,6832.793,0.0
3.7881,5.0,1.059472319999486,3.076,6832.793,0.0
3.7932,5.0,1.0341323199997987,3.076,6832.793,0.0
3.7982,5.0,1.0087804800002687,3.289,6842.461,0.0
3.8037,5.0,0.9814526399998158,3.289,6842.461,0.0
3.8103,5.0,0.9485539199999948,3.289,6842.461,0.0
3.8161,5.0,0.919543679999606,3.289,6842.461,0.0
3.8212,5.0,0.8941823999998633,2.339,6846.152,0.0
3.8266,5.0,0.8668633599995701,2.339,6846.152,0.0
3.8317,5.0,0.8415233599998828,2.339,6846.152,0.0
3.8368,5.0,0.8158926399994471,2.339,6846.152,0.0
3.8419,5.0,0.790549439999495,2.608,6856.26,0.0
3.8473,5.0,0.7632582399992316,2.608,6856.26,0.0
3.8524,5.0,0.7379179199995178,2.608,6856.26,0.0
3.8575,5.0,0.7125777599992489,2.608,6856.26,0.0
3.8626,5.0,0.6872278399998777,2.608,6856.26,0.0
3.8676,5.0,0.6618835199992645,3.758,6873.75,0.0
3.8731,5.0,0.6344198399995093,3.758,6873.75,0.0
3.8782,5.0,0.6090843200001927,3.758,6873.75,0.0
3.8840,5.0,0.5800820799993289,3.758,6873.75,0.0
3.8891,5.0,0.554747999999563,3.251,6881.045,0.0
3.8950,5.0,0.5248191999999108,3.251,6881.045,0.0
3.9001,5.0,0.49948416000006546,3.251,6881.045,0.0
3.9066,5.0,0.4668630399999074,2.965,6888.867,0.0
3.9150,5.0,0.4248323199999504,2.965,6888.867,0.0
3.9201,5.0,0.39947807999965335,2.965,6888.867,0.0
3.9252,5.0,0.3741449599999669,2.965,6888.867,0.0
3.9302,5.0,0.34881872000028125,3.079,6898.799,0.0
3.9360,5.0,0.31983311999965736,3.079,6898.799,0.0
3.9411,5.0,0.2944886399995994,3.079,6898.799,0.0
3.9462,5.0,0.2691571200000453,3.079,6898.799,0.0
3.9515,5.0,0.24274623999986034,2.612,6904.863,0.0
3.9590,5.0,0.20482816000026105,2.612,6904.863,0.0
3.9641,5.0,0.17948703999991267,2.612,6904.863,0.0
3.9692,5.0,0.15415311999959158,2.612,6904.863,0.0
3.9742,5.0,0.12882959999956256,2.118,6909.17,0.0
3.9797,5.0,0.10155120000035822,2.118,6909.17,0.0
3.9848,5.0,0.07619967999971777,2.118,6909.17,0.0
3.9898,5.0,0.050868959999661456,2.118,6909.17,0.0
3.9949,5.0,0.025427519999539072,2.196,6917.871,0.0
