t_s,cmd_speed_cm_s,cmd_steer_deg,enc_speed_cm_s,enc_cmd_speed_cm_s,yaw_deg
0.0000,2.0662943522135414e-05,0.0,0.031,-2242.793,359.7
0.0742,0.4948234558105469,0.0,0.031,-2242.793,359.7
0.0793,0.5288187662760416,0.0,0.031,-2242.793,359.7
0.0844,0.5626440048217773,0.0,0.031,-2242.793,359.7
0.0895,0.5966393152872721,0.0,0.031,-2242.793,359.7
0.0960,0.6401602427164714,0.0,0.031,-2242.793,359.7
0.1017,0.6777350107828777,0.0,0.031,-2242.793,359.7
0.1083,0.721880594889323,0.0,0.031,-2242.793,359.7
0.1134,0.7563018798828125,0.0,0.031,-2242.793,359.7
0.1193,0.7951116561889648,0.0,0.031,-2242.793,359.7
0.1244,0.8291927973429363,0.0,0.031,-2242.793,359.7
0.1295,0.8631022771199544,0.0,0.031,-2242.793,359.7
0.1379,0.919324556986491,0.0,0.031,-2242.793,359.7
0.1430,0.953221321105957,0.0,0.031,-2242.793,359.7
0.1486,0.9905385971069336,0.0,0.031,-2242.793,359.7
0.1537,1.0247278213500977,0.0,0.031,-2242.881,359.7
0.1602,1.068137486775716,0.0,0.031,-2242.881,359.7
0.1656,1.1041021347045898,0.0,0.031,-2242.881,359.7
0.1707,1.138017972310384,0.0,0.031,-2242.881,359.7
0.1758,1.171892484029134,0.0,0.031,-2242.881,359.7
0.1809,1.2057987848917644,0.0,0.031,-2242.793,359.7
0.1869,1.2458117802937825,0.0,0.031,-2242.793,359.7
0.1920,1.2796974182128906,0.0,0.031,-2242.793,359.7
0.1970,1.3135655721028647,0.0,0.031,-2242.793,359.7
0.2026,1.3509686787923179,0.0,0.364,-2240.068,359.7
0.2104,1.4023828506469727,0.0,0.364,-2240.068,359.7
0.2154,1.4363272984822593,0.0,0.364,-2240.068,359.7
0.2205,1.4702129364013672,0.0,0.364,-2240.068,359.7
0.2256,1.5041033426920571,0.0,1.217,-2232.949,359.7
0.2316,1.5441401799519858,0.0,1.217,-2232.949,359.7
0.2367,1.5780162811279297,0.0,1.217,-2232.949,359.7
0.2418,1.6118828455607095,0.0,1.217,-2232.949,359.7
0.2469,1.6457573572794595,0.0,1.217,-2232.949,359.7
0.2519,1.6796143849690757,0.0,2.47,-2219.941,359.7
0.2590,1.7264636357625327,0.0,2.47,-2219.941,359.7
0.2641,1.7603683471679688,0.0,2.47,-2219.941,359.7
0.2691,1.7942571640014648,0.0,3.262,-2208.779,359.7
0.2768,1.845234235127767,0.0,3.262,-2208.779,359.7
0.2819,1.8792851765950522,0.0,3.262,-2208.779,359.7
0.2870,1.9133981068929038,0.0,3.262,-2208.779,359.7
0.2921,1.9473743438720703,0.0,3.536,-2197.969,359.7
0.2982,1.9877115885416665,0.0,3.536,-2197.969,359.7
0.3032,2.021621068318685,0.0,3.536,-2197.969,359.7
0.3127,2.0845492680867515,0.0,4.033,-2184.082,359.7
0.3188,2.1250263849894204,0.0,4.033,-2184.082,359.7
0.3238,2.158931096394857,0.0,4.033,-2184.082,359.7
0.3289,2.1927849451700845,0.0,4.033,-2184.082,359.7
0.3340,2.2266324361165366,0.0,4.133,-2170.107,359.7
0.3417,2.278127670288086,0.0,4.133,-2170.107,359.7
0.3468,2.31199582417806,0.0,4.133,-2170.107,359.7
0.3519,2.3458337783813477,0.0,4.133,-2170.107,359.7
0.3570,2.3796765009562173,0.0,4.133,-2159.033,359.7
0.3656,2.43742307027181,0.0,4.133,-2159.033,359.7
0.3707,2.471292813618978,0.0,4.133,-2159.033,359.7
0.3758,2.5051291783650713,0.0,3.538,-2150.42,359.7
0.3837,2.557802200317383,0.0,3.538,-2150.42,359.7
0.3887,2.5916608174641924,0.0,3.538,-2150.42,359.7
0.3938,2.6255003611246748,0.0,3.538,-2150.42,359.7
0.3989,2.659330368041992,0.0,2.951,-2141.807,359.7
0.4076,2.7176666259765625,0.0,2.951,-2141.807,359.7
0.4142,2.7614275614420576,0.0,2.951,-2141.807,359.7
0.4193,2.7953068415323896,0.0,3.372,-2130.117,359.7
0.4286,2.857503890991211,0.0,3.372,-2130.117,359.7
0.4337,2.891373634338379,0.0,3.372,-2130.117,359.7
0.4388,2.925230662027995,0.0,3.372,-2130.117,359.7
0.4439,2.9590702056884766,0.0,3.533,-2120.537,359.7
0.4499,2.9990530014038086,0.0,3.533,-2120.537,359.7
0.4549,3.032911618550618,0.0,3.533,-2120.537,359.7
0.4600,3.066752751668294,0.0,3.533,-2120.537,359.7
0.4651,3.100581169128418,0.0,2.893,-2112.363,359.7
0.4755,3.170078595479329,0.0,2.893,-2112.363,359.7
0.4806,3.2039372126261396,0.0,2.893,-2112.363,359.7
0.4857,3.237771987915039,0.0,2.91,-2104.189,359.7
0.4936,3.290363947550456,0.0,2.91,-2104.189,359.7
0.4986,3.32424799601237,0.0,2.91,-2104.189,359.7
0.5037,3.358093897501628,0.0,2.91,-2104.189,359.7
0.5107,3.404405911763509,0.0,2.956,-2094.082,359.7
0.5176,3.4508323669433594,0.0,2.956,-2094.082,359.7
0.5228,3.4850279490152998,0.0,2.956,-2094.082,359.7
0.5278,3.5189294815063477,0.0,2.956,-2094.082,359.7
0.5334,3.556259473164876,0.0,2.111,-2091.357,359.7
0.5394,3.5961516698201494,0.0,2.111,-2091.357,359.7
0.5445,3.630019823710124,0.0,2.111,-2091.357,359.7
0.5496,3.6638784408569336,0.0,2.111,-2091.357,359.7
0.5547,3.6977148056030273,0.0,2.152,-2082.744,359.7
0.5625,3.750092188517253,0.0,2.152,-2082.744,359.7
0.5676,3.7839476267496748,0.0,2.152,-2082.744,359.7
0.5727,3.8177887598673506,0.0,2.152,-2082.744,359.7
0.5778,3.8517379760742188,0.0,2.152,-2082.744,359.7
0.5846,3.897002538045247,0.0,2.978,-2069.912,359.7
0.5906,3.937109311421712,0.0,2.978,-2069.912,359.7
0.5956,3.970974286397298,0.0,2.978,-2069.912,359.7
0.6007,4.004810651143392,0.0,2.993,-2062.441,359.7
0.6086,4.057361284891765,0.0,2.993,-2062.441,359.7
0.6137,4.091320037841797,0.0,2.993,-2062.441,359.7
0.6188,4.125191370646159,0.0,2.993,-2062.441,359.7
0.6239,4.159032503763835,0.0,2.762,-2053.213,359.7
0.6314,4.209432601928711,0.0,2.762,-2053.213,359.7
0.6377,4.2510732014973955,0.0,2.762,-2053.213,359.7
0.6427,4.284968376159668,0.0,2.762,-2053.213,359.7
0.6478,4.318819046020508,0.0,3.335,-2040.029,359.7
0.6556,4.370473225911458,0.0,3.335,-2040.029,359.7
0.6607,4.404339790344238,0.0,3.335,-2040.029,359.7
0.6657,4.4382015864054365,0.0,3.335,-2040.029,359.7
0.6708,4.47206179300944,0.0,2.985,-2033.877,359.7
0.6768,4.512044588724772,0.0,2.985,-2033.877,359.7
0.6819,4.54591433207194,0.0,2.985,-2033.877,359.7
0.6870,4.579768180847168,0.0,2.408,-2027.9,359.7
0.6986,4.657090504964192,0.0,2.408,-2027.9,359.7
0.7036,4.690965016682942,0.0,2.408,-2027.9,359.7
0.7104,4.736294746398926,0.0,2.368,-2022.012,359.7
0.7164,4.77629025777181,0.0,2.368,-2022.012,359.7
0.7215,4.81016476949056,0.0,2.368,-2022.012,359.7
0.7266,4.84400749206543,0.0,2.368,-2022.012,359.7
0.7317,4.877842267354329,0.0,1.8,-2018.672,359.7
0.7377,4.917702674865723,0.0,1.8,-2018.672,359.7
0.7427,4.951566060384114,0.0,1.8,-2018.672,359.7
0.7483,4.988753000895183,0.0,1.8,-2018.672,359.7
0.7534,5.022617975870768,0.0,2.503,-2007.334,359.7
0.7605,5.069834391276041,0.0,2.503,-2007.334,359.7
0.7656,5.103718439737955,0.0,2.503,-2007.334,359.7
0.7706,5.13758659362793,0.0,2.503,-2007.334,359.7
0.7757,5.171435674031576,0.0,1.991,-2004.785,359.7
0.7817,5.21139939626058,0.0,1.991,-2004.785,359.7
0.7868,5.245264371236166,0.0,1.991,-2004.785,359.7
0.7919,5.279105504353842,0.0,1.991,-2004.785,359.7
0.7974,5.316257476806641,0.0,2.144,-1996.084,359.7
0.8042,5.361534754435221,0.0,2.144,-1996.084,359.7
0.8108,5.405206680297852,0.0,2.144,-1996.084,359.7
0.8159,5.439079602559408,0.0,2.144,-1996.084,359.7
0.8209,5.472923914591471,0.0,2.915,-1983.867,359.7
0.8284,5.5226945877075195,0.0,2.915,-1983.867,359.7
0.8335,5.556561152140299,0.0,2.915,-1983.867,359.7
0.8386,5.590405464172363,0.0,2.915,-1983.867,359.7
0.8436,5.624240239461264,0.0,2.132,-1982.109,359.7
0.8523,5.681869188944498,0.0,2.132,-1982.109,359.7
0.8574,5.715734163920084,0.0,2.132,-1982.109,359.7
0.8625,5.74968179066976,0.0,2.132,-1982.109,359.7
0.8675,5.783611933390299,0.0,1.853,-1975.254,359.7
0.8735,5.823550224304199,0.0,1.853,-1975.254,359.7
0.8786,5.857440630594889,0.0,1.853,-1975.254,359.7
0.8837,5.891284942626953,0.0,3.3,-1960.4,359.7
0.8921,5.947616895039877,0.0,3.3,-1960.4,359.7
0.8972,5.98148504892985,0.0,3.3,-1960.4,359.7
0.9041,6.027005513509115,0.0,2.852,-1955.127,359.7
0.9141,6.0941314697265625,0.0,2.852,-1955.127,359.7
0.9192,6.128025054931641,0.0,2.852,-1955.127,359.7
0.9243,6.161874135335287,0.0,2.852,-1955.127,359.7
0.9294,6.195708910624186,0.0,1.981,-1952.139,359.7
0.9354,6.235807736714682,0.0,1.981,-1952.139,359.7
0.9405,6.269804636637369,0.0,1.981,-1952.139,359.7
0.9456,6.303877830505371,0.0,1.981,-1952.139,359.7
0.9507,6.3378699620564785,0.0,1.216,-1950.293,359.7
0.9586,6.390361785888672,0.0,1.216,-1950.293,359.7
0.9641,6.4275407791137695,0.0,1.216,-1950.293,359.7
0.9692,6.461489995320639,0.0,1.216,-1950.293,359.7
0.9743,6.495375633239746,0.0,2.626,-1934.033,359.7
0.9803,6.535371144612631,0.0,2.626,-1934.033,359.7
0.9854,6.5692345301310215,0.0,2.626,-1934.033,359.7
0.9905,6.603074073791504,0.0,5.071,-1913.555,359.7
0.9992,6.661548614501953,0.0,5.071,-1913.555,359.7
1.0043,6.695454915364584,0.0,5.071,-1913.555,359.7
1.0140,6.760168075561523,0.0,4.707,-1902.48,359.7
1.0200,6.799882253011068,0.0,4.707,-1902.48,359.7
1.0251,6.834184328715006,0.0,4.707,-1902.48,359.7
1.0303,6.8683576583862305,0.0,4.707,-1902.48,359.7
1.0354,6.902564366658529,0.0,3.661,-1894.043,359.7
1.0439,6.959404945373535,0.0,3.661,-1894.043,359.7
1.0490,6.993350982666016,0.0,3.661,-1894.043,359.7
1.0541,7.027269999186197,0.0,3.661,-1894.043,359.7
1.0592,7.061122258504232,0.0,3.33,-1884.023,359.7
1.0660,7.106391588846842,0.0,3.33,-1884.023,359.7
1.0710,7.140264511108398,0.0,3.33,-1884.023,359.7
1.0761,7.174170811971029,0.0,3.33,-1884.023,359.7
1.0812,7.208070755004883,0.0,3.927,-1868.73,359.7
1.0879,7.252893447875977,0.0,3.927,-1868.73,359.7
1.0930,7.286893526713053,0.0,3.927,-1868.73,359.7
1.0982,7.321050961812338,0.0,3.927,-1868.73,359.7
1.1033,7.355095545450846,0.0,3.852,-1856.689,359.7
1.1119,7.412840525309244,0.0,3.852,-1856.689,359.7
1.1170,7.4467356999715175,0.0,3.852,-1856.689,359.7
1.1228,7.485507329305014,0.0,3.852,-1856.689,359.7
1.1279,7.519381841023764,0.0,3.722,-1846.582,359.7
1.1339,7.559415499369303,0.0,3.722,-1846.582,359.7
1.1390,7.593398094177246,0.0,3.722,-1846.582,359.7
1.1441,7.627294858296713,0.0,3.722,-1846.582,359.7
1.1492,7.661147117614746,0.0,3.8,-1833.135,359.7
1.1569,7.712481816609701,0.0,3.8,-1833.135,359.7
1.1620,7.746464411417643,0.0,3.8,-1833.135,359.7
1.1671,7.780461311340332,0.0,3.8,-1833.135,359.7
1.1740,7.826337814331055,0.0,3.713,-1820.479,359.7
1.1809,7.872405052185059,0.0,3.713,-1820.479,359.7
1.1860,7.906336784362793,0.0,3.713,-1820.479,359.7
1.1910,7.9402097066243496,0.0,3.713,-1820.479,359.7
1.1961,7.974060376485189,0.0,3.624,-1811.514,359.7
1.2021,8.013997077941895,0.0,3.624,-1811.514,359.7
1.2087,8.058171272277832,0.0,3.624,-1811.514,359.7
1.2138,8.092085520426432,0.0,3.624,-1811.514,359.7
1.2189,8.125944137573242,0.0,2.66,-1805.625,359.7
1.2249,8.166219393412272,0.0,2.66,-1805.625,359.7
1.2308,8.205639521280924,0.0,2.66,-1805.625,359.7
1.2359,8.239579200744629,0.0,2.699,-1797.012,359.7
1.2448,8.298711776733398,0.0,2.699,-1797.012,359.7
1.2499,8.332680066426596,0.0,2.699,-1797.012,359.7
1.2550,8.366586367289225,0.0,2.699,-1797.012,359.7
1.2601,8.400499025980631,0.0,3.289,-1783.916,359.7
1.2688,8.458464940388998,0.0,3.289,-1783.916,359.7
1.2739,8.492437998453775,0.0,3.289,-1783.916,359.7
1.2789,8.526323636372885,0.0,3.289,-1783.916,359.7
1.2846,8.563709259033203,0.0,2.726,-1777.5,359.7
1.2928,8.61839771270752,0.0,2.726,-1777.5,359.7
1.2979,8.652337392171225,0.0,2.726,-1777.5,359.7
1.3029,8.686286608378092,0.0,3.2,-1765.371,359.7
1.3127,8.751443227132162,0.0,3.2,-1765.371,359.7
1.3178,8.785406748453775,0.0,3.2,-1765.371,359.7
1.3229,8.819336891174316,0.0,3.2,-1765.371,359.7
1.3280,8.853241602579752,0.0,3.797,-1751.748,359.7
1.3367,8.911263147989908,0.0,3.797,-1751.748,359.7
1.3423,8.948569297790527,0.0,3.797,-1751.748,359.7
1.3474,8.982518513997396,0.0,3.797,-1751.748,359.7
1.3525,9.016453425089518,0.0,3.064,-1745.332,359.7
1.3585,9.056776364644369,0.0,3.064,-1745.332,359.7
1.3636,9.09075895945231,0.0,3.064,-1745.332,359.7
1.3687,9.124676386515299,0.0,2.901,-1737.246,359.7
1.3777,9.184335072835287,0.0,2.901,-1737.246,359.7
1.3827,9.21821117401123,0.0,2.901,-1737.246,359.7
1.3878,9.252127011617025,0.0,2.901,-1728.633,359.7
1.3977,9.317742983500162,0.0,2.901,-1728.633,359.7
1.4028,9.35173511505127,0.0,2.901,-1728.633,359.7
1.4093,9.395461082458496,0.0,2.599,-1723.096,359.7
1.4176,9.45077101389567,0.0,2.599,-1723.096,359.7
1.4227,9.484756787618002,0.0,2.599,-1723.096,359.7
1.4278,9.518702824910482,0.0,2.599,-1723.096,359.7
1.4329,9.55263614654541,0.0,3.204,-1708.682,359.7
1.4416,9.610554377237955,0.0,3.204,-1708.682,359.7
1.4472,9.647893905639648,0.0,3.204,-1708.682,359.7
1.4523,9.681859016418457,0.0,3.204,-1708.682,359.7
1.4574,9.715844790140787,0.0,4.8,-1689.785,359.7
1.4634,9.756097793579102,0.0,4.8,-1689.785,359.7
1.4685,9.78999137878418,0.0,4.8,-1689.785,359.7
1.4736,9.823859532674154,0.0,4.8,-1689.785,359.7
1.4787,9.858194986979166,0.0,5.584,-1668.604,359.7
1.4866,9.910639127095541,0.0,5.584,-1668.604,359.7
1.4917,9.944583574930826,0.0,5.584,-1668.604,359.7
1.4968,9.978456497192383,0.0,5.584,-1668.604,359.7
1.5024,10.015807151794434,0.0,5.247,-1655.244,359.7
1.5099,10.066219965616863,0.0,5.247,-1655.244,359.7
1.5151,10.100466410319012,0.0,5.247,-1655.244,359.7
1.5202,10.134744644165039,0.0,5.247,-1655.244,359.7
1.5253,10.168739954630535,0.0,5.159,-1638.281,359.7
1.5315,10.210131009419758,0.0,5.159,-1638.281,359.7
1.5366,10.244075457255047,0.0,5.159,-1638.281,359.7
1.5417,10.278048515319824,0.0,5.159,-1638.281,359.7
1.5468,10.311997731526692,0.0,5.159,-1638.281,359.7
1.5526,10.350467363993328,0.0,4.34,-1626.24,359.7
1.5586,10.390982627868652,0.0,4.34,-1626.24,359.7
1.5637,10.424873034159344,0.0,4.34,-1626.24,359.7
1.5688,10.458730061848957,0.0,5.192,-1607.783,359.7
1.5755,10.503123601277668,0.0,5.192,-1607.783,359.7
1.5806,10.537039438883465,0.0,5.192,-1607.783,359.7
1.5856,10.570993423461914,0.0,5.192,-1607.783,359.7
1.5907,10.604972839355469,0.0,5.622,-1587.92,359.7
1.5994,10.662938753763836,0.0,5.622,-1587.92,359.7
1.6045,10.696829160054524,0.0,5.622,-1587.92,359.7
1.6116,10.743937492370605,0.0,5.782,-1570.342,359.7
1.6204,10.80281416575114,0.0,5.782,-1570.342,359.7
1.6255,10.83672046661377,0.0,5.782,-1570.342,359.7
1.6306,10.870602925618488,0.0,5.782,-1570.342,359.7
1.6357,10.904502868652344,0.0,6.007,-1552.764,359.7
1.6418,10.945336023966473,0.0,6.007,-1552.764,359.7
1.6469,10.979348818461101,0.0,6.007,-1552.764,359.7
1.6520,11.013352076212566,0.0,6.007,-1552.764,359.7
1.6571,11.04730765024821,0.0,5.906,-1532.725,359.7
1.6664,11.10946814219157,0.0,5.906,-1532.725,359.7
1.6715,11.143428484598797,0.0,5.906,-1532.725,359.7
1.6766,11.177322069803875,0.0,6.258,-1513.916,359.7
1.6844,11.229023933410645,0.0,6.258,-1513.916,359.7
1.6894,11.262935002644856,0.0,6.258,-1513.916,359.7
1.6945,11.29684607187907,0.0,6.258,-1513.916,359.7
1.6996,11.330839792887371,0.0,6.05,-1494.404,359.7
1.7083,11.388850212097168,0.0,6.05,-1494.404,359.7
1.7164,11.442923545837402,0.0,6.05,-1494.404,359.7
1.7215,11.476936340332031,0.0,6.05,-1494.404,359.7
1.7266,11.510907808939617,0.0,5.965,-1474.805,359.7
1.7328,11.552246411641438,0.0,5.965,-1474.805,359.7
1.7379,11.586217880249023,0.0,5.965,-1474.805,359.7
1.7430,11.620176633199055,0.0,5.965,-1474.805,359.7
1.7482,11.654383341471355,0.0,5.516,-1461.182,359.7
1.7543,11.695280075073242,0.0,5.516,-1461.182,359.7
1.7594,11.729172070821125,0.0,5.516,-1461.182,359.7
1.7645,11.763027509053547,0.0,5.516,-1461.182,359.7
1.7704,11.80241584777832,0.0,5.317,-1445.186,359.7
1.7764,11.842621167500813,0.0,5.317,-1445.186,359.7
1.7815,11.876564025878906,0.0,5.317,-1445.186,359.7
1.7866,11.910546620686848,0.0,5.317,-1445.186,359.7
1.7917,11.944468816121418,0.0,5.92,-1423.125,359.7
1.7977,11.984961827596027,0.0,5.92,-1423.125,359.7
1.8029,12.019006411234539,0.0,5.92,-1423.125,359.7
1.8094,12.062970797220867,0.0,6.384,-1403.438,359.7
1.8172,12.114898363749187,0.0,6.384,-1403.438,359.7
1.8229,12.152493794759113,0.0,6.384,-1403.438,359.7
1.8280,12.186388969421387,0.0,6.384,-1403.438,359.7
1.8330,12.220247586568195,0.0,5.989,-1385.332,359.7
1.8412,12.274683316548664,0.0,5.989,-1385.332,359.7
1.8463,12.308640480041504,0.0,5.989,-1385.332,359.7
1.8514,12.342510223388672,0.0,5.989,-1385.332,359.7
1.8565,12.376362482706707,0.0,5.421,-1368.721,359.7
1.8652,12.43474801381429,0.0,5.421,-1368.721,359.7
1.8703,12.468749682108562,0.0,5.421,-1368.721,359.7
1.8754,12.502729098002117,0.0,5.421,-1368.721,359.7
1.8811,12.540351549784344,0.0,6.103,-1347.1,359.7
1.8871,12.580936749776203,0.0,6.103,-1347.1,359.7
1.8922,12.614833513895672,0.0,6.103,-1347.1,359.7
1.8973,12.64869213104248,0.0,6.103,-1347.1,359.7
1.9024,12.6826016108195,0.0,6.717,-1323.105,359.7
1.9102,12.734333674112957,0.0,6.717,-1323.105,359.7
1.9153,12.768445014953613,0.0,6.717,-1323.105,359.7
1.9204,12.802400588989258,0.0,6.717,-1323.105,359.7
1.9254,12.836297353108723,0.0,6.46,-1302.275,359.7
1.9371,12.913950284322102,0.0,6.46,-1302.275,359.7
1.9422,12.948134740193684,0.0,6.46,-1302.275,359.7
1.9473,12.982061703999836,0.0,6.079,-1285.928,359.7
1.9551,13.033917744954426,0.0,6.079,-1285.928,359.7
1.9602,13.067820866902668,0.0,6.079,-1285.928,359.7
1.9653,13.101709683736164,0.0,6.079,-1285.928,359.7
1.9703,13.135587374369305,0.0,7.129,-1257.012,359.7
1.9791,13.193918863932293,0.0,7.129,-1257.012,359.7
1.9842,13.227874437967937,0.0,7.129,-1257.012,359.7
1.9899,13.266321818033855,0.0,7.129,-1257.012,359.7
1.9950,13.30020586649577,0.0,8.051,-1229.854,359.7
2.0011,13.340641657511394,0.0,8.051,-1229.854,359.7
2.0077,13.38470458984375,0.0,8.051,-1229.854,359.7
2.0128,13.418944676717121,0.0,8.051,-1229.854,359.7
2.0180,13.453175226847332,0.0,8.717,-1198.301,359.7
2.0251,13.500509262084961,0.0,8.717,-1198.301,359.7
2.0302,13.534515698750813,0.0,8.717,-1198.301,359.7
2.0353,13.56850306193034,0.0,9.166,-1170.967,359.7
2.0470,13.646588325500488,0.0,9.166,-1170.967,359.7
2.0521,13.6809237798055,0.0,9.166,-1170.967,359.7
2.0572,13.714914321899414,0.0,9.166,-1170.967,359.7
2.0623,13.748839696248371,0.0,9.741,-1136.338,359.7
2.0690,13.793247540791828,0.0,9.741,-1136.338,359.7
2.0741,13.827166557312012,0.0,9.741,-1136.338,359.7
2.0792,13.86104901631673,0.0,9.741,-1136.338,359.7
2.0842,13.894920349121094,0.0,9.413,-1111.904,359.7
2.0903,13.935364087422688,0.0,9.413,-1111.904,359.7
2.0959,13.972609837849934,0.0,9.413,-1111.904,359.7
2.1010,14.006484349568684,0.0,9.413,-1111.904,359.7
2.1076,14.050822257995605,0.0,8.743,-1084.658,359.7
2.1137,14.091084798177082,0.0,8.743,-1084.658,359.7
2.1188,14.125070571899414,0.0,8.743,-1084.658,359.7
2.1238,14.158964157104492,0.0,8.743,-1084.658,359.7
2.1289,14.192806879679363,0.0,7.754,-1061.367,359.7
2.1369,14.246042569478352,0.0,7.754,-1061.367,359.7
2.1420,14.27990436553955,0.0,7.754,-1061.367,359.7
2.1489,14.326078097025555,0.0,5.707,-1054.336,359.7
2.1569,14.379170735677082,0.0,5.707,-1054.336,359.7
2.1620,14.41304365793864,0.0,5.707,-1054.336,359.7
2.1670,14.446889559427898,0.0,5.707,-1054.336,359.7
2.1721,14.48072115580241,0.0,7.606,-1018.213,359.7
2.1809,14.539086023966473,0.0,7.606,-1018.213,359.7
2.1859,14.572954177856445,0.0,7.606,-1018.213,359.7
2.1910,14.606792132059734,0.0,7.606,-1018.213,359.7
2.1961,14.640642801920574,0.0,9.531,-984.639,359.7
2.2039,14.692637125651043,0.0,9.531,-984.639,359.7
2.2105,14.73648230234782,0.0,9.531,-984.639,359.7
2.2156,14.770355224609375,0.0,10.354,-954.316,359.7
2.2218,14.812159538269043,0.0,10.354,-954.316,359.7
2.2269,14.846026102701824,0.0,10.354,-954.316,359.7
2.2320,14.8798672358195,0.0,10.354,-954.316,359.7
2.2371,14.913695653279621,0.0,9.735,-923.994,359.7
2.2458,14.971885681152344,0.0,9.735,-923.994,359.7
2.2509,15.005744298299152,0.0,9.735,-923.994,359.7
2.2559,15.039587020874023,0.0,9.735,-923.994,359.7
2.2615,15.076780319213867,0.0,9.57,-893.584,359.7
2.2678,15.118436813354492,0.0,9.57,-893.584,359.7
2.2728,15.152300198872883,0.0,9.57,-893.584,359.7
2.2779,15.186141331990559,0.0,9.57,-893.584,359.7
2.2830,15.219966570536297,0.0,9.801,-860.361,359.7
2.2917,15.278253555297852,0.0,9.801,-860.361,359.7
2.2968,15.312105814615887,0.0,9.801,-860.361,359.7
2.3019,15.346037546793621,0.0,9.89,-832.061,359.7
2.3138,15.425386428833008,0.0,9.89,-832.061,359.7
2.3189,15.459308624267578,0.0,9.89,-832.061,359.7
2.3240,15.493200620015461,0.0,10.456,-800.244,359.7
2.3317,15.544761021931965,0.0,10.456,-800.244,359.7
2.3368,15.57862440745036,0.0,10.456,-800.244,359.7
2.3419,15.612467130025227,0.0,10.456,-800.244,359.7
2.3470,15.646435419718426,0.0,10.631,-770.361,359.7
2.3530,15.686554908752441,0.0,10.631,-770.361,359.7
2.3581,15.720411936442058,0.0,10.631,-770.361,359.7
2.3631,15.754297574361164,0.0,10.631,-770.361,359.7
2.3688,15.79187234242757,0.0,10.631,-735.557,359.7
2.3749,15.832405090332031,0.0,10.631,-735.557,359.7
2.3799,15.866282780965168,0.0,10.631,-735.557,359.7
2.3850,15.900119145711262,0.0,10.631,-735.557,359.7
2.3901,15.933958689371746,0.0,11.279,-701.104,359.7
2.3961,15.974206924438477,0.0,11.279,-701.104,359.7
2.4012,16.008068720499676,0.0,11.279,-701.104,359.7
2.4078,16.051710446675617,0.0,11.279,-701.104,359.7
2.4128,16.085584958394367,0.0,11.26,-663.838,359.7
2.4216,16.143709818522137,0.0,11.26,-663.838,359.7
2.4266,16.177659034729004,0.0,11.26,-663.838,359.7
2.4317,16.211527188618977,0.0,11.752,-626.572,359.7
2.4398,16.265438397725422,0.0,11.752,-626.572,359.7
2.4449,16.29930814107259,0.0,11.752,-626.572,359.7
2.4500,16.333163579305012,0.0,11.752,-626.572,359.7
2.4551,16.36712392171224,0.0,12.027,-593.262,359.7
2.4612,16.40768051147461,0.0,12.027,-593.262,359.7
2.4663,16.441774368286133,0.0,12.027,-593.262,359.7
2.4714,16.47571563720703,0.0,12.027,-593.262,359.7
2.4778,16.51890277862549,0.0,11.716,-559.16,359.7
2.4839,16.559133529663086,0.0,11.716,-559.16,359.7
2.4890,16.593319574991863,0.0,11.716,-559.16,359.7
2.4941,16.62728468577067,0.0,11.968,-524.707,359.7
2.5008,16.671902338663738,0.0,11.968,-524.707,359.7
2.5077,16.71803633371989,0.0,11.968,-524.707,359.7
2.5128,16.752273241678875,0.0,11.968,-524.707,359.7
2.5180,16.786576906840008,0.0,11.551,-487.793,359.7
2.5246,16.83043320973714,0.0,11.551,-487.793,359.7
2.5302,16.86768849690755,0.0,11.551,-487.793,359.7
2.5352,16.901567776997883,0.0,11.551,-487.793,359.7
2.5403,16.935418446858723,0.0,11.625,-453.516,359.7
2.5463,16.97549343109131,0.0,11.625,-453.516,359.7
2.5514,17.00935999552409,0.0,11.625,-453.516,359.7
2.5565,17.043196360270183,0.0,11.625,-453.516,359.7
2.5616,17.077159881591797,0.0,11.428,-416.338,359.7
2.5685,17.12327003479004,0.0,11.428,-416.338,359.7
2.5736,17.15715567270915,0.0,11.428,-416.338,359.7
2.5787,17.191003163655598,0.0,11.428,-416.338,359.7
2.5837,17.224836349487305,0.0,11.215,-384.082,359.7
2.5925,17.283611297607422,0.0,11.215,-384.082,359.7
2.5976,17.317476272583008,0.0,11.215,-384.082,359.7
2.6027,17.351306279500324,0.0,11.215,-352.529,359.7
2.6102,17.401409149169922,0.0,11.215,-352.529,359.7
2.6153,17.435466448465984,0.0,11.215,-352.529,359.7
2.6204,17.469414075215656,0.0,11.215,-352.529,359.7
2.6255,17.503312428792317,0.0,10.98,-315.967,359.7
2.6336,17.5574525197347,0.0,10.98,-315.967,359.7
2.6397,17.59769598642985,0.0,10.98,-315.967,359.7
2.6447,17.631559371948242,0.0,10.98,-315.967,359.7
2.6498,17.665387789408367,0.0,11.687,-277.91,359.7
2.6558,17.705492973327637,0.0,11.687,-277.91,359.7
2.6609,17.739488283793133,0.0,11.687,-277.91,359.7
2.6660,17.77355670928955,0.0,12.696,-239.238,359.7
2.6746,17.830713589986164,0.0,12.696,-239.238,359.7
2.6797,17.86459445953369,0.0,12.696,-239.238,359.7
2.6848,17.898437182108562,0.0,12.696,-239.238,359.7
2.6914,17.94298807779948,0.0,12.768,-196.523,359.7
2.6983,17.98893133799235,0.0,12.768,-196.523,359.7
2.7034,18.02280108133952,0.0,12.768,-196.523,359.7
2.7100,18.066662152608234,0.0,12.768,-196.523,359.7
2.7151,18.10065746307373,0.0,11.791,-161.543,359.7
2.7223,18.148754437764484,0.0,11.791,-161.543,359.7
2.7274,18.182625770568848,0.0,11.791,-161.543,359.7
2.7325,18.21647008260091,0.0,11.791,-161.543,359.7
2.7375,18.2503080368042,0.0,11.751,-125.332,359.7
2.7436,18.290411631266277,0.0,11.751,-125.332,359.7
2.7491,18.327566782633465,0.0,11.751,-125.332,359.7
2.7542,18.36143175760905,0.0,11.751,-125.332,359.7
2.7593,18.395285606384277,0.0,13.207,-76.816,359.7
2.7665,18.44319502512614,0.0,13.207,-76.816,359.7
2.7716,18.477063179016113,0.0,13.207,-76.816,359.7
2.7766,18.51091702779134,0.0,13.207,-76.816,359.7
2.7817,18.544750213623047,0.0,13.901,-35.332,359.7
2.7877,18.584928512573242,0.0,13.901,-35.332,359.7
2.7928,18.618796666463215,0.0,13.901,-35.332,359.7
2.7993,18.662273089090984,0.0,14.362,7.646,359.7
2.8055,18.703487714131672,0.0,14.362,7.646,359.7
2.8126,18.750942548116047,0.0,14.362,7.646,359.7
2.8177,18.784834543863933,0.0,14.362,7.646,359.7
2.8228,18.818709055582683,0.0,14.571,57.656,359.7
2.8314,18.875880241394043,0.0,14.571,57.656,359.7
2.8365,18.909759521484375,0.0,14.571,57.656,359.7
2.8415,18.94362449645996,0.0,14.571,57.656,359.7
2.8466,18.977479934692383,0.0,14.815,101.865,359.7
2.8526,19.017585118611652,0.0,14.815,101.865,359.7
2.8582,19.054781595865887,0.0,14.815,101.865,359.7
2.8633,19.08863703409831,0.0,14.734,144.492,359.7
2.8733,19.155664443969727,0.0,14.734,144.492,359.7
2.8784,19.189656575520832,0.0,14.734,144.492,359.7
2.8835,19.22351837158203,0.0,14.373,183.955,359.7
2.8931,19.287556012471516,0.0,14.373,183.955,359.7
2.8982,19.321424166361492,0.0,14.373,183.955,359.7
2.9033,19.355265299479168,0.0,14.699,229.043,359.7
2.9141,19.427563349405926,0.0,14.699,229.043,359.7
2.9192,19.461439450581867,0.0,14.699,229.043,359.7
2.9243,19.49528694152832,0.0,14.699,229.043,359.7
2.9294,19.52921708424886,0.0,15.271,282.48,359.7
2.9382,19.588101704915363,0.0,15.271,282.48,359.7
2.9433,19.622117678324383,0.0,15.271,282.48,359.7
2.9484,19.656036694844563,0.0,15.607,327.832,359.7
2.9581,19.720505078633625,0.0,15.607,327.832,359.7
2.9632,19.754379590352375,0.0,15.607,327.832,359.7
2.9687,19.791566530863445,0.0,15.607,327.832,359.7
2.9738,19.82542673746745,0.0,15.607,374.941,359.7
2.9800,19.866992632548016,0.0,15.607,374.941,359.7
2.9851,19.900843302408855,0.0,15.607,374.941,359.7
2.9902,19.93467966715495,0.0,15.607,374.941,359.7
2.9953,19.96850808461507,0.0,15.713,428.73,359.7
3.0042,20.02812226613363,0.0,15.713,428.73,359.7
3.0113,20.075012842814125,0.0,15.713,428.73,359.7
3.0164,20.10936896006266,0.0,15.713,428.73,359.7
3.0221,20.14763355255127,0.0,14.956,476.455,359.7
3.0282,20.18777370452881,0.0,14.956,476.455,359.7
3.0333,20.22191047668457,0.0,14.956,476.455,359.7
3.0384,20.256017049153648,0.0,14.956,476.455,359.7
3.0435,20.290025075276695,0.0,14.081,520.84,359.7
3.0521,20.34700552622477,0.0,14.081,520.84,359.7
3.0571,20.38093407948812,0.0,14.081,520.84,359.7
3.0622,20.41494528452555,0.0,14.081,520.84,359.7
3.0673,20.44893582661947,0.0,14.294,570.674,359.7
3.0782,20.52147706349691,0.0,14.294,570.674,359.7
3.0833,20.555481910705566,0.0,14.294,570.674,359.7
3.0884,20.589564641316734,0.0,15.31,617.52,359.7
3.0959,20.63931624094645,0.0,15.31,617.52,359.7
3.1010,20.673114458719887,0.0,15.31,617.52,359.7
3.1075,20.716629028320312,0.0,15.31,617.52,359.7
3.1126,20.750457445780434,0.0,16.063,673.594,359.7
3.1199,20.79904079437256,0.0,16.063,673.594,359.7
3.1249,20.83294709523519,0.0,16.063,673.594,359.7
3.1318,20.878918965657554,0.0,15.624,714.727,359.7
3.1398,20.93214511871338,0.0,15.624,714.727,359.7
3.1449,20.96595287322998,0.0,15.624,714.727,359.7
3.1500,20.999857584635414,0.0,15.624,714.727,359.7
3.1551,21.03372891743978,0.0,15.417,768.691,359.7
3.1638,21.091977755228676,0.0,15.417,768.691,359.7
3.1689,21.12581570943197,0.0,15.417,768.691,359.7
3.1740,21.159696578979492,0.0,15.417,768.691,359.7
3.1790,21.19349638621012,0.0,16.988,823.447,359.7
3.1868,21.245576540629067,0.0,16.988,823.447,359.7
3.1919,21.279369990030922,0.0,16.988,823.447,359.7
3.1970,21.313118934631348,0.0,17.25,871.26,359.7
3.2048,21.365148226420082,0.0,17.25,871.26,359.7
3.2113,21.40864372253418,0.0,17.25,871.26,359.7
3.2164,21.442513465881348,0.0,17.28,920.391,359.7
3.2248,21.498664220174156,0.0,17.28,920.391,359.7
3.2299,21.532514890034996,0.0,17.28,920.391,359.7
3.2350,21.566433906555176,0.0,17.28,920.391,359.7
3.2406,21.603802045186363,0.0,17.28,978.838,359.7
3.2488,21.658763885498047,0.0,17.28,978.838,359.7
3.2539,21.692638397216797,0.0,17.28,978.838,359.7
3.2590,21.726487477620445,0.0,17.769,1030.518,359.7
3.2688,21.792070070902504,0.0,17.769,1030.518,359.7
3.2739,21.82594140370687,0.0,17.769,1030.518,359.7
3.2790,21.859849294026695,0.0,17.769,1030.518,359.7
3.2841,21.893768310546875,0.0,17.769,1089.932,359.7
3.2949,21.96589469909668,0.0,17.769,1089.932,359.7
3.3000,21.999850273132324,0.0,17.769,1089.932,359.7
3.3051,22.03381061553955,0.0,17.583,1138.447,359.7
3.3128,22.085227966308594,0.0,17.583,1138.447,359.7
3.3179,22.11918830871582,0.0,17.583,1138.447,359.7
3.3230,22.15306123097738,0.0,17.583,1188.721,359.7
3.3327,22.218316396077476,0.0,17.583,1188.721,359.7
3.3378,22.25219885508219,0.0,17.583,1188.721,359.7
3.3429,22.28609244028727,0.0,17.583,1188.721,359.7
3.3485,22.323549588521324,0.0,17.668,1248.486,359.7
3.3567,22.378241221110024,0.0,17.668,1248.486,359.7
3.3618,22.41225083669027,0.0,17.668,1248.486,359.7
3.3669,22.446227073669434,0.0,17.836,1299.463,359.7
3.3767,22.511397997538246,0.0,17.836,1299.463,359.7
3.3818,22.54528204600016,0.0,17.836,1299.463,359.7
3.3869,22.579147020975746,0.0,17.836,1299.463,359.7
3.3920,22.61303265889486,0.0,18.097,1361.25,359.7
3.4007,22.67123063405355,0.0,18.097,1361.25,359.7
3.4077,22.718289693196617,0.0,18.097,1361.25,359.7
3.4128,22.752275466918945,0.0,18.097,1414.863,359.7
3.4217,22.811110814412437,0.0,18.097,1414.863,359.7
3.4267,22.844993273417153,0.0,18.097,1414.863,359.7
3.4318,22.878831227620445,0.0,18.097,1414.863,359.7
3.4369,22.91266759236654,0.0,18.363,1477.969,359.7
3.4456,22.970968882242836,0.0,18.363,1477.969,359.7
3.4507,23.004848162333168,0.0,18.363,1477.969,359.7
3.4558,23.038695653279625,0.0,18.363,1477.969,359.7
3.4614,23.076041539510094,0.0,18.82,1535.098,359.7
3.4674,23.116246859232582,0.0,18.82,1535.098,359.7
3.4725,23.15016269683838,0.0,18.82,1535.098,359.7
3.4776,23.18415641784668,0.0,18.82,1535.098,359.7
3.4827,23.218069076538086,0.0,19.105,1600.313,359.7
3.4907,23.271228472391762,0.0,19.105,1600.313,359.7
3.4958,23.305153846740723,0.0,19.105,1600.313,359.7
3.5009,23.3390204111735,0.0,19.105,1600.313,359.7
3.5075,23.383560180664062,0.0,18.548,1660.342,359.7
3.5168,23.445075352986656,0.0,18.548,1660.342,359.7
3.5219,23.479642868041992,0.0,18.548,1660.342,359.7
3.5271,23.51368268330892,0.0,18.725,1714.658,359.7
3.5346,23.56391270955404,0.0,18.725,1714.658,359.7
3.5397,23.597968419392906,0.0,18.725,1714.658,359.7
3.5448,23.632305463155113,0.0,18.725,1714.658,359.7
3.5500,23.66648038228353,0.0,18.798,1778.027,359.7
3.5586,23.724069595336914,0.0,18.798,1778.027,359.7
3.5637,23.75804583231608,0.0,18.798,1778.027,359.7
3.5705,23.80326430002848,0.0,19.454,1835.156,359.7
3.5786,23.857059478759766,0.0,19.454,1835.156,359.7
3.5837,23.89113108317057,0.0,19.454,1835.156,359.7
3.5888,23.925458590189614,0.0,19.454,1835.156,359.7
3.5939,23.95965258280436,0.0,20.173,1905.645,359.7
3.6025,24.016803105672203,0.0,20.173,1905.645,359.7
3.6091,24.060629208882652,0.0,20.173,1905.645,359.7
3.6142,24.094529151916504,0.0,20.094,1963.652,359.7
3.6264,24.175715446472168,0.0,20.094,1963.652,359.7
3.6314,24.2095947265625,0.0,20.094,1963.652,359.7
3.6365,24.243526458740234,0.0,19.934,2019.023,359.7
3.6436,24.29091294606527,0.0,19.934,2019.023,359.7
3.6487,24.324773152669273,0.0,19.934,2019.023,359.7
3.6538,24.358609517415367,0.0,19.934,2019.023,359.7
3.6589,24.392444292704262,0.0,20.312,2089.688,359.7
3.6674,24.449423154195152,0.0,20.312,2089.688,359.7
3.6725,24.483281771341957,0.0,20.312,2089.688,359.7
3.6776,24.51711972554525,0.0,20.312,2089.688,359.7
3.6832,24.554363886515297,0.0,20.728,2152.529,359.7
3.6892,24.59446748097738,0.0,20.728,2152.529,359.7
3.6942,24.628313382466636,0.0,20.728,2152.529,359.7
3.6993,24.66214815775553,0.0,21.262,2214.492,359.7
3.7086,24.72381909688314,0.0,21.262,2214.492,359.7
3.7153,24.768973986307778,0.0,21.262,2214.492,359.7
3.7204,24.80283419291178,0.0,21.262,2214.492,359.7
3.7255,24.8366641998291,0.0,21.195,2284.365,359.7
3.7353,24.90223248799642,0.0,21.195,2284.365,359.7
3.7404,24.9360990524292,0.0,21.195,2284.365,359.7
3.7455,24.969940185546875,0.0,20.585,2343.076,359.7
3.7535,25.02352555592855,0.0,20.585,2343.076,359.7
3.7586,25.057384173075356,0.0,20.585,2343.076,359.7
3.7637,25.091214179992676,0.0,20.585,2343.076,359.7
3.7688,25.125042597452797,0.0,20.898,2416.201,359.7
3.7773,25.182042121887207,0.0,20.898,2416.201,359.7
3.7824,25.21590232849121,0.0,20.898,2416.201,359.7
3.7880,25.253151257832847,0.0,20.898,2416.201,359.7
3.7931,25.28700510660807,0.0,20.996,2486.865,359.7
3.8015,25.343448321024574,0.0,20.996,2486.865,359.7
3.8083,25.3885825475057,0.0,20.996,2486.865,359.7
3.8134,25.422717730204262,0.0,20.996,2486.865,359.7
3.8185,25.45668919881185,0.0,20.805,2557.266,359.7
3.8255,25.50307273864746,0.0,20.805,2557.266,359.7
3.8305,25.5369504292806,0.0,20.805,2557.266,359.7
3.8356,25.570807456970215,0.0,20.805,2557.266,359.7
3.8407,25.604637463887535,0.0,22.18,2625.205,359.7
3.8484,25.655859311421715,0.0,22.18,2625.205,359.7
3.8535,25.689738591512047,0.0,22.18,2625.205,359.7
3.8585,25.723581314086914,0.0,22.256,2688.398,359.7
3.8662,25.77488899230957,0.0,22.256,2688.398,359.7
3.8713,25.808749198913574,0.0,22.256,2688.398,359.7
3.8764,25.84258715311686,0.0,22.256,2688.398,359.7
3.8815,25.87642033894857,0.0,21.581,2758.975,359.7
3.8902,25.934734344482422,0.0,21.581,2758.975,359.7
3.8958,25.972084999084473,0.0,21.581,2758.975,359.7
3.9009,26.00595315297445,0.0,21.62,2820.85,359.7
3.9102,26.06804847717285,0.0,21.62,2820.85,359.7
3.9153,26.10227108001709,0.0,21.62,2820.85,359.7
3.9204,26.13623936971029,0.0,21.62,2820.85,359.7
3.9255,26.17015520731608,0.0,22.364,2898.896,359.7
3.9342,26.22791131337484,0.0,22.364,2898.896,359.7
3.9393,26.26183032989502,0.0,22.364,2898.896,359.7
3.9444,26.295720736185707,0.0,22.364,2898.896,359.7
3.9494,26.329585711161293,0.0,22.923,2967.627,359.7
3.9571,26.380880673726402,0.0,22.923,2967.627,359.7
3.9622,26.41475041707357,0.0,22.923,2967.627,359.7
3.9673,26.448607444763184,0.0,23.494,3036.445,359.7
3.9752,26.501057942708336,0.0,23.494,3036.445,359.7
3.9803,26.53533617655436,0.0,23.494,3036.445,359.7
3.9854,26.569573084513344,0.0,23.494,3036.445,359.7
3.9905,26.603592236836754,0.0,22.924,3110.801,359.7
3.9991,26.660842895507812,0.0,22.924,3110.801,359.7
4.0047,26.69821262359619,0.0,22.924,3110.801,359.7
4.0114,26.7427126566569,0.0,22.924,3110.801,359.7
4.0166,26.777006785074867,0.0,22.768,3188.145,359.7
4.0231,26.820899645487465,0.0,22.768,3188.145,359.7
4.0283,26.855063438415527,0.0,22.768,3188.145,359.7
4.0334,26.88927332560221,0.0,22.974,3253.623,359.7
4.0431,26.95399761199951,0.0,22.974,3253.623,359.7
4.0482,26.988107363382973,0.0,22.974,3253.623,359.7
4.0533,27.022244135538735,0.0,22.974,3253.623,359.7
4.0591,27.060457865397133,0.0,23.575,3335.273,359.7
4.0671,27.114097277323403,0.0,23.575,3335.273,359.7
4.0722,27.148121198018394,0.0,23.575,3335.273,359.7
4.0773,27.182234128316246,0.0,23.209,3397.676,359.7
4.0870,27.246713638305664,0.0,23.209,3397.676,359.7
4.0921,27.280573844909668,0.0,23.209,3397.676,359.7
4.0972,27.314550081888832,0.0,23.209,3397.676,359.7
4.1023,27.34837373097738,0.0,22.165,3472.822,359.7
4.1149,27.4324639638265,0.0,22.165,3472.822,359.7
4.1199,27.46623992919922,0.0,22.165,3472.822,359.7
4.1250,27.499992052714028,0.0,22.682,3539.092,359.7
4.1319,27.545849482218422,0.0,22.682,3539.092,359.7
4.1369,27.57960478464762,0.0,22.682,3539.092,359.7
4.1420,27.613368034362793,0.0,23.318,3607.383,359.7
4.1519,27.679122289021812,0.0,23.318,3607.383,359.7
4.1569,27.71287441253662,0.0,23.318,3607.383,359.7
4.1620,27.746678988138832,0.0,23.318,3607.383,359.7
4.1671,27.780439058939614,0.0,24.216,3681.299,359.7
4.1758,27.838684717814125,0.0,24.216,3681.299,359.7
4.1809,27.87243207295736,0.0,24.216,3681.299,359.7
4.1859,27.906195322672524,0.0,24.073,3747.305,359.7
4.1928,27.952140172322594,0.0,24.073,3747.305,359.7
4.1979,27.98590977986654,0.0,24.073,3747.305,359.7
4.2030,28.01966667175293,0.0,24.073,3747.305,359.7
4.2094,28.062961896260582,0.0,23.348,3824.209,359.7
4.2168,28.112003008524574,0.0,23.348,3824.209,359.7
4.2238,28.158413569132485,0.0,23.348,3824.209,359.7
4.2288,28.192296028137207,0.0,23.757,3896.982,359.7
4.2378,28.252059618631996,0.0,23.757,3896.982,359.7
4.2429,28.286069234212242,0.0,23.757,3896.982,359.7
4.2480,28.319965998331703,0.0,23.757,3896.982,359.7
4.2531,28.353799184163414,0.0,24.786,3984.17,359.7
4.2618,28.41193517049154,0.0,24.786,3984.17,359.7
4.2669,28.445863723754883,0.0,24.786,3984.17,359.7
4.2720,28.479692141215004,0.0,24.786,3984.17,359.7
4.2770,28.513469696044922,0.0,25.116,4058.877,359.7
4.2857,28.57156753540039,0.0,25.116,4058.877,359.7
4.2908,28.605562845865883,0.0,25.116,4058.877,359.7
4.2959,28.639516830444336,0.0,24.921,4127.871,359.7
4.3028,28.685061136881508,0.0,24.921,4127.871,359.7
4.3093,28.728957176208496,0.0,24.921,4127.871,359.7
4.3144,28.762879371643066,0.0,24.672,4197.48,359.7
4.3227,28.81822427113851,0.0,24.672,4197.48,359.7
4.3279,28.852389653523765,0.0,24.672,4197.48,359.7
4.3339,28.89262835184733,0.0,24.672,4197.48,359.7
4.3391,28.927156130472817,0.0,26.162,4290.732,359.7
4.3467,28.97810935974121,0.0,26.162,4290.732,359.7
4.3518,29.012045860290527,0.0,26.162,4290.732,359.7
4.3569,29.046174685160317,0.0,26.125,4363.857,359.7
4.3668,29.111789067586265,0.0,26.125,4363.857,359.7
4.3719,29.14578596750895,0.0,26.125,4363.857,359.7
4.3769,29.17958895365397,0.0,26.125,4363.857,359.7
4.3820,29.21336809794108,0.0,26.604,4446.826,359.7
4.3907,29.271163940429688,0.0,26.604,4446.826,359.7
4.3957,29.304954210917153,0.0,26.604,4446.826,359.7
4.4008,29.338738123575844,0.0,25.943,4516.699,359.7
4.4088,29.392177263895668,0.0,25.943,4516.699,359.7
4.4139,29.426182111104332,0.0,25.943,4516.699,359.7
4.4190,29.46028709411621,0.0,25.943,4516.699,359.7
4.4241,29.494258562723793,0.0,26.513,4609.951,359.7
4.4327,29.551342328389488,0.0,26.513,4609.951,359.7
4.4407,29.604419072469078,0.0,26.513,4609.951,359.7
4.4457,29.638331731160484,0.0,27.21,4695.908,359.7
4.4549,29.699387550354004,0.0,27.21,4695.908,359.7
4.4600,29.733284314473472,0.0,27.21,4695.908,359.7
4.4651,29.767142931620278,0.0,27.874,4776.592,359.7
4.4747,29.831056594848633,0.0,27.874,4776.592,359.7
4.4797,29.86497243245443,0.0,27.874,4776.592,359.7
4.4848,29.89893913269043,0.0,27.874,4776.592,359.7
4.4899,29.93285814921061,0.0,27.82,4857.1,359.7
4.4976,29.984326362609863,0.0,27.82,4857.1,359.7
4.5027,30.018229484558105,0.0,27.82,4857.1,359.7
4.5094,30.06281534830729,0.0,27.111,4931.279,359.7
4.5157,30.10474999745687,0.0,27.111,4931.279,359.7
4.5208,30.138955116271973,0.0,27.111,4931.279,359.7
4.5259,30.17289320627848,0.0,27.111,4931.279,359.7
4.5310,30.206772486368813,0.0,27.112,5023.828,359.7
4.5396,30.26399930318197,0.0,27.112,5023.828,359.7
4.5447,30.297881762186684,0.0,27.112,5023.828,359.7
4.5503,30.335238774617515,0.0,27.112,5023.828,359.7
4.5554,30.369111696879067,0.0,27.716,5111.455,359.7
4.5616,30.41050910949707,0.0,27.716,5111.455,359.7
4.5667,30.44438044230143,0.0,27.716,5111.455,359.7
4.5717,30.478226343790688,0.0,27.475,5186.426,359.7
4.5816,30.543742179870605,0.0,27.475,5186.426,359.7
4.5866,30.577608744303383,0.0,27.475,5186.426,359.7
4.5917,30.611459414164223,0.0,27.475,5186.426,359.7
4.5968,30.645289421081543,0.0,27.475,5186.426,359.7
4.6024,30.682589213053383,0.0,26.462,5273.086,359.7
4.6099,30.732696851094566,0.0,26.462,5273.086,359.7
4.6150,30.766568183898926,0.0,26.462,5273.086,359.7
4.6201,30.800412495930992,0.0,27.537,5354.736,359.7
4.6261,30.840551058451332,0.0,27.537,5354.736,359.7
4.6312,30.874411265055336,0.0,27.537,5354.736,359.7
4.6362,30.908255577087402,0.0,27.537,5354.736,359.7
4.6413,30.942088762919106,0.0,29.288,5459.414,359.7
4.6495,30.996688206990562,0.0,29.288,5459.414,359.7
4.6546,31.030550003051758,0.0,29.288,5459.414,359.7
4.6602,31.067859331766762,0.0,29.288,5459.414,359.7
4.6653,31.101722717285156,0.0,29.741,5558.73,359.7
4.6737,31.1578369140625,0.0,29.741,5558.73,359.7
4.6788,31.191701889038086,0.0,29.741,5558.73,359.7
4.6838,31.225547790527344,0.0,28.988,5638.096,359.7
4.6937,31.29100958506266,0.0,28.988,5638.096,359.7
4.6987,31.324993769327797,0.0,28.988,5638.096,359.7
4.7039,31.35910987854004,0.0,29.53,5740.4,359.7
4.7174,31.449621518452965,0.0,29.53,5740.4,359.7
4.7225,31.483596165974937,0.0,29.53,5740.4,359.7
4.7277,31.517717043558754,0.0,30.286,5828.555,359.7
4.7374,31.582837104797363,0.0,30.286,5828.555,359.7
4.7425,31.616724332173668,0.0,30.286,5828.555,359.7
4.7476,31.650567054748535,0.0,30.286,5828.555,359.7
4.7527,31.684412956237793,0.0,29.212,5922.07,359.7
4.7614,31.742634773254395,0.0,29.212,5922.07,359.7
4.7665,31.776510874430336,0.0,29.212,5922.07,359.7
4.7721,31.81396325429281,0.0,29.212,5922.07,359.7
4.7772,31.84784253438314,0.0,29.526,6013.037,359.7
4.7832,31.888155937194824,0.0,29.526,6013.037,359.7
4.7883,31.922027269999184,0.0,29.526,6013.037,359.7
4.7934,31.955936749776207,0.0,29.526,6013.037,359.7
4.7985,31.989798545837402,0.0,29.487,6111.035,359.7
4.8064,32.042484283447266,0.0,29.487,6111.035,359.7
4.8130,32.086456616719566,0.0,29.487,6111.035,359.7
4.8181,32.12035814921061,0.0,29.412,6194.004,359.7
4.8264,32.17585881551107,0.0,29.412,6194.004,359.7
4.8315,32.209741274515785,0.0,29.412,6194.004,359.7
4.8365,32.243590354919434,0.0,29.412,6194.004,359.7
4.8416,32.27743625640869,0.0,28.471,6286.904,359.7
4.8505,32.33699162801107,0.0,28.471,6286.904,359.7
4.8556,32.37085978190104,0.0,28.471,6286.904,359.7
4.8607,32.404702504475914,0.0,29.296,6374.092,359.7
4.8705,32.470130920410156,0.0,29.296,6374.092,359.7
4.8756,32.504049936930336,0.0,29.296,6374.092,359.7
4.8812,32.54141330718994,0.0,29.296,6374.092,359.7
4.8863,32.57528146107992,0.0,30.972,6474.814,359.7
4.8923,32.61537233988444,0.0,30.972,6474.814,359.7
4.8974,32.64923413594564,0.0,30.972,6474.814,359.7
4.9025,32.68308162689209,0.0,30.972,6474.814,359.7
4.9090,32.726802825927734,0.0,30.44,6573.34,359.7
4.9163,32.77510325113932,0.0,30.44,6573.34,359.7
4.9213,32.808963457743324,0.0,30.44,6573.34,359.7
4.9264,32.842909495035805,0.0,30.44,6573.34,359.7
4.9323,32.882302602132164,0.0,29.85,6660.176,359.7
4.9384,32.922614415486656,0.0,29.85,6660.176,359.7
4.9435,32.95670827229818,0.0,29.85,6660.176,359.7
4.9486,32.99065113067627,0.0,29.652,6743.936,359.7
4.9572,33.04822603861491,0.0,29.652,6743.936,359.7
4.9623,33.08209101359049,0.0,29.652,6743.936,359.7
4.9674,33.11596711476644,0.0,29.652,6743.936,359.7
4.9725,33.14982891082764,0.0,31.048,6853.887,359.7
4.9812,33.20805390675863,0.0,31.048,6853.887,359.7
4.9868,33.24556986490885,0.0,31.048,6853.887,359.7
4.9919,33.279452323913574,0.0,31.048,6853.887,359.7
4.9970,33.31330935160319,0.0,31.914,6949.072,359.7
5.0030,33.35360844930013,0.0,31.914,6949.072,359.7
5.0099,33.3990478515625,0.0,31.914,6949.072,359.7
5.0150,33.43320528666178,0.0,31.914,6949.072,359.7
5.0201,33.46734046936035,0.0,30.88,7050.059,359.7
5.0262,33.50783665974935,0.0,30.88,7050.059,359.7
5.0313,33.541930516560875,0.0,30.88,7050.059,359.7
5.0364,33.57587814331055,0.0,30.88,7050.059,359.7
5.0420,33.613526026407875,0.0,31.373,7144.629,359.7
5.0480,33.65316390991211,0.0,31.373,7144.629,359.7
5.0531,33.68708292643229,0.0,31.373,7144.629,359.7
5.0581,33.72094313303629,0.0,31.373,7144.629,359.7
5.0632,33.75478903452555,0.0,31.699,7253.262,359.7
5.0711,33.80751132965088,0.0,31.699,7253.262,359.7
5.0762,33.84138743082682,0.0,31.699,7253.262,359.7
5.0813,33.87526035308838,0.0,31.699,7253.262,359.7
5.0864,33.90918254852295,0.0,31.626,7358.203,359.7
5.0971,33.98064613342285,0.0,31.626,7358.203,359.7
5.1022,34.014550844828285,0.0,31.626,7358.203,359.7
5.1088,34.05864238739014,0.0,31.726,7448.994,359.7
5.1151,34.1005802154541,0.0,31.726,7448.994,359.7
5.1202,34.13445472717285,0.0,31.726,7448.994,359.7
5.1252,34.16830857594808,0.0,31.726,7448.994,359.7
5.1303,34.20215447743734,0.0,32.309,7559.121,359.7
5.1391,34.26039854685465,0.0,32.309,7559.121,359.7
5.1441,34.29426352183024,0.0,32.309,7559.121,359.7
5.1497,34.33156649271647,0.0,32.309,7559.121,359.7
5.1548,34.365552266438804,0.0,32.476,7655.713,359.7
5.1609,34.40630276997884,0.0,32.476,7655.713,359.7
5.1660,34.440298080444336,0.0,32.476,7655.713,359.7
5.1711,34.47416623433431,0.0,32.317,7745.713,359.7
5.1800,34.533494313557945,0.0,32.317,7745.713,359.7
5.1851,34.56738154093424,0.0,32.317,7745.713,359.7
5.1902,34.6013069152832,0.0,32.317,7745.713,359.7
5.1953,34.63516712188721,0.0,32.826,7862.871,359.7
5.2070,34.71337159474691,0.0,32.826,7862.871,359.7
5.2138,34.75863138834635,0.0,32.826,7862.871,359.7
5.2189,34.79249954223633,0.0,32.148,7949.883,359.7
5.2250,34.83326276143392,0.0,32.148,7949.883,359.7
5.2301,34.86712773640951,0.0,32.148,7949.883,359.7
5.2351,34.90097522735596,0.0,31.966,8039.883,359.7
5.2450,34.96643225351969,0.0,31.966,8039.883,359.7
5.2500,35.00030994415283,0.0,31.966,8039.883,359.7
5.2551,35.034168561299644,0.0,31.966,8039.883,359.7
5.2607,35.07146040598551,0.0,31.966,8138.848,359.7
5.2670,35.11300245920817,0.0,31.966,8138.848,359.7
5.2720,35.146872202555336,0.0,31.966,8138.848,359.7
5.2771,35.1807165145874,0.0,31.966,8138.848,359.7
5.2822,35.21455764770508,0.0,33.473,8257.939,359.7
5.2911,35.27412096659342,0.0,33.473,8257.939,359.7
5.2962,35.308168729146324,0.0,33.473,8257.939,359.7
5.3013,35.34217357635498,0.0,34.78,8364.287,359.7
5.3140,35.42673587799072,0.0,34.78,8364.287,359.7
5.3191,35.46061356862386,0.0,34.78,8364.287,359.7
5.3242,35.494462649027504,0.0,34.579,8459.297,359.7
5.3319,35.545899073282875,0.0,34.579,8459.297,359.7
5.3370,35.5797815322876,0.0,34.579,8459.297,359.7
5.3420,35.61363379160563,0.0,34.579,8459.297,359.7
5.3471,35.647476514180504,0.0,34.223,8574.609,359.7
5.3561,35.7071320215861,0.0,34.223,8574.609,359.7
5.3612,35.741001764933266,0.0,34.223,8574.609,359.7
5.3662,35.77495098114014,0.0,34.223,8574.609,359.7
5.3717,35.81111590067545,0.0,35.487,8688.691,359.7
5.3779,35.852532386779785,0.0,35.487,8688.691,359.7
5.3830,35.88650385538737,0.0,35.487,8688.691,359.7
5.3881,35.92040697733561,0.0,35.487,8688.691,359.7
5.3931,35.95428466796875,0.0,34.355,8798.467,359.7
5.4019,36.01254463195801,0.0,34.355,8798.467,359.7
5.4085,36.05653603871664,0.0,34.355,8798.467,359.7
5.4136,36.09062353769938,0.0,34.083,8896.201,359.7
5.4239,36.159491539001465,0.0,34.083,8896.201,359.7
5.4290,36.19340737660726,0.0,34.083,8896.201,359.7
5.4341,36.22730255126953,0.0,34.32,8992.793,359.7
5.4418,36.27858320871989,0.0,34.32,8992.793,359.7
5.4469,36.312479972839355,0.0,34.32,8992.793,359.7
5.4520,36.34636402130127,0.0,34.32,8992.793,359.7
5.4570,36.38023058573405,0.0,35.002,9113.467,359.7
5.4658,36.43838087717692,0.0,35.002,9113.467,359.7
5.4708,36.47233168284098,0.0,35.002,9113.467,359.7
5.4759,36.506215731302895,0.0,35.002,9113.467,359.7
5.4815,36.54356320699056,0.0,34.813,9219.902,359.7
5.4877,36.58494790395101,0.0,34.813,9219.902,359.7
5.4928,36.61883036295573,0.0,34.813,9219.902,359.7
5.4979,36.65271123250326,0.0,35.215,9320.449,359.7
5.5079,36.71951134999593,0.0,35.215,9320.449,359.7
5.5148,36.76518599192301,0.0,35.215,9320.449,359.7
5.5199,36.79935932159424,0.0,35.215,9320.449,359.7
5.5250,36.83358987172445,0.0,35.339,9440.068,359.7
5.5338,36.892051696777344,0.0,35.339,9440.068,359.7
5.5389,36.92596435546875,0.0,35.339,9440.068,359.7
5.5440,36.95984681447347,0.0,34.932,9536.221,359.7
5.5517,37.01120376586914,0.0,34.932,9536.221,359.7
5.5568,37.04516092936198,0.0,34.932,9536.221,359.7
5.5619,37.079056104024254,0.0,35.988,9643.096,359.7
5.5717,37.144503593444824,0.0,35.988,9643.096,359.7
5.5768,37.17838923136393,0.0,35.988,9643.096,359.7
5.5838,37.22501595815023,0.0,36.065,9749.004,359.7
5.5926,37.284231185913086,0.0,36.065,9749.004,359.7
5.5977,37.31813112894694,0.0,36.065,9749.004,359.7
5.6028,37.35201040903727,0.0,36.065,9749.004,359.7
5.6094,37.39571730295817,0.0,36.791,9874.248,359.7
5.6166,37.444162368774414,0.0,36.791,9874.248,359.7
5.6217,37.478065490722656,0.0,36.791,9874.248,359.7
5.6268,37.511940002441406,0.0,36.791,9874.248,359.7
5.6319,37.545809745788574,0.0,36.258,9979.717,359.7
5.6397,37.59804089864095,0.0,36.258,9979.717,359.7
5.6448,37.63192335764567,0.0,36.258,9979.717,359.7
5.6499,37.66578992207845,0.0,36.475,10083.779,359.7
5.6576,37.7174186706543,0.0,36.475,10083.779,359.7
5.6627,37.751315434773765,0.0,36.475,10083.779,359.7
5.6678,37.78519789377848,0.0,36.475,10083.779,359.7
5.6729,37.81904856363932,0.0,36.64,10206.65,359.7
5.6818,37.87848472595215,0.0,36.64,10206.65,359.7
5.6869,37.912472089131676,0.0,36.64,10206.65,359.7
5.6925,37.949814796447754,0.0,36.101,10306.406,359.7
5.7016,38.01049073537191,0.0,36.101,10306.406,359.7
5.7081,38.05422147115072,0.0,36.101,10306.406,359.7
5.7132,38.088111877441406,0.0,36.101,10306.406,359.7
5.7183,38.12199592590332,0.0,36.069,10429.717,359.7
5.7257,38.17147890726725,0.0,36.069,10429.717,359.7
5.7308,38.20538520812988,0.0,36.069,10429.717,359.7
5.7359,38.23925654093424,0.0,36.069,10429.717,359.7
5.7410,38.273116747538246,0.0,37.691,10565.332,359.7
5.7525,38.350021044413246,0.0,37.691,10565.332,359.7
5.7576,38.38391621907552,0.0,37.691,10565.332,359.7
5.7627,38.41780026753744,0.0,37.691,10672.471,359.7
5.7705,38.4701951344808,0.0,37.691,10672.471,359.7
5.7756,38.50407600402832,0.0,37.691,10672.471,359.7
5.7807,38.53793144226074,0.0,37.691,10672.471,359.7
5.7858,38.5718043645223,0.0,37.825,10801.582,359.7
5.7947,38.63110860188802,0.0,37.825,10801.582,359.7
5.8003,38.6683718363444,0.0,37.825,10801.582,359.7
5.8070,38.71352990468343,0.0,37.825,10801.582,359.7
5.8121,38.74753634134928,0.0,38.612,10934.209,359.7
5.8185,38.79012584686279,0.0,38.612,10934.209,359.7
5.8236,38.82420063018799,0.0,38.612,10934.209,359.7
5.8287,38.85826746622721,0.0,38.612,10934.209,359.7
5.8338,38.89218966166178,0.0,38.535,11063.232,359.7
5.8425,38.94974231719971,0.0,38.535,11063.232,359.7
5.8476,38.983825047810875,0.0,38.535,11063.232,359.7
5.8527,39.01819864908854,0.0,38.535,11063.232,359.7
5.8585,39.0564759572347,0.0,37.871,11188.564,359.7
5.8664,39.10965124766032,0.0,37.871,11188.564,359.7
5.8715,39.14356231689453,0.0,37.871,11188.564,359.7
5.8766,39.177470207214355,0.0,37.779,11294.648,359.7
5.8864,39.24276351928711,0.0,37.779,11294.648,359.7
5.8915,39.2767333984375,0.0,37.779,11294.648,359.7
5.8966,39.310646057128906,0.0,37.779,11294.648,359.7
5.9017,39.34458573659261,0.0,37.696,11421.475,359.7
5.9133,39.42197322845459,0.0,37.696,11421.475,359.7
5.9184,39.455933570861816,0.0,37.696,11421.475,359.7
5.9235,39.48983192443848,0.0,37.033,11524.658,359.7
5.9304,39.535929361979164,0.0,37.033,11524.658,359.7
5.9355,39.56984837849935,0.0,37.033,11524.658,359.7
5.9406,39.60371812184652,0.0,37.033,11524.658,359.7
5.9457,39.6376895904541,0.0,39.047,11662.471,359.7
5.9543,39.69565391540527,0.0,39.047,11662.471,359.7
5.9594,39.72957293192545,0.0,39.047,11662.471,359.7
5.9664,39.77597236633301,0.0,38.216,11771.631,359.7
5.9753,39.8354705174764,0.0,38.216,11771.631,359.7
5.9804,39.869373639424644,0.0,38.216,11771.631,359.7
5.9855,39.90325927734375,0.0,38.216,11771.631,359.7
5.9906,39.93715445200602,0.0,39.107,11908.564,359.7
5.9993,39.995385805765785,0.0,39.107,11908.564,359.7
0.0000,40.0,0.0,39.107,11908.564,359.7
0.0066,40.0,0.0,39.629,12041.895,359.7
0.0187,40.0,0.0,39.629,12041.895,359.7
0.0238,40.0,0.0,39.629,12041.895,359.7
0.0289,40.0,0.0,39.629,12041.895,359.7
0.0339,40.0,0.0,38.284,12167.139,359.7
0.0426,40.0,0.0,38.284,12167.139,359.7
0.0476,40.0,0.0,38.284,12167.139,359.7
0.0527,40.0,0.0,39.46,12284.209,359.7
0.0626,40.0,0.0,39.46,12284.209,359.7
0.0676,40.0,0.0,39.46,12284.209,359.7
0.0729,40.0,0.0,39.46,12284.209,359.7
0.0780,40.0,0.0,39.516,12403.916,359.7
0.0845,40.0,0.0,39.516,12403.916,359.7
0.0896,40.0,0.0,39.516,12403.916,359.7
0.0947,40.0,0.0,39.516,12403.916,359.7
0.0997,40.0,0.0,39.689,12539.707,359.7
0.1085,40.0,0.0,39.689,12539.707,359.7
0.1151,40.0,0.0,39.689,12539.707,359.7
0.1201,40.0,0.0,40.471,12661.787,359.7
0.1295,40.0,0.0,40.471,12661.787,359.7
0.1346,40.0,0.0,40.471,12661.787,359.7
0.1397,40.0,0.0,40.066,12771.826,359.7
0.1495,40.0,0.0,40.066,12771.826,359.7
0.1546,40.0,0.0,40.066,12771.826,359.7
0.1597,40.0,0.0,40.066,12771.826,359.7
0.1648,40.0,0.0,39.008,12900.322,359.7
0.1735,40.0,0.0,39.008,12900.322,359.7
0.1788,40.0,0.0,39.008,12900.322,359.7
0.1838,40.0,0.0,39.008,12900.322,359.7
0.1889,40.0,0.0,39.076,13016.514,359.7
0.1945,40.0,0.0,39.076,13016.514,359.7
0.1996,40.0,0.0,39.076,13016.514,359.7
0.2047,40.0,0.0,39.076,13016.514,359.7
0.2113,40.0,0.0,39.3,13149.492,359.7
0.2185,40.0,0.0,39.3,13149.492,359.7
0.2236,40.0,0.0,39.3,13149.492,359.7
0.2287,40.0,0.0,39.3,13149.492,359.7
0.2342,40.0,0.0,37.763,13253.906,359.7
0.2400,40.0,0.0,37.763,13253.906,359.7
0.2451,40.0,0.0,37.763,13253.906,359.7
0.2502,40.0,0.0,37.763,13253.906,359.7
0.2553,40.0,0.0,39.854,13399.717,359.7
0.2635,40.0,0.0,39.854,13399.717,359.7
0.2685,40.0,0.0,39.854,13399.717,359.7
0.2736,40.0,0.0,39.854,13399.717,359.7
0.2787,40.0,0.0,39.603,13529.092,359.7
0.2894,40.0,0.0,39.603,13529.092,359.7
0.2946,40.0,0.0,39.603,13529.092,359.7
0.2998,40.0,0.0,39.603,13529.092,359.7
0.3049,40.0,0.0,39.46,13663.916,359.7
0.3125,40.0,0.0,39.46,13663.916,359.7
0.3176,40.0,0.0,39.46,13663.916,359.7
0.3227,40.0,0.0,39.46,13663.916,359.7
0.3278,40.0,0.0,40.587,13804.102,359.7
0.3354,40.0,0.0,40.587,13804.102,359.7
0.3414,40.0,0.0,40.587,13804.102,359.7
0.3466,40.0,0.0,38.953,13906.055,359.7
0.3554,40.0,0.0,38.953,13906.055,359.7
0.3605,40.0,0.0,38.953,13906.055,359.7
0.3656,40.0,0.0,38.953,13906.055,359.7
0.3707,40.0,0.0,39.559,14044.395,359.7
0.3794,40.0,0.0,39.559,14044.395,359.7
0.3845,40.0,0.0,39.559,14044.395,359.7
0.3895,40.0,0.0,39.779,14153.906,359.7
0.3994,40.0,0.0,39.779,14153.906,359.7
0.4045,40.0,0.0,39.779,14153.906,359.7
0.4111,40.0,0.0,39.779,14153.906,359.7
0.4161,40.0,0.0,38.561,14282.139,359.7
0.4233,40.0,0.0,38.561,14282.139,359.7
0.4284,40.0,0.0,38.561,14282.139,359.7
0.4335,40.0,0.0,38.561,14282.139,359.7
0.4386,40.0,0.0,40.11,14423.115,359.7
0.4473,40.0,0.0,40.11,14423.115,359.7
0.4529,40.0,0.0,40.11,14423.115,359.7
0.4580,40.0,0.0,40.11,14423.115,359.7
0.4631,40.0,0.0,39.661,14536.055,359.7
0.4692,40.0,0.0,39.661,14536.055,359.7
0.4743,40.0,0.0,39.661,14536.055,359.7
0.4794,40.0,0.0,39.661,14536.055,359.7
0.4845,40.0,0.0,38.813,14666.484,359.7
0.4923,40.0,0.0,38.813,14666.484,359.7
0.4974,40.0,0.0,38.813,14666.484,359.7
0.5033,40.0,0.0,38.813,14666.484,359.7
0.5100,40.0,0.0,39.458,14800.693,359.7
0.5163,40.0,0.0,39.458,14800.693,359.7
0.5215,40.0,0.0,39.458,14800.693,359.7
0.5265,40.0,0.0,38.72,14906.689,359.7
0.5362,40.0,0.0,38.72,14906.689,359.7
0.5413,40.0,0.0,38.72,14906.689,359.7
0.5464,40.0,0.0,38.72,14906.689,359.7
0.5515,40.0,0.0,38.493,15020.068,359.7
0.5577,40.0,0.0,38.493,15020.068,359.7
0.5633,40.0,0.0,38.493,15020.068,359.7
0.5684,40.0,0.0,38.938,15138.018,359.7
0.5782,40.0,0.0,38.938,15138.018,359.7
0.5834,40.0,0.0,38.938,15138.018,359.7
0.5885,40.0,0.0,38.938,15138.018,359.7
0.5936,40.0,0.0,39.939,15274.512,359.7
0.6022,40.0,0.0,39.939,15274.512,359.7
0.6088,40.0,0.0,39.939,15274.512,359.7
0.6144,40.0,0.0,39.941,15388.242,359.7
0.6222,40.0,0.0,39.941,15388.242,359.7
0.6273,40.0,0.0,39.941,15388.242,359.7
0.6324,40.0,0.0,39.941,15388.242,359.7
0.6374,40.0,0.0,40.347,15523.945,359.7
0.6461,40.0,0.0,40.347,15523.945,359.7
0.6512,40.0,0.0,40.347,15523.945,359.7
0.6563,40.0,0.0,40.347,15523.945,359.7
0.6614,40.0,0.0,39.46,15636.621,359.7
0.6676,40.0,0.0,39.46,15636.621,359.7
0.6732,40.0,0.0,39.46,15636.621,359.7
0.6783,40.0,0.0,38.167,15745.957,359.7
0.6881,40.0,0.0,38.167,15745.957,359.7
0.6932,40.0,0.0,38.167,15745.957,359.7
0.6983,40.0,0.0,38.167,15745.957,359.7
0.7034,40.0,0.0,39.66,15886.494,359.7
0.7121,40.0,0.0,39.66,15886.494,359.7
0.7172,40.0,0.0,39.66,15886.494,359.7
0.7231,40.0,0.0,39.66,15886.494,359.7
0.7282,40.0,0.0,39.234,16014.814,359.7
0.7361,40.0,0.0,39.234,16014.814,359.7
0.7411,40.0,0.0,39.234,16014.814,359.7
0.7462,40.0,0.0,39.625,16128.984,359.7
0.7560,40.0,0.0,39.625,16128.984,359.7
0.7611,40.0,0.0,39.625,16128.984,359.7
0.7662,40.0,0.0,39.625,16128.984,359.7
0.7713,40.0,0.0,40.486,16250.889,359.7
0.7791,40.0,0.0,40.486,16250.889,359.7
0.7842,40.0,0.0,40.486,16250.889,359.7
0.7893,40.0,0.0,39.908,16359.258,359.7
0.7971,40.0,0.0,39.908,16359.258,359.7
0.8022,40.0,0.0,39.908,16359.258,359.7
0.8088,40.0,0.0,38.913,16466.836,359.7
0.8170,40.0,0.0,38.913,16466.836,359.7
0.8221,40.0,0.0,38.913,16466.836,359.7
0.8272,40.0,0.0,39.431,16585.137,359.7
0.8380,40.0,0.0,39.431,16585.137,359.7
0.8431,40.0,0.0,39.431,16585.137,359.7
0.8481,40.0,0.0,39.431,16585.137,359.7
0.8532,40.0,0.0,38.889,16713.369,359.7
0.8622,40.0,0.0,38.889,16713.369,359.7
0.8672,40.0,0.0,38.889,16713.369,359.7
0.8723,40.0,0.0,38.629,16821.826,359.7
0.8849,40.0,0.0,38.629,16821.826,359.7
0.8900,40.0,0.0,38.629,16821.826,359.7
0.8951,40.0,0.0,38.629,16821.826,359.7
0.9002,40.0,0.0,39.876,16961.133,359.7
0.9077,40.0,0.0,39.876,16961.133,359.7
0.9129,40.0,0.0,39.876,16961.133,359.7
0.9180,40.0,0.0,39.876,16961.133,359.7
0.9231,40.0,0.0,39.798,17093.672,359.7
0.9299,40.0,0.0,39.798,17093.672,359.7
0.9350,40.0,0.0,39.798,17093.672,359.7
0.9407,40.0,0.0,40.299,17209.775,359.7
0.9499,40.0,0.0,40.299,17209.775,359.7
0.9550,40.0,0.0,40.299,17209.775,359.7
0.9601,40.0,0.0,40.299,17209.775,359.7
0.9652,40.0,0.0,40.176,17343.193,359.7
0.9739,40.0,0.0,40.176,17343.193,359.7
0.9790,40.0,0.0,40.176,17343.193,359.7
0.9840,40.0,0.0,39.117,17449.453,359.7
0.9960,40.0,0.0,39.117,17449.453,359.7
1.0010,40.0,0.0,39.117,17449.453,359.7
1.0077,40.0,0.0,38.41,17556.592,359.7
1.0139,40.0,0.0,38.41,17556.592,359.7
1.0190,40.0,0.0,38.41,17556.592,359.7
1.0243,40.0,0.0,38.41,17556.592,359.7
1.0294,40.0,0.0,38.214,17683.418,359.7
1.0380,40.0,0.0,38.214,17683.418,359.7
1.0431,40.0,0.0,38.214,17683.418,359.7
1.0498,40.0,0.0,38.304,17798.994,359.7
1.0588,40.0,0.0,38.304,17798.994,359.7
1.0639,40.0,0.0,38.304,17798.994,359.7
1.0689,40.0,0.0,39.634,17915.098,359.7
1.0787,40.0,0.0,39.634,17915.098,359.7
1.0838,40.0,0.0,39.634,17915.098,359.7
1.0889,40.0,0.0,39.634,17915.098,359.7
1.0940,40.0,0.0,40.967,18057.041,359.7
1.1048,40.0,0.0,40.967,18057.041,359.7
1.1117,40.0,0.0,40.967,18057.041,359.7
1.1168,40.0,0.0,40.874,18170.244,359.7
1.1230,40.0,0.0,40.874,18170.244,359.7
1.1280,40.0,0.0,40.874,18170.244,359.7
1.1331,40.0,0.0,40.874,18170.244,359.7
1.1382,40.0,0.0,39.429,18298.564,359.7
1.1467,40.0,0.0,39.429,18298.564,359.7
1.1518,40.0,0.0,39.429,18298.564,359.7
1.1588,40.0,0.0,38.967,18418.623,359.7
1.1687,40.0,0.0,38.967,18418.623,359.7
1.1737,40.0,0.0,38.967,18418.623,359.7
1.1788,40.0,0.0,38.967,18418.623,359.7
1.1839,40.0,0.0,39.243,18552.393,359.7
1.1927,40.0,0.0,39.243,18552.393,359.7
1.1977,40.0,0.0,39.243,18552.393,359.7
1.2028,40.0,0.0,38.55,18657.246,359.7
1.2147,40.0,0.0,38.55,18657.246,359.7
1.2198,40.0,0.0,38.55,18657.246,359.7
1.2249,40.0,0.0,39.273,18771.24,359.7
1.2326,40.0,0.0,39.273,18771.24,359.7
1.2377,40.0,0.0,39.273,18771.24,359.7
1.2428,40.0,0.0,39.273,18771.24,359.7
1.2479,40.0,0.0,39.582,18905.361,359.7
1.2566,40.0,0.0,39.582,18905.361,359.7
1.2617,40.0,0.0,39.582,18905.361,359.7
1.2695,40.0,0.0,39.582,18905.361,359.7
1.2746,40.0,0.0,39.565,19038.867,359.7
1.2806,40.0,0.0,39.565,19038.867,359.7
1.2857,40.0,0.0,39.565,19038.867,359.7
1.2908,40.0,0.0,39.565,19038.867,359.7
1.2959,40.0,0.0,39.714,19173.252,359.7
1.3046,40.0,0.0,39.714,19173.252,359.7
1.3114,40.0,0.0,39.714,19173.252,359.7
1.3165,40.0,0.0,38.679,19277.754,359.7
1.3266,40.0,0.0,38.679,19277.754,359.7
1.3317,40.0,0.0,38.679,19277.754,359.7
1.3367,40.0,0.0,38.725,19388.672,359.7
1.3445,40.0,0.0,38.725,19388.672,359.7
1.3496,40.0,0.0,38.725,19388.672,359.7
1.3547,40.0,0.0,38.725,19388.672,359.7
1.3598,40.0,0.0,38.967,19519.98,359.7
1.3685,40.0,0.0,38.967,19519.98,359.7
1.3741,40.0,0.0,38.967,19519.98,359.7
1.3792,40.0,0.0,38.967,19519.98,359.7
1.3843,40.0,0.0,39.406,19655.508,359.7
1.3925,40.0,0.0,39.406,19655.508,359.7
1.3976,40.0,0.0,39.406,19655.508,359.7
1.4026,40.0,0.0,39.406,19655.508,359.7
1.4095,40.0,0.0,40.104,19793.32,359.7
1.4165,40.0,0.0,40.104,19793.32,359.7
1.4216,40.0,0.0,40.104,19793.32,359.7
1.4275,40.0,0.0,40.428,19907.314,359.7
1.4364,40.0,0.0,40.428,19907.314,359.7
1.4415,40.0,0.0,40.428,19907.314,359.7
1.4466,40.0,0.0,40.428,19907.314,359.7
1.4517,40.0,0.0,40.005,20040.469,359.7
1.4604,40.0,0.0,40.005,20040.469,359.7
1.4655,40.0,0.0,40.005,20040.469,359.7
1.4706,40.0,0.0,39.485,20149.893,359.7
1.4825,40.0,0.0,39.485,20149.893,359.7
1.4876,40.0,0.0,39.485,20149.893,359.7
1.4927,40.0,0.0,38.79,20256.416,359.7
1.5004,40.0,0.0,38.79,20256.416,359.7
1.5070,40.0,0.0,38.79,20256.416,359.7
1.5121,40.0,0.0,38.79,20256.416,359.7
1.5173,40.0,0.0,38.107,20382.012,359.7
1.5244,40.0,0.0,38.107,20382.012,359.7
1.5295,40.0,0.0,38.107,20382.012,359.7
1.5346,40.0,0.0,38.107,20382.012,359.7
1.5402,40.0,0.0,37.789,20500.137,359.7
1.5464,40.0,0.0,37.789,20500.137,359.7
1.5514,40.0,0.0,37.789,20500.137,359.7
1.5565,40.0,0.0,39.317,20617.207,359.7
1.5663,40.0,0.0,39.317,20617.207,359.7
1.5714,40.0,0.0,39.317,20617.207,359.7
1.5765,40.0,0.0,39.317,20617.207,359.7
1.5816,40.0,0.0,39.901,20757.568,359.7
1.5934,40.0,0.0,39.901,20757.568,359.7
1.5985,40.0,0.0,39.901,20757.568,359.7
1.6036,40.0,0.0,40.188,20872.441,359.7
1.6113,40.0,0.0,40.188,20872.441,359.7
1.6164,40.0,0.0,40.188,20872.441,359.7
1.6215,40.0,0.0,40.398,20987.051,359.7
1.6313,40.0,0.0,40.398,20987.051,359.7
1.6364,40.0,0.0,40.398,20987.051,359.7
1.6414,40.0,0.0,39.235,21091.377,359.7
1.6523,40.0,0.0,39.235,21091.377,359.7
1.6574,40.0,0.0,39.235,21091.377,359.7
1.6624,40.0,0.0,39.235,21091.377,359.7
1.6675,40.0,0.0,39.443,21227.256,359.7
1.6734,40.0,0.0,39.443,21227.256,359.7
1.6787,40.0,0.0,39.443,21227.256,359.7
1.6838,40.0,0.0,39.443,21227.256,359.7
1.6889,40.0,0.0,40.026,21342.129,359.7
1.6952,40.0,0.0,40.026,21342.129,359.7
1.7008,40.0,0.0,40.026,21342.129,359.7
1.7074,40.0,0.0,40.026,21342.129,359.7
1.7124,40.0,0.0,39.737,21473.438,359.7
1.7192,40.0,0.0,39.737,21473.438,359.7
1.7243,40.0,0.0,39.737,21473.438,359.7
1.7294,40.0,0.0,39.737,21473.438,359.7
1.7344,40.0,0.0,40.11,21612.041,359.7
1.7432,40.0,0.0,40.11,21612.041,359.7
1.7483,40.0,0.0,40.11,21612.041,359.7
1.7533,40.0,0.0,40.11,21612.041,359.7
1.7589,40.0,0.0,40.096,21745.459,359.7
1.7653,40.0,0.0,40.096,21745.459,359.7
1.7707,40.0,0.0,40.096,21745.459,359.7
1.7758,40.0,0.0,40.096,21745.459,359.7
1.7808,40.0,0.0,40.096,21745.459,359.7
1.7859,40.0,0.0,38.651,21871.494,359.7
1.7919,40.0,0.0,38.651,21871.494,359.7
1.7970,40.0,0.0,38.651,21871.494,359.7
1.8021,40.0,0.0,38.857,21982.676,359.7
1.8093,40.0,0.0,38.857,21982.676,359.7
1.8152,40.0,0.0,38.857,21982.676,359.7
1.8203,40.0,0.0,38.857,21982.676,359.7
1.8253,40.0,0.0,39.783,22097.549,359.7
1.8314,40.0,0.0,39.783,22097.549,359.7
1.8365,40.0,0.0,39.783,22097.549,359.7
1.8415,40.0,0.0,39.783,22097.549,359.7
1.8466,40.0,0.0,38.276,22221.035,359.7
1.8551,40.0,0.0,38.276,22221.035,359.7
1.8602,40.0,0.0,38.276,22221.035,359.7
1.8672,40.0,0.0,39.399,22343.555,359.7
1.8761,40.0,0.0,39.399,22343.555,359.7
1.8812,40.0,0.0,39.399,22343.555,359.7
1.8862,40.0,0.0,39.399,22343.555,359.7
1.8913,40.0,0.0,39.796,22476.621,359.7
1.8982,40.0,0.0,39.796,22476.621,359.7
1.9036,40.0,0.0,39.796,22476.621,359.7
1.9101,40.0,0.0,39.796,22476.621,359.7
1.9152,40.0,0.0,39.057,22607.578,359.7
1.9241,40.0,0.0,39.057,22607.578,359.7
1.9291,40.0,0.0,39.057,22607.578,359.7
1.9342,40.0,0.0,39.057,22607.578,359.7
1.9394,40.0,0.0,39.91,22744.424,359.7
1.9462,40.0,0.0,39.91,22744.424,359.7
1.9515,40.0,0.0,39.91,22744.424,359.7
1.9566,40.0,0.0,39.91,22744.424,359.7
1.9617,40.0,0.0,39.91,22744.424,359.7
1.9668,40.0,0.0,38.369,22872.744,359.7
1.9751,40.0,0.0,38.369,22872.744,359.7
1.9802,40.0,0.0,38.369,22872.744,359.7
1.9853,40.0,0.0,38.462,22984.98,359.7
1.9930,40.0,0.0,38.462,22984.98,359.7
1.9981,40.0,0.0,38.462,22984.98,359.7
0.0000,39.99999523162842,0.0,38.462,22984.98,359.7
0.0066,39.95624224344889,0.0,38.945,23115.938,359.7
0.0138,39.908151626586914,0.0,38.945,23115.938,359.7
0.0189,39.87414360046387,0.0,38.945,23115.938,359.7
0.0246,39.8362668355306,0.0,38.945,23115.938,359.7
0.0296,39.80236689249674,0.0,37.976,23225.01,359.7
0.0357,39.7620423634847,0.0,37.976,23225.01,359.7
0.0408,39.728172620137535,0.0,37.976,23225.01,359.7
0.0459,39.69432671864828,0.0,37.976,23225.01,359.7
0.0509,39.6604839960734,0.0,38.769,23360.186,359.7
0.0569,39.6209716796875,0.0,38.769,23360.186,359.7
0.0622,39.585159619649254,0.0,38.769,23360.186,359.7
0.0673,39.55128828684489,0.0,38.769,23360.186,359.7
0.0724,39.517432848612465,0.0,40.411,23501.338,359.7
0.0808,39.46106751759847,0.0,40.411,23501.338,359.7
0.0862,39.4252347946167,0.0,40.411,23501.338,359.7
0.0913,39.39136981964111,0.0,40.411,23501.338,359.7
0.0964,39.357523918151855,0.0,40.411,23501.338,359.7
0.1014,39.32368437449137,0.0,40.551,23637.217,359.7
0.1090,39.27353700002035,0.0,40.551,23637.217,359.7
0.1141,39.239654541015625,0.0,40.551,23637.217,359.7
0.1191,39.20579115549723,0.0,40.731,23754.199,359.7
0.1249,39.16734377543131,0.0,40.731,23754.199,359.7
0.1327,39.11550680796305,0.0,40.731,23754.199,359.7
0.1378,39.08163706461588,0.0,40.731,23754.199,359.7
0.1428,39.04779593149821,0.0,40.148,23885.596,359.7
0.1488,39.00812784830729,0.0,40.148,23885.596,359.7
0.1542,38.97230943044027,0.0,40.148,23885.596,359.7
0.1592,38.93845240275065,0.0,40.148,23885.596,359.7
0.1643,38.9046049118042,0.0,38.024,23985.439,359.7
0.1707,38.86221090952555,0.0,38.024,23985.439,359.7
0.1757,38.828347524007164,0.0,38.024,23985.439,359.7
0.1808,38.79450798034668,0.0,38.024,23985.439,359.7
0.1864,38.75722090403239,0.0,39.017,24122.549,359.7
0.1927,38.71503194173177,0.0,39.017,24122.549,359.7
0.1981,38.6792246500651,0.0,39.017,24122.549,359.7
0.2032,38.645361264546715,0.0,39.017,24122.549,359.7
0.2097,38.60173225402832,0.0,38.776,24250.957,359.7
0.2167,38.55520407358805,0.0,38.776,24250.957,359.7
0.2221,38.51937611897787,0.0,38.776,24250.957,359.7
0.2272,38.4855063756307,0.0,38.776,24250.957,359.7
0.2323,38.45152219136556,0.0,38.027,24356.338,359.7
0.2386,38.409434954325356,0.0,38.027,24356.338,359.7
0.2442,38.372138341267906,0.0,38.027,24356.338,359.7
0.2493,38.33827336629232,0.0,38.027,24356.338,359.7
0.2543,38.304433822631836,0.0,38.92,24475.078,359.7
0.2604,38.26425711313883,0.0,38.92,24475.078,359.7
0.2654,38.23033809661865,0.0,38.92,24475.078,359.7
0.2705,38.19648265838623,0.0,38.92,24475.078,359.7
0.2756,38.16263993581136,0.0,38.796,24603.838,359.7
0.2817,38.12213897705078,0.0,38.796,24603.838,359.7
0.2871,38.08631420135498,0.0,38.796,24603.838,359.7
0.2921,38.05236657460531,0.0,38.796,24603.838,359.7
0.2978,38.014445304870605,0.0,37.715,24706.846,359.7
0.3039,37.974087397257485,0.0,37.715,24706.846,359.7
0.3105,37.93025652567545,0.0,37.715,24706.846,359.7
0.3155,37.89635499318441,0.0,37.715,24706.846,359.7
0.3206,37.86249796549479,0.0,38.584,24840.791,359.7
0.3264,37.82404899597168,0.0,38.584,24840.791,359.7
0.3318,37.78820832570394,0.0,38.584,24840.791,359.7
0.3368,37.75434494018555,0.0,38.584,24840.791,359.7
0.3419,37.7204974492391,0.0,38.146,24951.533,359.7
0.3487,37.67549355824789,0.0,38.146,24951.533,359.7
0.3543,37.63822714487711,0.0,38.146,24951.533,359.7
0.3593,37.60436216990153,0.0,38.146,24951.533,359.7
0.3644,37.57052262624105,0.0,37.975,25062.363,359.7
0.3705,37.53029823303223,0.0,37.975,25062.363,359.7
0.3755,37.49643802642822,0.0,37.975,25062.363,359.7
0.3806,37.46259689331055,0.0,38.822,25175.654,359.7
0.3878,37.41477648417155,0.0,38.822,25175.654,359.7
0.3932,37.37895647684733,0.0,38.822,25175.654,359.7
0.3982,37.345096270243324,0.0,38.822,25175.654,359.7
0.4047,37.30186939239502,0.0,39.266,25309.336,359.7
0.4135,37.243502934773765,0.0,39.266,25309.336,359.7
0.4186,37.209555308024086,0.0,39.266,25309.336,359.7
0.4236,37.175682385762535,0.0,38.484,25413.398,359.7
0.4316,37.12294101715088,0.0,38.484,25413.398,359.7
0.4369,37.08707809448242,0.0,38.484,25413.398,359.7
0.4420,37.05320517222086,0.0,38.484,25413.398,359.7
0.4471,37.019362449645996,0.0,38.484,25413.398,359.7
0.4522,36.9855260848999,0.0,38.441,25549.629,359.7
0.4586,36.942739486694336,0.0,38.441,25549.629,359.7
0.4642,36.90544287363688,0.0,38.441,25549.629,359.7
0.4693,36.8715763092041,0.0,38.441,25549.629,359.7
0.4743,36.837731997172035,0.0,38.363,25662.305,359.7
0.4804,36.79736137390137,0.0,38.363,25662.305,359.7
0.4855,36.763458251953125,0.0,38.363,25662.305,359.7
0.4906,36.72960917154948,0.0,38.363,25662.305,359.7
0.4956,36.69577121734619,0.0,37.091,25782.1,359.7
0.5015,36.65681997934977,0.0,37.091,25782.1,359.7
0.5088,36.60808881123861,0.0,37.091,25782.1,359.7
0.5145,36.570162773132324,0.0,37.59,25891.172,359.7
0.5215,36.52316411336263,0.0,37.59,25891.172,359.7
0.5270,36.48687203725179,0.0,37.59,25891.172,359.7
0.5321,36.452954610188804,0.0,37.59,25891.172,359.7
0.5371,36.41908804575602,0.0,37.59,25891.172,359.7
0.5422,36.3852341969808,0.0,37.229,26015.01,359.7
0.5483,36.344849268595375,0.0,37.229,26015.01,359.7
0.5534,36.31097952524821,0.0,37.229,26015.01,359.7
0.5584,36.277130444844566,0.0,36.614,26121.094,359.7
0.5664,36.223785082499184,0.0,36.614,26121.094,359.7
0.5723,36.18457635243734,0.0,36.614,26121.094,359.7
0.5774,36.150709788004555,0.0,36.614,26121.094,359.7
0.5825,36.116862297058105,0.0,37.454,26230.781,359.7
0.5885,36.07647736867269,0.0,37.454,26230.781,359.7
0.5936,36.04261080423991,0.0,37.454,26230.781,359.7
0.5987,36.00876490275065,0.0,37.454,26230.781,359.7
0.6038,35.97492694854736,0.0,37.51,26356.377,359.7
0.6111,35.92626094818115,0.0,37.51,26356.377,359.7
0.6164,35.890401204427086,0.0,37.51,26356.377,359.7
0.6222,35.85195700327555,0.0,37.51,26356.377,359.7
0.6273,35.818093617757164,0.0,36.093,26457.275,359.7
0.6333,35.77787399291992,0.0,36.093,26457.275,359.7
0.6384,35.744007428487144,0.0,36.093,26457.275,359.7
0.6435,35.71015993754069,0.0,36.093,26457.275,359.7
0.6486,35.67631880442301,0.0,36.081,26580.85,359.7
0.6556,35.62948862711588,0.0,36.081,26580.85,359.7
0.6610,35.593647956848145,0.0,36.081,26580.85,359.7
0.6660,35.55977980295817,0.0,36.081,26580.85,359.7
0.6711,35.525924364725746,0.0,34.916,26694.404,359.7
0.6796,35.469659169514976,0.0,34.916,26694.404,359.7
0.6849,35.43383280436198,0.0,34.916,26694.404,359.7
0.6900,35.39989471435547,0.0,34.916,26694.404,359.7
0.6951,35.36604086558024,0.0,34.916,26694.404,359.7
0.7002,35.3321917851766,0.0,36.034,26819.648,359.7
0.7079,35.280815760294594,0.0,36.034,26819.648,359.7
0.7130,35.246944427490234,0.0,36.034,26819.648,359.7
0.7180,35.213096936543785,0.0,36.034,26921.338,359.7
0.7238,35.17473856608073,0.0,36.034,26921.338,359.7
0.7312,35.12560526529948,0.0,36.034,26921.338,359.7
0.7362,35.09173075358073,0.0,36.034,26921.338,359.7
0.7413,35.05788485209147,0.0,36.166,27043.594,359.7
0.7473,35.018181800842285,0.0,36.166,27043.594,359.7
0.7527,34.9823252360026,0.0,36.166,27043.594,359.7
0.7577,34.948463439941406,0.0,36.166,27043.594,359.7
0.7628,34.91461594899496,0.0,36.428,27146.162,359.7
0.7692,34.872330029805504,0.0,36.428,27146.162,359.7
0.7742,34.83847141265869,0.0,36.428,27146.162,359.7
0.7793,34.80462074279785,0.0,36.428,27146.162,359.7
0.7849,34.76738611857096,0.0,34.687,27256.904,359.7
0.7914,34.72374598185221,0.0,34.687,27256.904,359.7
0.7968,34.687930742899574,0.0,34.687,27256.904,359.7
0.8019,34.654062589009605,0.0,33.83,27349.717,359.7
0.8112,34.5917018254598,0.0,33.83,27349.717,359.7
0.8166,34.5558500289917,0.0,33.83,27349.717,359.7
0.8217,34.52197233835856,0.0,33.83,27349.717,359.7
0.8268,34.48812166849772,0.0,34.599,27451.406,359.7
0.8333,34.44482008616129,0.0,34.599,27451.406,359.7
0.8413,34.39159552256266,0.0,34.599,27451.406,359.7
0.8463,34.35772260030111,0.0,33.424,27543.164,359.7
0.8524,34.317426681518555,0.0,33.424,27543.164,359.7
0.8578,34.2815907796224,0.0,33.424,27543.164,359.7
0.8628,34.247727394104004,0.0,33.424,27543.164,359.7
0.8679,34.21388467152914,0.0,32.785,27653.818,359.7
0.8764,34.15756066640218,0.0,32.785,27653.818,359.7
0.8817,34.12175496419271,0.0,32.785,27653.818,359.7
0.8868,34.087883631388344,0.0,33.137,27748.74,359.7
0.8981,34.01281197865804,0.0,33.137,27748.74,359.7
0.9032,33.978940645853676,0.0,33.137,27748.74,359.7
0.9097,33.93537203470866,0.0,33.137,27748.74,359.7
0.9148,33.90150705973307,0.0,33.542,27862.295,359.7
0.9205,33.863139152526855,0.0,33.542,27862.295,359.7
0.9259,33.8273541132609,0.0,33.542,27862.295,359.7
0.9310,33.79336357116699,0.0,33.542,27862.295,359.7
0.9361,33.75934759775797,0.0,33.542,27862.295,359.7
0.9412,33.725436528523765,0.0,34.075,27984.99,359.7
0.9473,33.68485768636068,0.0,34.075,27984.99,359.7
0.9529,33.64746888478597,0.0,34.075,27984.99,359.7
0.9580,33.61356576283773,0.0,34.736,28088.525,359.7
0.9661,33.55931599934896,0.0,34.736,28088.525,359.7
0.9715,33.52346102396647,0.0,34.736,28088.525,359.7
0.9766,33.48959604899088,0.0,34.736,28088.525,359.7
0.9816,33.45573584238688,0.0,34.514,28183.799,359.7
0.9880,33.41360092163086,0.0,34.514,28183.799,359.7
0.9930,33.3797295888265,0.0,34.514,28183.799,359.7
0.9981,33.34588209788004,0.0,34.514,28183.799,359.7
1.0037,33.308661778767906,0.0,33.539,28293.75,359.7
1.0120,33.25334072113037,0.0,33.539,28293.75,359.7
1.0171,33.21911176045736,0.0,33.539,28293.75,359.7
1.0223,33.184803326924644,0.0,33.103,28385.332,359.7
1.0301,33.132429122924805,0.0,33.103,28385.332,359.7
1.0355,33.09654394785563,0.0,33.103,28385.332,359.7
1.0406,33.06266943613688,0.0,33.103,28385.332,359.7
1.0457,33.02882671356201,0.0,33.103,28385.332,359.7
1.0508,32.99498716990153,0.0,32.679,28500.732,359.7
1.0569,32.95395851135254,0.0,32.679,28500.732,359.7
1.0625,32.91668574015299,0.0,32.679,28500.732,359.7
1.0676,32.88281281789144,0.0,32.679,28500.732,359.7
1.0727,32.848968505859375,0.0,32.687,28594.775,359.7
1.0787,32.80855814615885,0.0,32.687,28594.775,359.7
1.0838,32.774691581726074,0.0,32.687,28594.775,359.7
1.0889,32.74084885915121,0.0,32.687,28594.775,359.7
1.0939,32.70701249440511,0.0,31.395,28696.553,359.7
1.1000,32.66672134399414,0.0,31.395,28696.553,359.7
1.1054,32.630909283955894,0.0,31.395,28696.553,359.7
1.1130,32.58028507232666,0.0,31.568,28786.904,359.7
1.1200,32.5334358215332,0.0,31.568,28786.904,359.7
1.1254,32.497593561808266,0.0,31.568,28786.904,359.7
1.1304,32.4637238184611,0.0,31.568,28786.904,359.7
1.1355,32.42987950642904,0.0,31.568,28786.904,359.7
1.1406,32.39603519439697,0.0,32.14,28896.943,359.7
1.1466,32.35586484273275,0.0,32.14,28896.943,359.7
1.1517,32.32197284698486,0.0,32.14,28896.943,359.7
1.1568,32.28811581929525,0.0,32.23,28992.129,359.7
1.1689,32.207231521606445,0.0,32.23,28992.129,359.7
1.1740,32.17336495717367,0.0,32.23,28992.129,359.7
1.1791,32.13951905568441,0.0,31.758,29080.107,359.7
1.1849,32.100464502970375,0.0,31.758,29080.107,359.7
1.1903,32.064646085103355,0.0,31.758,29080.107,359.7
1.1954,32.03078111012777,0.0,31.758,29080.107,359.7
1.2005,31.996933619181313,0.0,31.758,29188.125,359.7
1.2089,31.940627098083496,0.0,31.758,29188.125,359.7
1.2143,31.904797554016113,0.0,31.758,29188.125,359.7
1.2207,31.861852010091148,0.0,31.758,29188.125,359.7
1.2258,31.827983856201172,0.0,32.03,29295.439,359.7
1.2348,31.768221855163574,0.0,32.03,29295.439,359.7
1.2399,31.734323501586914,0.0,32.03,29295.439,359.7
1.2449,31.70046329498291,0.0,30.108,29373.75,359.7
1.2529,31.647475560506187,0.0,30.108,29373.75,359.7
1.2583,31.61163171132406,0.0,30.108,29373.75,359.7
1.2633,31.577795346577965,0.0,30.108,29373.75,359.7
1.2684,31.54395898183187,0.0,30.15,29472.627,359.7
1.2797,31.46838665008545,0.0,30.15,29472.627,359.7
1.2848,31.43461068471273,0.0,30.15,29472.627,359.7
1.2899,31.40080293019613,0.0,31.185,29564.736,359.7
1.2957,31.361958185831703,0.0,31.185,29564.736,359.7
1.3009,31.327333450317383,0.0,31.185,29564.736,359.7
1.3076,31.28241539001465,0.0,31.185,29564.736,359.7
1.3127,31.248594919840492,0.0,31.505,29670.381,359.7
1.3218,31.18833223978678,0.0,31.505,29670.381,359.7
1.3269,31.15428924560547,0.0,31.505,29670.381,359.7
1.3323,31.11833095550537,0.0,31.505,29670.381,359.7
1.3373,31.08449618021647,0.0,30.706,29758.447,359.7
1.3429,31.04757308959961,0.0,30.706,29758.447,359.7
1.3480,31.01334730784098,0.0,30.706,29758.447,359.7
1.3531,30.979065895080566,0.0,30.597,29844.668,359.7
1.3607,30.928656260172524,0.0,30.597,29844.668,359.7
1.3659,30.89388688405355,0.0,30.597,29844.668,359.7
1.3710,30.86008389790853,0.0,30.597,29844.668,359.7
1.3761,30.826303164164223,0.0,30.676,29935.459,359.7
1.3836,30.77603816986084,0.0,30.676,29935.459,359.7
1.3890,30.74016729990641,0.0,30.676,29935.459,359.7
1.3941,30.706321398417153,0.0,30.676,29935.459,359.7
1.3992,30.672318140665688,0.0,30.579,30025.107,359.7
1.4051,30.632570584615074,0.0,30.579,30025.107,359.7
1.4117,30.588526725769043,0.0,30.579,30025.107,359.7
1.4168,30.554493268330894,0.0,30.579,30025.107,359.7
1.4219,30.520505905151367,0.0,29.661,30122.578,359.7
1.4286,30.475808779398598,0.0,29.661,30122.578,359.7
1.4337,30.441886583964028,0.0,29.661,30122.578,359.7
1.4407,30.395404497782387,0.0,28.91,30204.053,359.7
1.4477,30.348410606384277,0.0,28.91,30204.053,359.7
1.4532,30.312205950419106,0.0,28.91,30204.053,359.7
1.4583,30.278175671895347,0.0,28.91,30204.053,359.7
1.4634,30.24420738220215,0.0,28.91,30204.053,359.7
1.4685,30.210070610046387,0.0,29.137,30306.094,359.7
1.4746,30.16944249471029,0.0,29.137,30306.094,359.7
1.4797,30.13554096221924,0.0,29.137,30306.094,359.7
1.4848,30.101617177327476,0.0,29.137,30306.094,359.7
1.4899,30.067615509033203,0.0,29.631,30406.201,359.7
1.4997,30.002190272013344,0.0,29.631,30406.201,359.7
1.5048,29.96823787689209,0.0,29.631,30406.201,359.7
1.5114,29.92392381032308,0.0,29.143,30487.236,359.7
1.5176,29.882512092590332,0.0,29.143,30487.236,359.7
1.5228,29.8481543858846,0.0,29.143,30487.236,359.7
1.5279,29.81411139170329,0.0,29.143,30487.236,359.7
1.5330,29.780139923095703,0.0,29.959,30591.035,359.7
1.5415,29.72304344177246,0.0,29.959,30591.035,359.7
1.5466,29.689162572224934,0.0,29.959,30591.035,359.7
1.5523,29.651559193929035,0.0,29.959,30591.035,359.7
1.5574,29.617576599121094,0.0,30.159,30679.717,359.7
1.5635,29.57678159077962,0.0,30.159,30679.717,359.7
1.5686,29.5427672068278,0.0,30.159,30679.717,359.7
1.5737,29.50881799062093,0.0,29.051,30756.445,359.7
1.5825,29.45003032684326,0.0,29.051,30756.445,359.7
1.5876,29.416046142578125,0.0,29.051,30756.445,359.7
1.5927,29.382052421569824,0.0,29.051,30756.445,359.7
1.5978,29.34808413187663,0.0,27.557,30833.174,359.7
1.6039,29.307257334391277,0.0,27.557,30833.174,359.7
1.6111,29.25961176554362,0.0,27.557,30833.174,359.7
1.6162,29.2255957921346,0.0,27.471,30915.352,359.7
1.6245,29.1701602935791,0.0,27.471,30915.352,359.7
1.6296,29.136266708374023,0.0,27.471,30915.352,359.7
1.6347,29.10225709279378,0.0,27.471,30915.352,359.7
1.6398,29.068209330240887,0.0,28.62,31016.162,359.7
1.6485,29.01027838389079,0.0,28.62,31016.162,359.7
1.6536,28.976246515909832,0.0,28.62,31016.162,359.7
1.6605,28.929929733276367,0.0,28.081,31094.297,359.7
1.6694,28.870506286621094,0.0,28.081,31094.297,359.7
1.6745,28.836563428243,0.0,28.081,31094.297,359.7
1.6796,28.802626927693684,0.0,28.081,31094.297,359.7
1.6847,28.768738110860188,0.0,26.73,31181.309,359.7
1.6934,28.710514704386394,0.0,26.73,31181.309,359.7
1.6985,28.67655595143636,0.0,26.73,31181.309,359.7
1.7036,28.642592430114746,0.0,26.73,31181.309,359.7
1.7102,28.598413467407227,0.0,26.853,31265.156,359.7
1.7174,28.55048656463623,0.0,26.853,31265.156,359.7
1.7225,28.5164737701416,0.0,26.853,31265.156,359.7
1.7276,28.48245143890381,0.0,27.451,31344.961,359.7
1.7357,28.428702354431152,0.0,27.451,31344.961,359.7
1.7408,28.39472770690918,0.0,27.451,31344.961,359.7
1.7459,28.36084206899007,0.0,27.607,31421.777,359.7
1.7554,28.29755147298177,0.0,27.607,31421.777,359.7
1.7605,28.26353708902995,0.0,27.607,31421.777,359.7
1.7664,28.22429021199544,0.0,26.574,31496.66,359.7
1.7764,28.15713087717692,0.0,26.574,31496.66,359.7
1.7815,28.123103777567547,0.0,26.574,31496.66,359.7
1.7867,28.088943163553875,0.0,26.574,31496.66,359.7
1.7918,28.05497646331787,0.0,26.588,31587.627,359.7
1.8003,27.99773057301839,0.0,26.588,31587.627,359.7
1.8069,27.95371373494466,0.0,26.588,31587.627,359.7
1.8120,27.919785181681316,0.0,26.895,31664.795,359.7
1.8224,27.850481669108074,0.0,26.895,31664.795,359.7
1.8275,27.81650384267171,0.0,26.895,31664.795,359.7
1.8327,27.78217315673828,0.0,27.451,31743.896,359.7
1.8403,27.731343905131023,0.0,27.451,31743.896,359.7
1.8454,27.69742488861084,0.0,27.451,31743.896,359.7
1.8505,27.66351858774821,0.0,27.451,31743.896,359.7
1.8556,27.62952486673991,0.0,27.128,31833.105,359.7
1.8647,27.56884256998698,0.0,27.128,31833.105,359.7
1.8698,27.53487428029378,0.0,27.128,31833.105,359.7
1.8763,27.491064071655273,0.0,26.561,31910.186,359.7
1.8853,27.431640625,0.0,26.561,31910.186,359.7
1.8903,27.397669156392414,0.0,26.561,31910.186,359.7
1.8954,27.36378828684489,0.0,26.476,31984.277,359.7
1.9053,27.298259735107422,0.0,26.476,31984.277,359.7
1.9119,27.254308064778645,0.0,26.476,31984.277,359.7
1.9169,27.220335006713867,0.0,26.476,31984.277,359.7
1.9221,27.186284065246582,0.0,26.696,32076.123,359.7
1.9313,27.12449550628662,0.0,26.696,32076.123,359.7
1.9364,27.09044138590495,0.0,26.696,32076.123,359.7
1.9415,27.056458791097004,0.0,26.558,32148.896,359.7
1.9492,27.00521945953369,0.0,26.558,32148.896,359.7
1.9543,26.97122097015381,0.0,26.558,32148.896,359.7
1.9594,26.937284469604492,0.0,26.558,32148.896,359.7
1.9645,26.903335253397625,0.0,25.011,32228.262,359.7
1.9732,26.845364570617676,0.0,25.011,32228.262,359.7
1.9783,26.811362902323406,0.0,25.011,32228.262,359.7
1.9862,26.75857702891032,0.0,24.922,32306.66,359.7
1.9952,26.698795954386394,0.0,24.922,32306.66,359.7
2.0003,26.664716402689617,0.0,24.922,32306.66,359.7
2.0070,26.620283126831055,0.0,24.922,32306.66,359.7
2.0122,26.58547560373942,0.0,25.212,32392.266,359.7
2.0192,26.53847535451253,0.0,25.212,32392.266,359.7
2.0244,26.50385061899821,0.0,25.212,32392.266,359.7
2.0295,26.469731330871582,0.0,25.405,32463.633,359.7
2.0413,26.391650835673016,0.0,25.405,32463.633,359.7
2.0464,26.357472737630207,0.0,25.405,32463.633,359.7
2.0515,26.323407491048176,0.0,25.405,32463.633,359.7
2.0566,26.289491653442383,0.0,24.436,32542.295,359.7
2.0631,26.245927810668945,0.0,24.436,32542.295,359.7
2.0682,26.212016741434734,0.0,24.436,32542.295,359.7
2.0733,26.178115208943684,0.0,24.436,32542.295,359.7
2.0784,26.144153277079266,0.0,22.934,32615.156,359.7
2.0871,26.085955301920574,0.0,22.934,32615.156,359.7
2.0922,26.0518217086792,0.0,22.934,32615.156,359.7
2.0979,26.014005343119305,0.0,22.934,32615.156,359.7
2.1030,25.98007361094157,0.0,22.906,32687.49,359.7
2.1105,25.92973232269287,0.0,22.906,32687.49,359.7
2.1156,25.895813306172688,0.0,22.906,32687.49,359.7
2.1207,25.861929257710774,0.0,23.531,32755.869,359.7
2.1291,25.806328455607098,0.0,23.531,32755.869,359.7
2.1341,25.772425333658855,0.0,23.531,32755.869,359.7
2.1392,25.738539695739746,0.0,23.531,32755.869,359.7
2.1443,25.7046635945638,0.0,23.504,32827.414,359.7
2.1534,25.644001960754395,0.0,23.504,32827.414,359.7
2.1585,25.609995524088543,0.0,23.504,32827.414,359.7
2.1636,25.576008160909016,0.0,22.19,32884.016,359.7
2.1710,25.526458422342937,0.0,22.19,32884.016,359.7
2.1761,25.49254099527995,0.0,22.19,32884.016,359.7
2.1812,25.458676020304363,0.0,22.19,32884.016,359.7
2.1863,25.424814224243164,0.0,22.471,32963.906,359.7
2.1950,25.366512934366863,0.0,22.471,32963.906,359.7
2.2001,25.33255418141683,0.0,22.471,32963.906,359.7
2.2072,25.285032590230305,0.0,23.148,33036.855,359.7
2.2170,25.219753583272297,0.0,23.148,33036.855,359.7
2.2221,25.185848871866863,0.0,23.148,33036.855,359.7
2.2272,25.151915550231934,0.0,23.371,33103.125,359.7
2.2370,25.08684476216634,0.0,23.371,33103.125,359.7
2.2421,25.052936871846516,0.0,23.371,33103.125,359.7
2.2471,25.019009908040363,0.0,23.371,33103.125,359.7
2.2523,24.98499870300293,0.0,23.57,33173.438,359.7
2.2601,24.932937622070312,0.0,23.57,33173.438,359.7
2.2651,24.89900271097819,0.0,23.57,33173.438,359.7
2.2702,24.86500898996989,0.0,23.18,33236.453,359.7
2.2779,24.813672701517742,0.0,23.18,33236.453,359.7
2.2830,24.779693285624187,0.0,23.18,33236.453,359.7
2.2881,24.745691617329914,0.0,22.488,33297.453,359.7
2.2979,24.680482546488445,0.0,22.488,33297.453,359.7
2.3030,24.646577835083008,0.0,22.488,33297.453,359.7
2.3103,24.597856203715008,0.0,22.409,33363.633,359.7
2.3189,24.5404847462972,0.0,22.409,33363.633,359.7
2.3241,24.50619379679362,0.0,22.409,33363.633,359.7
2.3292,24.471893310546875,0.0,22.409,33363.633,359.7
2.3343,24.43790594736735,0.0,22.197,33437.461,359.7
2.3429,24.380745887756348,0.0,22.197,33437.461,359.7
2.3480,24.3468443552653,0.0,22.197,33437.461,359.7
2.3531,24.3129825592041,0.0,22.197,33437.461,359.7
2.3581,24.2791748046875,0.0,22.256,33504.258,359.7
2.3660,24.22672430674235,0.0,22.256,33504.258,359.7
2.3711,24.19270356496175,0.0,22.256,33504.258,359.7
2.3762,24.158727327982586,0.0,22.111,33564.813,359.7
2.3839,24.10753885904948,0.0,22.111,33564.813,359.7
2.3890,24.07350222269694,0.0,22.111,33564.813,359.7
2.3941,24.03950373331706,0.0,22.111,33564.813,359.7
2.3992,24.005591074625652,0.0,22.045,33639.523,359.7
2.4080,23.946553866068523,0.0,22.045,33639.523,359.7
2.4146,23.902673721313477,0.0,22.045,33639.523,359.7
2.4204,23.86390209197998,0.0,22.045,33639.523,359.7
2.4255,23.829973538716633,0.0,22.086,33714.492,359.7
2.4318,23.787824312845867,0.0,22.086,33714.492,359.7
2.4369,23.753914833068848,0.0,22.086,33714.492,359.7
2.4420,23.719967206319172,0.0,22.086,33714.492,359.7
2.4471,23.68605613708496,0.0,21.734,33785.859,359.7
2.4558,23.628042538960774,0.0,21.734,33785.859,359.7
2.4609,23.59414259592692,0.0,21.734,33785.859,359.7
2.4660,23.56021245320638,0.0,21.734,33785.859,359.7
2.4711,23.526333173116047,0.0,21.282,33848.262,359.7
2.4789,23.474022547403973,0.0,21.282,33848.262,359.7
2.4840,23.44013214111328,0.0,21.282,33848.262,359.7
2.4891,23.406251271565754,0.0,20.963,33905.918,359.7
2.4971,23.352591196695965,0.0,20.963,33905.918,359.7
2.5022,23.318607012430828,0.0,20.963,33905.918,359.7
2.5088,23.27437400817871,0.0,20.613,33962.871,359.7
2.5168,23.22117805480957,0.0,20.613,33962.871,359.7
2.5220,23.18687121073405,0.0,20.613,33962.871,359.7
2.5271,23.152856826782227,0.0,20.613,33962.871,359.7
2.5328,23.114736874898274,0.0,20.106,34023.43,359.7
2.5390,23.07334264119466,0.0,20.106,34023.43,359.7
2.5441,23.039286931355793,0.0,20.106,34023.43,359.7
2.5492,23.00508181254069,0.0,20.106,34023.43,359.7
2.5544,22.970555623372395,0.0,20.169,34092.422,359.7
2.5627,22.91507085164388,0.0,20.169,34092.422,359.7
2.5678,22.88103739420573,0.0,20.169,34092.422,359.7
2.5730,22.84692128499349,0.0,20.169,34092.422,359.7
2.5781,22.812811533610027,0.0,20.169,34092.422,359.7
2.5832,22.77866045633952,0.0,19.787,34162.648,359.7
2.5908,22.728125254313152,0.0,19.787,34162.648,359.7
2.5959,22.694005966186523,0.0,19.787,34162.648,359.7
2.6010,22.660010655721027,0.0,19.534,34228.652,359.7
2.6127,22.581934928894043,0.0,19.534,34228.652,359.7
2.6178,22.54770278930664,0.0,19.534,34228.652,359.7
2.6230,22.513497670491535,0.0,19.534,34228.652,359.7
2.6281,22.47933864593506,0.0,19.628,34295.098,359.7
2.6369,22.420962651570637,0.0,19.628,34295.098,359.7
2.6439,22.374258041381836,0.0,19.628,34295.098,359.7
2.6489,22.34035015106201,0.0,18.759,34346.953,359.7
2.6576,22.28246847788493,0.0,18.759,34346.953,359.7
2.6627,22.24859555562337,0.0,18.759,34346.953,359.7
2.6678,22.214749654134113,0.0,18.759,34346.953,359.7
2.6729,22.180908521016438,0.0,17.813,34403.992,359.7
2.6818,22.121267318725586,0.0,17.813,34403.992,359.7
2.6869,22.087399164835613,0.0,17.813,34403.992,359.7
2.6920,22.053550084431965,0.0,17.813,34403.992,359.7
2.6976,22.01627254486084,0.0,17.676,34456.906,359.7
2.7036,21.975830396016438,0.0,17.676,34456.906,359.7
2.7104,21.930675506591797,0.0,17.676,34456.906,359.7
2.7155,21.89679940541585,0.0,17.676,34456.906,359.7
2.7206,21.862953503926594,0.0,18.973,34525.898,359.7
2.7268,21.82146231333415,0.0,18.973,34525.898,359.7
2.7319,21.787583033243816,0.0,18.973,34525.898,359.7
2.7369,21.753735542297363,0.0,18.973,34525.898,359.7
2.7420,21.71988010406494,0.0,20.079,34595.859,359.7
2.7536,21.642683347066242,0.0,20.079,34595.859,359.7
2.7587,21.608548164367676,0.0,20.079,34595.859,359.7
2.7638,21.574571927388508,0.0,19.173,34647.977,359.7
2.7715,21.52303695678711,0.0,19.173,34647.977,359.7
2.7766,21.489146550496418,0.0,19.173,34647.977,359.7
2.7817,21.455265680948894,0.0,19.173,34647.977,359.7
2.7868,21.421391169230144,0.0,17.98,34706.25,359.7
2.7955,21.36316140492757,0.0,17.98,34706.25,359.7
2.8006,21.32928530375163,0.0,17.98,34706.25,359.7
2.8077,21.282070477803547,0.0,18.61,34763.027,359.7
2.8165,21.223289171854656,0.0,18.61,34763.027,359.7
2.8216,21.189406712849934,0.0,18.61,34763.027,359.7
2.8267,21.155548095703125,0.0,18.698,34815.938,359.7
2.8365,21.090060869852703,0.0,18.698,34815.938,359.7
2.8416,21.056095759073894,0.0,18.698,34815.938,359.7
2.8467,21.022237141927082,0.0,18.698,34815.938,359.7
2.8517,20.98839282989502,0.0,18.256,34875.352,359.7
2.8627,20.915414492289226,0.0,18.256,34875.352,359.7
2.8678,20.88154951731364,0.0,18.256,34875.352,359.7
2.8729,20.8476463953654,0.0,18.256,34875.352,359.7
2.8779,20.813794136047363,0.0,18.086,34935.906,359.7
2.8845,20.770304997762043,0.0,18.086,34935.906,359.7
2.8895,20.736438433329266,0.0,18.086,34935.906,359.7
2.8946,20.702592531840008,0.0,18.005,34986.18,359.7
2.9044,20.6370751063029,0.0,18.005,34986.18,359.7
2.9115,20.589977900187176,0.0,18.005,34986.18,359.7
2.9166,20.556098620096844,0.0,18.005,34986.18,359.7
2.9217,20.52224318186442,0.0,17.688,35044.805,359.7
2.9286,20.475843747456867,0.0,17.688,35044.805,359.7
2.9337,20.441972414652508,0.0,17.688,35044.805,359.7
2.9388,20.408116976420086,0.0,17.452,35092.969,359.7
2.9486,20.34272034962972,0.0,17.452,35092.969,359.7
2.9537,20.308745702107746,0.0,17.452,35092.969,359.7
2.9588,20.27460257212321,0.0,17.359,35141.836,359.7
2.9684,20.210723876953125,0.0,17.359,35141.836,359.7
2.9735,20.176814397176106,0.0,17.359,35141.836,359.7
2.9786,20.14293034871419,0.0,17.359,35141.836,359.7
2.9836,20.10907491048177,0.0,17.607,35202.305,359.7
2.9925,20.049769083658855,0.0,17.607,35202.305,359.7
2.9976,20.0157896677653,0.0,17.607,35202.305,359.7
3.0027,19.98185316721598,0.0,17.362,35249.5,359.7
3.0124,19.917105038960777,0.0,17.362,35249.5,359.7
3.0182,19.8789644241333,0.0,17.362,35249.5,359.7
3.0233,19.84435717264811,0.0,17.362,35249.5,359.7
3.0285,19.810174306233726,0.0,16.701,35304.082,359.7
3.0365,19.756368001302086,0.0,16.701,35304.082,359.7
3.0416,19.72234090169271,0.0,16.701,35304.082,359.7
3.0468,19.688073794047035,0.0,16.794,35351.543,359.7
3.0563,19.624357223510742,0.0,16.794,35351.543,359.7
3.0615,19.590326944986977,0.0,16.794,35351.543,359.7
3.0666,19.55613454182943,0.0,16.794,35351.543,359.7
3.0725,19.516666730244957,0.0,16.904,35404.539,359.7
3.0786,19.47582562764486,0.0,16.904,35404.539,359.7
3.0837,19.44169203440348,0.0,16.904,35404.539,359.7
3.0889,19.407625198364258,0.0,17.056,35453.234,359.7
3.0985,19.343320528666176,0.0,17.056,35453.234,359.7
3.1036,19.309412638346352,0.0,17.056,35453.234,359.7
3.1103,19.264473915100098,0.0,17.056,35453.234,359.7
3.1154,19.2305580774943,0.0,17.301,35511.945,359.7
3.1223,19.18473402659098,0.0,17.301,35511.945,359.7
3.1279,19.147411982218422,0.0,17.301,35511.945,359.7
3.1330,19.113513628641762,0.0,16.379,35553.691,359.7
3.1423,19.05163606007894,0.0,16.379,35553.691,359.7
3.1473,19.01775360107422,0.0,16.379,35553.691,359.7
3.1524,18.983901341756187,0.0,16.379,35553.691,359.7
3.1575,18.950058619181313,0.0,15.009,35600.891,359.7
3.1662,18.89174143473307,0.0,15.009,35600.891,359.7
3.1713,18.85786692301432,0.0,15.009,35600.891,359.7
3.1764,18.82401466369629,0.0,15.518,35651.688,359.7
3.1882,18.745182355244957,0.0,15.518,35651.688,359.7
3.1933,18.7113094329834,0.0,15.518,35651.688,359.7
3.1984,18.677304585774742,0.0,15.518,35651.688,359.7
3.2035,18.643170992533364,0.0,16.203,35708.289,359.7
3.2122,18.585240046183266,0.0,16.203,35708.289,359.7
3.2173,18.551346460978188,0.0,16.203,35708.289,359.7
3.2224,18.517471949259438,0.0,16.655,35756.633,359.7
3.2322,18.452040354410805,0.0,16.655,35756.633,359.7
3.2378,18.414643605550133,0.0,16.655,35756.633,359.7
3.2429,18.380537033081055,0.0,16.655,35756.633,359.7
3.2480,18.3465846379598,0.0,16.061,35808.133,359.7
3.2564,18.290891647338867,0.0,16.061,35808.133,359.7
3.2615,18.25691064198812,0.0,16.061,35808.133,359.7
3.2666,18.22273095448812,0.0,16.061,35808.133,359.7
3.2717,18.18878014882406,0.0,15.879,35861.133,359.7
3.2802,18.132262229919434,0.0,15.879,35861.133,359.7
3.2852,18.098376592000328,0.0,15.879,35861.133,359.7
3.2932,18.045291900634766,0.0,15.864,35910.789,359.7
3.3021,17.985714276631676,0.0,15.864,35910.789,359.7
3.3087,17.941880226135254,0.0,15.864,35910.789,359.7
3.3138,17.908000946044922,0.0,15.722,35953.859,359.7
3.3221,17.852489153544106,0.0,15.722,35953.859,359.7
3.3272,17.818530400594078,0.0,15.722,35953.859,359.7
3.3323,17.784655888875328,0.0,15.722,35953.859,359.7
3.3374,17.750792503356934,0.0,16.069,36010.109,359.7
3.3484,17.67737547556559,0.0,16.069,36010.109,359.7
3.3535,17.643494606018066,0.0,16.069,36010.109,359.7
3.3586,17.609643936157227,0.0,15.998,36053.613,359.7
3.3663,17.558086713155113,0.0,15.998,36053.613,359.7
3.3714,17.52401828765869,0.0,15.998,36053.613,359.7
3.3765,17.49009132385254,0.0,15.998,36053.613,359.7
3.3816,17.45621840159098,0.0,15.449,36104.328,359.7
3.3901,17.399514516194664,0.0,15.449,36104.328,359.7
3.3952,17.365635236104332,0.0,15.449,36104.328,359.7
3.4002,17.33177820841471,0.0,14.24,36144.141,359.7
3.4121,17.252952257792153,0.0,14.24,36144.141,359.7
3.4171,17.2190793355306,0.0,14.24,36144.141,359.7
3.4222,17.18522230784098,0.0,14.24,36144.141,359.7
3.4273,17.151331901550293,0.0,13.378,36187.117,359.7
3.4360,17.093175252278648,0.0,13.378,36187.117,359.7
3.4411,17.059205373128258,0.0,13.378,36187.117,359.7
3.4462,17.025343577067055,0.0,12.294,36217.703,359.7
3.4581,16.945945421854653,0.0,12.294,36217.703,359.7
3.4632,16.91206614176432,0.0,12.294,36217.703,359.7
3.4683,16.878212292989097,0.0,13.135,36259.629,359.7
3.4760,16.826604207356773,0.0,13.135,36259.629,359.7
3.4811,16.792729695638023,0.0,13.135,36259.629,359.7
3.4862,16.758875846862793,0.0,13.135,36259.629,359.7
3.4912,16.72501564025879,0.0,13.924,36307.703,359.7
3.5000,16.666757265726723,0.0,13.924,36307.703,359.7
3.5051,16.632887522379555,0.0,13.924,36307.703,359.7
3.5122,16.58526579538981,0.0,14.541,36353.586,359.7
3.5211,16.526287396748863,0.0,14.541,36353.586,359.7
3.5262,16.492223739624023,0.0,14.541,36353.586,359.7
3.5313,16.458093325297035,0.0,14.541,36353.586,359.7
3.5364,16.424023310343422,0.0,14.648,36402.977,359.7
3.5450,16.36688073476156,0.0,14.648,36402.977,359.7
3.5501,16.332955360412598,0.0,14.648,36402.977,359.7
3.5551,16.29909038543701,0.0,13.837,36439.891,359.7
3.5679,16.21387481689453,0.0,13.837,36439.891,359.7
3.5730,16.17999235788981,0.0,13.837,36439.891,359.7
3.5781,16.14614486694336,0.0,13.837,36439.891,359.7
3.5832,16.112310091654457,0.0,12.022,36474.695,359.7
3.5899,16.067229906717934,0.0,12.022,36474.695,359.7
3.5950,16.033355394999184,0.0,12.022,36474.695,359.7
3.6001,15.999509493509926,0.0,12.022,36474.695,359.7
3.6067,15.955599149068199,0.0,11.596,36513.367,359.7
3.6160,15.893384615580239,0.0,11.596,36513.367,359.7
3.6211,15.859498977661133,0.0,11.596,36513.367,359.7
3.6262,15.825645128885903,0.0,11.596,36513.367,359.7
3.6312,15.791800816853844,0.0,11.833,36553.977,359.7
3.6381,15.74613412221273,0.0,11.833,36553.977,359.7
3.6432,15.712167421976723,0.0,11.833,36553.977,359.7
3.6483,15.678283373514809,0.0,11.833,36553.977,359.7
3.6533,15.644429524739586,0.0,11.865,36594.406,359.7
3.6620,15.586369832356773,0.0,11.865,36594.406,359.7
3.6671,15.552345911661781,0.0,11.865,36594.406,359.7
3.6727,15.515011151631676,0.0,11.865,36594.406,359.7
3.6778,15.481131871541344,0.0,11.992,36633.602,359.7
3.6848,15.434473355611168,0.0,11.992,36633.602,359.7
3.6899,15.400595664978027,0.0,11.992,36633.602,359.7
3.6950,15.366751352945961,0.0,11.992,36633.602,359.7
3.7001,15.332908630371094,0.0,11.68,36672.188,359.7
3.7088,15.274581909179688,0.0,11.68,36672.188,359.7
3.7139,15.240704218546547,0.0,11.68,36672.188,359.7
3.7190,15.206853548685707,0.0,12.224,36709.98,359.7
3.7298,15.134472846984863,0.0,12.224,36709.98,359.7
3.7349,15.100606282552086,0.0,12.224,36709.98,359.7
3.7400,15.066757202148438,0.0,12.34,36744.961,359.7
3.7500,15.000033378601074,0.0,12.34,36744.961,359.7
3.7551,14.966046015421547,0.0,12.34,36744.961,359.7
3.7602,14.93217627207438,0.0,12.34,36744.961,359.7
3.7653,14.898324012756348,0.0,12.507,36787.414,359.7
3.7740,14.840245246887207,0.0,12.507,36787.414,359.7
3.7820,14.786718686421715,0.0,12.507,36787.414,359.7
3.7871,14.752847353617348,0.0,11.786,36820.723,359.7
3.7958,14.694975217183433,0.0,11.786,36820.723,359.7
3.8008,14.661103884379067,0.0,11.786,36820.723,359.7
3.8074,14.617374738057457,0.0,11.786,36820.723,359.7
3.8125,14.583504994710289,0.0,11.041,36856.055,359.7
3.8197,14.535109202067055,0.0,11.041,36856.055,359.7
3.8248,14.501236279805504,0.0,11.041,36856.055,359.7
3.8299,14.467385609944664,0.0,11.041,36856.055,359.7
3.8355,14.430068333943687,0.0,10.858,36887.52,359.7
3.8415,14.389863014221191,0.0,10.858,36887.52,359.7
3.8466,14.355964660644531,0.0,10.858,36887.52,359.7
3.8517,14.322044054667153,0.0,10.147,36913.094,359.7
3.8609,14.2606782913208,0.0,10.147,36913.094,359.7
3.8660,14.22680060068766,0.0,10.147,36913.094,359.7
3.8711,14.19294993082682,0.0,10.147,36913.094,359.7
3.8761,14.159105618794761,0.0,10.066,36947.637,359.7
3.8849,14.100821812947594,0.0,10.066,36947.637,359.7
3.8905,14.063539505004883,0.0,10.066,36947.637,359.7
3.8955,14.029674530029297,0.0,10.066,36947.637,359.7
3.9006,13.995827039082847,0.0,10.031,36978.047,359.7
3.9081,13.945789337158203,0.0,10.031,36978.047,359.7
3.9132,13.91190687815348,0.0,10.031,36978.047,359.7
3.9183,13.878043492635094,0.0,10.031,36978.047,359.7
3.9234,13.844197591145836,0.0,9.532,37008.719,359.7
3.9306,13.795811335245766,0.0,9.532,37008.719,359.7
3.9357,13.761916160583496,0.0,9.532,37008.719,359.7
3.9428,13.71497948964437,0.0,9.532,37037.637,359.7
3.9518,13.654611905415855,0.0,9.532,37037.637,359.7
3.9569,13.620719909667969,0.0,9.532,37037.637,359.7
3.9620,13.586816787719727,0.0,9.532,37037.637,359.7
3.9671,13.552959760030113,0.0,9.466,37068.75,359.7
3.9758,13.494715690612793,0.0,9.466,37068.75,359.7
3.9809,13.460836410522461,0.0,9.466,37068.75,359.7
3.9860,13.426988919576011,0.0,9.466,37068.75,359.7
3.9910,13.393147786458336,0.0,9.258,37095.031,359.7
3.9970,13.353018760681152,0.0,9.258,37095.031,359.7
4.0027,13.315628369649254,0.0,9.258,37095.031,359.7
4.0093,13.271589279174805,0.0,9.17,37122.363,359.7
4.0176,13.215899467468262,0.0,9.17,37122.363,359.7
4.0228,13.181363741556801,0.0,9.17,37122.363,359.7
4.0279,13.147387504577637,0.0,9.088,37147.324,359.7
4.0376,13.082998593648277,0.0,9.088,37147.324,359.7
4.0427,13.048992156982422,0.0,9.088,37147.324,359.7
4.0477,13.015122413635254,0.0,8.965,37173.34,359.7
4.0586,12.942800521850586,0.0,8.965,37173.34,359.7
4.0637,12.908557256062828,0.0,8.965,37173.34,359.7
4.0688,12.87466367085775,0.0,8.965,37173.34,359.7
4.0739,12.840805053710938,0.0,9.243,37205.945,359.7
4.0825,12.783217430114746,0.0,9.243,37205.945,359.7
4.0876,12.749327023824058,0.0,9.243,37205.945,359.7
4.0927,12.715466817220054,0.0,9.548,37233.547,359.7
4.1025,12.649992307027183,0.0,9.548,37233.547,359.7
4.1096,12.602780659993492,0.0,9.548,37233.547,359.7
4.1147,12.56889502207438,0.0,9.459,37261.055,359.7
4.1235,12.510077158610024,0.0,9.459,37261.055,359.7
4.1286,12.476205825805664,0.0,9.459,37261.055,359.7
4.1336,12.442355155944824,0.0,9.459,37261.055,359.7
4.1387,12.408507664998375,0.0,9.459,37293.133,359.7
4.1477,12.34888712565104,0.0,9.459,37293.133,359.7
4.1527,12.31501579284668,0.0,9.459,37293.133,359.7
4.1578,12.281166712443031,0.0,9.584,37319.852,359.7
4.1677,12.215641339619957,0.0,9.584,37319.852,359.7
4.1727,12.181768417358398,0.0,9.584,37319.852,359.7
4.1778,12.147914568583168,0.0,9.584,37319.852,359.7
4.1829,12.114076614379883,0.0,7.944,37341.563,359.7
4.1914,12.057088216145836,0.0,7.944,37341.563,359.7
4.1965,12.023226420084633,0.0,7.944,37341.563,359.7
4.2016,11.989385286966957,0.0,7.944,37341.563,359.7
4.2083,11.94448471069336,0.0,8.905,37375.93,359.7
4.2154,11.89720948537191,0.0,8.905,37375.93,359.7
4.2210,11.85990492502848,0.0,8.905,37375.93,359.7
4.2261,11.826039950052895,0.0,8.905,37375.93,359.7
4.2312,11.792200406392418,0.0,9.383,37404.668,359.7
4.2372,11.752127011617027,0.0,9.383,37404.668,359.7
4.2423,11.718230247497559,0.0,9.383,37404.668,359.7
4.2473,11.684376398722328,0.0,9.383,37404.668,359.7
4.2524,11.650538444519043,0.0,8.932,37433.32,359.7
4.2606,11.596126556396484,0.0,8.932,37433.32,359.7
4.2657,11.562259991963707,0.0,8.932,37433.32,359.7
4.2717,11.522185007731117,0.0,8.932,37433.32,359.7
4.2768,11.48832162221273,0.0,8.603,37461.445,359.7
4.2846,11.436238288879395,0.0,8.603,37461.445,359.7
4.2896,11.402376492818199,0.0,8.603,37461.445,359.7
4.2947,11.368436813354492,0.0,8.603,37485.703,359.7
4.3044,11.304259300231934,0.0,8.603,37485.703,359.7
4.3109,11.260501543680824,0.0,8.603,37485.703,359.7
4.3160,11.226590474446617,0.0,8.099,37507.5,359.7
4.3253,11.164425214131676,0.0,8.099,37507.5,359.7
4.3310,11.126910845438637,0.0,8.099,37507.5,359.7
4.3360,11.093028386433922,0.0,8.099,37507.5,359.7
4.3411,11.0591729482015,0.0,7.744,37529.563,359.7
4.3472,11.018880208333336,0.0,7.744,37529.563,359.7
4.3522,10.985002517700195,0.0,7.744,37529.563,359.7
4.3573,10.951151847839355,0.0,7.744,37529.563,359.7
4.3624,10.917304356892906,0.0,7.235,37552.148,359.7
4.3705,10.86332162221273,0.0,7.235,37552.148,359.7
4.3756,10.829445521036781,0.0,7.235,37552.148,359.7
4.3816,10.78906853993734,0.0,6.867,37570.164,359.7
4.3897,10.73566118876139,0.0,6.867,37570.164,359.7
4.3947,10.701759656270347,0.0,6.867,37570.164,359.7
4.3998,10.667904218037926,0.0,6.867,37570.164,359.7
4.4049,10.63405990600586,0.0,6.187,37588.711,359.7
4.4135,10.57680288950602,0.0,6.187,37588.711,359.7
4.4186,10.542842547098793,0.0,6.187,37588.711,359.7
4.4237,10.508971214294434,0.0,6.187,37588.711,359.7
4.4287,10.475120544433594,0.0,5.349,37601.719,359.7
4.4348,10.434707005818687,0.0,5.349,37601.719,359.7
4.4404,10.3973118464152,0.0,5.349,37601.719,359.7
4.4455,10.363438924153648,0.0,5.349,37601.719,359.7
4.4506,10.329596201578774,0.0,5.349,37617.891,359.7
4.4566,10.289630889892578,0.0,5.349,37617.891,359.7
4.4616,10.255762736002602,0.0,5.349,37617.891,359.7
4.4667,10.22191365559896,0.0,5.357,37633.445,359.7
4.4756,10.162652333577476,0.0,5.357,37633.445,359.7
4.4807,10.128730138142906,0.0,5.357,37633.445,359.7
4.4858,10.094863573710121,0.0,5.357,37633.445,359.7
4.4915,10.056842168172203,0.0,5.594,37650.852,359.7
4.4975,10.016860961914062,0.0,5.594,37650.852,359.7
4.5026,9.982986450195312,0.0,5.594,37650.852,359.7
4.5095,9.936882654825844,0.0,5.594,37650.852,359.7
4.5146,9.902714093526207,0.0,5.939,37672.207,359.7
4.5206,9.862357775370278,0.0,5.939,37672.207,359.7
4.5258,9.828308423360191,0.0,5.939,37672.207,359.7
4.5309,9.794127146402992,0.0,5.939,37672.207,359.7
4.5360,9.760171572367348,0.0,5.939,37688.641,359.7
4.5420,9.719918568929039,0.0,5.939,37688.641,359.7
4.5482,9.678409894307457,0.0,5.939,37688.641,359.7
4.5533,9.644530614217125,0.0,5.939,37688.641,359.7
4.5584,9.610671997070312,0.0,6.417,37710.527,359.7
4.5644,9.570770263671875,0.0,6.417,37710.527,359.7
4.5695,9.536903699239097,0.0,6.417,37710.527,359.7
4.5745,9.50305620829264,0.0,6.21,37727.664,359.7
4.5834,9.444290796915688,0.0,6.21,37727.664,359.7
4.5885,9.410060246785484,0.0,6.21,37727.664,359.7
4.5936,9.37586784362793,0.0,5.833,37742.961,359.7
4.6043,9.304401079813637,0.0,5.833,37742.961,359.7
4.6109,9.26050821940104,0.0,5.833,37742.961,359.7
4.6160,9.22664006551107,0.0,5.833,37742.961,359.7
4.6211,9.192827542622886,0.0,5.452,37760.273,359.7
4.6282,9.145402908325195,0.0,5.452,37760.273,359.7
4.6333,9.11158243815104,0.0,5.452,37760.273,359.7
4.6383,9.077819188435875,0.0,5.452,37760.273,359.7
4.6434,9.044079780578613,0.0,4.797,37771.348,359.7
4.6489,9.007631937662758,0.0,4.797,37771.348,359.7
4.6542,8.97233327229818,0.0,4.797,37771.348,359.7
4.6592,8.9385716120402,0.0,4.797,37771.348,359.7
4.6643,8.904825846354164,0.0,5.188,37789.102,359.7
4.6697,8.86838436126709,0.0,5.188,37789.102,359.7
4.6748,8.834403355916344,0.0,5.188,37789.102,359.7
4.6799,8.800606727600098,0.0,5.188,37789.102,359.7
4.6850,8.766816457112633,0.0,5.427,37808.172,359.7
4.6931,8.712404568990074,0.0,5.427,37808.172,359.7
4.6982,8.678563435872398,0.0,5.427,37808.172,359.7
4.7033,8.644750912984215,0.0,5.817,37825.84,359.7
4.7144,8.57060432434082,0.0,5.817,37825.84,359.7
4.7195,8.536728223164879,0.0,5.817,37825.84,359.7
4.7246,8.502888679504395,0.0,5.817,37825.84,359.7
4.7296,8.469061851501465,0.0,5.051,37836.914,359.7
4.7356,8.429180781046547,0.0,5.051,37836.914,359.7
4.7407,8.395306269327797,0.0,5.051,37836.914,359.7
4.7458,8.361438115437828,0.0,5.051,37836.914,359.7
4.7509,8.327554066975914,0.0,4.461,37850.359,359.7
4.7584,8.27742258707682,0.0,4.461,37850.359,359.7
4.7640,8.240121205647789,0.0,4.461,37850.359,359.7
4.7691,8.206254641215004,0.0,4.461,37850.359,359.7
4.7741,8.172396024068199,0.0,3.833,37859.063,359.7
4.7801,8.132472038269043,0.0,3.833,37859.063,359.7
4.7852,8.098599116007485,0.0,3.833,37859.063,359.7
4.7903,8.064729372660317,0.0,3.833,37859.063,359.7
4.7954,8.03081830342611,0.0,3.788,37872.422,359.7
4.8022,7.98546632130941,0.0,3.788,37872.422,359.7
4.8089,7.940448125203453,0.0,3.788,37872.422,359.7
4.8140,7.906572024027504,0.0,3.968,37884.375,359.7
4.8231,7.845802307128906,0.0,3.968,37884.375,359.7
4.8282,7.811927795410156,0.0,3.968,37884.375,359.7
4.8333,7.778080304463707,0.0,3.968,37884.375,359.7
4.8384,7.744234402974449,0.0,3.968,37898.438,359.7
4.8471,7.685937881469727,0.0,3.968,37898.438,359.7
4.8522,7.652061780293785,0.0,3.968,37898.438,359.7
4.8573,7.618188858032227,0.0,3.968,37898.438,359.7
4.8623,7.5843588511149065,0.0,4.382,37914.172,359.7
4.8742,7.505399386088051,0.0,4.382,37914.172,359.7
4.8793,7.471528053283691,0.0,4.382,37914.172,359.7
4.8844,7.437602678934731,0.0,4.382,37914.172,359.7
4.8894,7.403755187988281,0.0,4.154,37927.441,359.7
4.8955,7.363650004069008,0.0,4.154,37927.441,359.7
4.9005,7.3297293980916365,0.0,4.154,37927.441,359.7
4.9071,7.2860542933146135,0.0,3.725,37935.789,359.7
4.9151,7.232939402262367,0.0,3.725,37935.789,359.7
4.9201,7.199050585428871,0.0,3.725,37935.789,359.7
4.9252,7.165212631225586,0.0,3.725,37935.789,359.7
4.9309,7.127596537272133,0.0,2.941,37943.352,359.7
4.9390,7.073030471801758,0.0,2.941,37943.352,359.7
4.9441,7.039152781168617,0.0,2.941,37943.352,359.7
4.9492,7.005302111307778,0.0,2.941,37943.352,359.7
4.9543,6.971368789672852,0.0,2.755,37950.82,359.7
4.9603,6.931489308675133,0.0,2.755,37950.82,359.7
4.9654,6.897592544555664,0.0,2.755,37950.82,359.7
4.9704,6.863727569580078,0.0,2.755,37950.82,359.7
4.9755,6.829875310262047,0.0,2.838,37960.578,359.7
4.9852,6.765225728352867,0.0,2.838,37960.578,359.7
4.9903,6.731355985005699,0.0,2.838,37960.578,359.7
4.9954,6.697508494059242,0.0,2.838,37960.578,359.7
5.0005,6.663656234741211,0.0,2.27,37966.203,359.7
5.0080,6.613364219665527,0.0,2.27,37966.203,359.7
5.0131,6.579182942708336,0.0,2.27,37966.203,359.7
5.0183,6.544985771179199,0.0,2.16,37972.0,359.7
5.0270,6.486352284749351,0.0,2.16,37972.0,359.7
5.0321,6.452383995056152,0.0,2.16,37972.0,359.7
5.0379,6.4141972859700545,0.0,2.16,37972.0,359.7
5.0430,6.380318005879722,0.0,1.639,37975.781,359.7
5.0510,6.326885223388672,0.0,1.639,37975.781,359.7
5.0560,6.2930027643839495,0.0,1.639,37975.781,359.7
5.0611,6.259140968322754,0.0,1.639,37975.781,359.7
5.0662,6.22528076171875,0.0,1.396,37979.648,359.7
5.0722,6.185057957967125,0.0,1.396,37979.648,359.7
5.0773,6.151175498962402,0.0,1.396,37979.648,359.7
5.0824,6.117312113444008,0.0,1.396,37979.648,359.7
5.0875,6.083456675211586,0.0,2.16,37989.844,359.7
5.0949,6.033776601155601,0.0,2.16,37989.844,359.7
5.1000,5.999898910522461,0.0,2.16,37989.844,359.7
5.1066,5.956075986226402,0.0,2.16,37989.844,359.7
5.1117,5.922147432963051,0.0,1.649,37992.742,359.7
5.1189,5.873757998148598,0.0,1.649,37992.742,359.7
5.1240,5.839881896972656,0.0,1.649,37992.742,359.7
5.1291,5.806020100911461,0.0,1.649,37992.742,359.7
5.1342,5.772151947021484,0.0,2.337,38003.73,359.7
5.1402,5.732250213623047,0.0,2.337,38003.73,359.7
5.1478,5.681382815043129,0.0,2.337,38003.73,359.7
5.1529,5.647516250610352,0.0,3.488,38016.828,359.7
5.1599,5.600773493448891,0.0,3.488,38016.828,359.7
5.1650,5.566906929016113,0.0,3.488,38016.828,359.7
5.1701,5.5329672495524065,0.0,3.488,38016.828,359.7
5.1752,5.498997370402016,0.0,2.847,38022.891,359.7
5.1839,5.4408979415893555,0.0,2.847,38022.891,359.7
5.1889,5.407015482584633,0.0,2.847,38022.891,359.7
5.1940,5.373169581095375,0.0,2.484,38030.449,359.7
5.2039,5.307424863179527,0.0,2.484,38030.449,359.7
5.2105,5.2636496225992815,0.0,2.484,38030.449,359.7
5.2155,5.229727427164711,0.0,2.484,38030.449,359.7
5.2206,5.195865631103516,0.0,3.546,38046.008,359.7
5.2278,5.147714614868164,0.0,3.546,38046.008,359.7
5.2329,5.113838513692222,0.0,3.546,38046.008,359.7
5.2380,5.079986254374184,0.0,3.546,38046.008,359.7
5.2431,5.046135584513344,0.0,3.118,38051.543,359.7
5.2491,5.006092389424644,0.0,3.118,38051.543,359.7
5.2547,4.968603452046715,0.0,3.118,38051.543,359.7
5.2598,4.934722582499184,0.0,2.733,38060.242,359.7
5.2688,4.874674479166664,0.0,2.733,38060.242,359.7
5.2739,4.840793609619141,0.0,2.733,38060.242,359.7
5.2790,4.806906382242836,0.0,2.733,38060.242,359.7
5.2840,4.773052533467613,0.0,3.26,38072.637,359.7
5.2930,4.713454246520996,0.0,3.26,38072.637,359.7
5.2981,4.6795781453450545,0.0,3.26,38072.637,359.7
5.3031,4.645729064941406,0.0,2.998,38079.668,359.7
5.3138,4.574565887451172,0.0,2.998,38079.668,359.7
5.3189,4.540630976359047,0.0,2.998,38079.668,359.7
5.3240,4.506770769755043,0.0,2.998,38079.668,359.7
5.3291,4.472926457722984,0.0,2.011,38082.219,359.7
5.3351,4.432762463887535,0.0,2.011,38082.219,359.7
5.3402,4.398886362711586,0.0,2.011,38082.219,359.7
5.3452,4.365034103393555,0.0,2.011,38082.219,359.7
5.3503,4.331192970275879,0.0,2.63,38094.609,359.7
5.3606,4.262374242146812,0.0,2.63,38094.609,359.7
5.3657,4.228501319885254,0.0,2.63,38094.609,359.7
5.3708,4.1946538289388045,0.0,2.63,38094.609,359.7
5.3759,4.16081110636393,0.0,3.527,38108.586,359.7
5.3819,4.120910962422691,0.0,3.527,38108.586,359.7
5.3869,4.087014198303223,0.0,3.527,38108.586,359.7
5.3920,4.053158760070801,0.0,3.527,38108.586,359.7
5.3971,4.019303321838379,0.0,3.336,38117.195,359.7
5.4031,3.979206085205078,0.0,3.336,38117.195,359.7
5.4097,3.9354896545410156,0.0,3.336,38117.195,359.7
5.4167,3.8889614741007463,0.0,3.999,38132.578,359.7
5.4247,3.8354873657226562,0.0,3.999,38132.578,359.7
5.4298,3.801614443461098,0.0,3.999,38132.578,359.7
5.4348,3.7677605946858748,0.0,3.999,38132.578,359.7
5.4399,3.7339115142822266,0.0,4.273,38145.586,359.7
5.4459,3.6939541498819963,0.0,4.273,38145.586,359.7
5.4510,3.6600796381632463,0.0,4.273,38145.586,359.7
5.4561,3.6262337366739885,0.0,4.273,38145.586,359.7
5.4611,3.5923941930135115,0.0,4.289,38160.086,359.7
5.4696,3.535717328389488,0.0,4.289,38160.086,359.7
5.4752,3.498460451761879,0.0,4.289,38160.086,359.7
5.4803,3.464585940043129,0.0,4.289,38160.086,359.7
5.4854,3.4307479858398438,0.0,4.173,38172.219,359.7
5.4914,3.3906141916910784,0.0,4.173,38172.219,359.7
5.4965,3.3567444483439104,0.0,4.173,38172.219,359.7
5.5016,3.322892189025879,0.0,4.048,38183.117,359.7
5.5107,3.2619285583496094,0.0,4.048,38183.117,359.7
5.5158,3.2277520497639998,0.0,4.048,38183.117,359.7
5.5210,3.1935739517211914,0.0,4.048,38183.117,359.7
5.5267,3.155398368835449,0.0,4.141,38195.332,359.7
5.5327,3.115431467692055,0.0,4.141,38195.332,359.7
5.5378,3.0815490086873396,0.0,4.141,38195.332,359.7
5.5428,3.047687212626137,0.0,4.141,38195.332,359.7
5.5479,3.0137570699056013,0.0,3.435,38204.121,359.7
5.5546,2.9694207509358748,0.0,3.435,38204.121,359.7
5.5597,2.935555775960289,0.0,3.435,38204.121,359.7
5.5647,2.9017035166422502,0.0,3.435,38204.121,359.7
5.5698,2.8678576151529924,0.0,3.261,38213.262,359.7
5.5758,2.8278144200642927,0.0,3.261,38213.262,359.7
5.5834,2.7771218617757185,0.0,3.261,38213.262,359.7
5.5885,2.7432425816853865,0.0,3.565,38225.125,359.7
5.5966,2.6895411809285505,0.0,3.565,38225.125,359.7
5.6016,2.6556714375813826,0.0,3.565,38225.125,359.7
5.6082,2.61193116505941,0.0,3.565,38225.125,359.7
5.6133,2.5780693689982073,0.0,3.053,38233.477,359.7
5.6205,2.529789606730141,0.0,3.053,38233.477,359.7
5.6256,2.495910326639809,0.0,3.053,38233.477,359.7
5.6307,2.4620580673217773,0.0,3.053,38233.477,359.7
5.6365,2.4236392974853516,0.0,3.053,38243.496,359.7
5.6425,2.3831939697265625,0.0,3.053,38243.496,359.7
5.6476,2.3493242263793945,0.0,3.053,38243.496,359.7
5.6527,2.3154735565185547,0.0,3.053,38243.496,359.7
5.6578,2.281632423400879,0.0,3.67,38258.172,359.7
5.6665,2.2233549753824846,0.0,3.67,38258.172,359.7
5.6716,2.189483642578125,0.0,3.67,38258.172,359.7
5.6767,2.155634562174477,0.0,3.67,38258.172,359.7
5.6817,2.1217918395996094,0.0,3.592,38266.961,359.7
5.6877,2.0819362004598005,0.0,3.592,38266.961,359.7
5.6944,2.0376602808634416,0.0,3.592,38266.961,359.7
5.6994,2.0037921269734724,0.0,3.485,38277.336,359.7
5.7075,1.9501654307047502,0.0,3.485,38277.336,359.7
5.7140,1.9065443674723284,0.0,3.485,38277.336,359.7
5.7191,1.8726698557535784,0.0,3.485,38277.336,359.7
5.7242,1.8388175964355469,0.0,2.841,38284.277,359.7
5.7315,1.790264447530113,0.0,2.841,38284.277,359.7
5.7365,1.7563931147257463,0.0,2.841,38284.277,359.7
5.7416,1.7225408554077148,0.0,2.841,38284.277,359.7
5.7472,1.6852521896362305,0.0,2.615,38291.922,359.7
5.7532,1.6453790664672852,0.0,2.615,38291.922,359.7
5.7583,1.6115029652913435,0.0,2.615,38291.922,359.7
5.7634,1.5776491165161133,0.0,3.144,38303.438,359.7
5.7724,1.5171829859415666,0.0,3.144,38303.438,359.7
5.7775,1.483311653137207,0.0,3.144,38303.438,359.7
5.7826,1.4494609832763672,0.0,3.144,38303.438,359.7
5.7877,1.4156198501586914,0.0,3.525,38316.445,359.7
5.7964,1.3573551177978516,0.0,3.525,38316.445,359.7
5.8020,1.3199996948242188,0.0,3.525,38316.445,359.7
5.8086,1.2760178248087541,0.0,3.605,38326.375,359.7
5.8164,1.2239249547322615,0.0,3.605,38326.375,359.7
5.8215,1.1900456746419295,0.0,3.605,38326.375,359.7
5.8266,1.1561965942382812,0.0,3.605,38326.375,359.7
5.8316,1.1223491032918318,0.0,3.497,38337.805,359.7
5.8404,1.0641717910766602,0.0,3.497,38337.805,359.7
5.8455,1.0302988688151018,0.0,3.497,38337.805,359.7
5.8505,0.9964513778686523,0.0,3.497,38337.805,359.7
5.8561,0.9592056274414062,0.0,2.905,38345.273,359.7
5.8644,0.904294649759926,0.0,2.905,38345.273,359.7
5.8694,0.8704264958699568,0.0,2.905,38345.273,359.7
5.8745,0.8365837732950823,0.0,2.905,38345.273,359.7
5.8796,0.8027458190917969,0.0,2.617,38351.336,359.7
5.8856,0.7628822326660156,0.0,2.617,38351.336,359.7
5.8907,0.7288948694864885,0.0,2.617,38351.336,359.7
5.8957,0.6950441996256487,0.0,2.617,38351.336,359.7
5.9008,0.6611998875935896,0.0,2.289,38357.93,359.7
5.9103,0.5976692835489885,0.0,2.289,38357.93,359.7
5.9154,0.5637995402018205,0.0,2.289,38357.93,359.7
5.9205,0.5298932393391951,0.0,1.956,38361.973,359.7
5.9283,0.47792911529541016,0.0,1.956,38361.973,359.7
5.9334,0.4440625508626326,0.0,1.956,38361.973,359.7
5.9385,0.4102214177449568,0.0,1.956,38361.973,359.7
5.9435,0.37638187408447266,0.0,1.319,38364.523,359.7
5.9523,0.31803925832112867,0.0,1.319,38364.523,359.7
5.9583,0.27790864308675367,0.0,1.319,38364.523,359.7
5.9634,0.24394989013671875,0.0,1.319,38364.523,359.7
5.9685,0.20981629689534742,0.0,0.981,38367.156,359.7
5.9763,0.15807469685872633,0.0,0.981,38367.156,359.7
5.9814,0.1241954167683943,0.0,0.981,38367.156,359.7
5.9865,0.0903209050496443,0.0,0.981,38367.156,359.7
5.9915,0.05644798278808594,0.0,2.019,38378.055,359.7
5.9975,0.016455650329589844,0.0,2.019,38378.055,359.7
