t_s,cmd_speed_cm_s,cmd_steer_deg,enc_speed_cm_s,enc_cmd_speed_cm_s,yaw_deg
0.0000,-6.357828776041666e-06,0.0,-0.003,38392.734,359.7
0.0673,-0.4488658905029297,0.0,-0.003,38392.734,359.7
0.0724,-0.48271656036376953,0.0,-0.003,38392.734,359.7
0.0775,-0.5165561040242513,0.0,-0.003,38392.734,359.7
0.0826,-0.5503702163696289,0.0,-0.003,38392.734,359.7
0.0883,-0.5889987945556641,0.0,-0.003,38392.734,359.7
0.0934,-0.6228160858154297,0.0,-0.003,38392.734,359.7
0.0985,-0.6566699345906575,0.0,-0.003,38392.734,359.7
0.1036,-0.6904999415079753,0.0,-0.003,38392.734,359.7
0.1124,-0.7496134440104167,0.0,-0.003,38392.734,359.7
0.1183,-0.7887411117553711,0.0,-0.003,38392.734,359.7
0.1234,-0.8226346969604492,0.0,-0.003,38392.734,359.7
0.1324,-0.8826605478922527,0.0,-0.003,38392.734,359.7
0.1375,-0.9165366490681965,0.0,-0.003,38392.734,359.7
0.1426,-0.9503889083862305,0.0,-0.003,38392.734,359.7
0.1476,-0.9842300415039062,0.0,-0.003,38392.648,359.7
0.1564,-1.0425297419230144,0.0,-0.003,38392.648,359.7
0.1615,-1.0764153798421223,0.0,-0.003,38392.648,359.7
0.1665,-1.1102724075317383,0.0,-0.003,38392.648,359.7
0.1721,-1.1475515365600586,0.0,-0.003,38392.207,359.7
0.1781,-1.1875549952189128,0.0,-0.003,38392.207,359.7
0.1832,-1.2214295069376628,0.0,-0.003,38392.207,359.7
0.1883,-1.255370775858561,0.0,-0.003,38392.207,359.7
0.1934,-1.289240519205729,0.0,-0.731,38386.582,359.7
0.2004,-1.3359785079956055,0.0,-0.731,38386.582,359.7
0.2073,-1.3818979263305664,0.0,-0.731,38386.582,359.7
0.2124,-1.4159011840820312,0.0,-0.731,38386.582,359.7
0.2175,-1.4497852325439453,0.0,-2.928,38369.531,359.7
0.2273,-1.5153058369954429,0.0,-2.928,38369.531,359.7
0.2324,-1.549199422200521,0.0,-2.928,38369.531,359.7
0.2375,-1.5830453236897788,0.0,-4.051,38355.293,359.7
0.2444,-1.6291729609171548,0.0,-4.051,38355.293,359.7
0.2495,-1.663050651550293,0.0,-4.051,38355.293,359.7
0.2545,-1.696899731953939,0.0,-4.051,38355.293,359.7
0.2596,-1.7307456334431968,0.0,-4.634,38337.715,359.7
0.2683,-1.7889420191446939,0.0,-4.634,38337.715,359.7
0.2734,-1.822821299235026,0.0,-4.634,38337.715,359.7
0.2790,-1.8600908915201821,0.0,-4.634,38337.715,359.7
0.2841,-1.8939542770385742,0.0,-4.512,38325.672,359.7
0.2901,-1.9341293970743814,0.0,-4.512,38325.672,359.7
0.2952,-1.9679911931355796,0.0,-4.512,38325.672,359.7
0.3003,-2.001825968424479,0.0,-4.802,38310.383,359.7
0.3095,-2.0635716120402017,0.0,-4.802,38310.383,359.7
0.3146,-2.09744930267334,0.0,-4.802,38310.383,359.7
0.3197,-2.1313047409057617,0.0,-4.802,38310.383,359.7
0.3248,-2.1651458740234375,0.0,-4.881,38296.406,359.7
0.3308,-2.2054052352905273,0.0,-4.881,38296.406,359.7
0.3364,-2.242987950642904,0.0,-4.881,38296.406,359.7
0.3415,-2.2768799463907876,0.0,-4.881,38296.406,359.7
0.3466,-2.310736974080404,0.0,-5.141,38279.707,359.7
0.3527,-2.351226806640625,0.0,-5.141,38279.707,359.7
0.3578,-2.385109265645345,0.0,-5.141,38279.707,359.7
0.3628,-2.418959935506185,0.0,-5.141,38279.707,359.7
0.3679,-2.4528090159098306,0.0,-5.141,38263.273,359.7
0.3753,-2.5017817815144854,0.0,-5.141,38263.273,359.7
0.3803,-2.5356531143188477,0.0,-5.141,38263.273,359.7
0.3873,-2.581777572631836,0.0,-4.719,38251.672,359.7
0.3953,-2.635173797607422,0.0,-4.719,38251.672,359.7
0.4004,-2.669049898783366,0.0,-4.719,38251.672,359.7
0.4071,-2.7141205469767256,0.0,-4.719,38251.672,359.7
0.4122,-2.7479934692382812,0.0,-3.628,38243.055,359.7
0.4192,-2.7949873606363935,0.0,-3.628,38243.055,359.7
0.4243,-2.8288761774698896,0.0,-3.628,38243.055,359.7
0.4294,-2.8627697626749677,0.0,-3.628,38243.055,359.7
0.4345,-2.896626790364583,0.0,-3.604,38231.719,359.7
0.4406,-2.9371484120686846,0.0,-3.604,38231.719,359.7
0.4462,-2.974456151326497,0.0,-3.604,38231.719,359.7
0.4512,-3.008325894673665,0.0,-3.604,38231.719,359.7
0.4563,-3.042167027791341,0.0,-3.221,38223.898,359.7
0.4624,-3.082362810770671,0.0,-3.221,38223.898,359.7
0.4674,-3.1162214279174805,0.0,-3.221,38223.898,359.7
0.4726,-3.1503772735595703,0.0,-3.107,38215.461,359.7
0.4812,-3.2081953684488935,0.0,-3.107,38215.461,359.7
0.4863,-3.2421350479125977,0.0,-3.107,38215.461,359.7
0.4914,-3.2760079701741533,0.0,-3.107,38215.461,359.7
0.4965,-3.3098602294921875,0.0,-3.778,38201.309,359.7
0.5042,-3.3613046010335283,0.0,-3.778,38201.309,359.7
0.5109,-3.405900001525879,0.0,-3.778,38201.309,359.7
0.5160,-3.440113067626953,0.0,-4.553,38186.191,359.7
0.5222,-3.4815136591593427,0.0,-4.553,38186.191,359.7
0.5273,-3.515443801879883,0.0,-4.553,38186.191,359.7
0.5324,-3.549313545227051,0.0,-4.553,38186.191,359.7
0.5375,-3.583170572916667,0.0,-4.707,38172.48,359.7
0.5435,-3.6233488718668623,0.0,-4.707,38172.48,359.7
0.5486,-3.6572901407877607,0.0,-4.707,38172.48,359.7
0.5542,-3.694748878479004,0.0,-4.707,38172.48,359.7
0.5593,-3.7286361058553057,0.0,-4.629,38159.297,359.7
0.5654,-3.7691084543863935,0.0,-4.629,38159.297,359.7
0.5704,-3.8029909133911133,0.0,-4.629,38159.297,359.7
0.5755,-3.8368527094523115,0.0,-4.629,38159.297,359.7
0.5806,-3.8706954320271807,0.0,-4.421,38144.266,359.7
0.5881,-3.920968373616536,0.0,-4.421,38144.266,359.7
0.5932,-3.954860369364421,0.0,-4.421,38144.266,359.7
0.5983,-3.9887205759684248,0.0,-4.421,38144.266,359.7
0.6034,-4.022574424743652,0.0,-4.652,38128.977,359.7
0.6141,-4.0937550862630205,0.0,-4.652,38128.977,359.7
0.6192,-4.127693176269531,0.0,-4.652,38128.977,359.7
0.6242,-4.1615597407023115,0.0,-4.724,38115.0,359.7
0.6311,-4.207361539204915,0.0,-4.724,38115.0,359.7
0.6362,-4.241237640380859,0.0,-4.724,38115.0,359.7
0.6413,-4.275094668070476,0.0,-4.724,38115.0,359.7
0.6463,-4.308948516845703,0.0,-4.887,38098.742,359.7
0.6551,-4.367275238037109,0.0,-4.887,38098.742,359.7
0.6602,-4.401148160298665,0.0,-4.887,38098.742,359.7
0.6658,-4.438430468241374,0.0,-4.887,38098.742,359.7
0.6708,-4.472300211588542,0.0,-4.042,38089.688,359.7
0.6769,-4.5126692454020185,0.0,-4.042,38089.688,359.7
0.6820,-4.54655647277832,0.0,-4.042,38089.688,359.7
0.6871,-4.58040714263916,0.0,-4.042,38089.688,359.7
0.6921,-4.614254633585612,0.0,-3.369,38080.461,359.7
0.7001,-4.667089780171712,0.0,-3.369,38080.461,359.7
0.7071,-4.714120229085286,0.0,-3.369,38080.461,359.7
0.7122,-4.748110771179199,0.0,-3.381,38070.527,359.7
0.7213,-4.808611869812012,0.0,-3.381,38070.527,359.7
0.7264,-4.842514991760254,0.0,-3.381,38070.527,359.7
0.7315,-4.876383145650228,0.0,-3.381,38070.527,359.7
0.7365,-4.9102433522542315,0.0,-3.925,38054.531,359.7
0.7451,-4.967034657796224,0.0,-3.925,38054.531,359.7
0.7502,-5.00117301940918,0.0,-3.925,38054.531,359.7
0.7553,-5.035219192504883,0.0,-3.925,38054.531,359.7
0.7604,-5.069430669148764,0.0,-3.925,38054.531,359.7
0.7655,-5.103569030761719,0.0,-4.025,38040.293,359.7
0.7730,-5.153032938639322,0.0,-4.025,38040.293,359.7
0.7780,-5.186948776245117,0.0,-4.025,38040.293,359.7
0.7831,-5.22081216176351,0.0,-4.234,38026.758,359.7
0.7900,-5.266706148783365,0.0,-4.234,38026.758,359.7
0.7951,-5.300583839416504,0.0,-4.234,38026.758,359.7
0.8002,-5.334445635477701,0.0,-4.234,38026.758,359.7
0.8068,-5.3787072499593105,0.0,-4.512,38010.938,359.7
0.8140,-5.426603953043619,0.0,-4.512,38010.938,359.7
0.8191,-5.460484822591146,0.0,-4.512,38010.938,359.7
0.8252,-5.501044591267904,0.0,-4.512,37998.281,359.7
0.8342,-5.56117057800293,0.0,-4.512,37998.281,359.7
0.8393,-5.59504508972168,0.0,-4.512,37998.281,359.7
0.8443,-5.628897349039713,0.0,-4.512,37998.281,359.7
0.8494,-5.662735303243002,0.0,-3.918,37988.0,359.7
0.8580,-5.719720522562662,0.0,-3.918,37988.0,359.7
0.8630,-5.753596623738607,0.0,-3.918,37988.0,359.7
0.8681,-5.787442525227865,0.0,-3.918,37988.0,359.7
0.8732,-5.821285247802734,0.0,-3.39,37978.066,359.7
0.8792,-5.8615048726399746,0.0,-3.39,37978.066,359.7
0.8848,-5.898958841959635,0.0,-3.39,37978.066,359.7
0.8899,-5.932833353678385,0.0,-5.116,37957.148,359.7
0.8989,-5.9928735097249355,0.0,-5.116,37957.148,359.7
0.9040,-6.0267527898152675,0.0,-5.116,37957.148,359.7
0.9106,-6.0704755783081055,0.0,-5.116,37957.148,359.7
0.9157,-6.104351679484049,0.0,-5.921,37934.914,359.7
0.9229,-6.152787208557129,0.0,-5.921,37934.914,359.7
0.9280,-6.18665854136149,0.0,-5.921,37934.914,359.7
0.9348,-6.231794357299805,0.0,-5.516,37922.43,359.7
0.9429,-6.286015510559082,0.0,-5.516,37922.43,359.7
0.9480,-6.319894790649414,0.0,-5.516,37922.43,359.7
0.9531,-6.353747049967447,0.0,-5.516,37922.43,359.7
0.9581,-6.387588183085123,0.0,-4.821,37907.754,359.7
0.9669,-6.445884704589844,0.0,-4.821,37907.754,359.7
0.9720,-6.479760805765787,0.0,-4.821,37907.754,359.7
0.9770,-6.513611475626627,0.0,-4.821,37907.754,359.7
0.9821,-6.5475861231486,0.0,-4.821,37907.754,359.7
0.9873,-6.581730842590332,0.0,-3.855,37897.648,359.7
0.9949,-6.632467905680338,0.0,-3.855,37897.648,359.7
1.0000,-6.666374206542969,0.0,-3.855,37897.648,359.7
1.0050,-6.700290044148764,0.0,-3.53,37888.066,359.7
1.0127,-6.751500765482584,0.0,-3.53,37888.066,359.7
1.0179,-6.78571859995524,0.0,-3.53,37888.066,359.7
1.0230,-6.819836298624674,0.0,-3.53,37888.066,359.7
1.0281,-6.853752136230469,0.0,-3.612,37875.852,359.7
1.0358,-6.905662218729654,0.0,-3.612,37875.852,359.7
1.0409,-6.939554214477539,0.0,-3.612,37875.852,359.7
1.0465,-6.976896921793619,0.0,-3.612,37875.852,359.7
1.0516,-7.010780970255533,0.0,-3.308,37866.883,359.7
1.0576,-7.050970395406088,0.0,-3.308,37866.883,359.7
1.0627,-7.084846496582031,0.0,-3.308,37866.883,359.7
1.0678,-7.118790944417318,0.0,-3.308,37866.883,359.7
1.0729,-7.1526892979939785,0.0,-3.96,37850.539,359.7
1.0808,-7.205538749694824,0.0,-3.96,37850.539,359.7
1.0859,-7.239435513814291,0.0,-3.96,37850.539,359.7
1.0910,-7.2732941309611,0.0,-3.96,37850.539,359.7
1.0961,-7.3071400324503575,0.0,-4.242,37837.793,359.7
1.1057,-7.371341387430826,0.0,-4.242,37837.793,359.7
1.1123,-7.415102322896322,0.0,-4.242,37837.793,359.7
1.1174,-7.44909922281901,0.0,-4.164,37825.84,359.7
1.1235,-7.489790916442871,0.0,-4.164,37825.84,359.7
1.1286,-7.523698806762695,0.0,-4.164,37825.84,359.7
1.1336,-7.557563781738281,0.0,-4.164,37825.84,359.7
1.1387,-7.591419219970703,0.0,-3.693,37815.645,359.7
1.1468,-7.645244598388672,0.0,-3.693,37815.645,359.7
1.1546,-7.697566350301107,0.0,-3.693,37815.645,359.7
1.1597,-7.731444040934244,0.0,-3.263,37807.469,359.7
1.1668,-7.778387069702148,0.0,-3.263,37807.469,359.7
1.1718,-7.812256813049316,0.0,-3.263,37807.469,359.7
1.1769,-7.846110661824545,0.0,-3.263,37807.469,359.7
1.1820,-7.880029678344727,0.0,-3.5,37794.375,359.7
1.1907,-7.938261032104492,0.0,-3.5,37794.375,359.7
1.1958,-7.972135543823242,0.0,-3.5,37794.375,359.7
1.2009,-8.006102244059244,0.0,-3.421,37784.969,359.7
1.2146,-8.09764544169108,0.0,-3.421,37784.969,359.7
1.2197,-8.131599426269531,0.0,-3.421,37784.969,359.7
1.2248,-8.16547711690267,0.0,-3.421,37775.125,359.7
1.2317,-8.211442629496256,0.0,-3.421,37775.125,359.7
1.2368,-8.245325088500977,0.0,-3.421,37775.125,359.7
1.2419,-8.279178937276205,0.0,-3.421,37775.125,359.7
1.2470,-8.313013712565104,0.0,-4.238,37757.375,359.7
1.2559,-8.372672398885092,0.0,-4.238,37757.375,359.7
1.2610,-8.406553268432617,0.0,-4.238,37757.375,359.7
1.2666,-8.443911870320639,0.0,-4.238,37757.375,359.7
1.2717,-8.477772076924643,0.0,-4.565,37744.188,359.7
1.2777,-8.517940839131674,0.0,-4.565,37744.188,359.7
1.2828,-8.551812171936035,0.0,-4.565,37744.188,359.7
1.2878,-8.585664431254068,0.0,-4.565,37744.188,359.7
1.2929,-8.61950715382894,0.0,-4.21,37731.18,359.7
1.3007,-8.671274185180664,0.0,-4.21,37731.18,359.7
1.3073,-8.715108235677084,0.0,-4.21,37731.18,359.7
1.3123,-8.74898910522461,0.0,-3.404,37724.238,359.7
1.3217,-8.811295827229818,0.0,-3.404,37724.238,359.7
1.3268,-8.84516716003418,0.0,-3.404,37724.238,359.7
1.3319,-8.879019419352213,0.0,-3.404,37724.238,359.7
1.3369,-8.912858963012695,0.0,-2.915,37714.836,359.7
1.3456,-8.970958391825357,0.0,-2.915,37714.836,359.7
1.3507,-9.00489330291748,0.0,-2.915,37714.836,359.7
1.3558,-9.038774172465006,0.0,-2.915,37714.836,359.7
1.3609,-9.072631200154623,0.0,-2.915,37714.836,359.7
1.3660,-9.106481870015463,0.0,-3.696,37699.188,359.7
1.3735,-9.156883557637533,0.0,-3.696,37699.188,359.7
1.3786,-9.190767606099447,0.0,-3.696,37699.188,359.7
1.3837,-9.224627812703451,0.0,-4.176,37686.008,359.7
1.3906,-9.270750681559244,0.0,-4.176,37686.008,359.7
1.3957,-9.3046236038208,0.0,-4.176,37686.008,359.7
1.4008,-9.338469505310059,0.0,-4.176,37686.008,359.7
1.4075,-9.383462270100912,0.0,-4.684,37668.34,359.7
1.4146,-9.430635770161947,0.0,-4.684,37668.34,359.7
1.4197,-9.46451505025228,0.0,-4.684,37668.34,359.7
1.4265,-9.510283470153809,0.0,-4.684,37668.34,359.7
1.4316,-9.54415480295817,0.0,-4.453,37654.805,359.7
1.4386,-9.590559005737305,0.0,-4.453,37654.805,359.7
1.4437,-9.624441464742025,0.0,-4.453,37654.805,359.7
1.4487,-9.658300081888834,0.0,-4.453,37654.805,359.7
1.4538,-9.692220687866211,0.0,-3.715,37644.875,359.7
1.4626,-9.750421841939291,0.0,-3.715,37644.875,359.7
1.4676,-9.784296353658041,0.0,-3.715,37644.875,359.7
1.4728,-9.81841246287028,0.0,-3.715,37644.875,359.7
1.4779,-9.852434794108072,0.0,-2.889,37638.984,359.7
1.4856,-9.903732935587565,0.0,-2.889,37638.984,359.7
1.4906,-9.937626520792643,0.0,-2.889,37638.984,359.7
1.4957,-9.971486727396647,0.0,-2.889,37638.984,359.7
1.5008,-10.005335807800293,0.0,-3.469,37624.133,359.7
1.5084,-10.056196848551433,0.0,-3.469,37624.133,359.7
1.5136,-10.090446472167969,0.0,-3.469,37624.133,359.7
1.5187,-10.12499491373698,0.0,-3.972,37611.648,359.7
1.5275,-10.18301010131836,0.0,-3.972,37611.648,359.7
1.5335,-10.223018328348797,0.0,-3.972,37611.648,359.7
1.5386,-10.257341066996258,0.0,-3.972,37611.648,359.7
1.5437,-10.291632016499836,0.0,-4.532,37594.25,359.7
1.5514,-10.342931747436523,0.0,-4.532,37594.25,359.7
1.5565,-10.376879374186199,0.0,-4.532,37594.25,359.7
1.5616,-10.410769780476887,0.0,-4.532,37594.25,359.7
1.5667,-10.444709459940594,0.0,-5.241,37577.285,359.7
1.5726,-10.484034220377605,0.0,-5.241,37577.285,359.7
1.5777,-10.517919858296711,0.0,-5.241,37577.285,359.7
1.5828,-10.551794370015461,0.0,-5.484,37559.355,359.7
1.5954,-10.63578446706136,0.0,-5.484,37559.355,359.7
1.6005,-10.669770240783691,0.0,-5.484,37559.355,359.7
1.6071,-10.713709195454914,0.0,-5.484,37559.355,359.7
1.6121,-10.747629801432293,0.0,-5.475,37541.953,359.7
1.6183,-10.788559913635254,0.0,-5.475,37541.953,359.7
1.6234,-10.822450319925945,0.0,-5.475,37541.953,359.7
1.6285,-10.856343905131023,0.0,-5.475,37541.953,359.7
1.6335,-10.890274047851562,0.0,-5.558,37522.441,359.7
1.6444,-10.9626309076945,0.0,-5.558,37522.441,359.7
1.6495,-10.996514956156414,0.0,-5.558,37522.441,359.7
1.6546,-11.030414899190266,0.0,-5.817,37504.773,359.7
1.6615,-11.076537768046062,0.0,-5.817,37504.773,359.7
1.6666,-11.11043135325114,0.0,-5.817,37504.773,359.7
1.6717,-11.144363085428875,0.0,-5.817,37504.773,359.7
1.6767,-11.17822488149007,0.0,-5.454,37488.691,359.7
1.6855,-11.236411730448406,0.0,-5.454,37488.691,359.7
1.6905,-11.270294189453125,0.0,-5.454,37488.691,359.7
1.6956,-11.304152806599934,0.0,-5.454,37488.691,359.7
1.7012,-11.341485977172852,0.0,-4.677,37475.684,359.7
1.7090,-11.39345645904541,0.0,-4.677,37475.684,359.7
1.7141,-11.427470842997234,0.0,-4.677,37475.684,359.7
1.7192,-11.461586952209473,0.0,-4.677,37475.684,359.7
1.7243,-11.495580673217773,0.0,-3.816,37465.488,359.7
1.7324,-11.54942512512207,0.0,-3.816,37465.488,359.7
1.7375,-11.58337116241455,0.0,-3.816,37465.488,359.7
1.7426,-11.617285410563152,0.0,-3.816,37465.488,359.7
1.7477,-11.65115515391032,0.0,-4.032,37451.953,359.7
1.7538,-11.692001024882,0.0,-4.032,37451.953,359.7
1.7594,-11.729365984598797,0.0,-4.032,37451.953,359.7
1.7645,-11.763269106547039,0.0,-4.032,37451.953,359.7
1.7696,-11.797420183817547,0.0,-4.436,37437.625,359.7
1.7757,-11.83797041575114,0.0,-4.436,37437.625,359.7
1.7808,-11.871884663899738,0.0,-4.436,37437.625,359.7
1.7859,-11.905810038248699,0.0,-4.436,37437.625,359.7
1.7910,-11.939678192138672,0.0,-5.256,37416.359,359.7
1.7987,-11.991397539774578,0.0,-5.256,37416.359,359.7
1.8038,-12.02536900838216,0.0,-5.256,37416.359,359.7
1.8112,-12.074340184529621,0.0,-5.256,37416.359,359.7
1.8162,-12.10827350616455,0.0,-6.076,37394.031,359.7
1.8224,-12.14916706085205,0.0,-6.076,37394.031,359.7
1.8275,-12.183240254720051,0.0,-6.076,37394.031,359.7
1.8326,-12.217206954956055,0.0,-6.076,37394.031,359.7
1.8377,-12.251180013020832,0.0,-5.257,37382.871,359.7
1.8438,-12.291735013326008,0.0,-5.257,37382.871,359.7
1.8489,-12.325671513875324,0.0,-5.257,37382.871,359.7
1.8539,-12.359615961710613,0.0,-5.143,37367.141,359.7
1.8662,-12.441598574320476,0.0,-5.143,37367.141,359.7
1.8713,-12.47552712758382,0.0,-5.143,37367.141,359.7
1.8764,-12.509466807047527,0.0,-5.299,37351.672,359.7
1.8833,-12.555451393127441,0.0,-5.299,37351.672,359.7
1.8884,-12.58939266204834,0.0,-5.299,37351.672,359.7
1.8935,-12.623273531595867,0.0,-5.299,37351.672,359.7
1.8986,-12.657168706258137,0.0,-5.783,37333.477,359.7
1.9047,-12.697960535685223,0.0,-5.783,37333.477,359.7
1.9112,-12.741653124491375,0.0,-5.783,37333.477,359.7
1.9173,-12.78223196665446,0.0,-6.697,37310.098,359.7
1.9243,-12.828675905863445,0.0,-6.697,37310.098,359.7
1.9294,-12.862588564554851,0.0,-6.697,37310.098,359.7
1.9345,-12.896504402160645,0.0,-6.697,37310.098,359.7
1.9396,-12.930382092793781,0.0,-7.546,37282.5,359.7
1.9483,-12.98868179321289,0.0,-7.546,37282.5,359.7
1.9534,-13.02258014678955,0.0,-7.546,37282.5,359.7
1.9585,-13.05648962656657,0.0,-7.546,37282.5,359.7
1.9636,-13.090500831604004,0.0,-7.924,37258.594,359.7
1.9712,-13.141309420267742,0.0,-7.924,37258.594,359.7
1.9763,-13.175266583760578,0.0,-7.924,37258.594,359.7
1.9814,-13.209269841512043,0.0,-7.924,37258.594,359.7
1.9865,-13.243225415547688,0.0,-8.395,37228.977,359.7
1.9927,-13.28442096710205,0.0,-8.395,37228.977,359.7
1.9978,-13.31853707631429,0.0,-8.395,37228.977,359.7
2.0029,-13.352511723836262,0.0,-8.395,37228.977,359.7
2.0095,-13.396765391031902,0.0,-7.969,37204.277,359.7
2.0163,-13.44200611114502,0.0,-7.969,37204.277,359.7
2.0215,-13.47635269165039,0.0,-7.969,37204.277,359.7
2.0271,-13.514070510864258,0.0,-7.969,37204.277,359.7
2.0322,-13.548153241475422,0.0,-7.63,37181.688,359.7
2.0383,-13.588941891988117,0.0,-7.63,37181.688,359.7
2.0435,-13.62305800120036,0.0,-7.63,37181.688,359.7
2.0485,-13.656994501749676,0.0,-7.63,37181.688,359.7
2.0536,-13.690876960754395,0.0,-8.175,37151.984,359.7
2.0612,-13.741501172383625,0.0,-8.175,37151.984,359.7
2.0663,-13.775423367818195,0.0,-8.175,37151.984,359.7
2.0714,-13.809377352396648,0.0,-8.175,37151.984,359.7
2.0765,-13.84330113728841,0.0,-8.533,37126.23,359.7
2.0842,-13.894729614257812,0.0,-8.533,37126.23,359.7
2.0894,-13.929142951965332,0.0,-8.533,37126.23,359.7
2.0945,-13.963098526000977,0.0,-8.53,37102.063,359.7
2.1022,-14.014614423116047,0.0,-8.53,37102.063,359.7
2.1088,-14.05853271484375,0.0,-8.53,37102.063,359.7
2.1139,-14.092475573221844,0.0,-8.856,37075.695,359.7
2.1222,-14.147885640462238,0.0,-8.856,37075.695,359.7
2.1273,-14.181811014811199,0.0,-8.856,37075.695,359.7
2.1329,-14.219533602396648,0.0,-8.856,37075.695,359.7
2.1381,-14.253842035929363,0.0,-9.646,37040.711,359.7
2.1462,-14.307815233866375,0.0,-9.646,37040.711,359.7
2.1513,-14.341778755187988,0.0,-9.646,37040.711,359.7
2.1564,-14.37569300333659,0.0,-9.65,37014.082,359.7
2.1662,-14.441041946411133,0.0,-9.65,37014.082,359.7
2.1712,-14.474945068359375,0.0,-9.65,37014.082,359.7
2.1763,-14.508859316507976,0.0,-9.65,37014.082,359.7
2.1814,-14.542813301086426,0.0,-9.756,36979.102,359.7
2.1931,-14.620931943257649,0.0,-9.756,36979.102,359.7
2.1982,-14.65487003326416,0.0,-9.756,36979.102,359.7
2.2033,-14.68892256418864,0.0,-10.11,36949.219,359.7
2.2113,-14.741954803466797,0.0,-10.11,36949.219,359.7
2.2164,-14.775913556416828,0.0,-10.11,36949.219,359.7
2.2215,-14.80979283650716,0.0,-10.11,36949.219,359.7
2.2265,-14.843643506368,0.0,-9.951,36922.414,359.7
2.2327,-14.884346326192219,0.0,-9.951,36922.414,359.7
2.2377,-14.918233553568523,0.0,-9.951,36922.414,359.7
2.2433,-14.955514272054035,0.0,-9.951,36922.414,359.7
2.2484,-14.989403088887531,0.0,-9.832,36889.188,359.7
2.2551,-15.03387451171875,0.0,-9.832,36889.188,359.7
2.2602,-15.067849159240723,0.0,-9.832,36889.188,359.7
2.2653,-15.101723670959473,0.0,-9.832,36889.188,359.7
2.2703,-15.135571161905926,0.0,-10.081,36855.176,359.7
2.2793,-15.19516150156657,0.0,-10.081,36855.176,359.7
2.2844,-15.229024887084961,0.0,-10.081,36855.176,359.7
2.2894,-15.26282787322998,0.0,-10.081,36855.176,359.7
2.2945,-15.296627680460613,0.0,-10.081,36825.645,359.7
2.3020,-15.346859296162922,0.0,-10.081,36825.645,359.7
2.3086,-15.390602747599285,0.0,-10.081,36825.645,359.7
2.3137,-15.424474080403645,0.0,-10.262,36795.852,359.7
2.3201,-15.467061996459961,0.0,-10.262,36795.852,359.7
2.3251,-15.500930150349934,0.0,-10.262,36795.852,359.7
2.3302,-15.534774462382,0.0,-10.262,36795.852,359.7
2.3353,-15.56861400604248,0.0,-9.634,36765.703,359.7
2.3440,-15.626877148946125,0.0,-9.634,36765.703,359.7
2.3497,-15.664695103963215,0.0,-9.634,36765.703,359.7
2.3548,-15.698598225911457,0.0,-9.534,36738.195,359.7
2.3640,-15.760273933410645,0.0,-9.534,36738.195,359.7
2.3691,-15.794302622477215,0.0,-9.534,36738.195,359.7
2.3742,-15.828301111857098,0.0,-9.534,36738.195,359.7
2.3793,-15.86219310760498,0.0,-10.297,36700.84,359.7
2.3880,-15.920149485270183,0.0,-10.297,36700.84,359.7
2.3931,-15.95405101776123,0.0,-10.297,36700.84,359.7
2.3982,-15.987930297851562,0.0,-10.479,36671.57,359.7
2.4070,-16.0468848546346,0.0,-10.479,36671.57,359.7
2.4139,-16.092654863993328,0.0,-10.479,36671.57,359.7
2.4190,-16.126643816630047,0.0,-10.154,36644.5,359.7
2.4280,-16.186730066935223,0.0,-10.154,36644.5,359.7
2.4331,-16.220755577087402,0.0,-10.154,36644.5,359.7
2.4382,-16.25466187795003,0.0,-10.154,36644.5,359.7
2.4433,-16.288557052612305,0.0,-10.03,36610.664,359.7
2.4520,-16.34657382965088,0.0,-10.03,36610.664,359.7
2.4588,-16.392213503519695,0.0,-10.03,36610.664,359.7
2.4639,-16.426103909810383,0.0,-9.958,36581.133,359.7
2.4730,-16.48637294769287,0.0,-9.958,36581.133,359.7
2.4780,-16.520272890726726,0.0,-9.958,36581.133,359.7
2.4831,-16.554142634073894,0.0,-9.875,36552.922,359.7
2.4929,-16.61966323852539,0.0,-9.875,36552.922,359.7
2.4980,-16.653587023417156,0.0,-9.875,36552.922,359.7
2.5031,-16.687520345052082,0.0,-10.531,36515.391,359.7
2.5170,-16.780117352803547,0.0,-10.531,36515.391,359.7
2.5222,-16.814338366190594,0.0,-10.531,36515.391,359.7
2.5273,-16.848381360371906,0.0,-10.626,36485.422,359.7
2.5369,-16.912976900736492,0.0,-10.626,36485.422,359.7
2.5420,-16.946976979573567,0.0,-10.626,36485.422,359.7
2.5472,-16.981078783671062,0.0,-10.626,36485.422,359.7
2.5523,-17.015153566996258,0.0,-10.626,36450.527,359.7
2.5609,-17.072869936625164,0.0,-10.626,36450.527,359.7
2.5669,-17.112361590067547,0.0,-10.626,36450.527,359.7
2.5719,-17.146291732788086,0.0,-10.626,36450.527,359.7
2.5770,-17.180296579996746,0.0,-10.43,36414.844,359.7
2.5849,-17.232731183369953,0.0,-10.43,36414.844,359.7
2.5900,-17.266796429951984,0.0,-10.43,36414.844,359.7
2.5951,-17.300903002421062,0.0,-11.526,36378.281,359.7
2.6049,-17.365997632344563,0.0,-11.526,36378.281,359.7
2.6115,-17.409958839416504,0.0,-11.526,36378.281,359.7
2.6166,-17.443997065226238,0.0,-11.526,36378.281,359.7
2.6223,-17.481695810953777,0.0,-12.637,36332.664,359.7
2.6289,-17.525882720947266,0.0,-12.637,36332.664,359.7
2.6340,-17.55979855855306,0.0,-12.637,36332.664,359.7
2.6391,-17.593685785929363,0.0,-12.548,36299.094,359.7
2.6489,-17.659587860107422,0.0,-12.548,36299.094,359.7
2.6540,-17.69352912902832,0.0,-12.548,36299.094,359.7
2.6591,-17.727402051289875,0.0,-12.548,36299.094,359.7
2.6642,-17.761211395263672,0.0,-13.01,36252.949,359.7
2.6729,-17.819024721781414,0.0,-13.01,36252.949,359.7
2.6785,-17.856497764587402,0.0,-13.01,36252.949,359.7
2.6836,-17.89039134979248,0.0,-13.297,36213.133,359.7
2.6938,-17.958871523539226,0.0,-13.297,36213.133,359.7
2.6989,-17.992757161458332,0.0,-13.297,36213.133,359.7
2.7040,-18.02664279937744,0.0,-13.297,36213.133,359.7
2.7106,-18.070602416992188,0.0,-13.455,36166.727,359.7
2.7178,-18.11883290608724,0.0,-13.455,36166.727,359.7
2.7229,-18.152726491292317,0.0,-13.455,36166.727,359.7
2.7280,-18.186596234639484,0.0,-14.012,36123.223,359.7
2.7388,-18.258716265360516,0.0,-14.012,36123.223,359.7
2.7439,-18.292603492736816,0.0,-14.012,36123.223,359.7
2.7490,-18.326470057169598,0.0,-14.012,36123.223,359.7
2.7541,-18.36034933725993,0.0,-14.409,36073.742,359.7
2.7628,-18.41873327891032,0.0,-14.409,36073.742,359.7
2.7679,-18.45267613728841,0.0,-14.409,36073.742,359.7
2.7730,-18.48654905954997,0.0,-14.409,36073.742,359.7
2.7781,-18.52042516072591,0.0,-14.546,36023.73,359.7
2.7897,-18.597858746846516,0.0,-14.546,36023.73,359.7
2.7948,-18.63180955251058,0.0,-14.546,36023.73,359.7
2.7999,-18.665749231974285,0.0,-14.984,35980.137,359.7
2.8068,-18.71179262797038,0.0,-14.984,35980.137,359.7
2.8133,-18.755512237548828,0.0,-14.984,35980.137,359.7
2.8184,-18.789420127868652,0.0,-14.984,35980.137,359.7
2.8235,-18.823323249816895,0.0,-15.373,35927.141,359.7
2.8308,-18.871684074401855,0.0,-15.373,35927.141,359.7
2.8358,-18.90565077463786,0.0,-15.373,35927.141,359.7
2.8417,-18.944985071818035,0.0,-15.185,35885.656,359.7
2.8507,-19.004875818888348,0.0,-15.185,35885.656,359.7
2.8558,-19.038949012756348,0.0,-15.185,35885.656,359.7
2.8610,-19.073225657145183,0.0,-15.185,35885.656,359.7
2.8661,-19.107192357381184,0.0,-14.733,35837.664,359.7
2.8747,-19.16486422220866,0.0,-14.733,35837.664,359.7
2.8798,-19.198886553446453,0.0,-14.733,35837.664,359.7
2.8849,-19.232861200968426,0.0,-14.733,35837.664,359.7
2.8900,-19.266850153605144,0.0,-13.996,35792.754,359.7
2.9016,-19.344088236490887,0.0,-13.996,35792.754,359.7
2.9082,-19.38784917195638,0.0,-13.996,35792.754,359.7
2.9133,-19.42185878753662,0.0,-13.767,35754.344,359.7
2.9195,-19.463289578755695,0.0,-13.767,35754.344,359.7
2.9246,-19.497294425964355,0.0,-13.767,35754.344,359.7
2.9297,-19.531270662943523,0.0,-13.767,35754.344,359.7
2.9363,-19.575624465942383,0.0,-13.277,35711.633,359.7
2.9427,-19.617997805277508,0.0,-13.277,35711.633,359.7
2.9478,-19.651939074198406,0.0,-13.277,35711.633,359.7
2.9546,-19.69756285349528,0.0,-13.428,35670.148,359.7
2.9637,-19.757846196492512,0.0,-13.428,35670.148,359.7
2.9688,-19.791760444641113,0.0,-13.428,35670.148,359.7
2.9738,-19.82563654581706,0.0,-13.648,35630.773,359.7
2.9837,-19.89159107208252,0.0,-13.648,35630.773,359.7
2.9888,-19.92562770843506,0.0,-13.648,35630.773,359.7
2.9940,-19.959769248962402,0.0,-13.648,35630.773,359.7
2.9991,-19.993720054626465,0.0,-14.786,35576.805,359.7
3.0105,-20.07026513417562,0.0,-14.786,35576.805,359.7
3.0172,-20.114625295003258,0.0,-14.786,35576.805,359.7
3.0224,-20.149046579996742,0.0,-14.289,35539.277,359.7
3.0286,-20.190717379252114,0.0,-14.289,35539.277,359.7
3.0337,-20.224674542744957,0.0,-14.289,35539.277,359.7
3.0388,-20.2585776646932,0.0,-14.289,35539.277,359.7
3.0439,-20.292455355326332,0.0,-15.525,35481.531,359.7
3.0516,-20.343988736470543,0.0,-15.525,35481.531,359.7
3.0567,-20.377871195475258,0.0,-15.525,35481.531,359.7
3.0623,-20.41520913441976,0.0,-15.525,35481.531,359.7
3.0674,-20.449085235595703,0.0,-16.315,35431.348,359.7
3.0735,-20.48985004425049,0.0,-16.315,35431.348,359.7
3.0786,-20.523721377054848,0.0,-16.315,35431.348,359.7
3.0836,-20.557572046915688,0.0,-16.046,35388.633,359.7
3.0926,-20.617314974466957,0.0,-16.046,35388.633,359.7
3.0977,-20.651186307271324,0.0,-16.046,35388.633,359.7
3.1028,-20.685036977132164,0.0,-15.593,35343.809,359.7
3.1165,-20.77641328175863,0.0,-15.593,35343.809,359.7
3.1215,-20.81031640370687,0.0,-15.593,35343.809,359.7
3.1266,-20.844173431396484,0.0,-15.847,35297.141,359.7
3.1336,-20.890353520711265,0.0,-15.847,35297.141,359.7
3.1386,-20.924228032430015,0.0,-15.847,35297.141,359.7
3.1437,-20.958096186319985,0.0,-15.847,35297.141,359.7
3.1488,-20.991965929667153,0.0,-17.376,35232.805,359.7
3.1575,-21.05018138885498,0.0,-17.376,35232.805,359.7
3.1626,-21.084060668945312,0.0,-17.376,35232.805,359.7
3.1686,-21.12379868825277,0.0,-17.83,35182.352,359.7
3.1775,-21.183463732401528,0.0,-17.83,35182.352,359.7
3.1826,-21.21734619140625,0.0,-17.83,35182.352,359.7
3.1877,-21.251203219095864,0.0,-17.83,35182.352,359.7
3.1928,-21.285055478413902,0.0,-18.1,35120.918,359.7
3.2015,-21.343425114949547,0.0,-18.1,35120.918,359.7
3.2081,-21.387502352396645,0.0,-18.1,35120.918,359.7
3.2132,-21.42141501108805,0.0,-18.155,35068.711,359.7
3.2215,-21.476489702860512,0.0,-18.155,35068.711,359.7
3.2271,-21.51381492614746,0.0,-18.155,35068.711,359.7
3.2322,-21.547697385152183,0.0,-18.155,35068.711,359.7
3.2372,-21.58156077067057,0.0,-18.036,35016.855,359.7
3.2433,-21.622134844462074,0.0,-18.036,35016.855,359.7
3.2484,-21.65600299835205,0.0,-18.036,35016.855,359.7
3.2535,-21.68985684712728,0.0,-18.036,35016.855,359.7
3.2586,-21.723705927530922,0.0,-18.327,34953.398,359.7
3.2665,-21.77638053894043,0.0,-18.327,34953.398,359.7
3.2715,-21.810261408487953,0.0,-18.327,34953.398,359.7
3.2775,-21.849702199300133,0.0,-18.523,34900.047,359.7
3.2864,-21.909635861714683,0.0,-18.523,34900.047,359.7
3.2915,-21.943508783976235,0.0,-18.523,34900.047,359.7
3.2966,-21.977362632751465,0.0,-18.523,34900.047,359.7
3.3017,-22.011208534240723,0.0,-18.666,34837.559,359.7
3.3104,-22.06955909729004,0.0,-18.666,34837.559,359.7
3.3155,-22.103443145751953,0.0,-18.666,34837.559,359.7
3.3206,-22.137296994527183,0.0,-18.666,34837.559,359.7
3.3257,-22.17114289601644,0.0,-18.018,34779.023,359.7
3.3373,-22.248791058858238,0.0,-18.018,34779.023,359.7
3.3424,-22.28267033894857,0.0,-18.018,34779.023,359.7
3.3475,-22.316540082295738,0.0,-17.561,34730.332,359.7
3.3546,-22.363991737365723,0.0,-17.561,34730.332,359.7
3.3597,-22.3978598912557,0.0,-17.561,34730.332,359.7
3.3648,-22.431713740030922,0.0,-17.561,34730.332,359.7
3.3698,-22.465564409891762,0.0,-17.026,34675.398,359.7
3.3786,-22.523754437764488,0.0,-17.026,34675.398,359.7
3.3836,-22.55763212839762,0.0,-17.026,34675.398,359.7
3.3892,-22.59495735168457,0.0,-16.85,34626.445,359.7
3.3986,-22.657171885172524,0.0,-16.85,34626.445,359.7
3.4037,-22.691054344177246,0.0,-16.85,34626.445,359.7
3.4104,-22.736124992370605,0.0,-16.85,34626.445,359.7
3.4155,-22.77000586191813,0.0,-19.099,34554.109,359.7
3.4223,-22.81564712524414,0.0,-19.099,34554.109,359.7
3.4274,-22.84952163696289,0.0,-19.099,34554.109,359.7
3.4325,-22.883526484171547,0.0,-19.099,34554.109,359.7
3.4376,-22.917404174804688,0.0,-20.474,34478.965,359.7
3.4502,-23.00166606903076,0.0,-20.474,34478.965,359.7
3.4553,-23.035551706949867,0.0,-20.474,34478.965,359.7
3.4604,-23.06941509246826,0.0,-20.623,34421.133,359.7
3.4673,-23.115531603495278,0.0,-20.623,34421.133,359.7
3.4724,-23.14941088358561,0.0,-20.623,34421.133,359.7
3.4775,-23.183263142903648,0.0,-20.623,34421.133,359.7
3.4826,-23.217109044392906,0.0,-19.767,34357.063,359.7
3.4913,-23.27542940775553,0.0,-19.767,34357.063,359.7
3.4973,-23.315351804097496,0.0,-19.767,34357.063,359.7
3.5024,-23.34923426310221,0.0,-19.914,34297.207,359.7
3.5124,-23.4157133102417,0.0,-19.914,34297.207,359.7
3.5175,-23.44996929168701,0.0,-19.914,34297.207,359.7
3.5226,-23.48410129547119,0.0,-19.914,34297.207,359.7
3.5277,-23.518025080362953,0.0,-20.982,34222.586,359.7
3.5363,-23.575359980265297,0.0,-20.982,34222.586,359.7
3.5414,-23.609301249186196,0.0,-20.982,34222.586,359.7
3.5465,-23.643321990966797,0.0,-20.982,34222.586,359.7
3.5516,-23.6772092183431,0.0,-22.092,34150.605,359.7
3.5603,-23.735451698303223,0.0,-22.092,34150.605,359.7
3.5654,-23.769335746765137,0.0,-22.092,34150.605,359.7
3.5705,-23.80319118499756,0.0,-22.092,34089.344,359.7
3.5782,-23.85497728983561,0.0,-22.092,34089.344,359.7
3.5833,-23.888850212097168,0.0,-22.092,34089.344,359.7
3.5884,-23.922710418701172,0.0,-22.092,34089.344,359.7
3.5935,-23.95655632019043,0.0,-21.357,34020.176,359.7
3.6022,-24.014887809753418,0.0,-21.357,34020.176,359.7
3.6093,-24.061992963155113,0.0,-21.357,34020.176,359.7
3.6144,-24.095864295959473,0.0,-20.528,33965.773,359.7
3.6222,-24.148221015930176,0.0,-20.528,33965.773,359.7
3.6273,-24.182089169820152,0.0,-20.528,33965.773,359.7
3.6324,-24.2159366607666,0.0,-20.528,33965.773,359.7
3.6375,-24.249768257141113,0.0,-19.725,33900.383,359.7
3.6462,-24.30802504221598,0.0,-19.725,33900.383,359.7
3.6513,-24.34189955393473,0.0,-19.725,33900.383,359.7
3.6564,-24.375758171081543,0.0,-19.725,33900.383,359.7
3.6620,-24.413040479024254,0.0,-21.465,33820.75,359.7
3.6702,-24.46791966756185,0.0,-21.465,33820.75,359.7
3.6753,-24.50178782145182,0.0,-21.465,33820.75,359.7
3.6803,-24.535654385884605,0.0,-22.116,33758.613,359.7
3.6902,-24.60120519002279,0.0,-22.116,33758.613,359.7
3.6953,-24.635094006856285,0.0,-22.116,33758.613,359.7
3.7003,-24.6689510345459,0.0,-22.116,33758.613,359.7
3.7069,-24.712602297465004,0.0,-22.396,33681.711,359.7
3.7171,-24.780418078104653,0.0,-22.396,33681.711,359.7
3.7221,-24.814292589823403,0.0,-22.396,33681.711,359.7
3.7272,-24.848143259684242,0.0,-22.103,33621.855,359.7
3.7341,-24.89431699117025,0.0,-22.103,33621.855,359.7
3.7392,-24.928183555603027,0.0,-22.103,33621.855,359.7
3.7443,-24.96204058329264,0.0,-22.103,33621.855,359.7
3.7494,-24.995884895324707,0.0,-21.571,33549.961,359.7
3.7581,-25.05422274271647,0.0,-21.571,33549.961,359.7
3.7632,-25.088095664978027,0.0,-21.571,33549.961,359.7
3.7688,-25.12556234995524,0.0,-21.571,33549.961,359.7
3.7739,-25.15943686167399,0.0,-22.512,33479.297,359.7
3.7801,-25.200533866882324,0.0,-22.512,33479.297,359.7
3.7852,-25.23454507191976,0.0,-22.512,33479.297,359.7
3.7903,-25.268383026123047,0.0,-23.526,33410.305,359.7
3.7991,-25.327380498250328,0.0,-23.526,33410.305,359.7
3.8042,-25.36125342051188,0.0,-23.526,33410.305,359.7
3.8107,-25.404942830403648,0.0,-23.715,33339.813,359.7
3.8201,-25.467333793640137,0.0,-23.715,33339.813,359.7
3.8257,-25.50436019897461,0.0,-23.715,33339.813,359.7
3.8307,-25.538209279378258,0.0,-23.715,33339.813,359.7
3.8358,-25.572028160095215,0.0,-23.114,33274.422,359.7
3.8416,-25.610621770222984,0.0,-23.114,33274.422,359.7
3.8467,-25.644407272338867,0.0,-23.114,33274.422,359.7
3.8517,-25.678210258483887,0.0,-23.114,33274.422,359.7
3.8568,-25.71197350819906,0.0,-23.023,33195.852,359.7
3.8649,-25.76632022857666,0.0,-23.023,33195.852,359.7
3.8700,-25.80007553100586,0.0,-23.023,33195.852,359.7
3.8759,-25.83964983622233,0.0,-23.242,33130.281,359.7
3.8849,-25.899580319722496,0.0,-23.242,33130.281,359.7
3.8900,-25.933327674865723,0.0,-23.242,33130.281,359.7
3.8951,-25.967063903808594,0.0,-23.242,33130.281,359.7
3.9001,-26.000801722208656,0.0,-23.66,33048.898,359.7
3.9089,-26.05943044026693,0.0,-23.66,33048.898,359.7
3.9140,-26.093179384867348,0.0,-23.66,33048.898,359.7
3.9190,-26.12691879272461,0.0,-23.66,33048.898,359.7
3.9241,-26.16065343221029,0.0,-23.183,32972.871,359.7
3.9359,-26.23903433481852,0.0,-23.183,32972.871,359.7
3.9409,-26.272786458333336,0.0,-23.183,32972.871,359.7
3.9460,-26.306535402933754,0.0,-22.42,32912.578,359.7
3.9529,-26.352647145589195,0.0,-22.42,32912.578,359.7
3.9580,-26.386426289876304,0.0,-22.42,32912.578,359.7
3.9630,-26.420181592305504,0.0,-22.42,32912.578,359.7
3.9681,-26.453946431477867,0.0,-21.025,32844.727,359.7
3.9770,-26.513317426045738,0.0,-21.025,32844.727,359.7
3.9821,-26.547228495279946,0.0,-21.025,32844.727,359.7
3.9876,-26.58390998840332,0.0,-23.409,32768.613,359.7
3.9970,-26.646478970845543,0.0,-23.409,32768.613,359.7
4.0021,-26.68036937713623,0.0,-23.409,32768.613,359.7
4.0088,-26.725074450174965,0.0,-23.409,32768.613,359.7
4.0139,-26.75947348276774,0.0,-25.419,32677.646,359.7
4.0219,-26.812551816304527,0.0,-25.419,32677.646,359.7
4.0270,-26.846534411112465,0.0,-25.419,32677.646,359.7
4.0321,-26.880429585774742,0.0,-25.419,32677.646,359.7
4.0371,-26.914291381835938,0.0,-24.517,32596.436,359.7
4.0479,-26.986169815063477,0.0,-24.517,32596.436,359.7
4.0530,-27.020055452982582,0.0,-24.517,32596.436,359.7
4.0581,-27.053917249043785,0.0,-24.59,32523.75,359.7
4.0659,-27.106307347615562,0.0,-24.59,32523.75,359.7
4.0710,-27.140191396077476,0.0,-24.59,32523.75,359.7
4.0761,-27.174042065938316,0.0,-24.59,32523.75,359.7
4.0812,-27.208005587259926,0.0,-26.119,32430.85,359.7
4.0899,-27.266294161478676,0.0,-26.119,32430.85,359.7
4.0955,-27.303590774536133,0.0,-26.119,32430.85,359.7
4.1006,-27.337462107340492,0.0,-26.119,32430.85,359.7
4.1072,-27.381256421407066,0.0,-26.412,32341.289,359.7
4.1139,-27.42629369099935,0.0,-26.412,32341.289,359.7
4.1191,-27.46044953664144,0.0,-26.412,32341.289,359.7
4.1242,-27.49443213144938,0.0,-26.09,32269.57,359.7
4.1339,-27.559388478597008,0.0,-26.09,32269.57,359.7
4.1390,-27.593286832173668,0.0,-26.09,32269.57,359.7
4.1441,-27.62714068094889,0.0,-26.09,32269.57,359.7
4.1491,-27.660984992980957,0.0,-24.748,32201.455,359.7
4.1580,-27.719955444335938,0.0,-24.748,32201.455,359.7
4.1631,-27.75383631388346,0.0,-24.748,32201.455,359.7
4.1682,-27.7876885732015,0.0,-24.748,32201.455,359.7
4.1732,-27.82161235809326,0.0,-25.141,32113.564,359.7
4.1793,-27.86219914754232,0.0,-25.141,32113.564,359.7
4.1844,-27.896076838175453,0.0,-25.141,32113.564,359.7
4.1895,-27.929929097493492,0.0,-26.391,32034.727,359.7
4.1991,-27.99377600351969,0.0,-26.391,32034.727,359.7
4.2051,-28.033817609151207,0.0,-26.391,32034.727,359.7
4.2119,-28.07939370473226,0.0,-26.615,31958.262,359.7
4.2199,-28.13239574432373,0.0,-26.615,31958.262,359.7
4.2249,-28.166282971700035,0.0,-26.615,31958.262,359.7
4.2300,-28.200136820475258,0.0,-26.615,31958.262,359.7
4.2351,-28.233987490336098,0.0,-26.262,31868.789,359.7
4.2438,-28.292255401611328,0.0,-26.262,31868.789,359.7
4.2489,-28.32613150278727,0.0,-26.262,31868.789,359.7
4.2540,-28.35998853047689,0.0,-26.101,31796.631,359.7
4.2638,-28.42548688252767,0.0,-26.101,31796.631,359.7
4.2689,-28.459370930989586,0.0,-26.101,31796.631,359.7
4.2740,-28.49322477976481,0.0,-26.101,31796.631,359.7
4.2791,-28.52710564931234,0.0,-26.764,31703.291,359.7
4.2878,-28.5853910446167,0.0,-26.764,31703.291,359.7
4.2929,-28.61926555633545,0.0,-26.764,31703.291,359.7
4.2980,-28.65311622619629,0.0,-26.764,31703.291,359.7
4.3030,-28.686958948771156,0.0,-28.075,31604.678,359.7
4.3138,-28.75877539316813,0.0,-28.075,31604.678,359.7
4.3189,-28.792719841003418,0.0,-28.075,31604.678,359.7
4.3240,-28.82660230000814,0.0,-27.666,31528.828,359.7
4.3318,-28.878534634908043,0.0,-27.666,31528.828,359.7
4.3369,-28.912413914998375,0.0,-27.666,31528.828,359.7
4.3419,-28.94627094268799,0.0,-27.666,31528.828,359.7
4.3470,-28.980118433634438,0.0,-26.996,31439.18,359.7
4.3558,-29.038449923197426,0.0,-26.996,31439.18,359.7
4.3627,-29.084773063659668,0.0,-26.996,31439.18,359.7
4.3678,-29.118647575378418,0.0,-27.795,31357.178,359.7
4.3760,-29.173014958699547,0.0,-27.795,31357.178,359.7
4.3810,-29.206889470418297,0.0,-27.795,31357.178,359.7
4.3861,-29.24074331919352,0.0,-27.795,31357.178,359.7
4.3912,-29.274586041768394,0.0,-29.235,31254.17,359.7
4.3999,-29.332903226216636,0.0,-29.235,31254.17,359.7
4.4050,-29.366776148478188,0.0,-29.235,31254.17,359.7
4.4118,-29.412059783935547,0.0,-29.235,31254.17,359.7
4.4174,-29.449454943339028,0.0,-28.738,31160.215,359.7
4.4239,-29.492835998535156,0.0,-28.738,31160.215,359.7
4.4290,-29.52671527862549,0.0,-28.738,31160.215,359.7
4.4341,-29.56059137980143,0.0,-28.738,31160.215,359.7
4.4392,-29.594524701436363,0.0,-27.517,31071.797,359.7
4.4477,-29.65141773223877,0.0,-27.517,31071.797,359.7
4.4528,-29.68529383341471,0.0,-27.517,31071.797,359.7
4.4579,-29.719152450561523,0.0,-27.517,31071.797,359.7
4.4629,-29.752999941507973,0.0,-29.171,30977.227,359.7
4.4690,-29.793661435445152,0.0,-29.171,30977.227,359.7
4.4747,-29.83103116353353,0.0,-29.171,30977.227,359.7
4.4798,-29.865055084228516,0.0,-29.936,30888.281,359.7
4.4899,-29.932572046915688,0.0,-29.936,30888.281,359.7
4.4950,-29.9664576848348,0.0,-29.936,30888.281,359.7
4.5000,-30.000313123067222,0.0,-29.138,30810.146,359.7
4.5098,-30.065128008524574,0.0,-29.138,30810.146,359.7
4.5149,-30.099387168884277,0.0,-29.138,30810.146,359.7
4.5200,-30.133546193440758,0.0,-28.694,30729.814,359.7
4.5297,-30.197885831197105,0.0,-28.694,30729.814,359.7
4.5348,-30.231785774230957,0.0,-28.694,30729.814,359.7
4.5398,-30.26564915974935,0.0,-28.694,30729.814,359.7
4.5449,-30.299504597981773,0.0,-29.635,30626.807,359.7
4.5536,-30.357654889424644,0.0,-29.635,30626.807,359.7
4.5587,-30.39154211680094,0.0,-29.635,30626.807,359.7
4.5638,-30.425504048665367,0.0,-30.561,30537.334,359.7
4.5737,-30.491148630777992,0.0,-30.561,30537.334,359.7
4.5788,-30.525218645731606,0.0,-30.561,30537.334,359.7
4.5844,-30.562822024027504,0.0,-30.561,30537.334,359.7
4.5895,-30.59685230255127,0.0,-29.88,30449.268,359.7
4.5957,-30.638068517049156,0.0,-29.88,30449.268,359.7
4.6008,-30.672073364257812,0.0,-29.88,30449.268,359.7
4.6074,-30.71596304575602,0.0,-29.88,30449.268,359.7
4.6125,-30.749882062276207,0.0,-28.956,30353.467,359.7
4.6196,-30.797497431437172,0.0,-28.956,30353.467,359.7
4.6247,-30.831470489501953,0.0,-28.956,30353.467,359.7
4.6298,-30.865459442138672,0.0,-29.553,30263.467,359.7
4.6406,-30.93757470448812,0.0,-29.553,30263.467,359.7
4.6457,-30.97163359324137,0.0,-29.553,30263.467,359.7
4.6508,-31.005566914876304,0.0,-29.799,30180.322,359.7
4.6606,-31.070803006490074,0.0,-29.799,30180.322,359.7
4.6657,-31.104706128438316,0.0,-29.799,30180.322,359.7
4.6708,-31.138594945271812,0.0,-29.799,30180.322,359.7
4.6759,-31.172542572021484,0.0,-30.209,30075.381,359.7
4.6846,-31.230710347493492,0.0,-30.209,30075.381,359.7
4.6905,-31.270127296447754,0.0,-30.209,30075.381,359.7
4.6956,-31.304119427998863,0.0,-30.209,30075.381,359.7
4.7007,-31.338075002034508,0.0,-30.483,29980.547,359.7
4.7083,-31.38868808746338,0.0,-30.483,29980.547,359.7
4.7134,-31.422626177469887,0.0,-30.483,29980.547,359.7
4.7185,-31.456551551818848,0.0,-30.483,29980.547,359.7
4.7236,-31.490440368652344,0.0,-30.916,29874.375,359.7
4.7306,-31.537111600240074,0.0,-30.916,29874.375,359.7
4.7357,-31.571030616760254,0.0,-30.916,29874.375,359.7
4.7426,-31.617091496785484,0.0,-31.42,29779.98,359.7
4.7515,-31.676888465881348,0.0,-31.42,29779.98,359.7
4.7566,-31.71086311340332,0.0,-31.42,29779.98,359.7
4.7617,-31.74476464589437,0.0,-31.443,29692.354,359.7
4.7715,-31.81018352508545,0.0,-31.443,29692.354,359.7
4.7766,-31.844089825948082,0.0,-31.443,29692.354,359.7
4.7817,-31.87795321146647,0.0,-31.443,29692.354,359.7
4.7868,-31.91185156504313,0.0,-31.443,29692.354,359.7
4.7919,-31.945840517679848,0.0,-30.95,29575.723,359.7
4.8014,-32.009334564208984,0.0,-30.95,29575.723,359.7
4.8080,-32.053259213765465,0.0,-30.95,29575.723,359.7
4.8131,-32.08719730377197,0.0,-31.887,29464.805,359.7
4.8225,-32.150017420450844,0.0,-31.887,29464.805,359.7
4.8276,-32.183915774027504,0.0,-31.887,29464.805,359.7
4.8327,-32.217774391174316,0.0,-31.887,29464.805,359.7
4.8377,-32.251647313435875,0.0,-31.548,29360.83,359.7
4.8465,-32.30982462565104,0.0,-31.548,29360.83,359.7
4.8521,-32.34724203745524,0.0,-31.548,29360.83,359.7
4.8572,-32.381369272867836,0.0,-30.771,29276.807,359.7
4.8665,-32.44316260019938,0.0,-30.771,29276.807,359.7
4.8716,-32.477189699808754,0.0,-30.771,29276.807,359.7
4.8767,-32.511396408081055,0.0,-30.771,29276.807,359.7
4.8818,-32.545366287231445,0.0,-31.642,29165.801,359.7
4.8904,-32.60286966959635,0.0,-31.642,29165.801,359.7
4.8955,-32.63675848642985,0.0,-31.642,29165.801,359.7
4.9006,-32.67061869303385,0.0,-32.025,29075.186,359.7
4.9104,-32.736194928487144,0.0,-32.025,29075.186,359.7
4.9155,-32.77008533477783,0.0,-32.025,29075.186,359.7
4.9206,-32.80393123626709,0.0,-32.025,29075.186,359.7
4.9257,-32.83778031667074,0.0,-31.859,28968.838,359.7
4.9344,-32.89600054423014,0.0,-31.859,28968.838,359.7
4.9395,-32.92987505594889,0.0,-31.859,28968.838,359.7
4.9446,-32.96372572580973,0.0,-31.859,28968.838,359.7
4.9496,-32.997568448384605,0.0,-32.35,28857.129,359.7
4.9604,-33.069326082865395,0.0,-32.35,28857.129,359.7
4.9655,-33.10320536295573,0.0,-32.35,28857.129,359.7
4.9706,-33.13706398010254,0.0,-33.616,28757.725,359.7
4.9784,-33.18931261698405,0.0,-33.616,28757.725,359.7
4.9835,-33.223487536112465,0.0,-33.616,28757.725,359.7
4.9886,-33.2574717203776,0.0,-33.616,28757.725,359.7
4.9937,-33.29134941101074,0.0,-33.677,28645.84,359.7
5.0033,-33.355042139689125,0.0,-33.677,28645.84,359.7
5.0104,-33.40256373087565,0.0,-33.677,28645.84,359.7
5.0155,-33.43674182891846,0.0,-32.914,28555.84,359.7
5.0224,-33.48268191019694,0.0,-32.914,28555.84,359.7
5.0275,-33.51659615834554,0.0,-32.914,28555.84,359.7
5.0326,-33.55046113332113,0.0,-32.914,28555.84,359.7
5.0377,-33.58434200286865,0.0,-33.11,28443.867,359.7
5.0463,-33.6422061920166,0.0,-33.11,28443.867,359.7
5.0514,-33.676087061564125,0.0,-33.11,28443.867,359.7
5.0565,-33.70994567871094,0.0,-33.11,28443.867,359.7
5.0621,-33.747385342915855,0.0,-32.826,28332.51,359.7
5.0703,-33.80211194356283,0.0,-32.826,28332.51,359.7
5.0754,-33.83599281311035,0.0,-32.826,28332.51,359.7
5.0805,-33.86983712514242,0.0,-33.522,28236.357,359.7
5.0903,-33.93544356028239,0.0,-33.522,28236.357,359.7
5.0954,-33.969319661458336,0.0,-33.522,28236.357,359.7
5.1005,-34.00317509969076,0.0,-33.522,28236.357,359.7
5.1070,-34.04677232106527,0.0,-33.942,28116.123,359.7
5.1153,-34.101950327555336,0.0,-33.942,28116.123,359.7
5.1209,-34.13950125376383,0.0,-33.942,28116.123,359.7
5.1260,-34.173370997111,0.0,-33.942,28116.123,359.7
5.1311,-34.207231203715004,0.0,-35.189,28007.49,359.7
5.1372,-34.24791971842448,0.0,-35.189,28007.49,359.7
5.1423,-34.28179105122884,0.0,-35.189,28007.49,359.7
5.1473,-34.31564490000407,0.0,-35.189,28007.49,359.7
5.1524,-34.349493980407715,0.0,-35.053,27890.859,359.7
5.1603,-34.40172036488851,0.0,-35.053,27890.859,359.7
5.1653,-34.43559328715006,0.0,-35.053,27890.859,359.7
5.1713,-34.47528998057047,0.0,-35.053,27890.859,359.7
5.1764,-34.50915972391764,0.0,-34.128,27778.535,359.7
5.1842,-34.56163724263509,0.0,-34.128,27778.535,359.7
5.1893,-34.59550857543945,0.0,-34.128,27778.535,359.7
5.1944,-34.62937037150065,0.0,-34.128,27778.535,359.7
5.1995,-34.66324011484782,0.0,-34.547,27660.41,359.7
5.2082,-34.72153345743815,0.0,-34.547,27660.41,359.7
5.2151,-34.76724783579508,0.0,-34.547,27660.41,359.7
5.2202,-34.80125745137533,0.0,-34.445,27554.678,359.7
5.2331,-34.887542724609375,0.0,-34.445,27554.678,359.7
5.2382,-34.92145220438639,0.0,-34.445,27554.678,359.7
5.2433,-34.955315589904785,0.0,-33.937,27460.811,359.7
5.2502,-35.00141461690267,0.0,-33.937,27460.811,359.7
5.2553,-35.03530502319336,0.0,-33.937,27460.811,359.7
5.2604,-35.069166819254555,0.0,-33.937,27460.811,359.7
5.2655,-35.103023846944176,0.0,-34.569,27341.367,359.7
5.2742,-35.16127427419027,0.0,-34.569,27341.367,359.7
5.2793,-35.19515037536621,0.0,-34.569,27341.367,359.7
5.2849,-35.23264090220133,0.0,-34.569,27341.367,359.7
5.2900,-35.26651859283447,0.0,-34.735,27239.326,359.7
5.2961,-35.3070863087972,0.0,-34.735,27239.326,359.7
5.3011,-35.34096717834473,0.0,-34.735,27239.326,359.7
5.3080,-35.38679440816244,0.0,-34.401,27143.613,359.7
5.3152,-35.43452898661295,0.0,-34.401,27143.613,359.7
5.3203,-35.46844800313314,0.0,-34.401,27143.613,359.7
5.3253,-35.50232728322347,0.0,-34.401,27143.613,359.7
5.3304,-35.53617318471273,0.0,-35.072,27036.914,359.7
5.3366,-35.57701269785563,0.0,-35.072,27036.914,359.7
5.3422,-35.61448733011881,0.0,-35.072,27036.914,359.7
5.3473,-35.64837455749512,0.0,-36.308,26925.293,359.7
5.3571,-35.71430047353109,0.0,-36.308,26925.293,359.7
5.3622,-35.748182932535805,0.0,-36.308,26925.293,359.7
5.3673,-35.78211307525635,0.0,-36.308,26925.293,359.7
5.3724,-35.81597010294596,0.0,-35.859,26807.607,359.7
5.3811,-35.8742348353068,0.0,-35.859,26807.607,359.7
5.3862,-35.9081236521403,0.0,-35.859,26807.607,359.7
5.3921,-35.947629610697426,0.0,-35.051,26711.016,359.7
5.4011,-36.007467905680336,0.0,-35.051,26711.016,359.7
5.4077,-36.05124473571777,0.0,-35.051,26711.016,359.7
5.4128,-36.085120836893715,0.0,-35.051,26711.016,359.7
5.4178,-36.118971506754555,0.0,-34.517,26596.055,359.7
5.4251,-36.16737365722656,0.0,-34.517,26596.055,359.7
5.4302,-36.201252937316895,0.0,-34.517,26596.055,359.7
5.4353,-36.235106786092125,0.0,-34.517,26596.055,359.7
5.4403,-36.26896699269613,0.0,-36.013,26483.027,359.7
5.4464,-36.30957762400309,0.0,-36.013,26483.027,359.7
5.4520,-36.34685834248861,0.0,-36.013,26483.027,359.7
5.4571,-36.38072649637858,0.0,-35.944,26379.141,359.7
5.4671,-36.44713878631592,0.0,-35.944,26379.141,359.7
5.4722,-36.48101329803467,0.0,-35.944,26379.141,359.7
5.4772,-36.51487032572428,0.0,-36.265,26274.463,359.7
5.4871,-36.58043225606283,0.0,-36.265,26274.463,359.7
5.4921,-36.61430994669596,0.0,-36.265,26274.463,359.7
5.4972,-36.64816379547119,0.0,-37.349,26165.742,359.7
5.5071,-36.713879903157554,0.0,-37.349,26165.742,359.7
5.5137,-36.75795078277588,0.0,-37.349,26165.742,359.7
5.5188,-36.79213047027588,0.0,-37.349,26165.742,359.7
5.5239,-36.826233863830566,0.0,-37.349,26041.201,359.7
5.5311,-36.87406539916992,0.0,-37.349,26041.201,359.7
5.5362,-36.90803527832031,0.0,-37.349,26041.201,359.7
5.5413,-36.94193204243978,0.0,-37.542,25933.887,359.7
5.5512,-37.008164723714195,0.0,-37.542,25933.887,359.7
5.5572,-37.04822540283203,0.0,-37.542,25933.887,359.7
5.5623,-37.082109451293945,0.0,-38.198,25820.068,359.7
5.5722,-37.148003578186035,0.0,-38.198,25820.068,359.7
5.5773,-37.181878089904785,0.0,-38.198,25820.068,359.7
5.5824,-37.21573034922282,0.0,-38.198,25820.068,359.7
5.5874,-37.249576250712074,0.0,-36.546,25703.613,359.7
5.5960,-37.30665842692057,0.0,-36.546,25703.613,359.7
5.6011,-37.3405392964681,0.0,-36.546,25703.613,359.7
5.6099,-37.399303118387856,0.0,-36.847,25595.068,359.7
5.6160,-37.44002819061279,0.0,-36.847,25595.068,359.7
5.6211,-37.47393290201823,0.0,-36.847,25595.068,359.7
5.6262,-37.507805824279785,0.0,-36.847,25595.068,359.7
5.6312,-37.54165490468343,0.0,-38.225,25462.441,359.7
5.6400,-37.599779764811196,0.0,-38.225,25462.441,359.7
5.6450,-37.63366381327311,0.0,-38.225,25462.441,359.7
5.6501,-37.66751766204834,0.0,-37.686,25359.258,359.7
5.6602,-37.73435115814209,0.0,-37.686,25359.258,359.7
5.6670,-37.78024196624756,0.0,-37.686,25359.258,359.7
5.6721,-37.8141196568807,0.0,-37.686,25359.258,359.7
5.6772,-37.84798940022787,0.0,-38.529,25229.531,359.7
5.6833,-37.88865248362223,0.0,-38.529,25229.531,359.7
5.6884,-37.92253017425537,0.0,-38.529,25229.531,359.7
5.6935,-37.95638084411621,0.0,-39.693,25115.01,359.7
5.7031,-38.02083492279053,0.0,-39.693,25115.01,359.7
5.7102,-38.067994117736816,0.0,-39.693,25115.01,359.7
5.7153,-38.101983070373535,0.0,-38.693,25005.938,359.7
5.7240,-38.159731229146324,0.0,-38.693,25005.938,359.7
5.7290,-38.193629582722984,0.0,-38.693,25005.938,359.7
5.7341,-38.22749296824137,0.0,-38.693,25005.938,359.7
5.7392,-38.26141834259033,0.0,-38.186,24877.529,359.7
5.7479,-38.319338162740074,0.0,-38.186,24877.529,359.7
5.7530,-38.35321585337321,0.0,-38.186,24877.529,359.7
5.7581,-38.38707605997721,0.0,-38.186,24877.529,359.7
5.7631,-38.42092355092367,0.0,-38.235,24742.793,359.7
5.7729,-38.48595937093099,0.0,-38.235,24742.793,359.7
5.7785,-38.52328300476074,0.0,-38.235,24742.793,359.7
5.7836,-38.55716864267985,0.0,-38.235,24742.793,359.7
5.7887,-38.59102249145508,0.0,-38.236,24631.963,359.7
5.7947,-38.63152186075846,0.0,-38.236,24631.963,359.7
5.7998,-38.66539637247721,0.0,-38.236,24631.963,359.7
5.8049,-38.69932333628336,0.0,-37.96,24524.297,359.7
5.8139,-38.759263356526695,0.0,-37.96,24524.297,359.7
5.8190,-38.79321734110514,0.0,-37.96,24524.297,359.7
5.8241,-38.82709503173828,0.0,-37.96,24524.297,359.7
5.8297,-38.86461575826009,0.0,-39.228,24388.154,359.7
5.8381,-38.920348485310875,0.0,-39.228,24388.154,359.7
5.8431,-38.95423253377279,0.0,-39.228,24388.154,359.7
5.8482,-38.988095919291176,0.0,-38.859,24281.104,359.7
5.8580,-39.053587913513184,0.0,-38.859,24281.104,359.7
5.8631,-39.0874719619751,0.0,-38.859,24281.104,359.7
5.8682,-39.12132898966471,0.0,-38.859,24281.104,359.7
5.8733,-39.15517489115397,0.0,-38.95,24142.764,359.7
5.8830,-39.220147132873535,0.0,-38.95,24142.764,359.7
5.8886,-39.257589975992836,0.0,-38.95,24142.764,359.7
5.8937,-39.291464487711586,0.0,-38.95,24142.764,359.7
5.8988,-39.325315157572426,0.0,-39.738,24022.881,359.7
5.9049,-39.366184870402016,0.0,-39.738,24022.881,359.7
5.9120,-39.41333770751953,0.0,-39.738,24022.881,359.7
5.9171,-39.447333017985024,0.0,-39.738,24022.881,359.7
5.9222,-39.48122342427572,0.0,-38.685,23896.582,359.7
5.9284,-39.522388776143394,0.0,-38.685,23896.582,359.7
5.9334,-39.556280771891274,0.0,-38.685,23896.582,359.7
5.9390,-39.59362188975016,0.0,-39.233,23782.5,359.7
5.9478,-39.65189774831136,0.0,-39.233,23782.5,359.7
5.9529,-39.68578338623047,0.0,-39.233,23782.5,359.7
5.9579,-39.71963882446289,0.0,-39.233,23782.5,359.7
5.9630,-39.75348790486654,0.0,-40.002,23645.303,359.7
5.9727,-39.81799125671387,0.0,-40.002,23645.303,359.7
5.9778,-39.85186894734701,0.0,-40.002,23645.303,359.7
5.9829,-39.885810216267906,0.0,-39.925,23527.529,359.7
5.9927,-39.95165189107259,0.0,-39.925,23527.529,359.7
5.9983,-39.98896757761637,0.0,-39.925,23527.529,359.7
0.0000,-40.0,0.0,-39.572,23413.271,359.7
0.0103,-40.0,0.0,-39.572,23413.271,359.7
0.0153,-40.0,0.0,-39.572,23413.271,359.7
0.0204,-40.0,0.0,-40.315,23294.707,359.7
0.0302,-40.0,0.0,-40.315,23294.707,359.7
0.0353,-40.0,0.0,-40.315,23294.707,359.7
0.0404,-40.0,0.0,-40.315,23294.707,359.7
0.0460,-40.0,0.0,-39.932,23162.871,359.7
0.0542,-40.0,0.0,-39.932,23162.871,359.7
0.0593,-40.0,0.0,-39.932,23162.871,359.7
0.0644,-40.0,0.0,-39.932,23049.756,359.7
0.0742,-40.0,0.0,-39.932,23049.756,359.7
0.0793,-40.0,0.0,-39.932,23049.756,359.7
0.0844,-40.0,0.0,-39.932,23049.756,359.7
0.0895,-40.0,0.0,-39.932,23049.756,359.7
0.0945,-40.0,0.0,-40.976,22897.178,359.7
0.1022,-40.0,0.0,-40.976,22897.178,359.7
0.1088,-40.0,0.0,-40.976,22897.178,359.7
0.1139,-40.0,0.0,-40.176,22787.49,359.7
0.1204,-40.0,0.0,-40.176,22787.49,359.7
0.1255,-40.0,0.0,-40.176,22787.49,359.7
0.1306,-40.0,0.0,-40.176,22787.49,359.7
0.1357,-40.0,0.0,-41.153,22643.35,359.7
0.1444,-40.0,0.0,-41.153,22643.35,359.7
0.1500,-40.0,0.0,-41.153,22643.35,359.7
0.1551,-40.0,0.0,-41.828,22525.752,359.7
0.1644,-40.0,0.0,-41.828,22525.752,359.7
0.1694,-40.0,0.0,-41.828,22525.752,359.7
0.1745,-40.0,0.0,-41.828,22525.752,359.7
0.1796,-40.0,0.0,-40.513,22393.125,359.7
0.1881,-40.0,0.0,-40.513,22393.125,359.7
0.1932,-40.0,0.0,-40.513,22393.125,359.7
0.1983,-40.0,0.0,-40.513,22393.125,359.7
0.2039,-40.0,0.0,-40.775,22253.643,359.7
0.2121,-40.0,0.0,-40.775,22253.643,359.7
0.2172,-40.0,0.0,-40.775,22253.643,359.7
0.2223,-40.0,0.0,-40.775,22253.643,359.7
0.2274,-40.0,0.0,-39.723,22124.707,359.7
0.2363,-40.0,0.0,-39.723,22124.707,359.7
0.2414,-40.0,0.0,-39.723,22124.707,359.7
0.2465,-40.0,0.0,-39.723,22124.707,359.7
0.2515,-40.0,0.0,-40.403,21995.42,359.7
0.2603,-40.0,0.0,-40.403,21995.42,359.7
0.2654,-40.0,0.0,-40.403,21995.42,359.7
0.2705,-40.0,0.0,-41.69,21873.691,359.7
0.2783,-40.0,0.0,-41.69,21873.691,359.7
0.2834,-40.0,0.0,-41.69,21873.691,359.7
0.2884,-40.0,0.0,-41.202,21760.928,359.7
0.2981,-40.0,0.0,-41.202,21760.928,359.7
0.3032,-40.0,0.0,-41.202,21760.928,359.7
0.3111,-40.0,0.0,-40.833,21635.684,359.7
0.3201,-40.0,0.0,-40.833,21635.684,359.7
0.3252,-40.0,0.0,-40.833,21635.684,359.7
0.3302,-40.0,0.0,-40.833,21635.684,359.7
0.3353,-40.0,0.0,-41.019,21496.025,359.7
0.3440,-40.0,0.0,-41.019,21496.025,359.7
0.3492,-40.0,0.0,-41.019,21496.025,359.7
0.3543,-40.0,0.0,-41.019,21496.025,359.7
0.3594,-40.0,0.0,-39.654,21385.283,359.7
0.3681,-40.0,0.0,-39.654,21385.283,359.7
0.3732,-40.0,0.0,-39.654,21385.283,359.7
0.3783,-40.0,0.0,-39.695,21272.08,359.7
0.3850,-40.0,0.0,-39.695,21272.08,359.7
0.3901,-40.0,0.0,-39.695,21272.08,359.7
0.3952,-40.0,0.0,-40.911,21151.582,359.7
0.4050,-40.0,0.0,-40.911,21151.582,359.7
0.4116,-40.0,0.0,-40.911,21151.582,359.7
0.4166,-40.0,0.0,-40.555,21029.59,359.7
0.4270,-40.0,0.0,-40.555,21029.59,359.7
0.4321,-40.0,0.0,-40.555,21029.59,359.7
0.4372,-40.0,0.0,-40.555,21029.59,359.7
0.4422,-40.0,0.0,-40.975,20888.174,359.7
0.4510,-40.0,0.0,-40.975,20888.174,359.7
0.4561,-40.0,0.0,-40.975,20888.174,359.7
0.4611,-40.0,0.0,-40.975,20888.174,359.7
0.4662,-40.0,0.0,-41.903,20745.352,359.7
0.4779,-40.0,0.0,-41.903,20745.352,359.7
0.4830,-40.0,0.0,-41.903,20745.352,359.7
0.4881,-40.0,0.0,-40.425,20637.334,359.7
0.4949,-40.0,0.0,-40.425,20637.334,359.7
0.5000,-40.0,0.0,-40.425,20637.334,359.7
0.5067,-40.0,0.0,-40.425,20637.334,359.7
0.5119,-40.0,0.0,-40.208,20500.928,359.7
0.5189,-40.0,0.0,-40.208,20500.928,359.7
0.5240,-40.0,0.0,-40.208,20500.928,359.7
0.5291,-40.0,0.0,-40.208,20500.928,359.7
0.5345,-40.0,0.0,-40.059,20378.672,359.7
0.5409,-40.0,0.0,-40.059,20378.672,359.7
0.5459,-40.0,0.0,-40.059,20378.672,359.7
0.5510,-40.0,0.0,-40.087,20264.063,359.7
0.5608,-40.0,0.0,-40.087,20264.063,359.7
0.5659,-40.0,0.0,-40.087,20264.063,359.7
0.5709,-40.0,0.0,-40.087,20264.063,359.7
0.5760,-40.0,0.0,-41.366,20114.297,359.7
0.5859,-40.0,0.0,-41.366,20114.297,359.7
0.5914,-40.0,0.0,-41.366,20114.297,359.7
0.5965,-40.0,0.0,-41.366,20114.297,359.7
0.6016,-40.0,0.0,-41.609,19993.096,359.7
0.6092,-40.0,0.0,-41.609,19993.096,359.7
0.6143,-40.0,0.0,-41.609,19993.096,359.7
0.6194,-40.0,0.0,-41.609,19993.096,359.7
0.6245,-40.0,0.0,-40.511,19859.414,359.7
0.6309,-40.0,0.0,-40.511,19859.414,359.7
0.6360,-40.0,0.0,-40.511,19859.414,359.7
0.6429,-40.0,0.0,-41.465,19732.412,359.7
0.6519,-40.0,0.0,-41.465,19732.412,359.7
0.6569,-40.0,0.0,-41.465,19732.412,359.7
0.6620,-40.0,0.0,-40.85,19622.461,359.7
0.6718,-40.0,0.0,-40.85,19622.461,359.7
0.6769,-40.0,0.0,-40.85,19622.461,359.7
0.6820,-40.0,0.0,-40.85,19622.461,359.7
0.6871,-40.0,0.0,-39.52,19487.197,359.7
0.6997,-40.0,0.0,-39.52,19487.197,359.7
0.7048,-40.0,0.0,-39.52,19487.197,359.7
0.7114,-40.0,0.0,-39.242,19375.225,359.7
0.7175,-40.0,0.0,-39.242,19375.225,359.7
0.7226,-40.0,0.0,-39.242,19375.225,359.7
0.7277,-40.0,0.0,-40.229,19260.439,359.7
0.7368,-40.0,0.0,-40.229,19260.439,359.7
0.7419,-40.0,0.0,-40.229,19260.439,359.7
0.7470,-40.0,0.0,-40.229,19260.439,359.7
0.7526,-40.0,0.0,-40.087,19142.402,359.7
0.7587,-40.0,0.0,-40.087,19142.402,359.7
0.7637,-40.0,0.0,-40.087,19142.402,359.7
0.7688,-40.0,0.0,-40.087,19142.402,359.7
0.7739,-40.0,0.0,-41.252,18999.141,359.7
0.7818,-40.0,0.0,-41.252,18999.141,359.7
0.7869,-40.0,0.0,-41.252,18999.141,359.7
0.7919,-40.0,0.0,-40.597,18889.014,359.7
0.8047,-40.0,0.0,-40.597,18889.014,359.7
0.8112,-40.0,0.0,-40.597,18889.014,359.7
0.8163,-40.0,0.0,-40.011,18754.805,359.7
0.8258,-40.0,0.0,-40.011,18754.805,359.7
0.8308,-40.0,0.0,-40.011,18754.805,359.7
0.8359,-40.0,0.0,-40.011,18754.805,359.7
0.8410,-40.0,0.0,-40.513,18616.289,359.7
0.8497,-40.0,0.0,-40.513,18616.289,359.7
0.8548,-40.0,0.0,-40.513,18616.289,359.7
0.8604,-40.0,0.0,-40.513,18616.289,359.7
0.8655,-40.0,0.0,-39.545,18490.869,359.7
0.8727,-40.0,0.0,-39.545,18490.869,359.7
0.8778,-40.0,0.0,-39.545,18490.869,359.7
0.8829,-40.0,0.0,-39.825,18377.842,359.7
0.8927,-40.0,0.0,-39.825,18377.842,359.7
0.8978,-40.0,0.0,-39.825,18377.842,359.7
0.9029,-40.0,0.0,-40.933,18252.246,359.7
0.9166,-40.0,0.0,-40.933,18252.246,359.7
0.9217,-40.0,0.0,-40.933,18252.246,359.7
0.9268,-40.0,0.0,-40.714,18140.273,359.7
0.9347,-40.0,0.0,-40.714,18140.273,359.7
0.9398,-40.0,0.0,-40.714,18140.273,359.7
0.9448,-40.0,0.0,-40.714,18140.273,359.7
0.9499,-40.0,0.0,-40.276,18005.273,359.7
0.9577,-40.0,0.0,-40.276,18005.273,359.7
0.9628,-40.0,0.0,-40.276,18005.273,359.7
0.9678,-40.0,0.0,-40.276,18005.273,359.7
0.9735,-40.0,0.0,-40.708,17878.535,359.7
0.9797,-40.0,0.0,-40.708,17878.535,359.7
0.9848,-40.0,0.0,-40.708,17878.535,359.7
0.9899,-40.0,0.0,-39.989,17768.672,359.7
0.9998,-40.0,0.0,-39.989,17768.672,359.7
1.0049,-40.0,0.0,-39.989,17768.672,359.7
1.0118,-40.0,0.0,-39.989,17768.672,359.7
1.0169,-40.0,0.0,-39.034,17638.857,359.7
1.0266,-40.0,0.0,-39.034,17638.857,359.7
1.0317,-40.0,0.0,-39.034,17638.857,359.7
1.0367,-40.0,0.0,-41.3,17513.613,359.7
1.0439,-40.0,0.0,-41.3,17513.613,359.7
1.0490,-40.0,0.0,-41.3,17513.613,359.7
1.0541,-40.0,0.0,-41.3,17513.613,359.7
1.0592,-40.0,0.0,-40.543,17381.162,359.7
1.0676,-40.0,0.0,-40.543,17381.162,359.7
1.0727,-40.0,0.0,-40.543,17381.162,359.7
1.0778,-40.0,0.0,-40.543,17381.162,359.7
1.0834,-40.0,0.0,-41.537,17246.953,359.7
1.0896,-40.0,0.0,-41.537,17246.953,359.7
1.0947,-40.0,0.0,-41.537,17246.953,359.7
1.0998,-40.0,0.0,-41.537,17246.953,359.7
1.1049,-40.0,0.0,-41.299,17111.865,359.7
1.1136,-40.0,0.0,-41.299,17111.865,359.7
1.1187,-40.0,0.0,-41.299,17111.865,359.7
1.1238,-40.0,0.0,-39.862,17004.023,359.7
1.1365,-40.0,0.0,-39.862,17004.023,359.7
1.1416,-40.0,0.0,-39.862,17004.023,359.7
1.1466,-40.0,0.0,-39.862,17004.023,359.7
1.1517,-40.0,0.0,-39.954,16867.002,359.7
1.1578,-40.0,0.0,-39.954,16867.002,359.7
1.1629,-40.0,0.0,-39.954,16867.002,359.7
1.1680,-40.0,0.0,-39.954,16867.002,359.7
1.1731,-40.0,0.0,-40.048,16732.529,359.7
1.1815,-40.0,0.0,-40.048,16732.529,359.7
1.1866,-40.0,0.0,-40.048,16732.529,359.7
1.1922,-40.0,0.0,-40.048,16732.529,359.7
1.1973,-40.0,0.0,-40.36,16606.582,359.7
1.2037,-40.0,0.0,-40.36,16606.582,359.7
1.2108,-40.0,0.0,-40.36,16606.582,359.7
1.2159,-40.0,0.0,-41.076,16488.018,359.7
1.2235,-40.0,0.0,-41.076,16488.018,359.7
1.2286,-40.0,0.0,-41.076,16488.018,359.7
1.2337,-40.0,0.0,-41.076,16488.018,359.7
1.2388,-40.0,0.0,-40.968,16351.523,359.7
1.2475,-40.0,0.0,-40.968,16351.523,359.7
1.2526,-40.0,0.0,-40.968,16351.523,359.7
1.2577,-40.0,0.0,-41.051,16235.508,359.7
1.2675,-40.0,0.0,-41.051,16235.508,359.7
1.2726,-40.0,0.0,-41.051,16235.508,359.7
1.2777,-40.0,0.0,-41.051,16235.508,359.7
1.2828,-40.0,0.0,-41.187,16096.553,359.7
1.2917,-40.0,0.0,-41.187,16096.553,359.7
1.2973,-40.0,0.0,-41.187,16096.553,359.7
1.3024,-40.0,0.0,-40.07,15982.119,359.7
1.3125,-40.0,0.0,-40.07,15982.119,359.7
1.3175,-40.0,0.0,-40.07,15982.119,359.7
1.3226,-40.0,0.0,-40.07,15982.119,359.7
1.3277,-40.0,0.0,-38.64,15855.117,359.7
1.3364,-40.0,0.0,-38.64,15855.117,359.7
1.3415,-40.0,0.0,-38.64,15855.117,359.7
1.3466,-40.0,0.0,-38.64,15855.117,359.7
1.3522,-40.0,0.0,-40.511,15727.852,359.7
1.3583,-40.0,0.0,-40.511,15727.852,359.7
1.3633,-40.0,0.0,-40.511,15727.852,359.7
1.3684,-40.0,0.0,-40.511,15727.852,359.7
1.3735,-40.0,0.0,-39.629,15598.916,359.7
1.3815,-40.0,0.0,-39.629,15598.916,359.7
1.3866,-40.0,0.0,-39.629,15598.916,359.7
1.3917,-40.0,0.0,-39.629,15598.916,359.7
1.3968,-40.0,0.0,-40.767,15455.83,359.7
1.4076,-40.0,0.0,-40.767,15455.83,359.7
1.4143,-40.0,0.0,-40.767,15455.83,359.7
1.4194,-40.0,0.0,-41.05,15318.545,359.7
1.4294,-40.0,0.0,-41.05,15318.545,359.7
1.4345,-40.0,0.0,-41.05,15318.545,359.7
1.4396,-40.0,0.0,-41.05,15318.545,359.7
1.4446,-40.0,0.0,-39.976,15186.094,359.7
1.4534,-40.0,0.0,-39.976,15186.094,359.7
1.4593,-40.0,0.0,-39.976,15186.094,359.7
1.4644,-40.0,0.0,-40.821,15066.738,359.7
1.4734,-40.0,0.0,-40.821,15066.738,359.7
1.4785,-40.0,0.0,-40.821,15066.738,359.7
1.4836,-40.0,0.0,-40.821,15066.738,359.7
1.4887,-40.0,0.0,-40.279,14934.814,359.7
1.4974,-40.0,0.0,-40.279,14934.814,359.7
1.5025,-40.0,0.0,-40.279,14934.814,359.7
1.5115,-40.0,0.0,-40.05,14821.699,359.7
1.5177,-40.0,0.0,-40.05,14821.699,359.7
1.5228,-40.0,0.0,-40.05,14821.699,359.7
1.5279,-40.0,0.0,-40.05,14821.699,359.7
1.5330,-40.0,0.0,-41.81,14674.746,359.7
1.5413,-40.0,0.0,-41.81,14674.746,359.7
1.5464,-40.0,0.0,-41.81,14674.746,359.7
1.5515,-40.0,0.0,-41.81,14674.746,359.7
1.5566,-40.0,0.0,-41.692,14536.406,359.7
1.5653,-40.0,0.0,-41.692,14536.406,359.7
1.5709,-40.0,0.0,-41.692,14536.406,359.7
1.5760,-40.0,0.0,-41.692,14536.406,359.7
1.5810,-40.0,0.0,-41.119,14416.348,359.7
1.5871,-40.0,0.0,-41.119,14416.348,359.7
1.5922,-40.0,0.0,-41.119,14416.348,359.7
1.5973,-40.0,0.0,-41.119,14416.348,359.7
1.6024,-40.0,0.0,-40.73,14280.381,359.7
1.6104,-40.0,0.0,-40.73,14280.381,359.7
1.6155,-40.0,0.0,-40.73,14280.381,359.7
1.6213,-40.0,0.0,-40.73,14280.381,359.7
1.6264,-40.0,0.0,-39.511,14150.742,359.7
1.6343,-40.0,0.0,-39.511,14150.742,359.7
1.6393,-40.0,0.0,-39.511,14150.742,359.7
1.6444,-40.0,0.0,-39.296,14039.561,359.7
1.6543,-40.0,0.0,-39.296,14039.561,359.7
1.6593,-40.0,0.0,-39.296,14039.561,359.7
1.6644,-40.0,0.0,-39.296,14039.561,359.7
1.6695,-40.0,0.0,-40.32,13918.008,359.7
1.6756,-40.0,0.0,-40.32,13918.008,359.7
1.6812,-40.0,0.0,-40.32,13918.008,359.7
1.6863,-40.0,0.0,-39.588,13803.223,359.7
1.6964,-40.0,0.0,-39.588,13803.223,359.7
1.7015,-40.0,0.0,-39.588,13803.223,359.7
1.7086,-40.0,0.0,-39.588,13803.223,359.7
1.7137,-40.0,0.0,-41.162,13658.291,359.7
1.7202,-40.0,0.0,-41.162,13658.291,359.7
1.7253,-40.0,0.0,-41.162,13658.291,359.7
1.7312,-40.0,0.0,-41.968,13538.232,359.7
1.7402,-40.0,0.0,-41.968,13538.232,359.7
1.7453,-40.0,0.0,-41.968,13538.232,359.7
1.7504,-40.0,0.0,-41.968,13538.232,359.7
1.7554,-40.0,0.0,-40.799,13405.078,359.7
1.7642,-40.0,0.0,-40.799,13405.078,359.7
1.7693,-40.0,0.0,-40.799,13405.078,359.7
1.7743,-40.0,0.0,-40.799,13405.078,359.7
1.7794,-40.0,0.0,-40.584,13284.844,359.7
1.7855,-40.0,0.0,-40.584,13284.844,359.7
1.7911,-40.0,0.0,-40.584,13284.844,359.7
1.7962,-40.0,0.0,-39.491,13173.486,359.7
1.8064,-40.0,0.0,-39.491,13173.486,359.7
1.8131,-40.0,0.0,-39.491,13173.486,359.7
1.8182,-40.0,0.0,-39.491,13173.486,359.7
1.8233,-40.0,0.0,-39.76,13037.08,359.7
1.8301,-40.0,0.0,-39.76,13037.08,359.7
1.8352,-40.0,0.0,-39.76,13037.08,359.7
1.8412,-40.0,0.0,-39.76,13037.08,359.7
1.8463,-40.0,0.0,-40.572,12897.51,359.7
1.8541,-40.0,0.0,-40.572,12897.51,359.7
1.8592,-40.0,0.0,-40.572,12897.51,359.7
1.8643,-40.0,0.0,-40.895,12782.373,359.7
1.8741,-40.0,0.0,-40.895,12782.373,359.7
1.8792,-40.0,0.0,-40.895,12782.373,359.7
1.8843,-40.0,0.0,-40.895,12782.373,359.7
1.8894,-40.0,0.0,-41.063,12659.678,359.7
1.8980,-40.0,0.0,-41.063,12659.678,359.7
1.9031,-40.0,0.0,-41.063,12659.678,359.7
1.9096,-40.0,0.0,-41.551,12541.289,359.7
1.9157,-40.0,0.0,-41.551,12541.289,359.7
1.9208,-40.0,0.0,-41.551,12541.289,359.7
1.9259,-40.0,0.0,-40.508,12432.656,359.7
1.9351,-40.0,0.0,-40.508,12432.656,359.7
1.9402,-40.0,0.0,-40.508,12432.656,359.7
1.9452,-40.0,0.0,-40.508,12432.656,359.7
1.9508,-40.0,0.0,-39.548,12319.102,359.7
1.9569,-40.0,0.0,-39.548,12319.102,359.7
1.9620,-40.0,0.0,-39.548,12319.102,359.7
1.9671,-40.0,0.0,-39.548,12319.102,359.7
1.9722,-40.0,0.0,-40.492,12177.334,359.7
1.9801,-40.0,0.0,-40.492,12177.334,359.7
1.9852,-40.0,0.0,-40.492,12177.334,359.7
1.9903,-40.0,0.0,-40.492,12177.334,359.7
1.9953,-40.0,0.0,-40.239,12043.564,359.7
0.0000,-39.99999523162842,0.0,-40.239,12043.564,359.7
0.0068,-39.954444567362465,0.0,-40.239,12043.564,359.7
0.0120,-39.92021242777506,0.0,-40.509,11904.697,359.7
0.0217,-39.85523064931234,0.0,-40.509,11904.697,359.7
0.0268,-39.82133547465006,0.0,-40.509,11904.697,359.7
0.0319,-39.78744983673096,0.0,-40.509,11904.697,359.7
0.0370,-39.753500620524086,0.0,-41.765,11759.941,359.7
0.0457,-39.695401191711426,0.0,-41.765,11759.941,359.7
0.0516,-39.655961990356445,0.0,-41.765,11759.941,359.7
0.0567,-39.62207317352295,0.0,-40.904,11649.727,359.7
0.0657,-39.562150637308754,0.0,-40.904,11649.727,359.7
0.0708,-39.52826817830404,0.0,-40.904,11649.727,359.7
0.0758,-39.4944175084432,0.0,-40.904,11649.727,359.7
0.0809,-39.46056683858236,0.0,-39.885,11517.539,359.7
0.0897,-39.40227349599203,0.0,-39.885,11517.539,359.7
0.0947,-39.36839739481608,0.0,-39.885,11517.539,359.7
0.0998,-39.33454513549805,0.0,-38.793,11413.564,359.7
0.1097,-39.268997510274254,0.0,-38.793,11413.564,359.7
0.1164,-39.223710695902504,0.0,-38.793,11413.564,359.7
0.1215,-39.18982187906901,0.0,-38.793,11413.564,359.7
0.1266,-39.15595372517904,0.0,-40.225,11269.951,359.7
0.1338,-39.10785833994547,0.0,-40.225,11269.951,359.7
0.1389,-39.07397429148356,0.0,-40.225,11269.951,359.7
0.1440,-39.03989632924398,0.0,-40.225,11269.951,359.7
0.1491,-39.005722999572754,0.0,-41.266,11127.744,359.7
0.1576,-38.94911130269369,0.0,-41.266,11127.744,359.7
0.1632,-38.911728858947754,0.0,-41.266,11127.744,359.7
0.1683,-38.877835273742676,0.0,-41.266,11127.744,359.7
0.1734,-38.84397824605306,0.0,-41.441,11006.895,359.7
0.1795,-38.80313237508138,0.0,-41.441,11006.895,359.7
0.1846,-38.76924196879069,0.0,-41.441,11006.895,359.7
0.1897,-38.735381762186684,0.0,-41.441,11006.895,359.7
0.1948,-38.70152473449707,0.0,-40.057,10875.762,359.7
0.2026,-38.649423917134605,0.0,-40.057,10875.762,359.7
0.2091,-38.60573927561442,0.0,-40.057,10875.762,359.7
0.2148,-38.56818675994873,0.0,-40.057,10875.762,359.7
0.2199,-38.53430430094401,0.0,-40.216,10738.213,359.7
0.2266,-38.48947048187256,0.0,-40.216,10738.213,359.7
0.2317,-38.45559279123942,0.0,-40.216,10738.213,359.7
0.2367,-38.42174212137858,0.0,-39.438,10631.338,359.7
0.2468,-38.35477034250895,0.0,-39.438,10631.338,359.7
0.2519,-38.32088311513265,0.0,-39.438,10631.338,359.7
0.2569,-38.28702926635742,0.0,-39.438,10631.338,359.7
0.2620,-38.253045082092285,0.0,-38.441,10521.914,359.7
0.2682,-38.211843172709145,0.0,-38.441,10521.914,359.7
0.2738,-38.17448139190674,0.0,-38.441,10521.914,359.7
0.2789,-38.14059257507324,0.0,-39.098,10400.186,359.7
0.2885,-38.07638009389242,0.0,-39.098,10400.186,359.7
0.2936,-38.04238796234131,0.0,-39.098,10400.186,359.7
0.2987,-38.008507092793785,0.0,-39.098,10400.186,359.7
0.3038,-37.974514961242676,0.0,-39.647,10266.943,359.7
0.3125,-37.91643142700195,0.0,-39.647,10266.943,359.7
0.3176,-37.882517178853355,0.0,-39.647,10266.943,359.7
0.3238,-37.84155527750651,0.0,-39.759,10153.74,359.7
0.3327,-37.78189500172933,0.0,-39.759,10153.74,359.7
0.3378,-37.74800459543864,0.0,-39.759,10153.74,359.7
0.3429,-37.71414438883463,0.0,-39.759,10153.74,359.7
0.3480,-37.68028895060221,0.0,-40.73,10013.73,359.7
0.3565,-37.623321215311684,0.0,-40.73,10013.73,359.7
0.3616,-37.589429219563804,0.0,-40.73,10013.73,359.7
0.3667,-37.55556583404541,0.0,-40.73,10013.73,359.7
0.3717,-37.52171675364176,0.0,-40.081,9899.297,359.7
0.3778,-37.4812380472819,0.0,-40.081,9899.297,359.7
0.3834,-37.44399388631185,0.0,-40.081,9899.297,359.7
0.3885,-37.41008599599203,0.0,-38.622,9789.434,359.7
0.3985,-37.343594233194985,0.0,-38.622,9789.434,359.7
0.4035,-37.30971495310465,0.0,-38.622,9789.434,359.7
0.4103,-37.264655431111656,0.0,-38.622,9789.434,359.7
0.4154,-37.230774561564125,0.0,-38.129,9661.641,359.7
0.4224,-37.18370755513509,0.0,-38.129,9661.641,359.7
0.4275,-37.14982509613037,0.0,-38.129,9661.641,359.7
0.4335,-37.110141118367515,0.0,-38.129,9661.641,359.7
0.4386,-37.076263427734375,0.0,-38.554,9529.717,359.7
0.4464,-37.02370961507162,0.0,-38.554,9529.717,359.7
0.4515,-36.989830334981285,0.0,-38.554,9529.717,359.7
0.4566,-36.955978075663246,0.0,-39.299,9417.48,359.7
0.4664,-36.89042568206787,0.0,-39.299,9417.48,359.7
0.4716,-36.85623327891032,0.0,-39.299,9417.48,359.7
0.4767,-36.822282473246254,0.0,-39.299,9417.48,359.7
0.4817,-36.78840001424154,0.0,-40.576,9291.621,359.7
0.4895,-36.73654397328695,0.0,-40.576,9291.621,359.7
0.4946,-36.702653566996254,0.0,-40.576,9291.621,359.7
0.4997,-36.668639183044434,0.0,-40.234,9183.428,359.7
0.5074,-36.61725044250488,0.0,-40.234,9183.428,359.7
0.5140,-36.57305717468262,0.0,-40.234,9183.428,359.7
0.5192,-36.53876781463623,0.0,-39.175,9076.201,359.7
0.5275,-36.483615239461265,0.0,-39.175,9076.201,359.7
0.5326,-36.44948641459147,0.0,-39.175,9076.201,359.7
0.5377,-36.41522089640299,0.0,-39.452,8957.373,359.7
0.5484,-36.34412447611491,0.0,-39.452,8957.373,359.7
0.5535,-36.310202280680336,0.0,-39.452,8957.373,359.7
0.5586,-36.27632141113281,0.0,-39.452,8957.373,359.7
0.5636,-36.24244530995687,0.0,-38.444,8833.359,359.7
0.5724,-36.18426322937012,0.0,-38.444,8833.359,359.7
0.5774,-36.150356928507485,0.0,-38.444,8833.359,359.7
0.5825,-36.11640771230062,0.0,-36.57,8737.207,359.7
0.5924,-36.05098088582357,0.0,-36.57,8737.207,359.7
0.5980,-36.01364612579346,0.0,-36.57,8737.207,359.7
0.6030,-35.97976207733154,0.0,-36.57,8737.207,359.7
0.6096,-35.93585014343262,0.0,-37.5,8603.965,359.7
0.6163,-35.89108467102051,0.0,-37.5,8603.965,359.7
0.6214,-35.85719108581543,0.0,-37.5,8603.965,359.7
0.6265,-35.823327700297035,0.0,-37.5,8603.965,359.7
0.6316,-35.78947067260742,0.0,-37.889,8477.227,359.7
0.6403,-35.73120594024658,0.0,-37.889,8477.227,359.7
0.6454,-35.69730122884115,0.0,-37.889,8477.227,359.7
0.6510,-35.65979798634847,0.0,-37.889,8477.227,359.7
0.6561,-35.625904401143394,0.0,-37.663,8365.957,359.7
0.6622,-35.58545112609863,0.0,-37.663,8365.957,359.7
0.6673,-35.55147171020508,0.0,-37.663,8365.957,359.7
0.6724,-35.51741282145182,0.0,-37.663,8365.957,359.7
0.6775,-35.483315785725914,0.0,-37.918,8236.758,359.7
0.6853,-35.43133735656738,0.0,-37.918,8236.758,359.7
0.6904,-35.397443771362305,0.0,-37.918,8236.758,359.7
0.6955,-35.36358515421549,0.0,-37.918,8236.758,359.7
0.7023,-35.317962964375816,0.0,-36.764,8118.018,359.7
0.7101,-35.266218185424805,0.0,-36.764,8118.018,359.7
0.7152,-35.23232777913412,0.0,-36.764,8118.018,359.7
0.7202,-35.19846757253011,0.0,-35.362,8022.393,359.7
0.7293,-35.138211250305176,0.0,-35.362,8022.393,359.7
0.7343,-35.104333559672035,0.0,-35.362,8022.393,359.7
0.7395,-35.07031122843424,0.0,-35.362,8022.393,359.7
0.7446,-35.03609816233317,0.0,-35.771,7898.906,359.7
0.7533,-34.97824668884277,0.0,-35.771,7898.906,359.7
0.7592,-34.938859939575195,0.0,-35.771,7898.906,359.7
0.7643,-34.904961585998535,0.0,-35.262,7802.754,359.7
0.7732,-34.84503746032715,0.0,-35.262,7802.754,359.7
0.7783,-34.81114387512207,0.0,-35.262,7802.754,359.7
0.7834,-34.777280489603676,0.0,-35.262,7802.754,359.7
0.7885,-34.74343458811442,0.0,-34.88,7686.387,359.7
0.7972,-34.685136477152504,0.0,-34.88,7686.387,359.7
0.8023,-34.65125242869059,0.0,-34.88,7686.387,359.7
0.8089,-34.60749308268229,0.0,-34.88,7686.387,359.7
0.8145,-34.57012017567953,0.0,-35.192,7564.922,359.7
0.8212,-34.52521165211996,0.0,-35.192,7564.922,359.7
0.8263,-34.491326014200844,0.0,-35.192,7564.922,359.7
0.8314,-34.457384745279946,0.0,-36.683,7457.08,359.7
0.8412,-34.39197381337484,0.0,-36.683,7457.08,359.7
0.8463,-34.358086585998535,0.0,-36.683,7457.08,359.7
0.8514,-34.32422955830892,0.0,-36.683,7457.08,359.7
0.8564,-34.2903741200765,0.0,-36.038,7339.043,359.7
0.8652,-34.23218091328939,0.0,-36.038,7339.043,359.7
0.8708,-34.194676081339516,0.0,-36.038,7339.043,359.7
0.8759,-34.16078885396322,0.0,-36.038,7339.043,359.7
0.8810,-34.126930236816406,0.0,-35.135,7237.002,359.7
0.8871,-34.08620834350586,0.0,-35.135,7237.002,359.7
0.8922,-34.05231952667236,0.0,-35.135,7237.002,359.7
0.8972,-34.01846249898275,0.0,-35.036,7138.74,359.7
0.9062,-33.958896001180015,0.0,-35.036,7138.74,359.7
0.9129,-33.91401608784994,0.0,-35.036,7138.74,359.7
0.9180,-33.880133628845215,0.0,-34.082,7046.982,359.7
0.9262,-33.82552941640218,0.0,-34.082,7046.982,359.7
0.9313,-33.79165013631185,0.0,-34.082,7046.982,359.7
0.9363,-33.75779628753662,0.0,-34.082,7046.982,359.7
0.9414,-33.72385183970133,0.0,-32.436,6942.744,359.7
0.9501,-33.6656920115153,0.0,-32.436,6942.744,359.7
0.9552,-33.63175392150879,0.0,-32.436,6942.744,359.7
0.9603,-33.59786828358968,0.0,-33.704,6840.615,359.7
0.9702,-33.5321839650472,0.0,-33.704,6840.615,359.7
0.9753,-33.49818070729574,0.0,-33.704,6840.615,359.7
0.9809,-33.460723559061684,0.0,-33.704,6840.615,359.7
0.9860,-33.426828384399414,0.0,-35.498,6725.566,359.7
0.9922,-33.38544527689616,0.0,-35.498,6725.566,359.7
0.9973,-33.351311683654785,0.0,-35.498,6725.566,359.7
1.0024,-33.31735928853353,0.0,-35.498,6725.566,359.7
1.0091,-33.27260653177897,0.0,-35.397,6607.529,359.7
1.0162,-33.2256285349528,0.0,-35.397,6607.529,359.7
1.0213,-33.19148540496826,0.0,-35.397,6607.529,359.7
1.0264,-33.15757910410563,0.0,-36.01,6503.467,359.7
1.0361,-33.09257666269938,0.0,-36.01,6503.467,359.7
1.0412,-33.05868943532308,0.0,-36.01,6503.467,359.7
1.0463,-33.02483240763346,0.0,-36.01,6503.467,359.7
1.0514,-32.99098332722982,0.0,-36.421,6380.244,359.7
1.0601,-32.932796478271484,0.0,-36.421,6380.244,359.7
1.0652,-32.8989044825236,0.0,-36.421,6380.244,359.7
1.0702,-32.8650426864624,0.0,-36.421,6380.244,359.7
1.0753,-32.831198374430336,0.0,-34.078,6269.326,359.7
1.0872,-32.752326329549156,0.0,-34.078,6269.326,359.7
1.0922,-32.718443870544434,0.0,-34.078,6269.326,359.7
1.0973,-32.68458525339762,0.0,-33.345,6175.02,359.7
1.1051,-32.632996241251625,0.0,-33.345,6175.02,359.7
1.1116,-32.589308420817055,0.0,-33.345,6175.02,359.7
1.1167,-32.55542596181234,0.0,-33.345,6175.02,359.7
1.1218,-32.52156893412272,0.0,-34.338,6056.895,359.7
1.1290,-32.473090489705406,0.0,-34.338,6056.895,359.7
1.1341,-32.43921756744385,0.0,-34.338,6056.895,359.7
1.1397,-32.401909828186035,0.0,-34.338,6056.895,359.7
1.1448,-32.368032137552895,0.0,-34.54,5954.502,359.7
1.1509,-32.32736428578695,0.0,-34.54,5954.502,359.7
1.1560,-32.293488184611,0.0,-34.54,5954.502,359.7
1.1611,-32.25963115692139,0.0,-34.54,5954.502,359.7
1.1661,-32.225775718688965,0.0,-32.799,5849.648,359.7
1.1740,-32.17326958974203,0.0,-32.799,5849.648,359.7
1.1791,-32.13940143585205,0.0,-32.799,5849.648,359.7
1.1842,-32.1054474512736,0.0,-33.085,5754.551,359.7
1.1960,-32.02668031056722,0.0,-33.085,5754.551,359.7
1.2011,-31.9927978515625,0.0,-33.085,5754.551,359.7
1.2077,-31.94895108540853,0.0,-33.085,5754.551,359.7
1.2127,-31.91507657368978,0.0,-34.357,5634.844,359.7
1.2189,-31.874190966288246,0.0,-34.357,5634.844,359.7
1.2240,-31.840310096740723,0.0,-34.357,5634.844,359.7
1.2290,-31.806456247965492,0.0,-33.645,5544.316,359.7
1.2380,-31.746851603190102,0.0,-33.645,5544.316,359.7
1.2431,-31.71297868092855,0.0,-33.645,5544.316,359.7
1.2486,-31.675707499186196,0.0,-33.645,5544.316,359.7
1.2537,-31.641834576924644,0.0,-32.953,5434.629,359.7
1.2621,-31.585747400919594,0.0,-32.953,5434.629,359.7
1.2672,-31.551876068115234,0.0,-32.953,5434.629,359.7
1.2723,-31.518023808797203,0.0,-32.953,5434.629,359.7
1.2774,-31.484173138936363,0.0,-33.041,5322.744,359.7
1.2861,-31.42571290334066,0.0,-33.041,5322.744,359.7
1.2912,-31.391841570536293,0.0,-33.041,5322.744,359.7
1.2963,-31.35798454284668,0.0,-33.041,5322.744,359.7
1.3019,-31.32068316141764,0.0,-31.282,5224.043,359.7
1.3099,-31.267194747924805,0.0,-31.282,5224.043,359.7
1.3150,-31.2333075205485,0.0,-31.282,5224.043,359.7
1.3201,-31.19943300882975,0.0,-31.282,5224.043,359.7
1.3252,-31.16558233896891,0.0,-30.414,5121.475,359.7
1.3339,-31.10731760660807,0.0,-30.414,5121.475,359.7
1.3390,-31.073447863260903,0.0,-30.414,5121.475,359.7
1.3441,-31.03959401448568,0.0,-32.511,5022.598,359.7
1.3539,-30.974062283833824,0.0,-32.511,5022.598,359.7
1.3595,-30.9366766611735,0.0,-32.511,5022.598,359.7
1.3646,-30.902795791625977,0.0,-32.511,5022.598,359.7
1.3697,-30.868932406107582,0.0,-32.891,4926.006,359.7
1.3757,-30.82834084828695,0.0,-32.891,4926.006,359.7
1.3808,-30.794464747111,0.0,-32.891,4926.006,359.7
1.3859,-30.760606129964195,0.0,-32.891,4926.006,359.7
1.3910,-30.72676181793213,0.0,-31.897,4820.801,359.7
1.3989,-30.674196879069008,0.0,-31.897,4820.801,359.7
1.4040,-30.640322367350258,0.0,-31.897,4820.801,359.7
1.4111,-30.592586199442543,0.0,-33.095,4722.539,359.7
1.4189,-30.5409574508667,0.0,-33.095,4722.539,359.7
1.4239,-30.507068634033203,0.0,-33.095,4722.539,359.7
1.4290,-30.47321160634359,0.0,-33.095,4722.539,359.7
1.4341,-30.43935934702555,0.0,-33.584,4609.424,359.7
1.4430,-30.379724502563477,0.0,-33.584,4609.424,359.7
1.4481,-30.345845222473145,0.0,-33.584,4609.424,359.7
1.4532,-30.311996142069496,0.0,-33.584,4609.424,359.7
1.4583,-30.278147061665855,0.0,-32.359,4520.303,359.7
1.4644,-30.237595240275063,0.0,-32.359,4520.303,359.7
1.4700,-30.200131734212242,0.0,-32.359,4520.303,359.7
1.4751,-30.166244506835938,0.0,-30.757,4433.379,359.7
1.4850,-30.099897384643555,0.0,-30.757,4433.379,359.7
1.4901,-30.066022872924805,0.0,-30.757,4433.379,359.7
1.4952,-30.032170613606773,0.0,-30.636,4346.631,359.7
1.5048,-29.967843691507976,0.0,-30.636,4346.631,359.7
1.5118,-29.921663602193195,0.0,-30.636,4346.631,359.7
1.5169,-29.887375831604004,0.0,-30.179,4264.541,359.7
1.5249,-29.834149678548176,0.0,-30.179,4264.541,359.7
1.5300,-29.80020046234131,0.0,-30.179,4264.541,359.7
1.5351,-29.76632595062256,0.0,-30.179,4264.541,359.7
1.5401,-29.7324800491333,0.0,-30.305,4160.391,359.7
1.5488,-29.67472553253174,0.0,-30.305,4160.391,359.7
1.5539,-29.64084307352702,0.0,-30.305,4160.391,359.7
1.5590,-29.60698922475179,0.0,-30.305,4160.391,359.7
1.5640,-29.573136965433758,0.0,-29.839,4056.768,359.7
1.5738,-29.508237838745117,0.0,-29.839,4056.768,359.7
1.5794,-29.470966657002766,0.0,-29.839,4056.768,359.7
1.5844,-29.437092145284016,0.0,-29.839,4056.768,359.7
1.5895,-29.403239885965984,0.0,-30.603,3963.34,359.7
1.5956,-29.362681706746418,0.0,-30.603,3963.34,359.7
1.6007,-29.328705469767254,0.0,-30.603,3963.34,359.7
1.6076,-29.282957712809246,0.0,-30.603,3963.34,359.7
1.6127,-29.24895445505778,0.0,-31.215,3857.08,359.7
1.6189,-29.207647641499836,0.0,-31.215,3857.08,359.7
1.6239,-29.17373816172282,0.0,-31.215,3857.08,359.7
1.6298,-29.134807586669922,0.0,-30.715,3772.705,359.7
1.6388,-29.074799219767254,0.0,-30.715,3772.705,359.7
1.6439,-29.040913581848145,0.0,-30.715,3772.705,359.7
1.6489,-29.007056554158527,0.0,-30.715,3772.705,359.7
1.6540,-28.97321542104085,0.0,-30.358,3671.016,359.7
1.6629,-28.913901646931965,0.0,-30.358,3671.016,359.7
1.6681,-28.879348436991375,0.0,-30.358,3671.016,359.7
1.6732,-28.845443725585938,0.0,-30.358,3671.016,359.7
1.6783,-28.811580340067547,0.0,-30.176,3581.631,359.7
1.6858,-28.7610658009847,0.0,-30.176,3581.631,359.7
1.6909,-28.727189699808758,0.0,-30.176,3581.631,359.7
1.6960,-28.693331082661945,0.0,-30.078,3498.398,359.7
1.7037,-28.642083803812664,0.0,-30.078,3498.398,359.7
1.7106,-28.59620730082194,0.0,-30.078,3498.398,359.7
1.7157,-28.562215169270832,0.0,-30.078,3498.398,359.7
1.7208,-28.528324762980144,0.0,-28.807,3406.377,359.7
1.7277,-28.482074737548828,0.0,-28.807,3406.377,359.7
1.7328,-28.44817002614339,0.0,-28.807,3406.377,359.7
1.7384,-28.410808245340984,0.0,-28.807,3406.377,359.7
1.7435,-28.376922607421875,0.0,-28.723,3307.412,359.7
1.7517,-28.322126070658367,0.0,-28.723,3307.412,359.7
1.7568,-28.28823407491048,0.0,-28.723,3307.412,359.7
1.7618,-28.254373868306477,0.0,-29.212,3224.531,359.7
1.7717,-28.188977241516113,0.0,-29.212,3224.531,359.7
1.7767,-28.15510431925456,0.0,-29.212,3224.531,359.7
1.7818,-28.12125047047933,0.0,-29.212,3224.531,359.7
1.7869,-28.08740456899007,0.0,-28.425,3131.367,359.7
1.7958,-28.02775541941325,0.0,-28.425,3131.367,359.7
1.8009,-27.99387772878011,0.0,-28.425,3131.367,359.7
1.8078,-27.948187192281086,0.0,-27.815,3055.342,359.7
1.8156,-27.8958257039388,0.0,-27.815,3055.342,359.7
1.8207,-27.861941655476887,0.0,-27.815,3055.342,359.7
1.8258,-27.828078269958496,0.0,-27.815,3055.342,359.7
1.8309,-27.79423236846924,0.0,-27.698,2960.859,359.7
1.8396,-27.735899289449055,0.0,-27.698,2960.859,359.7
1.8466,-27.689495086669922,0.0,-27.698,2960.859,359.7
1.8517,-27.65562852223714,0.0,-27.813,2878.945,359.7
1.8606,-27.596017519632976,0.0,-27.813,2878.945,359.7
1.8657,-27.562149365743,0.0,-27.813,2878.945,359.7
1.8708,-27.52829392751058,0.0,-27.813,2878.945,359.7
1.8758,-27.49445120493571,0.0,-28.335,2781.475,359.7
1.8857,-27.42845853169759,0.0,-28.335,2781.475,359.7
1.8908,-27.394579251607258,0.0,-28.335,2781.475,359.7
1.8959,-27.360719045003254,0.0,-27.08,2706.768,359.7
1.9058,-27.29485034942627,0.0,-27.08,2706.768,359.7
1.9124,-27.250954310099285,0.0,-27.08,2706.768,359.7
1.9174,-27.217076619466145,0.0,-27.08,2706.768,359.7
1.9225,-27.183218002319336,0.0,-26.509,2617.822,359.7
1.9283,-27.144579887390137,0.0,-26.509,2617.822,359.7
1.9337,-27.108745574951172,0.0,-26.509,2617.822,359.7
1.9388,-27.074867884318035,0.0,-26.509,2617.822,359.7
1.9438,-27.041014035542805,0.0,-26.509,2617.822,359.7
1.9489,-27.007166544596355,0.0,-26.281,2522.9,359.7
1.9576,-26.949013074239094,0.0,-26.281,2522.9,359.7
1.9627,-26.91513220469157,0.0,-26.281,2522.9,359.7
1.9678,-26.881273587544758,0.0,-26.231,2447.314,359.7
1.9737,-26.842095057169598,0.0,-26.231,2447.314,359.7
1.9791,-26.806246439615887,0.0,-26.231,2447.314,359.7
1.9842,-26.772324244181316,0.0,-26.231,2447.314,359.7
1.9892,-26.738457679748535,0.0,-26.961,2370.146,359.7
1.9955,-26.696497599283855,0.0,-26.961,2370.146,359.7
2.0006,-26.66261355082194,0.0,-26.961,2370.146,359.7
2.0086,-26.609320640563965,0.0,-26.961,2370.146,359.7
2.0137,-26.575140953063965,0.0,-26.425,2283.223,359.7
2.0199,-26.534244219462078,0.0,-26.425,2283.223,359.7
2.0250,-26.50010585784912,0.0,-26.425,2283.223,359.7
2.0301,-26.46620750427246,0.0,-26.48,2207.637,359.7
2.0396,-26.40265941619873,0.0,-26.48,2207.637,359.7
2.0447,-26.36877695719401,0.0,-26.48,2207.637,359.7
2.0498,-26.3348388671875,0.0,-26.48,2207.637,359.7
2.0549,-26.300985018412273,0.0,-26.769,2116.758,359.7
2.0616,-26.255939801534016,0.0,-26.769,2116.758,359.7
2.0675,-26.216607093811035,0.0,-26.769,2116.758,359.7
2.0726,-26.182726224263508,0.0,-26.769,2116.758,359.7
2.0777,-26.148869196573894,0.0,-26.042,2043.633,359.7
2.0835,-26.110219955444336,0.0,-26.042,2043.633,359.7
2.0888,-26.0743506749471,0.0,-26.042,2043.633,359.7
2.0939,-26.040477752685547,0.0,-26.042,2043.633,359.7
2.0990,-26.00662390391032,0.0,-24.979,1976.748,359.7
2.1051,-25.966121355692547,0.0,-24.979,1976.748,359.7
2.1116,-25.922385851542156,0.0,-24.979,1976.748,359.7
2.1185,-25.876811345418293,0.0,-24.751,1903.711,359.7
2.1255,-25.830284754435223,0.0,-24.751,1903.711,359.7
2.1305,-25.796399116516113,0.0,-24.751,1903.711,359.7
2.1356,-25.762510299682617,0.0,-24.751,1903.711,359.7
2.1407,-25.728653271993,0.0,-25.192,1817.842,359.7
2.1476,-25.682894388834637,0.0,-25.192,1817.842,359.7
2.1529,-25.64703146616618,0.0,-25.192,1817.842,359.7
2.1580,-25.61314582824707,0.0,-25.192,1817.842,359.7
2.1631,-25.57929039001465,0.0,-25.192,1817.842,359.7
2.1682,-25.54543972015381,0.0,-25.02,1726.436,359.7
2.1740,-25.506819089253742,0.0,-25.02,1726.436,359.7
2.1799,-25.46763737996419,0.0,-25.02,1726.436,359.7
2.1849,-25.43376127878825,0.0,-25.02,1726.436,359.7
2.1900,-25.39989471435547,0.0,-24.667,1658.584,359.7
2.1961,-25.359419186909992,0.0,-24.667,1658.584,359.7
2.2012,-25.325549443562824,0.0,-24.667,1658.584,359.7
2.2077,-25.28181552886963,0.0,-23.962,1593.545,359.7
2.2137,-25.2418311436971,0.0,-23.962,1593.545,359.7
2.2191,-25.20595868428548,0.0,-23.962,1593.545,359.7
2.2242,-25.17208417256673,0.0,-23.962,1593.545,359.7
2.2298,-25.13476848602295,0.0,-23.951,1512.158,359.7
2.2377,-25.08196512858073,0.0,-23.951,1512.158,359.7
2.2431,-25.04612922668457,0.0,-23.951,1512.158,359.7
2.2482,-25.012259483337402,0.0,-23.951,1512.158,359.7
2.2532,-24.978397687276203,0.0,-23.557,1447.822,359.7
2.2596,-24.93615945180257,0.0,-23.557,1447.822,359.7
2.2647,-24.902278582255047,0.0,-23.557,1447.822,359.7
2.2697,-24.868424733479817,0.0,-23.557,1447.822,359.7
2.2748,-24.83457883199056,0.0,-23.897,1365.469,359.7
2.2856,-24.762954711914062,0.0,-23.897,1365.469,359.7
2.2906,-24.729072252909344,0.0,-23.897,1365.469,359.7
2.2957,-24.69521999359131,0.0,-23.897,1365.469,359.7
2.3008,-24.661356608072918,0.0,-24.003,1284.521,359.7
2.3085,-24.609983762105305,0.0,-24.003,1284.521,359.7
2.3136,-24.57609494527181,0.0,-24.003,1284.521,359.7
2.3187,-24.542237917582195,0.0,-24.162,1215.791,359.7
2.3255,-24.496946334838867,0.0,-24.162,1215.791,359.7
2.3324,-24.450990358988445,0.0,-24.162,1215.791,359.7
2.3374,-24.417112668355305,0.0,-24.162,1215.791,359.7
2.3425,-24.38325564066569,0.0,-23.911,1135.811,359.7
2.3494,-24.33702786763509,0.0,-23.911,1135.811,359.7
2.3549,-24.300990104675293,0.0,-23.911,1135.811,359.7
2.3599,-24.267117182413738,0.0,-23.911,1135.811,359.7
2.3650,-24.233261744181316,0.0,-23.702,1070.596,359.7
2.3715,-24.18992519378662,0.0,-23.702,1070.596,359.7
2.3766,-24.156052271525066,0.0,-23.702,1070.596,359.7
2.3817,-24.122192064921062,0.0,-23.702,1070.596,359.7
2.3873,-24.08483664194743,0.0,-24.061,988.154,359.7
2.3955,-24.030137062072754,0.0,-24.061,988.154,359.7
2.4006,-23.9962641398112,0.0,-24.061,988.154,359.7
2.4073,-23.951180775960285,0.0,-24.061,988.154,359.7
2.4124,-23.91729195912679,0.0,-23.239,912.744,359.7
2.4195,-23.870229721069336,0.0,-23.239,912.744,359.7
2.4245,-23.83635361989339,0.0,-23.239,912.744,359.7
2.4296,-23.80240758260091,0.0,-22.62,850.518,359.7
2.4393,-23.73829523722331,0.0,-22.62,850.518,359.7
2.4449,-23.7009859085083,0.0,-22.62,850.518,359.7
2.4499,-23.66710662841797,0.0,-22.62,850.518,359.7
2.4550,-23.633254369099934,0.0,-22.132,787.236,359.7
2.4611,-23.59294096628825,0.0,-22.132,787.236,359.7
2.4662,-23.558955192565918,0.0,-22.132,787.236,359.7
2.4713,-23.52491855621338,0.0,-22.132,787.236,359.7
2.4764,-23.49096139272054,0.0,-21.032,720.088,359.7
2.4842,-23.438571294148762,0.0,-21.032,720.088,359.7
2.4893,-23.404690424601238,0.0,-21.032,720.088,359.7
2.4963,-23.35802396138509,0.0,-23.033,642.656,359.7
2.5052,-23.29870382944743,0.0,-23.033,642.656,359.7
2.5121,-23.252441088358562,0.0,-23.033,642.656,359.7
2.5173,-23.21814219156901,0.0,-23.192,579.463,359.7
2.5253,-23.16494623819987,0.0,-23.192,579.463,359.7
2.5303,-23.131001790364582,0.0,-23.192,579.463,359.7
2.5354,-23.09712092081706,0.0,-23.192,579.463,359.7
2.5405,-23.063257535298664,0.0,-21.828,506.953,359.7
2.5502,-22.998719215393066,0.0,-21.828,506.953,359.7
2.5558,-22.961351076761883,0.0,-21.828,506.953,359.7
2.5609,-22.92746067047119,0.0,-21.828,506.953,359.7
2.5660,-22.893600463867188,0.0,-21.136,447.1,359.7
2.5720,-22.853258450826008,0.0,-21.136,447.1,359.7
2.5771,-22.81937599182129,0.0,-21.136,447.1,359.7
2.5822,-22.78552532196045,0.0,-21.162,386.982,359.7
2.5912,-22.7253516515096,0.0,-21.162,386.982,359.7
2.5963,-22.691418329874676,0.0,-21.162,386.982,359.7
2.6014,-22.657546997070312,0.0,-21.796,319.219,359.7
2.6132,-22.578516006469727,0.0,-21.796,319.219,359.7
2.6183,-22.544557253519695,0.0,-21.796,319.219,359.7
2.6234,-22.51067002614339,0.0,-21.796,319.219,359.7
2.6285,-22.476808230082195,0.0,-21.779,247.5,359.7
2.6363,-22.42448329925537,0.0,-21.779,247.5,359.7
2.6414,-22.390594482421875,0.0,-21.779,247.5,359.7
2.6465,-22.356739044189453,0.0,-21.779,247.5,359.7
2.6516,-22.32288996378581,0.0,-20.849,180.439,359.7
2.6603,-22.26450761159261,0.0,-20.849,180.439,359.7
2.6659,-22.227214177449543,0.0,-20.849,180.439,359.7
2.6710,-22.19333489735921,0.0,-20.849,180.439,359.7
2.6761,-22.159481048583984,0.0,-19.821,116.895,359.7
2.6843,-22.104716300964355,0.0,-19.821,116.895,359.7
2.6894,-22.070822715759277,0.0,-19.821,116.895,359.7
2.6944,-22.037029266357422,0.0,-19.821,116.895,359.7
2.6995,-22.003177007039387,0.0,-19.534,50.977,359.7
2.7083,-21.94492181142171,0.0,-19.534,50.977,359.7
2.7150,-21.89970811208089,0.0,-19.534,50.977,359.7
2.7207,-21.86227321624756,0.0,-19.257,-2.813,359.7
2.7281,-21.812963485717773,0.0,-19.257,-2.813,359.7
2.7332,-21.778993606567383,0.0,-19.257,-2.813,359.7
2.7382,-21.745120684305828,0.0,-19.257,-2.813,359.7
2.7433,-21.711268424987793,0.0,-20.691,-77.432,359.7
2.7521,-21.65287494659424,0.0,-20.691,-77.432,359.7
2.7572,-21.61899407704671,0.0,-20.691,-77.432,359.7
2.7622,-21.585137049357098,0.0,-20.691,-77.432,359.7
2.7673,-21.55128796895345,0.0,-20.544,-136.055,359.7
2.7754,-21.497583389282227,0.0,-20.544,-136.055,359.7
2.7804,-21.46370569864909,0.0,-20.544,-136.055,359.7
2.7855,-21.429850260416668,0.0,-19.489,-187.471,359.7
2.7915,-21.390029589335125,0.0,-19.489,-187.471,359.7
2.7969,-21.354190508524578,0.0,-19.489,-187.471,359.7
2.8020,-21.320311228434246,0.0,-19.489,-187.471,359.7
2.8087,-21.275261243184406,0.0,-19.389,-253.652,359.7
2.8152,-21.232194900512695,0.0,-19.389,-253.652,359.7
2.8205,-21.196363766988117,0.0,-19.389,-253.652,359.7
2.8273,-21.151409149169922,0.0,-19.389,-253.652,359.7
2.8324,-21.11751715342204,0.0,-19.517,-319.658,359.7
2.8393,-21.07155164082845,0.0,-19.517,-319.658,359.7
2.8446,-21.035752296447754,0.0,-19.517,-319.658,359.7
2.8497,-21.001871426900227,0.0,-19.517,-319.658,359.7
2.8548,-20.968011220296223,0.0,-19.517,-319.658,359.7
2.8599,-20.93400001525879,0.0,-20.089,-390.234,359.7
2.8660,-20.893468856811523,0.0,-20.089,-390.234,359.7
2.8711,-20.85959275563558,0.0,-20.089,-390.234,359.7
2.8761,-20.82573890686035,0.0,-19.985,-444.99,359.7
2.8850,-20.766436258951824,0.0,-19.985,-444.99,359.7
2.8901,-20.732545852661133,0.0,-19.985,-444.99,359.7
2.8952,-20.69861888885498,0.0,-19.331,-497.021,359.7
2.9033,-20.644593238830566,0.0,-19.331,-497.021,359.7
2.9104,-20.597119331359863,0.0,-19.331,-497.021,359.7
2.9155,-20.563228925069172,0.0,-19.331,-497.021,359.7
2.9206,-20.529367129007976,0.0,-18.85,-559.336,359.7
2.9271,-20.485974947611492,0.0,-18.85,-559.336,359.7
2.9340,-20.44005076090495,0.0,-18.85,-559.336,359.7
2.9391,-20.40617307027181,0.0,-18.85,-559.336,359.7
2.9442,-20.372311274210613,0.0,-18.85,-614.707,359.7
2.9502,-20.331919987996418,0.0,-18.85,-614.707,359.7
2.9553,-20.298043886820476,0.0,-18.85,-614.707,359.7
2.9604,-20.264182090759277,0.0,-18.743,-667.09,359.7
2.9681,-20.212554931640625,0.0,-18.743,-667.09,359.7
2.9735,-20.176409085591633,0.0,-18.743,-667.09,359.7
2.9787,-20.142327944437664,0.0,-18.743,-667.09,359.7
2.9838,-20.108332633972168,0.0,-18.4,-720.879,359.7
2.9910,-20.06005922953288,0.0,-18.4,-720.879,359.7
2.9961,-20.026151339213055,0.0,-18.4,-720.879,359.7
3.0012,-19.992264111836754,0.0,-18.4,-720.879,359.7
3.0078,-19.94807402292887,0.0,-18.94,-786.797,359.7
3.0136,-19.909019470214844,0.0,-18.94,-786.797,359.7
3.0191,-19.872797330220543,0.0,-18.94,-786.797,359.7
3.0242,-19.838641484578453,0.0,-18.94,-786.797,359.7
3.0293,-19.80473518371582,0.0,-18.837,-838.828,359.7
3.0354,-19.76400057474772,0.0,-18.837,-838.828,359.7
3.0405,-19.73008950551351,0.0,-18.837,-838.828,359.7
3.0461,-19.69275792439779,0.0,-18.837,-838.828,359.7
3.0512,-19.65885639190674,0.0,-17.941,-890.244,359.7
3.0572,-19.618441263834633,0.0,-17.941,-890.244,359.7
3.0623,-19.584546089172363,0.0,-17.941,-890.244,359.7
3.0674,-19.55066521962484,0.0,-16.45,-931.289,359.7
3.0750,-19.4997501373291,0.0,-16.45,-931.289,359.7
3.0805,-19.46333726247152,0.0,-16.45,-931.289,359.7
3.0856,-19.42941347757975,0.0,-16.45,-931.289,359.7
3.0907,-19.39551512400309,0.0,-15.35,-980.332,359.7
3.1031,-19.312736193339028,0.0,-15.35,-980.332,359.7
3.1099,-19.26739056905111,0.0,-15.35,-980.332,359.7
3.1150,-19.233431816101074,0.0,-15.107,-1023.311,359.7
3.1211,-19.192533493041992,0.0,-15.107,-1023.311,359.7
3.1262,-19.158379236857094,0.0,-15.107,-1023.311,359.7
3.1313,-19.124377568562828,0.0,-15.107,-1023.311,359.7
3.1364,-19.09046490987142,0.0,-15.337,-1076.045,359.7
3.1449,-19.03416633605957,0.0,-15.337,-1076.045,359.7
3.1529,-18.98064613342285,0.0,-15.337,-1076.045,359.7
3.1580,-18.946498235066734,0.0,-15.337,-1076.045,359.7
3.1631,-18.912498156229653,0.0,-17.645,-1143.193,359.7
3.1693,-18.87163003285726,0.0,-17.645,-1143.193,359.7
3.1743,-18.837711016337074,0.0,-17.645,-1143.193,359.7
3.1794,-18.803815841674805,0.0,-17.322,-1189.424,359.7
3.1890,-18.739720980326332,0.0,-17.322,-1189.424,359.7
3.1941,-18.705709775288902,0.0,-17.322,-1189.424,359.7
3.1993,-18.671557108561196,0.0,-16.582,-1235.303,359.7
3.2099,-18.600861231486,0.0,-16.582,-1235.303,359.7
3.2165,-18.556952476501465,0.0,-16.582,-1235.303,359.7
3.2216,-18.52285067240397,0.0,-16.582,-1235.303,359.7
3.2267,-18.488869667053223,0.0,-15.079,-1281.445,359.7
3.2340,-18.439844449361168,0.0,-15.079,-1281.445,359.7
3.2391,-18.405922253926597,0.0,-15.079,-1281.445,359.7
3.2442,-18.372042973836265,0.0,-14.843,-1323.457,359.7
3.2538,-18.307954470316567,0.0,-14.843,-1323.457,359.7
3.2589,-18.27404499053955,0.0,-14.843,-1323.457,359.7
3.2645,-18.236759503682457,0.0,-14.843,-1323.457,359.7
3.2696,-18.202880223592125,0.0,-15.507,-1374.082,359.7
3.2760,-18.160017331441246,0.0,-15.507,-1374.082,359.7
3.2811,-18.12612851460775,0.0,-15.507,-1374.082,359.7
3.2862,-18.0922524134318,0.0,-15.507,-1374.082,359.7
3.2912,-18.058369954427086,0.0,-15.832,-1427.783,359.7
3.3000,-18.000062306722008,0.0,-15.832,-1427.783,359.7
3.3051,-17.965949376424156,0.0,-15.832,-1427.783,359.7
3.3119,-17.92050838470459,0.0,-16.381,-1476.299,359.8
3.3198,-17.867846488952637,0.0,-16.381,-1476.299,359.8
3.3249,-17.833844820658364,0.0,-16.381,-1476.299,359.8
3.3300,-17.799739837646484,0.0,-16.594,-1523.672,359.8
3.3398,-17.734875679016113,0.0,-16.594,-1523.672,359.8
3.3449,-17.700866063435875,0.0,-16.594,-1523.672,359.8
3.3500,-17.66674836476644,0.0,-16.594,-1523.672,359.8
3.3551,-17.632738749186196,0.0,-15.878,-1573.682,359.8
3.3638,-17.574968338012695,0.0,-15.878,-1573.682,359.8
3.3689,-17.54096508026123,0.0,-15.878,-1573.682,359.8
3.3745,-17.503112157185875,0.0,-15.878,-1573.682,359.8
3.3796,-17.469170888264976,0.0,-14.681,-1615.605,359.8
3.3857,-17.428340911865234,0.0,-14.681,-1615.605,359.8
3.3908,-17.394428253173828,0.0,-14.681,-1615.605,359.8
3.3959,-17.360461552937828,0.0,-14.681,-1615.605,359.8
3.4011,-17.326291402180992,0.0,-13.931,-1660.518,359.8
3.4097,-17.26846694946289,0.0,-13.931,-1660.518,359.8
3.4148,-17.2345240910848,0.0,-13.931,-1660.518,359.8
3.4199,-17.200543085734047,0.0,-13.931,-1660.518,359.8
3.4256,-17.162788709004722,0.0,-13.67,-1706.221,359.8
3.4338,-17.108001708984375,0.0,-13.67,-1706.221,359.8
3.4389,-17.07406838734945,0.0,-13.67,-1706.221,359.8
3.4440,-17.040090560913086,0.0,-13.67,-1706.221,359.8
3.4491,-17.005949020385742,0.0,-13.859,-1753.857,359.8
3.4561,-16.95960203806559,0.0,-13.859,-1753.857,359.8
3.4616,-16.92279020945231,0.0,-13.859,-1753.857,359.8
3.4667,-16.888839403788246,0.0,-13.859,-1753.857,359.8
3.4718,-16.85494899749756,0.0,-13.763,-1793.584,359.8
3.4808,-16.79460048675537,0.0,-13.763,-1793.584,359.8
3.4859,-16.760656038920082,0.0,-13.763,-1793.584,359.8
3.4910,-16.726675033569336,0.0,-14.662,-1839.111,359.8
3.4987,-16.675213177998863,0.0,-14.662,-1839.111,359.8
3.5039,-16.640982627868652,0.0,-14.662,-1839.111,359.8
3.5106,-16.5962807337443,0.0,-14.662,-1839.111,359.8
3.5157,-16.56212329864502,0.0,-14.429,-1885.518,359.8
3.5212,-16.5254275004069,0.0,-14.429,-1885.518,359.8
3.5265,-16.49006207784017,0.0,-14.429,-1885.518,359.8
3.5327,-16.44867261250814,0.0,-13.845,-1922.168,359.8
3.5426,-16.38282140096029,0.0,-13.845,-1922.168,359.8
3.5476,-16.349007288614906,0.0,-13.845,-1922.168,359.8
3.5527,-16.315221786499023,0.0,-13.845,-1922.168,359.8
3.5578,-16.28145535786947,0.0,-11.408,-1951.699,359.8
3.5646,-16.235810915629067,0.0,-11.408,-1951.699,359.8
3.5699,-16.200922330220543,0.0,-11.408,-1951.699,359.8
3.5749,-16.167097091674805,0.0,-11.408,-1951.699,359.8
3.5800,-16.133294105529785,0.0,-11.408,-1951.699,359.8
3.5851,-16.09947999318441,0.0,-12.57,-2002.939,359.8
3.5937,-16.042041778564453,0.0,-12.57,-2002.939,359.8
3.5988,-16.00815455118815,0.0,-12.57,-2002.939,359.8
3.6039,-15.974294344584145,0.0,-13.072,-2040.293,359.8
3.6116,-15.922508239746094,0.0,-13.072,-2040.293,359.8
3.6167,-15.888617833455406,0.0,-13.072,-2040.293,359.8
3.6218,-15.85474650065104,0.0,-13.072,-2040.293,359.8
3.6269,-15.820892651875816,0.0,-13.743,-2088.369,359.8
3.6337,-15.775163968404136,0.0,-13.743,-2088.369,359.8
3.6391,-15.739326477050781,0.0,-13.743,-2088.369,359.8
3.6447,-15.702052116394043,0.0,-13.743,-2088.369,359.8
3.6498,-15.668176015218101,0.0,-13.268,-2125.459,359.8
3.6566,-15.622771581014,0.0,-13.268,-2125.459,359.8
3.6617,-15.588900248209633,0.0,-13.268,-2125.459,359.8
3.6667,-15.555041631062828,0.0,-13.413,-2164.922,359.8
3.6768,-15.48818588256836,0.0,-13.413,-2164.922,359.8
3.6819,-15.454306602478027,0.0,-13.413,-2164.922,359.8
3.6869,-15.420454343159996,0.0,-13.413,-2164.922,359.8
3.6920,-15.386605262756348,0.0,-13.65,-2204.912,359.8
3.6981,-15.346128145853676,0.0,-13.65,-2204.912,359.8
3.7037,-15.308925310770668,0.0,-13.65,-2204.912,359.8
3.7102,-15.265127817789711,0.0,-13.183,-2242.354,359.8
3.7167,-15.222067832946777,0.0,-13.183,-2242.354,359.8
3.7221,-15.186217625935875,0.0,-13.183,-2242.354,359.8
3.7271,-15.152338345845543,0.0,-13.183,-2242.354,359.8
3.7322,-15.11848290761312,0.0,-13.183,-2242.354,359.8
3.7373,-15.084632237752281,0.0,-12.585,-2282.607,359.8
3.7434,-15.043872197469078,0.0,-12.585,-2282.607,359.8
3.7485,-15.009991327921547,0.0,-12.585,-2282.607,359.8
3.7541,-14.972639083862305,0.0,-11.727,-2312.93,359.8
3.7606,-14.92901007334391,0.0,-11.727,-2312.93,359.8
3.7660,-14.893205960591636,0.0,-11.727,-2312.93,359.8
3.7711,-14.85933462778727,0.0,-11.727,-2312.93,359.8
3.7762,-14.825477600097656,0.0,-11.727,-2312.93,359.8
3.7813,-14.79161580403646,0.0,-11.377,-2350.547,359.8
3.7874,-14.750930468241371,0.0,-11.377,-2350.547,359.8
3.7924,-14.717049598693848,0.0,-11.377,-2350.547,359.8
3.7975,-14.683192571004234,0.0,-11.377,-2350.547,359.8
3.8026,-14.649341901143394,0.0,-10.865,-2385.527,359.8
3.8126,-14.58275318145752,0.0,-10.865,-2385.527,359.8
3.8177,-14.548848470052086,0.0,-10.865,-2385.527,359.8
3.8228,-14.5149834950765,0.0,-11.153,-2419.189,359.8
3.8286,-14.4758939743042,0.0,-11.153,-2419.189,359.8
3.8340,-14.4400946299235,0.0,-11.153,-2419.189,359.8
3.8391,-14.406224886576332,0.0,-11.153,-2419.189,359.8
3.8441,-14.372374216715492,0.0,-11.153,-2419.189,359.8
3.8492,-14.338456789652504,0.0,-11.553,-2458.301,359.8
3.8553,-14.297752380371094,0.0,-11.553,-2458.301,359.8
3.8637,-14.242184956868492,0.0,-11.553,-2458.301,359.8
3.8688,-14.208312034606934,0.0,-11.157,-2488.535,359.8
3.8749,-14.167245229085289,0.0,-11.157,-2488.535,359.8
3.8800,-14.133350054423012,0.0,-11.157,-2488.535,359.8
3.8851,-14.099478721618652,0.0,-11.157,-2488.535,359.8
3.8902,-14.065616925557457,0.0,-11.362,-2528.086,359.8
3.8966,-14.022839864095054,0.0,-11.362,-2528.086,359.8
3.9019,-13.987023035685219,0.0,-11.362,-2528.086,359.8
3.9085,-13.943324089050293,0.0,-11.362,-2528.086,359.8
3.9136,-13.90944321950277,0.0,-11.039,-2565.088,359.8
3.9255,-13.829902013142906,0.0,-11.039,-2565.088,359.8
3.9306,-13.796019554138184,0.0,-11.039,-2565.088,359.8
3.9357,-13.76215934753418,0.0,-10.725,-2594.971,359.8
3.9415,-13.723020553588867,0.0,-10.725,-2594.971,359.8
3.9469,-13.687035242716469,0.0,-10.725,-2594.971,359.8
3.9520,-13.653157552083336,0.0,-10.725,-2594.971,359.8
3.9571,-13.619303703308105,0.0,-10.725,-2594.971,359.8
3.9622,-13.585456212361656,0.0,-9.841,-2624.15,359.8
3.9682,-13.545064926147461,0.0,-9.841,-2624.15,359.8
3.9738,-13.507838249206543,0.0,-9.841,-2624.15,359.8
3.9789,-13.473971684773765,0.0,-8.392,-2643.838,359.8
3.9884,-13.410792350769043,0.0,-8.392,-2643.838,359.8
3.9935,-13.376908302307129,0.0,-8.392,-2643.838,359.8
3.9985,-13.343049685160317,0.0,-7.742,-2664.141,359.8
4.0084,-13.2775608698527,0.0,-7.742,-2664.141,359.8
4.0150,-13.233494758605957,0.0,-7.742,-2664.141,359.8
4.0201,-13.199316660563149,0.0,-7.742,-2664.141,359.8
4.0257,-13.161746660868324,0.0,-7.343,-2688.486,359.8
4.0324,-13.11760743459066,0.0,-7.343,-2688.486,359.8
4.0374,-13.083723386128746,0.0,-7.343,-2688.486,359.8
4.0425,-13.049863179524742,0.0,-7.343,-2688.486,359.8
4.0476,-13.015942573547363,0.0,-7.827,-2716.26,359.8
4.0563,-12.957836786905922,0.0,-7.827,-2716.26,359.8
4.0614,-12.92396068572998,0.0,-7.827,-2716.26,359.8
4.0665,-12.890100479125977,0.0,-8.433,-2742.275,359.8
4.0763,-12.82447338104248,0.0,-8.433,-2742.275,359.8
4.0819,-12.787178357442222,0.0,-8.433,-2742.275,359.8
4.0870,-12.753291130065918,0.0,-8.433,-2742.275,359.8
4.0921,-12.719434102376304,0.0,-9.113,-2772.773,359.8
4.0983,-12.677860260009766,0.0,-9.113,-2772.773,359.8
4.1034,-12.643988927205406,0.0,-9.113,-2772.773,359.8
4.1100,-12.600266138712563,0.0,-9.113,-2772.773,359.8
4.1150,-12.566390037536621,0.0,-8.504,-2798.262,359.8
4.1223,-12.518068949381508,0.0,-8.504,-2798.262,359.8
4.1274,-12.484186490376793,0.0,-8.504,-2798.262,359.8
4.1330,-12.446905771891274,0.0,-8.504,-2798.262,359.8
4.1380,-12.413031260172524,0.0,-7.866,-2819.795,359.8
4.1441,-12.372592290242515,0.0,-7.866,-2819.795,359.8
4.1492,-12.338711420694985,0.0,-7.866,-2819.795,359.8
4.1543,-12.304854393005371,0.0,-7.171,-2837.461,359.8
4.1633,-12.244548797607422,0.0,-7.171,-2837.461,359.8
4.1684,-12.21067269643148,0.0,-7.171,-2837.461,359.8
4.1735,-12.176809310913086,0.0,-7.171,-2837.461,359.8
4.1786,-12.142955462137856,0.0,-7.171,-2837.461,359.8
4.1836,-12.109107971191406,0.0,-7.413,-2866.377,359.8
4.1914,-12.057565053304039,0.0,-7.413,-2866.377,359.8
4.1964,-12.023685773213707,0.0,-7.413,-2866.377,359.8
4.2015,-11.989828745524086,0.0,-8.611,-2894.59,359.8
4.2092,-11.938379605611168,0.0,-8.611,-2894.59,359.8
4.2143,-11.904489199320473,0.0,-8.611,-2894.59,359.8
4.2194,-11.870628992716469,0.0,-8.611,-2894.59,359.8
4.2245,-11.836708386739097,0.0,-9.167,-2927.109,359.8
4.2332,-11.778488159179688,0.0,-9.167,-2927.109,359.8
4.2383,-11.744608879089355,0.0,-9.167,-2927.109,359.8
4.2439,-11.70731862386068,0.0,-8.8,-2949.082,359.8
4.2532,-11.645123163859047,0.0,-8.8,-2949.082,359.8
4.2583,-11.611247062683105,0.0,-8.8,-2949.082,359.8
4.2634,-11.577383677164711,0.0,-8.8,-2949.082,359.8
4.2685,-11.543526649475098,0.0,-7.103,-2967.275,359.8
4.2772,-11.485462188720703,0.0,-7.103,-2967.275,359.8
4.2823,-11.451590855916344,0.0,-7.103,-2967.275,359.8
4.2873,-11.417741775512695,0.0,-5.831,-2980.459,359.8
4.2993,-11.337825457255043,0.0,-5.831,-2980.459,359.8
4.3044,-11.303952534993492,0.0,-5.831,-2980.459,359.8
4.3110,-11.260220209757485,0.0,-5.576,-2996.982,359.8
4.3182,-11.212309201558433,0.0,-5.576,-2996.982,359.8
4.3232,-11.178437868754067,0.0,-5.576,-2996.982,359.8
4.3283,-11.144588788350426,0.0,-5.576,-2996.982,359.8
4.3334,-11.110739707946777,0.0,-6.005,-3018.779,359.8
4.3421,-11.052419344584145,0.0,-6.005,-3018.779,359.8
4.3472,-11.018549601236977,0.0,-6.005,-3018.779,359.8
4.3528,-10.981248219807945,0.0,-6.005,-3018.779,359.8
4.3579,-10.947386423746742,0.0,-5.793,-3034.951,359.8
4.3639,-10.907174746195473,0.0,-5.793,-3034.951,359.8
4.3690,-10.873309771219887,0.0,-5.793,-3034.951,359.8
4.3741,-10.839457511901855,0.0,-5.21,-3047.344,359.8
4.3831,-10.77913761138916,0.0,-5.21,-3047.344,359.8
4.3882,-10.7452662785848,0.0,-5.21,-3047.344,359.8
4.3933,-10.711407661437988,0.0,-5.21,-3047.344,359.8
4.3984,-10.677553812662758,0.0,-5.21,-3047.344,359.8
4.4034,-10.643696784973145,0.0,-5.709,-3070.371,359.8
4.4118,-10.587817827860512,0.0,-5.709,-3070.371,359.8
4.4169,-10.553927421569824,0.0,-5.709,-3070.371,359.8
4.4220,-10.520071983337402,0.0,-6.094,-3088.652,359.8
4.4291,-10.47269344329834,0.0,-6.094,-3088.652,359.8
4.4342,-10.43882211049398,0.0,-6.094,-3088.652,359.8
4.4393,-10.404973030090332,0.0,-6.094,-3088.652,359.8
4.4443,-10.371127128601074,0.0,-7.064,-3115.195,359.8
4.4531,-10.312773386637367,0.0,-7.064,-3115.195,359.8
4.4582,-10.278900464375816,0.0,-7.064,-3115.195,359.8
4.4638,-10.241578420003258,0.0,-6.535,-3131.279,359.8
4.4731,-10.179492632548012,0.0,-6.535,-3131.279,359.8
4.4782,-10.14559268951416,0.0,-6.535,-3131.279,359.8
4.4832,-10.1117213567098,0.0,-6.535,-3131.279,359.8
4.4883,-10.07786750793457,0.0,-5.609,-3147.188,359.8
4.4971,-10.019540786743164,0.0,-5.609,-3147.188,359.8
4.5022,-9.98560905456543,0.0,-5.609,-3147.188,359.8
4.5091,-9.939508438110352,0.0,-5.609,-3147.188,359.8
4.5142,-9.905195236206055,0.0,-5.525,-3165.82,359.8
4.5222,-9.851961135864258,0.0,-5.525,-3165.82,359.8
4.5273,-9.818010330200195,0.0,-5.525,-3165.82,359.8
4.5324,-9.784137407938637,0.0,-5.426,-3180.762,359.8
4.5401,-9.732586542765297,0.0,-5.426,-3180.762,359.8
4.5453,-9.69822883605957,0.0,-5.426,-3180.762,359.8
4.5504,-9.664109547932945,0.0,-5.426,-3180.762,359.8
4.5555,-9.630028406778969,0.0,-5.875,-3202.031,359.8
4.5640,-9.573089281717934,0.0,-5.875,-3202.031,359.8
4.5722,-9.518499374389648,0.0,-5.875,-3202.031,359.8
4.5773,-9.484515190124512,0.0,-5.875,-3219.697,359.8
4.5850,-9.433368047078453,0.0,-5.875,-3219.697,359.8
4.5901,-9.39943790435791,0.0,-5.875,-3219.697,359.8
4.5952,-9.36554272969564,0.0,-5.875,-3219.697,359.8
4.6003,-9.331577618916832,0.0,-5.487,-3236.221,359.8
4.6090,-9.273463884989418,0.0,-5.487,-3236.221,359.8
4.6141,-9.23949877421061,0.0,-5.487,-3236.221,359.8
4.6192,-9.205587704976402,0.0,-5.487,-3236.221,359.8
4.6242,-9.17170524597168,0.0,-5.745,-3254.502,359.8
4.6323,-9.117914835611977,0.0,-5.745,-3254.502,359.8
4.6374,-9.084018071492515,0.0,-5.745,-3254.502,359.8
4.6425,-9.050138791402183,0.0,-5.352,-3268.652,359.8
4.6510,-8.993611335754395,0.0,-5.352,-3268.652,359.8
4.6561,-8.959641456604004,0.0,-5.352,-3268.652,359.8
4.6611,-8.92575740814209,0.0,-5.536,-3285.176,359.8
4.6710,-8.860330581665039,0.0,-5.536,-3285.176,359.8
4.6760,-8.826432228088379,0.0,-5.536,-3285.176,359.8
4.6816,-8.789032300313316,0.0,-5.536,-3285.176,359.8
4.6867,-8.755132357279457,0.0,-5.536,-3303.896,359.8
4.6949,-8.700435956319176,0.0,-5.536,-3303.896,359.8
4.7000,-8.666543960571289,0.0,-5.536,-3303.896,359.8
4.7066,-8.622821172078453,0.0,-5.223,-3316.904,359.8
4.7149,-8.567174275716148,0.0,-5.223,-3316.904,359.8
4.7200,-8.533283869425453,0.0,-5.223,-3316.904,359.8
4.7251,-8.499409357706703,0.0,-5.223,-3316.904,359.8
4.7302,-8.465526898701988,0.0,-5.223,-3316.904,359.8
4.7361,-8.426095644632973,0.0,-4.982,-3333.516,359.8
4.7421,-8.38582992553711,0.0,-4.982,-3333.516,359.8
4.7472,-8.351917266845703,0.0,-4.982,-3333.516,359.8
4.7523,-8.318037986755371,0.0,-4.634,-3345.469,359.8
4.7599,-8.267369270324707,0.0,-4.634,-3345.469,359.8
4.7650,-8.233474095662437,0.0,-4.634,-3345.469,359.8
4.7701,-8.199591636657715,0.0,-4.634,-3345.469,359.8
4.7751,-8.165709177652992,0.0,-4.358,-3359.355,359.8
4.7839,-8.107458750406899,0.0,-4.358,-3359.355,359.8
4.7895,-8.070157368977867,0.0,-4.358,-3359.355,359.8
4.7946,-8.036260604858398,0.0,-4.358,-3359.355,359.8
4.7996,-8.002381324768066,0.0,-4.757,-3377.109,359.8
4.8081,-7.946225802103676,0.0,-4.757,-3377.109,359.8
4.8146,-7.902372678120933,0.0,-4.757,-3377.109,359.8
4.8197,-7.868475914001465,0.0,-4.757,-3377.109,359.8
4.8248,-7.834609349568687,0.0,-4.599,-3391.26,359.8
4.8319,-7.787636121114097,0.0,-4.599,-3391.26,359.8
4.8369,-7.7537361780802385,0.0,-4.599,-3391.26,359.8
4.8425,-7.71641731262207,0.0,-4.026,-3400.313,359.8
4.8518,-7.654349009195961,0.0,-4.026,-3400.313,359.8
4.8569,-7.620469729105629,0.0,-4.026,-3400.313,359.8
4.8620,-7.586592038472496,0.0,-4.026,-3400.313,359.8
4.8671,-7.552696863810219,0.0,-3.49,-3411.387,359.8
4.8758,-7.494475046793617,0.0,-3.49,-3411.387,359.8
4.8809,-7.460590998331703,0.0,-3.49,-3411.387,359.8
4.8860,-7.426705360412598,0.0,-3.228,-3418.857,359.8
4.8979,-7.347164154052734,0.0,-3.228,-3418.857,359.8
4.9030,-7.313267389933266,0.0,-3.228,-3418.857,359.8
4.9096,-7.269644737243652,0.0,-3.462,-3430.811,359.8
4.9168,-7.221288681030273,0.0,-3.462,-3430.811,359.8
4.9219,-7.187390327453613,0.0,-3.462,-3430.811,359.8
4.9270,-7.153503100077309,0.0,-3.462,-3430.811,359.8
4.9321,-7.1196158727010115,0.0,-4.251,-3447.861,359.8
4.9408,-7.061392466227211,0.0,-4.251,-3447.861,359.8
4.9459,-7.027482986450195,0.0,-4.251,-3447.861,359.8
4.9515,-6.99011961619059,0.0,-4.251,-3447.861,359.8
4.9566,-6.956227620442711,0.0,-5.17,-3468.252,359.8
4.9648,-6.90148194630941,0.0,-5.17,-3468.252,359.8
4.9699,-6.867515246073403,0.0,-5.17,-3468.252,359.8
4.9750,-6.833489735921226,0.0,-5.17,-3468.252,359.8
4.9801,-6.799561182657875,0.0,-5.355,-3485.83,359.8
4.9888,-6.741553942362465,0.0,-5.355,-3485.83,359.8
4.9939,-6.707646052042641,0.0,-5.355,-3485.83,359.8
4.9990,-6.67362848917643,0.0,-5.091,-3500.156,359.8
5.0118,-6.588174502054848,0.0,-5.091,-3500.156,359.8
5.0184,-6.543954213460289,0.0,-5.091,-3500.156,359.8
5.0235,-6.509736378987633,0.0,-5.165,-3515.01,359.8
5.0298,-6.468291282653809,0.0,-5.165,-3515.01,359.8
5.0348,-6.434384981791176,0.0,-5.165,-3515.01,359.8
5.0399,-6.400500933329262,0.0,-5.069,-3529.248,359.8
5.0497,-6.335104306538902,0.0,-5.069,-3529.248,359.8
5.0548,-6.3011932373046875,0.0,-5.069,-3529.248,359.8
5.0604,-6.263823509216309,0.0,-5.069,-3529.248,359.8
5.0655,-6.229933102925621,0.0,-5.567,-3549.902,359.8
5.0737,-6.175147692362465,0.0,-5.567,-3549.902,359.8
5.0788,-6.14112059275309,0.0,-5.567,-3549.902,359.8
5.0840,-6.106945673624672,0.0,-5.461,-3564.053,359.8
5.0939,-6.040490468343101,0.0,-5.461,-3564.053,359.8
5.0990,-6.006565093994141,0.0,-5.461,-3564.053,359.8
5.1041,-5.972679456075035,0.0,-5.461,-3564.053,359.8
5.1107,-5.9283717473348005,0.0,-4.655,-3577.148,359.8
5.1197,-5.868687629699707,0.0,-4.655,-3577.148,359.8
5.1248,-5.8347908655802385,0.0,-4.655,-3577.148,359.8
5.1299,-5.8009068171183245,0.0,-4.655,-3577.148,359.8
5.1349,-5.767011642456055,0.0,-4.643,-3593.496,359.8
5.1417,-5.722262064615883,0.0,-4.643,-3593.496,359.8
5.1467,-5.6883462270100935,0.0,-4.643,-3593.496,359.8
5.1518,-5.654465357462563,0.0,-4.846,-3607.91,359.8
5.1616,-5.589046478271484,0.0,-4.846,-3607.91,359.8
5.1678,-5.548216501871742,0.0,-4.846,-3607.91,359.8
5.1729,-5.514321327209473,0.0,-5.15,-3624.258,359.8
5.1827,-5.448905626932778,0.0,-5.15,-3624.258,359.8
5.1878,-5.414996147155762,0.0,-5.15,-3624.258,359.8
5.1928,-5.381115277608238,0.0,-5.15,-3624.258,359.8
5.1979,-5.347239176432289,0.0,-4.433,-3635.508,359.8
5.2066,-5.289033253987633,0.0,-4.433,-3635.508,359.8
5.2132,-5.245326360066734,0.0,-4.433,-3635.508,359.8
5.2183,-5.211428006490074,0.0,-4.381,-3649.658,359.8
5.2266,-5.155773162841797,0.0,-4.381,-3649.658,359.8
5.2317,-5.121876398722328,0.0,-4.381,-3649.658,359.8
5.2368,-5.08800665537516,0.0,-4.381,-3649.658,359.8
5.2419,-5.054138501485191,0.0,-4.181,-3661.963,359.8
5.2506,-4.995865821838379,0.0,-4.181,-3661.963,359.8
5.2557,-4.961972236633301,0.0,-4.181,-3661.963,359.8
5.2608,-4.928096135457359,0.0,-3.524,-3669.697,359.8
5.2706,-4.862586657206215,0.0,-3.524,-3669.697,359.8
5.2762,-4.8251517613728865,0.0,-3.524,-3669.697,359.8
5.2813,-4.791251818339028,0.0,-3.524,-3669.697,359.8
5.2864,-4.757359822591148,0.0,-2.939,-3677.52,359.8
5.2946,-4.7025839487711565,0.0,-2.939,-3677.52,359.8
5.2997,-4.668663342793785,0.0,-2.939,-3677.52,359.8
5.3048,-4.634779294331871,0.0,-2.939,-3677.52,359.8
5.3115,-4.5897181828816755,0.0,-3.156,-3690.527,359.8
5.3178,-4.548172950744629,0.0,-3.156,-3690.527,359.8
5.3229,-4.514269828796387,0.0,-3.156,-3690.527,359.8
5.3287,-4.475598335266113,0.0,-3.475,-3701.689,359.8
5.3386,-4.409480094909668,0.0,-3.475,-3701.689,359.8
5.3437,-4.375575383504234,0.0,-3.475,-3701.689,359.8
5.3487,-4.341707229614258,0.0,-3.475,-3701.689,359.8
5.3538,-4.3078343073526995,0.0,-3.813,-3714.785,359.8
5.3626,-4.249601364135742,0.0,-3.813,-3714.785,359.8
5.3676,-4.21569506327311,0.0,-3.813,-3714.785,359.8
5.3727,-4.1818110148111955,0.0,-3.165,-3720.498,359.8
5.3817,-4.121758143107094,0.0,-3.165,-3720.498,359.8
5.3873,-4.084361394246422,0.0,-3.165,-3720.498,359.8
5.3924,-4.0504630406697615,0.0,-3.165,-3720.498,359.8
5.3975,-4.016526540120445,0.0,-3.297,-3730.869,359.8
5.4036,-3.976057370503746,0.0,-3.297,-3730.869,359.8
5.4101,-3.9324394861857073,0.0,-3.297,-3730.869,359.8
5.4152,-3.898541132609047,0.0,-3.297,-3730.869,359.8
5.4203,-3.864663441975914,0.0,-2.571,-3738.691,359.8
5.4275,-3.8164679209391252,0.0,-2.571,-3738.691,359.8
5.4326,-3.7825616200764998,0.0,-2.571,-3738.691,359.8
5.4386,-3.742788632710777,0.0,-2.571,-3738.691,359.8
5.4437,-3.7088918685913086,0.0,-6.402,-3774.375,359.8
5.4515,-3.6565891901651995,0.0,-6.402,-3774.375,359.8
5.4566,-3.6226987838745117,0.0,-6.402,-3774.375,359.8
5.4616,-3.589045206705727,0.0,-6.402,-3774.375,359.8
5.4667,-3.5551675160725935,0.0,-7.532,-3800.918,359.8
5.4755,-3.4965054194132463,0.0,-7.532,-3800.918,359.8
5.4806,-3.462618192036949,0.0,-7.532,-3800.918,359.8
5.4857,-3.4287500381469727,0.0,-7.532,-3800.918,359.8
5.4908,-3.3948723475138323,0.0,-5.772,-3810.762,359.8
5.4986,-3.342811266581215,0.0,-5.772,-3810.762,359.8
5.5037,-3.308912913004555,0.0,-5.772,-3810.762,359.8
5.5103,-3.2648913065592424,0.0,-5.311,-3824.912,359.8
5.5165,-3.2230329513549805,0.0,-5.311,-3824.912,359.8
5.5217,-3.188525835673012,0.0,-5.311,-3824.912,359.8
5.5268,-3.1544923782348633,0.0,-4.715,-3836.074,359.8
5.5365,-3.0900605519612654,0.0,-4.715,-3836.074,359.8
5.5416,-3.056157430013023,0.0,-4.715,-3836.074,359.8
5.5485,-3.009707132975258,0.0,-4.642,-3849.873,359.8
5.5566,-2.9556687672932966,0.0,-4.642,-3849.873,359.8
5.5617,-2.921757698059082,0.0,-4.642,-3849.873,359.8
5.5668,-2.887859344482422,0.0,-4.642,-3849.873,359.8
5.5719,-2.8539832433064802,0.0,-4.058,-3861.387,359.8
5.5806,-2.795780499776207,0.0,-4.058,-3861.387,359.8
5.5857,-2.7618026733398438,0.0,-4.058,-3861.387,359.8
5.5908,-2.727896372477211,0.0,-4.058,-3861.387,359.8
5.5959,-2.694021860758461,0.0,-3.767,-3872.461,359.8
5.6019,-2.6536925633748396,0.0,-3.767,-3872.461,359.8
5.6090,-2.606569925944008,0.0,-3.767,-3872.461,359.8
5.6141,-2.5726477305094377,0.0,-4.012,-3885.029,359.8
5.6234,-2.5105269749959334,0.0,-4.012,-3885.029,359.8
5.6285,-2.476630210876465,0.0,-4.012,-3885.029,359.8
5.6336,-2.4423789978027344,0.0,-4.012,-3885.029,359.8
5.6387,-2.408472696940102,0.0,-3.876,-3897.861,359.8
5.6466,-2.355834643046059,0.0,-3.876,-3897.861,359.8
5.6517,-2.3219219843546526,0.0,-3.876,-3897.861,359.8
5.6587,-2.2756004333496094,0.0,-3.876,-3897.861,359.8
5.6637,-2.2417004903157576,0.0,-4.182,-3912.627,359.8
5.6716,-2.189429601033531,0.0,-4.182,-3912.627,359.8
5.6767,-2.155539194742836,0.0,-4.182,-3912.627,359.8
5.6818,-2.121664683024086,0.0,-4.182,-3912.627,359.8
5.6868,-2.087780634562172,0.0,-3.704,-3923.35,359.8
5.6948,-2.034670511881508,0.0,-3.704,-3923.35,359.8
5.6999,-2.000767389933266,0.0,-3.704,-3923.35,359.8
5.7050,-1.9668944676717146,0.0,-3.704,-3923.35,359.8
5.7117,-1.9218079249064104,0.0,-3.876,-3937.676,359.8
5.7204,-1.8637609481811523,0.0,-3.876,-3937.676,359.8
5.7255,-1.8298610051473005,0.0,-3.876,-3937.676,359.8
5.7306,-1.7959912618001326,0.0,-3.52,-3945.41,359.8
5.7385,-1.7430528004964216,0.0,-3.52,-3945.41,359.8
5.7436,-1.7091544469197615,0.0,-3.52,-3945.41,359.8
5.7487,-1.675267219543457,0.0,-3.52,-3945.41,359.8
5.7538,-1.641387939453125,0.0,-3.724,-3959.736,359.8
5.7625,-1.5830977757771834,0.0,-3.724,-3959.736,359.8
5.7684,-1.5441338221232073,0.0,-3.724,-3959.736,359.8
5.7735,-1.5102386474609375,0.0,-4.836,-3977.051,359.8
5.7825,-1.4498488108317034,0.0,-4.836,-3977.051,359.8
5.7876,-1.4159377415974959,0.0,-4.836,-3977.051,359.8
5.7927,-1.3820489247639998,0.0,-4.836,-3977.051,359.8
5.7978,-1.3481569290161133,0.0,-4.918,-3993.398,359.8
5.8065,-1.289963722229004,0.0,-4.918,-3993.398,359.8
5.8131,-1.2463076909383162,0.0,-4.918,-3993.398,359.8
5.8204,-1.1976337432861328,0.0,-4.918,-3993.398,359.8
5.8254,-1.1637449264526367,0.0,-4.365,-4005.615,359.8
5.8315,-1.123272577921547,0.0,-4.365,-4005.615,359.8
5.8366,-1.089374224344887,0.0,-4.365,-4005.615,359.8
5.8416,-1.0557126998901367,0.0,-3.892,-4015.371,359.8
5.8507,-0.9954659144083635,0.0,-3.892,-4015.371,359.8
5.8558,-0.9615691502889021,0.0,-3.892,-4015.371,359.8
5.8608,-0.9276930491129534,0.0,-3.892,-4015.371,359.8
5.8659,-0.8938392003377302,0.0,-3.762,-4027.764,359.8
5.8747,-0.8355633417765276,0.0,-3.762,-4027.764,359.8
5.8803,-0.7982794443766252,0.0,-3.762,-4027.764,359.8
5.8853,-0.7643890380859375,0.0,-3.762,-4027.764,359.8
5.8904,-0.7304398218790666,0.0,-3.25,-4034.971,359.8
5.8965,-0.6900898615519182,0.0,-3.25,-4034.971,359.8
5.9016,-0.6562026341756209,0.0,-3.25,-4034.971,359.8
5.9083,-0.6110668182373047,0.0,-3.25,-4034.971,359.8
5.9134,-0.5771891276041643,0.0,-3.005,-4045.254,359.8
5.9195,-0.536646842956543,0.0,-3.005,-4045.254,359.8
5.9263,-0.49118518829345703,0.0,-3.005,-4045.254,359.8
5.9314,-0.4572916030883789,0.0,-3.005,-4045.254,359.8
5.9365,-0.4234170913696289,0.0,-3.655,-4059.756,359.8
5.9425,-0.38302262624105055,0.0,-3.655,-4059.756,359.8
5.9476,-0.3491274515787737,0.0,-3.655,-4059.756,359.8
5.9527,-0.3152640660603865,0.0,-3.655,-4059.756,359.8
5.9578,-0.2813975016276018,0.0,-3.56,-4068.545,359.8
5.9638,-0.2410777409871443,0.0,-3.56,-4068.545,359.8
5.9689,-0.2071094512939453,0.0,-3.56,-4068.545,359.8
5.9740,-0.1731220881144182,0.0,-3.56,-4068.545,359.8
5.9791,-0.1392078399658203,0.0,-3.309,-4077.949,359.8
5.9852,-0.09881655375162524,0.0,-3.309,-4077.949,359.8
5.9908,-0.061089197794593986,0.0,-3.309,-4077.949,359.8
5.9959,-0.027176539103187736,0.0,-2.855,-4084.102,359.8
