t_s,cmd_speed_cm_s,cmd_steer_deg,enc_speed_cm_s,enc_cmd_speed_cm_s,yaw_deg
0.0000,5.0,-8.344650268554688e-06,-0.003,-4085.684,359.8
0.0740,5.0,-0.3700673580169678,-0.003,-4085.684,359.8
0.0791,5.0,-0.39551258087158203,-0.003,-4085.684,359.8
0.0842,5.0,-0.4209315776824951,0.503,-4079.355,359.8
0.0932,5.0,-0.46576857566833496,0.503,-4079.355,359.8
0.0982,5.0,-0.491180419921875,0.503,-4079.355,359.8
0.1042,5.0,-0.520777702331543,0.503,-4079.355,359.8
0.1108,5.0,-0.5540275573730469,0.763,-4075.752,359.8
0.1172,5.0,-0.5859982967376709,0.763,-4075.752,359.8
0.1223,5.0,-0.6114184856414795,0.763,-4075.752,359.8
0.1274,5.0,-0.6368124485015869,0.763,-4075.752,359.8
0.1324,5.0,-0.6621968746185303,1.22,-4069.688,359.8
0.1393,5.0,-0.696495771408081,1.22,-4069.688,359.8
0.1447,5.0,-0.7236623764038086,1.22,-4069.688,359.8
0.1498,5.0,-0.7490813732147217,1.22,-4069.688,359.8
0.1549,5.0,-0.7745468616485596,2.019,-4061.074,359.8
0.1635,5.0,-0.8174943923950195,2.019,-4061.074,359.8
0.1686,5.0,-0.8429074287414551,2.019,-4061.074,359.8
0.1737,5.0,-0.8683013916015625,2.041,-4056.24,359.8
0.1805,5.0,-0.9024035930633545,2.041,-4056.24,359.8
0.1859,5.0,-0.9293055534362793,2.041,-4056.24,359.8
0.1909,5.0,-0.9547102451324463,2.041,-4056.24,359.8
0.1960,5.0,-0.9801042079925537,2.041,-4056.24,359.8
0.2011,5.0,-1.0055756568908691,1.507,-4052.725,359.8
0.2088,5.0,-1.0441005229949951,1.507,-4052.725,359.8
0.2145,5.0,-1.0724210739135742,1.507,-4052.725,359.8
0.2196,5.0,-1.097862720489502,1.84,-4045.693,359.8
0.2261,5.0,-1.130683422088623,1.84,-4045.693,359.8
0.2312,5.0,-1.1560940742492676,1.84,-4045.693,359.8
0.2363,5.0,-1.1814916133880615,1.84,-4045.693,359.8
0.2414,5.0,-1.206953525543213,2.886,-4032.246,359.8
0.2484,5.0,-1.2419772148132324,2.886,-4032.246,359.8
0.2538,5.0,-1.268998384475708,2.886,-4032.246,359.8
0.2589,5.0,-1.2944376468658447,2.886,-4032.246,359.8
0.2640,5.0,-1.319955587387085,3.213,-4023.281,359.8
0.2732,5.0,-1.3660717010498047,3.213,-4023.281,359.8
0.2783,5.0,-1.3915014266967773,3.213,-4023.281,359.8
0.2834,5.0,-1.4169132709503174,2.723,-4017.217,359.8
0.2892,5.0,-1.4461135864257812,2.723,-4017.217,359.8
0.2946,5.0,-1.4730167388916016,2.723,-4017.217,359.8
0.2997,5.0,-1.4984452724456787,2.723,-4017.217,359.8
0.3048,5.0,-1.5238392353057861,2.694,-4007.549,359.8
0.3132,5.0,-1.5660536289215088,2.694,-4007.549,359.8
0.3186,5.0,-1.5929591655731201,2.694,-4007.549,359.8
0.3242,5.0,-1.6210532188415527,2.694,-4007.549,359.8
0.3293,5.0,-1.6464579105377197,3.054,-3997.09,359.8
0.3391,5.0,-1.695331335067749,3.054,-3997.09,359.8
0.3442,5.0,-1.7207622528076172,3.054,-3997.09,359.8
0.3492,5.0,-1.7461574077606201,2.282,-3993.398,359.8
0.3572,5.0,-1.7860150337219238,2.282,-3993.398,359.8
0.3627,5.0,-1.8132531642913818,2.282,-3993.398,359.8
0.3677,5.0,-1.8386876583099365,2.282,-3993.398,359.8
0.3728,5.0,-1.8641114234924316,1.919,-3988.389,359.8
0.3832,5.0,-1.9157731533050537,1.919,-3988.389,359.8
0.3882,5.0,-1.9411873817443848,1.919,-3988.389,359.8
0.3933,5.0,-1.9665956497192383,1.736,-3984.346,359.8
0.4010,5.0,-2.0052099227905273,1.736,-3984.346,359.8
0.4076,5.0,-2.0380330085754395,1.736,-3984.346,359.8
0.4127,5.0,-2.063462734222412,1.736,-3984.346,359.8
0.4178,5.0,-2.088865041732788,1.916,-3976.875,359.8
0.4235,5.0,-2.1174979209899902,1.916,-3976.875,359.8
0.4289,5.0,-2.1443557739257812,1.916,-3976.875,359.8
0.4345,5.0,-2.172365188598633,1.916,-3976.875,359.8
0.4396,5.0,-2.197777032852173,1.785,-3971.865,359.8
0.4492,5.0,-2.246040105819702,1.785,-3971.865,359.8
0.4543,5.0,-2.2714614868164062,1.785,-3971.865,359.8
0.4594,5.0,-2.2968828678131104,1.785,-3971.865,359.8
0.4645,5.0,-2.3222696781158447,1.482,-3968.174,359.8
0.4732,5.0,-2.366001605987549,1.482,-3968.174,359.8
0.4783,5.0,-2.3914146423339844,1.482,-3968.174,359.8
0.4834,5.0,-2.4168145656585693,1.391,-3963.691,359.8
0.4942,5.0,-2.4712109565734863,1.391,-3963.691,359.8
0.4993,5.0,-2.496635913848877,1.391,-3963.691,359.8
0.5044,5.0,-2.5220656394958496,1.391,-3963.691,359.8
0.5111,5.0,-2.5552892684936523,2.126,-3953.76,359.8
0.5171,5.0,-2.5856447219848633,2.126,-3953.76,359.8
0.5223,5.0,-2.6115071773529053,2.126,-3953.76,359.8
0.5274,5.0,-2.637120485305786,3.217,-3940.664,359.8
0.5351,5.0,-2.6755309104919434,3.217,-3940.664,359.8
0.5423,5.0,-2.7114665508270264,3.217,-3940.664,359.8
0.5474,5.0,-2.737168073654175,3.217,-3940.664,359.8
0.5526,5.0,-2.762819528579712,4.032,-3925.02,359.8
0.5612,5.0,-2.805793285369873,4.032,-3925.02,359.8
0.5662,5.0,-2.8312110900878906,4.032,-3925.02,359.8
0.5713,5.0,-2.8566277027130127,4.032,-3925.02,359.8
0.5764,5.0,-2.8820431232452393,4.601,-3907.705,359.8
0.5849,5.0,-2.924717664718628,4.601,-3907.705,359.8
0.5902,5.0,-2.951192855834961,4.601,-3907.705,359.8
0.5954,5.0,-2.9769694805145264,4.512,-3896.104,359.8
0.6049,5.0,-3.0247485637664795,4.512,-3896.104,359.8
0.6115,5.0,-3.057739734649658,4.512,-3896.104,359.8
0.6166,5.0,-3.0831682682037354,4.512,-3896.104,359.8
0.6217,5.0,-3.108564615249634,4.094,-3883.711,359.8
0.6289,5.0,-3.144611120223999,4.094,-3883.711,359.8
0.6340,5.0,-3.1700265407562256,4.094,-3883.711,359.8
0.6391,5.0,-3.1954240798950195,3.487,-3876.24,359.8
0.6519,5.0,-3.259296417236328,3.487,-3876.24,359.8
0.6569,5.0,-3.2847070693969727,3.487,-3876.24,359.8
0.6620,5.0,-3.310091495513916,3.487,-3876.24,359.8
0.6671,5.0,-3.335510492324829,3.429,-3863.848,359.8
0.6731,5.0,-3.3656251430511475,3.429,-3863.848,359.8
0.6782,5.0,-3.391042947769165,3.429,-3863.848,359.8
0.6833,5.0,-3.416435718536377,3.429,-3863.848,359.8
0.6884,5.0,-3.441823720932007,4.026,-3848.379,359.8
0.6971,5.0,-3.4854602813720703,4.026,-3848.379,359.8
0.7041,5.0,-3.520282506942749,4.026,-3848.379,359.8
0.7106,5.0,-3.5532307624816895,4.254,-3835.723,359.8
0.7171,5.0,-3.5853588581085205,4.254,-3835.723,359.8
0.7222,5.0,-3.6111044883728027,4.254,-3835.723,359.8
0.7274,5.0,-3.6368775367736816,4.254,-3835.723,359.8
0.7325,5.0,-3.6623787879943848,4.524,-3820.254,359.8
0.7409,5.0,-3.7043845653533936,4.524,-3820.254,359.8
0.7460,5.0,-3.7298166751861572,4.524,-3820.254,359.8
0.7510,5.0,-3.7552380561828613,4.524,-3820.254,359.8
0.7561,5.0,-3.780696392059326,3.942,-3810.586,359.8
0.7638,5.0,-3.819122314453125,3.942,-3810.586,359.8
0.7689,5.0,-3.844550848007202,3.942,-3810.586,359.8
0.7740,5.0,-3.8699793815612793,3.942,-3810.586,359.8
0.7791,5.0,-3.8954150676727295,2.846,-3805.225,359.8
0.7862,5.0,-3.931039571762085,2.846,-3805.225,359.8
0.7913,5.0,-3.95652174949646,2.846,-3805.225,359.8
0.7964,5.0,-3.9819419384002686,2.846,-3805.225,359.8
0.8015,5.0,-4.007335901260376,2.329,-3797.314,359.8
0.8120,5.0,-4.059760570526123,2.329,-3797.314,359.8
0.8170,5.0,-4.0852367877960205,2.329,-3797.314,359.8
0.8221,5.0,-4.110736846923828,2.208,-3792.568,359.8
0.8298,5.0,-4.149097204208374,2.208,-3792.568,359.8
0.8349,5.0,-4.174549579620361,2.208,-3792.568,359.8
0.8400,5.0,-4.199948310852051,2.208,-3792.568,359.8
0.8451,5.0,-4.225342273712158,2.13,-3784.746,359.8
0.8538,5.0,-4.268984794616699,2.13,-3784.746,359.8
0.8589,5.0,-4.294397830963135,2.13,-3784.746,359.8
0.8640,5.0,-4.319865703582764,2.13,-3784.746,359.8
0.8696,5.0,-4.347853660583496,3.049,-3771.826,359.8
0.8768,5.0,-4.383945465087891,3.049,-3771.826,359.8
0.8819,5.0,-4.409357309341431,3.049,-3771.826,359.8
0.8869,5.0,-4.434746503829956,3.049,-3771.826,359.8
0.8920,5.0,-4.460132122039795,2.519,-3766.729,359.8
0.9008,5.0,-4.504069089889526,2.519,-3766.729,359.8
0.9074,5.0,-4.53679084777832,2.519,-3766.729,359.8
0.9124,5.0,-4.562197923660278,2.783,-3755.303,359.8
0.9247,5.0,-4.623675346374512,2.783,-3755.303,359.8
0.9298,5.0,-4.649088382720947,2.783,-3755.303,359.8
0.9349,5.0,-4.67455267906189,3.708,-3741.943,359.8
0.9427,5.0,-4.713642597198486,3.708,-3741.943,359.8
0.9478,5.0,-4.739049673080444,3.708,-3741.943,359.8
0.9529,5.0,-4.764436483383179,2.576,-3741.064,359.8
0.9627,5.0,-4.813675880432129,2.576,-3741.064,359.8
0.9678,5.0,-4.839174747467041,2.576,-3741.064,359.8
0.9730,5.0,-4.864795207977295,2.576,-3741.064,359.8
0.9789,5.0,-4.894465208053589,1.769,-3737.549,359.8
0.9850,5.0,-4.92509126663208,1.769,-3737.549,359.8
0.9901,5.0,-4.950551986694336,1.769,-3737.549,359.8
0.9952,5.0,-4.9759650230407715,1.769,-3737.549,359.8
1.0003,5.0,-5.001358985900879,1.015,-3736.494,359.8
1.0089,5.0,-5.044687986373901,1.015,-3736.494,359.8
1.0141,5.0,-5.070490837097168,1.015,-3736.494,359.8
1.0193,5.0,-5.096484422683716,1.015,-3736.494,359.8
1.0245,5.0,-5.122268199920654,2.094,-3722.695,359.8
1.0329,5.0,-5.1645588874816895,2.094,-3722.695,359.8
1.0385,5.0,-5.192633867263794,2.094,-3722.695,359.8
1.0436,5.0,-5.218069553375244,2.094,-3722.695,359.8
1.0487,5.0,-5.243483781814575,4.852,-3700.986,359.8
1.0547,5.0,-5.273432731628418,4.852,-3700.986,359.8
1.0598,5.0,-5.298932790756226,4.852,-3700.986,359.8
1.0649,5.0,-5.32454252243042,4.852,-3700.986,359.8
1.0700,5.0,-5.350089073181152,5.269,-3683.584,359.8
1.0777,5.0,-5.388361215591431,5.269,-3683.584,359.8
1.0828,5.0,-5.413798093795776,5.269,-3683.584,359.8
1.0887,5.0,-5.443365573883057,5.269,-3683.584,359.8
1.0938,5.0,-5.468869209289551,3.171,-3682.529,359.8
1.0998,5.0,-5.499160289764404,3.171,-3682.529,359.8
1.1049,5.0,-5.524610280990601,3.171,-3682.529,359.8
1.1117,5.0,-5.558558702468872,2.808,-3673.477,359.8
1.1187,5.0,-5.593361854553223,2.808,-3673.477,359.8
1.1238,5.0,-5.618997812271118,2.808,-3673.477,359.8
1.1289,5.0,-5.644487142562866,2.808,-3673.477,359.8
1.1340,5.0,-5.669915676116943,3.84,-3657.041,359.8
1.1450,5.0,-5.724805593490601,3.84,-3657.041,359.8
1.1500,5.0,-5.750231742858887,3.84,-3657.041,359.8
1.1551,5.0,-5.775749683380127,3.739,-3647.813,359.8
1.1636,5.0,-5.818091630935669,3.739,-3647.813,359.8
1.1687,5.0,-5.84352970123291,3.739,-3647.813,359.8
1.1738,5.0,-5.868933200836182,3.739,-3647.813,359.8
1.1789,5.0,-5.894335508346558,3.66,-3635.596,359.8
1.1876,5.0,-5.938088893890381,3.66,-3635.596,359.8
1.1927,5.0,-5.963507890701294,3.66,-3635.596,359.8
1.1983,5.0,-5.991491079330444,3.66,-3635.596,359.8
1.2034,5.0,-6.016913652420044,3.294,-3627.158,359.8
1.2111,5.0,-6.055271625518799,3.294,-3627.158,359.8
1.2161,5.0,-6.080712080001831,3.294,-3627.158,359.8
1.2212,5.0,-6.106134653091431,3.294,-3627.158,359.8
1.2263,5.0,-6.131535768508911,2.639,-3620.654,359.8
1.2326,5.0,-6.162910461425781,2.639,-3620.654,359.8
1.2377,5.0,-6.188329458236694,2.639,-3620.654,359.8
1.2427,5.0,-6.213726997375488,2.639,-3620.654,359.8
1.2478,5.0,-6.239132881164551,2.957,-3608.701,359.8
1.2566,5.0,-6.282961368560791,2.957,-3608.701,359.8
1.2617,5.0,-6.308376789093018,2.957,-3608.701,359.8
1.2668,5.0,-6.333781480789185,2.957,-3608.701,359.8
1.2718,5.0,-6.359189748764038,3.54,-3595.166,359.8
1.2806,5.0,-6.402801275253296,3.54,-3595.166,359.8
1.2856,5.0,-6.428227424621582,3.54,-3595.166,359.8
1.2907,5.0,-6.4536285400390625,3.54,-3595.166,359.8
1.2958,5.0,-6.479032039642334,3.889,-3580.752,359.8
1.3068,5.0,-6.534215211868286,3.889,-3580.752,359.8
1.3134,5.0,-6.56705379486084,3.889,-3580.752,359.8
1.3185,5.0,-6.592468023300171,4.43,-3566.338,359.8
1.3245,5.0,-6.622740030288696,4.43,-3566.338,359.8
1.3296,5.0,-6.648162603378296,4.43,-3566.338,359.8
1.3347,5.0,-6.673572063446045,4.43,-3566.338,359.8
1.3398,5.0,-6.6989850997924805,3.823,-3556.406,359.8
1.3487,5.0,-6.743264198303223,3.823,-3556.406,359.8
1.3538,5.0,-6.768773794174194,3.823,-3556.406,359.8
1.3592,5.0,-6.79600715637207,3.656,-3546.035,359.8
1.3685,5.0,-6.84264063835144,3.656,-3546.035,359.8
1.3736,5.0,-6.868116855621338,3.656,-3546.035,359.8
1.3787,5.0,-6.893730163574219,3.656,-3546.035,359.8
1.3839,5.0,-6.919423341751099,3.099,-3538.037,359.8
1.3925,5.0,-6.962345838546753,3.099,-3538.037,359.8
1.3975,5.0,-6.987738609313965,3.099,-3538.037,359.8
1.4026,5.0,-7.0130980014801025,3.099,-3538.037,359.8
1.4095,5.0,-7.047563791275024,2.221,-3533.203,359.8
1.4164,5.0,-7.082191705703735,2.221,-3533.203,359.8
1.4215,5.0,-7.10756778717041,2.221,-3533.203,359.8
1.4266,5.0,-7.1329498291015625,2.207,-3526.348,359.8
1.4365,5.0,-7.182294130325317,2.207,-3526.348,359.8
1.4415,5.0,-7.207701206207275,2.207,-3526.348,359.8
1.4466,5.0,-7.233158349990845,2.207,-3526.348,359.8
1.4517,5.0,-7.258641719818115,2.694,-3515.625,359.8
1.4604,5.0,-7.302181720733643,2.694,-3515.625,359.8
1.4666,5.0,-7.332851886749268,2.694,-3515.625,359.8
1.4717,5.0,-7.3583972454071045,2.776,-3508.594,359.8
1.4805,5.0,-7.402437925338745,2.776,-3508.594,359.8
1.4856,5.0,-7.427958250045776,2.776,-3508.594,359.8
1.4907,5.0,-7.4534595012664795,2.776,-3508.594,359.8
1.4958,5.0,-7.478905916213989,2.244,-3502.441,359.8
1.5045,5.0,-7.522474527359009,2.244,-3502.441,359.8
1.5112,5.0,-7.5557637214660645,2.244,-3502.441,359.8
1.5163,5.0,-7.581470012664795,2.244,-3502.441,359.8
1.5221,5.0,-7.610541582107544,2.742,-3490.928,359.8
1.5285,5.0,-7.642606496810913,2.742,-3490.928,359.8
1.5336,5.0,-7.668135166168213,2.742,-3490.928,359.8
1.5387,5.0,-7.6936280727386475,3.221,-3480.205,359.8
1.5487,5.0,-7.743258476257324,3.221,-3480.205,359.8
1.5538,5.0,-7.768760919570923,3.221,-3480.205,359.8
1.5589,5.0,-7.794257402420044,3.221,-3480.205,359.8
1.5639,5.0,-7.819719314575195,2.458,-3475.459,359.8
1.5726,5.0,-7.862887382507324,2.458,-3475.459,359.8
1.5782,5.0,-7.891010046005249,2.458,-3475.459,359.8
1.5833,5.0,-7.916498184204102,2.458,-3475.459,359.8
1.5884,5.0,-7.942014932632446,2.185,-3469.395,359.8
1.5945,5.0,-7.9724860191345215,2.185,-3469.395,359.8
1.5996,5.0,-7.9979681968688965,2.185,-3469.395,359.8
1.6047,5.0,-8.023395538330078,2.185,-3463.066,359.8
1.6135,5.0,-8.067642450332642,2.185,-3463.066,359.8
1.6186,5.0,-8.093087673187256,2.185,-3463.066,359.8
1.6237,5.0,-8.118505477905273,2.185,-3463.066,359.8
1.6293,5.0,-8.146538734436035,2.005,-3457.178,359.8
1.6375,5.0,-8.187681436538696,2.005,-3457.178,359.8
1.6426,5.0,-8.21311354637146,2.005,-3457.178,359.8
1.6477,5.0,-8.238530158996582,2.005,-3457.178,359.8
1.6528,5.0,-8.263967037200928,1.703,-3452.256,359.8
1.6616,5.0,-8.308205604553223,1.703,-3452.256,359.8
1.6668,5.0,-8.333840370178223,1.703,-3452.256,359.8
1.6719,5.0,-8.359326124191284,1.703,-3452.256,359.8
1.6770,5.0,-8.384848833084106,1.302,-3448.916,359.8
1.6877,5.0,-8.438389301300049,1.302,-3448.916,359.8
1.6928,5.0,-8.463850021362305,1.302,-3448.916,359.8
1.6979,5.0,-8.489274978637695,1.757,-3441.445,359.8
1.7058,5.0,-8.528972864151001,1.757,-3441.445,359.8
1.7129,5.0,-8.564537763595581,1.757,-3441.445,359.8
1.7180,5.0,-8.590048551559448,2.332,-3432.656,359.8
1.7258,5.0,-8.629189729690552,2.332,-3432.656,359.8
1.7309,5.0,-8.654640913009644,2.332,-3432.656,359.8
1.7379,5.0,-8.689594268798828,2.332,-3432.656,359.8
1.7430,5.0,-8.715028762817383,2.768,-3423.34,359.8
1.7490,5.0,-8.744966983795166,2.768,-3423.34,359.8
1.7541,5.0,-8.770395517349243,2.768,-3423.34,359.8
1.7592,5.0,-8.795808553695679,2.376,-3417.803,359.8
1.7686,5.0,-8.843027353286743,2.376,-3417.803,359.8
1.7738,5.0,-8.86893630027771,2.376,-3417.803,359.8
1.7790,5.0,-8.895200490951538,2.376,-3417.803,359.8
1.7843,5.0,-8.921458721160889,2.376,-3417.803,359.8
1.7895,5.0,-8.94770860671997,3.84,-3398.203,359.8
1.7976,5.0,-8.987876176834106,3.84,-3398.203,359.8
1.8028,5.0,-9.014164209365845,3.84,-3398.203,359.8
1.8096,5.0,-9.04815673828125,3.777,-3389.766,359.8
1.8161,5.0,-9.080357551574707,3.777,-3389.766,359.8
1.8213,5.0,-9.10664439201355,3.777,-3389.766,359.8
1.8266,5.0,-9.132914543151855,3.777,-3389.766,359.8
1.8319,5.0,-9.159337282180786,3.846,-3375.703,359.8
1.8409,5.0,-9.2044198513031,3.846,-3375.703,359.8
1.8461,5.0,-9.230711460113525,3.846,-3375.703,359.8
1.8519,5.0,-9.25968050956726,3.846,-3375.703,359.8
1.8572,5.0,-9.28596019744873,3.621,-3367.002,359.8
1.8634,5.0,-9.316903352737427,3.621,-3367.002,359.8
1.8685,5.0,-9.342682361602783,3.621,-3367.002,359.8
1.8738,5.0,-9.368839263916016,3.621,-3367.002,359.8
1.8790,5.0,-9.395052194595337,2.368,-3362.959,359.8
1.8872,5.0,-9.436180591583252,2.368,-3362.959,359.8
1.8925,5.0,-9.462506771087646,2.368,-3362.959,359.8
1.8978,5.0,-9.488776922225952,2.285,-3355.664,359.8
1.9072,5.0,-9.535976648330688,2.285,-3355.664,359.8
1.9143,5.0,-9.57152009010315,2.285,-3355.664,359.8
1.9196,5.0,-9.597811698913574,2.783,-3345.381,359.8
1.9300,5.0,-9.649897813796997,2.783,-3345.381,359.8
1.9352,5.0,-9.676178693771362,2.783,-3345.381,359.8
1.9405,5.0,-9.702439308166504,2.783,-3345.381,359.8
1.9457,5.0,-9.728699922561646,3.493,-3331.758,359.8
1.9546,5.0,-9.772917032241821,3.493,-3331.758,359.8
1.9609,5.0,-9.804418087005615,3.493,-3331.758,359.8
1.9661,5.0,-9.83069896697998,4.052,-3317.52,359.8
1.9763,5.0,-9.881582260131836,4.052,-3317.52,359.8
1.9816,5.0,-9.907881021499634,4.052,-3317.52,359.8
1.9868,5.0,-9.934148788452148,4.052,-3317.52,359.8
1.9921,5.0,-9.96040940284729,4.238,-3303.633,359.8
2.0011,5.0,-10.005520582199097,4.238,-3303.633,359.8
2.0080,5.0,-10.039962530136108,4.238,-3303.633,359.8
2.0147,5.0,-10.073553323745728,4.238,-3303.633,359.8
2.0200,5.0,-10.100047588348389,3.626,-3293.525,359.8
2.0263,5.0,-10.131475925445557,3.626,-3293.525,359.8
2.0314,5.0,-10.156999826431274,3.626,-3293.525,359.8
2.0367,5.0,-10.183308124542236,3.626,-3293.525,359.8
2.0419,5.0,-10.209590196609497,3.551,-3281.836,359.8
2.0509,5.0,-10.254685878753662,3.551,-3281.836,359.8
2.0562,5.0,-10.280976295471191,3.551,-3281.836,359.8
2.0614,5.0,-10.306789875030518,2.893,-3276.211,359.8
2.0736,5.0,-10.368010997772217,2.893,-3276.211,359.8
2.0789,5.0,-10.394349098205566,2.893,-3276.211,359.8
2.0842,5.0,-10.420832633972168,2.893,-3276.211,359.8
2.0894,5.0,-10.44710636138916,2.467,-3268.74,359.8
2.0962,5.0,-10.481146574020386,2.467,-3268.74,359.8
2.1015,5.0,-10.507433414459229,2.467,-3268.74,359.8
2.1083,5.0,-10.541596412658691,2.896,-3258.193,359.8
2.1169,5.0,-10.584661960601807,2.896,-3258.193,359.8
2.1222,5.0,-10.610967874526978,2.896,-3258.193,359.8
2.1280,5.0,-10.639965534210205,2.896,-3258.193,359.8
2.1333,5.0,-10.66630482673645,3.486,-3246.416,359.8
2.1394,5.0,-10.69724440574646,3.486,-3246.416,359.8
2.1447,5.0,-10.723521709442139,3.486,-3246.416,359.8
2.1500,5.0,-10.749783515930176,3.486,-3246.416,359.8
2.1552,5.0,-10.776031017303467,3.709,-3233.32,359.8
2.1634,5.0,-10.816923379898071,3.709,-3233.32,359.8
2.1686,5.0,-10.843193531036377,3.709,-3233.32,359.8
2.1739,5.0,-10.869450569152832,3.709,-3233.32,359.8
2.1813,5.0,-10.906270742416382,4.483,-3215.479,359.8
2.1884,5.0,-10.941964387893677,4.483,-3215.479,359.8
2.1936,5.0,-10.9682297706604,4.483,-3215.479,359.8
2.1989,5.0,-10.994511842727661,4.483,-3215.479,359.8
2.2041,5.0,-11.020724773406982,3.799,-3206.074,359.8
2.2130,5.0,-11.065187454223633,3.799,-3206.074,359.8
2.2183,5.0,-11.09150767326355,3.799,-3206.074,359.8
2.2236,5.0,-11.117779016494751,3.799,-3206.074,359.8
2.2288,5.0,-11.14403247833252,3.442,-3195.088,359.8
2.2409,5.0,-11.204544305801392,3.442,-3195.088,359.8
2.2462,5.0,-11.23083233833313,3.442,-3195.088,359.8
2.2514,5.0,-11.257096529006958,2.788,-3189.551,359.8
2.2597,5.0,-11.298638582229614,2.788,-3189.551,359.8
2.2650,5.0,-11.324914693832397,2.788,-3189.551,359.8
2.2702,5.0,-11.351172924041748,2.788,-3189.551,359.8
2.2755,5.0,-11.377424001693726,2.033,-3184.893,359.8
2.2845,5.0,-11.422699689865112,2.033,-3184.893,359.8
2.2898,5.0,-11.448973417282104,2.033,-3184.893,359.8
2.2956,5.0,-11.477899551391602,2.033,-3184.893,359.8
2.3008,5.0,-11.50417447090149,2.211,-3177.158,359.8
2.3088,5.0,-11.54415488243103,2.211,-3177.158,359.8
2.3141,5.0,-11.570448875427246,2.211,-3177.158,359.8
2.3194,5.0,-11.596823930740356,2.211,-3177.158,359.8
2.3246,5.0,-11.622812747955322,2.924,-3164.502,359.8
2.3308,5.0,-11.65400505065918,2.924,-3164.502,359.8
2.3359,5.0,-11.679691076278687,2.924,-3164.502,359.8
2.3412,5.0,-11.706211566925049,2.924,-3164.502,359.8
2.3465,5.0,-11.732571125030518,3.07,-3155.449,359.8
2.3558,5.0,-11.778795719146729,3.07,-3155.449,359.8
2.3609,5.0,-11.804624795913696,3.07,-3155.449,359.8
2.3662,5.0,-11.831133365631104,2.997,-3147.539,359.8
2.3743,5.0,-11.871373653411865,2.997,-3147.539,359.8
2.3795,5.0,-11.89766526222229,2.997,-3147.539,359.8
2.3848,5.0,-11.923956871032715,2.997,-3147.539,359.8
2.3901,5.0,-11.950337886810303,3.258,-3134.971,359.8
2.3990,5.0,-11.995222568511963,3.258,-3134.971,359.8
2.4042,5.0,-12.020864486694336,3.258,-3134.971,359.8
2.4114,5.0,-12.056845426559448,3.081,-3127.324,359.8
2.4206,5.0,-12.103239297866821,3.081,-3127.324,359.8
2.4258,5.0,-12.129141092300415,3.081,-3127.324,359.8
2.4311,5.0,-12.15530276298523,2.642,-3121.26,359.8
2.4415,5.0,-12.20729947090149,2.642,-3121.26,359.8
2.4467,5.0,-12.233322858810425,2.642,-3121.26,359.8
2.4519,5.0,-12.259559631347656,2.642,-3121.26,359.8
2.4572,5.0,-12.285830974578857,2.132,-3115.371,359.8
2.4693,5.0,-12.346705198287964,2.132,-3115.371,359.8
2.4746,5.0,-12.373088598251343,2.132,-3115.371,359.8
2.4799,5.0,-12.399412393569946,1.894,-3110.625,359.8
2.4880,5.0,-12.439789772033691,1.894,-3110.625,359.8
2.4932,5.0,-12.466073036193848,1.894,-3110.625,359.8
2.4985,5.0,-12.492345571517944,1.411,-3108.604,359.8
2.5087,5.0,-12.543262243270874,1.411,-3108.604,359.8
2.5155,5.0,-12.577674388885498,1.411,-3108.604,359.8
2.5213,5.0,-12.606643438339233,1.334,-3105.0,359.8
2.5304,5.0,-12.651968002319336,1.334,-3105.0,359.8
2.5356,5.0,-12.677856683731079,1.334,-3105.0,359.8
2.5408,5.0,-12.703883647918701,1.334,-3105.0,359.8
2.5461,5.0,-12.730393409729004,1.136,-3101.924,359.8
2.5552,5.0,-12.775793075561523,1.136,-3101.924,359.8
2.5604,5.0,-12.802088260650635,1.136,-3101.924,359.8
2.5657,5.0,-12.828369140625,1.136,-3101.924,359.8
2.5710,5.0,-12.854878902435303,1.294,-3096.914,359.8
2.5791,5.0,-12.895336151123047,1.294,-3096.914,359.8
2.5842,5.0,-12.921009063720703,1.294,-3096.914,359.8
2.5895,5.0,-12.947428226470947,1.454,-3093.311,359.8
2.5976,5.0,-12.987852096557617,1.454,-3093.311,359.8
2.6028,5.0,-13.014163970947266,1.454,-3093.311,359.8
2.6096,5.0,-13.047921657562256,1.454,-3093.311,359.8
2.6148,5.0,-13.074183464050293,1.466,-3087.334,359.8
2.6223,5.0,-13.111369609832764,1.466,-3087.334,359.8
2.6274,5.0,-13.136873245239258,1.466,-3087.334,359.8
2.6332,5.0,-13.165875673294067,1.466,-3087.334,359.8
2.6384,5.0,-13.19216251373291,2.32,-3077.666,359.8
2.6447,5.0,-13.223278522491455,2.32,-3077.666,359.8
2.6499,5.0,-13.24955940246582,2.32,-3077.666,359.8
2.6552,5.0,-13.275820016860962,1.744,-3076.084,359.8
2.6647,5.0,-13.323678970336914,1.744,-3076.084,359.8
2.6700,5.0,-13.349958658218384,1.744,-3076.084,359.8
2.6752,5.0,-13.37621808052063,1.744,-3076.084,359.8
2.6805,5.0,-13.402470350265503,1.966,-3066.855,359.8
2.6918,5.0,-13.45910906791687,1.966,-3066.855,359.8
2.6971,5.0,-13.48547101020813,1.966,-3066.855,359.8
2.7024,5.0,-13.511768579483032,3.805,-3048.486,359.8
2.7144,5.0,-13.571858406066895,3.805,-3048.486,359.8
2.7196,5.0,-13.59823226928711,3.805,-3048.486,359.8
2.7249,5.0,-13.624510765075684,2.851,-3046.289,359.8
2.7349,5.0,-13.674675226211548,2.851,-3046.289,359.8
2.7401,5.0,-13.700451850891113,2.851,-3046.289,359.8
2.7459,5.0,-13.729265928268433,2.851,-3046.289,359.8
2.7511,5.0,-13.755388259887695,2.151,-3041.279,359.8
2.7573,5.0,-13.786416053771973,2.151,-3041.279,359.8
2.7625,5.0,-13.812696933746338,2.151,-3041.279,359.8
2.7678,5.0,-13.83894681930542,2.151,-3041.279,359.8
2.7730,5.0,-13.86509656906128,2.995,-3027.217,359.8
2.7817,5.0,-13.908377885818481,2.995,-3027.217,359.8
2.7869,5.0,-13.934570550918579,2.995,-3027.217,359.8
2.7921,5.0,-13.960731029510498,3.455,-3017.461,359.8
2.8042,5.0,-14.020755290985107,3.455,-3017.461,359.8
2.8109,5.0,-14.054384231567383,3.455,-3017.461,359.8
2.8161,5.0,-14.080288410186768,3.455,-3017.461,359.8
2.8212,5.0,-14.106100797653198,2.384,-3012.451,359.8
2.8274,5.0,-14.137048721313477,2.384,-3012.451,359.8
2.8327,5.0,-14.163254499435425,2.384,-3012.451,359.8
2.8379,5.0,-14.189419746398926,3.859,-2994.873,359.8
2.8474,5.0,-14.23682689666748,3.859,-2994.873,359.8
2.8526,5.0,-14.262999296188354,3.859,-2994.873,359.8
2.8584,5.0,-14.291812181472778,3.859,-2994.873,359.8
2.8636,5.0,-14.317984580993652,3.638,-2985.293,359.8
2.8721,5.0,-14.360333681106567,3.638,-2985.293,359.8
2.8773,5.0,-14.386502504348755,3.638,-2985.293,359.8
2.8825,5.0,-14.412665367126465,3.638,-2985.293,359.8
2.8878,5.0,-14.438815116882324,3.741,-2970.791,359.8
2.8968,5.0,-14.48390007019043,3.741,-2970.791,359.8
2.9020,5.0,-14.510074853897095,3.741,-2970.791,359.8
2.9090,5.0,-14.544854164123535,4.223,-2957.695,359.8
2.9174,5.0,-14.586849212646484,4.223,-2957.695,359.8
2.9226,5.0,-14.613029956817627,4.223,-2957.695,359.8
2.9278,5.0,-14.639196395874023,4.223,-2957.695,359.8
2.9331,5.0,-14.665418863296509,3.635,-2947.939,359.8
2.9421,5.0,-14.710397720336914,3.635,-2947.939,359.8
2.9473,5.0,-14.736554622650146,3.635,-2947.939,359.8
2.9526,5.0,-14.762816429138184,3.449,-2938.535,359.8
2.9627,5.0,-14.813467264175415,3.449,-2938.535,359.8
2.9679,5.0,-14.839668273925781,3.449,-2938.535,359.8
2.9737,5.0,-14.868731498718262,3.449,-2938.535,359.8
2.9790,5.0,-14.894939661026001,2.961,-2931.768,359.8
2.9851,5.0,-14.925305843353271,2.961,-2931.768,359.8
2.9903,5.0,-14.951493740081787,2.961,-2931.768,359.8
2.9955,5.0,-14.977645874023438,2.961,-2931.768,359.8
3.0008,5.0,-15.00379204750061,2.32,-2925.791,359.8
3.0090,5.0,-15.044981241226196,2.32,-2925.791,359.8
3.0143,5.0,-15.071473121643066,2.32,-2925.791,359.8
3.0196,5.0,-15.098159313201904,2.32,-2925.791,359.8
3.0255,5.0,-15.127440690994263,2.538,-2915.859,359.8
3.0339,5.0,-15.169564485549927,2.538,-2915.859,359.8
3.0392,5.0,-15.19577145576477,2.538,-2915.859,359.8
3.0444,5.0,-15.221941471099854,2.538,-2915.859,359.8
3.0496,5.0,-15.248100757598877,2.809,-2905.313,359.8
3.0584,5.0,-15.292104482650757,2.809,-2905.313,359.8
3.0637,5.0,-15.318278074264526,2.809,-2905.313,359.8
3.0689,5.0,-15.344443321228027,2.809,-2905.313,359.8
3.0741,5.0,-15.370594263076782,3.211,-2892.568,359.8
3.0863,5.0,-15.431740283966064,3.211,-2892.568,359.8
3.0916,5.0,-15.458108186721802,3.211,-2892.568,359.8
3.0969,5.0,-15.484510660171509,3.673,-2880.703,359.8
3.1048,5.0,-15.523829460144043,3.673,-2880.703,359.8
3.1118,5.0,-15.559190511703491,3.673,-2880.703,359.8
3.1171,5.0,-15.585453510284424,3.673,-2880.703,359.8
3.1223,5.0,-15.611639022827148,3.827,-2868.223,359.8
3.1295,5.0,-15.647326707839966,3.827,-2868.223,359.8
3.1347,5.0,-15.67351222038269,3.827,-2868.223,359.8
3.1405,5.0,-15.702521800994873,3.827,-2868.223,359.8
3.1457,5.0,-15.728703737258911,3.314,-2858.73,359.8
3.1542,5.0,-15.770858526229858,3.314,-2858.73,359.8
3.1594,5.0,-15.796899795532227,3.314,-2858.73,359.8
3.1646,5.0,-15.823061466217041,3.026,-2850.908,359.8
3.1747,5.0,-15.873671770095825,3.026,-2850.908,359.8
3.1799,5.0,-15.899274349212646,3.026,-2850.908,359.8
3.1850,5.0,-15.92499852180481,2.292,-2847.217,359.8
3.1945,5.0,-15.972352027893066,2.292,-2847.217,359.8
3.2001,5.0,-16.000550985336304,2.292,-2847.217,359.8
3.2069,5.0,-16.03456974029541,2.292,-2847.217,359.8
3.2120,5.0,-16.06021285057068,1.231,-2846.25,359.8
3.2211,5.0,-16.105674505233765,1.231,-2846.25,359.8
3.2263,5.0,-16.131621599197388,1.231,-2846.25,359.8
3.2316,5.0,-16.157984733581543,1.068,-2843.174,359.8
3.2419,5.0,-16.20965003967285,1.068,-2843.174,359.8
3.2479,5.0,-16.239513158798218,1.068,-2843.174,359.8
3.2532,5.0,-16.2657630443573,1.153,-2839.922,359.8
3.2633,5.0,-16.316581964492798,1.153,-2839.922,359.8
3.2686,5.0,-16.342772245407104,1.153,-2839.922,359.8
3.2738,5.0,-16.368931531906128,1.153,-2839.922,359.8
3.2790,5.0,-16.395103931427002,2.953,-2822.256,359.8
3.2880,5.0,-16.44010066986084,2.953,-2822.256,359.8
3.2933,5.0,-16.4662766456604,2.953,-2822.256,359.8
3.2985,5.0,-16.4924418926239,3.629,-2812.061,359.8
3.3086,5.0,-16.543058156967163,3.629,-2812.061,359.8
3.3154,5.0,-16.57688856124878,3.629,-2812.061,359.8
3.3206,5.0,-16.60289764404297,3.629,-2812.061,359.8
3.3257,5.0,-16.62871479988098,3.508,-2800.635,359.8
3.3333,5.0,-16.66669487953186,3.508,-2800.635,359.8
3.3386,5.0,-16.692947149276733,3.508,-2800.635,359.8
3.3438,5.0,-16.7191219329834,3.508,-2800.635,359.8
3.3491,5.0,-16.745290756225586,3.738,-2787.275,359.8
3.3602,5.0,-16.800919771194458,3.738,-2787.275,359.8
3.3654,5.0,-16.827181577682495,3.738,-2787.275,359.8
3.3707,5.0,-16.85343027114868,2.676,-2784.111,359.8
3.3786,5.0,-16.893129348754883,2.676,-2784.111,359.8
3.3839,5.0,-16.919320821762085,2.676,-2784.111,359.8
3.3891,5.0,-16.9454824924469,2.676,-2784.111,359.8
3.3943,5.0,-16.971640586853027,2.699,-2773.564,359.8
3.4033,5.0,-17.016661167144775,2.699,-2773.564,359.8
3.4101,5.0,-17.05044150352478,2.699,-2773.564,359.8
3.4159,5.0,-17.079360485076904,2.699,-2773.564,359.8
3.4210,5.0,-17.105207443237305,3.063,-2762.666,359.8
3.4273,5.0,-17.13639497756958,3.063,-2762.666,359.8
3.4325,5.0,-17.16260552406311,3.063,-2762.666,359.8
3.4378,5.0,-17.18877673149109,3.063,-2762.666,359.8
3.4430,5.0,-17.21498727798462,2.31,-2758.623,359.8
3.4517,5.0,-17.258633375167847,2.31,-2758.623,359.8
3.4570,5.0,-17.284822463989258,2.31,-2758.623,359.8
3.4622,5.0,-17.310988903045654,2.31,-2758.623,359.8
3.4679,5.0,-17.33925223350525,2.119,-2751.152,359.8
3.4744,5.0,-17.371889352798462,2.119,-2751.152,359.8
3.4796,5.0,-17.398090362548828,2.119,-2751.152,359.8
3.4848,5.0,-17.423962354660034,2.857,-2740.43,359.8
3.4949,5.0,-17.474679946899414,2.857,-2740.43,359.8
3.5002,5.0,-17.500994205474854,2.857,-2740.43,359.8
3.5070,5.0,-17.535158395767212,2.857,-2740.43,359.8
3.5123,5.0,-17.56137728691101,3.052,-2730.322,359.8
3.5200,5.0,-17.599865198135376,3.052,-2730.322,359.8
3.5261,5.0,-17.630499601364136,3.052,-2730.322,359.8
3.5314,5.0,-17.656948566436768,3.052,-2730.322,359.8
3.5367,5.0,-17.6833438873291,2.707,-2721.709,359.8
3.5431,5.0,-17.71538257598877,2.707,-2721.709,359.8
3.5483,5.0,-17.74164319038391,2.707,-2721.709,359.8
3.5535,5.0,-17.767585515975952,2.707,-2721.709,359.8
3.5590,5.0,-17.79511332511902,2.722,-2712.832,359.8
3.5671,5.0,-17.835309505462646,2.722,-2712.832,359.8
3.5722,5.0,-17.860969305038452,2.722,-2712.832,359.8
3.5795,5.0,-17.897402048110962,2.722,-2712.832,359.8
3.5847,5.0,-17.923614978790283,2.968,-2703.252,359.8
3.5912,5.0,-17.95615553855896,2.968,-2703.252,359.8
3.5966,5.0,-17.982754707336426,2.968,-2703.252,359.8
3.6018,5.0,-18.009071350097656,2.968,-2703.252,359.8
3.6086,5.0,-18.043136596679688,2.08,-2699.121,359.8
3.6154,5.0,-18.077101707458496,2.08,-2699.121,359.8
3.6206,5.0,-18.102803230285645,2.08,-2699.121,359.8
3.6257,5.0,-18.128325939178467,2.08,-2699.121,359.8
3.6309,5.0,-18.154594898223877,2.567,-2688.398,359.8
3.6402,5.0,-18.201099634170532,2.567,-2688.398,359.8
3.6455,5.0,-18.227355480194092,2.567,-2688.398,359.8
3.6507,5.0,-18.253567218780518,3.1,-2679.346,359.8
3.6587,5.0,-18.293321132659912,3.1,-2679.346,359.8
3.6639,5.0,-18.319592475891113,3.1,-2679.346,359.8
3.6692,5.0,-18.3457612991333,3.1,-2679.346,359.8
3.6744,5.0,-18.37191939353943,1.809,-2677.852,359.8
3.6833,5.0,-18.416723012924194,1.809,-2677.852,359.8
3.6886,5.0,-18.442929983139038,1.809,-2677.852,359.8
3.6942,5.0,-18.471226692199707,1.809,-2677.852,359.8
3.6995,5.0,-18.497471809387207,1.57,-2673.105,359.8
3.7057,5.0,-18.528653383255005,1.57,-2673.105,359.8
3.7125,5.0,-18.562644720077515,1.57,-2673.105,359.8
3.7178,5.0,-18.5888409614563,2.912,-2658.34,359.8
3.7256,5.0,-18.627934455871582,2.912,-2658.34,359.8
3.7308,5.0,-18.654123544692993,2.912,-2658.34,359.8
3.7361,5.0,-18.680282831192017,2.912,-2658.34,359.8
3.7413,5.0,-18.706437349319458,3.911,-2645.771,359.8
3.7476,5.0,-18.737976551055908,3.911,-2645.771,359.8
3.7534,5.0,-18.766818046569824,3.911,-2645.771,359.8
3.7586,5.0,-18.79299521446228,3.158,-2638.916,359.8
3.7688,5.0,-18.844079971313477,3.158,-2638.916,359.8
3.7739,5.0,-18.869587182998657,3.158,-2638.916,359.8
3.7791,5.0,-18.89571785926819,3.158,-2638.916,359.8
3.7843,5.0,-18.921303749084473,3.366,-2625.996,359.8
3.7934,5.0,-18.967210054397583,3.366,-2625.996,359.8
3.7987,5.0,-18.99329423904419,3.366,-2625.996,359.8
3.8048,5.0,-19.024231433868408,3.61,-2615.889,359.8
3.8139,5.0,-19.069546461105347,3.61,-2615.889,359.8
3.8191,5.0,-19.09530758857727,3.61,-2615.889,359.8
3.8242,5.0,-19.12121891975403,3.61,-2615.889,359.8
3.8295,5.0,-19.14744257926941,3.171,-2606.748,359.8
3.8386,5.0,-19.19290065765381,3.171,-2606.748,359.8
3.8438,5.0,-19.218997955322266,3.171,-2606.748,359.8
3.8490,5.0,-19.245043992996216,3.171,-2606.748,359.8
3.8542,5.0,-19.271230697631836,3.099,-2597.168,359.8
3.8623,5.0,-19.311466217041016,3.099,-2597.168,359.8
3.8675,5.0,-19.337714910507202,3.099,-2597.168,359.8
3.8727,5.0,-19.363491535186768,2.812,-2591.016,359.8
3.8807,5.0,-19.403311014175415,2.812,-2591.016,359.8
3.8859,5.0,-19.429389238357544,2.812,-2591.016,359.8
3.8911,5.0,-19.455689191818237,2.812,-2591.016,359.8
3.8964,5.0,-19.4818377494812,2.048,-2586.533,359.8
3.9053,5.0,-19.526304006576538,2.048,-2586.533,359.8
3.9120,5.0,-19.56001043319702,2.048,-2586.533,359.8
3.9178,5.0,-19.588799476623535,2.168,-2578.887,359.8
3.9268,5.0,-19.634135961532593,2.168,-2578.887,359.8
3.9321,5.0,-19.660394191741943,2.168,-2578.887,359.8
3.9373,5.0,-19.686559438705444,2.872,-2567.9,359.8
3.9473,5.0,-19.73659873008728,2.872,-2567.9,359.8
3.9525,5.0,-19.762686491012573,2.872,-2567.9,359.8
3.9578,5.0,-19.788752794265747,2.872,-2567.9,359.8
3.9630,5.0,-19.814817905426025,3.191,-2556.299,359.8
3.9750,5.0,-19.874935150146484,3.191,-2556.299,359.8
3.9802,5.0,-19.901142120361328,3.191,-2556.299,359.8
3.9855,5.0,-19.927276372909546,3.268,-2546.543,359.8
3.9935,5.0,-19.96742010116577,3.268,-2546.543,359.8
3.9987,5.0,-19.993505477905273,3.268,-2546.543,359.8
0.0000,5.0,-20.0,3.268,-2546.543,359.8
0.0073,5.0,-20.0,3.922,-2530.986,359.8
0.0141,5.0,-20.0,3.922,-2530.986,359.8
0.0192,5.0,-20.0,3.922,-2530.986,359.8
0.0250,5.0,-20.0,3.922,-2530.986,359.8
0.0302,5.0,-20.0,4.117,-2517.979,359.8
0.0367,5.0,-20.0,4.117,-2517.979,359.8
0.0419,5.0,-20.0,4.117,-2517.979,359.8
0.0471,5.0,-20.0,4.117,-2506.465,359.8
0.0572,5.0,-20.0,4.117,-2506.465,359.8
0.0624,5.0,-20.0,4.117,-2506.465,359.8
0.0676,5.0,-20.0,4.117,-2506.465,359.8
0.0728,5.0,-20.0,3.475,-2499.082,359.8
0.0809,5.0,-20.0,3.475,-2499.082,359.8
0.0861,5.0,-20.0,3.475,-2499.082,359.8
0.0913,5.0,-20.0,3.137,-2491.084,359.8
0.0992,5.0,-20.0,3.137,-2491.084,359.8
0.1044,5.0,-20.0,3.137,-2491.084,359.8
0.1115,5.0,-20.0,3.514,-2478.867,359.8
0.1198,5.0,-20.0,3.514,-2478.867,359.8
0.1250,5.0,-20.0,3.514,-2478.867,359.8
0.1302,5.0,-20.0,3.473,-2469.463,359.8
0.1423,5.0,-20.0,3.473,-2469.463,359.8
0.1475,5.0,-20.0,3.473,-2469.463,359.8
0.1527,5.0,-20.0,3.473,-2469.463,359.8
0.1580,5.0,-20.0,3.301,-2459.092,359.8
0.1669,5.0,-20.0,3.301,-2459.092,359.8
0.1721,5.0,-20.0,3.301,-2459.092,359.8
0.1773,5.0,-20.0,3.301,-2459.092,359.8
0.1826,5.0,-20.0,3.313,-2447.139,359.8
0.1937,5.0,-20.0,3.313,-2447.139,359.8
0.1989,5.0,-20.0,3.313,-2447.139,359.8
0.2041,5.0,-20.0,3.51,-2437.646,359.8
0.2121,5.0,-20.0,3.51,-2437.646,359.8
0.2173,5.0,-20.0,3.51,-2437.646,359.8
0.2225,5.0,-20.0,3.51,-2437.646,359.8
0.2277,5.0,-20.0,3.438,-2425.781,359.8
0.2367,5.0,-20.0,3.438,-2425.781,359.8
0.2419,5.0,-20.0,3.438,-2425.781,359.8
0.2471,5.0,-20.0,3.438,-2425.781,359.8
0.2529,5.0,-20.0,3.454,-2415.498,359.8
0.2593,5.0,-20.0,3.454,-2415.498,359.8
0.2645,5.0,-20.0,3.454,-2415.498,359.8
0.2697,5.0,-20.0,3.454,-2415.498,359.8
0.2749,5.0,-20.0,2.535,-2410.225,359.8
0.2839,5.0,-20.0,2.535,-2410.225,359.8
0.2891,5.0,-20.0,2.535,-2410.225,359.8
0.2943,5.0,-20.0,2.346,-2403.545,359.8
0.3066,5.0,-20.0,2.346,-2403.545,359.8
0.3132,5.0,-20.0,2.346,-2403.545,359.8
0.3184,5.0,-20.0,2.949,-2392.383,359.8
0.3248,5.0,-20.0,2.949,-2392.383,359.8
0.3300,5.0,-20.0,2.949,-2392.383,359.8
0.3352,5.0,-20.0,3.188,-2384.033,359.8
0.3454,5.0,-20.0,3.188,-2384.033,359.8
0.3506,5.0,-20.0,3.188,-2384.033,359.8
0.3559,5.0,-20.0,2.744,-2376.738,359.8
0.3680,5.0,-20.0,2.744,-2376.738,359.8
0.3732,5.0,-20.0,2.744,-2376.738,359.8
0.3785,5.0,-20.0,2.663,-2369.004,359.8
0.3886,5.0,-20.0,2.663,-2369.004,359.8
0.3938,5.0,-20.0,2.663,-2369.004,359.8
0.3991,5.0,-20.0,2.663,-2369.004,359.8
0.4043,5.0,-20.0,3.321,-2355.908,359.8
0.4134,5.0,-20.0,3.321,-2355.908,359.8
0.4194,5.0,-20.0,3.321,-2355.908,359.8
0.4246,5.0,-20.0,2.934,-2349.404,359.8
0.4336,5.0,-20.0,2.934,-2349.404,359.8
0.4387,5.0,-20.0,2.934,-2349.404,359.8
0.4439,5.0,-20.0,2.934,-2349.404,359.8
0.4491,5.0,-20.0,2.754,-2339.824,359.8
0.4582,5.0,-20.0,2.754,-2339.824,359.8
0.4634,5.0,-20.0,2.754,-2339.824,359.8
0.4706,5.0,-20.0,2.963,-2331.123,359.8
0.4797,5.0,-20.0,2.963,-2331.123,359.8
0.4848,5.0,-20.0,2.963,-2331.123,359.8
0.4903,5.0,-20.0,2.121,-2328.75,359.8
0.5003,5.0,-20.0,2.121,-2328.75,359.8
0.5072,5.0,-20.0,2.121,-2328.75,359.8
0.5124,5.0,-20.0,2.121,-2328.75,359.8
0.5177,5.0,-20.0,1.346,-2325.762,359.8
0.5283,5.0,-20.0,1.346,-2325.762,359.8
0.5335,5.0,-20.0,1.346,-2325.762,359.8
0.5387,5.0,-20.0,1.996,-2316.709,359.8
0.5465,5.0,-20.0,1.996,-2316.709,359.8
0.5516,5.0,-20.0,1.996,-2316.709,359.8
0.5568,5.0,-20.0,1.996,-2316.709,359.8
0.5620,5.0,-20.0,3.385,-2300.977,359.8
0.5712,5.0,-20.0,3.385,-2300.977,359.8
0.5764,5.0,-20.0,3.385,-2300.977,359.8
0.5822,5.0,-20.0,3.385,-2300.977,359.8
0.5872,5.0,-20.0,3.491,-2289.375,359.8
0.5957,5.0,-20.0,3.491,-2289.375,359.8
0.6009,5.0,-20.0,3.491,-2289.375,359.8
0.6077,5.0,-20.0,3.491,-2289.375,359.8
0.6129,5.0,-20.0,3.984,-2274.17,359.8
0.6204,5.0,-20.0,3.984,-2274.17,359.8
0.6256,5.0,-20.0,3.984,-2274.17,359.8
0.6308,5.0,-20.0,3.984,-2274.17,359.8
0.6359,5.0,-20.0,3.967,-2262.041,359.8
0.6440,5.0,-20.0,3.967,-2262.041,359.8
0.6492,5.0,-20.0,3.967,-2262.041,359.8
0.6544,5.0,-20.0,3.967,-2262.041,359.8
0.6597,5.0,-20.0,3.981,-2248.154,359.8
0.6685,5.0,-20.0,3.981,-2248.154,359.8
0.6738,5.0,-20.0,3.981,-2248.154,359.8
0.6790,5.0,-20.0,3.437,-2241.299,359.8
0.6891,5.0,-20.0,3.437,-2241.299,359.8
0.6949,5.0,-20.0,3.437,-2241.299,359.8
0.7001,5.0,-20.0,2.564,-2235.85,359.8
0.7117,5.0,-20.0,2.564,-2235.85,359.8
0.7170,5.0,-20.0,2.564,-2235.85,359.8
0.7222,5.0,-20.0,2.564,-2235.85,359.8
0.7274,5.0,-20.0,2.48,-2227.324,359.8
0.7363,5.0,-20.0,2.48,-2227.324,359.8
0.7415,5.0,-20.0,2.48,-2227.324,359.8
0.7467,5.0,-20.0,2.48,-2227.324,359.8
0.7526,5.0,-20.0,2.658,-2218.711,359.8
0.7588,5.0,-20.0,2.658,-2218.711,359.8
0.7640,5.0,-20.0,2.658,-2218.711,359.8
0.7692,5.0,-20.0,2.658,-2211.24,359.8
0.7783,5.0,-20.0,2.658,-2211.24,359.8
0.7835,5.0,-20.0,2.658,-2211.24,359.8
0.7887,5.0,-20.0,2.658,-2211.24,359.8
0.7940,5.0,-20.0,3.233,-2198.057,359.8
0.8052,5.0,-20.0,3.233,-2198.057,359.8
0.8120,5.0,-20.0,3.233,-2198.057,359.8
0.8175,5.0,-20.0,3.682,-2185.752,359.8
0.8247,5.0,-20.0,3.682,-2185.752,359.8
0.8299,5.0,-20.0,3.682,-2185.752,359.8
0.8351,5.0,-20.0,3.773,-2174.941,359.8
0.8448,5.0,-20.0,3.773,-2174.941,359.8
0.8501,5.0,-20.0,3.773,-2174.941,359.8
0.8553,5.0,-20.0,3.773,-2174.941,359.8
0.8605,5.0,-20.0,3.921,-2162.725,359.8
0.8686,5.0,-20.0,3.921,-2162.725,359.8
0.8738,5.0,-20.0,3.921,-2162.725,359.8
0.8790,5.0,-20.0,3.59,-2154.639,359.8
0.8869,5.0,-20.0,3.59,-2154.639,359.8
0.8922,5.0,-20.0,3.59,-2154.639,359.8
0.8974,5.0,-20.0,3.59,-2154.639,359.8
0.9026,5.0,-20.0,2.36,-2151.035,359.8
0.9113,5.0,-20.0,2.36,-2151.035,359.8
0.9175,5.0,-20.0,2.36,-2151.035,359.8
0.9227,5.0,-20.0,2.221,-2143.125,359.8
0.9328,5.0,-20.0,2.221,-2143.125,359.8
0.9380,5.0,-20.0,2.221,-2143.125,359.8
0.9432,5.0,-20.0,2.221,-2143.125,359.8
0.9484,5.0,-20.0,3.792,-2124.756,359.8
0.9573,5.0,-20.0,3.792,-2124.756,359.8
0.9624,5.0,-20.0,3.792,-2124.756,359.8
0.9676,5.0,-20.0,3.792,-2124.756,359.8
0.9728,5.0,-20.0,4.033,-2112.451,359.8
0.9809,5.0,-20.0,4.033,-2112.451,359.8
0.9861,5.0,-20.0,4.033,-2112.451,359.8
0.9913,5.0,-20.0,4.033,-2112.451,359.8
0.9965,5.0,-20.0,4.373,-2096.455,359.8
1.0044,5.0,-20.0,4.373,-2096.455,359.8
1.0111,5.0,-20.0,4.373,-2096.455,359.8
1.0164,5.0,-20.0,4.19,-2085.732,359.8
1.0249,5.0,-20.0,4.19,-2085.732,359.8
1.0306,5.0,-20.0,4.19,-2085.732,359.8
1.0359,5.0,-20.0,4.19,-2085.732,359.8
1.0411,5.0,-20.0,4.354,-2070.264,359.8
1.0494,5.0,-20.0,4.354,-2070.264,359.8
1.0546,5.0,-20.0,4.354,-2070.264,359.8
1.0598,5.0,-20.0,3.472,-2064.727,359.8
1.0698,5.0,-20.0,3.472,-2064.727,359.8
1.0750,5.0,-20.0,3.472,-2064.727,359.8
1.0801,5.0,-20.0,3.472,-2064.727,359.8
1.0862,5.0,-20.0,2.402,-2059.277,359.8
1.0949,5.0,-20.0,2.402,-2059.277,359.8
1.1001,5.0,-20.0,2.402,-2059.277,359.8
1.1068,5.0,-20.0,2.402,-2059.277,359.8
1.1119,5.0,-20.0,3.099,-2045.479,359.8
1.1189,5.0,-20.0,3.099,-2045.479,359.8
1.1241,5.0,-20.0,3.099,-2045.479,359.8
1.1293,5.0,-20.0,3.457,-2035.898,359.8
1.1415,5.0,-20.0,3.457,-2035.898,359.8
1.1467,5.0,-20.0,3.457,-2035.898,359.8
1.1519,5.0,-20.0,3.01,-2028.428,359.8
1.1598,5.0,-20.0,3.01,-2028.428,359.8
1.1650,5.0,-20.0,3.01,-2028.428,359.8
1.1702,5.0,-20.0,3.01,-2028.428,359.8
1.1753,5.0,-20.0,3.072,-2018.232,359.8
1.1844,5.0,-20.0,3.072,-2018.232,359.8
1.1896,5.0,-20.0,3.072,-2018.232,359.8
1.1953,5.0,-20.0,3.072,-2018.232,359.8
1.2005,5.0,-20.0,3.155,-2007.598,359.8
1.2082,5.0,-20.0,3.155,-2007.598,359.8
1.2134,5.0,-20.0,3.155,-2007.598,359.8
1.2186,5.0,-20.0,3.155,-2007.598,359.8
1.2237,5.0,-20.0,2.825,-1999.6,359.8
1.2304,5.0,-20.0,2.825,-1999.6,359.8
1.2356,5.0,-20.0,2.825,-1999.6,359.8
1.2407,5.0,-20.0,2.825,-1999.6,359.8
1.2459,5.0,-20.0,3.257,-1986.855,359.8
1.2541,5.0,-20.0,3.257,-1986.855,359.8
1.2597,5.0,-20.0,3.257,-1986.855,359.8
1.2649,5.0,-20.0,3.257,-1986.855,359.8
1.2701,5.0,-20.0,2.55,-1982.373,359.8
1.2795,5.0,-20.0,2.55,-1982.373,359.8
1.2847,5.0,-20.0,2.55,-1982.373,359.8
1.2899,5.0,-20.0,2.55,-1982.373,359.8
1.2951,5.0,-20.0,1.388,-1980.791,359.8
1.3062,5.0,-20.0,1.388,-1980.791,359.8
1.3129,5.0,-20.0,1.388,-1980.791,359.8
1.3181,5.0,-20.0,1.724,-1973.232,359.8
1.3245,5.0,-20.0,1.724,-1973.232,359.8
1.3296,5.0,-20.0,1.724,-1973.232,359.8
1.3349,5.0,-20.0,1.724,-1973.232,359.8
1.3401,5.0,-20.0,3.475,-1956.094,359.8
1.3490,5.0,-20.0,3.475,-1956.094,359.8
1.3542,5.0,-20.0,3.475,-1956.094,359.8
1.3593,5.0,-20.0,3.475,-1956.094,359.8
1.3650,5.0,-20.0,2.214,-1954.688,359.8
1.3726,5.0,-20.0,2.214,-1954.688,359.8
1.3778,5.0,-20.0,2.214,-1954.688,359.8
1.3830,5.0,-20.0,2.214,-1954.688,359.8
1.3882,5.0,-20.0,1.541,-1951.084,359.8
1.3962,5.0,-20.0,1.541,-1951.084,359.8
1.4014,5.0,-20.0,1.541,-1951.084,359.8
1.4083,5.0,-20.0,1.134,-1949.326,359.8
1.4177,5.0,-20.0,1.134,-1949.326,359.8
1.4233,5.0,-20.0,1.134,-1949.326,359.8
1.4285,5.0,-20.0,1.134,-1949.326,359.8
1.4336,5.0,-20.0,3.044,-1929.551,359.8
1.4401,5.0,-20.0,3.044,-1929.551,359.8
1.4452,5.0,-20.0,3.044,-1929.551,359.8
1.4505,5.0,-20.0,3.044,-1929.551,359.8
1.4556,5.0,-20.0,4.971,-1909.951,359.8
1.4646,5.0,-20.0,4.971,-1909.951,359.8
1.4698,5.0,-20.0,4.971,-1909.951,359.8
1.4771,5.0,-20.0,4.417,-1898.789,359.8
1.4873,5.0,-20.0,4.417,-1898.789,359.8
1.4925,5.0,-20.0,4.417,-1898.789,359.8
1.4977,5.0,-20.0,4.417,-1898.789,359.8
0.0000,5.0,-19.99999761581421,2.711,-1895.889,359.8
0.0079,5.0,-19.960731267929077,2.711,-1895.889,359.8
0.0131,5.0,-19.93436098098755,2.711,-1895.889,359.8
0.0184,5.0,-19.908236265182495,2.711,-1895.889,359.8
0.0236,5.0,-19.882183074951172,2.651,-1885.781,359.8
0.0323,5.0,-19.838672876358032,2.651,-1885.781,359.8
0.0375,5.0,-19.812748432159424,2.651,-1885.781,359.8
0.0427,5.0,-19.786523580551147,2.651,-1885.781,359.8
0.0479,5.0,-19.760456085205078,3.605,-1871.016,359.8
0.0547,5.0,-19.726520776748657,3.605,-1871.016,359.8
0.0599,5.0,-19.700651168823242,3.605,-1871.016,359.8
0.0651,5.0,-19.674545526504517,3.605,-1871.016,359.8
0.0703,5.0,-19.648553133010864,3.075,-1863.105,359.8
0.0784,5.0,-19.6079421043396,3.075,-1863.105,359.8
0.0855,5.0,-19.572592973709106,3.075,-1863.105,359.8
0.0907,5.0,-19.54657793045044,3.235,-1852.119,359.8
0.0999,5.0,-19.500573873519897,3.235,-1852.119,359.8
0.1051,5.0,-19.474555253982544,3.235,-1852.119,359.8
0.1118,5.0,-19.44084644317627,2.79,-1846.67,359.8
0.1212,5.0,-19.39395308494568,2.79,-1846.67,359.8
0.1264,5.0,-19.36784863471985,2.79,-1846.67,359.8
0.1316,5.0,-19.34183359146118,2.79,-1846.67,359.8
0.1387,5.0,-19.306734800338745,2.79,-1837.178,359.8
0.1449,5.0,-19.275614023208618,2.79,-1837.178,359.8
0.1501,5.0,-19.2495858669281,2.79,-1837.178,359.8
0.1553,5.0,-19.223588705062866,2.79,-1837.178,359.8
0.1605,5.0,-19.197585582733154,2.706,-1829.18,359.8
0.1668,5.0,-19.166184663772583,2.706,-1829.18,359.8
0.1720,5.0,-19.140067100524902,2.706,-1829.18,359.8
0.1771,5.0,-19.114325046539307,2.706,-1829.18,359.8
0.1823,5.0,-19.088318347930908,2.781,-1820.215,359.8
0.1899,5.0,-19.050551652908325,2.781,-1820.215,359.8
0.1956,5.0,-19.021847248077393,2.781,-1820.215,359.8
0.2008,5.0,-18.99583339691162,2.781,-1820.215,359.8
0.2076,5.0,-18.962182998657227,2.237,-1814.59,359.8
0.2146,5.0,-18.927185535430908,2.237,-1814.59,359.8
0.2198,5.0,-18.90115737915039,2.237,-1814.59,359.8
0.2250,5.0,-18.875168561935425,2.237,-1814.59,359.8
0.2302,5.0,-18.84917140007019,1.664,-1812.041,359.8
0.2363,5.0,-18.818331956863403,1.664,-1812.041,359.8
0.2415,5.0,-18.792316913604736,1.664,-1812.041,359.8
0.2491,5.0,-18.75458598136902,1.701,-1805.361,359.8
0.2584,5.0,-18.707878589630127,1.701,-1805.361,359.8
0.2636,5.0,-18.681869506835938,1.701,-1805.361,359.8
0.2688,5.0,-18.65593910217285,1.701,-1805.361,359.8
0.2740,5.0,-18.630025386810303,3.065,-1790.684,359.8
0.2800,5.0,-18.600106239318848,3.065,-1790.684,359.8
0.2852,5.0,-18.57414960861206,3.065,-1790.684,359.8
0.2904,5.0,-18.54822874069214,3.065,-1790.684,359.8
0.2955,5.0,-18.522322177886963,3.076,-1782.158,359.8
0.3071,5.0,-18.4646213054657,3.076,-1782.158,359.8
0.3138,5.0,-18.431148529052734,3.076,-1782.158,359.8
0.3189,5.0,-18.405383825302124,2.256,-1777.939,359.8
0.3250,5.0,-18.374801874160767,2.256,-1777.939,359.8
0.3302,5.0,-18.34913730621338,2.256,-1777.939,359.8
0.3354,5.0,-18.323205709457397,2.256,-1777.939,359.8
0.3405,5.0,-18.297289609909058,3.172,-1763.965,359.8
0.3467,5.0,-18.266681432724,3.172,-1763.965,359.8
0.3519,5.0,-18.240748643875122,3.172,-1763.965,359.8
0.3571,5.0,-18.214688301086426,3.172,-1763.965,359.8
0.3628,5.0,-18.18609595298767,3.88,-1751.836,359.8
0.3689,5.0,-18.155522346496582,3.88,-1751.836,359.8
0.3741,5.0,-18.129597902297974,3.88,-1751.836,359.8
0.3793,5.0,-18.10368776321411,3.88,-1751.836,359.8
0.3844,5.0,-18.077783584594727,2.568,-1747.969,359.8
0.3922,5.0,-18.038957118988037,2.568,-1747.969,359.8
0.3974,5.0,-18.01303267478943,2.568,-1747.969,359.8
0.4026,5.0,-17.98712730407715,2.568,-1747.969,359.8
0.4093,5.0,-17.953625917434692,2.382,-1739.268,359.8
0.4194,5.0,-17.903132438659668,2.382,-1739.268,359.8
0.4246,5.0,-17.8771710395813,2.382,-1739.268,359.8
0.4297,5.0,-17.851256132125854,3.064,-1728.105,359.8
0.4369,5.0,-17.81553626060486,3.064,-1728.105,359.8
0.4421,5.0,-17.78961181640625,3.064,-1728.105,359.8
0.4473,5.0,-17.763705253601074,3.064,-1728.105,359.8
0.4524,5.0,-17.73779273033142,2.654,-1721.777,359.8
0.4614,5.0,-17.6931369304657,2.654,-1721.777,359.8
0.4666,5.0,-17.66720414161682,2.654,-1721.777,359.8
0.4725,5.0,-17.637605667114258,2.654,-1721.777,359.8
0.4777,5.0,-17.611610889434814,2.116,-1715.977,359.8
0.4840,5.0,-17.57992148399353,2.116,-1715.977,359.8
0.4892,5.0,-17.55398392677307,2.116,-1715.977,359.8
0.4944,5.0,-17.528071403503418,2.116,-1715.977,359.8
0.4996,5.0,-17.502166032791138,3.087,-1702.617,359.8
0.5057,5.0,-17.471479177474976,3.087,-1702.617,359.8
0.5127,5.0,-17.43665099143982,3.087,-1702.617,359.8
0.5179,5.0,-17.410736083984375,3.67,-1691.191,359.8
0.5256,5.0,-17.371994256973267,3.67,-1691.191,359.8
0.5313,5.0,-17.343307733535767,3.67,-1691.191,359.8
0.5365,5.0,-17.317370176315308,3.67,-1691.191,359.8
0.5417,5.0,-17.291449308395386,3.67,-1680.293,359.8
0.5478,5.0,-17.26115584373474,3.67,-1680.293,359.8
0.5530,5.0,-17.234874963760376,3.67,-1680.293,359.8
0.5582,5.0,-17.208865880966187,3.67,-1680.293,359.8
0.5634,5.0,-17.182931900024414,3.91,-1666.758,359.8
0.5705,5.0,-17.147454023361206,3.91,-1666.758,359.8
0.5757,5.0,-17.12151288986206,3.91,-1666.758,359.8
0.5809,5.0,-17.095521688461304,3.91,-1666.758,359.8
0.5866,5.0,-17.06689476966858,2.918,-1661.221,359.8
0.5929,5.0,-17.035295963287354,2.918,-1661.221,359.8
0.5981,5.0,-17.009469270706177,2.918,-1661.221,359.8
0.6033,5.0,-16.9833242893219,2.839,-1652.52,359.8
0.6134,5.0,-16.93324327468872,2.839,-1652.52,359.8
0.6185,5.0,-16.90730094909668,2.839,-1652.52,359.8
0.6237,5.0,-16.881386041641235,2.839,-1652.52,359.8
0.6289,5.0,-16.855480670928955,3.284,-1640.039,359.8
0.6377,5.0,-16.811264753341675,3.284,-1640.039,359.8
0.6435,5.0,-16.782389879226685,3.284,-1640.039,359.8
0.6488,5.0,-16.756192445755005,2.436,-1637.227,359.8
0.6582,5.0,-16.708847284317017,2.436,-1637.227,359.8
0.6634,5.0,-16.682900190353394,2.436,-1637.227,359.8
0.6686,5.0,-16.65699005126953,2.436,-1637.227,359.8
0.6738,5.0,-16.630762815475464,2.257,-1628.35,359.8
0.6828,5.0,-16.58577799797058,2.257,-1628.35,359.8
0.6880,5.0,-16.55983805656433,2.257,-1628.35,359.8
0.6932,5.0,-16.533786058425903,2.257,-1628.35,359.8
0.6990,5.0,-16.50490641593933,3.593,-1613.145,359.8
0.7052,5.0,-16.47385835647583,3.593,-1613.145,359.8
0.7119,5.0,-16.440311670303345,3.593,-1613.145,359.8
0.7171,5.0,-16.41472101211548,3.593,-1613.145,359.8
0.7225,5.0,-16.387312412261963,3.594,-1601.807,359.8
0.7305,5.0,-16.347439289093018,3.594,-1601.807,359.8
0.7357,5.0,-16.32143497467041,3.594,-1601.807,359.8
0.7409,5.0,-16.295493841171265,4.036,-1588.359,359.8
0.7500,5.0,-16.24981999397278,4.036,-1588.359,359.8
0.7558,5.0,-16.221160888671875,4.036,-1588.359,359.8
0.7610,5.0,-16.195162534713745,4.066,-1577.637,359.8
0.7704,5.0,-16.148173809051514,4.066,-1577.637,359.8
0.7756,5.0,-16.122214794158936,4.066,-1577.637,359.8
0.7807,5.0,-16.09629511833191,4.066,-1577.637,359.8
0.7859,5.0,-16.07070565223694,3.88,-1564.365,359.8
0.7949,5.0,-16.025556325912476,3.88,-1564.365,359.8
0.8001,5.0,-15.999619960784912,3.88,-1564.365,359.8
0.8073,5.0,-15.96350908279419,3.913,-1553.467,359.8
0.8163,5.0,-15.91845989227295,3.913,-1553.467,359.8
0.8214,5.0,-15.892876386642456,3.913,-1553.467,359.8
0.8266,5.0,-15.867195129394531,3.913,-1553.467,359.8
0.8318,5.0,-15.841244459152222,3.067,-1545.82,359.8
0.8408,5.0,-15.795921087265015,3.067,-1545.82,359.8
0.8460,5.0,-15.76999545097351,3.067,-1545.82,359.8
0.8512,5.0,-15.744043588638306,3.067,-1545.82,359.8
0.8563,5.0,-15.718542337417603,3.217,-1533.691,359.8
0.8651,5.0,-15.674635171890259,3.217,-1533.691,359.8
0.8702,5.0,-15.648871660232544,3.217,-1533.691,359.8
0.8754,5.0,-15.622856616973877,3.217,-1533.691,359.8
0.8806,5.0,-15.597141981124878,3.591,-1522.266,359.8
0.8862,5.0,-15.56879997253418,3.591,-1522.266,359.8
0.8914,5.0,-15.543086528778076,3.591,-1522.266,359.8
0.8965,5.0,-15.5176842212677,3.591,-1522.266,359.8
0.9016,5.0,-15.492159128189087,3.859,-1508.115,359.8
0.9100,5.0,-15.449929237365723,3.859,-1508.115,359.8
0.9156,5.0,-15.422204732894897,3.859,-1508.115,359.8
0.9206,5.0,-15.396755933761597,3.859,-1508.115,359.8
0.9258,5.0,-15.37108063697815,4.062,-1495.195,359.8
0.9319,5.0,-15.340632200241089,4.062,-1495.195,359.8
0.9370,5.0,-15.314936637878418,4.062,-1495.195,359.8
0.9422,5.0,-15.288959741592407,4.062,-1495.195,359.8
0.9474,5.0,-15.263029336929321,4.079,-1484.297,359.8
0.9536,5.0,-15.232104063034058,4.079,-1484.297,359.8
0.9588,5.0,-15.206072330474854,4.079,-1484.297,359.8
0.9643,5.0,-15.178523063659668,4.079,-1470.762,359.8
0.9763,5.0,-15.11837124824524,4.079,-1470.762,359.8
0.9815,5.0,-15.092395544052124,4.079,-1470.762,359.8
0.9867,5.0,-15.066462755203247,3.753,-1462.061,359.8
0.9958,5.0,-15.021053552627563,3.753,-1462.061,359.8
1.0010,5.0,-14.995110034942627,3.753,-1462.061,359.8
1.0080,5.0,-14.959986209869385,3.753,-1462.061,359.8
1.0132,5.0,-14.933856725692749,3.557,-1450.02,359.8
1.0203,5.0,-14.898523092269897,3.557,-1450.02,359.8
1.0274,5.0,-14.86295223236084,3.557,-1450.02,359.8
1.0326,5.0,-14.837188720703125,4.279,-1434.551,359.8
1.0417,5.0,-14.791326522827148,4.279,-1434.551,359.8
1.0469,5.0,-14.765355587005615,4.279,-1434.551,359.8
1.0521,5.0,-14.739426374435425,4.279,-1434.551,359.8
1.0573,5.0,-14.713733196258545,4.527,-1421.104,359.8
1.0635,5.0,-14.68254566192627,4.527,-1421.104,359.8
1.0687,5.0,-14.656567573547363,4.527,-1421.104,359.8
1.0739,5.0,-14.630601406097412,4.527,-1421.104,359.8
1.0791,5.0,-14.6046781539917,5.048,-1402.207,359.8
1.0884,5.0,-14.55783724784851,5.048,-1402.207,359.8
1.0937,5.0,-14.531664848327637,5.048,-1402.207,359.8
1.0988,5.0,-14.505901336669922,5.048,-1402.207,359.8
1.1040,5.0,-14.480060338973999,4.492,-1389.639,359.8
1.1117,5.0,-14.441589117050171,4.492,-1389.639,359.8
1.1168,5.0,-14.415954351425171,4.492,-1389.639,359.8
1.1220,5.0,-14.389961957931519,4.492,-1389.639,359.8
1.1275,5.0,-14.362599849700928,4.162,-1376.719,359.8
1.1356,5.0,-14.322073459625244,4.162,-1376.719,359.7
1.1414,5.0,-14.293129444122314,4.162,-1376.719,359.7
1.1466,5.0,-14.26716923713684,4.162,-1376.719,359.7
1.1518,5.0,-14.24121379852295,2.507,-1374.082,359.7
1.1600,5.0,-14.199820756912231,2.507,-1374.082,359.7
1.1651,5.0,-14.174290895462036,2.507,-1374.082,359.7
1.1703,5.0,-14.148547649383545,2.507,-1374.082,359.7
1.1755,5.0,-14.122649431228638,2.045,-1367.842,359.7
1.1816,5.0,-14.091781377792358,2.045,-1367.842,359.7
1.1868,5.0,-14.065839052200317,2.045,-1367.842,359.7
1.1920,5.0,-14.040167331695557,2.045,-1367.842,359.6
1.1976,5.0,-14.011925458908081,3.123,-1353.604,359.6
1.2053,5.0,-13.973557949066162,3.123,-1353.604,359.6
1.2123,5.0,-13.93857479095459,3.123,-1353.604,359.6
1.2175,5.0,-13.912547826766968,3.531,-1343.232,359.6
1.2253,5.0,-13.87332797050476,3.531,-1343.232,359.6
1.2305,5.0,-13.847367763519287,3.531,-1343.232,359.6
1.2357,5.0,-13.82144808769226,3.531,-1343.232,359.6
1.2408,5.0,-13.795949220657349,3.743,-1329.697,359.6
1.2527,5.0,-13.736259937286377,3.743,-1329.697,359.6
1.2579,5.0,-13.710321187973022,3.743,-1329.697,359.6
1.2631,5.0,-13.684439659118652,3.903,-1318.359,359.6
1.2702,5.0,-13.649201393127441,3.903,-1318.359,359.6
1.2753,5.0,-13.623321056365967,3.903,-1318.359,359.6
1.2805,5.0,-13.597462177276611,3.903,-1318.359,359.6
1.2857,5.0,-13.57161283493042,3.268,-1312.031,359.6
1.2918,5.0,-13.541171550750732,3.268,-1312.031,359.6
1.2969,5.0,-13.515307903289795,3.268,-1312.031,359.6
1.3021,5.0,-13.489454984664917,2.565,-1306.494,359.7
1.3129,5.0,-13.435486555099487,2.565,-1306.494,359.7
1.3180,5.0,-13.409868478775024,2.565,-1306.494,359.7
1.3232,5.0,-13.383933305740356,2.565,-1306.494,359.7
1.3283,5.0,-13.358497619628906,1.928,-1300.781,359.7
1.3373,5.0,-13.313411474227905,1.928,-1300.781,359.7
1.3425,5.0,-13.28754186630249,1.928,-1300.781,359.7
1.3477,5.0,-13.261690139770508,1.928,-1300.781,359.7
1.3528,5.0,-13.2357919216156,1.928,-1300.781,359.7
1.3580,5.0,-13.209923505783081,2.273,-1292.256,359.8
1.3648,5.0,-13.17598819732666,2.273,-1292.256,359.8
1.3700,5.0,-13.15011978149414,2.273,-1292.256,359.8
1.3751,5.0,-13.12427043914795,1.657,-1290.059,359.8
1.3831,5.0,-13.08450698852539,1.657,-1290.059,359.8
1.3882,5.0,-13.059078454971313,1.657,-1290.059,359.8
1.3934,5.0,-13.03320050239563,1.657,-1290.059,359.8
1.3985,5.0,-13.007354736328125,2.279,-1278.545,359.8
1.4075,5.0,-12.962409257888794,2.279,-1278.545,359.8
1.4147,5.0,-12.926443815231323,2.279,-1278.545,359.8
1.4199,5.0,-12.90055513381958,2.279,-1278.545,359.8
1.4251,5.0,-12.874702215194702,3.679,-1262.549,359.8
1.4319,5.0,-12.840280532836914,3.679,-1262.549,359.8
1.4371,5.0,-12.814412117004395,3.679,-1262.549,359.8
1.4423,5.0,-12.788565158843994,3.679,-1262.549,359.8
1.4475,5.0,-12.76271939277649,2.84,-1259.033,359.8
1.4536,5.0,-12.731902599334717,2.84,-1259.033,359.8
1.4588,5.0,-12.706034183502197,2.84,-1259.033,359.8
1.4640,5.0,-12.680187225341797,2.84,-1259.033,359.8
1.4697,5.0,-12.6516592502594,2.364,-1251.123,359.8
1.4767,5.0,-12.616313695907593,2.364,-1251.123,359.8
1.4819,5.0,-12.590447664260864,2.364,-1251.123,359.8
1.4871,5.0,-12.564599514007568,2.364,-1251.123,359.8
1.4923,5.0,-12.53874659538269,2.934,-1240.664,359.8
1.4983,5.0,-12.5082528591156,2.934,-1240.664,359.8
1.5035,5.0,-12.482390403747559,2.934,-1240.664,359.8
1.5106,5.0,-12.447139024734497,2.934,-1240.664,359.8
1.5158,5.0,-12.420828342437744,3.288,-1229.326,359.8
1.5245,5.0,-12.377517223358154,3.288,-1229.326,359.8
1.5296,5.0,-12.3518705368042,3.288,-1229.326,359.8
1.5348,5.0,-12.325972318649292,3.253,-1219.395,359.8
1.5418,5.0,-12.290771007537842,3.253,-1219.395,359.8
1.5470,5.0,-12.26489543914795,3.253,-1219.395,359.8
1.5522,5.0,-12.239034175872803,3.253,-1219.395,359.8
1.5574,5.0,-12.213172912597656,3.488,-1209.111,359.8
1.5635,5.0,-12.182532548904419,3.488,-1209.111,359.8
1.5687,5.0,-12.156656980514526,3.488,-1209.111,359.8
1.5738,5.0,-12.130804061889648,3.302,-1199.795,359.8
1.5846,5.0,-12.077164649963379,3.302,-1199.795,359.8
1.5897,5.0,-12.051466703414917,3.302,-1199.795,359.8
1.5949,5.0,-12.025413513183594,3.302,-1199.795,359.8
1.6001,5.0,-11.999484300613403,3.601,-1185.645,359.8
1.6093,5.0,-11.95370078086853,3.601,-1185.645,359.8
1.6144,5.0,-11.927779912948608,3.601,-1185.645,359.8
1.6196,5.0,-11.901915073394775,3.601,-1185.645,359.8
1.6248,5.0,-11.876050233840942,4.284,-1168.945,359.8
1.6364,5.0,-11.818063259124756,4.284,-1168.945,359.8
1.6416,5.0,-11.79214596748352,4.284,-1168.945,359.8
1.6467,5.0,-11.766278743743896,4.284,-1168.945,359.8
1.6519,5.0,-11.740423440933228,4.462,-1153.477,359.8
1.6580,5.0,-11.7097806930542,4.462,-1153.477,359.8
1.6632,5.0,-11.68391227722168,4.462,-1153.477,359.8
1.6684,5.0,-11.658061742782593,4.462,-1153.477,359.8
1.6736,5.0,-11.632221937179565,4.35,-1139.854,359.8
1.6824,5.0,-11.587756872177124,4.35,-1139.854,359.8
1.6876,5.0,-11.561893224716187,4.35,-1139.854,359.8
1.6933,5.0,-11.533286571502686,4.35,-1139.854,359.8
1.6985,5.0,-11.507419347763062,4.005,-1128.516,359.8
1.7046,5.0,-11.476829051971436,4.005,-1128.516,359.8
1.7113,5.0,-11.44342303276062,4.005,-1128.516,359.8
1.7165,5.0,-11.417738199234009,3.572,-1120.166,359.8
1.7249,5.0,-11.375411748886108,3.572,-1120.166,359.8
1.7301,5.0,-11.349694728851318,3.572,-1120.166,359.8
1.7352,5.0,-11.323823928833008,3.572,-1120.166,359.8
1.7404,5.0,-11.29797101020813,2.965,-1111.992,359.8
1.7503,5.0,-11.248703002929688,2.965,-1111.992,359.8
1.7554,5.0,-11.222823858261108,2.965,-1111.992,359.8
1.7606,5.0,-11.19696855545044,2.965,-1111.992,359.8
1.7658,5.0,-11.171114444732666,3.079,-1100.566,359.8
1.7741,5.0,-11.129509210586548,3.079,-1100.566,359.8
1.7793,5.0,-11.103627681732178,3.079,-1100.566,359.8
1.7844,5.0,-11.0777747631073,3.079,-1100.566,359.8
1.7896,5.0,-11.05191946029663,3.079,-1100.566,359.8
1.7948,5.0,-11.02607011795044,3.242,-1087.998,359.8
1.8043,5.0,-10.978481769561768,3.242,-1087.998,359.8
1.8110,5.0,-10.94510793685913,3.242,-1087.998,359.8
1.8161,5.0,-10.919463634490967,2.583,-1082.988,359.8
1.8237,5.0,-10.881587266921997,2.583,-1082.988,359.8
1.8289,5.0,-10.855695009231567,2.583,-1082.988,359.8
1.8340,5.0,-10.829839706420898,2.386,-1076.836,359.8
1.8430,5.0,-10.78488826751709,2.386,-1076.836,359.8
1.8482,5.0,-10.759016275405884,2.386,-1076.836,359.8
1.8561,5.0,-10.719600915908813,2.039,-1070.771,359.8
1.8654,5.0,-10.67286729812622,2.039,-1070.771,359.8
1.8706,5.0,-10.647001266479492,2.039,-1070.771,359.8
1.8758,5.0,-10.621089935302734,2.039,-1070.771,359.8
1.8809,5.0,-10.595253705978394,2.534,-1061.631,359.8
1.8897,5.0,-10.551542043685913,2.534,-1061.631,359.8
1.8949,5.0,-10.525624752044678,2.534,-1061.631,359.8
1.9001,5.0,-10.499320030212402,1.61,-1060.313,359.8
1.9132,5.0,-10.433844327926636,1.61,-1060.313,359.8
1.9184,5.0,-10.407999753952026,1.61,-1060.313,359.8
1.9236,5.0,-10.382194519042969,1.34,-1056.797,359.8
1.9315,5.0,-10.34237027168274,1.34,-1056.797,359.8
1.9367,5.0,-10.31646728515625,1.34,-1056.797,359.8
1.9419,5.0,-10.290606021881104,1.34,-1056.797,359.8
1.9470,5.0,-10.264759063720703,1.138,-1053.457,359.8
1.9560,5.0,-10.220152139663696,1.138,-1053.457,359.8
1.9611,5.0,-10.194282531738281,1.138,-1053.457,359.7
1.9670,5.0,-10.164927244186401,1.138,-1053.457,359.7
1.9722,5.0,-10.139062404632568,3.555,-1032.715,359.7
1.9784,5.0,-10.108187198638916,3.555,-1032.715,359.7
1.9835,5.0,-10.082323551177979,3.555,-1032.715,359.7
1.9887,5.0,-10.056476593017578,3.555,-1032.715,359.7
1.9939,5.0,-10.03063678741455,2.902,-1028.232,359.7
2.0028,5.0,-9.986129999160767,2.902,-1028.232,359.7
2.0098,5.0,-9.951046705245972,2.902,-1028.232,359.7
2.0150,5.0,-9.92485523223877,2.617,-1019.883,359.6
2.0251,5.0,-9.874719381332397,2.617,-1019.883,359.6
2.0302,5.0,-9.848875999450684,2.617,-1019.883,359.6
2.0354,5.0,-9.822781085968018,2.94,-1010.566,359.6
2.0445,5.0,-9.77749228477478,2.94,-1010.566,359.6
2.0497,5.0,-9.75147008895874,2.94,-1010.566,359.6
2.0549,5.0,-9.72555160522461,2.94,-1010.566,359.6
2.0601,5.0,-9.699677228927612,3.299,-998.877,359.6
2.0689,5.0,-9.65549349784851,3.299,-998.877,359.6
2.0746,5.0,-9.626996517181396,3.299,-998.877,359.6
2.0798,5.0,-9.601130485534668,3.299,-998.877,359.6
2.0849,5.0,-9.57563042640686,3.563,-986.748,359.6
2.0913,5.0,-9.543657302856445,3.563,-986.748,359.6
2.0965,5.0,-9.517464637756348,3.563,-986.748,359.6
2.1017,5.0,-9.491536617279053,3.563,-986.748,359.6
2.1087,5.0,-9.456397294998169,3.924,-972.07,359.6
2.1157,5.0,-9.421429634094238,3.924,-972.07,359.6
2.1209,5.0,-9.3955397605896,3.924,-972.07,359.6
2.1279,5.0,-9.360522031784058,3.924,-972.07,359.6
2.1331,5.0,-9.334632158279419,3.155,-964.6,359.6
2.1401,5.0,-9.299371242523193,3.155,-964.6,359.6
2.1453,5.0,-9.273496866226196,3.155,-964.6,359.6
2.1505,5.0,-9.247649908065796,3.155,-964.6,359.6
2.1556,5.0,-9.221805334091187,2.97,-955.283,359.6
2.1645,5.0,-9.177378416061401,2.97,-955.283,359.6
2.1697,5.0,-9.151511192321777,2.97,-955.283,359.6
2.1749,5.0,-9.125659465789795,2.485,-948.604,359.6
2.1862,5.0,-9.068973064422607,2.485,-948.604,359.6
2.1914,5.0,-9.043097496032715,2.485,-948.604,359.6
2.1966,5.0,-9.017248153686523,2.485,-948.604,359.6
2.2017,5.0,-8.991345167160034,2.091,-943.594,359.6
2.2104,5.0,-8.948183059692383,2.091,-943.594,359.6
2.2155,5.0,-8.922260999679565,2.091,-943.594,359.6
2.2207,5.0,-8.89638900756836,2.091,-943.594,359.6
2.2259,5.0,-8.870540857315063,2.091,-943.594,359.6
2.2311,5.0,-8.84469747543335,3.108,-927.773,359.6
2.2398,5.0,-8.801052570343018,3.108,-927.773,359.6
2.2450,5.0,-8.77517819404602,3.108,-927.773,359.6
2.2501,5.0,-8.749327659606934,3.886,-915.732,359.6
2.2582,5.0,-8.709166049957275,3.886,-915.732,359.6
2.2633,5.0,-8.683332204818726,3.886,-915.732,359.6
2.2685,5.0,-8.657534122467041,3.886,-915.732,359.6
2.2737,5.0,-8.631744384765625,3.055,-907.734,359.6
2.2825,5.0,-8.587336540222168,3.055,-907.734,359.6
2.2877,5.0,-8.561522960662842,3.055,-907.734,359.6
2.2934,5.0,-8.533002138137817,3.055,-907.734,359.6
2.2986,5.0,-8.5071861743927,3.686,-893.672,359.6
2.3049,5.0,-8.475749492645264,3.686,-893.672,359.6
2.3118,5.0,-8.441009521484375,3.686,-893.672,359.6
2.3170,5.0,-8.415247201919556,2.999,-889.541,359.6
2.3252,5.0,-8.373873233795166,2.999,-889.541,359.6
2.3304,5.0,-8.348033428192139,2.999,-889.541,359.6
2.3356,5.0,-8.322232961654663,2.999,-889.541,359.6
2.3407,5.0,-8.296438455581665,2.211,-883.389,359.6
2.3496,5.0,-8.252142667770386,2.211,-883.389,359.6
2.3547,5.0,-8.226318359375,2.211,-883.389,359.6
2.3599,5.0,-8.20049524307251,2.211,-883.389,359.6
2.3651,5.0,-8.17469835281372,3.262,-869.59,359.6
2.3711,5.0,-8.1443452835083,3.262,-869.59,359.6
2.3763,5.0,-8.118524551391602,3.262,-869.59,359.6
2.3815,5.0,-8.092730045318604,3.262,-869.59,359.6
2.3866,5.0,-8.066935539245605,3.267,-860.186,359.6
2.3942,5.0,-8.028957843780518,3.267,-860.186,359.6
2.3994,5.0,-8.003140687942505,3.267,-860.186,359.6
2.4051,5.0,-7.974646091461182,3.267,-860.186,359.6
2.4117,5.0,-7.941340208053589,2.915,-851.133,359.6
2.4178,5.0,-7.9108452796936035,2.915,-851.133,359.6
2.4230,5.0,-7.885028123855591,2.915,-851.133,359.6
2.4282,5.0,-7.859232425689697,2.915,-851.133,359.6
2.4333,5.0,-7.833442687988281,3.737,-835.664,359.6
2.4409,5.0,-7.7954137325286865,3.737,-835.664,359.6
2.4461,5.0,-7.769601345062256,3.737,-835.664,359.6
2.4512,5.0,-7.743806838989258,4.213,-822.48,359.6
2.4622,5.0,-7.688751220703125,4.213,-822.48,359.6
2.4674,5.0,-7.662931680679321,4.213,-822.48,359.6
2.4726,5.0,-7.637131214141846,4.213,-822.48,359.6
2.4777,5.0,-7.61134147644043,4.54,-806.396,359.6
2.4856,5.0,-7.571980953216553,4.54,-806.396,359.6
2.4908,5.0,-7.546110153198242,4.54,-806.396,359.6
2.4959,5.0,-7.520276308059692,4.54,-806.396,359.6
2.5011,5.0,-7.494474649429321,4.335,-792.422,359.6
2.5111,5.0,-7.444745302200317,4.335,-792.422,359.6
2.5168,5.0,-7.4159932136535645,4.335,-792.422,359.6
2.5220,5.0,-7.389920949935913,4.335,-792.422,359.6
2.5272,5.0,-7.364070415496826,4.131,-780.908,359.6
2.5333,5.0,-7.333316802978516,4.131,-780.908,359.6
2.5386,5.0,-7.307240962982178,4.131,-780.908,359.6
2.5437,5.0,-7.2814226150512695,3.577,-773.086,359.6
2.5526,5.0,-7.236883640289307,3.577,-773.086,359.6
2.5578,5.0,-7.211037874221802,3.577,-773.086,359.6
2.5630,5.0,-7.185227870941162,3.577,-773.086,359.6
2.5681,5.0,-7.159430980682373,3.034,-766.055,359.6
2.5758,5.0,-7.120798826217651,3.034,-766.055,359.6
2.5810,5.0,-7.094979286193848,3.034,-766.055,359.6
2.5862,5.0,-7.069177627563477,3.034,-766.055,359.6
2.5913,5.0,-7.0433855056762695,3.23,-753.838,359.6
2.5975,5.0,-7.012659311294556,3.23,-753.838,359.6
2.6027,5.0,-6.986583471298218,3.23,-753.838,359.6
2.6096,5.0,-6.95192813873291,3.23,-753.838,359.6
2.6148,5.0,-6.926079988479614,3.312,-743.027,359.6
2.6217,5.0,-6.89165472984314,3.312,-743.027,359.6
2.6274,5.0,-6.863206624984741,3.312,-743.027,359.6
2.6325,5.0,-6.8373870849609375,3.312,-743.027,359.6
2.6377,5.0,-6.811591386795044,3.312,-731.689,359.6
2.6460,5.0,-6.769846677780151,3.312,-731.689,359.6
2.6512,5.0,-6.744028329849243,3.312,-731.689,359.6
2.6564,5.0,-6.718230247497559,3.312,-731.689,359.6
2.6615,5.0,-6.6924357414245605,3.873,-718.33,359.6
2.6676,5.0,-6.662123203277588,3.873,-718.33,359.6
2.6727,5.0,-6.636315584182739,3.873,-718.33,359.6
2.6805,5.0,-6.597572565078735,3.873,-718.33,359.6
2.6856,5.0,-6.571763753890991,4.067,-704.971,359.6
2.6917,5.0,-6.541492938995361,4.067,-704.971,359.6
2.6969,5.0,-6.515680551528931,4.067,-704.971,359.6
2.7020,5.0,-6.489887237548828,3.968,-693.809,359.6
2.7110,5.0,-6.444852352142334,3.968,-693.809,359.6
2.7162,5.0,-6.419026851654053,3.968,-693.809,359.6
2.7214,5.0,-6.3932204246521,3.968,-693.809,359.6
2.7265,5.0,-6.367347240447998,3.628,-683.174,359.6
2.7374,5.0,-6.312764883041382,3.628,-683.174,359.6
2.7426,5.0,-6.286928653717041,3.628,-683.174,359.6
2.7478,5.0,-6.261121034622192,3.097,-676.143,359.6
2.7557,5.0,-6.221541166305542,3.097,-676.143,359.6
2.7609,5.0,-6.19572639465332,3.097,-676.143,359.6
2.7660,5.0,-6.169929504394531,3.097,-676.143,359.6
2.7712,5.0,-6.144137382507324,2.943,-667.266,359.6
2.7773,5.0,-6.113520860671997,2.943,-667.266,359.6
2.7825,5.0,-6.087706089019775,2.943,-667.266,359.6
2.7881,5.0,-6.059278249740601,2.943,-667.266,359.6
2.7933,5.0,-6.033464670181274,3.51,-653.467,359.6
2.8004,5.0,-5.9981369972229,3.51,-653.467,359.6
2.8070,5.0,-5.964845418930054,3.51,-653.467,359.6
2.8122,5.0,-5.938934087753296,4.019,-640.195,359.6
2.8207,5.0,-5.896420478820801,4.019,-640.195,359.6
2.8259,5.0,-5.870586633682251,4.019,-640.195,359.6
2.8310,5.0,-5.844782590866089,4.019,-640.195,359.6
2.8362,5.0,-5.818983316421509,4.667,-624.99,359.6
2.8423,5.0,-5.788644552230835,4.667,-624.99,359.6
2.8480,5.0,-5.760221481323242,4.667,-624.99,359.6
2.8531,5.0,-5.734652280807495,4.667,-624.99,359.6
2.8583,5.0,-5.708655118942261,3.421,-620.244,359.6
2.8644,5.0,-5.678130388259888,3.421,-620.244,359.6
2.8695,5.0,-5.6523072719573975,3.421,-620.244,359.6
2.8747,5.0,-5.626507997512817,3.421,-620.244,359.6
2.8799,5.0,-5.600656270980835,2.201,-616.289,359.6
2.8877,5.0,-5.561537742614746,2.201,-616.289,359.6
2.8929,5.0,-5.535722970962524,2.201,-616.289,359.6
2.9008,5.0,-5.495860576629639,2.187,-609.082,359.6
2.9087,5.0,-5.456255674362183,2.187,-609.082,359.6
2.9139,5.0,-5.4303765296936035,2.187,-609.082,359.6
2.9191,5.0,-5.4045569896698,2.187,-609.082,359.6
2.9242,5.0,-5.378763675689697,2.111,-602.842,359.6
2.9324,5.0,-5.338146686553955,2.111,-602.842,359.6
2.9375,5.0,-5.312333106994629,2.111,-602.842,359.6
2.9427,5.0,-5.286537408828735,2.111,-602.842,359.6
2.9479,5.0,-5.260747671127319,1.532,-600.469,359.6
2.9539,5.0,-5.2303242683410645,1.532,-600.469,359.6
2.9596,5.0,-5.201914310455322,1.532,-600.469,359.6
2.9648,5.0,-5.176099538803101,1.532,-600.469,359.6
2.9699,5.0,-5.150303840637207,1.061,-598.799,359.6
2.9760,5.0,-5.120062828063965,1.061,-598.799,359.6
2.9812,5.0,-5.094246864318848,1.061,-598.799,359.6
2.9863,5.0,-5.068447589874268,1.205,-594.141,359.6
2.9953,5.0,-5.023390054702759,1.205,-594.141,359.6
3.0005,5.0,-4.997572898864746,1.205,-594.141,359.6
3.0075,5.0,-4.962388277053833,1.721,-587.285,359.6
3.0178,5.0,-4.911003112792969,1.721,-587.285,359.6
3.0230,5.0,-4.884978532791138,1.721,-587.285,359.6
3.0282,5.0,-4.859004020690918,1.721,-587.285,359.6
3.0333,5.0,-4.833352565765381,2.834,-573.75,359.6
3.0410,5.0,-4.794976711273193,2.834,-573.75,359.6
3.0462,5.0,-4.768928289413452,2.834,-573.75,359.6
3.0514,5.0,-4.7430360317230225,2.834,-573.75,359.6
3.0566,5.0,-4.717214107513428,3.334,-563.203,359.6
3.0627,5.0,-4.686532020568848,3.334,-563.203,359.6
3.0679,5.0,-4.660705327987671,3.334,-563.203,359.6
3.0736,5.0,-4.6321094036102295,3.334,-563.203,359.6
3.0787,5.0,-4.606292247772217,3.771,-549.844,359.6
3.0848,5.0,-4.576106071472168,3.771,-549.844,359.6
3.0900,5.0,-4.550182819366455,3.771,-549.844,359.6
3.0952,5.0,-4.524188041687012,3.939,-539.473,359.6
3.1040,5.0,-4.480068683624268,3.939,-539.473,359.6
3.1107,5.0,-4.446734189987183,3.939,-539.473,359.6
3.1158,5.0,-4.420907497406006,3.939,-539.473,359.6
3.1210,5.0,-4.395109415054321,2.987,-532.617,359.6
3.1284,5.0,-4.358108043670654,2.987,-532.617,359.6
3.1335,5.0,-4.332287311553955,2.987,-532.617,359.6
3.1387,5.0,-4.3064868450164795,2.987,-532.617,359.6
3.1439,5.0,-4.2806994915008545,2.617,-526.201,359.6
3.1499,5.0,-4.250260591506958,2.617,-526.201,359.6
3.1551,5.0,-4.224443435668945,2.617,-526.201,359.6
3.1603,5.0,-4.19864296913147,2.617,-526.201,359.6
3.1654,5.0,-4.172846078872681,2.594,-517.5,359.6
3.1730,5.0,-4.134799242019653,2.594,-517.5,359.6
3.1782,5.0,-4.108978509902954,2.594,-517.5,359.6
3.1839,5.0,-4.080514907836914,2.594,-517.5,359.6
3.1891,5.0,-4.054698944091797,1.934,-513.896,359.6
3.1953,5.0,-4.023537635803223,1.934,-513.896,359.6
3.2005,5.0,-3.997594118118286,1.934,-513.896,359.6
3.2072,5.0,-3.9641833305358887,1.934,-513.896,359.6
3.2123,5.0,-3.93835186958313,1.589,-508.535,359.6
3.2197,5.0,-3.901313543319702,1.589,-508.535,359.6
3.2249,5.0,-3.8754940032958984,1.589,-508.535,359.6
3.2301,5.0,-3.8496994972229004,2.415,-498.076,359.6
3.2411,5.0,-3.7946581840515137,2.415,-498.076,359.6
3.2462,5.0,-3.7688374519348145,2.415,-498.076,359.6
3.2514,5.0,-3.7430405616760254,2.415,-498.076,359.6
3.2566,5.0,-3.7171757221221924,3.562,-484.102,359.6
3.2626,5.0,-3.6868369579315186,3.562,-484.102,359.6
3.2678,5.0,-3.6610710620880127,3.562,-484.102,359.6
3.2729,5.0,-3.6353135108947754,3.562,-484.102,359.6
3.2781,5.0,-3.6095690727233887,3.8,-471.621,359.6
3.2857,5.0,-3.5714972019195557,3.8,-471.621,359.6
3.2918,5.0,-3.5410118103027344,3.8,-471.621,359.6
3.2970,5.0,-3.515244722366333,3.8,-471.621,359.6
3.3021,5.0,-3.4894943237304688,4.017,-458.35,359.6
3.3101,5.0,-3.4497439861297607,4.017,-458.35,359.6
3.3152,5.0,-3.424168825149536,4.017,-458.35,359.6
3.3204,5.0,-3.3981943130493164,4.11,-447.188,359.6
3.3273,5.0,-3.3636856079101562,4.11,-447.188,359.6
3.3324,5.0,-3.3379018306732178,4.11,-447.188,359.6
3.3376,5.0,-3.3120715618133545,4.11,-447.188,359.6
3.3427,5.0,-3.2863199710845947,3.888,-434.883,359.6
3.3516,5.0,-3.242143392562866,3.888,-434.883,359.6
3.3567,5.0,-3.216369152069092,3.888,-434.883,359.6
3.3619,5.0,-3.1906163692474365,3.888,-434.883,359.6
3.3670,5.0,-3.164874315261841,3.33,-427.939,359.6
3.3731,5.0,-3.1344223022460938,3.33,-427.939,359.6
3.3783,5.0,-3.108597993850708,3.33,-427.939,359.6
3.3834,5.0,-3.082841634750366,3.33,-427.939,359.6
3.3886,5.0,-3.057096004486084,2.476,-422.051,359.6
3.3962,5.0,-3.0190908908843994,2.476,-422.051,359.6
3.4019,5.0,-2.990696430206299,2.476,-422.051,359.6
3.4090,5.0,-2.9547834396362305,2.476,-422.051,359.6
3.4142,5.0,-2.9289233684539795,2.585,-412.559,359.6
3.4204,5.0,-2.8981924057006836,2.585,-412.559,359.6
3.4255,5.0,-2.872406244277954,2.585,-412.559,359.6
3.4307,5.0,-2.846653461456299,2.585,-412.559,359.6
3.4358,5.0,-2.820906639099121,2.993,-401.221,359.6
3.4440,5.0,-2.7799785137176514,2.993,-401.221,359.6
3.4492,5.0,-2.754213809967041,2.993,-401.221,359.6
3.4543,5.0,-2.7284657955169678,2.993,-401.221,359.6
3.4600,5.0,-2.7000999450683594,2.792,-392.959,359.6
3.4671,5.0,-2.6644539833068848,2.792,-392.959,359.6
3.4723,5.0,-2.6386666297912598,2.792,-392.959,359.6
3.4774,5.0,-2.6129150390625,2.792,-392.959,359.6
3.4826,5.0,-2.587176561355591,3.0,-381.709,359.6
3.4914,5.0,-2.542814016342163,3.0,-381.709,359.6
3.4966,5.0,-2.5170528888702393,3.0,-381.709,359.6
3.5017,5.0,-2.4913060665130615,3.0,-381.709,359.6
3.5088,5.0,-2.4561572074890137,3.728,-367.031,359.6
3.5178,5.0,-2.4112355709075928,3.728,-367.031,359.6
3.5230,5.0,-2.3852181434631348,3.728,-367.031,359.6
3.5281,5.0,-2.3594117164611816,3.728,-357.803,359.6
3.5351,5.0,-2.3242664337158203,3.728,-357.803,359.6
3.5403,5.0,-2.2984564304351807,3.728,-357.803,359.6
3.5455,5.0,-2.272599935531616,3.728,-357.803,359.6
3.5507,5.0,-2.2466278076171875,3.728,-347.08,359.6
3.5568,5.0,-2.215886116027832,3.728,-347.08,359.6
3.5620,5.0,-2.189844846725464,3.728,-347.08,359.6
3.5685,5.0,-2.157597541809082,3.728,-347.08,359.6
3.5736,5.0,-2.131819725036621,3.348,-337.939,359.6
3.5797,5.0,-2.1015000343322754,3.348,-337.939,359.6
3.5849,5.0,-2.075732946395874,3.348,-337.939,359.6
3.5900,5.0,-2.0499789714813232,2.355,-335.391,359.6
3.5989,5.0,-2.0055580139160156,2.355,-335.391,359.6
3.6041,5.0,-1.9796156883239746,2.355,-335.391,359.6
3.6108,5.0,-1.945955753326416,2.355,-335.391,359.6
3.6160,5.0,-1.9201576709747314,2.355,-335.391,359.6
3.6211,5.0,-1.8943965435028076,2.05,-327.568,359.6
3.6292,5.0,-1.8540453910827637,2.05,-327.568,359.6
3.6343,5.0,-1.8282651901245117,2.05,-327.568,359.6
3.6395,5.0,-1.8025100231170654,2.418,-319.043,359.6
3.6467,5.0,-1.766430139541626,2.418,-319.043,359.6
3.6519,5.0,-1.7406582832336426,2.418,-319.043,359.6
3.6570,5.0,-1.7148196697235107,2.418,-319.043,359.6
3.6622,5.0,-1.68906569480896,2.72,-309.375,359.6
3.6710,5.0,-1.6448211669921875,2.72,-309.375,359.6
3.6762,5.0,-1.6189873218536377,2.72,-309.375,359.6
3.6819,5.0,-1.5905869007110596,2.72,-309.375,359.6
3.6870,5.0,-1.5648245811462402,2.07,-306.123,359.6
3.6931,5.0,-1.5344512462615967,2.07,-306.123,359.6
3.6983,5.0,-1.5086853504180908,2.07,-306.123,359.6
3.7034,5.0,-1.482933759689331,2.494,-296.191,359.6
3.7124,5.0,-1.4380443096160889,2.494,-296.191,359.6
3.7175,5.0,-1.4122653007507324,2.494,-296.191,359.6
3.7227,5.0,-1.3864994049072266,2.494,-296.191,359.6
3.7279,5.0,-1.3607490062713623,3.757,-280.635,359.6
3.7339,5.0,-1.3303327560424805,3.757,-280.635,359.6
3.7396,5.0,-1.3019537925720215,3.757,-280.635,359.6
3.7448,5.0,-1.276181936264038,3.757,-280.635,359.6
3.7499,5.0,-1.2504291534423828,4.045,-268.945,359.6
3.7560,5.0,-1.2201929092407227,4.045,-268.945,359.6
3.7611,5.0,-1.1944270133972168,4.045,-268.945,359.6
3.7663,5.0,-1.168665885925293,4.045,-268.945,359.6
3.7714,5.0,-1.1429154872894287,3.973,-255.938,359.6
3.7795,5.0,-1.102672815322876,3.973,-255.938,359.6
3.7846,5.0,-1.076890230178833,3.973,-255.938,359.6
3.7924,5.0,-1.0380005836486816,3.202,-249.961,359.6
3.8006,5.0,-0.9972405433654785,3.202,-249.961,359.6
3.8072,5.0,-0.9639966487884521,3.202,-249.961,359.6
3.8124,5.0,-0.9382259845733643,2.411,-245.215,359.6
3.8208,5.0,-0.8960747718811035,2.411,-245.215,359.6
3.8259,5.0,-0.8702898025512695,2.411,-245.215,359.6
3.8311,5.0,-0.8445262908935547,2.411,-245.215,359.6
3.8362,5.0,-0.8187782764434814,2.411,-245.215,359.6
3.8414,5.0,-0.7930302619934082,2.757,-233.35,359.6
3.8492,5.0,-0.7539153099060059,2.757,-233.35,359.6
3.8544,5.0,-0.728144645690918,2.757,-233.35,359.6
3.8595,5.0,-0.7023954391479492,2.865,-225.0,359.6
3.8674,5.0,-0.6628096103668213,2.865,-225.0,359.6
3.8726,5.0,-0.6370449066162109,2.865,-225.0,359.6
3.8777,5.0,-0.6112957000732422,2.865,-225.0,359.6
3.8829,5.0,-0.58555006980896,2.865,-215.156,359.6
3.8918,5.0,-0.5410802364349365,2.865,-215.156,359.6
3.8978,5.0,-0.5110573768615723,2.865,-215.156,359.6
3.9029,5.0,-0.4852890968322754,2.865,-215.156,359.6
3.9099,5.0,-0.4505336284637451,3.326,-202.148,359.6
3.9161,5.0,-0.41941285133361816,3.326,-202.148,359.6
3.9213,5.0,-0.3936171531677246,3.326,-202.148,359.6
3.9264,5.0,-0.36785244941711426,3.326,-202.148,359.6
3.9316,5.0,-0.34210681915283203,3.304,-192.041,359.6
3.9404,5.0,-0.2978956699371338,3.304,-192.041,359.6
3.9456,5.0,-0.2721285820007324,3.304,-192.041,359.6
3.9526,5.0,-0.2369701862335205,3.013,-184.043,359.6
3.9607,5.0,-0.1965773105621338,3.013,-184.043,359.6
3.9658,5.0,-0.17081379890441895,3.013,-184.043,359.6
3.9710,5.0,-0.14505386352539062,3.013,-184.043,359.6
3.9762,5.0,-0.11919379234313965,2.9,-174.375,359.6
3.9850,5.0,-0.0749361515045166,2.9,-174.375,359.6
3.9902,5.0,-0.04917263984680176,2.9,-174.375,359.6
3.9953,5.0,-0.023424625396728516,2.9,-174.375,359.6
4.0005,5.0,0.0023174285888671875,2.424,-170.068,359.6
4.0085,5.0,0.0426483154296875,2.424,-170.068,359.6
4.0143,5.0,0.07134437561035156,2.424,-170.068,359.6
4.0195,5.0,0.09747147560119629,1.564,-167.607,359.6
4.0276,5.0,0.13818025588989258,1.564,-167.607,359.6
4.0328,5.0,0.16377687454223633,1.564,-167.607,359.6
4.0379,5.0,0.18969416618347168,1.564,-167.607,359.6
4.0431,5.0,0.21570563316345215,1.564,-163.301,359.6
4.0493,5.0,0.24648189544677734,1.564,-163.301,359.6
4.0545,5.0,0.2722620964050293,1.564,-163.301,359.6
4.0596,5.0,0.2980172634124756,2.26,-152.578,359.6
4.0692,5.0,0.34590721130371094,2.26,-152.578,359.6
4.0743,5.0,0.37166833877563477,2.26,-152.578,359.6
4.0795,5.0,0.39730072021484375,2.26,-152.578,359.6
4.0846,5.0,0.42276501655578613,3.73,-136.582,359.6
4.0935,5.0,0.4673171043395996,3.73,-136.582,359.6
4.0986,5.0,0.4932260513305664,3.73,-136.582,359.6
4.1038,5.0,0.5190324783325195,3.639,-127.266,359.6
4.1137,5.0,0.5686414241790771,3.639,-127.266,359.6
4.1189,5.0,0.5944168567657471,3.639,-127.266,359.6
4.1245,5.0,0.6227421760559082,3.639,-127.266,359.6
4.1297,5.0,0.648505687713623,3.433,-116.455,359.6
4.1360,5.0,0.6800806522369385,3.433,-116.455,359.6
4.1412,5.0,0.7058417797088623,3.433,-116.455,359.6
4.1463,5.0,0.7315826416015625,3.433,-116.455,359.6
4.1515,5.0,0.7573235034942627,3.522,-104.678,359.6
4.1603,5.0,0.8017265796661377,3.522,-104.678,359.6
4.1655,5.0,0.827491283416748,3.522,-104.678,359.6
4.1706,5.0,0.8532392978668213,3.44,-94.746,359.6
4.1816,5.0,0.9082448482513428,3.44,-94.746,359.6
4.1868,5.0,0.9340107440948486,3.44,-94.746,359.6
4.1920,5.0,0.9597575664520264,3.44,-94.746,359.6
4.1971,5.0,0.9855985641479492,3.44,-85.518,359.6
4.2032,5.0,1.015777587890625,3.44,-85.518,359.6
4.2098,5.0,1.048976182937622,3.44,-85.518,359.6
4.2149,5.0,1.07474684715271,3.44,-85.518,359.6
4.2201,5.0,1.1004960536956787,2.708,-78.838,359.6
4.2262,5.0,1.1310935020446777,2.708,-78.838,359.6
4.2314,5.0,1.156855821609497,2.708,-78.838,359.6
4.2371,5.0,1.185300350189209,2.708,-78.838,359.6
4.2422,5.0,1.2110662460327148,2.338,-72.246,359.6
4.2485,5.0,1.2425684928894043,2.338,-72.246,359.6
4.2537,5.0,1.268327236175537,2.338,-72.246,359.6
4.2588,5.0,1.2940764427185059,2.338,-72.246,359.6
4.2640,5.0,1.3198256492614746,2.562,-63.281,359.6
4.2728,5.0,1.3641035556793213,2.562,-63.281,359.6
4.2780,5.0,1.3898873329162598,2.562,-63.281,359.6
4.2831,5.0,1.4156031608581543,2.58,-55.283,359.6
4.2931,5.0,1.4656257629394531,2.58,-55.283,359.6
4.2983,5.0,1.4913642406463623,2.58,-55.283,359.6
4.3034,5.0,1.5170788764953613,2.58,-55.283,359.6
4.3100,5.0,1.5500473976135254,2.682,-46.143,359.6
4.3173,5.0,1.5866529941558838,2.682,-46.143,359.6
4.3225,5.0,1.6124975681304932,2.682,-46.143,359.6
4.3277,5.0,1.6382670402526855,2.682,-46.143,359.6
4.3328,5.0,1.663985252380371,2.682,-46.143,359.6
4.3379,5.0,1.6896915435791016,2.891,-34.98,359.6
4.3440,5.0,1.720036268234253,2.891,-34.98,359.6
4.3497,5.0,1.748344898223877,2.891,-34.98,359.6
4.3548,5.0,1.7740726470947266,3.256,-24.697,359.6
4.3639,5.0,1.8194901943206787,3.256,-24.697,359.6
4.3690,5.0,1.8452227115631104,3.256,-24.697,359.6
4.3742,5.0,1.8709290027618408,3.256,-24.697,359.6
4.3793,5.0,1.8966317176818848,2.505,-20.83,359.6
4.3854,5.0,1.926966905593872,2.505,-20.83,359.6
4.3906,5.0,1.952883005142212,2.505,-20.83,359.6
4.3957,5.0,1.9786739349365234,2.505,-20.83,359.6
4.4015,5.0,2.0073115825653076,2.554,-11.162,359.6
4.4090,5.0,2.0450234413146973,2.554,-11.162,359.6
4.4142,5.0,2.07075834274292,2.554,-11.162,359.6
4.4193,5.0,2.096470594406128,2.554,-11.162,359.6
4.4244,5.0,2.1221792697906494,2.744,-2.988,359.6
4.4304,5.0,2.1522021293640137,2.744,-2.988,359.6
4.4356,5.0,2.1779239177703857,2.744,-2.988,359.6
4.4407,5.0,2.203640937805176,2.744,-2.988,359.6
4.4459,5.0,2.2293460369110107,1.729,-0.703,359.6
4.4570,5.0,2.2848832607269287,1.729,-0.703,359.6
4.4621,5.0,2.310609817504883,1.729,-0.703,359.6
4.4673,5.0,2.336322069168091,1.405,3.252,359.6
4.4733,5.0,2.3664486408233643,1.405,3.252,359.6
4.4787,5.0,2.393730878829956,1.405,3.252,359.6
4.4839,5.0,2.4194681644439697,1.405,3.252,359.6
4.4890,5.0,2.4451804161071777,1.405,3.252,359.6
4.4942,5.0,2.4708902835845947,2.389,16.172,359.6
4.5002,5.0,2.5009405612945557,2.389,16.172,359.6
4.5086,5.0,2.542957067489624,2.389,16.172,359.6
4.5138,5.0,2.568814754486084,4.238,32.871,359.6
4.5218,5.0,2.609034776687622,4.238,32.871,359.6
4.5270,5.0,2.6347780227661133,4.238,32.871,359.6
4.5321,5.0,2.6604700088500977,4.238,32.871,359.6
4.5373,5.0,2.6864826679229736,2.983,35.684,359.6
4.5433,5.0,2.716749906539917,2.983,35.684,359.6
4.5485,5.0,2.7427172660827637,2.983,35.684,359.6
4.5537,5.0,2.768528461456299,2.49,43.33,359.6
4.5656,5.0,2.8278207778930664,2.49,43.33,359.6
4.5707,5.0,2.853577136993408,2.49,43.33,359.6
4.5759,5.0,2.8794634342193604,3.484,56.953,359.6
4.5835,5.0,2.917325496673584,3.484,56.953,359.6
4.5886,5.0,2.9430973529815674,3.484,56.953,359.6
4.5938,5.0,2.9690051078796387,3.484,56.953,359.6
4.5990,5.0,2.994788885116577,3.234,65.479,359.6
4.6078,5.0,3.0387747287750244,3.234,65.479,359.6
4.6144,5.0,3.072028160095215,3.234,65.479,359.6
4.6201,5.0,3.100404739379883,3.234,65.479,359.6
4.6252,5.0,3.1258928775787354,3.088,75.85,359.6
4.6312,5.0,3.1558358669281006,3.088,75.85,359.6
4.6363,5.0,3.1816112995147705,3.088,75.85,359.6
4.6415,5.0,3.20733904838562,3.444,87.188,359.6
4.6504,5.0,3.252243995666504,3.444,87.188,359.6
4.6556,5.0,3.277970552444458,3.444,87.188,359.6
4.6607,5.0,3.303682804107666,3.444,87.188,359.6
4.6659,5.0,3.329387903213501,2.834,93.428,359.6
4.6768,5.0,3.3837759494781494,2.834,93.428,359.6
4.6819,5.0,3.4095025062561035,2.834,93.428,359.6
4.6870,5.0,3.435208797454834,2.346,99.053,359.6
4.6948,5.0,3.473837375640869,2.346,99.053,359.6
4.6999,5.0,3.499577045440674,2.346,99.053,359.6
4.7051,5.0,3.525291681289673,2.346,99.053,359.6
4.7117,5.0,3.5584604740142822,3.176,113.379,359.6
4.7191,5.0,3.595348596572876,3.176,113.379,359.6
4.7242,5.0,3.6210787296295166,3.176,113.379,359.6
4.7302,5.0,3.6511504650115967,3.176,113.379,359.6
4.7354,5.0,3.6768746376037598,3.403,122.52,359.6
4.7414,5.0,3.70713472366333,3.403,122.52,359.6
4.7466,5.0,3.732858896255493,3.403,122.52,359.6
4.7517,5.0,3.75856876373291,3.403,122.52,359.6
4.7569,5.0,3.784271478652954,3.267,134.209,359.6
4.7658,5.0,3.8289690017700195,3.267,134.209,359.6
4.7709,5.0,3.8546979427337646,3.267,134.209,359.6
4.7761,5.0,3.880418539047241,3.641,146.162,359.6
4.7881,5.0,3.9404284954071045,3.641,146.162,359.6
4.7932,5.0,3.9661622047424316,3.641,146.162,359.6
4.7984,5.0,3.991851806640625,3.279,153.545,359.6
4.8061,5.0,4.030553102493286,3.279,153.545,359.6
4.8128,5.0,4.063770771026611,3.279,153.545,359.6
4.8179,5.0,4.089505672454834,3.279,153.545,359.6
4.8230,5.0,4.115220308303833,3.279,165.762,359.6
4.8304,5.0,4.151936769485474,3.279,165.762,359.6
4.8355,5.0,4.177671670913696,3.279,165.762,359.6
4.8415,5.0,4.2075371742248535,3.279,165.762,359.6
4.8467,5.0,4.233264923095703,3.528,176.66,359.6
4.8527,5.0,4.2633819580078125,3.528,176.66,359.6
4.8578,5.0,4.289107322692871,3.528,176.66,359.6
4.8630,5.0,4.314814805984497,3.528,176.66,359.6
4.8681,5.0,4.3405210971832275,3.195,184.307,359.6
4.8741,5.0,4.3706536293029785,3.195,184.307,359.6
4.8793,5.0,4.396448135375977,3.195,184.307,359.6
4.8844,5.0,4.422165155410767,3.195,184.307,359.6
4.8896,5.0,4.447870254516602,3.688,197.842,359.6
4.8971,5.0,4.485409259796143,3.688,197.842,359.6
4.9023,5.0,4.5114052295684814,3.688,197.842,359.6
4.9089,5.0,4.544581174850464,3.688,197.842,359.6
4.9141,5.0,4.5703125,3.931,210.85,359.6
4.9201,5.0,4.6005332469940186,3.931,210.85,359.6
4.9253,5.0,4.626264572143555,3.931,210.85,359.6
4.9304,5.0,4.651975631713867,3.703,220.605,359.6
4.9387,5.0,4.693278074264526,3.703,220.605,359.6
4.9438,5.0,4.719008207321167,3.703,220.605,359.6
4.9489,5.0,4.7447192668914795,3.703,220.605,359.6
4.9546,5.0,4.773050546646118,4.236,235.283,359.6
4.9606,5.0,4.803198575973511,4.236,235.283,359.6
4.9658,5.0,4.828922748565674,4.236,235.283,359.6
4.9709,5.0,4.854631423950195,4.236,235.283,359.6
4.9761,5.0,4.88033652305603,3.999,247.061,359.6
4.9842,5.0,4.92093563079834,3.999,247.061,359.6
4.9893,5.0,4.946660995483398,3.999,247.061,359.6
4.9945,5.0,4.97236967086792,3.999,247.061,359.6
4.9996,5.0,4.998081922531128,3.999,259.014,359.6
5.0084,5.0,5.0418853759765625,3.999,259.014,359.6
5.0150,5.0,5.075165033340454,3.999,259.014,359.6
5.0202,5.0,5.101056098937988,3.472,266.484,359.6
5.0263,5.0,5.131634473800659,3.472,266.484,359.6
5.0315,5.0,5.1573896408081055,3.472,266.484,359.6
5.0366,5.0,5.183112621307373,3.472,266.484,359.6
5.0418,5.0,5.208840370178223,3.251,277.471,359.6
5.0500,5.0,5.249882936477661,3.251,277.471,359.6
5.0551,5.0,5.275614261627197,3.251,277.471,359.6
5.0608,5.0,5.303945541381836,3.251,277.471,359.6
5.0659,5.0,5.3296661376953125,4.032,292.412,359.6
5.0720,5.0,5.3597986698150635,4.032,292.412,359.6
5.0771,5.0,5.385524034500122,4.032,292.412,359.6
5.0822,5.0,5.411237478256226,3.604,299.795,359.6
5.0914,5.0,5.457248687744141,3.604,299.795,359.6
5.0966,5.0,5.482977628707886,3.604,299.795,359.6
5.1017,5.0,5.5087339878082275,3.604,299.795,359.6
5.1084,5.0,5.541855096817017,3.013,306.738,359.6
5.1156,5.0,5.578210353851318,3.013,306.738,359.6
5.1208,5.0,5.6039440631866455,3.013,306.738,359.6
5.1259,5.0,5.6296539306640625,3.565,319.922,359.6
5.1329,5.0,5.664709806442261,3.565,319.922,359.6
5.1381,5.0,5.690499544143677,3.565,319.922,359.6
5.1432,5.0,5.716216564178467,3.565,319.922,359.6
5.1484,5.0,5.741925239562988,3.15,327.92,359.6
5.1572,5.0,5.786181688308716,3.15,327.92,359.6
5.1624,5.0,5.8119118213653564,3.15,327.92,359.6
5.1681,5.0,5.840271711349487,3.15,327.92,359.6
5.1732,5.0,5.865998268127441,2.474,334.248,359.6
5.1815,5.0,5.9075844287872314,2.474,334.248,359.6
5.1867,5.0,5.9333062171936035,2.474,334.248,359.6
5.1918,5.0,5.9590137004852295,2.474,334.248,359.6
5.1969,5.0,5.9847211837768555,2.581,344.004,359.6
5.2058,5.0,6.028940677642822,2.581,344.004,359.6
5.2124,5.0,6.062030792236328,2.581,344.004,359.6
5.2176,5.0,6.087751388549805,2.169,348.223,359.6
5.2291,5.0,6.14568829536438,2.169,348.223,359.6
5.2343,5.0,6.171422004699707,2.169,348.223,359.6
5.2394,5.0,6.197131872177124,1.533,350.332,359.6
5.2473,5.0,6.236443519592285,1.533,350.332,359.6
5.2524,5.0,6.262171268463135,1.533,350.332,359.6
5.2576,5.0,6.287881135940552,1.533,350.332,359.6
5.2627,5.0,6.313585042953491,1.338,355.342,359.6
5.2715,5.0,6.3577234745025635,1.338,355.342,359.6
5.2776,5.0,6.387845277786255,1.338,355.342,359.6
5.2827,5.0,6.413534879684448,2.033,363.691,359.6
5.2918,5.0,6.458863019943237,2.033,363.691,359.6
5.2969,5.0,6.484552621841431,2.033,363.691,359.6
5.3020,5.0,6.510058641433716,2.033,363.691,359.6
5.3086,5.0,6.543091535568237,3.31,378.984,359.6
5.3160,5.0,6.579961776733398,3.31,378.984,359.6
5.3212,5.0,6.605796813964844,3.31,378.984,359.6
5.3263,5.0,6.631536483764648,3.31,378.984,359.6
5.3314,5.0,6.657226085662842,3.429,388.564,359.6
5.3393,5.0,6.696361303329468,3.429,388.564,359.6
5.3444,5.0,6.722064018249512,3.429,388.564,359.6
5.3495,5.0,6.747739315032959,3.8,401.221,359.6
5.3575,5.0,6.787298917770386,3.8,401.221,359.6
5.3626,5.0,6.812989711761475,3.8,401.221,359.6
5.3677,5.0,6.83866024017334,3.8,401.221,359.6
5.3729,5.0,6.8643271923065186,3.914,413.877,359.6
5.3817,5.0,6.908469200134277,3.914,413.877,359.6
5.3877,5.0,6.938533782958984,3.914,413.877,359.6
5.3928,5.0,6.9642174243927,3.914,413.877,359.6
5.3980,5.0,6.989885568618774,3.566,424.688,359.6
5.4059,5.0,7.02971339225769,3.566,424.688,359.6
5.4126,5.0,7.062798738479614,3.566,424.688,359.6
5.4177,5.0,7.088487148284912,3.486,434.355,359.6
5.4261,5.0,7.13074803352356,3.486,434.355,359.6
5.4313,5.0,7.156659364700317,3.486,434.355,359.6
5.4365,5.0,7.182401418685913,3.486,434.355,359.6
5.4423,5.0,7.211710214614868,2.759,440.771,359.6
5.4504,5.0,7.252026796340942,2.759,440.771,359.6
5.4555,5.0,7.277721166610718,2.759,440.771,359.6
5.4607,5.0,7.3033952713012695,2.759,440.771,359.6
5.4658,5.0,7.329074144363403,2.484,448.33,359.6
5.4718,5.0,7.359189987182617,2.484,448.33,359.6
5.4769,5.0,7.384662628173828,2.484,448.33,359.6
5.4821,5.0,7.4104368686676025,2.484,448.33,359.6
5.4872,5.0,7.436113357543945,3.382,463.096,359.6
5.4988,5.0,7.494112253189087,3.382,463.096,359.6
5.5040,5.0,7.519804239273071,3.382,463.096,359.6
5.5110,5.0,7.554804086685181,3.614,473.906,359.6
5.5172,5.0,7.585839033126831,3.614,473.906,359.6
5.5224,5.0,7.611786127090454,3.614,473.906,359.6
5.5275,5.0,7.637509107589722,3.461,482.52,359.6
5.5363,5.0,7.681528329849243,3.461,482.52,359.6
5.5414,5.0,7.707233428955078,3.461,482.52,359.6
5.5466,5.0,7.732911109924316,3.461,482.52,359.6
5.5517,5.0,7.758582830429077,3.377,492.188,359.6
5.5595,5.0,7.797749042510986,3.377,492.188,359.6
5.5647,5.0,7.823444604873657,3.377,492.188,359.6
5.5698,5.0,7.8491175174713135,2.749,497.197,359.6
5.5777,5.0,7.888641357421875,2.749,497.197,359.6
5.5829,5.0,7.914329767227173,2.749,497.197,359.6
5.5880,5.0,7.940006256103516,2.749,497.197,359.6
5.5931,5.0,7.965672016143799,2.445,505.898,359.6
5.6020,5.0,8.009886741638184,2.445,505.898,359.6
5.6095,5.0,8.047658205032349,2.445,505.898,359.6
5.6147,5.0,8.0734121799469,3.015,516.709,359.6
5.6232,5.0,8.116108179092407,3.015,516.709,359.6
5.6284,5.0,8.14181923866272,3.015,516.709,359.6
5.6335,5.0,8.167496919631958,3.015,516.709,359.6
5.6386,5.0,8.1931734085083,2.76,524.092,359.6
5.6474,5.0,8.237236738204956,2.76,524.092,359.6
5.6526,5.0,8.26292872428894,2.76,524.092,359.6
5.6577,5.0,8.288602828979492,2.76,524.092,359.6
5.6634,5.0,8.316881656646729,2.351,531.563,359.6
5.6717,5.0,8.358501195907593,2.351,531.563,359.6
5.6768,5.0,8.384190797805786,2.351,531.563,359.6
5.6820,5.0,8.409868478775024,2.351,531.563,359.6
5.6871,5.0,8.435535430908203,3.441,545.713,359.6
5.6931,5.0,8.465712070465088,3.441,545.713,359.6
5.6983,5.0,8.491402864456177,3.441,545.713,359.6
5.7034,5.0,8.517074584960938,3.441,545.713,359.6
5.7100,5.0,8.550244569778442,3.779,558.193,359.6
5.7183,5.0,8.591450452804565,3.779,558.193,359.6
5.7234,5.0,8.617147207260132,3.779,558.193,359.6
5.7286,5.0,8.64282488822937,3.941,570.674,359.6
5.7364,5.0,8.681880235671997,3.941,570.674,359.6
5.7415,5.0,8.707568645477295,3.941,570.674,359.6
5.7466,5.0,8.733243942260742,3.941,570.674,359.6
5.7518,5.0,8.758914470672607,4.425,586.406,359.6
5.7606,5.0,8.803102970123291,4.425,586.406,359.6
5.7658,5.0,8.82879376411438,4.425,586.406,359.6
5.7717,5.0,8.858466148376465,4.425,586.406,359.6
5.7768,5.0,8.883945941925049,4.007,596.514,359.6
5.7828,5.0,8.914133310317993,4.007,596.514,359.6
5.7880,5.0,8.93986701965332,4.007,596.514,359.6
5.7931,5.0,8.965544700622559,3.929,607.764,359.6
5.8021,5.0,9.010262489318848,3.929,607.764,359.6
5.8087,5.0,9.043357372283936,3.929,607.764,359.6
5.8138,5.0,9.069044589996338,3.929,607.764,359.6
5.8189,5.0,9.094722270965576,3.929,607.764,359.6
5.8241,5.0,9.120392799377441,3.3,617.695,359.6
5.8306,5.0,9.152940511703491,3.3,617.695,359.6
5.8357,5.0,9.178626537322998,3.3,617.695,359.6
5.8409,5.0,9.204288721084595,3.222,627.275,359.6
5.8485,5.0,9.242633581161499,3.222,627.275,359.6
5.8536,5.0,9.268206357955933,3.222,627.275,359.6
5.8588,5.0,9.2939293384552,3.222,627.275,359.6
5.8639,5.0,9.319571256637573,3.773,642.041,359.6
5.8727,5.0,9.363696575164795,3.773,642.041,359.6
5.8779,5.0,9.389370679855347,3.773,642.041,359.6
5.8833,5.0,9.416426420211792,3.773,642.041,359.6
5.8884,5.0,9.441795349121094,3.661,651.445,359.6
5.8939,5.0,9.469605684280396,3.661,651.445,359.6
5.8990,5.0,9.495141506195068,3.661,651.445,359.6
5.9041,5.0,9.520546197891235,3.571,661.816,359.6
5.9142,5.0,9.570779800415039,3.571,661.816,359.6
5.9193,5.0,9.596370458602905,3.571,661.816,359.6
5.9244,5.0,9.621785879135132,3.571,661.816,359.6
5.9295,5.0,9.647294282913208,3.568,671.924,359.6
5.9355,5.0,9.677451848983765,3.568,671.924,359.6
5.9412,5.0,9.705924987792969,3.568,671.924,359.6
5.9463,5.0,9.731618165969849,3.568,671.924,359.6
5.9515,5.0,9.75727915763855,3.012,678.955,359.6
5.9573,5.0,9.786447286605835,3.012,678.955,359.6
5.9624,5.0,9.812142848968506,3.012,678.955,359.6
5.9676,5.0,9.837815761566162,3.012,678.955,359.6
5.9727,5.0,9.863488674163818,2.741,687.568,359.6
5.9809,5.0,9.904499053955078,2.741,687.568,359.6
5.9860,5.0,9.930181503295898,2.741,687.568,359.6
5.9940,5.0,9.970091581344604,2.144,691.436,359.6
6.0021,5.0,10.010664463043213,2.144,691.436,359.6
6.0088,5.0,10.044198036193848,2.144,691.436,359.6
6.0140,5.0,10.070122480392456,2.144,691.436,359.6
6.0192,5.0,10.09600043296814,1.498,694.512,359.6
6.0266,5.0,10.13309121131897,1.498,694.512,359.6
6.0318,5.0,10.158812999725342,1.498,694.512,359.6
6.0369,5.0,10.184506177902222,1.498,694.512,359.6
6.0420,5.0,10.210186243057251,1.227,698.027,359.6
6.0481,5.0,10.240358114242554,1.227,698.027,359.6
6.0537,5.0,10.268635749816895,1.227,698.027,359.6
6.0589,5.0,10.294321775436401,1.227,698.027,359.6
6.0640,5.0,10.319993495941162,2.335,709.893,359.6
6.0700,5.0,10.350074768066406,2.335,709.893,359.6
6.0752,5.0,10.375759601593018,2.335,709.893,359.6
6.0803,5.0,10.401514768600464,3.518,723.428,359.6
6.0892,5.0,10.446178913116455,3.518,723.428,359.6
6.0944,5.0,10.471863746643066,3.518,723.428,359.6
6.0995,5.0,10.497535467147827,3.518,723.428,359.6
6.1052,5.0,10.525823831558228,2.069,723.691,359.6
6.1133,5.0,10.566486120223999,2.069,723.691,359.6
6.1184,5.0,10.592193603515625,2.069,723.691,359.6
6.1236,5.0,10.617868900299072,2.069,723.691,359.6
6.1287,5.0,10.643543004989624,1.399,727.031,359.6
6.1377,5.0,10.688701868057251,1.399,727.031,359.6
6.1429,5.0,10.714393854141235,1.399,727.031,359.6
6.1480,5.0,10.74006199836731,1.399,727.031,359.6
6.1531,5.0,10.76573133468628,0.986,728.525,359.6
6.1592,5.0,10.795855522155762,0.986,728.525,359.6
6.1648,5.0,10.824153423309326,0.986,728.525,359.6
6.1700,5.0,10.849838256835938,0.986,728.525,359.6
6.1751,5.0,10.875571966171265,2.909,747.949,359.6
6.1812,5.0,10.90611219406128,2.909,747.949,359.6
6.1864,5.0,10.931813716888428,2.909,747.949,359.6
6.1915,5.0,10.957558155059814,2.909,747.949,359.6
6.1966,5.0,10.983233451843262,5.035,768.779,359.6
6.2042,5.0,11.021126508712769,5.035,768.779,359.6
6.2110,5.0,11.055234670639038,5.035,768.779,359.6
6.2167,5.0,11.08355164527893,4.867,781.523,359.6
6.2246,5.0,11.123157739639282,4.867,781.523,359.6
6.2298,5.0,11.148847341537476,4.867,781.523,359.6
6.2349,5.0,11.174516677856445,4.867,781.523,359.6
6.2400,5.0,11.200182437896729,3.033,784.16,359.6
6.2489,5.0,11.244425773620605,3.033,784.16,359.6
6.2540,5.0,11.270116567611694,3.033,784.16,359.6
6.2591,5.0,11.295543909072876,3.033,784.16,359.6
6.2642,5.0,11.32121205329895,3.116,796.377,359.6
6.2722,5.0,11.361080408096313,3.116,796.377,359.6
6.2773,5.0,11.386737823486328,3.116,796.377,359.6
6.2825,5.0,11.412371397018433,4.172,811.055,359.6
6.2903,5.0,11.451408863067627,4.172,811.055,359.6
6.2954,5.0,11.477068662643433,4.172,811.055,359.6
6.3005,5.0,11.502710580825806,3.33,815.273,359.6
6.3103,5.0,11.551460027694702,3.33,815.273,359.6
6.3154,5.0,11.577237844467163,3.33,815.273,359.6
6.3206,5.0,11.60302996635437,3.33,815.273,359.6
6.3263,5.0,11.631481647491455,2.383,821.25,359.6
6.3347,5.0,11.673469543457031,2.383,821.25,359.6
6.3398,5.0,11.699134111404419,2.383,821.25,359.6
6.3450,5.0,11.724779605865479,2.383,821.25,359.6
6.3501,5.0,11.750423908233643,2.456,828.809,359.6
6.3561,5.0,11.780456304550171,2.456,828.809,359.6
6.3612,5.0,11.806108951568604,2.456,828.809,359.6
6.3663,5.0,11.831746101379395,2.456,828.809,359.6
6.3715,5.0,11.857385635375977,1.985,833.555,359.6
6.3791,5.0,11.895495653152466,1.985,833.555,359.6
6.3847,5.0,11.923743486404419,1.985,833.555,359.6
6.3899,5.0,11.949399709701538,1.985,833.555,359.6
6.3950,5.0,11.975035667419434,2.192,841.553,359.6
6.4010,5.0,12.00514554977417,2.192,841.553,359.6
6.4080,5.0,12.039791345596313,2.192,841.553,359.6
6.4131,5.0,12.065532207489014,1.956,845.859,359.6
6.4203,5.0,12.10140347480774,1.956,845.859,359.6
6.4254,5.0,12.127074003219604,1.956,845.859,359.6
6.4305,5.0,12.152715921401978,2.053,852.715,359.6
6.4417,5.0,12.208530902862549,2.053,852.715,359.6
6.4468,5.0,12.234190702438354,2.053,852.715,359.6
6.4520,5.0,12.259829044342041,2.053,852.715,359.6
6.4571,5.0,12.285459041595459,2.28,861.328,359.6
6.4657,5.0,12.328436374664307,2.28,861.328,359.6
6.4708,5.0,12.354093790054321,2.28,861.328,359.6
6.4759,5.0,12.379729747772217,2.28,861.328,359.6
6.4811,5.0,12.40543007850647,2.28,861.328,359.6
6.4862,5.0,12.43106722831726,2.177,868.008,359.6
6.4922,5.0,12.4611234664917,2.177,868.008,359.6
6.4979,5.0,12.489352226257324,2.177,868.008,359.6
6.5030,5.0,12.515003681182861,1.727,871.436,359.6
6.5122,5.0,12.560780048370361,1.727,871.436,359.6
6.5173,5.0,12.586662769317627,1.727,871.436,359.6
6.5225,5.0,12.61249303817749,1.727,871.436,359.6
6.5276,5.0,12.638165950775146,1.879,878.291,359.6
6.5337,5.0,12.668620347976685,1.879,878.291,359.6
6.5389,5.0,12.694295644760132,1.879,878.291,359.6
6.5440,5.0,12.719863653182983,1.879,878.291,359.6
6.5497,5.0,12.748563289642334,2.94,891.738,359.6
6.5565,5.0,12.782546281814575,2.94,891.738,359.6
6.5616,5.0,12.808210849761963,2.94,891.738,359.6
6.5668,5.0,12.833852767944336,2.94,891.738,359.6
6.5719,5.0,12.859504222869873,3.137,900.176,359.6
6.5779,5.0,12.889525890350342,3.137,900.176,359.6
6.5830,5.0,12.915186882019043,3.137,900.176,359.6
6.5882,5.0,12.940841913223267,3.137,900.176,359.6
6.5933,5.0,12.966481447219849,3.591,914.941,359.6
6.6019,5.0,13.009607791900635,3.591,914.941,359.6
6.6091,5.0,13.045604228973389,3.591,914.941,359.6
6.6143,5.0,13.071273565292358,3.827,925.752,359.6
6.6231,5.0,13.115644454956055,3.827,925.752,359.6
6.6283,5.0,13.141306638717651,3.827,925.752,359.6
6.6334,5.0,13.166770935058594,3.827,925.752,359.6
6.6385,5.0,13.192310333251953,3.396,935.596,359.6
6.6475,5.0,13.23767900466919,3.396,935.596,359.6
6.6527,5.0,13.263416290283203,3.396,935.596,359.6
6.6596,5.0,13.29815149307251,3.3,945.176,359.6
6.6677,5.0,13.338674306869507,3.3,945.176,359.6
6.6729,5.0,13.364332914352417,3.3,945.176,359.6
6.6780,5.0,13.390023708343506,3.3,945.176,359.6
6.6831,5.0,13.415666818618774,2.848,952.646,359.6
6.6919,5.0,13.459663391113281,2.848,952.646,359.6
6.6971,5.0,13.4853196144104,2.848,952.646,359.6
6.7022,5.0,13.510957956314087,2.114,956.338,359.6
6.7130,5.0,13.564866781234741,2.114,956.338,359.6
6.7186,5.0,13.593237400054932,2.114,956.338,359.6
6.7238,5.0,13.618916273117065,2.114,956.338,359.6
6.7289,5.0,13.64456057548523,2.009,962.93,359.6
6.7349,5.0,13.674631118774414,2.009,962.93,359.6
6.7401,5.0,13.700286149978638,2.009,962.93,359.6
6.7452,5.0,13.725923299789429,2.009,962.93,359.6
6.7503,5.0,13.751556873321533,2.545,972.422,359.6
6.7563,5.0,13.781675100326538,2.545,972.422,359.6
6.7615,5.0,13.807337284088135,2.545,972.422,359.6
6.7666,5.0,13.832972049713135,2.545,972.422,359.6
6.7722,5.0,13.861219882965088,2.845,982.441,359.6
6.7785,5.0,13.89267086982727,2.845,982.441,359.6
6.7837,5.0,13.918328285217285,2.845,982.441,359.6
6.7888,5.0,13.943966627120972,2.845,982.441,359.6
6.7939,5.0,13.969600200653076,2.769,989.561,359.6
6.8000,5.0,13.999766111373901,2.769,989.561,359.6
6.8051,5.0,14.025424718856812,2.769,989.561,359.6
6.8121,5.0,14.060386419296265,2.769,989.561,359.6
6.8172,5.0,14.086098670959473,2.842,999.756,359.6
6.8251,5.0,14.125566482543945,2.842,999.756,359.6
6.8303,5.0,14.151325225830078,2.842,999.756,359.6
6.8354,5.0,14.177087545394897,2.842,999.756,359.6
6.8406,5.0,14.202780723571777,2.934,1009.688,359.6
6.8474,5.0,14.23697829246521,2.934,1009.688,359.6
6.8525,5.0,14.262642860412598,2.934,1009.688,359.6
6.8577,5.0,14.28828239440918,2.934,1009.688,359.6
6.8628,5.0,14.313921928405762,2.343,1013.73,359.6
6.8688,5.0,14.343996047973633,2.343,1013.73,359.6
6.8740,5.0,14.369832277297974,2.343,1013.73,359.6
6.8797,5.0,14.398281574249268,2.146,1019.971,359.6
6.8885,5.0,14.442729949951172,2.146,1019.971,359.6
6.8937,5.0,14.468553066253662,2.146,1019.971,359.6
6.8988,5.0,14.494190216064453,2.146,1019.971,359.6
6.9039,5.0,14.519729614257812,2.335,1029.199,359.6
6.9127,5.0,14.56371784210205,2.335,1029.199,359.6
6.9179,5.0,14.58935260772705,2.335,1029.199,359.6
6.9230,5.0,14.615112543106079,2.335,1029.199,359.6
6.9309,5.0,14.654275178909302,2.387,1036.23,359.6
6.9370,5.0,14.684920310974121,2.387,1036.23,359.6
6.9421,5.0,14.710454940795898,2.387,1036.23,359.6
6.9472,5.0,14.736019372940063,2.387,1036.23,359.6
6.9523,5.0,14.761464595794678,1.671,1039.746,359.6
6.9612,5.0,14.805936813354492,1.671,1039.746,359.6
6.9663,5.0,14.831478595733643,1.671,1039.746,359.6
6.9714,5.0,14.85713005065918,1.671,1039.746,359.6
6.9765,5.0,14.882571697235107,1.744,1045.811,359.6
6.9825,5.0,14.912569522857666,1.744,1045.811,359.6
6.9884,5.0,14.942184686660767,1.744,1045.811,359.6
6.9935,5.0,14.967694282531738,2.767,1058.203,359.6
7.0026,5.0,15.012885332107544,2.767,1058.203,359.6
7.0093,5.0,15.046262741088867,2.767,1058.203,359.6
7.0144,5.0,15.072102546691895,2.767,1058.203,359.6
7.0196,5.0,15.098135471343994,3.673,1072.705,359.6
7.0271,5.0,15.135291814804077,3.673,1072.705,359.6
7.0322,5.0,15.161110162734985,3.673,1072.705,359.6
7.0373,5.0,15.186740159988403,3.673,1072.705,359.6
7.0431,5.0,15.215586423873901,3.955,1085.449,359.6
7.0493,5.0,15.246424674987793,3.955,1085.449,359.6
7.0545,5.0,15.2723228931427,3.955,1085.449,359.6
7.0596,5.0,15.2979576587677,4.353,1099.072,359.6
7.0682,5.0,15.341137647628784,4.353,1099.072,359.6
7.0734,5.0,15.366847515106201,4.353,1099.072,359.6
7.0785,5.0,15.392580032348633,4.353,1099.072,359.6
7.0836,5.0,15.418238639831543,4.102,1111.377,359.6
7.0924,5.0,15.462228059768677,4.102,1111.377,359.6
7.0995,5.0,15.497589111328125,4.102,1111.377,359.6
7.1047,5.0,15.523436069488525,4.426,1126.494,359.6
7.1146,5.0,15.573164224624634,4.426,1126.494,359.6
7.1198,5.0,15.598890781402588,4.426,1126.494,359.6
7.1249,5.0,15.624555349349976,4.426,1126.494,359.6
7.1300,5.0,15.65019965171814,3.778,1136.162,359.6
7.1389,5.0,15.694252252578735,3.778,1136.162,359.6
7.1440,5.0,15.7199227809906,3.778,1136.162,359.6
7.1521,5.0,15.76069951057434,4.113,1150.576,359.6
7.1600,5.0,15.800168514251709,4.113,1150.576,359.6
7.1652,5.0,15.825823545455933,4.113,1150.576,359.6
7.1703,5.0,15.85146427154541,4.113,1150.576,359.6
7.1754,5.0,15.877110958099365,3.775,1158.574,359.6
7.1815,5.0,15.907361507415771,3.775,1158.574,359.6
7.1866,5.0,15.933016538619995,3.775,1158.574,359.6
7.1917,5.0,15.95866084098816,3.775,1158.574,359.6
7.1969,5.0,15.984294414520264,3.775,1158.574,359.6
7.2020,5.0,16.00993037223816,3.163,1169.209,359.6
7.2106,5.0,16.053093671798706,3.163,1169.209,359.6
7.2158,5.0,16.078755855560303,3.163,1169.209,359.6
7.2209,5.0,16.104401350021362,3.27,1179.668,359.6
7.2287,5.0,16.14333748817444,3.27,1179.668,359.6
7.2338,5.0,16.168997287750244,3.27,1179.668,359.6
7.2389,5.0,16.194640398025513,3.27,1179.668,359.6
7.2441,5.0,16.22030735015869,3.05,1188.369,359.6
7.2529,5.0,16.26443386077881,3.05,1188.369,359.6
7.2580,5.0,16.290006637573242,3.05,1188.369,359.6
7.2637,5.0,16.31825566291809,3.05,1188.369,359.6
7.2687,5.0,16.34371519088745,2.561,1194.609,359.6
7.2748,5.0,16.373887062072754,2.561,1194.609,359.6
7.2799,5.0,16.399658918380737,2.561,1194.609,359.6
7.2851,5.0,16.42530918121338,2.489,1202.168,359.6
7.2944,5.0,16.472171545028687,2.489,1202.168,359.6
7.2996,5.0,16.497806310653687,2.489,1202.168,359.6
7.3047,5.0,16.523418426513672,2.72,1210.342,359.6
7.3154,5.0,16.577001810073853,2.72,1210.342,359.6
7.3211,5.0,16.605712175369263,2.72,1210.342,359.6
7.3263,5.0,16.631369590759277,2.72,1210.342,359.6
7.3314,5.0,16.65700078010559,2.229,1214.912,359.6
7.3375,5.0,16.687477827072144,2.229,1214.912,359.6
7.3426,5.0,16.713114976882935,2.229,1214.912,359.6
7.3477,5.0,16.738730669021606,2.229,1214.912,359.6
7.3529,5.0,16.764341592788696,1.653,1218.955,359.6
7.3608,5.0,16.80385112762451,1.653,1218.955,359.6
7.3659,5.0,16.82948112487793,1.653,1218.955,359.6
7.3738,5.0,16.86924934387207,1.885,1225.898,359.6
7.3819,5.0,16.909700632095337,1.885,1225.898,359.6
7.3871,5.0,16.93532943725586,1.885,1225.898,359.6
7.3922,5.0,16.960937976837158,1.885,1225.898,359.6
7.3973,5.0,16.986544132232666,2.556,1235.83,359.6
7.4033,5.0,17.016619443893433,2.556,1235.83,359.6
7.4104,5.0,17.052226066589355,2.556,1235.83,359.6
7.4156,5.0,17.07794189453125,2.556,1235.83,359.6
7.4207,5.0,17.103573083877563,2.775,1245.41,359.6
7.4294,5.0,17.14722514152527,2.775,1245.41,359.6
7.4346,5.0,17.172868251800537,2.775,1245.41,359.6
7.4397,5.0,17.198482751846313,2.775,1253.496,359.6
7.4475,5.0,17.23734974861145,2.775,1253.496,359.6
7.4526,5.0,17.262979745864868,2.775,1253.496,359.6
7.4577,5.0,17.28859305381775,2.775,1253.496,359.6
7.4628,5.0,17.31419801712036,2.922,1262.549,359.6
7.4689,5.0,17.344287633895874,2.922,1262.549,359.6
7.4740,5.0,17.369909286499023,2.922,1262.549,359.6
7.4791,5.0,17.395517826080322,2.998,1271.602,359.6
7.4888,5.0,17.444030046463013,2.998,1271.602,359.6
7.4939,5.0,17.469663619995117,2.998,1271.602,359.6
7.4991,5.0,17.495278120040894,2.998,1271.602,359.6
7.5042,5.0,17.5208842754364,2.805,1280.039,359.6
7.5131,5.0,17.565433979034424,2.805,1280.039,359.6
7.5183,5.0,17.591309547424316,2.805,1280.039,359.6
7.5235,5.0,17.617430686950684,2.805,1280.039,359.6
7.5286,5.0,17.643128633499146,2.687,1287.07,359.6
7.5361,5.0,17.680561542510986,2.687,1287.07,359.6
7.5412,5.0,17.706247568130493,2.687,1287.07,359.6
7.5464,5.0,17.732038497924805,2.687,1287.07,359.6
7.5516,5.0,17.75795340538025,2.529,1294.893,359.6
7.5577,5.0,17.788596153259277,2.529,1294.893,359.6
7.5629,5.0,17.814252376556396,2.529,1294.893,359.6
7.5680,5.0,17.839879989624023,2.529,1294.893,359.6
7.5731,5.0,17.865594625473022,1.876,1299.199,359.6
7.5816,5.0,17.907813787460327,1.876,1299.199,359.6
7.5867,5.0,17.933353185653687,1.876,1299.199,359.6
7.5928,5.0,17.964205741882324,1.876,1299.199,359.6
7.5980,5.0,17.990010976791382,1.484,1302.715,359.6
7.6048,5.0,18.023782968521118,1.484,1302.715,359.6
7.6114,5.0,18.05695652961731,1.484,1302.715,359.6
7.6165,5.0,18.08266043663025,1.985,1311.24,359.6
7.6249,5.0,18.124542236328125,1.985,1311.24,359.6
7.6300,5.0,18.15017580986023,1.985,1311.24,359.6
7.6352,5.0,18.175805807113647,1.985,1311.24,359.6
7.6403,5.0,18.20142149925232,2.959,1323.281,359.6
7.6463,5.0,18.231571912765503,2.959,1323.281,359.6
7.6520,5.0,18.259800672531128,2.959,1323.281,359.6
7.6571,5.0,18.28542709350586,2.959,1323.281,359.6
7.6622,5.0,18.311043977737427,3.047,1331.279,359.6
7.6682,5.0,18.341193199157715,3.047,1331.279,359.6
7.6734,5.0,18.366822004318237,3.047,1331.279,359.6
7.6785,5.0,18.3924400806427,3.047,1331.279,359.6
7.6836,5.0,18.418054580688477,2.963,1341.65,359.6
7.6914,5.0,18.45720887184143,2.963,1341.65,359.6
7.6966,5.0,18.48284363746643,2.963,1341.65,359.6
7.7045,5.0,18.52249503135681,3.529,1354.043,359.6
7.7126,5.0,18.56307864189148,3.529,1354.043,359.6
7.7177,5.0,18.588727712631226,3.529,1354.043,359.6
7.7229,5.0,18.614346981048584,3.529,1354.043,359.6
7.7280,5.0,18.639960289001465,3.705,1364.238,359.6
7.7340,5.0,18.670066595077515,3.705,1364.238,359.6
7.7391,5.0,18.695695400238037,3.705,1364.238,359.6
7.7443,5.0,18.721312284469604,3.705,1364.238,359.6
7.7494,5.0,18.7469220161438,3.705,1377.773,359.6
7.7580,5.0,18.789926767349243,3.705,1377.773,359.6
7.7636,5.0,18.818141222000122,3.705,1377.773,359.6
7.7688,5.0,18.843775987625122,3.705,1377.773,359.6
7.7739,5.0,18.869391679763794,3.456,1386.299,359.6
7.7799,5.0,18.89961838722229,3.456,1386.299,359.6
7.7851,5.0,18.925256729125977,3.456,1386.299,359.6
7.7902,5.0,18.95087480545044,3.456,1386.299,359.6
7.7953,5.0,18.976500034332275,2.371,1390.605,359.6
7.8033,5.0,19.016742706298828,2.371,1390.605,359.6
7.8099,5.0,19.049636125564575,2.371,1390.605,359.6
7.8156,5.0,19.077863693237305,2.545,1399.746,359.6
7.8235,5.0,19.11755681037903,2.545,1399.746,359.6
7.8286,5.0,19.143189191818237,2.545,1399.746,359.6
7.8338,5.0,19.168810844421387,2.545,1399.746,359.6
7.8389,5.0,19.194422960281372,3.307,1413.105,359.6
7.8477,5.0,19.238507747650146,3.307,1413.105,359.6
7.8528,5.0,19.264140129089355,3.307,1413.105,359.6
7.8580,5.0,19.289754629135132,3.307,1413.105,359.6
7.8631,5.0,19.315367937088013,2.89,1419.17,359.6
7.8691,5.0,19.3456768989563,2.89,1419.17,359.6
7.8748,5.0,19.373923540115356,2.89,1419.17,359.6
7.8799,5.0,19.399573802947998,2.89,1419.17,359.6
7.8850,5.0,19.42518711090088,2.662,1427.607,359.6
7.8911,5.0,19.4553279876709,2.662,1427.607,359.6
7.8962,5.0,19.480963945388794,2.662,1427.607,359.6
7.9013,5.0,19.506577253341675,2.662,1427.607,359.6
7.9079,5.0,19.539592266082764,3.749,1444.219,359.6
7.9142,5.0,19.57121253013611,3.749,1444.219,359.6
7.9194,5.0,19.596855640411377,3.749,1444.219,359.6
7.9273,5.0,19.636523723602295,3.497,1452.129,359.6
7.9354,5.0,19.67703938484192,3.497,1452.129,359.6
7.9405,5.0,19.702671766281128,3.497,1452.129,359.6
7.9457,5.0,19.728283882141113,3.497,1452.129,359.6
7.9508,5.0,19.753892421722412,3.65,1466.016,359.6
7.9596,5.0,19.798036813735962,3.65,1466.016,359.6
7.9647,5.0,19.823670387268066,3.65,1466.016,359.6
7.9699,5.0,19.84928846359253,3.65,1466.016,359.6
7.9750,5.0,19.874809980392456,3.657,1476.123,359.6
7.9829,5.0,19.914498329162598,3.657,1476.123,359.6
7.9880,5.0,19.940131902694702,3.657,1476.123,359.6
7.9931,5.0,19.965741634368896,2.59,1478.936,359.6
0.0000,5.0,20.0,2.59,1478.936,359.6
0.0066,5.0,20.0,2.59,1478.936,359.6
0.0117,5.0,20.0,2.59,1478.936,359.6
0.0169,5.0,20.0,2.523,1488.779,359.6
0.0241,5.0,20.0,2.523,1488.779,359.6
0.0293,5.0,20.0,2.523,1488.779,359.6
0.0349,5.0,20.0,2.523,1488.779,359.6
0.0400,5.0,20.0,3.555,1502.227,359.6
0.0460,5.0,20.0,3.555,1502.227,359.6
0.0512,5.0,20.0,3.555,1502.227,359.6
0.0563,5.0,20.0,3.555,1502.227,359.6
0.0614,5.0,20.0,3.241,1511.279,359.6
0.0685,5.0,20.0,3.241,1511.279,359.6
0.0736,5.0,20.0,3.241,1511.279,359.6
0.0788,5.0,20.0,3.241,1511.279,359.6
0.0839,5.0,20.0,3.417,1522.705,359.6
0.0917,5.0,20.0,3.417,1522.705,359.6
0.0968,5.0,20.0,3.417,1522.705,359.6
0.1019,5.0,20.0,3.913,1535.625,359.6
0.1098,5.0,20.0,3.913,1535.625,359.6
0.1150,5.0,20.0,3.913,1535.625,359.6
0.1201,5.0,20.0,3.913,1535.625,359.6
0.1252,5.0,20.0,3.991,1549.072,359.6
0.1340,5.0,20.0,3.991,1549.072,359.6
0.1391,5.0,20.0,3.991,1549.072,359.6
0.1448,5.0,20.0,3.991,1549.072,359.6
0.1499,5.0,20.0,3.863,1560.146,359.6
0.1564,5.0,20.0,3.863,1560.146,359.6
0.1616,5.0,20.0,3.863,1560.146,359.6
0.1667,5.0,20.0,3.863,1560.146,359.6
0.1718,5.0,20.0,3.145,1568.32,359.6
0.1804,5.0,20.0,3.145,1568.32,359.6
0.1855,5.0,20.0,3.145,1568.32,359.6
0.1906,5.0,20.0,3.028,1577.637,359.6
0.2018,5.0,20.0,3.028,1577.637,359.6
0.2086,5.0,20.0,3.028,1577.637,359.6
0.2138,5.0,20.0,3.028,1577.637,359.6
0.2189,5.0,20.0,3.307,1589.238,359.6
0.2258,5.0,20.0,3.307,1589.238,359.6
0.2309,5.0,20.0,3.307,1589.238,359.6
0.2360,5.0,20.0,3.307,1589.238,359.6
0.2411,5.0,20.0,3.307,1589.238,359.6
0.2463,5.0,20.0,2.943,1598.203,359.6
0.2523,5.0,20.0,2.943,1598.203,359.6
0.2580,5.0,20.0,2.943,1598.203,359.6
0.2631,5.0,20.0,3.058,1608.223,359.6
0.2721,5.0,20.0,3.058,1608.223,359.6
0.2773,5.0,20.0,3.058,1608.223,359.6
0.2824,5.0,20.0,3.058,1608.223,359.6
0.2875,5.0,20.0,3.228,1616.924,359.6
0.2935,5.0,20.0,3.228,1616.924,359.6
0.2987,5.0,20.0,3.228,1616.924,359.6
0.3038,5.0,20.0,2.285,1619.736,359.6
0.3125,5.0,20.0,2.285,1619.736,359.6
0.3176,5.0,20.0,2.285,1619.736,359.6
0.3227,5.0,20.0,2.285,1619.736,359.6
0.3279,5.0,20.0,1.492,1622.725,359.6
0.3366,5.0,20.0,1.492,1622.725,359.6
0.3417,5.0,20.0,1.492,1622.725,359.6
0.3469,5.0,20.0,1.492,1622.725,359.6
0.3520,5.0,20.0,1.492,1622.725,359.6
0.3571,5.0,20.0,2.688,1637.578,359.6
0.3631,5.0,20.0,2.688,1637.578,359.6
0.3687,5.0,20.0,2.688,1637.578,359.6
0.3739,5.0,20.0,3.479,1648.828,359.6
0.3829,5.0,20.0,3.479,1648.828,359.6
0.3880,5.0,20.0,3.479,1648.828,359.6
0.3932,5.0,20.0,3.479,1648.828,359.6
0.3983,5.0,20.0,3.582,1661.221,359.6
0.4071,5.0,20.0,3.582,1661.221,359.6
0.4137,5.0,20.0,3.582,1661.221,359.6
0.4193,5.0,20.0,3.856,1673.525,359.6
0.4272,5.0,20.0,3.856,1673.525,359.6
0.4324,5.0,20.0,3.856,1673.525,359.6
0.4375,5.0,20.0,3.856,1673.525,359.6
0.4426,5.0,20.0,3.963,1687.061,359.6
0.4514,5.0,20.0,3.963,1687.061,359.6
0.4565,5.0,20.0,3.963,1687.061,359.6
0.4617,5.0,20.0,3.963,1687.061,359.6
0.4668,5.0,20.0,4.293,1700.684,359.6
0.4728,5.0,20.0,4.293,1700.684,359.6
0.4785,5.0,20.0,4.293,1700.684,359.6
0.4836,5.0,20.0,4.293,1700.684,359.6
0.4887,5.0,20.0,3.438,1706.221,359.6
0.4947,5.0,20.0,3.438,1706.221,359.6
0.4998,5.0,20.0,3.438,1706.221,359.6
0.5050,5.0,20.0,2.448,1710.527,359.6
0.5139,5.0,20.0,2.448,1710.527,359.6
0.5191,5.0,20.0,2.448,1710.527,359.6
0.5242,5.0,20.0,2.448,1710.527,359.6
0.5299,5.0,20.0,2.448,1719.316,359.6
0.5380,5.0,20.0,2.448,1719.316,359.6
0.5431,5.0,20.0,2.448,1719.316,359.6
0.5482,5.0,20.0,2.448,1719.316,359.6
0.5533,5.0,20.0,1.705,1722.217,359.6
0.5624,5.0,20.0,1.705,1722.217,359.6
0.5675,5.0,20.0,1.705,1722.217,359.6
0.5726,5.0,20.0,1.705,1722.217,359.6
0.5778,5.0,20.0,2.021,1730.391,359.6
0.5855,5.0,20.0,2.021,1730.391,359.6
0.5906,5.0,20.0,2.021,1730.391,359.6
0.5957,5.0,20.0,1.783,1733.291,359.6
0.6035,5.0,20.0,1.783,1733.291,359.6
0.6103,5.0,20.0,1.783,1733.291,359.6
0.6154,5.0,20.0,1.783,1733.291,359.6
0.6205,5.0,20.0,1.415,1737.598,359.6
0.6277,5.0,20.0,1.415,1737.598,359.6
0.6328,5.0,20.0,1.415,1737.598,359.6
0.6387,5.0,20.0,1.415,1737.598,359.6
0.6438,5.0,20.0,2.154,1746.65,359.6
0.6498,5.0,20.0,2.154,1746.65,359.6
0.6550,5.0,20.0,2.154,1746.65,359.6
0.6601,5.0,20.0,2.154,1746.65,359.6
0.6652,5.0,20.0,3.163,1760.273,359.6
0.6720,5.0,20.0,3.163,1760.273,359.6
0.6771,5.0,20.0,3.163,1760.273,359.6
0.6822,5.0,20.0,3.163,1760.273,359.6
0.6873,5.0,20.0,2.92,1767.041,359.6
0.6933,5.0,20.0,2.92,1767.041,359.6
0.6990,5.0,20.0,2.92,1767.041,359.6
0.7041,5.0,20.0,3.852,1782.686,359.6
0.7133,5.0,20.0,3.852,1782.686,359.6
0.7184,5.0,20.0,3.852,1782.686,359.6
0.7236,5.0,20.0,3.852,1782.686,359.6
0.7287,5.0,20.0,2.809,1786.904,359.6
0.7375,5.0,20.0,2.809,1786.904,359.6
0.7426,5.0,20.0,2.809,1786.904,359.6
0.7505,5.0,20.0,1.855,1790.156,359.6
0.7588,5.0,20.0,1.855,1790.156,359.6
0.7639,5.0,20.0,1.855,1790.156,359.6
0.7690,5.0,20.0,1.855,1790.156,359.6
0.7741,5.0,20.0,3.002,1805.449,359.6
0.7802,5.0,20.0,3.002,1805.449,359.6
0.7853,5.0,20.0,3.002,1805.449,359.6
0.7904,5.0,20.0,3.002,1805.449,359.6
0.7955,5.0,20.0,3.906,1819.248,359.6
0.8020,5.0,20.0,3.906,1819.248,359.6
0.8094,5.0,20.0,3.906,1819.248,359.6
0.8146,5.0,20.0,3.906,1819.248,359.6
0.8197,5.0,20.0,2.379,1820.918,359.6
0.8258,5.0,20.0,2.379,1820.918,359.6
0.8309,5.0,20.0,2.379,1820.918,359.6
0.8360,5.0,20.0,2.379,1820.918,359.6
0.8411,5.0,20.0,3.031,1835.771,359.6
0.8473,5.0,20.0,3.031,1835.771,359.6
0.8527,5.0,20.0,3.031,1835.771,359.6
0.8578,5.0,20.0,3.031,1835.771,359.6
0.8635,5.0,20.0,4.092,1849.307,359.6
0.8695,5.0,20.0,4.092,1849.307,359.6
0.8746,5.0,20.0,4.092,1849.307,359.6
0.8797,5.0,20.0,4.092,1849.307,359.6
0.8848,5.0,20.0,3.14,1855.986,359.6
0.8916,5.0,20.0,3.14,1855.986,359.6
0.8970,5.0,20.0,3.14,1855.986,359.6
0.9021,5.0,20.0,3.14,1855.986,359.6
0.9087,5.0,20.0,2.615,1862.139,359.6
0.9148,5.0,20.0,2.615,1862.139,359.6
0.9204,5.0,20.0,2.615,1862.139,359.6
0.9255,5.0,20.0,2.615,1862.139,359.6
0.9306,5.0,20.0,3.98,1880.508,359.6
0.9367,5.0,20.0,3.98,1880.508,359.6
0.9418,5.0,20.0,3.98,1880.508,359.6
0.9469,5.0,20.0,3.98,1880.508,359.6
0.9520,5.0,20.0,5.084,1897.998,359.6
0.9580,5.0,20.0,5.084,1897.998,359.6
0.9631,5.0,20.0,5.084,1897.998,359.6
0.9682,5.0,20.0,5.084,1897.998,359.6
0.9738,5.0,20.0,4.074,1906.787,359.6
0.9802,5.0,20.0,4.074,1906.787,359.6
0.9853,5.0,20.0,4.074,1906.787,359.6
0.9904,5.0,20.0,4.074,1906.787,359.6
0.9954,5.0,20.0,2.797,1910.566,359.6
1.0014,5.0,20.0,2.797,1910.566,359.6
1.0081,5.0,20.0,2.797,1910.566,359.6
1.0132,5.0,20.0,2.797,1910.566,359.6
1.0184,5.0,20.0,2.342,1918.213,359.6
1.0242,5.0,20.0,2.342,1918.213,359.6
1.0303,5.0,20.0,2.342,1918.213,359.6
1.0354,5.0,20.0,2.342,1918.213,359.6
1.0405,5.0,20.0,2.416,1925.947,359.6
1.0466,5.0,20.0,2.416,1925.947,359.6
1.0517,5.0,20.0,2.416,1925.947,359.6
1.0575,5.0,20.0,2.416,1925.947,359.6
1.0626,5.0,20.0,2.155,1931.924,359.6
1.0689,5.0,20.0,2.155,1931.924,359.6
1.0743,5.0,20.0,2.155,1931.924,359.6
1.0794,5.0,20.0,2.155,1931.924,359.6
1.0850,5.0,20.0,1.926,1936.67,359.6
1.0910,5.0,20.0,1.926,1936.67,359.6
1.0961,5.0,20.0,1.926,1936.67,359.6
1.1012,5.0,20.0,1.926,1936.67,359.6
1.1078,5.0,20.0,2.281,1946.074,359.6
1.1135,5.0,20.0,2.281,1946.074,359.6
1.1189,5.0,20.0,2.281,1946.074,359.6
1.1240,5.0,20.0,2.281,1946.074,359.6
1.1291,5.0,20.0,2.963,1957.236,359.6
1.1349,5.0,20.0,2.963,1957.236,359.6
1.1408,5.0,20.0,2.963,1957.236,359.6
1.1459,5.0,20.0,2.963,1957.236,359.6
1.1509,5.0,20.0,3.265,1967.256,359.6
1.1576,5.0,20.0,3.265,1967.256,359.6
1.1627,5.0,20.0,3.265,1967.256,359.6
1.1678,5.0,20.0,3.265,1967.256,359.6
1.1729,5.0,20.0,3.363,1977.188,359.6
1.1789,5.0,20.0,3.363,1977.188,359.6
1.1840,5.0,20.0,3.363,1977.188,359.6
1.1918,5.0,20.0,3.363,1977.188,359.6
1.1969,5.0,20.0,3.478,1988.613,359.6
1.2029,5.0,20.0,3.478,1988.613,359.6
1.2097,5.0,20.0,3.478,1988.613,359.6
1.2148,5.0,20.0,2.86,1994.414,359.6
1.2206,5.0,20.0,2.86,1994.414,359.6
1.2260,5.0,20.0,2.86,1994.414,359.6
1.2311,5.0,20.0,2.86,1994.414,359.6
1.2362,5.0,20.0,2.86,1994.414,359.6
1.2413,5.0,20.0,2.59,2002.939,359.6
1.2482,5.0,20.0,2.59,2002.939,359.6
1.2533,5.0,20.0,2.59,2002.939,359.6
1.2584,5.0,20.0,2.893,2012.344,359.6
1.2643,5.0,20.0,2.893,2012.344,359.6
1.2697,5.0,20.0,2.893,2012.344,359.6
1.2748,5.0,20.0,2.893,2012.344,359.6
1.2799,5.0,20.0,3.13,2022.275,359.6
1.2863,5.0,20.0,3.13,2022.275,359.6
1.2914,5.0,20.0,3.13,2022.275,359.6
1.2965,5.0,20.0,3.13,2022.275,359.6
1.3021,5.0,20.0,3.924,2038.271,359.6
1.3094,5.0,20.0,3.924,2038.271,359.6
1.3148,5.0,20.0,3.924,2038.271,359.6
1.3199,5.0,20.0,3.924,2038.271,359.6
1.3250,5.0,20.0,4.338,2051.279,359.6
1.3310,5.0,20.0,4.338,2051.279,359.6
1.3361,5.0,20.0,4.338,2051.279,359.6
1.3412,5.0,20.0,4.338,2051.279,359.6
1.3463,5.0,20.0,3.883,2062.441,359.6
1.3529,5.0,20.0,3.883,2062.441,359.6
1.3598,5.0,20.0,3.883,2062.441,359.6
1.3649,5.0,20.0,3.883,2062.441,359.6
1.3700,5.0,20.0,3.628,2072.461,359.6
1.3760,5.0,20.0,3.628,2072.461,359.6
1.3811,5.0,20.0,3.628,2072.461,359.6
1.3862,5.0,20.0,3.628,2072.461,359.6
1.3913,5.0,20.0,2.84,2078.965,359.6
1.3982,5.0,20.0,2.84,2078.965,359.6
1.4035,5.0,20.0,2.84,2078.965,359.6
1.4131,5.0,20.0,2.062,2083.008,359.6
1.4193,5.0,20.0,2.062,2083.008,359.6
1.4247,5.0,20.0,2.062,2083.008,359.6
1.4298,5.0,20.0,2.062,2083.008,359.6
1.4349,5.0,20.0,2.062,2083.008,359.6
1.4400,5.0,20.0,1.888,2089.336,359.6
1.4460,5.0,20.0,1.888,2089.336,359.6
1.4511,5.0,20.0,1.888,2089.336,359.6
1.4562,5.0,20.0,1.888,2089.336,359.6
1.4613,5.0,20.0,2.489,2099.268,359.6
1.4672,5.0,20.0,2.489,2099.268,359.6
1.4729,5.0,20.0,2.489,2099.268,359.6
1.4780,5.0,20.0,2.489,2099.268,359.6
1.4831,5.0,20.0,2.8,2108.057,359.6
1.4890,5.0,20.0,2.8,2108.057,359.6
1.4941,5.0,20.0,2.8,2108.057,359.6
1.4992,5.0,20.0,2.723,2115.0,359.6
0.0000,5.0,19.999996423721313,2.723,2115.0,359.6
0.0069,5.0,19.96549367904663,2.723,2115.0,359.6
0.0120,5.0,19.939948320388794,3.013,2125.635,359.6
0.0231,5.0,19.884679317474365,3.013,2125.635,359.6
0.0282,5.0,19.859148263931274,3.013,2125.635,359.6
0.0333,5.0,19.833719730377197,3.013,2125.635,359.6
0.0384,5.0,19.80813980102539,3.397,2137.412,359.6
0.0452,5.0,19.773833751678467,3.397,2137.412,359.6
0.0506,5.0,19.746813774108887,3.397,2137.412,359.6
0.0557,5.0,19.721286296844482,3.397,2137.412,359.6
0.0609,5.0,19.695746898651123,2.848,2143.213,359.6
0.0672,5.0,19.663783311843872,2.848,2143.213,359.6
0.0724,5.0,19.638243913650513,2.848,2143.213,359.6
0.0780,5.0,19.610073566436768,2.848,2143.213,359.6
0.0831,5.0,19.584572315216064,2.511,2150.332,359.6
0.0894,5.0,19.553160667419434,2.511,2150.332,359.6
0.0945,5.0,19.52761173248291,2.511,2150.332,359.6
0.0996,5.0,19.502111673355103,2.511,2150.332,359.6
0.1047,5.0,19.476583003997803,2.629,2159.297,359.6
0.1121,5.0,19.439324140548706,2.629,2159.297,359.6
0.1175,5.0,19.412389993667603,2.629,2159.297,359.6
0.1226,5.0,19.386907815933228,2.629,2159.297,359.6
0.1296,5.0,19.35222625732422,1.908,2163.34,359.6
0.1358,5.0,19.321106672286987,1.908,2163.34,359.6
0.1412,5.0,19.29420232772827,1.908,2163.34,359.6
0.1463,5.0,19.268735647201538,1.908,2163.34,359.6
0.1514,5.0,19.243249893188477,1.436,2165.713,359.6
0.1578,5.0,19.21099305152893,1.436,2165.713,359.6
0.1629,5.0,19.185506105422974,1.436,2165.713,359.6
0.1680,5.0,19.159988164901733,1.436,2165.713,359.6
0.1731,5.0,19.13457155227661,1.436,2165.713,359.6
0.1782,5.0,19.10911798477173,1.152,2168.965,359.6
0.1844,5.0,19.078049659729004,1.152,2168.965,359.6
0.1898,5.0,19.05112862586975,1.152,2168.965,359.6
0.1949,5.0,19.02564525604248,1.152,2168.965,359.6
0.2000,5.0,19.000142812728882,1.572,2176.084,359.6
0.2059,5.0,18.970264196395874,1.572,2176.084,359.6
0.2125,5.0,18.937358856201172,1.572,2176.084,359.6
0.2176,5.0,18.91191601753235,1.572,2176.084,359.6
0.2227,5.0,18.886443376541138,3.075,2191.729,359.6
0.2287,5.0,18.856343030929565,3.075,2191.729,359.6
0.2338,5.0,18.8308846950531,3.075,2191.729,359.6
0.2394,5.0,18.802798986434937,3.075,2191.729,359.6
0.2445,5.0,18.77726435661316,3.509,2202.891,359.6
0.2506,5.0,18.747129440307617,3.509,2202.891,359.6
0.2557,5.0,18.721617460250854,3.509,2202.891,359.6
0.2608,5.0,18.696084022521973,3.509,2202.891,359.6
0.2659,5.0,18.67064356803894,3.727,2214.316,359.6
0.2719,5.0,18.64065408706665,3.727,2214.316,359.6
0.2770,5.0,18.615102767944336,3.727,2214.316,359.6
0.2821,5.0,18.58949899673462,3.727,2214.316,359.6
0.2888,5.0,18.556045293807983,3.872,2225.654,359.6
0.2948,5.0,18.525819778442383,3.872,2225.654,359.6
0.3000,5.0,18.500198125839233,3.872,2225.654,359.6
0.3051,5.0,18.474749326705933,3.226,2232.422,359.6
0.3125,5.0,18.43732476234436,3.226,2232.422,359.6
0.3176,5.0,18.41185688972473,3.226,2232.422,359.6
0.3227,5.0,18.386377096176147,3.133,2241.475,359.6
0.3300,5.0,18.34988236427307,3.133,2241.475,359.6
0.3354,5.0,18.322880268096924,3.133,2241.475,359.6
0.3405,5.0,18.297337293624878,3.133,2241.475,359.6
0.3469,5.0,18.265289068222046,2.753,2248.242,359.6
0.3527,5.0,18.236703872680664,2.753,2248.242,359.6
0.3580,5.0,18.209785223007202,2.753,2248.242,359.6
0.3631,5.0,18.184291124343872,2.753,2248.242,359.6
0.3682,5.0,18.158769607543945,2.13,2253.428,359.6
0.3763,5.0,18.11847686767578,2.13,2253.428,359.6
0.3817,5.0,18.091540336608887,2.13,2253.428,359.6
0.3868,5.0,18.066059350967407,2.13,2253.428,359.6
0.3919,5.0,18.04055690765381,2.13,2253.428,359.6
0.3970,5.0,18.01502227783203,1.699,2257.822,359.6
0.4044,5.0,17.978131771087646,1.699,2257.822,359.6
0.4110,5.0,17.94520378112793,1.699,2257.822,359.6
0.4161,5.0,17.919679880142212,2.049,2265.557,359.6
0.4225,5.0,17.887675762176514,2.049,2265.557,359.6
0.4276,5.0,17.862162590026855,2.049,2265.557,359.6
0.4327,5.0,17.836623191833496,2.049,2265.557,359.6
0.4378,5.0,17.81118631362915,2.708,2276.631,359.6
0.4447,5.0,17.776318788528442,2.708,2276.631,359.6
0.4502,5.0,17.749145030975342,2.708,2276.631,359.6
0.4568,5.0,17.715848684310913,2.708,2276.631,359.6
0.4619,5.0,17.690396308898926,2.626,2283.574,359.6
0.4679,5.0,17.660417556762695,2.626,2283.574,359.6
0.4730,5.0,17.63481378555298,2.626,2283.574,359.6
0.4781,5.0,17.609373331069946,2.619,2291.484,359.6
0.4860,5.0,17.570098638534546,2.619,2291.484,359.6
0.4914,5.0,17.54310369491577,2.619,2291.484,359.6
0.4965,5.0,17.51757502555847,2.619,2291.484,359.6
0.5016,5.0,17.492148876190186,2.619,2291.484,359.6
0.5092,5.0,17.453967332839966,3.308,2305.107,359.6
0.5153,5.0,17.42367148399353,3.308,2305.107,359.6
0.5204,5.0,17.39791750907898,3.308,2305.107,359.6
0.5255,5.0,17.372461557388306,3.308,2305.107,359.6
0.5306,5.0,17.34699249267578,3.378,2316.006,359.6
0.5366,5.0,17.316917181015015,3.378,2316.006,359.6
0.5417,5.0,17.29145646095276,3.378,2316.006,359.6
0.5468,5.0,17.26597547531128,3.378,2316.006,359.6
0.5519,5.0,17.24047541618347,3.006,2324.795,359.6
0.5584,5.0,17.207754850387573,3.006,2324.795,359.6
0.5639,5.0,17.18072533607483,3.006,2324.795,359.6
0.5695,5.0,17.15270161628723,3.006,2324.795,359.6
0.5746,5.0,17.12722897529602,3.006,2333.672,359.6
0.5803,5.0,17.0986270904541,3.006,2333.672,359.6
0.5857,5.0,17.071707248687744,3.006,2333.672,359.6
0.5908,5.0,17.046215534210205,3.006,2333.672,359.6
0.5959,5.0,17.020710706710815,2.258,2338.33,359.6
0.6037,5.0,16.981313228607178,2.258,2338.33,359.6
0.6106,5.0,16.946969032287598,2.258,2338.33,359.6
0.6157,5.0,16.921452283859253,2.258,2338.33,359.6
0.6213,5.0,16.89341902732849,1.558,2342.021,359.6
0.6279,5.0,16.86055302619934,1.558,2342.021,359.6
0.6333,5.0,16.833616495132446,1.558,2342.021,359.6
0.6384,5.0,16.80814027786255,1.558,2342.021,359.6
0.6435,5.0,16.782643795013428,1.558,2342.021,359.6
0.6486,5.0,16.75711750984192,2.314,2353.271,359.6
0.6546,5.0,16.726982593536377,2.314,2353.271,359.6
0.6597,5.0,16.701369285583496,2.314,2353.271,359.6
0.6648,5.0,16.675833463668823,2.314,2353.271,359.6
0.6699,5.0,16.650395393371582,3.173,2365.488,359.6
0.6782,5.0,16.609002351760864,3.173,2365.488,359.6
0.6833,5.0,16.58349633216858,3.173,2365.488,359.6
0.6884,5.0,16.55797243118286,3.73,2377.881,359.6
0.6945,5.0,16.52747869491577,3.73,2377.881,359.6
0.6999,5.0,16.500459909439087,3.73,2377.881,359.6
0.7050,5.0,16.4748752117157,3.73,2377.881,359.6
0.7118,5.0,16.44100785255432,4.467,2395.371,359.6
0.7187,5.0,16.40669822692871,4.467,2395.371,359.6
0.7241,5.0,16.379637718200684,4.467,2395.371,359.6
0.7297,5.0,16.351561546325684,4.467,2395.371,359.6
0.7348,5.0,16.326075792312622,4.158,2407.588,359.6
0.7445,5.0,16.27750873565674,4.158,2407.588,359.6
0.7496,5.0,16.252061128616333,4.158,2407.588,359.6
0.7547,5.0,16.226590871810913,4.073,2419.014,359.6
0.7627,5.0,16.18631601333618,4.073,2419.014,359.6
0.7681,5.0,16.159324645996094,4.073,2419.014,359.6
0.7732,5.0,16.133899688720703,4.073,2419.014,359.6
0.7783,5.0,16.108450889587402,3.334,2427.275,359.6
0.7869,5.0,16.065644025802612,3.334,2427.275,359.6
0.7923,5.0,16.038644313812256,3.334,2427.275,359.6
0.7974,5.0,16.013216972351074,3.334,2427.275,359.6
0.8024,5.0,15.987762212753296,2.741,2433.076,359.6
0.8099,5.0,15.950343608856201,2.741,2433.076,359.6
0.8151,5.0,15.924723148345947,2.741,2433.076,359.6
0.8202,5.0,15.899101495742798,2.741,2433.076,359.6
0.8253,5.0,15.873587131500244,2.631,2442.656,359.6
0.8311,5.0,15.844342708587646,2.631,2442.656,359.6
0.8370,5.0,15.814778804779053,2.631,2442.656,359.6
0.8421,5.0,15.78931450843811,2.631,2442.656,359.6
0.8472,5.0,15.763795375823975,2.631,2451.533,359.6
0.8553,5.0,15.72372317314148,2.631,2451.533,359.6
0.8607,5.0,15.696686506271362,2.631,2451.533,359.6
0.8658,5.0,15.671241283416748,2.631,2451.533,359.6
0.8708,5.0,15.645774602890015,2.631,2451.533,359.6
0.8759,5.0,15.62028169631958,2.705,2460.674,359.6
0.8819,5.0,15.590336322784424,2.705,2460.674,359.6
0.8870,5.0,15.564854145050049,2.705,2460.674,359.6
0.8927,5.0,15.536737442016602,2.705,2460.674,359.6
0.8977,5.0,15.511293411254883,3.211,2473.594,359.6
0.9054,5.0,15.473051071166992,3.211,2473.594,359.6
0.9120,5.0,15.440171957015991,3.211,2473.594,359.6
0.9170,5.0,15.41480541229248,3.268,2481.68,359.6
0.9238,5.0,15.380831956863403,3.268,2481.68,359.6
0.9292,5.0,15.353909730911255,3.268,2481.68,359.6
0.9343,5.0,15.328453779220581,3.268,2481.68,359.6
0.9394,5.0,15.302983522415161,2.097,2484.053,359.6
0.9479,5.0,15.260521173477173,2.097,2484.053,359.6
0.9530,5.0,15.234949588775635,2.097,2484.053,359.6
0.9581,5.0,15.209503173828125,2.097,2484.053,359.6
0.9632,5.0,15.184028148651123,2.468,2494.775,359.6
0.9708,5.0,15.146117210388184,2.468,2494.775,359.6
0.9759,5.0,15.120608806610107,2.468,2494.775,359.6
0.9810,5.0,15.095078945159912,3.047,2505.146,359.6
0.9890,5.0,15.05494236946106,3.047,2505.146,359.6
0.9944,5.0,15.027967691421509,3.047,2505.146,359.6
1.0000,5.0,14.999874830245972,3.047,2505.146,359.6
1.0067,5.0,14.966729879379272,2.203,2508.486,359.6
1.0151,5.0,14.924675226211548,2.203,2508.486,359.6
1.0202,5.0,14.898955821990967,2.203,2508.486,359.6
1.0253,5.0,14.873495101928711,2.203,2508.486,359.6
1.0304,5.0,14.848026037216187,1.492,2512.09,359.6
1.0373,5.0,14.813610315322876,1.492,2512.09,359.6
1.0427,5.0,14.786566495895386,1.492,2512.09,359.6
1.0478,5.0,14.761052131652832,1.492,2512.09,359.6
1.0553,5.0,14.723719358444214,1.036,2513.936,359.6
1.0633,5.0,14.683387279510498,1.036,2513.936,359.6
1.0685,5.0,14.657683372497559,1.036,2513.936,359.6
1.0736,5.0,14.632178544998169,1.036,2513.936,359.6
1.0787,5.0,14.606689214706421,1.225,2520.176,359.6
1.0874,5.0,14.56283688545227,1.225,2520.176,359.6
1.0925,5.0,14.537303447723389,1.225,2520.176,359.6
1.0976,5.0,14.511873722076416,1.225,2520.176,359.6
1.1027,5.0,14.486403465270996,4.555,2546.543,359.6
1.1110,5.0,14.444979429244995,4.555,2546.543,359.6
1.1161,5.0,14.419443607330322,4.555,2546.543,359.6
1.1212,5.0,14.39402461051941,5.409,2561.309,359.6
1.1289,5.0,14.355658292770386,5.409,2561.309,359.6
1.1340,5.0,14.330201148986816,5.409,2561.309,359.6
1.1391,5.0,14.304726123809814,5.409,2561.309,359.6
1.1442,5.0,14.279232025146484,4.484,2572.646,359.6
1.1528,5.0,14.23604130744934,4.484,2572.646,359.6
1.1579,5.0,14.210590124130249,4.484,2572.646,359.6
1.1630,5.0,14.185117483139038,3.69,2581.26,359.6
1.1729,5.0,14.13548469543457,3.69,2581.26,359.6
1.1780,5.0,14.110027551651001,3.69,2581.26,359.6
1.1831,5.0,14.08455491065979,3.69,2581.26,359.6
1.1882,5.0,14.05896782875061,3.601,2593.828,359.6
1.1970,5.0,14.014811515808105,3.601,2593.828,359.6
1.2021,5.0,13.989348411560059,3.601,2593.828,359.6
1.2087,5.0,13.9564049243927,3.601,2593.828,359.6
1.2138,5.0,13.930952548980713,3.192,2602.529,359.6
1.2233,5.0,13.883521556854248,3.192,2602.529,359.6
1.2284,5.0,13.857982158660889,3.192,2602.529,359.6
1.2335,5.0,13.83255124092102,2.967,2611.23,359.6
1.2413,5.0,13.793672323226929,2.967,2611.23,359.6
1.2464,5.0,13.768205642700195,2.967,2611.23,359.6
1.2515,5.0,13.742716312408447,2.967,2611.23,359.6
1.2566,5.0,13.717155456542969,3.166,2622.568,359.6
1.2654,5.0,13.672975301742554,3.166,2622.568,359.6
1.2705,5.0,13.647507429122925,3.166,2622.568,359.6
1.2756,5.0,13.622024059295654,3.166,2622.568,359.6
1.2812,5.0,13.594015836715698,3.416,2634.434,359.6
1.2875,5.0,13.562296628952026,3.416,2634.434,359.6
1.2926,5.0,13.536765575408936,3.416,2634.434,359.6
1.2977,5.0,13.511337041854858,3.727,2645.859,359.6
1.3077,5.0,13.46173644065857,3.727,2645.859,359.6
1.3142,5.0,13.428922891616821,3.727,2645.859,359.6
1.3193,5.0,13.40343713760376,3.727,2645.859,359.6
1.3244,5.0,13.37792158126831,3.939,2660.01,359.6
1.3339,5.0,13.330587148666382,3.939,2660.01,359.6
1.3390,5.0,13.305104970932007,3.939,2660.01,359.6
1.3441,5.0,13.279515504837036,4.017,2671.436,359.6
1.3518,5.0,13.240755796432495,4.017,2671.436,359.6
1.3569,5.0,13.21528434753418,4.017,2671.436,359.6
1.3620,5.0,13.189859390258789,3.751,2680.313,359.6
1.3720,5.0,13.13995361328125,3.751,2680.313,359.6
1.3771,5.0,13.11437726020813,3.751,2680.313,359.6
1.3850,5.0,13.07483196258545,2.541,2683.564,359.6
1.3930,5.0,13.034756183624268,2.541,2683.564,359.6
1.3981,5.0,13.009250164031982,2.541,2683.564,359.6
1.4032,5.0,12.983793020248413,2.541,2683.564,359.6
1.4098,5.0,12.950918674468994,3.007,2697.1,359.6
1.4173,5.0,12.913439273834229,3.007,2697.1,359.6
1.4224,5.0,12.887791395187378,3.007,2697.1,359.6
1.4276,5.0,12.862218618392944,3.007,2697.1,359.6
1.4327,5.0,12.836662530899048,3.588,2708.613,359.6
1.4405,5.0,12.797466516494751,3.588,2708.613,359.6
1.4456,5.0,12.771891355514526,3.588,2708.613,359.6
1.4507,5.0,12.746341228485107,3.019,2714.414,359.6
1.4586,5.0,12.706857919692993,3.019,2714.414,359.6
1.4637,5.0,12.68128514289856,3.019,2714.414,359.6
1.4689,5.0,12.655740976333618,3.019,2714.414,359.6
1.4740,5.0,12.630196809768677,2.835,2723.818,359.6
1.4827,5.0,12.586697340011597,2.835,2723.818,359.6
1.4878,5.0,12.561136484146118,2.835,2723.818,359.6
1.4937,5.0,12.531683444976807,3.156,2734.277,359.6
1.5028,5.0,12.486180067062378,3.156,2734.277,359.6
1.5099,5.0,12.450337409973145,3.156,2734.277,359.6
1.5151,5.0,12.424445152282715,3.156,2734.277,359.6
1.5203,5.0,12.398669719696045,3.036,2743.506,359.6
1.5269,5.0,12.365446090698242,3.036,2743.506,359.6
1.5320,5.0,12.33986496925354,3.036,2743.506,359.6
1.5371,5.0,12.31431245803833,3.036,2743.506,359.6
1.5422,5.0,12.288777828216553,3.261,2756.338,359.6
1.5542,5.0,12.229160070419312,3.261,2756.338,359.6
1.5593,5.0,12.203556299209595,3.261,2756.338,359.6
1.5644,5.0,12.177990674972534,3.567,2767.5,359.6
1.5721,5.0,12.139270305633545,3.567,2767.5,359.6
1.5773,5.0,12.113707065582275,3.567,2767.5,359.6
1.5824,5.0,12.088117599487305,3.567,2767.5,359.6
1.5875,5.0,12.0625638961792,3.081,2775.85,359.6
1.5963,5.0,12.018587589263916,3.081,2775.85,359.6
1.6015,5.0,11.992628574371338,3.081,2775.85,359.6
1.6094,5.0,11.952780485153198,3.636,2789.736,359.6
1.6184,5.0,11.907905340194702,3.636,2789.736,359.6
1.6235,5.0,11.882318258285522,3.636,2789.736,359.6
1.6286,5.0,11.856756210327148,3.636,2789.736,359.6
1.6338,5.0,11.83120608329773,4.017,2803.799,359.6
1.6425,5.0,11.7872953414917,4.017,2803.799,359.6
1.6477,5.0,11.761726140975952,4.017,2803.799,359.6
1.6528,5.0,11.736226081848145,4.017,2803.799,359.6
1.6579,5.0,11.710678339004517,3.932,2816.016,359.6
1.6668,5.0,11.666240692138672,3.932,2816.016,359.6
1.6719,5.0,11.64061188697815,3.932,2816.016,359.6
1.6770,5.0,11.614902019500732,3.932,2816.016,359.6
1.6821,5.0,11.589287519454956,4.071,2829.639,359.6
1.6888,5.0,11.555951833724976,4.071,2829.639,359.6
1.6939,5.0,11.530381441116333,4.071,2829.639,359.6
1.6990,5.0,11.504839658737183,4.071,2829.639,359.6
1.7041,5.0,11.479299068450928,3.559,2839.746,359.6
1.7129,5.0,11.435414552688599,3.559,2839.746,359.6
1.7201,5.0,11.399489641189575,3.559,2839.746,359.6
1.7252,5.0,11.373924016952515,3.551,2850.557,359.6
1.7340,5.0,11.329823732376099,3.551,2850.557,359.6
1.7391,5.0,11.304256916046143,3.551,2850.557,359.6
1.7443,5.0,11.27871036529541,2.872,2855.391,359.6
1.7544,5.0,11.228179931640625,2.872,2855.391,359.6
1.7595,5.0,11.20262861251831,2.872,2855.391,359.6
1.7646,5.0,11.177101135253906,2.872,2855.391,359.6
1.7697,5.0,11.151691675186157,2.216,2859.961,359.6
1.7775,5.0,11.112622022628784,2.216,2859.961,359.6
1.7826,5.0,11.087074279785156,2.216,2859.961,359.6
1.7877,5.0,11.061534881591797,2.451,2868.926,359.6
1.7956,5.0,11.022244691848755,2.451,2868.926,359.6
1.8007,5.0,10.996696949005127,2.451,2868.926,359.6
1.8077,5.0,10.961259603500366,2.451,2868.926,359.6
1.8129,5.0,10.935578346252441,3.533,2884.307,359.6
1.8195,5.0,10.90254545211792,3.533,2884.307,359.6
1.8255,5.0,10.872265100479126,3.533,2884.307,359.6
1.8307,5.0,10.846706628799438,3.721,2895.293,359.6
1.8396,5.0,10.80213189125061,3.721,2895.293,359.6
1.8447,5.0,10.776580572128296,3.721,2895.293,359.6
1.8498,5.0,10.7510507106781,3.721,2895.293,359.6
1.8549,5.0,10.7255220413208,4.347,2912.08,359.6
1.8639,5.0,10.680547952651978,4.347,2912.08,359.6
1.8690,5.0,10.654908418655396,4.347,2912.08,359.6
1.8741,5.0,10.629357099533081,4.347,2912.08,359.6
1.8792,5.0,10.603762865066528,4.0,2921.309,359.6
1.8855,5.0,10.57263731956482,4.0,2921.309,359.6
1.8909,5.0,10.545593500137329,4.0,2921.309,359.6
1.8960,5.0,10.520051717758179,3.524,2929.746,359.6
1.9049,5.0,10.47553300857544,3.524,2929.746,359.6
1.9115,5.0,10.442522764205933,3.524,2929.746,359.6
1.9166,5.0,10.416983366012573,3.524,2929.746,359.6
1.9217,5.0,10.391420125961304,3.329,2940.557,359.6
1.9290,5.0,10.354920625686646,3.329,2940.557,359.6
1.9346,5.0,10.326775312423706,3.329,2940.557,359.6
1.9398,5.0,10.301223993301392,2.637,2945.215,359.6
1.9491,5.0,10.254427194595337,2.637,2945.215,359.6
1.9542,5.0,10.228877067565918,2.637,2945.215,359.6
1.9593,5.0,10.203372240066528,2.637,2945.215,359.6
1.9645,5.0,10.177624225616455,2.221,2952.246,359.6
1.9733,5.0,10.133748054504395,2.221,2952.246,359.6
1.9784,5.0,10.108170509338379,2.221,2952.246,359.6
1.9835,5.0,10.082621574401855,2.221,2952.246,359.6
1.9891,5.0,10.054659843444824,2.66,2962.969,359.6
1.9973,5.0,10.013269186019897,2.66,2962.969,359.6
2.0025,5.0,9.987701177597046,2.66,2962.969,359.6
2.0091,5.0,9.954423904418945,3.241,2973.955,359.6
2.0175,5.0,9.912481307983398,3.241,2973.955,359.6
2.0227,5.0,9.886720180511475,3.241,2973.955,359.6
2.0278,5.0,9.861211776733398,3.241,2973.955,359.6
2.0329,5.0,9.835692644119263,3.439,2986.084,359.6
2.0437,5.0,9.781500101089478,3.439,2986.084,359.6
2.0488,5.0,9.755945205688477,3.439,2986.084,359.6
2.0539,5.0,9.730405807495117,3.894,2998.828,359.6
2.0617,5.0,9.691615104675293,3.894,2998.828,359.6
2.0668,5.0,9.666061401367188,3.894,2998.828,359.6
2.0719,5.0,9.640448093414307,3.894,2998.828,359.6
2.0770,5.0,9.614900350570679,3.984,3012.012,359.6
2.0858,5.0,9.57099437713623,3.984,3012.012,359.6
2.0909,5.0,9.54544186592102,3.984,3012.012,359.6
2.0965,5.0,9.5173180103302,3.984,3012.012,359.6
2.1016,5.0,9.491772651672363,3.984,3023.613,359.6
2.1091,5.0,9.454346895217896,3.984,3023.613,359.6
2.1142,5.0,9.428791999816895,3.984,3023.613,359.6
2.1193,5.0,9.403258562088013,3.984,3023.613,359.6
2.1244,5.0,9.377766847610474,3.476,3033.457,359.6
2.1310,5.0,9.344894886016846,3.476,3033.457,359.6
2.1361,5.0,9.319345951080322,3.476,3033.457,359.6
2.1412,5.0,9.29381251335144,3.476,3033.457,359.6
2.1463,5.0,9.268285036087036,3.215,3043.301,359.6
2.1552,5.0,9.22377347946167,3.215,3043.301,359.6
2.1604,5.0,9.198223352432251,3.215,3043.301,359.6
2.1655,5.0,9.172693490982056,3.813,3056.66,359.6
2.1732,5.0,9.133883714675903,3.813,3056.66,359.6
2.1783,5.0,9.10833477973938,3.813,3056.66,359.6
2.1835,5.0,9.082739353179932,3.813,3056.66,359.6
2.1886,5.0,9.057209491729736,3.906,3069.932,359.6
2.1973,5.0,9.013277292251587,3.906,3069.932,359.6
2.2025,5.0,8.987724781036377,3.906,3069.932,359.6
2.2099,5.0,8.950406312942505,3.906,3080.742,359.6
2.2185,5.0,8.907556533813477,3.906,3080.742,359.6
2.2236,5.0,8.881990909576416,3.906,3080.742,359.6
2.2287,5.0,8.856453895568848,3.522,3089.092,359.6
2.2386,5.0,8.80721926689148,3.522,3089.092,359.6
2.2437,5.0,8.781664371490479,3.522,3089.092,359.6
2.2488,5.0,8.756134510040283,3.522,3089.092,359.6
2.2539,5.0,8.730610609054565,3.307,3099.727,359.6
2.2648,5.0,8.676055669784546,3.307,3099.727,359.6
2.2699,5.0,8.650500774383545,3.307,3099.727,359.6
2.2750,5.0,8.624964952468872,3.316,3109.482,359.6
2.2828,5.0,8.586130142211914,3.316,3109.482,359.6
2.2879,5.0,8.560583591461182,3.316,3109.482,359.6
2.2930,5.0,8.535058498382568,3.316,3109.482,359.6
2.2981,5.0,8.509435653686523,2.829,3116.689,359.6
2.3069,5.0,8.465496301651001,2.829,3116.689,359.6
2.3135,5.0,8.432401418685913,2.829,3116.689,359.6
2.3192,5.0,8.404194116592407,2.829,3116.689,359.6
2.3243,5.0,8.378641605377197,2.495,3124.863,359.6
2.3310,5.0,8.344910144805908,2.495,3124.863,359.6
2.3361,5.0,8.31936240196228,2.495,3124.863,359.6
2.3412,5.0,8.29383373260498,2.93,3135.234,359.6
2.3511,5.0,8.244351148605347,2.93,3135.234,359.6
2.3562,5.0,8.218801021575928,2.93,3135.234,359.6
2.3614,5.0,8.19320559501648,2.93,3135.234,359.6
2.3665,5.0,8.167639970779419,3.594,3148.154,359.6
2.3756,5.0,8.1222403049469,3.594,3148.154,359.6
2.3807,5.0,8.096359968185425,3.594,3148.154,359.6
2.3859,5.0,8.070535659790039,3.594,3158.174,359.6
2.3933,5.0,8.03343415260315,3.594,3158.174,359.6
2.3984,5.0,8.00792932510376,3.594,3158.174,359.6
2.4035,5.0,7.982442378997803,3.594,3158.174,359.6
2.4101,5.0,7.949305772781372,3.688,3171.357,359.6
2.4174,5.0,7.912895679473877,3.688,3171.357,359.6
2.4225,5.0,7.887423038482666,3.688,3171.357,359.6
2.4281,5.0,7.859294414520264,3.688,3171.357,359.6
2.4333,5.0,7.833709716796875,3.021,3176.719,359.6
2.4393,5.0,7.8036582469940186,3.021,3176.719,359.6
2.4444,5.0,7.778102159500122,3.021,3176.719,359.6
2.4495,5.0,7.7526819705963135,3.021,3176.719,359.6
2.4546,5.0,7.7271318435668945,2.523,3184.014,359.6
2.4627,5.0,7.686647176742554,2.523,3184.014,359.6
2.4678,5.0,7.661091089248657,2.523,3184.014,359.6
2.4729,5.0,7.635555267333984,2.523,3184.014,359.6
2.4780,5.0,7.61002779006958,2.702,3194.561,359.6
2.4880,5.0,7.560015916824341,2.702,3194.561,359.6
2.4931,5.0,7.534465789794922,2.702,3194.561,359.6
2.4982,5.0,7.508934736251831,2.813,3201.504,359.6
2.5071,5.0,7.464616298675537,2.813,3201.504,359.6
2.5139,5.0,7.430318593978882,2.813,3201.504,359.6
2.5191,5.0,7.404570579528809,2.813,3201.504,359.6
2.5242,5.0,7.378863096237183,2.068,3205.723,359.6
2.5310,5.0,7.344937324523926,2.068,3205.723,359.6
2.5366,5.0,7.3168182373046875,2.068,3205.723,359.6
2.5417,5.0,7.2912681102752686,2.446,3215.479,359.6
2.5511,5.0,7.244464159011841,2.446,3215.479,359.6
2.5562,5.0,7.218976020812988,2.446,3215.479,359.6
2.5613,5.0,7.1934592723846436,2.446,3215.479,359.6
2.5664,5.0,7.167919874191284,3.857,3232.705,359.6
2.5752,5.0,7.123922109603882,3.857,3232.705,359.6
2.5803,5.0,7.098379135131836,3.857,3232.705,359.6
2.5854,5.0,7.072850465774536,3.857,3232.705,359.6
2.5911,5.0,7.044714689254761,3.603,3242.725,359.6
2.5995,5.0,7.002366781234741,3.603,3242.725,359.6
2.6046,5.0,6.976816654205322,3.603,3242.725,359.6
2.6112,5.0,6.943793296813965,3.902,3255.469,359.6
2.6195,5.0,6.902735233306885,3.902,3255.469,359.6
2.6246,5.0,6.877180337905884,3.902,3255.469,359.6
2.6297,5.0,6.85164213180542,3.902,3255.469,359.6
2.6348,5.0,6.826112270355225,4.007,3268.652,359.6
2.6457,5.0,6.7716944217681885,4.007,3268.652,359.6
2.6508,5.0,6.7461395263671875,4.007,3268.652,359.6
2.6559,5.0,6.720527410507202,3.758,3278.76,359.6
2.6636,5.0,6.681773662567139,3.758,3278.76,359.6
2.6688,5.0,6.656248569488525,3.758,3278.76,359.6
2.6739,5.0,6.630709171295166,3.758,3278.76,359.6
2.6790,5.0,6.605174541473389,3.758,3290.889,359.6
2.6878,5.0,6.56108021736145,3.758,3290.889,359.6
2.6929,5.0,6.535525321960449,3.758,3290.889,359.6
2.6986,5.0,6.507236957550049,3.758,3290.889,359.6
2.7037,5.0,6.481689214706421,3.204,3298.184,359.6
2.7112,5.0,6.444215774536133,3.204,3298.184,359.6
2.7163,5.0,6.418657302856445,3.204,3298.184,359.6
2.7214,5.0,6.39311671257019,3.102,3307.676,359.6
2.7290,5.0,6.355085372924805,3.102,3307.676,359.6
2.7341,5.0,6.329340934753418,3.102,3307.676,359.6
2.7392,5.0,6.3037896156311035,3.102,3307.676,359.6
2.7444,5.0,6.27820611000061,3.685,3320.684,359.6
2.7504,5.0,6.24799370765686,3.685,3320.684,359.6
2.7560,5.0,6.219842433929443,3.685,3320.684,359.6
2.7611,5.0,6.194303035736084,3.863,3332.373,359.6
2.7712,5.0,6.144149303436279,3.863,3332.373,359.6
2.7763,5.0,6.118596792221069,3.863,3332.373,359.6
2.7814,5.0,6.093066930770874,3.863,3332.373,359.6
2.7865,5.0,6.067548990249634,4.294,3348.545,359.6
2.7953,5.0,6.02353572845459,4.294,3348.545,359.6
2.8004,5.0,5.997942686080933,4.294,3348.545,359.6
2.8084,5.0,5.957977771759033,4.073,3358.74,359.6
2.8164,5.0,5.918053388595581,4.073,3358.74,359.6
2.8215,5.0,5.892502069473267,4.073,3358.74,359.6
2.8266,5.0,5.86698055267334,3.684,3368.057,359.6
2.8365,5.0,5.817615985870361,3.684,3368.057,359.6
2.8416,5.0,5.7920801639556885,3.684,3368.057,359.6
2.8467,5.0,5.766563415527344,3.684,3368.057,359.6
2.8518,5.0,5.7410454750061035,3.0,3375.967,359.6
2.8616,5.0,5.692176818847656,3.0,3375.967,359.6
2.8672,5.0,5.6640565395355225,3.0,3375.967,359.6
2.8723,5.0,5.638524293899536,3.0,3375.967,359.6
2.8774,5.0,5.613118410110474,2.074,3379.043,359.6
2.8834,5.0,5.583094358444214,2.074,3379.043,359.6
2.8885,5.0,5.557548999786377,2.074,3379.043,359.6
2.8936,5.0,5.532029867172241,2.074,3379.043,359.6
2.8987,5.0,5.5065131187438965,2.058,3386.865,359.6
2.9068,5.0,5.466184616088867,2.058,3386.865,359.6
2.9133,5.0,5.433344841003418,2.058,3386.865,359.6
2.9184,5.0,5.407810211181641,2.521,3396.006,359.6
2.9279,5.0,5.360653400421143,2.521,3396.006,359.6
2.9330,5.0,5.335112810134888,2.521,3396.006,359.6
2.9381,5.0,5.309591293334961,2.521,3396.006,359.6
2.9432,5.0,5.284000635147095,2.327,3401.895,359.6
2.9520,5.0,5.240136384963989,2.327,3401.895,359.6
2.9571,5.0,5.21459698677063,2.327,3401.895,359.6
2.9622,5.0,5.189080238342285,2.327,3401.895,359.6
2.9673,5.0,5.1635682582855225,2.327,3401.895,359.6
2.9724,5.0,5.138049125671387,1.619,3405.85,359.6
2.9802,5.0,5.099014043807983,1.619,3405.85,359.6
2.9853,5.0,5.073584318161011,1.619,3405.85,359.6
2.9904,5.0,5.048043727874756,1.619,3405.85,359.6
2.9955,5.0,5.022521018981934,1.249,3408.574,359.6
3.0022,5.0,4.989066123962402,1.249,3408.574,359.6
3.0090,5.0,4.9548351764678955,1.249,3408.574,359.6
3.0142,5.0,4.929072856903076,2.142,3419.561,359.6
3.0223,5.0,4.888339042663574,2.142,3419.561,359.6
3.0274,5.0,4.862765073776245,2.142,3419.561,359.6
3.0331,5.0,4.834574460983276,2.142,3419.561,359.6
3.0382,5.0,4.809030294418335,3.558,3434.414,359.6
3.0464,5.0,4.7680652141571045,3.558,3434.414,359.6
3.0515,5.0,4.742528200149536,3.558,3434.414,359.6
3.0566,5.0,4.717005491256714,3.333,3443.73,359.6
3.0665,5.0,4.6675872802734375,3.333,3443.73,359.6
3.0716,5.0,4.642047882080078,3.333,3443.73,359.6
3.0767,5.0,4.616528749465942,3.333,3443.73,359.6
3.0818,5.0,4.591012001037598,3.306,3454.717,359.6
3.0909,5.0,4.545257091522217,3.306,3454.717,359.6
3.0960,5.0,4.519766569137573,3.306,3454.717,359.6
3.1012,5.0,4.494222402572632,3.306,3454.717,359.6
3.1080,5.0,4.460064172744751,2.611,3459.99,359.6
3.1147,5.0,4.426594972610474,2.611,3459.99,359.6
3.1198,5.0,4.401057958602905,2.611,3459.99,359.6
3.1249,5.0,4.375532865524292,2.096,3464.912,359.6
3.1350,5.0,4.325073957443237,2.096,3464.912,359.6
3.1406,5.0,4.296931028366089,2.096,3464.912,359.6
3.1457,5.0,4.271388053894043,3.073,3478.535,359.6
3.1559,5.0,4.220712184906006,3.073,3478.535,359.6
3.1610,5.0,4.1951751708984375,3.073,3478.535,359.6
3.1661,5.0,4.169656038284302,3.073,3478.535,359.6
3.1712,5.0,4.1441404819488525,3.357,3489.434,359.6
3.1800,5.0,4.100124835968018,3.357,3489.434,359.6
3.1851,5.0,4.074584245681763,3.357,3489.434,359.6
3.1902,5.0,4.0490639209747314,3.357,3489.434,359.6
3.1958,5.0,4.020955562591553,2.364,3493.477,359.6
3.2018,5.0,3.991062641143799,2.364,3493.477,359.6
3.2084,5.0,3.9579689502716064,2.364,3493.477,359.6
3.2135,5.0,3.9324283599853516,2.683,3503.584,359.6
3.2211,5.0,3.8942813873291016,2.683,3503.584,359.6
3.2263,5.0,3.868741989135742,2.683,3503.584,359.6
3.2314,5.0,3.843221664428711,2.683,3503.584,359.6
3.2365,5.0,3.8176333904266357,2.585,3511.23,359.6
3.2474,5.0,3.76318097114563,2.585,3511.23,359.6
3.2525,5.0,3.7376439571380615,2.585,3511.23,359.6
3.2576,5.0,3.7121212482452393,2.525,3517.734,359.6
3.2654,5.0,3.6732423305511475,2.525,3517.734,359.6
3.2705,5.0,3.647705316543579,2.525,3517.734,359.6
3.2756,5.0,3.622182607650757,2.525,3517.734,359.6
3.2807,5.0,3.5966622829437256,1.902,3522.656,359.6
3.2894,5.0,3.552771806716919,1.902,3522.656,359.6
3.2946,5.0,3.5272347927093506,1.902,3522.656,359.6
3.2997,5.0,3.5017192363739014,1.902,3522.656,359.6
3.3053,5.0,3.473724126815796,2.356,3531.709,359.6
3.3128,5.0,3.436201810836792,2.356,3531.709,359.6
3.3179,5.0,3.410656452178955,2.356,3531.709,359.6
3.3230,5.0,3.385136127471924,2.868,3542.256,359.6
3.3307,5.0,3.3467459678649902,2.868,3542.256,359.6
3.3358,5.0,3.3212077617645264,2.868,3542.256,359.6
3.3409,5.0,3.29567551612854,2.868,3542.256,359.6
3.3460,5.0,3.270159959793091,2.192,3545.859,359.6
3.3577,5.0,3.211355209350586,2.192,3545.859,359.6
3.3628,5.0,3.1858134269714355,2.192,3545.859,359.6
3.3679,5.0,3.1602931022644043,1.829,3551.396,359.6
3.3758,5.0,3.120884895324707,1.829,3551.396,359.6
3.3809,5.0,3.095351457595825,1.829,3551.396,359.6
3.3860,5.0,3.069831132888794,1.829,3551.396,359.6
3.3911,5.0,3.044312000274658,3.115,3566.953,359.6
3.3999,5.0,3.0003392696380615,3.115,3566.953,359.6
3.4050,5.0,2.9748034477233887,3.115,3566.953,359.6
3.4116,5.0,2.9420864582061768,2.496,3570.293,359.6
3.4210,5.0,2.8948676586151123,2.496,3570.293,359.6
3.4261,5.0,2.8693199157714844,2.496,3570.293,359.6
3.4312,5.0,2.843797206878662,2.496,3570.293,359.6
3.4363,5.0,2.8182804584503174,1.998,3577.148,359.6
3.4451,5.0,2.7744102478027344,1.998,3577.148,359.6
3.4502,5.0,2.7488601207733154,1.998,3577.148,359.6
3.4553,5.0,2.7233338356018066,1.998,3577.148,359.6
3.4604,5.0,2.6978158950805664,4.149,3598.945,359.6
3.4713,5.0,2.6432526111602783,4.149,3598.945,359.6
3.4765,5.0,2.61771559715271,4.149,3598.945,359.6
3.4816,5.0,2.5921881198883057,4.149,3598.945,359.6
3.4867,5.0,2.5666701793670654,3.75,3608.174,359.6
3.4934,5.0,2.533230781555176,3.75,3608.174,359.6
3.4985,5.0,2.507694959640503,3.75,3608.174,359.6
3.5036,5.0,2.482173442840576,3.75,3608.174,359.6
3.5102,5.0,2.448939085006714,3.39,3619.336,359.6
3.5175,5.0,2.412581443786621,3.39,3619.336,359.6
3.5226,5.0,2.3868203163146973,3.39,3619.336,359.6
3.5283,5.0,2.3583197593688965,3.39,3619.336,359.6
3.5334,5.0,2.3327696323394775,3.639,3631.904,359.6
3.5395,5.0,2.3022592067718506,3.639,3631.904,359.6
3.5447,5.0,2.2767174243927,3.639,3631.904,359.6
3.5498,5.0,2.251194715499878,3.341,3639.551,359.6
3.5597,5.0,2.2015225887298584,3.341,3639.551,359.6
3.5648,5.0,2.175896167755127,3.341,3639.551,359.6
3.5700,5.0,2.1501851081848145,3.341,3639.551,359.6
3.5751,5.0,2.1245920658111572,3.314,3651.328,359.6
3.5838,5.0,2.0811259746551514,3.314,3651.328,359.6
3.5889,5.0,2.0555806159973145,3.314,3651.328,359.6
3.5940,5.0,2.029985189437866,3.314,3651.328,359.6
3.5992,5.0,2.004162073135376,3.7,3664.863,359.6
3.6079,5.0,1.9607341289520264,3.7,3664.863,359.6
3.6145,5.0,1.927727460861206,3.7,3664.863,359.6
3.6196,5.0,1.902247667312622,3.7,3664.863,359.6
3.6247,5.0,1.8767046928405762,3.954,3679.805,359.6
3.6330,5.0,1.8352067470550537,3.954,3679.805,359.6
3.6386,5.0,1.8069326877593994,3.954,3679.805,359.6
3.6437,5.0,1.78139328956604,3.954,3679.805,359.6
3.6488,5.0,1.7558729648590088,4.139,3692.549,359.6
3.6549,5.0,1.7257428169250488,4.139,3692.549,359.6
3.6600,5.0,1.7001724243164062,4.139,3692.549,359.6
3.6651,5.0,1.674642562866211,4.139,3692.549,359.6
3.6702,5.0,1.6491317749023438,3.719,3703.184,359.6
3.6782,5.0,1.6091132164001465,3.719,3703.184,359.6
3.6833,5.0,1.5835785865783691,3.719,3703.184,359.6
3.6894,5.0,1.5532100200653076,3.443,3712.148,359.6
3.6982,5.0,1.5087807178497314,3.443,3712.148,359.6
3.7034,5.0,1.4832448959350586,3.443,3712.148,359.6
3.7099,5.0,1.450362205505371,3.443,3712.148,359.6
3.7150,5.0,1.4248239994049072,2.732,3718.652,359.6
3.7223,5.0,1.3883447647094727,2.732,3718.652,359.6
3.7274,5.0,1.3627862930297852,2.732,3718.652,359.6
3.7325,5.0,1.337263584136963,2.732,3718.652,359.6
3.7376,5.0,1.3117516040802002,1.97,3721.904,359.6
3.7456,5.0,1.2721562385559082,1.97,3721.904,359.6
3.7507,5.0,1.2466192245483398,1.97,3721.904,359.6
3.7558,5.0,1.2207937240600586,1.831,3727.529,359.6
3.7635,5.0,1.1823558807373047,1.831,3727.529,359.6
3.7686,5.0,1.1568307876586914,1.831,3727.529,359.6
3.7737,5.0,1.1313223838806152,1.831,3727.529,359.6
3.7788,5.0,1.1058247089385986,2.469,3738.34,359.6
3.7876,5.0,1.0618913173675537,2.469,3738.34,359.6
3.7927,5.0,1.036369800567627,2.469,3738.34,359.6
3.7984,5.0,1.0080277919769287,2.469,3738.34,359.6
3.8035,5.0,0.9825050830841064,2.939,3748.975,359.6
3.8118,5.0,0.9412479400634766,2.939,3748.975,359.6
3.8169,5.0,0.9155356884002686,2.939,3748.975,359.6
3.8220,5.0,0.8899343013763428,2.854,3756.885,359.6
3.8318,5.0,0.8410656452178955,2.854,3756.885,359.6
3.8369,5.0,0.8155190944671631,2.854,3756.885,359.6
3.8420,5.0,0.7900047302246094,2.854,3756.885,359.6
3.8471,5.0,0.7644999027252197,3.05,3768.838,359.6
3.8590,5.0,0.7049429416656494,3.05,3768.838,359.6
3.8641,5.0,0.6794250011444092,3.05,3768.838,359.6
3.8692,5.0,0.6539201736450195,3.072,3776.484,359.6
3.8770,5.0,0.615164041519165,3.072,3776.484,359.6
3.8821,5.0,0.5896413326263428,3.072,3776.484,359.6
3.8872,5.0,0.5641388893127441,2.166,3779.209,359.6
3.8970,5.0,0.5147731304168701,2.166,3779.209,359.6
3.9021,5.0,0.4892551898956299,2.166,3779.209,359.6
3.9093,5.0,0.45374274253845215,2.085,3786.504,359.6
3.9182,5.0,0.4092371463775635,2.085,3786.504,359.6
3.9233,5.0,0.3837132453918457,2.085,3786.504,359.6
3.9284,5.0,0.35820722579956055,2.085,3786.504,359.6
3.9334,5.0,0.3327977657318115,2.557,3796.611,359.6
3.9422,5.0,0.28887152671813965,2.557,3796.611,359.6
3.9473,5.0,0.2633512020111084,2.557,3796.611,359.6
3.9524,5.0,0.23784875869750977,2.557,3796.611,359.6
3.9575,5.0,0.21234750747680664,2.554,3803.467,359.6
3.9635,5.0,0.1823711395263672,2.554,3803.467,359.6
3.9691,5.0,0.15437722206115723,2.554,3803.467,359.6
3.9742,5.0,0.12883543968200684,1.965,3806.895,359.6
3.9844,5.0,0.07789731025695801,1.965,3806.895,359.6
3.9895,5.0,0.05236387252807617,1.965,3806.895,359.6
3.9946,5.0,0.026853084564208984,1.965,3806.895,359.6
3.9997,5.0,0.0013375282287597656,2.018,3814.805,359.6
